date,division,home,away,home_goals,away_goals,n,p
2025-08-05,1,Breiðablik,KA,0,0,219,0.05475
2025-08-05,1,Breiðablik,KA,0,1,152,0.038
2025-08-05,1,Breiðablik,KA,0,2,68,0.017
2025-08-05,1,Breiðablik,KA,0,3,23,0.00575
2025-08-05,1,Breiðablik,KA,0,4,2,5e-4
2025-08-05,1,Breiðablik,KA,0,5,1,2.5e-4
2025-08-05,1,Breiðablik,KA,1,0,369,0.09225
2025-08-05,1,Breiðablik,KA,1,1,354,0.0885
2025-08-05,1,Breiðablik,KA,1,2,167,0.04175
2025-08-05,1,Breiðablik,KA,1,3,51,0.01275
2025-08-05,1,Breiðablik,KA,1,4,15,0.00375
2025-08-05,1,Breiðablik,KA,1,5,2,5e-4
2025-08-05,1,Breiðablik,KA,1,6,1,2.5e-4
2025-08-05,1,Breiðablik,KA,2,0,390,0.0975
2025-08-05,1,Breiðablik,KA,2,1,361,0.09025
2025-08-05,1,Breiðablik,KA,2,2,158,0.0395
2025-08-05,1,Breiðablik,KA,2,3,60,0.015
2025-08-05,1,Breiðablik,KA,2,4,16,0.004
2025-08-05,1,Breiðablik,KA,2,5,2,5e-4
2025-08-05,1,Breiðablik,KA,3,0,342,0.0855
2025-08-05,1,Breiðablik,KA,3,1,256,0.064
2025-08-05,1,Breiðablik,KA,3,2,121,0.03025
2025-08-05,1,Breiðablik,KA,3,3,36,0.009
2025-08-05,1,Breiðablik,KA,3,4,7,0.00175
2025-08-05,1,Breiðablik,KA,3,5,3,7.5e-4
2025-08-05,1,Breiðablik,KA,4,0,177,0.04425
2025-08-05,1,Breiðablik,KA,4,1,171,0.04275
2025-08-05,1,Breiðablik,KA,4,2,86,0.0215
2025-08-05,1,Breiðablik,KA,4,3,25,0.00625
2025-08-05,1,Breiðablik,KA,4,4,6,0.0015
2025-08-05,1,Breiðablik,KA,4,6,1,2.5e-4
2025-08-05,1,Breiðablik,KA,5,0,79,0.01975
2025-08-05,1,Breiðablik,KA,5,1,88,0.022
2025-08-05,1,Breiðablik,KA,5,2,37,0.00925
2025-08-05,1,Breiðablik,KA,5,3,10,0.0025
2025-08-05,1,Breiðablik,KA,5,4,3,7.5e-4
2025-08-05,1,Breiðablik,KA,5,5,1,2.5e-4
2025-08-05,1,Breiðablik,KA,6,0,27,0.00675
2025-08-05,1,Breiðablik,KA,6,1,34,0.0085
2025-08-05,1,Breiðablik,KA,6,2,21,0.00525
2025-08-05,1,Breiðablik,KA,6,3,8,0.002
2025-08-05,1,Breiðablik,KA,6,4,1,2.5e-4
2025-08-05,1,Breiðablik,KA,6,5,1,2.5e-4
2025-08-05,1,Breiðablik,KA,7,0,12,0.003
2025-08-05,1,Breiðablik,KA,7,1,14,0.0035
2025-08-05,1,Breiðablik,KA,7,2,5,0.00125
2025-08-05,1,Breiðablik,KA,7,3,4,0.001
2025-08-05,1,Breiðablik,KA,8,0,2,5e-4
2025-08-05,1,Breiðablik,KA,8,1,4,0.001
2025-08-05,1,Breiðablik,KA,8,2,2,5e-4
2025-08-05,1,Breiðablik,KA,9,1,3,7.5e-4
2025-08-05,1,Breiðablik,KA,9,2,1,2.5e-4
2025-08-05,1,Breiðablik,KA,10,1,1,2.5e-4
2025-08-05,1,FH,Víkingur R.,0,0,172,0.043
2025-08-05,1,FH,Víkingur R.,0,1,295,0.07375
2025-08-05,1,FH,Víkingur R.,0,2,257,0.06425
2025-08-05,1,FH,Víkingur R.,0,3,162,0.0405
2025-08-05,1,FH,Víkingur R.,0,4,73,0.01825
2025-08-05,1,FH,Víkingur R.,0,5,40,0.01
2025-08-05,1,FH,Víkingur R.,0,6,9,0.00225
2025-08-05,1,FH,Víkingur R.,0,7,1,2.5e-4
2025-08-05,1,FH,Víkingur R.,0,8,2,5e-4
2025-08-05,1,FH,Víkingur R.,1,0,217,0.05425
2025-08-05,1,FH,Víkingur R.,1,1,358,0.0895
2025-08-05,1,FH,Víkingur R.,1,2,365,0.09125
2025-08-05,1,FH,Víkingur R.,1,3,235,0.05875
2025-08-05,1,FH,Víkingur R.,1,4,110,0.0275
2025-08-05,1,FH,Víkingur R.,1,5,39,0.00975
2025-08-05,1,FH,Víkingur R.,1,6,10,0.0025
2025-08-05,1,FH,Víkingur R.,1,7,5,0.00125
2025-08-05,1,FH,Víkingur R.,1,8,3,7.5e-4
2025-08-05,1,FH,Víkingur R.,2,0,142,0.0355
2025-08-05,1,FH,Víkingur R.,2,1,278,0.0695
2025-08-05,1,FH,Víkingur R.,2,2,280,0.07
2025-08-05,1,FH,Víkingur R.,2,3,155,0.03875
2025-08-05,1,FH,Víkingur R.,2,4,70,0.0175
2025-08-05,1,FH,Víkingur R.,2,5,27,0.00675
2025-08-05,1,FH,Víkingur R.,2,6,11,0.00275
2025-08-05,1,FH,Víkingur R.,2,7,2,5e-4
2025-08-05,1,FH,Víkingur R.,3,0,66,0.0165
2025-08-05,1,FH,Víkingur R.,3,1,123,0.03075
2025-08-05,1,FH,Víkingur R.,3,2,109,0.02725
2025-08-05,1,FH,Víkingur R.,3,3,78,0.0195
2025-08-05,1,FH,Víkingur R.,3,4,45,0.01125
2025-08-05,1,FH,Víkingur R.,3,5,11,0.00275
2025-08-05,1,FH,Víkingur R.,3,6,4,0.001
2025-08-05,1,FH,Víkingur R.,3,8,1,2.5e-4
2025-08-05,1,FH,Víkingur R.,4,0,35,0.00875
2025-08-05,1,FH,Víkingur R.,4,1,47,0.01175
2025-08-05,1,FH,Víkingur R.,4,2,42,0.0105
2025-08-05,1,FH,Víkingur R.,4,3,34,0.0085
2025-08-05,1,FH,Víkingur R.,4,4,10,0.0025
2025-08-05,1,FH,Víkingur R.,4,5,5,0.00125
2025-08-05,1,FH,Víkingur R.,4,6,2,5e-4
2025-08-05,1,FH,Víkingur R.,4,7,1,2.5e-4
2025-08-05,1,FH,Víkingur R.,5,0,11,0.00275
2025-08-05,1,FH,Víkingur R.,5,1,12,0.003
2025-08-05,1,FH,Víkingur R.,5,2,12,0.003
2025-08-05,1,FH,Víkingur R.,5,3,6,0.0015
2025-08-05,1,FH,Víkingur R.,5,4,3,7.5e-4
2025-08-05,1,FH,Víkingur R.,5,5,3,7.5e-4
2025-08-05,1,FH,Víkingur R.,6,0,4,0.001
2025-08-05,1,FH,Víkingur R.,6,1,4,0.001
2025-08-05,1,FH,Víkingur R.,6,2,6,0.0015
2025-08-05,1,FH,Víkingur R.,6,3,3,7.5e-4
2025-08-05,1,FH,Víkingur R.,6,4,2,5e-4
2025-08-05,1,FH,Víkingur R.,7,2,1,2.5e-4
2025-08-05,1,FH,Víkingur R.,7,5,1,2.5e-4
2025-08-05,1,FH,Víkingur R.,9,2,1,2.5e-4
2025-08-05,1,ÍA,Valur,0,0,94,0.0235
2025-08-05,1,ÍA,Valur,0,1,157,0.03925
2025-08-05,1,ÍA,Valur,0,2,231,0.05775
2025-08-05,1,ÍA,Valur,0,3,177,0.04425
2025-08-05,1,ÍA,Valur,0,4,106,0.0265
2025-08-05,1,ÍA,Valur,0,5,57,0.01425
2025-08-05,1,ÍA,Valur,0,6,21,0.00525
2025-08-05,1,ÍA,Valur,0,7,7,0.00175
2025-08-05,1,ÍA,Valur,0,8,7,0.00175
2025-08-05,1,ÍA,Valur,0,9,2,5e-4
2025-08-05,1,ÍA,Valur,1,0,126,0.0315
2025-08-05,1,ÍA,Valur,1,1,320,0.08
2025-08-05,1,ÍA,Valur,1,2,310,0.0775
2025-08-05,1,ÍA,Valur,1,3,247,0.06175
2025-08-05,1,ÍA,Valur,1,4,165,0.04125
2025-08-05,1,ÍA,Valur,1,5,104,0.026
2025-08-05,1,ÍA,Valur,1,6,37,0.00925
2025-08-05,1,ÍA,Valur,1,7,13,0.00325
2025-08-05,1,ÍA,Valur,1,8,9,0.00225
2025-08-05,1,ÍA,Valur,1,9,1,2.5e-4
2025-08-05,1,ÍA,Valur,1,10,1,2.5e-4
2025-08-05,1,ÍA,Valur,2,0,90,0.0225
2025-08-05,1,ÍA,Valur,2,1,214,0.0535
2025-08-05,1,ÍA,Valur,2,2,235,0.05875
2025-08-05,1,ÍA,Valur,2,3,180,0.045
2025-08-05,1,ÍA,Valur,2,4,145,0.03625
2025-08-05,1,ÍA,Valur,2,5,67,0.01675
2025-08-05,1,ÍA,Valur,2,6,24,0.006
2025-08-05,1,ÍA,Valur,2,7,11,0.00275
2025-08-05,1,ÍA,Valur,2,8,12,0.003
2025-08-05,1,ÍA,Valur,2,9,2,5e-4
2025-08-05,1,ÍA,Valur,2,10,1,2.5e-4
2025-08-05,1,ÍA,Valur,3,0,45,0.01125
2025-08-05,1,ÍA,Valur,3,1,109,0.02725
2025-08-05,1,ÍA,Valur,3,2,113,0.02825
2025-08-05,1,ÍA,Valur,3,3,109,0.02725
2025-08-05,1,ÍA,Valur,3,4,62,0.0155
2025-08-05,1,ÍA,Valur,3,5,36,0.009
2025-08-05,1,ÍA,Valur,3,6,16,0.004
2025-08-05,1,ÍA,Valur,3,7,7,0.00175
2025-08-05,1,ÍA,Valur,3,9,1,2.5e-4
2025-08-05,1,ÍA,Valur,4,0,15,0.00375
2025-08-05,1,ÍA,Valur,4,1,37,0.00925
2025-08-05,1,ÍA,Valur,4,2,59,0.01475
2025-08-05,1,ÍA,Valur,4,3,37,0.00925
2025-08-05,1,ÍA,Valur,4,4,35,0.00875
2025-08-05,1,ÍA,Valur,4,5,13,0.00325
2025-08-05,1,ÍA,Valur,4,6,11,0.00275
2025-08-05,1,ÍA,Valur,4,7,6,0.0015
2025-08-05,1,ÍA,Valur,4,8,2,5e-4
2025-08-05,1,ÍA,Valur,4,9,1,2.5e-4
2025-08-05,1,ÍA,Valur,5,0,9,0.00225
2025-08-05,1,ÍA,Valur,5,1,15,0.00375
2025-08-05,1,ÍA,Valur,5,2,14,0.0035
2025-08-05,1,ÍA,Valur,5,3,18,0.0045
2025-08-05,1,ÍA,Valur,5,4,10,0.0025
2025-08-05,1,ÍA,Valur,5,5,10,0.0025
2025-08-05,1,ÍA,Valur,5,6,4,0.001
2025-08-05,1,ÍA,Valur,5,7,3,7.5e-4
2025-08-05,1,ÍA,Valur,6,0,3,7.5e-4
2025-08-05,1,ÍA,Valur,6,1,2,5e-4
2025-08-05,1,ÍA,Valur,6,2,4,0.001
2025-08-05,1,ÍA,Valur,6,3,3,7.5e-4
2025-08-05,1,ÍA,Valur,6,4,2,5e-4
2025-08-05,1,ÍA,Valur,6,5,5,0.00125
2025-08-05,1,ÍA,Valur,6,6,3,7.5e-4
2025-08-05,1,ÍA,Valur,7,0,1,2.5e-4
2025-08-05,1,ÍA,Valur,7,1,1,2.5e-4
2025-08-05,1,ÍA,Valur,7,2,2,5e-4
2025-08-05,1,ÍA,Valur,7,3,1,2.5e-4
2025-08-05,1,ÍA,Valur,7,4,1,2.5e-4
2025-08-05,1,ÍA,Valur,8,3,1,2.5e-4
2025-08-05,1,ÍA,Valur,8,5,1,2.5e-4
2025-08-06,1,Afturelding,Vestri,0,0,416,0.104
2025-08-06,1,Afturelding,Vestri,0,1,388,0.097
2025-08-06,1,Afturelding,Vestri,0,2,198,0.0495
2025-08-06,1,Afturelding,Vestri,0,3,69,0.01725
2025-08-06,1,Afturelding,Vestri,0,4,15,0.00375
2025-08-06,1,Afturelding,Vestri,0,5,4,0.001
2025-08-06,1,Afturelding,Vestri,0,6,1,2.5e-4
2025-08-06,1,Afturelding,Vestri,1,0,496,0.124
2025-08-06,1,Afturelding,Vestri,1,1,502,0.1255
2025-08-06,1,Afturelding,Vestri,1,2,252,0.063
2025-08-06,1,Afturelding,Vestri,1,3,87,0.02175
2025-08-06,1,Afturelding,Vestri,1,4,25,0.00625
2025-08-06,1,Afturelding,Vestri,1,5,9,0.00225
2025-08-06,1,Afturelding,Vestri,2,0,308,0.077
2025-08-06,1,Afturelding,Vestri,2,1,319,0.07975
2025-08-06,1,Afturelding,Vestri,2,2,169,0.04225
2025-08-06,1,Afturelding,Vestri,2,3,60,0.015
2025-08-06,1,Afturelding,Vestri,2,4,23,0.00575
2025-08-06,1,Afturelding,Vestri,2,5,3,7.5e-4
2025-08-06,1,Afturelding,Vestri,2,6,1,2.5e-4
2025-08-06,1,Afturelding,Vestri,2,9,1,2.5e-4
2025-08-06,1,Afturelding,Vestri,3,0,164,0.041
2025-08-06,1,Afturelding,Vestri,3,1,138,0.0345
2025-08-06,1,Afturelding,Vestri,3,2,80,0.02
2025-08-06,1,Afturelding,Vestri,3,3,46,0.0115
2025-08-06,1,Afturelding,Vestri,3,4,11,0.00275
2025-08-06,1,Afturelding,Vestri,4,0,47,0.01175
2025-08-06,1,Afturelding,Vestri,4,1,63,0.01575
2025-08-06,1,Afturelding,Vestri,4,2,30,0.0075
2025-08-06,1,Afturelding,Vestri,4,3,7,0.00175
2025-08-06,1,Afturelding,Vestri,4,4,4,0.001
2025-08-06,1,Afturelding,Vestri,5,0,25,0.00625
2025-08-06,1,Afturelding,Vestri,5,1,15,0.00375
2025-08-06,1,Afturelding,Vestri,5,2,6,0.0015
2025-08-06,1,Afturelding,Vestri,5,3,4,0.001
2025-08-06,1,Afturelding,Vestri,6,0,4,0.001
2025-08-06,1,Afturelding,Vestri,6,1,3,7.5e-4
2025-08-06,1,Afturelding,Vestri,6,2,1,2.5e-4
2025-08-06,1,Afturelding,Vestri,7,1,2,5e-4
2025-08-06,1,Afturelding,Vestri,7,2,2,5e-4
2025-08-06,1,Afturelding,Vestri,8,3,1,2.5e-4
2025-08-06,1,Afturelding,Vestri,10,1,1,2.5e-4
2025-08-06,1,Fram,Stjarnan,0,0,226,0.0565
2025-08-06,1,Fram,Stjarnan,0,1,268,0.067
2025-08-06,1,Fram,Stjarnan,0,2,175,0.04375
2025-08-06,1,Fram,Stjarnan,0,3,80,0.02
2025-08-06,1,Fram,Stjarnan,0,4,35,0.00875
2025-08-06,1,Fram,Stjarnan,0,5,12,0.003
2025-08-06,1,Fram,Stjarnan,0,6,1,2.5e-4
2025-08-06,1,Fram,Stjarnan,1,0,291,0.07275
2025-08-06,1,Fram,Stjarnan,1,1,421,0.10525
2025-08-06,1,Fram,Stjarnan,1,2,261,0.06525
2025-08-06,1,Fram,Stjarnan,1,3,140,0.035
2025-08-06,1,Fram,Stjarnan,1,4,64,0.016
2025-08-06,1,Fram,Stjarnan,1,5,26,0.0065
2025-08-06,1,Fram,Stjarnan,1,6,5,0.00125
2025-08-06,1,Fram,Stjarnan,1,7,2,5e-4
2025-08-06,1,Fram,Stjarnan,2,0,204,0.051
2025-08-06,1,Fram,Stjarnan,2,1,336,0.084
2025-08-06,1,Fram,Stjarnan,2,2,243,0.06075
2025-08-06,1,Fram,Stjarnan,2,3,122,0.0305
2025-08-06,1,Fram,Stjarnan,2,4,50,0.0125
2025-08-06,1,Fram,Stjarnan,2,5,11,0.00275
2025-08-06,1,Fram,Stjarnan,2,6,5,0.00125
2025-08-06,1,Fram,Stjarnan,2,7,2,5e-4
2025-08-06,1,Fram,Stjarnan,3,0,153,0.03825
2025-08-06,1,Fram,Stjarnan,3,1,173,0.04325
2025-08-06,1,Fram,Stjarnan,3,2,150,0.0375
2025-08-06,1,Fram,Stjarnan,3,3,73,0.01825
2025-08-06,1,Fram,Stjarnan,3,4,38,0.0095
2025-08-06,1,Fram,Stjarnan,3,5,10,0.0025
2025-08-06,1,Fram,Stjarnan,3,6,2,5e-4
2025-08-06,1,Fram,Stjarnan,4,0,62,0.0155
2025-08-06,1,Fram,Stjarnan,4,1,80,0.02
2025-08-06,1,Fram,Stjarnan,4,2,73,0.01825
2025-08-06,1,Fram,Stjarnan,4,3,30,0.0075
2025-08-06,1,Fram,Stjarnan,4,4,14,0.0035
2025-08-06,1,Fram,Stjarnan,4,5,7,0.00175
2025-08-06,1,Fram,Stjarnan,4,7,2,5e-4
2025-08-06,1,Fram,Stjarnan,5,0,25,0.00625
2025-08-06,1,Fram,Stjarnan,5,1,35,0.00875
2025-08-06,1,Fram,Stjarnan,5,2,22,0.0055
2025-08-06,1,Fram,Stjarnan,5,3,12,0.003
2025-08-06,1,Fram,Stjarnan,5,4,6,0.0015
2025-08-06,1,Fram,Stjarnan,5,5,1,2.5e-4
2025-08-06,1,Fram,Stjarnan,5,6,1,2.5e-4
2025-08-06,1,Fram,Stjarnan,6,0,9,0.00225
2025-08-06,1,Fram,Stjarnan,6,1,9,0.00225
2025-08-06,1,Fram,Stjarnan,6,2,10,0.0025
2025-08-06,1,Fram,Stjarnan,6,3,5,0.00125
2025-08-06,1,Fram,Stjarnan,6,4,2,5e-4
2025-08-06,1,Fram,Stjarnan,6,5,2,5e-4
2025-08-06,1,Fram,Stjarnan,7,0,1,2.5e-4
2025-08-06,1,Fram,Stjarnan,7,1,6,0.0015
2025-08-06,1,Fram,Stjarnan,7,2,1,2.5e-4
2025-08-06,1,Fram,Stjarnan,7,3,1,2.5e-4
2025-08-06,1,Fram,Stjarnan,8,2,3,7.5e-4
2025-08-06,1,Fram,Stjarnan,10,2,1,2.5e-4
2025-08-06,1,Fram,Stjarnan,11,2,1,2.5e-4
2025-08-08,2,Fylkir,Þór,0,0,140,0.035
2025-08-08,2,Fylkir,Þór,0,1,140,0.035
2025-08-08,2,Fylkir,Þór,0,2,51,0.01275
2025-08-08,2,Fylkir,Þór,0,3,23,0.00575
2025-08-08,2,Fylkir,Þór,0,4,4,0.001
2025-08-08,2,Fylkir,Þór,0,5,2,5e-4
2025-08-08,2,Fylkir,Þór,1,0,288,0.072
2025-08-08,2,Fylkir,Þór,1,1,299,0.07475
2025-08-08,2,Fylkir,Þór,1,2,143,0.03575
2025-08-08,2,Fylkir,Þór,1,3,48,0.012
2025-08-08,2,Fylkir,Þór,1,4,13,0.00325
2025-08-08,2,Fylkir,Þór,1,5,6,0.0015
2025-08-08,2,Fylkir,Þór,1,6,1,2.5e-4
2025-08-08,2,Fylkir,Þór,2,0,365,0.09125
2025-08-08,2,Fylkir,Þór,2,1,325,0.08125
2025-08-08,2,Fylkir,Þór,2,2,183,0.04575
2025-08-08,2,Fylkir,Þór,2,3,65,0.01625
2025-08-08,2,Fylkir,Þór,2,4,19,0.00475
2025-08-08,2,Fylkir,Þór,2,5,4,0.001
2025-08-08,2,Fylkir,Þór,2,6,1,2.5e-4
2025-08-08,2,Fylkir,Þór,3,0,334,0.0835
2025-08-08,2,Fylkir,Þór,3,1,277,0.06925
2025-08-08,2,Fylkir,Þór,3,2,145,0.03625
2025-08-08,2,Fylkir,Þór,3,3,39,0.00975
2025-08-08,2,Fylkir,Þór,3,4,18,0.0045
2025-08-08,2,Fylkir,Þór,3,5,5,0.00125
2025-08-08,2,Fylkir,Þór,4,0,211,0.05275
2025-08-08,2,Fylkir,Þór,4,1,183,0.04575
2025-08-08,2,Fylkir,Þór,4,2,96,0.024
2025-08-08,2,Fylkir,Þór,4,3,37,0.00925
2025-08-08,2,Fylkir,Þór,4,4,11,0.00275
2025-08-08,2,Fylkir,Þór,4,5,3,7.5e-4
2025-08-08,2,Fylkir,Þór,4,6,2,5e-4
2025-08-08,2,Fylkir,Þór,4,8,1,2.5e-4
2025-08-08,2,Fylkir,Þór,5,0,103,0.02575
2025-08-08,2,Fylkir,Þór,5,1,108,0.027
2025-08-08,2,Fylkir,Þór,5,2,53,0.01325
2025-08-08,2,Fylkir,Þór,5,3,23,0.00575
2025-08-08,2,Fylkir,Þór,5,4,6,0.0015
2025-08-08,2,Fylkir,Þór,5,5,3,7.5e-4
2025-08-08,2,Fylkir,Þór,5,7,2,5e-4
2025-08-08,2,Fylkir,Þór,6,0,53,0.01325
2025-08-08,2,Fylkir,Þór,6,1,51,0.01275
2025-08-08,2,Fylkir,Þór,6,2,22,0.0055
2025-08-08,2,Fylkir,Þór,6,3,11,0.00275
2025-08-08,2,Fylkir,Þór,6,4,2,5e-4
2025-08-08,2,Fylkir,Þór,6,5,1,2.5e-4
2025-08-08,2,Fylkir,Þór,7,0,15,0.00375
2025-08-08,2,Fylkir,Þór,7,1,20,0.005
2025-08-08,2,Fylkir,Þór,7,2,6,0.0015
2025-08-08,2,Fylkir,Þór,7,3,6,0.0015
2025-08-08,2,Fylkir,Þór,7,5,1,2.5e-4
2025-08-08,2,Fylkir,Þór,8,0,5,0.00125
2025-08-08,2,Fylkir,Þór,8,1,6,0.0015
2025-08-08,2,Fylkir,Þór,8,2,5,0.00125
2025-08-08,2,Fylkir,Þór,8,3,1,2.5e-4
2025-08-08,2,Fylkir,Þór,8,4,1,2.5e-4
2025-08-08,2,Fylkir,Þór,9,0,5,0.00125
2025-08-08,2,Fylkir,Þór,9,1,2,5e-4
2025-08-08,2,Fylkir,Þór,9,2,2,5e-4
2025-08-08,2,Fylkir,Þór,9,3,1,2.5e-4
2025-08-08,2,Fylkir,Þór,10,0,1,2.5e-4
2025-08-08,2,Fylkir,Þór,10,2,2,5e-4
2025-08-08,2,Fylkir,Þór,11,1,1,2.5e-4
2025-08-08,2,Grindavík,Leiknir R.,0,0,67,0.01675
2025-08-08,2,Grindavík,Leiknir R.,0,1,109,0.02725
2025-08-08,2,Grindavík,Leiknir R.,0,2,122,0.0305
2025-08-08,2,Grindavík,Leiknir R.,0,3,65,0.01625
2025-08-08,2,Grindavík,Leiknir R.,0,4,28,0.007
2025-08-08,2,Grindavík,Leiknir R.,0,5,19,0.00475
2025-08-08,2,Grindavík,Leiknir R.,0,6,3,7.5e-4
2025-08-08,2,Grindavík,Leiknir R.,0,9,1,2.5e-4
2025-08-08,2,Grindavík,Leiknir R.,1,0,133,0.03325
2025-08-08,2,Grindavík,Leiknir R.,1,1,262,0.0655
2025-08-08,2,Grindavík,Leiknir R.,1,2,216,0.054
2025-08-08,2,Grindavík,Leiknir R.,1,3,146,0.0365
2025-08-08,2,Grindavík,Leiknir R.,1,4,59,0.01475
2025-08-08,2,Grindavík,Leiknir R.,1,5,38,0.0095
2025-08-08,2,Grindavík,Leiknir R.,1,6,14,0.0035
2025-08-08,2,Grindavík,Leiknir R.,1,7,1,2.5e-4
2025-08-08,2,Grindavík,Leiknir R.,1,8,1,2.5e-4
2025-08-08,2,Grindavík,Leiknir R.,2,0,119,0.02975
2025-08-08,2,Grindavík,Leiknir R.,2,1,262,0.0655
2025-08-08,2,Grindavík,Leiknir R.,2,2,270,0.0675
2025-08-08,2,Grindavík,Leiknir R.,2,3,182,0.0455
2025-08-08,2,Grindavík,Leiknir R.,2,4,107,0.02675
2025-08-08,2,Grindavík,Leiknir R.,2,5,45,0.01125
2025-08-08,2,Grindavík,Leiknir R.,2,6,11,0.00275
2025-08-08,2,Grindavík,Leiknir R.,2,7,2,5e-4
2025-08-08,2,Grindavík,Leiknir R.,2,8,2,5e-4
2025-08-08,2,Grindavík,Leiknir R.,2,9,1,2.5e-4
2025-08-08,2,Grindavík,Leiknir R.,3,0,105,0.02625
2025-08-08,2,Grindavík,Leiknir R.,3,1,185,0.04625
2025-08-08,2,Grindavík,Leiknir R.,3,2,206,0.0515
2025-08-08,2,Grindavík,Leiknir R.,3,3,154,0.0385
2025-08-08,2,Grindavík,Leiknir R.,3,4,80,0.02
2025-08-08,2,Grindavík,Leiknir R.,3,5,37,0.00925
2025-08-08,2,Grindavík,Leiknir R.,3,6,15,0.00375
2025-08-08,2,Grindavík,Leiknir R.,3,7,10,0.0025
2025-08-08,2,Grindavík,Leiknir R.,3,8,2,5e-4
2025-08-08,2,Grindavík,Leiknir R.,4,0,73,0.01825
2025-08-08,2,Grindavík,Leiknir R.,4,1,126,0.0315
2025-08-08,2,Grindavík,Leiknir R.,4,2,139,0.03475
2025-08-08,2,Grindavík,Leiknir R.,4,3,86,0.0215
2025-08-08,2,Grindavík,Leiknir R.,4,4,37,0.00925
2025-08-08,2,Grindavík,Leiknir R.,4,5,22,0.0055
2025-08-08,2,Grindavík,Leiknir R.,4,6,5,0.00125
2025-08-08,2,Grindavík,Leiknir R.,4,7,2,5e-4
2025-08-08,2,Grindavík,Leiknir R.,4,8,1,2.5e-4
2025-08-08,2,Grindavík,Leiknir R.,4,9,1,2.5e-4
2025-08-08,2,Grindavík,Leiknir R.,5,0,40,0.01
2025-08-08,2,Grindavík,Leiknir R.,5,1,47,0.01175
2025-08-08,2,Grindavík,Leiknir R.,5,2,56,0.014
2025-08-08,2,Grindavík,Leiknir R.,5,3,46,0.0115
2025-08-08,2,Grindavík,Leiknir R.,5,4,25,0.00625
2025-08-08,2,Grindavík,Leiknir R.,5,5,11,0.00275
2025-08-08,2,Grindavík,Leiknir R.,5,6,4,0.001
2025-08-08,2,Grindavík,Leiknir R.,5,7,2,5e-4
2025-08-08,2,Grindavík,Leiknir R.,5,9,1,2.5e-4
2025-08-08,2,Grindavík,Leiknir R.,6,0,24,0.006
2025-08-08,2,Grindavík,Leiknir R.,6,1,27,0.00675
2025-08-08,2,Grindavík,Leiknir R.,6,2,32,0.008
2025-08-08,2,Grindavík,Leiknir R.,6,3,23,0.00575
2025-08-08,2,Grindavík,Leiknir R.,6,4,19,0.00475
2025-08-08,2,Grindavík,Leiknir R.,6,5,6,0.0015
2025-08-08,2,Grindavík,Leiknir R.,6,6,2,5e-4
2025-08-08,2,Grindavík,Leiknir R.,6,10,1,2.5e-4
2025-08-08,2,Grindavík,Leiknir R.,7,0,1,2.5e-4
2025-08-08,2,Grindavík,Leiknir R.,7,1,8,0.002
2025-08-08,2,Grindavík,Leiknir R.,7,2,11,0.00275
2025-08-08,2,Grindavík,Leiknir R.,7,3,8,0.002
2025-08-08,2,Grindavík,Leiknir R.,7,4,4,0.001
2025-08-08,2,Grindavík,Leiknir R.,7,5,3,7.5e-4
2025-08-08,2,Grindavík,Leiknir R.,7,6,1,2.5e-4
2025-08-08,2,Grindavík,Leiknir R.,8,0,1,2.5e-4
2025-08-08,2,Grindavík,Leiknir R.,8,1,6,0.0015
2025-08-08,2,Grindavík,Leiknir R.,8,2,3,7.5e-4
2025-08-08,2,Grindavík,Leiknir R.,8,3,5,0.00125
2025-08-08,2,Grindavík,Leiknir R.,8,4,1,2.5e-4
2025-08-08,2,Grindavík,Leiknir R.,8,5,1,2.5e-4
2025-08-08,2,Grindavík,Leiknir R.,9,0,1,2.5e-4
2025-08-08,2,Grindavík,Leiknir R.,9,2,3,7.5e-4
2025-08-08,2,Grindavík,Leiknir R.,9,3,1,2.5e-4
2025-08-08,2,Grindavík,Leiknir R.,9,4,2,5e-4
2025-08-08,2,Grindavík,Leiknir R.,9,5,1,2.5e-4
2025-08-08,2,Grindavík,Leiknir R.,10,2,1,2.5e-4
2025-08-08,2,Grindavík,Leiknir R.,11,3,1,2.5e-4
2025-08-08,2,HK,Keflavík,0,0,179,0.04475
2025-08-08,2,HK,Keflavík,0,1,322,0.0805
2025-08-08,2,HK,Keflavík,0,2,232,0.058
2025-08-08,2,HK,Keflavík,0,3,149,0.03725
2025-08-08,2,HK,Keflavík,0,4,47,0.01175
2025-08-08,2,HK,Keflavík,0,5,27,0.00675
2025-08-08,2,HK,Keflavík,0,6,12,0.003
2025-08-08,2,HK,Keflavík,0,7,2,5e-4
2025-08-08,2,HK,Keflavík,1,0,241,0.06025
2025-08-08,2,HK,Keflavík,1,1,387,0.09675
2025-08-08,2,HK,Keflavík,1,2,350,0.0875
2025-08-08,2,HK,Keflavík,1,3,190,0.0475
2025-08-08,2,HK,Keflavík,1,4,99,0.02475
2025-08-08,2,HK,Keflavík,1,5,33,0.00825
2025-08-08,2,HK,Keflavík,1,6,14,0.0035
2025-08-08,2,HK,Keflavík,1,7,5,0.00125
2025-08-08,2,HK,Keflavík,1,8,1,2.5e-4
2025-08-08,2,HK,Keflavík,2,0,164,0.041
2025-08-08,2,HK,Keflavík,2,1,267,0.06675
2025-08-08,2,HK,Keflavík,2,2,256,0.064
2025-08-08,2,HK,Keflavík,2,3,151,0.03775
2025-08-08,2,HK,Keflavík,2,4,70,0.0175
2025-08-08,2,HK,Keflavík,2,5,29,0.00725
2025-08-08,2,HK,Keflavík,2,6,7,0.00175
2025-08-08,2,HK,Keflavík,2,7,2,5e-4
2025-08-08,2,HK,Keflavík,2,9,1,2.5e-4
2025-08-08,2,HK,Keflavík,3,0,88,0.022
2025-08-08,2,HK,Keflavík,3,1,137,0.03425
2025-08-08,2,HK,Keflavík,3,2,112,0.028
2025-08-08,2,HK,Keflavík,3,3,85,0.02125
2025-08-08,2,HK,Keflavík,3,4,32,0.008
2025-08-08,2,HK,Keflavík,3,5,15,0.00375
2025-08-08,2,HK,Keflavík,3,6,2,5e-4
2025-08-08,2,HK,Keflavík,3,7,1,2.5e-4
2025-08-08,2,HK,Keflavík,4,0,36,0.009
2025-08-08,2,HK,Keflavík,4,1,59,0.01475
2025-08-08,2,HK,Keflavík,4,2,50,0.0125
2025-08-08,2,HK,Keflavík,4,3,32,0.008
2025-08-08,2,HK,Keflavík,4,4,17,0.00425
2025-08-08,2,HK,Keflavík,4,5,5,0.00125
2025-08-08,2,HK,Keflavík,4,6,4,0.001
2025-08-08,2,HK,Keflavík,4,8,1,2.5e-4
2025-08-08,2,HK,Keflavík,5,0,14,0.0035
2025-08-08,2,HK,Keflavík,5,1,16,0.004
2025-08-08,2,HK,Keflavík,5,2,14,0.0035
2025-08-08,2,HK,Keflavík,5,3,7,0.00175
2025-08-08,2,HK,Keflavík,5,4,4,0.001
2025-08-08,2,HK,Keflavík,5,5,2,5e-4
2025-08-08,2,HK,Keflavík,5,7,1,2.5e-4
2025-08-08,2,HK,Keflavík,6,0,5,0.00125
2025-08-08,2,HK,Keflavík,6,1,3,7.5e-4
2025-08-08,2,HK,Keflavík,6,2,3,7.5e-4
2025-08-08,2,HK,Keflavík,6,3,4,0.001
2025-08-08,2,HK,Keflavík,6,4,4,0.001
2025-08-08,2,HK,Keflavík,6,5,3,7.5e-4
2025-08-08,2,HK,Keflavík,7,1,1,2.5e-4
2025-08-08,2,HK,Keflavík,7,2,2,5e-4
2025-08-08,2,HK,Keflavík,8,2,1,2.5e-4
2025-08-08,2,HK,Keflavík,8,3,1,2.5e-4
2025-08-08,2,HK,Keflavík,9,2,1,2.5e-4
2025-08-08,2,HK,Keflavík,10,3,1,2.5e-4
2025-08-08,2,Njarðvík,Selfoss,0,0,134,0.0335
2025-08-08,2,Njarðvík,Selfoss,0,1,130,0.0325
2025-08-08,2,Njarðvík,Selfoss,0,2,63,0.01575
2025-08-08,2,Njarðvík,Selfoss,0,3,25,0.00625
2025-08-08,2,Njarðvík,Selfoss,0,4,9,0.00225
2025-08-08,2,Njarðvík,Selfoss,0,5,3,7.5e-4
2025-08-08,2,Njarðvík,Selfoss,0,7,1,2.5e-4
2025-08-08,2,Njarðvík,Selfoss,1,0,312,0.078
2025-08-08,2,Njarðvík,Selfoss,1,1,345,0.08625
2025-08-08,2,Njarðvík,Selfoss,1,2,196,0.049
2025-08-08,2,Njarðvík,Selfoss,1,3,79,0.01975
2025-08-08,2,Njarðvík,Selfoss,1,4,30,0.0075
2025-08-08,2,Njarðvík,Selfoss,1,5,5,0.00125
2025-08-08,2,Njarðvík,Selfoss,1,6,2,5e-4
2025-08-08,2,Njarðvík,Selfoss,1,7,1,2.5e-4
2025-08-08,2,Njarðvík,Selfoss,2,0,336,0.084
2025-08-08,2,Njarðvík,Selfoss,2,1,347,0.08675
2025-08-08,2,Njarðvík,Selfoss,2,2,231,0.05775
2025-08-08,2,Njarðvík,Selfoss,2,3,73,0.01825
2025-08-08,2,Njarðvík,Selfoss,2,4,24,0.006
2025-08-08,2,Njarðvík,Selfoss,2,5,3,7.5e-4
2025-08-08,2,Njarðvík,Selfoss,3,0,249,0.06225
2025-08-08,2,Njarðvík,Selfoss,3,1,271,0.06775
2025-08-08,2,Njarðvík,Selfoss,3,2,160,0.04
2025-08-08,2,Njarðvík,Selfoss,3,3,75,0.01875
2025-08-08,2,Njarðvík,Selfoss,3,4,19,0.00475
2025-08-08,2,Njarðvík,Selfoss,3,5,4,0.001
2025-08-08,2,Njarðvík,Selfoss,3,6,2,5e-4
2025-08-08,2,Njarðvík,Selfoss,4,0,144,0.036
2025-08-08,2,Njarðvík,Selfoss,4,1,166,0.0415
2025-08-08,2,Njarðvík,Selfoss,4,2,97,0.02425
2025-08-08,2,Njarðvík,Selfoss,4,3,39,0.00975
2025-08-08,2,Njarðvík,Selfoss,4,4,15,0.00375
2025-08-08,2,Njarðvík,Selfoss,4,5,4,0.001
2025-08-08,2,Njarðvík,Selfoss,5,0,79,0.01975
2025-08-08,2,Njarðvík,Selfoss,5,1,80,0.02
2025-08-08,2,Njarðvík,Selfoss,5,2,47,0.01175
2025-08-08,2,Njarðvík,Selfoss,5,3,20,0.005
2025-08-08,2,Njarðvík,Selfoss,5,4,7,0.00175
2025-08-08,2,Njarðvík,Selfoss,5,5,3,7.5e-4
2025-08-08,2,Njarðvík,Selfoss,6,0,47,0.01175
2025-08-08,2,Njarðvík,Selfoss,6,1,30,0.0075
2025-08-08,2,Njarðvík,Selfoss,6,2,19,0.00475
2025-08-08,2,Njarðvík,Selfoss,6,3,10,0.0025
2025-08-08,2,Njarðvík,Selfoss,6,4,6,0.0015
2025-08-08,2,Njarðvík,Selfoss,7,0,9,0.00225
2025-08-08,2,Njarðvík,Selfoss,7,1,13,0.00325
2025-08-08,2,Njarðvík,Selfoss,7,2,15,0.00375
2025-08-08,2,Njarðvík,Selfoss,7,3,5,0.00125
2025-08-08,2,Njarðvík,Selfoss,7,4,2,5e-4
2025-08-08,2,Njarðvík,Selfoss,8,0,3,7.5e-4
2025-08-08,2,Njarðvík,Selfoss,8,1,2,5e-4
2025-08-08,2,Njarðvík,Selfoss,8,2,4,0.001
2025-08-08,2,Njarðvík,Selfoss,9,0,2,5e-4
2025-08-08,2,Njarðvík,Selfoss,9,2,1,2.5e-4
2025-08-08,2,Njarðvík,Selfoss,10,1,2,5e-4
2025-08-08,2,ÍR,Fjölnir,0,0,212,0.053
2025-08-08,2,ÍR,Fjölnir,0,1,233,0.05825
2025-08-08,2,ÍR,Fjölnir,0,2,119,0.02975
2025-08-08,2,ÍR,Fjölnir,0,3,63,0.01575
2025-08-08,2,ÍR,Fjölnir,0,4,17,0.00425
2025-08-08,2,ÍR,Fjölnir,0,5,2,5e-4
2025-08-08,2,ÍR,Fjölnir,0,7,1,2.5e-4
2025-08-08,2,ÍR,Fjölnir,1,0,382,0.0955
2025-08-08,2,ÍR,Fjölnir,1,1,406,0.1015
2025-08-08,2,ÍR,Fjölnir,1,2,255,0.06375
2025-08-08,2,ÍR,Fjölnir,1,3,103,0.02575
2025-08-08,2,ÍR,Fjölnir,1,4,37,0.00925
2025-08-08,2,ÍR,Fjölnir,1,5,10,0.0025
2025-08-08,2,ÍR,Fjölnir,2,0,299,0.07475
2025-08-08,2,ÍR,Fjölnir,2,1,358,0.0895
2025-08-08,2,ÍR,Fjölnir,2,2,227,0.05675
2025-08-08,2,ÍR,Fjölnir,2,3,79,0.01975
2025-08-08,2,ÍR,Fjölnir,2,4,30,0.0075
2025-08-08,2,ÍR,Fjölnir,2,5,4,0.001
2025-08-08,2,ÍR,Fjölnir,2,6,6,0.0015
2025-08-08,2,ÍR,Fjölnir,2,7,2,5e-4
2025-08-08,2,ÍR,Fjölnir,3,0,201,0.05025
2025-08-08,2,ÍR,Fjölnir,3,1,213,0.05325
2025-08-08,2,ÍR,Fjölnir,3,2,136,0.034
2025-08-08,2,ÍR,Fjölnir,3,3,59,0.01475
2025-08-08,2,ÍR,Fjölnir,3,4,27,0.00675
2025-08-08,2,ÍR,Fjölnir,3,5,6,0.0015
2025-08-08,2,ÍR,Fjölnir,4,0,128,0.032
2025-08-08,2,ÍR,Fjölnir,4,1,90,0.0225
2025-08-08,2,ÍR,Fjölnir,4,2,58,0.0145
2025-08-08,2,ÍR,Fjölnir,4,3,31,0.00775
2025-08-08,2,ÍR,Fjölnir,4,4,5,0.00125
2025-08-08,2,ÍR,Fjölnir,4,5,6,0.0015
2025-08-08,2,ÍR,Fjölnir,5,0,28,0.007
2025-08-08,2,ÍR,Fjölnir,5,1,48,0.012
2025-08-08,2,ÍR,Fjölnir,5,2,30,0.0075
2025-08-08,2,ÍR,Fjölnir,5,3,13,0.00325
2025-08-08,2,ÍR,Fjölnir,5,4,3,7.5e-4
2025-08-08,2,ÍR,Fjölnir,5,5,4,0.001
2025-08-08,2,ÍR,Fjölnir,6,0,13,0.00325
2025-08-08,2,ÍR,Fjölnir,6,1,16,0.004
2025-08-08,2,ÍR,Fjölnir,6,2,6,0.0015
2025-08-08,2,ÍR,Fjölnir,6,3,5,0.00125
2025-08-08,2,ÍR,Fjölnir,6,5,2,5e-4
2025-08-08,2,ÍR,Fjölnir,6,6,1,2.5e-4
2025-08-08,2,ÍR,Fjölnir,7,0,3,7.5e-4
2025-08-08,2,ÍR,Fjölnir,7,1,12,0.003
2025-08-08,2,ÍR,Fjölnir,7,2,2,5e-4
2025-08-08,2,ÍR,Fjölnir,7,3,1,2.5e-4
2025-08-08,2,ÍR,Fjölnir,7,4,1,2.5e-4
2025-08-08,2,ÍR,Fjölnir,7,7,1,2.5e-4
2025-08-08,2,ÍR,Fjölnir,8,1,1,2.5e-4
2025-08-08,2,ÍR,Fjölnir,8,2,1,2.5e-4
2025-08-08,2,ÍR,Fjölnir,8,3,1,2.5e-4
2025-08-08,2,ÍR,Fjölnir,9,1,2,5e-4
2025-08-08,2,ÍR,Fjölnir,10,1,1,2.5e-4
2025-08-08,4,KFK,Árbær,0,0,57,0.01425
2025-08-08,4,KFK,Árbær,0,1,111,0.02775
2025-08-08,4,KFK,Árbær,0,2,138,0.0345
2025-08-08,4,KFK,Árbær,0,3,111,0.02775
2025-08-08,4,KFK,Árbær,0,4,93,0.02325
2025-08-08,4,KFK,Árbær,0,5,48,0.012
2025-08-08,4,KFK,Árbær,0,6,36,0.009
2025-08-08,4,KFK,Árbær,0,7,10,0.0025
2025-08-08,4,KFK,Árbær,0,8,4,0.001
2025-08-08,4,KFK,Árbær,0,9,1,2.5e-4
2025-08-08,4,KFK,Árbær,1,0,94,0.0235
2025-08-08,4,KFK,Árbær,1,1,208,0.052
2025-08-08,4,KFK,Árbær,1,2,268,0.067
2025-08-08,4,KFK,Árbær,1,3,243,0.06075
2025-08-08,4,KFK,Árbær,1,4,192,0.048
2025-08-08,4,KFK,Árbær,1,5,89,0.02225
2025-08-08,4,KFK,Árbær,1,6,48,0.012
2025-08-08,4,KFK,Árbær,1,7,22,0.0055
2025-08-08,4,KFK,Árbær,1,8,10,0.0025
2025-08-08,4,KFK,Árbær,1,9,2,5e-4
2025-08-08,4,KFK,Árbær,1,10,1,2.5e-4
2025-08-08,4,KFK,Árbær,1,11,1,2.5e-4
2025-08-08,4,KFK,Árbær,1,13,1,2.5e-4
2025-08-08,4,KFK,Árbær,2,0,68,0.017
2025-08-08,4,KFK,Árbær,2,1,190,0.0475
2025-08-08,4,KFK,Árbær,2,2,226,0.0565
2025-08-08,4,KFK,Árbær,2,3,217,0.05425
2025-08-08,4,KFK,Árbær,2,4,148,0.037
2025-08-08,4,KFK,Árbær,2,5,84,0.021
2025-08-08,4,KFK,Árbær,2,6,46,0.0115
2025-08-08,4,KFK,Árbær,2,7,17,0.00425
2025-08-08,4,KFK,Árbær,2,8,5,0.00125
2025-08-08,4,KFK,Árbær,2,9,5,0.00125
2025-08-08,4,KFK,Árbær,2,10,1,2.5e-4
2025-08-08,4,KFK,Árbær,2,11,1,2.5e-4
2025-08-08,4,KFK,Árbær,3,0,47,0.01175
2025-08-08,4,KFK,Árbær,3,1,107,0.02675
2025-08-08,4,KFK,Árbær,3,2,141,0.03525
2025-08-08,4,KFK,Árbær,3,3,130,0.0325
2025-08-08,4,KFK,Árbær,3,4,101,0.02525
2025-08-08,4,KFK,Árbær,3,5,72,0.018
2025-08-08,4,KFK,Árbær,3,6,31,0.00775
2025-08-08,4,KFK,Árbær,3,7,12,0.003
2025-08-08,4,KFK,Árbær,3,8,8,0.002
2025-08-08,4,KFK,Árbær,3,9,1,2.5e-4
2025-08-08,4,KFK,Árbær,4,0,23,0.00575
2025-08-08,4,KFK,Árbær,4,1,70,0.0175
2025-08-08,4,KFK,Árbær,4,2,69,0.01725
2025-08-08,4,KFK,Árbær,4,3,61,0.01525
2025-08-08,4,KFK,Árbær,4,4,49,0.01225
2025-08-08,4,KFK,Árbær,4,5,30,0.0075
2025-08-08,4,KFK,Árbær,4,6,14,0.0035
2025-08-08,4,KFK,Árbær,4,7,6,0.0015
2025-08-08,4,KFK,Árbær,4,8,4,0.001
2025-08-08,4,KFK,Árbær,4,9,2,5e-4
2025-08-08,4,KFK,Árbær,4,10,1,2.5e-4
2025-08-08,4,KFK,Árbær,4,11,1,2.5e-4
2025-08-08,4,KFK,Árbær,5,0,7,0.00175
2025-08-08,4,KFK,Árbær,5,1,27,0.00675
2025-08-08,4,KFK,Árbær,5,2,28,0.007
2025-08-08,4,KFK,Árbær,5,3,28,0.007
2025-08-08,4,KFK,Árbær,5,4,24,0.006
2025-08-08,4,KFK,Árbær,5,5,17,0.00425
2025-08-08,4,KFK,Árbær,5,6,6,0.0015
2025-08-08,4,KFK,Árbær,5,7,3,7.5e-4
2025-08-08,4,KFK,Árbær,5,8,2,5e-4
2025-08-08,4,KFK,Árbær,6,0,3,7.5e-4
2025-08-08,4,KFK,Árbær,6,1,7,0.00175
2025-08-08,4,KFK,Árbær,6,2,12,0.003
2025-08-08,4,KFK,Árbær,6,3,13,0.00325
2025-08-08,4,KFK,Árbær,6,4,12,0.003
2025-08-08,4,KFK,Árbær,6,5,7,0.00175
2025-08-08,4,KFK,Árbær,6,6,3,7.5e-4
2025-08-08,4,KFK,Árbær,6,7,1,2.5e-4
2025-08-08,4,KFK,Árbær,6,8,1,2.5e-4
2025-08-08,4,KFK,Árbær,6,9,1,2.5e-4
2025-08-08,4,KFK,Árbær,7,0,1,2.5e-4
2025-08-08,4,KFK,Árbær,7,1,2,5e-4
2025-08-08,4,KFK,Árbær,7,2,6,0.0015
2025-08-08,4,KFK,Árbær,7,3,3,7.5e-4
2025-08-08,4,KFK,Árbær,7,4,4,0.001
2025-08-08,4,KFK,Árbær,7,6,1,2.5e-4
2025-08-08,4,KFK,Árbær,7,7,1,2.5e-4
2025-08-08,4,KFK,Árbær,8,1,2,5e-4
2025-08-08,4,KFK,Árbær,8,2,1,2.5e-4
2025-08-08,4,KFK,Árbær,9,5,1,2.5e-4
2025-08-08,5,Hafnir,KÁ,0,0,149,0.03725
2025-08-08,5,Hafnir,KÁ,0,1,257,0.06425
2025-08-08,5,Hafnir,KÁ,0,2,285,0.07125
2025-08-08,5,Hafnir,KÁ,0,3,206,0.0515
2025-08-08,5,Hafnir,KÁ,0,4,121,0.03025
2025-08-08,5,Hafnir,KÁ,0,5,61,0.01525
2025-08-08,5,Hafnir,KÁ,0,6,30,0.0075
2025-08-08,5,Hafnir,KÁ,0,7,10,0.0025
2025-08-08,5,Hafnir,KÁ,0,8,5,0.00125
2025-08-08,5,Hafnir,KÁ,1,0,155,0.03875
2025-08-08,5,Hafnir,KÁ,1,1,339,0.08475
2025-08-08,5,Hafnir,KÁ,1,2,355,0.08875
2025-08-08,5,Hafnir,KÁ,1,3,220,0.055
2025-08-08,5,Hafnir,KÁ,1,4,130,0.0325
2025-08-08,5,Hafnir,KÁ,1,5,73,0.01825
2025-08-08,5,Hafnir,KÁ,1,6,29,0.00725
2025-08-08,5,Hafnir,KÁ,1,7,18,0.0045
2025-08-08,5,Hafnir,KÁ,1,8,6,0.0015
2025-08-08,5,Hafnir,KÁ,1,9,1,2.5e-4
2025-08-08,5,Hafnir,KÁ,2,0,104,0.026
2025-08-08,5,Hafnir,KÁ,2,1,200,0.05
2025-08-08,5,Hafnir,KÁ,2,2,215,0.05375
2025-08-08,5,Hafnir,KÁ,2,3,161,0.04025
2025-08-08,5,Hafnir,KÁ,2,4,106,0.0265
2025-08-08,5,Hafnir,KÁ,2,5,49,0.01225
2025-08-08,5,Hafnir,KÁ,2,6,27,0.00675
2025-08-08,5,Hafnir,KÁ,2,7,12,0.003
2025-08-08,5,Hafnir,KÁ,2,8,4,0.001
2025-08-08,5,Hafnir,KÁ,2,9,1,2.5e-4
2025-08-08,5,Hafnir,KÁ,2,10,1,2.5e-4
2025-08-08,5,Hafnir,KÁ,3,0,39,0.00975
2025-08-08,5,Hafnir,KÁ,3,1,88,0.022
2025-08-08,5,Hafnir,KÁ,3,2,103,0.02575
2025-08-08,5,Hafnir,KÁ,3,3,95,0.02375
2025-08-08,5,Hafnir,KÁ,3,4,57,0.01425
2025-08-08,5,Hafnir,KÁ,3,5,22,0.0055
2025-08-08,5,Hafnir,KÁ,3,6,17,0.00425
2025-08-08,5,Hafnir,KÁ,3,7,2,5e-4
2025-08-08,5,Hafnir,KÁ,3,8,4,0.001
2025-08-08,5,Hafnir,KÁ,4,0,21,0.00525
2025-08-08,5,Hafnir,KÁ,4,1,38,0.0095
2025-08-08,5,Hafnir,KÁ,4,2,41,0.01025
2025-08-08,5,Hafnir,KÁ,4,3,39,0.00975
2025-08-08,5,Hafnir,KÁ,4,4,19,0.00475
2025-08-08,5,Hafnir,KÁ,4,5,9,0.00225
2025-08-08,5,Hafnir,KÁ,4,6,4,0.001
2025-08-08,5,Hafnir,KÁ,5,0,5,0.00125
2025-08-08,5,Hafnir,KÁ,5,1,13,0.00325
2025-08-08,5,Hafnir,KÁ,5,2,13,0.00325
2025-08-08,5,Hafnir,KÁ,5,3,9,0.00225
2025-08-08,5,Hafnir,KÁ,5,4,7,0.00175
2025-08-08,5,Hafnir,KÁ,5,5,1,2.5e-4
2025-08-08,5,Hafnir,KÁ,5,6,1,2.5e-4
2025-08-08,5,Hafnir,KÁ,5,9,2,5e-4
2025-08-08,5,Hafnir,KÁ,6,0,3,7.5e-4
2025-08-08,5,Hafnir,KÁ,6,1,3,7.5e-4
2025-08-08,5,Hafnir,KÁ,6,2,4,0.001
2025-08-08,5,Hafnir,KÁ,6,3,1,2.5e-4
2025-08-08,5,Hafnir,KÁ,6,4,3,7.5e-4
2025-08-08,5,Hafnir,KÁ,6,5,2,5e-4
2025-08-08,5,Hafnir,KÁ,6,7,1,2.5e-4
2025-08-08,5,Hafnir,KÁ,7,2,1,2.5e-4
2025-08-08,5,Hafnir,KÁ,8,1,2,5e-4
2025-08-08,5,Hafnir,KÁ,10,0,1,2.5e-4
2025-08-08,5,Kría,Árborg,0,0,67,0.01675
2025-08-08,5,Kría,Árborg,0,1,142,0.0355
2025-08-08,5,Kría,Árborg,0,2,148,0.037
2025-08-08,5,Kría,Árborg,0,3,138,0.0345
2025-08-08,5,Kría,Árborg,0,4,81,0.02025
2025-08-08,5,Kría,Árborg,0,5,55,0.01375
2025-08-08,5,Kría,Árborg,0,6,32,0.008
2025-08-08,5,Kría,Árborg,0,7,15,0.00375
2025-08-08,5,Kría,Árborg,0,8,6,0.0015
2025-08-08,5,Kría,Árborg,0,9,5,0.00125
2025-08-08,5,Kría,Árborg,0,10,2,5e-4
2025-08-08,5,Kría,Árborg,0,11,2,5e-4
2025-08-08,5,Kría,Árborg,1,0,93,0.02325
2025-08-08,5,Kría,Árborg,1,1,209,0.05225
2025-08-08,5,Kría,Árborg,1,2,225,0.05625
2025-08-08,5,Kría,Árborg,1,3,212,0.053
2025-08-08,5,Kría,Árborg,1,4,150,0.0375
2025-08-08,5,Kría,Árborg,1,5,135,0.03375
2025-08-08,5,Kría,Árborg,1,6,58,0.0145
2025-08-08,5,Kría,Árborg,1,7,29,0.00725
2025-08-08,5,Kría,Árborg,1,8,8,0.002
2025-08-08,5,Kría,Árborg,1,9,7,0.00175
2025-08-08,5,Kría,Árborg,1,10,1,2.5e-4
2025-08-08,5,Kría,Árborg,2,0,70,0.0175
2025-08-08,5,Kría,Árborg,2,1,171,0.04275
2025-08-08,5,Kría,Árborg,2,2,239,0.05975
2025-08-08,5,Kría,Árborg,2,3,225,0.05625
2025-08-08,5,Kría,Árborg,2,4,178,0.0445
2025-08-08,5,Kría,Árborg,2,5,84,0.021
2025-08-08,5,Kría,Árborg,2,6,48,0.012
2025-08-08,5,Kría,Árborg,2,7,23,0.00575
2025-08-08,5,Kría,Árborg,2,8,6,0.0015
2025-08-08,5,Kría,Árborg,2,9,5,0.00125
2025-08-08,5,Kría,Árborg,2,10,2,5e-4
2025-08-08,5,Kría,Árborg,3,0,41,0.01025
2025-08-08,5,Kría,Árborg,3,1,99,0.02475
2025-08-08,5,Kría,Árborg,3,2,159,0.03975
2025-08-08,5,Kría,Árborg,3,3,124,0.031
2025-08-08,5,Kría,Árborg,3,4,89,0.02225
2025-08-08,5,Kría,Árborg,3,5,48,0.012
2025-08-08,5,Kría,Árborg,3,6,31,0.00775
2025-08-08,5,Kría,Árborg,3,7,14,0.0035
2025-08-08,5,Kría,Árborg,3,8,5,0.00125
2025-08-08,5,Kría,Árborg,3,9,3,7.5e-4
2025-08-08,5,Kría,Árborg,3,10,2,5e-4
2025-08-08,5,Kría,Árborg,3,11,1,2.5e-4
2025-08-08,5,Kría,Árborg,4,0,22,0.0055
2025-08-08,5,Kría,Árborg,4,1,54,0.0135
2025-08-08,5,Kría,Árborg,4,2,59,0.01475
2025-08-08,5,Kría,Árborg,4,3,63,0.01575
2025-08-08,5,Kría,Árborg,4,4,63,0.01575
2025-08-08,5,Kría,Árborg,4,5,35,0.00875
2025-08-08,5,Kría,Árborg,4,6,13,0.00325
2025-08-08,5,Kría,Árborg,4,7,11,0.00275
2025-08-08,5,Kría,Árborg,4,8,4,0.001
2025-08-08,5,Kría,Árborg,5,0,6,0.0015
2025-08-08,5,Kría,Árborg,5,1,15,0.00375
2025-08-08,5,Kría,Árborg,5,2,34,0.0085
2025-08-08,5,Kría,Árborg,5,3,28,0.007
2025-08-08,5,Kría,Árborg,5,4,20,0.005
2025-08-08,5,Kría,Árborg,5,5,11,0.00275
2025-08-08,5,Kría,Árborg,5,6,5,0.00125
2025-08-08,5,Kría,Árborg,5,7,6,0.0015
2025-08-08,5,Kría,Árborg,5,8,1,2.5e-4
2025-08-08,5,Kría,Árborg,6,0,6,0.0015
2025-08-08,5,Kría,Árborg,6,1,7,0.00175
2025-08-08,5,Kría,Árborg,6,2,7,0.00175
2025-08-08,5,Kría,Árborg,6,3,8,0.002
2025-08-08,5,Kría,Árborg,6,4,5,0.00125
2025-08-08,5,Kría,Árborg,6,5,5,0.00125
2025-08-08,5,Kría,Árborg,6,6,5,0.00125
2025-08-08,5,Kría,Árborg,6,8,1,2.5e-4
2025-08-08,5,Kría,Árborg,6,10,1,2.5e-4
2025-08-08,5,Kría,Árborg,7,1,1,2.5e-4
2025-08-08,5,Kría,Árborg,7,2,2,5e-4
2025-08-08,5,Kría,Árborg,7,3,5,0.00125
2025-08-08,5,Kría,Árborg,7,4,2,5e-4
2025-08-08,5,Kría,Árborg,7,5,2,5e-4
2025-08-08,5,Kría,Árborg,7,6,1,2.5e-4
2025-08-08,5,Kría,Árborg,7,7,1,2.5e-4
2025-08-08,5,Kría,Árborg,8,0,1,2.5e-4
2025-08-08,5,Kría,Árborg,8,3,1,2.5e-4
2025-08-08,5,Kría,Árborg,9,4,1,2.5e-4
2025-08-08,5,Kría,Árborg,11,11,1,2.5e-4
2025-08-08,5,Álftanes,Vængir Júpiters,0,0,158,0.0395
2025-08-08,5,Álftanes,Vængir Júpiters,0,1,291,0.07275
2025-08-08,5,Álftanes,Vængir Júpiters,0,2,319,0.07975
2025-08-08,5,Álftanes,Vængir Júpiters,0,3,220,0.055
2025-08-08,5,Álftanes,Vængir Júpiters,0,4,87,0.02175
2025-08-08,5,Álftanes,Vængir Júpiters,0,5,46,0.0115
2025-08-08,5,Álftanes,Vængir Júpiters,0,6,13,0.00325
2025-08-08,5,Álftanes,Vængir Júpiters,0,7,7,0.00175
2025-08-08,5,Álftanes,Vængir Júpiters,0,8,2,5e-4
2025-08-08,5,Álftanes,Vængir Júpiters,1,0,173,0.04325
2025-08-08,5,Álftanes,Vængir Júpiters,1,1,344,0.086
2025-08-08,5,Álftanes,Vængir Júpiters,1,2,348,0.087
2025-08-08,5,Álftanes,Vængir Júpiters,1,3,239,0.05975
2025-08-08,5,Álftanes,Vængir Júpiters,1,4,123,0.03075
2025-08-08,5,Álftanes,Vængir Júpiters,1,5,41,0.01025
2025-08-08,5,Álftanes,Vængir Júpiters,1,6,22,0.0055
2025-08-08,5,Álftanes,Vængir Júpiters,1,7,8,0.002
2025-08-08,5,Álftanes,Vængir Júpiters,1,8,1,2.5e-4
2025-08-08,5,Álftanes,Vængir Júpiters,1,10,1,2.5e-4
2025-08-08,5,Álftanes,Vængir Júpiters,2,0,124,0.031
2025-08-08,5,Álftanes,Vængir Júpiters,2,1,242,0.0605
2025-08-08,5,Álftanes,Vængir Júpiters,2,2,222,0.0555
2025-08-08,5,Álftanes,Vængir Júpiters,2,3,173,0.04325
2025-08-08,5,Álftanes,Vængir Júpiters,2,4,94,0.0235
2025-08-08,5,Álftanes,Vængir Júpiters,2,5,38,0.0095
2025-08-08,5,Álftanes,Vængir Júpiters,2,6,16,0.004
2025-08-08,5,Álftanes,Vængir Júpiters,2,7,11,0.00275
2025-08-08,5,Álftanes,Vængir Júpiters,2,8,2,5e-4
2025-08-08,5,Álftanes,Vængir Júpiters,3,0,62,0.0155
2025-08-08,5,Álftanes,Vængir Júpiters,3,1,102,0.0255
2025-08-08,5,Álftanes,Vængir Júpiters,3,2,113,0.02825
2025-08-08,5,Álftanes,Vængir Júpiters,3,3,72,0.018
2025-08-08,5,Álftanes,Vængir Júpiters,3,4,45,0.01125
2025-08-08,5,Álftanes,Vængir Júpiters,3,5,15,0.00375
2025-08-08,5,Álftanes,Vængir Júpiters,3,6,9,0.00225
2025-08-08,5,Álftanes,Vængir Júpiters,3,7,2,5e-4
2025-08-08,5,Álftanes,Vængir Júpiters,3,8,1,2.5e-4
2025-08-08,5,Álftanes,Vængir Júpiters,4,0,10,0.0025
2025-08-08,5,Álftanes,Vængir Júpiters,4,1,37,0.00925
2025-08-08,5,Álftanes,Vængir Júpiters,4,2,39,0.00975
2025-08-08,5,Álftanes,Vængir Júpiters,4,3,26,0.0065
2025-08-08,5,Álftanes,Vængir Júpiters,4,4,17,0.00425
2025-08-08,5,Álftanes,Vængir Júpiters,4,5,6,0.0015
2025-08-08,5,Álftanes,Vængir Júpiters,4,6,5,0.00125
2025-08-08,5,Álftanes,Vængir Júpiters,4,9,2,5e-4
2025-08-08,5,Álftanes,Vængir Júpiters,5,0,7,0.00175
2025-08-08,5,Álftanes,Vængir Júpiters,5,1,13,0.00325
2025-08-08,5,Álftanes,Vængir Júpiters,5,2,10,0.0025
2025-08-08,5,Álftanes,Vængir Júpiters,5,3,15,0.00375
2025-08-08,5,Álftanes,Vængir Júpiters,5,4,8,0.002
2025-08-08,5,Álftanes,Vængir Júpiters,5,5,2,5e-4
2025-08-08,5,Álftanes,Vængir Júpiters,5,6,1,2.5e-4
2025-08-08,5,Álftanes,Vængir Júpiters,6,0,2,5e-4
2025-08-08,5,Álftanes,Vængir Júpiters,6,1,5,0.00125
2025-08-08,5,Álftanes,Vængir Júpiters,6,2,3,7.5e-4
2025-08-08,5,Álftanes,Vængir Júpiters,6,3,2,5e-4
2025-08-08,5,Álftanes,Vængir Júpiters,6,4,1,2.5e-4
2025-08-08,5,Álftanes,Vængir Júpiters,6,5,1,2.5e-4
2025-08-08,5,Álftanes,Vængir Júpiters,7,1,1,2.5e-4
2025-08-08,5,Álftanes,Vængir Júpiters,7,3,1,2.5e-4
2025-08-09,2,Völsungur,Þróttur R.,0,0,128,0.032
2025-08-09,2,Völsungur,Þróttur R.,0,1,155,0.03875
2025-08-09,2,Völsungur,Þróttur R.,0,2,101,0.02525
2025-08-09,2,Völsungur,Þróttur R.,0,3,65,0.01625
2025-08-09,2,Völsungur,Þróttur R.,0,4,18,0.0045
2025-08-09,2,Völsungur,Þróttur R.,0,5,9,0.00225
2025-08-09,2,Völsungur,Þróttur R.,0,6,4,0.001
2025-08-09,2,Völsungur,Þróttur R.,0,7,1,2.5e-4
2025-08-09,2,Völsungur,Þróttur R.,1,0,245,0.06125
2025-08-09,2,Völsungur,Þróttur R.,1,1,336,0.084
2025-08-09,2,Völsungur,Þróttur R.,1,2,232,0.058
2025-08-09,2,Völsungur,Þróttur R.,1,3,136,0.034
2025-08-09,2,Völsungur,Þróttur R.,1,4,50,0.0125
2025-08-09,2,Völsungur,Þróttur R.,1,5,17,0.00425
2025-08-09,2,Völsungur,Þróttur R.,1,6,4,0.001
2025-08-09,2,Völsungur,Þróttur R.,1,7,1,2.5e-4
2025-08-09,2,Völsungur,Þróttur R.,1,9,1,2.5e-4
2025-08-09,2,Völsungur,Þróttur R.,2,0,255,0.06375
2025-08-09,2,Völsungur,Þróttur R.,2,1,341,0.08525
2025-08-09,2,Völsungur,Þróttur R.,2,2,249,0.06225
2025-08-09,2,Völsungur,Þróttur R.,2,3,132,0.033
2025-08-09,2,Völsungur,Þróttur R.,2,4,54,0.0135
2025-08-09,2,Völsungur,Þróttur R.,2,5,13,0.00325
2025-08-09,2,Völsungur,Þróttur R.,2,6,2,5e-4
2025-08-09,2,Völsungur,Þróttur R.,2,7,2,5e-4
2025-08-09,2,Völsungur,Þróttur R.,3,0,150,0.0375
2025-08-09,2,Völsungur,Þróttur R.,3,1,239,0.05975
2025-08-09,2,Völsungur,Þróttur R.,3,2,169,0.04225
2025-08-09,2,Völsungur,Þróttur R.,3,3,77,0.01925
2025-08-09,2,Völsungur,Þróttur R.,3,4,34,0.0085
2025-08-09,2,Völsungur,Þróttur R.,3,5,18,0.0045
2025-08-09,2,Völsungur,Þróttur R.,3,6,5,0.00125
2025-08-09,2,Völsungur,Þróttur R.,3,7,3,7.5e-4
2025-08-09,2,Völsungur,Þróttur R.,4,0,103,0.02575
2025-08-09,2,Völsungur,Þróttur R.,4,1,123,0.03075
2025-08-09,2,Völsungur,Þróttur R.,4,2,102,0.0255
2025-08-09,2,Völsungur,Þróttur R.,4,3,68,0.017
2025-08-09,2,Völsungur,Þróttur R.,4,4,30,0.0075
2025-08-09,2,Völsungur,Þróttur R.,4,5,8,0.002
2025-08-09,2,Völsungur,Þróttur R.,4,6,2,5e-4
2025-08-09,2,Völsungur,Þróttur R.,5,0,36,0.009
2025-08-09,2,Völsungur,Þróttur R.,5,1,55,0.01375
2025-08-09,2,Völsungur,Þróttur R.,5,2,53,0.01325
2025-08-09,2,Völsungur,Þróttur R.,5,3,24,0.006
2025-08-09,2,Völsungur,Þróttur R.,5,4,14,0.0035
2025-08-09,2,Völsungur,Þróttur R.,5,5,6,0.0015
2025-08-09,2,Völsungur,Þróttur R.,5,6,1,2.5e-4
2025-08-09,2,Völsungur,Þróttur R.,5,7,1,2.5e-4
2025-08-09,2,Völsungur,Þróttur R.,6,0,12,0.003
2025-08-09,2,Völsungur,Þróttur R.,6,1,31,0.00775
2025-08-09,2,Völsungur,Þróttur R.,6,2,19,0.00475
2025-08-09,2,Völsungur,Þróttur R.,6,3,13,0.00325
2025-08-09,2,Völsungur,Þróttur R.,6,4,8,0.002
2025-08-09,2,Völsungur,Þróttur R.,6,5,2,5e-4
2025-08-09,2,Völsungur,Þróttur R.,6,6,1,2.5e-4
2025-08-09,2,Völsungur,Þróttur R.,7,0,3,7.5e-4
2025-08-09,2,Völsungur,Þróttur R.,7,1,7,0.00175
2025-08-09,2,Völsungur,Þróttur R.,7,2,6,0.0015
2025-08-09,2,Völsungur,Þróttur R.,7,3,5,0.00125
2025-08-09,2,Völsungur,Þróttur R.,7,4,2,5e-4
2025-08-09,2,Völsungur,Þróttur R.,7,5,1,2.5e-4
2025-08-09,2,Völsungur,Þróttur R.,7,7,2,5e-4
2025-08-09,2,Völsungur,Þróttur R.,8,0,2,5e-4
2025-08-09,2,Völsungur,Þróttur R.,8,1,3,7.5e-4
2025-08-09,2,Völsungur,Þróttur R.,8,2,3,7.5e-4
2025-08-09,2,Völsungur,Þróttur R.,8,3,2,5e-4
2025-08-09,2,Völsungur,Þróttur R.,8,4,1,2.5e-4
2025-08-09,2,Völsungur,Þróttur R.,9,1,2,5e-4
2025-08-09,2,Völsungur,Þróttur R.,9,2,1,2.5e-4
2025-08-09,2,Völsungur,Þróttur R.,10,0,2,5e-4
2025-08-09,3,Grótta,Víðir,0,0,129,0.03225
2025-08-09,3,Grótta,Víðir,0,1,115,0.02875
2025-08-09,3,Grótta,Víðir,0,2,70,0.0175
2025-08-09,3,Grótta,Víðir,0,3,25,0.00625
2025-08-09,3,Grótta,Víðir,0,4,14,0.0035
2025-08-09,3,Grótta,Víðir,0,5,1,2.5e-4
2025-08-09,3,Grótta,Víðir,1,0,299,0.07475
2025-08-09,3,Grótta,Víðir,1,1,300,0.075
2025-08-09,3,Grótta,Víðir,1,2,153,0.03825
2025-08-09,3,Grótta,Víðir,1,3,65,0.01625
2025-08-09,3,Grótta,Víðir,1,4,16,0.004
2025-08-09,3,Grótta,Víðir,1,5,1,2.5e-4
2025-08-09,3,Grótta,Víðir,2,0,335,0.08375
2025-08-09,3,Grótta,Víðir,2,1,320,0.08
2025-08-09,3,Grótta,Víðir,2,2,199,0.04975
2025-08-09,3,Grótta,Víðir,2,3,75,0.01875
2025-08-09,3,Grótta,Víðir,2,4,30,0.0075
2025-08-09,3,Grótta,Víðir,2,5,9,0.00225
2025-08-09,3,Grótta,Víðir,2,7,1,2.5e-4
2025-08-09,3,Grótta,Víðir,3,0,270,0.0675
2025-08-09,3,Grótta,Víðir,3,1,274,0.0685
2025-08-09,3,Grótta,Víðir,3,2,164,0.041
2025-08-09,3,Grótta,Víðir,3,3,58,0.0145
2025-08-09,3,Grótta,Víðir,3,4,25,0.00625
2025-08-09,3,Grótta,Víðir,3,5,5,0.00125
2025-08-09,3,Grótta,Víðir,3,6,1,2.5e-4
2025-08-09,3,Grótta,Víðir,4,0,203,0.05075
2025-08-09,3,Grótta,Víðir,4,1,168,0.042
2025-08-09,3,Grótta,Víðir,4,2,95,0.02375
2025-08-09,3,Grótta,Víðir,4,3,39,0.00975
2025-08-09,3,Grótta,Víðir,4,4,16,0.004
2025-08-09,3,Grótta,Víðir,4,5,2,5e-4
2025-08-09,3,Grótta,Víðir,4,6,2,5e-4
2025-08-09,3,Grótta,Víðir,5,0,98,0.0245
2025-08-09,3,Grótta,Víðir,5,1,96,0.024
2025-08-09,3,Grótta,Víðir,5,2,59,0.01475
2025-08-09,3,Grótta,Víðir,5,3,24,0.006
2025-08-09,3,Grótta,Víðir,5,4,4,0.001
2025-08-09,3,Grótta,Víðir,5,5,4,0.001
2025-08-09,3,Grótta,Víðir,5,6,1,2.5e-4
2025-08-09,3,Grótta,Víðir,6,0,50,0.0125
2025-08-09,3,Grótta,Víðir,6,1,48,0.012
2025-08-09,3,Grótta,Víðir,6,2,30,0.0075
2025-08-09,3,Grótta,Víðir,6,3,4,0.001
2025-08-09,3,Grótta,Víðir,6,4,4,0.001
2025-08-09,3,Grótta,Víðir,7,0,21,0.00525
2025-08-09,3,Grótta,Víðir,7,1,30,0.0075
2025-08-09,3,Grótta,Víðir,7,2,4,0.001
2025-08-09,3,Grótta,Víðir,7,3,3,7.5e-4
2025-08-09,3,Grótta,Víðir,7,4,1,2.5e-4
2025-08-09,3,Grótta,Víðir,7,5,1,2.5e-4
2025-08-09,3,Grótta,Víðir,8,0,6,0.0015
2025-08-09,3,Grótta,Víðir,8,1,9,0.00225
2025-08-09,3,Grótta,Víðir,8,2,1,2.5e-4
2025-08-09,3,Grótta,Víðir,8,3,1,2.5e-4
2025-08-09,3,Grótta,Víðir,8,5,1,2.5e-4
2025-08-09,3,Grótta,Víðir,9,0,6,0.0015
2025-08-09,3,Grótta,Víðir,9,1,3,7.5e-4
2025-08-09,3,Grótta,Víðir,9,2,3,7.5e-4
2025-08-09,3,Grótta,Víðir,9,4,1,2.5e-4
2025-08-09,3,Grótta,Víðir,10,0,1,2.5e-4
2025-08-09,3,Grótta,Víðir,11,0,1,2.5e-4
2025-08-09,3,Grótta,Víðir,11,1,4,0.001
2025-08-09,3,Grótta,Víðir,13,3,2,5e-4
2025-08-09,3,Haukar,Ægir,0,0,192,0.048
2025-08-09,3,Haukar,Ægir,0,1,330,0.0825
2025-08-09,3,Haukar,Ægir,0,2,322,0.0805
2025-08-09,3,Haukar,Ægir,0,3,210,0.0525
2025-08-09,3,Haukar,Ægir,0,4,102,0.0255
2025-08-09,3,Haukar,Ægir,0,5,33,0.00825
2025-08-09,3,Haukar,Ægir,0,6,15,0.00375
2025-08-09,3,Haukar,Ægir,0,7,6,0.0015
2025-08-09,3,Haukar,Ægir,0,8,1,2.5e-4
2025-08-09,3,Haukar,Ægir,0,9,1,2.5e-4
2025-08-09,3,Haukar,Ægir,0,10,1,2.5e-4
2025-08-09,3,Haukar,Ægir,1,0,233,0.05825
2025-08-09,3,Haukar,Ægir,1,1,361,0.09025
2025-08-09,3,Haukar,Ægir,1,2,362,0.0905
2025-08-09,3,Haukar,Ægir,1,3,233,0.05825
2025-08-09,3,Haukar,Ægir,1,4,112,0.028
2025-08-09,3,Haukar,Ægir,1,5,54,0.0135
2025-08-09,3,Haukar,Ægir,1,6,33,0.00825
2025-08-09,3,Haukar,Ægir,1,7,6,0.0015
2025-08-09,3,Haukar,Ægir,1,8,3,7.5e-4
2025-08-09,3,Haukar,Ægir,1,9,2,5e-4
2025-08-09,3,Haukar,Ægir,2,0,138,0.0345
2025-08-09,3,Haukar,Ægir,2,1,200,0.05
2025-08-09,3,Haukar,Ægir,2,2,235,0.05875
2025-08-09,3,Haukar,Ægir,2,3,139,0.03475
2025-08-09,3,Haukar,Ægir,2,4,64,0.016
2025-08-09,3,Haukar,Ægir,2,5,37,0.00925
2025-08-09,3,Haukar,Ægir,2,6,11,0.00275
2025-08-09,3,Haukar,Ægir,2,7,6,0.0015
2025-08-09,3,Haukar,Ægir,2,8,1,2.5e-4
2025-08-09,3,Haukar,Ægir,3,0,57,0.01425
2025-08-09,3,Haukar,Ægir,3,1,99,0.02475
2025-08-09,3,Haukar,Ægir,3,2,92,0.023
2025-08-09,3,Haukar,Ægir,3,3,58,0.0145
2025-08-09,3,Haukar,Ægir,3,4,42,0.0105
2025-08-09,3,Haukar,Ægir,3,5,15,0.00375
2025-08-09,3,Haukar,Ægir,3,6,8,0.002
2025-08-09,3,Haukar,Ægir,3,8,2,5e-4
2025-08-09,3,Haukar,Ægir,4,0,18,0.0045
2025-08-09,3,Haukar,Ægir,4,1,35,0.00875
2025-08-09,3,Haukar,Ægir,4,2,41,0.01025
2025-08-09,3,Haukar,Ægir,4,3,20,0.005
2025-08-09,3,Haukar,Ægir,4,4,12,0.003
2025-08-09,3,Haukar,Ægir,4,5,4,0.001
2025-08-09,3,Haukar,Ægir,4,6,4,0.001
2025-08-09,3,Haukar,Ægir,4,7,2,5e-4
2025-08-09,3,Haukar,Ægir,4,8,1,2.5e-4
2025-08-09,3,Haukar,Ægir,5,0,2,5e-4
2025-08-09,3,Haukar,Ægir,5,1,6,0.0015
2025-08-09,3,Haukar,Ægir,5,2,12,0.003
2025-08-09,3,Haukar,Ægir,5,3,4,0.001
2025-08-09,3,Haukar,Ægir,5,4,6,0.0015
2025-08-09,3,Haukar,Ægir,5,5,5,0.00125
2025-08-09,3,Haukar,Ægir,6,0,1,2.5e-4
2025-08-09,3,Haukar,Ægir,6,1,1,2.5e-4
2025-08-09,3,Haukar,Ægir,6,2,4,0.001
2025-08-09,3,Haukar,Ægir,6,3,2,5e-4
2025-08-09,3,Haukar,Ægir,6,6,1,2.5e-4
2025-08-09,3,Haukar,Ægir,7,2,1,2.5e-4
2025-08-09,3,Haukar,Ægir,7,4,1,2.5e-4
2025-08-09,3,Haukar,Ægir,8,8,1,2.5e-4
2025-08-09,3,Höttur/Huginn,KFG,0,0,178,0.0445
2025-08-09,3,Höttur/Huginn,KFG,0,1,169,0.04225
2025-08-09,3,Höttur/Huginn,KFG,0,2,89,0.02225
2025-08-09,3,Höttur/Huginn,KFG,0,3,20,0.005
2025-08-09,3,Höttur/Huginn,KFG,0,4,4,0.001
2025-08-09,3,Höttur/Huginn,KFG,0,6,1,2.5e-4
2025-08-09,3,Höttur/Huginn,KFG,1,0,385,0.09625
2025-08-09,3,Höttur/Huginn,KFG,1,1,332,0.083
2025-08-09,3,Höttur/Huginn,KFG,1,2,139,0.03475
2025-08-09,3,Höttur/Huginn,KFG,1,3,59,0.01475
2025-08-09,3,Höttur/Huginn,KFG,1,4,20,0.005
2025-08-09,3,Höttur/Huginn,KFG,1,5,2,5e-4
2025-08-09,3,Höttur/Huginn,KFG,2,0,379,0.09475
2025-08-09,3,Höttur/Huginn,KFG,2,1,384,0.096
2025-08-09,3,Höttur/Huginn,KFG,2,2,172,0.043
2025-08-09,3,Höttur/Huginn,KFG,2,3,55,0.01375
2025-08-09,3,Höttur/Huginn,KFG,2,4,16,0.004
2025-08-09,3,Höttur/Huginn,KFG,2,5,5,0.00125
2025-08-09,3,Höttur/Huginn,KFG,3,0,277,0.06925
2025-08-09,3,Höttur/Huginn,KFG,3,1,280,0.07
2025-08-09,3,Höttur/Huginn,KFG,3,2,135,0.03375
2025-08-09,3,Höttur/Huginn,KFG,3,3,42,0.0105
2025-08-09,3,Höttur/Huginn,KFG,3,4,11,0.00275
2025-08-09,3,Höttur/Huginn,KFG,3,5,5,0.00125
2025-08-09,3,Höttur/Huginn,KFG,3,6,2,5e-4
2025-08-09,3,Höttur/Huginn,KFG,4,0,185,0.04625
2025-08-09,3,Höttur/Huginn,KFG,4,1,137,0.03425
2025-08-09,3,Höttur/Huginn,KFG,4,2,80,0.02
2025-08-09,3,Höttur/Huginn,KFG,4,3,29,0.00725
2025-08-09,3,Höttur/Huginn,KFG,4,4,8,0.002
2025-08-09,3,Höttur/Huginn,KFG,4,5,6,0.0015
2025-08-09,3,Höttur/Huginn,KFG,5,0,86,0.0215
2025-08-09,3,Höttur/Huginn,KFG,5,1,78,0.0195
2025-08-09,3,Höttur/Huginn,KFG,5,2,53,0.01325
2025-08-09,3,Höttur/Huginn,KFG,5,3,19,0.00475
2025-08-09,3,Höttur/Huginn,KFG,5,4,6,0.0015
2025-08-09,3,Höttur/Huginn,KFG,6,0,29,0.00725
2025-08-09,3,Höttur/Huginn,KFG,6,1,34,0.0085
2025-08-09,3,Höttur/Huginn,KFG,6,2,24,0.006
2025-08-09,3,Höttur/Huginn,KFG,6,3,10,0.0025
2025-08-09,3,Höttur/Huginn,KFG,6,4,3,7.5e-4
2025-08-09,3,Höttur/Huginn,KFG,7,0,11,0.00275
2025-08-09,3,Höttur/Huginn,KFG,7,1,11,0.00275
2025-08-09,3,Höttur/Huginn,KFG,7,2,3,7.5e-4
2025-08-09,3,Höttur/Huginn,KFG,7,3,3,7.5e-4
2025-08-09,3,Höttur/Huginn,KFG,7,4,1,2.5e-4
2025-08-09,3,Höttur/Huginn,KFG,7,5,1,2.5e-4
2025-08-09,3,Höttur/Huginn,KFG,8,0,2,5e-4
2025-08-09,3,Höttur/Huginn,KFG,8,1,5,0.00125
2025-08-09,3,Höttur/Huginn,KFG,8,2,6,0.0015
2025-08-09,3,Höttur/Huginn,KFG,8,3,1,2.5e-4
2025-08-09,3,Höttur/Huginn,KFG,8,4,1,2.5e-4
2025-08-09,3,Höttur/Huginn,KFG,8,5,1,2.5e-4
2025-08-09,3,Höttur/Huginn,KFG,9,0,1,2.5e-4
2025-08-09,3,Höttur/Huginn,KFG,10,1,1,2.5e-4
2025-08-09,3,Höttur/Huginn,KFG,10,2,2,5e-4
2025-08-09,3,Höttur/Huginn,KFG,10,3,1,2.5e-4
2025-08-09,3,Höttur/Huginn,KFG,11,0,1,2.5e-4
2025-08-09,3,Kormákur/Hvöt,Víkingur Ó.,0,0,144,0.036
2025-08-09,3,Kormákur/Hvöt,Víkingur Ó.,0,1,171,0.04275
2025-08-09,3,Kormákur/Hvöt,Víkingur Ó.,0,2,89,0.02225
2025-08-09,3,Kormákur/Hvöt,Víkingur Ó.,0,3,45,0.01125
2025-08-09,3,Kormákur/Hvöt,Víkingur Ó.,0,4,26,0.0065
2025-08-09,3,Kormákur/Hvöt,Víkingur Ó.,0,5,7,0.00175
2025-08-09,3,Kormákur/Hvöt,Víkingur Ó.,0,6,2,5e-4
2025-08-09,3,Kormákur/Hvöt,Víkingur Ó.,1,0,265,0.06625
2025-08-09,3,Kormákur/Hvöt,Víkingur Ó.,1,1,327,0.08175
2025-08-09,3,Kormákur/Hvöt,Víkingur Ó.,1,2,225,0.05625
2025-08-09,3,Kormákur/Hvöt,Víkingur Ó.,1,3,108,0.027
2025-08-09,3,Kormákur/Hvöt,Víkingur Ó.,1,4,39,0.00975
2025-08-09,3,Kormákur/Hvöt,Víkingur Ó.,1,5,13,0.00325
2025-08-09,3,Kormákur/Hvöt,Víkingur Ó.,1,6,1,2.5e-4
2025-08-09,3,Kormákur/Hvöt,Víkingur Ó.,1,8,1,2.5e-4
2025-08-09,3,Kormákur/Hvöt,Víkingur Ó.,2,0,282,0.0705
2025-08-09,3,Kormákur/Hvöt,Víkingur Ó.,2,1,347,0.08675
2025-08-09,3,Kormákur/Hvöt,Víkingur Ó.,2,2,231,0.05775
2025-08-09,3,Kormákur/Hvöt,Víkingur Ó.,2,3,106,0.0265
2025-08-09,3,Kormákur/Hvöt,Víkingur Ó.,2,4,35,0.00875
2025-08-09,3,Kormákur/Hvöt,Víkingur Ó.,2,5,11,0.00275
2025-08-09,3,Kormákur/Hvöt,Víkingur Ó.,2,6,1,2.5e-4
2025-08-09,3,Kormákur/Hvöt,Víkingur Ó.,2,7,1,2.5e-4
2025-08-09,3,Kormákur/Hvöt,Víkingur Ó.,2,9,1,2.5e-4
2025-08-09,3,Kormákur/Hvöt,Víkingur Ó.,3,0,188,0.047
2025-08-09,3,Kormákur/Hvöt,Víkingur Ó.,3,1,249,0.06225
2025-08-09,3,Kormákur/Hvöt,Víkingur Ó.,3,2,174,0.0435
2025-08-09,3,Kormákur/Hvöt,Víkingur Ó.,3,3,90,0.0225
2025-08-09,3,Kormákur/Hvöt,Víkingur Ó.,3,4,38,0.0095
2025-08-09,3,Kormákur/Hvöt,Víkingur Ó.,3,5,8,0.002
2025-08-09,3,Kormákur/Hvöt,Víkingur Ó.,4,0,111,0.02775
2025-08-09,3,Kormákur/Hvöt,Víkingur Ó.,4,1,154,0.0385
2025-08-09,3,Kormákur/Hvöt,Víkingur Ó.,4,2,112,0.028
2025-08-09,3,Kormákur/Hvöt,Víkingur Ó.,4,3,38,0.0095
2025-08-09,3,Kormákur/Hvöt,Víkingur Ó.,4,4,17,0.00425
2025-08-09,3,Kormákur/Hvöt,Víkingur Ó.,4,5,9,0.00225
2025-08-09,3,Kormákur/Hvöt,Víkingur Ó.,5,0,46,0.0115
2025-08-09,3,Kormákur/Hvöt,Víkingur Ó.,5,1,66,0.0165
2025-08-09,3,Kormákur/Hvöt,Víkingur Ó.,5,2,49,0.01225
2025-08-09,3,Kormákur/Hvöt,Víkingur Ó.,5,3,20,0.005
2025-08-09,3,Kormákur/Hvöt,Víkingur Ó.,5,4,12,0.003
2025-08-09,3,Kormákur/Hvöt,Víkingur Ó.,5,5,6,0.0015
2025-08-09,3,Kormákur/Hvöt,Víkingur Ó.,5,7,1,2.5e-4
2025-08-09,3,Kormákur/Hvöt,Víkingur Ó.,6,0,19,0.00475
2025-08-09,3,Kormákur/Hvöt,Víkingur Ó.,6,1,23,0.00575
2025-08-09,3,Kormákur/Hvöt,Víkingur Ó.,6,2,25,0.00625
2025-08-09,3,Kormákur/Hvöt,Víkingur Ó.,6,3,9,0.00225
2025-08-09,3,Kormákur/Hvöt,Víkingur Ó.,6,4,5,0.00125
2025-08-09,3,Kormákur/Hvöt,Víkingur Ó.,6,5,2,5e-4
2025-08-09,3,Kormákur/Hvöt,Víkingur Ó.,6,6,1,2.5e-4
2025-08-09,3,Kormákur/Hvöt,Víkingur Ó.,7,0,9,0.00225
2025-08-09,3,Kormákur/Hvöt,Víkingur Ó.,7,1,9,0.00225
2025-08-09,3,Kormákur/Hvöt,Víkingur Ó.,7,2,10,0.0025
2025-08-09,3,Kormákur/Hvöt,Víkingur Ó.,7,3,4,0.001
2025-08-09,3,Kormákur/Hvöt,Víkingur Ó.,8,0,3,7.5e-4
2025-08-09,3,Kormákur/Hvöt,Víkingur Ó.,8,1,6,0.0015
2025-08-09,3,Kormákur/Hvöt,Víkingur Ó.,8,4,1,2.5e-4
2025-08-09,3,Kormákur/Hvöt,Víkingur Ó.,9,0,4,0.001
2025-08-09,3,Kormákur/Hvöt,Víkingur Ó.,9,1,1,2.5e-4
2025-08-09,3,Kormákur/Hvöt,Víkingur Ó.,9,3,2,5e-4
2025-08-09,3,Kormákur/Hvöt,Víkingur Ó.,12,2,1,2.5e-4
2025-08-09,3,Kári,Dalvík/Reynir,0,0,66,0.0165
2025-08-09,3,Kári,Dalvík/Reynir,0,1,118,0.0295
2025-08-09,3,Kári,Dalvík/Reynir,0,2,81,0.02025
2025-08-09,3,Kári,Dalvík/Reynir,0,3,48,0.012
2025-08-09,3,Kári,Dalvík/Reynir,0,4,40,0.01
2025-08-09,3,Kári,Dalvík/Reynir,0,5,15,0.00375
2025-08-09,3,Kári,Dalvík/Reynir,0,6,4,0.001
2025-08-09,3,Kári,Dalvík/Reynir,0,7,2,5e-4
2025-08-09,3,Kári,Dalvík/Reynir,1,0,132,0.033
2025-08-09,3,Kári,Dalvík/Reynir,1,1,249,0.06225
2025-08-09,3,Kári,Dalvík/Reynir,1,2,215,0.05375
2025-08-09,3,Kári,Dalvík/Reynir,1,3,165,0.04125
2025-08-09,3,Kári,Dalvík/Reynir,1,4,71,0.01775
2025-08-09,3,Kári,Dalvík/Reynir,1,5,26,0.0065
2025-08-09,3,Kári,Dalvík/Reynir,1,6,10,0.0025
2025-08-09,3,Kári,Dalvík/Reynir,1,7,7,0.00175
2025-08-09,3,Kári,Dalvík/Reynir,1,8,1,2.5e-4
2025-08-09,3,Kári,Dalvík/Reynir,2,0,171,0.04275
2025-08-09,3,Kári,Dalvík/Reynir,2,1,235,0.05875
2025-08-09,3,Kári,Dalvík/Reynir,2,2,267,0.06675
2025-08-09,3,Kári,Dalvík/Reynir,2,3,173,0.04325
2025-08-09,3,Kári,Dalvík/Reynir,2,4,82,0.0205
2025-08-09,3,Kári,Dalvík/Reynir,2,5,41,0.01025
2025-08-09,3,Kári,Dalvík/Reynir,2,6,15,0.00375
2025-08-09,3,Kári,Dalvík/Reynir,2,7,7,0.00175
2025-08-09,3,Kári,Dalvík/Reynir,2,8,2,5e-4
2025-08-09,3,Kári,Dalvík/Reynir,2,9,1,2.5e-4
2025-08-09,3,Kári,Dalvík/Reynir,3,0,114,0.0285
2025-08-09,3,Kári,Dalvík/Reynir,3,1,218,0.0545
2025-08-09,3,Kári,Dalvík/Reynir,3,2,198,0.0495
2025-08-09,3,Kári,Dalvík/Reynir,3,3,133,0.03325
2025-08-09,3,Kári,Dalvík/Reynir,3,4,79,0.01975
2025-08-09,3,Kári,Dalvík/Reynir,3,5,27,0.00675
2025-08-09,3,Kári,Dalvík/Reynir,3,6,16,0.004
2025-08-09,3,Kári,Dalvík/Reynir,3,7,7,0.00175
2025-08-09,3,Kári,Dalvík/Reynir,3,8,1,2.5e-4
2025-08-09,3,Kári,Dalvík/Reynir,4,0,86,0.0215
2025-08-09,3,Kári,Dalvík/Reynir,4,1,134,0.0335
2025-08-09,3,Kári,Dalvík/Reynir,4,2,141,0.03525
2025-08-09,3,Kári,Dalvík/Reynir,4,3,71,0.01775
2025-08-09,3,Kári,Dalvík/Reynir,4,4,49,0.01225
2025-08-09,3,Kári,Dalvík/Reynir,4,5,18,0.0045
2025-08-09,3,Kári,Dalvík/Reynir,4,6,10,0.0025
2025-08-09,3,Kári,Dalvík/Reynir,5,0,34,0.0085
2025-08-09,3,Kári,Dalvík/Reynir,5,1,67,0.01675
2025-08-09,3,Kári,Dalvík/Reynir,5,2,74,0.0185
2025-08-09,3,Kári,Dalvík/Reynir,5,3,42,0.0105
2025-08-09,3,Kári,Dalvík/Reynir,5,4,21,0.00525
2025-08-09,3,Kári,Dalvík/Reynir,5,5,8,0.002
2025-08-09,3,Kári,Dalvík/Reynir,5,6,3,7.5e-4
2025-08-09,3,Kári,Dalvík/Reynir,5,7,1,2.5e-4
2025-08-09,3,Kári,Dalvík/Reynir,5,8,1,2.5e-4
2025-08-09,3,Kári,Dalvík/Reynir,6,0,16,0.004
2025-08-09,3,Kári,Dalvík/Reynir,6,1,40,0.01
2025-08-09,3,Kári,Dalvík/Reynir,6,2,31,0.00775
2025-08-09,3,Kári,Dalvík/Reynir,6,3,30,0.0075
2025-08-09,3,Kári,Dalvík/Reynir,6,4,8,0.002
2025-08-09,3,Kári,Dalvík/Reynir,6,5,3,7.5e-4
2025-08-09,3,Kári,Dalvík/Reynir,6,6,3,7.5e-4
2025-08-09,3,Kári,Dalvík/Reynir,7,0,7,0.00175
2025-08-09,3,Kári,Dalvík/Reynir,7,1,13,0.00325
2025-08-09,3,Kári,Dalvík/Reynir,7,2,7,0.00175
2025-08-09,3,Kári,Dalvík/Reynir,7,3,9,0.00225
2025-08-09,3,Kári,Dalvík/Reynir,7,4,5,0.00125
2025-08-09,3,Kári,Dalvík/Reynir,7,5,4,0.001
2025-08-09,3,Kári,Dalvík/Reynir,7,6,1,2.5e-4
2025-08-09,3,Kári,Dalvík/Reynir,8,0,4,0.001
2025-08-09,3,Kári,Dalvík/Reynir,8,1,7,0.00175
2025-08-09,3,Kári,Dalvík/Reynir,8,2,4,0.001
2025-08-09,3,Kári,Dalvík/Reynir,8,3,3,7.5e-4
2025-08-09,3,Kári,Dalvík/Reynir,9,0,2,5e-4
2025-08-09,3,Kári,Dalvík/Reynir,9,3,3,7.5e-4
2025-08-09,3,Kári,Dalvík/Reynir,10,3,1,2.5e-4
2025-08-09,3,Kári,Dalvík/Reynir,10,7,1,2.5e-4
2025-08-09,3,Kári,Dalvík/Reynir,12,2,1,2.5e-4
2025-08-09,3,Þróttur V.,KFA,0,0,114,0.0285
2025-08-09,3,Þróttur V.,KFA,0,1,132,0.033
2025-08-09,3,Þróttur V.,KFA,0,2,94,0.0235
2025-08-09,3,Þróttur V.,KFA,0,3,45,0.01125
2025-08-09,3,Þróttur V.,KFA,0,4,13,0.00325
2025-08-09,3,Þróttur V.,KFA,0,5,9,0.00225
2025-08-09,3,Þróttur V.,KFA,0,6,2,5e-4
2025-08-09,3,Þróttur V.,KFA,0,8,1,2.5e-4
2025-08-09,3,Þróttur V.,KFA,0,9,1,2.5e-4
2025-08-09,3,Þróttur V.,KFA,1,0,213,0.05325
2025-08-09,3,Þróttur V.,KFA,1,1,322,0.0805
2025-08-09,3,Þróttur V.,KFA,1,2,233,0.05825
2025-08-09,3,Þróttur V.,KFA,1,3,126,0.0315
2025-08-09,3,Þróttur V.,KFA,1,4,49,0.01225
2025-08-09,3,Þróttur V.,KFA,1,5,15,0.00375
2025-08-09,3,Þróttur V.,KFA,1,6,2,5e-4
2025-08-09,3,Þróttur V.,KFA,1,7,2,5e-4
2025-08-09,3,Þróttur V.,KFA,1,8,1,2.5e-4
2025-08-09,3,Þróttur V.,KFA,2,0,199,0.04975
2025-08-09,3,Þróttur V.,KFA,2,1,314,0.0785
2025-08-09,3,Þróttur V.,KFA,2,2,257,0.06425
2025-08-09,3,Þróttur V.,KFA,2,3,148,0.037
2025-08-09,3,Þróttur V.,KFA,2,4,46,0.0115
2025-08-09,3,Þróttur V.,KFA,2,5,14,0.0035
2025-08-09,3,Þróttur V.,KFA,2,6,8,0.002
2025-08-09,3,Þróttur V.,KFA,2,7,2,5e-4
2025-08-09,3,Þróttur V.,KFA,2,8,1,2.5e-4
2025-08-09,3,Þróttur V.,KFA,3,0,165,0.04125
2025-08-09,3,Þróttur V.,KFA,3,1,253,0.06325
2025-08-09,3,Þróttur V.,KFA,3,2,201,0.05025
2025-08-09,3,Þróttur V.,KFA,3,3,106,0.0265
2025-08-09,3,Þróttur V.,KFA,3,4,47,0.01175
2025-08-09,3,Þróttur V.,KFA,3,5,10,0.0025
2025-08-09,3,Þróttur V.,KFA,3,6,6,0.0015
2025-08-09,3,Þróttur V.,KFA,3,7,2,5e-4
2025-08-09,3,Þróttur V.,KFA,4,0,84,0.021
2025-08-09,3,Þróttur V.,KFA,4,1,151,0.03775
2025-08-09,3,Þróttur V.,KFA,4,2,121,0.03025
2025-08-09,3,Þróttur V.,KFA,4,3,60,0.015
2025-08-09,3,Þróttur V.,KFA,4,4,27,0.00675
2025-08-09,3,Þróttur V.,KFA,4,5,8,0.002
2025-08-09,3,Þróttur V.,KFA,4,6,1,2.5e-4
2025-08-09,3,Þróttur V.,KFA,5,0,54,0.0135
2025-08-09,3,Þróttur V.,KFA,5,1,70,0.0175
2025-08-09,3,Þróttur V.,KFA,5,2,58,0.0145
2025-08-09,3,Þróttur V.,KFA,5,3,33,0.00825
2025-08-09,3,Þróttur V.,KFA,5,4,18,0.0045
2025-08-09,3,Þróttur V.,KFA,5,5,9,0.00225
2025-08-09,3,Þróttur V.,KFA,5,6,2,5e-4
2025-08-09,3,Þróttur V.,KFA,5,8,1,2.5e-4
2025-08-09,3,Þróttur V.,KFA,6,0,21,0.00525
2025-08-09,3,Þróttur V.,KFA,6,1,31,0.00775
2025-08-09,3,Þróttur V.,KFA,6,2,25,0.00625
2025-08-09,3,Þróttur V.,KFA,6,3,18,0.0045
2025-08-09,3,Þróttur V.,KFA,6,4,3,7.5e-4
2025-08-09,3,Þróttur V.,KFA,6,5,2,5e-4
2025-08-09,3,Þróttur V.,KFA,6,6,1,2.5e-4
2025-08-09,3,Þróttur V.,KFA,7,0,7,0.00175
2025-08-09,3,Þróttur V.,KFA,7,1,13,0.00325
2025-08-09,3,Þróttur V.,KFA,7,2,7,0.00175
2025-08-09,3,Þróttur V.,KFA,7,3,4,0.001
2025-08-09,3,Þróttur V.,KFA,7,4,4,0.001
2025-08-09,3,Þróttur V.,KFA,7,5,2,5e-4
2025-08-09,3,Þróttur V.,KFA,8,0,4,0.001
2025-08-09,3,Þróttur V.,KFA,8,1,1,2.5e-4
2025-08-09,3,Þróttur V.,KFA,8,2,2,5e-4
2025-08-09,3,Þróttur V.,KFA,8,3,1,2.5e-4
2025-08-09,3,Þróttur V.,KFA,8,4,1,2.5e-4
2025-08-09,3,Þróttur V.,KFA,9,1,2,5e-4
2025-08-09,3,Þróttur V.,KFA,11,2,1,2.5e-4
2025-08-09,4,KV,Magni,0,0,43,0.01075
2025-08-09,4,KV,Magni,0,1,80,0.02
2025-08-09,4,KV,Magni,0,2,85,0.02125
2025-08-09,4,KV,Magni,0,3,60,0.015
2025-08-09,4,KV,Magni,0,4,37,0.00925
2025-08-09,4,KV,Magni,0,5,23,0.00575
2025-08-09,4,KV,Magni,0,6,7,0.00175
2025-08-09,4,KV,Magni,0,7,1,2.5e-4
2025-08-09,4,KV,Magni,1,0,78,0.0195
2025-08-09,4,KV,Magni,1,1,198,0.0495
2025-08-09,4,KV,Magni,1,2,195,0.04875
2025-08-09,4,KV,Magni,1,3,180,0.045
2025-08-09,4,KV,Magni,1,4,73,0.01825
2025-08-09,4,KV,Magni,1,5,52,0.013
2025-08-09,4,KV,Magni,1,6,29,0.00725
2025-08-09,4,KV,Magni,1,7,10,0.0025
2025-08-09,4,KV,Magni,1,8,2,5e-4
2025-08-09,4,KV,Magni,1,12,1,2.5e-4
2025-08-09,4,KV,Magni,2,0,92,0.023
2025-08-09,4,KV,Magni,2,1,212,0.053
2025-08-09,4,KV,Magni,2,2,258,0.0645
2025-08-09,4,KV,Magni,2,3,187,0.04675
2025-08-09,4,KV,Magni,2,4,132,0.033
2025-08-09,4,KV,Magni,2,5,90,0.0225
2025-08-09,4,KV,Magni,2,6,34,0.0085
2025-08-09,4,KV,Magni,2,7,8,0.002
2025-08-09,4,KV,Magni,2,8,5,0.00125
2025-08-09,4,KV,Magni,2,9,2,5e-4
2025-08-09,4,KV,Magni,3,0,81,0.02025
2025-08-09,4,KV,Magni,3,1,182,0.0455
2025-08-09,4,KV,Magni,3,2,185,0.04625
2025-08-09,4,KV,Magni,3,3,150,0.0375
2025-08-09,4,KV,Magni,3,4,101,0.02525
2025-08-09,4,KV,Magni,3,5,46,0.0115
2025-08-09,4,KV,Magni,3,6,21,0.00525
2025-08-09,4,KV,Magni,3,7,8,0.002
2025-08-09,4,KV,Magni,3,8,6,0.0015
2025-08-09,4,KV,Magni,3,9,2,5e-4
2025-08-09,4,KV,Magni,3,10,1,2.5e-4
2025-08-09,4,KV,Magni,4,0,61,0.01525
2025-08-09,4,KV,Magni,4,1,104,0.026
2025-08-09,4,KV,Magni,4,2,133,0.03325
2025-08-09,4,KV,Magni,4,3,94,0.0235
2025-08-09,4,KV,Magni,4,4,76,0.019
2025-08-09,4,KV,Magni,4,5,41,0.01025
2025-08-09,4,KV,Magni,4,6,12,0.003
2025-08-09,4,KV,Magni,4,7,9,0.00225
2025-08-09,4,KV,Magni,4,8,2,5e-4
2025-08-09,4,KV,Magni,4,10,1,2.5e-4
2025-08-09,4,KV,Magni,5,0,26,0.0065
2025-08-09,4,KV,Magni,5,1,52,0.013
2025-08-09,4,KV,Magni,5,2,82,0.0205
2025-08-09,4,KV,Magni,5,3,63,0.01575
2025-08-09,4,KV,Magni,5,4,31,0.00775
2025-08-09,4,KV,Magni,5,5,20,0.005
2025-08-09,4,KV,Magni,5,6,12,0.003
2025-08-09,4,KV,Magni,5,7,8,0.002
2025-08-09,4,KV,Magni,6,0,10,0.0025
2025-08-09,4,KV,Magni,6,1,38,0.0095
2025-08-09,4,KV,Magni,6,2,36,0.009
2025-08-09,4,KV,Magni,6,3,28,0.007
2025-08-09,4,KV,Magni,6,4,8,0.002
2025-08-09,4,KV,Magni,6,5,7,0.00175
2025-08-09,4,KV,Magni,6,6,2,5e-4
2025-08-09,4,KV,Magni,6,7,2,5e-4
2025-08-09,4,KV,Magni,7,0,9,0.00225
2025-08-09,4,KV,Magni,7,1,6,0.0015
2025-08-09,4,KV,Magni,7,2,16,0.004
2025-08-09,4,KV,Magni,7,3,15,0.00375
2025-08-09,4,KV,Magni,7,4,8,0.002
2025-08-09,4,KV,Magni,7,5,5,0.00125
2025-08-09,4,KV,Magni,7,6,2,5e-4
2025-08-09,4,KV,Magni,7,7,1,2.5e-4
2025-08-09,4,KV,Magni,7,8,1,2.5e-4
2025-08-09,4,KV,Magni,8,0,3,7.5e-4
2025-08-09,4,KV,Magni,8,1,2,5e-4
2025-08-09,4,KV,Magni,8,2,3,7.5e-4
2025-08-09,4,KV,Magni,8,3,3,7.5e-4
2025-08-09,4,KV,Magni,8,4,1,2.5e-4
2025-08-09,4,KV,Magni,8,5,1,2.5e-4
2025-08-09,4,KV,Magni,9,1,5,0.00125
2025-08-09,4,KV,Magni,9,3,1,2.5e-4
2025-08-09,4,KV,Magni,9,4,1,2.5e-4
2025-08-09,4,KV,Magni,10,2,1,2.5e-4
2025-08-09,4,KV,Magni,10,4,1,2.5e-4
2025-08-09,4,Sindri,Hvíti riddarinn,0,0,161,0.04025
2025-08-09,4,Sindri,Hvíti riddarinn,0,1,207,0.05175
2025-08-09,4,Sindri,Hvíti riddarinn,0,2,152,0.038
2025-08-09,4,Sindri,Hvíti riddarinn,0,3,95,0.02375
2025-08-09,4,Sindri,Hvíti riddarinn,0,4,32,0.008
2025-08-09,4,Sindri,Hvíti riddarinn,0,5,11,0.00275
2025-08-09,4,Sindri,Hvíti riddarinn,0,6,5,0.00125
2025-08-09,4,Sindri,Hvíti riddarinn,0,7,1,2.5e-4
2025-08-09,4,Sindri,Hvíti riddarinn,1,0,281,0.07025
2025-08-09,4,Sindri,Hvíti riddarinn,1,1,380,0.095
2025-08-09,4,Sindri,Hvíti riddarinn,1,2,290,0.0725
2025-08-09,4,Sindri,Hvíti riddarinn,1,3,167,0.04175
2025-08-09,4,Sindri,Hvíti riddarinn,1,4,61,0.01525
2025-08-09,4,Sindri,Hvíti riddarinn,1,5,22,0.0055
2025-08-09,4,Sindri,Hvíti riddarinn,1,6,11,0.00275
2025-08-09,4,Sindri,Hvíti riddarinn,1,7,1,2.5e-4
2025-08-09,4,Sindri,Hvíti riddarinn,1,8,1,2.5e-4
2025-08-09,4,Sindri,Hvíti riddarinn,2,0,222,0.0555
2025-08-09,4,Sindri,Hvíti riddarinn,2,1,305,0.07625
2025-08-09,4,Sindri,Hvíti riddarinn,2,2,272,0.068
2025-08-09,4,Sindri,Hvíti riddarinn,2,3,119,0.02975
2025-08-09,4,Sindri,Hvíti riddarinn,2,4,49,0.01225
2025-08-09,4,Sindri,Hvíti riddarinn,2,5,16,0.004
2025-08-09,4,Sindri,Hvíti riddarinn,2,6,5,0.00125
2025-08-09,4,Sindri,Hvíti riddarinn,2,7,2,5e-4
2025-08-09,4,Sindri,Hvíti riddarinn,3,0,124,0.031
2025-08-09,4,Sindri,Hvíti riddarinn,3,1,205,0.05125
2025-08-09,4,Sindri,Hvíti riddarinn,3,2,142,0.0355
2025-08-09,4,Sindri,Hvíti riddarinn,3,3,82,0.0205
2025-08-09,4,Sindri,Hvíti riddarinn,3,4,43,0.01075
2025-08-09,4,Sindri,Hvíti riddarinn,3,5,17,0.00425
2025-08-09,4,Sindri,Hvíti riddarinn,3,6,7,0.00175
2025-08-09,4,Sindri,Hvíti riddarinn,3,7,1,2.5e-4
2025-08-09,4,Sindri,Hvíti riddarinn,4,0,54,0.0135
2025-08-09,4,Sindri,Hvíti riddarinn,4,1,97,0.02425
2025-08-09,4,Sindri,Hvíti riddarinn,4,2,78,0.0195
2025-08-09,4,Sindri,Hvíti riddarinn,4,3,43,0.01075
2025-08-09,4,Sindri,Hvíti riddarinn,4,4,22,0.0055
2025-08-09,4,Sindri,Hvíti riddarinn,4,5,7,0.00175
2025-08-09,4,Sindri,Hvíti riddarinn,4,6,4,0.001
2025-08-09,4,Sindri,Hvíti riddarinn,4,7,2,5e-4
2025-08-09,4,Sindri,Hvíti riddarinn,5,0,30,0.0075
2025-08-09,4,Sindri,Hvíti riddarinn,5,1,35,0.00875
2025-08-09,4,Sindri,Hvíti riddarinn,5,2,35,0.00875
2025-08-09,4,Sindri,Hvíti riddarinn,5,3,17,0.00425
2025-08-09,4,Sindri,Hvíti riddarinn,5,4,7,0.00175
2025-08-09,4,Sindri,Hvíti riddarinn,5,5,3,7.5e-4
2025-08-09,4,Sindri,Hvíti riddarinn,5,6,2,5e-4
2025-08-09,4,Sindri,Hvíti riddarinn,5,10,1,2.5e-4
2025-08-09,4,Sindri,Hvíti riddarinn,6,0,10,0.0025
2025-08-09,4,Sindri,Hvíti riddarinn,6,1,13,0.00325
2025-08-09,4,Sindri,Hvíti riddarinn,6,2,14,0.0035
2025-08-09,4,Sindri,Hvíti riddarinn,6,3,9,0.00225
2025-08-09,4,Sindri,Hvíti riddarinn,6,4,3,7.5e-4
2025-08-09,4,Sindri,Hvíti riddarinn,6,5,1,2.5e-4
2025-08-09,4,Sindri,Hvíti riddarinn,6,6,1,2.5e-4
2025-08-09,4,Sindri,Hvíti riddarinn,7,0,2,5e-4
2025-08-09,4,Sindri,Hvíti riddarinn,7,1,4,0.001
2025-08-09,4,Sindri,Hvíti riddarinn,7,2,2,5e-4
2025-08-09,4,Sindri,Hvíti riddarinn,7,3,4,0.001
2025-08-09,4,Sindri,Hvíti riddarinn,7,4,2,5e-4
2025-08-09,4,Sindri,Hvíti riddarinn,7,5,1,2.5e-4
2025-08-09,4,Sindri,Hvíti riddarinn,7,7,1,2.5e-4
2025-08-09,4,Sindri,Hvíti riddarinn,8,1,1,2.5e-4
2025-08-09,4,Sindri,Hvíti riddarinn,8,2,1,2.5e-4
2025-08-09,4,Sindri,Hvíti riddarinn,8,3,2,5e-4
2025-08-09,4,Sindri,Hvíti riddarinn,9,0,1,2.5e-4
2025-08-09,4,Sindri,Hvíti riddarinn,10,1,2,5e-4
2025-08-09,4,ÍH,KF,0,0,72,0.018
2025-08-09,4,ÍH,KF,0,1,104,0.026
2025-08-09,4,ÍH,KF,0,2,94,0.0235
2025-08-09,4,ÍH,KF,0,3,44,0.011
2025-08-09,4,ÍH,KF,0,4,20,0.005
2025-08-09,4,ÍH,KF,0,5,7,0.00175
2025-08-09,4,ÍH,KF,0,6,3,7.5e-4
2025-08-09,4,ÍH,KF,1,0,118,0.0295
2025-08-09,4,ÍH,KF,1,1,234,0.0585
2025-08-09,4,ÍH,KF,1,2,203,0.05075
2025-08-09,4,ÍH,KF,1,3,95,0.02375
2025-08-09,4,ÍH,KF,1,4,53,0.01325
2025-08-09,4,ÍH,KF,1,5,20,0.005
2025-08-09,4,ÍH,KF,1,6,7,0.00175
2025-08-09,4,ÍH,KF,1,7,3,7.5e-4
2025-08-09,4,ÍH,KF,1,9,1,2.5e-4
2025-08-09,4,ÍH,KF,2,0,183,0.04575
2025-08-09,4,ÍH,KF,2,1,260,0.065
2025-08-09,4,ÍH,KF,2,2,246,0.0615
2025-08-09,4,ÍH,KF,2,3,150,0.0375
2025-08-09,4,ÍH,KF,2,4,80,0.02
2025-08-09,4,ÍH,KF,2,5,29,0.00725
2025-08-09,4,ÍH,KF,2,6,7,0.00175
2025-08-09,4,ÍH,KF,2,7,5,0.00125
2025-08-09,4,ÍH,KF,2,8,2,5e-4
2025-08-09,4,ÍH,KF,3,0,131,0.03275
2025-08-09,4,ÍH,KF,3,1,249,0.06225
2025-08-09,4,ÍH,KF,3,2,225,0.05625
2025-08-09,4,ÍH,KF,3,3,125,0.03125
2025-08-09,4,ÍH,KF,3,4,57,0.01425
2025-08-09,4,ÍH,KF,3,5,30,0.0075
2025-08-09,4,ÍH,KF,3,6,8,0.002
2025-08-09,4,ÍH,KF,3,7,4,0.001
2025-08-09,4,ÍH,KF,3,8,1,2.5e-4
2025-08-09,4,ÍH,KF,3,9,1,2.5e-4
2025-08-09,4,ÍH,KF,4,0,83,0.02075
2025-08-09,4,ÍH,KF,4,1,168,0.042
2025-08-09,4,ÍH,KF,4,2,133,0.03325
2025-08-09,4,ÍH,KF,4,3,96,0.024
2025-08-09,4,ÍH,KF,4,4,37,0.00925
2025-08-09,4,ÍH,KF,4,5,18,0.0045
2025-08-09,4,ÍH,KF,4,6,10,0.0025
2025-08-09,4,ÍH,KF,4,7,6,0.0015
2025-08-09,4,ÍH,KF,5,0,55,0.01375
2025-08-09,4,ÍH,KF,5,1,91,0.02275
2025-08-09,4,ÍH,KF,5,2,74,0.0185
2025-08-09,4,ÍH,KF,5,3,53,0.01325
2025-08-09,4,ÍH,KF,5,4,20,0.005
2025-08-09,4,ÍH,KF,5,5,13,0.00325
2025-08-09,4,ÍH,KF,5,6,1,2.5e-4
2025-08-09,4,ÍH,KF,5,7,1,2.5e-4
2025-08-09,4,ÍH,KF,5,8,1,2.5e-4
2025-08-09,4,ÍH,KF,6,0,38,0.0095
2025-08-09,4,ÍH,KF,6,1,42,0.0105
2025-08-09,4,ÍH,KF,6,2,37,0.00925
2025-08-09,4,ÍH,KF,6,3,28,0.007
2025-08-09,4,ÍH,KF,6,4,11,0.00275
2025-08-09,4,ÍH,KF,6,5,8,0.002
2025-08-09,4,ÍH,KF,6,6,4,0.001
2025-08-09,4,ÍH,KF,6,7,1,2.5e-4
2025-08-09,4,ÍH,KF,7,0,11,0.00275
2025-08-09,4,ÍH,KF,7,1,20,0.005
2025-08-09,4,ÍH,KF,7,2,18,0.0045
2025-08-09,4,ÍH,KF,7,3,7,0.00175
2025-08-09,4,ÍH,KF,7,4,3,7.5e-4
2025-08-09,4,ÍH,KF,7,5,2,5e-4
2025-08-09,4,ÍH,KF,8,0,8,0.002
2025-08-09,4,ÍH,KF,8,1,5,0.00125
2025-08-09,4,ÍH,KF,8,2,3,7.5e-4
2025-08-09,4,ÍH,KF,8,3,6,0.0015
2025-08-09,4,ÍH,KF,9,0,1,2.5e-4
2025-08-09,4,ÍH,KF,9,1,4,0.001
2025-08-09,4,ÍH,KF,9,2,2,5e-4
2025-08-09,4,ÍH,KF,9,3,3,7.5e-4
2025-08-09,4,ÍH,KF,9,5,1,2.5e-4
2025-08-09,4,ÍH,KF,10,1,1,2.5e-4
2025-08-09,4,ÍH,KF,10,2,2,5e-4
2025-08-09,4,ÍH,KF,10,3,2,5e-4
2025-08-09,4,ÍH,KF,11,3,1,2.5e-4
2025-08-09,4,Ýmir,Reynir S.,0,0,80,0.02
2025-08-09,4,Ýmir,Reynir S.,0,1,116,0.029
2025-08-09,4,Ýmir,Reynir S.,0,2,93,0.02325
2025-08-09,4,Ýmir,Reynir S.,0,3,66,0.0165
2025-08-09,4,Ýmir,Reynir S.,0,4,40,0.01
2025-08-09,4,Ýmir,Reynir S.,0,5,19,0.00475
2025-08-09,4,Ýmir,Reynir S.,0,6,7,0.00175
2025-08-09,4,Ýmir,Reynir S.,0,7,2,5e-4
2025-08-09,4,Ýmir,Reynir S.,1,0,134,0.0335
2025-08-09,4,Ýmir,Reynir S.,1,1,257,0.06425
2025-08-09,4,Ýmir,Reynir S.,1,2,234,0.0585
2025-08-09,4,Ýmir,Reynir S.,1,3,161,0.04025
2025-08-09,4,Ýmir,Reynir S.,1,4,89,0.02225
2025-08-09,4,Ýmir,Reynir S.,1,5,34,0.0085
2025-08-09,4,Ýmir,Reynir S.,1,6,14,0.0035
2025-08-09,4,Ýmir,Reynir S.,1,7,3,7.5e-4
2025-08-09,4,Ýmir,Reynir S.,1,8,1,2.5e-4
2025-08-09,4,Ýmir,Reynir S.,2,0,175,0.04375
2025-08-09,4,Ýmir,Reynir S.,2,1,258,0.0645
2025-08-09,4,Ýmir,Reynir S.,2,2,241,0.06025
2025-08-09,4,Ýmir,Reynir S.,2,3,191,0.04775
2025-08-09,4,Ýmir,Reynir S.,2,4,82,0.0205
2025-08-09,4,Ýmir,Reynir S.,2,5,43,0.01075
2025-08-09,4,Ýmir,Reynir S.,2,6,15,0.00375
2025-08-09,4,Ýmir,Reynir S.,2,7,4,0.001
2025-08-09,4,Ýmir,Reynir S.,2,8,3,7.5e-4
2025-08-09,4,Ýmir,Reynir S.,2,10,1,2.5e-4
2025-08-09,4,Ýmir,Reynir S.,3,0,103,0.02575
2025-08-09,4,Ýmir,Reynir S.,3,1,232,0.058
2025-08-09,4,Ýmir,Reynir S.,3,2,190,0.0475
2025-08-09,4,Ýmir,Reynir S.,3,3,133,0.03325
2025-08-09,4,Ýmir,Reynir S.,3,4,65,0.01625
2025-08-09,4,Ýmir,Reynir S.,3,5,38,0.0095
2025-08-09,4,Ýmir,Reynir S.,3,6,12,0.003
2025-08-09,4,Ýmir,Reynir S.,3,7,5,0.00125
2025-08-09,4,Ýmir,Reynir S.,3,8,2,5e-4
2025-08-09,4,Ýmir,Reynir S.,3,10,1,2.5e-4
2025-08-09,4,Ýmir,Reynir S.,4,0,63,0.01575
2025-08-09,4,Ýmir,Reynir S.,4,1,107,0.02675
2025-08-09,4,Ýmir,Reynir S.,4,2,125,0.03125
2025-08-09,4,Ýmir,Reynir S.,4,3,69,0.01725
2025-08-09,4,Ýmir,Reynir S.,4,4,61,0.01525
2025-08-09,4,Ýmir,Reynir S.,4,5,15,0.00375
2025-08-09,4,Ýmir,Reynir S.,4,6,6,0.0015
2025-08-09,4,Ýmir,Reynir S.,4,7,9,0.00225
2025-08-09,4,Ýmir,Reynir S.,4,8,3,7.5e-4
2025-08-09,4,Ýmir,Reynir S.,5,0,22,0.0055
2025-08-09,4,Ýmir,Reynir S.,5,1,61,0.01525
2025-08-09,4,Ýmir,Reynir S.,5,2,77,0.01925
2025-08-09,4,Ýmir,Reynir S.,5,3,50,0.0125
2025-08-09,4,Ýmir,Reynir S.,5,4,20,0.005
2025-08-09,4,Ýmir,Reynir S.,5,5,13,0.00325
2025-08-09,4,Ýmir,Reynir S.,5,6,5,0.00125
2025-08-09,4,Ýmir,Reynir S.,5,7,1,2.5e-4
2025-08-09,4,Ýmir,Reynir S.,5,8,1,2.5e-4
2025-08-09,4,Ýmir,Reynir S.,6,0,4,0.001
2025-08-09,4,Ýmir,Reynir S.,6,1,17,0.00425
2025-08-09,4,Ýmir,Reynir S.,6,2,15,0.00375
2025-08-09,4,Ýmir,Reynir S.,6,3,17,0.00425
2025-08-09,4,Ýmir,Reynir S.,6,4,14,0.0035
2025-08-09,4,Ýmir,Reynir S.,6,5,7,0.00175
2025-08-09,4,Ýmir,Reynir S.,6,6,3,7.5e-4
2025-08-09,4,Ýmir,Reynir S.,6,7,3,7.5e-4
2025-08-09,4,Ýmir,Reynir S.,7,0,2,5e-4
2025-08-09,4,Ýmir,Reynir S.,7,1,16,0.004
2025-08-09,4,Ýmir,Reynir S.,7,2,8,0.002
2025-08-09,4,Ýmir,Reynir S.,7,3,3,7.5e-4
2025-08-09,4,Ýmir,Reynir S.,7,4,6,0.0015
2025-08-09,4,Ýmir,Reynir S.,7,5,3,7.5e-4
2025-08-09,4,Ýmir,Reynir S.,7,7,1,2.5e-4
2025-08-09,4,Ýmir,Reynir S.,8,0,2,5e-4
2025-08-09,4,Ýmir,Reynir S.,8,1,6,0.0015
2025-08-09,4,Ýmir,Reynir S.,8,2,5,0.00125
2025-08-09,4,Ýmir,Reynir S.,8,3,4,0.001
2025-08-09,4,Ýmir,Reynir S.,8,4,2,5e-4
2025-08-09,4,Ýmir,Reynir S.,8,5,1,2.5e-4
2025-08-09,4,Ýmir,Reynir S.,8,7,1,2.5e-4
2025-08-09,4,Ýmir,Reynir S.,9,0,1,2.5e-4
2025-08-09,4,Ýmir,Reynir S.,9,1,2,5e-4
2025-08-09,4,Ýmir,Reynir S.,9,2,2,5e-4
2025-08-09,4,Ýmir,Reynir S.,10,1,1,2.5e-4
2025-08-09,4,Ýmir,Reynir S.,10,2,1,2.5e-4
2025-08-09,4,Ýmir,Reynir S.,11,3,1,2.5e-4
2025-08-09,5,Elliði,KH,0,0,564,0.141
2025-08-09,5,Elliði,KH,0,1,462,0.1155
2025-08-09,5,Elliði,KH,0,2,224,0.056
2025-08-09,5,Elliði,KH,0,3,76,0.019
2025-08-09,5,Elliði,KH,0,4,27,0.00675
2025-08-09,5,Elliði,KH,0,6,2,5e-4
2025-08-09,5,Elliði,KH,1,0,473,0.11825
2025-08-09,5,Elliði,KH,1,1,506,0.1265
2025-08-09,5,Elliði,KH,1,2,268,0.067
2025-08-09,5,Elliði,KH,1,3,87,0.02175
2025-08-09,5,Elliði,KH,1,4,25,0.00625
2025-08-09,5,Elliði,KH,1,5,9,0.00225
2025-08-09,5,Elliði,KH,1,6,1,2.5e-4
2025-08-09,5,Elliði,KH,2,0,300,0.075
2025-08-09,5,Elliði,KH,2,1,289,0.07225
2025-08-09,5,Elliði,KH,2,2,170,0.0425
2025-08-09,5,Elliði,KH,2,3,48,0.012
2025-08-09,5,Elliði,KH,2,4,7,0.00175
2025-08-09,5,Elliði,KH,2,5,1,2.5e-4
2025-08-09,5,Elliði,KH,2,6,1,2.5e-4
2025-08-09,5,Elliði,KH,3,0,119,0.02975
2025-08-09,5,Elliði,KH,3,1,109,0.02725
2025-08-09,5,Elliði,KH,3,2,59,0.01475
2025-08-09,5,Elliði,KH,3,3,17,0.00425
2025-08-09,5,Elliði,KH,3,4,9,0.00225
2025-08-09,5,Elliði,KH,3,5,1,2.5e-4
2025-08-09,5,Elliði,KH,4,0,31,0.00775
2025-08-09,5,Elliði,KH,4,1,40,0.01
2025-08-09,5,Elliði,KH,4,2,23,0.00575
2025-08-09,5,Elliði,KH,4,3,6,0.0015
2025-08-09,5,Elliði,KH,4,4,6,0.0015
2025-08-09,5,Elliði,KH,5,0,10,0.0025
2025-08-09,5,Elliði,KH,5,1,12,0.003
2025-08-09,5,Elliði,KH,5,2,5,0.00125
2025-08-09,5,Elliði,KH,5,3,3,7.5e-4
2025-08-09,5,Elliði,KH,5,4,2,5e-4
2025-08-09,5,Elliði,KH,6,0,2,5e-4
2025-08-09,5,Elliði,KH,6,1,2,5e-4
2025-08-09,5,Elliði,KH,7,1,2,5e-4
2025-08-09,5,Elliði,KH,7,3,1,2.5e-4
2025-08-09,5,Elliði,KH,9,2,1,2.5e-4
2025-08-09,5,Hamar,KFS,0,0,58,0.0145
2025-08-09,5,Hamar,KFS,0,1,78,0.0195
2025-08-09,5,Hamar,KFS,0,2,52,0.013
2025-08-09,5,Hamar,KFS,0,3,47,0.01175
2025-08-09,5,Hamar,KFS,0,4,15,0.00375
2025-08-09,5,Hamar,KFS,0,5,6,0.0015
2025-08-09,5,Hamar,KFS,0,6,1,2.5e-4
2025-08-09,5,Hamar,KFS,0,7,1,2.5e-4
2025-08-09,5,Hamar,KFS,0,9,1,2.5e-4
2025-08-09,5,Hamar,KFS,1,0,148,0.037
2025-08-09,5,Hamar,KFS,1,1,208,0.052
2025-08-09,5,Hamar,KFS,1,2,179,0.04475
2025-08-09,5,Hamar,KFS,1,3,101,0.02525
2025-08-09,5,Hamar,KFS,1,4,38,0.0095
2025-08-09,5,Hamar,KFS,1,5,8,0.002
2025-08-09,5,Hamar,KFS,1,6,1,2.5e-4
2025-08-09,5,Hamar,KFS,2,0,161,0.04025
2025-08-09,5,Hamar,KFS,2,1,263,0.06575
2025-08-09,5,Hamar,KFS,2,2,249,0.06225
2025-08-09,5,Hamar,KFS,2,3,120,0.03
2025-08-09,5,Hamar,KFS,2,4,59,0.01475
2025-08-09,5,Hamar,KFS,2,5,25,0.00625
2025-08-09,5,Hamar,KFS,2,6,11,0.00275
2025-08-09,5,Hamar,KFS,2,7,3,7.5e-4
2025-08-09,5,Hamar,KFS,2,8,1,2.5e-4
2025-08-09,5,Hamar,KFS,2,9,1,2.5e-4
2025-08-09,5,Hamar,KFS,3,0,155,0.03875
2025-08-09,5,Hamar,KFS,3,1,244,0.061
2025-08-09,5,Hamar,KFS,3,2,208,0.052
2025-08-09,5,Hamar,KFS,3,3,114,0.0285
2025-08-09,5,Hamar,KFS,3,4,52,0.013
2025-08-09,5,Hamar,KFS,3,5,18,0.0045
2025-08-09,5,Hamar,KFS,3,6,9,0.00225
2025-08-09,5,Hamar,KFS,3,7,2,5e-4
2025-08-09,5,Hamar,KFS,4,0,105,0.02625
2025-08-09,5,Hamar,KFS,4,1,199,0.04975
2025-08-09,5,Hamar,KFS,4,2,160,0.04
2025-08-09,5,Hamar,KFS,4,3,88,0.022
2025-08-09,5,Hamar,KFS,4,4,46,0.0115
2025-08-09,5,Hamar,KFS,4,5,20,0.005
2025-08-09,5,Hamar,KFS,4,6,4,0.001
2025-08-09,5,Hamar,KFS,4,7,2,5e-4
2025-08-09,5,Hamar,KFS,4,8,1,2.5e-4
2025-08-09,5,Hamar,KFS,5,0,67,0.01675
2025-08-09,5,Hamar,KFS,5,1,99,0.02475
2025-08-09,5,Hamar,KFS,5,2,113,0.02825
2025-08-09,5,Hamar,KFS,5,3,68,0.017
2025-08-09,5,Hamar,KFS,5,4,31,0.00775
2025-08-09,5,Hamar,KFS,5,5,13,0.00325
2025-08-09,5,Hamar,KFS,5,6,3,7.5e-4
2025-08-09,5,Hamar,KFS,5,12,1,2.5e-4
2025-08-09,5,Hamar,KFS,6,0,35,0.00875
2025-08-09,5,Hamar,KFS,6,1,55,0.01375
2025-08-09,5,Hamar,KFS,6,2,40,0.01
2025-08-09,5,Hamar,KFS,6,3,26,0.0065
2025-08-09,5,Hamar,KFS,6,4,5,0.00125
2025-08-09,5,Hamar,KFS,6,5,9,0.00225
2025-08-09,5,Hamar,KFS,6,6,2,5e-4
2025-08-09,5,Hamar,KFS,7,0,21,0.00525
2025-08-09,5,Hamar,KFS,7,1,25,0.00625
2025-08-09,5,Hamar,KFS,7,2,18,0.0045
2025-08-09,5,Hamar,KFS,7,3,22,0.0055
2025-08-09,5,Hamar,KFS,7,4,8,0.002
2025-08-09,5,Hamar,KFS,7,5,2,5e-4
2025-08-09,5,Hamar,KFS,7,6,2,5e-4
2025-08-09,5,Hamar,KFS,8,0,6,0.0015
2025-08-09,5,Hamar,KFS,8,1,17,0.00425
2025-08-09,5,Hamar,KFS,8,2,11,0.00275
2025-08-09,5,Hamar,KFS,8,3,4,0.001
2025-08-09,5,Hamar,KFS,8,4,3,7.5e-4
2025-08-09,5,Hamar,KFS,8,5,1,2.5e-4
2025-08-09,5,Hamar,KFS,8,6,1,2.5e-4
2025-08-09,5,Hamar,KFS,9,0,3,7.5e-4
2025-08-09,5,Hamar,KFS,9,1,4,0.001
2025-08-09,5,Hamar,KFS,9,2,4,0.001
2025-08-09,5,Hamar,KFS,9,3,2,5e-4
2025-08-09,5,Hamar,KFS,9,4,4,0.001
2025-08-09,5,Hamar,KFS,9,5,1,2.5e-4
2025-08-09,5,Hamar,KFS,9,7,1,2.5e-4
2025-08-09,5,Hamar,KFS,10,0,2,5e-4
2025-08-09,5,Hamar,KFS,10,1,3,7.5e-4
2025-08-09,5,Hamar,KFS,10,2,1,2.5e-4
2025-08-09,5,Hamar,KFS,11,1,1,2.5e-4
2025-08-09,5,Hamar,KFS,11,4,1,2.5e-4
2025-08-09,5,Hamar,KFS,12,0,1,2.5e-4
2025-08-09,5,Hamar,KFS,12,3,1,2.5e-4
2025-08-09,5,Hamar,KFS,14,2,1,2.5e-4
2025-08-10,1,KA,ÍBV,0,0,174,0.0435
2025-08-10,1,KA,ÍBV,0,1,186,0.0465
2025-08-10,1,KA,ÍBV,0,2,89,0.02225
2025-08-10,1,KA,ÍBV,0,3,32,0.008
2025-08-10,1,KA,ÍBV,0,4,12,0.003
2025-08-10,1,KA,ÍBV,0,5,2,5e-4
2025-08-10,1,KA,ÍBV,1,0,321,0.08025
2025-08-10,1,KA,ÍBV,1,1,337,0.08425
2025-08-10,1,KA,ÍBV,1,2,178,0.0445
2025-08-10,1,KA,ÍBV,1,3,64,0.016
2025-08-10,1,KA,ÍBV,1,4,23,0.00575
2025-08-10,1,KA,ÍBV,1,5,5,0.00125
2025-08-10,1,KA,ÍBV,1,6,4,0.001
2025-08-10,1,KA,ÍBV,2,0,341,0.08525
2025-08-10,1,KA,ÍBV,2,1,434,0.1085
2025-08-10,1,KA,ÍBV,2,2,201,0.05025
2025-08-10,1,KA,ÍBV,2,3,66,0.0165
2025-08-10,1,KA,ÍBV,2,4,31,0.00775
2025-08-10,1,KA,ÍBV,2,5,11,0.00275
2025-08-10,1,KA,ÍBV,2,6,2,5e-4
2025-08-10,1,KA,ÍBV,2,7,3,7.5e-4
2025-08-10,1,KA,ÍBV,3,0,243,0.06075
2025-08-10,1,KA,ÍBV,3,1,250,0.0625
2025-08-10,1,KA,ÍBV,3,2,138,0.0345
2025-08-10,1,KA,ÍBV,3,3,56,0.014
2025-08-10,1,KA,ÍBV,3,4,17,0.00425
2025-08-10,1,KA,ÍBV,3,5,9,0.00225
2025-08-10,1,KA,ÍBV,3,6,1,2.5e-4
2025-08-10,1,KA,ÍBV,4,0,155,0.03875
2025-08-10,1,KA,ÍBV,4,1,158,0.0395
2025-08-10,1,KA,ÍBV,4,2,94,0.0235
2025-08-10,1,KA,ÍBV,4,3,29,0.00725
2025-08-10,1,KA,ÍBV,4,4,7,0.00175
2025-08-10,1,KA,ÍBV,4,5,1,2.5e-4
2025-08-10,1,KA,ÍBV,4,6,1,2.5e-4
2025-08-10,1,KA,ÍBV,5,0,55,0.01375
2025-08-10,1,KA,ÍBV,5,1,82,0.0205
2025-08-10,1,KA,ÍBV,5,2,35,0.00875
2025-08-10,1,KA,ÍBV,5,3,19,0.00475
2025-08-10,1,KA,ÍBV,5,4,1,2.5e-4
2025-08-10,1,KA,ÍBV,5,5,2,5e-4
2025-08-10,1,KA,ÍBV,5,6,1,2.5e-4
2025-08-10,1,KA,ÍBV,6,0,32,0.008
2025-08-10,1,KA,ÍBV,6,1,24,0.006
2025-08-10,1,KA,ÍBV,6,2,23,0.00575
2025-08-10,1,KA,ÍBV,6,3,4,0.001
2025-08-10,1,KA,ÍBV,6,4,4,0.001
2025-08-10,1,KA,ÍBV,6,5,1,2.5e-4
2025-08-10,1,KA,ÍBV,7,0,10,0.0025
2025-08-10,1,KA,ÍBV,7,1,8,0.002
2025-08-10,1,KA,ÍBV,7,2,6,0.0015
2025-08-10,1,KA,ÍBV,7,3,2,5e-4
2025-08-10,1,KA,ÍBV,7,4,1,2.5e-4
2025-08-10,1,KA,ÍBV,8,0,3,7.5e-4
2025-08-10,1,KA,ÍBV,8,1,6,0.0015
2025-08-10,1,KA,ÍBV,8,3,2,5e-4
2025-08-10,1,KA,ÍBV,9,0,1,2.5e-4
2025-08-10,1,KA,ÍBV,9,1,2,5e-4
2025-08-10,1,KA,ÍBV,10,2,1,2.5e-4
2025-08-10,1,Valur,Breiðablik,0,0,330,0.0825
2025-08-10,1,Valur,Breiðablik,0,1,329,0.08225
2025-08-10,1,Valur,Breiðablik,0,2,202,0.0505
2025-08-10,1,Valur,Breiðablik,0,3,82,0.0205
2025-08-10,1,Valur,Breiðablik,0,4,22,0.0055
2025-08-10,1,Valur,Breiðablik,0,5,6,0.0015
2025-08-10,1,Valur,Breiðablik,0,6,4,0.001
2025-08-10,1,Valur,Breiðablik,0,7,1,2.5e-4
2025-08-10,1,Valur,Breiðablik,1,0,449,0.11225
2025-08-10,1,Valur,Breiðablik,1,1,445,0.11125
2025-08-10,1,Valur,Breiðablik,1,2,264,0.066
2025-08-10,1,Valur,Breiðablik,1,3,94,0.0235
2025-08-10,1,Valur,Breiðablik,1,4,35,0.00875
2025-08-10,1,Valur,Breiðablik,1,5,12,0.003
2025-08-10,1,Valur,Breiðablik,1,6,4,0.001
2025-08-10,1,Valur,Breiðablik,2,0,305,0.07625
2025-08-10,1,Valur,Breiðablik,2,1,330,0.0825
2025-08-10,1,Valur,Breiðablik,2,2,207,0.05175
2025-08-10,1,Valur,Breiðablik,2,3,84,0.021
2025-08-10,1,Valur,Breiðablik,2,4,18,0.0045
2025-08-10,1,Valur,Breiðablik,2,5,5,0.00125
2025-08-10,1,Valur,Breiðablik,2,6,1,2.5e-4
2025-08-10,1,Valur,Breiðablik,3,0,145,0.03625
2025-08-10,1,Valur,Breiðablik,3,1,155,0.03875
2025-08-10,1,Valur,Breiðablik,3,2,100,0.025
2025-08-10,1,Valur,Breiðablik,3,3,46,0.0115
2025-08-10,1,Valur,Breiðablik,3,4,11,0.00275
2025-08-10,1,Valur,Breiðablik,3,5,3,7.5e-4
2025-08-10,1,Valur,Breiðablik,3,6,3,7.5e-4
2025-08-10,1,Valur,Breiðablik,4,0,59,0.01475
2025-08-10,1,Valur,Breiðablik,4,1,72,0.018
2025-08-10,1,Valur,Breiðablik,4,2,47,0.01175
2025-08-10,1,Valur,Breiðablik,4,3,22,0.0055
2025-08-10,1,Valur,Breiðablik,4,4,5,0.00125
2025-08-10,1,Valur,Breiðablik,4,5,2,5e-4
2025-08-10,1,Valur,Breiðablik,4,6,1,2.5e-4
2025-08-10,1,Valur,Breiðablik,5,0,25,0.00625
2025-08-10,1,Valur,Breiðablik,5,1,29,0.00725
2025-08-10,1,Valur,Breiðablik,5,2,14,0.0035
2025-08-10,1,Valur,Breiðablik,5,3,6,0.0015
2025-08-10,1,Valur,Breiðablik,5,4,4,0.001
2025-08-10,1,Valur,Breiðablik,5,5,1,2.5e-4
2025-08-10,1,Valur,Breiðablik,5,6,1,2.5e-4
2025-08-10,1,Valur,Breiðablik,6,0,6,0.0015
2025-08-10,1,Valur,Breiðablik,6,1,3,7.5e-4
2025-08-10,1,Valur,Breiðablik,6,2,2,5e-4
2025-08-10,1,Valur,Breiðablik,6,3,1,2.5e-4
2025-08-10,1,Valur,Breiðablik,6,4,1,2.5e-4
2025-08-10,1,Valur,Breiðablik,7,0,3,7.5e-4
2025-08-10,1,Valur,Breiðablik,7,1,1,2.5e-4
2025-08-10,1,Valur,Breiðablik,7,2,1,2.5e-4
2025-08-10,1,Valur,Breiðablik,8,0,1,2.5e-4
2025-08-10,1,Valur,Breiðablik,8,3,1,2.5e-4
2025-08-10,1,Vestri,Fram,0,0,279,0.06975
2025-08-10,1,Vestri,Fram,0,1,303,0.07575
2025-08-10,1,Vestri,Fram,0,2,194,0.0485
2025-08-10,1,Vestri,Fram,0,3,72,0.018
2025-08-10,1,Vestri,Fram,0,4,36,0.009
2025-08-10,1,Vestri,Fram,0,5,10,0.0025
2025-08-10,1,Vestri,Fram,0,6,3,7.5e-4
2025-08-10,1,Vestri,Fram,0,7,1,2.5e-4
2025-08-10,1,Vestri,Fram,0,8,1,2.5e-4
2025-08-10,1,Vestri,Fram,1,0,385,0.09625
2025-08-10,1,Vestri,Fram,1,1,471,0.11775
2025-08-10,1,Vestri,Fram,1,2,275,0.06875
2025-08-10,1,Vestri,Fram,1,3,129,0.03225
2025-08-10,1,Vestri,Fram,1,4,41,0.01025
2025-08-10,1,Vestri,Fram,1,5,11,0.00275
2025-08-10,1,Vestri,Fram,1,6,1,2.5e-4
2025-08-10,1,Vestri,Fram,2,0,259,0.06475
2025-08-10,1,Vestri,Fram,2,1,336,0.084
2025-08-10,1,Vestri,Fram,2,2,222,0.0555
2025-08-10,1,Vestri,Fram,2,3,95,0.02375
2025-08-10,1,Vestri,Fram,2,4,29,0.00725
2025-08-10,1,Vestri,Fram,2,5,13,0.00325
2025-08-10,1,Vestri,Fram,2,6,4,0.001
2025-08-10,1,Vestri,Fram,2,7,1,2.5e-4
2025-08-10,1,Vestri,Fram,3,0,132,0.033
2025-08-10,1,Vestri,Fram,3,1,197,0.04925
2025-08-10,1,Vestri,Fram,3,2,118,0.0295
2025-08-10,1,Vestri,Fram,3,3,59,0.01475
2025-08-10,1,Vestri,Fram,3,4,14,0.0035
2025-08-10,1,Vestri,Fram,3,5,2,5e-4
2025-08-10,1,Vestri,Fram,4,0,61,0.01525
2025-08-10,1,Vestri,Fram,4,1,70,0.0175
2025-08-10,1,Vestri,Fram,4,2,46,0.0115
2025-08-10,1,Vestri,Fram,4,3,24,0.006
2025-08-10,1,Vestri,Fram,4,4,7,0.00175
2025-08-10,1,Vestri,Fram,4,5,2,5e-4
2025-08-10,1,Vestri,Fram,5,0,21,0.00525
2025-08-10,1,Vestri,Fram,5,1,29,0.00725
2025-08-10,1,Vestri,Fram,5,2,14,0.0035
2025-08-10,1,Vestri,Fram,5,3,6,0.0015
2025-08-10,1,Vestri,Fram,5,4,1,2.5e-4
2025-08-10,1,Vestri,Fram,5,5,1,2.5e-4
2025-08-10,1,Vestri,Fram,6,0,8,0.002
2025-08-10,1,Vestri,Fram,6,1,4,0.001
2025-08-10,1,Vestri,Fram,6,2,4,0.001
2025-08-10,1,Vestri,Fram,6,3,3,7.5e-4
2025-08-10,1,Vestri,Fram,6,4,1,2.5e-4
2025-08-10,1,Vestri,Fram,7,1,3,7.5e-4
2025-08-10,1,Vestri,Fram,7,3,1,2.5e-4
2025-08-10,1,Vestri,Fram,8,1,1,2.5e-4
2025-08-10,1,Víkingur R.,Stjarnan,0,0,148,0.037
2025-08-10,1,Víkingur R.,Stjarnan,0,1,173,0.04325
2025-08-10,1,Víkingur R.,Stjarnan,0,2,110,0.0275
2025-08-10,1,Víkingur R.,Stjarnan,0,3,48,0.012
2025-08-10,1,Víkingur R.,Stjarnan,0,4,22,0.0055
2025-08-10,1,Víkingur R.,Stjarnan,0,5,5,0.00125
2025-08-10,1,Víkingur R.,Stjarnan,1,0,240,0.06
2025-08-10,1,Víkingur R.,Stjarnan,1,1,332,0.083
2025-08-10,1,Víkingur R.,Stjarnan,1,2,199,0.04975
2025-08-10,1,Víkingur R.,Stjarnan,1,3,102,0.0255
2025-08-10,1,Víkingur R.,Stjarnan,1,4,31,0.00775
2025-08-10,1,Víkingur R.,Stjarnan,1,5,10,0.0025
2025-08-10,1,Víkingur R.,Stjarnan,1,6,3,7.5e-4
2025-08-10,1,Víkingur R.,Stjarnan,1,7,1,2.5e-4
2025-08-10,1,Víkingur R.,Stjarnan,2,0,300,0.075
2025-08-10,1,Víkingur R.,Stjarnan,2,1,323,0.08075
2025-08-10,1,Víkingur R.,Stjarnan,2,2,243,0.06075
2025-08-10,1,Víkingur R.,Stjarnan,2,3,95,0.02375
2025-08-10,1,Víkingur R.,Stjarnan,2,4,40,0.01
2025-08-10,1,Víkingur R.,Stjarnan,2,5,16,0.004
2025-08-10,1,Víkingur R.,Stjarnan,2,6,2,5e-4
2025-08-10,1,Víkingur R.,Stjarnan,2,7,1,2.5e-4
2025-08-10,1,Víkingur R.,Stjarnan,2,8,1,2.5e-4
2025-08-10,1,Víkingur R.,Stjarnan,3,0,193,0.04825
2025-08-10,1,Víkingur R.,Stjarnan,3,1,259,0.06475
2025-08-10,1,Víkingur R.,Stjarnan,3,2,153,0.03825
2025-08-10,1,Víkingur R.,Stjarnan,3,3,83,0.02075
2025-08-10,1,Víkingur R.,Stjarnan,3,4,26,0.0065
2025-08-10,1,Víkingur R.,Stjarnan,3,5,8,0.002
2025-08-10,1,Víkingur R.,Stjarnan,3,6,1,2.5e-4
2025-08-10,1,Víkingur R.,Stjarnan,4,0,135,0.03375
2025-08-10,1,Víkingur R.,Stjarnan,4,1,156,0.039
2025-08-10,1,Víkingur R.,Stjarnan,4,2,106,0.0265
2025-08-10,1,Víkingur R.,Stjarnan,4,3,41,0.01025
2025-08-10,1,Víkingur R.,Stjarnan,4,4,23,0.00575
2025-08-10,1,Víkingur R.,Stjarnan,4,5,6,0.0015
2025-08-10,1,Víkingur R.,Stjarnan,4,6,1,2.5e-4
2025-08-10,1,Víkingur R.,Stjarnan,5,0,58,0.0145
2025-08-10,1,Víkingur R.,Stjarnan,5,1,62,0.0155
2025-08-10,1,Víkingur R.,Stjarnan,5,2,61,0.01525
2025-08-10,1,Víkingur R.,Stjarnan,5,3,23,0.00575
2025-08-10,1,Víkingur R.,Stjarnan,5,4,6,0.0015
2025-08-10,1,Víkingur R.,Stjarnan,5,5,3,7.5e-4
2025-08-10,1,Víkingur R.,Stjarnan,5,6,1,2.5e-4
2025-08-10,1,Víkingur R.,Stjarnan,6,0,24,0.006
2025-08-10,1,Víkingur R.,Stjarnan,6,1,32,0.008
2025-08-10,1,Víkingur R.,Stjarnan,6,2,18,0.0045
2025-08-10,1,Víkingur R.,Stjarnan,6,3,8,0.002
2025-08-10,1,Víkingur R.,Stjarnan,6,4,4,0.001
2025-08-10,1,Víkingur R.,Stjarnan,6,5,1,2.5e-4
2025-08-10,1,Víkingur R.,Stjarnan,7,0,13,0.00325
2025-08-10,1,Víkingur R.,Stjarnan,7,1,14,0.0035
2025-08-10,1,Víkingur R.,Stjarnan,7,2,6,0.0015
2025-08-10,1,Víkingur R.,Stjarnan,7,3,6,0.0015
2025-08-10,1,Víkingur R.,Stjarnan,7,4,1,2.5e-4
2025-08-10,1,Víkingur R.,Stjarnan,7,5,2,5e-4
2025-08-10,1,Víkingur R.,Stjarnan,8,0,4,0.001
2025-08-10,1,Víkingur R.,Stjarnan,8,1,6,0.0015
2025-08-10,1,Víkingur R.,Stjarnan,8,2,4,0.001
2025-08-10,1,Víkingur R.,Stjarnan,8,3,2,5e-4
2025-08-10,1,Víkingur R.,Stjarnan,8,4,1,2.5e-4
2025-08-10,1,Víkingur R.,Stjarnan,9,2,1,2.5e-4
2025-08-10,1,Víkingur R.,Stjarnan,10,1,2,5e-4
2025-08-10,1,Víkingur R.,Stjarnan,10,2,1,2.5e-4
2025-08-10,4,Tindastóll,Augnablik,0,0,125,0.03125
2025-08-10,4,Tindastóll,Augnablik,0,1,138,0.0345
2025-08-10,4,Tindastóll,Augnablik,0,2,100,0.025
2025-08-10,4,Tindastóll,Augnablik,0,3,33,0.00825
2025-08-10,4,Tindastóll,Augnablik,0,4,20,0.005
2025-08-10,4,Tindastóll,Augnablik,0,5,2,5e-4
2025-08-10,4,Tindastóll,Augnablik,1,0,273,0.06825
2025-08-10,4,Tindastóll,Augnablik,1,1,337,0.08425
2025-08-10,4,Tindastóll,Augnablik,1,2,197,0.04925
2025-08-10,4,Tindastóll,Augnablik,1,3,78,0.0195
2025-08-10,4,Tindastóll,Augnablik,1,4,43,0.01075
2025-08-10,4,Tindastóll,Augnablik,1,5,9,0.00225
2025-08-10,4,Tindastóll,Augnablik,1,6,2,5e-4
2025-08-10,4,Tindastóll,Augnablik,2,0,258,0.0645
2025-08-10,4,Tindastóll,Augnablik,2,1,354,0.0885
2025-08-10,4,Tindastóll,Augnablik,2,2,227,0.05675
2025-08-10,4,Tindastóll,Augnablik,2,3,86,0.0215
2025-08-10,4,Tindastóll,Augnablik,2,4,25,0.00625
2025-08-10,4,Tindastóll,Augnablik,2,5,8,0.002
2025-08-10,4,Tindastóll,Augnablik,2,6,4,0.001
2025-08-10,4,Tindastóll,Augnablik,3,0,237,0.05925
2025-08-10,4,Tindastóll,Augnablik,3,1,280,0.07
2025-08-10,4,Tindastóll,Augnablik,3,2,159,0.03975
2025-08-10,4,Tindastóll,Augnablik,3,3,81,0.02025
2025-08-10,4,Tindastóll,Augnablik,3,4,24,0.006
2025-08-10,4,Tindastóll,Augnablik,3,5,2,5e-4
2025-08-10,4,Tindastóll,Augnablik,3,6,1,2.5e-4
2025-08-10,4,Tindastóll,Augnablik,3,7,1,2.5e-4
2025-08-10,4,Tindastóll,Augnablik,4,0,123,0.03075
2025-08-10,4,Tindastóll,Augnablik,4,1,173,0.04325
2025-08-10,4,Tindastóll,Augnablik,4,2,97,0.02425
2025-08-10,4,Tindastóll,Augnablik,4,3,41,0.01025
2025-08-10,4,Tindastóll,Augnablik,4,4,21,0.00525
2025-08-10,4,Tindastóll,Augnablik,4,5,8,0.002
2025-08-10,4,Tindastóll,Augnablik,4,6,1,2.5e-4
2025-08-10,4,Tindastóll,Augnablik,5,0,85,0.02125
2025-08-10,4,Tindastóll,Augnablik,5,1,84,0.021
2025-08-10,4,Tindastóll,Augnablik,5,2,69,0.01725
2025-08-10,4,Tindastóll,Augnablik,5,3,31,0.00775
2025-08-10,4,Tindastóll,Augnablik,5,4,11,0.00275
2025-08-10,4,Tindastóll,Augnablik,5,5,1,2.5e-4
2025-08-10,4,Tindastóll,Augnablik,6,0,30,0.0075
2025-08-10,4,Tindastóll,Augnablik,6,1,37,0.00925
2025-08-10,4,Tindastóll,Augnablik,6,2,17,0.00425
2025-08-10,4,Tindastóll,Augnablik,6,3,9,0.00225
2025-08-10,4,Tindastóll,Augnablik,6,4,3,7.5e-4
2025-08-10,4,Tindastóll,Augnablik,6,5,2,5e-4
2025-08-10,4,Tindastóll,Augnablik,7,0,10,0.0025
2025-08-10,4,Tindastóll,Augnablik,7,1,13,0.00325
2025-08-10,4,Tindastóll,Augnablik,7,2,3,7.5e-4
2025-08-10,4,Tindastóll,Augnablik,7,3,3,7.5e-4
2025-08-10,4,Tindastóll,Augnablik,7,4,5,0.00125
2025-08-10,4,Tindastóll,Augnablik,7,5,1,2.5e-4
2025-08-10,4,Tindastóll,Augnablik,8,0,3,7.5e-4
2025-08-10,4,Tindastóll,Augnablik,8,1,4,0.001
2025-08-10,4,Tindastóll,Augnablik,8,2,3,7.5e-4
2025-08-10,4,Tindastóll,Augnablik,8,3,1,2.5e-4
2025-08-10,4,Tindastóll,Augnablik,8,6,1,2.5e-4
2025-08-10,4,Tindastóll,Augnablik,9,0,1,2.5e-4
2025-08-10,4,Tindastóll,Augnablik,9,1,1,2.5e-4
2025-08-10,4,Tindastóll,Augnablik,9,2,1,2.5e-4
2025-08-10,4,Tindastóll,Augnablik,10,3,1,2.5e-4
2025-08-10,4,Tindastóll,Augnablik,10,4,1,2.5e-4
2025-08-10,4,Tindastóll,Augnablik,11,2,1,2.5e-4
2025-08-11,1,FH,ÍA,0,0,70,0.0175
2025-08-11,1,FH,ÍA,0,1,72,0.018
2025-08-11,1,FH,ÍA,0,2,64,0.016
2025-08-11,1,FH,ÍA,0,3,29,0.00725
2025-08-11,1,FH,ÍA,0,4,11,0.00275
2025-08-11,1,FH,ÍA,0,5,1,2.5e-4
2025-08-11,1,FH,ÍA,0,6,1,2.5e-4
2025-08-11,1,FH,ÍA,1,0,134,0.0335
2025-08-11,1,FH,ÍA,1,1,267,0.06675
2025-08-11,1,FH,ÍA,1,2,176,0.044
2025-08-11,1,FH,ÍA,1,3,130,0.0325
2025-08-11,1,FH,ÍA,1,4,54,0.0135
2025-08-11,1,FH,ÍA,1,5,11,0.00275
2025-08-11,1,FH,ÍA,1,6,6,0.0015
2025-08-11,1,FH,ÍA,1,7,1,2.5e-4
2025-08-11,1,FH,ÍA,2,0,183,0.04575
2025-08-11,1,FH,ÍA,2,1,280,0.07
2025-08-11,1,FH,ÍA,2,2,206,0.0515
2025-08-11,1,FH,ÍA,2,3,117,0.02925
2025-08-11,1,FH,ÍA,2,4,50,0.0125
2025-08-11,1,FH,ÍA,2,5,27,0.00675
2025-08-11,1,FH,ÍA,2,6,5,0.00125
2025-08-11,1,FH,ÍA,2,7,1,2.5e-4
2025-08-11,1,FH,ÍA,3,0,169,0.04225
2025-08-11,1,FH,ÍA,3,1,259,0.06475
2025-08-11,1,FH,ÍA,3,2,213,0.05325
2025-08-11,1,FH,ÍA,3,3,143,0.03575
2025-08-11,1,FH,ÍA,3,4,57,0.01425
2025-08-11,1,FH,ÍA,3,5,20,0.005
2025-08-11,1,FH,ÍA,3,6,4,0.001
2025-08-11,1,FH,ÍA,3,7,3,7.5e-4
2025-08-11,1,FH,ÍA,4,0,109,0.02725
2025-08-11,1,FH,ÍA,4,1,207,0.05175
2025-08-11,1,FH,ÍA,4,2,129,0.03225
2025-08-11,1,FH,ÍA,4,3,68,0.017
2025-08-11,1,FH,ÍA,4,4,46,0.0115
2025-08-11,1,FH,ÍA,4,5,18,0.0045
2025-08-11,1,FH,ÍA,4,6,2,5e-4
2025-08-11,1,FH,ÍA,4,8,2,5e-4
2025-08-11,1,FH,ÍA,5,0,76,0.019
2025-08-11,1,FH,ÍA,5,1,105,0.02625
2025-08-11,1,FH,ÍA,5,2,85,0.02125
2025-08-11,1,FH,ÍA,5,3,54,0.0135
2025-08-11,1,FH,ÍA,5,4,24,0.006
2025-08-11,1,FH,ÍA,5,5,9,0.00225
2025-08-11,1,FH,ÍA,5,6,2,5e-4
2025-08-11,1,FH,ÍA,6,0,33,0.00825
2025-08-11,1,FH,ÍA,6,1,50,0.0125
2025-08-11,1,FH,ÍA,6,2,43,0.01075
2025-08-11,1,FH,ÍA,6,3,25,0.00625
2025-08-11,1,FH,ÍA,6,4,11,0.00275
2025-08-11,1,FH,ÍA,6,5,5,0.00125
2025-08-11,1,FH,ÍA,6,6,3,7.5e-4
2025-08-11,1,FH,ÍA,7,0,20,0.005
2025-08-11,1,FH,ÍA,7,1,24,0.006
2025-08-11,1,FH,ÍA,7,2,22,0.0055
2025-08-11,1,FH,ÍA,7,3,14,0.0035
2025-08-11,1,FH,ÍA,7,4,3,7.5e-4
2025-08-11,1,FH,ÍA,7,5,1,2.5e-4
2025-08-11,1,FH,ÍA,7,6,1,2.5e-4
2025-08-11,1,FH,ÍA,7,7,1,2.5e-4
2025-08-11,1,FH,ÍA,8,0,6,0.0015
2025-08-11,1,FH,ÍA,8,1,7,0.00175
2025-08-11,1,FH,ÍA,8,2,6,0.0015
2025-08-11,1,FH,ÍA,8,3,4,0.001
2025-08-11,1,FH,ÍA,8,4,3,7.5e-4
2025-08-11,1,FH,ÍA,8,5,1,2.5e-4
2025-08-11,1,FH,ÍA,9,0,2,5e-4
2025-08-11,1,FH,ÍA,9,1,3,7.5e-4
2025-08-11,1,FH,ÍA,9,2,7,0.00175
2025-08-11,1,FH,ÍA,9,3,1,2.5e-4
2025-08-11,1,FH,ÍA,10,0,1,2.5e-4
2025-08-11,1,FH,ÍA,10,1,2,5e-4
2025-08-11,1,FH,ÍA,13,2,1,2.5e-4
2025-08-11,1,KR,Afturelding,0,0,80,0.02
2025-08-11,1,KR,Afturelding,0,1,105,0.02625
2025-08-11,1,KR,Afturelding,0,2,52,0.013
2025-08-11,1,KR,Afturelding,0,3,16,0.004
2025-08-11,1,KR,Afturelding,0,4,3,7.5e-4
2025-08-11,1,KR,Afturelding,0,6,1,2.5e-4
2025-08-11,1,KR,Afturelding,1,0,208,0.052
2025-08-11,1,KR,Afturelding,1,1,247,0.06175
2025-08-11,1,KR,Afturelding,1,2,132,0.033
2025-08-11,1,KR,Afturelding,1,3,57,0.01425
2025-08-11,1,KR,Afturelding,1,4,22,0.0055
2025-08-11,1,KR,Afturelding,1,5,6,0.0015
2025-08-11,1,KR,Afturelding,1,6,2,5e-4
2025-08-11,1,KR,Afturelding,2,0,314,0.0785
2025-08-11,1,KR,Afturelding,2,1,313,0.07825
2025-08-11,1,KR,Afturelding,2,2,189,0.04725
2025-08-11,1,KR,Afturelding,2,3,95,0.02375
2025-08-11,1,KR,Afturelding,2,4,19,0.00475
2025-08-11,1,KR,Afturelding,2,5,11,0.00275
2025-08-11,1,KR,Afturelding,2,6,2,5e-4
2025-08-11,1,KR,Afturelding,3,0,260,0.065
2025-08-11,1,KR,Afturelding,3,1,324,0.081
2025-08-11,1,KR,Afturelding,3,2,172,0.043
2025-08-11,1,KR,Afturelding,3,3,70,0.0175
2025-08-11,1,KR,Afturelding,3,4,20,0.005
2025-08-11,1,KR,Afturelding,3,5,8,0.002
2025-08-11,1,KR,Afturelding,3,6,3,7.5e-4
2025-08-11,1,KR,Afturelding,4,0,188,0.047
2025-08-11,1,KR,Afturelding,4,1,209,0.05225
2025-08-11,1,KR,Afturelding,4,2,110,0.0275
2025-08-11,1,KR,Afturelding,4,3,54,0.0135
2025-08-11,1,KR,Afturelding,4,4,19,0.00475
2025-08-11,1,KR,Afturelding,4,5,7,0.00175
2025-08-11,1,KR,Afturelding,4,6,1,2.5e-4
2025-08-11,1,KR,Afturelding,5,0,107,0.02675
2025-08-11,1,KR,Afturelding,5,1,120,0.03
2025-08-11,1,KR,Afturelding,5,2,75,0.01875
2025-08-11,1,KR,Afturelding,5,3,37,0.00925
2025-08-11,1,KR,Afturelding,5,4,8,0.002
2025-08-11,1,KR,Afturelding,5,5,2,5e-4
2025-08-11,1,KR,Afturelding,6,0,58,0.0145
2025-08-11,1,KR,Afturelding,6,1,63,0.01575
2025-08-11,1,KR,Afturelding,6,2,31,0.00775
2025-08-11,1,KR,Afturelding,6,3,17,0.00425
2025-08-11,1,KR,Afturelding,6,4,8,0.002
2025-08-11,1,KR,Afturelding,6,5,1,2.5e-4
2025-08-11,1,KR,Afturelding,7,0,28,0.007
2025-08-11,1,KR,Afturelding,7,1,33,0.00825
2025-08-11,1,KR,Afturelding,7,2,20,0.005
2025-08-11,1,KR,Afturelding,7,3,7,0.00175
2025-08-11,1,KR,Afturelding,7,4,4,0.001
2025-08-11,1,KR,Afturelding,7,5,3,7.5e-4
2025-08-11,1,KR,Afturelding,8,0,11,0.00275
2025-08-11,1,KR,Afturelding,8,1,17,0.00425
2025-08-11,1,KR,Afturelding,8,2,12,0.003
2025-08-11,1,KR,Afturelding,8,3,3,7.5e-4
2025-08-11,1,KR,Afturelding,9,0,3,7.5e-4
2025-08-11,1,KR,Afturelding,9,1,5,0.00125
2025-08-11,1,KR,Afturelding,9,3,2,5e-4
2025-08-11,1,KR,Afturelding,9,4,2,5e-4
2025-08-11,1,KR,Afturelding,10,1,1,2.5e-4
2025-08-11,1,KR,Afturelding,10,4,1,2.5e-4
2025-08-11,1,KR,Afturelding,11,0,1,2.5e-4
2025-08-11,1,KR,Afturelding,15,0,1,2.5e-4
2025-08-13,2,Fjölnir,Njarðvík,0,0,272,0.068
2025-08-13,2,Fjölnir,Njarðvík,0,1,306,0.0765
2025-08-13,2,Fjölnir,Njarðvík,0,2,185,0.04625
2025-08-13,2,Fjölnir,Njarðvík,0,3,99,0.02475
2025-08-13,2,Fjölnir,Njarðvík,0,4,27,0.00675
2025-08-13,2,Fjölnir,Njarðvík,0,5,2,5e-4
2025-08-13,2,Fjölnir,Njarðvík,0,6,4,0.001
2025-08-13,2,Fjölnir,Njarðvík,1,0,330,0.0825
2025-08-13,2,Fjölnir,Njarðvík,1,1,476,0.119
2025-08-13,2,Fjölnir,Njarðvík,1,2,285,0.07125
2025-08-13,2,Fjölnir,Njarðvík,1,3,125,0.03125
2025-08-13,2,Fjölnir,Njarðvík,1,4,47,0.01175
2025-08-13,2,Fjölnir,Njarðvík,1,5,12,0.003
2025-08-13,2,Fjölnir,Njarðvík,1,6,2,5e-4
2025-08-13,2,Fjölnir,Njarðvík,1,7,1,2.5e-4
2025-08-13,2,Fjölnir,Njarðvík,2,0,265,0.06625
2025-08-13,2,Fjölnir,Njarðvík,2,1,330,0.0825
2025-08-13,2,Fjölnir,Njarðvík,2,2,220,0.055
2025-08-13,2,Fjölnir,Njarðvík,2,3,96,0.024
2025-08-13,2,Fjölnir,Njarðvík,2,4,34,0.0085
2025-08-13,2,Fjölnir,Njarðvík,2,5,7,0.00175
2025-08-13,2,Fjölnir,Njarðvík,2,6,2,5e-4
2025-08-13,2,Fjölnir,Njarðvík,3,0,124,0.031
2025-08-13,2,Fjölnir,Njarðvík,3,1,188,0.047
2025-08-13,2,Fjölnir,Njarðvík,3,2,125,0.03125
2025-08-13,2,Fjölnir,Njarðvík,3,3,62,0.0155
2025-08-13,2,Fjölnir,Njarðvík,3,4,18,0.0045
2025-08-13,2,Fjölnir,Njarðvík,3,5,8,0.002
2025-08-13,2,Fjölnir,Njarðvík,3,6,3,7.5e-4
2025-08-13,2,Fjölnir,Njarðvík,4,0,52,0.013
2025-08-13,2,Fjölnir,Njarðvík,4,1,68,0.017
2025-08-13,2,Fjölnir,Njarðvík,4,2,64,0.016
2025-08-13,2,Fjölnir,Njarðvík,4,3,19,0.00475
2025-08-13,2,Fjölnir,Njarðvík,4,4,9,0.00225
2025-08-13,2,Fjölnir,Njarðvík,4,5,4,0.001
2025-08-13,2,Fjölnir,Njarðvík,5,0,25,0.00625
2025-08-13,2,Fjölnir,Njarðvík,5,1,32,0.008
2025-08-13,2,Fjölnir,Njarðvík,5,2,20,0.005
2025-08-13,2,Fjölnir,Njarðvík,5,3,9,0.00225
2025-08-13,2,Fjölnir,Njarðvík,5,4,2,5e-4
2025-08-13,2,Fjölnir,Njarðvík,5,5,2,5e-4
2025-08-13,2,Fjölnir,Njarðvík,6,0,7,0.00175
2025-08-13,2,Fjölnir,Njarðvík,6,1,12,0.003
2025-08-13,2,Fjölnir,Njarðvík,6,2,4,0.001
2025-08-13,2,Fjölnir,Njarðvík,6,3,2,5e-4
2025-08-13,2,Fjölnir,Njarðvík,6,4,1,2.5e-4
2025-08-13,2,Fjölnir,Njarðvík,6,6,1,2.5e-4
2025-08-13,2,Fjölnir,Njarðvík,7,0,1,2.5e-4
2025-08-13,2,Fjölnir,Njarðvík,7,1,2,5e-4
2025-08-13,2,Fjölnir,Njarðvík,7,2,1,2.5e-4
2025-08-13,2,Fjölnir,Njarðvík,7,6,1,2.5e-4
2025-08-13,2,Fjölnir,Njarðvík,8,1,2,5e-4
2025-08-13,2,Fjölnir,Njarðvík,8,3,2,5e-4
2025-08-13,2,Fjölnir,Njarðvík,8,4,1,2.5e-4
2025-08-13,2,Fjölnir,Njarðvík,9,2,1,2.5e-4
2025-08-13,2,Fjölnir,Njarðvík,9,3,1,2.5e-4
2025-08-13,2,Keflavík,Grindavík,0,0,119,0.02975
2025-08-13,2,Keflavík,Grindavík,0,1,208,0.052
2025-08-13,2,Keflavík,Grindavík,0,2,189,0.04725
2025-08-13,2,Keflavík,Grindavík,0,3,146,0.0365
2025-08-13,2,Keflavík,Grindavík,0,4,80,0.02
2025-08-13,2,Keflavík,Grindavík,0,5,19,0.00475
2025-08-13,2,Keflavík,Grindavík,0,6,12,0.003
2025-08-13,2,Keflavík,Grindavík,0,7,6,0.0015
2025-08-13,2,Keflavík,Grindavík,0,8,1,2.5e-4
2025-08-13,2,Keflavík,Grindavík,1,0,147,0.03675
2025-08-13,2,Keflavík,Grindavík,1,1,293,0.07325
2025-08-13,2,Keflavík,Grindavík,1,2,296,0.074
2025-08-13,2,Keflavík,Grindavík,1,3,202,0.0505
2025-08-13,2,Keflavík,Grindavík,1,4,111,0.02775
2025-08-13,2,Keflavík,Grindavík,1,5,53,0.01325
2025-08-13,2,Keflavík,Grindavík,1,6,15,0.00375
2025-08-13,2,Keflavík,Grindavík,1,7,3,7.5e-4
2025-08-13,2,Keflavík,Grindavík,1,8,2,5e-4
2025-08-13,2,Keflavík,Grindavík,2,0,146,0.0365
2025-08-13,2,Keflavík,Grindavík,2,1,258,0.0645
2025-08-13,2,Keflavík,Grindavík,2,2,309,0.07725
2025-08-13,2,Keflavík,Grindavík,2,3,198,0.0495
2025-08-13,2,Keflavík,Grindavík,2,4,108,0.027
2025-08-13,2,Keflavík,Grindavík,2,5,37,0.00925
2025-08-13,2,Keflavík,Grindavík,2,6,20,0.005
2025-08-13,2,Keflavík,Grindavík,2,7,5,0.00125
2025-08-13,2,Keflavík,Grindavík,2,8,2,5e-4
2025-08-13,2,Keflavík,Grindavík,2,9,1,2.5e-4
2025-08-13,2,Keflavík,Grindavík,3,0,76,0.019
2025-08-13,2,Keflavík,Grindavík,3,1,127,0.03175
2025-08-13,2,Keflavík,Grindavík,3,2,153,0.03825
2025-08-13,2,Keflavík,Grindavík,3,3,117,0.02925
2025-08-13,2,Keflavík,Grindavík,3,4,73,0.01825
2025-08-13,2,Keflavík,Grindavík,3,5,39,0.00975
2025-08-13,2,Keflavík,Grindavík,3,6,13,0.00325
2025-08-13,2,Keflavík,Grindavík,3,7,2,5e-4
2025-08-13,2,Keflavík,Grindavík,3,8,3,7.5e-4
2025-08-13,2,Keflavík,Grindavík,4,0,20,0.005
2025-08-13,2,Keflavík,Grindavík,4,1,52,0.013
2025-08-13,2,Keflavík,Grindavík,4,2,76,0.019
2025-08-13,2,Keflavík,Grindavík,4,3,49,0.01225
2025-08-13,2,Keflavík,Grindavík,4,4,41,0.01025
2025-08-13,2,Keflavík,Grindavík,4,5,11,0.00275
2025-08-13,2,Keflavík,Grindavík,4,6,5,0.00125
2025-08-13,2,Keflavík,Grindavík,4,7,4,0.001
2025-08-13,2,Keflavík,Grindavík,5,0,6,0.0015
2025-08-13,2,Keflavík,Grindavík,5,1,27,0.00675
2025-08-13,2,Keflavík,Grindavík,5,2,33,0.00825
2025-08-13,2,Keflavík,Grindavík,5,3,18,0.0045
2025-08-13,2,Keflavík,Grindavík,5,4,10,0.0025
2025-08-13,2,Keflavík,Grindavík,5,5,10,0.0025
2025-08-13,2,Keflavík,Grindavík,5,6,4,0.001
2025-08-13,2,Keflavík,Grindavík,5,7,2,5e-4
2025-08-13,2,Keflavík,Grindavík,6,0,4,0.001
2025-08-13,2,Keflavík,Grindavík,6,1,12,0.003
2025-08-13,2,Keflavík,Grindavík,6,2,7,0.00175
2025-08-13,2,Keflavík,Grindavík,6,3,2,5e-4
2025-08-13,2,Keflavík,Grindavík,6,4,8,0.002
2025-08-13,2,Keflavík,Grindavík,6,6,1,2.5e-4
2025-08-13,2,Keflavík,Grindavík,7,0,2,5e-4
2025-08-13,2,Keflavík,Grindavík,7,2,3,7.5e-4
2025-08-13,2,Keflavík,Grindavík,7,3,1,2.5e-4
2025-08-13,2,Keflavík,Grindavík,7,5,1,2.5e-4
2025-08-13,2,Keflavík,Grindavík,8,1,1,2.5e-4
2025-08-13,2,Keflavík,Grindavík,8,5,1,2.5e-4
2025-08-13,2,Leiknir R.,Fylkir,0,0,169,0.04225
2025-08-13,2,Leiknir R.,Fylkir,0,1,202,0.0505
2025-08-13,2,Leiknir R.,Fylkir,0,2,126,0.0315
2025-08-13,2,Leiknir R.,Fylkir,0,3,70,0.0175
2025-08-13,2,Leiknir R.,Fylkir,0,4,13,0.00325
2025-08-13,2,Leiknir R.,Fylkir,0,5,7,0.00175
2025-08-13,2,Leiknir R.,Fylkir,0,6,2,5e-4
2025-08-13,2,Leiknir R.,Fylkir,0,7,1,2.5e-4
2025-08-13,2,Leiknir R.,Fylkir,1,0,307,0.07675
2025-08-13,2,Leiknir R.,Fylkir,1,1,393,0.09825
2025-08-13,2,Leiknir R.,Fylkir,1,2,226,0.0565
2025-08-13,2,Leiknir R.,Fylkir,1,3,119,0.02975
2025-08-13,2,Leiknir R.,Fylkir,1,4,24,0.006
2025-08-13,2,Leiknir R.,Fylkir,1,5,14,0.0035
2025-08-13,2,Leiknir R.,Fylkir,1,6,2,5e-4
2025-08-13,2,Leiknir R.,Fylkir,1,7,1,2.5e-4
2025-08-13,2,Leiknir R.,Fylkir,2,0,269,0.06725
2025-08-13,2,Leiknir R.,Fylkir,2,1,337,0.08425
2025-08-13,2,Leiknir R.,Fylkir,2,2,235,0.05875
2025-08-13,2,Leiknir R.,Fylkir,2,3,112,0.028
2025-08-13,2,Leiknir R.,Fylkir,2,4,38,0.0095
2025-08-13,2,Leiknir R.,Fylkir,2,5,12,0.003
2025-08-13,2,Leiknir R.,Fylkir,2,6,2,5e-4
2025-08-13,2,Leiknir R.,Fylkir,2,7,1,2.5e-4
2025-08-13,2,Leiknir R.,Fylkir,2,9,1,2.5e-4
2025-08-13,2,Leiknir R.,Fylkir,3,0,199,0.04975
2025-08-13,2,Leiknir R.,Fylkir,3,1,237,0.05925
2025-08-13,2,Leiknir R.,Fylkir,3,2,155,0.03875
2025-08-13,2,Leiknir R.,Fylkir,3,3,82,0.0205
2025-08-13,2,Leiknir R.,Fylkir,3,4,40,0.01
2025-08-13,2,Leiknir R.,Fylkir,3,5,10,0.0025
2025-08-13,2,Leiknir R.,Fylkir,3,6,3,7.5e-4
2025-08-13,2,Leiknir R.,Fylkir,4,0,86,0.0215
2025-08-13,2,Leiknir R.,Fylkir,4,1,94,0.0235
2025-08-13,2,Leiknir R.,Fylkir,4,2,85,0.02125
2025-08-13,2,Leiknir R.,Fylkir,4,3,43,0.01075
2025-08-13,2,Leiknir R.,Fylkir,4,4,19,0.00475
2025-08-13,2,Leiknir R.,Fylkir,4,5,8,0.002
2025-08-13,2,Leiknir R.,Fylkir,4,8,1,2.5e-4
2025-08-13,2,Leiknir R.,Fylkir,5,0,41,0.01025
2025-08-13,2,Leiknir R.,Fylkir,5,1,49,0.01225
2025-08-13,2,Leiknir R.,Fylkir,5,2,41,0.01025
2025-08-13,2,Leiknir R.,Fylkir,5,3,13,0.00325
2025-08-13,2,Leiknir R.,Fylkir,5,4,9,0.00225
2025-08-13,2,Leiknir R.,Fylkir,5,5,2,5e-4
2025-08-13,2,Leiknir R.,Fylkir,5,7,2,5e-4
2025-08-13,2,Leiknir R.,Fylkir,6,0,8,0.002
2025-08-13,2,Leiknir R.,Fylkir,6,1,24,0.006
2025-08-13,2,Leiknir R.,Fylkir,6,2,16,0.004
2025-08-13,2,Leiknir R.,Fylkir,6,3,10,0.0025
2025-08-13,2,Leiknir R.,Fylkir,6,4,2,5e-4
2025-08-13,2,Leiknir R.,Fylkir,6,5,3,7.5e-4
2025-08-13,2,Leiknir R.,Fylkir,6,6,1,2.5e-4
2025-08-13,2,Leiknir R.,Fylkir,7,0,5,0.00125
2025-08-13,2,Leiknir R.,Fylkir,7,1,7,0.00175
2025-08-13,2,Leiknir R.,Fylkir,7,2,3,7.5e-4
2025-08-13,2,Leiknir R.,Fylkir,7,3,3,7.5e-4
2025-08-13,2,Leiknir R.,Fylkir,7,4,1,2.5e-4
2025-08-13,2,Leiknir R.,Fylkir,8,0,3,7.5e-4
2025-08-13,2,Leiknir R.,Fylkir,8,1,3,7.5e-4
2025-08-13,2,Leiknir R.,Fylkir,8,2,1,2.5e-4
2025-08-13,2,Leiknir R.,Fylkir,8,3,3,7.5e-4
2025-08-13,2,Leiknir R.,Fylkir,8,4,1,2.5e-4
2025-08-13,2,Leiknir R.,Fylkir,9,0,1,2.5e-4
2025-08-13,2,Leiknir R.,Fylkir,9,1,1,2.5e-4
2025-08-13,2,Leiknir R.,Fylkir,9,3,1,2.5e-4
2025-08-13,2,Leiknir R.,Fylkir,9,4,1,2.5e-4
2025-08-13,2,Selfoss,HK,0,0,137,0.03425
2025-08-13,2,Selfoss,HK,0,1,96,0.024
2025-08-13,2,Selfoss,HK,0,2,34,0.0085
2025-08-13,2,Selfoss,HK,0,3,10,0.0025
2025-08-13,2,Selfoss,HK,0,4,1,2.5e-4
2025-08-13,2,Selfoss,HK,0,5,2,5e-4
2025-08-13,2,Selfoss,HK,1,0,329,0.08225
2025-08-13,2,Selfoss,HK,1,1,261,0.06525
2025-08-13,2,Selfoss,HK,1,2,101,0.02525
2025-08-13,2,Selfoss,HK,1,3,32,0.008
2025-08-13,2,Selfoss,HK,1,4,7,0.00175
2025-08-13,2,Selfoss,HK,1,5,2,5e-4
2025-08-13,2,Selfoss,HK,1,6,1,2.5e-4
2025-08-13,2,Selfoss,HK,1,8,1,2.5e-4
2025-08-13,2,Selfoss,HK,2,0,438,0.1095
2025-08-13,2,Selfoss,HK,2,1,307,0.07675
2025-08-13,2,Selfoss,HK,2,2,126,0.0315
2025-08-13,2,Selfoss,HK,2,3,27,0.00675
2025-08-13,2,Selfoss,HK,2,4,11,0.00275
2025-08-13,2,Selfoss,HK,2,5,1,2.5e-4
2025-08-13,2,Selfoss,HK,3,0,386,0.0965
2025-08-13,2,Selfoss,HK,3,1,309,0.07725
2025-08-13,2,Selfoss,HK,3,2,122,0.0305
2025-08-13,2,Selfoss,HK,3,3,43,0.01075
2025-08-13,2,Selfoss,HK,3,4,3,7.5e-4
2025-08-13,2,Selfoss,HK,3,5,1,2.5e-4
2025-08-13,2,Selfoss,HK,4,0,250,0.0625
2025-08-13,2,Selfoss,HK,4,1,191,0.04775
2025-08-13,2,Selfoss,HK,4,2,96,0.024
2025-08-13,2,Selfoss,HK,4,3,24,0.006
2025-08-13,2,Selfoss,HK,4,4,9,0.00225
2025-08-13,2,Selfoss,HK,4,5,3,7.5e-4
2025-08-13,2,Selfoss,HK,5,0,144,0.036
2025-08-13,2,Selfoss,HK,5,1,108,0.027
2025-08-13,2,Selfoss,HK,5,2,55,0.01375
2025-08-13,2,Selfoss,HK,5,3,18,0.0045
2025-08-13,2,Selfoss,HK,5,4,2,5e-4
2025-08-13,2,Selfoss,HK,6,0,91,0.02275
2025-08-13,2,Selfoss,HK,6,1,65,0.01625
2025-08-13,2,Selfoss,HK,6,2,25,0.00625
2025-08-13,2,Selfoss,HK,6,3,7,0.00175
2025-08-13,2,Selfoss,HK,6,4,3,7.5e-4
2025-08-13,2,Selfoss,HK,6,5,1,2.5e-4
2025-08-13,2,Selfoss,HK,6,6,1,2.5e-4
2025-08-13,2,Selfoss,HK,7,0,29,0.00725
2025-08-13,2,Selfoss,HK,7,1,21,0.00525
2025-08-13,2,Selfoss,HK,7,2,8,0.002
2025-08-13,2,Selfoss,HK,7,3,4,0.001
2025-08-13,2,Selfoss,HK,7,4,2,5e-4
2025-08-13,2,Selfoss,HK,8,0,13,0.00325
2025-08-13,2,Selfoss,HK,8,1,16,0.004
2025-08-13,2,Selfoss,HK,8,2,7,0.00175
2025-08-13,2,Selfoss,HK,9,0,9,0.00225
2025-08-13,2,Selfoss,HK,9,2,1,2.5e-4
2025-08-13,2,Selfoss,HK,9,3,1,2.5e-4
2025-08-13,2,Selfoss,HK,9,5,1,2.5e-4
2025-08-13,2,Selfoss,HK,10,0,4,0.001
2025-08-13,2,Selfoss,HK,10,1,1,2.5e-4
2025-08-13,2,Selfoss,HK,10,2,1,2.5e-4
2025-08-13,2,Selfoss,HK,11,0,1,2.5e-4
2025-08-13,2,Þróttur R.,ÍR,0,0,115,0.02875
2025-08-13,2,Þróttur R.,ÍR,0,1,187,0.04675
2025-08-13,2,Þróttur R.,ÍR,0,2,124,0.031
2025-08-13,2,Þróttur R.,ÍR,0,3,87,0.02175
2025-08-13,2,Þróttur R.,ÍR,0,4,36,0.009
2025-08-13,2,Þróttur R.,ÍR,0,5,9,0.00225
2025-08-13,2,Þróttur R.,ÍR,0,6,9,0.00225
2025-08-13,2,Þróttur R.,ÍR,0,7,3,7.5e-4
2025-08-13,2,Þróttur R.,ÍR,1,0,186,0.0465
2025-08-13,2,Þróttur R.,ÍR,1,1,313,0.07825
2025-08-13,2,Þróttur R.,ÍR,1,2,268,0.067
2025-08-13,2,Þróttur R.,ÍR,1,3,163,0.04075
2025-08-13,2,Þróttur R.,ÍR,1,4,89,0.02225
2025-08-13,2,Þróttur R.,ÍR,1,5,28,0.007
2025-08-13,2,Þróttur R.,ÍR,1,6,13,0.00325
2025-08-13,2,Þróttur R.,ÍR,1,7,4,0.001
2025-08-13,2,Þróttur R.,ÍR,2,0,186,0.0465
2025-08-13,2,Þróttur R.,ÍR,2,1,305,0.07625
2025-08-13,2,Þróttur R.,ÍR,2,2,266,0.0665
2025-08-13,2,Þróttur R.,ÍR,2,3,161,0.04025
2025-08-13,2,Þróttur R.,ÍR,2,4,79,0.01975
2025-08-13,2,Þróttur R.,ÍR,2,5,38,0.0095
2025-08-13,2,Þróttur R.,ÍR,2,6,8,0.002
2025-08-13,2,Þróttur R.,ÍR,2,7,5,0.00125
2025-08-13,2,Þróttur R.,ÍR,2,8,1,2.5e-4
2025-08-13,2,Þróttur R.,ÍR,3,0,96,0.024
2025-08-13,2,Þróttur R.,ÍR,3,1,201,0.05025
2025-08-13,2,Þróttur R.,ÍR,3,2,191,0.04775
2025-08-13,2,Þróttur R.,ÍR,3,3,105,0.02625
2025-08-13,2,Þróttur R.,ÍR,3,4,54,0.0135
2025-08-13,2,Þróttur R.,ÍR,3,5,19,0.00475
2025-08-13,2,Þróttur R.,ÍR,3,6,11,0.00275
2025-08-13,2,Þróttur R.,ÍR,3,7,2,5e-4
2025-08-13,2,Þróttur R.,ÍR,3,10,1,2.5e-4
2025-08-13,2,Þróttur R.,ÍR,4,0,61,0.01525
2025-08-13,2,Þróttur R.,ÍR,4,1,122,0.0305
2025-08-13,2,Þróttur R.,ÍR,4,2,96,0.024
2025-08-13,2,Þróttur R.,ÍR,4,3,57,0.01425
2025-08-13,2,Þróttur R.,ÍR,4,4,38,0.0095
2025-08-13,2,Þróttur R.,ÍR,4,5,15,0.00375
2025-08-13,2,Þróttur R.,ÍR,4,6,6,0.0015
2025-08-13,2,Þróttur R.,ÍR,4,7,1,2.5e-4
2025-08-13,2,Þróttur R.,ÍR,4,8,3,7.5e-4
2025-08-13,2,Þróttur R.,ÍR,5,0,31,0.00775
2025-08-13,2,Þróttur R.,ÍR,5,1,42,0.0105
2025-08-13,2,Þróttur R.,ÍR,5,2,45,0.01125
2025-08-13,2,Þróttur R.,ÍR,5,3,25,0.00625
2025-08-13,2,Þróttur R.,ÍR,5,4,9,0.00225
2025-08-13,2,Þróttur R.,ÍR,5,5,7,0.00175
2025-08-13,2,Þróttur R.,ÍR,5,6,3,7.5e-4
2025-08-13,2,Þróttur R.,ÍR,6,0,9,0.00225
2025-08-13,2,Þróttur R.,ÍR,6,1,15,0.00375
2025-08-13,2,Þróttur R.,ÍR,6,2,13,0.00325
2025-08-13,2,Þróttur R.,ÍR,6,3,8,0.002
2025-08-13,2,Þróttur R.,ÍR,6,4,5,0.00125
2025-08-13,2,Þróttur R.,ÍR,7,0,3,7.5e-4
2025-08-13,2,Þróttur R.,ÍR,7,1,3,7.5e-4
2025-08-13,2,Þróttur R.,ÍR,7,2,6,0.0015
2025-08-13,2,Þróttur R.,ÍR,7,3,1,2.5e-4
2025-08-13,2,Þróttur R.,ÍR,7,4,2,5e-4
2025-08-13,2,Þróttur R.,ÍR,8,1,6,0.0015
2025-08-13,2,Þróttur R.,ÍR,8,3,1,2.5e-4
2025-08-13,2,Þróttur R.,ÍR,8,4,1,2.5e-4
2025-08-13,2,Þróttur R.,ÍR,9,1,1,2.5e-4
2025-08-13,2,Þróttur R.,ÍR,9,2,1,2.5e-4
2025-08-13,2,Þróttur R.,ÍR,9,3,1,2.5e-4
2025-08-13,2,Þór,Völsungur,0,0,141,0.03525
2025-08-13,2,Þór,Völsungur,0,1,235,0.05875
2025-08-13,2,Þór,Völsungur,0,2,244,0.061
2025-08-13,2,Þór,Völsungur,0,3,145,0.03625
2025-08-13,2,Þór,Völsungur,0,4,56,0.014
2025-08-13,2,Þór,Völsungur,0,5,25,0.00625
2025-08-13,2,Þór,Völsungur,0,6,14,0.0035
2025-08-13,2,Þór,Völsungur,0,7,3,7.5e-4
2025-08-13,2,Þór,Völsungur,1,0,240,0.06
2025-08-13,2,Þór,Völsungur,1,1,390,0.0975
2025-08-13,2,Þór,Völsungur,1,2,328,0.082
2025-08-13,2,Þór,Völsungur,1,3,201,0.05025
2025-08-13,2,Þór,Völsungur,1,4,118,0.0295
2025-08-13,2,Þór,Völsungur,1,5,40,0.01
2025-08-13,2,Þór,Völsungur,1,6,15,0.00375
2025-08-13,2,Þór,Völsungur,1,7,7,0.00175
2025-08-13,2,Þór,Völsungur,1,8,2,5e-4
2025-08-13,2,Þór,Völsungur,2,0,155,0.03875
2025-08-13,2,Þór,Völsungur,2,1,285,0.07125
2025-08-13,2,Þór,Völsungur,2,2,240,0.06
2025-08-13,2,Þór,Völsungur,2,3,157,0.03925
2025-08-13,2,Þór,Völsungur,2,4,67,0.01675
2025-08-13,2,Þór,Völsungur,2,5,30,0.0075
2025-08-13,2,Þór,Völsungur,2,6,16,0.004
2025-08-13,2,Þór,Völsungur,2,7,3,7.5e-4
2025-08-13,2,Þór,Völsungur,2,8,1,2.5e-4
2025-08-13,2,Þór,Völsungur,3,0,77,0.01925
2025-08-13,2,Þór,Völsungur,3,1,117,0.02925
2025-08-13,2,Þór,Völsungur,3,2,125,0.03125
2025-08-13,2,Þór,Völsungur,3,3,107,0.02675
2025-08-13,2,Þór,Völsungur,3,4,53,0.01325
2025-08-13,2,Þór,Völsungur,3,5,24,0.006
2025-08-13,2,Þór,Völsungur,3,6,11,0.00275
2025-08-13,2,Þór,Völsungur,3,7,2,5e-4
2025-08-13,2,Þór,Völsungur,3,8,1,2.5e-4
2025-08-13,2,Þór,Völsungur,4,0,27,0.00675
2025-08-13,2,Þór,Völsungur,4,1,57,0.01425
2025-08-13,2,Þór,Völsungur,4,2,51,0.01275
2025-08-13,2,Þór,Völsungur,4,3,34,0.0085
2025-08-13,2,Þór,Völsungur,4,4,27,0.00675
2025-08-13,2,Þór,Völsungur,4,5,7,0.00175
2025-08-13,2,Þór,Völsungur,4,6,2,5e-4
2025-08-13,2,Þór,Völsungur,4,8,1,2.5e-4
2025-08-13,2,Þór,Völsungur,5,0,17,0.00425
2025-08-13,2,Þór,Völsungur,5,1,24,0.006
2025-08-13,2,Þór,Völsungur,5,2,21,0.00525
2025-08-13,2,Þór,Völsungur,5,3,6,0.0015
2025-08-13,2,Þór,Völsungur,5,4,11,0.00275
2025-08-13,2,Þór,Völsungur,5,5,4,0.001
2025-08-13,2,Þór,Völsungur,5,6,2,5e-4
2025-08-13,2,Þór,Völsungur,6,0,2,5e-4
2025-08-13,2,Þór,Völsungur,6,1,6,0.0015
2025-08-13,2,Þór,Völsungur,6,2,10,0.0025
2025-08-13,2,Þór,Völsungur,6,3,2,5e-4
2025-08-13,2,Þór,Völsungur,6,4,6,0.0015
2025-08-13,2,Þór,Völsungur,6,6,1,2.5e-4
2025-08-13,2,Þór,Völsungur,6,7,3,7.5e-4
2025-08-13,2,Þór,Völsungur,7,3,2,5e-4
2025-08-13,2,Þór,Völsungur,8,3,1,2.5e-4
2025-08-13,2,Þór,Völsungur,14,2,1,2.5e-4
2025-08-13,3,Dalvík/Reynir,Kormákur/Hvöt,0,0,66,0.0165
2025-08-13,3,Dalvík/Reynir,Kormákur/Hvöt,0,1,105,0.02625
2025-08-13,3,Dalvík/Reynir,Kormákur/Hvöt,0,2,71,0.01775
2025-08-13,3,Dalvík/Reynir,Kormákur/Hvöt,0,3,40,0.01
2025-08-13,3,Dalvík/Reynir,Kormákur/Hvöt,0,4,19,0.00475
2025-08-13,3,Dalvík/Reynir,Kormákur/Hvöt,0,5,11,0.00275
2025-08-13,3,Dalvík/Reynir,Kormákur/Hvöt,0,6,5,0.00125
2025-08-13,3,Dalvík/Reynir,Kormákur/Hvöt,0,7,1,2.5e-4
2025-08-13,3,Dalvík/Reynir,Kormákur/Hvöt,1,0,121,0.03025
2025-08-13,3,Dalvík/Reynir,Kormákur/Hvöt,1,1,243,0.06075
2025-08-13,3,Dalvík/Reynir,Kormákur/Hvöt,1,2,177,0.04425
2025-08-13,3,Dalvík/Reynir,Kormákur/Hvöt,1,3,115,0.02875
2025-08-13,3,Dalvík/Reynir,Kormákur/Hvöt,1,4,52,0.013
2025-08-13,3,Dalvík/Reynir,Kormákur/Hvöt,1,5,19,0.00475
2025-08-13,3,Dalvík/Reynir,Kormákur/Hvöt,1,6,10,0.0025
2025-08-13,3,Dalvík/Reynir,Kormákur/Hvöt,1,7,3,7.5e-4
2025-08-13,3,Dalvík/Reynir,Kormákur/Hvöt,1,8,2,5e-4
2025-08-13,3,Dalvík/Reynir,Kormákur/Hvöt,2,0,158,0.0395
2025-08-13,3,Dalvík/Reynir,Kormákur/Hvöt,2,1,274,0.0685
2025-08-13,3,Dalvík/Reynir,Kormákur/Hvöt,2,2,267,0.06675
2025-08-13,3,Dalvík/Reynir,Kormákur/Hvöt,2,3,145,0.03625
2025-08-13,3,Dalvík/Reynir,Kormákur/Hvöt,2,4,72,0.018
2025-08-13,3,Dalvík/Reynir,Kormákur/Hvöt,2,5,33,0.00825
2025-08-13,3,Dalvík/Reynir,Kormákur/Hvöt,2,6,11,0.00275
2025-08-13,3,Dalvík/Reynir,Kormákur/Hvöt,2,7,2,5e-4
2025-08-13,3,Dalvík/Reynir,Kormákur/Hvöt,2,8,1,2.5e-4
2025-08-13,3,Dalvík/Reynir,Kormákur/Hvöt,3,0,135,0.03375
2025-08-13,3,Dalvík/Reynir,Kormákur/Hvöt,3,1,233,0.05825
2025-08-13,3,Dalvík/Reynir,Kormákur/Hvöt,3,2,208,0.052
2025-08-13,3,Dalvík/Reynir,Kormákur/Hvöt,3,3,144,0.036
2025-08-13,3,Dalvík/Reynir,Kormákur/Hvöt,3,4,75,0.01875
2025-08-13,3,Dalvík/Reynir,Kormákur/Hvöt,3,5,28,0.007
2025-08-13,3,Dalvík/Reynir,Kormákur/Hvöt,3,6,7,0.00175
2025-08-13,3,Dalvík/Reynir,Kormákur/Hvöt,3,7,2,5e-4
2025-08-13,3,Dalvík/Reynir,Kormákur/Hvöt,3,8,1,2.5e-4
2025-08-13,3,Dalvík/Reynir,Kormákur/Hvöt,4,0,98,0.0245
2025-08-13,3,Dalvík/Reynir,Kormákur/Hvöt,4,1,165,0.04125
2025-08-13,3,Dalvík/Reynir,Kormákur/Hvöt,4,2,145,0.03625
2025-08-13,3,Dalvík/Reynir,Kormákur/Hvöt,4,3,91,0.02275
2025-08-13,3,Dalvík/Reynir,Kormákur/Hvöt,4,4,51,0.01275
2025-08-13,3,Dalvík/Reynir,Kormákur/Hvöt,4,5,21,0.00525
2025-08-13,3,Dalvík/Reynir,Kormákur/Hvöt,4,6,8,0.002
2025-08-13,3,Dalvík/Reynir,Kormákur/Hvöt,4,7,3,7.5e-4
2025-08-13,3,Dalvík/Reynir,Kormákur/Hvöt,5,0,53,0.01325
2025-08-13,3,Dalvík/Reynir,Kormákur/Hvöt,5,1,90,0.0225
2025-08-13,3,Dalvík/Reynir,Kormákur/Hvöt,5,2,63,0.01575
2025-08-13,3,Dalvík/Reynir,Kormákur/Hvöt,5,3,54,0.0135
2025-08-13,3,Dalvík/Reynir,Kormákur/Hvöt,5,4,24,0.006
2025-08-13,3,Dalvík/Reynir,Kormákur/Hvöt,5,5,7,0.00175
2025-08-13,3,Dalvík/Reynir,Kormákur/Hvöt,5,6,4,0.001
2025-08-13,3,Dalvík/Reynir,Kormákur/Hvöt,5,8,1,2.5e-4
2025-08-13,3,Dalvík/Reynir,Kormákur/Hvöt,6,0,24,0.006
2025-08-13,3,Dalvík/Reynir,Kormákur/Hvöt,6,1,33,0.00825
2025-08-13,3,Dalvík/Reynir,Kormákur/Hvöt,6,2,36,0.009
2025-08-13,3,Dalvík/Reynir,Kormákur/Hvöt,6,3,32,0.008
2025-08-13,3,Dalvík/Reynir,Kormákur/Hvöt,6,4,15,0.00375
2025-08-13,3,Dalvík/Reynir,Kormákur/Hvöt,6,5,3,7.5e-4
2025-08-13,3,Dalvík/Reynir,Kormákur/Hvöt,6,6,6,0.0015
2025-08-13,3,Dalvík/Reynir,Kormákur/Hvöt,6,7,1,2.5e-4
2025-08-13,3,Dalvík/Reynir,Kormákur/Hvöt,7,0,6,0.0015
2025-08-13,3,Dalvík/Reynir,Kormákur/Hvöt,7,1,25,0.00625
2025-08-13,3,Dalvík/Reynir,Kormákur/Hvöt,7,2,28,0.007
2025-08-13,3,Dalvík/Reynir,Kormákur/Hvöt,7,3,8,0.002
2025-08-13,3,Dalvík/Reynir,Kormákur/Hvöt,7,4,6,0.0015
2025-08-13,3,Dalvík/Reynir,Kormákur/Hvöt,7,5,2,5e-4
2025-08-13,3,Dalvík/Reynir,Kormákur/Hvöt,7,8,2,5e-4
2025-08-13,3,Dalvík/Reynir,Kormákur/Hvöt,8,0,7,0.00175
2025-08-13,3,Dalvík/Reynir,Kormákur/Hvöt,8,1,11,0.00275
2025-08-13,3,Dalvík/Reynir,Kormákur/Hvöt,8,2,4,0.001
2025-08-13,3,Dalvík/Reynir,Kormákur/Hvöt,8,3,1,2.5e-4
2025-08-13,3,Dalvík/Reynir,Kormákur/Hvöt,8,4,8,0.002
2025-08-13,3,Dalvík/Reynir,Kormákur/Hvöt,9,2,4,0.001
2025-08-13,3,Dalvík/Reynir,Kormákur/Hvöt,10,1,1,2.5e-4
2025-08-13,3,Dalvík/Reynir,Kormákur/Hvöt,10,2,1,2.5e-4
2025-08-13,3,Dalvík/Reynir,Kormákur/Hvöt,10,3,1,2.5e-4
2025-08-13,3,Dalvík/Reynir,Kormákur/Hvöt,13,0,1,2.5e-4
2025-08-13,3,KFA,Höttur/Huginn,0,0,159,0.03975
2025-08-13,3,KFA,Höttur/Huginn,0,1,270,0.0675
2025-08-13,3,KFA,Höttur/Huginn,0,2,200,0.05
2025-08-13,3,KFA,Höttur/Huginn,0,3,131,0.03275
2025-08-13,3,KFA,Höttur/Huginn,0,4,76,0.019
2025-08-13,3,KFA,Höttur/Huginn,0,5,30,0.0075
2025-08-13,3,KFA,Höttur/Huginn,0,6,16,0.004
2025-08-13,3,KFA,Höttur/Huginn,0,7,2,5e-4
2025-08-13,3,KFA,Höttur/Huginn,0,9,1,2.5e-4
2025-08-13,3,KFA,Höttur/Huginn,1,0,220,0.055
2025-08-13,3,KFA,Höttur/Huginn,1,1,384,0.096
2025-08-13,3,KFA,Höttur/Huginn,1,2,324,0.081
2025-08-13,3,KFA,Höttur/Huginn,1,3,210,0.0525
2025-08-13,3,KFA,Höttur/Huginn,1,4,91,0.02275
2025-08-13,3,KFA,Höttur/Huginn,1,5,33,0.00825
2025-08-13,3,KFA,Höttur/Huginn,1,6,17,0.00425
2025-08-13,3,KFA,Höttur/Huginn,1,7,4,0.001
2025-08-13,3,KFA,Höttur/Huginn,1,8,2,5e-4
2025-08-13,3,KFA,Höttur/Huginn,2,0,162,0.0405
2025-08-13,3,KFA,Höttur/Huginn,2,1,264,0.066
2025-08-13,3,KFA,Höttur/Huginn,2,2,256,0.064
2025-08-13,3,KFA,Höttur/Huginn,2,3,150,0.0375
2025-08-13,3,KFA,Höttur/Huginn,2,4,63,0.01575
2025-08-13,3,KFA,Höttur/Huginn,2,5,28,0.007
2025-08-13,3,KFA,Höttur/Huginn,2,6,12,0.003
2025-08-13,3,KFA,Höttur/Huginn,2,7,3,7.5e-4
2025-08-13,3,KFA,Höttur/Huginn,2,8,1,2.5e-4
2025-08-13,3,KFA,Höttur/Huginn,3,0,106,0.0265
2025-08-13,3,KFA,Höttur/Huginn,3,1,132,0.033
2025-08-13,3,KFA,Höttur/Huginn,3,2,136,0.034
2025-08-13,3,KFA,Höttur/Huginn,3,3,86,0.0215
2025-08-13,3,KFA,Höttur/Huginn,3,4,48,0.012
2025-08-13,3,KFA,Höttur/Huginn,3,5,16,0.004
2025-08-13,3,KFA,Höttur/Huginn,3,6,3,7.5e-4
2025-08-13,3,KFA,Höttur/Huginn,3,7,4,0.001
2025-08-13,3,KFA,Höttur/Huginn,3,8,1,2.5e-4
2025-08-13,3,KFA,Höttur/Huginn,4,0,29,0.00725
2025-08-13,3,KFA,Höttur/Huginn,4,1,69,0.01725
2025-08-13,3,KFA,Höttur/Huginn,4,2,56,0.014
2025-08-13,3,KFA,Höttur/Huginn,4,3,50,0.0125
2025-08-13,3,KFA,Höttur/Huginn,4,4,19,0.00475
2025-08-13,3,KFA,Höttur/Huginn,4,5,10,0.0025
2025-08-13,3,KFA,Höttur/Huginn,4,6,2,5e-4
2025-08-13,3,KFA,Höttur/Huginn,4,7,1,2.5e-4
2025-08-13,3,KFA,Höttur/Huginn,5,0,16,0.004
2025-08-13,3,KFA,Höttur/Huginn,5,1,17,0.00425
2025-08-13,3,KFA,Höttur/Huginn,5,2,23,0.00575
2025-08-13,3,KFA,Höttur/Huginn,5,3,13,0.00325
2025-08-13,3,KFA,Höttur/Huginn,5,4,7,0.00175
2025-08-13,3,KFA,Höttur/Huginn,5,5,4,0.001
2025-08-13,3,KFA,Höttur/Huginn,5,6,2,5e-4
2025-08-13,3,KFA,Höttur/Huginn,5,7,1,2.5e-4
2025-08-13,3,KFA,Höttur/Huginn,6,0,5,0.00125
2025-08-13,3,KFA,Höttur/Huginn,6,1,7,0.00175
2025-08-13,3,KFA,Höttur/Huginn,6,2,8,0.002
2025-08-13,3,KFA,Höttur/Huginn,6,3,5,0.00125
2025-08-13,3,KFA,Höttur/Huginn,6,5,2,5e-4
2025-08-13,3,KFA,Höttur/Huginn,6,6,2,5e-4
2025-08-13,3,KFA,Höttur/Huginn,7,0,1,2.5e-4
2025-08-13,3,KFA,Höttur/Huginn,7,1,4,0.001
2025-08-13,3,KFA,Höttur/Huginn,7,3,2,5e-4
2025-08-13,3,KFA,Höttur/Huginn,7,4,1,2.5e-4
2025-08-13,3,KFA,Höttur/Huginn,7,5,1,2.5e-4
2025-08-13,3,KFA,Höttur/Huginn,8,1,1,2.5e-4
2025-08-13,3,KFA,Höttur/Huginn,9,2,1,2.5e-4
2025-08-13,3,KFG,Grótta,0,0,70,0.0175
2025-08-13,3,KFG,Grótta,0,1,122,0.0305
2025-08-13,3,KFG,Grótta,0,2,91,0.02275
2025-08-13,3,KFG,Grótta,0,3,61,0.01525
2025-08-13,3,KFG,Grótta,0,4,32,0.008
2025-08-13,3,KFG,Grótta,0,5,15,0.00375
2025-08-13,3,KFG,Grótta,0,6,5,0.00125
2025-08-13,3,KFG,Grótta,0,7,2,5e-4
2025-08-13,3,KFG,Grótta,0,8,1,2.5e-4
2025-08-13,3,KFG,Grótta,0,9,1,2.5e-4
2025-08-13,3,KFG,Grótta,1,0,146,0.0365
2025-08-13,3,KFG,Grótta,1,1,257,0.06425
2025-08-13,3,KFG,Grótta,1,2,226,0.0565
2025-08-13,3,KFG,Grótta,1,3,139,0.03475
2025-08-13,3,KFG,Grótta,1,4,71,0.01775
2025-08-13,3,KFG,Grótta,1,5,32,0.008
2025-08-13,3,KFG,Grótta,1,6,15,0.00375
2025-08-13,3,KFG,Grótta,1,7,3,7.5e-4
2025-08-13,3,KFG,Grótta,1,8,1,2.5e-4
2025-08-13,3,KFG,Grótta,2,0,156,0.039
2025-08-13,3,KFG,Grótta,2,1,273,0.06825
2025-08-13,3,KFG,Grótta,2,2,270,0.0675
2025-08-13,3,KFG,Grótta,2,3,177,0.04425
2025-08-13,3,KFG,Grótta,2,4,88,0.022
2025-08-13,3,KFG,Grótta,2,5,36,0.009
2025-08-13,3,KFG,Grótta,2,6,12,0.003
2025-08-13,3,KFG,Grótta,2,7,3,7.5e-4
2025-08-13,3,KFG,Grótta,3,0,126,0.0315
2025-08-13,3,KFG,Grótta,3,1,204,0.051
2025-08-13,3,KFG,Grótta,3,2,200,0.05
2025-08-13,3,KFG,Grótta,3,3,137,0.03425
2025-08-13,3,KFG,Grótta,3,4,63,0.01575
2025-08-13,3,KFG,Grótta,3,5,29,0.00725
2025-08-13,3,KFG,Grótta,3,6,10,0.0025
2025-08-13,3,KFG,Grótta,3,7,3,7.5e-4
2025-08-13,3,KFG,Grótta,3,8,4,0.001
2025-08-13,3,KFG,Grótta,3,9,1,2.5e-4
2025-08-13,3,KFG,Grótta,4,0,65,0.01625
2025-08-13,3,KFG,Grótta,4,1,116,0.029
2025-08-13,3,KFG,Grótta,4,2,120,0.03
2025-08-13,3,KFG,Grótta,4,3,82,0.0205
2025-08-13,3,KFG,Grótta,4,4,41,0.01025
2025-08-13,3,KFG,Grótta,4,5,22,0.0055
2025-08-13,3,KFG,Grótta,4,6,7,0.00175
2025-08-13,3,KFG,Grótta,4,7,2,5e-4
2025-08-13,3,KFG,Grótta,4,8,1,2.5e-4
2025-08-13,3,KFG,Grótta,5,0,36,0.009
2025-08-13,3,KFG,Grótta,5,1,65,0.01625
2025-08-13,3,KFG,Grótta,5,2,62,0.0155
2025-08-13,3,KFG,Grótta,5,3,47,0.01175
2025-08-13,3,KFG,Grótta,5,4,22,0.0055
2025-08-13,3,KFG,Grótta,5,5,13,0.00325
2025-08-13,3,KFG,Grótta,5,6,4,0.001
2025-08-13,3,KFG,Grótta,5,7,1,2.5e-4
2025-08-13,3,KFG,Grótta,6,0,25,0.00625
2025-08-13,3,KFG,Grótta,6,1,36,0.009
2025-08-13,3,KFG,Grótta,6,2,26,0.0065
2025-08-13,3,KFG,Grótta,6,3,27,0.00675
2025-08-13,3,KFG,Grótta,6,4,8,0.002
2025-08-13,3,KFG,Grótta,6,5,5,0.00125
2025-08-13,3,KFG,Grótta,6,6,2,5e-4
2025-08-13,3,KFG,Grótta,6,7,2,5e-4
2025-08-13,3,KFG,Grótta,6,9,2,5e-4
2025-08-13,3,KFG,Grótta,7,0,8,0.002
2025-08-13,3,KFG,Grótta,7,1,11,0.00275
2025-08-13,3,KFG,Grótta,7,2,12,0.003
2025-08-13,3,KFG,Grótta,7,3,9,0.00225
2025-08-13,3,KFG,Grótta,7,4,8,0.002
2025-08-13,3,KFG,Grótta,7,6,1,2.5e-4
2025-08-13,3,KFG,Grótta,7,7,1,2.5e-4
2025-08-13,3,KFG,Grótta,8,0,2,5e-4
2025-08-13,3,KFG,Grótta,8,1,7,0.00175
2025-08-13,3,KFG,Grótta,8,2,7,0.00175
2025-08-13,3,KFG,Grótta,8,4,3,7.5e-4
2025-08-13,3,KFG,Grótta,8,5,1,2.5e-4
2025-08-13,3,KFG,Grótta,9,1,1,2.5e-4
2025-08-13,3,KFG,Grótta,9,2,3,7.5e-4
2025-08-13,3,KFG,Grótta,9,3,1,2.5e-4
2025-08-13,3,KFG,Grótta,9,4,1,2.5e-4
2025-08-13,3,KFG,Grótta,10,1,1,2.5e-4
2025-08-13,3,KFG,Grótta,10,2,1,2.5e-4
2025-08-13,3,KFG,Grótta,11,1,1,2.5e-4
2025-08-13,3,Víkingur Ó.,Haukar,0,0,169,0.04225
2025-08-13,3,Víkingur Ó.,Haukar,0,1,209,0.05225
2025-08-13,3,Víkingur Ó.,Haukar,0,2,238,0.0595
2025-08-13,3,Víkingur Ó.,Haukar,0,3,123,0.03075
2025-08-13,3,Víkingur Ó.,Haukar,0,4,78,0.0195
2025-08-13,3,Víkingur Ó.,Haukar,0,5,22,0.0055
2025-08-13,3,Víkingur Ó.,Haukar,0,6,9,0.00225
2025-08-13,3,Víkingur Ó.,Haukar,0,8,2,5e-4
2025-08-13,3,Víkingur Ó.,Haukar,1,0,192,0.048
2025-08-13,3,Víkingur Ó.,Haukar,1,1,370,0.0925
2025-08-13,3,Víkingur Ó.,Haukar,1,2,290,0.0725
2025-08-13,3,Víkingur Ó.,Haukar,1,3,178,0.0445
2025-08-13,3,Víkingur Ó.,Haukar,1,4,107,0.02675
2025-08-13,3,Víkingur Ó.,Haukar,1,5,42,0.0105
2025-08-13,3,Víkingur Ó.,Haukar,1,6,10,0.0025
2025-08-13,3,Víkingur Ó.,Haukar,1,7,5,0.00125
2025-08-13,3,Víkingur Ó.,Haukar,1,8,2,5e-4
2025-08-13,3,Víkingur Ó.,Haukar,2,0,151,0.03775
2025-08-13,3,Víkingur Ó.,Haukar,2,1,294,0.0735
2025-08-13,3,Víkingur Ó.,Haukar,2,2,255,0.06375
2025-08-13,3,Víkingur Ó.,Haukar,2,3,163,0.04075
2025-08-13,3,Víkingur Ó.,Haukar,2,4,94,0.0235
2025-08-13,3,Víkingur Ó.,Haukar,2,5,33,0.00825
2025-08-13,3,Víkingur Ó.,Haukar,2,6,11,0.00275
2025-08-13,3,Víkingur Ó.,Haukar,2,7,7,0.00175
2025-08-13,3,Víkingur Ó.,Haukar,2,9,1,2.5e-4
2025-08-13,3,Víkingur Ó.,Haukar,3,0,83,0.02075
2025-08-13,3,Víkingur Ó.,Haukar,3,1,167,0.04175
2025-08-13,3,Víkingur Ó.,Haukar,3,2,143,0.03575
2025-08-13,3,Víkingur Ó.,Haukar,3,3,86,0.0215
2025-08-13,3,Víkingur Ó.,Haukar,3,4,59,0.01475
2025-08-13,3,Víkingur Ó.,Haukar,3,5,18,0.0045
2025-08-13,3,Víkingur Ó.,Haukar,3,6,10,0.0025
2025-08-13,3,Víkingur Ó.,Haukar,3,7,2,5e-4
2025-08-13,3,Víkingur Ó.,Haukar,4,0,44,0.011
2025-08-13,3,Víkingur Ó.,Haukar,4,1,67,0.01675
2025-08-13,3,Víkingur Ó.,Haukar,4,2,65,0.01625
2025-08-13,3,Víkingur Ó.,Haukar,4,3,35,0.00875
2025-08-13,3,Víkingur Ó.,Haukar,4,4,23,0.00575
2025-08-13,3,Víkingur Ó.,Haukar,4,5,8,0.002
2025-08-13,3,Víkingur Ó.,Haukar,4,6,2,5e-4
2025-08-13,3,Víkingur Ó.,Haukar,5,0,18,0.0045
2025-08-13,3,Víkingur Ó.,Haukar,5,1,15,0.00375
2025-08-13,3,Víkingur Ó.,Haukar,5,2,33,0.00825
2025-08-13,3,Víkingur Ó.,Haukar,5,3,16,0.004
2025-08-13,3,Víkingur Ó.,Haukar,5,4,6,0.0015
2025-08-13,3,Víkingur Ó.,Haukar,5,5,7,0.00175
2025-08-13,3,Víkingur Ó.,Haukar,5,6,3,7.5e-4
2025-08-13,3,Víkingur Ó.,Haukar,5,7,2,5e-4
2025-08-13,3,Víkingur Ó.,Haukar,5,8,1,2.5e-4
2025-08-13,3,Víkingur Ó.,Haukar,6,0,3,7.5e-4
2025-08-13,3,Víkingur Ó.,Haukar,6,1,5,0.00125
2025-08-13,3,Víkingur Ó.,Haukar,6,2,5,0.00125
2025-08-13,3,Víkingur Ó.,Haukar,6,3,9,0.00225
2025-08-13,3,Víkingur Ó.,Haukar,6,4,2,5e-4
2025-08-13,3,Víkingur Ó.,Haukar,6,5,1,2.5e-4
2025-08-13,3,Víkingur Ó.,Haukar,7,0,1,2.5e-4
2025-08-13,3,Víkingur Ó.,Haukar,7,1,1,2.5e-4
2025-08-13,3,Víkingur Ó.,Haukar,7,2,2,5e-4
2025-08-13,3,Víkingur Ó.,Haukar,7,4,2,5e-4
2025-08-13,3,Víkingur Ó.,Haukar,7,5,1,2.5e-4
2025-08-13,3,Víðir,Kári,0,0,89,0.02225
2025-08-13,3,Víðir,Kári,0,1,63,0.01575
2025-08-13,3,Víðir,Kári,0,2,29,0.00725
2025-08-13,3,Víðir,Kári,0,3,12,0.003
2025-08-13,3,Víðir,Kári,0,4,1,2.5e-4
2025-08-13,3,Víðir,Kári,0,5,1,2.5e-4
2025-08-13,3,Víðir,Kári,1,0,240,0.06
2025-08-13,3,Víðir,Kári,1,1,181,0.04525
2025-08-13,3,Víðir,Kári,1,2,55,0.01375
2025-08-13,3,Víðir,Kári,1,3,25,0.00625
2025-08-13,3,Víðir,Kári,1,4,5,0.00125
2025-08-13,3,Víðir,Kári,1,5,1,2.5e-4
2025-08-13,3,Víðir,Kári,2,0,394,0.0985
2025-08-13,3,Víðir,Kári,2,1,290,0.0725
2025-08-13,3,Víðir,Kári,2,2,117,0.02925
2025-08-13,3,Víðir,Kári,2,3,26,0.0065
2025-08-13,3,Víðir,Kári,2,4,4,0.001
2025-08-13,3,Víðir,Kári,2,5,1,2.5e-4
2025-08-13,3,Víðir,Kári,2,6,1,2.5e-4
2025-08-13,3,Víðir,Kári,3,0,385,0.09625
2025-08-13,3,Víðir,Kári,3,1,275,0.06875
2025-08-13,3,Víðir,Kári,3,2,84,0.021
2025-08-13,3,Víðir,Kári,3,3,34,0.0085
2025-08-13,3,Víðir,Kári,3,4,4,0.001
2025-08-13,3,Víðir,Kári,4,0,355,0.08875
2025-08-13,3,Víðir,Kári,4,1,249,0.06225
2025-08-13,3,Víðir,Kári,4,2,81,0.02025
2025-08-13,3,Víðir,Kári,4,3,27,0.00675
2025-08-13,3,Víðir,Kári,4,4,5,0.00125
2025-08-13,3,Víðir,Kári,5,0,192,0.048
2025-08-13,3,Víðir,Kári,5,1,157,0.03925
2025-08-13,3,Víðir,Kári,5,2,57,0.01425
2025-08-13,3,Víðir,Kári,5,3,16,0.004
2025-08-13,3,Víðir,Kári,5,4,2,5e-4
2025-08-13,3,Víðir,Kári,5,5,2,5e-4
2025-08-13,3,Víðir,Kári,6,0,127,0.03175
2025-08-13,3,Víðir,Kári,6,1,99,0.02475
2025-08-13,3,Víðir,Kári,6,2,35,0.00875
2025-08-13,3,Víðir,Kári,6,3,4,0.001
2025-08-13,3,Víðir,Kári,6,4,2,5e-4
2025-08-13,3,Víðir,Kári,7,0,50,0.0125
2025-08-13,3,Víðir,Kári,7,1,51,0.01275
2025-08-13,3,Víðir,Kári,7,2,23,0.00575
2025-08-13,3,Víðir,Kári,7,3,3,7.5e-4
2025-08-13,3,Víðir,Kári,7,4,1,2.5e-4
2025-08-13,3,Víðir,Kári,8,0,37,0.00925
2025-08-13,3,Víðir,Kári,8,1,29,0.00725
2025-08-13,3,Víðir,Kári,8,2,12,0.003
2025-08-13,3,Víðir,Kári,8,3,1,2.5e-4
2025-08-13,3,Víðir,Kári,8,5,1,2.5e-4
2025-08-13,3,Víðir,Kári,9,0,18,0.0045
2025-08-13,3,Víðir,Kári,9,1,15,0.00375
2025-08-13,3,Víðir,Kári,9,2,3,7.5e-4
2025-08-13,3,Víðir,Kári,9,3,1,2.5e-4
2025-08-13,3,Víðir,Kári,10,0,7,0.00175
2025-08-13,3,Víðir,Kári,10,1,6,0.0015
2025-08-13,3,Víðir,Kári,10,2,1,2.5e-4
2025-08-13,3,Víðir,Kári,10,3,1,2.5e-4
2025-08-13,3,Víðir,Kári,11,0,1,2.5e-4
2025-08-13,3,Víðir,Kári,11,1,4,0.001
2025-08-13,3,Víðir,Kári,11,2,2,5e-4
2025-08-13,3,Víðir,Kári,11,4,1,2.5e-4
2025-08-13,3,Víðir,Kári,12,1,1,2.5e-4
2025-08-13,3,Víðir,Kári,13,0,1,2.5e-4
2025-08-13,3,Víðir,Kári,13,2,1,2.5e-4
2025-08-13,3,Víðir,Kári,14,1,1,2.5e-4
2025-08-13,3,Víðir,Kári,15,1,1,2.5e-4
2025-08-13,3,Ægir,Þróttur V.,0,0,233,0.05825
2025-08-13,3,Ægir,Þróttur V.,0,1,268,0.067
2025-08-13,3,Ægir,Þróttur V.,0,2,197,0.04925
2025-08-13,3,Ægir,Þróttur V.,0,3,92,0.023
2025-08-13,3,Ægir,Þróttur V.,0,4,48,0.012
2025-08-13,3,Ægir,Þróttur V.,0,5,13,0.00325
2025-08-13,3,Ægir,Þróttur V.,0,6,4,0.001
2025-08-13,3,Ægir,Þróttur V.,0,7,4,0.001
2025-08-13,3,Ægir,Þróttur V.,1,0,320,0.08
2025-08-13,3,Ægir,Þróttur V.,1,1,419,0.10475
2025-08-13,3,Ægir,Þróttur V.,1,2,301,0.07525
2025-08-13,3,Ægir,Þróttur V.,1,3,149,0.03725
2025-08-13,3,Ægir,Þróttur V.,1,4,69,0.01725
2025-08-13,3,Ægir,Þróttur V.,1,5,20,0.005
2025-08-13,3,Ægir,Þróttur V.,1,6,4,0.001
2025-08-13,3,Ægir,Þróttur V.,2,0,247,0.06175
2025-08-13,3,Ægir,Þróttur V.,2,1,311,0.07775
2025-08-13,3,Ægir,Þróttur V.,2,2,256,0.064
2025-08-13,3,Ægir,Þróttur V.,2,3,123,0.03075
2025-08-13,3,Ægir,Þróttur V.,2,4,47,0.01175
2025-08-13,3,Ægir,Þróttur V.,2,5,17,0.00425
2025-08-13,3,Ægir,Þróttur V.,2,6,7,0.00175
2025-08-13,3,Ægir,Þróttur V.,2,7,5,0.00125
2025-08-13,3,Ægir,Þróttur V.,3,0,98,0.0245
2025-08-13,3,Ægir,Þróttur V.,3,1,155,0.03875
2025-08-13,3,Ægir,Þróttur V.,3,2,134,0.0335
2025-08-13,3,Ægir,Þróttur V.,3,3,65,0.01625
2025-08-13,3,Ægir,Þróttur V.,3,4,30,0.0075
2025-08-13,3,Ægir,Þróttur V.,3,5,10,0.0025
2025-08-13,3,Ægir,Þróttur V.,3,6,2,5e-4
2025-08-13,3,Ægir,Þróttur V.,3,7,3,7.5e-4
2025-08-13,3,Ægir,Þróttur V.,4,0,43,0.01075
2025-08-13,3,Ægir,Þróttur V.,4,1,70,0.0175
2025-08-13,3,Ægir,Þróttur V.,4,2,54,0.0135
2025-08-13,3,Ægir,Þróttur V.,4,3,35,0.00875
2025-08-13,3,Ægir,Þróttur V.,4,4,12,0.003
2025-08-13,3,Ægir,Þróttur V.,4,5,7,0.00175
2025-08-13,3,Ægir,Þróttur V.,4,8,1,2.5e-4
2025-08-13,3,Ægir,Þróttur V.,5,0,24,0.006
2025-08-13,3,Ægir,Þróttur V.,5,1,22,0.0055
2025-08-13,3,Ægir,Þróttur V.,5,2,19,0.00475
2025-08-13,3,Ægir,Þróttur V.,5,3,13,0.00325
2025-08-13,3,Ægir,Þróttur V.,5,4,4,0.001
2025-08-13,3,Ægir,Þróttur V.,5,5,4,0.001
2025-08-13,3,Ægir,Þróttur V.,5,6,2,5e-4
2025-08-13,3,Ægir,Þróttur V.,5,7,1,2.5e-4
2025-08-13,3,Ægir,Þróttur V.,6,0,6,0.0015
2025-08-13,3,Ægir,Þróttur V.,6,1,3,7.5e-4
2025-08-13,3,Ægir,Þróttur V.,6,2,7,0.00175
2025-08-13,3,Ægir,Þróttur V.,6,3,7,0.00175
2025-08-13,3,Ægir,Þróttur V.,6,5,1,2.5e-4
2025-08-13,3,Ægir,Þróttur V.,6,6,1,2.5e-4
2025-08-13,3,Ægir,Þróttur V.,7,0,1,2.5e-4
2025-08-13,3,Ægir,Þróttur V.,7,1,1,2.5e-4
2025-08-13,3,Ægir,Þróttur V.,7,2,5,0.00125
2025-08-13,3,Ægir,Þróttur V.,7,3,3,7.5e-4
2025-08-13,3,Ægir,Þróttur V.,7,4,1,2.5e-4
2025-08-13,3,Ægir,Þróttur V.,8,2,2,5e-4
2025-08-14,5,Hamar,Kría,0,0,28,0.007
2025-08-14,5,Hamar,Kría,0,1,59,0.01475
2025-08-14,5,Hamar,Kría,0,2,86,0.0215
2025-08-14,5,Hamar,Kría,0,3,85,0.02125
2025-08-14,5,Hamar,Kría,0,4,76,0.019
2025-08-14,5,Hamar,Kría,0,5,54,0.0135
2025-08-14,5,Hamar,Kría,0,6,23,0.00575
2025-08-14,5,Hamar,Kría,0,7,15,0.00375
2025-08-14,5,Hamar,Kría,0,8,5,0.00125
2025-08-14,5,Hamar,Kría,0,9,5,0.00125
2025-08-14,5,Hamar,Kría,0,10,1,2.5e-4
2025-08-14,5,Hamar,Kría,0,11,1,2.5e-4
2025-08-14,5,Hamar,Kría,0,12,1,2.5e-4
2025-08-14,5,Hamar,Kría,1,0,43,0.01075
2025-08-14,5,Hamar,Kría,1,1,123,0.03075
2025-08-14,5,Hamar,Kría,1,2,200,0.05
2025-08-14,5,Hamar,Kría,1,3,175,0.04375
2025-08-14,5,Hamar,Kría,1,4,140,0.035
2025-08-14,5,Hamar,Kría,1,5,122,0.0305
2025-08-14,5,Hamar,Kría,1,6,57,0.01425
2025-08-14,5,Hamar,Kría,1,7,38,0.0095
2025-08-14,5,Hamar,Kría,1,8,12,0.003
2025-08-14,5,Hamar,Kría,1,9,2,5e-4
2025-08-14,5,Hamar,Kría,1,11,1,2.5e-4
2025-08-14,5,Hamar,Kría,1,12,1,2.5e-4
2025-08-14,5,Hamar,Kría,2,0,55,0.01375
2025-08-14,5,Hamar,Kría,2,1,155,0.03875
2025-08-14,5,Hamar,Kría,2,2,213,0.05325
2025-08-14,5,Hamar,Kría,2,3,221,0.05525
2025-08-14,5,Hamar,Kría,2,4,164,0.041
2025-08-14,5,Hamar,Kría,2,5,103,0.02575
2025-08-14,5,Hamar,Kría,2,6,60,0.015
2025-08-14,5,Hamar,Kría,2,7,33,0.00825
2025-08-14,5,Hamar,Kría,2,8,13,0.00325
2025-08-14,5,Hamar,Kría,2,9,5,0.00125
2025-08-14,5,Hamar,Kría,2,10,1,2.5e-4
2025-08-14,5,Hamar,Kría,2,11,2,5e-4
2025-08-14,5,Hamar,Kría,3,0,42,0.0105
2025-08-14,5,Hamar,Kría,3,1,101,0.02525
2025-08-14,5,Hamar,Kría,3,2,140,0.035
2025-08-14,5,Hamar,Kría,3,3,162,0.0405
2025-08-14,5,Hamar,Kría,3,4,141,0.03525
2025-08-14,5,Hamar,Kría,3,5,86,0.0215
2025-08-14,5,Hamar,Kría,3,6,45,0.01125
2025-08-14,5,Hamar,Kría,3,7,23,0.00575
2025-08-14,5,Hamar,Kría,3,8,12,0.003
2025-08-14,5,Hamar,Kría,3,9,9,0.00225
2025-08-14,5,Hamar,Kría,3,10,1,2.5e-4
2025-08-14,5,Hamar,Kría,3,13,1,2.5e-4
2025-08-14,5,Hamar,Kría,4,0,21,0.00525
2025-08-14,5,Hamar,Kría,4,1,56,0.014
2025-08-14,5,Hamar,Kría,4,2,81,0.02025
2025-08-14,5,Hamar,Kría,4,3,107,0.02675
2025-08-14,5,Hamar,Kría,4,4,83,0.02075
2025-08-14,5,Hamar,Kría,4,5,42,0.0105
2025-08-14,5,Hamar,Kría,4,6,31,0.00775
2025-08-14,5,Hamar,Kría,4,7,14,0.0035
2025-08-14,5,Hamar,Kría,4,8,11,0.00275
2025-08-14,5,Hamar,Kría,4,9,4,0.001
2025-08-14,5,Hamar,Kría,4,10,4,0.001
2025-08-14,5,Hamar,Kría,5,0,10,0.0025
2025-08-14,5,Hamar,Kría,5,1,35,0.00875
2025-08-14,5,Hamar,Kría,5,2,31,0.00775
2025-08-14,5,Hamar,Kría,5,3,49,0.01225
2025-08-14,5,Hamar,Kría,5,4,45,0.01125
2025-08-14,5,Hamar,Kría,5,5,30,0.0075
2025-08-14,5,Hamar,Kría,5,6,12,0.003
2025-08-14,5,Hamar,Kría,5,7,10,0.0025
2025-08-14,5,Hamar,Kría,5,8,2,5e-4
2025-08-14,5,Hamar,Kría,5,9,3,7.5e-4
2025-08-14,5,Hamar,Kría,6,0,7,0.00175
2025-08-14,5,Hamar,Kría,6,1,13,0.00325
2025-08-14,5,Hamar,Kría,6,2,28,0.007
2025-08-14,5,Hamar,Kría,6,3,21,0.00525
2025-08-14,5,Hamar,Kría,6,4,17,0.00425
2025-08-14,5,Hamar,Kría,6,5,12,0.003
2025-08-14,5,Hamar,Kría,6,6,5,0.00125
2025-08-14,5,Hamar,Kría,6,7,7,0.00175
2025-08-14,5,Hamar,Kría,6,8,2,5e-4
2025-08-14,5,Hamar,Kría,6,9,1,2.5e-4
2025-08-14,5,Hamar,Kría,7,0,3,7.5e-4
2025-08-14,5,Hamar,Kría,7,1,4,0.001
2025-08-14,5,Hamar,Kría,7,2,7,0.00175
2025-08-14,5,Hamar,Kría,7,3,7,0.00175
2025-08-14,5,Hamar,Kría,7,4,6,0.0015
2025-08-14,5,Hamar,Kría,7,5,10,0.0025
2025-08-14,5,Hamar,Kría,7,6,6,0.0015
2025-08-14,5,Hamar,Kría,7,7,4,0.001
2025-08-14,5,Hamar,Kría,7,8,1,2.5e-4
2025-08-14,5,Hamar,Kría,8,0,1,2.5e-4
2025-08-14,5,Hamar,Kría,8,1,2,5e-4
2025-08-14,5,Hamar,Kría,8,2,2,5e-4
2025-08-14,5,Hamar,Kría,8,3,1,2.5e-4
2025-08-14,5,Hamar,Kría,8,4,3,7.5e-4
2025-08-14,5,Hamar,Kría,8,5,1,2.5e-4
2025-08-14,5,Hamar,Kría,8,6,1,2.5e-4
2025-08-14,5,Hamar,Kría,8,8,1,2.5e-4
2025-08-14,5,Hamar,Kría,9,4,2,5e-4
2025-08-14,5,Hamar,Kría,9,5,1,2.5e-4
2025-08-14,5,Hamar,Kría,9,9,1,2.5e-4
2025-08-14,5,Hamar,Kría,10,4,1,2.5e-4
2025-08-14,5,KH,Hafnir,0,0,275,0.06875
2025-08-14,5,KH,Hafnir,0,1,243,0.06075
2025-08-14,5,KH,Hafnir,0,2,149,0.03725
2025-08-14,5,KH,Hafnir,0,3,46,0.0115
2025-08-14,5,KH,Hafnir,0,4,10,0.0025
2025-08-14,5,KH,Hafnir,0,5,1,2.5e-4
2025-08-14,5,KH,Hafnir,1,0,395,0.09875
2025-08-14,5,KH,Hafnir,1,1,433,0.10825
2025-08-14,5,KH,Hafnir,1,2,206,0.0515
2025-08-14,5,KH,Hafnir,1,3,85,0.02125
2025-08-14,5,KH,Hafnir,1,4,16,0.004
2025-08-14,5,KH,Hafnir,1,5,4,0.001
2025-08-14,5,KH,Hafnir,1,6,1,2.5e-4
2025-08-14,5,KH,Hafnir,1,7,1,2.5e-4
2025-08-14,5,KH,Hafnir,2,0,398,0.0995
2025-08-14,5,KH,Hafnir,2,1,373,0.09325
2025-08-14,5,KH,Hafnir,2,2,186,0.0465
2025-08-14,5,KH,Hafnir,2,3,87,0.02175
2025-08-14,5,KH,Hafnir,2,4,19,0.00475
2025-08-14,5,KH,Hafnir,2,5,2,5e-4
2025-08-14,5,KH,Hafnir,2,6,3,7.5e-4
2025-08-14,5,KH,Hafnir,3,0,227,0.05675
2025-08-14,5,KH,Hafnir,3,1,201,0.05025
2025-08-14,5,KH,Hafnir,3,2,111,0.02775
2025-08-14,5,KH,Hafnir,3,3,51,0.01275
2025-08-14,5,KH,Hafnir,3,4,9,0.00225
2025-08-14,5,KH,Hafnir,3,5,6,0.0015
2025-08-14,5,KH,Hafnir,4,0,92,0.023
2025-08-14,5,KH,Hafnir,4,1,94,0.0235
2025-08-14,5,KH,Hafnir,4,2,60,0.015
2025-08-14,5,KH,Hafnir,4,3,18,0.0045
2025-08-14,5,KH,Hafnir,4,4,8,0.002
2025-08-14,5,KH,Hafnir,4,6,2,5e-4
2025-08-14,5,KH,Hafnir,5,0,51,0.01275
2025-08-14,5,KH,Hafnir,5,1,49,0.01225
2025-08-14,5,KH,Hafnir,5,2,28,0.007
2025-08-14,5,KH,Hafnir,5,3,9,0.00225
2025-08-14,5,KH,Hafnir,5,4,1,2.5e-4
2025-08-14,5,KH,Hafnir,6,0,13,0.00325
2025-08-14,5,KH,Hafnir,6,1,13,0.00325
2025-08-14,5,KH,Hafnir,6,2,4,0.001
2025-08-14,5,KH,Hafnir,6,3,2,5e-4
2025-08-14,5,KH,Hafnir,6,4,2,5e-4
2025-08-14,5,KH,Hafnir,7,0,5,0.00125
2025-08-14,5,KH,Hafnir,7,1,5,0.00125
2025-08-14,5,KH,Hafnir,7,2,1,2.5e-4
2025-08-14,5,KH,Hafnir,8,0,1,2.5e-4
2025-08-14,5,KH,Hafnir,8,1,3,7.5e-4
2025-08-14,5,KH,Hafnir,8,3,1,2.5e-4
2025-08-14,5,Vængir Júpiters,Elliði,0,0,36,0.009
2025-08-14,5,Vængir Júpiters,Elliði,0,1,25,0.00625
2025-08-14,5,Vængir Júpiters,Elliði,0,2,26,0.0065
2025-08-14,5,Vængir Júpiters,Elliði,0,3,6,0.0015
2025-08-14,5,Vængir Júpiters,Elliði,0,4,5,0.00125
2025-08-14,5,Vængir Júpiters,Elliði,1,0,108,0.027
2025-08-14,5,Vængir Júpiters,Elliði,1,1,124,0.031
2025-08-14,5,Vængir Júpiters,Elliði,1,2,76,0.019
2025-08-14,5,Vængir Júpiters,Elliði,1,3,31,0.00775
2025-08-14,5,Vængir Júpiters,Elliði,1,4,11,0.00275
2025-08-14,5,Vængir Júpiters,Elliði,1,5,6,0.0015
2025-08-14,5,Vængir Júpiters,Elliði,2,0,177,0.04425
2025-08-14,5,Vængir Júpiters,Elliði,2,1,202,0.0505
2025-08-14,5,Vængir Júpiters,Elliði,2,2,155,0.03875
2025-08-14,5,Vængir Júpiters,Elliði,2,3,55,0.01375
2025-08-14,5,Vængir Júpiters,Elliði,2,4,16,0.004
2025-08-14,5,Vængir Júpiters,Elliði,2,5,8,0.002
2025-08-14,5,Vængir Júpiters,Elliði,2,6,3,7.5e-4
2025-08-14,5,Vængir Júpiters,Elliði,2,7,1,2.5e-4
2025-08-14,5,Vængir Júpiters,Elliði,3,0,202,0.0505
2025-08-14,5,Vængir Júpiters,Elliði,3,1,266,0.0665
2025-08-14,5,Vængir Júpiters,Elliði,3,2,170,0.0425
2025-08-14,5,Vængir Júpiters,Elliði,3,3,68,0.017
2025-08-14,5,Vængir Júpiters,Elliði,3,4,20,0.005
2025-08-14,5,Vængir Júpiters,Elliði,3,5,11,0.00275
2025-08-14,5,Vængir Júpiters,Elliði,3,6,3,7.5e-4
2025-08-14,5,Vængir Júpiters,Elliði,3,7,1,2.5e-4
2025-08-14,5,Vængir Júpiters,Elliði,4,0,221,0.05525
2025-08-14,5,Vængir Júpiters,Elliði,4,1,238,0.0595
2025-08-14,5,Vængir Júpiters,Elliði,4,2,136,0.034
2025-08-14,5,Vængir Júpiters,Elliði,4,3,76,0.019
2025-08-14,5,Vængir Júpiters,Elliði,4,4,30,0.0075
2025-08-14,5,Vængir Júpiters,Elliði,4,5,14,0.0035
2025-08-14,5,Vængir Júpiters,Elliði,4,6,3,7.5e-4
2025-08-14,5,Vængir Júpiters,Elliði,5,0,159,0.03975
2025-08-14,5,Vængir Júpiters,Elliði,5,1,191,0.04775
2025-08-14,5,Vængir Júpiters,Elliði,5,2,122,0.0305
2025-08-14,5,Vængir Júpiters,Elliði,5,3,68,0.017
2025-08-14,5,Vængir Júpiters,Elliði,5,4,18,0.0045
2025-08-14,5,Vængir Júpiters,Elliði,5,5,7,0.00175
2025-08-14,5,Vængir Júpiters,Elliði,5,6,1,2.5e-4
2025-08-14,5,Vængir Júpiters,Elliði,6,0,108,0.027
2025-08-14,5,Vængir Júpiters,Elliði,6,1,150,0.0375
2025-08-14,5,Vængir Júpiters,Elliði,6,2,86,0.0215
2025-08-14,5,Vængir Júpiters,Elliði,6,3,38,0.0095
2025-08-14,5,Vængir Júpiters,Elliði,6,4,15,0.00375
2025-08-14,5,Vængir Júpiters,Elliði,6,5,6,0.0015
2025-08-14,5,Vængir Júpiters,Elliði,6,6,4,0.001
2025-08-14,5,Vængir Júpiters,Elliði,7,0,67,0.01675
2025-08-14,5,Vængir Júpiters,Elliði,7,1,87,0.02175
2025-08-14,5,Vængir Júpiters,Elliði,7,2,51,0.01275
2025-08-14,5,Vængir Júpiters,Elliði,7,3,29,0.00725
2025-08-14,5,Vængir Júpiters,Elliði,7,4,15,0.00375
2025-08-14,5,Vængir Júpiters,Elliði,7,5,2,5e-4
2025-08-14,5,Vængir Júpiters,Elliði,7,6,2,5e-4
2025-08-14,5,Vængir Júpiters,Elliði,8,0,33,0.00825
2025-08-14,5,Vængir Júpiters,Elliði,8,1,47,0.01175
2025-08-14,5,Vængir Júpiters,Elliði,8,2,26,0.0065
2025-08-14,5,Vængir Júpiters,Elliði,8,3,12,0.003
2025-08-14,5,Vængir Júpiters,Elliði,8,4,5,0.00125
2025-08-14,5,Vængir Júpiters,Elliði,8,5,2,5e-4
2025-08-14,5,Vængir Júpiters,Elliði,9,0,15,0.00375
2025-08-14,5,Vængir Júpiters,Elliði,9,1,19,0.00475
2025-08-14,5,Vængir Júpiters,Elliði,9,2,13,0.00325
2025-08-14,5,Vængir Júpiters,Elliði,9,3,13,0.00325
2025-08-14,5,Vængir Júpiters,Elliði,9,4,4,0.001
2025-08-14,5,Vængir Júpiters,Elliði,9,5,2,5e-4
2025-08-14,5,Vængir Júpiters,Elliði,10,0,8,0.002
2025-08-14,5,Vængir Júpiters,Elliði,10,1,13,0.00325
2025-08-14,5,Vængir Júpiters,Elliði,10,2,7,0.00175
2025-08-14,5,Vængir Júpiters,Elliði,10,3,2,5e-4
2025-08-14,5,Vængir Júpiters,Elliði,10,5,1,2.5e-4
2025-08-14,5,Vængir Júpiters,Elliði,11,0,1,2.5e-4
2025-08-14,5,Vængir Júpiters,Elliði,11,1,4,0.001
2025-08-14,5,Vængir Júpiters,Elliði,11,3,2,5e-4
2025-08-14,5,Vængir Júpiters,Elliði,11,4,2,5e-4
2025-08-14,5,Vængir Júpiters,Elliði,11,5,1,2.5e-4
2025-08-14,5,Vængir Júpiters,Elliði,12,0,1,2.5e-4
2025-08-14,5,Vængir Júpiters,Elliði,12,1,3,7.5e-4
2025-08-14,5,Vængir Júpiters,Elliði,12,2,3,7.5e-4
2025-08-14,5,Vængir Júpiters,Elliði,12,3,1,2.5e-4
2025-08-14,5,Vængir Júpiters,Elliði,13,1,1,2.5e-4
2025-08-14,5,Vængir Júpiters,Elliði,13,2,1,2.5e-4
2025-08-14,5,Vængir Júpiters,Elliði,13,4,1,2.5e-4
2025-08-14,5,Vængir Júpiters,Elliði,14,0,1,2.5e-4
2025-08-15,4,Hvíti riddarinn,Reynir S.,0,0,163,0.04075
2025-08-15,4,Hvíti riddarinn,Reynir S.,0,1,152,0.038
2025-08-15,4,Hvíti riddarinn,Reynir S.,0,2,78,0.0195
2025-08-15,4,Hvíti riddarinn,Reynir S.,0,3,33,0.00825
2025-08-15,4,Hvíti riddarinn,Reynir S.,0,4,6,0.0015
2025-08-15,4,Hvíti riddarinn,Reynir S.,0,5,4,0.001
2025-08-15,4,Hvíti riddarinn,Reynir S.,1,0,314,0.0785
2025-08-15,4,Hvíti riddarinn,Reynir S.,1,1,328,0.082
2025-08-15,4,Hvíti riddarinn,Reynir S.,1,2,190,0.0475
2025-08-15,4,Hvíti riddarinn,Reynir S.,1,3,64,0.016
2025-08-15,4,Hvíti riddarinn,Reynir S.,1,4,19,0.00475
2025-08-15,4,Hvíti riddarinn,Reynir S.,1,5,1,2.5e-4
2025-08-15,4,Hvíti riddarinn,Reynir S.,1,6,2,5e-4
2025-08-15,4,Hvíti riddarinn,Reynir S.,1,7,1,2.5e-4
2025-08-15,4,Hvíti riddarinn,Reynir S.,2,0,317,0.07925
2025-08-15,4,Hvíti riddarinn,Reynir S.,2,1,345,0.08625
2025-08-15,4,Hvíti riddarinn,Reynir S.,2,2,204,0.051
2025-08-15,4,Hvíti riddarinn,Reynir S.,2,3,80,0.02
2025-08-15,4,Hvíti riddarinn,Reynir S.,2,4,20,0.005
2025-08-15,4,Hvíti riddarinn,Reynir S.,2,5,12,0.003
2025-08-15,4,Hvíti riddarinn,Reynir S.,2,6,2,5e-4
2025-08-15,4,Hvíti riddarinn,Reynir S.,2,7,2,5e-4
2025-08-15,4,Hvíti riddarinn,Reynir S.,3,0,256,0.064
2025-08-15,4,Hvíti riddarinn,Reynir S.,3,1,254,0.0635
2025-08-15,4,Hvíti riddarinn,Reynir S.,3,2,142,0.0355
2025-08-15,4,Hvíti riddarinn,Reynir S.,3,3,73,0.01825
2025-08-15,4,Hvíti riddarinn,Reynir S.,3,4,13,0.00325
2025-08-15,4,Hvíti riddarinn,Reynir S.,3,5,6,0.0015
2025-08-15,4,Hvíti riddarinn,Reynir S.,3,6,2,5e-4
2025-08-15,4,Hvíti riddarinn,Reynir S.,4,0,146,0.0365
2025-08-15,4,Hvíti riddarinn,Reynir S.,4,1,162,0.0405
2025-08-15,4,Hvíti riddarinn,Reynir S.,4,2,80,0.02
2025-08-15,4,Hvíti riddarinn,Reynir S.,4,3,46,0.0115
2025-08-15,4,Hvíti riddarinn,Reynir S.,4,4,11,0.00275
2025-08-15,4,Hvíti riddarinn,Reynir S.,4,5,6,0.0015
2025-08-15,4,Hvíti riddarinn,Reynir S.,4,6,1,2.5e-4
2025-08-15,4,Hvíti riddarinn,Reynir S.,5,0,108,0.027
2025-08-15,4,Hvíti riddarinn,Reynir S.,5,1,96,0.024
2025-08-15,4,Hvíti riddarinn,Reynir S.,5,2,57,0.01425
2025-08-15,4,Hvíti riddarinn,Reynir S.,5,3,16,0.004
2025-08-15,4,Hvíti riddarinn,Reynir S.,5,4,2,5e-4
2025-08-15,4,Hvíti riddarinn,Reynir S.,5,5,2,5e-4
2025-08-15,4,Hvíti riddarinn,Reynir S.,6,0,24,0.006
2025-08-15,4,Hvíti riddarinn,Reynir S.,6,1,53,0.01325
2025-08-15,4,Hvíti riddarinn,Reynir S.,6,2,22,0.0055
2025-08-15,4,Hvíti riddarinn,Reynir S.,6,3,9,0.00225
2025-08-15,4,Hvíti riddarinn,Reynir S.,6,4,5,0.00125
2025-08-15,4,Hvíti riddarinn,Reynir S.,7,0,18,0.0045
2025-08-15,4,Hvíti riddarinn,Reynir S.,7,1,16,0.004
2025-08-15,4,Hvíti riddarinn,Reynir S.,7,2,11,0.00275
2025-08-15,4,Hvíti riddarinn,Reynir S.,7,3,3,7.5e-4
2025-08-15,4,Hvíti riddarinn,Reynir S.,7,4,1,2.5e-4
2025-08-15,4,Hvíti riddarinn,Reynir S.,7,5,1,2.5e-4
2025-08-15,4,Hvíti riddarinn,Reynir S.,8,0,3,7.5e-4
2025-08-15,4,Hvíti riddarinn,Reynir S.,8,1,6,0.0015
2025-08-15,4,Hvíti riddarinn,Reynir S.,8,2,5,0.00125
2025-08-15,4,Hvíti riddarinn,Reynir S.,9,0,1,2.5e-4
2025-08-15,4,Hvíti riddarinn,Reynir S.,9,1,2,5e-4
2025-08-15,4,Hvíti riddarinn,Reynir S.,9,3,1,2.5e-4
2025-08-15,4,Hvíti riddarinn,Reynir S.,10,0,1,2.5e-4
2025-08-15,4,Hvíti riddarinn,Reynir S.,10,1,1,2.5e-4
2025-08-15,4,Hvíti riddarinn,Reynir S.,11,1,1,2.5e-4
2025-08-15,4,KFK,KV,0,0,93,0.02325
2025-08-15,4,KFK,KV,0,1,158,0.0395
2025-08-15,4,KFK,KV,0,2,147,0.03675
2025-08-15,4,KFK,KV,0,3,107,0.02675
2025-08-15,4,KFK,KV,0,4,75,0.01875
2025-08-15,4,KFK,KV,0,5,40,0.01
2025-08-15,4,KFK,KV,0,6,6,0.0015
2025-08-15,4,KFK,KV,0,7,6,0.0015
2025-08-15,4,KFK,KV,0,8,5,0.00125
2025-08-15,4,KFK,KV,1,0,136,0.034
2025-08-15,4,KFK,KV,1,1,279,0.06975
2025-08-15,4,KFK,KV,1,2,294,0.0735
2025-08-15,4,KFK,KV,1,3,192,0.048
2025-08-15,4,KFK,KV,1,4,116,0.029
2025-08-15,4,KFK,KV,1,5,58,0.0145
2025-08-15,4,KFK,KV,1,6,24,0.006
2025-08-15,4,KFK,KV,1,7,8,0.002
2025-08-15,4,KFK,KV,1,8,7,0.00175
2025-08-15,4,KFK,KV,1,9,1,2.5e-4
2025-08-15,4,KFK,KV,2,0,112,0.028
2025-08-15,4,KFK,KV,2,1,267,0.06675
2025-08-15,4,KFK,KV,2,2,278,0.0695
2025-08-15,4,KFK,KV,2,3,177,0.04425
2025-08-15,4,KFK,KV,2,4,119,0.02975
2025-08-15,4,KFK,KV,2,5,52,0.013
2025-08-15,4,KFK,KV,2,6,21,0.00525
2025-08-15,4,KFK,KV,2,7,7,0.00175
2025-08-15,4,KFK,KV,2,8,2,5e-4
2025-08-15,4,KFK,KV,2,10,1,2.5e-4
2025-08-15,4,KFK,KV,3,0,81,0.02025
2025-08-15,4,KFK,KV,3,1,185,0.04625
2025-08-15,4,KFK,KV,3,2,183,0.04575
2025-08-15,4,KFK,KV,3,3,130,0.0325
2025-08-15,4,KFK,KV,3,4,72,0.018
2025-08-15,4,KFK,KV,3,5,33,0.00825
2025-08-15,4,KFK,KV,3,6,16,0.004
2025-08-15,4,KFK,KV,3,7,5,0.00125
2025-08-15,4,KFK,KV,3,8,1,2.5e-4
2025-08-15,4,KFK,KV,3,10,1,2.5e-4
2025-08-15,4,KFK,KV,4,0,33,0.00825
2025-08-15,4,KFK,KV,4,1,62,0.0155
2025-08-15,4,KFK,KV,4,2,89,0.02225
2025-08-15,4,KFK,KV,4,3,59,0.01475
2025-08-15,4,KFK,KV,4,4,41,0.01025
2025-08-15,4,KFK,KV,4,5,11,0.00275
2025-08-15,4,KFK,KV,4,6,8,0.002
2025-08-15,4,KFK,KV,4,7,4,0.001
2025-08-15,4,KFK,KV,4,8,2,5e-4
2025-08-15,4,KFK,KV,4,9,1,2.5e-4
2025-08-15,4,KFK,KV,5,0,16,0.004
2025-08-15,4,KFK,KV,5,1,30,0.0075
2025-08-15,4,KFK,KV,5,2,36,0.009
2025-08-15,4,KFK,KV,5,3,19,0.00475
2025-08-15,4,KFK,KV,5,4,14,0.0035
2025-08-15,4,KFK,KV,5,5,6,0.0015
2025-08-15,4,KFK,KV,5,6,3,7.5e-4
2025-08-15,4,KFK,KV,5,9,1,2.5e-4
2025-08-15,4,KFK,KV,6,0,4,0.001
2025-08-15,4,KFK,KV,6,1,15,0.00375
2025-08-15,4,KFK,KV,6,2,7,0.00175
2025-08-15,4,KFK,KV,6,3,9,0.00225
2025-08-15,4,KFK,KV,6,4,5,0.00125
2025-08-15,4,KFK,KV,6,5,3,7.5e-4
2025-08-15,4,KFK,KV,6,6,6,0.0015
2025-08-15,4,KFK,KV,6,8,2,5e-4
2025-08-15,4,KFK,KV,7,0,3,7.5e-4
2025-08-15,4,KFK,KV,7,1,5,0.00125
2025-08-15,4,KFK,KV,7,2,3,7.5e-4
2025-08-15,4,KFK,KV,7,3,2,5e-4
2025-08-15,4,KFK,KV,7,4,1,2.5e-4
2025-08-15,4,KFK,KV,8,0,1,2.5e-4
2025-08-15,4,KFK,KV,8,1,1,2.5e-4
2025-08-15,4,KFK,KV,8,2,1,2.5e-4
2025-08-15,4,KFK,KV,8,3,1,2.5e-4
2025-08-15,4,KFK,KV,9,0,1,2.5e-4
2025-08-15,4,Tindastóll,Magni,0,0,71,0.01775
2025-08-15,4,Tindastóll,Magni,0,1,99,0.02475
2025-08-15,4,Tindastóll,Magni,0,2,86,0.0215
2025-08-15,4,Tindastóll,Magni,0,3,62,0.0155
2025-08-15,4,Tindastóll,Magni,0,4,31,0.00775
2025-08-15,4,Tindastóll,Magni,0,5,16,0.004
2025-08-15,4,Tindastóll,Magni,0,6,5,0.00125
2025-08-15,4,Tindastóll,Magni,0,7,1,2.5e-4
2025-08-15,4,Tindastóll,Magni,1,0,141,0.03525
2025-08-15,4,Tindastóll,Magni,1,1,272,0.068
2025-08-15,4,Tindastóll,Magni,1,2,228,0.057
2025-08-15,4,Tindastóll,Magni,1,3,151,0.03775
2025-08-15,4,Tindastóll,Magni,1,4,70,0.0175
2025-08-15,4,Tindastóll,Magni,1,5,32,0.008
2025-08-15,4,Tindastóll,Magni,1,6,11,0.00275
2025-08-15,4,Tindastóll,Magni,1,7,2,5e-4
2025-08-15,4,Tindastóll,Magni,1,8,2,5e-4
2025-08-15,4,Tindastóll,Magni,2,0,144,0.036
2025-08-15,4,Tindastóll,Magni,2,1,270,0.0675
2025-08-15,4,Tindastóll,Magni,2,2,273,0.06825
2025-08-15,4,Tindastóll,Magni,2,3,162,0.0405
2025-08-15,4,Tindastóll,Magni,2,4,86,0.0215
2025-08-15,4,Tindastóll,Magni,2,5,31,0.00775
2025-08-15,4,Tindastóll,Magni,2,6,8,0.002
2025-08-15,4,Tindastóll,Magni,2,7,5,0.00125
2025-08-15,4,Tindastóll,Magni,2,8,2,5e-4
2025-08-15,4,Tindastóll,Magni,2,9,1,2.5e-4
2025-08-15,4,Tindastóll,Magni,3,0,115,0.02875
2025-08-15,4,Tindastóll,Magni,3,1,193,0.04825
2025-08-15,4,Tindastóll,Magni,3,2,200,0.05
2025-08-15,4,Tindastóll,Magni,3,3,143,0.03575
2025-08-15,4,Tindastóll,Magni,3,4,72,0.018
2025-08-15,4,Tindastóll,Magni,3,5,33,0.00825
2025-08-15,4,Tindastóll,Magni,3,6,11,0.00275
2025-08-15,4,Tindastóll,Magni,3,7,5,0.00125
2025-08-15,4,Tindastóll,Magni,3,8,1,2.5e-4
2025-08-15,4,Tindastóll,Magni,4,0,99,0.02475
2025-08-15,4,Tindastóll,Magni,4,1,130,0.0325
2025-08-15,4,Tindastóll,Magni,4,2,115,0.02875
2025-08-15,4,Tindastóll,Magni,4,3,76,0.019
2025-08-15,4,Tindastóll,Magni,4,4,55,0.01375
2025-08-15,4,Tindastóll,Magni,4,5,23,0.00575
2025-08-15,4,Tindastóll,Magni,4,6,4,0.001
2025-08-15,4,Tindastóll,Magni,4,7,3,7.5e-4
2025-08-15,4,Tindastóll,Magni,4,9,1,2.5e-4
2025-08-15,4,Tindastóll,Magni,5,0,29,0.00725
2025-08-15,4,Tindastóll,Magni,5,1,66,0.0165
2025-08-15,4,Tindastóll,Magni,5,2,66,0.0165
2025-08-15,4,Tindastóll,Magni,5,3,39,0.00975
2025-08-15,4,Tindastóll,Magni,5,4,32,0.008
2025-08-15,4,Tindastóll,Magni,5,5,7,0.00175
2025-08-15,4,Tindastóll,Magni,5,6,7,0.00175
2025-08-15,4,Tindastóll,Magni,5,7,1,2.5e-4
2025-08-15,4,Tindastóll,Magni,6,0,25,0.00625
2025-08-15,4,Tindastóll,Magni,6,1,35,0.00875
2025-08-15,4,Tindastóll,Magni,6,2,32,0.008
2025-08-15,4,Tindastóll,Magni,6,3,19,0.00475
2025-08-15,4,Tindastóll,Magni,6,4,17,0.00425
2025-08-15,4,Tindastóll,Magni,6,5,3,7.5e-4
2025-08-15,4,Tindastóll,Magni,6,6,2,5e-4
2025-08-15,4,Tindastóll,Magni,6,7,1,2.5e-4
2025-08-15,4,Tindastóll,Magni,7,0,9,0.00225
2025-08-15,4,Tindastóll,Magni,7,1,13,0.00325
2025-08-15,4,Tindastóll,Magni,7,2,13,0.00325
2025-08-15,4,Tindastóll,Magni,7,3,11,0.00275
2025-08-15,4,Tindastóll,Magni,7,4,7,0.00175
2025-08-15,4,Tindastóll,Magni,7,5,1,2.5e-4
2025-08-15,4,Tindastóll,Magni,7,7,1,2.5e-4
2025-08-15,4,Tindastóll,Magni,8,0,5,0.00125
2025-08-15,4,Tindastóll,Magni,8,1,4,0.001
2025-08-15,4,Tindastóll,Magni,8,2,3,7.5e-4
2025-08-15,4,Tindastóll,Magni,8,3,1,2.5e-4
2025-08-15,4,Tindastóll,Magni,8,4,4,0.001
2025-08-15,4,Tindastóll,Magni,9,1,3,7.5e-4
2025-08-15,4,Tindastóll,Magni,9,3,2,5e-4
2025-08-15,4,Tindastóll,Magni,9,4,1,2.5e-4
2025-08-15,4,ÍH,Árbær,0,0,78,0.0195
2025-08-15,4,ÍH,Árbær,0,1,129,0.03225
2025-08-15,4,ÍH,Árbær,0,2,148,0.037
2025-08-15,4,ÍH,Árbær,0,3,103,0.02575
2025-08-15,4,ÍH,Árbær,0,4,53,0.01325
2025-08-15,4,ÍH,Árbær,0,5,33,0.00825
2025-08-15,4,ÍH,Árbær,0,6,15,0.00375
2025-08-15,4,ÍH,Árbær,0,7,5,0.00125
2025-08-15,4,ÍH,Árbær,1,0,113,0.02825
2025-08-15,4,ÍH,Árbær,1,1,257,0.06425
2025-08-15,4,ÍH,Árbær,1,2,271,0.06775
2025-08-15,4,ÍH,Árbær,1,3,206,0.0515
2025-08-15,4,ÍH,Árbær,1,4,111,0.02775
2025-08-15,4,ÍH,Árbær,1,5,68,0.017
2025-08-15,4,ÍH,Árbær,1,6,25,0.00625
2025-08-15,4,ÍH,Árbær,1,7,8,0.002
2025-08-15,4,ÍH,Árbær,1,8,4,0.001
2025-08-15,4,ÍH,Árbær,1,9,1,2.5e-4
2025-08-15,4,ÍH,Árbær,1,11,1,2.5e-4
2025-08-15,4,ÍH,Árbær,2,0,120,0.03
2025-08-15,4,ÍH,Árbær,2,1,241,0.06025
2025-08-15,4,ÍH,Árbær,2,2,274,0.0685
2025-08-15,4,ÍH,Árbær,2,3,188,0.047
2025-08-15,4,ÍH,Árbær,2,4,99,0.02475
2025-08-15,4,ÍH,Árbær,2,5,51,0.01275
2025-08-15,4,ÍH,Árbær,2,6,20,0.005
2025-08-15,4,ÍH,Árbær,2,7,10,0.0025
2025-08-15,4,ÍH,Árbær,2,8,4,0.001
2025-08-15,4,ÍH,Árbær,3,0,85,0.02125
2025-08-15,4,ÍH,Árbær,3,1,140,0.035
2025-08-15,4,ÍH,Árbær,3,2,177,0.04425
2025-08-15,4,ÍH,Árbær,3,3,149,0.03725
2025-08-15,4,ÍH,Árbær,3,4,71,0.01775
2025-08-15,4,ÍH,Árbær,3,5,38,0.0095
2025-08-15,4,ÍH,Árbær,3,6,10,0.0025
2025-08-15,4,ÍH,Árbær,3,7,9,0.00225
2025-08-15,4,ÍH,Árbær,3,8,4,0.001
2025-08-15,4,ÍH,Árbær,3,9,1,2.5e-4
2025-08-15,4,ÍH,Árbær,4,0,48,0.012
2025-08-15,4,ÍH,Árbær,4,1,95,0.02375
2025-08-15,4,ÍH,Árbær,4,2,96,0.024
2025-08-15,4,ÍH,Árbær,4,3,78,0.0195
2025-08-15,4,ÍH,Árbær,4,4,51,0.01275
2025-08-15,4,ÍH,Árbær,4,5,23,0.00575
2025-08-15,4,ÍH,Árbær,4,6,4,0.001
2025-08-15,4,ÍH,Árbær,4,7,2,5e-4
2025-08-15,4,ÍH,Árbær,5,0,11,0.00275
2025-08-15,4,ÍH,Árbær,5,1,50,0.0125
2025-08-15,4,ÍH,Árbær,5,2,50,0.0125
2025-08-15,4,ÍH,Árbær,5,3,28,0.007
2025-08-15,4,ÍH,Árbær,5,4,13,0.00325
2025-08-15,4,ÍH,Árbær,5,5,7,0.00175
2025-08-15,4,ÍH,Árbær,5,6,6,0.0015
2025-08-15,4,ÍH,Árbær,5,7,2,5e-4
2025-08-15,4,ÍH,Árbær,6,0,10,0.0025
2025-08-15,4,ÍH,Árbær,6,1,24,0.006
2025-08-15,4,ÍH,Árbær,6,2,15,0.00375
2025-08-15,4,ÍH,Árbær,6,3,11,0.00275
2025-08-15,4,ÍH,Árbær,6,4,10,0.0025
2025-08-15,4,ÍH,Árbær,6,5,3,7.5e-4
2025-08-15,4,ÍH,Árbær,6,6,2,5e-4
2025-08-15,4,ÍH,Árbær,7,0,3,7.5e-4
2025-08-15,4,ÍH,Árbær,7,1,9,0.00225
2025-08-15,4,ÍH,Árbær,7,2,7,0.00175
2025-08-15,4,ÍH,Árbær,7,3,2,5e-4
2025-08-15,4,ÍH,Árbær,7,4,4,0.001
2025-08-15,4,ÍH,Árbær,7,5,3,7.5e-4
2025-08-15,4,ÍH,Árbær,7,6,3,7.5e-4
2025-08-15,4,ÍH,Árbær,7,7,1,2.5e-4
2025-08-15,4,ÍH,Árbær,8,1,3,7.5e-4
2025-08-15,4,ÍH,Árbær,8,2,2,5e-4
2025-08-15,4,ÍH,Árbær,8,3,2,5e-4
2025-08-15,4,ÍH,Árbær,8,6,1,2.5e-4
2025-08-15,4,ÍH,Árbær,9,2,1,2.5e-4
2025-08-15,5,KÁ,Árborg,0,0,92,0.023
2025-08-15,5,KÁ,Árborg,0,1,127,0.03175
2025-08-15,5,KÁ,Árborg,0,2,107,0.02675
2025-08-15,5,KÁ,Árborg,0,3,69,0.01725
2025-08-15,5,KÁ,Árborg,0,4,21,0.00525
2025-08-15,5,KÁ,Árborg,0,5,10,0.0025
2025-08-15,5,KÁ,Árborg,0,6,4,0.001
2025-08-15,5,KÁ,Árborg,0,9,1,2.5e-4
2025-08-15,5,KÁ,Árborg,1,0,200,0.05
2025-08-15,5,KÁ,Árborg,1,1,283,0.07075
2025-08-15,5,KÁ,Árborg,1,2,203,0.05075
2025-08-15,5,KÁ,Árborg,1,3,115,0.02875
2025-08-15,5,KÁ,Árborg,1,4,53,0.01325
2025-08-15,5,KÁ,Árborg,1,5,22,0.0055
2025-08-15,5,KÁ,Árborg,1,6,3,7.5e-4
2025-08-15,5,KÁ,Árborg,1,7,3,7.5e-4
2025-08-15,5,KÁ,Árborg,1,11,1,2.5e-4
2025-08-15,5,KÁ,Árborg,2,0,215,0.05375
2025-08-15,5,KÁ,Árborg,2,1,339,0.08475
2025-08-15,5,KÁ,Árborg,2,2,263,0.06575
2025-08-15,5,KÁ,Árborg,2,3,156,0.039
2025-08-15,5,KÁ,Árborg,2,4,65,0.01625
2025-08-15,5,KÁ,Árborg,2,5,21,0.00525
2025-08-15,5,KÁ,Árborg,2,6,8,0.002
2025-08-15,5,KÁ,Árborg,2,7,1,2.5e-4
2025-08-15,5,KÁ,Árborg,3,0,137,0.03425
2025-08-15,5,KÁ,Árborg,3,1,269,0.06725
2025-08-15,5,KÁ,Árborg,3,2,178,0.0445
2025-08-15,5,KÁ,Árborg,3,3,102,0.0255
2025-08-15,5,KÁ,Árborg,3,4,39,0.00975
2025-08-15,5,KÁ,Árborg,3,5,19,0.00475
2025-08-15,5,KÁ,Árborg,3,6,13,0.00325
2025-08-15,5,KÁ,Árborg,3,7,4,0.001
2025-08-15,5,KÁ,Árborg,4,0,84,0.021
2025-08-15,5,KÁ,Árborg,4,1,134,0.0335
2025-08-15,5,KÁ,Árborg,4,2,119,0.02975
2025-08-15,5,KÁ,Árborg,4,3,60,0.015
2025-08-15,5,KÁ,Árborg,4,4,34,0.0085
2025-08-15,5,KÁ,Árborg,4,5,13,0.00325
2025-08-15,5,KÁ,Árborg,4,6,9,0.00225
2025-08-15,5,KÁ,Árborg,4,7,2,5e-4
2025-08-15,5,KÁ,Árborg,5,0,55,0.01375
2025-08-15,5,KÁ,Árborg,5,1,69,0.01725
2025-08-15,5,KÁ,Árborg,5,2,50,0.0125
2025-08-15,5,KÁ,Árborg,5,3,38,0.0095
2025-08-15,5,KÁ,Árborg,5,4,17,0.00425
2025-08-15,5,KÁ,Árborg,5,5,8,0.002
2025-08-15,5,KÁ,Árborg,5,6,4,0.001
2025-08-15,5,KÁ,Árborg,5,7,1,2.5e-4
2025-08-15,5,KÁ,Árborg,6,0,15,0.00375
2025-08-15,5,KÁ,Árborg,6,1,28,0.007
2025-08-15,5,KÁ,Árborg,6,2,25,0.00625
2025-08-15,5,KÁ,Árborg,6,3,16,0.004
2025-08-15,5,KÁ,Árborg,6,4,5,0.00125
2025-08-15,5,KÁ,Árborg,6,5,2,5e-4
2025-08-15,5,KÁ,Árborg,6,6,6,0.0015
2025-08-15,5,KÁ,Árborg,6,7,2,5e-4
2025-08-15,5,KÁ,Árborg,7,0,7,0.00175
2025-08-15,5,KÁ,Árborg,7,1,13,0.00325
2025-08-15,5,KÁ,Árborg,7,2,11,0.00275
2025-08-15,5,KÁ,Árborg,7,3,3,7.5e-4
2025-08-15,5,KÁ,Árborg,7,4,1,2.5e-4
2025-08-15,5,KÁ,Árborg,7,7,1,2.5e-4
2025-08-15,5,KÁ,Árborg,8,0,3,7.5e-4
2025-08-15,5,KÁ,Árborg,8,1,4,0.001
2025-08-15,5,KÁ,Árborg,8,2,4,0.001
2025-08-15,5,KÁ,Árborg,8,3,4,0.001
2025-08-15,5,KÁ,Árborg,8,5,1,2.5e-4
2025-08-15,5,KÁ,Árborg,9,0,2,5e-4
2025-08-15,5,KÁ,Árborg,9,1,2,5e-4
2025-08-15,5,KÁ,Árborg,9,2,2,5e-4
2025-08-15,5,KÁ,Árborg,10,2,2,5e-4
2025-08-15,5,KÁ,Árborg,11,0,1,2.5e-4
2025-08-16,3,Þróttur V.,Víkingur Ó.,0,0,178,0.0445
2025-08-16,3,Þróttur V.,Víkingur Ó.,0,1,270,0.0675
2025-08-16,3,Þróttur V.,Víkingur Ó.,0,2,238,0.0595
2025-08-16,3,Þróttur V.,Víkingur Ó.,0,3,129,0.03225
2025-08-16,3,Þróttur V.,Víkingur Ó.,0,4,77,0.01925
2025-08-16,3,Þróttur V.,Víkingur Ó.,0,5,37,0.00925
2025-08-16,3,Þróttur V.,Víkingur Ó.,0,6,9,0.00225
2025-08-16,3,Þróttur V.,Víkingur Ó.,0,7,7,0.00175
2025-08-16,3,Þróttur V.,Víkingur Ó.,1,0,221,0.05525
2025-08-16,3,Þróttur V.,Víkingur Ó.,1,1,363,0.09075
2025-08-16,3,Þróttur V.,Víkingur Ó.,1,2,302,0.0755
2025-08-16,3,Þróttur V.,Víkingur Ó.,1,3,194,0.0485
2025-08-16,3,Þróttur V.,Víkingur Ó.,1,4,92,0.023
2025-08-16,3,Þróttur V.,Víkingur Ó.,1,5,50,0.0125
2025-08-16,3,Þróttur V.,Víkingur Ó.,1,6,13,0.00325
2025-08-16,3,Þróttur V.,Víkingur Ó.,1,7,5,0.00125
2025-08-16,3,Þróttur V.,Víkingur Ó.,2,0,195,0.04875
2025-08-16,3,Þróttur V.,Víkingur Ó.,2,1,280,0.07
2025-08-16,3,Þróttur V.,Víkingur Ó.,2,2,246,0.0615
2025-08-16,3,Þróttur V.,Víkingur Ó.,2,3,150,0.0375
2025-08-16,3,Þróttur V.,Víkingur Ó.,2,4,58,0.0145
2025-08-16,3,Þróttur V.,Víkingur Ó.,2,5,39,0.00975
2025-08-16,3,Þróttur V.,Víkingur Ó.,2,6,9,0.00225
2025-08-16,3,Þróttur V.,Víkingur Ó.,2,7,2,5e-4
2025-08-16,3,Þróttur V.,Víkingur Ó.,2,8,1,2.5e-4
2025-08-16,3,Þróttur V.,Víkingur Ó.,3,0,83,0.02075
2025-08-16,3,Þróttur V.,Víkingur Ó.,3,1,136,0.034
2025-08-16,3,Þróttur V.,Víkingur Ó.,3,2,149,0.03725
2025-08-16,3,Þróttur V.,Víkingur Ó.,3,3,92,0.023
2025-08-16,3,Þróttur V.,Víkingur Ó.,3,4,41,0.01025
2025-08-16,3,Þróttur V.,Víkingur Ó.,3,5,18,0.0045
2025-08-16,3,Þróttur V.,Víkingur Ó.,3,6,10,0.0025
2025-08-16,3,Þróttur V.,Víkingur Ó.,3,7,2,5e-4
2025-08-16,3,Þróttur V.,Víkingur Ó.,3,8,1,2.5e-4
2025-08-16,3,Þróttur V.,Víkingur Ó.,4,0,36,0.009
2025-08-16,3,Þróttur V.,Víkingur Ó.,4,1,51,0.01275
2025-08-16,3,Þróttur V.,Víkingur Ó.,4,2,62,0.0155
2025-08-16,3,Þróttur V.,Víkingur Ó.,4,3,29,0.00725
2025-08-16,3,Þróttur V.,Víkingur Ó.,4,4,19,0.00475
2025-08-16,3,Þróttur V.,Víkingur Ó.,4,5,8,0.002
2025-08-16,3,Þróttur V.,Víkingur Ó.,4,6,2,5e-4
2025-08-16,3,Þróttur V.,Víkingur Ó.,4,7,1,2.5e-4
2025-08-16,3,Þróttur V.,Víkingur Ó.,5,0,6,0.0015
2025-08-16,3,Þróttur V.,Víkingur Ó.,5,1,22,0.0055
2025-08-16,3,Þróttur V.,Víkingur Ó.,5,2,14,0.0035
2025-08-16,3,Þróttur V.,Víkingur Ó.,5,3,11,0.00275
2025-08-16,3,Þróttur V.,Víkingur Ó.,5,4,5,0.00125
2025-08-16,3,Þróttur V.,Víkingur Ó.,5,5,4,0.001
2025-08-16,3,Þróttur V.,Víkingur Ó.,6,0,2,5e-4
2025-08-16,3,Þróttur V.,Víkingur Ó.,6,1,5,0.00125
2025-08-16,3,Þróttur V.,Víkingur Ó.,6,2,8,0.002
2025-08-16,3,Þróttur V.,Víkingur Ó.,6,3,6,0.0015
2025-08-16,3,Þróttur V.,Víkingur Ó.,6,4,2,5e-4
2025-08-16,3,Þróttur V.,Víkingur Ó.,6,5,2,5e-4
2025-08-16,3,Þróttur V.,Víkingur Ó.,7,1,1,2.5e-4
2025-08-16,3,Þróttur V.,Víkingur Ó.,7,2,3,7.5e-4
2025-08-16,3,Þróttur V.,Víkingur Ó.,8,1,2,5e-4
2025-08-16,3,Þróttur V.,Víkingur Ó.,8,2,1,2.5e-4
2025-08-16,3,Þróttur V.,Víkingur Ó.,10,5,1,2.5e-4
2025-08-16,4,Sindri,Augnablik,0,0,360,0.09
2025-08-16,4,Sindri,Augnablik,0,1,276,0.069
2025-08-16,4,Sindri,Augnablik,0,2,132,0.033
2025-08-16,4,Sindri,Augnablik,0,3,32,0.008
2025-08-16,4,Sindri,Augnablik,0,4,8,0.002
2025-08-16,4,Sindri,Augnablik,0,7,1,2.5e-4
2025-08-16,4,Sindri,Augnablik,1,0,495,0.12375
2025-08-16,4,Sindri,Augnablik,1,1,449,0.11225
2025-08-16,4,Sindri,Augnablik,1,2,184,0.046
2025-08-16,4,Sindri,Augnablik,1,3,57,0.01425
2025-08-16,4,Sindri,Augnablik,1,4,15,0.00375
2025-08-16,4,Sindri,Augnablik,1,5,5,0.00125
2025-08-16,4,Sindri,Augnablik,1,6,1,2.5e-4
2025-08-16,4,Sindri,Augnablik,2,0,384,0.096
2025-08-16,4,Sindri,Augnablik,2,1,350,0.0875
2025-08-16,4,Sindri,Augnablik,2,2,184,0.046
2025-08-16,4,Sindri,Augnablik,2,3,49,0.01225
2025-08-16,4,Sindri,Augnablik,2,4,11,0.00275
2025-08-16,4,Sindri,Augnablik,2,5,5,0.00125
2025-08-16,4,Sindri,Augnablik,2,6,2,5e-4
2025-08-16,4,Sindri,Augnablik,3,0,252,0.063
2025-08-16,4,Sindri,Augnablik,3,1,217,0.05425
2025-08-16,4,Sindri,Augnablik,3,2,80,0.02
2025-08-16,4,Sindri,Augnablik,3,3,38,0.0095
2025-08-16,4,Sindri,Augnablik,3,4,12,0.003
2025-08-16,4,Sindri,Augnablik,3,5,2,5e-4
2025-08-16,4,Sindri,Augnablik,4,0,114,0.0285
2025-08-16,4,Sindri,Augnablik,4,1,76,0.019
2025-08-16,4,Sindri,Augnablik,4,2,44,0.011
2025-08-16,4,Sindri,Augnablik,4,3,18,0.0045
2025-08-16,4,Sindri,Augnablik,4,4,6,0.0015
2025-08-16,4,Sindri,Augnablik,5,0,36,0.009
2025-08-16,4,Sindri,Augnablik,5,1,39,0.00975
2025-08-16,4,Sindri,Augnablik,5,2,24,0.006
2025-08-16,4,Sindri,Augnablik,5,3,1,2.5e-4
2025-08-16,4,Sindri,Augnablik,5,4,1,2.5e-4
2025-08-16,4,Sindri,Augnablik,5,5,2,5e-4
2025-08-16,4,Sindri,Augnablik,6,0,18,0.0045
2025-08-16,4,Sindri,Augnablik,6,1,13,0.00325
2025-08-16,4,Sindri,Augnablik,6,2,2,5e-4
2025-08-16,4,Sindri,Augnablik,6,3,1,2.5e-4
2025-08-16,4,Sindri,Augnablik,7,1,1,2.5e-4
2025-08-16,4,Sindri,Augnablik,7,2,2,5e-4
2025-08-16,4,Sindri,Augnablik,9,1,1,2.5e-4
2025-08-16,4,Ýmir,KF,0,0,93,0.02325
2025-08-16,4,Ýmir,KF,0,1,43,0.01075
2025-08-16,4,Ýmir,KF,0,2,18,0.0045
2025-08-16,4,Ýmir,KF,0,3,5,0.00125
2025-08-16,4,Ýmir,KF,1,0,216,0.054
2025-08-16,4,Ýmir,KF,1,1,163,0.04075
2025-08-16,4,Ýmir,KF,1,2,54,0.0135
2025-08-16,4,Ýmir,KF,1,3,16,0.004
2025-08-16,4,Ýmir,KF,1,4,6,0.0015
2025-08-16,4,Ýmir,KF,1,5,3,7.5e-4
2025-08-16,4,Ýmir,KF,2,0,311,0.07775
2025-08-16,4,Ýmir,KF,2,1,230,0.0575
2025-08-16,4,Ýmir,KF,2,2,110,0.0275
2025-08-16,4,Ýmir,KF,2,3,26,0.0065
2025-08-16,4,Ýmir,KF,2,4,7,0.00175
2025-08-16,4,Ýmir,KF,2,5,3,7.5e-4
2025-08-16,4,Ýmir,KF,2,6,1,2.5e-4
2025-08-16,4,Ýmir,KF,3,0,362,0.0905
2025-08-16,4,Ýmir,KF,3,1,272,0.068
2025-08-16,4,Ýmir,KF,3,2,111,0.02775
2025-08-16,4,Ýmir,KF,3,3,38,0.0095
2025-08-16,4,Ýmir,KF,3,4,4,0.001
2025-08-16,4,Ýmir,KF,3,5,2,5e-4
2025-08-16,4,Ýmir,KF,4,0,309,0.07725
2025-08-16,4,Ýmir,KF,4,1,280,0.07
2025-08-16,4,Ýmir,KF,4,2,127,0.03175
2025-08-16,4,Ýmir,KF,4,3,30,0.0075
2025-08-16,4,Ýmir,KF,4,4,4,0.001
2025-08-16,4,Ýmir,KF,4,5,1,2.5e-4
2025-08-16,4,Ýmir,KF,4,6,2,5e-4
2025-08-16,4,Ýmir,KF,5,0,261,0.06525
2025-08-16,4,Ýmir,KF,5,1,158,0.0395
2025-08-16,4,Ýmir,KF,5,2,74,0.0185
2025-08-16,4,Ýmir,KF,5,3,22,0.0055
2025-08-16,4,Ýmir,KF,5,4,6,0.0015
2025-08-16,4,Ýmir,KF,6,0,136,0.034
2025-08-16,4,Ýmir,KF,6,1,103,0.02575
2025-08-16,4,Ýmir,KF,6,2,40,0.01
2025-08-16,4,Ýmir,KF,6,3,14,0.0035
2025-08-16,4,Ýmir,KF,6,4,1,2.5e-4
2025-08-16,4,Ýmir,KF,6,6,2,5e-4
2025-08-16,4,Ýmir,KF,7,0,80,0.02
2025-08-16,4,Ýmir,KF,7,1,51,0.01275
2025-08-16,4,Ýmir,KF,7,2,25,0.00625
2025-08-16,4,Ýmir,KF,7,3,5,0.00125
2025-08-16,4,Ýmir,KF,7,4,2,5e-4
2025-08-16,4,Ýmir,KF,8,0,44,0.011
2025-08-16,4,Ýmir,KF,8,1,27,0.00675
2025-08-16,4,Ýmir,KF,8,2,17,0.00425
2025-08-16,4,Ýmir,KF,8,3,6,0.0015
2025-08-16,4,Ýmir,KF,8,4,2,5e-4
2025-08-16,4,Ýmir,KF,9,0,23,0.00575
2025-08-16,4,Ýmir,KF,9,1,11,0.00275
2025-08-16,4,Ýmir,KF,9,2,12,0.003
2025-08-16,4,Ýmir,KF,10,0,9,0.00225
2025-08-16,4,Ýmir,KF,10,1,3,7.5e-4
2025-08-16,4,Ýmir,KF,10,2,3,7.5e-4
2025-08-16,4,Ýmir,KF,10,3,1,2.5e-4
2025-08-16,4,Ýmir,KF,11,0,6,0.0015
2025-08-16,4,Ýmir,KF,11,2,2,5e-4
2025-08-16,4,Ýmir,KF,12,0,1,2.5e-4
2025-08-16,4,Ýmir,KF,12,1,1,2.5e-4
2025-08-16,4,Ýmir,KF,12,2,1,2.5e-4
2025-08-16,4,Ýmir,KF,13,0,1,2.5e-4
2025-08-16,4,Ýmir,KF,13,2,1,2.5e-4
2025-08-16,4,Ýmir,KF,14,0,1,2.5e-4
2025-08-16,4,Ýmir,KF,17,0,1,2.5e-4
2025-08-16,5,KFS,Álftanes,0,0,178,0.0445
2025-08-16,5,KFS,Álftanes,0,1,316,0.079
2025-08-16,5,KFS,Álftanes,0,2,257,0.06425
2025-08-16,5,KFS,Álftanes,0,3,204,0.051
2025-08-16,5,KFS,Álftanes,0,4,110,0.0275
2025-08-16,5,KFS,Álftanes,0,5,47,0.01175
2025-08-16,5,KFS,Álftanes,0,6,14,0.0035
2025-08-16,5,KFS,Álftanes,0,7,4,0.001
2025-08-16,5,KFS,Álftanes,0,8,4,0.001
2025-08-16,5,KFS,Álftanes,0,10,1,2.5e-4
2025-08-16,5,KFS,Álftanes,1,0,203,0.05075
2025-08-16,5,KFS,Álftanes,1,1,352,0.088
2025-08-16,5,KFS,Álftanes,1,2,350,0.0875
2025-08-16,5,KFS,Álftanes,1,3,247,0.06175
2025-08-16,5,KFS,Álftanes,1,4,134,0.0335
2025-08-16,5,KFS,Álftanes,1,5,61,0.01525
2025-08-16,5,KFS,Álftanes,1,6,20,0.005
2025-08-16,5,KFS,Álftanes,1,7,7,0.00175
2025-08-16,5,KFS,Álftanes,1,8,2,5e-4
2025-08-16,5,KFS,Álftanes,2,0,120,0.03
2025-08-16,5,KFS,Álftanes,2,1,214,0.0535
2025-08-16,5,KFS,Álftanes,2,2,252,0.063
2025-08-16,5,KFS,Álftanes,2,3,164,0.041
2025-08-16,5,KFS,Álftanes,2,4,81,0.02025
2025-08-16,5,KFS,Álftanes,2,5,42,0.0105
2025-08-16,5,KFS,Álftanes,2,6,19,0.00475
2025-08-16,5,KFS,Álftanes,2,7,8,0.002
2025-08-16,5,KFS,Álftanes,2,8,2,5e-4
2025-08-16,5,KFS,Álftanes,3,0,46,0.0115
2025-08-16,5,KFS,Álftanes,3,1,110,0.0275
2025-08-16,5,KFS,Álftanes,3,2,102,0.0255
2025-08-16,5,KFS,Álftanes,3,3,86,0.0215
2025-08-16,5,KFS,Álftanes,3,4,30,0.0075
2025-08-16,5,KFS,Álftanes,3,5,16,0.004
2025-08-16,5,KFS,Álftanes,3,6,11,0.00275
2025-08-16,5,KFS,Álftanes,3,7,1,2.5e-4
2025-08-16,5,KFS,Álftanes,4,0,19,0.00475
2025-08-16,5,KFS,Álftanes,4,1,31,0.00775
2025-08-16,5,KFS,Álftanes,4,2,40,0.01
2025-08-16,5,KFS,Álftanes,4,3,21,0.00525
2025-08-16,5,KFS,Álftanes,4,4,25,0.00625
2025-08-16,5,KFS,Álftanes,4,5,3,7.5e-4
2025-08-16,5,KFS,Álftanes,4,6,2,5e-4
2025-08-16,5,KFS,Álftanes,4,7,1,2.5e-4
2025-08-16,5,KFS,Álftanes,4,8,1,2.5e-4
2025-08-16,5,KFS,Álftanes,5,0,7,0.00175
2025-08-16,5,KFS,Álftanes,5,1,10,0.0025
2025-08-16,5,KFS,Álftanes,5,2,7,0.00175
2025-08-16,5,KFS,Álftanes,5,3,7,0.00175
2025-08-16,5,KFS,Álftanes,5,4,1,2.5e-4
2025-08-16,5,KFS,Álftanes,5,5,4,0.001
2025-08-16,5,KFS,Álftanes,6,1,2,5e-4
2025-08-16,5,KFS,Álftanes,6,3,2,5e-4
2025-08-16,5,KFS,Álftanes,6,5,1,2.5e-4
2025-08-16,5,KFS,Álftanes,7,0,1,2.5e-4
2025-08-17,1,Afturelding,KA,0,0,170,0.0425
2025-08-17,1,Afturelding,KA,0,1,155,0.03875
2025-08-17,1,Afturelding,KA,0,2,88,0.022
2025-08-17,1,Afturelding,KA,0,3,39,0.00975
2025-08-17,1,Afturelding,KA,0,4,10,0.0025
2025-08-17,1,Afturelding,KA,0,5,1,2.5e-4
2025-08-17,1,Afturelding,KA,1,0,340,0.085
2025-08-17,1,Afturelding,KA,1,1,348,0.087
2025-08-17,1,Afturelding,KA,1,2,193,0.04825
2025-08-17,1,Afturelding,KA,1,3,77,0.01925
2025-08-17,1,Afturelding,KA,1,4,8,0.002
2025-08-17,1,Afturelding,KA,1,5,4,0.001
2025-08-17,1,Afturelding,KA,1,6,1,2.5e-4
2025-08-17,1,Afturelding,KA,2,0,354,0.0885
2025-08-17,1,Afturelding,KA,2,1,384,0.096
2025-08-17,1,Afturelding,KA,2,2,197,0.04925
2025-08-17,1,Afturelding,KA,2,3,83,0.02075
2025-08-17,1,Afturelding,KA,2,4,26,0.0065
2025-08-17,1,Afturelding,KA,2,5,3,7.5e-4
2025-08-17,1,Afturelding,KA,3,0,252,0.063
2025-08-17,1,Afturelding,KA,3,1,265,0.06625
2025-08-17,1,Afturelding,KA,3,2,140,0.035
2025-08-17,1,Afturelding,KA,3,3,50,0.0125
2025-08-17,1,Afturelding,KA,3,4,21,0.00525
2025-08-17,1,Afturelding,KA,3,5,8,0.002
2025-08-17,1,Afturelding,KA,3,6,1,2.5e-4
2025-08-17,1,Afturelding,KA,4,0,141,0.03525
2025-08-17,1,Afturelding,KA,4,1,169,0.04225
2025-08-17,1,Afturelding,KA,4,2,90,0.0225
2025-08-17,1,Afturelding,KA,4,3,34,0.0085
2025-08-17,1,Afturelding,KA,4,4,8,0.002
2025-08-17,1,Afturelding,KA,4,5,2,5e-4
2025-08-17,1,Afturelding,KA,4,6,1,2.5e-4
2025-08-17,1,Afturelding,KA,5,0,79,0.01975
2025-08-17,1,Afturelding,KA,5,1,76,0.019
2025-08-17,1,Afturelding,KA,5,2,36,0.009
2025-08-17,1,Afturelding,KA,5,3,16,0.004
2025-08-17,1,Afturelding,KA,5,4,3,7.5e-4
2025-08-17,1,Afturelding,KA,6,0,23,0.00575
2025-08-17,1,Afturelding,KA,6,1,25,0.00625
2025-08-17,1,Afturelding,KA,6,2,18,0.0045
2025-08-17,1,Afturelding,KA,6,3,9,0.00225
2025-08-17,1,Afturelding,KA,6,4,2,5e-4
2025-08-17,1,Afturelding,KA,7,0,14,0.0035
2025-08-17,1,Afturelding,KA,7,1,11,0.00275
2025-08-17,1,Afturelding,KA,7,2,4,0.001
2025-08-17,1,Afturelding,KA,7,3,3,7.5e-4
2025-08-17,1,Afturelding,KA,8,0,4,0.001
2025-08-17,1,Afturelding,KA,8,1,6,0.0015
2025-08-17,1,Afturelding,KA,8,2,3,7.5e-4
2025-08-17,1,Afturelding,KA,8,4,1,2.5e-4
2025-08-17,1,Afturelding,KA,9,0,1,2.5e-4
2025-08-17,1,Afturelding,KA,9,1,2,5e-4
2025-08-17,1,Afturelding,KA,9,2,1,2.5e-4
2025-08-17,1,Breiðablik,FH,0,0,189,0.04725
2025-08-17,1,Breiðablik,FH,0,1,230,0.0575
2025-08-17,1,Breiðablik,FH,0,2,148,0.037
2025-08-17,1,Breiðablik,FH,0,3,73,0.01825
2025-08-17,1,Breiðablik,FH,0,4,24,0.006
2025-08-17,1,Breiðablik,FH,0,5,9,0.00225
2025-08-17,1,Breiðablik,FH,0,6,3,7.5e-4
2025-08-17,1,Breiðablik,FH,1,0,288,0.072
2025-08-17,1,Breiðablik,FH,1,1,382,0.0955
2025-08-17,1,Breiðablik,FH,1,2,237,0.05925
2025-08-17,1,Breiðablik,FH,1,3,122,0.0305
2025-08-17,1,Breiðablik,FH,1,4,56,0.014
2025-08-17,1,Breiðablik,FH,1,5,13,0.00325
2025-08-17,1,Breiðablik,FH,1,6,1,2.5e-4
2025-08-17,1,Breiðablik,FH,1,7,2,5e-4
2025-08-17,1,Breiðablik,FH,2,0,262,0.0655
2025-08-17,1,Breiðablik,FH,2,1,353,0.08825
2025-08-17,1,Breiðablik,FH,2,2,254,0.0635
2025-08-17,1,Breiðablik,FH,2,3,120,0.03
2025-08-17,1,Breiðablik,FH,2,4,28,0.007
2025-08-17,1,Breiðablik,FH,2,5,13,0.00325
2025-08-17,1,Breiðablik,FH,2,6,3,7.5e-4
2025-08-17,1,Breiðablik,FH,2,8,2,5e-4
2025-08-17,1,Breiðablik,FH,3,0,159,0.03975
2025-08-17,1,Breiðablik,FH,3,1,200,0.05
2025-08-17,1,Breiðablik,FH,3,2,177,0.04425
2025-08-17,1,Breiðablik,FH,3,3,67,0.01675
2025-08-17,1,Breiðablik,FH,3,4,32,0.008
2025-08-17,1,Breiðablik,FH,3,5,7,0.00175
2025-08-17,1,Breiðablik,FH,3,6,1,2.5e-4
2025-08-17,1,Breiðablik,FH,4,0,76,0.019
2025-08-17,1,Breiðablik,FH,4,1,108,0.027
2025-08-17,1,Breiðablik,FH,4,2,74,0.0185
2025-08-17,1,Breiðablik,FH,4,3,42,0.0105
2025-08-17,1,Breiðablik,FH,4,4,16,0.004
2025-08-17,1,Breiðablik,FH,4,5,8,0.002
2025-08-17,1,Breiðablik,FH,4,6,2,5e-4
2025-08-17,1,Breiðablik,FH,5,0,37,0.00925
2025-08-17,1,Breiðablik,FH,5,1,38,0.0095
2025-08-17,1,Breiðablik,FH,5,2,33,0.00825
2025-08-17,1,Breiðablik,FH,5,3,11,0.00275
2025-08-17,1,Breiðablik,FH,5,4,9,0.00225
2025-08-17,1,Breiðablik,FH,5,5,6,0.0015
2025-08-17,1,Breiðablik,FH,5,6,1,2.5e-4
2025-08-17,1,Breiðablik,FH,6,0,14,0.0035
2025-08-17,1,Breiðablik,FH,6,1,19,0.00475
2025-08-17,1,Breiðablik,FH,6,2,15,0.00375
2025-08-17,1,Breiðablik,FH,6,3,10,0.0025
2025-08-17,1,Breiðablik,FH,7,0,5,0.00125
2025-08-17,1,Breiðablik,FH,7,1,6,0.0015
2025-08-17,1,Breiðablik,FH,7,2,5,0.00125
2025-08-17,1,Breiðablik,FH,7,3,3,7.5e-4
2025-08-17,1,Breiðablik,FH,7,4,1,2.5e-4
2025-08-17,1,Breiðablik,FH,8,1,2,5e-4
2025-08-17,1,Breiðablik,FH,8,2,2,5e-4
2025-08-17,1,Breiðablik,FH,8,3,1,2.5e-4
2025-08-17,1,Breiðablik,FH,8,6,1,2.5e-4
2025-08-17,1,Stjarnan,Vestri,0,0,251,0.06275
2025-08-17,1,Stjarnan,Vestri,0,1,294,0.0735
2025-08-17,1,Stjarnan,Vestri,0,2,163,0.04075
2025-08-17,1,Stjarnan,Vestri,0,3,86,0.0215
2025-08-17,1,Stjarnan,Vestri,0,4,30,0.0075
2025-08-17,1,Stjarnan,Vestri,0,5,9,0.00225
2025-08-17,1,Stjarnan,Vestri,0,6,2,5e-4
2025-08-17,1,Stjarnan,Vestri,0,7,1,2.5e-4
2025-08-17,1,Stjarnan,Vestri,1,0,333,0.08325
2025-08-17,1,Stjarnan,Vestri,1,1,470,0.1175
2025-08-17,1,Stjarnan,Vestri,1,2,268,0.067
2025-08-17,1,Stjarnan,Vestri,1,3,144,0.036
2025-08-17,1,Stjarnan,Vestri,1,4,45,0.01125
2025-08-17,1,Stjarnan,Vestri,1,5,14,0.0035
2025-08-17,1,Stjarnan,Vestri,1,6,5,0.00125
2025-08-17,1,Stjarnan,Vestri,1,7,1,2.5e-4
2025-08-17,1,Stjarnan,Vestri,2,0,271,0.06775
2025-08-17,1,Stjarnan,Vestri,2,1,301,0.07525
2025-08-17,1,Stjarnan,Vestri,2,2,278,0.0695
2025-08-17,1,Stjarnan,Vestri,2,3,93,0.02325
2025-08-17,1,Stjarnan,Vestri,2,4,41,0.01025
2025-08-17,1,Stjarnan,Vestri,2,5,12,0.003
2025-08-17,1,Stjarnan,Vestri,2,6,3,7.5e-4
2025-08-17,1,Stjarnan,Vestri,2,7,1,2.5e-4
2025-08-17,1,Stjarnan,Vestri,2,8,1,2.5e-4
2025-08-17,1,Stjarnan,Vestri,3,0,134,0.0335
2025-08-17,1,Stjarnan,Vestri,3,1,174,0.0435
2025-08-17,1,Stjarnan,Vestri,3,2,109,0.02725
2025-08-17,1,Stjarnan,Vestri,3,3,61,0.01525
2025-08-17,1,Stjarnan,Vestri,3,4,23,0.00575
2025-08-17,1,Stjarnan,Vestri,3,5,7,0.00175
2025-08-17,1,Stjarnan,Vestri,3,6,4,0.001
2025-08-17,1,Stjarnan,Vestri,3,7,1,2.5e-4
2025-08-17,1,Stjarnan,Vestri,4,0,60,0.015
2025-08-17,1,Stjarnan,Vestri,4,1,79,0.01975
2025-08-17,1,Stjarnan,Vestri,4,2,61,0.01525
2025-08-17,1,Stjarnan,Vestri,4,3,32,0.008
2025-08-17,1,Stjarnan,Vestri,4,4,6,0.0015
2025-08-17,1,Stjarnan,Vestri,4,5,3,7.5e-4
2025-08-17,1,Stjarnan,Vestri,4,6,2,5e-4
2025-08-17,1,Stjarnan,Vestri,4,7,1,2.5e-4
2025-08-17,1,Stjarnan,Vestri,5,0,24,0.006
2025-08-17,1,Stjarnan,Vestri,5,1,29,0.00725
2025-08-17,1,Stjarnan,Vestri,5,2,19,0.00475
2025-08-17,1,Stjarnan,Vestri,5,3,10,0.0025
2025-08-17,1,Stjarnan,Vestri,5,4,1,2.5e-4
2025-08-17,1,Stjarnan,Vestri,5,6,2,5e-4
2025-08-17,1,Stjarnan,Vestri,6,0,11,0.00275
2025-08-17,1,Stjarnan,Vestri,6,1,8,0.002
2025-08-17,1,Stjarnan,Vestri,6,2,7,0.00175
2025-08-17,1,Stjarnan,Vestri,6,3,3,7.5e-4
2025-08-17,1,Stjarnan,Vestri,7,0,2,5e-4
2025-08-17,1,Stjarnan,Vestri,7,1,2,5e-4
2025-08-17,1,Stjarnan,Vestri,7,2,1,2.5e-4
2025-08-17,1,Stjarnan,Vestri,7,3,1,2.5e-4
2025-08-17,1,Stjarnan,Vestri,7,5,1,2.5e-4
2025-08-17,1,Stjarnan,Vestri,8,1,3,7.5e-4
2025-08-17,1,Stjarnan,Vestri,8,3,1,2.5e-4
2025-08-17,1,Stjarnan,Vestri,9,0,1,2.5e-4
2025-08-17,1,ÍA,Víkingur R.,0,0,214,0.0535
2025-08-17,1,ÍA,Víkingur R.,0,1,240,0.06
2025-08-17,1,ÍA,Víkingur R.,0,2,141,0.03525
2025-08-17,1,ÍA,Víkingur R.,0,3,88,0.022
2025-08-17,1,ÍA,Víkingur R.,0,4,21,0.00525
2025-08-17,1,ÍA,Víkingur R.,0,5,7,0.00175
2025-08-17,1,ÍA,Víkingur R.,0,6,1,2.5e-4
2025-08-17,1,ÍA,Víkingur R.,0,7,2,5e-4
2025-08-17,1,ÍA,Víkingur R.,1,0,300,0.075
2025-08-17,1,ÍA,Víkingur R.,1,1,383,0.09575
2025-08-17,1,ÍA,Víkingur R.,1,2,277,0.06925
2025-08-17,1,ÍA,Víkingur R.,1,3,116,0.029
2025-08-17,1,ÍA,Víkingur R.,1,4,57,0.01425
2025-08-17,1,ÍA,Víkingur R.,1,5,18,0.0045
2025-08-17,1,ÍA,Víkingur R.,1,6,3,7.5e-4
2025-08-17,1,ÍA,Víkingur R.,1,7,1,2.5e-4
2025-08-17,1,ÍA,Víkingur R.,2,0,254,0.0635
2025-08-17,1,ÍA,Víkingur R.,2,1,347,0.08675
2025-08-17,1,ÍA,Víkingur R.,2,2,233,0.05825
2025-08-17,1,ÍA,Víkingur R.,2,3,105,0.02625
2025-08-17,1,ÍA,Víkingur R.,2,4,46,0.0115
2025-08-17,1,ÍA,Víkingur R.,2,5,13,0.00325
2025-08-17,1,ÍA,Víkingur R.,2,6,4,0.001
2025-08-17,1,ÍA,Víkingur R.,2,8,2,5e-4
2025-08-17,1,ÍA,Víkingur R.,3,0,150,0.0375
2025-08-17,1,ÍA,Víkingur R.,3,1,207,0.05175
2025-08-17,1,ÍA,Víkingur R.,3,2,144,0.036
2025-08-17,1,ÍA,Víkingur R.,3,3,66,0.0165
2025-08-17,1,ÍA,Víkingur R.,3,4,23,0.00575
2025-08-17,1,ÍA,Víkingur R.,3,5,8,0.002
2025-08-17,1,ÍA,Víkingur R.,3,6,1,2.5e-4
2025-08-17,1,ÍA,Víkingur R.,3,7,1,2.5e-4
2025-08-17,1,ÍA,Víkingur R.,3,9,1,2.5e-4
2025-08-17,1,ÍA,Víkingur R.,4,0,90,0.0225
2025-08-17,1,ÍA,Víkingur R.,4,1,109,0.02725
2025-08-17,1,ÍA,Víkingur R.,4,2,78,0.0195
2025-08-17,1,ÍA,Víkingur R.,4,3,34,0.0085
2025-08-17,1,ÍA,Víkingur R.,4,4,18,0.0045
2025-08-17,1,ÍA,Víkingur R.,4,5,6,0.0015
2025-08-17,1,ÍA,Víkingur R.,4,6,1,2.5e-4
2025-08-17,1,ÍA,Víkingur R.,5,0,36,0.009
2025-08-17,1,ÍA,Víkingur R.,5,1,36,0.009
2025-08-17,1,ÍA,Víkingur R.,5,2,31,0.00775
2025-08-17,1,ÍA,Víkingur R.,5,3,14,0.0035
2025-08-17,1,ÍA,Víkingur R.,5,4,8,0.002
2025-08-17,1,ÍA,Víkingur R.,5,5,1,2.5e-4
2025-08-17,1,ÍA,Víkingur R.,5,6,1,2.5e-4
2025-08-17,1,ÍA,Víkingur R.,5,7,1,2.5e-4
2025-08-17,1,ÍA,Víkingur R.,6,0,13,0.00325
2025-08-17,1,ÍA,Víkingur R.,6,1,16,0.004
2025-08-17,1,ÍA,Víkingur R.,6,2,6,0.0015
2025-08-17,1,ÍA,Víkingur R.,6,3,1,2.5e-4
2025-08-17,1,ÍA,Víkingur R.,6,4,4,0.001
2025-08-17,1,ÍA,Víkingur R.,7,0,5,0.00125
2025-08-17,1,ÍA,Víkingur R.,7,1,11,0.00275
2025-08-17,1,ÍA,Víkingur R.,7,2,4,0.001
2025-08-17,1,ÍA,Víkingur R.,7,4,1,2.5e-4
2025-08-17,1,ÍA,Víkingur R.,8,3,1,2.5e-4
2025-08-17,1,ÍBV,Valur,0,0,198,0.0495
2025-08-17,1,ÍBV,Valur,0,1,297,0.07425
2025-08-17,1,ÍBV,Valur,0,2,292,0.073
2025-08-17,1,ÍBV,Valur,0,3,214,0.0535
2025-08-17,1,ÍBV,Valur,0,4,115,0.02875
2025-08-17,1,ÍBV,Valur,0,5,49,0.01225
2025-08-17,1,ÍBV,Valur,0,6,10,0.0025
2025-08-17,1,ÍBV,Valur,0,7,7,0.00175
2025-08-17,1,ÍBV,Valur,0,8,1,2.5e-4
2025-08-17,1,ÍBV,Valur,0,10,1,2.5e-4
2025-08-17,1,ÍBV,Valur,1,0,180,0.045
2025-08-17,1,ÍBV,Valur,1,1,413,0.10325
2025-08-17,1,ÍBV,Valur,1,2,355,0.08875
2025-08-17,1,ÍBV,Valur,1,3,250,0.0625
2025-08-17,1,ÍBV,Valur,1,4,132,0.033
2025-08-17,1,ÍBV,Valur,1,5,59,0.01475
2025-08-17,1,ÍBV,Valur,1,6,21,0.00525
2025-08-17,1,ÍBV,Valur,1,7,8,0.002
2025-08-17,1,ÍBV,Valur,1,8,2,5e-4
2025-08-17,1,ÍBV,Valur,1,9,1,2.5e-4
2025-08-17,1,ÍBV,Valur,2,0,137,0.03425
2025-08-17,1,ÍBV,Valur,2,1,235,0.05875
2025-08-17,1,ÍBV,Valur,2,2,231,0.05775
2025-08-17,1,ÍBV,Valur,2,3,156,0.039
2025-08-17,1,ÍBV,Valur,2,4,71,0.01775
2025-08-17,1,ÍBV,Valur,2,5,38,0.0095
2025-08-17,1,ÍBV,Valur,2,6,13,0.00325
2025-08-17,1,ÍBV,Valur,2,7,6,0.0015
2025-08-17,1,ÍBV,Valur,2,8,2,5e-4
2025-08-17,1,ÍBV,Valur,3,0,42,0.0105
2025-08-17,1,ÍBV,Valur,3,1,85,0.02125
2025-08-17,1,ÍBV,Valur,3,2,82,0.0205
2025-08-17,1,ÍBV,Valur,3,3,58,0.0145
2025-08-17,1,ÍBV,Valur,3,4,42,0.0105
2025-08-17,1,ÍBV,Valur,3,5,15,0.00375
2025-08-17,1,ÍBV,Valur,3,6,4,0.001
2025-08-17,1,ÍBV,Valur,3,7,2,5e-4
2025-08-17,1,ÍBV,Valur,3,9,1,2.5e-4
2025-08-17,1,ÍBV,Valur,4,0,22,0.0055
2025-08-17,1,ÍBV,Valur,4,1,38,0.0095
2025-08-17,1,ÍBV,Valur,4,2,34,0.0085
2025-08-17,1,ÍBV,Valur,4,3,16,0.004
2025-08-17,1,ÍBV,Valur,4,4,7,0.00175
2025-08-17,1,ÍBV,Valur,4,5,10,0.0025
2025-08-17,1,ÍBV,Valur,4,6,3,7.5e-4
2025-08-17,1,ÍBV,Valur,5,0,3,7.5e-4
2025-08-17,1,ÍBV,Valur,5,1,9,0.00225
2025-08-17,1,ÍBV,Valur,5,2,9,0.00225
2025-08-17,1,ÍBV,Valur,5,3,8,0.002
2025-08-17,1,ÍBV,Valur,5,4,1,2.5e-4
2025-08-17,1,ÍBV,Valur,5,5,2,5e-4
2025-08-17,1,ÍBV,Valur,6,1,3,7.5e-4
2025-08-17,1,ÍBV,Valur,6,2,2,5e-4
2025-08-17,1,ÍBV,Valur,6,3,1,2.5e-4
2025-08-17,1,ÍBV,Valur,6,4,4,0.001
2025-08-17,1,ÍBV,Valur,6,5,1,2.5e-4
2025-08-17,1,ÍBV,Valur,7,0,1,2.5e-4
2025-08-17,1,ÍBV,Valur,8,1,1,2.5e-4
2025-08-17,2,Fylkir,Keflavík,0,0,101,0.02525
2025-08-17,2,Fylkir,Keflavík,0,1,128,0.032
2025-08-17,2,Fylkir,Keflavík,0,2,112,0.028
2025-08-17,2,Fylkir,Keflavík,0,3,47,0.01175
2025-08-17,2,Fylkir,Keflavík,0,4,22,0.0055
2025-08-17,2,Fylkir,Keflavík,0,5,8,0.002
2025-08-17,2,Fylkir,Keflavík,0,6,2,5e-4
2025-08-17,2,Fylkir,Keflavík,0,7,1,2.5e-4
2025-08-17,2,Fylkir,Keflavík,1,0,191,0.04775
2025-08-17,2,Fylkir,Keflavík,1,1,288,0.072
2025-08-17,2,Fylkir,Keflavík,1,2,212,0.053
2025-08-17,2,Fylkir,Keflavík,1,3,113,0.02825
2025-08-17,2,Fylkir,Keflavík,1,4,37,0.00925
2025-08-17,2,Fylkir,Keflavík,1,5,17,0.00425
2025-08-17,2,Fylkir,Keflavík,1,6,5,0.00125
2025-08-17,2,Fylkir,Keflavík,1,7,1,2.5e-4
2025-08-17,2,Fylkir,Keflavík,2,0,213,0.05325
2025-08-17,2,Fylkir,Keflavík,2,1,310,0.0775
2025-08-17,2,Fylkir,Keflavík,2,2,255,0.06375
2025-08-17,2,Fylkir,Keflavík,2,3,134,0.0335
2025-08-17,2,Fylkir,Keflavík,2,4,56,0.014
2025-08-17,2,Fylkir,Keflavík,2,5,23,0.00575
2025-08-17,2,Fylkir,Keflavík,2,6,3,7.5e-4
2025-08-17,2,Fylkir,Keflavík,2,7,1,2.5e-4
2025-08-17,2,Fylkir,Keflavík,2,8,1,2.5e-4
2025-08-17,2,Fylkir,Keflavík,3,0,172,0.043
2025-08-17,2,Fylkir,Keflavík,3,1,250,0.0625
2025-08-17,2,Fylkir,Keflavík,3,2,182,0.0455
2025-08-17,2,Fylkir,Keflavík,3,3,101,0.02525
2025-08-17,2,Fylkir,Keflavík,3,4,50,0.0125
2025-08-17,2,Fylkir,Keflavík,3,5,25,0.00625
2025-08-17,2,Fylkir,Keflavík,3,6,6,0.0015
2025-08-17,2,Fylkir,Keflavík,4,0,94,0.0235
2025-08-17,2,Fylkir,Keflavík,4,1,164,0.041
2025-08-17,2,Fylkir,Keflavík,4,2,143,0.03575
2025-08-17,2,Fylkir,Keflavík,4,3,69,0.01725
2025-08-17,2,Fylkir,Keflavík,4,4,29,0.00725
2025-08-17,2,Fylkir,Keflavík,4,5,12,0.003
2025-08-17,2,Fylkir,Keflavík,4,6,1,2.5e-4
2025-08-17,2,Fylkir,Keflavík,5,0,53,0.01325
2025-08-17,2,Fylkir,Keflavík,5,1,67,0.01675
2025-08-17,2,Fylkir,Keflavík,5,2,63,0.01575
2025-08-17,2,Fylkir,Keflavík,5,3,30,0.0075
2025-08-17,2,Fylkir,Keflavík,5,4,16,0.004
2025-08-17,2,Fylkir,Keflavík,5,5,10,0.0025
2025-08-17,2,Fylkir,Keflavík,5,7,1,2.5e-4
2025-08-17,2,Fylkir,Keflavík,6,0,31,0.00775
2025-08-17,2,Fylkir,Keflavík,6,1,30,0.0075
2025-08-17,2,Fylkir,Keflavík,6,2,16,0.004
2025-08-17,2,Fylkir,Keflavík,6,3,16,0.004
2025-08-17,2,Fylkir,Keflavík,6,4,9,0.00225
2025-08-17,2,Fylkir,Keflavík,6,5,3,7.5e-4
2025-08-17,2,Fylkir,Keflavík,6,6,2,5e-4
2025-08-17,2,Fylkir,Keflavík,6,7,1,2.5e-4
2025-08-17,2,Fylkir,Keflavík,7,0,8,0.002
2025-08-17,2,Fylkir,Keflavík,7,1,12,0.003
2025-08-17,2,Fylkir,Keflavík,7,2,12,0.003
2025-08-17,2,Fylkir,Keflavík,7,3,6,0.0015
2025-08-17,2,Fylkir,Keflavík,7,6,1,2.5e-4
2025-08-17,2,Fylkir,Keflavík,8,0,1,2.5e-4
2025-08-17,2,Fylkir,Keflavík,8,1,11,0.00275
2025-08-17,2,Fylkir,Keflavík,8,2,6,0.0015
2025-08-17,2,Fylkir,Keflavík,8,3,4,0.001
2025-08-17,2,Fylkir,Keflavík,8,5,1,2.5e-4
2025-08-17,2,Fylkir,Keflavík,8,7,1,2.5e-4
2025-08-17,2,Fylkir,Keflavík,8,8,1,2.5e-4
2025-08-17,2,Fylkir,Keflavík,9,0,2,5e-4
2025-08-17,2,Fylkir,Keflavík,9,1,2,5e-4
2025-08-17,2,Fylkir,Keflavík,9,2,4,0.001
2025-08-17,2,Fylkir,Keflavík,9,3,1,2.5e-4
2025-08-17,2,HK,Grindavík,0,0,243,0.06075
2025-08-17,2,HK,Grindavík,0,1,190,0.0475
2025-08-17,2,HK,Grindavík,0,2,117,0.02925
2025-08-17,2,HK,Grindavík,0,3,37,0.00925
2025-08-17,2,HK,Grindavík,0,4,12,0.003
2025-08-17,2,HK,Grindavík,1,0,394,0.0985
2025-08-17,2,HK,Grindavík,1,1,407,0.10175
2025-08-17,2,HK,Grindavík,1,2,195,0.04875
2025-08-17,2,HK,Grindavík,1,3,60,0.015
2025-08-17,2,HK,Grindavík,1,4,31,0.00775
2025-08-17,2,HK,Grindavík,1,5,8,0.002
2025-08-17,2,HK,Grindavík,1,8,1,2.5e-4
2025-08-17,2,HK,Grindavík,2,0,357,0.08925
2025-08-17,2,HK,Grindavík,2,1,360,0.09
2025-08-17,2,HK,Grindavík,2,2,175,0.04375
2025-08-17,2,HK,Grindavík,2,3,76,0.019
2025-08-17,2,HK,Grindavík,2,4,19,0.00475
2025-08-17,2,HK,Grindavík,2,5,6,0.0015
2025-08-17,2,HK,Grindavík,2,6,2,5e-4
2025-08-17,2,HK,Grindavík,3,0,232,0.058
2025-08-17,2,HK,Grindavík,3,1,267,0.06675
2025-08-17,2,HK,Grindavík,3,2,133,0.03325
2025-08-17,2,HK,Grindavík,3,3,41,0.01025
2025-08-17,2,HK,Grindavík,3,4,16,0.004
2025-08-17,2,HK,Grindavík,3,5,2,5e-4
2025-08-17,2,HK,Grindavík,4,0,134,0.0335
2025-08-17,2,HK,Grindavík,4,1,114,0.0285
2025-08-17,2,HK,Grindavík,4,2,62,0.0155
2025-08-17,2,HK,Grindavík,4,3,37,0.00925
2025-08-17,2,HK,Grindavík,4,4,12,0.003
2025-08-17,2,HK,Grindavík,4,5,4,0.001
2025-08-17,2,HK,Grindavík,4,7,1,2.5e-4
2025-08-17,2,HK,Grindavík,5,0,58,0.0145
2025-08-17,2,HK,Grindavík,5,1,59,0.01475
2025-08-17,2,HK,Grindavík,5,2,19,0.00475
2025-08-17,2,HK,Grindavík,5,3,20,0.005
2025-08-17,2,HK,Grindavík,5,4,5,0.00125
2025-08-17,2,HK,Grindavík,5,5,1,2.5e-4
2025-08-17,2,HK,Grindavík,6,0,24,0.006
2025-08-17,2,HK,Grindavík,6,1,28,0.007
2025-08-17,2,HK,Grindavík,6,2,13,0.00325
2025-08-17,2,HK,Grindavík,6,3,2,5e-4
2025-08-17,2,HK,Grindavík,6,4,2,5e-4
2025-08-17,2,HK,Grindavík,7,0,8,0.002
2025-08-17,2,HK,Grindavík,7,1,9,0.00225
2025-08-17,2,HK,Grindavík,7,2,1,2.5e-4
2025-08-17,2,HK,Grindavík,8,0,1,2.5e-4
2025-08-17,2,HK,Grindavík,8,2,2,5e-4
2025-08-17,2,HK,Grindavík,8,3,1,2.5e-4
2025-08-17,2,HK,Grindavík,9,1,1,2.5e-4
2025-08-17,2,HK,Grindavík,9,2,1,2.5e-4
2025-08-17,2,Njarðvík,Þróttur R.,0,0,137,0.03425
2025-08-17,2,Njarðvík,Þróttur R.,0,1,211,0.05275
2025-08-17,2,Njarðvík,Þróttur R.,0,2,207,0.05175
2025-08-17,2,Njarðvík,Þróttur R.,0,3,156,0.039
2025-08-17,2,Njarðvík,Þróttur R.,0,4,70,0.0175
2025-08-17,2,Njarðvík,Þróttur R.,0,5,35,0.00875
2025-08-17,2,Njarðvík,Þróttur R.,0,6,18,0.0045
2025-08-17,2,Njarðvík,Þróttur R.,0,7,2,5e-4
2025-08-17,2,Njarðvík,Þróttur R.,0,8,2,5e-4
2025-08-17,2,Njarðvík,Þróttur R.,0,10,1,2.5e-4
2025-08-17,2,Njarðvík,Þróttur R.,1,0,185,0.04625
2025-08-17,2,Njarðvík,Þróttur R.,1,1,354,0.0885
2025-08-17,2,Njarðvík,Þróttur R.,1,2,296,0.074
2025-08-17,2,Njarðvík,Þróttur R.,1,3,231,0.05775
2025-08-17,2,Njarðvík,Þróttur R.,1,4,119,0.02975
2025-08-17,2,Njarðvík,Þróttur R.,1,5,54,0.0135
2025-08-17,2,Njarðvík,Þróttur R.,1,6,20,0.005
2025-08-17,2,Njarðvík,Þróttur R.,1,7,4,0.001
2025-08-17,2,Njarðvík,Þróttur R.,1,8,6,0.0015
2025-08-17,2,Njarðvík,Þróttur R.,1,9,2,5e-4
2025-08-17,2,Njarðvík,Þróttur R.,1,10,1,2.5e-4
2025-08-17,2,Njarðvík,Þróttur R.,1,11,1,2.5e-4
2025-08-17,2,Njarðvík,Þróttur R.,2,0,136,0.034
2025-08-17,2,Njarðvík,Þróttur R.,2,1,255,0.06375
2025-08-17,2,Njarðvík,Þróttur R.,2,2,272,0.068
2025-08-17,2,Njarðvík,Þróttur R.,2,3,179,0.04475
2025-08-17,2,Njarðvík,Þróttur R.,2,4,101,0.02525
2025-08-17,2,Njarðvík,Þróttur R.,2,5,41,0.01025
2025-08-17,2,Njarðvík,Þróttur R.,2,6,23,0.00575
2025-08-17,2,Njarðvík,Þróttur R.,2,7,4,0.001
2025-08-17,2,Njarðvík,Þróttur R.,2,8,1,2.5e-4
2025-08-17,2,Njarðvík,Þróttur R.,2,9,2,5e-4
2025-08-17,2,Njarðvík,Þróttur R.,3,0,79,0.01975
2025-08-17,2,Njarðvík,Þróttur R.,3,1,122,0.0305
2025-08-17,2,Njarðvík,Þróttur R.,3,2,126,0.0315
2025-08-17,2,Njarðvík,Þróttur R.,3,3,87,0.02175
2025-08-17,2,Njarðvík,Þróttur R.,3,4,59,0.01475
2025-08-17,2,Njarðvík,Þróttur R.,3,5,29,0.00725
2025-08-17,2,Njarðvík,Þróttur R.,3,6,16,0.004
2025-08-17,2,Njarðvík,Þróttur R.,3,7,3,7.5e-4
2025-08-17,2,Njarðvík,Þróttur R.,3,8,1,2.5e-4
2025-08-17,2,Njarðvík,Þróttur R.,4,0,26,0.0065
2025-08-17,2,Njarðvík,Þróttur R.,4,1,57,0.01425
2025-08-17,2,Njarðvík,Þróttur R.,4,2,57,0.01425
2025-08-17,2,Njarðvík,Þróttur R.,4,3,49,0.01225
2025-08-17,2,Njarðvík,Þróttur R.,4,4,30,0.0075
2025-08-17,2,Njarðvík,Þróttur R.,4,5,14,0.0035
2025-08-17,2,Njarðvík,Þróttur R.,4,6,4,0.001
2025-08-17,2,Njarðvík,Þróttur R.,4,7,2,5e-4
2025-08-17,2,Njarðvík,Þróttur R.,5,0,6,0.0015
2025-08-17,2,Njarðvík,Þróttur R.,5,1,19,0.00475
2025-08-17,2,Njarðvík,Þróttur R.,5,2,23,0.00575
2025-08-17,2,Njarðvík,Þróttur R.,5,3,12,0.003
2025-08-17,2,Njarðvík,Þróttur R.,5,4,8,0.002
2025-08-17,2,Njarðvík,Þróttur R.,5,5,1,2.5e-4
2025-08-17,2,Njarðvík,Þróttur R.,5,6,2,5e-4
2025-08-17,2,Njarðvík,Þróttur R.,6,0,5,0.00125
2025-08-17,2,Njarðvík,Þróttur R.,6,1,4,0.001
2025-08-17,2,Njarðvík,Þróttur R.,6,2,7,0.00175
2025-08-17,2,Njarðvík,Þróttur R.,6,3,4,0.001
2025-08-17,2,Njarðvík,Þróttur R.,6,4,3,7.5e-4
2025-08-17,2,Njarðvík,Þróttur R.,6,6,2,5e-4
2025-08-17,2,Njarðvík,Þróttur R.,7,1,2,5e-4
2025-08-17,2,Njarðvík,Þróttur R.,7,2,2,5e-4
2025-08-17,2,Njarðvík,Þróttur R.,7,3,2,5e-4
2025-08-17,2,Njarðvík,Þróttur R.,7,4,4,0.001
2025-08-17,2,Njarðvík,Þróttur R.,7,5,1,2.5e-4
2025-08-17,2,Njarðvík,Þróttur R.,7,7,1,2.5e-4
2025-08-17,2,Njarðvík,Þróttur R.,8,1,1,2.5e-4
2025-08-17,2,Njarðvík,Þróttur R.,8,3,2,5e-4
2025-08-17,2,Njarðvík,Þróttur R.,8,4,1,2.5e-4
2025-08-17,2,Njarðvík,Þróttur R.,10,4,1,2.5e-4
2025-08-17,2,Selfoss,Fjölnir,0,0,113,0.02825
2025-08-17,2,Selfoss,Fjölnir,0,1,202,0.0505
2025-08-17,2,Selfoss,Fjölnir,0,2,221,0.05525
2025-08-17,2,Selfoss,Fjölnir,0,3,166,0.0415
2025-08-17,2,Selfoss,Fjölnir,0,4,104,0.026
2025-08-17,2,Selfoss,Fjölnir,0,5,52,0.013
2025-08-17,2,Selfoss,Fjölnir,0,6,26,0.0065
2025-08-17,2,Selfoss,Fjölnir,0,7,14,0.0035
2025-08-17,2,Selfoss,Fjölnir,0,8,2,5e-4
2025-08-17,2,Selfoss,Fjölnir,1,0,128,0.032
2025-08-17,2,Selfoss,Fjölnir,1,1,302,0.0755
2025-08-17,2,Selfoss,Fjölnir,1,2,308,0.077
2025-08-17,2,Selfoss,Fjölnir,1,3,253,0.06325
2025-08-17,2,Selfoss,Fjölnir,1,4,149,0.03725
2025-08-17,2,Selfoss,Fjölnir,1,5,77,0.01925
2025-08-17,2,Selfoss,Fjölnir,1,6,25,0.00625
2025-08-17,2,Selfoss,Fjölnir,1,7,10,0.0025
2025-08-17,2,Selfoss,Fjölnir,1,8,8,0.002
2025-08-17,2,Selfoss,Fjölnir,1,9,1,2.5e-4
2025-08-17,2,Selfoss,Fjölnir,1,10,1,2.5e-4
2025-08-17,2,Selfoss,Fjölnir,2,0,125,0.03125
2025-08-17,2,Selfoss,Fjölnir,2,1,227,0.05675
2025-08-17,2,Selfoss,Fjölnir,2,2,217,0.05425
2025-08-17,2,Selfoss,Fjölnir,2,3,184,0.046
2025-08-17,2,Selfoss,Fjölnir,2,4,114,0.0285
2025-08-17,2,Selfoss,Fjölnir,2,5,62,0.0155
2025-08-17,2,Selfoss,Fjölnir,2,6,25,0.00625
2025-08-17,2,Selfoss,Fjölnir,2,7,10,0.0025
2025-08-17,2,Selfoss,Fjölnir,2,8,1,2.5e-4
2025-08-17,2,Selfoss,Fjölnir,2,11,1,2.5e-4
2025-08-17,2,Selfoss,Fjölnir,3,0,56,0.014
2025-08-17,2,Selfoss,Fjölnir,3,1,114,0.0285
2025-08-17,2,Selfoss,Fjölnir,3,2,142,0.0355
2025-08-17,2,Selfoss,Fjölnir,3,3,103,0.02575
2025-08-17,2,Selfoss,Fjölnir,3,4,54,0.0135
2025-08-17,2,Selfoss,Fjölnir,3,5,37,0.00925
2025-08-17,2,Selfoss,Fjölnir,3,6,15,0.00375
2025-08-17,2,Selfoss,Fjölnir,3,7,4,0.001
2025-08-17,2,Selfoss,Fjölnir,3,11,1,2.5e-4
2025-08-17,2,Selfoss,Fjölnir,4,0,26,0.0065
2025-08-17,2,Selfoss,Fjölnir,4,1,58,0.0145
2025-08-17,2,Selfoss,Fjölnir,4,2,48,0.012
2025-08-17,2,Selfoss,Fjölnir,4,3,43,0.01075
2025-08-17,2,Selfoss,Fjölnir,4,4,23,0.00575
2025-08-17,2,Selfoss,Fjölnir,4,5,15,0.00375
2025-08-17,2,Selfoss,Fjölnir,4,6,13,0.00325
2025-08-17,2,Selfoss,Fjölnir,4,7,5,0.00125
2025-08-17,2,Selfoss,Fjölnir,4,8,3,7.5e-4
2025-08-17,2,Selfoss,Fjölnir,5,0,11,0.00275
2025-08-17,2,Selfoss,Fjölnir,5,1,23,0.00575
2025-08-17,2,Selfoss,Fjölnir,5,2,14,0.0035
2025-08-17,2,Selfoss,Fjölnir,5,3,13,0.00325
2025-08-17,2,Selfoss,Fjölnir,5,4,6,0.0015
2025-08-17,2,Selfoss,Fjölnir,5,5,9,0.00225
2025-08-17,2,Selfoss,Fjölnir,5,6,3,7.5e-4
2025-08-17,2,Selfoss,Fjölnir,5,7,2,5e-4
2025-08-17,2,Selfoss,Fjölnir,5,9,1,2.5e-4
2025-08-17,2,Selfoss,Fjölnir,6,0,2,5e-4
2025-08-17,2,Selfoss,Fjölnir,6,1,4,0.001
2025-08-17,2,Selfoss,Fjölnir,6,2,6,0.0015
2025-08-17,2,Selfoss,Fjölnir,6,3,4,0.001
2025-08-17,2,Selfoss,Fjölnir,6,4,4,0.001
2025-08-17,2,Selfoss,Fjölnir,6,5,2,5e-4
2025-08-17,2,Selfoss,Fjölnir,7,0,2,5e-4
2025-08-17,2,Selfoss,Fjölnir,7,1,1,2.5e-4
2025-08-17,2,Selfoss,Fjölnir,7,2,2,5e-4
2025-08-17,2,Selfoss,Fjölnir,7,4,1,2.5e-4
2025-08-17,2,Selfoss,Fjölnir,8,1,1,2.5e-4
2025-08-17,2,Selfoss,Fjölnir,8,3,1,2.5e-4
2025-08-17,2,Völsungur,Leiknir R.,0,0,97,0.02425
2025-08-17,2,Völsungur,Leiknir R.,0,1,111,0.02775
2025-08-17,2,Völsungur,Leiknir R.,0,2,82,0.0205
2025-08-17,2,Völsungur,Leiknir R.,0,3,35,0.00875
2025-08-17,2,Völsungur,Leiknir R.,0,4,12,0.003
2025-08-17,2,Völsungur,Leiknir R.,0,5,1,2.5e-4
2025-08-17,2,Völsungur,Leiknir R.,1,0,199,0.04975
2025-08-17,2,Völsungur,Leiknir R.,1,1,262,0.0655
2025-08-17,2,Völsungur,Leiknir R.,1,2,178,0.0445
2025-08-17,2,Völsungur,Leiknir R.,1,3,102,0.0255
2025-08-17,2,Völsungur,Leiknir R.,1,4,19,0.00475
2025-08-17,2,Völsungur,Leiknir R.,1,5,10,0.0025
2025-08-17,2,Völsungur,Leiknir R.,1,6,4,0.001
2025-08-17,2,Völsungur,Leiknir R.,2,0,292,0.073
2025-08-17,2,Völsungur,Leiknir R.,2,1,340,0.085
2025-08-17,2,Völsungur,Leiknir R.,2,2,234,0.0585
2025-08-17,2,Völsungur,Leiknir R.,2,3,114,0.0285
2025-08-17,2,Völsungur,Leiknir R.,2,4,43,0.01075
2025-08-17,2,Völsungur,Leiknir R.,2,5,10,0.0025
2025-08-17,2,Völsungur,Leiknir R.,2,6,3,7.5e-4
2025-08-17,2,Völsungur,Leiknir R.,2,7,2,5e-4
2025-08-17,2,Völsungur,Leiknir R.,3,0,188,0.047
2025-08-17,2,Völsungur,Leiknir R.,3,1,282,0.0705
2025-08-17,2,Völsungur,Leiknir R.,3,2,182,0.0455
2025-08-17,2,Völsungur,Leiknir R.,3,3,90,0.0225
2025-08-17,2,Völsungur,Leiknir R.,3,4,30,0.0075
2025-08-17,2,Völsungur,Leiknir R.,3,5,10,0.0025
2025-08-17,2,Völsungur,Leiknir R.,4,0,158,0.0395
2025-08-17,2,Völsungur,Leiknir R.,4,1,196,0.049
2025-08-17,2,Völsungur,Leiknir R.,4,2,121,0.03025
2025-08-17,2,Völsungur,Leiknir R.,4,3,52,0.013
2025-08-17,2,Völsungur,Leiknir R.,4,4,20,0.005
2025-08-17,2,Völsungur,Leiknir R.,4,5,8,0.002
2025-08-17,2,Völsungur,Leiknir R.,4,6,4,0.001
2025-08-17,2,Völsungur,Leiknir R.,5,0,82,0.0205
2025-08-17,2,Völsungur,Leiknir R.,5,1,92,0.023
2025-08-17,2,Völsungur,Leiknir R.,5,2,72,0.018
2025-08-17,2,Völsungur,Leiknir R.,5,3,32,0.008
2025-08-17,2,Völsungur,Leiknir R.,5,4,14,0.0035
2025-08-17,2,Völsungur,Leiknir R.,5,5,4,0.001
2025-08-17,2,Völsungur,Leiknir R.,6,0,32,0.008
2025-08-17,2,Völsungur,Leiknir R.,6,1,45,0.01125
2025-08-17,2,Völsungur,Leiknir R.,6,2,30,0.0075
2025-08-17,2,Völsungur,Leiknir R.,6,3,12,0.003
2025-08-17,2,Völsungur,Leiknir R.,6,4,5,0.00125
2025-08-17,2,Völsungur,Leiknir R.,6,5,2,5e-4
2025-08-17,2,Völsungur,Leiknir R.,6,6,2,5e-4
2025-08-17,2,Völsungur,Leiknir R.,7,0,13,0.00325
2025-08-17,2,Völsungur,Leiknir R.,7,1,16,0.004
2025-08-17,2,Völsungur,Leiknir R.,7,2,10,0.0025
2025-08-17,2,Völsungur,Leiknir R.,7,3,8,0.002
2025-08-17,2,Völsungur,Leiknir R.,7,4,4,0.001
2025-08-17,2,Völsungur,Leiknir R.,7,5,1,2.5e-4
2025-08-17,2,Völsungur,Leiknir R.,7,6,2,5e-4
2025-08-17,2,Völsungur,Leiknir R.,8,0,5,0.00125
2025-08-17,2,Völsungur,Leiknir R.,8,1,9,0.00225
2025-08-17,2,Völsungur,Leiknir R.,8,2,5,0.00125
2025-08-17,2,Völsungur,Leiknir R.,8,3,1,2.5e-4
2025-08-17,2,Völsungur,Leiknir R.,8,4,1,2.5e-4
2025-08-17,2,Völsungur,Leiknir R.,9,1,2,5e-4
2025-08-17,2,Völsungur,Leiknir R.,9,2,1,2.5e-4
2025-08-17,2,Völsungur,Leiknir R.,9,4,2,5e-4
2025-08-17,2,Völsungur,Leiknir R.,9,5,1,2.5e-4
2025-08-17,2,Völsungur,Leiknir R.,10,0,1,2.5e-4
2025-08-17,2,Völsungur,Leiknir R.,10,1,2,5e-4
2025-08-17,2,Völsungur,Leiknir R.,12,0,1,2.5e-4
2025-08-17,2,ÍR,Þór,0,0,167,0.04175
2025-08-17,2,ÍR,Þór,0,1,256,0.064
2025-08-17,2,ÍR,Þór,0,2,308,0.077
2025-08-17,2,ÍR,Þór,0,3,233,0.05825
2025-08-17,2,ÍR,Þór,0,4,123,0.03075
2025-08-17,2,ÍR,Þór,0,5,76,0.019
2025-08-17,2,ÍR,Þór,0,6,24,0.006
2025-08-17,2,ÍR,Þór,0,7,14,0.0035
2025-08-17,2,ÍR,Þór,0,8,3,7.5e-4
2025-08-17,2,ÍR,Þór,0,10,1,2.5e-4
2025-08-17,2,ÍR,Þór,1,0,154,0.0385
2025-08-17,2,ÍR,Þór,1,1,315,0.07875
2025-08-17,2,ÍR,Þór,1,2,355,0.08875
2025-08-17,2,ÍR,Þór,1,3,272,0.068
2025-08-17,2,ÍR,Þór,1,4,145,0.03625
2025-08-17,2,ÍR,Þór,1,5,76,0.019
2025-08-17,2,ÍR,Þór,1,6,29,0.00725
2025-08-17,2,ÍR,Þór,1,7,14,0.0035
2025-08-17,2,ÍR,Þór,1,8,8,0.002
2025-08-17,2,ÍR,Þór,1,9,1,2.5e-4
2025-08-17,2,ÍR,Þór,2,0,98,0.0245
2025-08-17,2,ÍR,Þór,2,1,198,0.0495
2025-08-17,2,ÍR,Þór,2,2,219,0.05475
2025-08-17,2,ÍR,Þór,2,3,159,0.03975
2025-08-17,2,ÍR,Þór,2,4,84,0.021
2025-08-17,2,ÍR,Þór,2,5,49,0.01225
2025-08-17,2,ÍR,Þór,2,6,25,0.00625
2025-08-17,2,ÍR,Þór,2,7,7,0.00175
2025-08-17,2,ÍR,Þór,2,8,5,0.00125
2025-08-17,2,ÍR,Þór,2,9,1,2.5e-4
2025-08-17,2,ÍR,Þór,2,10,1,2.5e-4
2025-08-17,2,ÍR,Þór,3,0,42,0.0105
2025-08-17,2,ÍR,Þór,3,1,86,0.0215
2025-08-17,2,ÍR,Þór,3,2,102,0.0255
2025-08-17,2,ÍR,Þór,3,3,86,0.0215
2025-08-17,2,ÍR,Þór,3,4,33,0.00825
2025-08-17,2,ÍR,Þór,3,5,20,0.005
2025-08-17,2,ÍR,Þór,3,6,8,0.002
2025-08-17,2,ÍR,Þór,3,7,8,0.002
2025-08-17,2,ÍR,Þór,3,8,2,5e-4
2025-08-17,2,ÍR,Þór,3,10,1,2.5e-4
2025-08-17,2,ÍR,Þór,4,0,12,0.003
2025-08-17,2,ÍR,Þór,4,1,36,0.009
2025-08-17,2,ÍR,Þór,4,2,33,0.00825
2025-08-17,2,ÍR,Þór,4,3,28,0.007
2025-08-17,2,ÍR,Þór,4,4,13,0.00325
2025-08-17,2,ÍR,Þór,4,5,9,0.00225
2025-08-17,2,ÍR,Þór,4,6,3,7.5e-4
2025-08-17,2,ÍR,Þór,4,7,2,5e-4
2025-08-17,2,ÍR,Þór,4,8,1,2.5e-4
2025-08-17,2,ÍR,Þór,5,0,5,0.00125
2025-08-17,2,ÍR,Þór,5,1,9,0.00225
2025-08-17,2,ÍR,Þór,5,2,9,0.00225
2025-08-17,2,ÍR,Þór,5,3,6,0.0015
2025-08-17,2,ÍR,Þór,5,4,6,0.0015
2025-08-17,2,ÍR,Þór,5,5,1,2.5e-4
2025-08-17,2,ÍR,Þór,5,6,1,2.5e-4
2025-08-17,2,ÍR,Þór,6,1,2,5e-4
2025-08-17,2,ÍR,Þór,6,2,5,0.00125
2025-08-17,2,ÍR,Þór,6,3,4,0.001
2025-08-17,2,ÍR,Þór,6,4,1,2.5e-4
2025-08-17,2,ÍR,Þór,7,0,2,5e-4
2025-08-17,2,ÍR,Þór,7,2,1,2.5e-4
2025-08-17,2,ÍR,Þór,7,3,1,2.5e-4
2025-08-17,2,ÍR,Þór,7,4,1,2.5e-4
2025-08-17,2,ÍR,Þór,10,1,1,2.5e-4
2025-08-17,3,Dalvík/Reynir,Víðir,0,0,350,0.0875
2025-08-17,3,Dalvík/Reynir,Víðir,0,1,237,0.05925
2025-08-17,3,Dalvík/Reynir,Víðir,0,2,97,0.02425
2025-08-17,3,Dalvík/Reynir,Víðir,0,3,16,0.004
2025-08-17,3,Dalvík/Reynir,Víðir,0,4,2,5e-4
2025-08-17,3,Dalvík/Reynir,Víðir,1,0,596,0.149
2025-08-17,3,Dalvík/Reynir,Víðir,1,1,385,0.09625
2025-08-17,3,Dalvík/Reynir,Víðir,1,2,120,0.03
2025-08-17,3,Dalvík/Reynir,Víðir,1,3,44,0.011
2025-08-17,3,Dalvík/Reynir,Víðir,1,4,5,0.00125
2025-08-17,3,Dalvík/Reynir,Víðir,2,0,546,0.1365
2025-08-17,3,Dalvík/Reynir,Víðir,2,1,322,0.0805
2025-08-17,3,Dalvík/Reynir,Víðir,2,2,117,0.02925
2025-08-17,3,Dalvík/Reynir,Víðir,2,3,25,0.00625
2025-08-17,3,Dalvík/Reynir,Víðir,2,4,5,0.00125
2025-08-17,3,Dalvík/Reynir,Víðir,3,0,320,0.08
2025-08-17,3,Dalvík/Reynir,Víðir,3,1,215,0.05375
2025-08-17,3,Dalvík/Reynir,Víðir,3,2,89,0.02225
2025-08-17,3,Dalvík/Reynir,Víðir,3,3,26,0.0065
2025-08-17,3,Dalvík/Reynir,Víðir,3,4,4,0.001
2025-08-17,3,Dalvík/Reynir,Víðir,3,6,1,2.5e-4
2025-08-17,3,Dalvík/Reynir,Víðir,4,0,152,0.038
2025-08-17,3,Dalvík/Reynir,Víðir,4,1,89,0.02225
2025-08-17,3,Dalvík/Reynir,Víðir,4,2,41,0.01025
2025-08-17,3,Dalvík/Reynir,Víðir,4,3,7,0.00175
2025-08-17,3,Dalvík/Reynir,Víðir,4,4,5,0.00125
2025-08-17,3,Dalvík/Reynir,Víðir,4,5,1,2.5e-4
2025-08-17,3,Dalvík/Reynir,Víðir,5,0,56,0.014
2025-08-17,3,Dalvík/Reynir,Víðir,5,1,43,0.01075
2025-08-17,3,Dalvík/Reynir,Víðir,5,2,14,0.0035
2025-08-17,3,Dalvík/Reynir,Víðir,5,3,8,0.002
2025-08-17,3,Dalvík/Reynir,Víðir,5,4,1,2.5e-4
2025-08-17,3,Dalvík/Reynir,Víðir,5,5,1,2.5e-4
2025-08-17,3,Dalvík/Reynir,Víðir,6,0,24,0.006
2025-08-17,3,Dalvík/Reynir,Víðir,6,1,13,0.00325
2025-08-17,3,Dalvík/Reynir,Víðir,6,2,4,0.001
2025-08-17,3,Dalvík/Reynir,Víðir,6,3,1,2.5e-4
2025-08-17,3,Dalvík/Reynir,Víðir,6,4,1,2.5e-4
2025-08-17,3,Dalvík/Reynir,Víðir,7,0,6,0.0015
2025-08-17,3,Dalvík/Reynir,Víðir,7,1,8,0.002
2025-08-17,3,Dalvík/Reynir,Víðir,7,3,1,2.5e-4
2025-08-17,3,Dalvík/Reynir,Víðir,7,4,1,2.5e-4
2025-08-17,3,Dalvík/Reynir,Víðir,8,1,1,2.5e-4
2025-08-17,3,Grótta,KFA,0,0,104,0.026
2025-08-17,3,Grótta,KFA,0,1,136,0.034
2025-08-17,3,Grótta,KFA,0,2,131,0.03275
2025-08-17,3,Grótta,KFA,0,3,63,0.01575
2025-08-17,3,Grótta,KFA,0,4,40,0.01
2025-08-17,3,Grótta,KFA,0,5,19,0.00475
2025-08-17,3,Grótta,KFA,0,6,5,0.00125
2025-08-17,3,Grótta,KFA,0,7,1,2.5e-4
2025-08-17,3,Grótta,KFA,0,8,1,2.5e-4
2025-08-17,3,Grótta,KFA,1,0,139,0.03475
2025-08-17,3,Grótta,KFA,1,1,324,0.081
2025-08-17,3,Grótta,KFA,1,2,232,0.058
2025-08-17,3,Grótta,KFA,1,3,142,0.0355
2025-08-17,3,Grótta,KFA,1,4,86,0.0215
2025-08-17,3,Grótta,KFA,1,5,27,0.00675
2025-08-17,3,Grótta,KFA,1,6,10,0.0025
2025-08-17,3,Grótta,KFA,1,8,2,5e-4
2025-08-17,3,Grótta,KFA,2,0,169,0.04225
2025-08-17,3,Grótta,KFA,2,1,309,0.07725
2025-08-17,3,Grótta,KFA,2,2,269,0.06725
2025-08-17,3,Grótta,KFA,2,3,171,0.04275
2025-08-17,3,Grótta,KFA,2,4,77,0.01925
2025-08-17,3,Grótta,KFA,2,5,29,0.00725
2025-08-17,3,Grótta,KFA,2,6,16,0.004
2025-08-17,3,Grótta,KFA,2,7,4,0.001
2025-08-17,3,Grótta,KFA,2,8,1,2.5e-4
2025-08-17,3,Grótta,KFA,2,9,2,5e-4
2025-08-17,3,Grótta,KFA,3,0,114,0.0285
2025-08-17,3,Grótta,KFA,3,1,206,0.0515
2025-08-17,3,Grótta,KFA,3,2,171,0.04275
2025-08-17,3,Grótta,KFA,3,3,124,0.031
2025-08-17,3,Grótta,KFA,3,4,64,0.016
2025-08-17,3,Grótta,KFA,3,5,23,0.00575
2025-08-17,3,Grótta,KFA,3,6,9,0.00225
2025-08-17,3,Grótta,KFA,3,7,2,5e-4
2025-08-17,3,Grótta,KFA,3,8,1,2.5e-4
2025-08-17,3,Grótta,KFA,4,0,58,0.0145
2025-08-17,3,Grótta,KFA,4,1,112,0.028
2025-08-17,3,Grótta,KFA,4,2,100,0.025
2025-08-17,3,Grótta,KFA,4,3,83,0.02075
2025-08-17,3,Grótta,KFA,4,4,30,0.0075
2025-08-17,3,Grótta,KFA,4,5,19,0.00475
2025-08-17,3,Grótta,KFA,4,6,10,0.0025
2025-08-17,3,Grótta,KFA,4,7,3,7.5e-4
2025-08-17,3,Grótta,KFA,5,0,29,0.00725
2025-08-17,3,Grótta,KFA,5,1,56,0.014
2025-08-17,3,Grótta,KFA,5,2,53,0.01325
2025-08-17,3,Grótta,KFA,5,3,44,0.011
2025-08-17,3,Grótta,KFA,5,4,34,0.0085
2025-08-17,3,Grótta,KFA,5,5,12,0.003
2025-08-17,3,Grótta,KFA,5,6,2,5e-4
2025-08-17,3,Grótta,KFA,5,7,1,2.5e-4
2025-08-17,3,Grótta,KFA,6,0,13,0.00325
2025-08-17,3,Grótta,KFA,6,1,23,0.00575
2025-08-17,3,Grótta,KFA,6,2,23,0.00575
2025-08-17,3,Grótta,KFA,6,3,16,0.004
2025-08-17,3,Grótta,KFA,6,4,4,0.001
2025-08-17,3,Grótta,KFA,6,5,2,5e-4
2025-08-17,3,Grótta,KFA,6,6,1,2.5e-4
2025-08-17,3,Grótta,KFA,6,7,1,2.5e-4
2025-08-17,3,Grótta,KFA,7,0,3,7.5e-4
2025-08-17,3,Grótta,KFA,7,1,6,0.0015
2025-08-17,3,Grótta,KFA,7,2,10,0.0025
2025-08-17,3,Grótta,KFA,7,3,9,0.00225
2025-08-17,3,Grótta,KFA,7,4,1,2.5e-4
2025-08-17,3,Grótta,KFA,7,5,3,7.5e-4
2025-08-17,3,Grótta,KFA,7,6,1,2.5e-4
2025-08-17,3,Grótta,KFA,7,7,1,2.5e-4
2025-08-17,3,Grótta,KFA,8,1,2,5e-4
2025-08-17,3,Grótta,KFA,8,2,3,7.5e-4
2025-08-17,3,Grótta,KFA,8,3,2,5e-4
2025-08-17,3,Grótta,KFA,8,4,1,2.5e-4
2025-08-17,3,Grótta,KFA,8,5,2,5e-4
2025-08-17,3,Grótta,KFA,9,3,1,2.5e-4
2025-08-17,3,Grótta,KFA,9,5,2,5e-4
2025-08-17,3,Grótta,KFA,10,1,1,2.5e-4
2025-08-17,3,Höttur/Huginn,Ægir,0,0,252,0.063
2025-08-17,3,Höttur/Huginn,Ægir,0,1,312,0.078
2025-08-17,3,Höttur/Huginn,Ægir,0,2,142,0.0355
2025-08-17,3,Höttur/Huginn,Ægir,0,3,56,0.014
2025-08-17,3,Höttur/Huginn,Ægir,0,4,19,0.00475
2025-08-17,3,Höttur/Huginn,Ægir,0,5,3,7.5e-4
2025-08-17,3,Höttur/Huginn,Ægir,0,6,1,2.5e-4
2025-08-17,3,Höttur/Huginn,Ægir,1,0,396,0.099
2025-08-17,3,Höttur/Huginn,Ægir,1,1,408,0.102
2025-08-17,3,Höttur/Huginn,Ægir,1,2,228,0.057
2025-08-17,3,Höttur/Huginn,Ægir,1,3,105,0.02625
2025-08-17,3,Höttur/Huginn,Ægir,1,4,33,0.00825
2025-08-17,3,Höttur/Huginn,Ægir,1,5,10,0.0025
2025-08-17,3,Höttur/Huginn,Ægir,1,6,1,2.5e-4
2025-08-17,3,Höttur/Huginn,Ægir,2,0,354,0.0885
2025-08-17,3,Höttur/Huginn,Ægir,2,1,340,0.085
2025-08-17,3,Höttur/Huginn,Ægir,2,2,228,0.057
2025-08-17,3,Höttur/Huginn,Ægir,2,3,90,0.0225
2025-08-17,3,Höttur/Huginn,Ægir,2,4,23,0.00575
2025-08-17,3,Höttur/Huginn,Ægir,2,5,5,0.00125
2025-08-17,3,Höttur/Huginn,Ægir,2,6,2,5e-4
2025-08-17,3,Höttur/Huginn,Ægir,3,0,166,0.0415
2025-08-17,3,Höttur/Huginn,Ægir,3,1,221,0.05525
2025-08-17,3,Höttur/Huginn,Ægir,3,2,112,0.028
2025-08-17,3,Höttur/Huginn,Ægir,3,3,48,0.012
2025-08-17,3,Höttur/Huginn,Ægir,3,4,13,0.00325
2025-08-17,3,Höttur/Huginn,Ægir,3,5,3,7.5e-4
2025-08-17,3,Höttur/Huginn,Ægir,3,6,4,0.001
2025-08-17,3,Höttur/Huginn,Ægir,4,0,98,0.0245
2025-08-17,3,Höttur/Huginn,Ægir,4,1,93,0.02325
2025-08-17,3,Höttur/Huginn,Ægir,4,2,49,0.01225
2025-08-17,3,Höttur/Huginn,Ægir,4,3,29,0.00725
2025-08-17,3,Höttur/Huginn,Ægir,4,4,9,0.00225
2025-08-17,3,Höttur/Huginn,Ægir,4,5,1,2.5e-4
2025-08-17,3,Höttur/Huginn,Ægir,4,7,1,2.5e-4
2025-08-17,3,Höttur/Huginn,Ægir,5,0,27,0.00675
2025-08-17,3,Höttur/Huginn,Ægir,5,1,36,0.009
2025-08-17,3,Höttur/Huginn,Ægir,5,2,16,0.004
2025-08-17,3,Höttur/Huginn,Ægir,5,3,11,0.00275
2025-08-17,3,Höttur/Huginn,Ægir,5,4,3,7.5e-4
2025-08-17,3,Höttur/Huginn,Ægir,5,5,1,2.5e-4
2025-08-17,3,Höttur/Huginn,Ægir,6,0,9,0.00225
2025-08-17,3,Höttur/Huginn,Ægir,6,1,17,0.00425
2025-08-17,3,Höttur/Huginn,Ægir,6,2,6,0.0015
2025-08-17,3,Höttur/Huginn,Ægir,6,3,3,7.5e-4
2025-08-17,3,Höttur/Huginn,Ægir,7,0,4,0.001
2025-08-17,3,Höttur/Huginn,Ægir,7,1,7,0.00175
2025-08-17,3,Höttur/Huginn,Ægir,7,2,3,7.5e-4
2025-08-17,3,Höttur/Huginn,Ægir,7,3,1,2.5e-4
2025-08-17,3,Höttur/Huginn,Ægir,9,3,1,2.5e-4
2025-08-17,3,Kormákur/Hvöt,Haukar,0,0,124,0.031
2025-08-17,3,Kormákur/Hvöt,Haukar,0,1,157,0.03925
2025-08-17,3,Kormákur/Hvöt,Haukar,0,2,121,0.03025
2025-08-17,3,Kormákur/Hvöt,Haukar,0,3,60,0.015
2025-08-17,3,Kormákur/Hvöt,Haukar,0,4,28,0.007
2025-08-17,3,Kormákur/Hvöt,Haukar,0,5,13,0.00325
2025-08-17,3,Kormákur/Hvöt,Haukar,0,6,4,0.001
2025-08-17,3,Kormákur/Hvöt,Haukar,1,0,256,0.064
2025-08-17,3,Kormákur/Hvöt,Haukar,1,1,302,0.0755
2025-08-17,3,Kormákur/Hvöt,Haukar,1,2,250,0.0625
2025-08-17,3,Kormákur/Hvöt,Haukar,1,3,114,0.0285
2025-08-17,3,Kormákur/Hvöt,Haukar,1,4,40,0.01
2025-08-17,3,Kormákur/Hvöt,Haukar,1,5,26,0.0065
2025-08-17,3,Kormákur/Hvöt,Haukar,1,6,3,7.5e-4
2025-08-17,3,Kormákur/Hvöt,Haukar,1,8,1,2.5e-4
2025-08-17,3,Kormákur/Hvöt,Haukar,2,0,237,0.05925
2025-08-17,3,Kormákur/Hvöt,Haukar,2,1,344,0.086
2025-08-17,3,Kormákur/Hvöt,Haukar,2,2,254,0.0635
2025-08-17,3,Kormákur/Hvöt,Haukar,2,3,124,0.031
2025-08-17,3,Kormákur/Hvöt,Haukar,2,4,71,0.01775
2025-08-17,3,Kormákur/Hvöt,Haukar,2,5,24,0.006
2025-08-17,3,Kormákur/Hvöt,Haukar,2,6,5,0.00125
2025-08-17,3,Kormákur/Hvöt,Haukar,2,7,1,2.5e-4
2025-08-17,3,Kormákur/Hvöt,Haukar,2,8,1,2.5e-4
2025-08-17,3,Kormákur/Hvöt,Haukar,3,0,145,0.03625
2025-08-17,3,Kormákur/Hvöt,Haukar,3,1,206,0.0515
2025-08-17,3,Kormákur/Hvöt,Haukar,3,2,176,0.044
2025-08-17,3,Kormákur/Hvöt,Haukar,3,3,117,0.02925
2025-08-17,3,Kormákur/Hvöt,Haukar,3,4,38,0.0095
2025-08-17,3,Kormákur/Hvöt,Haukar,3,5,17,0.00425
2025-08-17,3,Kormákur/Hvöt,Haukar,3,6,5,0.00125
2025-08-17,3,Kormákur/Hvöt,Haukar,3,7,1,2.5e-4
2025-08-17,3,Kormákur/Hvöt,Haukar,4,0,67,0.01675
2025-08-17,3,Kormákur/Hvöt,Haukar,4,1,144,0.036
2025-08-17,3,Kormákur/Hvöt,Haukar,4,2,96,0.024
2025-08-17,3,Kormákur/Hvöt,Haukar,4,3,40,0.01
2025-08-17,3,Kormákur/Hvöt,Haukar,4,4,31,0.00775
2025-08-17,3,Kormákur/Hvöt,Haukar,4,5,8,0.002
2025-08-17,3,Kormákur/Hvöt,Haukar,4,6,3,7.5e-4
2025-08-17,3,Kormákur/Hvöt,Haukar,4,7,1,2.5e-4
2025-08-17,3,Kormákur/Hvöt,Haukar,5,0,39,0.00975
2025-08-17,3,Kormákur/Hvöt,Haukar,5,1,68,0.017
2025-08-17,3,Kormákur/Hvöt,Haukar,5,2,50,0.0125
2025-08-17,3,Kormákur/Hvöt,Haukar,5,3,31,0.00775
2025-08-17,3,Kormákur/Hvöt,Haukar,5,4,10,0.0025
2025-08-17,3,Kormákur/Hvöt,Haukar,5,5,8,0.002
2025-08-17,3,Kormákur/Hvöt,Haukar,5,6,1,2.5e-4
2025-08-17,3,Kormákur/Hvöt,Haukar,6,0,19,0.00475
2025-08-17,3,Kormákur/Hvöt,Haukar,6,1,29,0.00725
2025-08-17,3,Kormákur/Hvöt,Haukar,6,2,20,0.005
2025-08-17,3,Kormákur/Hvöt,Haukar,6,3,7,0.00175
2025-08-17,3,Kormákur/Hvöt,Haukar,6,4,7,0.00175
2025-08-17,3,Kormákur/Hvöt,Haukar,6,5,1,2.5e-4
2025-08-17,3,Kormákur/Hvöt,Haukar,7,0,9,0.00225
2025-08-17,3,Kormákur/Hvöt,Haukar,7,1,11,0.00275
2025-08-17,3,Kormákur/Hvöt,Haukar,7,2,10,0.0025
2025-08-17,3,Kormákur/Hvöt,Haukar,7,3,6,0.0015
2025-08-17,3,Kormákur/Hvöt,Haukar,7,4,3,7.5e-4
2025-08-17,3,Kormákur/Hvöt,Haukar,7,5,1,2.5e-4
2025-08-17,3,Kormákur/Hvöt,Haukar,8,0,1,2.5e-4
2025-08-17,3,Kormákur/Hvöt,Haukar,8,1,2,5e-4
2025-08-17,3,Kormákur/Hvöt,Haukar,8,2,6,0.0015
2025-08-17,3,Kormákur/Hvöt,Haukar,8,4,2,5e-4
2025-08-17,3,Kormákur/Hvöt,Haukar,9,0,2,5e-4
2025-08-17,3,Kormákur/Hvöt,Haukar,9,2,2,5e-4
2025-08-17,3,Kári,KFG,0,0,103,0.02575
2025-08-17,3,Kári,KFG,0,1,95,0.02375
2025-08-17,3,Kári,KFG,0,2,49,0.01225
2025-08-17,3,Kári,KFG,0,3,18,0.0045
2025-08-17,3,Kári,KFG,0,4,9,0.00225
2025-08-17,3,Kári,KFG,0,5,1,2.5e-4
2025-08-17,3,Kári,KFG,1,0,220,0.055
2025-08-17,3,Kári,KFG,1,1,228,0.057
2025-08-17,3,Kári,KFG,1,2,130,0.0325
2025-08-17,3,Kári,KFG,1,3,54,0.0135
2025-08-17,3,Kári,KFG,1,4,13,0.00325
2025-08-17,3,Kári,KFG,1,5,5,0.00125
2025-08-17,3,Kári,KFG,1,6,1,2.5e-4
2025-08-17,3,Kári,KFG,2,0,295,0.07375
2025-08-17,3,Kári,KFG,2,1,296,0.074
2025-08-17,3,Kári,KFG,2,2,191,0.04775
2025-08-17,3,Kári,KFG,2,3,71,0.01775
2025-08-17,3,Kári,KFG,2,4,20,0.005
2025-08-17,3,Kári,KFG,2,5,7,0.00175
2025-08-17,3,Kári,KFG,2,8,1,2.5e-4
2025-08-17,3,Kári,KFG,3,0,310,0.0775
2025-08-17,3,Kári,KFG,3,1,289,0.07225
2025-08-17,3,Kári,KFG,3,2,141,0.03525
2025-08-17,3,Kári,KFG,3,3,78,0.0195
2025-08-17,3,Kári,KFG,3,4,10,0.0025
2025-08-17,3,Kári,KFG,3,5,4,0.001
2025-08-17,3,Kári,KFG,4,0,200,0.05
2025-08-17,3,Kári,KFG,4,1,213,0.05325
2025-08-17,3,Kári,KFG,4,2,136,0.034
2025-08-17,3,Kári,KFG,4,3,50,0.0125
2025-08-17,3,Kári,KFG,4,4,12,0.003
2025-08-17,3,Kári,KFG,4,5,1,2.5e-4
2025-08-17,3,Kári,KFG,4,6,1,2.5e-4
2025-08-17,3,Kári,KFG,5,0,116,0.029
2025-08-17,3,Kári,KFG,5,1,134,0.0335
2025-08-17,3,Kári,KFG,5,2,82,0.0205
2025-08-17,3,Kári,KFG,5,3,34,0.0085
2025-08-17,3,Kári,KFG,5,4,7,0.00175
2025-08-17,3,Kári,KFG,5,5,2,5e-4
2025-08-17,3,Kári,KFG,6,0,58,0.0145
2025-08-17,3,Kári,KFG,6,1,82,0.0205
2025-08-17,3,Kári,KFG,6,2,49,0.01225
2025-08-17,3,Kári,KFG,6,3,17,0.00425
2025-08-17,3,Kári,KFG,6,4,10,0.0025
2025-08-17,3,Kári,KFG,7,0,34,0.0085
2025-08-17,3,Kári,KFG,7,1,30,0.0075
2025-08-17,3,Kári,KFG,7,2,15,0.00375
2025-08-17,3,Kári,KFG,7,3,13,0.00325
2025-08-17,3,Kári,KFG,7,4,2,5e-4
2025-08-17,3,Kári,KFG,7,5,1,2.5e-4
2025-08-17,3,Kári,KFG,8,0,16,0.004
2025-08-17,3,Kári,KFG,8,1,13,0.00325
2025-08-17,3,Kári,KFG,8,2,8,0.002
2025-08-17,3,Kári,KFG,8,3,2,5e-4
2025-08-17,3,Kári,KFG,8,4,2,5e-4
2025-08-17,3,Kári,KFG,9,0,4,0.001
2025-08-17,3,Kári,KFG,9,1,5,0.00125
2025-08-17,3,Kári,KFG,9,2,1,2.5e-4
2025-08-17,3,Kári,KFG,9,3,3,7.5e-4
2025-08-17,3,Kári,KFG,9,5,1,2.5e-4
2025-08-17,3,Kári,KFG,10,3,1,2.5e-4
2025-08-17,3,Kári,KFG,10,4,1,2.5e-4
2025-08-17,3,Kári,KFG,11,0,1,2.5e-4
2025-08-17,3,Kári,KFG,11,1,3,7.5e-4
2025-08-17,3,Kári,KFG,12,2,1,2.5e-4
2025-08-18,1,Fram,KR,0,0,313,0.07825
2025-08-18,1,Fram,KR,0,1,390,0.0975
2025-08-18,1,Fram,KR,0,2,219,0.05475
2025-08-18,1,Fram,KR,0,3,101,0.02525
2025-08-18,1,Fram,KR,0,4,31,0.00775
2025-08-18,1,Fram,KR,0,5,10,0.0025
2025-08-18,1,Fram,KR,1,0,354,0.0885
2025-08-18,1,Fram,KR,1,1,481,0.12025
2025-08-18,1,Fram,KR,1,2,292,0.073
2025-08-18,1,Fram,KR,1,3,132,0.033
2025-08-18,1,Fram,KR,1,4,57,0.01425
2025-08-18,1,Fram,KR,1,5,20,0.005
2025-08-18,1,Fram,KR,1,6,4,0.001
2025-08-18,1,Fram,KR,2,0,247,0.06175
2025-08-18,1,Fram,KR,2,1,325,0.08125
2025-08-18,1,Fram,KR,2,2,193,0.04825
2025-08-18,1,Fram,KR,2,3,97,0.02425
2025-08-18,1,Fram,KR,2,4,33,0.00825
2025-08-18,1,Fram,KR,2,5,7,0.00175
2025-08-18,1,Fram,KR,2,6,3,7.5e-4
2025-08-18,1,Fram,KR,2,7,1,2.5e-4
2025-08-18,1,Fram,KR,2,8,1,2.5e-4
2025-08-18,1,Fram,KR,3,0,113,0.02825
2025-08-18,1,Fram,KR,3,1,161,0.04025
2025-08-18,1,Fram,KR,3,2,99,0.02475
2025-08-18,1,Fram,KR,3,3,46,0.0115
2025-08-18,1,Fram,KR,3,4,14,0.0035
2025-08-18,1,Fram,KR,3,5,3,7.5e-4
2025-08-18,1,Fram,KR,3,6,2,5e-4
2025-08-18,1,Fram,KR,4,0,57,0.01425
2025-08-18,1,Fram,KR,4,1,50,0.0125
2025-08-18,1,Fram,KR,4,2,35,0.00875
2025-08-18,1,Fram,KR,4,3,28,0.007
2025-08-18,1,Fram,KR,4,4,12,0.003
2025-08-18,1,Fram,KR,4,5,4,0.001
2025-08-18,1,Fram,KR,5,0,11,0.00275
2025-08-18,1,Fram,KR,5,1,16,0.004
2025-08-18,1,Fram,KR,5,2,15,0.00375
2025-08-18,1,Fram,KR,5,3,5,0.00125
2025-08-18,1,Fram,KR,5,4,2,5e-4
2025-08-18,1,Fram,KR,5,5,1,2.5e-4
2025-08-18,1,Fram,KR,6,0,3,7.5e-4
2025-08-18,1,Fram,KR,6,1,2,5e-4
2025-08-18,1,Fram,KR,6,2,5,0.00125
2025-08-18,1,Fram,KR,6,3,1,2.5e-4
2025-08-18,1,Fram,KR,7,1,2,5e-4
2025-08-18,1,Fram,KR,7,4,1,2.5e-4
2025-08-18,1,Fram,KR,7,7,1,2.5e-4
2025-08-24,1,FH,ÍBV,0,0,81,0.02025
2025-08-24,1,FH,ÍBV,0,1,70,0.0175
2025-08-24,1,FH,ÍBV,0,2,39,0.00975
2025-08-24,1,FH,ÍBV,0,3,16,0.004
2025-08-24,1,FH,ÍBV,0,4,4,0.001
2025-08-24,1,FH,ÍBV,0,5,2,5e-4
2025-08-24,1,FH,ÍBV,1,0,180,0.045
2025-08-24,1,FH,ÍBV,1,1,176,0.044
2025-08-24,1,FH,ÍBV,1,2,110,0.0275
2025-08-24,1,FH,ÍBV,1,3,29,0.00725
2025-08-24,1,FH,ÍBV,1,4,13,0.00325
2025-08-24,1,FH,ÍBV,1,5,2,5e-4
2025-08-24,1,FH,ÍBV,2,0,314,0.0785
2025-08-24,1,FH,ÍBV,2,1,282,0.0705
2025-08-24,1,FH,ÍBV,2,2,145,0.03625
2025-08-24,1,FH,ÍBV,2,3,46,0.0115
2025-08-24,1,FH,ÍBV,2,4,21,0.00525
2025-08-24,1,FH,ÍBV,2,5,4,0.001
2025-08-24,1,FH,ÍBV,3,0,299,0.07475
2025-08-24,1,FH,ÍBV,3,1,285,0.07125
2025-08-24,1,FH,ÍBV,3,2,166,0.0415
2025-08-24,1,FH,ÍBV,3,3,58,0.0145
2025-08-24,1,FH,ÍBV,3,4,13,0.00325
2025-08-24,1,FH,ÍBV,3,5,4,0.001
2025-08-24,1,FH,ÍBV,3,6,1,2.5e-4
2025-08-24,1,FH,ÍBV,4,0,267,0.06675
2025-08-24,1,FH,ÍBV,4,1,247,0.06175
2025-08-24,1,FH,ÍBV,4,2,134,0.0335
2025-08-24,1,FH,ÍBV,4,3,53,0.01325
2025-08-24,1,FH,ÍBV,4,4,12,0.003
2025-08-24,1,FH,ÍBV,4,5,4,0.001
2025-08-24,1,FH,ÍBV,5,0,159,0.03975
2025-08-24,1,FH,ÍBV,5,1,130,0.0325
2025-08-24,1,FH,ÍBV,5,2,84,0.021
2025-08-24,1,FH,ÍBV,5,3,34,0.0085
2025-08-24,1,FH,ÍBV,5,4,7,0.00175
2025-08-24,1,FH,ÍBV,5,5,3,7.5e-4
2025-08-24,1,FH,ÍBV,5,7,1,2.5e-4
2025-08-24,1,FH,ÍBV,6,0,95,0.02375
2025-08-24,1,FH,ÍBV,6,1,107,0.02675
2025-08-24,1,FH,ÍBV,6,2,41,0.01025
2025-08-24,1,FH,ÍBV,6,3,8,0.002
2025-08-24,1,FH,ÍBV,6,4,4,0.001
2025-08-24,1,FH,ÍBV,6,5,1,2.5e-4
2025-08-24,1,FH,ÍBV,7,0,52,0.013
2025-08-24,1,FH,ÍBV,7,1,59,0.01475
2025-08-24,1,FH,ÍBV,7,2,26,0.0065
2025-08-24,1,FH,ÍBV,7,3,10,0.0025
2025-08-24,1,FH,ÍBV,7,4,1,2.5e-4
2025-08-24,1,FH,ÍBV,8,0,23,0.00575
2025-08-24,1,FH,ÍBV,8,1,18,0.0045
2025-08-24,1,FH,ÍBV,8,2,11,0.00275
2025-08-24,1,FH,ÍBV,8,3,4,0.001
2025-08-24,1,FH,ÍBV,8,5,1,2.5e-4
2025-08-24,1,FH,ÍBV,9,0,12,0.003
2025-08-24,1,FH,ÍBV,9,1,9,0.00225
2025-08-24,1,FH,ÍBV,9,2,3,7.5e-4
2025-08-24,1,FH,ÍBV,9,3,6,0.0015
2025-08-24,1,FH,ÍBV,9,4,1,2.5e-4
2025-08-24,1,FH,ÍBV,10,0,4,0.001
2025-08-24,1,FH,ÍBV,10,1,1,2.5e-4
2025-08-24,1,FH,ÍBV,10,2,1,2.5e-4
2025-08-24,1,FH,ÍBV,11,0,1,2.5e-4
2025-08-24,1,FH,ÍBV,11,1,3,7.5e-4
2025-08-24,1,FH,ÍBV,11,2,1,2.5e-4
2025-08-24,1,FH,ÍBV,13,1,1,2.5e-4
2025-08-24,1,FH,ÍBV,16,1,1,2.5e-4
2025-08-24,1,KA,Fram,0,0,184,0.046
2025-08-24,1,KA,Fram,0,1,178,0.0445
2025-08-24,1,KA,Fram,0,2,107,0.02675
2025-08-24,1,KA,Fram,0,3,36,0.009
2025-08-24,1,KA,Fram,0,4,15,0.00375
2025-08-24,1,KA,Fram,0,5,2,5e-4
2025-08-24,1,KA,Fram,1,0,324,0.081
2025-08-24,1,KA,Fram,1,1,375,0.09375
2025-08-24,1,KA,Fram,1,2,210,0.0525
2025-08-24,1,KA,Fram,1,3,89,0.02225
2025-08-24,1,KA,Fram,1,4,35,0.00875
2025-08-24,1,KA,Fram,1,5,11,0.00275
2025-08-24,1,KA,Fram,1,6,3,7.5e-4
2025-08-24,1,KA,Fram,2,0,327,0.08175
2025-08-24,1,KA,Fram,2,1,357,0.08925
2025-08-24,1,KA,Fram,2,2,219,0.05475
2025-08-24,1,KA,Fram,2,3,94,0.0235
2025-08-24,1,KA,Fram,2,4,19,0.00475
2025-08-24,1,KA,Fram,2,5,12,0.003
2025-08-24,1,KA,Fram,2,6,3,7.5e-4
2025-08-24,1,KA,Fram,3,0,223,0.05575
2025-08-24,1,KA,Fram,3,1,252,0.063
2025-08-24,1,KA,Fram,3,2,134,0.0335
2025-08-24,1,KA,Fram,3,3,57,0.01425
2025-08-24,1,KA,Fram,3,4,17,0.00425
2025-08-24,1,KA,Fram,3,5,6,0.0015
2025-08-24,1,KA,Fram,3,6,2,5e-4
2025-08-24,1,KA,Fram,3,7,1,2.5e-4
2025-08-24,1,KA,Fram,3,10,1,2.5e-4
2025-08-24,1,KA,Fram,4,0,115,0.02875
2025-08-24,1,KA,Fram,4,1,155,0.03875
2025-08-24,1,KA,Fram,4,2,80,0.02
2025-08-24,1,KA,Fram,4,3,31,0.00775
2025-08-24,1,KA,Fram,4,4,20,0.005
2025-08-24,1,KA,Fram,4,5,3,7.5e-4
2025-08-24,1,KA,Fram,4,6,2,5e-4
2025-08-24,1,KA,Fram,5,0,59,0.01475
2025-08-24,1,KA,Fram,5,1,75,0.01875
2025-08-24,1,KA,Fram,5,2,37,0.00925
2025-08-24,1,KA,Fram,5,3,18,0.0045
2025-08-24,1,KA,Fram,5,4,3,7.5e-4
2025-08-24,1,KA,Fram,5,5,5,0.00125
2025-08-24,1,KA,Fram,6,0,31,0.00775
2025-08-24,1,KA,Fram,6,1,17,0.00425
2025-08-24,1,KA,Fram,6,2,11,0.00275
2025-08-24,1,KA,Fram,6,3,5,0.00125
2025-08-24,1,KA,Fram,6,4,1,2.5e-4
2025-08-24,1,KA,Fram,6,6,1,2.5e-4
2025-08-24,1,KA,Fram,7,0,11,0.00275
2025-08-24,1,KA,Fram,7,1,7,0.00175
2025-08-24,1,KA,Fram,7,2,9,0.00225
2025-08-24,1,KA,Fram,7,4,1,2.5e-4
2025-08-24,1,KA,Fram,8,0,2,5e-4
2025-08-24,1,KA,Fram,8,1,1,2.5e-4
2025-08-24,1,KA,Fram,8,2,1,2.5e-4
2025-08-24,1,KA,Fram,8,3,2,5e-4
2025-08-24,1,KA,Fram,9,0,1,2.5e-4
2025-08-24,1,KA,Fram,9,3,1,2.5e-4
2025-08-24,1,KA,Fram,10,0,1,2.5e-4
2025-08-24,1,KA,Fram,11,0,1,2.5e-4
2025-08-24,1,Víkingur R.,Vestri,0,0,187,0.04675
2025-08-24,1,Víkingur R.,Vestri,0,1,290,0.0725
2025-08-24,1,Víkingur R.,Vestri,0,2,267,0.06675
2025-08-24,1,Víkingur R.,Vestri,0,3,192,0.048
2025-08-24,1,Víkingur R.,Vestri,0,4,84,0.021
2025-08-24,1,Víkingur R.,Vestri,0,5,47,0.01175
2025-08-24,1,Víkingur R.,Vestri,0,6,18,0.0045
2025-08-24,1,Víkingur R.,Vestri,0,7,3,7.5e-4
2025-08-24,1,Víkingur R.,Vestri,0,8,2,5e-4
2025-08-24,1,Víkingur R.,Vestri,1,0,247,0.06175
2025-08-24,1,Víkingur R.,Vestri,1,1,406,0.1015
2025-08-24,1,Víkingur R.,Vestri,1,2,311,0.07775
2025-08-24,1,Víkingur R.,Vestri,1,3,223,0.05575
2025-08-24,1,Víkingur R.,Vestri,1,4,110,0.0275
2025-08-24,1,Víkingur R.,Vestri,1,5,38,0.0095
2025-08-24,1,Víkingur R.,Vestri,1,6,13,0.00325
2025-08-24,1,Víkingur R.,Vestri,1,7,5,0.00125
2025-08-24,1,Víkingur R.,Vestri,1,8,1,2.5e-4
2025-08-24,1,Víkingur R.,Vestri,1,9,1,2.5e-4
2025-08-24,1,Víkingur R.,Vestri,2,0,132,0.033
2025-08-24,1,Víkingur R.,Vestri,2,1,270,0.0675
2025-08-24,1,Víkingur R.,Vestri,2,2,225,0.05625
2025-08-24,1,Víkingur R.,Vestri,2,3,155,0.03875
2025-08-24,1,Víkingur R.,Vestri,2,4,84,0.021
2025-08-24,1,Víkingur R.,Vestri,2,5,27,0.00675
2025-08-24,1,Víkingur R.,Vestri,2,6,9,0.00225
2025-08-24,1,Víkingur R.,Vestri,2,7,4,0.001
2025-08-24,1,Víkingur R.,Vestri,2,8,3,7.5e-4
2025-08-24,1,Víkingur R.,Vestri,3,0,74,0.0185
2025-08-24,1,Víkingur R.,Vestri,3,1,114,0.0285
2025-08-24,1,Víkingur R.,Vestri,3,2,104,0.026
2025-08-24,1,Víkingur R.,Vestri,3,3,67,0.01675
2025-08-24,1,Víkingur R.,Vestri,3,4,43,0.01075
2025-08-24,1,Víkingur R.,Vestri,3,5,13,0.00325
2025-08-24,1,Víkingur R.,Vestri,3,6,4,0.001
2025-08-24,1,Víkingur R.,Vestri,3,7,3,7.5e-4
2025-08-24,1,Víkingur R.,Vestri,3,8,1,2.5e-4
2025-08-24,1,Víkingur R.,Vestri,4,0,25,0.00625
2025-08-24,1,Víkingur R.,Vestri,4,1,42,0.0105
2025-08-24,1,Víkingur R.,Vestri,4,2,38,0.0095
2025-08-24,1,Víkingur R.,Vestri,4,3,27,0.00675
2025-08-24,1,Víkingur R.,Vestri,4,4,15,0.00375
2025-08-24,1,Víkingur R.,Vestri,4,5,5,0.00125
2025-08-24,1,Víkingur R.,Vestri,4,6,5,0.00125
2025-08-24,1,Víkingur R.,Vestri,4,7,1,2.5e-4
2025-08-24,1,Víkingur R.,Vestri,5,0,8,0.002
2025-08-24,1,Víkingur R.,Vestri,5,1,13,0.00325
2025-08-24,1,Víkingur R.,Vestri,5,2,7,0.00175
2025-08-24,1,Víkingur R.,Vestri,5,3,13,0.00325
2025-08-24,1,Víkingur R.,Vestri,5,4,5,0.00125
2025-08-24,1,Víkingur R.,Vestri,5,5,1,2.5e-4
2025-08-24,1,Víkingur R.,Vestri,6,0,3,7.5e-4
2025-08-24,1,Víkingur R.,Vestri,6,1,3,7.5e-4
2025-08-24,1,Víkingur R.,Vestri,6,2,5,0.00125
2025-08-24,1,Víkingur R.,Vestri,6,3,1,2.5e-4
2025-08-24,1,Víkingur R.,Vestri,6,5,2,5e-4
2025-08-24,1,Víkingur R.,Vestri,7,1,1,2.5e-4
2025-08-24,1,Víkingur R.,Vestri,7,2,1,2.5e-4
2025-08-24,1,Víkingur R.,Vestri,8,1,1,2.5e-4
2025-08-24,1,Víkingur R.,Vestri,9,0,1,2.5e-4
2025-08-24,1,ÍA,Breiðablik,0,0,99,0.02475
2025-08-24,1,ÍA,Breiðablik,0,1,122,0.0305
2025-08-24,1,ÍA,Breiðablik,0,2,106,0.0265
2025-08-24,1,ÍA,Breiðablik,0,3,59,0.01475
2025-08-24,1,ÍA,Breiðablik,0,4,30,0.0075
2025-08-24,1,ÍA,Breiðablik,0,5,11,0.00275
2025-08-24,1,ÍA,Breiðablik,0,6,3,7.5e-4
2025-08-24,1,ÍA,Breiðablik,0,7,3,7.5e-4
2025-08-24,1,ÍA,Breiðablik,1,0,173,0.04325
2025-08-24,1,ÍA,Breiðablik,1,1,292,0.073
2025-08-24,1,ÍA,Breiðablik,1,2,207,0.05175
2025-08-24,1,ÍA,Breiðablik,1,3,119,0.02975
2025-08-24,1,ÍA,Breiðablik,1,4,51,0.01275
2025-08-24,1,ÍA,Breiðablik,1,5,25,0.00625
2025-08-24,1,ÍA,Breiðablik,1,6,6,0.0015
2025-08-24,1,ÍA,Breiðablik,1,7,1,2.5e-4
2025-08-24,1,ÍA,Breiðablik,1,8,1,2.5e-4
2025-08-24,1,ÍA,Breiðablik,2,0,170,0.0425
2025-08-24,1,ÍA,Breiðablik,2,1,294,0.0735
2025-08-24,1,ÍA,Breiðablik,2,2,257,0.06425
2025-08-24,1,ÍA,Breiðablik,2,3,175,0.04375
2025-08-24,1,ÍA,Breiðablik,2,4,72,0.018
2025-08-24,1,ÍA,Breiðablik,2,5,28,0.007
2025-08-24,1,ÍA,Breiðablik,2,6,9,0.00225
2025-08-24,1,ÍA,Breiðablik,2,7,2,5e-4
2025-08-24,1,ÍA,Breiðablik,3,0,139,0.03475
2025-08-24,1,ÍA,Breiðablik,3,1,241,0.06025
2025-08-24,1,ÍA,Breiðablik,3,2,180,0.045
2025-08-24,1,ÍA,Breiðablik,3,3,128,0.032
2025-08-24,1,ÍA,Breiðablik,3,4,67,0.01675
2025-08-24,1,ÍA,Breiðablik,3,5,24,0.006
2025-08-24,1,ÍA,Breiðablik,3,6,7,0.00175
2025-08-24,1,ÍA,Breiðablik,3,7,1,2.5e-4
2025-08-24,1,ÍA,Breiðablik,3,8,2,5e-4
2025-08-24,1,ÍA,Breiðablik,4,0,79,0.01975
2025-08-24,1,ÍA,Breiðablik,4,1,144,0.036
2025-08-24,1,ÍA,Breiðablik,4,2,131,0.03275
2025-08-24,1,ÍA,Breiðablik,4,3,71,0.01775
2025-08-24,1,ÍA,Breiðablik,4,4,37,0.00925
2025-08-24,1,ÍA,Breiðablik,4,5,9,0.00225
2025-08-24,1,ÍA,Breiðablik,4,6,5,0.00125
2025-08-24,1,ÍA,Breiðablik,4,7,3,7.5e-4
2025-08-24,1,ÍA,Breiðablik,4,9,1,2.5e-4
2025-08-24,1,ÍA,Breiðablik,5,0,51,0.01275
2025-08-24,1,ÍA,Breiðablik,5,1,53,0.01325
2025-08-24,1,ÍA,Breiðablik,5,2,55,0.01375
2025-08-24,1,ÍA,Breiðablik,5,3,36,0.009
2025-08-24,1,ÍA,Breiðablik,5,4,29,0.00725
2025-08-24,1,ÍA,Breiðablik,5,5,13,0.00325
2025-08-24,1,ÍA,Breiðablik,5,6,4,0.001
2025-08-24,1,ÍA,Breiðablik,5,7,1,2.5e-4
2025-08-24,1,ÍA,Breiðablik,6,0,19,0.00475
2025-08-24,1,ÍA,Breiðablik,6,1,34,0.0085
2025-08-24,1,ÍA,Breiðablik,6,2,32,0.008
2025-08-24,1,ÍA,Breiðablik,6,3,14,0.0035
2025-08-24,1,ÍA,Breiðablik,6,4,11,0.00275
2025-08-24,1,ÍA,Breiðablik,6,5,6,0.0015
2025-08-24,1,ÍA,Breiðablik,6,8,1,2.5e-4
2025-08-24,1,ÍA,Breiðablik,7,0,9,0.00225
2025-08-24,1,ÍA,Breiðablik,7,1,13,0.00325
2025-08-24,1,ÍA,Breiðablik,7,2,6,0.0015
2025-08-24,1,ÍA,Breiðablik,7,3,4,0.001
2025-08-24,1,ÍA,Breiðablik,7,4,2,5e-4
2025-08-24,1,ÍA,Breiðablik,7,6,1,2.5e-4
2025-08-24,1,ÍA,Breiðablik,8,0,1,2.5e-4
2025-08-24,1,ÍA,Breiðablik,8,1,1,2.5e-4
2025-08-24,1,ÍA,Breiðablik,8,2,4,0.001
2025-08-24,1,ÍA,Breiðablik,8,3,4,0.001
2025-08-24,1,ÍA,Breiðablik,8,5,2,5e-4
2025-08-24,1,ÍA,Breiðablik,8,9,1,2.5e-4
2025-08-24,1,ÍA,Breiðablik,9,0,1,2.5e-4
2025-08-24,1,ÍA,Breiðablik,9,1,5,0.00125
2025-08-24,1,ÍA,Breiðablik,9,2,1,2.5e-4
2025-08-24,1,ÍA,Breiðablik,10,2,1,2.5e-4
2025-08-24,1,ÍA,Breiðablik,12,1,1,2.5e-4
2025-08-25,1,KR,Stjarnan,0,0,234,0.0585
2025-08-25,1,KR,Stjarnan,0,1,257,0.06425
2025-08-25,1,KR,Stjarnan,0,2,148,0.037
2025-08-25,1,KR,Stjarnan,0,3,66,0.0165
2025-08-25,1,KR,Stjarnan,0,4,19,0.00475
2025-08-25,1,KR,Stjarnan,0,5,4,0.001
2025-08-25,1,KR,Stjarnan,0,7,1,2.5e-4
2025-08-25,1,KR,Stjarnan,1,0,357,0.08925
2025-08-25,1,KR,Stjarnan,1,1,452,0.113
2025-08-25,1,KR,Stjarnan,1,2,243,0.06075
2025-08-25,1,KR,Stjarnan,1,3,119,0.02975
2025-08-25,1,KR,Stjarnan,1,4,38,0.0095
2025-08-25,1,KR,Stjarnan,1,5,6,0.0015
2025-08-25,1,KR,Stjarnan,2,0,325,0.08125
2025-08-25,1,KR,Stjarnan,2,1,342,0.0855
2025-08-25,1,KR,Stjarnan,2,2,216,0.054
2025-08-25,1,KR,Stjarnan,2,3,79,0.01975
2025-08-25,1,KR,Stjarnan,2,4,20,0.005
2025-08-25,1,KR,Stjarnan,2,5,8,0.002
2025-08-25,1,KR,Stjarnan,2,6,2,5e-4
2025-08-25,1,KR,Stjarnan,2,7,2,5e-4
2025-08-25,1,KR,Stjarnan,3,0,174,0.0435
2025-08-25,1,KR,Stjarnan,3,1,212,0.053
2025-08-25,1,KR,Stjarnan,3,2,141,0.03525
2025-08-25,1,KR,Stjarnan,3,3,51,0.01275
2025-08-25,1,KR,Stjarnan,3,4,14,0.0035
2025-08-25,1,KR,Stjarnan,3,5,3,7.5e-4
2025-08-25,1,KR,Stjarnan,3,6,2,5e-4
2025-08-25,1,KR,Stjarnan,3,7,2,5e-4
2025-08-25,1,KR,Stjarnan,4,0,79,0.01975
2025-08-25,1,KR,Stjarnan,4,1,101,0.02525
2025-08-25,1,KR,Stjarnan,4,2,77,0.01925
2025-08-25,1,KR,Stjarnan,4,3,19,0.00475
2025-08-25,1,KR,Stjarnan,4,4,13,0.00325
2025-08-25,1,KR,Stjarnan,4,5,1,2.5e-4
2025-08-25,1,KR,Stjarnan,5,0,35,0.00875
2025-08-25,1,KR,Stjarnan,5,1,37,0.00925
2025-08-25,1,KR,Stjarnan,5,2,26,0.0065
2025-08-25,1,KR,Stjarnan,5,3,10,0.0025
2025-08-25,1,KR,Stjarnan,5,4,1,2.5e-4
2025-08-25,1,KR,Stjarnan,5,5,1,2.5e-4
2025-08-25,1,KR,Stjarnan,5,6,1,2.5e-4
2025-08-25,1,KR,Stjarnan,6,0,9,0.00225
2025-08-25,1,KR,Stjarnan,6,1,20,0.005
2025-08-25,1,KR,Stjarnan,6,2,11,0.00275
2025-08-25,1,KR,Stjarnan,6,3,5,0.00125
2025-08-25,1,KR,Stjarnan,7,0,3,7.5e-4
2025-08-25,1,KR,Stjarnan,7,1,6,0.0015
2025-08-25,1,KR,Stjarnan,7,2,2,5e-4
2025-08-25,1,KR,Stjarnan,7,3,3,7.5e-4
2025-08-25,1,KR,Stjarnan,7,5,1,2.5e-4
2025-08-25,1,KR,Stjarnan,8,1,1,2.5e-4
2025-08-25,1,KR,Stjarnan,10,1,1,2.5e-4
2025-08-25,1,Valur,Afturelding,0,0,218,0.0545
2025-08-25,1,Valur,Afturelding,0,1,294,0.0735
2025-08-25,1,Valur,Afturelding,0,2,213,0.05325
2025-08-25,1,Valur,Afturelding,0,3,114,0.0285
2025-08-25,1,Valur,Afturelding,0,4,39,0.00975
2025-08-25,1,Valur,Afturelding,0,5,21,0.00525
2025-08-25,1,Valur,Afturelding,0,6,5,0.00125
2025-08-25,1,Valur,Afturelding,0,7,1,2.5e-4
2025-08-25,1,Valur,Afturelding,0,8,1,2.5e-4
2025-08-25,1,Valur,Afturelding,1,0,299,0.07475
2025-08-25,1,Valur,Afturelding,1,1,402,0.1005
2025-08-25,1,Valur,Afturelding,1,2,329,0.08225
2025-08-25,1,Valur,Afturelding,1,3,178,0.0445
2025-08-25,1,Valur,Afturelding,1,4,68,0.017
2025-08-25,1,Valur,Afturelding,1,5,23,0.00575
2025-08-25,1,Valur,Afturelding,1,6,13,0.00325
2025-08-25,1,Valur,Afturelding,1,7,2,5e-4
2025-08-25,1,Valur,Afturelding,2,0,211,0.05275
2025-08-25,1,Valur,Afturelding,2,1,276,0.069
2025-08-25,1,Valur,Afturelding,2,2,239,0.05975
2025-08-25,1,Valur,Afturelding,2,3,133,0.03325
2025-08-25,1,Valur,Afturelding,2,4,68,0.017
2025-08-25,1,Valur,Afturelding,2,5,20,0.005
2025-08-25,1,Valur,Afturelding,2,6,6,0.0015
2025-08-25,1,Valur,Afturelding,2,7,6,0.0015
2025-08-25,1,Valur,Afturelding,3,0,113,0.02825
2025-08-25,1,Valur,Afturelding,3,1,148,0.037
2025-08-25,1,Valur,Afturelding,3,2,135,0.03375
2025-08-25,1,Valur,Afturelding,3,3,81,0.02025
2025-08-25,1,Valur,Afturelding,3,4,31,0.00775
2025-08-25,1,Valur,Afturelding,3,5,18,0.0045
2025-08-25,1,Valur,Afturelding,3,6,3,7.5e-4
2025-08-25,1,Valur,Afturelding,3,7,3,7.5e-4
2025-08-25,1,Valur,Afturelding,3,8,1,2.5e-4
2025-08-25,1,Valur,Afturelding,4,0,43,0.01075
2025-08-25,1,Valur,Afturelding,4,1,48,0.012
2025-08-25,1,Valur,Afturelding,4,2,45,0.01125
2025-08-25,1,Valur,Afturelding,4,3,33,0.00825
2025-08-25,1,Valur,Afturelding,4,4,18,0.0045
2025-08-25,1,Valur,Afturelding,4,5,6,0.0015
2025-08-25,1,Valur,Afturelding,4,6,1,2.5e-4
2025-08-25,1,Valur,Afturelding,5,0,17,0.00425
2025-08-25,1,Valur,Afturelding,5,1,19,0.00475
2025-08-25,1,Valur,Afturelding,5,2,15,0.00375
2025-08-25,1,Valur,Afturelding,5,3,9,0.00225
2025-08-25,1,Valur,Afturelding,5,4,2,5e-4
2025-08-25,1,Valur,Afturelding,5,5,3,7.5e-4
2025-08-25,1,Valur,Afturelding,6,0,2,5e-4
2025-08-25,1,Valur,Afturelding,6,1,5,0.00125
2025-08-25,1,Valur,Afturelding,6,2,6,0.0015
2025-08-25,1,Valur,Afturelding,6,3,5,0.00125
2025-08-25,1,Valur,Afturelding,6,4,1,2.5e-4
2025-08-25,1,Valur,Afturelding,6,7,1,2.5e-4
2025-08-25,1,Valur,Afturelding,7,0,2,5e-4
2025-08-25,1,Valur,Afturelding,7,1,3,7.5e-4
2025-08-25,1,Valur,Afturelding,7,2,2,5e-4
2025-08-25,1,Valur,Afturelding,7,7,1,2.5e-4
2025-08-25,1,Valur,Afturelding,10,3,1,2.5e-4
2025-08-31,1,Afturelding,FH,0,0,224,0.056
2025-08-31,1,Afturelding,FH,0,1,255,0.06375
2025-08-31,1,Afturelding,FH,0,2,153,0.03825
2025-08-31,1,Afturelding,FH,0,3,63,0.01575
2025-08-31,1,Afturelding,FH,0,4,18,0.0045
2025-08-31,1,Afturelding,FH,0,5,6,0.0015
2025-08-31,1,Afturelding,FH,0,6,2,5e-4
2025-08-31,1,Afturelding,FH,1,0,348,0.087
2025-08-31,1,Afturelding,FH,1,1,425,0.10625
2025-08-31,1,Afturelding,FH,1,2,229,0.05725
2025-08-31,1,Afturelding,FH,1,3,123,0.03075
2025-08-31,1,Afturelding,FH,1,4,46,0.0115
2025-08-31,1,Afturelding,FH,1,5,10,0.0025
2025-08-31,1,Afturelding,FH,1,6,3,7.5e-4
2025-08-31,1,Afturelding,FH,2,0,248,0.062
2025-08-31,1,Afturelding,FH,2,1,359,0.08975
2025-08-31,1,Afturelding,FH,2,2,227,0.05675
2025-08-31,1,Afturelding,FH,2,3,107,0.02675
2025-08-31,1,Afturelding,FH,2,4,39,0.00975
2025-08-31,1,Afturelding,FH,2,5,6,0.0015
2025-08-31,1,Afturelding,FH,2,6,2,5e-4
2025-08-31,1,Afturelding,FH,2,8,1,2.5e-4
2025-08-31,1,Afturelding,FH,3,0,178,0.0445
2025-08-31,1,Afturelding,FH,3,1,211,0.05275
2025-08-31,1,Afturelding,FH,3,2,126,0.0315
2025-08-31,1,Afturelding,FH,3,3,81,0.02025
2025-08-31,1,Afturelding,FH,3,4,18,0.0045
2025-08-31,1,Afturelding,FH,3,5,7,0.00175
2025-08-31,1,Afturelding,FH,3,6,4,0.001
2025-08-31,1,Afturelding,FH,4,0,97,0.02425
2025-08-31,1,Afturelding,FH,4,1,104,0.026
2025-08-31,1,Afturelding,FH,4,2,77,0.01925
2025-08-31,1,Afturelding,FH,4,3,41,0.01025
2025-08-31,1,Afturelding,FH,4,4,8,0.002
2025-08-31,1,Afturelding,FH,4,5,2,5e-4
2025-08-31,1,Afturelding,FH,4,6,2,5e-4
2025-08-31,1,Afturelding,FH,4,7,1,2.5e-4
2025-08-31,1,Afturelding,FH,5,0,17,0.00425
2025-08-31,1,Afturelding,FH,5,1,44,0.011
2025-08-31,1,Afturelding,FH,5,2,25,0.00625
2025-08-31,1,Afturelding,FH,5,3,11,0.00275
2025-08-31,1,Afturelding,FH,5,4,5,0.00125
2025-08-31,1,Afturelding,FH,5,5,6,0.0015
2025-08-31,1,Afturelding,FH,5,6,1,2.5e-4
2025-08-31,1,Afturelding,FH,6,0,11,0.00275
2025-08-31,1,Afturelding,FH,6,1,9,0.00225
2025-08-31,1,Afturelding,FH,6,2,8,0.002
2025-08-31,1,Afturelding,FH,6,3,1,2.5e-4
2025-08-31,1,Afturelding,FH,6,4,3,7.5e-4
2025-08-31,1,Afturelding,FH,7,1,3,7.5e-4
2025-08-31,1,Afturelding,FH,7,3,2,5e-4
2025-08-31,1,Afturelding,FH,8,2,1,2.5e-4
2025-08-31,1,Afturelding,FH,9,0,1,2.5e-4
2025-08-31,1,Afturelding,FH,9,1,1,2.5e-4
2025-08-31,1,Fram,Valur,0,0,108,0.027
2025-08-31,1,Fram,Valur,0,1,104,0.026
2025-08-31,1,Fram,Valur,0,2,49,0.01225
2025-08-31,1,Fram,Valur,0,3,23,0.00575
2025-08-31,1,Fram,Valur,0,4,5,0.00125
2025-08-31,1,Fram,Valur,1,0,220,0.055
2025-08-31,1,Fram,Valur,1,1,288,0.072
2025-08-31,1,Fram,Valur,1,2,138,0.0345
2025-08-31,1,Fram,Valur,1,3,66,0.0165
2025-08-31,1,Fram,Valur,1,4,21,0.00525
2025-08-31,1,Fram,Valur,1,5,2,5e-4
2025-08-31,1,Fram,Valur,1,6,1,2.5e-4
2025-08-31,1,Fram,Valur,2,0,257,0.06425
2025-08-31,1,Fram,Valur,2,1,336,0.084
2025-08-31,1,Fram,Valur,2,2,197,0.04925
2025-08-31,1,Fram,Valur,2,3,75,0.01875
2025-08-31,1,Fram,Valur,2,4,28,0.007
2025-08-31,1,Fram,Valur,2,5,8,0.002
2025-08-31,1,Fram,Valur,2,6,1,2.5e-4
2025-08-31,1,Fram,Valur,2,8,1,2.5e-4
2025-08-31,1,Fram,Valur,3,0,272,0.068
2025-08-31,1,Fram,Valur,3,1,290,0.0725
2025-08-31,1,Fram,Valur,3,2,156,0.039
2025-08-31,1,Fram,Valur,3,3,98,0.0245
2025-08-31,1,Fram,Valur,3,4,20,0.005
2025-08-31,1,Fram,Valur,3,5,4,0.001
2025-08-31,1,Fram,Valur,3,6,1,2.5e-4
2025-08-31,1,Fram,Valur,4,0,198,0.0495
2025-08-31,1,Fram,Valur,4,1,210,0.0525
2025-08-31,1,Fram,Valur,4,2,121,0.03025
2025-08-31,1,Fram,Valur,4,3,54,0.0135
2025-08-31,1,Fram,Valur,4,4,20,0.005
2025-08-31,1,Fram,Valur,4,5,3,7.5e-4
2025-08-31,1,Fram,Valur,5,0,106,0.0265
2025-08-31,1,Fram,Valur,5,1,114,0.0285
2025-08-31,1,Fram,Valur,5,2,76,0.019
2025-08-31,1,Fram,Valur,5,3,31,0.00775
2025-08-31,1,Fram,Valur,5,4,11,0.00275
2025-08-31,1,Fram,Valur,5,5,4,0.001
2025-08-31,1,Fram,Valur,6,0,52,0.013
2025-08-31,1,Fram,Valur,6,1,68,0.017
2025-08-31,1,Fram,Valur,6,2,31,0.00775
2025-08-31,1,Fram,Valur,6,3,13,0.00325
2025-08-31,1,Fram,Valur,6,4,1,2.5e-4
2025-08-31,1,Fram,Valur,7,0,15,0.00375
2025-08-31,1,Fram,Valur,7,1,23,0.00575
2025-08-31,1,Fram,Valur,7,2,18,0.0045
2025-08-31,1,Fram,Valur,7,3,6,0.0015
2025-08-31,1,Fram,Valur,7,4,1,2.5e-4
2025-08-31,1,Fram,Valur,8,0,13,0.00325
2025-08-31,1,Fram,Valur,8,1,9,0.00225
2025-08-31,1,Fram,Valur,8,2,6,0.0015
2025-08-31,1,Fram,Valur,8,3,1,2.5e-4
2025-08-31,1,Fram,Valur,9,0,3,7.5e-4
2025-08-31,1,Fram,Valur,9,1,5,0.00125
2025-08-31,1,Fram,Valur,9,2,2,5e-4
2025-08-31,1,Fram,Valur,9,3,2,5e-4
2025-08-31,1,Fram,Valur,9,4,1,2.5e-4
2025-08-31,1,Fram,Valur,10,0,4,0.001
2025-08-31,1,Fram,Valur,10,1,2,5e-4
2025-08-31,1,Fram,Valur,10,2,1,2.5e-4
2025-08-31,1,Fram,Valur,10,3,2,5e-4
2025-08-31,1,Fram,Valur,11,1,1,2.5e-4
2025-08-31,1,Fram,Valur,11,2,1,2.5e-4
2025-08-31,1,Fram,Valur,11,4,1,2.5e-4
2025-08-31,1,Fram,Valur,14,1,1,2.5e-4
2025-08-31,1,Stjarnan,KA,0,0,117,0.02925
2025-08-31,1,Stjarnan,KA,0,1,233,0.05825
2025-08-31,1,Stjarnan,KA,0,2,212,0.053
2025-08-31,1,Stjarnan,KA,0,3,167,0.04175
2025-08-31,1,Stjarnan,KA,0,4,93,0.02325
2025-08-31,1,Stjarnan,KA,0,5,49,0.01225
2025-08-31,1,Stjarnan,KA,0,6,25,0.00625
2025-08-31,1,Stjarnan,KA,0,7,3,7.5e-4
2025-08-31,1,Stjarnan,KA,0,8,2,5e-4
2025-08-31,1,Stjarnan,KA,1,0,141,0.03525
2025-08-31,1,Stjarnan,KA,1,1,318,0.0795
2025-08-31,1,Stjarnan,KA,1,2,315,0.07875
2025-08-31,1,Stjarnan,KA,1,3,223,0.05575
2025-08-31,1,Stjarnan,KA,1,4,158,0.0395
2025-08-31,1,Stjarnan,KA,1,5,55,0.01375
2025-08-31,1,Stjarnan,KA,1,6,28,0.007
2025-08-31,1,Stjarnan,KA,1,7,11,0.00275
2025-08-31,1,Stjarnan,KA,1,8,5,0.00125
2025-08-31,1,Stjarnan,KA,2,0,100,0.025
2025-08-31,1,Stjarnan,KA,2,1,248,0.062
2025-08-31,1,Stjarnan,KA,2,2,235,0.05875
2025-08-31,1,Stjarnan,KA,2,3,209,0.05225
2025-08-31,1,Stjarnan,KA,2,4,108,0.027
2025-08-31,1,Stjarnan,KA,2,5,49,0.01225
2025-08-31,1,Stjarnan,KA,2,6,15,0.00375
2025-08-31,1,Stjarnan,KA,2,7,5,0.00125
2025-08-31,1,Stjarnan,KA,2,8,3,7.5e-4
2025-08-31,1,Stjarnan,KA,3,0,64,0.016
2025-08-31,1,Stjarnan,KA,3,1,150,0.0375
2025-08-31,1,Stjarnan,KA,3,2,128,0.032
2025-08-31,1,Stjarnan,KA,3,3,91,0.02275
2025-08-31,1,Stjarnan,KA,3,4,52,0.013
2025-08-31,1,Stjarnan,KA,3,5,29,0.00725
2025-08-31,1,Stjarnan,KA,3,6,9,0.00225
2025-08-31,1,Stjarnan,KA,3,7,3,7.5e-4
2025-08-31,1,Stjarnan,KA,3,8,2,5e-4
2025-08-31,1,Stjarnan,KA,3,9,1,2.5e-4
2025-08-31,1,Stjarnan,KA,3,10,1,2.5e-4
2025-08-31,1,Stjarnan,KA,4,0,31,0.00775
2025-08-31,1,Stjarnan,KA,4,1,42,0.0105
2025-08-31,1,Stjarnan,KA,4,2,60,0.015
2025-08-31,1,Stjarnan,KA,4,3,52,0.013
2025-08-31,1,Stjarnan,KA,4,4,28,0.007
2025-08-31,1,Stjarnan,KA,4,5,16,0.004
2025-08-31,1,Stjarnan,KA,4,6,2,5e-4
2025-08-31,1,Stjarnan,KA,4,7,2,5e-4
2025-08-31,1,Stjarnan,KA,5,0,6,0.0015
2025-08-31,1,Stjarnan,KA,5,1,12,0.003
2025-08-31,1,Stjarnan,KA,5,2,21,0.00525
2025-08-31,1,Stjarnan,KA,5,3,18,0.0045
2025-08-31,1,Stjarnan,KA,5,4,9,0.00225
2025-08-31,1,Stjarnan,KA,5,5,8,0.002
2025-08-31,1,Stjarnan,KA,5,6,2,5e-4
2025-08-31,1,Stjarnan,KA,5,8,1,2.5e-4
2025-08-31,1,Stjarnan,KA,6,0,2,5e-4
2025-08-31,1,Stjarnan,KA,6,1,6,0.0015
2025-08-31,1,Stjarnan,KA,6,2,2,5e-4
2025-08-31,1,Stjarnan,KA,6,3,6,0.0015
2025-08-31,1,Stjarnan,KA,6,4,4,0.001
2025-08-31,1,Stjarnan,KA,6,5,1,2.5e-4
2025-08-31,1,Stjarnan,KA,6,6,1,2.5e-4
2025-08-31,1,Stjarnan,KA,7,3,5,0.00125
2025-08-31,1,Stjarnan,KA,7,4,2,5e-4
2025-08-31,1,Stjarnan,KA,8,1,1,2.5e-4
2025-08-31,1,Stjarnan,KA,8,5,1,2.5e-4
2025-08-31,1,Stjarnan,KA,9,1,1,2.5e-4
2025-08-31,1,Stjarnan,KA,10,0,1,2.5e-4
2025-08-31,1,Vestri,KR,0,0,183,0.04575
2025-08-31,1,Vestri,KR,0,1,153,0.03825
2025-08-31,1,Vestri,KR,0,2,117,0.02925
2025-08-31,1,Vestri,KR,0,3,43,0.01075
2025-08-31,1,Vestri,KR,0,4,16,0.004
2025-08-31,1,Vestri,KR,0,5,4,0.001
2025-08-31,1,Vestri,KR,1,0,324,0.081
2025-08-31,1,Vestri,KR,1,1,377,0.09425
2025-08-31,1,Vestri,KR,1,2,209,0.05225
2025-08-31,1,Vestri,KR,1,3,99,0.02475
2025-08-31,1,Vestri,KR,1,4,23,0.00575
2025-08-31,1,Vestri,KR,1,5,12,0.003
2025-08-31,1,Vestri,KR,1,6,1,2.5e-4
2025-08-31,1,Vestri,KR,2,0,304,0.076
2025-08-31,1,Vestri,KR,2,1,353,0.08825
2025-08-31,1,Vestri,KR,2,2,198,0.0495
2025-08-31,1,Vestri,KR,2,3,84,0.021
2025-08-31,1,Vestri,KR,2,4,39,0.00975
2025-08-31,1,Vestri,KR,2,5,6,0.0015
2025-08-31,1,Vestri,KR,2,6,1,2.5e-4
2025-08-31,1,Vestri,KR,3,0,262,0.0655
2025-08-31,1,Vestri,KR,3,1,249,0.06225
2025-08-31,1,Vestri,KR,3,2,166,0.0415
2025-08-31,1,Vestri,KR,3,3,57,0.01425
2025-08-31,1,Vestri,KR,3,4,18,0.0045
2025-08-31,1,Vestri,KR,3,5,9,0.00225
2025-08-31,1,Vestri,KR,3,6,3,7.5e-4
2025-08-31,1,Vestri,KR,4,0,120,0.03
2025-08-31,1,Vestri,KR,4,1,135,0.03375
2025-08-31,1,Vestri,KR,4,2,81,0.02025
2025-08-31,1,Vestri,KR,4,3,35,0.00875
2025-08-31,1,Vestri,KR,4,4,24,0.006
2025-08-31,1,Vestri,KR,4,5,3,7.5e-4
2025-08-31,1,Vestri,KR,5,0,65,0.01625
2025-08-31,1,Vestri,KR,5,1,55,0.01375
2025-08-31,1,Vestri,KR,5,2,40,0.01
2025-08-31,1,Vestri,KR,5,3,15,0.00375
2025-08-31,1,Vestri,KR,5,4,3,7.5e-4
2025-08-31,1,Vestri,KR,5,5,5,0.00125
2025-08-31,1,Vestri,KR,5,6,1,2.5e-4
2025-08-31,1,Vestri,KR,6,0,17,0.00425
2025-08-31,1,Vestri,KR,6,1,30,0.0075
2025-08-31,1,Vestri,KR,6,2,16,0.004
2025-08-31,1,Vestri,KR,6,3,9,0.00225
2025-08-31,1,Vestri,KR,6,4,2,5e-4
2025-08-31,1,Vestri,KR,7,0,10,0.0025
2025-08-31,1,Vestri,KR,7,1,10,0.0025
2025-08-31,1,Vestri,KR,7,2,3,7.5e-4
2025-08-31,1,Vestri,KR,7,3,2,5e-4
2025-08-31,1,Vestri,KR,8,0,3,7.5e-4
2025-08-31,1,Vestri,KR,8,1,2,5e-4
2025-08-31,1,Vestri,KR,8,2,1,2.5e-4
2025-08-31,1,Vestri,KR,9,2,1,2.5e-4
2025-08-31,1,Vestri,KR,10,0,1,2.5e-4
2025-08-31,1,Vestri,KR,10,3,1,2.5e-4
2025-08-31,1,Víkingur R.,Breiðablik,0,0,477,0.11925
2025-08-31,1,Víkingur R.,Breiðablik,0,1,506,0.1265
2025-08-31,1,Víkingur R.,Breiðablik,0,2,227,0.05675
2025-08-31,1,Víkingur R.,Breiðablik,0,3,74,0.0185
2025-08-31,1,Víkingur R.,Breiðablik,0,4,12,0.003
2025-08-31,1,Víkingur R.,Breiðablik,0,5,4,0.001
2025-08-31,1,Víkingur R.,Breiðablik,0,7,1,2.5e-4
2025-08-31,1,Víkingur R.,Breiðablik,1,0,518,0.1295
2025-08-31,1,Víkingur R.,Breiðablik,1,1,517,0.12925
2025-08-31,1,Víkingur R.,Breiðablik,1,2,236,0.059
2025-08-31,1,Víkingur R.,Breiðablik,1,3,76,0.019
2025-08-31,1,Víkingur R.,Breiðablik,1,4,27,0.00675
2025-08-31,1,Víkingur R.,Breiðablik,1,5,3,7.5e-4
2025-08-31,1,Víkingur R.,Breiðablik,1,6,1,2.5e-4
2025-08-31,1,Víkingur R.,Breiðablik,2,0,291,0.07275
2025-08-31,1,Víkingur R.,Breiðablik,2,1,309,0.07725
2025-08-31,1,Víkingur R.,Breiðablik,2,2,164,0.041
2025-08-31,1,Víkingur R.,Breiðablik,2,3,29,0.00725
2025-08-31,1,Víkingur R.,Breiðablik,2,4,16,0.004
2025-08-31,1,Víkingur R.,Breiðablik,2,5,4,0.001
2025-08-31,1,Víkingur R.,Breiðablik,2,6,1,2.5e-4
2025-08-31,1,Víkingur R.,Breiðablik,3,0,121,0.03025
2025-08-31,1,Víkingur R.,Breiðablik,3,1,132,0.033
2025-08-31,1,Víkingur R.,Breiðablik,3,2,62,0.0155
2025-08-31,1,Víkingur R.,Breiðablik,3,3,25,0.00625
2025-08-31,1,Víkingur R.,Breiðablik,3,4,8,0.002
2025-08-31,1,Víkingur R.,Breiðablik,3,5,2,5e-4
2025-08-31,1,Víkingur R.,Breiðablik,4,0,52,0.013
2025-08-31,1,Víkingur R.,Breiðablik,4,1,37,0.00925
2025-08-31,1,Víkingur R.,Breiðablik,4,2,15,0.00375
2025-08-31,1,Víkingur R.,Breiðablik,4,3,9,0.00225
2025-08-31,1,Víkingur R.,Breiðablik,4,4,3,7.5e-4
2025-08-31,1,Víkingur R.,Breiðablik,4,5,1,2.5e-4
2025-08-31,1,Víkingur R.,Breiðablik,5,0,8,0.002
2025-08-31,1,Víkingur R.,Breiðablik,5,1,13,0.00325
2025-08-31,1,Víkingur R.,Breiðablik,5,2,5,0.00125
2025-08-31,1,Víkingur R.,Breiðablik,5,3,3,7.5e-4
2025-08-31,1,Víkingur R.,Breiðablik,5,5,1,2.5e-4
2025-08-31,1,Víkingur R.,Breiðablik,6,0,6,0.0015
2025-08-31,1,Víkingur R.,Breiðablik,6,1,2,5e-4
2025-08-31,1,Víkingur R.,Breiðablik,6,2,1,2.5e-4
2025-08-31,1,Víkingur R.,Breiðablik,8,1,1,2.5e-4
2025-08-31,1,ÍBV,ÍA,0,0,209,0.05225
2025-08-31,1,ÍBV,ÍA,0,1,281,0.07025
2025-08-31,1,ÍBV,ÍA,0,2,216,0.054
2025-08-31,1,ÍBV,ÍA,0,3,89,0.02225
2025-08-31,1,ÍBV,ÍA,0,4,45,0.01125
2025-08-31,1,ÍBV,ÍA,0,5,11,0.00275
2025-08-31,1,ÍBV,ÍA,0,6,7,0.00175
2025-08-31,1,ÍBV,ÍA,0,9,1,2.5e-4
2025-08-31,1,ÍBV,ÍA,1,0,262,0.0655
2025-08-31,1,ÍBV,ÍA,1,1,407,0.10175
2025-08-31,1,ÍBV,ÍA,1,2,313,0.07825
2025-08-31,1,ÍBV,ÍA,1,3,174,0.0435
2025-08-31,1,ÍBV,ÍA,1,4,72,0.018
2025-08-31,1,ÍBV,ÍA,1,5,19,0.00475
2025-08-31,1,ÍBV,ÍA,1,6,7,0.00175
2025-08-31,1,ÍBV,ÍA,1,7,3,7.5e-4
2025-08-31,1,ÍBV,ÍA,2,0,220,0.055
2025-08-31,1,ÍBV,ÍA,2,1,311,0.07775
2025-08-31,1,ÍBV,ÍA,2,2,257,0.06425
2025-08-31,1,ÍBV,ÍA,2,3,129,0.03225
2025-08-31,1,ÍBV,ÍA,2,4,59,0.01475
2025-08-31,1,ÍBV,ÍA,2,5,12,0.003
2025-08-31,1,ÍBV,ÍA,2,6,4,0.001
2025-08-31,1,ÍBV,ÍA,2,7,1,2.5e-4
2025-08-31,1,ÍBV,ÍA,2,8,1,2.5e-4
2025-08-31,1,ÍBV,ÍA,3,0,122,0.0305
2025-08-31,1,ÍBV,ÍA,3,1,159,0.03975
2025-08-31,1,ÍBV,ÍA,3,2,121,0.03025
2025-08-31,1,ÍBV,ÍA,3,3,76,0.019
2025-08-31,1,ÍBV,ÍA,3,4,30,0.0075
2025-08-31,1,ÍBV,ÍA,3,5,12,0.003
2025-08-31,1,ÍBV,ÍA,3,6,4,0.001
2025-08-31,1,ÍBV,ÍA,4,0,54,0.0135
2025-08-31,1,ÍBV,ÍA,4,1,63,0.01575
2025-08-31,1,ÍBV,ÍA,4,2,58,0.0145
2025-08-31,1,ÍBV,ÍA,4,3,34,0.0085
2025-08-31,1,ÍBV,ÍA,4,4,21,0.00525
2025-08-31,1,ÍBV,ÍA,4,5,7,0.00175
2025-08-31,1,ÍBV,ÍA,4,6,3,7.5e-4
2025-08-31,1,ÍBV,ÍA,4,7,1,2.5e-4
2025-08-31,1,ÍBV,ÍA,5,0,15,0.00375
2025-08-31,1,ÍBV,ÍA,5,1,25,0.00625
2025-08-31,1,ÍBV,ÍA,5,2,24,0.006
2025-08-31,1,ÍBV,ÍA,5,3,11,0.00275
2025-08-31,1,ÍBV,ÍA,5,4,3,7.5e-4
2025-08-31,1,ÍBV,ÍA,5,5,1,2.5e-4
2025-08-31,1,ÍBV,ÍA,5,6,1,2.5e-4
2025-08-31,1,ÍBV,ÍA,6,0,4,0.001
2025-08-31,1,ÍBV,ÍA,6,1,12,0.003
2025-08-31,1,ÍBV,ÍA,6,2,10,0.0025
2025-08-31,1,ÍBV,ÍA,6,3,6,0.0015
2025-08-31,1,ÍBV,ÍA,6,4,2,5e-4
2025-08-31,1,ÍBV,ÍA,6,5,1,2.5e-4
2025-08-31,1,ÍBV,ÍA,7,0,1,2.5e-4
2025-08-31,1,ÍBV,ÍA,7,1,3,7.5e-4
2025-08-31,1,ÍBV,ÍA,7,2,3,7.5e-4
2025-08-31,1,ÍBV,ÍA,7,3,2,5e-4
2025-08-31,1,ÍBV,ÍA,8,2,1,2.5e-4
2025-09-14,1,FH,Fram,0,0,204,0.051
2025-09-14,1,FH,Fram,0,1,137,0.03425
2025-09-14,1,FH,Fram,0,2,65,0.01625
2025-09-14,1,FH,Fram,0,3,23,0.00575
2025-09-14,1,FH,Fram,0,4,4,0.001
2025-09-14,1,FH,Fram,0,5,1,2.5e-4
2025-09-14,1,FH,Fram,1,0,377,0.09425
2025-09-14,1,FH,Fram,1,1,325,0.08125
2025-09-14,1,FH,Fram,1,2,129,0.03225
2025-09-14,1,FH,Fram,1,3,51,0.01275
2025-09-14,1,FH,Fram,1,4,12,0.003
2025-09-14,1,FH,Fram,1,5,1,2.5e-4
2025-09-14,1,FH,Fram,2,0,424,0.106
2025-09-14,1,FH,Fram,2,1,372,0.093
2025-09-14,1,FH,Fram,2,2,178,0.0445
2025-09-14,1,FH,Fram,2,3,41,0.01025
2025-09-14,1,FH,Fram,2,4,16,0.004
2025-09-14,1,FH,Fram,2,5,6,0.0015
2025-09-14,1,FH,Fram,2,6,1,2.5e-4
2025-09-14,1,FH,Fram,3,0,309,0.07725
2025-09-14,1,FH,Fram,3,1,283,0.07075
2025-09-14,1,FH,Fram,3,2,150,0.0375
2025-09-14,1,FH,Fram,3,3,50,0.0125
2025-09-14,1,FH,Fram,3,4,11,0.00275
2025-09-14,1,FH,Fram,3,5,2,5e-4
2025-09-14,1,FH,Fram,4,0,160,0.04
2025-09-14,1,FH,Fram,4,1,155,0.03875
2025-09-14,1,FH,Fram,4,2,75,0.01875
2025-09-14,1,FH,Fram,4,3,23,0.00575
2025-09-14,1,FH,Fram,4,4,11,0.00275
2025-09-14,1,FH,Fram,4,6,1,2.5e-4
2025-09-14,1,FH,Fram,5,0,96,0.024
2025-09-14,1,FH,Fram,5,1,77,0.01925
2025-09-14,1,FH,Fram,5,2,43,0.01075
2025-09-14,1,FH,Fram,5,3,10,0.0025
2025-09-14,1,FH,Fram,5,4,2,5e-4
2025-09-14,1,FH,Fram,5,5,1,2.5e-4
2025-09-14,1,FH,Fram,6,0,42,0.0105
2025-09-14,1,FH,Fram,6,1,36,0.009
2025-09-14,1,FH,Fram,6,2,15,0.00375
2025-09-14,1,FH,Fram,6,3,7,0.00175
2025-09-14,1,FH,Fram,6,4,2,5e-4
2025-09-14,1,FH,Fram,7,0,18,0.0045
2025-09-14,1,FH,Fram,7,1,15,0.00375
2025-09-14,1,FH,Fram,7,2,9,0.00225
2025-09-14,1,FH,Fram,7,3,1,2.5e-4
2025-09-14,1,FH,Fram,7,4,2,5e-4
2025-09-14,1,FH,Fram,8,0,6,0.0015
2025-09-14,1,FH,Fram,8,1,6,0.0015
2025-09-14,1,FH,Fram,8,2,2,5e-4
2025-09-14,1,FH,Fram,8,3,1,2.5e-4
2025-09-14,1,FH,Fram,9,0,3,7.5e-4
2025-09-14,1,FH,Fram,9,1,3,7.5e-4
2025-09-14,1,FH,Fram,9,2,2,5e-4
2025-09-14,1,FH,Fram,9,3,1,2.5e-4
2025-09-14,1,FH,Fram,10,1,2,5e-4
2025-09-14,1,FH,Fram,11,0,1,2.5e-4
2025-09-14,1,KA,Vestri,0,0,220,0.055
2025-09-14,1,KA,Vestri,0,1,255,0.06375
2025-09-14,1,KA,Vestri,0,2,144,0.036
2025-09-14,1,KA,Vestri,0,3,61,0.01525
2025-09-14,1,KA,Vestri,0,4,20,0.005
2025-09-14,1,KA,Vestri,0,5,5,0.00125
2025-09-14,1,KA,Vestri,0,7,2,5e-4
2025-09-14,1,KA,Vestri,1,0,380,0.095
2025-09-14,1,KA,Vestri,1,1,441,0.11025
2025-09-14,1,KA,Vestri,1,2,239,0.05975
2025-09-14,1,KA,Vestri,1,3,110,0.0275
2025-09-14,1,KA,Vestri,1,4,30,0.0075
2025-09-14,1,KA,Vestri,1,5,10,0.0025
2025-09-14,1,KA,Vestri,1,6,3,7.5e-4
2025-09-14,1,KA,Vestri,1,7,1,2.5e-4
2025-09-14,1,KA,Vestri,2,0,278,0.0695
2025-09-14,1,KA,Vestri,2,1,339,0.08475
2025-09-14,1,KA,Vestri,2,2,210,0.0525
2025-09-14,1,KA,Vestri,2,3,94,0.0235
2025-09-14,1,KA,Vestri,2,4,37,0.00925
2025-09-14,1,KA,Vestri,2,5,7,0.00175
2025-09-14,1,KA,Vestri,2,6,3,7.5e-4
2025-09-14,1,KA,Vestri,2,7,2,5e-4
2025-09-14,1,KA,Vestri,3,0,174,0.0435
2025-09-14,1,KA,Vestri,3,1,216,0.054
2025-09-14,1,KA,Vestri,3,2,109,0.02725
2025-09-14,1,KA,Vestri,3,3,68,0.017
2025-09-14,1,KA,Vestri,3,4,22,0.0055
2025-09-14,1,KA,Vestri,3,5,4,0.001
2025-09-14,1,KA,Vestri,3,6,1,2.5e-4
2025-09-14,1,KA,Vestri,3,7,1,2.5e-4
2025-09-14,1,KA,Vestri,4,0,103,0.02575
2025-09-14,1,KA,Vestri,4,1,95,0.02375
2025-09-14,1,KA,Vestri,4,2,72,0.018
2025-09-14,1,KA,Vestri,4,3,27,0.00675
2025-09-14,1,KA,Vestri,4,4,14,0.0035
2025-09-14,1,KA,Vestri,4,5,4,0.001
2025-09-14,1,KA,Vestri,4,6,1,2.5e-4
2025-09-14,1,KA,Vestri,4,7,1,2.5e-4
2025-09-14,1,KA,Vestri,5,0,34,0.0085
2025-09-14,1,KA,Vestri,5,1,50,0.0125
2025-09-14,1,KA,Vestri,5,2,23,0.00575
2025-09-14,1,KA,Vestri,5,3,13,0.00325
2025-09-14,1,KA,Vestri,5,4,4,0.001
2025-09-14,1,KA,Vestri,5,5,1,2.5e-4
2025-09-14,1,KA,Vestri,6,0,12,0.003
2025-09-14,1,KA,Vestri,6,1,16,0.004
2025-09-14,1,KA,Vestri,6,2,17,0.00425
2025-09-14,1,KA,Vestri,6,3,4,0.001
2025-09-14,1,KA,Vestri,6,6,1,2.5e-4
2025-09-14,1,KA,Vestri,7,0,4,0.001
2025-09-14,1,KA,Vestri,7,1,8,0.002
2025-09-14,1,KA,Vestri,7,2,3,7.5e-4
2025-09-14,1,KA,Vestri,7,3,2,5e-4
2025-09-14,1,KA,Vestri,8,1,1,2.5e-4
2025-09-14,1,KA,Vestri,8,2,2,5e-4
2025-09-14,1,KA,Vestri,8,4,1,2.5e-4
2025-09-14,1,KA,Vestri,10,2,1,2.5e-4
2025-09-14,1,Valur,Stjarnan,0,0,152,0.038
2025-09-14,1,Valur,Stjarnan,0,1,200,0.05
2025-09-14,1,Valur,Stjarnan,0,2,131,0.03275
2025-09-14,1,Valur,Stjarnan,0,3,52,0.013
2025-09-14,1,Valur,Stjarnan,0,4,27,0.00675
2025-09-14,1,Valur,Stjarnan,0,5,5,0.00125
2025-09-14,1,Valur,Stjarnan,0,6,2,5e-4
2025-09-14,1,Valur,Stjarnan,1,0,257,0.06425
2025-09-14,1,Valur,Stjarnan,1,1,419,0.10475
2025-09-14,1,Valur,Stjarnan,1,2,234,0.0585
2025-09-14,1,Valur,Stjarnan,1,3,120,0.03
2025-09-14,1,Valur,Stjarnan,1,4,42,0.0105
2025-09-14,1,Valur,Stjarnan,1,5,15,0.00375
2025-09-14,1,Valur,Stjarnan,1,6,7,0.00175
2025-09-14,1,Valur,Stjarnan,1,7,1,2.5e-4
2025-09-14,1,Valur,Stjarnan,2,0,275,0.06875
2025-09-14,1,Valur,Stjarnan,2,1,347,0.08675
2025-09-14,1,Valur,Stjarnan,2,2,232,0.058
2025-09-14,1,Valur,Stjarnan,2,3,125,0.03125
2025-09-14,1,Valur,Stjarnan,2,4,49,0.01225
2025-09-14,1,Valur,Stjarnan,2,5,18,0.0045
2025-09-14,1,Valur,Stjarnan,2,6,9,0.00225
2025-09-14,1,Valur,Stjarnan,3,0,168,0.042
2025-09-14,1,Valur,Stjarnan,3,1,197,0.04925
2025-09-14,1,Valur,Stjarnan,3,2,166,0.0415
2025-09-14,1,Valur,Stjarnan,3,3,86,0.0215
2025-09-14,1,Valur,Stjarnan,3,4,29,0.00725
2025-09-14,1,Valur,Stjarnan,3,5,15,0.00375
2025-09-14,1,Valur,Stjarnan,3,6,6,0.0015
2025-09-14,1,Valur,Stjarnan,3,7,2,5e-4
2025-09-14,1,Valur,Stjarnan,3,8,1,2.5e-4
2025-09-14,1,Valur,Stjarnan,4,0,83,0.02075
2025-09-14,1,Valur,Stjarnan,4,1,124,0.031
2025-09-14,1,Valur,Stjarnan,4,2,89,0.02225
2025-09-14,1,Valur,Stjarnan,4,3,47,0.01175
2025-09-14,1,Valur,Stjarnan,4,4,18,0.0045
2025-09-14,1,Valur,Stjarnan,4,5,8,0.002
2025-09-14,1,Valur,Stjarnan,4,6,1,2.5e-4
2025-09-14,1,Valur,Stjarnan,5,0,33,0.00825
2025-09-14,1,Valur,Stjarnan,5,1,55,0.01375
2025-09-14,1,Valur,Stjarnan,5,2,41,0.01025
2025-09-14,1,Valur,Stjarnan,5,3,22,0.0055
2025-09-14,1,Valur,Stjarnan,5,4,4,0.001
2025-09-14,1,Valur,Stjarnan,5,5,1,2.5e-4
2025-09-14,1,Valur,Stjarnan,5,6,4,0.001
2025-09-14,1,Valur,Stjarnan,6,0,15,0.00375
2025-09-14,1,Valur,Stjarnan,6,1,17,0.00425
2025-09-14,1,Valur,Stjarnan,6,2,13,0.00325
2025-09-14,1,Valur,Stjarnan,6,3,5,0.00125
2025-09-14,1,Valur,Stjarnan,6,4,2,5e-4
2025-09-14,1,Valur,Stjarnan,7,0,7,0.00175
2025-09-14,1,Valur,Stjarnan,7,1,5,0.00125
2025-09-14,1,Valur,Stjarnan,7,2,6,0.0015
2025-09-14,1,Valur,Stjarnan,7,3,1,2.5e-4
2025-09-14,1,Valur,Stjarnan,7,4,1,2.5e-4
2025-09-14,1,Valur,Stjarnan,7,5,1,2.5e-4
2025-09-14,1,Valur,Stjarnan,8,0,5,0.00125
2025-09-14,1,Valur,Stjarnan,8,1,2,5e-4
2025-09-14,1,Valur,Stjarnan,8,2,1,2.5e-4
2025-09-14,1,ÍA,Afturelding,0,0,121,0.03025
2025-09-14,1,ÍA,Afturelding,0,1,195,0.04875
2025-09-14,1,ÍA,Afturelding,0,2,180,0.045
2025-09-14,1,ÍA,Afturelding,0,3,140,0.035
2025-09-14,1,ÍA,Afturelding,0,4,82,0.0205
2025-09-14,1,ÍA,Afturelding,0,5,41,0.01025
2025-09-14,1,ÍA,Afturelding,0,6,16,0.004
2025-09-14,1,ÍA,Afturelding,0,7,5,0.00125
2025-09-14,1,ÍA,Afturelding,0,8,1,2.5e-4
2025-09-14,1,ÍA,Afturelding,0,9,1,2.5e-4
2025-09-14,1,ÍA,Afturelding,1,0,145,0.03625
2025-09-14,1,ÍA,Afturelding,1,1,323,0.08075
2025-09-14,1,ÍA,Afturelding,1,2,337,0.08425
2025-09-14,1,ÍA,Afturelding,1,3,216,0.054
2025-09-14,1,ÍA,Afturelding,1,4,123,0.03075
2025-09-14,1,ÍA,Afturelding,1,5,66,0.0165
2025-09-14,1,ÍA,Afturelding,1,6,24,0.006
2025-09-14,1,ÍA,Afturelding,1,7,9,0.00225
2025-09-14,1,ÍA,Afturelding,1,8,1,2.5e-4
2025-09-14,1,ÍA,Afturelding,2,0,117,0.02925
2025-09-14,1,ÍA,Afturelding,2,1,258,0.0645
2025-09-14,1,ÍA,Afturelding,2,2,253,0.06325
2025-09-14,1,ÍA,Afturelding,2,3,199,0.04975
2025-09-14,1,ÍA,Afturelding,2,4,99,0.02475
2025-09-14,1,ÍA,Afturelding,2,5,41,0.01025
2025-09-14,1,ÍA,Afturelding,2,6,22,0.0055
2025-09-14,1,ÍA,Afturelding,2,7,8,0.002
2025-09-14,1,ÍA,Afturelding,2,8,6,0.0015
2025-09-14,1,ÍA,Afturelding,2,9,1,2.5e-4
2025-09-14,1,ÍA,Afturelding,2,10,1,2.5e-4
2025-09-14,1,ÍA,Afturelding,2,11,1,2.5e-4
2025-09-14,1,ÍA,Afturelding,2,13,1,2.5e-4
2025-09-14,1,ÍA,Afturelding,3,0,68,0.017
2025-09-14,1,ÍA,Afturelding,3,1,119,0.02975
2025-09-14,1,ÍA,Afturelding,3,2,134,0.0335
2025-09-14,1,ÍA,Afturelding,3,3,113,0.02825
2025-09-14,1,ÍA,Afturelding,3,4,71,0.01775
2025-09-14,1,ÍA,Afturelding,3,5,30,0.0075
2025-09-14,1,ÍA,Afturelding,3,6,14,0.0035
2025-09-14,1,ÍA,Afturelding,3,7,2,5e-4
2025-09-14,1,ÍA,Afturelding,3,8,2,5e-4
2025-09-14,1,ÍA,Afturelding,4,0,28,0.007
2025-09-14,1,ÍA,Afturelding,4,1,72,0.018
2025-09-14,1,ÍA,Afturelding,4,2,71,0.01775
2025-09-14,1,ÍA,Afturelding,4,3,51,0.01275
2025-09-14,1,ÍA,Afturelding,4,4,38,0.0095
2025-09-14,1,ÍA,Afturelding,4,5,10,0.0025
2025-09-14,1,ÍA,Afturelding,4,6,6,0.0015
2025-09-14,1,ÍA,Afturelding,4,7,3,7.5e-4
2025-09-14,1,ÍA,Afturelding,4,9,2,5e-4
2025-09-14,1,ÍA,Afturelding,5,0,8,0.002
2025-09-14,1,ÍA,Afturelding,5,1,21,0.00525
2025-09-14,1,ÍA,Afturelding,5,2,24,0.006
2025-09-14,1,ÍA,Afturelding,5,3,16,0.004
2025-09-14,1,ÍA,Afturelding,5,4,10,0.0025
2025-09-14,1,ÍA,Afturelding,5,5,8,0.002
2025-09-14,1,ÍA,Afturelding,5,6,3,7.5e-4
2025-09-14,1,ÍA,Afturelding,5,7,1,2.5e-4
2025-09-14,1,ÍA,Afturelding,5,8,1,2.5e-4
2025-09-14,1,ÍA,Afturelding,6,0,2,5e-4
2025-09-14,1,ÍA,Afturelding,6,1,3,7.5e-4
2025-09-14,1,ÍA,Afturelding,6,2,6,0.0015
2025-09-14,1,ÍA,Afturelding,6,3,11,0.00275
2025-09-14,1,ÍA,Afturelding,6,4,1,2.5e-4
2025-09-14,1,ÍA,Afturelding,6,5,5,0.00125
2025-09-14,1,ÍA,Afturelding,6,6,1,2.5e-4
2025-09-14,1,ÍA,Afturelding,7,0,1,2.5e-4
2025-09-14,1,ÍA,Afturelding,7,1,4,0.001
2025-09-14,1,ÍA,Afturelding,7,3,3,7.5e-4
2025-09-14,1,ÍA,Afturelding,7,4,1,2.5e-4
2025-09-14,1,ÍA,Afturelding,7,5,1,2.5e-4
2025-09-14,1,ÍA,Afturelding,9,1,1,2.5e-4
2025-09-14,1,ÍA,Afturelding,9,5,1,2.5e-4
