date,division,home,away,home_goals,away_goals,n,p
2025-07-24,1,Breiðablik,Þróttur R.,0,0,174,0.0435
2025-07-24,1,Breiðablik,Þróttur R.,0,1,145,0.03625
2025-07-24,1,Breiðablik,Þróttur R.,0,2,67,0.01675
2025-07-24,1,Breiðablik,Þróttur R.,0,3,17,0.00425
2025-07-24,1,Breiðablik,Þróttur R.,0,4,5,0.00125
2025-07-24,1,Breiðablik,Þróttur R.,0,5,4,0.001
2025-07-24,1,Breiðablik,Þróttur R.,1,0,311,0.07775
2025-07-24,1,Breiðablik,Þróttur R.,1,1,298,0.0745
2025-07-24,1,Breiðablik,Þróttur R.,1,2,116,0.029
2025-07-24,1,Breiðablik,Þróttur R.,1,3,44,0.011
2025-07-24,1,Breiðablik,Þróttur R.,1,4,13,0.00325
2025-07-24,1,Breiðablik,Þróttur R.,1,5,3,7.5e-4
2025-07-24,1,Breiðablik,Þróttur R.,1,6,1,2.5e-4
2025-07-24,1,Breiðablik,Þróttur R.,1,8,1,2.5e-4
2025-07-24,1,Breiðablik,Þróttur R.,2,0,403,0.10075
2025-07-24,1,Breiðablik,Þróttur R.,2,1,314,0.0785
2025-07-24,1,Breiðablik,Þróttur R.,2,2,166,0.0415
2025-07-24,1,Breiðablik,Þróttur R.,2,3,57,0.01425
2025-07-24,1,Breiðablik,Þróttur R.,2,4,12,0.003
2025-07-24,1,Breiðablik,Þróttur R.,2,5,1,2.5e-4
2025-07-24,1,Breiðablik,Þróttur R.,2,6,5,0.00125
2025-07-24,1,Breiðablik,Þróttur R.,2,7,1,2.5e-4
2025-07-24,1,Breiðablik,Þróttur R.,3,0,298,0.0745
2025-07-24,1,Breiðablik,Þróttur R.,3,1,274,0.0685
2025-07-24,1,Breiðablik,Þróttur R.,3,2,144,0.036
2025-07-24,1,Breiðablik,Þróttur R.,3,3,48,0.012
2025-07-24,1,Breiðablik,Þróttur R.,3,4,18,0.0045
2025-07-24,1,Breiðablik,Þróttur R.,3,5,6,0.0015
2025-07-24,1,Breiðablik,Þróttur R.,3,6,2,5e-4
2025-07-24,1,Breiðablik,Þróttur R.,4,0,208,0.052
2025-07-24,1,Breiðablik,Þróttur R.,4,1,195,0.04875
2025-07-24,1,Breiðablik,Þróttur R.,4,2,83,0.02075
2025-07-24,1,Breiðablik,Þróttur R.,4,3,34,0.0085
2025-07-24,1,Breiðablik,Þróttur R.,4,4,7,0.00175
2025-07-24,1,Breiðablik,Þróttur R.,4,5,4,0.001
2025-07-24,1,Breiðablik,Þróttur R.,4,7,1,2.5e-4
2025-07-24,1,Breiðablik,Þróttur R.,5,0,112,0.028
2025-07-24,1,Breiðablik,Þróttur R.,5,1,88,0.022
2025-07-24,1,Breiðablik,Þróttur R.,5,2,36,0.009
2025-07-24,1,Breiðablik,Þróttur R.,5,3,17,0.00425
2025-07-24,1,Breiðablik,Þróttur R.,5,4,4,0.001
2025-07-24,1,Breiðablik,Þróttur R.,5,5,1,2.5e-4
2025-07-24,1,Breiðablik,Þróttur R.,6,0,54,0.0135
2025-07-24,1,Breiðablik,Þróttur R.,6,1,48,0.012
2025-07-24,1,Breiðablik,Þróttur R.,6,2,26,0.0065
2025-07-24,1,Breiðablik,Þróttur R.,6,3,7,0.00175
2025-07-24,1,Breiðablik,Þróttur R.,6,4,1,2.5e-4
2025-07-24,1,Breiðablik,Þróttur R.,6,5,1,2.5e-4
2025-07-24,1,Breiðablik,Þróttur R.,7,0,32,0.008
2025-07-24,1,Breiðablik,Þróttur R.,7,1,23,0.00575
2025-07-24,1,Breiðablik,Þróttur R.,7,2,13,0.00325
2025-07-24,1,Breiðablik,Þróttur R.,7,3,5,0.00125
2025-07-24,1,Breiðablik,Þróttur R.,7,4,1,2.5e-4
2025-07-24,1,Breiðablik,Þróttur R.,8,0,9,0.00225
2025-07-24,1,Breiðablik,Þróttur R.,8,1,11,0.00275
2025-07-24,1,Breiðablik,Þróttur R.,8,2,7,0.00175
2025-07-24,1,Breiðablik,Þróttur R.,8,3,3,7.5e-4
2025-07-24,1,Breiðablik,Þróttur R.,8,4,2,5e-4
2025-07-24,1,Breiðablik,Þróttur R.,8,6,1,2.5e-4
2025-07-24,1,Breiðablik,Þróttur R.,8,8,1,2.5e-4
2025-07-24,1,Breiðablik,Þróttur R.,9,0,5,0.00125
2025-07-24,1,Breiðablik,Þróttur R.,9,1,6,0.0015
2025-07-24,1,Breiðablik,Þróttur R.,9,2,2,5e-4
2025-07-24,1,Breiðablik,Þróttur R.,9,5,1,2.5e-4
2025-07-24,1,Breiðablik,Þróttur R.,10,0,1,2.5e-4
2025-07-24,1,Breiðablik,Þróttur R.,11,0,1,2.5e-4
2025-07-24,1,Breiðablik,Þróttur R.,11,1,1,2.5e-4
2025-07-24,1,Tindastóll,Þór/KA,0,0,199,0.04975
2025-07-24,1,Tindastóll,Þór/KA,0,1,320,0.08
2025-07-24,1,Tindastóll,Þór/KA,0,2,245,0.06125
2025-07-24,1,Tindastóll,Þór/KA,0,3,169,0.04225
2025-07-24,1,Tindastóll,Þór/KA,0,4,96,0.024
2025-07-24,1,Tindastóll,Þór/KA,0,5,28,0.007
2025-07-24,1,Tindastóll,Þór/KA,0,6,16,0.004
2025-07-24,1,Tindastóll,Þór/KA,0,7,6,0.0015
2025-07-24,1,Tindastóll,Þór/KA,0,8,4,0.001
2025-07-24,1,Tindastóll,Þór/KA,0,9,1,2.5e-4
2025-07-24,1,Tindastóll,Þór/KA,1,0,201,0.05025
2025-07-24,1,Tindastóll,Þór/KA,1,1,368,0.092
2025-07-24,1,Tindastóll,Þór/KA,1,2,290,0.0725
2025-07-24,1,Tindastóll,Þór/KA,1,3,211,0.05275
2025-07-24,1,Tindastóll,Þór/KA,1,4,112,0.028
2025-07-24,1,Tindastóll,Þór/KA,1,5,52,0.013
2025-07-24,1,Tindastóll,Þór/KA,1,6,26,0.0065
2025-07-24,1,Tindastóll,Þór/KA,1,7,9,0.00225
2025-07-24,1,Tindastóll,Þór/KA,1,8,1,2.5e-4
2025-07-24,1,Tindastóll,Þór/KA,1,9,2,5e-4
2025-07-24,1,Tindastóll,Þór/KA,1,10,1,2.5e-4
2025-07-24,1,Tindastóll,Þór/KA,2,0,144,0.036
2025-07-24,1,Tindastóll,Þór/KA,2,1,242,0.0605
2025-07-24,1,Tindastóll,Þór/KA,2,2,245,0.06125
2025-07-24,1,Tindastóll,Þór/KA,2,3,158,0.0395
2025-07-24,1,Tindastóll,Þór/KA,2,4,81,0.02025
2025-07-24,1,Tindastóll,Þór/KA,2,5,30,0.0075
2025-07-24,1,Tindastóll,Þór/KA,2,6,17,0.00425
2025-07-24,1,Tindastóll,Þór/KA,2,7,3,7.5e-4
2025-07-24,1,Tindastóll,Þór/KA,2,8,6,0.0015
2025-07-24,1,Tindastóll,Þór/KA,2,9,1,2.5e-4
2025-07-24,1,Tindastóll,Þór/KA,2,10,1,2.5e-4
2025-07-24,1,Tindastóll,Þór/KA,3,0,65,0.01625
2025-07-24,1,Tindastóll,Þór/KA,3,1,99,0.02475
2025-07-24,1,Tindastóll,Þór/KA,3,2,111,0.02775
2025-07-24,1,Tindastóll,Þór/KA,3,3,83,0.02075
2025-07-24,1,Tindastóll,Þór/KA,3,4,35,0.00875
2025-07-24,1,Tindastóll,Þór/KA,3,5,29,0.00725
2025-07-24,1,Tindastóll,Þór/KA,3,6,4,0.001
2025-07-24,1,Tindastóll,Þór/KA,3,7,4,0.001
2025-07-24,1,Tindastóll,Þór/KA,3,8,1,2.5e-4
2025-07-24,1,Tindastóll,Þór/KA,3,9,1,2.5e-4
2025-07-24,1,Tindastóll,Þór/KA,3,10,1,2.5e-4
2025-07-24,1,Tindastóll,Þór/KA,4,0,32,0.008
2025-07-24,1,Tindastóll,Þór/KA,4,1,39,0.00975
2025-07-24,1,Tindastóll,Þór/KA,4,2,41,0.01025
2025-07-24,1,Tindastóll,Þór/KA,4,3,35,0.00875
2025-07-24,1,Tindastóll,Þór/KA,4,4,20,0.005
2025-07-24,1,Tindastóll,Þór/KA,4,5,7,0.00175
2025-07-24,1,Tindastóll,Þór/KA,4,6,4,0.001
2025-07-24,1,Tindastóll,Þór/KA,4,7,2,5e-4
2025-07-24,1,Tindastóll,Þór/KA,5,0,8,0.002
2025-07-24,1,Tindastóll,Þór/KA,5,1,16,0.004
2025-07-24,1,Tindastóll,Þór/KA,5,2,18,0.0045
2025-07-24,1,Tindastóll,Þór/KA,5,3,12,0.003
2025-07-24,1,Tindastóll,Þór/KA,5,4,9,0.00225
2025-07-24,1,Tindastóll,Þór/KA,5,5,7,0.00175
2025-07-24,1,Tindastóll,Þór/KA,5,6,1,2.5e-4
2025-07-24,1,Tindastóll,Þór/KA,6,0,4,0.001
2025-07-24,1,Tindastóll,Þór/KA,6,1,7,0.00175
2025-07-24,1,Tindastóll,Þór/KA,6,2,4,0.001
2025-07-24,1,Tindastóll,Þór/KA,6,3,4,0.001
2025-07-24,1,Tindastóll,Þór/KA,6,4,2,5e-4
2025-07-24,1,Tindastóll,Þór/KA,6,5,1,2.5e-4
2025-07-24,1,Tindastóll,Þór/KA,6,6,1,2.5e-4
2025-07-24,1,Tindastóll,Þór/KA,7,1,1,2.5e-4
2025-07-24,1,Tindastóll,Þór/KA,7,2,5,0.00125
2025-07-24,1,Tindastóll,Þór/KA,7,3,1,2.5e-4
2025-07-24,1,Tindastóll,Þór/KA,8,0,1,2.5e-4
2025-07-24,1,Valur,FHL,0,0,172,0.043
2025-07-24,1,Valur,FHL,0,1,54,0.0135
2025-07-24,1,Valur,FHL,0,2,11,0.00275
2025-07-24,1,Valur,FHL,0,3,1,2.5e-4
2025-07-24,1,Valur,FHL,1,0,419,0.10475
2025-07-24,1,Valur,FHL,1,1,132,0.033
2025-07-24,1,Valur,FHL,1,2,14,0.0035
2025-07-24,1,Valur,FHL,1,3,3,7.5e-4
2025-07-24,1,Valur,FHL,2,0,565,0.14125
2025-07-24,1,Valur,FHL,2,1,195,0.04875
2025-07-24,1,Valur,FHL,2,2,33,0.00825
2025-07-24,1,Valur,FHL,2,3,3,7.5e-4
2025-07-24,1,Valur,FHL,2,4,4,0.001
2025-07-24,1,Valur,FHL,3,0,558,0.1395
2025-07-24,1,Valur,FHL,3,1,189,0.04725
2025-07-24,1,Valur,FHL,3,2,28,0.007
2025-07-24,1,Valur,FHL,3,3,2,5e-4
2025-07-24,1,Valur,FHL,4,0,418,0.1045
2025-07-24,1,Valur,FHL,4,1,144,0.036
2025-07-24,1,Valur,FHL,4,2,26,0.0065
2025-07-24,1,Valur,FHL,4,3,2,5e-4
2025-07-24,1,Valur,FHL,5,0,322,0.0805
2025-07-24,1,Valur,FHL,5,1,118,0.0295
2025-07-24,1,Valur,FHL,5,2,27,0.00675
2025-07-24,1,Valur,FHL,5,3,4,0.001
2025-07-24,1,Valur,FHL,6,0,185,0.04625
2025-07-24,1,Valur,FHL,6,1,61,0.01525
2025-07-24,1,Valur,FHL,6,2,15,0.00375
2025-07-24,1,Valur,FHL,7,0,111,0.02775
2025-07-24,1,Valur,FHL,7,1,31,0.00775
2025-07-24,1,Valur,FHL,7,2,8,0.002
2025-07-24,1,Valur,FHL,7,3,2,5e-4
2025-07-24,1,Valur,FHL,8,0,59,0.01475
2025-07-24,1,Valur,FHL,8,1,13,0.00325
2025-07-24,1,Valur,FHL,8,2,1,2.5e-4
2025-07-24,1,Valur,FHL,8,3,1,2.5e-4
2025-07-24,1,Valur,FHL,9,0,24,0.006
2025-07-24,1,Valur,FHL,9,1,13,0.00325
2025-07-24,1,Valur,FHL,9,2,5,0.00125
2025-07-24,1,Valur,FHL,10,0,9,0.00225
2025-07-24,1,Valur,FHL,10,1,5,0.00125
2025-07-24,1,Valur,FHL,11,0,8,0.002
2025-07-24,1,Valur,FHL,11,1,2,5e-4
2025-07-24,1,Valur,FHL,12,0,1,2.5e-4
2025-07-24,1,Valur,FHL,13,0,2,5e-4
2025-07-24,2,Fylkir,Grótta,0,0,281,0.07025
2025-07-24,2,Fylkir,Grótta,0,1,294,0.0735
2025-07-24,2,Fylkir,Grótta,0,2,173,0.04325
2025-07-24,2,Fylkir,Grótta,0,3,67,0.01675
2025-07-24,2,Fylkir,Grótta,0,4,29,0.00725
2025-07-24,2,Fylkir,Grótta,0,5,13,0.00325
2025-07-24,2,Fylkir,Grótta,0,6,2,5e-4
2025-07-24,2,Fylkir,Grótta,0,7,2,5e-4
2025-07-24,2,Fylkir,Grótta,0,8,1,2.5e-4
2025-07-24,2,Fylkir,Grótta,0,10,1,2.5e-4
2025-07-24,2,Fylkir,Grótta,1,0,344,0.086
2025-07-24,2,Fylkir,Grótta,1,1,393,0.09825
2025-07-24,2,Fylkir,Grótta,1,2,275,0.06875
2025-07-24,2,Fylkir,Grótta,1,3,107,0.02675
2025-07-24,2,Fylkir,Grótta,1,4,43,0.01075
2025-07-24,2,Fylkir,Grótta,1,5,14,0.0035
2025-07-24,2,Fylkir,Grótta,1,6,6,0.0015
2025-07-24,2,Fylkir,Grótta,1,7,2,5e-4
2025-07-24,2,Fylkir,Grótta,1,8,1,2.5e-4
2025-07-24,2,Fylkir,Grótta,2,0,251,0.06275
2025-07-24,2,Fylkir,Grótta,2,1,291,0.07275
2025-07-24,2,Fylkir,Grótta,2,2,222,0.0555
2025-07-24,2,Fylkir,Grótta,2,3,105,0.02625
2025-07-24,2,Fylkir,Grótta,2,4,44,0.011
2025-07-24,2,Fylkir,Grótta,2,5,22,0.0055
2025-07-24,2,Fylkir,Grótta,2,6,9,0.00225
2025-07-24,2,Fylkir,Grótta,2,7,1,2.5e-4
2025-07-24,2,Fylkir,Grótta,3,0,145,0.03625
2025-07-24,2,Fylkir,Grótta,3,1,194,0.0485
2025-07-24,2,Fylkir,Grótta,3,2,118,0.0295
2025-07-24,2,Fylkir,Grótta,3,3,60,0.015
2025-07-24,2,Fylkir,Grótta,3,4,21,0.00525
2025-07-24,2,Fylkir,Grótta,3,5,10,0.0025
2025-07-24,2,Fylkir,Grótta,4,0,82,0.0205
2025-07-24,2,Fylkir,Grótta,4,1,88,0.022
2025-07-24,2,Fylkir,Grótta,4,2,64,0.016
2025-07-24,2,Fylkir,Grótta,4,3,33,0.00825
2025-07-24,2,Fylkir,Grótta,4,4,8,0.002
2025-07-24,2,Fylkir,Grótta,4,5,6,0.0015
2025-07-24,2,Fylkir,Grótta,4,6,2,5e-4
2025-07-24,2,Fylkir,Grótta,4,7,1,2.5e-4
2025-07-24,2,Fylkir,Grótta,5,0,28,0.007
2025-07-24,2,Fylkir,Grótta,5,1,35,0.00875
2025-07-24,2,Fylkir,Grótta,5,2,26,0.0065
2025-07-24,2,Fylkir,Grótta,5,3,12,0.003
2025-07-24,2,Fylkir,Grótta,5,4,4,0.001
2025-07-24,2,Fylkir,Grótta,5,5,6,0.0015
2025-07-24,2,Fylkir,Grótta,6,0,8,0.002
2025-07-24,2,Fylkir,Grótta,6,1,16,0.004
2025-07-24,2,Fylkir,Grótta,6,2,9,0.00225
2025-07-24,2,Fylkir,Grótta,6,3,5,0.00125
2025-07-24,2,Fylkir,Grótta,6,5,1,2.5e-4
2025-07-24,2,Fylkir,Grótta,6,6,1,2.5e-4
2025-07-24,2,Fylkir,Grótta,6,10,1,2.5e-4
2025-07-24,2,Fylkir,Grótta,7,0,2,5e-4
2025-07-24,2,Fylkir,Grótta,7,1,1,2.5e-4
2025-07-24,2,Fylkir,Grótta,7,2,3,7.5e-4
2025-07-24,2,Fylkir,Grótta,7,3,2,5e-4
2025-07-24,2,Fylkir,Grótta,7,4,2,5e-4
2025-07-24,2,Fylkir,Grótta,8,0,1,2.5e-4
2025-07-24,2,Fylkir,Grótta,8,1,4,0.001
2025-07-24,2,Fylkir,Grótta,8,2,3,7.5e-4
2025-07-24,2,Fylkir,Grótta,8,3,2,5e-4
2025-07-24,2,Fylkir,Grótta,8,7,1,2.5e-4
2025-07-24,2,Fylkir,Grótta,9,0,1,2.5e-4
2025-07-24,2,Fylkir,Grótta,10,1,1,2.5e-4
2025-07-24,2,HK,KR,0,0,59,0.01475
2025-07-24,2,HK,KR,0,1,79,0.01975
2025-07-24,2,HK,KR,0,2,50,0.0125
2025-07-24,2,HK,KR,0,3,46,0.0115
2025-07-24,2,HK,KR,0,4,13,0.00325
2025-07-24,2,HK,KR,0,5,7,0.00175
2025-07-24,2,HK,KR,0,8,1,2.5e-4
2025-07-24,2,HK,KR,1,0,126,0.0315
2025-07-24,2,HK,KR,1,1,195,0.04875
2025-07-24,2,HK,KR,1,2,151,0.03775
2025-07-24,2,HK,KR,1,3,69,0.01725
2025-07-24,2,HK,KR,1,4,32,0.008
2025-07-24,2,HK,KR,1,5,15,0.00375
2025-07-24,2,HK,KR,1,6,8,0.002
2025-07-24,2,HK,KR,1,7,3,7.5e-4
2025-07-24,2,HK,KR,1,8,2,5e-4
2025-07-24,2,HK,KR,2,0,142,0.0355
2025-07-24,2,HK,KR,2,1,244,0.061
2025-07-24,2,HK,KR,2,2,212,0.053
2025-07-24,2,HK,KR,2,3,112,0.028
2025-07-24,2,HK,KR,2,4,51,0.01275
2025-07-24,2,HK,KR,2,5,20,0.005
2025-07-24,2,HK,KR,2,6,5,0.00125
2025-07-24,2,HK,KR,2,7,4,0.001
2025-07-24,2,HK,KR,2,12,1,2.5e-4
2025-07-24,2,HK,KR,3,0,176,0.044
2025-07-24,2,HK,KR,3,1,212,0.053
2025-07-24,2,HK,KR,3,2,195,0.04875
2025-07-24,2,HK,KR,3,3,142,0.0355
2025-07-24,2,HK,KR,3,4,51,0.01275
2025-07-24,2,HK,KR,3,5,23,0.00575
2025-07-24,2,HK,KR,3,6,11,0.00275
2025-07-24,2,HK,KR,3,7,1,2.5e-4
2025-07-24,2,HK,KR,3,8,1,2.5e-4
2025-07-24,2,HK,KR,4,0,136,0.034
2025-07-24,2,HK,KR,4,1,178,0.0445
2025-07-24,2,HK,KR,4,2,142,0.0355
2025-07-24,2,HK,KR,4,3,91,0.02275
2025-07-24,2,HK,KR,4,4,41,0.01025
2025-07-24,2,HK,KR,4,5,15,0.00375
2025-07-24,2,HK,KR,4,6,5,0.00125
2025-07-24,2,HK,KR,4,7,2,5e-4
2025-07-24,2,HK,KR,4,8,1,2.5e-4
2025-07-24,2,HK,KR,4,12,1,2.5e-4
2025-07-24,2,HK,KR,5,0,75,0.01875
2025-07-24,2,HK,KR,5,1,141,0.03525
2025-07-24,2,HK,KR,5,2,93,0.02325
2025-07-24,2,HK,KR,5,3,73,0.01825
2025-07-24,2,HK,KR,5,4,29,0.00725
2025-07-24,2,HK,KR,5,5,15,0.00375
2025-07-24,2,HK,KR,5,6,2,5e-4
2025-07-24,2,HK,KR,5,7,5,0.00125
2025-07-24,2,HK,KR,6,0,47,0.01175
2025-07-24,2,HK,KR,6,1,55,0.01375
2025-07-24,2,HK,KR,6,2,68,0.017
2025-07-24,2,HK,KR,6,3,41,0.01025
2025-07-24,2,HK,KR,6,4,15,0.00375
2025-07-24,2,HK,KR,6,5,4,0.001
2025-07-24,2,HK,KR,6,6,1,2.5e-4
2025-07-24,2,HK,KR,6,8,1,2.5e-4
2025-07-24,2,HK,KR,7,0,18,0.0045
2025-07-24,2,HK,KR,7,1,40,0.01
2025-07-24,2,HK,KR,7,2,30,0.0075
2025-07-24,2,HK,KR,7,3,21,0.00525
2025-07-24,2,HK,KR,7,4,12,0.003
2025-07-24,2,HK,KR,7,5,7,0.00175
2025-07-24,2,HK,KR,7,6,5,0.00125
2025-07-24,2,HK,KR,8,0,14,0.0035
2025-07-24,2,HK,KR,8,1,17,0.00425
2025-07-24,2,HK,KR,8,2,11,0.00275
2025-07-24,2,HK,KR,8,3,10,0.0025
2025-07-24,2,HK,KR,8,4,5,0.00125
2025-07-24,2,HK,KR,8,5,3,7.5e-4
2025-07-24,2,HK,KR,8,6,2,5e-4
2025-07-24,2,HK,KR,8,8,1,2.5e-4
2025-07-24,2,HK,KR,9,0,6,0.0015
2025-07-24,2,HK,KR,9,1,7,0.00175
2025-07-24,2,HK,KR,9,2,11,0.00275
2025-07-24,2,HK,KR,9,3,2,5e-4
2025-07-24,2,HK,KR,9,4,5,0.00125
2025-07-24,2,HK,KR,9,6,1,2.5e-4
2025-07-24,2,HK,KR,10,0,8,0.002
2025-07-24,2,HK,KR,10,1,7,0.00175
2025-07-24,2,HK,KR,10,2,2,5e-4
2025-07-24,2,HK,KR,10,3,2,5e-4
2025-07-24,2,HK,KR,10,5,1,2.5e-4
2025-07-24,2,HK,KR,11,0,2,5e-4
2025-07-24,2,HK,KR,11,1,2,5e-4
2025-07-24,2,HK,KR,11,2,2,5e-4
2025-07-24,2,HK,KR,11,3,5,0.00125
2025-07-24,2,HK,KR,12,0,2,5e-4
2025-07-24,2,HK,KR,13,0,1,2.5e-4
2025-07-24,2,HK,KR,13,3,1,2.5e-4
2025-07-24,2,HK,KR,14,2,1,2.5e-4
2025-07-24,2,Keflavík,Afturelding,0,0,29,0.00725
2025-07-24,2,Keflavík,Afturelding,0,1,14,0.0035
2025-07-24,2,Keflavík,Afturelding,0,2,5,0.00125
2025-07-24,2,Keflavík,Afturelding,0,3,1,2.5e-4
2025-07-24,2,Keflavík,Afturelding,1,0,93,0.02325
2025-07-24,2,Keflavík,Afturelding,1,1,57,0.01425
2025-07-24,2,Keflavík,Afturelding,1,2,23,0.00575
2025-07-24,2,Keflavík,Afturelding,1,3,1,2.5e-4
2025-07-24,2,Keflavík,Afturelding,1,4,2,5e-4
2025-07-24,2,Keflavík,Afturelding,2,0,222,0.0555
2025-07-24,2,Keflavík,Afturelding,2,1,92,0.023
2025-07-24,2,Keflavík,Afturelding,2,2,30,0.0075
2025-07-24,2,Keflavík,Afturelding,2,3,11,0.00275
2025-07-24,2,Keflavík,Afturelding,2,4,1,2.5e-4
2025-07-24,2,Keflavík,Afturelding,3,0,297,0.07425
2025-07-24,2,Keflavík,Afturelding,3,1,149,0.03725
2025-07-24,2,Keflavík,Afturelding,3,2,46,0.0115
2025-07-24,2,Keflavík,Afturelding,3,3,8,0.002
2025-07-24,2,Keflavík,Afturelding,3,4,1,2.5e-4
2025-07-24,2,Keflavík,Afturelding,4,0,311,0.07775
2025-07-24,2,Keflavík,Afturelding,4,1,160,0.04
2025-07-24,2,Keflavík,Afturelding,4,2,57,0.01425
2025-07-24,2,Keflavík,Afturelding,4,3,18,0.0045
2025-07-24,2,Keflavík,Afturelding,4,4,2,5e-4
2025-07-24,2,Keflavík,Afturelding,5,0,297,0.07425
2025-07-24,2,Keflavík,Afturelding,5,1,181,0.04525
2025-07-24,2,Keflavík,Afturelding,5,2,54,0.0135
2025-07-24,2,Keflavík,Afturelding,5,3,11,0.00275
2025-07-24,2,Keflavík,Afturelding,5,4,3,7.5e-4
2025-07-24,2,Keflavík,Afturelding,6,0,285,0.07125
2025-07-24,2,Keflavík,Afturelding,6,1,140,0.035
2025-07-24,2,Keflavík,Afturelding,6,2,39,0.00975
2025-07-24,2,Keflavík,Afturelding,6,3,14,0.0035
2025-07-24,2,Keflavík,Afturelding,6,4,3,7.5e-4
2025-07-24,2,Keflavík,Afturelding,7,0,205,0.05125
2025-07-24,2,Keflavík,Afturelding,7,1,114,0.0285
2025-07-24,2,Keflavík,Afturelding,7,2,41,0.01025
2025-07-24,2,Keflavík,Afturelding,7,3,9,0.00225
2025-07-24,2,Keflavík,Afturelding,7,4,1,2.5e-4
2025-07-24,2,Keflavík,Afturelding,7,5,1,2.5e-4
2025-07-24,2,Keflavík,Afturelding,8,0,165,0.04125
2025-07-24,2,Keflavík,Afturelding,8,1,81,0.02025
2025-07-24,2,Keflavík,Afturelding,8,2,20,0.005
2025-07-24,2,Keflavík,Afturelding,8,3,10,0.0025
2025-07-24,2,Keflavík,Afturelding,9,0,126,0.0315
2025-07-24,2,Keflavík,Afturelding,9,1,68,0.017
2025-07-24,2,Keflavík,Afturelding,9,2,23,0.00575
2025-07-24,2,Keflavík,Afturelding,9,3,4,0.001
2025-07-24,2,Keflavík,Afturelding,10,0,91,0.02275
2025-07-24,2,Keflavík,Afturelding,10,1,46,0.0115
2025-07-24,2,Keflavík,Afturelding,10,2,11,0.00275
2025-07-24,2,Keflavík,Afturelding,10,3,4,0.001
2025-07-24,2,Keflavík,Afturelding,10,4,2,5e-4
2025-07-24,2,Keflavík,Afturelding,11,0,66,0.0165
2025-07-24,2,Keflavík,Afturelding,11,1,31,0.00775
2025-07-24,2,Keflavík,Afturelding,11,2,10,0.0025
2025-07-24,2,Keflavík,Afturelding,11,3,1,2.5e-4
2025-07-24,2,Keflavík,Afturelding,11,4,1,2.5e-4
2025-07-24,2,Keflavík,Afturelding,12,0,32,0.008
2025-07-24,2,Keflavík,Afturelding,12,1,27,0.00675
2025-07-24,2,Keflavík,Afturelding,12,2,4,0.001
2025-07-24,2,Keflavík,Afturelding,12,3,2,5e-4
2025-07-24,2,Keflavík,Afturelding,12,4,2,5e-4
2025-07-24,2,Keflavík,Afturelding,13,0,30,0.0075
2025-07-24,2,Keflavík,Afturelding,13,1,14,0.0035
2025-07-24,2,Keflavík,Afturelding,13,2,4,0.001
2025-07-24,2,Keflavík,Afturelding,14,0,17,0.00425
2025-07-24,2,Keflavík,Afturelding,14,1,7,0.00175
2025-07-24,2,Keflavík,Afturelding,14,2,5,0.00125
2025-07-24,2,Keflavík,Afturelding,15,0,9,0.00225
2025-07-24,2,Keflavík,Afturelding,15,1,11,0.00275
2025-07-24,2,Keflavík,Afturelding,15,2,1,2.5e-4
2025-07-24,2,Keflavík,Afturelding,16,0,13,0.00325
2025-07-24,2,Keflavík,Afturelding,16,1,5,0.00125
2025-07-24,2,Keflavík,Afturelding,16,2,2,5e-4
2025-07-24,2,Keflavík,Afturelding,17,0,9,0.00225
2025-07-24,2,Keflavík,Afturelding,17,1,3,7.5e-4
2025-07-24,2,Keflavík,Afturelding,17,2,2,5e-4
2025-07-24,2,Keflavík,Afturelding,18,0,5,0.00125
2025-07-24,2,Keflavík,Afturelding,18,2,1,2.5e-4
2025-07-24,2,Keflavík,Afturelding,19,0,1,2.5e-4
2025-07-24,2,Keflavík,Afturelding,19,1,1,2.5e-4
2025-07-24,2,Keflavík,Afturelding,20,1,2,5e-4
2025-07-24,2,Keflavík,Afturelding,22,0,1,2.5e-4
2025-07-24,2,Keflavík,Afturelding,22,1,1,2.5e-4
2025-07-24,2,Keflavík,Afturelding,27,0,1,2.5e-4
2025-07-24,2,ÍA,Grindavík/ Njarðvík,0,0,50,0.0125
2025-07-24,2,ÍA,Grindavík/ Njarðvík,0,1,31,0.00775
2025-07-24,2,ÍA,Grindavík/ Njarðvík,0,2,32,0.008
2025-07-24,2,ÍA,Grindavík/ Njarðvík,0,3,10,0.0025
2025-07-24,2,ÍA,Grindavík/ Njarðvík,0,4,3,7.5e-4
2025-07-24,2,ÍA,Grindavík/ Njarðvík,0,5,1,2.5e-4
2025-07-24,2,ÍA,Grindavík/ Njarðvík,1,0,107,0.02675
2025-07-24,2,ÍA,Grindavík/ Njarðvík,1,1,104,0.026
2025-07-24,2,ÍA,Grindavík/ Njarðvík,1,2,77,0.01925
2025-07-24,2,ÍA,Grindavík/ Njarðvík,1,3,17,0.00425
2025-07-24,2,ÍA,Grindavík/ Njarðvík,1,4,9,0.00225
2025-07-24,2,ÍA,Grindavík/ Njarðvík,1,5,5,0.00125
2025-07-24,2,ÍA,Grindavík/ Njarðvík,1,7,1,2.5e-4
2025-07-24,2,ÍA,Grindavík/ Njarðvík,2,0,211,0.05275
2025-07-24,2,ÍA,Grindavík/ Njarðvík,2,1,180,0.045
2025-07-24,2,ÍA,Grindavík/ Njarðvík,2,2,100,0.025
2025-07-24,2,ÍA,Grindavík/ Njarðvík,2,3,40,0.01
2025-07-24,2,ÍA,Grindavík/ Njarðvík,2,4,10,0.0025
2025-07-24,2,ÍA,Grindavík/ Njarðvík,2,5,4,0.001
2025-07-24,2,ÍA,Grindavík/ Njarðvík,2,6,2,5e-4
2025-07-24,2,ÍA,Grindavík/ Njarðvík,3,0,234,0.0585
2025-07-24,2,ÍA,Grindavík/ Njarðvík,3,1,215,0.05375
2025-07-24,2,ÍA,Grindavík/ Njarðvík,3,2,109,0.02725
2025-07-24,2,ÍA,Grindavík/ Njarðvík,3,3,46,0.0115
2025-07-24,2,ÍA,Grindavík/ Njarðvík,3,4,20,0.005
2025-07-24,2,ÍA,Grindavík/ Njarðvík,3,5,5,0.00125
2025-07-24,2,ÍA,Grindavík/ Njarðvík,3,6,2,5e-4
2025-07-24,2,ÍA,Grindavík/ Njarðvík,3,7,1,2.5e-4
2025-07-24,2,ÍA,Grindavík/ Njarðvík,4,0,230,0.0575
2025-07-24,2,ÍA,Grindavík/ Njarðvík,4,1,215,0.05375
2025-07-24,2,ÍA,Grindavík/ Njarðvík,4,2,105,0.02625
2025-07-24,2,ÍA,Grindavík/ Njarðvík,4,3,57,0.01425
2025-07-24,2,ÍA,Grindavík/ Njarðvík,4,4,20,0.005
2025-07-24,2,ÍA,Grindavík/ Njarðvík,4,5,3,7.5e-4
2025-07-24,2,ÍA,Grindavík/ Njarðvík,4,7,2,5e-4
2025-07-24,2,ÍA,Grindavík/ Njarðvík,4,10,1,2.5e-4
2025-07-24,2,ÍA,Grindavík/ Njarðvík,5,0,206,0.0515
2025-07-24,2,ÍA,Grindavík/ Njarðvík,5,1,178,0.0445
2025-07-24,2,ÍA,Grindavík/ Njarðvík,5,2,120,0.03
2025-07-24,2,ÍA,Grindavík/ Njarðvík,5,3,35,0.00875
2025-07-24,2,ÍA,Grindavík/ Njarðvík,5,4,12,0.003
2025-07-24,2,ÍA,Grindavík/ Njarðvík,5,5,6,0.0015
2025-07-24,2,ÍA,Grindavík/ Njarðvík,5,6,5,0.00125
2025-07-24,2,ÍA,Grindavík/ Njarðvík,6,0,149,0.03725
2025-07-24,2,ÍA,Grindavík/ Njarðvík,6,1,140,0.035
2025-07-24,2,ÍA,Grindavík/ Njarðvík,6,2,84,0.021
2025-07-24,2,ÍA,Grindavík/ Njarðvík,6,3,30,0.0075
2025-07-24,2,ÍA,Grindavík/ Njarðvík,6,4,12,0.003
2025-07-24,2,ÍA,Grindavík/ Njarðvík,6,5,3,7.5e-4
2025-07-24,2,ÍA,Grindavík/ Njarðvík,6,6,2,5e-4
2025-07-24,2,ÍA,Grindavík/ Njarðvík,7,0,82,0.0205
2025-07-24,2,ÍA,Grindavík/ Njarðvík,7,1,98,0.0245
2025-07-24,2,ÍA,Grindavík/ Njarðvík,7,2,53,0.01325
2025-07-24,2,ÍA,Grindavík/ Njarðvík,7,3,36,0.009
2025-07-24,2,ÍA,Grindavík/ Njarðvík,7,4,10,0.0025
2025-07-24,2,ÍA,Grindavík/ Njarðvík,7,5,5,0.00125
2025-07-24,2,ÍA,Grindavík/ Njarðvík,7,6,1,2.5e-4
2025-07-24,2,ÍA,Grindavík/ Njarðvík,7,7,1,2.5e-4
2025-07-24,2,ÍA,Grindavík/ Njarðvík,7,9,1,2.5e-4
2025-07-24,2,ÍA,Grindavík/ Njarðvík,8,0,61,0.01525
2025-07-24,2,ÍA,Grindavík/ Njarðvík,8,1,69,0.01725
2025-07-24,2,ÍA,Grindavík/ Njarðvík,8,2,36,0.009
2025-07-24,2,ÍA,Grindavík/ Njarðvík,8,3,14,0.0035
2025-07-24,2,ÍA,Grindavík/ Njarðvík,8,4,6,0.0015
2025-07-24,2,ÍA,Grindavík/ Njarðvík,8,5,2,5e-4
2025-07-24,2,ÍA,Grindavík/ Njarðvík,9,0,47,0.01175
2025-07-24,2,ÍA,Grindavík/ Njarðvík,9,1,28,0.007
2025-07-24,2,ÍA,Grindavík/ Njarðvík,9,2,20,0.005
2025-07-24,2,ÍA,Grindavík/ Njarðvík,9,3,14,0.0035
2025-07-24,2,ÍA,Grindavík/ Njarðvík,9,4,3,7.5e-4
2025-07-24,2,ÍA,Grindavík/ Njarðvík,9,5,2,5e-4
2025-07-24,2,ÍA,Grindavík/ Njarðvík,9,6,1,2.5e-4
2025-07-24,2,ÍA,Grindavík/ Njarðvík,10,0,23,0.00575
2025-07-24,2,ÍA,Grindavík/ Njarðvík,10,1,26,0.0065
2025-07-24,2,ÍA,Grindavík/ Njarðvík,10,2,18,0.0045
2025-07-24,2,ÍA,Grindavík/ Njarðvík,10,3,7,0.00175
2025-07-24,2,ÍA,Grindavík/ Njarðvík,10,7,1,2.5e-4
2025-07-24,2,ÍA,Grindavík/ Njarðvík,11,0,12,0.003
2025-07-24,2,ÍA,Grindavík/ Njarðvík,11,1,9,0.00225
2025-07-24,2,ÍA,Grindavík/ Njarðvík,11,2,7,0.00175
2025-07-24,2,ÍA,Grindavík/ Njarðvík,11,3,3,7.5e-4
2025-07-24,2,ÍA,Grindavík/ Njarðvík,11,4,1,2.5e-4
2025-07-24,2,ÍA,Grindavík/ Njarðvík,11,5,1,2.5e-4
2025-07-24,2,ÍA,Grindavík/ Njarðvík,12,0,12,0.003
2025-07-24,2,ÍA,Grindavík/ Njarðvík,12,1,5,0.00125
2025-07-24,2,ÍA,Grindavík/ Njarðvík,12,2,2,5e-4
2025-07-24,2,ÍA,Grindavík/ Njarðvík,12,3,3,7.5e-4
2025-07-24,2,ÍA,Grindavík/ Njarðvík,13,0,5,0.00125
2025-07-24,2,ÍA,Grindavík/ Njarðvík,13,1,8,0.002
2025-07-24,2,ÍA,Grindavík/ Njarðvík,13,2,5,0.00125
2025-07-24,2,ÍA,Grindavík/ Njarðvík,13,4,1,2.5e-4
2025-07-24,2,ÍA,Grindavík/ Njarðvík,14,0,5,0.00125
2025-07-24,2,ÍA,Grindavík/ Njarðvík,14,1,4,0.001
2025-07-24,2,ÍA,Grindavík/ Njarðvík,14,2,3,7.5e-4
2025-07-24,2,ÍA,Grindavík/ Njarðvík,14,3,1,2.5e-4
2025-07-24,2,ÍA,Grindavík/ Njarðvík,14,4,3,7.5e-4
2025-07-24,2,ÍA,Grindavík/ Njarðvík,15,0,2,5e-4
2025-07-24,2,ÍA,Grindavík/ Njarðvík,16,0,1,2.5e-4
2025-07-24,2,ÍA,Grindavík/ Njarðvík,19,1,1,2.5e-4
2025-07-24,2,ÍBV,Haukar,0,0,40,0.01
2025-07-24,2,ÍBV,Haukar,0,1,42,0.0105
2025-07-24,2,ÍBV,Haukar,0,2,40,0.01
2025-07-24,2,ÍBV,Haukar,0,3,36,0.009
2025-07-24,2,ÍBV,Haukar,0,4,21,0.00525
2025-07-24,2,ÍBV,Haukar,0,5,5,0.00125
2025-07-24,2,ÍBV,Haukar,0,6,4,0.001
2025-07-24,2,ÍBV,Haukar,0,7,1,2.5e-4
2025-07-24,2,ÍBV,Haukar,1,0,91,0.02275
2025-07-24,2,ÍBV,Haukar,1,1,158,0.0395
2025-07-24,2,ÍBV,Haukar,1,2,110,0.0275
2025-07-24,2,ÍBV,Haukar,1,3,78,0.0195
2025-07-24,2,ÍBV,Haukar,1,4,44,0.011
2025-07-24,2,ÍBV,Haukar,1,5,20,0.005
2025-07-24,2,ÍBV,Haukar,1,6,6,0.0015
2025-07-24,2,ÍBV,Haukar,1,7,2,5e-4
2025-07-24,2,ÍBV,Haukar,2,0,122,0.0305
2025-07-24,2,ÍBV,Haukar,2,1,210,0.0525
2025-07-24,2,ÍBV,Haukar,2,2,200,0.05
2025-07-24,2,ÍBV,Haukar,2,3,124,0.031
2025-07-24,2,ÍBV,Haukar,2,4,59,0.01475
2025-07-24,2,ÍBV,Haukar,2,5,27,0.00675
2025-07-24,2,ÍBV,Haukar,2,6,9,0.00225
2025-07-24,2,ÍBV,Haukar,2,7,5,0.00125
2025-07-24,2,ÍBV,Haukar,3,0,135,0.03375
2025-07-24,2,ÍBV,Haukar,3,1,212,0.053
2025-07-24,2,ÍBV,Haukar,3,2,180,0.045
2025-07-24,2,ÍBV,Haukar,3,3,110,0.0275
2025-07-24,2,ÍBV,Haukar,3,4,70,0.0175
2025-07-24,2,ÍBV,Haukar,3,5,28,0.007
2025-07-24,2,ÍBV,Haukar,3,6,15,0.00375
2025-07-24,2,ÍBV,Haukar,3,7,4,0.001
2025-07-24,2,ÍBV,Haukar,4,0,113,0.02825
2025-07-24,2,ÍBV,Haukar,4,1,167,0.04175
2025-07-24,2,ÍBV,Haukar,4,2,165,0.04125
2025-07-24,2,ÍBV,Haukar,4,3,109,0.02725
2025-07-24,2,ÍBV,Haukar,4,4,61,0.01525
2025-07-24,2,ÍBV,Haukar,4,5,20,0.005
2025-07-24,2,ÍBV,Haukar,4,6,12,0.003
2025-07-24,2,ÍBV,Haukar,4,7,2,5e-4
2025-07-24,2,ÍBV,Haukar,4,8,1,2.5e-4
2025-07-24,2,ÍBV,Haukar,5,0,65,0.01625
2025-07-24,2,ÍBV,Haukar,5,1,140,0.035
2025-07-24,2,ÍBV,Haukar,5,2,107,0.02675
2025-07-24,2,ÍBV,Haukar,5,3,77,0.01925
2025-07-24,2,ÍBV,Haukar,5,4,38,0.0095
2025-07-24,2,ÍBV,Haukar,5,5,16,0.004
2025-07-24,2,ÍBV,Haukar,5,6,11,0.00275
2025-07-24,2,ÍBV,Haukar,5,7,1,2.5e-4
2025-07-24,2,ÍBV,Haukar,5,8,2,5e-4
2025-07-24,2,ÍBV,Haukar,5,10,1,2.5e-4
2025-07-24,2,ÍBV,Haukar,6,0,39,0.00975
2025-07-24,2,ÍBV,Haukar,6,1,72,0.018
2025-07-24,2,ÍBV,Haukar,6,2,99,0.02475
2025-07-24,2,ÍBV,Haukar,6,3,42,0.0105
2025-07-24,2,ÍBV,Haukar,6,4,22,0.0055
2025-07-24,2,ÍBV,Haukar,6,5,16,0.004
2025-07-24,2,ÍBV,Haukar,6,6,6,0.0015
2025-07-24,2,ÍBV,Haukar,6,7,3,7.5e-4
2025-07-24,2,ÍBV,Haukar,7,0,35,0.00875
2025-07-24,2,ÍBV,Haukar,7,1,47,0.01175
2025-07-24,2,ÍBV,Haukar,7,2,42,0.0105
2025-07-24,2,ÍBV,Haukar,7,3,29,0.00725
2025-07-24,2,ÍBV,Haukar,7,4,17,0.00425
2025-07-24,2,ÍBV,Haukar,7,5,9,0.00225
2025-07-24,2,ÍBV,Haukar,7,6,3,7.5e-4
2025-07-24,2,ÍBV,Haukar,7,7,3,7.5e-4
2025-07-24,2,ÍBV,Haukar,7,9,1,2.5e-4
2025-07-24,2,ÍBV,Haukar,8,0,13,0.00325
2025-07-24,2,ÍBV,Haukar,8,1,35,0.00875
2025-07-24,2,ÍBV,Haukar,8,2,19,0.00475
2025-07-24,2,ÍBV,Haukar,8,3,23,0.00575
2025-07-24,2,ÍBV,Haukar,8,4,12,0.003
2025-07-24,2,ÍBV,Haukar,8,5,6,0.0015
2025-07-24,2,ÍBV,Haukar,8,6,3,7.5e-4
2025-07-24,2,ÍBV,Haukar,8,7,1,2.5e-4
2025-07-24,2,ÍBV,Haukar,9,0,7,0.00175
2025-07-24,2,ÍBV,Haukar,9,1,14,0.0035
2025-07-24,2,ÍBV,Haukar,9,2,12,0.003
2025-07-24,2,ÍBV,Haukar,9,3,7,0.00175
2025-07-24,2,ÍBV,Haukar,9,4,3,7.5e-4
2025-07-24,2,ÍBV,Haukar,9,5,1,2.5e-4
2025-07-24,2,ÍBV,Haukar,9,6,2,5e-4
2025-07-24,2,ÍBV,Haukar,10,0,3,7.5e-4
2025-07-24,2,ÍBV,Haukar,10,1,7,0.00175
2025-07-24,2,ÍBV,Haukar,10,2,4,0.001
2025-07-24,2,ÍBV,Haukar,10,3,4,0.001
2025-07-24,2,ÍBV,Haukar,10,4,1,2.5e-4
2025-07-24,2,ÍBV,Haukar,10,9,2,5e-4
2025-07-24,2,ÍBV,Haukar,11,0,3,7.5e-4
2025-07-24,2,ÍBV,Haukar,11,1,4,0.001
2025-07-24,2,ÍBV,Haukar,11,2,2,5e-4
2025-07-24,2,ÍBV,Haukar,11,3,2,5e-4
2025-07-24,2,ÍBV,Haukar,11,5,1,2.5e-4
2025-07-24,2,ÍBV,Haukar,11,7,1,2.5e-4
2025-07-24,2,ÍBV,Haukar,13,0,1,2.5e-4
2025-07-24,2,ÍBV,Haukar,13,1,1,2.5e-4
2025-07-24,2,ÍBV,Haukar,14,1,1,2.5e-4
2025-07-24,2,ÍBV,Haukar,14,3,1,2.5e-4
2025-07-24,2,ÍBV,Haukar,15,3,1,2.5e-4
2025-07-24,2,ÍBV,Haukar,15,4,1,2.5e-4
2025-07-24,2,ÍBV,Haukar,16,2,1,2.5e-4
2025-07-25,1,FH,Fram,0,0,208,0.052
2025-07-25,1,FH,Fram,0,1,122,0.0305
2025-07-25,1,FH,Fram,0,2,49,0.01225
2025-07-25,1,FH,Fram,0,3,13,0.00325
2025-07-25,1,FH,Fram,0,4,2,5e-4
2025-07-25,1,FH,Fram,1,0,350,0.0875
2025-07-25,1,FH,Fram,1,1,274,0.0685
2025-07-25,1,FH,Fram,1,2,101,0.02525
2025-07-25,1,FH,Fram,1,3,31,0.00775
2025-07-25,1,FH,Fram,1,4,4,0.001
2025-07-25,1,FH,Fram,1,5,5,0.00125
2025-07-25,1,FH,Fram,1,6,1,2.5e-4
2025-07-25,1,FH,Fram,2,0,432,0.108
2025-07-25,1,FH,Fram,2,1,300,0.075
2025-07-25,1,FH,Fram,2,2,121,0.03025
2025-07-25,1,FH,Fram,2,3,38,0.0095
2025-07-25,1,FH,Fram,2,4,9,0.00225
2025-07-25,1,FH,Fram,2,5,2,5e-4
2025-07-25,1,FH,Fram,3,0,361,0.09025
2025-07-25,1,FH,Fram,3,1,262,0.0655
2025-07-25,1,FH,Fram,3,2,114,0.0285
2025-07-25,1,FH,Fram,3,3,33,0.00825
2025-07-25,1,FH,Fram,3,4,10,0.0025
2025-07-25,1,FH,Fram,3,5,1,2.5e-4
2025-07-25,1,FH,Fram,4,0,215,0.05375
2025-07-25,1,FH,Fram,4,1,184,0.046
2025-07-25,1,FH,Fram,4,2,75,0.01875
2025-07-25,1,FH,Fram,4,3,27,0.00675
2025-07-25,1,FH,Fram,4,4,6,0.0015
2025-07-25,1,FH,Fram,4,5,1,2.5e-4
2025-07-25,1,FH,Fram,4,7,1,2.5e-4
2025-07-25,1,FH,Fram,5,0,137,0.03425
2025-07-25,1,FH,Fram,5,1,103,0.02575
2025-07-25,1,FH,Fram,5,2,46,0.0115
2025-07-25,1,FH,Fram,5,3,16,0.004
2025-07-25,1,FH,Fram,5,4,4,0.001
2025-07-25,1,FH,Fram,5,5,1,2.5e-4
2025-07-25,1,FH,Fram,6,0,77,0.01925
2025-07-25,1,FH,Fram,6,1,71,0.01775
2025-07-25,1,FH,Fram,6,2,22,0.0055
2025-07-25,1,FH,Fram,6,3,7,0.00175
2025-07-25,1,FH,Fram,6,4,4,0.001
2025-07-25,1,FH,Fram,7,0,33,0.00825
2025-07-25,1,FH,Fram,7,1,33,0.00825
2025-07-25,1,FH,Fram,7,2,17,0.00425
2025-07-25,1,FH,Fram,7,3,5,0.00125
2025-07-25,1,FH,Fram,7,4,1,2.5e-4
2025-07-25,1,FH,Fram,8,0,20,0.005
2025-07-25,1,FH,Fram,8,1,13,0.00325
2025-07-25,1,FH,Fram,8,2,4,0.001
2025-07-25,1,FH,Fram,8,3,3,7.5e-4
2025-07-25,1,FH,Fram,9,0,7,0.00175
2025-07-25,1,FH,Fram,9,1,3,7.5e-4
2025-07-25,1,FH,Fram,9,2,3,7.5e-4
2025-07-25,1,FH,Fram,9,3,1,2.5e-4
2025-07-25,1,FH,Fram,10,0,5,0.00125
2025-07-25,1,FH,Fram,10,1,3,7.5e-4
2025-07-25,1,FH,Fram,10,2,2,5e-4
2025-07-25,1,FH,Fram,11,0,3,7.5e-4
2025-07-25,1,FH,Fram,11,1,2,5e-4
2025-07-25,1,FH,Fram,13,1,2,5e-4
2025-07-25,1,Víkingur R.,Stjarnan,0,0,266,0.0665
2025-07-25,1,Víkingur R.,Stjarnan,0,1,287,0.07175
2025-07-25,1,Víkingur R.,Stjarnan,0,2,216,0.054
2025-07-25,1,Víkingur R.,Stjarnan,0,3,100,0.025
2025-07-25,1,Víkingur R.,Stjarnan,0,4,53,0.01325
2025-07-25,1,Víkingur R.,Stjarnan,0,5,17,0.00425
2025-07-25,1,Víkingur R.,Stjarnan,0,6,2,5e-4
2025-07-25,1,Víkingur R.,Stjarnan,1,0,325,0.08125
2025-07-25,1,Víkingur R.,Stjarnan,1,1,429,0.10725
2025-07-25,1,Víkingur R.,Stjarnan,1,2,280,0.07
2025-07-25,1,Víkingur R.,Stjarnan,1,3,156,0.039
2025-07-25,1,Víkingur R.,Stjarnan,1,4,78,0.0195
2025-07-25,1,Víkingur R.,Stjarnan,1,5,22,0.0055
2025-07-25,1,Víkingur R.,Stjarnan,1,6,9,0.00225
2025-07-25,1,Víkingur R.,Stjarnan,1,7,1,2.5e-4
2025-07-25,1,Víkingur R.,Stjarnan,2,0,195,0.04875
2025-07-25,1,Víkingur R.,Stjarnan,2,1,269,0.06725
2025-07-25,1,Víkingur R.,Stjarnan,2,2,245,0.06125
2025-07-25,1,Víkingur R.,Stjarnan,2,3,133,0.03325
2025-07-25,1,Víkingur R.,Stjarnan,2,4,36,0.009
2025-07-25,1,Víkingur R.,Stjarnan,2,5,20,0.005
2025-07-25,1,Víkingur R.,Stjarnan,2,6,7,0.00175
2025-07-25,1,Víkingur R.,Stjarnan,3,0,120,0.03
2025-07-25,1,Víkingur R.,Stjarnan,3,1,147,0.03675
2025-07-25,1,Víkingur R.,Stjarnan,3,2,106,0.0265
2025-07-25,1,Víkingur R.,Stjarnan,3,3,59,0.01475
2025-07-25,1,Víkingur R.,Stjarnan,3,4,33,0.00825
2025-07-25,1,Víkingur R.,Stjarnan,3,5,18,0.0045
2025-07-25,1,Víkingur R.,Stjarnan,3,6,5,0.00125
2025-07-25,1,Víkingur R.,Stjarnan,3,7,1,2.5e-4
2025-07-25,1,Víkingur R.,Stjarnan,3,8,1,2.5e-4
2025-07-25,1,Víkingur R.,Stjarnan,4,0,37,0.00925
2025-07-25,1,Víkingur R.,Stjarnan,4,1,81,0.02025
2025-07-25,1,Víkingur R.,Stjarnan,4,2,60,0.015
2025-07-25,1,Víkingur R.,Stjarnan,4,3,29,0.00725
2025-07-25,1,Víkingur R.,Stjarnan,4,4,17,0.00425
2025-07-25,1,Víkingur R.,Stjarnan,4,5,11,0.00275
2025-07-25,1,Víkingur R.,Stjarnan,4,6,2,5e-4
2025-07-25,1,Víkingur R.,Stjarnan,4,7,1,2.5e-4
2025-07-25,1,Víkingur R.,Stjarnan,5,0,16,0.004
2025-07-25,1,Víkingur R.,Stjarnan,5,1,18,0.0045
2025-07-25,1,Víkingur R.,Stjarnan,5,2,24,0.006
2025-07-25,1,Víkingur R.,Stjarnan,5,3,11,0.00275
2025-07-25,1,Víkingur R.,Stjarnan,5,4,6,0.0015
2025-07-25,1,Víkingur R.,Stjarnan,5,5,4,0.001
2025-07-25,1,Víkingur R.,Stjarnan,5,6,1,2.5e-4
2025-07-25,1,Víkingur R.,Stjarnan,6,0,4,0.001
2025-07-25,1,Víkingur R.,Stjarnan,6,1,10,0.0025
2025-07-25,1,Víkingur R.,Stjarnan,6,2,10,0.0025
2025-07-25,1,Víkingur R.,Stjarnan,6,3,3,7.5e-4
2025-07-25,1,Víkingur R.,Stjarnan,6,4,5,0.00125
2025-07-25,1,Víkingur R.,Stjarnan,6,5,1,2.5e-4
2025-07-25,1,Víkingur R.,Stjarnan,7,1,2,5e-4
2025-07-25,1,Víkingur R.,Stjarnan,7,2,4,0.001
2025-07-25,1,Víkingur R.,Stjarnan,7,3,2,5e-4
2025-07-25,1,Víkingur R.,Stjarnan,7,4,1,2.5e-4
2025-07-25,1,Víkingur R.,Stjarnan,8,1,1,2.5e-4
2025-07-25,1,Víkingur R.,Stjarnan,8,2,1,2.5e-4
2025-07-25,1,Víkingur R.,Stjarnan,8,8,1,2.5e-4
2025-07-25,1,Víkingur R.,Stjarnan,9,3,1,2.5e-4
2025-07-26,3,Dalvík/Reynir,Smári,0,0,128,0.032
2025-07-26,3,Dalvík/Reynir,Smári,0,1,67,0.01675
2025-07-26,3,Dalvík/Reynir,Smári,0,2,16,0.004
2025-07-26,3,Dalvík/Reynir,Smári,0,3,4,0.001
2025-07-26,3,Dalvík/Reynir,Smári,0,4,1,2.5e-4
2025-07-26,3,Dalvík/Reynir,Smári,1,0,350,0.0875
2025-07-26,3,Dalvík/Reynir,Smári,1,1,151,0.03775
2025-07-26,3,Dalvík/Reynir,Smári,1,2,55,0.01375
2025-07-26,3,Dalvík/Reynir,Smári,1,3,7,0.00175
2025-07-26,3,Dalvík/Reynir,Smári,1,4,1,2.5e-4
2025-07-26,3,Dalvík/Reynir,Smári,2,0,480,0.12
2025-07-26,3,Dalvík/Reynir,Smári,2,1,200,0.05
2025-07-26,3,Dalvík/Reynir,Smári,2,2,89,0.02225
2025-07-26,3,Dalvík/Reynir,Smári,2,3,12,0.003
2025-07-26,3,Dalvík/Reynir,Smári,2,4,1,2.5e-4
2025-07-26,3,Dalvík/Reynir,Smári,2,5,1,2.5e-4
2025-07-26,3,Dalvík/Reynir,Smári,3,0,432,0.108
2025-07-26,3,Dalvík/Reynir,Smári,3,1,220,0.055
2025-07-26,3,Dalvík/Reynir,Smári,3,2,58,0.0145
2025-07-26,3,Dalvík/Reynir,Smári,3,3,9,0.00225
2025-07-26,3,Dalvík/Reynir,Smári,3,4,1,2.5e-4
2025-07-26,3,Dalvík/Reynir,Smári,4,0,366,0.0915
2025-07-26,3,Dalvík/Reynir,Smári,4,1,193,0.04825
2025-07-26,3,Dalvík/Reynir,Smári,4,2,49,0.01225
2025-07-26,3,Dalvík/Reynir,Smári,4,3,15,0.00375
2025-07-26,3,Dalvík/Reynir,Smári,4,4,2,5e-4
2025-07-26,3,Dalvík/Reynir,Smári,5,0,279,0.06975
2025-07-26,3,Dalvík/Reynir,Smári,5,1,126,0.0315
2025-07-26,3,Dalvík/Reynir,Smári,5,2,41,0.01025
2025-07-26,3,Dalvík/Reynir,Smári,5,3,5,0.00125
2025-07-26,3,Dalvík/Reynir,Smári,5,4,2,5e-4
2025-07-26,3,Dalvík/Reynir,Smári,6,0,148,0.037
2025-07-26,3,Dalvík/Reynir,Smári,6,1,81,0.02025
2025-07-26,3,Dalvík/Reynir,Smári,6,2,29,0.00725
2025-07-26,3,Dalvík/Reynir,Smári,6,3,2,5e-4
2025-07-26,3,Dalvík/Reynir,Smári,7,0,90,0.0225
2025-07-26,3,Dalvík/Reynir,Smári,7,1,67,0.01675
2025-07-26,3,Dalvík/Reynir,Smári,7,2,11,0.00275
2025-07-26,3,Dalvík/Reynir,Smári,7,3,1,2.5e-4
2025-07-26,3,Dalvík/Reynir,Smári,7,4,2,5e-4
2025-07-26,3,Dalvík/Reynir,Smári,8,0,39,0.00975
2025-07-26,3,Dalvík/Reynir,Smári,8,1,27,0.00675
2025-07-26,3,Dalvík/Reynir,Smári,8,2,5,0.00125
2025-07-26,3,Dalvík/Reynir,Smári,9,0,36,0.009
2025-07-26,3,Dalvík/Reynir,Smári,9,1,12,0.003
2025-07-26,3,Dalvík/Reynir,Smári,9,2,4,0.001
2025-07-26,3,Dalvík/Reynir,Smári,9,3,1,2.5e-4
2025-07-26,3,Dalvík/Reynir,Smári,10,0,18,0.0045
2025-07-26,3,Dalvík/Reynir,Smári,10,1,9,0.00225
2025-07-26,3,Dalvík/Reynir,Smári,10,2,3,7.5e-4
2025-07-26,3,Dalvík/Reynir,Smári,10,3,1,2.5e-4
2025-07-26,3,Dalvík/Reynir,Smári,11,0,20,0.005
2025-07-26,3,Dalvík/Reynir,Smári,11,1,6,0.0015
2025-07-26,3,Dalvík/Reynir,Smári,11,2,3,7.5e-4
2025-07-26,3,Dalvík/Reynir,Smári,12,0,4,0.001
2025-07-26,3,Dalvík/Reynir,Smári,12,1,5,0.00125
2025-07-26,3,Dalvík/Reynir,Smári,12,2,2,5e-4
2025-07-26,3,Dalvík/Reynir,Smári,13,0,3,7.5e-4
2025-07-26,3,Dalvík/Reynir,Smári,13,1,2,5e-4
2025-07-26,3,Dalvík/Reynir,Smári,13,2,1,2.5e-4
2025-07-26,3,Dalvík/Reynir,Smári,14,0,4,0.001
2025-07-26,3,Dalvík/Reynir,Smári,14,1,1,2.5e-4
2025-07-26,3,Dalvík/Reynir,Smári,15,0,2,5e-4
2025-07-26,3,Einherji,Vestri,0,0,173,0.04325
2025-07-26,3,Einherji,Vestri,0,1,95,0.02375
2025-07-26,3,Einherji,Vestri,0,2,39,0.00975
2025-07-26,3,Einherji,Vestri,0,3,13,0.00325
2025-07-26,3,Einherji,Vestri,0,4,1,2.5e-4
2025-07-26,3,Einherji,Vestri,0,5,1,2.5e-4
2025-07-26,3,Einherji,Vestri,0,7,1,2.5e-4
2025-07-26,3,Einherji,Vestri,1,0,332,0.083
2025-07-26,3,Einherji,Vestri,1,1,198,0.0495
2025-07-26,3,Einherji,Vestri,1,2,81,0.02025
2025-07-26,3,Einherji,Vestri,1,3,22,0.0055
2025-07-26,3,Einherji,Vestri,1,4,4,0.001
2025-07-26,3,Einherji,Vestri,2,0,456,0.114
2025-07-26,3,Einherji,Vestri,2,1,270,0.0675
2025-07-26,3,Einherji,Vestri,2,2,73,0.01825
2025-07-26,3,Einherji,Vestri,2,3,24,0.006
2025-07-26,3,Einherji,Vestri,2,4,5,0.00125
2025-07-26,3,Einherji,Vestri,2,5,3,7.5e-4
2025-07-26,3,Einherji,Vestri,3,0,411,0.10275
2025-07-26,3,Einherji,Vestri,3,1,235,0.05875
2025-07-26,3,Einherji,Vestri,3,2,78,0.0195
2025-07-26,3,Einherji,Vestri,3,3,29,0.00725
2025-07-26,3,Einherji,Vestri,3,4,3,7.5e-4
2025-07-26,3,Einherji,Vestri,3,5,1,2.5e-4
2025-07-26,3,Einherji,Vestri,3,6,1,2.5e-4
2025-07-26,3,Einherji,Vestri,4,0,299,0.07475
2025-07-26,3,Einherji,Vestri,4,1,183,0.04575
2025-07-26,3,Einherji,Vestri,4,2,74,0.0185
2025-07-26,3,Einherji,Vestri,4,3,17,0.00425
2025-07-26,3,Einherji,Vestri,4,4,6,0.0015
2025-07-26,3,Einherji,Vestri,4,5,1,2.5e-4
2025-07-26,3,Einherji,Vestri,5,0,212,0.053
2025-07-26,3,Einherji,Vestri,5,1,121,0.03025
2025-07-26,3,Einherji,Vestri,5,2,39,0.00975
2025-07-26,3,Einherji,Vestri,5,3,10,0.0025
2025-07-26,3,Einherji,Vestri,5,4,4,0.001
2025-07-26,3,Einherji,Vestri,6,0,110,0.0275
2025-07-26,3,Einherji,Vestri,6,1,63,0.01575
2025-07-26,3,Einherji,Vestri,6,2,16,0.004
2025-07-26,3,Einherji,Vestri,6,3,12,0.003
2025-07-26,3,Einherji,Vestri,6,5,1,2.5e-4
2025-07-26,3,Einherji,Vestri,7,0,69,0.01725
2025-07-26,3,Einherji,Vestri,7,1,54,0.0135
2025-07-26,3,Einherji,Vestri,7,2,13,0.00325
2025-07-26,3,Einherji,Vestri,7,3,3,7.5e-4
2025-07-26,3,Einherji,Vestri,7,4,2,5e-4
2025-07-26,3,Einherji,Vestri,8,0,34,0.0085
2025-07-26,3,Einherji,Vestri,8,1,27,0.00675
2025-07-26,3,Einherji,Vestri,8,2,9,0.00225
2025-07-26,3,Einherji,Vestri,8,3,3,7.5e-4
2025-07-26,3,Einherji,Vestri,9,0,15,0.00375
2025-07-26,3,Einherji,Vestri,9,1,15,0.00375
2025-07-26,3,Einherji,Vestri,9,2,4,0.001
2025-07-26,3,Einherji,Vestri,9,3,2,5e-4
2025-07-26,3,Einherji,Vestri,10,0,10,0.0025
2025-07-26,3,Einherji,Vestri,10,1,3,7.5e-4
2025-07-26,3,Einherji,Vestri,10,2,2,5e-4
2025-07-26,3,Einherji,Vestri,10,3,3,7.5e-4
2025-07-26,3,Einherji,Vestri,11,0,6,0.0015
2025-07-26,3,Einherji,Vestri,11,1,2,5e-4
2025-07-26,3,Einherji,Vestri,11,2,1,2.5e-4
2025-07-26,3,Einherji,Vestri,12,0,2,5e-4
2025-07-26,3,Einherji,Vestri,12,2,1,2.5e-4
2025-07-26,3,Einherji,Vestri,13,1,2,5e-4
2025-07-26,3,Einherji,Vestri,17,1,1,2.5e-4
2025-07-26,3,Fjölnir,Völsungur,0,0,211,0.05275
2025-07-26,3,Fjölnir,Völsungur,0,1,295,0.07375
2025-07-26,3,Fjölnir,Völsungur,0,2,224,0.056
2025-07-26,3,Fjölnir,Völsungur,0,3,145,0.03625
2025-07-26,3,Fjölnir,Völsungur,0,4,61,0.01525
2025-07-26,3,Fjölnir,Völsungur,0,5,26,0.0065
2025-07-26,3,Fjölnir,Völsungur,0,6,18,0.0045
2025-07-26,3,Fjölnir,Völsungur,0,7,3,7.5e-4
2025-07-26,3,Fjölnir,Völsungur,0,10,1,2.5e-4
2025-07-26,3,Fjölnir,Völsungur,1,0,231,0.05775
2025-07-26,3,Fjölnir,Völsungur,1,1,391,0.09775
2025-07-26,3,Fjölnir,Völsungur,1,2,305,0.07625
2025-07-26,3,Fjölnir,Völsungur,1,3,198,0.0495
2025-07-26,3,Fjölnir,Völsungur,1,4,90,0.0225
2025-07-26,3,Fjölnir,Völsungur,1,5,44,0.011
2025-07-26,3,Fjölnir,Völsungur,1,6,13,0.00325
2025-07-26,3,Fjölnir,Völsungur,1,7,10,0.0025
2025-07-26,3,Fjölnir,Völsungur,1,8,5,0.00125
2025-07-26,3,Fjölnir,Völsungur,1,9,1,2.5e-4
2025-07-26,3,Fjölnir,Völsungur,2,0,159,0.03975
2025-07-26,3,Fjölnir,Völsungur,2,1,267,0.06675
2025-07-26,3,Fjölnir,Völsungur,2,2,237,0.05925
2025-07-26,3,Fjölnir,Völsungur,2,3,136,0.034
2025-07-26,3,Fjölnir,Völsungur,2,4,76,0.019
2025-07-26,3,Fjölnir,Völsungur,2,5,25,0.00625
2025-07-26,3,Fjölnir,Völsungur,2,6,19,0.00475
2025-07-26,3,Fjölnir,Völsungur,2,7,2,5e-4
2025-07-26,3,Fjölnir,Völsungur,2,8,2,5e-4
2025-07-26,3,Fjölnir,Völsungur,2,9,1,2.5e-4
2025-07-26,3,Fjölnir,Völsungur,3,0,99,0.02475
2025-07-26,3,Fjölnir,Völsungur,3,1,148,0.037
2025-07-26,3,Fjölnir,Völsungur,3,2,112,0.028
2025-07-26,3,Fjölnir,Völsungur,3,3,63,0.01575
2025-07-26,3,Fjölnir,Völsungur,3,4,22,0.0055
2025-07-26,3,Fjölnir,Völsungur,3,5,13,0.00325
2025-07-26,3,Fjölnir,Völsungur,3,6,6,0.0015
2025-07-26,3,Fjölnir,Völsungur,3,7,2,5e-4
2025-07-26,3,Fjölnir,Völsungur,3,8,1,2.5e-4
2025-07-26,3,Fjölnir,Völsungur,3,9,1,2.5e-4
2025-07-26,3,Fjölnir,Völsungur,3,15,1,2.5e-4
2025-07-26,3,Fjölnir,Völsungur,4,0,30,0.0075
2025-07-26,3,Fjölnir,Völsungur,4,1,62,0.0155
2025-07-26,3,Fjölnir,Völsungur,4,2,61,0.01525
2025-07-26,3,Fjölnir,Völsungur,4,3,41,0.01025
2025-07-26,3,Fjölnir,Völsungur,4,4,15,0.00375
2025-07-26,3,Fjölnir,Völsungur,4,5,9,0.00225
2025-07-26,3,Fjölnir,Völsungur,4,7,2,5e-4
2025-07-26,3,Fjölnir,Völsungur,5,0,13,0.00325
2025-07-26,3,Fjölnir,Völsungur,5,1,16,0.004
2025-07-26,3,Fjölnir,Völsungur,5,2,19,0.00475
2025-07-26,3,Fjölnir,Völsungur,5,3,17,0.00425
2025-07-26,3,Fjölnir,Völsungur,5,4,5,0.00125
2025-07-26,3,Fjölnir,Völsungur,5,5,3,7.5e-4
2025-07-26,3,Fjölnir,Völsungur,5,6,1,2.5e-4
2025-07-26,3,Fjölnir,Völsungur,5,9,1,2.5e-4
2025-07-26,3,Fjölnir,Völsungur,6,0,7,0.00175
2025-07-26,3,Fjölnir,Völsungur,6,1,8,0.002
2025-07-26,3,Fjölnir,Völsungur,6,2,8,0.002
2025-07-26,3,Fjölnir,Völsungur,6,3,3,7.5e-4
2025-07-26,3,Fjölnir,Völsungur,6,4,3,7.5e-4
2025-07-26,3,Fjölnir,Völsungur,7,0,1,2.5e-4
2025-07-26,3,Fjölnir,Völsungur,7,1,2,5e-4
2025-07-26,3,Fjölnir,Völsungur,7,2,1,2.5e-4
2025-07-26,3,Fjölnir,Völsungur,7,3,4,0.001
2025-07-26,3,Fjölnir,Völsungur,7,4,1,2.5e-4
2025-07-26,3,Fjölnir,Völsungur,8,1,2,5e-4
2025-07-26,3,Fjölnir,Völsungur,9,6,1,2.5e-4
2025-07-28,1,Valur,Breiðablik,0,0,356,0.089
2025-07-28,1,Valur,Breiðablik,0,1,481,0.12025
2025-07-28,1,Valur,Breiðablik,0,2,408,0.102
2025-07-28,1,Valur,Breiðablik,0,3,238,0.0595
2025-07-28,1,Valur,Breiðablik,0,4,154,0.0385
2025-07-28,1,Valur,Breiðablik,0,5,72,0.018
2025-07-28,1,Valur,Breiðablik,0,6,28,0.007
2025-07-28,1,Valur,Breiðablik,0,7,15,0.00375
2025-07-28,1,Valur,Breiðablik,0,8,4,0.001
2025-07-28,1,Valur,Breiðablik,0,10,2,5e-4
2025-07-28,1,Valur,Breiðablik,1,0,229,0.05725
2025-07-28,1,Valur,Breiðablik,1,1,405,0.10125
2025-07-28,1,Valur,Breiðablik,1,2,337,0.08425
2025-07-28,1,Valur,Breiðablik,1,3,181,0.04525
2025-07-28,1,Valur,Breiðablik,1,4,115,0.02875
2025-07-28,1,Valur,Breiðablik,1,5,43,0.01075
2025-07-28,1,Valur,Breiðablik,1,6,29,0.00725
2025-07-28,1,Valur,Breiðablik,1,7,10,0.0025
2025-07-28,1,Valur,Breiðablik,1,8,2,5e-4
2025-07-28,1,Valur,Breiðablik,1,10,1,2.5e-4
2025-07-28,1,Valur,Breiðablik,2,0,102,0.0255
2025-07-28,1,Valur,Breiðablik,2,1,140,0.035
2025-07-28,1,Valur,Breiðablik,2,2,137,0.03425
2025-07-28,1,Valur,Breiðablik,2,3,104,0.026
2025-07-28,1,Valur,Breiðablik,2,4,56,0.014
2025-07-28,1,Valur,Breiðablik,2,5,18,0.0045
2025-07-28,1,Valur,Breiðablik,2,6,10,0.0025
2025-07-28,1,Valur,Breiðablik,2,7,5,0.00125
2025-07-28,1,Valur,Breiðablik,2,8,5,0.00125
2025-07-28,1,Valur,Breiðablik,2,10,1,2.5e-4
2025-07-28,1,Valur,Breiðablik,3,0,40,0.01
2025-07-28,1,Valur,Breiðablik,3,1,58,0.0145
2025-07-28,1,Valur,Breiðablik,3,2,48,0.012
2025-07-28,1,Valur,Breiðablik,3,3,32,0.008
2025-07-28,1,Valur,Breiðablik,3,4,25,0.00625
2025-07-28,1,Valur,Breiðablik,3,5,9,0.00225
2025-07-28,1,Valur,Breiðablik,3,6,3,7.5e-4
2025-07-28,1,Valur,Breiðablik,3,7,2,5e-4
2025-07-28,1,Valur,Breiðablik,3,9,2,5e-4
2025-07-28,1,Valur,Breiðablik,4,0,11,0.00275
2025-07-28,1,Valur,Breiðablik,4,1,19,0.00475
2025-07-28,1,Valur,Breiðablik,4,2,19,0.00475
2025-07-28,1,Valur,Breiðablik,4,3,13,0.00325
2025-07-28,1,Valur,Breiðablik,4,4,4,0.001
2025-07-28,1,Valur,Breiðablik,4,5,3,7.5e-4
2025-07-28,1,Valur,Breiðablik,4,6,2,5e-4
2025-07-28,1,Valur,Breiðablik,5,0,2,5e-4
2025-07-28,1,Valur,Breiðablik,5,1,3,7.5e-4
2025-07-28,1,Valur,Breiðablik,5,2,5,0.00125
2025-07-28,1,Valur,Breiðablik,5,3,2,5e-4
2025-07-28,1,Valur,Breiðablik,5,4,3,7.5e-4
2025-07-28,1,Valur,Breiðablik,5,5,2,5e-4
2025-07-28,1,Valur,Breiðablik,5,9,1,2.5e-4
2025-07-28,1,Valur,Breiðablik,6,1,3,7.5e-4
2025-07-28,1,Valur,Breiðablik,6,3,1,2.5e-4
2025-07-28,3,ÍR,ÍH,0,0,56,0.014
2025-07-28,3,ÍR,ÍH,0,1,59,0.01475
2025-07-28,3,ÍR,ÍH,0,2,47,0.01175
2025-07-28,3,ÍR,ÍH,0,3,57,0.01425
2025-07-28,3,ÍR,ÍH,0,4,31,0.00775
2025-07-28,3,ÍR,ÍH,0,5,12,0.003
2025-07-28,3,ÍR,ÍH,0,6,6,0.0015
2025-07-28,3,ÍR,ÍH,0,7,3,7.5e-4
2025-07-28,3,ÍR,ÍH,0,9,1,2.5e-4
2025-07-28,3,ÍR,ÍH,0,10,2,5e-4
2025-07-28,3,ÍR,ÍH,1,0,97,0.02425
2025-07-28,3,ÍR,ÍH,1,1,158,0.0395
2025-07-28,3,ÍR,ÍH,1,2,134,0.0335
2025-07-28,3,ÍR,ÍH,1,3,115,0.02875
2025-07-28,3,ÍR,ÍH,1,4,55,0.01375
2025-07-28,3,ÍR,ÍH,1,5,27,0.00675
2025-07-28,3,ÍR,ÍH,1,6,6,0.0015
2025-07-28,3,ÍR,ÍH,1,7,5,0.00125
2025-07-28,3,ÍR,ÍH,1,8,1,2.5e-4
2025-07-28,3,ÍR,ÍH,1,9,1,2.5e-4
2025-07-28,3,ÍR,ÍH,2,0,112,0.028
2025-07-28,3,ÍR,ÍH,2,1,177,0.04425
2025-07-28,3,ÍR,ÍH,2,2,188,0.047
2025-07-28,3,ÍR,ÍH,2,3,129,0.03225
2025-07-28,3,ÍR,ÍH,2,4,73,0.01825
2025-07-28,3,ÍR,ÍH,2,5,38,0.0095
2025-07-28,3,ÍR,ÍH,2,6,20,0.005
2025-07-28,3,ÍR,ÍH,2,7,10,0.0025
2025-07-28,3,ÍR,ÍH,2,8,2,5e-4
2025-07-28,3,ÍR,ÍH,2,9,2,5e-4
2025-07-28,3,ÍR,ÍH,2,10,1,2.5e-4
2025-07-28,3,ÍR,ÍH,3,0,101,0.02525
2025-07-28,3,ÍR,ÍH,3,1,204,0.051
2025-07-28,3,ÍR,ÍH,3,2,167,0.04175
2025-07-28,3,ÍR,ÍH,3,3,130,0.0325
2025-07-28,3,ÍR,ÍH,3,4,61,0.01525
2025-07-28,3,ÍR,ÍH,3,5,38,0.0095
2025-07-28,3,ÍR,ÍH,3,6,16,0.004
2025-07-28,3,ÍR,ÍH,3,7,3,7.5e-4
2025-07-28,3,ÍR,ÍH,3,9,5,0.00125
2025-07-28,3,ÍR,ÍH,4,0,97,0.02425
2025-07-28,3,ÍR,ÍH,4,1,157,0.03925
2025-07-28,3,ÍR,ÍH,4,2,150,0.0375
2025-07-28,3,ÍR,ÍH,4,3,103,0.02575
2025-07-28,3,ÍR,ÍH,4,4,63,0.01575
2025-07-28,3,ÍR,ÍH,4,5,30,0.0075
2025-07-28,3,ÍR,ÍH,4,6,18,0.0045
2025-07-28,3,ÍR,ÍH,4,7,5,0.00125
2025-07-28,3,ÍR,ÍH,4,9,4,0.001
2025-07-28,3,ÍR,ÍH,4,10,1,2.5e-4
2025-07-28,3,ÍR,ÍH,5,0,67,0.01675
2025-07-28,3,ÍR,ÍH,5,1,102,0.0255
2025-07-28,3,ÍR,ÍH,5,2,87,0.02175
2025-07-28,3,ÍR,ÍH,5,3,66,0.0165
2025-07-28,3,ÍR,ÍH,5,4,44,0.011
2025-07-28,3,ÍR,ÍH,5,5,19,0.00475
2025-07-28,3,ÍR,ÍH,5,6,8,0.002
2025-07-28,3,ÍR,ÍH,5,7,8,0.002
2025-07-28,3,ÍR,ÍH,5,8,1,2.5e-4
2025-07-28,3,ÍR,ÍH,5,9,1,2.5e-4
2025-07-28,3,ÍR,ÍH,5,10,1,2.5e-4
2025-07-28,3,ÍR,ÍH,6,0,46,0.0115
2025-07-28,3,ÍR,ÍH,6,1,58,0.0145
2025-07-28,3,ÍR,ÍH,6,2,55,0.01375
2025-07-28,3,ÍR,ÍH,6,3,43,0.01075
2025-07-28,3,ÍR,ÍH,6,4,29,0.00725
2025-07-28,3,ÍR,ÍH,6,5,17,0.00425
2025-07-28,3,ÍR,ÍH,6,6,11,0.00275
2025-07-28,3,ÍR,ÍH,6,7,3,7.5e-4
2025-07-28,3,ÍR,ÍH,6,8,4,0.001
2025-07-28,3,ÍR,ÍH,6,9,1,2.5e-4
2025-07-28,3,ÍR,ÍH,6,10,1,2.5e-4
2025-07-28,3,ÍR,ÍH,7,0,19,0.00475
2025-07-28,3,ÍR,ÍH,7,1,37,0.00925
2025-07-28,3,ÍR,ÍH,7,2,35,0.00875
2025-07-28,3,ÍR,ÍH,7,3,30,0.0075
2025-07-28,3,ÍR,ÍH,7,4,13,0.00325
2025-07-28,3,ÍR,ÍH,7,5,6,0.0015
2025-07-28,3,ÍR,ÍH,7,6,4,0.001
2025-07-28,3,ÍR,ÍH,7,7,1,2.5e-4
2025-07-28,3,ÍR,ÍH,7,10,1,2.5e-4
2025-07-28,3,ÍR,ÍH,7,13,1,2.5e-4
2025-07-28,3,ÍR,ÍH,8,0,11,0.00275
2025-07-28,3,ÍR,ÍH,8,1,23,0.00575
2025-07-28,3,ÍR,ÍH,8,2,26,0.0065
2025-07-28,3,ÍR,ÍH,8,3,25,0.00625
2025-07-28,3,ÍR,ÍH,8,4,8,0.002
2025-07-28,3,ÍR,ÍH,8,5,3,7.5e-4
2025-07-28,3,ÍR,ÍH,8,6,3,7.5e-4
2025-07-28,3,ÍR,ÍH,8,7,1,2.5e-4
2025-07-28,3,ÍR,ÍH,9,0,6,0.0015
2025-07-28,3,ÍR,ÍH,9,1,7,0.00175
2025-07-28,3,ÍR,ÍH,9,2,15,0.00375
2025-07-28,3,ÍR,ÍH,9,3,12,0.003
2025-07-28,3,ÍR,ÍH,9,4,5,0.00125
2025-07-28,3,ÍR,ÍH,9,5,4,0.001
2025-07-28,3,ÍR,ÍH,9,7,1,2.5e-4
2025-07-28,3,ÍR,ÍH,9,8,1,2.5e-4
2025-07-28,3,ÍR,ÍH,10,0,1,2.5e-4
2025-07-28,3,ÍR,ÍH,10,1,5,0.00125
2025-07-28,3,ÍR,ÍH,10,2,13,0.00325
2025-07-28,3,ÍR,ÍH,10,3,2,5e-4
2025-07-28,3,ÍR,ÍH,10,4,3,7.5e-4
2025-07-28,3,ÍR,ÍH,10,6,1,2.5e-4
2025-07-28,3,ÍR,ÍH,11,0,2,5e-4
2025-07-28,3,ÍR,ÍH,11,1,3,7.5e-4
2025-07-28,3,ÍR,ÍH,11,2,3,7.5e-4
2025-07-28,3,ÍR,ÍH,11,3,3,7.5e-4
2025-07-28,3,ÍR,ÍH,11,4,1,2.5e-4
2025-07-28,3,ÍR,ÍH,11,5,1,2.5e-4
2025-07-28,3,ÍR,ÍH,11,11,1,2.5e-4
2025-07-28,3,ÍR,ÍH,12,1,2,5e-4
2025-07-28,3,ÍR,ÍH,12,3,1,2.5e-4
2025-07-28,3,ÍR,ÍH,12,4,1,2.5e-4
2025-07-28,3,ÍR,ÍH,13,0,1,2.5e-4
2025-07-28,3,ÍR,ÍH,13,1,2,5e-4
2025-07-28,3,ÍR,ÍH,13,2,1,2.5e-4
2025-07-28,3,ÍR,ÍH,13,5,1,2.5e-4
2025-07-28,3,ÍR,ÍH,15,1,1,2.5e-4
2025-07-28,3,ÍR,ÍH,16,1,1,2.5e-4
2025-07-28,3,ÍR,ÍH,17,0,1,2.5e-4
2025-07-28,3,ÍR,ÍH,20,1,1,2.5e-4
2025-07-29,2,Afturelding,HK,0,0,91,0.02275
2025-07-29,2,Afturelding,HK,0,1,225,0.05625
2025-07-29,2,Afturelding,HK,0,2,256,0.064
2025-07-29,2,Afturelding,HK,0,3,258,0.0645
2025-07-29,2,Afturelding,HK,0,4,202,0.0505
2025-07-29,2,Afturelding,HK,0,5,121,0.03025
2025-07-29,2,Afturelding,HK,0,6,72,0.018
2025-07-29,2,Afturelding,HK,0,7,40,0.01
2025-07-29,2,Afturelding,HK,0,8,16,0.004
2025-07-29,2,Afturelding,HK,0,9,16,0.004
2025-07-29,2,Afturelding,HK,0,10,4,0.001
2025-07-29,2,Afturelding,HK,0,12,3,7.5e-4
2025-07-29,2,Afturelding,HK,1,0,80,0.02
2025-07-29,2,Afturelding,HK,1,1,224,0.056
2025-07-29,2,Afturelding,HK,1,2,291,0.07275
2025-07-29,2,Afturelding,HK,1,3,279,0.06975
2025-07-29,2,Afturelding,HK,1,4,205,0.05125
2025-07-29,2,Afturelding,HK,1,5,137,0.03425
2025-07-29,2,Afturelding,HK,1,6,89,0.02225
2025-07-29,2,Afturelding,HK,1,7,49,0.01225
2025-07-29,2,Afturelding,HK,1,8,24,0.006
2025-07-29,2,Afturelding,HK,1,9,8,0.002
2025-07-29,2,Afturelding,HK,1,10,5,0.00125
2025-07-29,2,Afturelding,HK,1,11,4,0.001
2025-07-29,2,Afturelding,HK,1,12,2,5e-4
2025-07-29,2,Afturelding,HK,1,13,2,5e-4
2025-07-29,2,Afturelding,HK,2,0,39,0.00975
2025-07-29,2,Afturelding,HK,2,1,124,0.031
2025-07-29,2,Afturelding,HK,2,2,159,0.03975
2025-07-29,2,Afturelding,HK,2,3,146,0.0365
2025-07-29,2,Afturelding,HK,2,4,111,0.02775
2025-07-29,2,Afturelding,HK,2,5,92,0.023
2025-07-29,2,Afturelding,HK,2,6,44,0.011
2025-07-29,2,Afturelding,HK,2,7,34,0.0085
2025-07-29,2,Afturelding,HK,2,8,19,0.00475
2025-07-29,2,Afturelding,HK,2,9,4,0.001
2025-07-29,2,Afturelding,HK,2,10,5,0.00125
2025-07-29,2,Afturelding,HK,2,11,3,7.5e-4
2025-07-29,2,Afturelding,HK,2,13,1,2.5e-4
2025-07-29,2,Afturelding,HK,3,0,22,0.0055
2025-07-29,2,Afturelding,HK,3,1,61,0.01525
2025-07-29,2,Afturelding,HK,3,2,65,0.01625
2025-07-29,2,Afturelding,HK,3,3,68,0.017
2025-07-29,2,Afturelding,HK,3,4,59,0.01475
2025-07-29,2,Afturelding,HK,3,5,34,0.0085
2025-07-29,2,Afturelding,HK,3,6,23,0.00575
2025-07-29,2,Afturelding,HK,3,7,7,0.00175
2025-07-29,2,Afturelding,HK,3,8,3,7.5e-4
2025-07-29,2,Afturelding,HK,3,9,4,0.001
2025-07-29,2,Afturelding,HK,3,10,1,2.5e-4
2025-07-29,2,Afturelding,HK,3,11,1,2.5e-4
2025-07-29,2,Afturelding,HK,4,0,6,0.0015
2025-07-29,2,Afturelding,HK,4,1,17,0.00425
2025-07-29,2,Afturelding,HK,4,2,26,0.0065
2025-07-29,2,Afturelding,HK,4,3,20,0.005
2025-07-29,2,Afturelding,HK,4,4,27,0.00675
2025-07-29,2,Afturelding,HK,4,5,12,0.003
2025-07-29,2,Afturelding,HK,4,6,7,0.00175
2025-07-29,2,Afturelding,HK,4,7,3,7.5e-4
2025-07-29,2,Afturelding,HK,4,8,1,2.5e-4
2025-07-29,2,Afturelding,HK,4,9,2,5e-4
2025-07-29,2,Afturelding,HK,5,0,1,2.5e-4
2025-07-29,2,Afturelding,HK,5,1,2,5e-4
2025-07-29,2,Afturelding,HK,5,2,8,0.002
2025-07-29,2,Afturelding,HK,5,3,8,0.002
2025-07-29,2,Afturelding,HK,5,4,4,0.001
2025-07-29,2,Afturelding,HK,5,5,3,7.5e-4
2025-07-29,2,Afturelding,HK,5,6,3,7.5e-4
2025-07-29,2,Afturelding,HK,5,7,1,2.5e-4
2025-07-29,2,Afturelding,HK,6,0,1,2.5e-4
2025-07-29,2,Afturelding,HK,6,2,2,5e-4
2025-07-29,2,Afturelding,HK,6,3,3,7.5e-4
2025-07-29,2,Afturelding,HK,6,4,5,0.00125
2025-07-29,2,Afturelding,HK,6,7,1,2.5e-4
2025-07-29,2,Afturelding,HK,7,2,1,2.5e-4
2025-07-29,2,Afturelding,HK,7,3,1,2.5e-4
2025-07-29,2,Afturelding,HK,7,6,1,2.5e-4
2025-07-29,2,Afturelding,HK,8,3,1,2.5e-4
2025-07-29,2,Afturelding,HK,8,5,1,2.5e-4
2025-07-29,2,Haukar,Fylkir,0,0,98,0.0245
2025-07-29,2,Haukar,Fylkir,0,1,160,0.04
2025-07-29,2,Haukar,Fylkir,0,2,129,0.03225
2025-07-29,2,Haukar,Fylkir,0,3,117,0.02925
2025-07-29,2,Haukar,Fylkir,0,4,82,0.0205
2025-07-29,2,Haukar,Fylkir,0,5,41,0.01025
2025-07-29,2,Haukar,Fylkir,0,6,31,0.00775
2025-07-29,2,Haukar,Fylkir,0,7,12,0.003
2025-07-29,2,Haukar,Fylkir,0,8,1,2.5e-4
2025-07-29,2,Haukar,Fylkir,0,9,4,0.001
2025-07-29,2,Haukar,Fylkir,0,11,1,2.5e-4
2025-07-29,2,Haukar,Fylkir,0,15,1,2.5e-4
2025-07-29,2,Haukar,Fylkir,1,0,157,0.03925
2025-07-29,2,Haukar,Fylkir,1,1,242,0.0605
2025-07-29,2,Haukar,Fylkir,1,2,254,0.0635
2025-07-29,2,Haukar,Fylkir,1,3,202,0.0505
2025-07-29,2,Haukar,Fylkir,1,4,127,0.03175
2025-07-29,2,Haukar,Fylkir,1,5,79,0.01975
2025-07-29,2,Haukar,Fylkir,1,6,38,0.0095
2025-07-29,2,Haukar,Fylkir,1,7,21,0.00525
2025-07-29,2,Haukar,Fylkir,1,8,5,0.00125
2025-07-29,2,Haukar,Fylkir,1,9,6,0.0015
2025-07-29,2,Haukar,Fylkir,1,10,3,7.5e-4
2025-07-29,2,Haukar,Fylkir,1,11,1,2.5e-4
2025-07-29,2,Haukar,Fylkir,2,0,129,0.03225
2025-07-29,2,Haukar,Fylkir,2,1,224,0.056
2025-07-29,2,Haukar,Fylkir,2,2,231,0.05775
2025-07-29,2,Haukar,Fylkir,2,3,194,0.0485
2025-07-29,2,Haukar,Fylkir,2,4,114,0.0285
2025-07-29,2,Haukar,Fylkir,2,5,62,0.0155
2025-07-29,2,Haukar,Fylkir,2,6,22,0.0055
2025-07-29,2,Haukar,Fylkir,2,7,14,0.0035
2025-07-29,2,Haukar,Fylkir,2,8,3,7.5e-4
2025-07-29,2,Haukar,Fylkir,2,9,3,7.5e-4
2025-07-29,2,Haukar,Fylkir,2,11,1,2.5e-4
2025-07-29,2,Haukar,Fylkir,2,12,1,2.5e-4
2025-07-29,2,Haukar,Fylkir,3,0,73,0.01825
2025-07-29,2,Haukar,Fylkir,3,1,126,0.0315
2025-07-29,2,Haukar,Fylkir,3,2,131,0.03275
2025-07-29,2,Haukar,Fylkir,3,3,139,0.03475
2025-07-29,2,Haukar,Fylkir,3,4,53,0.01325
2025-07-29,2,Haukar,Fylkir,3,5,56,0.014
2025-07-29,2,Haukar,Fylkir,3,6,16,0.004
2025-07-29,2,Haukar,Fylkir,3,7,13,0.00325
2025-07-29,2,Haukar,Fylkir,3,8,7,0.00175
2025-07-29,2,Haukar,Fylkir,3,9,1,2.5e-4
2025-07-29,2,Haukar,Fylkir,3,10,2,5e-4
2025-07-29,2,Haukar,Fylkir,3,11,1,2.5e-4
2025-07-29,2,Haukar,Fylkir,4,0,34,0.0085
2025-07-29,2,Haukar,Fylkir,4,1,74,0.0185
2025-07-29,2,Haukar,Fylkir,4,2,89,0.02225
2025-07-29,2,Haukar,Fylkir,4,3,58,0.0145
2025-07-29,2,Haukar,Fylkir,4,4,35,0.00875
2025-07-29,2,Haukar,Fylkir,4,5,24,0.006
2025-07-29,2,Haukar,Fylkir,4,6,11,0.00275
2025-07-29,2,Haukar,Fylkir,4,7,8,0.002
2025-07-29,2,Haukar,Fylkir,4,8,2,5e-4
2025-07-29,2,Haukar,Fylkir,5,0,13,0.00325
2025-07-29,2,Haukar,Fylkir,5,1,26,0.0065
2025-07-29,2,Haukar,Fylkir,5,2,39,0.00975
2025-07-29,2,Haukar,Fylkir,5,3,31,0.00775
2025-07-29,2,Haukar,Fylkir,5,4,20,0.005
2025-07-29,2,Haukar,Fylkir,5,5,9,0.00225
2025-07-29,2,Haukar,Fylkir,5,6,5,0.00125
2025-07-29,2,Haukar,Fylkir,5,7,1,2.5e-4
2025-07-29,2,Haukar,Fylkir,5,8,2,5e-4
2025-07-29,2,Haukar,Fylkir,5,12,1,2.5e-4
2025-07-29,2,Haukar,Fylkir,6,0,3,7.5e-4
2025-07-29,2,Haukar,Fylkir,6,1,8,0.002
2025-07-29,2,Haukar,Fylkir,6,2,10,0.0025
2025-07-29,2,Haukar,Fylkir,6,3,14,0.0035
2025-07-29,2,Haukar,Fylkir,6,4,3,7.5e-4
2025-07-29,2,Haukar,Fylkir,6,5,7,0.00175
2025-07-29,2,Haukar,Fylkir,6,6,1,2.5e-4
2025-07-29,2,Haukar,Fylkir,6,8,1,2.5e-4
2025-07-29,2,Haukar,Fylkir,7,1,5,0.00125
2025-07-29,2,Haukar,Fylkir,7,2,3,7.5e-4
2025-07-29,2,Haukar,Fylkir,7,3,4,0.001
2025-07-29,2,Haukar,Fylkir,7,4,4,0.001
2025-07-29,2,Haukar,Fylkir,7,5,4,0.001
2025-07-29,2,Haukar,Fylkir,8,1,1,2.5e-4
2025-07-29,2,Haukar,Fylkir,8,2,2,5e-4
2025-07-29,2,Haukar,Fylkir,8,3,3,7.5e-4
2025-07-29,2,Haukar,Fylkir,8,4,2,5e-4
2025-07-29,2,Haukar,Fylkir,8,5,3,7.5e-4
2025-07-29,2,Haukar,Fylkir,8,8,2,5e-4
2025-07-29,2,Haukar,Fylkir,9,1,1,2.5e-4
2025-07-29,2,Haukar,Fylkir,9,3,2,5e-4
2025-07-29,2,Haukar,Fylkir,9,4,1,2.5e-4
2025-07-29,2,Haukar,Fylkir,9,5,3,7.5e-4
2025-07-29,2,Haukar,Fylkir,10,1,2,5e-4
2025-07-29,2,Haukar,Fylkir,10,3,1,2.5e-4
2025-07-29,2,KR,ÍBV,0,0,38,0.0095
2025-07-29,2,KR,ÍBV,0,1,64,0.016
2025-07-29,2,KR,ÍBV,0,2,64,0.016
2025-07-29,2,KR,ÍBV,0,3,47,0.01175
2025-07-29,2,KR,ÍBV,0,4,33,0.00825
2025-07-29,2,KR,ÍBV,0,5,24,0.006
2025-07-29,2,KR,ÍBV,0,6,6,0.0015
2025-07-29,2,KR,ÍBV,0,7,5,0.00125
2025-07-29,2,KR,ÍBV,0,8,1,2.5e-4
2025-07-29,2,KR,ÍBV,0,9,1,2.5e-4
2025-07-29,2,KR,ÍBV,1,0,72,0.018
2025-07-29,2,KR,ÍBV,1,1,144,0.036
2025-07-29,2,KR,ÍBV,1,2,150,0.0375
2025-07-29,2,KR,ÍBV,1,3,111,0.02775
2025-07-29,2,KR,ÍBV,1,4,85,0.02125
2025-07-29,2,KR,ÍBV,1,5,52,0.013
2025-07-29,2,KR,ÍBV,1,6,26,0.0065
2025-07-29,2,KR,ÍBV,1,7,13,0.00325
2025-07-29,2,KR,ÍBV,1,8,4,0.001
2025-07-29,2,KR,ÍBV,1,9,2,5e-4
2025-07-29,2,KR,ÍBV,2,0,76,0.019
2025-07-29,2,KR,ÍBV,2,1,175,0.04375
2025-07-29,2,KR,ÍBV,2,2,230,0.0575
2025-07-29,2,KR,ÍBV,2,3,155,0.03875
2025-07-29,2,KR,ÍBV,2,4,97,0.02425
2025-07-29,2,KR,ÍBV,2,5,57,0.01425
2025-07-29,2,KR,ÍBV,2,6,32,0.008
2025-07-29,2,KR,ÍBV,2,7,12,0.003
2025-07-29,2,KR,ÍBV,2,8,5,0.00125
2025-07-29,2,KR,ÍBV,2,9,2,5e-4
2025-07-29,2,KR,ÍBV,2,10,1,2.5e-4
2025-07-29,2,KR,ÍBV,2,11,2,5e-4
2025-07-29,2,KR,ÍBV,3,0,71,0.01775
2025-07-29,2,KR,ÍBV,3,1,156,0.039
2025-07-29,2,KR,ÍBV,3,2,167,0.04175
2025-07-29,2,KR,ÍBV,3,3,175,0.04375
2025-07-29,2,KR,ÍBV,3,4,96,0.024
2025-07-29,2,KR,ÍBV,3,5,54,0.0135
2025-07-29,2,KR,ÍBV,3,6,35,0.00875
2025-07-29,2,KR,ÍBV,3,7,9,0.00225
2025-07-29,2,KR,ÍBV,3,8,5,0.00125
2025-07-29,2,KR,ÍBV,3,9,2,5e-4
2025-07-29,2,KR,ÍBV,3,12,1,2.5e-4
2025-07-29,2,KR,ÍBV,3,14,1,2.5e-4
2025-07-29,2,KR,ÍBV,4,0,38,0.0095
2025-07-29,2,KR,ÍBV,4,1,112,0.028
2025-07-29,2,KR,ÍBV,4,2,141,0.03525
2025-07-29,2,KR,ÍBV,4,3,121,0.03025
2025-07-29,2,KR,ÍBV,4,4,83,0.02075
2025-07-29,2,KR,ÍBV,4,5,48,0.012
2025-07-29,2,KR,ÍBV,4,6,23,0.00575
2025-07-29,2,KR,ÍBV,4,7,11,0.00275
2025-07-29,2,KR,ÍBV,4,8,1,2.5e-4
2025-07-29,2,KR,ÍBV,4,9,3,7.5e-4
2025-07-29,2,KR,ÍBV,4,10,1,2.5e-4
2025-07-29,2,KR,ÍBV,4,11,1,2.5e-4
2025-07-29,2,KR,ÍBV,5,0,29,0.00725
2025-07-29,2,KR,ÍBV,5,1,75,0.01875
2025-07-29,2,KR,ÍBV,5,2,86,0.0215
2025-07-29,2,KR,ÍBV,5,3,90,0.0225
2025-07-29,2,KR,ÍBV,5,4,55,0.01375
2025-07-29,2,KR,ÍBV,5,5,25,0.00625
2025-07-29,2,KR,ÍBV,5,6,20,0.005
2025-07-29,2,KR,ÍBV,5,7,11,0.00275
2025-07-29,2,KR,ÍBV,5,8,2,5e-4
2025-07-29,2,KR,ÍBV,5,9,1,2.5e-4
2025-07-29,2,KR,ÍBV,5,11,1,2.5e-4
2025-07-29,2,KR,ÍBV,6,0,22,0.0055
2025-07-29,2,KR,ÍBV,6,1,46,0.0115
2025-07-29,2,KR,ÍBV,6,2,50,0.0125
2025-07-29,2,KR,ÍBV,6,3,56,0.014
2025-07-29,2,KR,ÍBV,6,4,24,0.006
2025-07-29,2,KR,ÍBV,6,5,13,0.00325
2025-07-29,2,KR,ÍBV,6,6,8,0.002
2025-07-29,2,KR,ÍBV,6,7,9,0.00225
2025-07-29,2,KR,ÍBV,6,8,2,5e-4
2025-07-29,2,KR,ÍBV,6,11,2,5e-4
2025-07-29,2,KR,ÍBV,7,0,12,0.003
2025-07-29,2,KR,ÍBV,7,1,20,0.005
2025-07-29,2,KR,ÍBV,7,2,31,0.00775
2025-07-29,2,KR,ÍBV,7,3,18,0.0045
2025-07-29,2,KR,ÍBV,7,4,23,0.00575
2025-07-29,2,KR,ÍBV,7,5,12,0.003
2025-07-29,2,KR,ÍBV,7,6,6,0.0015
2025-07-29,2,KR,ÍBV,7,7,4,0.001
2025-07-29,2,KR,ÍBV,7,8,3,7.5e-4
2025-07-29,2,KR,ÍBV,8,0,8,0.002
2025-07-29,2,KR,ÍBV,8,1,10,0.0025
2025-07-29,2,KR,ÍBV,8,2,13,0.00325
2025-07-29,2,KR,ÍBV,8,3,6,0.0015
2025-07-29,2,KR,ÍBV,8,4,11,0.00275
2025-07-29,2,KR,ÍBV,8,5,6,0.0015
2025-07-29,2,KR,ÍBV,8,6,1,2.5e-4
2025-07-29,2,KR,ÍBV,8,8,1,2.5e-4
2025-07-29,2,KR,ÍBV,8,9,2,5e-4
2025-07-29,2,KR,ÍBV,9,1,4,0.001
2025-07-29,2,KR,ÍBV,9,2,11,0.00275
2025-07-29,2,KR,ÍBV,9,3,5,0.00125
2025-07-29,2,KR,ÍBV,9,5,1,2.5e-4
2025-07-29,2,KR,ÍBV,9,7,1,2.5e-4
2025-07-29,2,KR,ÍBV,9,9,1,2.5e-4
2025-07-29,2,KR,ÍBV,9,10,1,2.5e-4
2025-07-29,2,KR,ÍBV,10,1,2,5e-4
2025-07-29,2,KR,ÍBV,10,2,3,7.5e-4
2025-07-29,2,KR,ÍBV,10,3,3,7.5e-4
2025-07-29,2,KR,ÍBV,10,4,2,5e-4
2025-07-29,2,KR,ÍBV,10,5,1,2.5e-4
2025-07-29,2,KR,ÍBV,10,6,1,2.5e-4
2025-07-29,2,KR,ÍBV,10,8,1,2.5e-4
2025-07-29,2,KR,ÍBV,11,4,1,2.5e-4
2025-07-29,2,KR,ÍBV,11,6,1,2.5e-4
2025-07-29,2,KR,ÍBV,12,2,3,7.5e-4
2025-07-29,2,KR,ÍBV,12,3,1,2.5e-4
2025-07-29,2,KR,ÍBV,12,4,1,2.5e-4
2025-07-29,2,KR,ÍBV,13,1,1,2.5e-4
2025-07-30,2,Grótta,Grindavík/ Njarðvík,0,0,97,0.02425
2025-07-30,2,Grótta,Grindavík/ Njarðvík,0,1,78,0.0195
2025-07-30,2,Grótta,Grindavík/ Njarðvík,0,2,33,0.00825
2025-07-30,2,Grótta,Grindavík/ Njarðvík,0,3,19,0.00475
2025-07-30,2,Grótta,Grindavík/ Njarðvík,0,4,11,0.00275
2025-07-30,2,Grótta,Grindavík/ Njarðvík,0,5,3,7.5e-4
2025-07-30,2,Grótta,Grindavík/ Njarðvík,0,6,2,5e-4
2025-07-30,2,Grótta,Grindavík/ Njarðvík,1,0,184,0.046
2025-07-30,2,Grótta,Grindavík/ Njarðvík,1,1,208,0.052
2025-07-30,2,Grótta,Grindavík/ Njarðvík,1,2,126,0.0315
2025-07-30,2,Grótta,Grindavík/ Njarðvík,1,3,56,0.014
2025-07-30,2,Grótta,Grindavík/ Njarðvík,1,4,14,0.0035
2025-07-30,2,Grótta,Grindavík/ Njarðvík,1,5,8,0.002
2025-07-30,2,Grótta,Grindavík/ Njarðvík,1,7,2,5e-4
2025-07-30,2,Grótta,Grindavík/ Njarðvík,2,0,253,0.06325
2025-07-30,2,Grótta,Grindavík/ Njarðvík,2,1,301,0.07525
2025-07-30,2,Grótta,Grindavík/ Njarðvík,2,2,170,0.0425
2025-07-30,2,Grótta,Grindavík/ Njarðvík,2,3,70,0.0175
2025-07-30,2,Grótta,Grindavík/ Njarðvík,2,4,20,0.005
2025-07-30,2,Grótta,Grindavík/ Njarðvík,2,5,12,0.003
2025-07-30,2,Grótta,Grindavík/ Njarðvík,2,6,2,5e-4
2025-07-30,2,Grótta,Grindavík/ Njarðvík,3,0,240,0.06
2025-07-30,2,Grótta,Grindavík/ Njarðvík,3,1,245,0.06125
2025-07-30,2,Grótta,Grindavík/ Njarðvík,3,2,144,0.036
2025-07-30,2,Grótta,Grindavík/ Njarðvík,3,3,91,0.02275
2025-07-30,2,Grótta,Grindavík/ Njarðvík,3,4,36,0.009
2025-07-30,2,Grótta,Grindavík/ Njarðvík,3,5,6,0.0015
2025-07-30,2,Grótta,Grindavík/ Njarðvík,3,6,5,0.00125
2025-07-30,2,Grótta,Grindavík/ Njarðvík,3,7,1,2.5e-4
2025-07-30,2,Grótta,Grindavík/ Njarðvík,3,9,1,2.5e-4
2025-07-30,2,Grótta,Grindavík/ Njarðvík,4,0,195,0.04875
2025-07-30,2,Grótta,Grindavík/ Njarðvík,4,1,200,0.05
2025-07-30,2,Grótta,Grindavík/ Njarðvík,4,2,127,0.03175
2025-07-30,2,Grótta,Grindavík/ Njarðvík,4,3,53,0.01325
2025-07-30,2,Grótta,Grindavík/ Njarðvík,4,4,28,0.007
2025-07-30,2,Grótta,Grindavík/ Njarðvík,4,5,8,0.002
2025-07-30,2,Grótta,Grindavík/ Njarðvík,4,6,3,7.5e-4
2025-07-30,2,Grótta,Grindavík/ Njarðvík,4,9,1,2.5e-4
2025-07-30,2,Grótta,Grindavík/ Njarðvík,5,0,141,0.03525
2025-07-30,2,Grótta,Grindavík/ Njarðvík,5,1,135,0.03375
2025-07-30,2,Grótta,Grindavík/ Njarðvík,5,2,82,0.0205
2025-07-30,2,Grótta,Grindavík/ Njarðvík,5,3,27,0.00675
2025-07-30,2,Grótta,Grindavík/ Njarðvík,5,4,20,0.005
2025-07-30,2,Grótta,Grindavík/ Njarðvík,5,5,7,0.00175
2025-07-30,2,Grótta,Grindavík/ Njarðvík,5,6,3,7.5e-4
2025-07-30,2,Grótta,Grindavík/ Njarðvík,6,0,73,0.01825
2025-07-30,2,Grótta,Grindavík/ Njarðvík,6,1,86,0.0215
2025-07-30,2,Grótta,Grindavík/ Njarðvík,6,2,63,0.01575
2025-07-30,2,Grótta,Grindavík/ Njarðvík,6,3,19,0.00475
2025-07-30,2,Grótta,Grindavík/ Njarðvík,6,4,11,0.00275
2025-07-30,2,Grótta,Grindavík/ Njarðvík,6,5,4,0.001
2025-07-30,2,Grótta,Grindavík/ Njarðvík,6,6,1,2.5e-4
2025-07-30,2,Grótta,Grindavík/ Njarðvík,7,0,44,0.011
2025-07-30,2,Grótta,Grindavík/ Njarðvík,7,1,39,0.00975
2025-07-30,2,Grótta,Grindavík/ Njarðvík,7,2,24,0.006
2025-07-30,2,Grótta,Grindavík/ Njarðvík,7,3,10,0.0025
2025-07-30,2,Grótta,Grindavík/ Njarðvík,7,4,7,0.00175
2025-07-30,2,Grótta,Grindavík/ Njarðvík,7,5,2,5e-4
2025-07-30,2,Grótta,Grindavík/ Njarðvík,7,7,1,2.5e-4
2025-07-30,2,Grótta,Grindavík/ Njarðvík,8,0,17,0.00425
2025-07-30,2,Grótta,Grindavík/ Njarðvík,8,1,25,0.00625
2025-07-30,2,Grótta,Grindavík/ Njarðvík,8,2,13,0.00325
2025-07-30,2,Grótta,Grindavík/ Njarðvík,8,3,9,0.00225
2025-07-30,2,Grótta,Grindavík/ Njarðvík,8,4,5,0.00125
2025-07-30,2,Grótta,Grindavík/ Njarðvík,8,5,1,2.5e-4
2025-07-30,2,Grótta,Grindavík/ Njarðvík,8,7,1,2.5e-4
2025-07-30,2,Grótta,Grindavík/ Njarðvík,9,0,11,0.00275
2025-07-30,2,Grótta,Grindavík/ Njarðvík,9,1,18,0.0045
2025-07-30,2,Grótta,Grindavík/ Njarðvík,9,2,7,0.00175
2025-07-30,2,Grótta,Grindavík/ Njarðvík,9,3,5,0.00125
2025-07-30,2,Grótta,Grindavík/ Njarðvík,9,4,1,2.5e-4
2025-07-30,2,Grótta,Grindavík/ Njarðvík,9,5,2,5e-4
2025-07-30,2,Grótta,Grindavík/ Njarðvík,9,6,2,5e-4
2025-07-30,2,Grótta,Grindavík/ Njarðvík,10,0,4,0.001
2025-07-30,2,Grótta,Grindavík/ Njarðvík,10,1,6,0.0015
2025-07-30,2,Grótta,Grindavík/ Njarðvík,10,2,5,0.00125
2025-07-30,2,Grótta,Grindavík/ Njarðvík,10,3,1,2.5e-4
2025-07-30,2,Grótta,Grindavík/ Njarðvík,10,4,1,2.5e-4
2025-07-30,2,Grótta,Grindavík/ Njarðvík,11,0,1,2.5e-4
2025-07-30,2,Grótta,Grindavík/ Njarðvík,11,1,1,2.5e-4
2025-07-30,2,Grótta,Grindavík/ Njarðvík,11,2,2,5e-4
2025-07-30,2,Grótta,Grindavík/ Njarðvík,11,4,2,5e-4
2025-07-30,2,Grótta,Grindavík/ Njarðvík,12,2,1,2.5e-4
2025-07-30,2,Grótta,Grindavík/ Njarðvík,12,4,1,2.5e-4
2025-07-30,2,Grótta,Grindavík/ Njarðvík,12,12,1,2.5e-4
2025-07-30,2,Grótta,Grindavík/ Njarðvík,13,0,1,2.5e-4
2025-07-30,2,Grótta,Grindavík/ Njarðvík,13,1,1,2.5e-4
2025-07-30,2,Grótta,Grindavík/ Njarðvík,13,2,1,2.5e-4
2025-07-30,2,Grótta,Grindavík/ Njarðvík,14,1,2,5e-4
2025-07-30,2,Keflavík,ÍA,0,0,215,0.05375
2025-07-30,2,Keflavík,ÍA,0,1,185,0.04625
2025-07-30,2,Keflavík,ÍA,0,2,97,0.02425
2025-07-30,2,Keflavík,ÍA,0,3,39,0.00975
2025-07-30,2,Keflavík,ÍA,0,4,10,0.0025
2025-07-30,2,Keflavík,ÍA,0,5,2,5e-4
2025-07-30,2,Keflavík,ÍA,0,7,2,5e-4
2025-07-30,2,Keflavík,ÍA,1,0,341,0.08525
2025-07-30,2,Keflavík,ÍA,1,1,320,0.08
2025-07-30,2,Keflavík,ÍA,1,2,180,0.045
2025-07-30,2,Keflavík,ÍA,1,3,54,0.0135
2025-07-30,2,Keflavík,ÍA,1,4,19,0.00475
2025-07-30,2,Keflavík,ÍA,1,5,5,0.00125
2025-07-30,2,Keflavík,ÍA,1,6,1,2.5e-4
2025-07-30,2,Keflavík,ÍA,2,0,349,0.08725
2025-07-30,2,Keflavík,ÍA,2,1,310,0.0775
2025-07-30,2,Keflavík,ÍA,2,2,191,0.04775
2025-07-30,2,Keflavík,ÍA,2,3,60,0.015
2025-07-30,2,Keflavík,ÍA,2,4,21,0.00525
2025-07-30,2,Keflavík,ÍA,2,5,9,0.00225
2025-07-30,2,Keflavík,ÍA,2,6,1,2.5e-4
2025-07-30,2,Keflavík,ÍA,2,7,1,2.5e-4
2025-07-30,2,Keflavík,ÍA,3,0,271,0.06775
2025-07-30,2,Keflavík,ÍA,3,1,242,0.0605
2025-07-30,2,Keflavík,ÍA,3,2,137,0.03425
2025-07-30,2,Keflavík,ÍA,3,3,43,0.01075
2025-07-30,2,Keflavík,ÍA,3,4,23,0.00575
2025-07-30,2,Keflavík,ÍA,3,5,2,5e-4
2025-07-30,2,Keflavík,ÍA,3,6,3,7.5e-4
2025-07-30,2,Keflavík,ÍA,4,0,161,0.04025
2025-07-30,2,Keflavík,ÍA,4,1,128,0.032
2025-07-30,2,Keflavík,ÍA,4,2,80,0.02
2025-07-30,2,Keflavík,ÍA,4,3,33,0.00825
2025-07-30,2,Keflavík,ÍA,4,4,12,0.003
2025-07-30,2,Keflavík,ÍA,4,5,6,0.0015
2025-07-30,2,Keflavík,ÍA,4,10,1,2.5e-4
2025-07-30,2,Keflavík,ÍA,5,0,87,0.02175
2025-07-30,2,Keflavík,ÍA,5,1,84,0.021
2025-07-30,2,Keflavík,ÍA,5,2,38,0.0095
2025-07-30,2,Keflavík,ÍA,5,3,13,0.00325
2025-07-30,2,Keflavík,ÍA,5,4,7,0.00175
2025-07-30,2,Keflavík,ÍA,5,5,2,5e-4
2025-07-30,2,Keflavík,ÍA,6,0,42,0.0105
2025-07-30,2,Keflavík,ÍA,6,1,35,0.00875
2025-07-30,2,Keflavík,ÍA,6,2,25,0.00625
2025-07-30,2,Keflavík,ÍA,6,3,7,0.00175
2025-07-30,2,Keflavík,ÍA,6,4,4,0.001
2025-07-30,2,Keflavík,ÍA,7,0,24,0.006
2025-07-30,2,Keflavík,ÍA,7,1,16,0.004
2025-07-30,2,Keflavík,ÍA,7,2,17,0.00425
2025-07-30,2,Keflavík,ÍA,7,3,2,5e-4
2025-07-30,2,Keflavík,ÍA,7,6,1,2.5e-4
2025-07-30,2,Keflavík,ÍA,8,0,8,0.002
2025-07-30,2,Keflavík,ÍA,8,1,8,0.002
2025-07-30,2,Keflavík,ÍA,8,2,2,5e-4
2025-07-30,2,Keflavík,ÍA,8,3,2,5e-4
2025-07-30,2,Keflavík,ÍA,9,0,8,0.002
2025-07-30,2,Keflavík,ÍA,9,1,3,7.5e-4
2025-07-30,2,Keflavík,ÍA,9,2,2,5e-4
2025-07-30,2,Keflavík,ÍA,10,0,2,5e-4
2025-07-30,2,Keflavík,ÍA,10,1,2,5e-4
2025-07-30,2,Keflavík,ÍA,10,2,2,5e-4
2025-07-30,2,Keflavík,ÍA,10,3,2,5e-4
2025-07-30,2,Keflavík,ÍA,12,3,1,2.5e-4
2025-07-30,3,Álftanes,KÞ,0,0,744,0.186
2025-07-30,3,Álftanes,KÞ,0,1,360,0.09
2025-07-30,3,Álftanes,KÞ,0,2,127,0.03175
2025-07-30,3,Álftanes,KÞ,0,3,45,0.01125
2025-07-30,3,Álftanes,KÞ,0,4,9,0.00225
2025-07-30,3,Álftanes,KÞ,0,5,3,7.5e-4
2025-07-30,3,Álftanes,KÞ,0,6,1,2.5e-4
2025-07-30,3,Álftanes,KÞ,1,0,612,0.153
2025-07-30,3,Álftanes,KÞ,1,1,321,0.08025
2025-07-30,3,Álftanes,KÞ,1,2,138,0.0345
2025-07-30,3,Álftanes,KÞ,1,3,37,0.00925
2025-07-30,3,Álftanes,KÞ,1,4,9,0.00225
2025-07-30,3,Álftanes,KÞ,2,0,368,0.092
2025-07-30,3,Álftanes,KÞ,2,1,195,0.04875
2025-07-30,3,Álftanes,KÞ,2,2,72,0.018
2025-07-30,3,Álftanes,KÞ,2,3,23,0.00575
2025-07-30,3,Álftanes,KÞ,2,4,7,0.00175
2025-07-30,3,Álftanes,KÞ,2,5,2,5e-4
2025-07-30,3,Álftanes,KÞ,2,6,2,5e-4
2025-07-30,3,Álftanes,KÞ,3,0,233,0.05825
2025-07-30,3,Álftanes,KÞ,3,1,90,0.0225
2025-07-30,3,Álftanes,KÞ,3,2,45,0.01125
2025-07-30,3,Álftanes,KÞ,3,3,21,0.00525
2025-07-30,3,Álftanes,KÞ,3,4,4,0.001
2025-07-30,3,Álftanes,KÞ,3,5,1,2.5e-4
2025-07-30,3,Álftanes,KÞ,4,0,132,0.033
2025-07-30,3,Álftanes,KÞ,4,1,67,0.01675
2025-07-30,3,Álftanes,KÞ,4,2,20,0.005
2025-07-30,3,Álftanes,KÞ,4,3,10,0.0025
2025-07-30,3,Álftanes,KÞ,4,4,3,7.5e-4
2025-07-30,3,Álftanes,KÞ,4,5,1,2.5e-4
2025-07-30,3,Álftanes,KÞ,4,6,1,2.5e-4
2025-07-30,3,Álftanes,KÞ,5,0,59,0.01475
2025-07-30,3,Álftanes,KÞ,5,1,42,0.0105
2025-07-30,3,Álftanes,KÞ,5,2,13,0.00325
2025-07-30,3,Álftanes,KÞ,5,3,4,0.001
2025-07-30,3,Álftanes,KÞ,6,0,36,0.009
2025-07-30,3,Álftanes,KÞ,6,1,14,0.0035
2025-07-30,3,Álftanes,KÞ,6,2,5,0.00125
2025-07-30,3,Álftanes,KÞ,6,3,3,7.5e-4
2025-07-30,3,Álftanes,KÞ,6,4,1,2.5e-4
2025-07-30,3,Álftanes,KÞ,7,0,30,0.0075
2025-07-30,3,Álftanes,KÞ,7,1,6,0.0015
2025-07-30,3,Álftanes,KÞ,7,2,4,0.001
2025-07-30,3,Álftanes,KÞ,8,0,22,0.0055
2025-07-30,3,Álftanes,KÞ,8,1,7,0.00175
2025-07-30,3,Álftanes,KÞ,8,2,2,5e-4
2025-07-30,3,Álftanes,KÞ,8,3,2,5e-4
2025-07-30,3,Álftanes,KÞ,9,0,9,0.00225
2025-07-30,3,Álftanes,KÞ,9,1,1,2.5e-4
2025-07-30,3,Álftanes,KÞ,9,2,2,5e-4
2025-07-30,3,Álftanes,KÞ,9,3,1,2.5e-4
2025-07-30,3,Álftanes,KÞ,10,0,5,0.00125
2025-07-30,3,Álftanes,KÞ,10,1,2,5e-4
2025-07-30,3,Álftanes,KÞ,11,0,2,5e-4
2025-07-30,3,Álftanes,KÞ,11,1,5,0.00125
2025-07-30,3,Álftanes,KÞ,11,2,1,2.5e-4
2025-07-30,3,Álftanes,KÞ,11,3,2,5e-4
2025-07-30,3,Álftanes,KÞ,12,0,1,2.5e-4
2025-07-30,3,Álftanes,KÞ,12,1,3,7.5e-4
2025-07-30,3,Álftanes,KÞ,12,2,2,5e-4
2025-07-30,3,Álftanes,KÞ,13,0,3,7.5e-4
2025-07-30,3,Álftanes,KÞ,13,2,1,2.5e-4
2025-07-30,3,Álftanes,KÞ,15,0,1,2.5e-4
2025-07-30,3,Álftanes,KÞ,15,1,1,2.5e-4
2025-07-30,3,Álftanes,KÞ,17,1,2,5e-4
2025-07-30,3,Álftanes,KÞ,18,0,1,2.5e-4
2025-07-30,3,Álftanes,KÞ,28,1,1,2.5e-4
2025-07-30,3,Álftanes,KÞ,29,0,1,2.5e-4
2025-08-07,1,Fram,Breiðablik,0,0,67,0.01675
2025-08-07,1,Fram,Breiðablik,0,1,208,0.052
2025-08-07,1,Fram,Breiðablik,0,2,303,0.07575
2025-08-07,1,Fram,Breiðablik,0,3,325,0.08125
2025-08-07,1,Fram,Breiðablik,0,4,350,0.0875
2025-08-07,1,Fram,Breiðablik,0,5,293,0.07325
2025-08-07,1,Fram,Breiðablik,0,6,168,0.042
2025-08-07,1,Fram,Breiðablik,0,7,117,0.02925
2025-08-07,1,Fram,Breiðablik,0,8,78,0.0195
2025-08-07,1,Fram,Breiðablik,0,9,47,0.01175
2025-08-07,1,Fram,Breiðablik,0,10,24,0.006
2025-08-07,1,Fram,Breiðablik,0,11,12,0.003
2025-08-07,1,Fram,Breiðablik,0,12,4,0.001
2025-08-07,1,Fram,Breiðablik,0,13,4,0.001
2025-08-07,1,Fram,Breiðablik,0,14,1,2.5e-4
2025-08-07,1,Fram,Breiðablik,0,16,1,2.5e-4
2025-08-07,1,Fram,Breiðablik,1,0,49,0.01225
2025-08-07,1,Fram,Breiðablik,1,1,118,0.0295
2025-08-07,1,Fram,Breiðablik,1,2,200,0.05
2025-08-07,1,Fram,Breiðablik,1,3,254,0.0635
2025-08-07,1,Fram,Breiðablik,1,4,209,0.05225
2025-08-07,1,Fram,Breiðablik,1,5,180,0.045
2025-08-07,1,Fram,Breiðablik,1,6,119,0.02975
2025-08-07,1,Fram,Breiðablik,1,7,80,0.02
2025-08-07,1,Fram,Breiðablik,1,8,41,0.01025
2025-08-07,1,Fram,Breiðablik,1,9,40,0.01
2025-08-07,1,Fram,Breiðablik,1,10,9,0.00225
2025-08-07,1,Fram,Breiðablik,1,11,5,0.00125
2025-08-07,1,Fram,Breiðablik,1,12,2,5e-4
2025-08-07,1,Fram,Breiðablik,1,13,3,7.5e-4
2025-08-07,1,Fram,Breiðablik,1,14,2,5e-4
2025-08-07,1,Fram,Breiðablik,1,16,1,2.5e-4
2025-08-07,1,Fram,Breiðablik,2,0,15,0.00375
2025-08-07,1,Fram,Breiðablik,2,1,57,0.01425
2025-08-07,1,Fram,Breiðablik,2,2,75,0.01875
2025-08-07,1,Fram,Breiðablik,2,3,89,0.02225
2025-08-07,1,Fram,Breiðablik,2,4,77,0.01925
2025-08-07,1,Fram,Breiðablik,2,5,56,0.014
2025-08-07,1,Fram,Breiðablik,2,6,36,0.009
2025-08-07,1,Fram,Breiðablik,2,7,34,0.0085
2025-08-07,1,Fram,Breiðablik,2,8,22,0.0055
2025-08-07,1,Fram,Breiðablik,2,9,17,0.00425
2025-08-07,1,Fram,Breiðablik,2,10,6,0.0015
2025-08-07,1,Fram,Breiðablik,2,11,4,0.001
2025-08-07,1,Fram,Breiðablik,2,12,2,5e-4
2025-08-07,1,Fram,Breiðablik,2,13,3,7.5e-4
2025-08-07,1,Fram,Breiðablik,2,14,3,7.5e-4
2025-08-07,1,Fram,Breiðablik,3,0,4,0.001
2025-08-07,1,Fram,Breiðablik,3,1,17,0.00425
2025-08-07,1,Fram,Breiðablik,3,2,26,0.0065
2025-08-07,1,Fram,Breiðablik,3,3,21,0.00525
2025-08-07,1,Fram,Breiðablik,3,4,24,0.006
2025-08-07,1,Fram,Breiðablik,3,5,21,0.00525
2025-08-07,1,Fram,Breiðablik,3,6,15,0.00375
2025-08-07,1,Fram,Breiðablik,3,7,8,0.002
2025-08-07,1,Fram,Breiðablik,3,8,6,0.0015
2025-08-07,1,Fram,Breiðablik,3,11,2,5e-4
2025-08-07,1,Fram,Breiðablik,4,1,3,7.5e-4
2025-08-07,1,Fram,Breiðablik,4,2,6,0.0015
2025-08-07,1,Fram,Breiðablik,4,3,5,0.00125
2025-08-07,1,Fram,Breiðablik,4,4,12,0.003
2025-08-07,1,Fram,Breiðablik,4,5,5,0.00125
2025-08-07,1,Fram,Breiðablik,4,6,1,2.5e-4
2025-08-07,1,Fram,Breiðablik,4,7,6,0.0015
2025-08-07,1,Fram,Breiðablik,4,8,1,2.5e-4
2025-08-07,1,Fram,Breiðablik,4,19,1,2.5e-4
2025-08-07,1,Fram,Breiðablik,5,1,2,5e-4
2025-08-07,1,Fram,Breiðablik,5,2,1,2.5e-4
2025-08-07,1,Fram,Breiðablik,5,4,1,2.5e-4
2025-08-07,1,Fram,Breiðablik,5,5,1,2.5e-4
2025-08-07,1,Fram,Breiðablik,6,10,1,2.5e-4
2025-08-07,1,Stjarnan,Tindastóll,0,0,225,0.05625
2025-08-07,1,Stjarnan,Tindastóll,0,1,201,0.05025
2025-08-07,1,Stjarnan,Tindastóll,0,2,103,0.02575
2025-08-07,1,Stjarnan,Tindastóll,0,3,47,0.01175
2025-08-07,1,Stjarnan,Tindastóll,0,4,14,0.0035
2025-08-07,1,Stjarnan,Tindastóll,0,5,3,7.5e-4
2025-08-07,1,Stjarnan,Tindastóll,1,0,359,0.08975
2025-08-07,1,Stjarnan,Tindastóll,1,1,368,0.092
2025-08-07,1,Stjarnan,Tindastóll,1,2,179,0.04475
2025-08-07,1,Stjarnan,Tindastóll,1,3,100,0.025
2025-08-07,1,Stjarnan,Tindastóll,1,4,34,0.0085
2025-08-07,1,Stjarnan,Tindastóll,1,5,6,0.0015
2025-08-07,1,Stjarnan,Tindastóll,1,6,2,5e-4
2025-08-07,1,Stjarnan,Tindastóll,1,7,1,2.5e-4
2025-08-07,1,Stjarnan,Tindastóll,2,0,307,0.07675
2025-08-07,1,Stjarnan,Tindastóll,2,1,336,0.084
2025-08-07,1,Stjarnan,Tindastóll,2,2,180,0.045
2025-08-07,1,Stjarnan,Tindastóll,2,3,101,0.02525
2025-08-07,1,Stjarnan,Tindastóll,2,4,24,0.006
2025-08-07,1,Stjarnan,Tindastóll,2,5,12,0.003
2025-08-07,1,Stjarnan,Tindastóll,2,6,3,7.5e-4
2025-08-07,1,Stjarnan,Tindastóll,3,0,197,0.04925
2025-08-07,1,Stjarnan,Tindastóll,3,1,252,0.063
2025-08-07,1,Stjarnan,Tindastóll,3,2,130,0.0325
2025-08-07,1,Stjarnan,Tindastóll,3,3,70,0.0175
2025-08-07,1,Stjarnan,Tindastóll,3,4,19,0.00475
2025-08-07,1,Stjarnan,Tindastóll,3,5,5,0.00125
2025-08-07,1,Stjarnan,Tindastóll,3,6,2,5e-4
2025-08-07,1,Stjarnan,Tindastóll,3,7,2,5e-4
2025-08-07,1,Stjarnan,Tindastóll,4,0,116,0.029
2025-08-07,1,Stjarnan,Tindastóll,4,1,127,0.03175
2025-08-07,1,Stjarnan,Tindastóll,4,2,74,0.0185
2025-08-07,1,Stjarnan,Tindastóll,4,3,31,0.00775
2025-08-07,1,Stjarnan,Tindastóll,4,4,18,0.0045
2025-08-07,1,Stjarnan,Tindastóll,4,5,4,0.001
2025-08-07,1,Stjarnan,Tindastóll,4,6,2,5e-4
2025-08-07,1,Stjarnan,Tindastóll,5,0,58,0.0145
2025-08-07,1,Stjarnan,Tindastóll,5,1,65,0.01625
2025-08-07,1,Stjarnan,Tindastóll,5,2,33,0.00825
2025-08-07,1,Stjarnan,Tindastóll,5,3,22,0.0055
2025-08-07,1,Stjarnan,Tindastóll,5,4,11,0.00275
2025-08-07,1,Stjarnan,Tindastóll,5,5,4,0.001
2025-08-07,1,Stjarnan,Tindastóll,6,0,26,0.0065
2025-08-07,1,Stjarnan,Tindastóll,6,1,42,0.0105
2025-08-07,1,Stjarnan,Tindastóll,6,2,16,0.004
2025-08-07,1,Stjarnan,Tindastóll,6,3,5,0.00125
2025-08-07,1,Stjarnan,Tindastóll,6,4,1,2.5e-4
2025-08-07,1,Stjarnan,Tindastóll,7,0,10,0.0025
2025-08-07,1,Stjarnan,Tindastóll,7,1,19,0.00475
2025-08-07,1,Stjarnan,Tindastóll,7,2,8,0.002
2025-08-07,1,Stjarnan,Tindastóll,7,3,2,5e-4
2025-08-07,1,Stjarnan,Tindastóll,8,0,6,0.0015
2025-08-07,1,Stjarnan,Tindastóll,8,1,4,0.001
2025-08-07,1,Stjarnan,Tindastóll,8,2,4,0.001
2025-08-07,1,Stjarnan,Tindastóll,8,3,1,2.5e-4
2025-08-07,1,Stjarnan,Tindastóll,9,0,1,2.5e-4
2025-08-07,1,Stjarnan,Tindastóll,9,1,1,2.5e-4
2025-08-07,1,Stjarnan,Tindastóll,9,2,3,7.5e-4
2025-08-07,1,Stjarnan,Tindastóll,10,1,1,2.5e-4
2025-08-07,1,Stjarnan,Tindastóll,11,0,1,2.5e-4
2025-08-07,1,Stjarnan,Tindastóll,11,1,1,2.5e-4
2025-08-07,1,Stjarnan,Tindastóll,12,0,1,2.5e-4
2025-08-07,1,Þór/KA,Valur,0,0,424,0.106
2025-08-07,1,Þór/KA,Valur,0,1,366,0.0915
2025-08-07,1,Þór/KA,Valur,0,2,226,0.0565
2025-08-07,1,Þór/KA,Valur,0,3,91,0.02275
2025-08-07,1,Þór/KA,Valur,0,4,31,0.00775
2025-08-07,1,Þór/KA,Valur,0,5,9,0.00225
2025-08-07,1,Þór/KA,Valur,0,6,1,2.5e-4
2025-08-07,1,Þór/KA,Valur,0,8,1,2.5e-4
2025-08-07,1,Þór/KA,Valur,1,0,389,0.09725
2025-08-07,1,Þór/KA,Valur,1,1,457,0.11425
2025-08-07,1,Þór/KA,Valur,1,2,270,0.0675
2025-08-07,1,Þór/KA,Valur,1,3,126,0.0315
2025-08-07,1,Þór/KA,Valur,1,4,35,0.00875
2025-08-07,1,Þór/KA,Valur,1,5,11,0.00275
2025-08-07,1,Þór/KA,Valur,1,6,3,7.5e-4
2025-08-07,1,Þór/KA,Valur,1,7,2,5e-4
2025-08-07,1,Þór/KA,Valur,1,10,1,2.5e-4
2025-08-07,1,Þór/KA,Valur,2,0,244,0.061
2025-08-07,1,Þór/KA,Valur,2,1,278,0.0695
2025-08-07,1,Þór/KA,Valur,2,2,187,0.04675
2025-08-07,1,Þór/KA,Valur,2,3,95,0.02375
2025-08-07,1,Þór/KA,Valur,2,4,24,0.006
2025-08-07,1,Þór/KA,Valur,2,5,6,0.0015
2025-08-07,1,Þór/KA,Valur,2,6,1,2.5e-4
2025-08-07,1,Þór/KA,Valur,2,8,1,2.5e-4
2025-08-07,1,Þór/KA,Valur,3,0,122,0.0305
2025-08-07,1,Þór/KA,Valur,3,1,174,0.0435
2025-08-07,1,Þór/KA,Valur,3,2,78,0.0195
2025-08-07,1,Þór/KA,Valur,3,3,45,0.01125
2025-08-07,1,Þór/KA,Valur,3,4,13,0.00325
2025-08-07,1,Þór/KA,Valur,3,5,6,0.0015
2025-08-07,1,Þór/KA,Valur,3,6,2,5e-4
2025-08-07,1,Þór/KA,Valur,3,8,1,2.5e-4
2025-08-07,1,Þór/KA,Valur,4,0,46,0.0115
2025-08-07,1,Þór/KA,Valur,4,1,55,0.01375
2025-08-07,1,Þór/KA,Valur,4,2,36,0.009
2025-08-07,1,Þór/KA,Valur,4,3,25,0.00625
2025-08-07,1,Þór/KA,Valur,4,4,12,0.003
2025-08-07,1,Þór/KA,Valur,4,5,2,5e-4
2025-08-07,1,Þór/KA,Valur,5,0,17,0.00425
2025-08-07,1,Þór/KA,Valur,5,1,18,0.0045
2025-08-07,1,Þór/KA,Valur,5,2,17,0.00425
2025-08-07,1,Þór/KA,Valur,5,3,9,0.00225
2025-08-07,1,Þór/KA,Valur,5,4,2,5e-4
2025-08-07,1,Þór/KA,Valur,5,5,2,5e-4
2025-08-07,1,Þór/KA,Valur,5,6,2,5e-4
2025-08-07,1,Þór/KA,Valur,6,0,4,0.001
2025-08-07,1,Þór/KA,Valur,6,1,7,0.00175
2025-08-07,1,Þór/KA,Valur,6,2,4,0.001
2025-08-07,1,Þór/KA,Valur,6,3,2,5e-4
2025-08-07,1,Þór/KA,Valur,6,4,3,7.5e-4
2025-08-07,1,Þór/KA,Valur,7,0,4,0.001
2025-08-07,1,Þór/KA,Valur,7,1,4,0.001
2025-08-07,1,Þór/KA,Valur,7,2,1,2.5e-4
2025-08-07,1,Þór/KA,Valur,7,3,1,2.5e-4
2025-08-07,1,Þór/KA,Valur,8,1,3,7.5e-4
2025-08-07,1,Þór/KA,Valur,8,2,1,2.5e-4
2025-08-07,1,Þór/KA,Valur,8,4,1,2.5e-4
2025-08-07,1,Þór/KA,Valur,9,1,1,2.5e-4
2025-08-07,1,Þór/KA,Valur,9,2,1,2.5e-4
2025-08-07,2,Fylkir,KR,0,0,69,0.01725
2025-08-07,2,Fylkir,KR,0,1,73,0.01825
2025-08-07,2,Fylkir,KR,0,2,75,0.01875
2025-08-07,2,Fylkir,KR,0,3,35,0.00875
2025-08-07,2,Fylkir,KR,0,4,29,0.00725
2025-08-07,2,Fylkir,KR,0,5,10,0.0025
2025-08-07,2,Fylkir,KR,0,6,4,0.001
2025-08-07,2,Fylkir,KR,0,7,2,5e-4
2025-08-07,2,Fylkir,KR,1,0,110,0.0275
2025-08-07,2,Fylkir,KR,1,1,182,0.0455
2025-08-07,2,Fylkir,KR,1,2,145,0.03625
2025-08-07,2,Fylkir,KR,1,3,99,0.02475
2025-08-07,2,Fylkir,KR,1,4,55,0.01375
2025-08-07,2,Fylkir,KR,1,5,29,0.00725
2025-08-07,2,Fylkir,KR,1,6,15,0.00375
2025-08-07,2,Fylkir,KR,1,7,8,0.002
2025-08-07,2,Fylkir,KR,1,8,3,7.5e-4
2025-08-07,2,Fylkir,KR,1,9,1,2.5e-4
2025-08-07,2,Fylkir,KR,1,12,1,2.5e-4
2025-08-07,2,Fylkir,KR,2,0,127,0.03175
2025-08-07,2,Fylkir,KR,2,1,210,0.0525
2025-08-07,2,Fylkir,KR,2,2,193,0.04825
2025-08-07,2,Fylkir,KR,2,3,135,0.03375
2025-08-07,2,Fylkir,KR,2,4,69,0.01725
2025-08-07,2,Fylkir,KR,2,5,33,0.00825
2025-08-07,2,Fylkir,KR,2,6,12,0.003
2025-08-07,2,Fylkir,KR,2,7,6,0.0015
2025-08-07,2,Fylkir,KR,2,8,3,7.5e-4
2025-08-07,2,Fylkir,KR,2,11,1,2.5e-4
2025-08-07,2,Fylkir,KR,3,0,136,0.034
2025-08-07,2,Fylkir,KR,3,1,203,0.05075
2025-08-07,2,Fylkir,KR,3,2,179,0.04475
2025-08-07,2,Fylkir,KR,3,3,117,0.02925
2025-08-07,2,Fylkir,KR,3,4,51,0.01275
2025-08-07,2,Fylkir,KR,3,5,41,0.01025
2025-08-07,2,Fylkir,KR,3,6,10,0.0025
2025-08-07,2,Fylkir,KR,3,7,6,0.0015
2025-08-07,2,Fylkir,KR,3,10,1,2.5e-4
2025-08-07,2,Fylkir,KR,3,11,1,2.5e-4
2025-08-07,2,Fylkir,KR,4,0,104,0.026
2025-08-07,2,Fylkir,KR,4,1,154,0.0385
2025-08-07,2,Fylkir,KR,4,2,144,0.036
2025-08-07,2,Fylkir,KR,4,3,93,0.02325
2025-08-07,2,Fylkir,KR,4,4,56,0.014
2025-08-07,2,Fylkir,KR,4,5,19,0.00475
2025-08-07,2,Fylkir,KR,4,6,11,0.00275
2025-08-07,2,Fylkir,KR,4,7,4,0.001
2025-08-07,2,Fylkir,KR,4,8,1,2.5e-4
2025-08-07,2,Fylkir,KR,4,10,1,2.5e-4
2025-08-07,2,Fylkir,KR,5,0,79,0.01975
2025-08-07,2,Fylkir,KR,5,1,105,0.02625
2025-08-07,2,Fylkir,KR,5,2,95,0.02375
2025-08-07,2,Fylkir,KR,5,3,62,0.0155
2025-08-07,2,Fylkir,KR,5,4,35,0.00875
2025-08-07,2,Fylkir,KR,5,5,13,0.00325
2025-08-07,2,Fylkir,KR,5,6,13,0.00325
2025-08-07,2,Fylkir,KR,5,7,1,2.5e-4
2025-08-07,2,Fylkir,KR,5,9,2,5e-4
2025-08-07,2,Fylkir,KR,5,10,1,2.5e-4
2025-08-07,2,Fylkir,KR,5,11,1,2.5e-4
2025-08-07,2,Fylkir,KR,6,0,45,0.01125
2025-08-07,2,Fylkir,KR,6,1,63,0.01575
2025-08-07,2,Fylkir,KR,6,2,57,0.01425
2025-08-07,2,Fylkir,KR,6,3,42,0.0105
2025-08-07,2,Fylkir,KR,6,4,18,0.0045
2025-08-07,2,Fylkir,KR,6,5,9,0.00225
2025-08-07,2,Fylkir,KR,6,6,4,0.001
2025-08-07,2,Fylkir,KR,6,7,1,2.5e-4
2025-08-07,2,Fylkir,KR,6,10,1,2.5e-4
2025-08-07,2,Fylkir,KR,7,0,28,0.007
2025-08-07,2,Fylkir,KR,7,1,27,0.00675
2025-08-07,2,Fylkir,KR,7,2,42,0.0105
2025-08-07,2,Fylkir,KR,7,3,18,0.0045
2025-08-07,2,Fylkir,KR,7,4,8,0.002
2025-08-07,2,Fylkir,KR,7,5,7,0.00175
2025-08-07,2,Fylkir,KR,7,7,1,2.5e-4
2025-08-07,2,Fylkir,KR,8,0,10,0.0025
2025-08-07,2,Fylkir,KR,8,1,17,0.00425
2025-08-07,2,Fylkir,KR,8,2,13,0.00325
2025-08-07,2,Fylkir,KR,8,3,10,0.0025
2025-08-07,2,Fylkir,KR,8,4,2,5e-4
2025-08-07,2,Fylkir,KR,8,5,1,2.5e-4
2025-08-07,2,Fylkir,KR,8,6,5,0.00125
2025-08-07,2,Fylkir,KR,8,7,2,5e-4
2025-08-07,2,Fylkir,KR,8,8,2,5e-4
2025-08-07,2,Fylkir,KR,9,0,13,0.00325
2025-08-07,2,Fylkir,KR,9,1,15,0.00375
2025-08-07,2,Fylkir,KR,9,2,7,0.00175
2025-08-07,2,Fylkir,KR,9,3,4,0.001
2025-08-07,2,Fylkir,KR,9,4,2,5e-4
2025-08-07,2,Fylkir,KR,9,6,1,2.5e-4
2025-08-07,2,Fylkir,KR,9,9,1,2.5e-4
2025-08-07,2,Fylkir,KR,10,0,8,0.002
2025-08-07,2,Fylkir,KR,10,1,7,0.00175
2025-08-07,2,Fylkir,KR,10,2,6,0.0015
2025-08-07,2,Fylkir,KR,10,3,3,7.5e-4
2025-08-07,2,Fylkir,KR,10,4,1,2.5e-4
2025-08-07,2,Fylkir,KR,11,0,2,5e-4
2025-08-07,2,Fylkir,KR,11,1,2,5e-4
2025-08-07,2,Fylkir,KR,11,2,2,5e-4
2025-08-07,2,Fylkir,KR,11,3,1,2.5e-4
2025-08-07,2,Fylkir,KR,11,5,1,2.5e-4
2025-08-07,2,Fylkir,KR,12,0,1,2.5e-4
2025-08-07,2,Fylkir,KR,12,1,4,0.001
2025-08-07,2,Fylkir,KR,12,2,1,2.5e-4
2025-08-07,2,Fylkir,KR,12,3,5,0.00125
2025-08-07,2,Fylkir,KR,12,5,1,2.5e-4
2025-08-07,2,Fylkir,KR,13,1,2,5e-4
2025-08-07,2,Fylkir,KR,14,0,2,5e-4
2025-08-07,2,Fylkir,KR,15,0,1,2.5e-4
2025-08-07,2,Fylkir,KR,15,4,1,2.5e-4
2025-08-07,2,Grindavík/ Njarðvík,Haukar,0,0,22,0.0055
2025-08-07,2,Grindavík/ Njarðvík,Haukar,0,1,21,0.00525
2025-08-07,2,Grindavík/ Njarðvík,Haukar,0,2,23,0.00575
2025-08-07,2,Grindavík/ Njarðvík,Haukar,0,3,22,0.0055
2025-08-07,2,Grindavík/ Njarðvík,Haukar,0,4,9,0.00225
2025-08-07,2,Grindavík/ Njarðvík,Haukar,0,5,9,0.00225
2025-08-07,2,Grindavík/ Njarðvík,Haukar,0,6,2,5e-4
2025-08-07,2,Grindavík/ Njarðvík,Haukar,0,7,1,2.5e-4
2025-08-07,2,Grindavík/ Njarðvík,Haukar,0,8,1,2.5e-4
2025-08-07,2,Grindavík/ Njarðvík,Haukar,0,9,2,5e-4
2025-08-07,2,Grindavík/ Njarðvík,Haukar,1,0,30,0.0075
2025-08-07,2,Grindavík/ Njarðvík,Haukar,1,1,78,0.0195
2025-08-07,2,Grindavík/ Njarðvík,Haukar,1,2,79,0.01975
2025-08-07,2,Grindavík/ Njarðvík,Haukar,1,3,60,0.015
2025-08-07,2,Grindavík/ Njarðvík,Haukar,1,4,49,0.01225
2025-08-07,2,Grindavík/ Njarðvík,Haukar,1,5,22,0.0055
2025-08-07,2,Grindavík/ Njarðvík,Haukar,1,6,15,0.00375
2025-08-07,2,Grindavík/ Njarðvík,Haukar,1,7,6,0.0015
2025-08-07,2,Grindavík/ Njarðvík,Haukar,1,8,3,7.5e-4
2025-08-07,2,Grindavík/ Njarðvík,Haukar,1,9,1,2.5e-4
2025-08-07,2,Grindavík/ Njarðvík,Haukar,1,10,2,5e-4
2025-08-07,2,Grindavík/ Njarðvík,Haukar,2,0,38,0.0095
2025-08-07,2,Grindavík/ Njarðvík,Haukar,2,1,107,0.02675
2025-08-07,2,Grindavík/ Njarðvík,Haukar,2,2,125,0.03125
2025-08-07,2,Grindavík/ Njarðvík,Haukar,2,3,112,0.028
2025-08-07,2,Grindavík/ Njarðvík,Haukar,2,4,63,0.01575
2025-08-07,2,Grindavík/ Njarðvík,Haukar,2,5,56,0.014
2025-08-07,2,Grindavík/ Njarðvík,Haukar,2,6,16,0.004
2025-08-07,2,Grindavík/ Njarðvík,Haukar,2,7,12,0.003
2025-08-07,2,Grindavík/ Njarðvík,Haukar,2,8,3,7.5e-4
2025-08-07,2,Grindavík/ Njarðvík,Haukar,2,9,3,7.5e-4
2025-08-07,2,Grindavík/ Njarðvík,Haukar,3,0,55,0.01375
2025-08-07,2,Grindavík/ Njarðvík,Haukar,3,1,133,0.03325
2025-08-07,2,Grindavík/ Njarðvík,Haukar,3,2,135,0.03375
2025-08-07,2,Grindavík/ Njarðvík,Haukar,3,3,122,0.0305
2025-08-07,2,Grindavík/ Njarðvík,Haukar,3,4,89,0.02225
2025-08-07,2,Grindavík/ Njarðvík,Haukar,3,5,43,0.01075
2025-08-07,2,Grindavík/ Njarðvík,Haukar,3,6,25,0.00625
2025-08-07,2,Grindavík/ Njarðvík,Haukar,3,7,12,0.003
2025-08-07,2,Grindavík/ Njarðvík,Haukar,3,8,4,0.001
2025-08-07,2,Grindavík/ Njarðvík,Haukar,3,9,3,7.5e-4
2025-08-07,2,Grindavík/ Njarðvík,Haukar,3,12,1,2.5e-4
2025-08-07,2,Grindavík/ Njarðvík,Haukar,4,0,60,0.015
2025-08-07,2,Grindavík/ Njarðvík,Haukar,4,1,121,0.03025
2025-08-07,2,Grindavík/ Njarðvík,Haukar,4,2,145,0.03625
2025-08-07,2,Grindavík/ Njarðvík,Haukar,4,3,107,0.02675
2025-08-07,2,Grindavík/ Njarðvík,Haukar,4,4,77,0.01925
2025-08-07,2,Grindavík/ Njarðvík,Haukar,4,5,49,0.01225
2025-08-07,2,Grindavík/ Njarðvík,Haukar,4,6,26,0.0065
2025-08-07,2,Grindavík/ Njarðvík,Haukar,4,7,20,0.005
2025-08-07,2,Grindavík/ Njarðvík,Haukar,4,8,5,0.00125
2025-08-07,2,Grindavík/ Njarðvík,Haukar,4,9,3,7.5e-4
2025-08-07,2,Grindavík/ Njarðvík,Haukar,4,10,2,5e-4
2025-08-07,2,Grindavík/ Njarðvík,Haukar,5,0,47,0.01175
2025-08-07,2,Grindavík/ Njarðvík,Haukar,5,1,99,0.02475
2025-08-07,2,Grindavík/ Njarðvík,Haukar,5,2,119,0.02975
2025-08-07,2,Grindavík/ Njarðvík,Haukar,5,3,99,0.02475
2025-08-07,2,Grindavík/ Njarðvík,Haukar,5,4,77,0.01925
2025-08-07,2,Grindavík/ Njarðvík,Haukar,5,5,55,0.01375
2025-08-07,2,Grindavík/ Njarðvík,Haukar,5,6,32,0.008
2025-08-07,2,Grindavík/ Njarðvík,Haukar,5,7,11,0.00275
2025-08-07,2,Grindavík/ Njarðvík,Haukar,5,8,4,0.001
2025-08-07,2,Grindavík/ Njarðvík,Haukar,5,9,2,5e-4
2025-08-07,2,Grindavík/ Njarðvík,Haukar,5,10,1,2.5e-4
2025-08-07,2,Grindavík/ Njarðvík,Haukar,6,0,50,0.0125
2025-08-07,2,Grindavík/ Njarðvík,Haukar,6,1,81,0.02025
2025-08-07,2,Grindavík/ Njarðvík,Haukar,6,2,94,0.0235
2025-08-07,2,Grindavík/ Njarðvík,Haukar,6,3,85,0.02125
2025-08-07,2,Grindavík/ Njarðvík,Haukar,6,4,62,0.0155
2025-08-07,2,Grindavík/ Njarðvík,Haukar,6,5,33,0.00825
2025-08-07,2,Grindavík/ Njarðvík,Haukar,6,6,17,0.00425
2025-08-07,2,Grindavík/ Njarðvík,Haukar,6,7,11,0.00275
2025-08-07,2,Grindavík/ Njarðvík,Haukar,6,8,4,0.001
2025-08-07,2,Grindavík/ Njarðvík,Haukar,6,9,4,0.001
2025-08-07,2,Grindavík/ Njarðvík,Haukar,6,10,1,2.5e-4
2025-08-07,2,Grindavík/ Njarðvík,Haukar,6,11,1,2.5e-4
2025-08-07,2,Grindavík/ Njarðvík,Haukar,7,0,19,0.00475
2025-08-07,2,Grindavík/ Njarðvík,Haukar,7,1,52,0.013
2025-08-07,2,Grindavík/ Njarðvík,Haukar,7,2,61,0.01525
2025-08-07,2,Grindavík/ Njarðvík,Haukar,7,3,52,0.013
2025-08-07,2,Grindavík/ Njarðvík,Haukar,7,4,46,0.0115
2025-08-07,2,Grindavík/ Njarðvík,Haukar,7,5,24,0.006
2025-08-07,2,Grindavík/ Njarðvík,Haukar,7,6,8,0.002
2025-08-07,2,Grindavík/ Njarðvík,Haukar,7,7,7,0.00175
2025-08-07,2,Grindavík/ Njarðvík,Haukar,7,8,5,0.00125
2025-08-07,2,Grindavík/ Njarðvík,Haukar,7,9,2,5e-4
2025-08-07,2,Grindavík/ Njarðvík,Haukar,7,10,1,2.5e-4
2025-08-07,2,Grindavík/ Njarðvík,Haukar,7,11,1,2.5e-4
2025-08-07,2,Grindavík/ Njarðvík,Haukar,8,0,14,0.0035
2025-08-07,2,Grindavík/ Njarðvík,Haukar,8,1,32,0.008
2025-08-07,2,Grindavík/ Njarðvík,Haukar,8,2,53,0.01325
2025-08-07,2,Grindavík/ Njarðvík,Haukar,8,3,46,0.0115
2025-08-07,2,Grindavík/ Njarðvík,Haukar,8,4,29,0.00725
2025-08-07,2,Grindavík/ Njarðvík,Haukar,8,5,17,0.00425
2025-08-07,2,Grindavík/ Njarðvík,Haukar,8,6,7,0.00175
2025-08-07,2,Grindavík/ Njarðvík,Haukar,8,7,8,0.002
2025-08-07,2,Grindavík/ Njarðvík,Haukar,8,8,2,5e-4
2025-08-07,2,Grindavík/ Njarðvík,Haukar,8,9,3,7.5e-4
2025-08-07,2,Grindavík/ Njarðvík,Haukar,8,10,2,5e-4
2025-08-07,2,Grindavík/ Njarðvík,Haukar,9,0,10,0.0025
2025-08-07,2,Grindavík/ Njarðvík,Haukar,9,1,16,0.004
2025-08-07,2,Grindavík/ Njarðvík,Haukar,9,2,40,0.01
2025-08-07,2,Grindavík/ Njarðvík,Haukar,9,3,18,0.0045
2025-08-07,2,Grindavík/ Njarðvík,Haukar,9,4,21,0.00525
2025-08-07,2,Grindavík/ Njarðvík,Haukar,9,5,14,0.0035
2025-08-07,2,Grindavík/ Njarðvík,Haukar,9,6,4,0.001
2025-08-07,2,Grindavík/ Njarðvík,Haukar,9,7,3,7.5e-4
2025-08-07,2,Grindavík/ Njarðvík,Haukar,9,8,1,2.5e-4
2025-08-07,2,Grindavík/ Njarðvík,Haukar,10,0,5,0.00125
2025-08-07,2,Grindavík/ Njarðvík,Haukar,10,1,9,0.00225
2025-08-07,2,Grindavík/ Njarðvík,Haukar,10,2,15,0.00375
2025-08-07,2,Grindavík/ Njarðvík,Haukar,10,3,11,0.00275
2025-08-07,2,Grindavík/ Njarðvík,Haukar,10,4,15,0.00375
2025-08-07,2,Grindavík/ Njarðvík,Haukar,10,5,6,0.0015
2025-08-07,2,Grindavík/ Njarðvík,Haukar,10,6,5,0.00125
2025-08-07,2,Grindavík/ Njarðvík,Haukar,10,7,1,2.5e-4
2025-08-07,2,Grindavík/ Njarðvík,Haukar,10,8,1,2.5e-4
2025-08-07,2,Grindavík/ Njarðvík,Haukar,10,9,1,2.5e-4
2025-08-07,2,Grindavík/ Njarðvík,Haukar,11,0,3,7.5e-4
2025-08-07,2,Grindavík/ Njarðvík,Haukar,11,1,5,0.00125
2025-08-07,2,Grindavík/ Njarðvík,Haukar,11,2,9,0.00225
2025-08-07,2,Grindavík/ Njarðvík,Haukar,11,3,3,7.5e-4
2025-08-07,2,Grindavík/ Njarðvík,Haukar,11,4,8,0.002
2025-08-07,2,Grindavík/ Njarðvík,Haukar,11,5,5,0.00125
2025-08-07,2,Grindavík/ Njarðvík,Haukar,11,6,2,5e-4
2025-08-07,2,Grindavík/ Njarðvík,Haukar,11,7,1,2.5e-4
2025-08-07,2,Grindavík/ Njarðvík,Haukar,11,9,1,2.5e-4
2025-08-07,2,Grindavík/ Njarðvík,Haukar,11,10,1,2.5e-4
2025-08-07,2,Grindavík/ Njarðvík,Haukar,12,0,3,7.5e-4
2025-08-07,2,Grindavík/ Njarðvík,Haukar,12,1,3,7.5e-4
2025-08-07,2,Grindavík/ Njarðvík,Haukar,12,2,8,0.002
2025-08-07,2,Grindavík/ Njarðvík,Haukar,12,3,5,0.00125
2025-08-07,2,Grindavík/ Njarðvík,Haukar,12,5,2,5e-4
2025-08-07,2,Grindavík/ Njarðvík,Haukar,12,7,1,2.5e-4
2025-08-07,2,Grindavík/ Njarðvík,Haukar,13,0,1,2.5e-4
2025-08-07,2,Grindavík/ Njarðvík,Haukar,13,1,3,7.5e-4
2025-08-07,2,Grindavík/ Njarðvík,Haukar,13,2,4,0.001
2025-08-07,2,Grindavík/ Njarðvík,Haukar,13,3,5,0.00125
2025-08-07,2,Grindavík/ Njarðvík,Haukar,13,4,2,5e-4
2025-08-07,2,Grindavík/ Njarðvík,Haukar,13,6,2,5e-4
2025-08-07,2,Grindavík/ Njarðvík,Haukar,14,1,1,2.5e-4
2025-08-07,2,Grindavík/ Njarðvík,Haukar,14,3,2,5e-4
2025-08-07,2,Grindavík/ Njarðvík,Haukar,14,4,2,5e-4
2025-08-07,2,Grindavík/ Njarðvík,Haukar,14,5,1,2.5e-4
2025-08-07,2,Grindavík/ Njarðvík,Haukar,14,6,1,2.5e-4
2025-08-07,2,Grindavík/ Njarðvík,Haukar,15,0,1,2.5e-4
2025-08-07,2,Grindavík/ Njarðvík,Haukar,15,3,1,2.5e-4
2025-08-07,2,Grindavík/ Njarðvík,Haukar,15,9,1,2.5e-4
2025-08-07,2,Grindavík/ Njarðvík,Haukar,15,15,1,2.5e-4
2025-08-07,2,Grindavík/ Njarðvík,Haukar,16,2,2,5e-4
2025-08-07,2,Grindavík/ Njarðvík,Haukar,16,3,1,2.5e-4
2025-08-07,2,Grindavík/ Njarðvík,Haukar,17,1,1,2.5e-4
2025-08-07,2,Grindavík/ Njarðvík,Haukar,17,3,1,2.5e-4
2025-08-07,2,Grindavík/ Njarðvík,Haukar,18,3,1,2.5e-4
2025-08-07,2,Grindavík/ Njarðvík,Haukar,18,6,1,2.5e-4
2025-08-07,2,HK,Keflavík,0,0,276,0.069
2025-08-07,2,HK,Keflavík,0,1,378,0.0945
2025-08-07,2,HK,Keflavík,0,2,329,0.08225
2025-08-07,2,HK,Keflavík,0,3,241,0.06025
2025-08-07,2,HK,Keflavík,0,4,96,0.024
2025-08-07,2,HK,Keflavík,0,5,51,0.01275
2025-08-07,2,HK,Keflavík,0,6,16,0.004
2025-08-07,2,HK,Keflavík,0,7,9,0.00225
2025-08-07,2,HK,Keflavík,0,8,6,0.0015
2025-08-07,2,HK,Keflavík,0,9,2,5e-4
2025-08-07,2,HK,Keflavík,0,10,1,2.5e-4
2025-08-07,2,HK,Keflavík,1,0,246,0.0615
2025-08-07,2,HK,Keflavík,1,1,377,0.09425
2025-08-07,2,HK,Keflavík,1,2,338,0.0845
2025-08-07,2,HK,Keflavík,1,3,219,0.05475
2025-08-07,2,HK,Keflavík,1,4,103,0.02575
2025-08-07,2,HK,Keflavík,1,5,63,0.01575
2025-08-07,2,HK,Keflavík,1,6,26,0.0065
2025-08-07,2,HK,Keflavík,1,7,5,0.00125
2025-08-07,2,HK,Keflavík,1,8,4,0.001
2025-08-07,2,HK,Keflavík,1,9,2,5e-4
2025-08-07,2,HK,Keflavík,2,0,139,0.03475
2025-08-07,2,HK,Keflavík,2,1,208,0.052
2025-08-07,2,HK,Keflavík,2,2,192,0.048
2025-08-07,2,HK,Keflavík,2,3,123,0.03075
2025-08-07,2,HK,Keflavík,2,4,62,0.0155
2025-08-07,2,HK,Keflavík,2,5,28,0.007
2025-08-07,2,HK,Keflavík,2,6,8,0.002
2025-08-07,2,HK,Keflavík,2,7,7,0.00175
2025-08-07,2,HK,Keflavík,2,8,2,5e-4
2025-08-07,2,HK,Keflavík,2,9,1,2.5e-4
2025-08-07,2,HK,Keflavík,2,10,2,5e-4
2025-08-07,2,HK,Keflavík,3,0,41,0.01025
2025-08-07,2,HK,Keflavík,3,1,86,0.0215
2025-08-07,2,HK,Keflavík,3,2,65,0.01625
2025-08-07,2,HK,Keflavík,3,3,42,0.0105
2025-08-07,2,HK,Keflavík,3,4,33,0.00825
2025-08-07,2,HK,Keflavík,3,5,11,0.00275
2025-08-07,2,HK,Keflavík,3,6,7,0.00175
2025-08-07,2,HK,Keflavík,3,7,1,2.5e-4
2025-08-07,2,HK,Keflavík,3,8,1,2.5e-4
2025-08-07,2,HK,Keflavík,4,0,16,0.004
2025-08-07,2,HK,Keflavík,4,1,26,0.0065
2025-08-07,2,HK,Keflavík,4,2,31,0.00775
2025-08-07,2,HK,Keflavík,4,3,24,0.006
2025-08-07,2,HK,Keflavík,4,4,9,0.00225
2025-08-07,2,HK,Keflavík,4,5,3,7.5e-4
2025-08-07,2,HK,Keflavík,4,6,2,5e-4
2025-08-07,2,HK,Keflavík,5,0,6,0.0015
2025-08-07,2,HK,Keflavík,5,1,12,0.003
2025-08-07,2,HK,Keflavík,5,2,7,0.00175
2025-08-07,2,HK,Keflavík,5,3,4,0.001
2025-08-07,2,HK,Keflavík,5,4,1,2.5e-4
2025-08-07,2,HK,Keflavík,5,5,3,7.5e-4
2025-08-07,2,HK,Keflavík,6,0,1,2.5e-4
2025-08-07,2,HK,Keflavík,6,1,1,2.5e-4
2025-08-07,2,HK,Keflavík,6,2,2,5e-4
2025-08-07,2,HK,Keflavík,6,3,3,7.5e-4
2025-08-07,2,HK,Keflavík,6,4,2,5e-4
2025-08-07,2,ÍA,Grótta,0,0,232,0.058
2025-08-07,2,ÍA,Grótta,0,1,225,0.05625
2025-08-07,2,ÍA,Grótta,0,2,104,0.026
2025-08-07,2,ÍA,Grótta,0,3,33,0.00825
2025-08-07,2,ÍA,Grótta,0,4,13,0.00325
2025-08-07,2,ÍA,Grótta,0,5,5,0.00125
2025-08-07,2,ÍA,Grótta,0,6,1,2.5e-4
2025-08-07,2,ÍA,Grótta,1,0,349,0.08725
2025-08-07,2,ÍA,Grótta,1,1,376,0.094
2025-08-07,2,ÍA,Grótta,1,2,202,0.0505
2025-08-07,2,ÍA,Grótta,1,3,94,0.0235
2025-08-07,2,ÍA,Grótta,1,4,38,0.0095
2025-08-07,2,ÍA,Grótta,1,5,6,0.0015
2025-08-07,2,ÍA,Grótta,1,6,1,2.5e-4
2025-08-07,2,ÍA,Grótta,1,7,1,2.5e-4
2025-08-07,2,ÍA,Grótta,2,0,312,0.078
2025-08-07,2,ÍA,Grótta,2,1,369,0.09225
2025-08-07,2,ÍA,Grótta,2,2,219,0.05475
2025-08-07,2,ÍA,Grótta,2,3,73,0.01825
2025-08-07,2,ÍA,Grótta,2,4,31,0.00775
2025-08-07,2,ÍA,Grótta,2,5,8,0.002
2025-08-07,2,ÍA,Grótta,2,6,3,7.5e-4
2025-08-07,2,ÍA,Grótta,3,0,189,0.04725
2025-08-07,2,ÍA,Grótta,3,1,224,0.056
2025-08-07,2,ÍA,Grótta,3,2,137,0.03425
2025-08-07,2,ÍA,Grótta,3,3,70,0.0175
2025-08-07,2,ÍA,Grótta,3,4,23,0.00575
2025-08-07,2,ÍA,Grótta,3,5,9,0.00225
2025-08-07,2,ÍA,Grótta,3,6,1,2.5e-4
2025-08-07,2,ÍA,Grótta,3,7,1,2.5e-4
2025-08-07,2,ÍA,Grótta,4,0,105,0.02625
2025-08-07,2,ÍA,Grótta,4,1,122,0.0305
2025-08-07,2,ÍA,Grótta,4,2,75,0.01875
2025-08-07,2,ÍA,Grótta,4,3,35,0.00875
2025-08-07,2,ÍA,Grótta,4,4,20,0.005
2025-08-07,2,ÍA,Grótta,4,5,5,0.00125
2025-08-07,2,ÍA,Grótta,5,0,53,0.01325
2025-08-07,2,ÍA,Grótta,5,1,60,0.015
2025-08-07,2,ÍA,Grótta,5,2,35,0.00875
2025-08-07,2,ÍA,Grótta,5,3,15,0.00375
2025-08-07,2,ÍA,Grótta,5,4,2,5e-4
2025-08-07,2,ÍA,Grótta,5,5,2,5e-4
2025-08-07,2,ÍA,Grótta,6,0,23,0.00575
2025-08-07,2,ÍA,Grótta,6,1,14,0.0035
2025-08-07,2,ÍA,Grótta,6,2,16,0.004
2025-08-07,2,ÍA,Grótta,6,3,11,0.00275
2025-08-07,2,ÍA,Grótta,6,4,6,0.0015
2025-08-07,2,ÍA,Grótta,6,6,1,2.5e-4
2025-08-07,2,ÍA,Grótta,7,0,8,0.002
2025-08-07,2,ÍA,Grótta,7,1,15,0.00375
2025-08-07,2,ÍA,Grótta,7,2,3,7.5e-4
2025-08-07,2,ÍA,Grótta,7,3,2,5e-4
2025-08-07,2,ÍA,Grótta,7,4,3,7.5e-4
2025-08-07,2,ÍA,Grótta,7,5,1,2.5e-4
2025-08-07,2,ÍA,Grótta,8,0,4,0.001
2025-08-07,2,ÍA,Grótta,8,1,5,0.00125
2025-08-07,2,ÍA,Grótta,8,2,2,5e-4
2025-08-07,2,ÍA,Grótta,8,3,3,7.5e-4
2025-08-07,2,ÍA,Grótta,8,5,1,2.5e-4
2025-08-07,2,ÍA,Grótta,9,0,1,2.5e-4
2025-08-07,2,ÍA,Grótta,9,3,1,2.5e-4
2025-08-07,2,ÍA,Grótta,10,1,1,2.5e-4
2025-08-07,2,ÍA,Grótta,11,2,1,2.5e-4
2025-08-07,2,ÍBV,Afturelding,0,0,31,0.00775
2025-08-07,2,ÍBV,Afturelding,0,1,31,0.00775
2025-08-07,2,ÍBV,Afturelding,0,2,12,0.003
2025-08-07,2,ÍBV,Afturelding,0,3,9,0.00225
2025-08-07,2,ÍBV,Afturelding,0,4,4,0.001
2025-08-07,2,ÍBV,Afturelding,0,5,1,2.5e-4
2025-08-07,2,ÍBV,Afturelding,1,0,93,0.02325
2025-08-07,2,ÍBV,Afturelding,1,1,90,0.0225
2025-08-07,2,ÍBV,Afturelding,1,2,60,0.015
2025-08-07,2,ÍBV,Afturelding,1,3,24,0.006
2025-08-07,2,ÍBV,Afturelding,1,4,12,0.003
2025-08-07,2,ÍBV,Afturelding,1,5,4,0.001
2025-08-07,2,ÍBV,Afturelding,1,6,1,2.5e-4
2025-08-07,2,ÍBV,Afturelding,1,7,1,2.5e-4
2025-08-07,2,ÍBV,Afturelding,2,0,154,0.0385
2025-08-07,2,ÍBV,Afturelding,2,1,150,0.0375
2025-08-07,2,ÍBV,Afturelding,2,2,103,0.02575
2025-08-07,2,ÍBV,Afturelding,2,3,43,0.01075
2025-08-07,2,ÍBV,Afturelding,2,4,19,0.00475
2025-08-07,2,ÍBV,Afturelding,2,5,1,2.5e-4
2025-08-07,2,ÍBV,Afturelding,3,0,190,0.0475
2025-08-07,2,ÍBV,Afturelding,3,1,206,0.0515
2025-08-07,2,ÍBV,Afturelding,3,2,133,0.03325
2025-08-07,2,ÍBV,Afturelding,3,3,64,0.016
2025-08-07,2,ÍBV,Afturelding,3,4,27,0.00675
2025-08-07,2,ÍBV,Afturelding,3,5,10,0.0025
2025-08-07,2,ÍBV,Afturelding,3,6,4,0.001
2025-08-07,2,ÍBV,Afturelding,4,0,196,0.049
2025-08-07,2,ÍBV,Afturelding,4,1,244,0.061
2025-08-07,2,ÍBV,Afturelding,4,2,121,0.03025
2025-08-07,2,ÍBV,Afturelding,4,3,51,0.01275
2025-08-07,2,ÍBV,Afturelding,4,4,21,0.00525
2025-08-07,2,ÍBV,Afturelding,4,5,10,0.0025
2025-08-07,2,ÍBV,Afturelding,4,6,3,7.5e-4
2025-08-07,2,ÍBV,Afturelding,5,0,165,0.04125
2025-08-07,2,ÍBV,Afturelding,5,1,209,0.05225
2025-08-07,2,ÍBV,Afturelding,5,2,105,0.02625
2025-08-07,2,ÍBV,Afturelding,5,3,48,0.012
2025-08-07,2,ÍBV,Afturelding,5,4,13,0.00325
2025-08-07,2,ÍBV,Afturelding,5,5,8,0.002
2025-08-07,2,ÍBV,Afturelding,5,6,2,5e-4
2025-08-07,2,ÍBV,Afturelding,6,0,142,0.0355
2025-08-07,2,ÍBV,Afturelding,6,1,127,0.03175
2025-08-07,2,ÍBV,Afturelding,6,2,84,0.021
2025-08-07,2,ÍBV,Afturelding,6,3,39,0.00975
2025-08-07,2,ÍBV,Afturelding,6,4,13,0.00325
2025-08-07,2,ÍBV,Afturelding,6,5,9,0.00225
2025-08-07,2,ÍBV,Afturelding,6,6,1,2.5e-4
2025-08-07,2,ÍBV,Afturelding,6,7,2,5e-4
2025-08-07,2,ÍBV,Afturelding,6,9,1,2.5e-4
2025-08-07,2,ÍBV,Afturelding,7,0,107,0.02675
2025-08-07,2,ÍBV,Afturelding,7,1,106,0.0265
2025-08-07,2,ÍBV,Afturelding,7,2,63,0.01575
2025-08-07,2,ÍBV,Afturelding,7,3,42,0.0105
2025-08-07,2,ÍBV,Afturelding,7,4,12,0.003
2025-08-07,2,ÍBV,Afturelding,7,5,4,0.001
2025-08-07,2,ÍBV,Afturelding,7,6,2,5e-4
2025-08-07,2,ÍBV,Afturelding,8,0,69,0.01725
2025-08-07,2,ÍBV,Afturelding,8,1,72,0.018
2025-08-07,2,ÍBV,Afturelding,8,2,60,0.015
2025-08-07,2,ÍBV,Afturelding,8,3,23,0.00575
2025-08-07,2,ÍBV,Afturelding,8,4,8,0.002
2025-08-07,2,ÍBV,Afturelding,8,5,2,5e-4
2025-08-07,2,ÍBV,Afturelding,9,0,39,0.00975
2025-08-07,2,ÍBV,Afturelding,9,1,51,0.01275
2025-08-07,2,ÍBV,Afturelding,9,2,37,0.00925
2025-08-07,2,ÍBV,Afturelding,9,3,11,0.00275
2025-08-07,2,ÍBV,Afturelding,9,4,6,0.0015
2025-08-07,2,ÍBV,Afturelding,9,5,1,2.5e-4
2025-08-07,2,ÍBV,Afturelding,9,8,1,2.5e-4
2025-08-07,2,ÍBV,Afturelding,10,0,27,0.00675
2025-08-07,2,ÍBV,Afturelding,10,1,28,0.007
2025-08-07,2,ÍBV,Afturelding,10,2,16,0.004
2025-08-07,2,ÍBV,Afturelding,10,3,6,0.0015
2025-08-07,2,ÍBV,Afturelding,11,0,17,0.00425
2025-08-07,2,ÍBV,Afturelding,11,1,13,0.00325
2025-08-07,2,ÍBV,Afturelding,11,2,7,0.00175
2025-08-07,2,ÍBV,Afturelding,11,3,6,0.0015
2025-08-07,2,ÍBV,Afturelding,11,4,1,2.5e-4
2025-08-07,2,ÍBV,Afturelding,11,5,1,2.5e-4
2025-08-07,2,ÍBV,Afturelding,12,0,9,0.00225
2025-08-07,2,ÍBV,Afturelding,12,1,14,0.0035
2025-08-07,2,ÍBV,Afturelding,12,2,5,0.00125
2025-08-07,2,ÍBV,Afturelding,12,3,2,5e-4
2025-08-07,2,ÍBV,Afturelding,13,0,4,0.001
2025-08-07,2,ÍBV,Afturelding,13,1,8,0.002
2025-08-07,2,ÍBV,Afturelding,13,2,5,0.00125
2025-08-07,2,ÍBV,Afturelding,13,3,2,5e-4
2025-08-07,2,ÍBV,Afturelding,13,4,1,2.5e-4
2025-08-07,2,ÍBV,Afturelding,13,7,1,2.5e-4
2025-08-07,2,ÍBV,Afturelding,14,0,1,2.5e-4
2025-08-07,2,ÍBV,Afturelding,14,1,1,2.5e-4
2025-08-07,2,ÍBV,Afturelding,14,2,3,7.5e-4
2025-08-07,2,ÍBV,Afturelding,14,3,1,2.5e-4
2025-08-07,2,ÍBV,Afturelding,14,4,1,2.5e-4
2025-08-07,2,ÍBV,Afturelding,15,1,3,7.5e-4
2025-08-07,2,ÍBV,Afturelding,15,2,2,5e-4
2025-08-07,2,ÍBV,Afturelding,16,0,1,2.5e-4
2025-08-07,2,ÍBV,Afturelding,16,1,2,5e-4
2025-08-07,2,ÍBV,Afturelding,16,2,1,2.5e-4
2025-08-07,2,ÍBV,Afturelding,17,1,1,2.5e-4
2025-08-07,2,ÍBV,Afturelding,17,17,1,2.5e-4
2025-08-07,2,ÍBV,Afturelding,18,3,1,2.5e-4
2025-08-07,2,ÍBV,Afturelding,19,1,1,2.5e-4
2025-08-08,1,Þróttur R.,Víkingur R.,0,0,151,0.03775
2025-08-08,1,Þróttur R.,Víkingur R.,0,1,82,0.0205
2025-08-08,1,Þróttur R.,Víkingur R.,0,2,35,0.00875
2025-08-08,1,Þróttur R.,Víkingur R.,0,3,11,0.00275
2025-08-08,1,Þróttur R.,Víkingur R.,0,4,6,0.0015
2025-08-08,1,Þróttur R.,Víkingur R.,1,0,266,0.0665
2025-08-08,1,Þróttur R.,Víkingur R.,1,1,264,0.066
2025-08-08,1,Þróttur R.,Víkingur R.,1,2,100,0.025
2025-08-08,1,Þróttur R.,Víkingur R.,1,3,28,0.007
2025-08-08,1,Þróttur R.,Víkingur R.,1,4,9,0.00225
2025-08-08,1,Þróttur R.,Víkingur R.,1,5,1,2.5e-4
2025-08-08,1,Þróttur R.,Víkingur R.,2,0,351,0.08775
2025-08-08,1,Þróttur R.,Víkingur R.,2,1,280,0.07
2025-08-08,1,Þróttur R.,Víkingur R.,2,2,120,0.03
2025-08-08,1,Þróttur R.,Víkingur R.,2,3,44,0.011
2025-08-08,1,Þróttur R.,Víkingur R.,2,4,10,0.0025
2025-08-08,1,Þróttur R.,Víkingur R.,2,5,3,7.5e-4
2025-08-08,1,Þróttur R.,Víkingur R.,2,7,1,2.5e-4
2025-08-08,1,Þróttur R.,Víkingur R.,3,0,351,0.08775
2025-08-08,1,Þróttur R.,Víkingur R.,3,1,273,0.06825
2025-08-08,1,Þróttur R.,Víkingur R.,3,2,112,0.028
2025-08-08,1,Þróttur R.,Víkingur R.,3,3,28,0.007
2025-08-08,1,Þróttur R.,Víkingur R.,3,4,11,0.00275
2025-08-08,1,Þróttur R.,Víkingur R.,3,5,7,0.00175
2025-08-08,1,Þróttur R.,Víkingur R.,3,6,1,2.5e-4
2025-08-08,1,Þróttur R.,Víkingur R.,4,0,285,0.07125
2025-08-08,1,Þróttur R.,Víkingur R.,4,1,207,0.05175
2025-08-08,1,Þróttur R.,Víkingur R.,4,2,87,0.02175
2025-08-08,1,Þróttur R.,Víkingur R.,4,3,20,0.005
2025-08-08,1,Þróttur R.,Víkingur R.,4,4,5,0.00125
2025-08-08,1,Þróttur R.,Víkingur R.,4,5,1,2.5e-4
2025-08-08,1,Þróttur R.,Víkingur R.,4,7,1,2.5e-4
2025-08-08,1,Þróttur R.,Víkingur R.,5,0,183,0.04575
2025-08-08,1,Þróttur R.,Víkingur R.,5,1,128,0.032
2025-08-08,1,Þróttur R.,Víkingur R.,5,2,60,0.015
2025-08-08,1,Þróttur R.,Víkingur R.,5,3,15,0.00375
2025-08-08,1,Þróttur R.,Víkingur R.,5,4,3,7.5e-4
2025-08-08,1,Þróttur R.,Víkingur R.,5,5,2,5e-4
2025-08-08,1,Þróttur R.,Víkingur R.,6,0,106,0.0265
2025-08-08,1,Þróttur R.,Víkingur R.,6,1,66,0.0165
2025-08-08,1,Þróttur R.,Víkingur R.,6,2,28,0.007
2025-08-08,1,Þróttur R.,Víkingur R.,6,3,17,0.00425
2025-08-08,1,Þróttur R.,Víkingur R.,6,4,3,7.5e-4
2025-08-08,1,Þróttur R.,Víkingur R.,6,6,1,2.5e-4
2025-08-08,1,Þróttur R.,Víkingur R.,7,0,56,0.014
2025-08-08,1,Þróttur R.,Víkingur R.,7,1,41,0.01025
2025-08-08,1,Þróttur R.,Víkingur R.,7,2,11,0.00275
2025-08-08,1,Þróttur R.,Víkingur R.,7,3,4,0.001
2025-08-08,1,Þróttur R.,Víkingur R.,7,4,3,7.5e-4
2025-08-08,1,Þróttur R.,Víkingur R.,7,5,1,2.5e-4
2025-08-08,1,Þróttur R.,Víkingur R.,8,0,19,0.00475
2025-08-08,1,Þróttur R.,Víkingur R.,8,1,21,0.00525
2025-08-08,1,Þróttur R.,Víkingur R.,8,2,10,0.0025
2025-08-08,1,Þróttur R.,Víkingur R.,8,3,3,7.5e-4
2025-08-08,1,Þróttur R.,Víkingur R.,9,0,18,0.0045
2025-08-08,1,Þróttur R.,Víkingur R.,9,1,13,0.00325
2025-08-08,1,Þróttur R.,Víkingur R.,9,2,5,0.00125
2025-08-08,1,Þróttur R.,Víkingur R.,9,3,4,0.001
2025-08-08,1,Þróttur R.,Víkingur R.,10,0,5,0.00125
2025-08-08,1,Þróttur R.,Víkingur R.,10,1,7,0.00175
2025-08-08,1,Þróttur R.,Víkingur R.,10,2,2,5e-4
2025-08-08,1,Þróttur R.,Víkingur R.,10,3,1,2.5e-4
2025-08-08,1,Þróttur R.,Víkingur R.,10,4,1,2.5e-4
2025-08-08,1,Þróttur R.,Víkingur R.,11,0,4,0.001
2025-08-08,1,Þróttur R.,Víkingur R.,11,2,1,2.5e-4
2025-08-08,1,Þróttur R.,Víkingur R.,11,3,1,2.5e-4
2025-08-08,1,Þróttur R.,Víkingur R.,12,1,2,5e-4
2025-08-08,1,Þróttur R.,Víkingur R.,12,2,1,2.5e-4
2025-08-08,1,Þróttur R.,Víkingur R.,13,0,1,2.5e-4
2025-08-08,1,Þróttur R.,Víkingur R.,13,2,1,2.5e-4
2025-08-08,1,Þróttur R.,Víkingur R.,14,1,1,2.5e-4
2025-08-09,1,FHL,FH,0,0,78,0.0195
2025-08-09,1,FHL,FH,0,1,230,0.0575
2025-08-09,1,FHL,FH,0,2,360,0.09
2025-08-09,1,FHL,FH,0,3,407,0.10175
2025-08-09,1,FHL,FH,0,4,312,0.078
2025-08-09,1,FHL,FH,0,5,212,0.053
2025-08-09,1,FHL,FH,0,6,147,0.03675
2025-08-09,1,FHL,FH,0,7,92,0.023
2025-08-09,1,FHL,FH,0,8,44,0.011
2025-08-09,1,FHL,FH,0,9,27,0.00675
2025-08-09,1,FHL,FH,0,10,19,0.00475
2025-08-09,1,FHL,FH,0,11,5,0.00125
2025-08-09,1,FHL,FH,0,12,2,5e-4
2025-08-09,1,FHL,FH,0,13,2,5e-4
2025-08-09,1,FHL,FH,0,14,1,2.5e-4
2025-08-09,1,FHL,FH,1,0,53,0.01325
2025-08-09,1,FHL,FH,1,1,148,0.037
2025-08-09,1,FHL,FH,1,2,236,0.059
2025-08-09,1,FHL,FH,1,3,255,0.06375
2025-08-09,1,FHL,FH,1,4,222,0.0555
2025-08-09,1,FHL,FH,1,5,171,0.04275
2025-08-09,1,FHL,FH,1,6,114,0.0285
2025-08-09,1,FHL,FH,1,7,57,0.01425
2025-08-09,1,FHL,FH,1,8,41,0.01025
2025-08-09,1,FHL,FH,1,9,22,0.0055
2025-08-09,1,FHL,FH,1,10,10,0.0025
2025-08-09,1,FHL,FH,1,11,5,0.00125
2025-08-09,1,FHL,FH,1,12,2,5e-4
2025-08-09,1,FHL,FH,1,13,1,2.5e-4
2025-08-09,1,FHL,FH,1,14,1,2.5e-4
2025-08-09,1,FHL,FH,1,17,1,2.5e-4
2025-08-09,1,FHL,FH,2,0,22,0.0055
2025-08-09,1,FHL,FH,2,1,61,0.01525
2025-08-09,1,FHL,FH,2,2,89,0.02225
2025-08-09,1,FHL,FH,2,3,115,0.02875
2025-08-09,1,FHL,FH,2,4,77,0.01925
2025-08-09,1,FHL,FH,2,5,58,0.0145
2025-08-09,1,FHL,FH,2,6,44,0.011
2025-08-09,1,FHL,FH,2,7,25,0.00625
2025-08-09,1,FHL,FH,2,8,18,0.0045
2025-08-09,1,FHL,FH,2,9,6,0.0015
2025-08-09,1,FHL,FH,2,10,7,0.00175
2025-08-09,1,FHL,FH,2,11,3,7.5e-4
2025-08-09,1,FHL,FH,2,12,1,2.5e-4
2025-08-09,1,FHL,FH,2,14,1,2.5e-4
2025-08-09,1,FHL,FH,3,0,2,5e-4
2025-08-09,1,FHL,FH,3,1,12,0.003
2025-08-09,1,FHL,FH,3,2,30,0.0075
2025-08-09,1,FHL,FH,3,3,36,0.009
2025-08-09,1,FHL,FH,3,4,28,0.007
2025-08-09,1,FHL,FH,3,5,14,0.0035
2025-08-09,1,FHL,FH,3,6,12,0.003
2025-08-09,1,FHL,FH,3,7,7,0.00175
2025-08-09,1,FHL,FH,3,8,4,0.001
2025-08-09,1,FHL,FH,3,9,1,2.5e-4
2025-08-09,1,FHL,FH,3,10,1,2.5e-4
2025-08-09,1,FHL,FH,3,11,1,2.5e-4
2025-08-09,1,FHL,FH,4,0,1,2.5e-4
2025-08-09,1,FHL,FH,4,1,6,0.0015
2025-08-09,1,FHL,FH,4,2,4,0.001
2025-08-09,1,FHL,FH,4,3,7,0.00175
2025-08-09,1,FHL,FH,4,4,7,0.00175
2025-08-09,1,FHL,FH,4,5,4,0.001
2025-08-09,1,FHL,FH,4,6,5,0.00125
2025-08-09,1,FHL,FH,4,7,1,2.5e-4
2025-08-09,1,FHL,FH,4,9,2,5e-4
2025-08-09,1,FHL,FH,5,1,2,5e-4
2025-08-09,1,FHL,FH,5,3,1,2.5e-4
2025-08-09,1,FHL,FH,5,4,2,5e-4
2025-08-09,1,FHL,FH,6,3,2,5e-4
2025-08-09,1,FHL,FH,6,4,1,2.5e-4
2025-08-09,1,FHL,FH,6,5,1,2.5e-4
2025-08-09,1,FHL,FH,6,7,1,2.5e-4
2025-08-09,1,FHL,FH,7,0,1,2.5e-4
2025-08-12,1,FH,Þór/KA,0,0,212,0.053
2025-08-12,1,FH,Þór/KA,0,1,206,0.0515
2025-08-12,1,FH,Þór/KA,0,2,116,0.029
2025-08-12,1,FH,Þór/KA,0,3,53,0.01325
2025-08-12,1,FH,Þór/KA,0,4,22,0.0055
2025-08-12,1,FH,Þór/KA,0,5,4,0.001
2025-08-12,1,FH,Þór/KA,0,6,3,7.5e-4
2025-08-12,1,FH,Þór/KA,1,0,347,0.08675
2025-08-12,1,FH,Þór/KA,1,1,368,0.092
2025-08-12,1,FH,Þór/KA,1,2,198,0.0495
2025-08-12,1,FH,Þór/KA,1,3,101,0.02525
2025-08-12,1,FH,Þór/KA,1,4,33,0.00825
2025-08-12,1,FH,Þór/KA,1,5,10,0.0025
2025-08-12,1,FH,Þór/KA,1,6,5,0.00125
2025-08-12,1,FH,Þór/KA,1,7,1,2.5e-4
2025-08-12,1,FH,Þór/KA,2,0,302,0.0755
2025-08-12,1,FH,Þór/KA,2,1,340,0.085
2025-08-12,1,FH,Þór/KA,2,2,221,0.05525
2025-08-12,1,FH,Þór/KA,2,3,97,0.02425
2025-08-12,1,FH,Þór/KA,2,4,40,0.01
2025-08-12,1,FH,Þór/KA,2,5,12,0.003
2025-08-12,1,FH,Þór/KA,2,6,9,0.00225
2025-08-12,1,FH,Þór/KA,2,7,1,2.5e-4
2025-08-12,1,FH,Þór/KA,3,0,187,0.04675
2025-08-12,1,FH,Þór/KA,3,1,211,0.05275
2025-08-12,1,FH,Þór/KA,3,2,134,0.0335
2025-08-12,1,FH,Þór/KA,3,3,67,0.01675
2025-08-12,1,FH,Þór/KA,3,4,22,0.0055
2025-08-12,1,FH,Þór/KA,3,5,10,0.0025
2025-08-12,1,FH,Þór/KA,3,6,3,7.5e-4
2025-08-12,1,FH,Þór/KA,3,7,1,2.5e-4
2025-08-12,1,FH,Þór/KA,4,0,102,0.0255
2025-08-12,1,FH,Þór/KA,4,1,133,0.03325
2025-08-12,1,FH,Þór/KA,4,2,89,0.02225
2025-08-12,1,FH,Þór/KA,4,3,38,0.0095
2025-08-12,1,FH,Þór/KA,4,4,23,0.00575
2025-08-12,1,FH,Þór/KA,4,5,2,5e-4
2025-08-12,1,FH,Þór/KA,4,6,2,5e-4
2025-08-12,1,FH,Þór/KA,4,8,2,5e-4
2025-08-12,1,FH,Þór/KA,5,0,44,0.011
2025-08-12,1,FH,Þór/KA,5,1,54,0.0135
2025-08-12,1,FH,Þór/KA,5,2,28,0.007
2025-08-12,1,FH,Þór/KA,5,3,19,0.00475
2025-08-12,1,FH,Þór/KA,5,4,6,0.0015
2025-08-12,1,FH,Þór/KA,5,5,3,7.5e-4
2025-08-12,1,FH,Þór/KA,5,8,1,2.5e-4
2025-08-12,1,FH,Þór/KA,6,0,16,0.004
2025-08-12,1,FH,Þór/KA,6,1,22,0.0055
2025-08-12,1,FH,Þór/KA,6,2,16,0.004
2025-08-12,1,FH,Þór/KA,6,3,7,0.00175
2025-08-12,1,FH,Þór/KA,6,5,4,0.001
2025-08-12,1,FH,Þór/KA,6,6,1,2.5e-4
2025-08-12,1,FH,Þór/KA,7,0,6,0.0015
2025-08-12,1,FH,Þór/KA,7,1,13,0.00325
2025-08-12,1,FH,Þór/KA,7,2,4,0.001
2025-08-12,1,FH,Þór/KA,7,3,5,0.00125
2025-08-12,1,FH,Þór/KA,7,4,1,2.5e-4
2025-08-12,1,FH,Þór/KA,7,5,2,5e-4
2025-08-12,1,FH,Þór/KA,8,0,3,7.5e-4
2025-08-12,1,FH,Þór/KA,8,1,4,0.001
2025-08-12,1,FH,Þór/KA,8,2,3,7.5e-4
2025-08-12,1,FH,Þór/KA,8,3,3,7.5e-4
2025-08-12,1,FH,Þór/KA,8,5,1,2.5e-4
2025-08-12,1,FH,Þór/KA,9,0,2,5e-4
2025-08-12,1,FH,Þór/KA,9,3,1,2.5e-4
2025-08-12,1,FH,Þór/KA,9,5,1,2.5e-4
2025-08-12,1,FH,Þór/KA,10,2,1,2.5e-4
2025-08-12,1,FH,Þór/KA,11,3,1,2.5e-4
2025-08-12,1,FH,Þór/KA,14,0,1,2.5e-4
2025-08-12,1,FHL,Fram,0,0,262,0.0655
2025-08-12,1,FHL,Fram,0,1,377,0.09425
2025-08-12,1,FHL,Fram,0,2,332,0.083
2025-08-12,1,FHL,Fram,0,3,177,0.04425
2025-08-12,1,FHL,Fram,0,4,119,0.02975
2025-08-12,1,FHL,Fram,0,5,60,0.015
2025-08-12,1,FHL,Fram,0,6,19,0.00475
2025-08-12,1,FHL,Fram,0,7,3,7.5e-4
2025-08-12,1,FHL,Fram,0,8,6,0.0015
2025-08-12,1,FHL,Fram,0,10,1,2.5e-4
2025-08-12,1,FHL,Fram,0,14,1,2.5e-4
2025-08-12,1,FHL,Fram,1,0,232,0.058
2025-08-12,1,FHL,Fram,1,1,374,0.0935
2025-08-12,1,FHL,Fram,1,2,302,0.0755
2025-08-12,1,FHL,Fram,1,3,180,0.045
2025-08-12,1,FHL,Fram,1,4,116,0.029
2025-08-12,1,FHL,Fram,1,5,45,0.01125
2025-08-12,1,FHL,Fram,1,6,24,0.006
2025-08-12,1,FHL,Fram,1,7,8,0.002
2025-08-12,1,FHL,Fram,1,8,6,0.0015
2025-08-12,1,FHL,Fram,2,0,130,0.0325
2025-08-12,1,FHL,Fram,2,1,217,0.05425
2025-08-12,1,FHL,Fram,2,2,198,0.0495
2025-08-12,1,FHL,Fram,2,3,131,0.03275
2025-08-12,1,FHL,Fram,2,4,60,0.015
2025-08-12,1,FHL,Fram,2,5,30,0.0075
2025-08-12,1,FHL,Fram,2,6,12,0.003
2025-08-12,1,FHL,Fram,2,7,4,0.001
2025-08-12,1,FHL,Fram,2,9,1,2.5e-4
2025-08-12,1,FHL,Fram,2,10,1,2.5e-4
2025-08-12,1,FHL,Fram,3,0,42,0.0105
2025-08-12,1,FHL,Fram,3,1,89,0.02225
2025-08-12,1,FHL,Fram,3,2,95,0.02375
2025-08-12,1,FHL,Fram,3,3,62,0.0155
2025-08-12,1,FHL,Fram,3,4,34,0.0085
2025-08-12,1,FHL,Fram,3,5,17,0.00425
2025-08-12,1,FHL,Fram,3,6,14,0.0035
2025-08-12,1,FHL,Fram,3,7,3,7.5e-4
2025-08-12,1,FHL,Fram,3,8,1,2.5e-4
2025-08-12,1,FHL,Fram,4,0,26,0.0065
2025-08-12,1,FHL,Fram,4,1,39,0.00975
2025-08-12,1,FHL,Fram,4,2,31,0.00775
2025-08-12,1,FHL,Fram,4,3,18,0.0045
2025-08-12,1,FHL,Fram,4,4,14,0.0035
2025-08-12,1,FHL,Fram,4,5,7,0.00175
2025-08-12,1,FHL,Fram,4,6,4,0.001
2025-08-12,1,FHL,Fram,4,7,1,2.5e-4
2025-08-12,1,FHL,Fram,4,8,1,2.5e-4
2025-08-12,1,FHL,Fram,5,0,7,0.00175
2025-08-12,1,FHL,Fram,5,1,15,0.00375
2025-08-12,1,FHL,Fram,5,2,14,0.0035
2025-08-12,1,FHL,Fram,5,3,3,7.5e-4
2025-08-12,1,FHL,Fram,5,4,7,0.00175
2025-08-12,1,FHL,Fram,5,5,8,0.002
2025-08-12,1,FHL,Fram,5,6,2,5e-4
2025-08-12,1,FHL,Fram,5,8,1,2.5e-4
2025-08-12,1,FHL,Fram,6,0,1,2.5e-4
2025-08-12,1,FHL,Fram,6,1,3,7.5e-4
2025-08-12,1,FHL,Fram,6,2,4,0.001
2025-08-12,1,FHL,Fram,6,3,4,0.001
2025-08-12,1,FHL,Fram,6,4,2,5e-4
2025-08-12,1,FHL,Fram,6,8,1,2.5e-4
2025-08-12,1,FHL,Fram,8,0,1,2.5e-4
2025-08-12,1,FHL,Fram,9,1,1,2.5e-4
2025-08-12,1,Tindastóll,Þróttur R.,0,0,166,0.0415
2025-08-12,1,Tindastóll,Þróttur R.,0,1,356,0.089
2025-08-12,1,Tindastóll,Þróttur R.,0,2,376,0.094
2025-08-12,1,Tindastóll,Þróttur R.,0,3,296,0.074
2025-08-12,1,Tindastóll,Þróttur R.,0,4,202,0.0505
2025-08-12,1,Tindastóll,Þróttur R.,0,5,115,0.02875
2025-08-12,1,Tindastóll,Þróttur R.,0,6,56,0.014
2025-08-12,1,Tindastóll,Þróttur R.,0,7,28,0.007
2025-08-12,1,Tindastóll,Þróttur R.,0,8,15,0.00375
2025-08-12,1,Tindastóll,Þróttur R.,0,9,6,0.0015
2025-08-12,1,Tindastóll,Þróttur R.,1,0,144,0.036
2025-08-12,1,Tindastóll,Þróttur R.,1,1,262,0.0655
2025-08-12,1,Tindastóll,Þróttur R.,1,2,313,0.07825
2025-08-12,1,Tindastóll,Þróttur R.,1,3,278,0.0695
2025-08-12,1,Tindastóll,Þróttur R.,1,4,176,0.044
2025-08-12,1,Tindastóll,Þróttur R.,1,5,109,0.02725
2025-08-12,1,Tindastóll,Þróttur R.,1,6,54,0.0135
2025-08-12,1,Tindastóll,Þróttur R.,1,7,28,0.007
2025-08-12,1,Tindastóll,Þróttur R.,1,8,21,0.00525
2025-08-12,1,Tindastóll,Þróttur R.,1,9,8,0.002
2025-08-12,1,Tindastóll,Þróttur R.,1,11,1,2.5e-4
2025-08-12,1,Tindastóll,Þróttur R.,2,0,62,0.0155
2025-08-12,1,Tindastóll,Þróttur R.,2,1,121,0.03025
2025-08-12,1,Tindastóll,Þróttur R.,2,2,158,0.0395
2025-08-12,1,Tindastóll,Þróttur R.,2,3,138,0.0345
2025-08-12,1,Tindastóll,Þróttur R.,2,4,85,0.02125
2025-08-12,1,Tindastóll,Þróttur R.,2,5,47,0.01175
2025-08-12,1,Tindastóll,Þróttur R.,2,6,36,0.009
2025-08-12,1,Tindastóll,Þróttur R.,2,7,14,0.0035
2025-08-12,1,Tindastóll,Þróttur R.,2,8,6,0.0015
2025-08-12,1,Tindastóll,Þróttur R.,2,10,1,2.5e-4
2025-08-12,1,Tindastóll,Þróttur R.,2,11,1,2.5e-4
2025-08-12,1,Tindastóll,Þróttur R.,3,0,16,0.004
2025-08-12,1,Tindastóll,Þróttur R.,3,1,38,0.0095
2025-08-12,1,Tindastóll,Þróttur R.,3,2,41,0.01025
2025-08-12,1,Tindastóll,Þróttur R.,3,3,51,0.01275
2025-08-12,1,Tindastóll,Þróttur R.,3,4,30,0.0075
2025-08-12,1,Tindastóll,Þróttur R.,3,5,11,0.00275
2025-08-12,1,Tindastóll,Þróttur R.,3,6,8,0.002
2025-08-12,1,Tindastóll,Þróttur R.,3,7,5,0.00125
2025-08-12,1,Tindastóll,Þróttur R.,3,8,4,0.001
2025-08-12,1,Tindastóll,Þróttur R.,4,0,4,0.001
2025-08-12,1,Tindastóll,Þróttur R.,4,1,19,0.00475
2025-08-12,1,Tindastóll,Þróttur R.,4,2,19,0.00475
2025-08-12,1,Tindastóll,Þróttur R.,4,3,17,0.00425
2025-08-12,1,Tindastóll,Þróttur R.,4,4,16,0.004
2025-08-12,1,Tindastóll,Þróttur R.,4,5,7,0.00175
2025-08-12,1,Tindastóll,Þróttur R.,4,6,1,2.5e-4
2025-08-12,1,Tindastóll,Þróttur R.,4,8,1,2.5e-4
2025-08-12,1,Tindastóll,Þróttur R.,4,9,2,5e-4
2025-08-12,1,Tindastóll,Þróttur R.,5,0,6,0.0015
2025-08-12,1,Tindastóll,Þróttur R.,5,1,1,2.5e-4
2025-08-12,1,Tindastóll,Þróttur R.,5,2,4,0.001
2025-08-12,1,Tindastóll,Þróttur R.,5,3,2,5e-4
2025-08-12,1,Tindastóll,Þróttur R.,5,4,3,7.5e-4
2025-08-12,1,Tindastóll,Þróttur R.,5,5,3,7.5e-4
2025-08-12,1,Tindastóll,Þróttur R.,5,6,1,2.5e-4
2025-08-12,1,Tindastóll,Þróttur R.,6,1,2,5e-4
2025-08-12,1,Tindastóll,Þróttur R.,6,2,4,0.001
2025-08-12,1,Tindastóll,Þróttur R.,6,4,2,5e-4
2025-08-12,1,Tindastóll,Þróttur R.,7,1,1,2.5e-4
2025-08-12,1,Tindastóll,Þróttur R.,7,2,1,2.5e-4
2025-08-12,1,Tindastóll,Þróttur R.,7,7,1,2.5e-4
2025-08-12,1,Valur,Stjarnan,0,0,435,0.10875
2025-08-12,1,Valur,Stjarnan,0,1,260,0.065
2025-08-12,1,Valur,Stjarnan,0,2,80,0.02
2025-08-12,1,Valur,Stjarnan,0,3,34,0.0085
2025-08-12,1,Valur,Stjarnan,0,4,8,0.002
2025-08-12,1,Valur,Stjarnan,0,5,1,2.5e-4
2025-08-12,1,Valur,Stjarnan,1,0,585,0.14625
2025-08-12,1,Valur,Stjarnan,1,1,395,0.09875
2025-08-12,1,Valur,Stjarnan,1,2,150,0.0375
2025-08-12,1,Valur,Stjarnan,1,3,31,0.00775
2025-08-12,1,Valur,Stjarnan,1,4,15,0.00375
2025-08-12,1,Valur,Stjarnan,1,5,1,2.5e-4
2025-08-12,1,Valur,Stjarnan,1,6,1,2.5e-4
2025-08-12,1,Valur,Stjarnan,2,0,494,0.1235
2025-08-12,1,Valur,Stjarnan,2,1,324,0.081
2025-08-12,1,Valur,Stjarnan,2,2,113,0.02825
2025-08-12,1,Valur,Stjarnan,2,3,36,0.009
2025-08-12,1,Valur,Stjarnan,2,4,8,0.002
2025-08-12,1,Valur,Stjarnan,2,5,1,2.5e-4
2025-08-12,1,Valur,Stjarnan,2,7,1,2.5e-4
2025-08-12,1,Valur,Stjarnan,3,0,292,0.073
2025-08-12,1,Valur,Stjarnan,3,1,195,0.04875
2025-08-12,1,Valur,Stjarnan,3,2,76,0.019
2025-08-12,1,Valur,Stjarnan,3,3,23,0.00575
2025-08-12,1,Valur,Stjarnan,3,4,4,0.001
2025-08-12,1,Valur,Stjarnan,3,5,1,2.5e-4
2025-08-12,1,Valur,Stjarnan,4,0,120,0.03
2025-08-12,1,Valur,Stjarnan,4,1,83,0.02075
2025-08-12,1,Valur,Stjarnan,4,2,39,0.00975
2025-08-12,1,Valur,Stjarnan,4,3,16,0.004
2025-08-12,1,Valur,Stjarnan,4,4,5,0.00125
2025-08-12,1,Valur,Stjarnan,4,5,1,2.5e-4
2025-08-12,1,Valur,Stjarnan,5,0,48,0.012
2025-08-12,1,Valur,Stjarnan,5,1,41,0.01025
2025-08-12,1,Valur,Stjarnan,5,2,11,0.00275
2025-08-12,1,Valur,Stjarnan,5,3,9,0.00225
2025-08-12,1,Valur,Stjarnan,5,4,1,2.5e-4
2025-08-12,1,Valur,Stjarnan,6,0,20,0.005
2025-08-12,1,Valur,Stjarnan,6,1,16,0.004
2025-08-12,1,Valur,Stjarnan,6,2,3,7.5e-4
2025-08-12,1,Valur,Stjarnan,6,3,3,7.5e-4
2025-08-12,1,Valur,Stjarnan,6,6,1,2.5e-4
2025-08-12,1,Valur,Stjarnan,7,0,7,0.00175
2025-08-12,1,Valur,Stjarnan,7,1,3,7.5e-4
2025-08-12,1,Valur,Stjarnan,7,2,1,2.5e-4
2025-08-12,1,Valur,Stjarnan,7,3,1,2.5e-4
2025-08-12,1,Valur,Stjarnan,8,0,3,7.5e-4
2025-08-12,1,Valur,Stjarnan,8,1,1,2.5e-4
2025-08-12,1,Valur,Stjarnan,9,0,2,5e-4
2025-08-12,1,Valur,Stjarnan,10,1,1,2.5e-4
2025-08-12,1,Víkingur R.,Breiðablik,0,0,63,0.01575
2025-08-12,1,Víkingur R.,Breiðablik,0,1,185,0.04625
2025-08-12,1,Víkingur R.,Breiðablik,0,2,306,0.0765
2025-08-12,1,Víkingur R.,Breiðablik,0,3,342,0.0855
2025-08-12,1,Víkingur R.,Breiðablik,0,4,315,0.07875
2025-08-12,1,Víkingur R.,Breiðablik,0,5,266,0.0665
2025-08-12,1,Víkingur R.,Breiðablik,0,6,182,0.0455
2025-08-12,1,Víkingur R.,Breiðablik,0,7,124,0.031
2025-08-12,1,Víkingur R.,Breiðablik,0,8,78,0.0195
2025-08-12,1,Víkingur R.,Breiðablik,0,9,39,0.00975
2025-08-12,1,Víkingur R.,Breiðablik,0,10,16,0.004
2025-08-12,1,Víkingur R.,Breiðablik,0,11,12,0.003
2025-08-12,1,Víkingur R.,Breiðablik,0,12,5,0.00125
2025-08-12,1,Víkingur R.,Breiðablik,0,14,2,5e-4
2025-08-12,1,Víkingur R.,Breiðablik,0,15,1,2.5e-4
2025-08-12,1,Víkingur R.,Breiðablik,0,17,1,2.5e-4
2025-08-12,1,Víkingur R.,Breiðablik,1,0,40,0.01
2025-08-12,1,Víkingur R.,Breiðablik,1,1,130,0.0325
2025-08-12,1,Víkingur R.,Breiðablik,1,2,197,0.04925
2025-08-12,1,Víkingur R.,Breiðablik,1,3,228,0.057
2025-08-12,1,Víkingur R.,Breiðablik,1,4,223,0.05575
2025-08-12,1,Víkingur R.,Breiðablik,1,5,183,0.04575
2025-08-12,1,Víkingur R.,Breiðablik,1,6,127,0.03175
2025-08-12,1,Víkingur R.,Breiðablik,1,7,70,0.0175
2025-08-12,1,Víkingur R.,Breiðablik,1,8,54,0.0135
2025-08-12,1,Víkingur R.,Breiðablik,1,9,23,0.00575
2025-08-12,1,Víkingur R.,Breiðablik,1,10,15,0.00375
2025-08-12,1,Víkingur R.,Breiðablik,1,11,6,0.0015
2025-08-12,1,Víkingur R.,Breiðablik,1,12,8,0.002
2025-08-12,1,Víkingur R.,Breiðablik,1,13,2,5e-4
2025-08-12,1,Víkingur R.,Breiðablik,1,15,1,2.5e-4
2025-08-12,1,Víkingur R.,Breiðablik,1,19,1,2.5e-4
2025-08-12,1,Víkingur R.,Breiðablik,2,0,18,0.0045
2025-08-12,1,Víkingur R.,Breiðablik,2,1,50,0.0125
2025-08-12,1,Víkingur R.,Breiðablik,2,2,74,0.0185
2025-08-12,1,Víkingur R.,Breiðablik,2,3,122,0.0305
2025-08-12,1,Víkingur R.,Breiðablik,2,4,84,0.021
2025-08-12,1,Víkingur R.,Breiðablik,2,5,67,0.01675
2025-08-12,1,Víkingur R.,Breiðablik,2,6,45,0.01125
2025-08-12,1,Víkingur R.,Breiðablik,2,7,33,0.00825
2025-08-12,1,Víkingur R.,Breiðablik,2,8,17,0.00425
2025-08-12,1,Víkingur R.,Breiðablik,2,9,15,0.00375
2025-08-12,1,Víkingur R.,Breiðablik,2,10,10,0.0025
2025-08-12,1,Víkingur R.,Breiðablik,2,11,1,2.5e-4
2025-08-12,1,Víkingur R.,Breiðablik,2,13,1,2.5e-4
2025-08-12,1,Víkingur R.,Breiðablik,2,14,1,2.5e-4
2025-08-12,1,Víkingur R.,Breiðablik,3,0,4,0.001
2025-08-12,1,Víkingur R.,Breiðablik,3,1,13,0.00325
2025-08-12,1,Víkingur R.,Breiðablik,3,2,20,0.005
2025-08-12,1,Víkingur R.,Breiðablik,3,3,30,0.0075
2025-08-12,1,Víkingur R.,Breiðablik,3,4,28,0.007
2025-08-12,1,Víkingur R.,Breiðablik,3,5,27,0.00675
2025-08-12,1,Víkingur R.,Breiðablik,3,6,17,0.00425
2025-08-12,1,Víkingur R.,Breiðablik,3,7,10,0.0025
2025-08-12,1,Víkingur R.,Breiðablik,3,8,5,0.00125
2025-08-12,1,Víkingur R.,Breiðablik,3,9,2,5e-4
2025-08-12,1,Víkingur R.,Breiðablik,3,10,3,7.5e-4
2025-08-12,1,Víkingur R.,Breiðablik,3,11,1,2.5e-4
2025-08-12,1,Víkingur R.,Breiðablik,4,0,2,5e-4
2025-08-12,1,Víkingur R.,Breiðablik,4,1,1,2.5e-4
2025-08-12,1,Víkingur R.,Breiðablik,4,2,12,0.003
2025-08-12,1,Víkingur R.,Breiðablik,4,3,8,0.002
2025-08-12,1,Víkingur R.,Breiðablik,4,4,6,0.0015
2025-08-12,1,Víkingur R.,Breiðablik,4,5,6,0.0015
2025-08-12,1,Víkingur R.,Breiðablik,4,6,4,0.001
2025-08-12,1,Víkingur R.,Breiðablik,4,7,2,5e-4
2025-08-12,1,Víkingur R.,Breiðablik,4,8,1,2.5e-4
2025-08-12,1,Víkingur R.,Breiðablik,4,9,1,2.5e-4
2025-08-12,1,Víkingur R.,Breiðablik,5,2,2,5e-4
2025-08-12,1,Víkingur R.,Breiðablik,5,3,1,2.5e-4
2025-08-12,1,Víkingur R.,Breiðablik,5,4,3,7.5e-4
2025-08-12,1,Víkingur R.,Breiðablik,5,5,1,2.5e-4
2025-08-12,1,Víkingur R.,Breiðablik,5,6,5,0.00125
2025-08-12,1,Víkingur R.,Breiðablik,5,7,1,2.5e-4
2025-08-12,1,Víkingur R.,Breiðablik,7,3,1,2.5e-4
2025-08-20,1,Breiðablik,Tindastóll,0,0,26,0.0065
2025-08-20,1,Breiðablik,Tindastóll,0,1,12,0.003
2025-08-20,1,Breiðablik,Tindastóll,0,2,2,5e-4
2025-08-20,1,Breiðablik,Tindastóll,0,3,1,2.5e-4
2025-08-20,1,Breiðablik,Tindastóll,1,0,107,0.02675
2025-08-20,1,Breiðablik,Tindastóll,1,1,37,0.00925
2025-08-20,1,Breiðablik,Tindastóll,1,2,11,0.00275
2025-08-20,1,Breiðablik,Tindastóll,1,3,5,0.00125
2025-08-20,1,Breiðablik,Tindastóll,1,4,1,2.5e-4
2025-08-20,1,Breiðablik,Tindastóll,2,0,196,0.049
2025-08-20,1,Breiðablik,Tindastóll,2,1,110,0.0275
2025-08-20,1,Breiðablik,Tindastóll,2,2,29,0.00725
2025-08-20,1,Breiðablik,Tindastóll,2,3,5,0.00125
2025-08-20,1,Breiðablik,Tindastóll,3,0,279,0.06975
2025-08-20,1,Breiðablik,Tindastóll,3,1,131,0.03275
2025-08-20,1,Breiðablik,Tindastóll,3,2,36,0.009
2025-08-20,1,Breiðablik,Tindastóll,3,3,8,0.002
2025-08-20,1,Breiðablik,Tindastóll,3,4,3,7.5e-4
2025-08-20,1,Breiðablik,Tindastóll,4,0,346,0.0865
2025-08-20,1,Breiðablik,Tindastóll,4,1,156,0.039
2025-08-20,1,Breiðablik,Tindastóll,4,2,54,0.0135
2025-08-20,1,Breiðablik,Tindastóll,4,3,12,0.003
2025-08-20,1,Breiðablik,Tindastóll,5,0,347,0.08675
2025-08-20,1,Breiðablik,Tindastóll,5,1,169,0.04225
2025-08-20,1,Breiðablik,Tindastóll,5,2,49,0.01225
2025-08-20,1,Breiðablik,Tindastóll,5,3,12,0.003
2025-08-20,1,Breiðablik,Tindastóll,5,4,2,5e-4
2025-08-20,1,Breiðablik,Tindastóll,5,5,1,2.5e-4
2025-08-20,1,Breiðablik,Tindastóll,6,0,284,0.071
2025-08-20,1,Breiðablik,Tindastóll,6,1,142,0.0355
2025-08-20,1,Breiðablik,Tindastóll,6,2,58,0.0145
2025-08-20,1,Breiðablik,Tindastóll,6,3,13,0.00325
2025-08-20,1,Breiðablik,Tindastóll,6,4,2,5e-4
2025-08-20,1,Breiðablik,Tindastóll,6,5,1,2.5e-4
2025-08-20,1,Breiðablik,Tindastóll,7,0,257,0.06425
2025-08-20,1,Breiðablik,Tindastóll,7,1,139,0.03475
2025-08-20,1,Breiðablik,Tindastóll,7,2,38,0.0095
2025-08-20,1,Breiðablik,Tindastóll,7,3,9,0.00225
2025-08-20,1,Breiðablik,Tindastóll,7,4,3,7.5e-4
2025-08-20,1,Breiðablik,Tindastóll,8,0,180,0.045
2025-08-20,1,Breiðablik,Tindastóll,8,1,86,0.0215
2025-08-20,1,Breiðablik,Tindastóll,8,2,29,0.00725
2025-08-20,1,Breiðablik,Tindastóll,8,3,6,0.0015
2025-08-20,1,Breiðablik,Tindastóll,8,4,1,2.5e-4
2025-08-20,1,Breiðablik,Tindastóll,9,0,121,0.03025
2025-08-20,1,Breiðablik,Tindastóll,9,1,80,0.02
2025-08-20,1,Breiðablik,Tindastóll,9,2,8,0.002
2025-08-20,1,Breiðablik,Tindastóll,9,3,4,0.001
2025-08-20,1,Breiðablik,Tindastóll,10,0,84,0.021
2025-08-20,1,Breiðablik,Tindastóll,10,1,45,0.01125
2025-08-20,1,Breiðablik,Tindastóll,10,2,14,0.0035
2025-08-20,1,Breiðablik,Tindastóll,10,3,1,2.5e-4
2025-08-20,1,Breiðablik,Tindastóll,10,4,1,2.5e-4
2025-08-20,1,Breiðablik,Tindastóll,11,0,68,0.017
2025-08-20,1,Breiðablik,Tindastóll,11,1,31,0.00775
2025-08-20,1,Breiðablik,Tindastóll,11,2,7,0.00175
2025-08-20,1,Breiðablik,Tindastóll,11,3,1,2.5e-4
2025-08-20,1,Breiðablik,Tindastóll,12,0,33,0.00825
2025-08-20,1,Breiðablik,Tindastóll,12,1,17,0.00425
2025-08-20,1,Breiðablik,Tindastóll,12,2,5,0.00125
2025-08-20,1,Breiðablik,Tindastóll,13,0,20,0.005
2025-08-20,1,Breiðablik,Tindastóll,13,1,10,0.0025
2025-08-20,1,Breiðablik,Tindastóll,13,2,1,2.5e-4
2025-08-20,1,Breiðablik,Tindastóll,14,0,17,0.00425
2025-08-20,1,Breiðablik,Tindastóll,14,1,3,7.5e-4
2025-08-20,1,Breiðablik,Tindastóll,14,2,2,5e-4
2025-08-20,1,Breiðablik,Tindastóll,15,0,10,0.0025
2025-08-20,1,Breiðablik,Tindastóll,15,1,3,7.5e-4
2025-08-20,1,Breiðablik,Tindastóll,15,2,2,5e-4
2025-08-20,1,Breiðablik,Tindastóll,16,0,6,0.0015
2025-08-20,1,Breiðablik,Tindastóll,16,1,2,5e-4
2025-08-20,1,Breiðablik,Tindastóll,17,0,4,0.001
2025-08-20,1,Breiðablik,Tindastóll,17,3,1,2.5e-4
2025-08-20,1,Breiðablik,Tindastóll,18,1,1,2.5e-4
2025-08-20,1,Breiðablik,Tindastóll,19,1,1,2.5e-4
2025-08-20,1,Breiðablik,Tindastóll,19,2,1,2.5e-4
2025-08-20,1,Breiðablik,Tindastóll,22,3,1,2.5e-4
2025-08-20,1,Fram,Víkingur R.,0,0,177,0.04425
2025-08-20,1,Fram,Víkingur R.,0,1,239,0.05975
2025-08-20,1,Fram,Víkingur R.,0,2,157,0.03925
2025-08-20,1,Fram,Víkingur R.,0,3,104,0.026
2025-08-20,1,Fram,Víkingur R.,0,4,43,0.01075
2025-08-20,1,Fram,Víkingur R.,0,5,20,0.005
2025-08-20,1,Fram,Víkingur R.,0,6,11,0.00275
2025-08-20,1,Fram,Víkingur R.,0,7,3,7.5e-4
2025-08-20,1,Fram,Víkingur R.,0,8,1,2.5e-4
2025-08-20,1,Fram,Víkingur R.,1,0,235,0.05875
2025-08-20,1,Fram,Víkingur R.,1,1,395,0.09875
2025-08-20,1,Fram,Víkingur R.,1,2,283,0.07075
2025-08-20,1,Fram,Víkingur R.,1,3,161,0.04025
2025-08-20,1,Fram,Víkingur R.,1,4,64,0.016
2025-08-20,1,Fram,Víkingur R.,1,5,28,0.007
2025-08-20,1,Fram,Víkingur R.,1,6,8,0.002
2025-08-20,1,Fram,Víkingur R.,1,7,3,7.5e-4
2025-08-20,1,Fram,Víkingur R.,1,8,3,7.5e-4
2025-08-20,1,Fram,Víkingur R.,1,9,1,2.5e-4
2025-08-20,1,Fram,Víkingur R.,2,0,214,0.0535
2025-08-20,1,Fram,Víkingur R.,2,1,257,0.06425
2025-08-20,1,Fram,Víkingur R.,2,2,227,0.05675
2025-08-20,1,Fram,Víkingur R.,2,3,133,0.03325
2025-08-20,1,Fram,Víkingur R.,2,4,52,0.013
2025-08-20,1,Fram,Víkingur R.,2,5,26,0.0065
2025-08-20,1,Fram,Víkingur R.,2,6,5,0.00125
2025-08-20,1,Fram,Víkingur R.,2,7,3,7.5e-4
2025-08-20,1,Fram,Víkingur R.,3,0,127,0.03175
2025-08-20,1,Fram,Víkingur R.,3,1,146,0.0365
2025-08-20,1,Fram,Víkingur R.,3,2,147,0.03675
2025-08-20,1,Fram,Víkingur R.,3,3,120,0.03
2025-08-20,1,Fram,Víkingur R.,3,4,43,0.01075
2025-08-20,1,Fram,Víkingur R.,3,5,16,0.004
2025-08-20,1,Fram,Víkingur R.,3,6,6,0.0015
2025-08-20,1,Fram,Víkingur R.,3,7,2,5e-4
2025-08-20,1,Fram,Víkingur R.,3,8,2,5e-4
2025-08-20,1,Fram,Víkingur R.,4,0,50,0.0125
2025-08-20,1,Fram,Víkingur R.,4,1,95,0.02375
2025-08-20,1,Fram,Víkingur R.,4,2,70,0.0175
2025-08-20,1,Fram,Víkingur R.,4,3,47,0.01175
2025-08-20,1,Fram,Víkingur R.,4,4,23,0.00575
2025-08-20,1,Fram,Víkingur R.,4,5,9,0.00225
2025-08-20,1,Fram,Víkingur R.,4,6,4,0.001
2025-08-20,1,Fram,Víkingur R.,4,7,2,5e-4
2025-08-20,1,Fram,Víkingur R.,4,9,1,2.5e-4
2025-08-20,1,Fram,Víkingur R.,5,0,30,0.0075
2025-08-20,1,Fram,Víkingur R.,5,1,42,0.0105
2025-08-20,1,Fram,Víkingur R.,5,2,37,0.00925
2025-08-20,1,Fram,Víkingur R.,5,3,23,0.00575
2025-08-20,1,Fram,Víkingur R.,5,4,13,0.00325
2025-08-20,1,Fram,Víkingur R.,5,5,5,0.00125
2025-08-20,1,Fram,Víkingur R.,5,6,2,5e-4
2025-08-20,1,Fram,Víkingur R.,5,8,2,5e-4
2025-08-20,1,Fram,Víkingur R.,6,0,9,0.00225
2025-08-20,1,Fram,Víkingur R.,6,1,18,0.0045
2025-08-20,1,Fram,Víkingur R.,6,2,8,0.002
2025-08-20,1,Fram,Víkingur R.,6,3,10,0.0025
2025-08-20,1,Fram,Víkingur R.,6,4,6,0.0015
2025-08-20,1,Fram,Víkingur R.,6,5,1,2.5e-4
2025-08-20,1,Fram,Víkingur R.,6,6,2,5e-4
2025-08-20,1,Fram,Víkingur R.,7,0,3,7.5e-4
2025-08-20,1,Fram,Víkingur R.,7,1,4,0.001
2025-08-20,1,Fram,Víkingur R.,7,2,6,0.0015
2025-08-20,1,Fram,Víkingur R.,7,3,2,5e-4
2025-08-20,1,Fram,Víkingur R.,7,4,1,2.5e-4
2025-08-20,1,Fram,Víkingur R.,7,5,1,2.5e-4
2025-08-20,1,Fram,Víkingur R.,8,0,3,7.5e-4
2025-08-20,1,Fram,Víkingur R.,8,2,2,5e-4
2025-08-20,1,Fram,Víkingur R.,8,3,2,5e-4
2025-08-20,1,Fram,Víkingur R.,9,0,1,2.5e-4
2025-08-20,1,Fram,Víkingur R.,9,1,1,2.5e-4
2025-08-20,1,Fram,Víkingur R.,9,3,1,2.5e-4
2025-08-20,1,Fram,Víkingur R.,9,5,1,2.5e-4
2025-08-20,1,Fram,Víkingur R.,11,0,1,2.5e-4
2025-08-20,1,Þróttur R.,Valur,0,0,410,0.1025
2025-08-20,1,Þróttur R.,Valur,0,1,271,0.06775
2025-08-20,1,Þróttur R.,Valur,0,2,142,0.0355
2025-08-20,1,Þróttur R.,Valur,0,3,40,0.01
2025-08-20,1,Þróttur R.,Valur,0,4,12,0.003
2025-08-20,1,Þróttur R.,Valur,0,5,3,7.5e-4
2025-08-20,1,Þróttur R.,Valur,1,0,552,0.138
2025-08-20,1,Þróttur R.,Valur,1,1,438,0.1095
2025-08-20,1,Þróttur R.,Valur,1,2,178,0.0445
2025-08-20,1,Þróttur R.,Valur,1,3,55,0.01375
2025-08-20,1,Þróttur R.,Valur,1,4,13,0.00325
2025-08-20,1,Þróttur R.,Valur,1,5,3,7.5e-4
2025-08-20,1,Þróttur R.,Valur,1,6,3,7.5e-4
2025-08-20,1,Þróttur R.,Valur,2,0,409,0.10225
2025-08-20,1,Þróttur R.,Valur,2,1,315,0.07875
2025-08-20,1,Þróttur R.,Valur,2,2,151,0.03775
2025-08-20,1,Þróttur R.,Valur,2,3,38,0.0095
2025-08-20,1,Þróttur R.,Valur,2,4,11,0.00275
2025-08-20,1,Þróttur R.,Valur,2,6,1,2.5e-4
2025-08-20,1,Þróttur R.,Valur,3,0,195,0.04875
2025-08-20,1,Þróttur R.,Valur,3,1,185,0.04625
2025-08-20,1,Þróttur R.,Valur,3,2,88,0.022
2025-08-20,1,Þróttur R.,Valur,3,3,32,0.008
2025-08-20,1,Þróttur R.,Valur,3,4,7,0.00175
2025-08-20,1,Þróttur R.,Valur,3,5,4,0.001
2025-08-20,1,Þróttur R.,Valur,3,6,1,2.5e-4
2025-08-20,1,Þróttur R.,Valur,4,0,99,0.02475
2025-08-20,1,Þróttur R.,Valur,4,1,103,0.02575
2025-08-20,1,Þróttur R.,Valur,4,2,39,0.00975
2025-08-20,1,Þróttur R.,Valur,4,3,12,0.003
2025-08-20,1,Þróttur R.,Valur,4,4,5,0.00125
2025-08-20,1,Þróttur R.,Valur,4,5,1,2.5e-4
2025-08-20,1,Þróttur R.,Valur,5,0,47,0.01175
2025-08-20,1,Þróttur R.,Valur,5,1,38,0.0095
2025-08-20,1,Þróttur R.,Valur,5,2,12,0.003
2025-08-20,1,Þróttur R.,Valur,5,3,5,0.00125
2025-08-20,1,Þróttur R.,Valur,5,4,2,5e-4
2025-08-20,1,Þróttur R.,Valur,6,0,17,0.00425
2025-08-20,1,Þróttur R.,Valur,6,1,17,0.00425
2025-08-20,1,Þróttur R.,Valur,6,2,9,0.00225
2025-08-20,1,Þróttur R.,Valur,6,3,5,0.00125
2025-08-20,1,Þróttur R.,Valur,6,4,2,5e-4
2025-08-20,1,Þróttur R.,Valur,7,0,5,0.00125
2025-08-20,1,Þróttur R.,Valur,7,1,5,0.00125
2025-08-20,1,Þróttur R.,Valur,7,2,2,5e-4
2025-08-20,1,Þróttur R.,Valur,7,3,1,2.5e-4
2025-08-20,1,Þróttur R.,Valur,7,4,1,2.5e-4
2025-08-20,1,Þróttur R.,Valur,8,0,2,5e-4
2025-08-20,1,Þróttur R.,Valur,8,1,5,0.00125
2025-08-20,1,Þróttur R.,Valur,8,2,3,7.5e-4
2025-08-20,1,Þróttur R.,Valur,8,3,1,2.5e-4
2025-08-20,1,Þróttur R.,Valur,8,4,1,2.5e-4
2025-08-20,1,Þróttur R.,Valur,9,0,2,5e-4
2025-08-20,1,Þróttur R.,Valur,9,1,1,2.5e-4
2025-08-20,1,Þróttur R.,Valur,9,2,1,2.5e-4
2025-08-21,1,Stjarnan,FH,0,0,263,0.06575
2025-08-21,1,Stjarnan,FH,0,1,321,0.08025
2025-08-21,1,Stjarnan,FH,0,2,308,0.077
2025-08-21,1,Stjarnan,FH,0,3,184,0.046
2025-08-21,1,Stjarnan,FH,0,4,87,0.02175
2025-08-21,1,Stjarnan,FH,0,5,30,0.0075
2025-08-21,1,Stjarnan,FH,0,6,15,0.00375
2025-08-21,1,Stjarnan,FH,0,7,3,7.5e-4
2025-08-21,1,Stjarnan,FH,0,8,5,0.00125
2025-08-21,1,Stjarnan,FH,0,9,1,2.5e-4
2025-08-21,1,Stjarnan,FH,1,0,230,0.0575
2025-08-21,1,Stjarnan,FH,1,1,412,0.103
2025-08-21,1,Stjarnan,FH,1,2,336,0.084
2025-08-21,1,Stjarnan,FH,1,3,198,0.0495
2025-08-21,1,Stjarnan,FH,1,4,113,0.02825
2025-08-21,1,Stjarnan,FH,1,5,43,0.01075
2025-08-21,1,Stjarnan,FH,1,6,22,0.0055
2025-08-21,1,Stjarnan,FH,1,7,6,0.0015
2025-08-21,1,Stjarnan,FH,1,8,2,5e-4
2025-08-21,1,Stjarnan,FH,2,0,125,0.03125
2025-08-21,1,Stjarnan,FH,2,1,226,0.0565
2025-08-21,1,Stjarnan,FH,2,2,196,0.049
2025-08-21,1,Stjarnan,FH,2,3,130,0.0325
2025-08-21,1,Stjarnan,FH,2,4,76,0.019
2025-08-21,1,Stjarnan,FH,2,5,32,0.008
2025-08-21,1,Stjarnan,FH,2,6,17,0.00425
2025-08-21,1,Stjarnan,FH,2,7,5,0.00125
2025-08-21,1,Stjarnan,FH,2,8,1,2.5e-4
2025-08-21,1,Stjarnan,FH,3,0,65,0.01625
2025-08-21,1,Stjarnan,FH,3,1,118,0.0295
2025-08-21,1,Stjarnan,FH,3,2,88,0.022
2025-08-21,1,Stjarnan,FH,3,3,79,0.01975
2025-08-21,1,Stjarnan,FH,3,4,33,0.00825
2025-08-21,1,Stjarnan,FH,3,5,15,0.00375
2025-08-21,1,Stjarnan,FH,3,6,6,0.0015
2025-08-21,1,Stjarnan,FH,3,7,2,5e-4
2025-08-21,1,Stjarnan,FH,4,0,18,0.0045
2025-08-21,1,Stjarnan,FH,4,1,36,0.009
2025-08-21,1,Stjarnan,FH,4,2,32,0.008
2025-08-21,1,Stjarnan,FH,4,3,25,0.00625
2025-08-21,1,Stjarnan,FH,4,4,8,0.002
2025-08-21,1,Stjarnan,FH,4,5,8,0.002
2025-08-21,1,Stjarnan,FH,4,6,4,0.001
2025-08-21,1,Stjarnan,FH,5,0,9,0.00225
2025-08-21,1,Stjarnan,FH,5,1,16,0.004
2025-08-21,1,Stjarnan,FH,5,2,11,0.00275
2025-08-21,1,Stjarnan,FH,5,3,12,0.003
2025-08-21,1,Stjarnan,FH,5,4,5,0.00125
2025-08-21,1,Stjarnan,FH,5,5,2,5e-4
2025-08-21,1,Stjarnan,FH,5,7,1,2.5e-4
2025-08-21,1,Stjarnan,FH,6,0,2,5e-4
2025-08-21,1,Stjarnan,FH,6,1,3,7.5e-4
2025-08-21,1,Stjarnan,FH,6,2,3,7.5e-4
2025-08-21,1,Stjarnan,FH,6,3,2,5e-4
2025-08-21,1,Stjarnan,FH,7,0,2,5e-4
2025-08-21,1,Stjarnan,FH,7,1,1,2.5e-4
2025-08-21,1,Stjarnan,FH,7,2,3,7.5e-4
2025-08-21,1,Stjarnan,FH,7,3,2,5e-4
2025-08-21,1,Stjarnan,FH,7,7,1,2.5e-4
2025-08-21,1,Stjarnan,FH,8,4,1,2.5e-4
2025-08-21,1,Þór/KA,FHL,0,0,91,0.02275
2025-08-21,1,Þór/KA,FHL,0,1,46,0.0115
2025-08-21,1,Þór/KA,FHL,0,2,8,0.002
2025-08-21,1,Þór/KA,FHL,0,3,3,7.5e-4
2025-08-21,1,Þór/KA,FHL,0,4,1,2.5e-4
2025-08-21,1,Þór/KA,FHL,1,0,289,0.07225
2025-08-21,1,Þór/KA,FHL,1,1,127,0.03175
2025-08-21,1,Þór/KA,FHL,1,2,29,0.00725
2025-08-21,1,Þór/KA,FHL,1,3,11,0.00275
2025-08-21,1,Þór/KA,FHL,1,4,2,5e-4
2025-08-21,1,Þór/KA,FHL,2,0,410,0.1025
2025-08-21,1,Þór/KA,FHL,2,1,194,0.0485
2025-08-21,1,Þór/KA,FHL,2,2,60,0.015
2025-08-21,1,Þór/KA,FHL,2,3,6,0.0015
2025-08-21,1,Þór/KA,FHL,3,0,429,0.10725
2025-08-21,1,Þór/KA,FHL,3,1,202,0.0505
2025-08-21,1,Þór/KA,FHL,3,2,64,0.016
2025-08-21,1,Þór/KA,FHL,3,3,10,0.0025
2025-08-21,1,Þór/KA,FHL,3,4,3,7.5e-4
2025-08-21,1,Þór/KA,FHL,4,0,387,0.09675
2025-08-21,1,Þór/KA,FHL,4,1,183,0.04575
2025-08-21,1,Þór/KA,FHL,4,2,35,0.00875
2025-08-21,1,Þór/KA,FHL,4,3,7,0.00175
2025-08-21,1,Þór/KA,FHL,4,4,4,0.001
2025-08-21,1,Þór/KA,FHL,4,5,1,2.5e-4
2025-08-21,1,Þór/KA,FHL,5,0,330,0.0825
2025-08-21,1,Þór/KA,FHL,5,1,142,0.0355
2025-08-21,1,Þór/KA,FHL,5,2,48,0.012
2025-08-21,1,Þór/KA,FHL,5,3,8,0.002
2025-08-21,1,Þór/KA,FHL,5,5,1,2.5e-4
2025-08-21,1,Þór/KA,FHL,6,0,210,0.0525
2025-08-21,1,Þór/KA,FHL,6,1,102,0.0255
2025-08-21,1,Þór/KA,FHL,6,2,25,0.00625
2025-08-21,1,Þór/KA,FHL,6,3,8,0.002
2025-08-21,1,Þór/KA,FHL,7,0,147,0.03675
2025-08-21,1,Þór/KA,FHL,7,1,70,0.0175
2025-08-21,1,Þór/KA,FHL,7,2,17,0.00425
2025-08-21,1,Þór/KA,FHL,7,3,5,0.00125
2025-08-21,1,Þór/KA,FHL,7,4,1,2.5e-4
2025-08-21,1,Þór/KA,FHL,8,0,76,0.019
2025-08-21,1,Þór/KA,FHL,8,1,29,0.00725
2025-08-21,1,Þór/KA,FHL,8,2,14,0.0035
2025-08-21,1,Þór/KA,FHL,8,3,2,5e-4
2025-08-21,1,Þór/KA,FHL,9,0,62,0.0155
2025-08-21,1,Þór/KA,FHL,9,1,15,0.00375
2025-08-21,1,Þór/KA,FHL,9,2,8,0.002
2025-08-21,1,Þór/KA,FHL,9,3,1,2.5e-4
2025-08-21,1,Þór/KA,FHL,10,0,22,0.0055
2025-08-21,1,Þór/KA,FHL,10,1,10,0.0025
2025-08-21,1,Þór/KA,FHL,10,2,1,2.5e-4
2025-08-21,1,Þór/KA,FHL,11,0,17,0.00425
2025-08-21,1,Þór/KA,FHL,11,1,4,0.001
2025-08-21,1,Þór/KA,FHL,11,2,2,5e-4
2025-08-21,1,Þór/KA,FHL,11,3,1,2.5e-4
2025-08-21,1,Þór/KA,FHL,12,0,8,0.002
2025-08-21,1,Þór/KA,FHL,12,1,4,0.001
2025-08-21,1,Þór/KA,FHL,12,2,1,2.5e-4
2025-08-21,1,Þór/KA,FHL,12,4,1,2.5e-4
2025-08-21,1,Þór/KA,FHL,13,0,2,5e-4
2025-08-21,1,Þór/KA,FHL,13,1,1,2.5e-4
2025-08-21,1,Þór/KA,FHL,13,2,1,2.5e-4
2025-08-21,1,Þór/KA,FHL,13,4,1,2.5e-4
2025-08-21,1,Þór/KA,FHL,15,0,1,2.5e-4
2025-08-28,1,FH,Þróttur R.,0,0,260,0.065
2025-08-28,1,FH,Þróttur R.,0,1,323,0.08075
2025-08-28,1,FH,Þróttur R.,0,2,223,0.05575
2025-08-28,1,FH,Þróttur R.,0,3,121,0.03025
2025-08-28,1,FH,Þróttur R.,0,4,58,0.0145
2025-08-28,1,FH,Þróttur R.,0,5,33,0.00825
2025-08-28,1,FH,Þróttur R.,0,6,7,0.00175
2025-08-28,1,FH,Þróttur R.,0,7,3,7.5e-4
2025-08-28,1,FH,Þróttur R.,0,8,1,2.5e-4
2025-08-28,1,FH,Þróttur R.,0,9,1,2.5e-4
2025-08-28,1,FH,Þróttur R.,1,0,258,0.0645
2025-08-28,1,FH,Þróttur R.,1,1,456,0.114
2025-08-28,1,FH,Þróttur R.,1,2,319,0.07975
2025-08-28,1,FH,Þróttur R.,1,3,167,0.04175
2025-08-28,1,FH,Þróttur R.,1,4,83,0.02075
2025-08-28,1,FH,Þróttur R.,1,5,34,0.0085
2025-08-28,1,FH,Þróttur R.,1,6,8,0.002
2025-08-28,1,FH,Þróttur R.,1,7,6,0.0015
2025-08-28,1,FH,Þróttur R.,1,8,2,5e-4
2025-08-28,1,FH,Þróttur R.,2,0,206,0.0515
2025-08-28,1,FH,Þróttur R.,2,1,273,0.06825
2025-08-28,1,FH,Þróttur R.,2,2,230,0.0575
2025-08-28,1,FH,Þróttur R.,2,3,121,0.03025
2025-08-28,1,FH,Þróttur R.,2,4,60,0.015
2025-08-28,1,FH,Þróttur R.,2,5,25,0.00625
2025-08-28,1,FH,Þróttur R.,2,6,15,0.00375
2025-08-28,1,FH,Þróttur R.,2,7,4,0.001
2025-08-28,1,FH,Þróttur R.,3,0,83,0.02075
2025-08-28,1,FH,Þróttur R.,3,1,107,0.02675
2025-08-28,1,FH,Þróttur R.,3,2,114,0.0285
2025-08-28,1,FH,Þróttur R.,3,3,66,0.0165
2025-08-28,1,FH,Þróttur R.,3,4,34,0.0085
2025-08-28,1,FH,Þróttur R.,3,5,13,0.00325
2025-08-28,1,FH,Þróttur R.,3,6,6,0.0015
2025-08-28,1,FH,Þróttur R.,3,7,2,5e-4
2025-08-28,1,FH,Þróttur R.,3,8,1,2.5e-4
2025-08-28,1,FH,Þróttur R.,4,0,41,0.01025
2025-08-28,1,FH,Þróttur R.,4,1,37,0.00925
2025-08-28,1,FH,Þróttur R.,4,2,49,0.01225
2025-08-28,1,FH,Þróttur R.,4,3,29,0.00725
2025-08-28,1,FH,Þróttur R.,4,4,13,0.00325
2025-08-28,1,FH,Þróttur R.,4,5,8,0.002
2025-08-28,1,FH,Þróttur R.,4,6,5,0.00125
2025-08-28,1,FH,Þróttur R.,4,8,1,2.5e-4
2025-08-28,1,FH,Þróttur R.,5,0,18,0.0045
2025-08-28,1,FH,Þróttur R.,5,1,13,0.00325
2025-08-28,1,FH,Þróttur R.,5,2,11,0.00275
2025-08-28,1,FH,Þróttur R.,5,3,8,0.002
2025-08-28,1,FH,Þróttur R.,5,4,7,0.00175
2025-08-28,1,FH,Þróttur R.,5,5,2,5e-4
2025-08-28,1,FH,Þróttur R.,5,6,3,7.5e-4
2025-08-28,1,FH,Þróttur R.,5,7,1,2.5e-4
2025-08-28,1,FH,Þróttur R.,5,9,1,2.5e-4
2025-08-28,1,FH,Þróttur R.,6,0,6,0.0015
2025-08-28,1,FH,Þróttur R.,6,1,4,0.001
2025-08-28,1,FH,Þróttur R.,6,2,5,0.00125
2025-08-28,1,FH,Þróttur R.,6,3,1,2.5e-4
2025-08-28,1,FH,Þróttur R.,6,4,1,2.5e-4
2025-08-28,1,FH,Þróttur R.,6,5,1,2.5e-4
2025-08-28,1,FH,Þróttur R.,7,0,1,2.5e-4
2025-08-28,1,FH,Þróttur R.,7,1,2,5e-4
2025-08-28,1,FH,Þróttur R.,7,2,2,5e-4
2025-08-28,1,FH,Þróttur R.,7,4,2,5e-4
2025-08-28,1,FH,Þróttur R.,7,5,2,5e-4
2025-08-28,1,FH,Þróttur R.,8,2,1,2.5e-4
2025-08-28,1,FH,Þróttur R.,8,4,1,2.5e-4
2025-08-28,1,FH,Þróttur R.,9,2,1,2.5e-4
2025-08-28,1,Tindastóll,Víkingur R.,0,0,182,0.0455
2025-08-28,1,Tindastóll,Víkingur R.,0,1,198,0.0495
2025-08-28,1,Tindastóll,Víkingur R.,0,2,184,0.046
2025-08-28,1,Tindastóll,Víkingur R.,0,3,95,0.02375
2025-08-28,1,Tindastóll,Víkingur R.,0,4,50,0.0125
2025-08-28,1,Tindastóll,Víkingur R.,0,5,17,0.00425
2025-08-28,1,Tindastóll,Víkingur R.,0,6,10,0.0025
2025-08-28,1,Tindastóll,Víkingur R.,0,7,2,5e-4
2025-08-28,1,Tindastóll,Víkingur R.,0,9,1,2.5e-4
2025-08-28,1,Tindastóll,Víkingur R.,1,0,206,0.0515
2025-08-28,1,Tindastóll,Víkingur R.,1,1,373,0.09325
2025-08-28,1,Tindastóll,Víkingur R.,1,2,255,0.06375
2025-08-28,1,Tindastóll,Víkingur R.,1,3,134,0.0335
2025-08-28,1,Tindastóll,Víkingur R.,1,4,77,0.01925
2025-08-28,1,Tindastóll,Víkingur R.,1,5,31,0.00775
2025-08-28,1,Tindastóll,Víkingur R.,1,6,11,0.00275
2025-08-28,1,Tindastóll,Víkingur R.,1,7,2,5e-4
2025-08-28,1,Tindastóll,Víkingur R.,1,8,1,2.5e-4
2025-08-28,1,Tindastóll,Víkingur R.,1,9,1,2.5e-4
2025-08-28,1,Tindastóll,Víkingur R.,1,10,1,2.5e-4
2025-08-28,1,Tindastóll,Víkingur R.,2,0,183,0.04575
2025-08-28,1,Tindastóll,Víkingur R.,2,1,281,0.07025
2025-08-28,1,Tindastóll,Víkingur R.,2,2,260,0.065
2025-08-28,1,Tindastóll,Víkingur R.,2,3,151,0.03775
2025-08-28,1,Tindastóll,Víkingur R.,2,4,59,0.01475
2025-08-28,1,Tindastóll,Víkingur R.,2,5,24,0.006
2025-08-28,1,Tindastóll,Víkingur R.,2,6,10,0.0025
2025-08-28,1,Tindastóll,Víkingur R.,2,7,6,0.0015
2025-08-28,1,Tindastóll,Víkingur R.,2,9,1,2.5e-4
2025-08-28,1,Tindastóll,Víkingur R.,3,0,132,0.033
2025-08-28,1,Tindastóll,Víkingur R.,3,1,189,0.04725
2025-08-28,1,Tindastóll,Víkingur R.,3,2,137,0.03425
2025-08-28,1,Tindastóll,Víkingur R.,3,3,91,0.02275
2025-08-28,1,Tindastóll,Víkingur R.,3,4,49,0.01225
2025-08-28,1,Tindastóll,Víkingur R.,3,5,22,0.0055
2025-08-28,1,Tindastóll,Víkingur R.,3,6,9,0.00225
2025-08-28,1,Tindastóll,Víkingur R.,3,7,3,7.5e-4
2025-08-28,1,Tindastóll,Víkingur R.,4,0,62,0.0155
2025-08-28,1,Tindastóll,Víkingur R.,4,1,82,0.0205
2025-08-28,1,Tindastóll,Víkingur R.,4,2,88,0.022
2025-08-28,1,Tindastóll,Víkingur R.,4,3,49,0.01225
2025-08-28,1,Tindastóll,Víkingur R.,4,4,30,0.0075
2025-08-28,1,Tindastóll,Víkingur R.,4,5,11,0.00275
2025-08-28,1,Tindastóll,Víkingur R.,4,6,2,5e-4
2025-08-28,1,Tindastóll,Víkingur R.,4,7,1,2.5e-4
2025-08-28,1,Tindastóll,Víkingur R.,5,0,24,0.006
2025-08-28,1,Tindastóll,Víkingur R.,5,1,34,0.0085
2025-08-28,1,Tindastóll,Víkingur R.,5,2,34,0.0085
2025-08-28,1,Tindastóll,Víkingur R.,5,3,34,0.0085
2025-08-28,1,Tindastóll,Víkingur R.,5,4,8,0.002
2025-08-28,1,Tindastóll,Víkingur R.,5,5,5,0.00125
2025-08-28,1,Tindastóll,Víkingur R.,5,6,3,7.5e-4
2025-08-28,1,Tindastóll,Víkingur R.,5,7,2,5e-4
2025-08-28,1,Tindastóll,Víkingur R.,5,8,1,2.5e-4
2025-08-28,1,Tindastóll,Víkingur R.,6,0,7,0.00175
2025-08-28,1,Tindastóll,Víkingur R.,6,1,15,0.00375
2025-08-28,1,Tindastóll,Víkingur R.,6,2,15,0.00375
2025-08-28,1,Tindastóll,Víkingur R.,6,3,8,0.002
2025-08-28,1,Tindastóll,Víkingur R.,6,4,3,7.5e-4
2025-08-28,1,Tindastóll,Víkingur R.,6,5,3,7.5e-4
2025-08-28,1,Tindastóll,Víkingur R.,6,6,1,2.5e-4
2025-08-28,1,Tindastóll,Víkingur R.,6,7,1,2.5e-4
2025-08-28,1,Tindastóll,Víkingur R.,6,9,1,2.5e-4
2025-08-28,1,Tindastóll,Víkingur R.,7,0,2,5e-4
2025-08-28,1,Tindastóll,Víkingur R.,7,1,9,0.00225
2025-08-28,1,Tindastóll,Víkingur R.,7,2,6,0.0015
2025-08-28,1,Tindastóll,Víkingur R.,7,3,3,7.5e-4
2025-08-28,1,Tindastóll,Víkingur R.,7,4,1,2.5e-4
2025-08-28,1,Tindastóll,Víkingur R.,7,5,1,2.5e-4
2025-08-28,1,Tindastóll,Víkingur R.,8,0,3,7.5e-4
2025-08-28,1,Tindastóll,Víkingur R.,8,1,2,5e-4
2025-08-28,1,Tindastóll,Víkingur R.,8,2,3,7.5e-4
2025-08-28,1,Tindastóll,Víkingur R.,8,3,1,2.5e-4
2025-08-28,1,Tindastóll,Víkingur R.,8,4,1,2.5e-4
2025-08-28,1,Tindastóll,Víkingur R.,9,1,2,5e-4
2025-08-28,1,Tindastóll,Víkingur R.,9,2,1,2.5e-4
2025-08-28,1,Tindastóll,Víkingur R.,9,3,1,2.5e-4
2025-08-28,1,Tindastóll,Víkingur R.,9,4,1,2.5e-4
2025-08-28,1,Tindastóll,Víkingur R.,10,1,1,2.5e-4
2025-08-30,1,FHL,Stjarnan,0,0,217,0.05425
2025-08-30,1,FHL,Stjarnan,0,1,403,0.10075
2025-08-30,1,FHL,Stjarnan,0,2,418,0.1045
2025-08-30,1,FHL,Stjarnan,0,3,267,0.06675
2025-08-30,1,FHL,Stjarnan,0,4,163,0.04075
2025-08-30,1,FHL,Stjarnan,0,5,89,0.02225
2025-08-30,1,FHL,Stjarnan,0,6,38,0.0095
2025-08-30,1,FHL,Stjarnan,0,7,14,0.0035
2025-08-30,1,FHL,Stjarnan,0,8,5,0.00125
2025-08-30,1,FHL,Stjarnan,0,10,2,5e-4
2025-08-30,1,FHL,Stjarnan,0,11,1,2.5e-4
2025-08-30,1,FHL,Stjarnan,1,0,166,0.0415
2025-08-30,1,FHL,Stjarnan,1,1,335,0.08375
2025-08-30,1,FHL,Stjarnan,1,2,314,0.0785
2025-08-30,1,FHL,Stjarnan,1,3,232,0.058
2025-08-30,1,FHL,Stjarnan,1,4,161,0.04025
2025-08-30,1,FHL,Stjarnan,1,5,74,0.0185
2025-08-30,1,FHL,Stjarnan,1,6,39,0.00975
2025-08-30,1,FHL,Stjarnan,1,7,11,0.00275
2025-08-30,1,FHL,Stjarnan,1,8,9,0.00225
2025-08-30,1,FHL,Stjarnan,1,9,1,2.5e-4
2025-08-30,1,FHL,Stjarnan,1,11,2,5e-4
2025-08-30,1,FHL,Stjarnan,2,0,78,0.0195
2025-08-30,1,FHL,Stjarnan,2,1,147,0.03675
2025-08-30,1,FHL,Stjarnan,2,2,184,0.046
2025-08-30,1,FHL,Stjarnan,2,3,125,0.03125
2025-08-30,1,FHL,Stjarnan,2,4,75,0.01875
2025-08-30,1,FHL,Stjarnan,2,5,36,0.009
2025-08-30,1,FHL,Stjarnan,2,6,15,0.00375
2025-08-30,1,FHL,Stjarnan,2,7,18,0.0045
2025-08-30,1,FHL,Stjarnan,2,8,2,5e-4
2025-08-30,1,FHL,Stjarnan,2,9,1,2.5e-4
2025-08-30,1,FHL,Stjarnan,3,0,27,0.00675
2025-08-30,1,FHL,Stjarnan,3,1,60,0.015
2025-08-30,1,FHL,Stjarnan,3,2,51,0.01275
2025-08-30,1,FHL,Stjarnan,3,3,43,0.01075
2025-08-30,1,FHL,Stjarnan,3,4,26,0.0065
2025-08-30,1,FHL,Stjarnan,3,5,8,0.002
2025-08-30,1,FHL,Stjarnan,3,6,12,0.003
2025-08-30,1,FHL,Stjarnan,3,7,3,7.5e-4
2025-08-30,1,FHL,Stjarnan,3,8,4,0.001
2025-08-30,1,FHL,Stjarnan,3,10,1,2.5e-4
2025-08-30,1,FHL,Stjarnan,4,0,9,0.00225
2025-08-30,1,FHL,Stjarnan,4,1,29,0.00725
2025-08-30,1,FHL,Stjarnan,4,2,22,0.0055
2025-08-30,1,FHL,Stjarnan,4,3,14,0.0035
2025-08-30,1,FHL,Stjarnan,4,4,13,0.00325
2025-08-30,1,FHL,Stjarnan,4,5,6,0.0015
2025-08-30,1,FHL,Stjarnan,4,6,2,5e-4
2025-08-30,1,FHL,Stjarnan,4,7,1,2.5e-4
2025-08-30,1,FHL,Stjarnan,4,8,1,2.5e-4
2025-08-30,1,FHL,Stjarnan,5,0,1,2.5e-4
2025-08-30,1,FHL,Stjarnan,5,1,3,7.5e-4
2025-08-30,1,FHL,Stjarnan,5,2,3,7.5e-4
2025-08-30,1,FHL,Stjarnan,5,3,3,7.5e-4
2025-08-30,1,FHL,Stjarnan,5,4,3,7.5e-4
2025-08-30,1,FHL,Stjarnan,5,5,3,7.5e-4
2025-08-30,1,FHL,Stjarnan,5,8,1,2.5e-4
2025-08-30,1,FHL,Stjarnan,6,0,1,2.5e-4
2025-08-30,1,FHL,Stjarnan,6,1,2,5e-4
2025-08-30,1,FHL,Stjarnan,6,2,2,5e-4
2025-08-30,1,FHL,Stjarnan,6,6,1,2.5e-4
2025-08-30,1,FHL,Stjarnan,7,1,1,2.5e-4
2025-08-30,1,FHL,Stjarnan,7,2,1,2.5e-4
2025-08-30,1,FHL,Stjarnan,7,3,1,2.5e-4
2025-08-30,1,Þór/KA,Fram,0,0,209,0.05225
2025-08-30,1,Þór/KA,Fram,0,1,133,0.03325
2025-08-30,1,Þór/KA,Fram,0,2,64,0.016
2025-08-30,1,Þór/KA,Fram,0,3,21,0.00525
2025-08-30,1,Þór/KA,Fram,0,4,8,0.002
2025-08-30,1,Þór/KA,Fram,0,5,3,7.5e-4
2025-08-30,1,Þór/KA,Fram,1,0,353,0.08825
2025-08-30,1,Þór/KA,Fram,1,1,285,0.07125
2025-08-30,1,Þór/KA,Fram,1,2,124,0.031
2025-08-30,1,Þór/KA,Fram,1,3,41,0.01025
2025-08-30,1,Þór/KA,Fram,1,4,14,0.0035
2025-08-30,1,Þór/KA,Fram,1,5,3,7.5e-4
2025-08-30,1,Þór/KA,Fram,2,0,391,0.09775
2025-08-30,1,Þór/KA,Fram,2,1,303,0.07575
2025-08-30,1,Þór/KA,Fram,2,2,139,0.03475
2025-08-30,1,Þór/KA,Fram,2,3,52,0.013
2025-08-30,1,Þór/KA,Fram,2,4,18,0.0045
2025-08-30,1,Þór/KA,Fram,2,5,2,5e-4
2025-08-30,1,Þór/KA,Fram,2,6,3,7.5e-4
2025-08-30,1,Þór/KA,Fram,2,7,2,5e-4
2025-08-30,1,Þór/KA,Fram,3,0,356,0.089
2025-08-30,1,Þór/KA,Fram,3,1,233,0.05825
2025-08-30,1,Þór/KA,Fram,3,2,119,0.02975
2025-08-30,1,Þór/KA,Fram,3,3,47,0.01175
2025-08-30,1,Þór/KA,Fram,3,4,12,0.003
2025-08-30,1,Þór/KA,Fram,3,5,3,7.5e-4
2025-08-30,1,Þór/KA,Fram,4,0,182,0.0455
2025-08-30,1,Þór/KA,Fram,4,1,185,0.04625
2025-08-30,1,Þór/KA,Fram,4,2,72,0.018
2025-08-30,1,Þór/KA,Fram,4,3,17,0.00425
2025-08-30,1,Þór/KA,Fram,4,4,11,0.00275
2025-08-30,1,Þór/KA,Fram,4,5,5,0.00125
2025-08-30,1,Þór/KA,Fram,5,0,117,0.02925
2025-08-30,1,Þór/KA,Fram,5,1,118,0.0295
2025-08-30,1,Þór/KA,Fram,5,2,50,0.0125
2025-08-30,1,Þór/KA,Fram,5,3,12,0.003
2025-08-30,1,Þór/KA,Fram,5,4,1,2.5e-4
2025-08-30,1,Þór/KA,Fram,6,0,69,0.01725
2025-08-30,1,Þór/KA,Fram,6,1,46,0.0115
2025-08-30,1,Þór/KA,Fram,6,2,29,0.00725
2025-08-30,1,Þór/KA,Fram,6,3,4,0.001
2025-08-30,1,Þór/KA,Fram,6,4,2,5e-4
2025-08-30,1,Þór/KA,Fram,6,6,2,5e-4
2025-08-30,1,Þór/KA,Fram,7,0,42,0.0105
2025-08-30,1,Þór/KA,Fram,7,1,23,0.00575
2025-08-30,1,Þór/KA,Fram,7,2,5,0.00125
2025-08-30,1,Þór/KA,Fram,7,3,8,0.002
2025-08-30,1,Þór/KA,Fram,7,4,1,2.5e-4
2025-08-30,1,Þór/KA,Fram,7,7,1,2.5e-4
2025-08-30,1,Þór/KA,Fram,8,0,13,0.00325
2025-08-30,1,Þór/KA,Fram,8,1,10,0.0025
2025-08-30,1,Þór/KA,Fram,8,2,5,0.00125
2025-08-30,1,Þór/KA,Fram,8,3,2,5e-4
2025-08-30,1,Þór/KA,Fram,8,4,1,2.5e-4
2025-08-30,1,Þór/KA,Fram,8,5,1,2.5e-4
2025-08-30,1,Þór/KA,Fram,9,0,4,0.001
2025-08-30,1,Þór/KA,Fram,9,1,5,0.00125
2025-08-30,1,Þór/KA,Fram,9,2,4,0.001
2025-08-30,1,Þór/KA,Fram,10,0,6,0.0015
2025-08-30,1,Þór/KA,Fram,10,1,5,0.00125
2025-08-30,1,Þór/KA,Fram,11,0,1,2.5e-4
2025-08-30,1,Þór/KA,Fram,11,1,2,5e-4
2025-08-30,1,Þór/KA,Fram,12,0,1,2.5e-4
2025-09-04,1,Breiðablik,FH,0,0,108,0.027
2025-09-04,1,Breiðablik,FH,0,1,83,0.02075
2025-09-04,1,Breiðablik,FH,0,2,28,0.007
2025-09-04,1,Breiðablik,FH,0,3,11,0.00275
2025-09-04,1,Breiðablik,FH,0,4,1,2.5e-4
2025-09-04,1,Breiðablik,FH,1,0,307,0.07675
2025-09-04,1,Breiðablik,FH,1,1,223,0.05575
2025-09-04,1,Breiðablik,FH,1,2,77,0.01925
2025-09-04,1,Breiðablik,FH,1,3,23,0.00575
2025-09-04,1,Breiðablik,FH,1,4,4,0.001
2025-09-04,1,Breiðablik,FH,1,5,3,7.5e-4
2025-09-04,1,Breiðablik,FH,2,0,326,0.0815
2025-09-04,1,Breiðablik,FH,2,1,245,0.06125
2025-09-04,1,Breiðablik,FH,2,2,121,0.03025
2025-09-04,1,Breiðablik,FH,2,3,39,0.00975
2025-09-04,1,Breiðablik,FH,2,4,11,0.00275
2025-09-04,1,Breiðablik,FH,2,5,3,7.5e-4
2025-09-04,1,Breiðablik,FH,3,0,356,0.089
2025-09-04,1,Breiðablik,FH,3,1,265,0.06625
2025-09-04,1,Breiðablik,FH,3,2,120,0.03
2025-09-04,1,Breiðablik,FH,3,3,29,0.00725
2025-09-04,1,Breiðablik,FH,3,4,15,0.00375
2025-09-04,1,Breiðablik,FH,4,0,268,0.067
2025-09-04,1,Breiðablik,FH,4,1,225,0.05625
2025-09-04,1,Breiðablik,FH,4,2,90,0.0225
2025-09-04,1,Breiðablik,FH,4,3,32,0.008
2025-09-04,1,Breiðablik,FH,4,4,16,0.004
2025-09-04,1,Breiðablik,FH,4,5,4,0.001
2025-09-04,1,Breiðablik,FH,5,0,193,0.04825
2025-09-04,1,Breiðablik,FH,5,1,140,0.035
2025-09-04,1,Breiðablik,FH,5,2,69,0.01725
2025-09-04,1,Breiðablik,FH,5,3,18,0.0045
2025-09-04,1,Breiðablik,FH,5,4,5,0.00125
2025-09-04,1,Breiðablik,FH,5,5,1,2.5e-4
2025-09-04,1,Breiðablik,FH,6,0,122,0.0305
2025-09-04,1,Breiðablik,FH,6,1,87,0.02175
2025-09-04,1,Breiðablik,FH,6,2,34,0.0085
2025-09-04,1,Breiðablik,FH,6,3,13,0.00325
2025-09-04,1,Breiðablik,FH,6,6,1,2.5e-4
2025-09-04,1,Breiðablik,FH,7,0,60,0.015
2025-09-04,1,Breiðablik,FH,7,1,40,0.01
2025-09-04,1,Breiðablik,FH,7,2,23,0.00575
2025-09-04,1,Breiðablik,FH,7,3,5,0.00125
2025-09-04,1,Breiðablik,FH,7,4,2,5e-4
2025-09-04,1,Breiðablik,FH,7,6,1,2.5e-4
2025-09-04,1,Breiðablik,FH,8,0,35,0.00875
2025-09-04,1,Breiðablik,FH,8,1,23,0.00575
2025-09-04,1,Breiðablik,FH,8,2,13,0.00325
2025-09-04,1,Breiðablik,FH,8,3,2,5e-4
2025-09-04,1,Breiðablik,FH,8,4,2,5e-4
2025-09-04,1,Breiðablik,FH,8,5,1,2.5e-4
2025-09-04,1,Breiðablik,FH,9,0,21,0.00525
2025-09-04,1,Breiðablik,FH,9,1,18,0.0045
2025-09-04,1,Breiðablik,FH,9,2,5,0.00125
2025-09-04,1,Breiðablik,FH,9,3,1,2.5e-4
2025-09-04,1,Breiðablik,FH,9,4,1,2.5e-4
2025-09-04,1,Breiðablik,FH,10,0,10,0.0025
2025-09-04,1,Breiðablik,FH,10,1,7,0.00175
2025-09-04,1,Breiðablik,FH,10,2,2,5e-4
2025-09-04,1,Breiðablik,FH,11,0,4,0.001
2025-09-04,1,Breiðablik,FH,11,1,2,5e-4
2025-09-04,1,Breiðablik,FH,11,3,1,2.5e-4
2025-09-04,1,Breiðablik,FH,12,0,1,2.5e-4
2025-09-04,1,Breiðablik,FH,12,1,1,2.5e-4
2025-09-04,1,Breiðablik,FH,13,2,1,2.5e-4
2025-09-04,1,Breiðablik,FH,15,1,1,2.5e-4
2025-09-04,1,Breiðablik,FH,18,1,1,2.5e-4
2025-09-04,1,Tindastóll,Fram,0,0,220,0.055
2025-09-04,1,Tindastóll,Fram,0,1,234,0.0585
2025-09-04,1,Tindastóll,Fram,0,2,147,0.03675
2025-09-04,1,Tindastóll,Fram,0,3,73,0.01825
2025-09-04,1,Tindastóll,Fram,0,4,28,0.007
2025-09-04,1,Tindastóll,Fram,0,5,4,0.001
2025-09-04,1,Tindastóll,Fram,0,6,2,5e-4
2025-09-04,1,Tindastóll,Fram,0,7,1,2.5e-4
2025-09-04,1,Tindastóll,Fram,0,8,1,2.5e-4
2025-09-04,1,Tindastóll,Fram,1,0,289,0.07225
2025-09-04,1,Tindastóll,Fram,1,1,379,0.09475
2025-09-04,1,Tindastóll,Fram,1,2,251,0.06275
2025-09-04,1,Tindastóll,Fram,1,3,110,0.0275
2025-09-04,1,Tindastóll,Fram,1,4,42,0.0105
2025-09-04,1,Tindastóll,Fram,1,5,14,0.0035
2025-09-04,1,Tindastóll,Fram,1,6,1,2.5e-4
2025-09-04,1,Tindastóll,Fram,2,0,278,0.0695
2025-09-04,1,Tindastóll,Fram,2,1,354,0.0885
2025-09-04,1,Tindastóll,Fram,2,2,231,0.05775
2025-09-04,1,Tindastóll,Fram,2,3,104,0.026
2025-09-04,1,Tindastóll,Fram,2,4,40,0.01
2025-09-04,1,Tindastóll,Fram,2,5,14,0.0035
2025-09-04,1,Tindastóll,Fram,2,6,5,0.00125
2025-09-04,1,Tindastóll,Fram,2,8,1,2.5e-4
2025-09-04,1,Tindastóll,Fram,3,0,150,0.0375
2025-09-04,1,Tindastóll,Fram,3,1,186,0.0465
2025-09-04,1,Tindastóll,Fram,3,2,148,0.037
2025-09-04,1,Tindastóll,Fram,3,3,59,0.01475
2025-09-04,1,Tindastóll,Fram,3,4,23,0.00575
2025-09-04,1,Tindastóll,Fram,3,5,6,0.0015
2025-09-04,1,Tindastóll,Fram,3,6,3,7.5e-4
2025-09-04,1,Tindastóll,Fram,3,7,1,2.5e-4
2025-09-04,1,Tindastóll,Fram,4,0,99,0.02475
2025-09-04,1,Tindastóll,Fram,4,1,125,0.03125
2025-09-04,1,Tindastóll,Fram,4,2,91,0.02275
2025-09-04,1,Tindastóll,Fram,4,3,40,0.01
2025-09-04,1,Tindastóll,Fram,4,4,13,0.00325
2025-09-04,1,Tindastóll,Fram,4,5,6,0.0015
2025-09-04,1,Tindastóll,Fram,4,6,2,5e-4
2025-09-04,1,Tindastóll,Fram,5,0,34,0.0085
2025-09-04,1,Tindastóll,Fram,5,1,51,0.01275
2025-09-04,1,Tindastóll,Fram,5,2,26,0.0065
2025-09-04,1,Tindastóll,Fram,5,3,15,0.00375
2025-09-04,1,Tindastóll,Fram,5,4,3,7.5e-4
2025-09-04,1,Tindastóll,Fram,5,5,2,5e-4
2025-09-04,1,Tindastóll,Fram,5,6,2,5e-4
2025-09-04,1,Tindastóll,Fram,6,0,18,0.0045
2025-09-04,1,Tindastóll,Fram,6,1,19,0.00475
2025-09-04,1,Tindastóll,Fram,6,2,14,0.0035
2025-09-04,1,Tindastóll,Fram,6,3,5,0.00125
2025-09-04,1,Tindastóll,Fram,6,4,4,0.001
2025-09-04,1,Tindastóll,Fram,6,5,2,5e-4
2025-09-04,1,Tindastóll,Fram,7,0,4,0.001
2025-09-04,1,Tindastóll,Fram,7,1,6,0.0015
2025-09-04,1,Tindastóll,Fram,7,2,3,7.5e-4
2025-09-04,1,Tindastóll,Fram,7,3,2,5e-4
2025-09-04,1,Tindastóll,Fram,7,5,1,2.5e-4
2025-09-04,1,Tindastóll,Fram,8,0,3,7.5e-4
2025-09-04,1,Tindastóll,Fram,8,1,4,0.001
2025-09-04,1,Tindastóll,Fram,8,2,3,7.5e-4
2025-09-04,1,Tindastóll,Fram,8,3,1,2.5e-4
2025-09-04,1,Tindastóll,Fram,9,0,2,5e-4
2025-09-04,1,Tindastóll,Fram,12,1,1,2.5e-4
2025-09-04,1,Víkingur R.,Valur,0,0,327,0.08175
2025-09-04,1,Víkingur R.,Valur,0,1,466,0.1165
2025-09-04,1,Víkingur R.,Valur,0,2,338,0.0845
2025-09-04,1,Víkingur R.,Valur,0,3,223,0.05575
2025-09-04,1,Víkingur R.,Valur,0,4,84,0.021
2025-09-04,1,Víkingur R.,Valur,0,5,38,0.0095
2025-09-04,1,Víkingur R.,Valur,0,6,9,0.00225
2025-09-04,1,Víkingur R.,Valur,0,7,6,0.0015
2025-09-04,1,Víkingur R.,Valur,0,8,3,7.5e-4
2025-09-04,1,Víkingur R.,Valur,0,9,1,2.5e-4
2025-09-04,1,Víkingur R.,Valur,1,0,278,0.0695
2025-09-04,1,Víkingur R.,Valur,1,1,416,0.104
2025-09-04,1,Víkingur R.,Valur,1,2,322,0.0805
2025-09-04,1,Víkingur R.,Valur,1,3,183,0.04575
2025-09-04,1,Víkingur R.,Valur,1,4,79,0.01975
2025-09-04,1,Víkingur R.,Valur,1,5,35,0.00875
2025-09-04,1,Víkingur R.,Valur,1,6,14,0.0035
2025-09-04,1,Víkingur R.,Valur,1,7,3,7.5e-4
2025-09-04,1,Víkingur R.,Valur,1,8,1,2.5e-4
2025-09-04,1,Víkingur R.,Valur,2,0,134,0.0335
2025-09-04,1,Víkingur R.,Valur,2,1,213,0.05325
2025-09-04,1,Víkingur R.,Valur,2,2,187,0.04675
2025-09-04,1,Víkingur R.,Valur,2,3,111,0.02775
2025-09-04,1,Víkingur R.,Valur,2,4,64,0.016
2025-09-04,1,Víkingur R.,Valur,2,5,18,0.0045
2025-09-04,1,Víkingur R.,Valur,2,6,6,0.0015
2025-09-04,1,Víkingur R.,Valur,2,7,2,5e-4
2025-09-04,1,Víkingur R.,Valur,2,8,1,2.5e-4
2025-09-04,1,Víkingur R.,Valur,3,0,44,0.011
2025-09-04,1,Víkingur R.,Valur,3,1,77,0.01925
2025-09-04,1,Víkingur R.,Valur,3,2,66,0.0165
2025-09-04,1,Víkingur R.,Valur,3,3,54,0.0135
2025-09-04,1,Víkingur R.,Valur,3,4,29,0.00725
2025-09-04,1,Víkingur R.,Valur,3,5,9,0.00225
2025-09-04,1,Víkingur R.,Valur,3,6,1,2.5e-4
2025-09-04,1,Víkingur R.,Valur,3,7,2,5e-4
2025-09-04,1,Víkingur R.,Valur,3,8,1,2.5e-4
2025-09-04,1,Víkingur R.,Valur,4,0,20,0.005
2025-09-04,1,Víkingur R.,Valur,4,1,27,0.00675
2025-09-04,1,Víkingur R.,Valur,4,2,33,0.00825
2025-09-04,1,Víkingur R.,Valur,4,3,23,0.00575
2025-09-04,1,Víkingur R.,Valur,4,4,8,0.002
2025-09-04,1,Víkingur R.,Valur,4,5,3,7.5e-4
2025-09-04,1,Víkingur R.,Valur,4,6,2,5e-4
2025-09-04,1,Víkingur R.,Valur,4,7,1,2.5e-4
2025-09-04,1,Víkingur R.,Valur,5,0,3,7.5e-4
2025-09-04,1,Víkingur R.,Valur,5,1,10,0.0025
2025-09-04,1,Víkingur R.,Valur,5,2,7,0.00175
2025-09-04,1,Víkingur R.,Valur,5,3,3,7.5e-4
2025-09-04,1,Víkingur R.,Valur,5,4,3,7.5e-4
2025-09-04,1,Víkingur R.,Valur,5,5,2,5e-4
2025-09-04,1,Víkingur R.,Valur,6,0,2,5e-4
2025-09-04,1,Víkingur R.,Valur,6,1,2,5e-4
2025-09-04,1,Víkingur R.,Valur,6,2,1,2.5e-4
2025-09-04,1,Víkingur R.,Valur,6,5,1,2.5e-4
2025-09-04,1,Víkingur R.,Valur,7,0,1,2.5e-4
2025-09-04,1,Víkingur R.,Valur,7,2,1,2.5e-4
2025-09-04,1,Víkingur R.,Valur,8,8,1,2.5e-4
2025-09-04,1,Víkingur R.,Valur,9,0,1,2.5e-4
2025-09-06,1,Stjarnan,Þór/KA,0,0,315,0.07875
2025-09-06,1,Stjarnan,Þór/KA,0,1,315,0.07875
2025-09-06,1,Stjarnan,Þór/KA,0,2,240,0.06
2025-09-06,1,Stjarnan,Þór/KA,0,3,123,0.03075
2025-09-06,1,Stjarnan,Þór/KA,0,4,56,0.014
2025-09-06,1,Stjarnan,Þór/KA,0,5,14,0.0035
2025-09-06,1,Stjarnan,Þór/KA,0,6,4,0.001
2025-09-06,1,Stjarnan,Þór/KA,1,0,316,0.079
2025-09-06,1,Stjarnan,Þór/KA,1,1,428,0.107
2025-09-06,1,Stjarnan,Þór/KA,1,2,255,0.06375
2025-09-06,1,Stjarnan,Þór/KA,1,3,150,0.0375
2025-09-06,1,Stjarnan,Þór/KA,1,4,73,0.01825
2025-09-06,1,Stjarnan,Þór/KA,1,5,34,0.0085
2025-09-06,1,Stjarnan,Þór/KA,1,6,6,0.0015
2025-09-06,1,Stjarnan,Þór/KA,1,7,3,7.5e-4
2025-09-06,1,Stjarnan,Þór/KA,1,8,1,2.5e-4
2025-09-06,1,Stjarnan,Þór/KA,2,0,217,0.05425
2025-09-06,1,Stjarnan,Þór/KA,2,1,294,0.0735
2025-09-06,1,Stjarnan,Þór/KA,2,2,230,0.0575
2025-09-06,1,Stjarnan,Þór/KA,2,3,115,0.02875
2025-09-06,1,Stjarnan,Þór/KA,2,4,52,0.013
2025-09-06,1,Stjarnan,Þór/KA,2,5,15,0.00375
2025-09-06,1,Stjarnan,Þór/KA,2,6,9,0.00225
2025-09-06,1,Stjarnan,Þór/KA,3,0,96,0.024
2025-09-06,1,Stjarnan,Þór/KA,3,1,135,0.03375
2025-09-06,1,Stjarnan,Þór/KA,3,2,111,0.02775
2025-09-06,1,Stjarnan,Þór/KA,3,3,61,0.01525
2025-09-06,1,Stjarnan,Þór/KA,3,4,20,0.005
2025-09-06,1,Stjarnan,Þór/KA,3,5,5,0.00125
2025-09-06,1,Stjarnan,Þór/KA,3,6,4,0.001
2025-09-06,1,Stjarnan,Þór/KA,3,7,2,5e-4
2025-09-06,1,Stjarnan,Þór/KA,3,8,1,2.5e-4
2025-09-06,1,Stjarnan,Þór/KA,3,9,2,5e-4
2025-09-06,1,Stjarnan,Þór/KA,4,0,42,0.0105
2025-09-06,1,Stjarnan,Þór/KA,4,1,50,0.0125
2025-09-06,1,Stjarnan,Þór/KA,4,2,49,0.01225
2025-09-06,1,Stjarnan,Þór/KA,4,3,31,0.00775
2025-09-06,1,Stjarnan,Þór/KA,4,4,14,0.0035
2025-09-06,1,Stjarnan,Þór/KA,4,5,6,0.0015
2025-09-06,1,Stjarnan,Þór/KA,4,6,3,7.5e-4
2025-09-06,1,Stjarnan,Þór/KA,4,7,1,2.5e-4
2025-09-06,1,Stjarnan,Þór/KA,5,0,11,0.00275
2025-09-06,1,Stjarnan,Þór/KA,5,1,18,0.0045
2025-09-06,1,Stjarnan,Þór/KA,5,2,14,0.0035
2025-09-06,1,Stjarnan,Þór/KA,5,3,12,0.003
2025-09-06,1,Stjarnan,Þór/KA,5,4,9,0.00225
2025-09-06,1,Stjarnan,Þór/KA,5,5,3,7.5e-4
2025-09-06,1,Stjarnan,Þór/KA,6,0,6,0.0015
2025-09-06,1,Stjarnan,Þór/KA,6,1,8,0.002
2025-09-06,1,Stjarnan,Þór/KA,6,2,6,0.0015
2025-09-06,1,Stjarnan,Þór/KA,6,3,4,0.001
2025-09-06,1,Stjarnan,Þór/KA,6,4,3,7.5e-4
2025-09-06,1,Stjarnan,Þór/KA,7,0,2,5e-4
2025-09-06,1,Stjarnan,Þór/KA,7,1,1,2.5e-4
2025-09-06,1,Stjarnan,Þór/KA,8,1,1,2.5e-4
2025-09-06,1,Stjarnan,Þór/KA,8,2,3,7.5e-4
2025-09-06,1,Stjarnan,Þór/KA,9,0,1,2.5e-4
2025-09-07,1,Þróttur R.,FHL,0,0,44,0.011
2025-09-07,1,Þróttur R.,FHL,0,1,27,0.00675
2025-09-07,1,Þróttur R.,FHL,0,2,2,5e-4
2025-09-07,1,Þróttur R.,FHL,0,3,1,2.5e-4
2025-09-07,1,Þróttur R.,FHL,0,5,1,2.5e-4
2025-09-07,1,Þróttur R.,FHL,1,0,187,0.04675
2025-09-07,1,Þróttur R.,FHL,1,1,55,0.01375
2025-09-07,1,Þróttur R.,FHL,1,2,10,0.0025
2025-09-07,1,Þróttur R.,FHL,1,3,1,2.5e-4
2025-09-07,1,Þróttur R.,FHL,2,0,327,0.08175
2025-09-07,1,Þróttur R.,FHL,2,1,124,0.031
2025-09-07,1,Þróttur R.,FHL,2,2,24,0.006
2025-09-07,1,Þróttur R.,FHL,2,3,3,7.5e-4
2025-09-07,1,Þróttur R.,FHL,2,4,2,5e-4
2025-09-07,1,Þróttur R.,FHL,3,0,439,0.10975
2025-09-07,1,Þróttur R.,FHL,3,1,166,0.0415
2025-09-07,1,Þróttur R.,FHL,3,2,37,0.00925
2025-09-07,1,Þróttur R.,FHL,3,3,7,0.00175
2025-09-07,1,Þróttur R.,FHL,3,4,1,2.5e-4
2025-09-07,1,Þróttur R.,FHL,4,0,428,0.107
2025-09-07,1,Þróttur R.,FHL,4,1,144,0.036
2025-09-07,1,Þróttur R.,FHL,4,2,30,0.0075
2025-09-07,1,Þróttur R.,FHL,4,3,6,0.0015
2025-09-07,1,Þróttur R.,FHL,4,4,1,2.5e-4
2025-09-07,1,Þróttur R.,FHL,5,0,394,0.0985
2025-09-07,1,Þróttur R.,FHL,5,1,131,0.03275
2025-09-07,1,Þróttur R.,FHL,5,2,31,0.00775
2025-09-07,1,Þróttur R.,FHL,5,3,2,5e-4
2025-09-07,1,Þróttur R.,FHL,5,4,3,7.5e-4
2025-09-07,1,Þróttur R.,FHL,6,0,316,0.079
2025-09-07,1,Þróttur R.,FHL,6,1,105,0.02625
2025-09-07,1,Þróttur R.,FHL,6,2,24,0.006
2025-09-07,1,Þróttur R.,FHL,6,3,4,0.001
2025-09-07,1,Þróttur R.,FHL,7,0,241,0.06025
2025-09-07,1,Þróttur R.,FHL,7,1,67,0.01675
2025-09-07,1,Þróttur R.,FHL,7,2,18,0.0045
2025-09-07,1,Þróttur R.,FHL,8,0,185,0.04625
2025-09-07,1,Þróttur R.,FHL,8,1,58,0.0145
2025-09-07,1,Þróttur R.,FHL,8,2,8,0.002
2025-09-07,1,Þróttur R.,FHL,8,3,2,5e-4
2025-09-07,1,Þróttur R.,FHL,9,0,108,0.027
2025-09-07,1,Þróttur R.,FHL,9,1,34,0.0085
2025-09-07,1,Þróttur R.,FHL,9,2,9,0.00225
2025-09-07,1,Þróttur R.,FHL,10,0,66,0.0165
2025-09-07,1,Þróttur R.,FHL,10,1,22,0.0055
2025-09-07,1,Þróttur R.,FHL,10,2,3,7.5e-4
2025-09-07,1,Þróttur R.,FHL,11,0,26,0.0065
2025-09-07,1,Þróttur R.,FHL,11,1,11,0.00275
2025-09-07,1,Þróttur R.,FHL,11,2,3,7.5e-4
2025-09-07,1,Þróttur R.,FHL,12,0,20,0.005
2025-09-07,1,Þróttur R.,FHL,12,1,7,0.00175
2025-09-07,1,Þróttur R.,FHL,12,2,1,2.5e-4
2025-09-07,1,Þróttur R.,FHL,13,0,11,0.00275
2025-09-07,1,Þróttur R.,FHL,13,1,5,0.00125
2025-09-07,1,Þróttur R.,FHL,14,0,2,5e-4
2025-09-07,1,Þróttur R.,FHL,14,1,4,0.001
2025-09-07,1,Þróttur R.,FHL,14,2,2,5e-4
2025-09-07,1,Þróttur R.,FHL,15,0,1,2.5e-4
2025-09-07,1,Þróttur R.,FHL,15,1,1,2.5e-4
2025-09-07,1,Þróttur R.,FHL,16,0,2,5e-4
2025-09-07,1,Þróttur R.,FHL,16,1,2,5e-4
2025-09-07,1,Þróttur R.,FHL,17,0,1,2.5e-4
2025-09-07,1,Þróttur R.,FHL,17,1,1,2.5e-4
2025-09-07,1,Þróttur R.,FHL,17,2,2,5e-4
2025-09-12,1,FH,Víkingur R.,0,0,154,0.0385
2025-09-12,1,FH,Víkingur R.,0,1,128,0.032
2025-09-12,1,FH,Víkingur R.,0,2,59,0.01475
2025-09-12,1,FH,Víkingur R.,0,3,22,0.0055
2025-09-12,1,FH,Víkingur R.,0,4,7,0.00175
2025-09-12,1,FH,Víkingur R.,0,5,3,7.5e-4
2025-09-12,1,FH,Víkingur R.,1,0,325,0.08125
2025-09-12,1,FH,Víkingur R.,1,1,297,0.07425
2025-09-12,1,FH,Víkingur R.,1,2,149,0.03725
2025-09-12,1,FH,Víkingur R.,1,3,56,0.014
2025-09-12,1,FH,Víkingur R.,1,4,16,0.004
2025-09-12,1,FH,Víkingur R.,1,5,5,0.00125
2025-09-12,1,FH,Víkingur R.,1,6,2,5e-4
2025-09-12,1,FH,Víkingur R.,1,9,1,2.5e-4
2025-09-12,1,FH,Víkingur R.,2,0,335,0.08375
2025-09-12,1,FH,Víkingur R.,2,1,319,0.07975
2025-09-12,1,FH,Víkingur R.,2,2,156,0.039
2025-09-12,1,FH,Víkingur R.,2,3,53,0.01325
2025-09-12,1,FH,Víkingur R.,2,4,20,0.005
2025-09-12,1,FH,Víkingur R.,2,5,4,0.001
2025-09-12,1,FH,Víkingur R.,2,6,2,5e-4
2025-09-12,1,FH,Víkingur R.,2,7,1,2.5e-4
2025-09-12,1,FH,Víkingur R.,3,0,268,0.067
2025-09-12,1,FH,Víkingur R.,3,1,284,0.071
2025-09-12,1,FH,Víkingur R.,3,2,132,0.033
2025-09-12,1,FH,Víkingur R.,3,3,55,0.01375
2025-09-12,1,FH,Víkingur R.,3,4,12,0.003
2025-09-12,1,FH,Víkingur R.,3,5,5,0.00125
2025-09-12,1,FH,Víkingur R.,3,6,1,2.5e-4
2025-09-12,1,FH,Víkingur R.,4,0,200,0.05
2025-09-12,1,FH,Víkingur R.,4,1,181,0.04525
2025-09-12,1,FH,Víkingur R.,4,2,91,0.02275
2025-09-12,1,FH,Víkingur R.,4,3,35,0.00875
2025-09-12,1,FH,Víkingur R.,4,4,7,0.00175
2025-09-12,1,FH,Víkingur R.,4,5,4,0.001
2025-09-12,1,FH,Víkingur R.,4,6,1,2.5e-4
2025-09-12,1,FH,Víkingur R.,5,0,115,0.02875
2025-09-12,1,FH,Víkingur R.,5,1,109,0.02725
2025-09-12,1,FH,Víkingur R.,5,2,50,0.0125
2025-09-12,1,FH,Víkingur R.,5,3,28,0.007
2025-09-12,1,FH,Víkingur R.,5,4,4,0.001
2025-09-12,1,FH,Víkingur R.,5,5,1,2.5e-4
2025-09-12,1,FH,Víkingur R.,5,6,1,2.5e-4
2025-09-12,1,FH,Víkingur R.,6,0,48,0.012
2025-09-12,1,FH,Víkingur R.,6,1,61,0.01525
2025-09-12,1,FH,Víkingur R.,6,2,28,0.007
2025-09-12,1,FH,Víkingur R.,6,3,5,0.00125
2025-09-12,1,FH,Víkingur R.,6,4,6,0.0015
2025-09-12,1,FH,Víkingur R.,7,0,33,0.00825
2025-09-12,1,FH,Víkingur R.,7,1,27,0.00675
2025-09-12,1,FH,Víkingur R.,7,2,16,0.004
2025-09-12,1,FH,Víkingur R.,7,3,5,0.00125
2025-09-12,1,FH,Víkingur R.,7,4,1,2.5e-4
2025-09-12,1,FH,Víkingur R.,8,0,16,0.004
2025-09-12,1,FH,Víkingur R.,8,1,20,0.005
2025-09-12,1,FH,Víkingur R.,8,2,6,0.0015
2025-09-12,1,FH,Víkingur R.,8,3,3,7.5e-4
2025-09-12,1,FH,Víkingur R.,8,4,1,2.5e-4
2025-09-12,1,FH,Víkingur R.,9,0,7,0.00175
2025-09-12,1,FH,Víkingur R.,9,1,6,0.0015
2025-09-12,1,FH,Víkingur R.,9,2,3,7.5e-4
2025-09-12,1,FH,Víkingur R.,10,0,1,2.5e-4
2025-09-12,1,FH,Víkingur R.,10,1,2,5e-4
2025-09-12,1,FH,Víkingur R.,11,0,1,2.5e-4
2025-09-12,1,FH,Víkingur R.,11,1,4,0.001
2025-09-12,1,FH,Víkingur R.,12,1,1,2.5e-4
2025-09-12,1,FH,Víkingur R.,13,1,1,2.5e-4
2025-09-12,1,Stjarnan,Fram,0,0,290,0.0725
2025-09-12,1,Stjarnan,Fram,0,1,236,0.059
2025-09-12,1,Stjarnan,Fram,0,2,106,0.0265
2025-09-12,1,Stjarnan,Fram,0,3,39,0.00975
2025-09-12,1,Stjarnan,Fram,0,4,10,0.0025
2025-09-12,1,Stjarnan,Fram,0,5,4,0.001
2025-09-12,1,Stjarnan,Fram,1,0,432,0.108
2025-09-12,1,Stjarnan,Fram,1,1,387,0.09675
2025-09-12,1,Stjarnan,Fram,1,2,190,0.0475
2025-09-12,1,Stjarnan,Fram,1,3,82,0.0205
2025-09-12,1,Stjarnan,Fram,1,4,19,0.00475
2025-09-12,1,Stjarnan,Fram,1,5,5,0.00125
2025-09-12,1,Stjarnan,Fram,1,6,1,2.5e-4
2025-09-12,1,Stjarnan,Fram,2,0,390,0.0975
2025-09-12,1,Stjarnan,Fram,2,1,340,0.085
2025-09-12,1,Stjarnan,Fram,2,2,172,0.043
2025-09-12,1,Stjarnan,Fram,2,3,66,0.0165
2025-09-12,1,Stjarnan,Fram,2,4,18,0.0045
2025-09-12,1,Stjarnan,Fram,2,5,7,0.00175
2025-09-12,1,Stjarnan,Fram,2,6,1,2.5e-4
2025-09-12,1,Stjarnan,Fram,3,0,259,0.06475
2025-09-12,1,Stjarnan,Fram,3,1,208,0.052
2025-09-12,1,Stjarnan,Fram,3,2,103,0.02575
2025-09-12,1,Stjarnan,Fram,3,3,36,0.009
2025-09-12,1,Stjarnan,Fram,3,4,10,0.0025
2025-09-12,1,Stjarnan,Fram,3,5,3,7.5e-4
2025-09-12,1,Stjarnan,Fram,3,7,1,2.5e-4
2025-09-12,1,Stjarnan,Fram,4,0,141,0.03525
2025-09-12,1,Stjarnan,Fram,4,1,108,0.027
2025-09-12,1,Stjarnan,Fram,4,2,50,0.0125
2025-09-12,1,Stjarnan,Fram,4,3,28,0.007
2025-09-12,1,Stjarnan,Fram,4,4,7,0.00175
2025-09-12,1,Stjarnan,Fram,4,5,1,2.5e-4
2025-09-12,1,Stjarnan,Fram,4,6,1,2.5e-4
2025-09-12,1,Stjarnan,Fram,5,0,52,0.013
2025-09-12,1,Stjarnan,Fram,5,1,53,0.01325
2025-09-12,1,Stjarnan,Fram,5,2,19,0.00475
2025-09-12,1,Stjarnan,Fram,5,3,14,0.0035
2025-09-12,1,Stjarnan,Fram,5,4,5,0.00125
2025-09-12,1,Stjarnan,Fram,5,5,1,2.5e-4
2025-09-12,1,Stjarnan,Fram,6,0,31,0.00775
2025-09-12,1,Stjarnan,Fram,6,1,24,0.006
2025-09-12,1,Stjarnan,Fram,6,2,7,0.00175
2025-09-12,1,Stjarnan,Fram,6,3,5,0.00125
2025-09-12,1,Stjarnan,Fram,6,4,1,2.5e-4
2025-09-12,1,Stjarnan,Fram,6,5,1,2.5e-4
2025-09-12,1,Stjarnan,Fram,7,0,6,0.0015
2025-09-12,1,Stjarnan,Fram,7,1,11,0.00275
2025-09-12,1,Stjarnan,Fram,7,2,4,0.001
2025-09-12,1,Stjarnan,Fram,7,3,2,5e-4
2025-09-12,1,Stjarnan,Fram,8,0,2,5e-4
2025-09-12,1,Stjarnan,Fram,8,1,3,7.5e-4
2025-09-12,1,Stjarnan,Fram,8,2,4,0.001
2025-09-12,1,Stjarnan,Fram,8,3,1,2.5e-4
2025-09-12,1,Stjarnan,Fram,9,0,1,2.5e-4
2025-09-12,1,Stjarnan,Fram,9,1,2,5e-4
2025-09-12,1,Þór/KA,Þróttur R.,0,0,233,0.05825
2025-09-12,1,Þór/KA,Þróttur R.,0,1,330,0.0825
2025-09-12,1,Þór/KA,Þróttur R.,0,2,256,0.064
2025-09-12,1,Þór/KA,Þróttur R.,0,3,171,0.04275
2025-09-12,1,Þór/KA,Þróttur R.,0,4,85,0.02125
2025-09-12,1,Þór/KA,Þróttur R.,0,5,40,0.01
2025-09-12,1,Þór/KA,Þróttur R.,0,6,11,0.00275
2025-09-12,1,Þór/KA,Þróttur R.,0,7,3,7.5e-4
2025-09-12,1,Þór/KA,Þróttur R.,0,8,1,2.5e-4
2025-09-12,1,Þór/KA,Þróttur R.,1,0,248,0.062
2025-09-12,1,Þór/KA,Þróttur R.,1,1,398,0.0995
2025-09-12,1,Þór/KA,Þróttur R.,1,2,311,0.07775
2025-09-12,1,Þór/KA,Þróttur R.,1,3,199,0.04975
2025-09-12,1,Þór/KA,Þróttur R.,1,4,98,0.0245
2025-09-12,1,Þór/KA,Þróttur R.,1,5,39,0.00975
2025-09-12,1,Þór/KA,Þróttur R.,1,6,20,0.005
2025-09-12,1,Þór/KA,Þróttur R.,1,7,7,0.00175
2025-09-12,1,Þór/KA,Þróttur R.,2,0,149,0.03725
2025-09-12,1,Þór/KA,Þróttur R.,2,1,207,0.05175
2025-09-12,1,Þór/KA,Þróttur R.,2,2,232,0.058
2025-09-12,1,Þór/KA,Þróttur R.,2,3,144,0.036
2025-09-12,1,Þór/KA,Þróttur R.,2,4,64,0.016
2025-09-12,1,Þór/KA,Þróttur R.,2,5,29,0.00725
2025-09-12,1,Þór/KA,Þróttur R.,2,6,20,0.005
2025-09-12,1,Þór/KA,Þróttur R.,2,7,3,7.5e-4
2025-09-12,1,Þór/KA,Þróttur R.,2,8,1,2.5e-4
2025-09-12,1,Þór/KA,Þróttur R.,2,9,1,2.5e-4
2025-09-12,1,Þór/KA,Þróttur R.,3,0,71,0.01775
2025-09-12,1,Þór/KA,Þróttur R.,3,1,103,0.02575
2025-09-12,1,Þór/KA,Þróttur R.,3,2,108,0.027
2025-09-12,1,Þór/KA,Þróttur R.,3,3,97,0.02425
2025-09-12,1,Þór/KA,Þróttur R.,3,4,36,0.009
2025-09-12,1,Þór/KA,Þróttur R.,3,5,12,0.003
2025-09-12,1,Þór/KA,Þróttur R.,3,6,9,0.00225
2025-09-12,1,Þór/KA,Þróttur R.,3,7,2,5e-4
2025-09-12,1,Þór/KA,Þróttur R.,3,8,1,2.5e-4
2025-09-12,1,Þór/KA,Þróttur R.,4,0,28,0.007
2025-09-12,1,Þór/KA,Þróttur R.,4,1,38,0.0095
2025-09-12,1,Þór/KA,Þróttur R.,4,2,44,0.011
2025-09-12,1,Þór/KA,Þróttur R.,4,3,31,0.00775
2025-09-12,1,Þór/KA,Þróttur R.,4,4,14,0.0035
2025-09-12,1,Þór/KA,Þróttur R.,4,5,9,0.00225
2025-09-12,1,Þór/KA,Þróttur R.,4,6,5,0.00125
2025-09-12,1,Þór/KA,Þróttur R.,4,7,1,2.5e-4
2025-09-12,1,Þór/KA,Þróttur R.,4,12,1,2.5e-4
2025-09-12,1,Þór/KA,Þróttur R.,5,0,8,0.002
2025-09-12,1,Þór/KA,Þróttur R.,5,1,16,0.004
2025-09-12,1,Þór/KA,Þróttur R.,5,2,18,0.0045
2025-09-12,1,Þór/KA,Þróttur R.,5,3,15,0.00375
2025-09-12,1,Þór/KA,Þróttur R.,5,4,5,0.00125
2025-09-12,1,Þór/KA,Þróttur R.,5,5,1,2.5e-4
2025-09-12,1,Þór/KA,Þróttur R.,5,6,1,2.5e-4
2025-09-12,1,Þór/KA,Þróttur R.,5,7,1,2.5e-4
2025-09-12,1,Þór/KA,Þróttur R.,6,0,2,5e-4
2025-09-12,1,Þór/KA,Þróttur R.,6,1,4,0.001
2025-09-12,1,Þór/KA,Þróttur R.,6,2,6,0.0015
2025-09-12,1,Þór/KA,Þróttur R.,6,3,1,2.5e-4
2025-09-12,1,Þór/KA,Þróttur R.,6,4,1,2.5e-4
2025-09-12,1,Þór/KA,Þróttur R.,6,5,1,2.5e-4
2025-09-12,1,Þór/KA,Þróttur R.,6,6,1,2.5e-4
2025-09-12,1,Þór/KA,Þróttur R.,6,7,1,2.5e-4
2025-09-12,1,Þór/KA,Þróttur R.,7,0,3,7.5e-4
2025-09-12,1,Þór/KA,Þróttur R.,7,1,2,5e-4
2025-09-12,1,Þór/KA,Þróttur R.,7,3,1,2.5e-4
2025-09-12,1,Þór/KA,Þróttur R.,8,3,1,2.5e-4
2025-09-12,1,Þór/KA,Þróttur R.,8,4,1,2.5e-4
2025-09-14,1,FHL,Breiðablik,0,0,22,0.0055
2025-09-14,1,FHL,Breiðablik,0,1,67,0.01675
2025-09-14,1,FHL,Breiðablik,0,2,146,0.0365
2025-09-14,1,FHL,Breiðablik,0,3,255,0.06375
2025-09-14,1,FHL,Breiðablik,0,4,310,0.0775
2025-09-14,1,FHL,Breiðablik,0,5,340,0.085
2025-09-14,1,FHL,Breiðablik,0,6,328,0.082
2025-09-14,1,FHL,Breiðablik,0,7,261,0.06525
2025-09-14,1,FHL,Breiðablik,0,8,245,0.06125
2025-09-14,1,FHL,Breiðablik,0,9,202,0.0505
2025-09-14,1,FHL,Breiðablik,0,10,126,0.0315
2025-09-14,1,FHL,Breiðablik,0,11,89,0.02225
2025-09-14,1,FHL,Breiðablik,0,12,53,0.01325
2025-09-14,1,FHL,Breiðablik,0,13,37,0.00925
2025-09-14,1,FHL,Breiðablik,0,14,20,0.005
2025-09-14,1,FHL,Breiðablik,0,15,18,0.0045
2025-09-14,1,FHL,Breiðablik,0,16,8,0.002
2025-09-14,1,FHL,Breiðablik,0,17,4,0.001
2025-09-14,1,FHL,Breiðablik,0,18,2,5e-4
2025-09-14,1,FHL,Breiðablik,0,19,3,7.5e-4
2025-09-14,1,FHL,Breiðablik,1,0,5,0.00125
2025-09-14,1,FHL,Breiðablik,1,1,29,0.00725
2025-09-14,1,FHL,Breiðablik,1,2,61,0.01525
2025-09-14,1,FHL,Breiðablik,1,3,116,0.029
2025-09-14,1,FHL,Breiðablik,1,4,141,0.03525
2025-09-14,1,FHL,Breiðablik,1,5,132,0.033
2025-09-14,1,FHL,Breiðablik,1,6,163,0.04075
2025-09-14,1,FHL,Breiðablik,1,7,131,0.03275
2025-09-14,1,FHL,Breiðablik,1,8,110,0.0275
2025-09-14,1,FHL,Breiðablik,1,9,71,0.01775
2025-09-14,1,FHL,Breiðablik,1,10,40,0.01
2025-09-14,1,FHL,Breiðablik,1,11,47,0.01175
2025-09-14,1,FHL,Breiðablik,1,12,26,0.0065
2025-09-14,1,FHL,Breiðablik,1,13,16,0.004
2025-09-14,1,FHL,Breiðablik,1,14,13,0.00325
2025-09-14,1,FHL,Breiðablik,1,15,7,0.00175
2025-09-14,1,FHL,Breiðablik,1,16,4,0.001
2025-09-14,1,FHL,Breiðablik,1,17,1,2.5e-4
2025-09-14,1,FHL,Breiðablik,1,19,1,2.5e-4
2025-09-14,1,FHL,Breiðablik,2,0,3,7.5e-4
2025-09-14,1,FHL,Breiðablik,2,1,10,0.0025
2025-09-14,1,FHL,Breiðablik,2,2,12,0.003
2025-09-14,1,FHL,Breiðablik,2,3,30,0.0075
2025-09-14,1,FHL,Breiðablik,2,4,37,0.00925
2025-09-14,1,FHL,Breiðablik,2,5,41,0.01025
2025-09-14,1,FHL,Breiðablik,2,6,36,0.009
2025-09-14,1,FHL,Breiðablik,2,7,28,0.007
2025-09-14,1,FHL,Breiðablik,2,8,23,0.00575
2025-09-14,1,FHL,Breiðablik,2,9,28,0.007
2025-09-14,1,FHL,Breiðablik,2,10,4,0.001
2025-09-14,1,FHL,Breiðablik,2,11,13,0.00325
2025-09-14,1,FHL,Breiðablik,2,12,4,0.001
2025-09-14,1,FHL,Breiðablik,2,13,5,0.00125
2025-09-14,1,FHL,Breiðablik,2,14,2,5e-4
2025-09-14,1,FHL,Breiðablik,2,15,3,7.5e-4
2025-09-14,1,FHL,Breiðablik,2,16,2,5e-4
2025-09-14,1,FHL,Breiðablik,2,17,1,2.5e-4
2025-09-14,1,FHL,Breiðablik,3,1,2,5e-4
2025-09-14,1,FHL,Breiðablik,3,2,2,5e-4
2025-09-14,1,FHL,Breiðablik,3,3,1,2.5e-4
2025-09-14,1,FHL,Breiðablik,3,4,8,0.002
2025-09-14,1,FHL,Breiðablik,3,5,8,0.002
2025-09-14,1,FHL,Breiðablik,3,6,6,0.0015
2025-09-14,1,FHL,Breiðablik,3,7,5,0.00125
2025-09-14,1,FHL,Breiðablik,3,8,6,0.0015
2025-09-14,1,FHL,Breiðablik,3,9,4,0.001
2025-09-14,1,FHL,Breiðablik,3,10,3,7.5e-4
2025-09-14,1,FHL,Breiðablik,3,11,2,5e-4
2025-09-14,1,FHL,Breiðablik,3,13,2,5e-4
2025-09-14,1,FHL,Breiðablik,3,14,2,5e-4
2025-09-14,1,FHL,Breiðablik,4,0,1,2.5e-4
2025-09-14,1,FHL,Breiðablik,4,1,1,2.5e-4
2025-09-14,1,FHL,Breiðablik,4,2,1,2.5e-4
2025-09-14,1,FHL,Breiðablik,4,3,3,7.5e-4
2025-09-14,1,FHL,Breiðablik,4,4,1,2.5e-4
2025-09-14,1,FHL,Breiðablik,4,6,2,5e-4
2025-09-14,1,FHL,Breiðablik,4,7,2,5e-4
2025-09-14,1,FHL,Breiðablik,4,8,1,2.5e-4
2025-09-14,1,FHL,Breiðablik,4,11,1,2.5e-4
2025-09-14,1,FHL,Breiðablik,4,12,1,2.5e-4
2025-09-14,1,FHL,Breiðablik,4,16,1,2.5e-4
2025-09-14,1,FHL,Breiðablik,5,7,1,2.5e-4
2025-09-14,1,FHL,Breiðablik,5,10,1,2.5e-4
2025-09-14,1,Valur,Tindastóll,0,0,253,0.06325
2025-09-14,1,Valur,Tindastóll,0,1,153,0.03825
2025-09-14,1,Valur,Tindastóll,0,2,54,0.0135
2025-09-14,1,Valur,Tindastóll,0,3,10,0.0025
2025-09-14,1,Valur,Tindastóll,0,4,4,0.001
2025-09-14,1,Valur,Tindastóll,1,0,460,0.115
2025-09-14,1,Valur,Tindastóll,1,1,311,0.07775
2025-09-14,1,Valur,Tindastóll,1,2,111,0.02775
2025-09-14,1,Valur,Tindastóll,1,3,28,0.007
2025-09-14,1,Valur,Tindastóll,1,4,10,0.0025
2025-09-14,1,Valur,Tindastóll,1,5,1,2.5e-4
2025-09-14,1,Valur,Tindastóll,1,6,1,2.5e-4
2025-09-14,1,Valur,Tindastóll,2,0,415,0.10375
2025-09-14,1,Valur,Tindastóll,2,1,334,0.0835
2025-09-14,1,Valur,Tindastóll,2,2,125,0.03125
2025-09-14,1,Valur,Tindastóll,2,3,25,0.00625
2025-09-14,1,Valur,Tindastóll,2,4,5,0.00125
2025-09-14,1,Valur,Tindastóll,2,5,1,2.5e-4
2025-09-14,1,Valur,Tindastóll,2,8,1,2.5e-4
2025-09-14,1,Valur,Tindastóll,3,0,370,0.0925
2025-09-14,1,Valur,Tindastóll,3,1,224,0.056
2025-09-14,1,Valur,Tindastóll,3,2,94,0.0235
2025-09-14,1,Valur,Tindastóll,3,3,33,0.00825
2025-09-14,1,Valur,Tindastóll,3,4,9,0.00225
2025-09-14,1,Valur,Tindastóll,3,6,1,2.5e-4
2025-09-14,1,Valur,Tindastóll,4,0,231,0.05775
2025-09-14,1,Valur,Tindastóll,4,1,148,0.037
2025-09-14,1,Valur,Tindastóll,4,2,82,0.0205
2025-09-14,1,Valur,Tindastóll,4,3,25,0.00625
2025-09-14,1,Valur,Tindastóll,4,4,11,0.00275
2025-09-14,1,Valur,Tindastóll,4,5,2,5e-4
2025-09-14,1,Valur,Tindastóll,4,6,1,2.5e-4
2025-09-14,1,Valur,Tindastóll,5,0,109,0.02725
2025-09-14,1,Valur,Tindastóll,5,1,78,0.0195
2025-09-14,1,Valur,Tindastóll,5,2,33,0.00825
2025-09-14,1,Valur,Tindastóll,5,3,10,0.0025
2025-09-14,1,Valur,Tindastóll,5,4,1,2.5e-4
2025-09-14,1,Valur,Tindastóll,5,5,1,2.5e-4
2025-09-14,1,Valur,Tindastóll,6,0,66,0.0165
2025-09-14,1,Valur,Tindastóll,6,1,51,0.01275
2025-09-14,1,Valur,Tindastóll,6,2,13,0.00325
2025-09-14,1,Valur,Tindastóll,6,3,7,0.00175
2025-09-14,1,Valur,Tindastóll,6,4,2,5e-4
2025-09-14,1,Valur,Tindastóll,7,0,35,0.00875
2025-09-14,1,Valur,Tindastóll,7,1,18,0.0045
2025-09-14,1,Valur,Tindastóll,7,2,5,0.00125
2025-09-14,1,Valur,Tindastóll,7,3,1,2.5e-4
2025-09-14,1,Valur,Tindastóll,8,0,11,0.00275
2025-09-14,1,Valur,Tindastóll,8,1,4,0.001
2025-09-14,1,Valur,Tindastóll,8,2,1,2.5e-4
2025-09-14,1,Valur,Tindastóll,8,5,1,2.5e-4
2025-09-14,1,Valur,Tindastóll,9,0,5,0.00125
2025-09-14,1,Valur,Tindastóll,9,1,6,0.0015
2025-09-14,1,Valur,Tindastóll,9,2,1,2.5e-4
2025-09-14,1,Valur,Tindastóll,10,0,3,7.5e-4
2025-09-14,1,Valur,Tindastóll,10,3,1,2.5e-4
2025-09-14,1,Valur,Tindastóll,10,4,1,2.5e-4
2025-09-14,1,Valur,Tindastóll,11,0,2,5e-4
2025-09-14,1,Valur,Tindastóll,11,1,1,2.5e-4
2025-09-20,1,Breiðablik,Þór/KA,0,0,87,0.02175
2025-09-20,1,Breiðablik,Þór/KA,0,1,52,0.013
2025-09-20,1,Breiðablik,Þór/KA,0,2,24,0.006
2025-09-20,1,Breiðablik,Þór/KA,0,3,6,0.0015
2025-09-20,1,Breiðablik,Þór/KA,0,4,1,2.5e-4
2025-09-20,1,Breiðablik,Þór/KA,1,0,248,0.062
2025-09-20,1,Breiðablik,Þór/KA,1,1,152,0.038
2025-09-20,1,Breiðablik,Þór/KA,1,2,60,0.015
2025-09-20,1,Breiðablik,Þór/KA,1,3,18,0.0045
2025-09-20,1,Breiðablik,Þór/KA,1,4,3,7.5e-4
2025-09-20,1,Breiðablik,Þór/KA,2,0,350,0.0875
2025-09-20,1,Breiðablik,Þór/KA,2,1,219,0.05475
2025-09-20,1,Breiðablik,Þór/KA,2,2,90,0.0225
2025-09-20,1,Breiðablik,Þór/KA,2,3,25,0.00625
2025-09-20,1,Breiðablik,Þór/KA,2,4,5,0.00125
2025-09-20,1,Breiðablik,Þór/KA,2,5,1,2.5e-4
2025-09-20,1,Breiðablik,Þór/KA,3,0,384,0.096
2025-09-20,1,Breiðablik,Þór/KA,3,1,249,0.06225
2025-09-20,1,Breiðablik,Þór/KA,3,2,83,0.02075
2025-09-20,1,Breiðablik,Þór/KA,3,3,26,0.0065
2025-09-20,1,Breiðablik,Þór/KA,3,4,4,0.001
2025-09-20,1,Breiðablik,Þór/KA,3,5,5,0.00125
2025-09-20,1,Breiðablik,Þór/KA,4,0,329,0.08225
2025-09-20,1,Breiðablik,Þór/KA,4,1,239,0.05975
2025-09-20,1,Breiðablik,Þór/KA,4,2,95,0.02375
2025-09-20,1,Breiðablik,Þór/KA,4,3,28,0.007
2025-09-20,1,Breiðablik,Þór/KA,4,4,5,0.00125
2025-09-20,1,Breiðablik,Þór/KA,4,5,2,5e-4
2025-09-20,1,Breiðablik,Þór/KA,4,7,1,2.5e-4
2025-09-20,1,Breiðablik,Þór/KA,5,0,268,0.067
2025-09-20,1,Breiðablik,Þór/KA,5,1,143,0.03575
2025-09-20,1,Breiðablik,Þór/KA,5,2,63,0.01575
2025-09-20,1,Breiðablik,Þór/KA,5,3,15,0.00375
2025-09-20,1,Breiðablik,Þór/KA,5,4,1,2.5e-4
2025-09-20,1,Breiðablik,Þór/KA,5,5,1,2.5e-4
2025-09-20,1,Breiðablik,Þór/KA,6,0,162,0.0405
2025-09-20,1,Breiðablik,Þór/KA,6,1,118,0.0295
2025-09-20,1,Breiðablik,Þór/KA,6,2,33,0.00825
2025-09-20,1,Breiðablik,Þór/KA,6,3,11,0.00275
2025-09-20,1,Breiðablik,Þór/KA,6,4,3,7.5e-4
2025-09-20,1,Breiðablik,Þór/KA,7,0,99,0.02475
2025-09-20,1,Breiðablik,Þór/KA,7,1,59,0.01475
2025-09-20,1,Breiðablik,Þór/KA,7,2,20,0.005
2025-09-20,1,Breiðablik,Þór/KA,7,3,8,0.002
2025-09-20,1,Breiðablik,Þór/KA,7,5,1,2.5e-4
2025-09-20,1,Breiðablik,Þór/KA,8,0,51,0.01275
2025-09-20,1,Breiðablik,Þór/KA,8,1,35,0.00875
2025-09-20,1,Breiðablik,Þór/KA,8,2,12,0.003
2025-09-20,1,Breiðablik,Þór/KA,8,3,4,0.001
2025-09-20,1,Breiðablik,Þór/KA,8,4,1,2.5e-4
2025-09-20,1,Breiðablik,Þór/KA,9,0,20,0.005
2025-09-20,1,Breiðablik,Þór/KA,9,1,18,0.0045
2025-09-20,1,Breiðablik,Þór/KA,9,2,2,5e-4
2025-09-20,1,Breiðablik,Þór/KA,9,3,3,7.5e-4
2025-09-20,1,Breiðablik,Þór/KA,10,0,19,0.00475
2025-09-20,1,Breiðablik,Þór/KA,10,1,7,0.00175
2025-09-20,1,Breiðablik,Þór/KA,10,2,2,5e-4
2025-09-20,1,Breiðablik,Þór/KA,10,3,2,5e-4
2025-09-20,1,Breiðablik,Þór/KA,11,0,10,0.0025
2025-09-20,1,Breiðablik,Þór/KA,11,1,4,0.001
2025-09-20,1,Breiðablik,Þór/KA,11,2,3,7.5e-4
2025-09-20,1,Breiðablik,Þór/KA,12,0,1,2.5e-4
2025-09-20,1,Breiðablik,Þór/KA,12,1,4,0.001
2025-09-20,1,Breiðablik,Þór/KA,12,2,1,2.5e-4
2025-09-20,1,Breiðablik,Þór/KA,12,3,2,5e-4
2025-09-20,1,Breiðablik,Þór/KA,13,0,1,2.5e-4
2025-09-20,1,Breiðablik,Þór/KA,15,1,1,2.5e-4
2025-09-20,1,Breiðablik,Þór/KA,16,1,1,2.5e-4
2025-09-20,1,Fram,Valur,0,0,326,0.0815
2025-09-20,1,Fram,Valur,0,1,457,0.11425
2025-09-20,1,Fram,Valur,0,2,355,0.08875
2025-09-20,1,Fram,Valur,0,3,227,0.05675
2025-09-20,1,Fram,Valur,0,4,100,0.025
2025-09-20,1,Fram,Valur,0,5,38,0.0095
2025-09-20,1,Fram,Valur,0,6,15,0.00375
2025-09-20,1,Fram,Valur,0,7,7,0.00175
2025-09-20,1,Fram,Valur,1,0,283,0.07075
2025-09-20,1,Fram,Valur,1,1,429,0.10725
2025-09-20,1,Fram,Valur,1,2,330,0.0825
2025-09-20,1,Fram,Valur,1,3,192,0.048
2025-09-20,1,Fram,Valur,1,4,73,0.01825
2025-09-20,1,Fram,Valur,1,5,37,0.00925
2025-09-20,1,Fram,Valur,1,6,21,0.00525
2025-09-20,1,Fram,Valur,1,7,3,7.5e-4
2025-09-20,1,Fram,Valur,2,0,135,0.03375
2025-09-20,1,Fram,Valur,2,1,226,0.0565
2025-09-20,1,Fram,Valur,2,2,176,0.044
2025-09-20,1,Fram,Valur,2,3,97,0.02425
2025-09-20,1,Fram,Valur,2,4,49,0.01225
2025-09-20,1,Fram,Valur,2,5,19,0.00475
2025-09-20,1,Fram,Valur,2,6,8,0.002
2025-09-20,1,Fram,Valur,2,7,2,5e-4
2025-09-20,1,Fram,Valur,3,0,42,0.0105
2025-09-20,1,Fram,Valur,3,1,96,0.024
2025-09-20,1,Fram,Valur,3,2,61,0.01525
2025-09-20,1,Fram,Valur,3,3,52,0.013
2025-09-20,1,Fram,Valur,3,4,14,0.0035
2025-09-20,1,Fram,Valur,3,5,6,0.0015
2025-09-20,1,Fram,Valur,3,6,4,0.001
2025-09-20,1,Fram,Valur,3,9,1,2.5e-4
2025-09-20,1,Fram,Valur,4,0,14,0.0035
2025-09-20,1,Fram,Valur,4,1,18,0.0045
2025-09-20,1,Fram,Valur,4,2,21,0.00525
2025-09-20,1,Fram,Valur,4,3,12,0.003
2025-09-20,1,Fram,Valur,4,4,13,0.00325
2025-09-20,1,Fram,Valur,4,5,3,7.5e-4
2025-09-20,1,Fram,Valur,5,0,1,2.5e-4
2025-09-20,1,Fram,Valur,5,1,9,0.00225
2025-09-20,1,Fram,Valur,5,2,10,0.0025
2025-09-20,1,Fram,Valur,5,3,3,7.5e-4
2025-09-20,1,Fram,Valur,5,4,1,2.5e-4
2025-09-20,1,Fram,Valur,5,5,1,2.5e-4
2025-09-20,1,Fram,Valur,5,6,2,5e-4
2025-09-20,1,Fram,Valur,6,0,1,2.5e-4
2025-09-20,1,Fram,Valur,6,1,5,0.00125
2025-09-20,1,Fram,Valur,6,2,1,2.5e-4
2025-09-20,1,Fram,Valur,6,3,1,2.5e-4
2025-09-20,1,Fram,Valur,7,2,1,2.5e-4
2025-09-20,1,Fram,Valur,9,2,2,5e-4
2025-09-20,1,Tindastóll,FH,0,0,182,0.0455
2025-09-20,1,Tindastóll,FH,0,1,269,0.06725
2025-09-20,1,Tindastóll,FH,0,2,288,0.072
2025-09-20,1,Tindastóll,FH,0,3,239,0.05975
2025-09-20,1,Tindastóll,FH,0,4,140,0.035
2025-09-20,1,Tindastóll,FH,0,5,70,0.0175
2025-09-20,1,Tindastóll,FH,0,6,31,0.00775
2025-09-20,1,Tindastóll,FH,0,7,17,0.00425
2025-09-20,1,Tindastóll,FH,0,8,6,0.0015
2025-09-20,1,Tindastóll,FH,0,9,3,7.5e-4
2025-09-20,1,Tindastóll,FH,0,10,3,7.5e-4
2025-09-20,1,Tindastóll,FH,1,0,143,0.03575
2025-09-20,1,Tindastóll,FH,1,1,273,0.06825
2025-09-20,1,Tindastóll,FH,1,2,314,0.0785
2025-09-20,1,Tindastóll,FH,1,3,249,0.06225
2025-09-20,1,Tindastóll,FH,1,4,171,0.04275
2025-09-20,1,Tindastóll,FH,1,5,100,0.025
2025-09-20,1,Tindastóll,FH,1,6,33,0.00825
2025-09-20,1,Tindastóll,FH,1,7,23,0.00575
2025-09-20,1,Tindastóll,FH,1,8,10,0.0025
2025-09-20,1,Tindastóll,FH,1,10,1,2.5e-4
2025-09-20,1,Tindastóll,FH,2,0,99,0.02475
2025-09-20,1,Tindastóll,FH,2,1,181,0.04525
2025-09-20,1,Tindastóll,FH,2,2,203,0.05075
2025-09-20,1,Tindastóll,FH,2,3,159,0.03975
2025-09-20,1,Tindastóll,FH,2,4,89,0.02225
2025-09-20,1,Tindastóll,FH,2,5,61,0.01525
2025-09-20,1,Tindastóll,FH,2,6,29,0.00725
2025-09-20,1,Tindastóll,FH,2,7,15,0.00375
2025-09-20,1,Tindastóll,FH,2,8,4,0.001
2025-09-20,1,Tindastóll,FH,2,9,2,5e-4
2025-09-20,1,Tindastóll,FH,2,10,2,5e-4
2025-09-20,1,Tindastóll,FH,2,11,1,2.5e-4
2025-09-20,1,Tindastóll,FH,2,12,1,2.5e-4
2025-09-20,1,Tindastóll,FH,3,0,37,0.00925
2025-09-20,1,Tindastóll,FH,3,1,85,0.02125
2025-09-20,1,Tindastóll,FH,3,2,81,0.02025
2025-09-20,1,Tindastóll,FH,3,3,88,0.022
2025-09-20,1,Tindastóll,FH,3,4,38,0.0095
2025-09-20,1,Tindastóll,FH,3,5,24,0.006
2025-09-20,1,Tindastóll,FH,3,6,15,0.00375
2025-09-20,1,Tindastóll,FH,3,7,12,0.003
2025-09-20,1,Tindastóll,FH,3,8,1,2.5e-4
2025-09-20,1,Tindastóll,FH,3,9,3,7.5e-4
2025-09-20,1,Tindastóll,FH,4,0,15,0.00375
2025-09-20,1,Tindastóll,FH,4,1,29,0.00725
2025-09-20,1,Tindastóll,FH,4,2,29,0.00725
2025-09-20,1,Tindastóll,FH,4,3,25,0.00625
2025-09-20,1,Tindastóll,FH,4,4,19,0.00475
2025-09-20,1,Tindastóll,FH,4,5,7,0.00175
2025-09-20,1,Tindastóll,FH,4,6,6,0.0015
2025-09-20,1,Tindastóll,FH,4,7,2,5e-4
2025-09-20,1,Tindastóll,FH,4,8,1,2.5e-4
2025-09-20,1,Tindastóll,FH,4,9,1,2.5e-4
2025-09-20,1,Tindastóll,FH,5,0,4,0.001
2025-09-20,1,Tindastóll,FH,5,1,8,0.002
2025-09-20,1,Tindastóll,FH,5,2,7,0.00175
2025-09-20,1,Tindastóll,FH,5,3,4,0.001
2025-09-20,1,Tindastóll,FH,5,4,9,0.00225
2025-09-20,1,Tindastóll,FH,5,5,5,0.00125
2025-09-20,1,Tindastóll,FH,5,6,4,0.001
2025-09-20,1,Tindastóll,FH,5,7,2,5e-4
2025-09-20,1,Tindastóll,FH,6,0,2,5e-4
2025-09-20,1,Tindastóll,FH,6,1,2,5e-4
2025-09-20,1,Tindastóll,FH,6,2,5,0.00125
2025-09-20,1,Tindastóll,FH,6,3,3,7.5e-4
2025-09-20,1,Tindastóll,FH,6,4,2,5e-4
2025-09-20,1,Tindastóll,FH,6,5,5,0.00125
2025-09-20,1,Tindastóll,FH,6,6,1,2.5e-4
2025-09-20,1,Tindastóll,FH,6,9,1,2.5e-4
2025-09-20,1,Tindastóll,FH,7,1,1,2.5e-4
2025-09-20,1,Tindastóll,FH,7,2,1,2.5e-4
2025-09-20,1,Tindastóll,FH,7,3,1,2.5e-4
2025-09-20,1,Tindastóll,FH,7,4,1,2.5e-4
2025-09-20,1,Tindastóll,FH,9,3,1,2.5e-4
2025-09-20,1,Tindastóll,FH,9,7,1,2.5e-4
2025-09-20,1,Tindastóll,FH,11,6,1,2.5e-4
2025-09-20,1,Víkingur R.,FHL,0,0,133,0.03325
2025-09-20,1,Víkingur R.,FHL,0,1,84,0.021
2025-09-20,1,Víkingur R.,FHL,0,2,38,0.0095
2025-09-20,1,Víkingur R.,FHL,0,3,10,0.0025
2025-09-20,1,Víkingur R.,FHL,0,4,2,5e-4
2025-09-20,1,Víkingur R.,FHL,0,5,1,2.5e-4
2025-09-20,1,Víkingur R.,FHL,1,0,360,0.09
2025-09-20,1,Víkingur R.,FHL,1,1,236,0.059
2025-09-20,1,Víkingur R.,FHL,1,2,85,0.02125
2025-09-20,1,Víkingur R.,FHL,1,3,23,0.00575
2025-09-20,1,Víkingur R.,FHL,1,4,3,7.5e-4
2025-09-20,1,Víkingur R.,FHL,1,6,1,2.5e-4
2025-09-20,1,Víkingur R.,FHL,2,0,423,0.10575
2025-09-20,1,Víkingur R.,FHL,2,1,300,0.075
2025-09-20,1,Víkingur R.,FHL,2,2,110,0.0275
2025-09-20,1,Víkingur R.,FHL,2,3,31,0.00775
2025-09-20,1,Víkingur R.,FHL,2,4,12,0.003
2025-09-20,1,Víkingur R.,FHL,2,5,2,5e-4
2025-09-20,1,Víkingur R.,FHL,3,0,420,0.105
2025-09-20,1,Víkingur R.,FHL,3,1,267,0.06675
2025-09-20,1,Víkingur R.,FHL,3,2,113,0.02825
2025-09-20,1,Víkingur R.,FHL,3,3,26,0.0065
2025-09-20,1,Víkingur R.,FHL,3,4,8,0.002
2025-09-20,1,Víkingur R.,FHL,4,0,274,0.0685
2025-09-20,1,Víkingur R.,FHL,4,1,197,0.04925
2025-09-20,1,Víkingur R.,FHL,4,2,84,0.021
2025-09-20,1,Víkingur R.,FHL,4,3,33,0.00825
2025-09-20,1,Víkingur R.,FHL,4,4,4,0.001
2025-09-20,1,Víkingur R.,FHL,4,5,3,7.5e-4
2025-09-20,1,Víkingur R.,FHL,5,0,167,0.04175
2025-09-20,1,Víkingur R.,FHL,5,1,127,0.03175
2025-09-20,1,Víkingur R.,FHL,5,2,36,0.009
2025-09-20,1,Víkingur R.,FHL,5,3,13,0.00325
2025-09-20,1,Víkingur R.,FHL,5,4,3,7.5e-4
2025-09-20,1,Víkingur R.,FHL,5,5,1,2.5e-4
2025-09-20,1,Víkingur R.,FHL,6,0,91,0.02275
2025-09-20,1,Víkingur R.,FHL,6,1,75,0.01875
2025-09-20,1,Víkingur R.,FHL,6,2,18,0.0045
2025-09-20,1,Víkingur R.,FHL,6,3,9,0.00225
2025-09-20,1,Víkingur R.,FHL,6,4,1,2.5e-4
2025-09-20,1,Víkingur R.,FHL,7,0,43,0.01075
2025-09-20,1,Víkingur R.,FHL,7,1,32,0.008
2025-09-20,1,Víkingur R.,FHL,7,2,6,0.0015
2025-09-20,1,Víkingur R.,FHL,7,3,2,5e-4
2025-09-20,1,Víkingur R.,FHL,7,5,1,2.5e-4
2025-09-20,1,Víkingur R.,FHL,8,0,21,0.00525
2025-09-20,1,Víkingur R.,FHL,8,1,21,0.00525
2025-09-20,1,Víkingur R.,FHL,8,2,7,0.00175
2025-09-20,1,Víkingur R.,FHL,8,3,4,0.001
2025-09-20,1,Víkingur R.,FHL,8,4,1,2.5e-4
2025-09-20,1,Víkingur R.,FHL,9,0,8,0.002
2025-09-20,1,Víkingur R.,FHL,9,1,9,0.00225
2025-09-20,1,Víkingur R.,FHL,10,0,5,0.00125
2025-09-20,1,Víkingur R.,FHL,10,1,2,5e-4
2025-09-20,1,Víkingur R.,FHL,10,2,1,2.5e-4
2025-09-20,1,Víkingur R.,FHL,11,0,2,5e-4
2025-09-20,1,Víkingur R.,FHL,11,1,2,5e-4
2025-09-20,1,Víkingur R.,FHL,11,2,1,2.5e-4
2025-09-20,1,Víkingur R.,FHL,11,3,1,2.5e-4
2025-09-20,1,Víkingur R.,FHL,12,0,1,2.5e-4
2025-09-20,1,Víkingur R.,FHL,12,1,1,2.5e-4
2025-09-20,1,Víkingur R.,FHL,12,2,1,2.5e-4
2025-09-20,1,Víkingur R.,FHL,13,0,2,5e-4
2025-09-20,1,Víkingur R.,FHL,13,2,1,2.5e-4
2025-09-20,1,Víkingur R.,FHL,14,3,1,2.5e-4
2025-09-20,1,Þróttur R.,Stjarnan,0,0,219,0.05475
2025-09-20,1,Þróttur R.,Stjarnan,0,1,149,0.03725
2025-09-20,1,Þróttur R.,Stjarnan,0,2,53,0.01325
2025-09-20,1,Þróttur R.,Stjarnan,0,3,14,0.0035
2025-09-20,1,Þróttur R.,Stjarnan,0,4,3,7.5e-4
2025-09-20,1,Þróttur R.,Stjarnan,0,5,2,5e-4
2025-09-20,1,Þróttur R.,Stjarnan,1,0,396,0.099
2025-09-20,1,Þróttur R.,Stjarnan,1,1,301,0.07525
2025-09-20,1,Þróttur R.,Stjarnan,1,2,109,0.02725
2025-09-20,1,Þróttur R.,Stjarnan,1,3,26,0.0065
2025-09-20,1,Þróttur R.,Stjarnan,1,4,6,0.0015
2025-09-20,1,Þróttur R.,Stjarnan,2,0,479,0.11975
2025-09-20,1,Þróttur R.,Stjarnan,2,1,312,0.078
2025-09-20,1,Þróttur R.,Stjarnan,2,2,130,0.0325
2025-09-20,1,Þróttur R.,Stjarnan,2,3,45,0.01125
2025-09-20,1,Þróttur R.,Stjarnan,2,4,7,0.00175
2025-09-20,1,Þróttur R.,Stjarnan,2,5,3,7.5e-4
2025-09-20,1,Þróttur R.,Stjarnan,2,6,1,2.5e-4
2025-09-20,1,Þróttur R.,Stjarnan,3,0,366,0.0915
2025-09-20,1,Þróttur R.,Stjarnan,3,1,281,0.07025
2025-09-20,1,Þróttur R.,Stjarnan,3,2,89,0.02225
2025-09-20,1,Þróttur R.,Stjarnan,3,3,29,0.00725
2025-09-20,1,Þróttur R.,Stjarnan,3,4,4,0.001
2025-09-20,1,Þróttur R.,Stjarnan,3,5,3,7.5e-4
2025-09-20,1,Þróttur R.,Stjarnan,3,6,2,5e-4
2025-09-20,1,Þróttur R.,Stjarnan,4,0,223,0.05575
2025-09-20,1,Þróttur R.,Stjarnan,4,1,164,0.041
2025-09-20,1,Þróttur R.,Stjarnan,4,2,69,0.01725
2025-09-20,1,Þróttur R.,Stjarnan,4,3,18,0.0045
2025-09-20,1,Þróttur R.,Stjarnan,4,4,4,0.001
2025-09-20,1,Þróttur R.,Stjarnan,4,5,4,0.001
2025-09-20,1,Þróttur R.,Stjarnan,4,6,1,2.5e-4
2025-09-20,1,Þróttur R.,Stjarnan,5,0,143,0.03575
2025-09-20,1,Þróttur R.,Stjarnan,5,1,72,0.018
2025-09-20,1,Þróttur R.,Stjarnan,5,2,33,0.00825
2025-09-20,1,Þróttur R.,Stjarnan,5,3,14,0.0035
2025-09-20,1,Þróttur R.,Stjarnan,5,4,2,5e-4
2025-09-20,1,Þróttur R.,Stjarnan,6,0,65,0.01625
2025-09-20,1,Þróttur R.,Stjarnan,6,1,47,0.01175
2025-09-20,1,Þróttur R.,Stjarnan,6,2,13,0.00325
2025-09-20,1,Þróttur R.,Stjarnan,6,3,3,7.5e-4
2025-09-20,1,Þróttur R.,Stjarnan,6,4,2,5e-4
2025-09-20,1,Þróttur R.,Stjarnan,6,5,1,2.5e-4
2025-09-20,1,Þróttur R.,Stjarnan,7,0,23,0.00575
2025-09-20,1,Þróttur R.,Stjarnan,7,1,17,0.00425
2025-09-20,1,Þróttur R.,Stjarnan,7,2,8,0.002
2025-09-20,1,Þróttur R.,Stjarnan,7,3,2,5e-4
2025-09-20,1,Þróttur R.,Stjarnan,8,0,10,0.0025
2025-09-20,1,Þróttur R.,Stjarnan,8,1,11,0.00275
2025-09-20,1,Þróttur R.,Stjarnan,8,2,2,5e-4
2025-09-20,1,Þróttur R.,Stjarnan,8,3,1,2.5e-4
2025-09-20,1,Þróttur R.,Stjarnan,8,4,1,2.5e-4
2025-09-20,1,Þróttur R.,Stjarnan,8,5,1,2.5e-4
2025-09-20,1,Þróttur R.,Stjarnan,9,0,6,0.0015
2025-09-20,1,Þróttur R.,Stjarnan,9,1,1,2.5e-4
2025-09-20,1,Þróttur R.,Stjarnan,9,2,2,5e-4
2025-09-20,1,Þróttur R.,Stjarnan,9,3,1,2.5e-4
2025-09-20,1,Þróttur R.,Stjarnan,10,0,1,2.5e-4
2025-09-20,1,Þróttur R.,Stjarnan,10,1,1,2.5e-4
2025-09-20,1,Þróttur R.,Stjarnan,10,3,1,2.5e-4
2025-09-20,1,Þróttur R.,Stjarnan,11,0,2,5e-4
2025-09-20,1,Þróttur R.,Stjarnan,11,1,1,2.5e-4
2025-09-20,1,Þróttur R.,Stjarnan,11,3,1,2.5e-4
