date,division,home,away,home_goals,away_goals,n,p
2025-08-24,1,FH,ÍBV,0,0,178,0.0445
2025-08-24,1,FH,ÍBV,0,1,221,0.05525
2025-08-24,1,FH,ÍBV,0,2,123,0.03075
2025-08-24,1,FH,ÍBV,0,3,50,0.0125
2025-08-24,1,FH,ÍBV,0,4,17,0.00425
2025-08-24,1,FH,ÍBV,0,5,4,0.001
2025-08-24,1,FH,ÍBV,1,0,294,0.0735
2025-08-24,1,FH,ÍBV,1,1,403,0.10075
2025-08-24,1,FH,ÍBV,1,2,233,0.05825
2025-08-24,1,FH,ÍBV,1,3,92,0.023
2025-08-24,1,FH,ÍBV,1,4,35,0.00875
2025-08-24,1,FH,ÍBV,1,5,9,0.00225
2025-08-24,1,FH,ÍBV,1,6,3,7.5e-4
2025-08-24,1,FH,ÍBV,2,0,288,0.072
2025-08-24,1,FH,ÍBV,2,1,354,0.0885
2025-08-24,1,FH,ÍBV,2,2,250,0.0625
2025-08-24,1,FH,ÍBV,2,3,116,0.029
2025-08-24,1,FH,ÍBV,2,4,44,0.011
2025-08-24,1,FH,ÍBV,2,5,17,0.00425
2025-08-24,1,FH,ÍBV,2,6,3,7.5e-4
2025-08-24,1,FH,ÍBV,3,0,184,0.046
2025-08-24,1,FH,ÍBV,3,1,233,0.05825
2025-08-24,1,FH,ÍBV,3,2,177,0.04425
2025-08-24,1,FH,ÍBV,3,3,65,0.01625
2025-08-24,1,FH,ÍBV,3,4,32,0.008
2025-08-24,1,FH,ÍBV,3,5,4,0.001
2025-08-24,1,FH,ÍBV,3,6,2,5e-4
2025-08-24,1,FH,ÍBV,3,7,1,2.5e-4
2025-08-24,1,FH,ÍBV,4,0,90,0.0225
2025-08-24,1,FH,ÍBV,4,1,114,0.0285
2025-08-24,1,FH,ÍBV,4,2,69,0.01725
2025-08-24,1,FH,ÍBV,4,3,41,0.01025
2025-08-24,1,FH,ÍBV,4,4,14,0.0035
2025-08-24,1,FH,ÍBV,4,5,5,0.00125
2025-08-24,1,FH,ÍBV,5,0,44,0.011
2025-08-24,1,FH,ÍBV,5,1,54,0.0135
2025-08-24,1,FH,ÍBV,5,2,28,0.007
2025-08-24,1,FH,ÍBV,5,3,12,0.003
2025-08-24,1,FH,ÍBV,5,4,7,0.00175
2025-08-24,1,FH,ÍBV,6,0,19,0.00475
2025-08-24,1,FH,ÍBV,6,1,24,0.006
2025-08-24,1,FH,ÍBV,6,2,10,0.0025
2025-08-24,1,FH,ÍBV,6,3,5,0.00125
2025-08-24,1,FH,ÍBV,6,4,1,2.5e-4
2025-08-24,1,FH,ÍBV,6,5,2,5e-4
2025-08-24,1,FH,ÍBV,6,6,1,2.5e-4
2025-08-24,1,FH,ÍBV,7,0,6,0.0015
2025-08-24,1,FH,ÍBV,7,1,10,0.0025
2025-08-24,1,FH,ÍBV,7,2,5,0.00125
2025-08-24,1,FH,ÍBV,7,3,1,2.5e-4
2025-08-24,1,FH,ÍBV,8,0,1,2.5e-4
2025-08-24,1,FH,ÍBV,8,2,1,2.5e-4
2025-08-24,1,FH,ÍBV,8,3,1,2.5e-4
2025-08-24,1,FH,ÍBV,8,5,1,2.5e-4
2025-08-24,1,FH,ÍBV,9,1,2,5e-4
2025-08-24,1,KA,Fram,0,0,321,0.08025
2025-08-24,1,KA,Fram,0,1,346,0.0865
2025-08-24,1,KA,Fram,0,2,197,0.04925
2025-08-24,1,KA,Fram,0,3,109,0.02725
2025-08-24,1,KA,Fram,0,4,30,0.0075
2025-08-24,1,KA,Fram,0,5,4,0.001
2025-08-24,1,KA,Fram,0,6,1,2.5e-4
2025-08-24,1,KA,Fram,0,7,2,5e-4
2025-08-24,1,KA,Fram,1,0,392,0.098
2025-08-24,1,KA,Fram,1,1,524,0.131
2025-08-24,1,KA,Fram,1,2,316,0.079
2025-08-24,1,KA,Fram,1,3,139,0.03475
2025-08-24,1,KA,Fram,1,4,37,0.00925
2025-08-24,1,KA,Fram,1,5,8,0.002
2025-08-24,1,KA,Fram,1,6,3,7.5e-4
2025-08-24,1,KA,Fram,1,7,3,7.5e-4
2025-08-24,1,KA,Fram,2,0,256,0.064
2025-08-24,1,KA,Fram,2,1,302,0.0755
2025-08-24,1,KA,Fram,2,2,209,0.05225
2025-08-24,1,KA,Fram,2,3,99,0.02475
2025-08-24,1,KA,Fram,2,4,24,0.006
2025-08-24,1,KA,Fram,2,5,9,0.00225
2025-08-24,1,KA,Fram,2,6,3,7.5e-4
2025-08-24,1,KA,Fram,2,7,1,2.5e-4
2025-08-24,1,KA,Fram,3,0,130,0.0325
2025-08-24,1,KA,Fram,3,1,149,0.03725
2025-08-24,1,KA,Fram,3,2,100,0.025
2025-08-24,1,KA,Fram,3,3,38,0.0095
2025-08-24,1,KA,Fram,3,4,21,0.00525
2025-08-24,1,KA,Fram,3,5,6,0.0015
2025-08-24,1,KA,Fram,3,6,1,2.5e-4
2025-08-24,1,KA,Fram,3,7,1,2.5e-4
2025-08-24,1,KA,Fram,4,0,43,0.01075
2025-08-24,1,KA,Fram,4,1,50,0.0125
2025-08-24,1,KA,Fram,4,2,31,0.00775
2025-08-24,1,KA,Fram,4,3,24,0.006
2025-08-24,1,KA,Fram,4,4,6,0.0015
2025-08-24,1,KA,Fram,4,5,1,2.5e-4
2025-08-24,1,KA,Fram,5,0,12,0.003
2025-08-24,1,KA,Fram,5,1,18,0.0045
2025-08-24,1,KA,Fram,5,2,10,0.0025
2025-08-24,1,KA,Fram,5,3,6,0.0015
2025-08-24,1,KA,Fram,5,4,4,0.001
2025-08-24,1,KA,Fram,6,0,2,5e-4
2025-08-24,1,KA,Fram,6,1,3,7.5e-4
2025-08-24,1,KA,Fram,6,2,3,7.5e-4
2025-08-24,1,KA,Fram,6,3,1,2.5e-4
2025-08-24,1,KA,Fram,6,4,2,5e-4
2025-08-24,1,KA,Fram,7,1,3,7.5e-4
2025-08-24,4,Augnablik,Hvíti riddarinn,0,0,113,0.02825
2025-08-24,4,Augnablik,Hvíti riddarinn,0,1,121,0.03025
2025-08-24,4,Augnablik,Hvíti riddarinn,0,2,108,0.027
2025-08-24,4,Augnablik,Hvíti riddarinn,0,3,33,0.00825
2025-08-24,4,Augnablik,Hvíti riddarinn,0,4,17,0.00425
2025-08-24,4,Augnablik,Hvíti riddarinn,0,5,2,5e-4
2025-08-24,4,Augnablik,Hvíti riddarinn,0,6,1,2.5e-4
2025-08-24,4,Augnablik,Hvíti riddarinn,1,0,223,0.05575
2025-08-24,4,Augnablik,Hvíti riddarinn,1,1,328,0.082
2025-08-24,4,Augnablik,Hvíti riddarinn,1,2,185,0.04625
2025-08-24,4,Augnablik,Hvíti riddarinn,1,3,87,0.02175
2025-08-24,4,Augnablik,Hvíti riddarinn,1,4,23,0.00575
2025-08-24,4,Augnablik,Hvíti riddarinn,1,5,8,0.002
2025-08-24,4,Augnablik,Hvíti riddarinn,1,6,1,2.5e-4
2025-08-24,4,Augnablik,Hvíti riddarinn,2,0,240,0.06
2025-08-24,4,Augnablik,Hvíti riddarinn,2,1,348,0.087
2025-08-24,4,Augnablik,Hvíti riddarinn,2,2,233,0.05825
2025-08-24,4,Augnablik,Hvíti riddarinn,2,3,109,0.02725
2025-08-24,4,Augnablik,Hvíti riddarinn,2,4,46,0.0115
2025-08-24,4,Augnablik,Hvíti riddarinn,2,5,8,0.002
2025-08-24,4,Augnablik,Hvíti riddarinn,2,6,7,0.00175
2025-08-24,4,Augnablik,Hvíti riddarinn,2,7,2,5e-4
2025-08-24,4,Augnablik,Hvíti riddarinn,3,0,205,0.05125
2025-08-24,4,Augnablik,Hvíti riddarinn,3,1,278,0.0695
2025-08-24,4,Augnablik,Hvíti riddarinn,3,2,184,0.046
2025-08-24,4,Augnablik,Hvíti riddarinn,3,3,72,0.018
2025-08-24,4,Augnablik,Hvíti riddarinn,3,4,29,0.00725
2025-08-24,4,Augnablik,Hvíti riddarinn,3,5,10,0.0025
2025-08-24,4,Augnablik,Hvíti riddarinn,3,6,5,0.00125
2025-08-24,4,Augnablik,Hvíti riddarinn,3,7,2,5e-4
2025-08-24,4,Augnablik,Hvíti riddarinn,4,0,125,0.03125
2025-08-24,4,Augnablik,Hvíti riddarinn,4,1,190,0.0475
2025-08-24,4,Augnablik,Hvíti riddarinn,4,2,126,0.0315
2025-08-24,4,Augnablik,Hvíti riddarinn,4,3,45,0.01125
2025-08-24,4,Augnablik,Hvíti riddarinn,4,4,14,0.0035
2025-08-24,4,Augnablik,Hvíti riddarinn,4,5,11,0.00275
2025-08-24,4,Augnablik,Hvíti riddarinn,4,6,2,5e-4
2025-08-24,4,Augnablik,Hvíti riddarinn,5,0,55,0.01375
2025-08-24,4,Augnablik,Hvíti riddarinn,5,1,105,0.02625
2025-08-24,4,Augnablik,Hvíti riddarinn,5,2,52,0.013
2025-08-24,4,Augnablik,Hvíti riddarinn,5,3,20,0.005
2025-08-24,4,Augnablik,Hvíti riddarinn,5,4,10,0.0025
2025-08-24,4,Augnablik,Hvíti riddarinn,5,5,3,7.5e-4
2025-08-24,4,Augnablik,Hvíti riddarinn,5,6,1,2.5e-4
2025-08-24,4,Augnablik,Hvíti riddarinn,6,0,38,0.0095
2025-08-24,4,Augnablik,Hvíti riddarinn,6,1,44,0.011
2025-08-24,4,Augnablik,Hvíti riddarinn,6,2,28,0.007
2025-08-24,4,Augnablik,Hvíti riddarinn,6,3,6,0.0015
2025-08-24,4,Augnablik,Hvíti riddarinn,6,4,5,0.00125
2025-08-24,4,Augnablik,Hvíti riddarinn,7,0,15,0.00375
2025-08-24,4,Augnablik,Hvíti riddarinn,7,1,23,0.00575
2025-08-24,4,Augnablik,Hvíti riddarinn,7,2,14,0.0035
2025-08-24,4,Augnablik,Hvíti riddarinn,7,3,7,0.00175
2025-08-24,4,Augnablik,Hvíti riddarinn,7,4,2,5e-4
2025-08-24,4,Augnablik,Hvíti riddarinn,8,0,3,7.5e-4
2025-08-24,4,Augnablik,Hvíti riddarinn,8,1,6,0.0015
2025-08-24,4,Augnablik,Hvíti riddarinn,8,2,5,0.00125
2025-08-24,4,Augnablik,Hvíti riddarinn,8,3,5,0.00125
2025-08-24,4,Augnablik,Hvíti riddarinn,9,1,3,7.5e-4
2025-08-24,4,Augnablik,Hvíti riddarinn,9,2,2,5e-4
2025-08-24,4,Augnablik,Hvíti riddarinn,10,0,1,2.5e-4
2025-08-24,4,Augnablik,Hvíti riddarinn,10,3,1,2.5e-4
2025-08-24,4,Augnablik,Hvíti riddarinn,10,7,1,2.5e-4
2025-08-24,4,Augnablik,Hvíti riddarinn,11,1,1,2.5e-4
2025-08-24,4,Augnablik,Hvíti riddarinn,11,3,1,2.5e-4
2025-08-24,4,Augnablik,Hvíti riddarinn,12,1,2,5e-4
2025-08-24,4,KF,Sindri,0,0,93,0.02325
2025-08-24,4,KF,Sindri,0,1,128,0.032
2025-08-24,4,KF,Sindri,0,2,115,0.02875
2025-08-24,4,KF,Sindri,0,3,74,0.0185
2025-08-24,4,KF,Sindri,0,4,25,0.00625
2025-08-24,4,KF,Sindri,0,5,7,0.00175
2025-08-24,4,KF,Sindri,0,6,3,7.5e-4
2025-08-24,4,KF,Sindri,0,7,1,2.5e-4
2025-08-24,4,KF,Sindri,1,0,152,0.038
2025-08-24,4,KF,Sindri,1,1,291,0.07275
2025-08-24,4,KF,Sindri,1,2,251,0.06275
2025-08-24,4,KF,Sindri,1,3,123,0.03075
2025-08-24,4,KF,Sindri,1,4,75,0.01875
2025-08-24,4,KF,Sindri,1,5,20,0.005
2025-08-24,4,KF,Sindri,1,6,11,0.00275
2025-08-24,4,KF,Sindri,1,7,1,2.5e-4
2025-08-24,4,KF,Sindri,1,8,1,2.5e-4
2025-08-24,4,KF,Sindri,2,0,203,0.05075
2025-08-24,4,KF,Sindri,2,1,287,0.07175
2025-08-24,4,KF,Sindri,2,2,249,0.06225
2025-08-24,4,KF,Sindri,2,3,152,0.038
2025-08-24,4,KF,Sindri,2,4,76,0.019
2025-08-24,4,KF,Sindri,2,5,23,0.00575
2025-08-24,4,KF,Sindri,2,6,9,0.00225
2025-08-24,4,KF,Sindri,2,7,3,7.5e-4
2025-08-24,4,KF,Sindri,2,8,1,2.5e-4
2025-08-24,4,KF,Sindri,3,0,148,0.037
2025-08-24,4,KF,Sindri,3,1,225,0.05625
2025-08-24,4,KF,Sindri,3,2,187,0.04675
2025-08-24,4,KF,Sindri,3,3,119,0.02975
2025-08-24,4,KF,Sindri,3,4,65,0.01625
2025-08-24,4,KF,Sindri,3,5,20,0.005
2025-08-24,4,KF,Sindri,3,6,6,0.0015
2025-08-24,4,KF,Sindri,3,7,3,7.5e-4
2025-08-24,4,KF,Sindri,3,8,2,5e-4
2025-08-24,4,KF,Sindri,3,9,1,2.5e-4
2025-08-24,4,KF,Sindri,4,0,88,0.022
2025-08-24,4,KF,Sindri,4,1,138,0.0345
2025-08-24,4,KF,Sindri,4,2,104,0.026
2025-08-24,4,KF,Sindri,4,3,64,0.016
2025-08-24,4,KF,Sindri,4,4,32,0.008
2025-08-24,4,KF,Sindri,4,5,18,0.0045
2025-08-24,4,KF,Sindri,4,6,2,5e-4
2025-08-24,4,KF,Sindri,4,8,1,2.5e-4
2025-08-24,4,KF,Sindri,5,0,46,0.0115
2025-08-24,4,KF,Sindri,5,1,72,0.018
2025-08-24,4,KF,Sindri,5,2,69,0.01725
2025-08-24,4,KF,Sindri,5,3,35,0.00875
2025-08-24,4,KF,Sindri,5,4,16,0.004
2025-08-24,4,KF,Sindri,5,5,9,0.00225
2025-08-24,4,KF,Sindri,5,6,2,5e-4
2025-08-24,4,KF,Sindri,6,0,9,0.00225
2025-08-24,4,KF,Sindri,6,1,34,0.0085
2025-08-24,4,KF,Sindri,6,2,25,0.00625
2025-08-24,4,KF,Sindri,6,3,11,0.00275
2025-08-24,4,KF,Sindri,6,4,6,0.0015
2025-08-24,4,KF,Sindri,6,5,4,0.001
2025-08-24,4,KF,Sindri,6,6,5,0.00125
2025-08-24,4,KF,Sindri,6,8,1,2.5e-4
2025-08-24,4,KF,Sindri,7,0,7,0.00175
2025-08-24,4,KF,Sindri,7,1,9,0.00225
2025-08-24,4,KF,Sindri,7,2,6,0.0015
2025-08-24,4,KF,Sindri,7,3,6,0.0015
2025-08-24,4,KF,Sindri,7,4,4,0.001
2025-08-24,4,KF,Sindri,7,5,3,7.5e-4
2025-08-24,4,KF,Sindri,7,7,1,2.5e-4
2025-08-24,4,KF,Sindri,8,0,4,0.001
2025-08-24,4,KF,Sindri,8,1,5,0.00125
2025-08-24,4,KF,Sindri,8,2,1,2.5e-4
2025-08-24,4,KF,Sindri,8,3,3,7.5e-4
2025-08-24,4,KF,Sindri,8,4,1,2.5e-4
2025-08-24,4,KF,Sindri,9,1,1,2.5e-4
2025-08-24,4,KF,Sindri,9,2,2,5e-4
2025-08-24,4,KF,Sindri,9,3,3,7.5e-4
2025-08-24,4,KF,Sindri,10,4,1,2.5e-4
2025-08-24,4,KF,Sindri,11,1,1,2.5e-4
2025-08-24,4,KF,Sindri,12,12,1,2.5e-4
2025-08-24,4,KV,ÍH,0,0,32,0.008
2025-08-24,4,KV,ÍH,0,1,30,0.0075
2025-08-24,4,KV,ÍH,0,2,51,0.01275
2025-08-24,4,KV,ÍH,0,3,25,0.00625
2025-08-24,4,KV,ÍH,0,4,13,0.00325
2025-08-24,4,KV,ÍH,0,5,7,0.00175
2025-08-24,4,KV,ÍH,0,6,4,0.001
2025-08-24,4,KV,ÍH,1,0,77,0.01925
2025-08-24,4,KV,ÍH,1,1,156,0.039
2025-08-24,4,KV,ÍH,1,2,162,0.0405
2025-08-24,4,KV,ÍH,1,3,97,0.02425
2025-08-24,4,KV,ÍH,1,4,48,0.012
2025-08-24,4,KV,ÍH,1,5,11,0.00275
2025-08-24,4,KV,ÍH,1,6,7,0.00175
2025-08-24,4,KV,ÍH,1,7,7,0.00175
2025-08-24,4,KV,ÍH,1,8,1,2.5e-4
2025-08-24,4,KV,ÍH,1,11,1,2.5e-4
2025-08-24,4,KV,ÍH,2,0,117,0.02925
2025-08-24,4,KV,ÍH,2,1,198,0.0495
2025-08-24,4,KV,ÍH,2,2,198,0.0495
2025-08-24,4,KV,ÍH,2,3,158,0.0395
2025-08-24,4,KV,ÍH,2,4,59,0.01475
2025-08-24,4,KV,ÍH,2,5,35,0.00875
2025-08-24,4,KV,ÍH,2,6,13,0.00325
2025-08-24,4,KV,ÍH,2,7,4,0.001
2025-08-24,4,KV,ÍH,2,8,1,2.5e-4
2025-08-24,4,KV,ÍH,2,10,1,2.5e-4
2025-08-24,4,KV,ÍH,3,0,119,0.02975
2025-08-24,4,KV,ÍH,3,1,186,0.0465
2025-08-24,4,KV,ÍH,3,2,218,0.0545
2025-08-24,4,KV,ÍH,3,3,159,0.03975
2025-08-24,4,KV,ÍH,3,4,71,0.01775
2025-08-24,4,KV,ÍH,3,5,32,0.008
2025-08-24,4,KV,ÍH,3,6,12,0.003
2025-08-24,4,KV,ÍH,3,7,7,0.00175
2025-08-24,4,KV,ÍH,3,8,1,2.5e-4
2025-08-24,4,KV,ÍH,3,9,1,2.5e-4
2025-08-24,4,KV,ÍH,4,0,89,0.02225
2025-08-24,4,KV,ÍH,4,1,173,0.04325
2025-08-24,4,KV,ÍH,4,2,175,0.04375
2025-08-24,4,KV,ÍH,4,3,111,0.02775
2025-08-24,4,KV,ÍH,4,4,68,0.017
2025-08-24,4,KV,ÍH,4,5,29,0.00725
2025-08-24,4,KV,ÍH,4,6,16,0.004
2025-08-24,4,KV,ÍH,4,7,4,0.001
2025-08-24,4,KV,ÍH,4,8,2,5e-4
2025-08-24,4,KV,ÍH,4,9,1,2.5e-4
2025-08-24,4,KV,ÍH,5,0,57,0.01425
2025-08-24,4,KV,ÍH,5,1,129,0.03225
2025-08-24,4,KV,ÍH,5,2,118,0.0295
2025-08-24,4,KV,ÍH,5,3,81,0.02025
2025-08-24,4,KV,ÍH,5,4,36,0.009
2025-08-24,4,KV,ÍH,5,5,26,0.0065
2025-08-24,4,KV,ÍH,5,6,10,0.0025
2025-08-24,4,KV,ÍH,5,7,3,7.5e-4
2025-08-24,4,KV,ÍH,5,9,1,2.5e-4
2025-08-24,4,KV,ÍH,6,0,27,0.00675
2025-08-24,4,KV,ÍH,6,1,64,0.016
2025-08-24,4,KV,ÍH,6,2,76,0.019
2025-08-24,4,KV,ÍH,6,3,43,0.01075
2025-08-24,4,KV,ÍH,6,4,24,0.006
2025-08-24,4,KV,ÍH,6,5,11,0.00275
2025-08-24,4,KV,ÍH,6,6,6,0.0015
2025-08-24,4,KV,ÍH,6,7,2,5e-4
2025-08-24,4,KV,ÍH,7,0,19,0.00475
2025-08-24,4,KV,ÍH,7,1,53,0.01325
2025-08-24,4,KV,ÍH,7,2,37,0.00925
2025-08-24,4,KV,ÍH,7,3,23,0.00575
2025-08-24,4,KV,ÍH,7,4,19,0.00475
2025-08-24,4,KV,ÍH,7,5,8,0.002
2025-08-24,4,KV,ÍH,7,6,6,0.0015
2025-08-24,4,KV,ÍH,7,7,2,5e-4
2025-08-24,4,KV,ÍH,8,0,14,0.0035
2025-08-24,4,KV,ÍH,8,1,27,0.00675
2025-08-24,4,KV,ÍH,8,2,12,0.003
2025-08-24,4,KV,ÍH,8,3,11,0.00275
2025-08-24,4,KV,ÍH,8,4,5,0.00125
2025-08-24,4,KV,ÍH,8,5,3,7.5e-4
2025-08-24,4,KV,ÍH,8,6,2,5e-4
2025-08-24,4,KV,ÍH,9,0,2,5e-4
2025-08-24,4,KV,ÍH,9,1,11,0.00275
2025-08-24,4,KV,ÍH,9,2,8,0.002
2025-08-24,4,KV,ÍH,9,3,5,0.00125
2025-08-24,4,KV,ÍH,9,4,3,7.5e-4
2025-08-24,4,KV,ÍH,9,6,1,2.5e-4
2025-08-24,4,KV,ÍH,9,8,1,2.5e-4
2025-08-24,4,KV,ÍH,10,1,5,0.00125
2025-08-24,4,KV,ÍH,10,2,4,0.001
2025-08-24,4,KV,ÍH,10,3,4,0.001
2025-08-24,4,KV,ÍH,10,4,1,2.5e-4
2025-08-24,4,KV,ÍH,10,5,1,2.5e-4
2025-08-24,4,KV,ÍH,11,0,3,7.5e-4
2025-08-24,4,KV,ÍH,11,2,2,5e-4
2025-08-24,4,KV,ÍH,11,5,1,2.5e-4
2025-08-24,4,KV,ÍH,11,11,1,2.5e-4
2025-08-24,4,KV,ÍH,12,0,2,5e-4
2025-08-24,4,KV,ÍH,12,1,1,2.5e-4
2025-08-24,4,KV,ÍH,12,2,1,2.5e-4
2025-08-24,4,KV,ÍH,14,4,1,2.5e-4
2025-08-24,4,Reynir S.,KFK,0,0,59,0.01475
2025-08-24,4,Reynir S.,KFK,0,1,69,0.01725
2025-08-24,4,Reynir S.,KFK,0,2,52,0.013
2025-08-24,4,Reynir S.,KFK,0,3,13,0.00325
2025-08-24,4,Reynir S.,KFK,0,4,7,0.00175
2025-08-24,4,Reynir S.,KFK,0,5,2,5e-4
2025-08-24,4,Reynir S.,KFK,0,6,1,2.5e-4
2025-08-24,4,Reynir S.,KFK,1,0,118,0.0295
2025-08-24,4,Reynir S.,KFK,1,1,190,0.0475
2025-08-24,4,Reynir S.,KFK,1,2,130,0.0325
2025-08-24,4,Reynir S.,KFK,1,3,75,0.01875
2025-08-24,4,Reynir S.,KFK,1,4,31,0.00775
2025-08-24,4,Reynir S.,KFK,1,5,8,0.002
2025-08-24,4,Reynir S.,KFK,1,6,3,7.5e-4
2025-08-24,4,Reynir S.,KFK,1,7,2,5e-4
2025-08-24,4,Reynir S.,KFK,1,8,1,2.5e-4
2025-08-24,4,Reynir S.,KFK,2,0,178,0.0445
2025-08-24,4,Reynir S.,KFK,2,1,258,0.0645
2025-08-24,4,Reynir S.,KFK,2,2,203,0.05075
2025-08-24,4,Reynir S.,KFK,2,3,91,0.02275
2025-08-24,4,Reynir S.,KFK,2,4,41,0.01025
2025-08-24,4,Reynir S.,KFK,2,5,13,0.00325
2025-08-24,4,Reynir S.,KFK,2,6,4,0.001
2025-08-24,4,Reynir S.,KFK,2,7,1,2.5e-4
2025-08-24,4,Reynir S.,KFK,3,0,170,0.0425
2025-08-24,4,Reynir S.,KFK,3,1,275,0.06875
2025-08-24,4,Reynir S.,KFK,3,2,185,0.04625
2025-08-24,4,Reynir S.,KFK,3,3,110,0.0275
2025-08-24,4,Reynir S.,KFK,3,4,36,0.009
2025-08-24,4,Reynir S.,KFK,3,5,10,0.0025
2025-08-24,4,Reynir S.,KFK,3,7,5,0.00125
2025-08-24,4,Reynir S.,KFK,3,9,1,2.5e-4
2025-08-24,4,Reynir S.,KFK,4,0,159,0.03975
2025-08-24,4,Reynir S.,KFK,4,1,205,0.05125
2025-08-24,4,Reynir S.,KFK,4,2,157,0.03925
2025-08-24,4,Reynir S.,KFK,4,3,92,0.023
2025-08-24,4,Reynir S.,KFK,4,4,34,0.0085
2025-08-24,4,Reynir S.,KFK,4,5,10,0.0025
2025-08-24,4,Reynir S.,KFK,4,6,3,7.5e-4
2025-08-24,4,Reynir S.,KFK,4,7,1,2.5e-4
2025-08-24,4,Reynir S.,KFK,5,0,116,0.029
2025-08-24,4,Reynir S.,KFK,5,1,168,0.042
2025-08-24,4,Reynir S.,KFK,5,2,88,0.022
2025-08-24,4,Reynir S.,KFK,5,3,49,0.01225
2025-08-24,4,Reynir S.,KFK,5,4,29,0.00725
2025-08-24,4,Reynir S.,KFK,5,5,8,0.002
2025-08-24,4,Reynir S.,KFK,5,6,3,7.5e-4
2025-08-24,4,Reynir S.,KFK,5,7,2,5e-4
2025-08-24,4,Reynir S.,KFK,6,0,71,0.01775
2025-08-24,4,Reynir S.,KFK,6,1,81,0.02025
2025-08-24,4,Reynir S.,KFK,6,2,67,0.01675
2025-08-24,4,Reynir S.,KFK,6,3,36,0.009
2025-08-24,4,Reynir S.,KFK,6,4,9,0.00225
2025-08-24,4,Reynir S.,KFK,6,5,6,0.0015
2025-08-24,4,Reynir S.,KFK,6,6,3,7.5e-4
2025-08-24,4,Reynir S.,KFK,7,0,33,0.00825
2025-08-24,4,Reynir S.,KFK,7,1,47,0.01175
2025-08-24,4,Reynir S.,KFK,7,2,35,0.00875
2025-08-24,4,Reynir S.,KFK,7,3,17,0.00425
2025-08-24,4,Reynir S.,KFK,7,4,8,0.002
2025-08-24,4,Reynir S.,KFK,7,5,3,7.5e-4
2025-08-24,4,Reynir S.,KFK,8,0,15,0.00375
2025-08-24,4,Reynir S.,KFK,8,1,21,0.00525
2025-08-24,4,Reynir S.,KFK,8,2,7,0.00175
2025-08-24,4,Reynir S.,KFK,8,3,9,0.00225
2025-08-24,4,Reynir S.,KFK,8,6,1,2.5e-4
2025-08-24,4,Reynir S.,KFK,9,0,9,0.00225
2025-08-24,4,Reynir S.,KFK,9,1,14,0.0035
2025-08-24,4,Reynir S.,KFK,9,2,11,0.00275
2025-08-24,4,Reynir S.,KFK,9,3,4,0.001
2025-08-24,4,Reynir S.,KFK,9,4,2,5e-4
2025-08-24,4,Reynir S.,KFK,10,0,4,0.001
2025-08-24,4,Reynir S.,KFK,10,1,8,0.002
2025-08-24,4,Reynir S.,KFK,10,2,2,5e-4
2025-08-24,4,Reynir S.,KFK,10,3,1,2.5e-4
2025-08-24,4,Reynir S.,KFK,11,0,1,2.5e-4
2025-08-24,4,Reynir S.,KFK,11,1,2,5e-4
2025-08-24,4,Reynir S.,KFK,11,2,2,5e-4
2025-08-24,4,Reynir S.,KFK,11,3,3,7.5e-4
2025-08-24,4,Reynir S.,KFK,12,0,1,2.5e-4
2025-08-24,4,Reynir S.,KFK,14,0,1,2.5e-4
2025-08-24,4,Árbær,Tindastóll,0,0,131,0.03275
2025-08-24,4,Árbær,Tindastóll,0,1,191,0.04775
2025-08-24,4,Árbær,Tindastóll,0,2,144,0.036
2025-08-24,4,Árbær,Tindastóll,0,3,67,0.01675
2025-08-24,4,Árbær,Tindastóll,0,4,39,0.00975
2025-08-24,4,Árbær,Tindastóll,0,5,15,0.00375
2025-08-24,4,Árbær,Tindastóll,0,6,5,0.00125
2025-08-24,4,Árbær,Tindastóll,0,7,1,2.5e-4
2025-08-24,4,Árbær,Tindastóll,0,8,3,7.5e-4
2025-08-24,4,Árbær,Tindastóll,1,0,192,0.048
2025-08-24,4,Árbær,Tindastóll,1,1,309,0.07725
2025-08-24,4,Árbær,Tindastóll,1,2,262,0.0655
2025-08-24,4,Árbær,Tindastóll,1,3,162,0.0405
2025-08-24,4,Árbær,Tindastóll,1,4,57,0.01425
2025-08-24,4,Árbær,Tindastóll,1,5,23,0.00575
2025-08-24,4,Árbær,Tindastóll,1,6,11,0.00275
2025-08-24,4,Árbær,Tindastóll,1,7,2,5e-4
2025-08-24,4,Árbær,Tindastóll,1,8,2,5e-4
2025-08-24,4,Árbær,Tindastóll,1,9,1,2.5e-4
2025-08-24,4,Árbær,Tindastóll,2,0,191,0.04775
2025-08-24,4,Árbær,Tindastóll,2,1,312,0.078
2025-08-24,4,Árbær,Tindastóll,2,2,271,0.06775
2025-08-24,4,Árbær,Tindastóll,2,3,142,0.0355
2025-08-24,4,Árbær,Tindastóll,2,4,74,0.0185
2025-08-24,4,Árbær,Tindastóll,2,5,33,0.00825
2025-08-24,4,Árbær,Tindastóll,2,6,8,0.002
2025-08-24,4,Árbær,Tindastóll,2,7,3,7.5e-4
2025-08-24,4,Árbær,Tindastóll,3,0,116,0.029
2025-08-24,4,Árbær,Tindastóll,3,1,222,0.0555
2025-08-24,4,Árbær,Tindastóll,3,2,178,0.0445
2025-08-24,4,Árbær,Tindastóll,3,3,111,0.02775
2025-08-24,4,Árbær,Tindastóll,3,4,53,0.01325
2025-08-24,4,Árbær,Tindastóll,3,5,20,0.005
2025-08-24,4,Árbær,Tindastóll,3,6,11,0.00275
2025-08-24,4,Árbær,Tindastóll,3,7,1,2.5e-4
2025-08-24,4,Árbær,Tindastóll,4,0,69,0.01725
2025-08-24,4,Árbær,Tindastóll,4,1,112,0.028
2025-08-24,4,Árbær,Tindastóll,4,2,75,0.01875
2025-08-24,4,Árbær,Tindastóll,4,3,63,0.01575
2025-08-24,4,Árbær,Tindastóll,4,4,25,0.00625
2025-08-24,4,Árbær,Tindastóll,4,5,13,0.00325
2025-08-24,4,Árbær,Tindastóll,4,6,3,7.5e-4
2025-08-24,4,Árbær,Tindastóll,4,7,1,2.5e-4
2025-08-24,4,Árbær,Tindastóll,4,8,1,2.5e-4
2025-08-24,4,Árbær,Tindastóll,5,0,32,0.008
2025-08-24,4,Árbær,Tindastóll,5,1,56,0.014
2025-08-24,4,Árbær,Tindastóll,5,2,50,0.0125
2025-08-24,4,Árbær,Tindastóll,5,3,18,0.0045
2025-08-24,4,Árbær,Tindastóll,5,4,11,0.00275
2025-08-24,4,Árbær,Tindastóll,5,5,6,0.0015
2025-08-24,4,Árbær,Tindastóll,5,6,2,5e-4
2025-08-24,4,Árbær,Tindastóll,5,7,2,5e-4
2025-08-24,4,Árbær,Tindastóll,6,0,13,0.00325
2025-08-24,4,Árbær,Tindastóll,6,1,24,0.006
2025-08-24,4,Árbær,Tindastóll,6,2,8,0.002
2025-08-24,4,Árbær,Tindastóll,6,3,10,0.0025
2025-08-24,4,Árbær,Tindastóll,6,4,8,0.002
2025-08-24,4,Árbær,Tindastóll,6,6,2,5e-4
2025-08-24,4,Árbær,Tindastóll,7,0,6,0.0015
2025-08-24,4,Árbær,Tindastóll,7,1,7,0.00175
2025-08-24,4,Árbær,Tindastóll,7,2,3,7.5e-4
2025-08-24,4,Árbær,Tindastóll,7,3,1,2.5e-4
2025-08-24,4,Árbær,Tindastóll,7,5,1,2.5e-4
2025-08-24,4,Árbær,Tindastóll,7,6,2,5e-4
2025-08-24,4,Árbær,Tindastóll,7,7,1,2.5e-4
2025-08-24,4,Árbær,Tindastóll,8,0,2,5e-4
2025-08-24,4,Árbær,Tindastóll,8,1,4,0.001
2025-08-24,4,Árbær,Tindastóll,8,2,1,2.5e-4
2025-08-24,4,Árbær,Tindastóll,8,3,1,2.5e-4
2025-08-24,4,Árbær,Tindastóll,8,4,1,2.5e-4
2025-08-24,4,Árbær,Tindastóll,8,5,1,2.5e-4
2025-08-24,4,Árbær,Tindastóll,9,1,1,2.5e-4
2025-08-24,4,Árbær,Tindastóll,9,9,1,2.5e-4
2025-08-25,1,KR,Stjarnan,0,0,83,0.02075
2025-08-25,1,KR,Stjarnan,0,1,132,0.033
2025-08-25,1,KR,Stjarnan,0,2,109,0.02725
2025-08-25,1,KR,Stjarnan,0,3,63,0.01575
2025-08-25,1,KR,Stjarnan,0,4,27,0.00675
2025-08-25,1,KR,Stjarnan,0,5,15,0.00375
2025-08-25,1,KR,Stjarnan,0,6,7,0.00175
2025-08-25,1,KR,Stjarnan,0,8,1,2.5e-4
2025-08-25,1,KR,Stjarnan,1,0,148,0.037
2025-08-25,1,KR,Stjarnan,1,1,276,0.069
2025-08-25,1,KR,Stjarnan,1,2,259,0.06475
2025-08-25,1,KR,Stjarnan,1,3,143,0.03575
2025-08-25,1,KR,Stjarnan,1,4,55,0.01375
2025-08-25,1,KR,Stjarnan,1,5,24,0.006
2025-08-25,1,KR,Stjarnan,1,6,9,0.00225
2025-08-25,1,KR,Stjarnan,1,7,4,0.001
2025-08-25,1,KR,Stjarnan,1,8,1,2.5e-4
2025-08-25,1,KR,Stjarnan,2,0,165,0.04125
2025-08-25,1,KR,Stjarnan,2,1,301,0.07525
2025-08-25,1,KR,Stjarnan,2,2,247,0.06175
2025-08-25,1,KR,Stjarnan,2,3,164,0.041
2025-08-25,1,KR,Stjarnan,2,4,81,0.02025
2025-08-25,1,KR,Stjarnan,2,5,27,0.00675
2025-08-25,1,KR,Stjarnan,2,6,6,0.0015
2025-08-25,1,KR,Stjarnan,2,7,3,7.5e-4
2025-08-25,1,KR,Stjarnan,2,8,2,5e-4
2025-08-25,1,KR,Stjarnan,3,0,138,0.0345
2025-08-25,1,KR,Stjarnan,3,1,214,0.0535
2025-08-25,1,KR,Stjarnan,3,2,202,0.0505
2025-08-25,1,KR,Stjarnan,3,3,113,0.02825
2025-08-25,1,KR,Stjarnan,3,4,61,0.01525
2025-08-25,1,KR,Stjarnan,3,5,21,0.00525
2025-08-25,1,KR,Stjarnan,3,6,11,0.00275
2025-08-25,1,KR,Stjarnan,3,7,6,0.0015
2025-08-25,1,KR,Stjarnan,3,8,2,5e-4
2025-08-25,1,KR,Stjarnan,4,0,66,0.0165
2025-08-25,1,KR,Stjarnan,4,1,155,0.03875
2025-08-25,1,KR,Stjarnan,4,2,112,0.028
2025-08-25,1,KR,Stjarnan,4,3,96,0.024
2025-08-25,1,KR,Stjarnan,4,4,36,0.009
2025-08-25,1,KR,Stjarnan,4,5,11,0.00275
2025-08-25,1,KR,Stjarnan,4,6,8,0.002
2025-08-25,1,KR,Stjarnan,4,7,1,2.5e-4
2025-08-25,1,KR,Stjarnan,4,8,2,5e-4
2025-08-25,1,KR,Stjarnan,5,0,35,0.00875
2025-08-25,1,KR,Stjarnan,5,1,55,0.01375
2025-08-25,1,KR,Stjarnan,5,2,59,0.01475
2025-08-25,1,KR,Stjarnan,5,3,44,0.011
2025-08-25,1,KR,Stjarnan,5,4,11,0.00275
2025-08-25,1,KR,Stjarnan,5,5,9,0.00225
2025-08-25,1,KR,Stjarnan,5,6,1,2.5e-4
2025-08-25,1,KR,Stjarnan,5,7,1,2.5e-4
2025-08-25,1,KR,Stjarnan,6,0,11,0.00275
2025-08-25,1,KR,Stjarnan,6,1,30,0.0075
2025-08-25,1,KR,Stjarnan,6,2,39,0.00975
2025-08-25,1,KR,Stjarnan,6,3,19,0.00475
2025-08-25,1,KR,Stjarnan,6,4,14,0.0035
2025-08-25,1,KR,Stjarnan,6,5,5,0.00125
2025-08-25,1,KR,Stjarnan,6,6,7,0.00175
2025-08-25,1,KR,Stjarnan,7,0,8,0.002
2025-08-25,1,KR,Stjarnan,7,1,11,0.00275
2025-08-25,1,KR,Stjarnan,7,2,10,0.0025
2025-08-25,1,KR,Stjarnan,7,3,3,7.5e-4
2025-08-25,1,KR,Stjarnan,7,4,5,0.00125
2025-08-25,1,KR,Stjarnan,7,5,1,2.5e-4
2025-08-25,1,KR,Stjarnan,7,8,1,2.5e-4
2025-08-25,1,KR,Stjarnan,7,11,1,2.5e-4
2025-08-25,1,KR,Stjarnan,8,0,3,7.5e-4
2025-08-25,1,KR,Stjarnan,8,1,2,5e-4
2025-08-25,1,KR,Stjarnan,8,3,1,2.5e-4
2025-08-25,1,KR,Stjarnan,8,4,1,2.5e-4
2025-08-25,1,KR,Stjarnan,8,5,1,2.5e-4
2025-08-25,1,KR,Stjarnan,9,0,1,2.5e-4
2025-08-25,1,KR,Stjarnan,9,1,2,5e-4
2025-08-25,1,KR,Stjarnan,9,3,1,2.5e-4
2025-08-25,1,KR,Stjarnan,10,2,1,2.5e-4
2025-08-26,1,Valur,Afturelding,0,0,99,0.02475
2025-08-26,1,Valur,Afturelding,0,1,95,0.02375
2025-08-26,1,Valur,Afturelding,0,2,42,0.0105
2025-08-26,1,Valur,Afturelding,0,3,18,0.0045
2025-08-26,1,Valur,Afturelding,0,4,5,0.00125
2025-08-26,1,Valur,Afturelding,0,5,2,5e-4
2025-08-26,1,Valur,Afturelding,1,0,275,0.06875
2025-08-26,1,Valur,Afturelding,1,1,249,0.06225
2025-08-26,1,Valur,Afturelding,1,2,130,0.0325
2025-08-26,1,Valur,Afturelding,1,3,63,0.01575
2025-08-26,1,Valur,Afturelding,1,4,11,0.00275
2025-08-26,1,Valur,Afturelding,1,5,3,7.5e-4
2025-08-26,1,Valur,Afturelding,1,6,1,2.5e-4
2025-08-26,1,Valur,Afturelding,2,0,353,0.08825
2025-08-26,1,Valur,Afturelding,2,1,325,0.08125
2025-08-26,1,Valur,Afturelding,2,2,178,0.0445
2025-08-26,1,Valur,Afturelding,2,3,71,0.01775
2025-08-26,1,Valur,Afturelding,2,4,15,0.00375
2025-08-26,1,Valur,Afturelding,2,5,5,0.00125
2025-08-26,1,Valur,Afturelding,2,6,2,5e-4
2025-08-26,1,Valur,Afturelding,3,0,284,0.071
2025-08-26,1,Valur,Afturelding,3,1,276,0.069
2025-08-26,1,Valur,Afturelding,3,2,130,0.0325
2025-08-26,1,Valur,Afturelding,3,3,56,0.014
2025-08-26,1,Valur,Afturelding,3,4,12,0.003
2025-08-26,1,Valur,Afturelding,3,5,3,7.5e-4
2025-08-26,1,Valur,Afturelding,3,8,1,2.5e-4
2025-08-26,1,Valur,Afturelding,4,0,249,0.06225
2025-08-26,1,Valur,Afturelding,4,1,223,0.05575
2025-08-26,1,Valur,Afturelding,4,2,112,0.028
2025-08-26,1,Valur,Afturelding,4,3,36,0.009
2025-08-26,1,Valur,Afturelding,4,4,15,0.00375
2025-08-26,1,Valur,Afturelding,4,5,1,2.5e-4
2025-08-26,1,Valur,Afturelding,5,0,114,0.0285
2025-08-26,1,Valur,Afturelding,5,1,129,0.03225
2025-08-26,1,Valur,Afturelding,5,2,56,0.014
2025-08-26,1,Valur,Afturelding,5,3,21,0.00525
2025-08-26,1,Valur,Afturelding,5,4,14,0.0035
2025-08-26,1,Valur,Afturelding,5,5,5,0.00125
2025-08-26,1,Valur,Afturelding,6,0,71,0.01775
2025-08-26,1,Valur,Afturelding,6,1,59,0.01475
2025-08-26,1,Valur,Afturelding,6,2,28,0.007
2025-08-26,1,Valur,Afturelding,6,3,14,0.0035
2025-08-26,1,Valur,Afturelding,6,4,7,0.00175
2025-08-26,1,Valur,Afturelding,6,5,2,5e-4
2025-08-26,1,Valur,Afturelding,7,0,27,0.00675
2025-08-26,1,Valur,Afturelding,7,1,27,0.00675
2025-08-26,1,Valur,Afturelding,7,2,14,0.0035
2025-08-26,1,Valur,Afturelding,7,3,6,0.0015
2025-08-26,1,Valur,Afturelding,7,4,2,5e-4
2025-08-26,1,Valur,Afturelding,7,5,1,2.5e-4
2025-08-26,1,Valur,Afturelding,7,6,1,2.5e-4
2025-08-26,1,Valur,Afturelding,8,0,14,0.0035
2025-08-26,1,Valur,Afturelding,8,1,11,0.00275
2025-08-26,1,Valur,Afturelding,8,2,7,0.00175
2025-08-26,1,Valur,Afturelding,8,3,5,0.00125
2025-08-26,1,Valur,Afturelding,8,4,1,2.5e-4
2025-08-26,1,Valur,Afturelding,8,5,1,2.5e-4
2025-08-26,1,Valur,Afturelding,9,0,5,0.00125
2025-08-26,1,Valur,Afturelding,9,1,3,7.5e-4
2025-08-26,1,Valur,Afturelding,9,2,1,2.5e-4
2025-08-26,1,Valur,Afturelding,9,3,1,2.5e-4
2025-08-26,1,Valur,Afturelding,10,0,3,7.5e-4
2025-08-26,1,Valur,Afturelding,10,1,1,2.5e-4
2025-08-26,1,Valur,Afturelding,10,2,3,7.5e-4
2025-08-26,1,Valur,Afturelding,10,3,1,2.5e-4
2025-08-26,1,Valur,Afturelding,11,1,1,2.5e-4
2025-08-26,1,Valur,Afturelding,11,2,1,2.5e-4
2025-08-26,1,Valur,Afturelding,11,3,1,2.5e-4
2025-08-26,1,Valur,Afturelding,12,1,1,2.5e-4
2025-08-26,1,Valur,Afturelding,14,1,1,2.5e-4
2025-08-26,1,Víkingur R.,Vestri,0,0,357,0.08925
2025-08-26,1,Víkingur R.,Vestri,0,1,287,0.07175
2025-08-26,1,Víkingur R.,Vestri,0,2,98,0.0245
2025-08-26,1,Víkingur R.,Vestri,0,3,25,0.00625
2025-08-26,1,Víkingur R.,Vestri,0,4,5,0.00125
2025-08-26,1,Víkingur R.,Vestri,0,5,1,2.5e-4
2025-08-26,1,Víkingur R.,Vestri,1,0,561,0.14025
2025-08-26,1,Víkingur R.,Vestri,1,1,452,0.113
2025-08-26,1,Víkingur R.,Vestri,1,2,186,0.0465
2025-08-26,1,Víkingur R.,Vestri,1,3,41,0.01025
2025-08-26,1,Víkingur R.,Vestri,1,4,9,0.00225
2025-08-26,1,Víkingur R.,Vestri,1,5,1,2.5e-4
2025-08-26,1,Víkingur R.,Vestri,2,0,438,0.1095
2025-08-26,1,Víkingur R.,Vestri,2,1,362,0.0905
2025-08-26,1,Víkingur R.,Vestri,2,2,144,0.036
2025-08-26,1,Víkingur R.,Vestri,2,3,39,0.00975
2025-08-26,1,Víkingur R.,Vestri,2,4,6,0.0015
2025-08-26,1,Víkingur R.,Vestri,2,5,1,2.5e-4
2025-08-26,1,Víkingur R.,Vestri,2,6,1,2.5e-4
2025-08-26,1,Víkingur R.,Vestri,3,0,278,0.0695
2025-08-26,1,Víkingur R.,Vestri,3,1,187,0.04675
2025-08-26,1,Víkingur R.,Vestri,3,2,77,0.01925
2025-08-26,1,Víkingur R.,Vestri,3,3,28,0.007
2025-08-26,1,Víkingur R.,Vestri,3,4,7,0.00175
2025-08-26,1,Víkingur R.,Vestri,3,5,1,2.5e-4
2025-08-26,1,Víkingur R.,Vestri,4,0,118,0.0295
2025-08-26,1,Víkingur R.,Vestri,4,1,85,0.02125
2025-08-26,1,Víkingur R.,Vestri,4,2,39,0.00975
2025-08-26,1,Víkingur R.,Vestri,4,3,9,0.00225
2025-08-26,1,Víkingur R.,Vestri,4,4,4,0.001
2025-08-26,1,Víkingur R.,Vestri,5,0,44,0.011
2025-08-26,1,Víkingur R.,Vestri,5,1,38,0.0095
2025-08-26,1,Víkingur R.,Vestri,5,2,17,0.00425
2025-08-26,1,Víkingur R.,Vestri,5,3,1,2.5e-4
2025-08-26,1,Víkingur R.,Vestri,5,4,1,2.5e-4
2025-08-26,1,Víkingur R.,Vestri,6,0,11,0.00275
2025-08-26,1,Víkingur R.,Vestri,6,1,11,0.00275
2025-08-26,1,Víkingur R.,Vestri,6,2,6,0.0015
2025-08-26,1,Víkingur R.,Vestri,6,3,2,5e-4
2025-08-26,1,Víkingur R.,Vestri,6,5,1,2.5e-4
2025-08-26,1,Víkingur R.,Vestri,7,0,8,0.002
2025-08-26,1,Víkingur R.,Vestri,7,1,6,0.0015
2025-08-26,1,Víkingur R.,Vestri,7,2,2,5e-4
2025-08-26,1,Víkingur R.,Vestri,7,4,1,2.5e-4
2025-08-26,1,Víkingur R.,Vestri,7,5,1,2.5e-4
2025-08-26,1,Víkingur R.,Vestri,8,0,1,2.5e-4
2025-08-26,1,Víkingur R.,Vestri,8,1,1,2.5e-4
2025-08-26,1,Víkingur R.,Vestri,8,2,1,2.5e-4
2025-08-28,4,Reynir S.,Augnablik,0,0,195,0.04875
2025-08-28,4,Reynir S.,Augnablik,0,1,294,0.0735
2025-08-28,4,Reynir S.,Augnablik,0,2,198,0.0495
2025-08-28,4,Reynir S.,Augnablik,0,3,111,0.02775
2025-08-28,4,Reynir S.,Augnablik,0,4,40,0.01
2025-08-28,4,Reynir S.,Augnablik,0,5,13,0.00325
2025-08-28,4,Reynir S.,Augnablik,0,6,8,0.002
2025-08-28,4,Reynir S.,Augnablik,0,7,1,2.5e-4
2025-08-28,4,Reynir S.,Augnablik,1,0,239,0.05975
2025-08-28,4,Reynir S.,Augnablik,1,1,392,0.098
2025-08-28,4,Reynir S.,Augnablik,1,2,298,0.0745
2025-08-28,4,Reynir S.,Augnablik,1,3,167,0.04175
2025-08-28,4,Reynir S.,Augnablik,1,4,80,0.02
2025-08-28,4,Reynir S.,Augnablik,1,5,36,0.009
2025-08-28,4,Reynir S.,Augnablik,1,6,5,0.00125
2025-08-28,4,Reynir S.,Augnablik,1,8,1,2.5e-4
2025-08-28,4,Reynir S.,Augnablik,2,0,182,0.0455
2025-08-28,4,Reynir S.,Augnablik,2,1,287,0.07175
2025-08-28,4,Reynir S.,Augnablik,2,2,261,0.06525
2025-08-28,4,Reynir S.,Augnablik,2,3,128,0.032
2025-08-28,4,Reynir S.,Augnablik,2,4,67,0.01675
2025-08-28,4,Reynir S.,Augnablik,2,5,21,0.00525
2025-08-28,4,Reynir S.,Augnablik,2,6,7,0.00175
2025-08-28,4,Reynir S.,Augnablik,2,7,1,2.5e-4
2025-08-28,4,Reynir S.,Augnablik,2,9,1,2.5e-4
2025-08-28,4,Reynir S.,Augnablik,3,0,98,0.0245
2025-08-28,4,Reynir S.,Augnablik,3,1,176,0.044
2025-08-28,4,Reynir S.,Augnablik,3,2,171,0.04275
2025-08-28,4,Reynir S.,Augnablik,3,3,90,0.0225
2025-08-28,4,Reynir S.,Augnablik,3,4,37,0.00925
2025-08-28,4,Reynir S.,Augnablik,3,5,16,0.004
2025-08-28,4,Reynir S.,Augnablik,3,6,4,0.001
2025-08-28,4,Reynir S.,Augnablik,3,8,1,2.5e-4
2025-08-28,4,Reynir S.,Augnablik,4,0,47,0.01175
2025-08-28,4,Reynir S.,Augnablik,4,1,82,0.0205
2025-08-28,4,Reynir S.,Augnablik,4,2,70,0.0175
2025-08-28,4,Reynir S.,Augnablik,4,3,31,0.00775
2025-08-28,4,Reynir S.,Augnablik,4,4,11,0.00275
2025-08-28,4,Reynir S.,Augnablik,4,5,5,0.00125
2025-08-28,4,Reynir S.,Augnablik,4,6,3,7.5e-4
2025-08-28,4,Reynir S.,Augnablik,4,8,1,2.5e-4
2025-08-28,4,Reynir S.,Augnablik,5,0,19,0.00475
2025-08-28,4,Reynir S.,Augnablik,5,1,23,0.00575
2025-08-28,4,Reynir S.,Augnablik,5,2,16,0.004
2025-08-28,4,Reynir S.,Augnablik,5,3,12,0.003
2025-08-28,4,Reynir S.,Augnablik,5,4,2,5e-4
2025-08-28,4,Reynir S.,Augnablik,5,5,2,5e-4
2025-08-28,4,Reynir S.,Augnablik,5,6,1,2.5e-4
2025-08-28,4,Reynir S.,Augnablik,6,0,11,0.00275
2025-08-28,4,Reynir S.,Augnablik,6,1,12,0.003
2025-08-28,4,Reynir S.,Augnablik,6,2,6,0.0015
2025-08-28,4,Reynir S.,Augnablik,6,3,5,0.00125
2025-08-28,4,Reynir S.,Augnablik,6,4,3,7.5e-4
2025-08-28,4,Reynir S.,Augnablik,6,6,1,2.5e-4
2025-08-28,4,Reynir S.,Augnablik,7,0,1,2.5e-4
2025-08-28,4,Reynir S.,Augnablik,7,1,5,0.00125
2025-08-28,4,Reynir S.,Augnablik,7,3,3,7.5e-4
2025-08-28,4,Reynir S.,Augnablik,7,4,1,2.5e-4
2025-08-28,4,Reynir S.,Augnablik,9,1,1,2.5e-4
2025-08-28,5,Hamar,Elliði,0,0,83,0.02075
2025-08-28,5,Hamar,Elliði,0,1,127,0.03175
2025-08-28,5,Hamar,Elliði,0,2,161,0.04025
2025-08-28,5,Hamar,Elliði,0,3,98,0.0245
2025-08-28,5,Hamar,Elliði,0,4,52,0.013
2025-08-28,5,Hamar,Elliði,0,5,21,0.00525
2025-08-28,5,Hamar,Elliði,0,6,7,0.00175
2025-08-28,5,Hamar,Elliði,0,7,1,2.5e-4
2025-08-28,5,Hamar,Elliði,0,8,1,2.5e-4
2025-08-28,5,Hamar,Elliði,1,0,124,0.031
2025-08-28,5,Hamar,Elliði,1,1,231,0.05775
2025-08-28,5,Hamar,Elliði,1,2,266,0.0665
2025-08-28,5,Hamar,Elliði,1,3,195,0.04875
2025-08-28,5,Hamar,Elliði,1,4,96,0.024
2025-08-28,5,Hamar,Elliði,1,5,43,0.01075
2025-08-28,5,Hamar,Elliði,1,6,24,0.006
2025-08-28,5,Hamar,Elliði,1,7,10,0.0025
2025-08-28,5,Hamar,Elliði,1,8,2,5e-4
2025-08-28,5,Hamar,Elliði,1,9,1,2.5e-4
2025-08-28,5,Hamar,Elliði,2,0,143,0.03575
2025-08-28,5,Hamar,Elliði,2,1,231,0.05775
2025-08-28,5,Hamar,Elliði,2,2,276,0.069
2025-08-28,5,Hamar,Elliði,2,3,195,0.04875
2025-08-28,5,Hamar,Elliði,2,4,102,0.0255
2025-08-28,5,Hamar,Elliði,2,5,41,0.01025
2025-08-28,5,Hamar,Elliði,2,6,19,0.00475
2025-08-28,5,Hamar,Elliði,2,7,10,0.0025
2025-08-28,5,Hamar,Elliði,2,8,1,2.5e-4
2025-08-28,5,Hamar,Elliði,3,0,89,0.02225
2025-08-28,5,Hamar,Elliði,3,1,181,0.04525
2025-08-28,5,Hamar,Elliði,3,2,185,0.04625
2025-08-28,5,Hamar,Elliði,3,3,139,0.03475
2025-08-28,5,Hamar,Elliði,3,4,65,0.01625
2025-08-28,5,Hamar,Elliði,3,5,23,0.00575
2025-08-28,5,Hamar,Elliði,3,6,22,0.0055
2025-08-28,5,Hamar,Elliði,3,7,9,0.00225
2025-08-28,5,Hamar,Elliði,3,8,1,2.5e-4
2025-08-28,5,Hamar,Elliði,3,9,1,2.5e-4
2025-08-28,5,Hamar,Elliði,4,0,66,0.0165
2025-08-28,5,Hamar,Elliði,4,1,103,0.02575
2025-08-28,5,Hamar,Elliði,4,2,93,0.02325
2025-08-28,5,Hamar,Elliði,4,3,83,0.02075
2025-08-28,5,Hamar,Elliði,4,4,57,0.01425
2025-08-28,5,Hamar,Elliði,4,5,22,0.0055
2025-08-28,5,Hamar,Elliði,4,6,4,0.001
2025-08-28,5,Hamar,Elliði,4,7,2,5e-4
2025-08-28,5,Hamar,Elliði,4,8,1,2.5e-4
2025-08-28,5,Hamar,Elliði,4,9,1,2.5e-4
2025-08-28,5,Hamar,Elliði,4,11,1,2.5e-4
2025-08-28,5,Hamar,Elliði,5,0,26,0.0065
2025-08-28,5,Hamar,Elliði,5,1,35,0.00875
2025-08-28,5,Hamar,Elliði,5,2,50,0.0125
2025-08-28,5,Hamar,Elliði,5,3,30,0.0075
2025-08-28,5,Hamar,Elliði,5,4,30,0.0075
2025-08-28,5,Hamar,Elliði,5,5,16,0.004
2025-08-28,5,Hamar,Elliði,5,6,4,0.001
2025-08-28,5,Hamar,Elliði,5,7,2,5e-4
2025-08-28,5,Hamar,Elliði,5,8,1,2.5e-4
2025-08-28,5,Hamar,Elliði,6,0,4,0.001
2025-08-28,5,Hamar,Elliði,6,1,25,0.00625
2025-08-28,5,Hamar,Elliði,6,2,17,0.00425
2025-08-28,5,Hamar,Elliði,6,3,12,0.003
2025-08-28,5,Hamar,Elliði,6,4,6,0.0015
2025-08-28,5,Hamar,Elliði,6,5,5,0.00125
2025-08-28,5,Hamar,Elliði,6,6,1,2.5e-4
2025-08-28,5,Hamar,Elliði,6,8,1,2.5e-4
2025-08-28,5,Hamar,Elliði,7,0,4,0.001
2025-08-28,5,Hamar,Elliði,7,1,3,7.5e-4
2025-08-28,5,Hamar,Elliði,7,2,6,0.0015
2025-08-28,5,Hamar,Elliði,7,3,4,0.001
2025-08-28,5,Hamar,Elliði,7,4,1,2.5e-4
2025-08-28,5,Hamar,Elliði,7,5,1,2.5e-4
2025-08-28,5,Hamar,Elliði,7,6,1,2.5e-4
2025-08-28,5,Hamar,Elliði,7,7,2,5e-4
2025-08-28,5,Hamar,Elliði,8,1,1,2.5e-4
2025-08-28,5,Hamar,Elliði,8,2,1,2.5e-4
2025-08-28,5,Hamar,Elliði,8,3,1,2.5e-4
2025-08-28,5,Hamar,Elliði,9,2,1,2.5e-4
2025-08-28,5,KH,KÁ,0,0,40,0.01
2025-08-28,5,KH,KÁ,0,1,65,0.01625
2025-08-28,5,KH,KÁ,0,2,66,0.0165
2025-08-28,5,KH,KÁ,0,3,50,0.0125
2025-08-28,5,KH,KÁ,0,4,28,0.007
2025-08-28,5,KH,KÁ,0,5,12,0.003
2025-08-28,5,KH,KÁ,0,6,5,0.00125
2025-08-28,5,KH,KÁ,0,7,6,0.0015
2025-08-28,5,KH,KÁ,0,8,1,2.5e-4
2025-08-28,5,KH,KÁ,1,0,62,0.0155
2025-08-28,5,KH,KÁ,1,1,151,0.03775
2025-08-28,5,KH,KÁ,1,2,173,0.04325
2025-08-28,5,KH,KÁ,1,3,132,0.033
2025-08-28,5,KH,KÁ,1,4,77,0.01925
2025-08-28,5,KH,KÁ,1,5,31,0.00775
2025-08-28,5,KH,KÁ,1,6,16,0.004
2025-08-28,5,KH,KÁ,1,7,4,0.001
2025-08-28,5,KH,KÁ,1,8,2,5e-4
2025-08-28,5,KH,KÁ,1,10,1,2.5e-4
2025-08-28,5,KH,KÁ,2,0,94,0.0235
2025-08-28,5,KH,KÁ,2,1,194,0.0485
2025-08-28,5,KH,KÁ,2,2,222,0.0555
2025-08-28,5,KH,KÁ,2,3,159,0.03975
2025-08-28,5,KH,KÁ,2,4,104,0.026
2025-08-28,5,KH,KÁ,2,5,58,0.0145
2025-08-28,5,KH,KÁ,2,6,20,0.005
2025-08-28,5,KH,KÁ,2,7,12,0.003
2025-08-28,5,KH,KÁ,2,8,2,5e-4
2025-08-28,5,KH,KÁ,2,9,3,7.5e-4
2025-08-28,5,KH,KÁ,3,0,108,0.027
2025-08-28,5,KH,KÁ,3,1,201,0.05025
2025-08-28,5,KH,KÁ,3,2,196,0.049
2025-08-28,5,KH,KÁ,3,3,159,0.03975
2025-08-28,5,KH,KÁ,3,4,80,0.02
2025-08-28,5,KH,KÁ,3,5,57,0.01425
2025-08-28,5,KH,KÁ,3,6,14,0.0035
2025-08-28,5,KH,KÁ,3,7,12,0.003
2025-08-28,5,KH,KÁ,3,8,3,7.5e-4
2025-08-28,5,KH,KÁ,3,9,2,5e-4
2025-08-28,5,KH,KÁ,4,0,71,0.01775
2025-08-28,5,KH,KÁ,4,1,147,0.03675
2025-08-28,5,KH,KÁ,4,2,164,0.041
2025-08-28,5,KH,KÁ,4,3,114,0.0285
2025-08-28,5,KH,KÁ,4,4,74,0.0185
2025-08-28,5,KH,KÁ,4,5,37,0.00925
2025-08-28,5,KH,KÁ,4,6,21,0.00525
2025-08-28,5,KH,KÁ,4,7,4,0.001
2025-08-28,5,KH,KÁ,4,8,1,2.5e-4
2025-08-28,5,KH,KÁ,4,9,2,5e-4
2025-08-28,5,KH,KÁ,5,0,44,0.011
2025-08-28,5,KH,KÁ,5,1,89,0.02225
2025-08-28,5,KH,KÁ,5,2,98,0.0245
2025-08-28,5,KH,KÁ,5,3,63,0.01575
2025-08-28,5,KH,KÁ,5,4,42,0.0105
2025-08-28,5,KH,KÁ,5,5,26,0.0065
2025-08-28,5,KH,KÁ,5,6,10,0.0025
2025-08-28,5,KH,KÁ,5,7,6,0.0015
2025-08-28,5,KH,KÁ,5,8,1,2.5e-4
2025-08-28,5,KH,KÁ,5,9,1,2.5e-4
2025-08-28,5,KH,KÁ,6,0,20,0.005
2025-08-28,5,KH,KÁ,6,1,54,0.0135
2025-08-28,5,KH,KÁ,6,2,59,0.01475
2025-08-28,5,KH,KÁ,6,3,37,0.00925
2025-08-28,5,KH,KÁ,6,4,16,0.004
2025-08-28,5,KH,KÁ,6,5,13,0.00325
2025-08-28,5,KH,KÁ,6,6,6,0.0015
2025-08-28,5,KH,KÁ,6,7,4,0.001
2025-08-28,5,KH,KÁ,6,8,1,2.5e-4
2025-08-28,5,KH,KÁ,7,0,8,0.002
2025-08-28,5,KH,KÁ,7,1,20,0.005
2025-08-28,5,KH,KÁ,7,2,23,0.00575
2025-08-28,5,KH,KÁ,7,3,16,0.004
2025-08-28,5,KH,KÁ,7,4,5,0.00125
2025-08-28,5,KH,KÁ,7,5,4,0.001
2025-08-28,5,KH,KÁ,7,6,1,2.5e-4
2025-08-28,5,KH,KÁ,7,7,3,7.5e-4
2025-08-28,5,KH,KÁ,8,0,3,7.5e-4
2025-08-28,5,KH,KÁ,8,1,8,0.002
2025-08-28,5,KH,KÁ,8,2,12,0.003
2025-08-28,5,KH,KÁ,8,3,9,0.00225
2025-08-28,5,KH,KÁ,8,4,3,7.5e-4
2025-08-28,5,KH,KÁ,8,5,10,0.0025
2025-08-28,5,KH,KÁ,9,1,1,2.5e-4
2025-08-28,5,KH,KÁ,9,2,6,0.0015
2025-08-28,5,KH,KÁ,9,3,5,0.00125
2025-08-28,5,KH,KÁ,9,4,4,0.001
2025-08-28,5,KH,KÁ,9,5,2,5e-4
2025-08-28,5,KH,KÁ,9,6,1,2.5e-4
2025-08-28,5,KH,KÁ,10,1,3,7.5e-4
2025-08-28,5,KH,KÁ,10,2,1,2.5e-4
2025-08-28,5,KH,KÁ,10,6,1,2.5e-4
2025-08-28,5,KH,KÁ,11,0,1,2.5e-4
2025-08-28,5,KH,KÁ,11,3,1,2.5e-4
2025-08-28,5,KH,KÁ,11,4,1,2.5e-4
2025-08-28,5,KH,KÁ,12,2,1,2.5e-4
2025-08-28,5,Vængir Júpiters,Árborg,0,0,94,0.0235
2025-08-28,5,Vængir Júpiters,Árborg,0,1,161,0.04025
2025-08-28,5,Vængir Júpiters,Árborg,0,2,137,0.03425
2025-08-28,5,Vængir Júpiters,Árborg,0,3,102,0.0255
2025-08-28,5,Vængir Júpiters,Árborg,0,4,40,0.01
2025-08-28,5,Vængir Júpiters,Árborg,0,5,22,0.0055
2025-08-28,5,Vængir Júpiters,Árborg,0,6,9,0.00225
2025-08-28,5,Vængir Júpiters,Árborg,0,7,6,0.0015
2025-08-28,5,Vængir Júpiters,Árborg,0,8,1,2.5e-4
2025-08-28,5,Vængir Júpiters,Árborg,1,0,157,0.03925
2025-08-28,5,Vængir Júpiters,Árborg,1,1,273,0.06825
2025-08-28,5,Vængir Júpiters,Árborg,1,2,276,0.069
2025-08-28,5,Vængir Júpiters,Árborg,1,3,168,0.042
2025-08-28,5,Vængir Júpiters,Árborg,1,4,93,0.02325
2025-08-28,5,Vængir Júpiters,Árborg,1,5,31,0.00775
2025-08-28,5,Vængir Júpiters,Árborg,1,6,15,0.00375
2025-08-28,5,Vængir Júpiters,Árborg,1,7,2,5e-4
2025-08-28,5,Vængir Júpiters,Árborg,1,8,1,2.5e-4
2025-08-28,5,Vængir Júpiters,Árborg,1,9,1,2.5e-4
2025-08-28,5,Vængir Júpiters,Árborg,2,0,142,0.0355
2025-08-28,5,Vængir Júpiters,Árborg,2,1,260,0.065
2025-08-28,5,Vængir Júpiters,Árborg,2,2,265,0.06625
2025-08-28,5,Vængir Júpiters,Árborg,2,3,193,0.04825
2025-08-28,5,Vængir Júpiters,Árborg,2,4,89,0.02225
2025-08-28,5,Vængir Júpiters,Árborg,2,5,45,0.01125
2025-08-28,5,Vængir Júpiters,Árborg,2,6,18,0.0045
2025-08-28,5,Vængir Júpiters,Árborg,2,7,1,2.5e-4
2025-08-28,5,Vængir Júpiters,Árborg,2,8,2,5e-4
2025-08-28,5,Vængir Júpiters,Árborg,3,0,111,0.02775
2025-08-28,5,Vængir Júpiters,Árborg,3,1,199,0.04975
2025-08-28,5,Vængir Júpiters,Árborg,3,2,182,0.0455
2025-08-28,5,Vængir Júpiters,Árborg,3,3,132,0.033
2025-08-28,5,Vængir Júpiters,Árborg,3,4,57,0.01425
2025-08-28,5,Vængir Júpiters,Árborg,3,5,25,0.00625
2025-08-28,5,Vængir Júpiters,Árborg,3,6,12,0.003
2025-08-28,5,Vængir Júpiters,Árborg,3,7,3,7.5e-4
2025-08-28,5,Vængir Júpiters,Árborg,3,8,2,5e-4
2025-08-28,5,Vængir Júpiters,Árborg,4,0,48,0.012
2025-08-28,5,Vængir Júpiters,Árborg,4,1,97,0.02425
2025-08-28,5,Vængir Júpiters,Árborg,4,2,114,0.0285
2025-08-28,5,Vængir Júpiters,Árborg,4,3,82,0.0205
2025-08-28,5,Vængir Júpiters,Árborg,4,4,30,0.0075
2025-08-28,5,Vængir Júpiters,Árborg,4,5,16,0.004
2025-08-28,5,Vængir Júpiters,Árborg,4,6,11,0.00275
2025-08-28,5,Vængir Júpiters,Árborg,4,7,1,2.5e-4
2025-08-28,5,Vængir Júpiters,Árborg,4,11,1,2.5e-4
2025-08-28,5,Vængir Júpiters,Árborg,5,0,26,0.0065
2025-08-28,5,Vængir Júpiters,Árborg,5,1,35,0.00875
2025-08-28,5,Vængir Júpiters,Árborg,5,2,41,0.01025
2025-08-28,5,Vængir Júpiters,Árborg,5,3,43,0.01075
2025-08-28,5,Vængir Júpiters,Árborg,5,4,13,0.00325
2025-08-28,5,Vængir Júpiters,Árborg,5,5,7,0.00175
2025-08-28,5,Vængir Júpiters,Árborg,5,6,2,5e-4
2025-08-28,5,Vængir Júpiters,Árborg,5,8,1,2.5e-4
2025-08-28,5,Vængir Júpiters,Árborg,6,0,5,0.00125
2025-08-28,5,Vængir Júpiters,Árborg,6,1,21,0.00525
2025-08-28,5,Vængir Júpiters,Árborg,6,2,15,0.00375
2025-08-28,5,Vængir Júpiters,Árborg,6,3,14,0.0035
2025-08-28,5,Vængir Júpiters,Árborg,6,4,5,0.00125
2025-08-28,5,Vængir Júpiters,Árborg,6,5,2,5e-4
2025-08-28,5,Vængir Júpiters,Árborg,6,6,5,0.00125
2025-08-28,5,Vængir Júpiters,Árborg,6,7,1,2.5e-4
2025-08-28,5,Vængir Júpiters,Árborg,7,0,3,7.5e-4
2025-08-28,5,Vængir Júpiters,Árborg,7,1,6,0.0015
2025-08-28,5,Vængir Júpiters,Árborg,7,2,6,0.0015
2025-08-28,5,Vængir Júpiters,Árborg,7,3,5,0.00125
2025-08-28,5,Vængir Júpiters,Árborg,7,5,1,2.5e-4
2025-08-28,5,Vængir Júpiters,Árborg,8,0,2,5e-4
2025-08-28,5,Vængir Júpiters,Árborg,8,1,1,2.5e-4
2025-08-28,5,Vængir Júpiters,Árborg,8,2,4,0.001
2025-08-28,5,Vængir Júpiters,Árborg,8,3,3,7.5e-4
2025-08-28,5,Vængir Júpiters,Árborg,8,5,1,2.5e-4
2025-08-28,5,Vængir Júpiters,Árborg,8,7,1,2.5e-4
2025-08-28,5,Vængir Júpiters,Árborg,9,0,1,2.5e-4
2025-08-28,5,Vængir Júpiters,Árborg,9,1,1,2.5e-4
2025-08-28,5,Vængir Júpiters,Árborg,10,3,1,2.5e-4
2025-08-28,5,Vængir Júpiters,Árborg,10,5,1,2.5e-4
2025-08-28,5,Álftanes,Kría,0,0,191,0.04775
2025-08-28,5,Álftanes,Kría,0,1,218,0.0545
2025-08-28,5,Álftanes,Kría,0,2,131,0.03275
2025-08-28,5,Álftanes,Kría,0,3,69,0.01725
2025-08-28,5,Álftanes,Kría,0,4,24,0.006
2025-08-28,5,Álftanes,Kría,0,5,6,0.0015
2025-08-28,5,Álftanes,Kría,0,6,1,2.5e-4
2025-08-28,5,Álftanes,Kría,0,7,2,5e-4
2025-08-28,5,Álftanes,Kría,0,8,1,2.5e-4
2025-08-28,5,Álftanes,Kría,1,0,313,0.07825
2025-08-28,5,Álftanes,Kría,1,1,359,0.08975
2025-08-28,5,Álftanes,Kría,1,2,243,0.06075
2025-08-28,5,Álftanes,Kría,1,3,124,0.031
2025-08-28,5,Álftanes,Kría,1,4,45,0.01125
2025-08-28,5,Álftanes,Kría,1,5,13,0.00325
2025-08-28,5,Álftanes,Kría,1,6,5,0.00125
2025-08-28,5,Álftanes,Kría,1,7,1,2.5e-4
2025-08-28,5,Álftanes,Kría,2,0,301,0.07525
2025-08-28,5,Álftanes,Kría,2,1,325,0.08125
2025-08-28,5,Álftanes,Kría,2,2,215,0.05375
2025-08-28,5,Álftanes,Kría,2,3,96,0.024
2025-08-28,5,Álftanes,Kría,2,4,40,0.01
2025-08-28,5,Álftanes,Kría,2,5,17,0.00425
2025-08-28,5,Álftanes,Kría,2,6,3,7.5e-4
2025-08-28,5,Álftanes,Kría,2,7,2,5e-4
2025-08-28,5,Álftanes,Kría,2,9,1,2.5e-4
2025-08-28,5,Álftanes,Kría,3,0,185,0.04625
2025-08-28,5,Álftanes,Kría,3,1,217,0.05425
2025-08-28,5,Álftanes,Kría,3,2,113,0.02825
2025-08-28,5,Álftanes,Kría,3,3,67,0.01675
2025-08-28,5,Álftanes,Kría,3,4,22,0.0055
2025-08-28,5,Álftanes,Kría,3,5,10,0.0025
2025-08-28,5,Álftanes,Kría,3,6,4,0.001
2025-08-28,5,Álftanes,Kría,3,7,4,0.001
2025-08-28,5,Álftanes,Kría,3,9,1,2.5e-4
2025-08-28,5,Álftanes,Kría,4,0,96,0.024
2025-08-28,5,Álftanes,Kría,4,1,123,0.03075
2025-08-28,5,Álftanes,Kría,4,2,94,0.0235
2025-08-28,5,Álftanes,Kría,4,3,40,0.01
2025-08-28,5,Álftanes,Kría,4,4,18,0.0045
2025-08-28,5,Álftanes,Kría,4,5,2,5e-4
2025-08-28,5,Álftanes,Kría,4,6,2,5e-4
2025-08-28,5,Álftanes,Kría,4,7,1,2.5e-4
2025-08-28,5,Álftanes,Kría,5,0,53,0.01325
2025-08-28,5,Álftanes,Kría,5,1,46,0.0115
2025-08-28,5,Álftanes,Kría,5,2,30,0.0075
2025-08-28,5,Álftanes,Kría,5,3,16,0.004
2025-08-28,5,Álftanes,Kría,5,4,6,0.0015
2025-08-28,5,Álftanes,Kría,5,5,3,7.5e-4
2025-08-28,5,Álftanes,Kría,5,6,1,2.5e-4
2025-08-28,5,Álftanes,Kría,6,0,13,0.00325
2025-08-28,5,Álftanes,Kría,6,1,23,0.00575
2025-08-28,5,Álftanes,Kría,6,2,13,0.00325
2025-08-28,5,Álftanes,Kría,6,3,7,0.00175
2025-08-28,5,Álftanes,Kría,6,4,2,5e-4
2025-08-28,5,Álftanes,Kría,6,6,2,5e-4
2025-08-28,5,Álftanes,Kría,6,8,1,2.5e-4
2025-08-28,5,Álftanes,Kría,7,0,11,0.00275
2025-08-28,5,Álftanes,Kría,7,1,6,0.0015
2025-08-28,5,Álftanes,Kría,7,2,4,0.001
2025-08-28,5,Álftanes,Kría,7,3,2,5e-4
2025-08-28,5,Álftanes,Kría,7,5,2,5e-4
2025-08-28,5,Álftanes,Kría,8,0,1,2.5e-4
2025-08-28,5,Álftanes,Kría,8,1,3,7.5e-4
2025-08-28,5,Álftanes,Kría,8,2,4,0.001
2025-08-28,5,Álftanes,Kría,8,3,2,5e-4
2025-08-28,5,Álftanes,Kría,9,2,1,2.5e-4
2025-08-28,5,Álftanes,Kría,9,5,1,2.5e-4
2025-08-28,5,Álftanes,Kría,10,1,1,2.5e-4
2025-08-28,5,Álftanes,Kría,11,3,1,2.5e-4
2025-08-29,2,Fjölnir,Þróttur R.,0,0,154,0.0385
2025-08-29,2,Fjölnir,Þróttur R.,0,1,224,0.056
2025-08-29,2,Fjölnir,Þróttur R.,0,2,159,0.03975
2025-08-29,2,Fjölnir,Þróttur R.,0,3,91,0.02275
2025-08-29,2,Fjölnir,Þróttur R.,0,4,37,0.00925
2025-08-29,2,Fjölnir,Þróttur R.,0,5,18,0.0045
2025-08-29,2,Fjölnir,Þróttur R.,0,6,2,5e-4
2025-08-29,2,Fjölnir,Þróttur R.,0,7,2,5e-4
2025-08-29,2,Fjölnir,Þróttur R.,1,0,232,0.058
2025-08-29,2,Fjölnir,Þróttur R.,1,1,401,0.10025
2025-08-29,2,Fjölnir,Þróttur R.,1,2,291,0.07275
2025-08-29,2,Fjölnir,Þróttur R.,1,3,161,0.04025
2025-08-29,2,Fjölnir,Þróttur R.,1,4,81,0.02025
2025-08-29,2,Fjölnir,Þróttur R.,1,5,37,0.00925
2025-08-29,2,Fjölnir,Þróttur R.,1,6,7,0.00175
2025-08-29,2,Fjölnir,Þróttur R.,1,7,4,0.001
2025-08-29,2,Fjölnir,Þróttur R.,2,0,184,0.046
2025-08-29,2,Fjölnir,Þróttur R.,2,1,297,0.07425
2025-08-29,2,Fjölnir,Þróttur R.,2,2,280,0.07
2025-08-29,2,Fjölnir,Þróttur R.,2,3,136,0.034
2025-08-29,2,Fjölnir,Þróttur R.,2,4,73,0.01825
2025-08-29,2,Fjölnir,Þróttur R.,2,5,24,0.006
2025-08-29,2,Fjölnir,Þróttur R.,2,6,3,7.5e-4
2025-08-29,2,Fjölnir,Þróttur R.,2,7,1,2.5e-4
2025-08-29,2,Fjölnir,Þróttur R.,3,0,112,0.028
2025-08-29,2,Fjölnir,Þróttur R.,3,1,199,0.04975
2025-08-29,2,Fjölnir,Þróttur R.,3,2,146,0.0365
2025-08-29,2,Fjölnir,Þróttur R.,3,3,88,0.022
2025-08-29,2,Fjölnir,Þróttur R.,3,4,44,0.011
2025-08-29,2,Fjölnir,Þróttur R.,3,5,8,0.002
2025-08-29,2,Fjölnir,Þróttur R.,3,6,6,0.0015
2025-08-29,2,Fjölnir,Þróttur R.,3,7,2,5e-4
2025-08-29,2,Fjölnir,Þróttur R.,3,8,1,2.5e-4
2025-08-29,2,Fjölnir,Þróttur R.,4,0,63,0.01575
2025-08-29,2,Fjölnir,Þróttur R.,4,1,85,0.02125
2025-08-29,2,Fjölnir,Þróttur R.,4,2,71,0.01775
2025-08-29,2,Fjölnir,Þróttur R.,4,3,53,0.01325
2025-08-29,2,Fjölnir,Þróttur R.,4,4,19,0.00475
2025-08-29,2,Fjölnir,Þróttur R.,4,5,7,0.00175
2025-08-29,2,Fjölnir,Þróttur R.,4,6,7,0.00175
2025-08-29,2,Fjölnir,Þróttur R.,4,7,3,7.5e-4
2025-08-29,2,Fjölnir,Þróttur R.,5,0,27,0.00675
2025-08-29,2,Fjölnir,Þróttur R.,5,1,28,0.007
2025-08-29,2,Fjölnir,Þróttur R.,5,2,29,0.00725
2025-08-29,2,Fjölnir,Þróttur R.,5,3,19,0.00475
2025-08-29,2,Fjölnir,Þróttur R.,5,4,11,0.00275
2025-08-29,2,Fjölnir,Þróttur R.,5,5,5,0.00125
2025-08-29,2,Fjölnir,Þróttur R.,5,6,1,2.5e-4
2025-08-29,2,Fjölnir,Þróttur R.,5,7,1,2.5e-4
2025-08-29,2,Fjölnir,Þróttur R.,6,0,7,0.00175
2025-08-29,2,Fjölnir,Þróttur R.,6,1,15,0.00375
2025-08-29,2,Fjölnir,Þróttur R.,6,2,11,0.00275
2025-08-29,2,Fjölnir,Þróttur R.,6,3,7,0.00175
2025-08-29,2,Fjölnir,Þróttur R.,6,5,2,5e-4
2025-08-29,2,Fjölnir,Þróttur R.,6,6,1,2.5e-4
2025-08-29,2,Fjölnir,Þróttur R.,7,0,6,0.0015
2025-08-29,2,Fjölnir,Þróttur R.,7,1,3,7.5e-4
2025-08-29,2,Fjölnir,Þróttur R.,7,2,5,0.00125
2025-08-29,2,Fjölnir,Þróttur R.,7,3,5,0.00125
2025-08-29,2,Fjölnir,Þróttur R.,7,5,1,2.5e-4
2025-08-29,2,Fjölnir,Þróttur R.,7,7,1,2.5e-4
2025-08-29,2,Fjölnir,Þróttur R.,8,1,1,2.5e-4
2025-08-29,2,Fjölnir,Þróttur R.,8,2,1,2.5e-4
2025-08-29,2,HK,Fylkir,0,0,208,0.052
2025-08-29,2,HK,Fylkir,0,1,251,0.06275
2025-08-29,2,HK,Fylkir,0,2,203,0.05075
2025-08-29,2,HK,Fylkir,0,3,105,0.02625
2025-08-29,2,HK,Fylkir,0,4,53,0.01325
2025-08-29,2,HK,Fylkir,0,5,20,0.005
2025-08-29,2,HK,Fylkir,0,6,7,0.00175
2025-08-29,2,HK,Fylkir,0,7,1,2.5e-4
2025-08-29,2,HK,Fylkir,0,9,1,2.5e-4
2025-08-29,2,HK,Fylkir,1,0,236,0.059
2025-08-29,2,HK,Fylkir,1,1,405,0.10125
2025-08-29,2,HK,Fylkir,1,2,348,0.087
2025-08-29,2,HK,Fylkir,1,3,175,0.04375
2025-08-29,2,HK,Fylkir,1,4,90,0.0225
2025-08-29,2,HK,Fylkir,1,5,25,0.00625
2025-08-29,2,HK,Fylkir,1,6,9,0.00225
2025-08-29,2,HK,Fylkir,1,7,5,0.00125
2025-08-29,2,HK,Fylkir,1,8,1,2.5e-4
2025-08-29,2,HK,Fylkir,2,0,200,0.05
2025-08-29,2,HK,Fylkir,2,1,308,0.077
2025-08-29,2,HK,Fylkir,2,2,221,0.05525
2025-08-29,2,HK,Fylkir,2,3,139,0.03475
2025-08-29,2,HK,Fylkir,2,4,54,0.0135
2025-08-29,2,HK,Fylkir,2,5,17,0.00425
2025-08-29,2,HK,Fylkir,2,6,6,0.0015
2025-08-29,2,HK,Fylkir,2,7,2,5e-4
2025-08-29,2,HK,Fylkir,3,0,93,0.02325
2025-08-29,2,HK,Fylkir,3,1,178,0.0445
2025-08-29,2,HK,Fylkir,3,2,152,0.038
2025-08-29,2,HK,Fylkir,3,3,96,0.024
2025-08-29,2,HK,Fylkir,3,4,31,0.00775
2025-08-29,2,HK,Fylkir,3,5,11,0.00275
2025-08-29,2,HK,Fylkir,3,6,2,5e-4
2025-08-29,2,HK,Fylkir,3,7,3,7.5e-4
2025-08-29,2,HK,Fylkir,4,0,39,0.00975
2025-08-29,2,HK,Fylkir,4,1,67,0.01675
2025-08-29,2,HK,Fylkir,4,2,59,0.01475
2025-08-29,2,HK,Fylkir,4,3,41,0.01025
2025-08-29,2,HK,Fylkir,4,4,12,0.003
2025-08-29,2,HK,Fylkir,4,5,7,0.00175
2025-08-29,2,HK,Fylkir,4,6,4,0.001
2025-08-29,2,HK,Fylkir,5,0,10,0.0025
2025-08-29,2,HK,Fylkir,5,1,22,0.0055
2025-08-29,2,HK,Fylkir,5,2,27,0.00675
2025-08-29,2,HK,Fylkir,5,3,11,0.00275
2025-08-29,2,HK,Fylkir,5,4,6,0.0015
2025-08-29,2,HK,Fylkir,5,5,5,0.00125
2025-08-29,2,HK,Fylkir,6,0,1,2.5e-4
2025-08-29,2,HK,Fylkir,6,1,7,0.00175
2025-08-29,2,HK,Fylkir,6,2,11,0.00275
2025-08-29,2,HK,Fylkir,6,3,2,5e-4
2025-08-29,2,HK,Fylkir,6,4,2,5e-4
2025-08-29,2,HK,Fylkir,6,5,2,5e-4
2025-08-29,2,HK,Fylkir,7,0,4,0.001
2025-08-29,2,HK,Fylkir,7,1,2,5e-4
2025-08-29,2,HK,Fylkir,7,2,1,2.5e-4
2025-08-29,2,HK,Fylkir,7,3,1,2.5e-4
2025-08-29,2,HK,Fylkir,7,7,1,2.5e-4
2025-08-29,2,Njarðvík,Leiknir R.,0,0,148,0.037
2025-08-29,2,Njarðvík,Leiknir R.,0,1,174,0.0435
2025-08-29,2,Njarðvík,Leiknir R.,0,2,116,0.029
2025-08-29,2,Njarðvík,Leiknir R.,0,3,50,0.0125
2025-08-29,2,Njarðvík,Leiknir R.,0,4,26,0.0065
2025-08-29,2,Njarðvík,Leiknir R.,0,5,3,7.5e-4
2025-08-29,2,Njarðvík,Leiknir R.,0,6,1,2.5e-4
2025-08-29,2,Njarðvík,Leiknir R.,0,10,1,2.5e-4
2025-08-29,2,Njarðvík,Leiknir R.,1,0,269,0.06725
2025-08-29,2,Njarðvík,Leiknir R.,1,1,365,0.09125
2025-08-29,2,Njarðvík,Leiknir R.,1,2,215,0.05375
2025-08-29,2,Njarðvík,Leiknir R.,1,3,119,0.02975
2025-08-29,2,Njarðvík,Leiknir R.,1,4,42,0.0105
2025-08-29,2,Njarðvík,Leiknir R.,1,5,10,0.0025
2025-08-29,2,Njarðvík,Leiknir R.,1,6,3,7.5e-4
2025-08-29,2,Njarðvík,Leiknir R.,1,8,1,2.5e-4
2025-08-29,2,Njarðvík,Leiknir R.,2,0,260,0.065
2025-08-29,2,Njarðvík,Leiknir R.,2,1,360,0.09
2025-08-29,2,Njarðvík,Leiknir R.,2,2,221,0.05525
2025-08-29,2,Njarðvík,Leiknir R.,2,3,120,0.03
2025-08-29,2,Njarðvík,Leiknir R.,2,4,47,0.01175
2025-08-29,2,Njarðvík,Leiknir R.,2,5,16,0.004
2025-08-29,2,Njarðvík,Leiknir R.,2,7,2,5e-4
2025-08-29,2,Njarðvík,Leiknir R.,3,0,196,0.049
2025-08-29,2,Njarðvík,Leiknir R.,3,1,225,0.05625
2025-08-29,2,Njarðvík,Leiknir R.,3,2,149,0.03725
2025-08-29,2,Njarðvík,Leiknir R.,3,3,86,0.0215
2025-08-29,2,Njarðvík,Leiknir R.,3,4,17,0.00425
2025-08-29,2,Njarðvík,Leiknir R.,3,5,8,0.002
2025-08-29,2,Njarðvík,Leiknir R.,3,6,3,7.5e-4
2025-08-29,2,Njarðvík,Leiknir R.,3,7,1,2.5e-4
2025-08-29,2,Njarðvík,Leiknir R.,4,0,81,0.02025
2025-08-29,2,Njarðvík,Leiknir R.,4,1,147,0.03675
2025-08-29,2,Njarðvík,Leiknir R.,4,2,86,0.0215
2025-08-29,2,Njarðvík,Leiknir R.,4,3,55,0.01375
2025-08-29,2,Njarðvík,Leiknir R.,4,4,27,0.00675
2025-08-29,2,Njarðvík,Leiknir R.,4,5,8,0.002
2025-08-29,2,Njarðvík,Leiknir R.,4,6,2,5e-4
2025-08-29,2,Njarðvík,Leiknir R.,5,0,55,0.01375
2025-08-29,2,Njarðvík,Leiknir R.,5,1,71,0.01775
2025-08-29,2,Njarðvík,Leiknir R.,5,2,48,0.012
2025-08-29,2,Njarðvík,Leiknir R.,5,3,25,0.00625
2025-08-29,2,Njarðvík,Leiknir R.,5,4,9,0.00225
2025-08-29,2,Njarðvík,Leiknir R.,5,5,3,7.5e-4
2025-08-29,2,Njarðvík,Leiknir R.,5,7,1,2.5e-4
2025-08-29,2,Njarðvík,Leiknir R.,6,0,16,0.004
2025-08-29,2,Njarðvík,Leiknir R.,6,1,30,0.0075
2025-08-29,2,Njarðvík,Leiknir R.,6,2,16,0.004
2025-08-29,2,Njarðvík,Leiknir R.,6,3,15,0.00375
2025-08-29,2,Njarðvík,Leiknir R.,6,4,5,0.00125
2025-08-29,2,Njarðvík,Leiknir R.,7,0,5,0.00125
2025-08-29,2,Njarðvík,Leiknir R.,7,1,10,0.0025
2025-08-29,2,Njarðvík,Leiknir R.,7,2,8,0.002
2025-08-29,2,Njarðvík,Leiknir R.,7,3,2,5e-4
2025-08-29,2,Njarðvík,Leiknir R.,7,4,2,5e-4
2025-08-29,2,Njarðvík,Leiknir R.,8,0,2,5e-4
2025-08-29,2,Njarðvík,Leiknir R.,8,1,4,0.001
2025-08-29,2,Njarðvík,Leiknir R.,8,2,4,0.001
2025-08-29,2,Njarðvík,Leiknir R.,8,3,1,2.5e-4
2025-08-29,2,Njarðvík,Leiknir R.,8,4,1,2.5e-4
2025-08-29,2,Njarðvík,Leiknir R.,9,0,1,2.5e-4
2025-08-29,2,Njarðvík,Leiknir R.,9,1,1,2.5e-4
2025-08-29,2,Njarðvík,Leiknir R.,9,2,1,2.5e-4
2025-08-29,2,Njarðvík,Leiknir R.,9,4,1,2.5e-4
2025-08-29,2,Njarðvík,Leiknir R.,10,2,3,7.5e-4
2025-08-29,2,ÍR,Keflavík,0,0,227,0.05675
2025-08-29,2,ÍR,Keflavík,0,1,280,0.07
2025-08-29,2,ÍR,Keflavík,0,2,206,0.0515
2025-08-29,2,ÍR,Keflavík,0,3,96,0.024
2025-08-29,2,ÍR,Keflavík,0,4,46,0.0115
2025-08-29,2,ÍR,Keflavík,0,5,11,0.00275
2025-08-29,2,ÍR,Keflavík,0,6,5,0.00125
2025-08-29,2,ÍR,Keflavík,0,7,1,2.5e-4
2025-08-29,2,ÍR,Keflavík,0,9,1,2.5e-4
2025-08-29,2,ÍR,Keflavík,1,0,309,0.07725
2025-08-29,2,ÍR,Keflavík,1,1,428,0.107
2025-08-29,2,ÍR,Keflavík,1,2,305,0.07625
2025-08-29,2,ÍR,Keflavík,1,3,148,0.037
2025-08-29,2,ÍR,Keflavík,1,4,70,0.0175
2025-08-29,2,ÍR,Keflavík,1,5,27,0.00675
2025-08-29,2,ÍR,Keflavík,1,6,8,0.002
2025-08-29,2,ÍR,Keflavík,1,7,1,2.5e-4
2025-08-29,2,ÍR,Keflavík,1,10,1,2.5e-4
2025-08-29,2,ÍR,Keflavík,2,0,220,0.055
2025-08-29,2,ÍR,Keflavík,2,1,338,0.0845
2025-08-29,2,ÍR,Keflavík,2,2,265,0.06625
2025-08-29,2,ÍR,Keflavík,2,3,113,0.02825
2025-08-29,2,ÍR,Keflavík,2,4,48,0.012
2025-08-29,2,ÍR,Keflavík,2,5,12,0.003
2025-08-29,2,ÍR,Keflavík,2,6,4,0.001
2025-08-29,2,ÍR,Keflavík,2,7,4,0.001
2025-08-29,2,ÍR,Keflavík,3,0,97,0.02425
2025-08-29,2,ÍR,Keflavík,3,1,154,0.0385
2025-08-29,2,ÍR,Keflavík,3,2,127,0.03175
2025-08-29,2,ÍR,Keflavík,3,3,77,0.01925
2025-08-29,2,ÍR,Keflavík,3,4,23,0.00575
2025-08-29,2,ÍR,Keflavík,3,5,13,0.00325
2025-08-29,2,ÍR,Keflavík,3,6,4,0.001
2025-08-29,2,ÍR,Keflavík,3,7,4,0.001
2025-08-29,2,ÍR,Keflavík,4,0,43,0.01075
2025-08-29,2,ÍR,Keflavík,4,1,73,0.01825
2025-08-29,2,ÍR,Keflavík,4,2,57,0.01425
2025-08-29,2,ÍR,Keflavík,4,3,31,0.00775
2025-08-29,2,ÍR,Keflavík,4,4,14,0.0035
2025-08-29,2,ÍR,Keflavík,4,5,6,0.0015
2025-08-29,2,ÍR,Keflavík,4,6,1,2.5e-4
2025-08-29,2,ÍR,Keflavík,5,0,16,0.004
2025-08-29,2,ÍR,Keflavík,5,1,19,0.00475
2025-08-29,2,ÍR,Keflavík,5,2,17,0.00425
2025-08-29,2,ÍR,Keflavík,5,3,12,0.003
2025-08-29,2,ÍR,Keflavík,5,4,7,0.00175
2025-08-29,2,ÍR,Keflavík,5,5,1,2.5e-4
2025-08-29,2,ÍR,Keflavík,5,6,1,2.5e-4
2025-08-29,2,ÍR,Keflavík,6,0,5,0.00125
2025-08-29,2,ÍR,Keflavík,6,1,7,0.00175
2025-08-29,2,ÍR,Keflavík,6,2,8,0.002
2025-08-29,2,ÍR,Keflavík,6,3,1,2.5e-4
2025-08-29,2,ÍR,Keflavík,6,4,1,2.5e-4
2025-08-29,2,ÍR,Keflavík,6,5,1,2.5e-4
2025-08-29,2,ÍR,Keflavík,7,0,1,2.5e-4
2025-08-29,2,ÍR,Keflavík,7,1,1,2.5e-4
2025-08-29,2,ÍR,Keflavík,7,2,3,7.5e-4
2025-08-29,2,ÍR,Keflavík,7,3,1,2.5e-4
2025-08-29,4,KFK,ÍH,0,0,34,0.0085
2025-08-29,4,KFK,ÍH,0,1,52,0.013
2025-08-29,4,KFK,ÍH,0,2,76,0.019
2025-08-29,4,KFK,ÍH,0,3,46,0.0115
2025-08-29,4,KFK,ÍH,0,4,36,0.009
2025-08-29,4,KFK,ÍH,0,5,17,0.00425
2025-08-29,4,KFK,ÍH,0,6,13,0.00325
2025-08-29,4,KFK,ÍH,0,7,4,0.001
2025-08-29,4,KFK,ÍH,0,9,2,5e-4
2025-08-29,4,KFK,ÍH,0,10,1,2.5e-4
2025-08-29,4,KFK,ÍH,1,0,49,0.01225
2025-08-29,4,KFK,ÍH,1,1,121,0.03025
2025-08-29,4,KFK,ÍH,1,2,153,0.03825
2025-08-29,4,KFK,ÍH,1,3,141,0.03525
2025-08-29,4,KFK,ÍH,1,4,115,0.02875
2025-08-29,4,KFK,ÍH,1,5,58,0.0145
2025-08-29,4,KFK,ÍH,1,6,28,0.007
2025-08-29,4,KFK,ÍH,1,7,11,0.00275
2025-08-29,4,KFK,ÍH,1,8,2,5e-4
2025-08-29,4,KFK,ÍH,1,9,5,0.00125
2025-08-29,4,KFK,ÍH,1,10,1,2.5e-4
2025-08-29,4,KFK,ÍH,1,11,1,2.5e-4
2025-08-29,4,KFK,ÍH,2,0,58,0.0145
2025-08-29,4,KFK,ÍH,2,1,163,0.04075
2025-08-29,4,KFK,ÍH,2,2,221,0.05525
2025-08-29,4,KFK,ÍH,2,3,165,0.04125
2025-08-29,4,KFK,ÍH,2,4,133,0.03325
2025-08-29,4,KFK,ÍH,2,5,73,0.01825
2025-08-29,4,KFK,ÍH,2,6,34,0.0085
2025-08-29,4,KFK,ÍH,2,7,24,0.006
2025-08-29,4,KFK,ÍH,2,8,8,0.002
2025-08-29,4,KFK,ÍH,2,9,1,2.5e-4
2025-08-29,4,KFK,ÍH,2,10,1,2.5e-4
2025-08-29,4,KFK,ÍH,2,11,1,2.5e-4
2025-08-29,4,KFK,ÍH,3,0,53,0.01325
2025-08-29,4,KFK,ÍH,3,1,141,0.03525
2025-08-29,4,KFK,ÍH,3,2,192,0.048
2025-08-29,4,KFK,ÍH,3,3,194,0.0485
2025-08-29,4,KFK,ÍH,3,4,109,0.02725
2025-08-29,4,KFK,ÍH,3,5,65,0.01625
2025-08-29,4,KFK,ÍH,3,6,28,0.007
2025-08-29,4,KFK,ÍH,3,7,11,0.00275
2025-08-29,4,KFK,ÍH,3,8,7,0.00175
2025-08-29,4,KFK,ÍH,3,9,3,7.5e-4
2025-08-29,4,KFK,ÍH,3,10,1,2.5e-4
2025-08-29,4,KFK,ÍH,4,0,48,0.012
2025-08-29,4,KFK,ÍH,4,1,92,0.023
2025-08-29,4,KFK,ÍH,4,2,129,0.03225
2025-08-29,4,KFK,ÍH,4,3,130,0.0325
2025-08-29,4,KFK,ÍH,4,4,78,0.0195
2025-08-29,4,KFK,ÍH,4,5,60,0.015
2025-08-29,4,KFK,ÍH,4,6,20,0.005
2025-08-29,4,KFK,ÍH,4,7,17,0.00425
2025-08-29,4,KFK,ÍH,4,8,6,0.0015
2025-08-29,4,KFK,ÍH,4,9,4,0.001
2025-08-29,4,KFK,ÍH,4,11,1,2.5e-4
2025-08-29,4,KFK,ÍH,5,0,24,0.006
2025-08-29,4,KFK,ÍH,5,1,56,0.014
2025-08-29,4,KFK,ÍH,5,2,88,0.022
2025-08-29,4,KFK,ÍH,5,3,85,0.02125
2025-08-29,4,KFK,ÍH,5,4,60,0.015
2025-08-29,4,KFK,ÍH,5,5,28,0.007
2025-08-29,4,KFK,ÍH,5,6,17,0.00425
2025-08-29,4,KFK,ÍH,5,7,6,0.0015
2025-08-29,4,KFK,ÍH,5,8,8,0.002
2025-08-29,4,KFK,ÍH,5,9,1,2.5e-4
2025-08-29,4,KFK,ÍH,6,0,14,0.0035
2025-08-29,4,KFK,ÍH,6,1,34,0.0085
2025-08-29,4,KFK,ÍH,6,2,45,0.01125
2025-08-29,4,KFK,ÍH,6,3,45,0.01125
2025-08-29,4,KFK,ÍH,6,4,35,0.00875
2025-08-29,4,KFK,ÍH,6,5,23,0.00575
2025-08-29,4,KFK,ÍH,6,6,15,0.00375
2025-08-29,4,KFK,ÍH,6,7,8,0.002
2025-08-29,4,KFK,ÍH,6,8,2,5e-4
2025-08-29,4,KFK,ÍH,6,9,1,2.5e-4
2025-08-29,4,KFK,ÍH,6,12,1,2.5e-4
2025-08-29,4,KFK,ÍH,7,0,8,0.002
2025-08-29,4,KFK,ÍH,7,1,19,0.00475
2025-08-29,4,KFK,ÍH,7,2,21,0.00525
2025-08-29,4,KFK,ÍH,7,3,21,0.00525
2025-08-29,4,KFK,ÍH,7,4,14,0.0035
2025-08-29,4,KFK,ÍH,7,5,11,0.00275
2025-08-29,4,KFK,ÍH,7,6,6,0.0015
2025-08-29,4,KFK,ÍH,7,7,2,5e-4
2025-08-29,4,KFK,ÍH,7,8,1,2.5e-4
2025-08-29,4,KFK,ÍH,8,0,3,7.5e-4
2025-08-29,4,KFK,ÍH,8,1,10,0.0025
2025-08-29,4,KFK,ÍH,8,2,7,0.00175
2025-08-29,4,KFK,ÍH,8,3,6,0.0015
2025-08-29,4,KFK,ÍH,8,4,6,0.0015
2025-08-29,4,KFK,ÍH,8,5,6,0.0015
2025-08-29,4,KFK,ÍH,8,6,2,5e-4
2025-08-29,4,KFK,ÍH,8,8,1,2.5e-4
2025-08-29,4,KFK,ÍH,8,9,1,2.5e-4
2025-08-29,4,KFK,ÍH,9,1,2,5e-4
2025-08-29,4,KFK,ÍH,9,2,3,7.5e-4
2025-08-29,4,KFK,ÍH,9,3,5,0.00125
2025-08-29,4,KFK,ÍH,9,4,2,5e-4
2025-08-29,4,KFK,ÍH,9,9,2,5e-4
2025-08-29,4,KFK,ÍH,10,1,1,2.5e-4
2025-08-29,4,KFK,ÍH,10,2,2,5e-4
2025-08-29,4,KFK,ÍH,10,3,1,2.5e-4
2025-08-29,4,KFK,ÍH,10,4,1,2.5e-4
2025-08-29,4,KFK,ÍH,10,9,1,2.5e-4
2025-08-29,4,KFK,ÍH,12,1,1,2.5e-4
2025-08-29,4,KFK,ÍH,14,3,1,2.5e-4
2025-08-30,2,Selfoss,Þór,0,0,134,0.0335
2025-08-30,2,Selfoss,Þór,0,1,219,0.05475
2025-08-30,2,Selfoss,Þór,0,2,211,0.05275
2025-08-30,2,Selfoss,Þór,0,3,133,0.03325
2025-08-30,2,Selfoss,Þór,0,4,81,0.02025
2025-08-30,2,Selfoss,Þór,0,5,31,0.00775
2025-08-30,2,Selfoss,Þór,0,6,11,0.00275
2025-08-30,2,Selfoss,Þór,0,7,8,0.002
2025-08-30,2,Selfoss,Þór,0,8,3,7.5e-4
2025-08-30,2,Selfoss,Þór,0,9,1,2.5e-4
2025-08-30,2,Selfoss,Þór,1,0,169,0.04225
2025-08-30,2,Selfoss,Þór,1,1,332,0.083
2025-08-30,2,Selfoss,Þór,1,2,348,0.087
2025-08-30,2,Selfoss,Þór,1,3,215,0.05375
2025-08-30,2,Selfoss,Þór,1,4,114,0.0285
2025-08-30,2,Selfoss,Þór,1,5,57,0.01425
2025-08-30,2,Selfoss,Þór,1,6,23,0.00575
2025-08-30,2,Selfoss,Þór,1,7,10,0.0025
2025-08-30,2,Selfoss,Þór,1,8,4,0.001
2025-08-30,2,Selfoss,Þór,2,0,145,0.03625
2025-08-30,2,Selfoss,Þór,2,1,248,0.062
2025-08-30,2,Selfoss,Þór,2,2,252,0.063
2025-08-30,2,Selfoss,Þór,2,3,159,0.03975
2025-08-30,2,Selfoss,Þór,2,4,101,0.02525
2025-08-30,2,Selfoss,Þór,2,5,46,0.0115
2025-08-30,2,Selfoss,Þór,2,6,20,0.005
2025-08-30,2,Selfoss,Þór,2,7,8,0.002
2025-08-30,2,Selfoss,Þór,2,8,1,2.5e-4
2025-08-30,2,Selfoss,Þór,2,9,2,5e-4
2025-08-30,2,Selfoss,Þór,3,0,80,0.02
2025-08-30,2,Selfoss,Þór,3,1,123,0.03075
2025-08-30,2,Selfoss,Þór,3,2,147,0.03675
2025-08-30,2,Selfoss,Þór,3,3,117,0.02925
2025-08-30,2,Selfoss,Þór,3,4,49,0.01225
2025-08-30,2,Selfoss,Þór,3,5,25,0.00625
2025-08-30,2,Selfoss,Þór,3,6,10,0.0025
2025-08-30,2,Selfoss,Þór,3,7,3,7.5e-4
2025-08-30,2,Selfoss,Þór,3,9,1,2.5e-4
2025-08-30,2,Selfoss,Þór,3,10,1,2.5e-4
2025-08-30,2,Selfoss,Þór,3,11,1,2.5e-4
2025-08-30,2,Selfoss,Þór,4,0,33,0.00825
2025-08-30,2,Selfoss,Þór,4,1,63,0.01575
2025-08-30,2,Selfoss,Þór,4,2,44,0.011
2025-08-30,2,Selfoss,Þór,4,3,43,0.01075
2025-08-30,2,Selfoss,Þór,4,4,35,0.00875
2025-08-30,2,Selfoss,Þór,4,5,11,0.00275
2025-08-30,2,Selfoss,Þór,4,6,8,0.002
2025-08-30,2,Selfoss,Þór,4,7,4,0.001
2025-08-30,2,Selfoss,Þór,5,0,6,0.0015
2025-08-30,2,Selfoss,Þór,5,1,25,0.00625
2025-08-30,2,Selfoss,Þór,5,2,32,0.008
2025-08-30,2,Selfoss,Þór,5,3,7,0.00175
2025-08-30,2,Selfoss,Þór,5,4,6,0.0015
2025-08-30,2,Selfoss,Þór,5,5,4,0.001
2025-08-30,2,Selfoss,Þór,5,8,1,2.5e-4
2025-08-30,2,Selfoss,Þór,6,0,3,7.5e-4
2025-08-30,2,Selfoss,Þór,6,1,6,0.0015
2025-08-30,2,Selfoss,Þór,6,2,5,0.00125
2025-08-30,2,Selfoss,Þór,6,3,6,0.0015
2025-08-30,2,Selfoss,Þór,6,4,3,7.5e-4
2025-08-30,2,Selfoss,Þór,6,5,2,5e-4
2025-08-30,2,Selfoss,Þór,7,1,3,7.5e-4
2025-08-30,2,Selfoss,Þór,7,2,1,2.5e-4
2025-08-30,2,Selfoss,Þór,7,3,1,2.5e-4
2025-08-30,2,Selfoss,Þór,7,8,1,2.5e-4
2025-08-30,2,Selfoss,Þór,8,2,2,5e-4
2025-08-30,2,Selfoss,Þór,8,3,1,2.5e-4
2025-08-30,2,Selfoss,Þór,9,5,1,2.5e-4
2025-08-30,2,Völsungur,Grindavík,0,0,74,0.0185
2025-08-30,2,Völsungur,Grindavík,0,1,220,0.055
2025-08-30,2,Völsungur,Grindavík,0,2,198,0.0495
2025-08-30,2,Völsungur,Grindavík,0,3,154,0.0385
2025-08-30,2,Völsungur,Grindavík,0,4,116,0.029
2025-08-30,2,Völsungur,Grindavík,0,5,54,0.0135
2025-08-30,2,Völsungur,Grindavík,0,6,20,0.005
2025-08-30,2,Völsungur,Grindavík,0,7,7,0.00175
2025-08-30,2,Völsungur,Grindavík,0,8,2,5e-4
2025-08-30,2,Völsungur,Grindavík,0,9,3,7.5e-4
2025-08-30,2,Völsungur,Grindavík,0,11,1,2.5e-4
2025-08-30,2,Völsungur,Grindavík,1,0,128,0.032
2025-08-30,2,Völsungur,Grindavík,1,1,275,0.06875
2025-08-30,2,Völsungur,Grindavík,1,2,316,0.079
2025-08-30,2,Völsungur,Grindavík,1,3,239,0.05975
2025-08-30,2,Völsungur,Grindavík,1,4,137,0.03425
2025-08-30,2,Völsungur,Grindavík,1,5,75,0.01875
2025-08-30,2,Völsungur,Grindavík,1,6,45,0.01125
2025-08-30,2,Völsungur,Grindavík,1,7,17,0.00425
2025-08-30,2,Völsungur,Grindavík,1,8,8,0.002
2025-08-30,2,Völsungur,Grindavík,1,9,4,0.001
2025-08-30,2,Völsungur,Grindavík,2,0,90,0.0225
2025-08-30,2,Völsungur,Grindavík,2,1,222,0.0555
2025-08-30,2,Völsungur,Grindavík,2,2,276,0.069
2025-08-30,2,Völsungur,Grindavík,2,3,199,0.04975
2025-08-30,2,Völsungur,Grindavík,2,4,128,0.032
2025-08-30,2,Völsungur,Grindavík,2,5,60,0.015
2025-08-30,2,Völsungur,Grindavík,2,6,29,0.00725
2025-08-30,2,Völsungur,Grindavík,2,7,9,0.00225
2025-08-30,2,Völsungur,Grindavík,2,8,5,0.00125
2025-08-30,2,Völsungur,Grindavík,2,9,3,7.5e-4
2025-08-30,2,Völsungur,Grindavík,3,0,48,0.012
2025-08-30,2,Völsungur,Grindavík,3,1,113,0.02825
2025-08-30,2,Völsungur,Grindavík,3,2,124,0.031
2025-08-30,2,Völsungur,Grindavík,3,3,123,0.03075
2025-08-30,2,Völsungur,Grindavík,3,4,67,0.01675
2025-08-30,2,Völsungur,Grindavík,3,5,35,0.00875
2025-08-30,2,Völsungur,Grindavík,3,6,17,0.00425
2025-08-30,2,Völsungur,Grindavík,3,7,5,0.00125
2025-08-30,2,Völsungur,Grindavík,3,8,1,2.5e-4
2025-08-30,2,Völsungur,Grindavík,3,9,2,5e-4
2025-08-30,2,Völsungur,Grindavík,4,0,23,0.00575
2025-08-30,2,Völsungur,Grindavík,4,1,48,0.012
2025-08-30,2,Völsungur,Grindavík,4,2,61,0.01525
2025-08-30,2,Völsungur,Grindavík,4,3,44,0.011
2025-08-30,2,Völsungur,Grindavík,4,4,26,0.0065
2025-08-30,2,Völsungur,Grindavík,4,5,17,0.00425
2025-08-30,2,Völsungur,Grindavík,4,6,6,0.0015
2025-08-30,2,Völsungur,Grindavík,4,7,3,7.5e-4
2025-08-30,2,Völsungur,Grindavík,4,8,2,5e-4
2025-08-30,2,Völsungur,Grindavík,5,0,12,0.003
2025-08-30,2,Völsungur,Grindavík,5,1,18,0.0045
2025-08-30,2,Völsungur,Grindavík,5,2,24,0.006
2025-08-30,2,Völsungur,Grindavík,5,3,13,0.00325
2025-08-30,2,Völsungur,Grindavík,5,4,5,0.00125
2025-08-30,2,Völsungur,Grindavík,5,5,5,0.00125
2025-08-30,2,Völsungur,Grindavík,5,6,7,0.00175
2025-08-30,2,Völsungur,Grindavík,6,0,1,2.5e-4
2025-08-30,2,Völsungur,Grindavík,6,1,6,0.0015
2025-08-30,2,Völsungur,Grindavík,6,2,7,0.00175
2025-08-30,2,Völsungur,Grindavík,6,3,10,0.0025
2025-08-30,2,Völsungur,Grindavík,6,5,1,2.5e-4
2025-08-30,2,Völsungur,Grindavík,6,6,1,2.5e-4
2025-08-30,2,Völsungur,Grindavík,6,7,1,2.5e-4
2025-08-30,2,Völsungur,Grindavík,7,2,3,7.5e-4
2025-08-30,2,Völsungur,Grindavík,7,3,1,2.5e-4
2025-08-30,2,Völsungur,Grindavík,7,4,2,5e-4
2025-08-30,2,Völsungur,Grindavík,8,3,3,7.5e-4
2025-08-30,2,Völsungur,Grindavík,8,5,1,2.5e-4
2025-08-30,3,Dalvík/Reynir,KFA,0,0,156,0.039
2025-08-30,3,Dalvík/Reynir,KFA,0,1,161,0.04025
2025-08-30,3,Dalvík/Reynir,KFA,0,2,88,0.022
2025-08-30,3,Dalvík/Reynir,KFA,0,3,35,0.00875
2025-08-30,3,Dalvík/Reynir,KFA,0,4,18,0.0045
2025-08-30,3,Dalvík/Reynir,KFA,0,5,4,0.001
2025-08-30,3,Dalvík/Reynir,KFA,1,0,320,0.08
2025-08-30,3,Dalvík/Reynir,KFA,1,1,320,0.08
2025-08-30,3,Dalvík/Reynir,KFA,1,2,213,0.05325
2025-08-30,3,Dalvík/Reynir,KFA,1,3,89,0.02225
2025-08-30,3,Dalvík/Reynir,KFA,1,4,23,0.00575
2025-08-30,3,Dalvík/Reynir,KFA,1,5,8,0.002
2025-08-30,3,Dalvík/Reynir,KFA,1,6,2,5e-4
2025-08-30,3,Dalvík/Reynir,KFA,1,9,1,2.5e-4
2025-08-30,3,Dalvík/Reynir,KFA,2,0,309,0.07725
2025-08-30,3,Dalvík/Reynir,KFA,2,1,338,0.0845
2025-08-30,3,Dalvík/Reynir,KFA,2,2,223,0.05575
2025-08-30,3,Dalvík/Reynir,KFA,2,3,95,0.02375
2025-08-30,3,Dalvík/Reynir,KFA,2,4,39,0.00975
2025-08-30,3,Dalvík/Reynir,KFA,2,5,15,0.00375
2025-08-30,3,Dalvík/Reynir,KFA,2,6,4,0.001
2025-08-30,3,Dalvík/Reynir,KFA,3,0,216,0.054
2025-08-30,3,Dalvík/Reynir,KFA,3,1,258,0.0645
2025-08-30,3,Dalvík/Reynir,KFA,3,2,182,0.0455
2025-08-30,3,Dalvík/Reynir,KFA,3,3,56,0.014
2025-08-30,3,Dalvík/Reynir,KFA,3,4,21,0.00525
2025-08-30,3,Dalvík/Reynir,KFA,3,5,12,0.003
2025-08-30,3,Dalvík/Reynir,KFA,3,6,5,0.00125
2025-08-30,3,Dalvík/Reynir,KFA,3,7,1,2.5e-4
2025-08-30,3,Dalvík/Reynir,KFA,4,0,119,0.02975
2025-08-30,3,Dalvík/Reynir,KFA,4,1,146,0.0365
2025-08-30,3,Dalvík/Reynir,KFA,4,2,96,0.024
2025-08-30,3,Dalvík/Reynir,KFA,4,3,38,0.0095
2025-08-30,3,Dalvík/Reynir,KFA,4,4,21,0.00525
2025-08-30,3,Dalvík/Reynir,KFA,4,5,3,7.5e-4
2025-08-30,3,Dalvík/Reynir,KFA,4,8,1,2.5e-4
2025-08-30,3,Dalvík/Reynir,KFA,5,0,61,0.01525
2025-08-30,3,Dalvík/Reynir,KFA,5,1,66,0.0165
2025-08-30,3,Dalvík/Reynir,KFA,5,2,51,0.01275
2025-08-30,3,Dalvík/Reynir,KFA,5,3,18,0.0045
2025-08-30,3,Dalvík/Reynir,KFA,5,4,17,0.00425
2025-08-30,3,Dalvík/Reynir,KFA,5,5,2,5e-4
2025-08-30,3,Dalvík/Reynir,KFA,5,6,1,2.5e-4
2025-08-30,3,Dalvík/Reynir,KFA,6,0,33,0.00825
2025-08-30,3,Dalvík/Reynir,KFA,6,1,34,0.0085
2025-08-30,3,Dalvík/Reynir,KFA,6,2,16,0.004
2025-08-30,3,Dalvík/Reynir,KFA,6,3,7,0.00175
2025-08-30,3,Dalvík/Reynir,KFA,6,4,3,7.5e-4
2025-08-30,3,Dalvík/Reynir,KFA,7,0,16,0.004
2025-08-30,3,Dalvík/Reynir,KFA,7,1,11,0.00275
2025-08-30,3,Dalvík/Reynir,KFA,7,2,12,0.003
2025-08-30,3,Dalvík/Reynir,KFA,7,3,6,0.0015
2025-08-30,3,Dalvík/Reynir,KFA,7,4,1,2.5e-4
2025-08-30,3,Dalvík/Reynir,KFA,7,7,1,2.5e-4
2025-08-30,3,Dalvík/Reynir,KFA,8,0,4,0.001
2025-08-30,3,Dalvík/Reynir,KFA,8,1,1,2.5e-4
2025-08-30,3,Dalvík/Reynir,KFA,8,2,1,2.5e-4
2025-08-30,3,Dalvík/Reynir,KFA,9,0,1,2.5e-4
2025-08-30,3,Dalvík/Reynir,KFA,9,3,1,2.5e-4
2025-08-30,3,Grótta,Víkingur Ó.,0,0,110,0.0275
2025-08-30,3,Grótta,Víkingur Ó.,0,1,93,0.02325
2025-08-30,3,Grótta,Víkingur Ó.,0,2,60,0.015
2025-08-30,3,Grótta,Víkingur Ó.,0,3,28,0.007
2025-08-30,3,Grótta,Víkingur Ó.,0,4,11,0.00275
2025-08-30,3,Grótta,Víkingur Ó.,0,5,1,2.5e-4
2025-08-30,3,Grótta,Víkingur Ó.,0,6,1,2.5e-4
2025-08-30,3,Grótta,Víkingur Ó.,1,0,208,0.052
2025-08-30,3,Grótta,Víkingur Ó.,1,1,250,0.0625
2025-08-30,3,Grótta,Víkingur Ó.,1,2,142,0.0355
2025-08-30,3,Grótta,Víkingur Ó.,1,3,72,0.018
2025-08-30,3,Grótta,Víkingur Ó.,1,4,18,0.0045
2025-08-30,3,Grótta,Víkingur Ó.,1,5,3,7.5e-4
2025-08-30,3,Grótta,Víkingur Ó.,1,6,4,0.001
2025-08-30,3,Grótta,Víkingur Ó.,2,0,295,0.07375
2025-08-30,3,Grótta,Víkingur Ó.,2,1,298,0.0745
2025-08-30,3,Grótta,Víkingur Ó.,2,2,204,0.051
2025-08-30,3,Grótta,Víkingur Ó.,2,3,75,0.01875
2025-08-30,3,Grótta,Víkingur Ó.,2,4,37,0.00925
2025-08-30,3,Grótta,Víkingur Ó.,2,5,7,0.00175
2025-08-30,3,Grótta,Víkingur Ó.,2,6,1,2.5e-4
2025-08-30,3,Grótta,Víkingur Ó.,3,0,288,0.072
2025-08-30,3,Grótta,Víkingur Ó.,3,1,292,0.073
2025-08-30,3,Grótta,Víkingur Ó.,3,2,165,0.04125
2025-08-30,3,Grótta,Víkingur Ó.,3,3,76,0.019
2025-08-30,3,Grótta,Víkingur Ó.,3,4,16,0.004
2025-08-30,3,Grótta,Víkingur Ó.,3,5,8,0.002
2025-08-30,3,Grótta,Víkingur Ó.,4,0,177,0.04425
2025-08-30,3,Grótta,Víkingur Ó.,4,1,203,0.05075
2025-08-30,3,Grótta,Víkingur Ó.,4,2,107,0.02675
2025-08-30,3,Grótta,Víkingur Ó.,4,3,69,0.01725
2025-08-30,3,Grótta,Víkingur Ó.,4,4,22,0.0055
2025-08-30,3,Grótta,Víkingur Ó.,4,5,5,0.00125
2025-08-30,3,Grótta,Víkingur Ó.,4,6,1,2.5e-4
2025-08-30,3,Grótta,Víkingur Ó.,5,0,123,0.03075
2025-08-30,3,Grótta,Víkingur Ó.,5,1,113,0.02825
2025-08-30,3,Grótta,Víkingur Ó.,5,2,66,0.0165
2025-08-30,3,Grótta,Víkingur Ó.,5,3,42,0.0105
2025-08-30,3,Grótta,Víkingur Ó.,5,4,9,0.00225
2025-08-30,3,Grótta,Víkingur Ó.,5,5,3,7.5e-4
2025-08-30,3,Grótta,Víkingur Ó.,5,6,1,2.5e-4
2025-08-30,3,Grótta,Víkingur Ó.,6,0,42,0.0105
2025-08-30,3,Grótta,Víkingur Ó.,6,1,51,0.01275
2025-08-30,3,Grótta,Víkingur Ó.,6,2,40,0.01
2025-08-30,3,Grótta,Víkingur Ó.,6,3,9,0.00225
2025-08-30,3,Grótta,Víkingur Ó.,6,4,4,0.001
2025-08-30,3,Grótta,Víkingur Ó.,6,5,1,2.5e-4
2025-08-30,3,Grótta,Víkingur Ó.,6,6,3,7.5e-4
2025-08-30,3,Grótta,Víkingur Ó.,7,0,25,0.00625
2025-08-30,3,Grótta,Víkingur Ó.,7,1,37,0.00925
2025-08-30,3,Grótta,Víkingur Ó.,7,2,22,0.0055
2025-08-30,3,Grótta,Víkingur Ó.,7,3,5,0.00125
2025-08-30,3,Grótta,Víkingur Ó.,7,4,1,2.5e-4
2025-08-30,3,Grótta,Víkingur Ó.,7,5,1,2.5e-4
2025-08-30,3,Grótta,Víkingur Ó.,8,0,11,0.00275
2025-08-30,3,Grótta,Víkingur Ó.,8,1,13,0.00325
2025-08-30,3,Grótta,Víkingur Ó.,8,2,10,0.0025
2025-08-30,3,Grótta,Víkingur Ó.,8,3,3,7.5e-4
2025-08-30,3,Grótta,Víkingur Ó.,8,4,1,2.5e-4
2025-08-30,3,Grótta,Víkingur Ó.,8,5,1,2.5e-4
2025-08-30,3,Grótta,Víkingur Ó.,9,0,2,5e-4
2025-08-30,3,Grótta,Víkingur Ó.,9,1,4,0.001
2025-08-30,3,Grótta,Víkingur Ó.,9,2,3,7.5e-4
2025-08-30,3,Grótta,Víkingur Ó.,10,0,2,5e-4
2025-08-30,3,Grótta,Víkingur Ó.,10,2,1,2.5e-4
2025-08-30,3,Grótta,Víkingur Ó.,10,3,2,5e-4
2025-08-30,3,Grótta,Víkingur Ó.,11,1,1,2.5e-4
2025-08-30,3,Grótta,Víkingur Ó.,11,2,1,2.5e-4
2025-08-30,3,Kormákur/Hvöt,Þróttur V.,0,0,129,0.03225
2025-08-30,3,Kormákur/Hvöt,Þróttur V.,0,1,270,0.0675
2025-08-30,3,Kormákur/Hvöt,Þróttur V.,0,2,297,0.07425
2025-08-30,3,Kormákur/Hvöt,Þróttur V.,0,3,222,0.0555
2025-08-30,3,Kormákur/Hvöt,Þróttur V.,0,4,166,0.0415
2025-08-30,3,Kormákur/Hvöt,Þróttur V.,0,5,86,0.0215
2025-08-30,3,Kormákur/Hvöt,Þróttur V.,0,6,29,0.00725
2025-08-30,3,Kormákur/Hvöt,Þróttur V.,0,7,14,0.0035
2025-08-30,3,Kormákur/Hvöt,Þróttur V.,0,8,3,7.5e-4
2025-08-30,3,Kormákur/Hvöt,Þróttur V.,0,9,2,5e-4
2025-08-30,3,Kormákur/Hvöt,Þróttur V.,0,10,2,5e-4
2025-08-30,3,Kormákur/Hvöt,Þróttur V.,0,11,2,5e-4
2025-08-30,3,Kormákur/Hvöt,Þróttur V.,1,0,120,0.03
2025-08-30,3,Kormákur/Hvöt,Þróttur V.,1,1,318,0.0795
2025-08-30,3,Kormákur/Hvöt,Þróttur V.,1,2,335,0.08375
2025-08-30,3,Kormákur/Hvöt,Þróttur V.,1,3,282,0.0705
2025-08-30,3,Kormákur/Hvöt,Þróttur V.,1,4,167,0.04175
2025-08-30,3,Kormákur/Hvöt,Þróttur V.,1,5,95,0.02375
2025-08-30,3,Kormákur/Hvöt,Þróttur V.,1,6,58,0.0145
2025-08-30,3,Kormákur/Hvöt,Þróttur V.,1,7,13,0.00325
2025-08-30,3,Kormákur/Hvöt,Þróttur V.,1,8,11,0.00275
2025-08-30,3,Kormákur/Hvöt,Þróttur V.,1,9,3,7.5e-4
2025-08-30,3,Kormákur/Hvöt,Þróttur V.,1,10,1,2.5e-4
2025-08-30,3,Kormákur/Hvöt,Þróttur V.,1,11,1,2.5e-4
2025-08-30,3,Kormákur/Hvöt,Þróttur V.,2,0,86,0.0215
2025-08-30,3,Kormákur/Hvöt,Þróttur V.,2,1,187,0.04675
2025-08-30,3,Kormákur/Hvöt,Þróttur V.,2,2,195,0.04875
2025-08-30,3,Kormákur/Hvöt,Þróttur V.,2,3,177,0.04425
2025-08-30,3,Kormákur/Hvöt,Þróttur V.,2,4,118,0.0295
2025-08-30,3,Kormákur/Hvöt,Þróttur V.,2,5,53,0.01325
2025-08-30,3,Kormákur/Hvöt,Þróttur V.,2,6,26,0.0065
2025-08-30,3,Kormákur/Hvöt,Þróttur V.,2,7,15,0.00375
2025-08-30,3,Kormákur/Hvöt,Þróttur V.,2,8,1,2.5e-4
2025-08-30,3,Kormákur/Hvöt,Þróttur V.,2,9,3,7.5e-4
2025-08-30,3,Kormákur/Hvöt,Þróttur V.,3,0,33,0.00825
2025-08-30,3,Kormákur/Hvöt,Þróttur V.,3,1,81,0.02025
2025-08-30,3,Kormákur/Hvöt,Þróttur V.,3,2,75,0.01875
2025-08-30,3,Kormákur/Hvöt,Þróttur V.,3,3,69,0.01725
2025-08-30,3,Kormákur/Hvöt,Þróttur V.,3,4,51,0.01275
2025-08-30,3,Kormákur/Hvöt,Þróttur V.,3,5,24,0.006
2025-08-30,3,Kormákur/Hvöt,Þróttur V.,3,6,10,0.0025
2025-08-30,3,Kormákur/Hvöt,Þróttur V.,3,7,2,5e-4
2025-08-30,3,Kormákur/Hvöt,Þróttur V.,3,8,3,7.5e-4
2025-08-30,3,Kormákur/Hvöt,Þróttur V.,3,9,1,2.5e-4
2025-08-30,3,Kormákur/Hvöt,Þróttur V.,3,10,2,5e-4
2025-08-30,3,Kormákur/Hvöt,Þróttur V.,3,11,1,2.5e-4
2025-08-30,3,Kormákur/Hvöt,Þróttur V.,4,0,8,0.002
2025-08-30,3,Kormákur/Hvöt,Þróttur V.,4,1,21,0.00525
2025-08-30,3,Kormákur/Hvöt,Þróttur V.,4,2,23,0.00575
2025-08-30,3,Kormákur/Hvöt,Þróttur V.,4,3,25,0.00625
2025-08-30,3,Kormákur/Hvöt,Þróttur V.,4,4,27,0.00675
2025-08-30,3,Kormákur/Hvöt,Þróttur V.,4,5,4,0.001
2025-08-30,3,Kormákur/Hvöt,Þróttur V.,4,6,4,0.001
2025-08-30,3,Kormákur/Hvöt,Þróttur V.,4,8,1,2.5e-4
2025-08-30,3,Kormákur/Hvöt,Þróttur V.,5,0,5,0.00125
2025-08-30,3,Kormákur/Hvöt,Þróttur V.,5,1,8,0.002
2025-08-30,3,Kormákur/Hvöt,Þróttur V.,5,2,7,0.00175
2025-08-30,3,Kormákur/Hvöt,Þróttur V.,5,3,6,0.0015
2025-08-30,3,Kormákur/Hvöt,Þróttur V.,5,4,4,0.001
2025-08-30,3,Kormákur/Hvöt,Þróttur V.,5,5,4,0.001
2025-08-30,3,Kormákur/Hvöt,Þróttur V.,5,6,3,7.5e-4
2025-08-30,3,Kormákur/Hvöt,Þróttur V.,6,1,1,2.5e-4
2025-08-30,3,Kormákur/Hvöt,Þróttur V.,6,2,1,2.5e-4
2025-08-30,3,Kormákur/Hvöt,Þróttur V.,6,3,3,7.5e-4
2025-08-30,3,Kormákur/Hvöt,Þróttur V.,6,4,1,2.5e-4
2025-08-30,3,Kormákur/Hvöt,Þróttur V.,6,6,2,5e-4
2025-08-30,3,Kormákur/Hvöt,Þróttur V.,7,1,1,2.5e-4
2025-08-30,3,Kormákur/Hvöt,Þróttur V.,7,4,1,2.5e-4
2025-08-30,3,Kormákur/Hvöt,Þróttur V.,8,4,1,2.5e-4
2025-08-30,3,Kári,Ægir,0,0,79,0.01975
2025-08-30,3,Kári,Ægir,0,1,104,0.026
2025-08-30,3,Kári,Ægir,0,2,44,0.011
2025-08-30,3,Kári,Ægir,0,3,23,0.00575
2025-08-30,3,Kári,Ægir,0,4,5,0.00125
2025-08-30,3,Kári,Ægir,0,5,2,5e-4
2025-08-30,3,Kári,Ægir,1,0,215,0.05375
2025-08-30,3,Kári,Ægir,1,1,214,0.0535
2025-08-30,3,Kári,Ægir,1,2,161,0.04025
2025-08-30,3,Kári,Ægir,1,3,60,0.015
2025-08-30,3,Kári,Ægir,1,4,18,0.0045
2025-08-30,3,Kári,Ægir,1,5,9,0.00225
2025-08-30,3,Kári,Ægir,1,6,2,5e-4
2025-08-30,3,Kári,Ægir,2,0,264,0.066
2025-08-30,3,Kári,Ægir,2,1,299,0.07475
2025-08-30,3,Kári,Ægir,2,2,180,0.045
2025-08-30,3,Kári,Ægir,2,3,82,0.0205
2025-08-30,3,Kári,Ægir,2,4,29,0.00725
2025-08-30,3,Kári,Ægir,2,5,7,0.00175
2025-08-30,3,Kári,Ægir,2,6,1,2.5e-4
2025-08-30,3,Kári,Ægir,3,0,248,0.062
2025-08-30,3,Kári,Ægir,3,1,290,0.0725
2025-08-30,3,Kári,Ægir,3,2,180,0.045
2025-08-30,3,Kári,Ægir,3,3,95,0.02375
2025-08-30,3,Kári,Ægir,3,4,20,0.005
2025-08-30,3,Kári,Ægir,3,5,3,7.5e-4
2025-08-30,3,Kári,Ægir,3,6,1,2.5e-4
2025-08-30,3,Kári,Ægir,4,0,205,0.05125
2025-08-30,3,Kári,Ægir,4,1,212,0.053
2025-08-30,3,Kári,Ægir,4,2,134,0.0335
2025-08-30,3,Kári,Ægir,4,3,53,0.01325
2025-08-30,3,Kári,Ægir,4,4,17,0.00425
2025-08-30,3,Kári,Ægir,4,5,7,0.00175
2025-08-30,3,Kári,Ægir,4,6,1,2.5e-4
2025-08-30,3,Kári,Ægir,5,0,100,0.025
2025-08-30,3,Kári,Ægir,5,1,147,0.03675
2025-08-30,3,Kári,Ægir,5,2,62,0.0155
2025-08-30,3,Kári,Ægir,5,3,37,0.00925
2025-08-30,3,Kári,Ægir,5,4,12,0.003
2025-08-30,3,Kári,Ægir,5,5,5,0.00125
2025-08-30,3,Kári,Ægir,6,0,56,0.014
2025-08-30,3,Kári,Ægir,6,1,62,0.0155
2025-08-30,3,Kári,Ægir,6,2,42,0.0105
2025-08-30,3,Kári,Ægir,6,3,15,0.00375
2025-08-30,3,Kári,Ægir,6,4,6,0.0015
2025-08-30,3,Kári,Ægir,6,6,1,2.5e-4
2025-08-30,3,Kári,Ægir,7,0,34,0.0085
2025-08-30,3,Kári,Ægir,7,1,32,0.008
2025-08-30,3,Kári,Ægir,7,2,23,0.00575
2025-08-30,3,Kári,Ægir,7,3,10,0.0025
2025-08-30,3,Kári,Ægir,7,4,4,0.001
2025-08-30,3,Kári,Ægir,8,0,13,0.00325
2025-08-30,3,Kári,Ægir,8,1,18,0.0045
2025-08-30,3,Kári,Ægir,8,2,17,0.00425
2025-08-30,3,Kári,Ægir,8,3,1,2.5e-4
2025-08-30,3,Kári,Ægir,8,4,1,2.5e-4
2025-08-30,3,Kári,Ægir,9,0,1,2.5e-4
2025-08-30,3,Kári,Ægir,9,1,11,0.00275
2025-08-30,3,Kári,Ægir,9,2,5,0.00125
2025-08-30,3,Kári,Ægir,9,3,2,5e-4
2025-08-30,3,Kári,Ægir,9,4,1,2.5e-4
2025-08-30,3,Kári,Ægir,10,0,2,5e-4
2025-08-30,3,Kári,Ægir,10,1,7,0.00175
2025-08-30,3,Kári,Ægir,10,2,4,0.001
2025-08-30,3,Kári,Ægir,11,0,2,5e-4
2025-08-30,3,Kári,Ægir,11,1,1,2.5e-4
2025-08-30,3,Kári,Ægir,11,2,1,2.5e-4
2025-08-30,3,Kári,Ægir,11,3,1,2.5e-4
2025-08-30,3,Víðir,KFG,0,0,242,0.0605
2025-08-30,3,Víðir,KFG,0,1,242,0.0605
2025-08-30,3,Víðir,KFG,0,2,133,0.03325
2025-08-30,3,Víðir,KFG,0,3,48,0.012
2025-08-30,3,Víðir,KFG,0,4,13,0.00325
2025-08-30,3,Víðir,KFG,0,5,2,5e-4
2025-08-30,3,Víðir,KFG,0,6,1,2.5e-4
2025-08-30,3,Víðir,KFG,1,0,371,0.09275
2025-08-30,3,Víðir,KFG,1,1,387,0.09675
2025-08-30,3,Víðir,KFG,1,2,211,0.05275
2025-08-30,3,Víðir,KFG,1,3,94,0.0235
2025-08-30,3,Víðir,KFG,1,4,29,0.00725
2025-08-30,3,Víðir,KFG,1,5,4,0.001
2025-08-30,3,Víðir,KFG,1,6,1,2.5e-4
2025-08-30,3,Víðir,KFG,2,0,344,0.086
2025-08-30,3,Víðir,KFG,2,1,342,0.0855
2025-08-30,3,Víðir,KFG,2,2,217,0.05425
2025-08-30,3,Víðir,KFG,2,3,86,0.0215
2025-08-30,3,Víðir,KFG,2,4,18,0.0045
2025-08-30,3,Víðir,KFG,2,5,5,0.00125
2025-08-30,3,Víðir,KFG,2,6,1,2.5e-4
2025-08-30,3,Víðir,KFG,3,0,228,0.057
2025-08-30,3,Víðir,KFG,3,1,215,0.05375
2025-08-30,3,Víðir,KFG,3,2,134,0.0335
2025-08-30,3,Víðir,KFG,3,3,63,0.01575
2025-08-30,3,Víðir,KFG,3,4,17,0.00425
2025-08-30,3,Víðir,KFG,3,5,1,2.5e-4
2025-08-30,3,Víðir,KFG,3,6,2,5e-4
2025-08-30,3,Víðir,KFG,4,0,122,0.0305
2025-08-30,3,Víðir,KFG,4,1,107,0.02675
2025-08-30,3,Víðir,KFG,4,2,75,0.01875
2025-08-30,3,Víðir,KFG,4,3,24,0.006
2025-08-30,3,Víðir,KFG,4,4,11,0.00275
2025-08-30,3,Víðir,KFG,4,5,5,0.00125
2025-08-30,3,Víðir,KFG,4,6,1,2.5e-4
2025-08-30,3,Víðir,KFG,5,0,32,0.008
2025-08-30,3,Víðir,KFG,5,1,51,0.01275
2025-08-30,3,Víðir,KFG,5,2,30,0.0075
2025-08-30,3,Víðir,KFG,5,3,16,0.004
2025-08-30,3,Víðir,KFG,5,4,6,0.0015
2025-08-30,3,Víðir,KFG,5,7,1,2.5e-4
2025-08-30,3,Víðir,KFG,6,0,15,0.00375
2025-08-30,3,Víðir,KFG,6,1,21,0.00525
2025-08-30,3,Víðir,KFG,6,2,5,0.00125
2025-08-30,3,Víðir,KFG,6,3,6,0.0015
2025-08-30,3,Víðir,KFG,6,4,1,2.5e-4
2025-08-30,3,Víðir,KFG,6,5,1,2.5e-4
2025-08-30,3,Víðir,KFG,7,0,4,0.001
2025-08-30,3,Víðir,KFG,7,1,1,2.5e-4
2025-08-30,3,Víðir,KFG,7,2,6,0.0015
2025-08-30,3,Víðir,KFG,7,3,1,2.5e-4
2025-08-30,3,Víðir,KFG,8,0,2,5e-4
2025-08-30,3,Víðir,KFG,8,1,3,7.5e-4
2025-08-30,3,Víðir,KFG,8,2,2,5e-4
2025-08-30,4,Hvíti riddarinn,KF,0,0,107,0.02675
2025-08-30,4,Hvíti riddarinn,KF,0,1,152,0.038
2025-08-30,4,Hvíti riddarinn,KF,0,2,125,0.03125
2025-08-30,4,Hvíti riddarinn,KF,0,3,54,0.0135
2025-08-30,4,Hvíti riddarinn,KF,0,4,21,0.00525
2025-08-30,4,Hvíti riddarinn,KF,0,5,11,0.00275
2025-08-30,4,Hvíti riddarinn,KF,0,6,1,2.5e-4
2025-08-30,4,Hvíti riddarinn,KF,0,8,1,2.5e-4
2025-08-30,4,Hvíti riddarinn,KF,1,0,185,0.04625
2025-08-30,4,Hvíti riddarinn,KF,1,1,264,0.066
2025-08-30,4,Hvíti riddarinn,KF,1,2,215,0.05375
2025-08-30,4,Hvíti riddarinn,KF,1,3,112,0.028
2025-08-30,4,Hvíti riddarinn,KF,1,4,55,0.01375
2025-08-30,4,Hvíti riddarinn,KF,1,5,22,0.0055
2025-08-30,4,Hvíti riddarinn,KF,1,6,5,0.00125
2025-08-30,4,Hvíti riddarinn,KF,1,7,3,7.5e-4
2025-08-30,4,Hvíti riddarinn,KF,1,8,1,2.5e-4
2025-08-30,4,Hvíti riddarinn,KF,2,0,194,0.0485
2025-08-30,4,Hvíti riddarinn,KF,2,1,305,0.07625
2025-08-30,4,Hvíti riddarinn,KF,2,2,256,0.064
2025-08-30,4,Hvíti riddarinn,KF,2,3,117,0.02925
2025-08-30,4,Hvíti riddarinn,KF,2,4,56,0.014
2025-08-30,4,Hvíti riddarinn,KF,2,5,22,0.0055
2025-08-30,4,Hvíti riddarinn,KF,2,6,6,0.0015
2025-08-30,4,Hvíti riddarinn,KF,2,7,1,2.5e-4
2025-08-30,4,Hvíti riddarinn,KF,2,9,1,2.5e-4
2025-08-30,4,Hvíti riddarinn,KF,3,0,166,0.0415
2025-08-30,4,Hvíti riddarinn,KF,3,1,228,0.057
2025-08-30,4,Hvíti riddarinn,KF,3,2,192,0.048
2025-08-30,4,Hvíti riddarinn,KF,3,3,124,0.031
2025-08-30,4,Hvíti riddarinn,KF,3,4,49,0.01225
2025-08-30,4,Hvíti riddarinn,KF,3,5,25,0.00625
2025-08-30,4,Hvíti riddarinn,KF,3,6,9,0.00225
2025-08-30,4,Hvíti riddarinn,KF,4,0,93,0.02325
2025-08-30,4,Hvíti riddarinn,KF,4,1,138,0.0345
2025-08-30,4,Hvíti riddarinn,KF,4,2,128,0.032
2025-08-30,4,Hvíti riddarinn,KF,4,3,88,0.022
2025-08-30,4,Hvíti riddarinn,KF,4,4,36,0.009
2025-08-30,4,Hvíti riddarinn,KF,4,5,11,0.00275
2025-08-30,4,Hvíti riddarinn,KF,4,6,6,0.0015
2025-08-30,4,Hvíti riddarinn,KF,4,7,1,2.5e-4
2025-08-30,4,Hvíti riddarinn,KF,5,0,47,0.01175
2025-08-30,4,Hvíti riddarinn,KF,5,1,76,0.019
2025-08-30,4,Hvíti riddarinn,KF,5,2,55,0.01375
2025-08-30,4,Hvíti riddarinn,KF,5,3,37,0.00925
2025-08-30,4,Hvíti riddarinn,KF,5,4,19,0.00475
2025-08-30,4,Hvíti riddarinn,KF,5,5,7,0.00175
2025-08-30,4,Hvíti riddarinn,KF,6,0,24,0.006
2025-08-30,4,Hvíti riddarinn,KF,6,1,35,0.00875
2025-08-30,4,Hvíti riddarinn,KF,6,2,21,0.00525
2025-08-30,4,Hvíti riddarinn,KF,6,3,13,0.00325
2025-08-30,4,Hvíti riddarinn,KF,6,4,12,0.003
2025-08-30,4,Hvíti riddarinn,KF,6,5,2,5e-4
2025-08-30,4,Hvíti riddarinn,KF,7,0,7,0.00175
2025-08-30,4,Hvíti riddarinn,KF,7,1,13,0.00325
2025-08-30,4,Hvíti riddarinn,KF,7,2,9,0.00225
2025-08-30,4,Hvíti riddarinn,KF,7,3,8,0.002
2025-08-30,4,Hvíti riddarinn,KF,7,4,4,0.001
2025-08-30,4,Hvíti riddarinn,KF,7,7,1,2.5e-4
2025-08-30,4,Hvíti riddarinn,KF,8,0,5,0.00125
2025-08-30,4,Hvíti riddarinn,KF,8,1,3,7.5e-4
2025-08-30,4,Hvíti riddarinn,KF,8,2,8,0.002
2025-08-30,4,Hvíti riddarinn,KF,8,3,2,5e-4
2025-08-30,4,Hvíti riddarinn,KF,8,4,1,2.5e-4
2025-08-30,4,Hvíti riddarinn,KF,8,5,1,2.5e-4
2025-08-30,4,Hvíti riddarinn,KF,9,2,2,5e-4
2025-08-30,4,Hvíti riddarinn,KF,9,3,1,2.5e-4
2025-08-30,4,Hvíti riddarinn,KF,10,5,1,2.5e-4
2025-08-30,4,Sindri,Magni,0,0,165,0.04125
2025-08-30,4,Sindri,Magni,0,1,238,0.0595
2025-08-30,4,Sindri,Magni,0,2,144,0.036
2025-08-30,4,Sindri,Magni,0,3,76,0.019
2025-08-30,4,Sindri,Magni,0,4,37,0.00925
2025-08-30,4,Sindri,Magni,0,5,8,0.002
2025-08-30,4,Sindri,Magni,0,6,1,2.5e-4
2025-08-30,4,Sindri,Magni,0,7,1,2.5e-4
2025-08-30,4,Sindri,Magni,1,0,235,0.05875
2025-08-30,4,Sindri,Magni,1,1,363,0.09075
2025-08-30,4,Sindri,Magni,1,2,253,0.06325
2025-08-30,4,Sindri,Magni,1,3,143,0.03575
2025-08-30,4,Sindri,Magni,1,4,54,0.0135
2025-08-30,4,Sindri,Magni,1,5,17,0.00425
2025-08-30,4,Sindri,Magni,1,6,5,0.00125
2025-08-30,4,Sindri,Magni,2,0,216,0.054
2025-08-30,4,Sindri,Magni,2,1,340,0.085
2025-08-30,4,Sindri,Magni,2,2,257,0.06425
2025-08-30,4,Sindri,Magni,2,3,129,0.03225
2025-08-30,4,Sindri,Magni,2,4,48,0.012
2025-08-30,4,Sindri,Magni,2,5,19,0.00475
2025-08-30,4,Sindri,Magni,2,6,3,7.5e-4
2025-08-30,4,Sindri,Magni,2,7,1,2.5e-4
2025-08-30,4,Sindri,Magni,3,0,169,0.04225
2025-08-30,4,Sindri,Magni,3,1,186,0.0465
2025-08-30,4,Sindri,Magni,3,2,166,0.0415
2025-08-30,4,Sindri,Magni,3,3,79,0.01975
2025-08-30,4,Sindri,Magni,3,4,40,0.01
2025-08-30,4,Sindri,Magni,3,5,12,0.003
2025-08-30,4,Sindri,Magni,3,6,5,0.00125
2025-08-30,4,Sindri,Magni,3,7,1,2.5e-4
2025-08-30,4,Sindri,Magni,4,0,71,0.01775
2025-08-30,4,Sindri,Magni,4,1,105,0.02625
2025-08-30,4,Sindri,Magni,4,2,91,0.02275
2025-08-30,4,Sindri,Magni,4,3,51,0.01275
2025-08-30,4,Sindri,Magni,4,4,24,0.006
2025-08-30,4,Sindri,Magni,4,5,10,0.0025
2025-08-30,4,Sindri,Magni,4,6,3,7.5e-4
2025-08-30,4,Sindri,Magni,5,0,28,0.007
2025-08-30,4,Sindri,Magni,5,1,52,0.013
2025-08-30,4,Sindri,Magni,5,2,45,0.01125
2025-08-30,4,Sindri,Magni,5,3,19,0.00475
2025-08-30,4,Sindri,Magni,5,4,11,0.00275
2025-08-30,4,Sindri,Magni,5,5,2,5e-4
2025-08-30,4,Sindri,Magni,6,0,16,0.004
2025-08-30,4,Sindri,Magni,6,1,14,0.0035
2025-08-30,4,Sindri,Magni,6,2,10,0.0025
2025-08-30,4,Sindri,Magni,6,3,12,0.003
2025-08-30,4,Sindri,Magni,6,4,3,7.5e-4
2025-08-30,4,Sindri,Magni,6,5,1,2.5e-4
2025-08-30,4,Sindri,Magni,7,0,4,0.001
2025-08-30,4,Sindri,Magni,7,1,4,0.001
2025-08-30,4,Sindri,Magni,7,2,5,0.00125
2025-08-30,4,Sindri,Magni,7,4,1,2.5e-4
2025-08-30,4,Sindri,Magni,8,0,1,2.5e-4
2025-08-30,4,Sindri,Magni,8,1,1,2.5e-4
2025-08-30,4,Sindri,Magni,8,2,1,2.5e-4
2025-08-30,4,Sindri,Magni,8,3,1,2.5e-4
2025-08-30,4,Sindri,Magni,8,4,1,2.5e-4
2025-08-30,4,Sindri,Magni,9,0,1,2.5e-4
2025-08-30,4,Sindri,Magni,9,2,1,2.5e-4
2025-08-30,4,Tindastóll,KV,0,0,135,0.03375
2025-08-30,4,Tindastóll,KV,0,1,154,0.0385
2025-08-30,4,Tindastóll,KV,0,2,80,0.02
2025-08-30,4,Tindastóll,KV,0,3,33,0.00825
2025-08-30,4,Tindastóll,KV,0,4,16,0.004
2025-08-30,4,Tindastóll,KV,0,5,3,7.5e-4
2025-08-30,4,Tindastóll,KV,0,6,1,2.5e-4
2025-08-30,4,Tindastóll,KV,0,7,1,2.5e-4
2025-08-30,4,Tindastóll,KV,1,0,281,0.07025
2025-08-30,4,Tindastóll,KV,1,1,319,0.07975
2025-08-30,4,Tindastóll,KV,1,2,194,0.0485
2025-08-30,4,Tindastóll,KV,1,3,80,0.02
2025-08-30,4,Tindastóll,KV,1,4,30,0.0075
2025-08-30,4,Tindastóll,KV,1,5,9,0.00225
2025-08-30,4,Tindastóll,KV,1,6,1,2.5e-4
2025-08-30,4,Tindastóll,KV,2,0,295,0.07375
2025-08-30,4,Tindastóll,KV,2,1,354,0.0885
2025-08-30,4,Tindastóll,KV,2,2,237,0.05925
2025-08-30,4,Tindastóll,KV,2,3,104,0.026
2025-08-30,4,Tindastóll,KV,2,4,27,0.00675
2025-08-30,4,Tindastóll,KV,2,5,11,0.00275
2025-08-30,4,Tindastóll,KV,2,6,2,5e-4
2025-08-30,4,Tindastóll,KV,2,7,1,2.5e-4
2025-08-30,4,Tindastóll,KV,3,0,221,0.05525
2025-08-30,4,Tindastóll,KV,3,1,238,0.0595
2025-08-30,4,Tindastóll,KV,3,2,166,0.0415
2025-08-30,4,Tindastóll,KV,3,3,79,0.01975
2025-08-30,4,Tindastóll,KV,3,4,28,0.007
2025-08-30,4,Tindastóll,KV,3,5,12,0.003
2025-08-30,4,Tindastóll,KV,3,6,2,5e-4
2025-08-30,4,Tindastóll,KV,4,0,126,0.0315
2025-08-30,4,Tindastóll,KV,4,1,178,0.0445
2025-08-30,4,Tindastóll,KV,4,2,92,0.023
2025-08-30,4,Tindastóll,KV,4,3,43,0.01075
2025-08-30,4,Tindastóll,KV,4,4,21,0.00525
2025-08-30,4,Tindastóll,KV,4,5,7,0.00175
2025-08-30,4,Tindastóll,KV,4,7,2,5e-4
2025-08-30,4,Tindastóll,KV,5,0,56,0.014
2025-08-30,4,Tindastóll,KV,5,1,82,0.0205
2025-08-30,4,Tindastóll,KV,5,2,49,0.01225
2025-08-30,4,Tindastóll,KV,5,3,27,0.00675
2025-08-30,4,Tindastóll,KV,5,4,4,0.001
2025-08-30,4,Tindastóll,KV,5,5,3,7.5e-4
2025-08-30,4,Tindastóll,KV,6,0,32,0.008
2025-08-30,4,Tindastóll,KV,6,1,35,0.00875
2025-08-30,4,Tindastóll,KV,6,2,24,0.006
2025-08-30,4,Tindastóll,KV,6,3,14,0.0035
2025-08-30,4,Tindastóll,KV,6,4,5,0.00125
2025-08-30,4,Tindastóll,KV,6,5,4,0.001
2025-08-30,4,Tindastóll,KV,7,0,11,0.00275
2025-08-30,4,Tindastóll,KV,7,1,14,0.0035
2025-08-30,4,Tindastóll,KV,7,2,11,0.00275
2025-08-30,4,Tindastóll,KV,7,3,6,0.0015
2025-08-30,4,Tindastóll,KV,7,4,3,7.5e-4
2025-08-30,4,Tindastóll,KV,8,0,8,0.002
2025-08-30,4,Tindastóll,KV,8,1,8,0.002
2025-08-30,4,Tindastóll,KV,8,2,5,0.00125
2025-08-30,4,Tindastóll,KV,8,3,2,5e-4
2025-08-30,4,Tindastóll,KV,8,4,1,2.5e-4
2025-08-30,4,Tindastóll,KV,8,5,1,2.5e-4
2025-08-30,4,Tindastóll,KV,9,0,2,5e-4
2025-08-30,4,Tindastóll,KV,9,1,4,0.001
2025-08-30,4,Tindastóll,KV,9,2,3,7.5e-4
2025-08-30,4,Tindastóll,KV,9,3,1,2.5e-4
2025-08-30,4,Tindastóll,KV,10,0,1,2.5e-4
2025-08-30,4,Tindastóll,KV,10,1,1,2.5e-4
2025-08-30,4,Ýmir,Árbær,0,0,68,0.017
2025-08-30,4,Ýmir,Árbær,0,1,116,0.029
2025-08-30,4,Ýmir,Árbær,0,2,111,0.02775
2025-08-30,4,Ýmir,Árbær,0,3,67,0.01675
2025-08-30,4,Ýmir,Árbær,0,4,43,0.01075
2025-08-30,4,Ýmir,Árbær,0,5,20,0.005
2025-08-30,4,Ýmir,Árbær,0,6,2,5e-4
2025-08-30,4,Ýmir,Árbær,0,7,2,5e-4
2025-08-30,4,Ýmir,Árbær,1,0,112,0.028
2025-08-30,4,Ýmir,Árbær,1,1,227,0.05675
2025-08-30,4,Ýmir,Árbær,1,2,219,0.05475
2025-08-30,4,Ýmir,Árbær,1,3,180,0.045
2025-08-30,4,Ýmir,Árbær,1,4,113,0.02825
2025-08-30,4,Ýmir,Árbær,1,5,65,0.01625
2025-08-30,4,Ýmir,Árbær,1,6,15,0.00375
2025-08-30,4,Ýmir,Árbær,1,7,2,5e-4
2025-08-30,4,Ýmir,Árbær,1,8,3,7.5e-4
2025-08-30,4,Ýmir,Árbær,1,9,1,2.5e-4
2025-08-30,4,Ýmir,Árbær,2,0,127,0.03175
2025-08-30,4,Ýmir,Árbær,2,1,210,0.0525
2025-08-30,4,Ýmir,Árbær,2,2,278,0.0695
2025-08-30,4,Ýmir,Árbær,2,3,188,0.047
2025-08-30,4,Ýmir,Árbær,2,4,100,0.025
2025-08-30,4,Ýmir,Árbær,2,5,42,0.0105
2025-08-30,4,Ýmir,Árbær,2,6,25,0.00625
2025-08-30,4,Ýmir,Árbær,2,7,5,0.00125
2025-08-30,4,Ýmir,Árbær,2,10,2,5e-4
2025-08-30,4,Ýmir,Árbær,3,0,88,0.022
2025-08-30,4,Ýmir,Árbær,3,1,185,0.04625
2025-08-30,4,Ýmir,Árbær,3,2,185,0.04625
2025-08-30,4,Ýmir,Árbær,3,3,165,0.04125
2025-08-30,4,Ýmir,Árbær,3,4,68,0.017
2025-08-30,4,Ýmir,Árbær,3,5,44,0.011
2025-08-30,4,Ýmir,Árbær,3,6,18,0.0045
2025-08-30,4,Ýmir,Árbær,3,7,7,0.00175
2025-08-30,4,Ýmir,Árbær,3,8,1,2.5e-4
2025-08-30,4,Ýmir,Árbær,4,0,64,0.016
2025-08-30,4,Ýmir,Árbær,4,1,117,0.02925
2025-08-30,4,Ýmir,Árbær,4,2,104,0.026
2025-08-30,4,Ýmir,Árbær,4,3,99,0.02475
2025-08-30,4,Ýmir,Árbær,4,4,54,0.0135
2025-08-30,4,Ýmir,Árbær,4,5,21,0.00525
2025-08-30,4,Ýmir,Árbær,4,6,11,0.00275
2025-08-30,4,Ýmir,Árbær,4,7,4,0.001
2025-08-30,4,Ýmir,Árbær,4,8,2,5e-4
2025-08-30,4,Ýmir,Árbær,4,9,2,5e-4
2025-08-30,4,Ýmir,Árbær,5,0,26,0.0065
2025-08-30,4,Ýmir,Árbær,5,1,55,0.01375
2025-08-30,4,Ýmir,Árbær,5,2,47,0.01175
2025-08-30,4,Ýmir,Árbær,5,3,37,0.00925
2025-08-30,4,Ýmir,Árbær,5,4,18,0.0045
2025-08-30,4,Ýmir,Árbær,5,5,11,0.00275
2025-08-30,4,Ýmir,Árbær,5,6,5,0.00125
2025-08-30,4,Ýmir,Árbær,5,7,6,0.0015
2025-08-30,4,Ýmir,Árbær,5,8,1,2.5e-4
2025-08-30,4,Ýmir,Árbær,6,0,17,0.00425
2025-08-30,4,Ýmir,Árbær,6,1,33,0.00825
2025-08-30,4,Ýmir,Árbær,6,2,37,0.00925
2025-08-30,4,Ýmir,Árbær,6,3,23,0.00575
2025-08-30,4,Ýmir,Árbær,6,4,14,0.0035
2025-08-30,4,Ýmir,Árbær,6,5,7,0.00175
2025-08-30,4,Ýmir,Árbær,6,6,3,7.5e-4
2025-08-30,4,Ýmir,Árbær,6,7,2,5e-4
2025-08-30,4,Ýmir,Árbær,7,0,2,5e-4
2025-08-30,4,Ýmir,Árbær,7,1,9,0.00225
2025-08-30,4,Ýmir,Árbær,7,2,10,0.0025
2025-08-30,4,Ýmir,Árbær,7,3,12,0.003
2025-08-30,4,Ýmir,Árbær,7,4,7,0.00175
2025-08-30,4,Ýmir,Árbær,7,5,3,7.5e-4
2025-08-30,4,Ýmir,Árbær,7,6,2,5e-4
2025-08-30,4,Ýmir,Árbær,7,7,1,2.5e-4
2025-08-30,4,Ýmir,Árbær,8,0,2,5e-4
2025-08-30,4,Ýmir,Árbær,8,1,3,7.5e-4
2025-08-30,4,Ýmir,Árbær,8,2,4,0.001
2025-08-30,4,Ýmir,Árbær,8,3,3,7.5e-4
2025-08-30,4,Ýmir,Árbær,8,4,2,5e-4
2025-08-30,4,Ýmir,Árbær,8,5,2,5e-4
2025-08-30,4,Ýmir,Árbær,8,6,1,2.5e-4
2025-08-30,4,Ýmir,Árbær,9,2,3,7.5e-4
2025-08-30,4,Ýmir,Árbær,9,3,1,2.5e-4
2025-08-30,4,Ýmir,Árbær,9,4,3,7.5e-4
2025-08-30,4,Ýmir,Árbær,10,1,3,7.5e-4
2025-08-30,4,Ýmir,Árbær,10,3,1,2.5e-4
2025-08-30,4,Ýmir,Árbær,10,4,1,2.5e-4
2025-08-30,4,Ýmir,Árbær,11,1,1,2.5e-4
2025-08-30,5,KFS,Hafnir,0,0,229,0.05725
2025-08-30,5,KFS,Hafnir,0,1,234,0.0585
2025-08-30,5,KFS,Hafnir,0,2,129,0.03225
2025-08-30,5,KFS,Hafnir,0,3,40,0.01
2025-08-30,5,KFS,Hafnir,0,4,8,0.002
2025-08-30,5,KFS,Hafnir,0,5,3,7.5e-4
2025-08-30,5,KFS,Hafnir,1,0,404,0.101
2025-08-30,5,KFS,Hafnir,1,1,435,0.10875
2025-08-30,5,KFS,Hafnir,1,2,214,0.0535
2025-08-30,5,KFS,Hafnir,1,3,101,0.02525
2025-08-30,5,KFS,Hafnir,1,4,21,0.00525
2025-08-30,5,KFS,Hafnir,1,5,8,0.002
2025-08-30,5,KFS,Hafnir,1,6,1,2.5e-4
2025-08-30,5,KFS,Hafnir,2,0,365,0.09125
2025-08-30,5,KFS,Hafnir,2,1,355,0.08875
2025-08-30,5,KFS,Hafnir,2,2,186,0.0465
2025-08-30,5,KFS,Hafnir,2,3,90,0.0225
2025-08-30,5,KFS,Hafnir,2,4,24,0.006
2025-08-30,5,KFS,Hafnir,2,5,5,0.00125
2025-08-30,5,KFS,Hafnir,2,6,1,2.5e-4
2025-08-30,5,KFS,Hafnir,3,0,249,0.06225
2025-08-30,5,KFS,Hafnir,3,1,245,0.06125
2025-08-30,5,KFS,Hafnir,3,2,110,0.0275
2025-08-30,5,KFS,Hafnir,3,3,32,0.008
2025-08-30,5,KFS,Hafnir,3,4,10,0.0025
2025-08-30,5,KFS,Hafnir,3,5,2,5e-4
2025-08-30,5,KFS,Hafnir,3,6,1,2.5e-4
2025-08-30,5,KFS,Hafnir,3,7,1,2.5e-4
2025-08-30,5,KFS,Hafnir,4,0,125,0.03125
2025-08-30,5,KFS,Hafnir,4,1,107,0.02675
2025-08-30,5,KFS,Hafnir,4,2,55,0.01375
2025-08-30,5,KFS,Hafnir,4,3,24,0.006
2025-08-30,5,KFS,Hafnir,4,4,4,0.001
2025-08-30,5,KFS,Hafnir,4,5,4,0.001
2025-08-30,5,KFS,Hafnir,4,6,1,2.5e-4
2025-08-30,5,KFS,Hafnir,5,0,31,0.00775
2025-08-30,5,KFS,Hafnir,5,1,37,0.00925
2025-08-30,5,KFS,Hafnir,5,2,24,0.006
2025-08-30,5,KFS,Hafnir,5,3,9,0.00225
2025-08-30,5,KFS,Hafnir,5,4,2,5e-4
2025-08-30,5,KFS,Hafnir,5,5,1,2.5e-4
2025-08-30,5,KFS,Hafnir,6,0,19,0.00475
2025-08-30,5,KFS,Hafnir,6,1,17,0.00425
2025-08-30,5,KFS,Hafnir,6,2,12,0.003
2025-08-30,5,KFS,Hafnir,6,4,1,2.5e-4
2025-08-30,5,KFS,Hafnir,7,0,6,0.0015
2025-08-30,5,KFS,Hafnir,7,1,6,0.0015
2025-08-30,5,KFS,Hafnir,7,2,2,5e-4
2025-08-30,5,KFS,Hafnir,7,3,4,0.001
2025-08-30,5,KFS,Hafnir,8,1,4,0.001
2025-08-30,5,KFS,Hafnir,8,2,1,2.5e-4
2025-08-30,5,KFS,Hafnir,9,0,1,2.5e-4
2025-08-31,1,Afturelding,FH,0,0,224,0.056
2025-08-31,1,Afturelding,FH,0,1,277,0.06925
2025-08-31,1,Afturelding,FH,0,2,215,0.05375
2025-08-31,1,Afturelding,FH,0,3,98,0.0245
2025-08-31,1,Afturelding,FH,0,4,35,0.00875
2025-08-31,1,Afturelding,FH,0,5,12,0.003
2025-08-31,1,Afturelding,FH,0,6,5,0.00125
2025-08-31,1,Afturelding,FH,1,0,307,0.07675
2025-08-31,1,Afturelding,FH,1,1,429,0.10725
2025-08-31,1,Afturelding,FH,1,2,295,0.07375
2025-08-31,1,Afturelding,FH,1,3,165,0.04125
2025-08-31,1,Afturelding,FH,1,4,69,0.01725
2025-08-31,1,Afturelding,FH,1,5,21,0.00525
2025-08-31,1,Afturelding,FH,1,6,9,0.00225
2025-08-31,1,Afturelding,FH,1,7,1,2.5e-4
2025-08-31,1,Afturelding,FH,2,0,222,0.0555
2025-08-31,1,Afturelding,FH,2,1,306,0.0765
2025-08-31,1,Afturelding,FH,2,2,241,0.06025
2025-08-31,1,Afturelding,FH,2,3,133,0.03325
2025-08-31,1,Afturelding,FH,2,4,56,0.014
2025-08-31,1,Afturelding,FH,2,5,20,0.005
2025-08-31,1,Afturelding,FH,2,6,5,0.00125
2025-08-31,1,Afturelding,FH,2,7,2,5e-4
2025-08-31,1,Afturelding,FH,2,8,1,2.5e-4
2025-08-31,1,Afturelding,FH,3,0,121,0.03025
2025-08-31,1,Afturelding,FH,3,1,187,0.04675
2025-08-31,1,Afturelding,FH,3,2,111,0.02775
2025-08-31,1,Afturelding,FH,3,3,78,0.0195
2025-08-31,1,Afturelding,FH,3,4,35,0.00875
2025-08-31,1,Afturelding,FH,3,5,9,0.00225
2025-08-31,1,Afturelding,FH,3,6,3,7.5e-4
2025-08-31,1,Afturelding,FH,3,7,2,5e-4
2025-08-31,1,Afturelding,FH,4,0,41,0.01025
2025-08-31,1,Afturelding,FH,4,1,70,0.0175
2025-08-31,1,Afturelding,FH,4,2,50,0.0125
2025-08-31,1,Afturelding,FH,4,3,36,0.009
2025-08-31,1,Afturelding,FH,4,4,12,0.003
2025-08-31,1,Afturelding,FH,4,5,3,7.5e-4
2025-08-31,1,Afturelding,FH,4,6,2,5e-4
2025-08-31,1,Afturelding,FH,5,0,11,0.00275
2025-08-31,1,Afturelding,FH,5,1,25,0.00625
2025-08-31,1,Afturelding,FH,5,2,13,0.00325
2025-08-31,1,Afturelding,FH,5,3,8,0.002
2025-08-31,1,Afturelding,FH,5,4,7,0.00175
2025-08-31,1,Afturelding,FH,5,5,1,2.5e-4
2025-08-31,1,Afturelding,FH,5,6,1,2.5e-4
2025-08-31,1,Afturelding,FH,6,0,3,7.5e-4
2025-08-31,1,Afturelding,FH,6,1,5,0.00125
2025-08-31,1,Afturelding,FH,6,2,4,0.001
2025-08-31,1,Afturelding,FH,6,3,1,2.5e-4
2025-08-31,1,Afturelding,FH,6,4,4,0.001
2025-08-31,1,Afturelding,FH,6,5,1,2.5e-4
2025-08-31,1,Afturelding,FH,7,0,1,2.5e-4
2025-08-31,1,Afturelding,FH,7,1,3,7.5e-4
2025-08-31,1,Afturelding,FH,7,3,1,2.5e-4
2025-08-31,1,Afturelding,FH,8,5,1,2.5e-4
2025-08-31,1,Afturelding,FH,9,2,1,2.5e-4
2025-08-31,1,Afturelding,FH,9,3,1,2.5e-4
2025-08-31,1,Fram,Valur,0,0,122,0.0305
2025-08-31,1,Fram,Valur,0,1,193,0.04825
2025-08-31,1,Fram,Valur,0,2,137,0.03425
2025-08-31,1,Fram,Valur,0,3,87,0.02175
2025-08-31,1,Fram,Valur,0,4,33,0.00825
2025-08-31,1,Fram,Valur,0,5,10,0.0025
2025-08-31,1,Fram,Valur,0,6,3,7.5e-4
2025-08-31,1,Fram,Valur,1,0,197,0.04925
2025-08-31,1,Fram,Valur,1,1,339,0.08475
2025-08-31,1,Fram,Valur,1,2,295,0.07375
2025-08-31,1,Fram,Valur,1,3,149,0.03725
2025-08-31,1,Fram,Valur,1,4,71,0.01775
2025-08-31,1,Fram,Valur,1,5,22,0.0055
2025-08-31,1,Fram,Valur,1,6,3,7.5e-4
2025-08-31,1,Fram,Valur,1,7,1,2.5e-4
2025-08-31,1,Fram,Valur,1,8,1,2.5e-4
2025-08-31,1,Fram,Valur,2,0,209,0.05225
2025-08-31,1,Fram,Valur,2,1,331,0.08275
2025-08-31,1,Fram,Valur,2,2,246,0.0615
2025-08-31,1,Fram,Valur,2,3,158,0.0395
2025-08-31,1,Fram,Valur,2,4,66,0.0165
2025-08-31,1,Fram,Valur,2,5,31,0.00775
2025-08-31,1,Fram,Valur,2,6,8,0.002
2025-08-31,1,Fram,Valur,2,7,2,5e-4
2025-08-31,1,Fram,Valur,3,0,108,0.027
2025-08-31,1,Fram,Valur,3,1,213,0.05325
2025-08-31,1,Fram,Valur,3,2,162,0.0405
2025-08-31,1,Fram,Valur,3,3,127,0.03175
2025-08-31,1,Fram,Valur,3,4,55,0.01375
2025-08-31,1,Fram,Valur,3,5,14,0.0035
2025-08-31,1,Fram,Valur,3,6,6,0.0015
2025-08-31,1,Fram,Valur,4,0,69,0.01725
2025-08-31,1,Fram,Valur,4,1,97,0.02425
2025-08-31,1,Fram,Valur,4,2,78,0.0195
2025-08-31,1,Fram,Valur,4,3,61,0.01525
2025-08-31,1,Fram,Valur,4,4,38,0.0095
2025-08-31,1,Fram,Valur,4,5,6,0.0015
2025-08-31,1,Fram,Valur,4,6,5,0.00125
2025-08-31,1,Fram,Valur,4,7,1,2.5e-4
2025-08-31,1,Fram,Valur,5,0,23,0.00575
2025-08-31,1,Fram,Valur,5,1,50,0.0125
2025-08-31,1,Fram,Valur,5,2,39,0.00975
2025-08-31,1,Fram,Valur,5,3,24,0.006
2025-08-31,1,Fram,Valur,5,4,13,0.00325
2025-08-31,1,Fram,Valur,5,5,6,0.0015
2025-08-31,1,Fram,Valur,5,6,1,2.5e-4
2025-08-31,1,Fram,Valur,6,0,14,0.0035
2025-08-31,1,Fram,Valur,6,1,16,0.004
2025-08-31,1,Fram,Valur,6,2,11,0.00275
2025-08-31,1,Fram,Valur,6,3,8,0.002
2025-08-31,1,Fram,Valur,6,4,6,0.0015
2025-08-31,1,Fram,Valur,6,5,2,5e-4
2025-08-31,1,Fram,Valur,7,0,2,5e-4
2025-08-31,1,Fram,Valur,7,1,8,0.002
2025-08-31,1,Fram,Valur,7,2,10,0.0025
2025-08-31,1,Fram,Valur,7,3,3,7.5e-4
2025-08-31,1,Fram,Valur,7,4,3,7.5e-4
2025-08-31,1,Fram,Valur,7,7,1,2.5e-4
2025-08-31,1,Fram,Valur,8,0,1,2.5e-4
2025-08-31,1,Fram,Valur,8,3,3,7.5e-4
2025-08-31,1,Fram,Valur,8,5,1,2.5e-4
2025-08-31,1,Fram,Valur,9,0,1,2.5e-4
2025-08-31,1,Stjarnan,KA,0,0,173,0.04325
2025-08-31,1,Stjarnan,KA,0,1,229,0.05725
2025-08-31,1,Stjarnan,KA,0,2,147,0.03675
2025-08-31,1,Stjarnan,KA,0,3,74,0.0185
2025-08-31,1,Stjarnan,KA,0,4,27,0.00675
2025-08-31,1,Stjarnan,KA,0,5,9,0.00225
2025-08-31,1,Stjarnan,KA,0,6,3,7.5e-4
2025-08-31,1,Stjarnan,KA,1,0,265,0.06625
2025-08-31,1,Stjarnan,KA,1,1,375,0.09375
2025-08-31,1,Stjarnan,KA,1,2,248,0.062
2025-08-31,1,Stjarnan,KA,1,3,117,0.02925
2025-08-31,1,Stjarnan,KA,1,4,55,0.01375
2025-08-31,1,Stjarnan,KA,1,5,17,0.00425
2025-08-31,1,Stjarnan,KA,1,7,2,5e-4
2025-08-31,1,Stjarnan,KA,1,8,1,2.5e-4
2025-08-31,1,Stjarnan,KA,2,0,263,0.06575
2025-08-31,1,Stjarnan,KA,2,1,355,0.08875
2025-08-31,1,Stjarnan,KA,2,2,249,0.06225
2025-08-31,1,Stjarnan,KA,2,3,104,0.026
2025-08-31,1,Stjarnan,KA,2,4,37,0.00925
2025-08-31,1,Stjarnan,KA,2,5,14,0.0035
2025-08-31,1,Stjarnan,KA,2,6,11,0.00275
2025-08-31,1,Stjarnan,KA,2,7,2,5e-4
2025-08-31,1,Stjarnan,KA,2,8,1,2.5e-4
2025-08-31,1,Stjarnan,KA,2,9,1,2.5e-4
2025-08-31,1,Stjarnan,KA,3,0,165,0.04125
2025-08-31,1,Stjarnan,KA,3,1,197,0.04925
2025-08-31,1,Stjarnan,KA,3,2,178,0.0445
2025-08-31,1,Stjarnan,KA,3,3,87,0.02175
2025-08-31,1,Stjarnan,KA,3,4,38,0.0095
2025-08-31,1,Stjarnan,KA,3,5,10,0.0025
2025-08-31,1,Stjarnan,KA,3,6,1,2.5e-4
2025-08-31,1,Stjarnan,KA,3,7,1,2.5e-4
2025-08-31,1,Stjarnan,KA,4,0,73,0.01825
2025-08-31,1,Stjarnan,KA,4,1,111,0.02775
2025-08-31,1,Stjarnan,KA,4,2,71,0.01775
2025-08-31,1,Stjarnan,KA,4,3,36,0.009
2025-08-31,1,Stjarnan,KA,4,4,11,0.00275
2025-08-31,1,Stjarnan,KA,4,5,7,0.00175
2025-08-31,1,Stjarnan,KA,4,6,2,5e-4
2025-08-31,1,Stjarnan,KA,5,0,29,0.00725
2025-08-31,1,Stjarnan,KA,5,1,63,0.01575
2025-08-31,1,Stjarnan,KA,5,2,35,0.00875
2025-08-31,1,Stjarnan,KA,5,3,21,0.00525
2025-08-31,1,Stjarnan,KA,5,4,10,0.0025
2025-08-31,1,Stjarnan,KA,5,5,3,7.5e-4
2025-08-31,1,Stjarnan,KA,5,6,2,5e-4
2025-08-31,1,Stjarnan,KA,5,7,1,2.5e-4
2025-08-31,1,Stjarnan,KA,6,0,9,0.00225
2025-08-31,1,Stjarnan,KA,6,1,12,0.003
2025-08-31,1,Stjarnan,KA,6,2,7,0.00175
2025-08-31,1,Stjarnan,KA,6,3,6,0.0015
2025-08-31,1,Stjarnan,KA,6,4,6,0.0015
2025-08-31,1,Stjarnan,KA,6,5,3,7.5e-4
2025-08-31,1,Stjarnan,KA,6,6,1,2.5e-4
2025-08-31,1,Stjarnan,KA,7,1,8,0.002
2025-08-31,1,Stjarnan,KA,7,2,5,0.00125
2025-08-31,1,Stjarnan,KA,7,3,3,7.5e-4
2025-08-31,1,Stjarnan,KA,7,4,1,2.5e-4
2025-08-31,1,Stjarnan,KA,8,1,4,0.001
2025-08-31,1,Stjarnan,KA,8,2,1,2.5e-4
2025-08-31,1,Stjarnan,KA,8,3,1,2.5e-4
2025-08-31,1,Stjarnan,KA,8,4,1,2.5e-4
2025-08-31,1,Stjarnan,KA,10,0,1,2.5e-4
2025-08-31,1,Vestri,KR,0,0,123,0.03075
2025-08-31,1,Vestri,KR,0,1,164,0.041
2025-08-31,1,Vestri,KR,0,2,77,0.01925
2025-08-31,1,Vestri,KR,0,3,34,0.0085
2025-08-31,1,Vestri,KR,0,4,19,0.00475
2025-08-31,1,Vestri,KR,0,5,2,5e-4
2025-08-31,1,Vestri,KR,1,0,255,0.06375
2025-08-31,1,Vestri,KR,1,1,302,0.0755
2025-08-31,1,Vestri,KR,1,2,190,0.0475
2025-08-31,1,Vestri,KR,1,3,90,0.0225
2025-08-31,1,Vestri,KR,1,4,25,0.00625
2025-08-31,1,Vestri,KR,1,5,14,0.0035
2025-08-31,1,Vestri,KR,2,0,284,0.071
2025-08-31,1,Vestri,KR,2,1,365,0.09125
2025-08-31,1,Vestri,KR,2,2,219,0.05475
2025-08-31,1,Vestri,KR,2,3,97,0.02425
2025-08-31,1,Vestri,KR,2,4,45,0.01125
2025-08-31,1,Vestri,KR,2,5,13,0.00325
2025-08-31,1,Vestri,KR,2,6,1,2.5e-4
2025-08-31,1,Vestri,KR,3,0,226,0.0565
2025-08-31,1,Vestri,KR,3,1,262,0.0655
2025-08-31,1,Vestri,KR,3,2,184,0.046
2025-08-31,1,Vestri,KR,3,3,99,0.02475
2025-08-31,1,Vestri,KR,3,4,31,0.00775
2025-08-31,1,Vestri,KR,3,5,9,0.00225
2025-08-31,1,Vestri,KR,3,6,2,5e-4
2025-08-31,1,Vestri,KR,4,0,122,0.0305
2025-08-31,1,Vestri,KR,4,1,172,0.043
2025-08-31,1,Vestri,KR,4,2,104,0.026
2025-08-31,1,Vestri,KR,4,3,41,0.01025
2025-08-31,1,Vestri,KR,4,4,24,0.006
2025-08-31,1,Vestri,KR,4,5,3,7.5e-4
2025-08-31,1,Vestri,KR,4,6,2,5e-4
2025-08-31,1,Vestri,KR,4,7,2,5e-4
2025-08-31,1,Vestri,KR,5,0,71,0.01775
2025-08-31,1,Vestri,KR,5,1,81,0.02025
2025-08-31,1,Vestri,KR,5,2,57,0.01425
2025-08-31,1,Vestri,KR,5,3,27,0.00675
2025-08-31,1,Vestri,KR,5,4,7,0.00175
2025-08-31,1,Vestri,KR,5,5,6,0.0015
2025-08-31,1,Vestri,KR,6,0,22,0.0055
2025-08-31,1,Vestri,KR,6,1,35,0.00875
2025-08-31,1,Vestri,KR,6,2,20,0.005
2025-08-31,1,Vestri,KR,6,3,9,0.00225
2025-08-31,1,Vestri,KR,6,4,4,0.001
2025-08-31,1,Vestri,KR,7,0,12,0.003
2025-08-31,1,Vestri,KR,7,1,13,0.00325
2025-08-31,1,Vestri,KR,7,2,10,0.0025
2025-08-31,1,Vestri,KR,7,3,3,7.5e-4
2025-08-31,1,Vestri,KR,7,4,4,0.001
2025-08-31,1,Vestri,KR,8,0,3,7.5e-4
2025-08-31,1,Vestri,KR,8,1,2,5e-4
2025-08-31,1,Vestri,KR,8,2,4,0.001
2025-08-31,1,Vestri,KR,8,3,1,2.5e-4
2025-08-31,1,Vestri,KR,8,4,1,2.5e-4
2025-08-31,1,Vestri,KR,9,0,1,2.5e-4
2025-08-31,1,Vestri,KR,9,1,2,5e-4
2025-08-31,1,Vestri,KR,9,4,1,2.5e-4
2025-08-31,1,Vestri,KR,10,2,2,5e-4
2025-08-31,1,Víkingur R.,Breiðablik,0,0,172,0.043
2025-08-31,1,Víkingur R.,Breiðablik,0,1,260,0.065
2025-08-31,1,Víkingur R.,Breiðablik,0,2,224,0.056
2025-08-31,1,Víkingur R.,Breiðablik,0,3,143,0.03575
2025-08-31,1,Víkingur R.,Breiðablik,0,4,76,0.019
2025-08-31,1,Víkingur R.,Breiðablik,0,5,25,0.00625
2025-08-31,1,Víkingur R.,Breiðablik,0,6,14,0.0035
2025-08-31,1,Víkingur R.,Breiðablik,0,7,3,7.5e-4
2025-08-31,1,Víkingur R.,Breiðablik,1,0,216,0.054
2025-08-31,1,Víkingur R.,Breiðablik,1,1,360,0.09
2025-08-31,1,Víkingur R.,Breiðablik,1,2,330,0.0825
2025-08-31,1,Víkingur R.,Breiðablik,1,3,198,0.0495
2025-08-31,1,Víkingur R.,Breiðablik,1,4,113,0.02825
2025-08-31,1,Víkingur R.,Breiðablik,1,5,36,0.009
2025-08-31,1,Víkingur R.,Breiðablik,1,6,12,0.003
2025-08-31,1,Víkingur R.,Breiðablik,1,7,6,0.0015
2025-08-31,1,Víkingur R.,Breiðablik,1,8,1,2.5e-4
2025-08-31,1,Víkingur R.,Breiðablik,2,0,154,0.0385
2025-08-31,1,Víkingur R.,Breiðablik,2,1,279,0.06975
2025-08-31,1,Víkingur R.,Breiðablik,2,2,259,0.06475
2025-08-31,1,Víkingur R.,Breiðablik,2,3,161,0.04025
2025-08-31,1,Víkingur R.,Breiðablik,2,4,87,0.02175
2025-08-31,1,Víkingur R.,Breiðablik,2,5,36,0.009
2025-08-31,1,Víkingur R.,Breiðablik,2,6,13,0.00325
2025-08-31,1,Víkingur R.,Breiðablik,2,7,3,7.5e-4
2025-08-31,1,Víkingur R.,Breiðablik,2,8,2,5e-4
2025-08-31,1,Víkingur R.,Breiðablik,3,0,75,0.01875
2025-08-31,1,Víkingur R.,Breiðablik,3,1,157,0.03925
2025-08-31,1,Víkingur R.,Breiðablik,3,2,132,0.033
2025-08-31,1,Víkingur R.,Breiðablik,3,3,85,0.02125
2025-08-31,1,Víkingur R.,Breiðablik,3,4,41,0.01025
2025-08-31,1,Víkingur R.,Breiðablik,3,5,20,0.005
2025-08-31,1,Víkingur R.,Breiðablik,3,6,6,0.0015
2025-08-31,1,Víkingur R.,Breiðablik,3,7,3,7.5e-4
2025-08-31,1,Víkingur R.,Breiðablik,3,8,1,2.5e-4
2025-08-31,1,Víkingur R.,Breiðablik,3,9,1,2.5e-4
2025-08-31,1,Víkingur R.,Breiðablik,4,0,35,0.00875
2025-08-31,1,Víkingur R.,Breiðablik,4,1,53,0.01325
2025-08-31,1,Víkingur R.,Breiðablik,4,2,50,0.0125
2025-08-31,1,Víkingur R.,Breiðablik,4,3,29,0.00725
2025-08-31,1,Víkingur R.,Breiðablik,4,4,18,0.0045
2025-08-31,1,Víkingur R.,Breiðablik,4,5,1,2.5e-4
2025-08-31,1,Víkingur R.,Breiðablik,4,6,2,5e-4
2025-08-31,1,Víkingur R.,Breiðablik,4,7,2,5e-4
2025-08-31,1,Víkingur R.,Breiðablik,5,0,7,0.00175
2025-08-31,1,Víkingur R.,Breiðablik,5,1,25,0.00625
2025-08-31,1,Víkingur R.,Breiðablik,5,2,19,0.00475
2025-08-31,1,Víkingur R.,Breiðablik,5,3,7,0.00175
2025-08-31,1,Víkingur R.,Breiðablik,5,4,11,0.00275
2025-08-31,1,Víkingur R.,Breiðablik,5,5,5,0.00125
2025-08-31,1,Víkingur R.,Breiðablik,5,6,3,7.5e-4
2025-08-31,1,Víkingur R.,Breiðablik,5,7,1,2.5e-4
2025-08-31,1,Víkingur R.,Breiðablik,6,0,6,0.0015
2025-08-31,1,Víkingur R.,Breiðablik,6,1,6,0.0015
2025-08-31,1,Víkingur R.,Breiðablik,6,2,6,0.0015
2025-08-31,1,Víkingur R.,Breiðablik,6,3,1,2.5e-4
2025-08-31,1,Víkingur R.,Breiðablik,6,4,1,2.5e-4
2025-08-31,1,Víkingur R.,Breiðablik,6,6,1,2.5e-4
2025-08-31,1,Víkingur R.,Breiðablik,7,1,1,2.5e-4
2025-08-31,1,Víkingur R.,Breiðablik,7,2,2,5e-4
2025-08-31,1,Víkingur R.,Breiðablik,7,3,1,2.5e-4
2025-08-31,1,Víkingur R.,Breiðablik,7,4,1,2.5e-4
2025-08-31,1,Víkingur R.,Breiðablik,9,3,2,5e-4
2025-08-31,1,ÍBV,ÍA,0,0,190,0.0475
2025-08-31,1,ÍBV,ÍA,0,1,259,0.06475
2025-08-31,1,ÍBV,ÍA,0,2,196,0.049
2025-08-31,1,ÍBV,ÍA,0,3,112,0.028
2025-08-31,1,ÍBV,ÍA,0,4,56,0.014
2025-08-31,1,ÍBV,ÍA,0,5,16,0.004
2025-08-31,1,ÍBV,ÍA,0,6,5,0.00125
2025-08-31,1,ÍBV,ÍA,0,7,2,5e-4
2025-08-31,1,ÍBV,ÍA,0,8,1,2.5e-4
2025-08-31,1,ÍBV,ÍA,1,0,238,0.0595
2025-08-31,1,ÍBV,ÍA,1,1,438,0.1095
2025-08-31,1,ÍBV,ÍA,1,2,303,0.07575
2025-08-31,1,ÍBV,ÍA,1,3,156,0.039
2025-08-31,1,ÍBV,ÍA,1,4,70,0.0175
2025-08-31,1,ÍBV,ÍA,1,5,24,0.006
2025-08-31,1,ÍBV,ÍA,1,6,9,0.00225
2025-08-31,1,ÍBV,ÍA,1,7,1,2.5e-4
2025-08-31,1,ÍBV,ÍA,2,0,197,0.04925
2025-08-31,1,ÍBV,ÍA,2,1,322,0.0805
2025-08-31,1,ÍBV,ÍA,2,2,244,0.061
2025-08-31,1,ÍBV,ÍA,2,3,131,0.03275
2025-08-31,1,ÍBV,ÍA,2,4,67,0.01675
2025-08-31,1,ÍBV,ÍA,2,5,21,0.00525
2025-08-31,1,ÍBV,ÍA,2,6,1,2.5e-4
2025-08-31,1,ÍBV,ÍA,2,7,4,0.001
2025-08-31,1,ÍBV,ÍA,2,8,1,2.5e-4
2025-08-31,1,ÍBV,ÍA,3,0,107,0.02675
2025-08-31,1,ÍBV,ÍA,3,1,186,0.0465
2025-08-31,1,ÍBV,ÍA,3,2,153,0.03825
2025-08-31,1,ÍBV,ÍA,3,3,84,0.021
2025-08-31,1,ÍBV,ÍA,3,4,41,0.01025
2025-08-31,1,ÍBV,ÍA,3,5,15,0.00375
2025-08-31,1,ÍBV,ÍA,3,6,2,5e-4
2025-08-31,1,ÍBV,ÍA,3,7,3,7.5e-4
2025-08-31,1,ÍBV,ÍA,4,0,39,0.00975
2025-08-31,1,ÍBV,ÍA,4,1,65,0.01625
2025-08-31,1,ÍBV,ÍA,4,2,56,0.014
2025-08-31,1,ÍBV,ÍA,4,3,36,0.009
2025-08-31,1,ÍBV,ÍA,4,4,18,0.0045
2025-08-31,1,ÍBV,ÍA,4,5,4,0.001
2025-08-31,1,ÍBV,ÍA,4,6,3,7.5e-4
2025-08-31,1,ÍBV,ÍA,4,7,1,2.5e-4
2025-08-31,1,ÍBV,ÍA,5,0,18,0.0045
2025-08-31,1,ÍBV,ÍA,5,1,23,0.00575
2025-08-31,1,ÍBV,ÍA,5,2,20,0.005
2025-08-31,1,ÍBV,ÍA,5,3,11,0.00275
2025-08-31,1,ÍBV,ÍA,5,4,3,7.5e-4
2025-08-31,1,ÍBV,ÍA,5,5,3,7.5e-4
2025-08-31,1,ÍBV,ÍA,5,6,2,5e-4
2025-08-31,1,ÍBV,ÍA,6,0,5,0.00125
2025-08-31,1,ÍBV,ÍA,6,1,15,0.00375
2025-08-31,1,ÍBV,ÍA,6,2,3,7.5e-4
2025-08-31,1,ÍBV,ÍA,6,3,5,0.00125
2025-08-31,1,ÍBV,ÍA,6,4,1,2.5e-4
2025-08-31,1,ÍBV,ÍA,6,5,3,7.5e-4
2025-08-31,1,ÍBV,ÍA,7,0,2,5e-4
2025-08-31,1,ÍBV,ÍA,7,1,4,0.001
2025-08-31,1,ÍBV,ÍA,7,2,1,2.5e-4
2025-08-31,1,ÍBV,ÍA,7,4,1,2.5e-4
2025-08-31,1,ÍBV,ÍA,7,5,1,2.5e-4
2025-08-31,1,ÍBV,ÍA,8,1,1,2.5e-4
2025-08-31,1,ÍBV,ÍA,10,3,1,2.5e-4
2025-08-31,3,Höttur/Huginn,Haukar,0,0,18,0.0045
2025-08-31,3,Höttur/Huginn,Haukar,0,1,46,0.0115
2025-08-31,3,Höttur/Huginn,Haukar,0,2,71,0.01775
2025-08-31,3,Höttur/Huginn,Haukar,0,3,53,0.01325
2025-08-31,3,Höttur/Huginn,Haukar,0,4,32,0.008
2025-08-31,3,Höttur/Huginn,Haukar,0,5,17,0.00425
2025-08-31,3,Höttur/Huginn,Haukar,0,6,11,0.00275
2025-08-31,3,Höttur/Huginn,Haukar,0,7,3,7.5e-4
2025-08-31,3,Höttur/Huginn,Haukar,0,8,1,2.5e-4
2025-08-31,3,Höttur/Huginn,Haukar,1,0,58,0.0145
2025-08-31,3,Höttur/Huginn,Haukar,1,1,140,0.035
2025-08-31,3,Höttur/Huginn,Haukar,1,2,129,0.03225
2025-08-31,3,Höttur/Huginn,Haukar,1,3,126,0.0315
2025-08-31,3,Höttur/Huginn,Haukar,1,4,71,0.01775
2025-08-31,3,Höttur/Huginn,Haukar,1,5,52,0.013
2025-08-31,3,Höttur/Huginn,Haukar,1,6,20,0.005
2025-08-31,3,Höttur/Huginn,Haukar,1,7,17,0.00425
2025-08-31,3,Höttur/Huginn,Haukar,1,8,4,0.001
2025-08-31,3,Höttur/Huginn,Haukar,1,9,2,5e-4
2025-08-31,3,Höttur/Huginn,Haukar,1,10,1,2.5e-4
2025-08-31,3,Höttur/Huginn,Haukar,2,0,68,0.017
2025-08-31,3,Höttur/Huginn,Haukar,2,1,160,0.04
2025-08-31,3,Höttur/Huginn,Haukar,2,2,199,0.04975
2025-08-31,3,Höttur/Huginn,Haukar,2,3,158,0.0395
2025-08-31,3,Höttur/Huginn,Haukar,2,4,114,0.0285
2025-08-31,3,Höttur/Huginn,Haukar,2,5,69,0.01725
2025-08-31,3,Höttur/Huginn,Haukar,2,6,42,0.0105
2025-08-31,3,Höttur/Huginn,Haukar,2,7,15,0.00375
2025-08-31,3,Höttur/Huginn,Haukar,2,8,7,0.00175
2025-08-31,3,Höttur/Huginn,Haukar,2,9,2,5e-4
2025-08-31,3,Höttur/Huginn,Haukar,2,10,2,5e-4
2025-08-31,3,Höttur/Huginn,Haukar,3,0,68,0.017
2025-08-31,3,Höttur/Huginn,Haukar,3,1,132,0.033
2025-08-31,3,Höttur/Huginn,Haukar,3,2,182,0.0455
2025-08-31,3,Höttur/Huginn,Haukar,3,3,162,0.0405
2025-08-31,3,Höttur/Huginn,Haukar,3,4,119,0.02975
2025-08-31,3,Höttur/Huginn,Haukar,3,5,69,0.01725
2025-08-31,3,Höttur/Huginn,Haukar,3,6,29,0.00725
2025-08-31,3,Höttur/Huginn,Haukar,3,7,9,0.00225
2025-08-31,3,Höttur/Huginn,Haukar,3,8,3,7.5e-4
2025-08-31,3,Höttur/Huginn,Haukar,3,9,3,7.5e-4
2025-08-31,3,Höttur/Huginn,Haukar,3,10,4,0.001
2025-08-31,3,Höttur/Huginn,Haukar,3,11,3,7.5e-4
2025-08-31,3,Höttur/Huginn,Haukar,4,0,58,0.0145
2025-08-31,3,Höttur/Huginn,Haukar,4,1,114,0.0285
2025-08-31,3,Höttur/Huginn,Haukar,4,2,157,0.03925
2025-08-31,3,Höttur/Huginn,Haukar,4,3,120,0.03
2025-08-31,3,Höttur/Huginn,Haukar,4,4,91,0.02275
2025-08-31,3,Höttur/Huginn,Haukar,4,5,56,0.014
2025-08-31,3,Höttur/Huginn,Haukar,4,6,32,0.008
2025-08-31,3,Höttur/Huginn,Haukar,4,7,11,0.00275
2025-08-31,3,Höttur/Huginn,Haukar,4,8,3,7.5e-4
2025-08-31,3,Höttur/Huginn,Haukar,4,10,1,2.5e-4
2025-08-31,3,Höttur/Huginn,Haukar,5,0,31,0.00775
2025-08-31,3,Höttur/Huginn,Haukar,5,1,75,0.01875
2025-08-31,3,Höttur/Huginn,Haukar,5,2,81,0.02025
2025-08-31,3,Höttur/Huginn,Haukar,5,3,70,0.0175
2025-08-31,3,Höttur/Huginn,Haukar,5,4,55,0.01375
2025-08-31,3,Höttur/Huginn,Haukar,5,5,47,0.01175
2025-08-31,3,Höttur/Huginn,Haukar,5,6,17,0.00425
2025-08-31,3,Höttur/Huginn,Haukar,5,7,12,0.003
2025-08-31,3,Höttur/Huginn,Haukar,5,8,1,2.5e-4
2025-08-31,3,Höttur/Huginn,Haukar,5,9,2,5e-4
2025-08-31,3,Höttur/Huginn,Haukar,6,0,20,0.005
2025-08-31,3,Höttur/Huginn,Haukar,6,1,40,0.01
2025-08-31,3,Höttur/Huginn,Haukar,6,2,50,0.0125
2025-08-31,3,Höttur/Huginn,Haukar,6,3,54,0.0135
2025-08-31,3,Höttur/Huginn,Haukar,6,4,19,0.00475
2025-08-31,3,Höttur/Huginn,Haukar,6,5,20,0.005
2025-08-31,3,Höttur/Huginn,Haukar,6,6,16,0.004
2025-08-31,3,Höttur/Huginn,Haukar,6,7,5,0.00125
2025-08-31,3,Höttur/Huginn,Haukar,6,8,1,2.5e-4
2025-08-31,3,Höttur/Huginn,Haukar,7,0,14,0.0035
2025-08-31,3,Höttur/Huginn,Haukar,7,1,22,0.0055
2025-08-31,3,Höttur/Huginn,Haukar,7,2,23,0.00575
2025-08-31,3,Höttur/Huginn,Haukar,7,3,31,0.00775
2025-08-31,3,Höttur/Huginn,Haukar,7,4,20,0.005
2025-08-31,3,Höttur/Huginn,Haukar,7,5,11,0.00275
2025-08-31,3,Höttur/Huginn,Haukar,7,6,8,0.002
2025-08-31,3,Höttur/Huginn,Haukar,7,7,5,0.00125
2025-08-31,3,Höttur/Huginn,Haukar,7,8,3,7.5e-4
2025-08-31,3,Höttur/Huginn,Haukar,7,10,1,2.5e-4
2025-08-31,3,Höttur/Huginn,Haukar,8,0,6,0.0015
2025-08-31,3,Höttur/Huginn,Haukar,8,1,8,0.002
2025-08-31,3,Höttur/Huginn,Haukar,8,2,16,0.004
2025-08-31,3,Höttur/Huginn,Haukar,8,3,12,0.003
2025-08-31,3,Höttur/Huginn,Haukar,8,4,1,2.5e-4
2025-08-31,3,Höttur/Huginn,Haukar,8,5,6,0.0015
2025-08-31,3,Höttur/Huginn,Haukar,8,6,2,5e-4
2025-08-31,3,Höttur/Huginn,Haukar,8,8,4,0.001
2025-08-31,3,Höttur/Huginn,Haukar,8,9,1,2.5e-4
2025-08-31,3,Höttur/Huginn,Haukar,9,1,5,0.00125
2025-08-31,3,Höttur/Huginn,Haukar,9,2,5,0.00125
2025-08-31,3,Höttur/Huginn,Haukar,9,3,8,0.002
2025-08-31,3,Höttur/Huginn,Haukar,9,4,7,0.00175
2025-08-31,3,Höttur/Huginn,Haukar,9,5,3,7.5e-4
2025-08-31,3,Höttur/Huginn,Haukar,9,6,1,2.5e-4
2025-08-31,3,Höttur/Huginn,Haukar,9,7,2,5e-4
2025-08-31,3,Höttur/Huginn,Haukar,10,1,1,2.5e-4
2025-08-31,3,Höttur/Huginn,Haukar,10,2,3,7.5e-4
2025-08-31,3,Höttur/Huginn,Haukar,10,3,5,0.00125
2025-08-31,3,Höttur/Huginn,Haukar,10,4,1,2.5e-4
2025-08-31,3,Höttur/Huginn,Haukar,10,5,1,2.5e-4
2025-08-31,3,Höttur/Huginn,Haukar,10,7,1,2.5e-4
2025-08-31,3,Höttur/Huginn,Haukar,10,8,1,2.5e-4
2025-08-31,3,Höttur/Huginn,Haukar,10,10,1,2.5e-4
2025-08-31,3,Höttur/Huginn,Haukar,11,2,2,5e-4
2025-08-31,3,Höttur/Huginn,Haukar,11,3,1,2.5e-4
2025-08-31,3,Höttur/Huginn,Haukar,11,4,2,5e-4
2025-08-31,3,Höttur/Huginn,Haukar,11,5,1,2.5e-4
2025-08-31,3,Höttur/Huginn,Haukar,12,2,2,5e-4
2025-08-31,3,Höttur/Huginn,Haukar,12,3,1,2.5e-4
2025-08-31,3,Höttur/Huginn,Haukar,13,1,1,2.5e-4
2025-08-31,3,Höttur/Huginn,Haukar,15,3,1,2.5e-4
2025-09-03,5,Elliði,Álftanes,0,0,63,0.01575
2025-09-03,5,Elliði,Álftanes,0,1,65,0.01625
2025-09-03,5,Elliði,Álftanes,0,2,42,0.0105
2025-09-03,5,Elliði,Álftanes,0,3,26,0.0065
2025-09-03,5,Elliði,Álftanes,0,4,10,0.0025
2025-09-03,5,Elliði,Álftanes,0,5,3,7.5e-4
2025-09-03,5,Elliði,Álftanes,0,6,1,2.5e-4
2025-09-03,5,Elliði,Álftanes,1,0,132,0.033
2025-09-03,5,Elliði,Álftanes,1,1,186,0.0465
2025-09-03,5,Elliði,Álftanes,1,2,143,0.03575
2025-09-03,5,Elliði,Álftanes,1,3,70,0.0175
2025-09-03,5,Elliði,Álftanes,1,4,28,0.007
2025-09-03,5,Elliði,Álftanes,1,5,9,0.00225
2025-09-03,5,Elliði,Álftanes,1,6,3,7.5e-4
2025-09-03,5,Elliði,Álftanes,2,0,205,0.05125
2025-09-03,5,Elliði,Álftanes,2,1,266,0.0665
2025-09-03,5,Elliði,Álftanes,2,2,208,0.052
2025-09-03,5,Elliði,Álftanes,2,3,94,0.0235
2025-09-03,5,Elliði,Álftanes,2,4,31,0.00775
2025-09-03,5,Elliði,Álftanes,2,5,16,0.004
2025-09-03,5,Elliði,Álftanes,2,6,4,0.001
2025-09-03,5,Elliði,Álftanes,2,7,2,5e-4
2025-09-03,5,Elliði,Álftanes,2,8,1,2.5e-4
2025-09-03,5,Elliði,Álftanes,3,0,197,0.04925
2025-09-03,5,Elliði,Álftanes,3,1,288,0.072
2025-09-03,5,Elliði,Álftanes,3,2,177,0.04425
2025-09-03,5,Elliði,Álftanes,3,3,94,0.0235
2025-09-03,5,Elliði,Álftanes,3,4,37,0.00925
2025-09-03,5,Elliði,Álftanes,3,5,16,0.004
2025-09-03,5,Elliði,Álftanes,3,6,4,0.001
2025-09-03,5,Elliði,Álftanes,3,7,2,5e-4
2025-09-03,5,Elliði,Álftanes,4,0,158,0.0395
2025-09-03,5,Elliði,Álftanes,4,1,218,0.0545
2025-09-03,5,Elliði,Álftanes,4,2,154,0.0385
2025-09-03,5,Elliði,Álftanes,4,3,71,0.01775
2025-09-03,5,Elliði,Álftanes,4,4,32,0.008
2025-09-03,5,Elliði,Álftanes,4,5,11,0.00275
2025-09-03,5,Elliði,Álftanes,4,6,5,0.00125
2025-09-03,5,Elliði,Álftanes,4,7,1,2.5e-4
2025-09-03,5,Elliði,Álftanes,4,8,1,2.5e-4
2025-09-03,5,Elliði,Álftanes,5,0,114,0.0285
2025-09-03,5,Elliði,Álftanes,5,1,140,0.035
2025-09-03,5,Elliði,Álftanes,5,2,101,0.02525
2025-09-03,5,Elliði,Álftanes,5,3,45,0.01125
2025-09-03,5,Elliði,Álftanes,5,4,20,0.005
2025-09-03,5,Elliði,Álftanes,5,5,8,0.002
2025-09-03,5,Elliði,Álftanes,5,6,3,7.5e-4
2025-09-03,5,Elliði,Álftanes,6,0,64,0.016
2025-09-03,5,Elliði,Álftanes,6,1,82,0.0205
2025-09-03,5,Elliði,Álftanes,6,2,55,0.01375
2025-09-03,5,Elliði,Álftanes,6,3,31,0.00775
2025-09-03,5,Elliði,Álftanes,6,4,8,0.002
2025-09-03,5,Elliði,Álftanes,6,5,4,0.001
2025-09-03,5,Elliði,Álftanes,6,6,1,2.5e-4
2025-09-03,5,Elliði,Álftanes,7,0,37,0.00925
2025-09-03,5,Elliði,Álftanes,7,1,54,0.0135
2025-09-03,5,Elliði,Álftanes,7,2,28,0.007
2025-09-03,5,Elliði,Álftanes,7,3,17,0.00425
2025-09-03,5,Elliði,Álftanes,7,4,13,0.00325
2025-09-03,5,Elliði,Álftanes,7,5,4,0.001
2025-09-03,5,Elliði,Álftanes,7,8,1,2.5e-4
2025-09-03,5,Elliði,Álftanes,8,0,11,0.00275
2025-09-03,5,Elliði,Álftanes,8,1,14,0.0035
2025-09-03,5,Elliði,Álftanes,8,2,18,0.0045
2025-09-03,5,Elliði,Álftanes,8,3,8,0.002
2025-09-03,5,Elliði,Álftanes,8,4,2,5e-4
2025-09-03,5,Elliði,Álftanes,9,0,6,0.0015
2025-09-03,5,Elliði,Álftanes,9,1,10,0.0025
2025-09-03,5,Elliði,Álftanes,9,2,6,0.0015
2025-09-03,5,Elliði,Álftanes,9,3,1,2.5e-4
2025-09-03,5,Elliði,Álftanes,9,4,2,5e-4
2025-09-03,5,Elliði,Álftanes,9,7,1,2.5e-4
2025-09-03,5,Elliði,Álftanes,10,0,2,5e-4
2025-09-03,5,Elliði,Álftanes,10,1,4,0.001
2025-09-03,5,Elliði,Álftanes,10,2,1,2.5e-4
2025-09-03,5,Elliði,Álftanes,10,3,3,7.5e-4
2025-09-03,5,Elliði,Álftanes,10,4,1,2.5e-4
2025-09-03,5,Elliði,Álftanes,11,0,1,2.5e-4
2025-09-03,5,Elliði,Álftanes,11,1,1,2.5e-4
2025-09-03,5,Elliði,Álftanes,11,2,1,2.5e-4
2025-09-03,5,Elliði,Álftanes,12,0,1,2.5e-4
2025-09-03,5,Elliði,Álftanes,12,1,1,2.5e-4
2025-09-03,5,Elliði,Álftanes,12,4,1,2.5e-4
2025-09-03,5,Kría,KH,0,0,52,0.013
2025-09-03,5,Kría,KH,0,1,69,0.01725
2025-09-03,5,Kría,KH,0,2,90,0.0225
2025-09-03,5,Kría,KH,0,3,69,0.01725
2025-09-03,5,Kría,KH,0,4,50,0.0125
2025-09-03,5,Kría,KH,0,5,26,0.0065
2025-09-03,5,Kría,KH,0,6,7,0.00175
2025-09-03,5,Kría,KH,0,7,1,2.5e-4
2025-09-03,5,Kría,KH,1,0,85,0.02125
2025-09-03,5,Kría,KH,1,1,193,0.04825
2025-09-03,5,Kría,KH,1,2,214,0.0535
2025-09-03,5,Kría,KH,1,3,173,0.04325
2025-09-03,5,Kría,KH,1,4,115,0.02875
2025-09-03,5,Kría,KH,1,5,51,0.01275
2025-09-03,5,Kría,KH,1,6,17,0.00425
2025-09-03,5,Kría,KH,1,7,8,0.002
2025-09-03,5,Kría,KH,1,8,5,0.00125
2025-09-03,5,Kría,KH,1,9,4,0.001
2025-09-03,5,Kría,KH,2,0,107,0.02675
2025-09-03,5,Kría,KH,2,1,198,0.0495
2025-09-03,5,Kría,KH,2,2,261,0.06525
2025-09-03,5,Kría,KH,2,3,183,0.04575
2025-09-03,5,Kría,KH,2,4,105,0.02625
2025-09-03,5,Kría,KH,2,5,59,0.01475
2025-09-03,5,Kría,KH,2,6,29,0.00725
2025-09-03,5,Kría,KH,2,7,7,0.00175
2025-09-03,5,Kría,KH,2,8,4,0.001
2025-09-03,5,Kría,KH,3,0,83,0.02075
2025-09-03,5,Kría,KH,3,1,185,0.04625
2025-09-03,5,Kría,KH,3,2,212,0.053
2025-09-03,5,Kría,KH,3,3,161,0.04025
2025-09-03,5,Kría,KH,3,4,81,0.02025
2025-09-03,5,Kría,KH,3,5,62,0.0155
2025-09-03,5,Kría,KH,3,6,17,0.00425
2025-09-03,5,Kría,KH,3,7,5,0.00125
2025-09-03,5,Kría,KH,3,8,1,2.5e-4
2025-09-03,5,Kría,KH,4,0,58,0.0145
2025-09-03,5,Kría,KH,4,1,105,0.02625
2025-09-03,5,Kría,KH,4,2,136,0.034
2025-09-03,5,Kría,KH,4,3,98,0.0245
2025-09-03,5,Kría,KH,4,4,53,0.01325
2025-09-03,5,Kría,KH,4,5,27,0.00675
2025-09-03,5,Kría,KH,4,6,14,0.0035
2025-09-03,5,Kría,KH,4,7,8,0.002
2025-09-03,5,Kría,KH,4,8,4,0.001
2025-09-03,5,Kría,KH,4,9,1,2.5e-4
2025-09-03,5,Kría,KH,5,0,36,0.009
2025-09-03,5,Kría,KH,5,1,70,0.0175
2025-09-03,5,Kría,KH,5,2,66,0.0165
2025-09-03,5,Kría,KH,5,3,47,0.01175
2025-09-03,5,Kría,KH,5,4,44,0.011
2025-09-03,5,Kría,KH,5,5,18,0.0045
2025-09-03,5,Kría,KH,5,6,6,0.0015
2025-09-03,5,Kría,KH,5,7,3,7.5e-4
2025-09-03,5,Kría,KH,5,8,1,2.5e-4
2025-09-03,5,Kría,KH,6,0,15,0.00375
2025-09-03,5,Kría,KH,6,1,23,0.00575
2025-09-03,5,Kría,KH,6,2,39,0.00975
2025-09-03,5,Kría,KH,6,3,22,0.0055
2025-09-03,5,Kría,KH,6,4,22,0.0055
2025-09-03,5,Kría,KH,6,5,5,0.00125
2025-09-03,5,Kría,KH,6,6,6,0.0015
2025-09-03,5,Kría,KH,7,0,6,0.0015
2025-09-03,5,Kría,KH,7,1,17,0.00425
2025-09-03,5,Kría,KH,7,2,13,0.00325
2025-09-03,5,Kría,KH,7,3,8,0.002
2025-09-03,5,Kría,KH,7,4,8,0.002
2025-09-03,5,Kría,KH,7,5,3,7.5e-4
2025-09-03,5,Kría,KH,7,6,1,2.5e-4
2025-09-03,5,Kría,KH,8,0,3,7.5e-4
2025-09-03,5,Kría,KH,8,1,4,0.001
2025-09-03,5,Kría,KH,8,2,3,7.5e-4
2025-09-03,5,Kría,KH,8,3,5,0.00125
2025-09-03,5,Kría,KH,8,4,4,0.001
2025-09-03,5,Kría,KH,8,5,2,5e-4
2025-09-03,5,Kría,KH,9,2,3,7.5e-4
2025-09-03,5,Kría,KH,9,3,1,2.5e-4
2025-09-03,5,Kría,KH,9,4,1,2.5e-4
2025-09-03,5,Kría,KH,9,5,1,2.5e-4
2025-09-03,5,Kría,KH,10,2,1,2.5e-4
2025-09-03,5,KÁ,Vængir Júpiters,0,0,79,0.01975
2025-09-03,5,KÁ,Vængir Júpiters,0,1,62,0.0155
2025-09-03,5,KÁ,Vængir Júpiters,0,2,18,0.0045
2025-09-03,5,KÁ,Vængir Júpiters,0,3,5,0.00125
2025-09-03,5,KÁ,Vængir Júpiters,1,0,285,0.07125
2025-09-03,5,KÁ,Vængir Júpiters,1,1,163,0.04075
2025-09-03,5,KÁ,Vængir Júpiters,1,2,45,0.01125
2025-09-03,5,KÁ,Vængir Júpiters,1,3,12,0.003
2025-09-03,5,KÁ,Vængir Júpiters,1,4,6,0.0015
2025-09-03,5,KÁ,Vængir Júpiters,1,5,1,2.5e-4
2025-09-03,5,KÁ,Vængir Júpiters,2,0,363,0.09075
2025-09-03,5,KÁ,Vængir Júpiters,2,1,248,0.062
2025-09-03,5,KÁ,Vængir Júpiters,2,2,89,0.02225
2025-09-03,5,KÁ,Vængir Júpiters,2,3,22,0.0055
2025-09-03,5,KÁ,Vængir Júpiters,2,4,4,0.001
2025-09-03,5,KÁ,Vængir Júpiters,2,5,1,2.5e-4
2025-09-03,5,KÁ,Vængir Júpiters,3,0,419,0.10475
2025-09-03,5,KÁ,Vængir Júpiters,3,1,257,0.06425
2025-09-03,5,KÁ,Vængir Júpiters,3,2,81,0.02025
2025-09-03,5,KÁ,Vængir Júpiters,3,3,20,0.005
2025-09-03,5,KÁ,Vængir Júpiters,3,4,3,7.5e-4
2025-09-03,5,KÁ,Vængir Júpiters,3,5,2,5e-4
2025-09-03,5,KÁ,Vængir Júpiters,3,6,1,2.5e-4
2025-09-03,5,KÁ,Vængir Júpiters,4,0,318,0.0795
2025-09-03,5,KÁ,Vængir Júpiters,4,1,235,0.05875
2025-09-03,5,KÁ,Vængir Júpiters,4,2,77,0.01925
2025-09-03,5,KÁ,Vængir Júpiters,4,3,19,0.00475
2025-09-03,5,KÁ,Vængir Júpiters,4,4,9,0.00225
2025-09-03,5,KÁ,Vængir Júpiters,4,5,1,2.5e-4
2025-09-03,5,KÁ,Vængir Júpiters,5,0,212,0.053
2025-09-03,5,KÁ,Vængir Júpiters,5,1,166,0.0415
2025-09-03,5,KÁ,Vængir Júpiters,5,2,60,0.015
2025-09-03,5,KÁ,Vængir Júpiters,5,3,13,0.00325
2025-09-03,5,KÁ,Vængir Júpiters,5,4,3,7.5e-4
2025-09-03,5,KÁ,Vængir Júpiters,5,5,3,7.5e-4
2025-09-03,5,KÁ,Vængir Júpiters,6,0,159,0.03975
2025-09-03,5,KÁ,Vængir Júpiters,6,1,105,0.02625
2025-09-03,5,KÁ,Vængir Júpiters,6,2,46,0.0115
2025-09-03,5,KÁ,Vængir Júpiters,6,3,11,0.00275
2025-09-03,5,KÁ,Vængir Júpiters,6,4,4,0.001
2025-09-03,5,KÁ,Vængir Júpiters,7,0,97,0.02425
2025-09-03,5,KÁ,Vængir Júpiters,7,1,61,0.01525
2025-09-03,5,KÁ,Vængir Júpiters,7,2,21,0.00525
2025-09-03,5,KÁ,Vængir Júpiters,7,3,7,0.00175
2025-09-03,5,KÁ,Vængir Júpiters,7,4,1,2.5e-4
2025-09-03,5,KÁ,Vængir Júpiters,8,0,56,0.014
2025-09-03,5,KÁ,Vængir Júpiters,8,1,37,0.00925
2025-09-03,5,KÁ,Vængir Júpiters,8,2,10,0.0025
2025-09-03,5,KÁ,Vængir Júpiters,8,3,3,7.5e-4
2025-09-03,5,KÁ,Vængir Júpiters,9,0,23,0.00575
2025-09-03,5,KÁ,Vængir Júpiters,9,1,13,0.00325
2025-09-03,5,KÁ,Vængir Júpiters,9,2,6,0.0015
2025-09-03,5,KÁ,Vængir Júpiters,9,3,3,7.5e-4
2025-09-03,5,KÁ,Vængir Júpiters,9,4,1,2.5e-4
2025-09-03,5,KÁ,Vængir Júpiters,10,0,11,0.00275
2025-09-03,5,KÁ,Vængir Júpiters,10,1,7,0.00175
2025-09-03,5,KÁ,Vængir Júpiters,10,2,3,7.5e-4
2025-09-03,5,KÁ,Vængir Júpiters,10,3,1,2.5e-4
2025-09-03,5,KÁ,Vængir Júpiters,11,0,4,0.001
2025-09-03,5,KÁ,Vængir Júpiters,11,1,4,0.001
2025-09-03,5,KÁ,Vængir Júpiters,12,0,3,7.5e-4
2025-09-03,5,KÁ,Vængir Júpiters,14,0,1,2.5e-4
2025-09-04,5,Hafnir,Hamar,0,0,144,0.036
2025-09-04,5,Hafnir,Hamar,0,1,133,0.03325
2025-09-04,5,Hafnir,Hamar,0,2,65,0.01625
2025-09-04,5,Hafnir,Hamar,0,3,22,0.0055
2025-09-04,5,Hafnir,Hamar,0,4,8,0.002
2025-09-04,5,Hafnir,Hamar,0,5,1,2.5e-4
2025-09-04,5,Hafnir,Hamar,1,0,294,0.0735
2025-09-04,5,Hafnir,Hamar,1,1,315,0.07875
2025-09-04,5,Hafnir,Hamar,1,2,156,0.039
2025-09-04,5,Hafnir,Hamar,1,3,64,0.016
2025-09-04,5,Hafnir,Hamar,1,4,15,0.00375
2025-09-04,5,Hafnir,Hamar,1,5,4,0.001
2025-09-04,5,Hafnir,Hamar,1,6,1,2.5e-4
2025-09-04,5,Hafnir,Hamar,2,0,342,0.0855
2025-09-04,5,Hafnir,Hamar,2,1,344,0.086
2025-09-04,5,Hafnir,Hamar,2,2,184,0.046
2025-09-04,5,Hafnir,Hamar,2,3,77,0.01925
2025-09-04,5,Hafnir,Hamar,2,4,17,0.00425
2025-09-04,5,Hafnir,Hamar,2,5,8,0.002
2025-09-04,5,Hafnir,Hamar,2,7,1,2.5e-4
2025-09-04,5,Hafnir,Hamar,3,0,287,0.07175
2025-09-04,5,Hafnir,Hamar,3,1,297,0.07425
2025-09-04,5,Hafnir,Hamar,3,2,164,0.041
2025-09-04,5,Hafnir,Hamar,3,3,54,0.0135
2025-09-04,5,Hafnir,Hamar,3,4,17,0.00425
2025-09-04,5,Hafnir,Hamar,3,5,5,0.00125
2025-09-04,5,Hafnir,Hamar,3,6,2,5e-4
2025-09-04,5,Hafnir,Hamar,4,0,171,0.04275
2025-09-04,5,Hafnir,Hamar,4,1,173,0.04325
2025-09-04,5,Hafnir,Hamar,4,2,106,0.0265
2025-09-04,5,Hafnir,Hamar,4,3,36,0.009
2025-09-04,5,Hafnir,Hamar,4,4,13,0.00325
2025-09-04,5,Hafnir,Hamar,4,5,1,2.5e-4
2025-09-04,5,Hafnir,Hamar,4,6,1,2.5e-4
2025-09-04,5,Hafnir,Hamar,5,0,104,0.026
2025-09-04,5,Hafnir,Hamar,5,1,92,0.023
2025-09-04,5,Hafnir,Hamar,5,2,46,0.0115
2025-09-04,5,Hafnir,Hamar,5,3,20,0.005
2025-09-04,5,Hafnir,Hamar,5,4,7,0.00175
2025-09-04,5,Hafnir,Hamar,5,5,1,2.5e-4
2025-09-04,5,Hafnir,Hamar,6,0,40,0.01
2025-09-04,5,Hafnir,Hamar,6,1,44,0.011
2025-09-04,5,Hafnir,Hamar,6,2,19,0.00475
2025-09-04,5,Hafnir,Hamar,6,3,9,0.00225
2025-09-04,5,Hafnir,Hamar,6,4,2,5e-4
2025-09-04,5,Hafnir,Hamar,6,5,1,2.5e-4
2025-09-04,5,Hafnir,Hamar,6,6,1,2.5e-4
2025-09-04,5,Hafnir,Hamar,7,0,23,0.00575
2025-09-04,5,Hafnir,Hamar,7,1,26,0.0065
2025-09-04,5,Hafnir,Hamar,7,2,6,0.0015
2025-09-04,5,Hafnir,Hamar,7,3,3,7.5e-4
2025-09-04,5,Hafnir,Hamar,7,4,2,5e-4
2025-09-04,5,Hafnir,Hamar,8,0,9,0.00225
2025-09-04,5,Hafnir,Hamar,8,1,5,0.00125
2025-09-04,5,Hafnir,Hamar,8,2,2,5e-4
2025-09-04,5,Hafnir,Hamar,8,3,2,5e-4
2025-09-04,5,Hafnir,Hamar,8,4,1,2.5e-4
2025-09-04,5,Hafnir,Hamar,9,0,3,7.5e-4
2025-09-04,5,Hafnir,Hamar,9,1,4,0.001
2025-09-04,5,Hafnir,Hamar,10,0,2,5e-4
2025-09-04,5,Hafnir,Hamar,10,1,3,7.5e-4
2025-09-04,5,Hafnir,Hamar,11,0,1,2.5e-4
2025-09-04,5,Árborg,KFS,0,0,183,0.04575
2025-09-04,5,Árborg,KFS,0,1,179,0.04475
2025-09-04,5,Árborg,KFS,0,2,81,0.02025
2025-09-04,5,Árborg,KFS,0,3,27,0.00675
2025-09-04,5,Árborg,KFS,0,4,8,0.002
2025-09-04,5,Árborg,KFS,0,5,1,2.5e-4
2025-09-04,5,Árborg,KFS,1,0,358,0.0895
2025-09-04,5,Árborg,KFS,1,1,339,0.08475
2025-09-04,5,Árborg,KFS,1,2,171,0.04275
2025-09-04,5,Árborg,KFS,1,3,59,0.01475
2025-09-04,5,Árborg,KFS,1,4,24,0.006
2025-09-04,5,Árborg,KFS,1,5,5,0.00125
2025-09-04,5,Árborg,KFS,2,0,365,0.09125
2025-09-04,5,Árborg,KFS,2,1,376,0.094
2025-09-04,5,Árborg,KFS,2,2,183,0.04575
2025-09-04,5,Árborg,KFS,2,3,73,0.01825
2025-09-04,5,Árborg,KFS,2,4,18,0.0045
2025-09-04,5,Árborg,KFS,2,5,7,0.00175
2025-09-04,5,Árborg,KFS,2,6,1,2.5e-4
2025-09-04,5,Árborg,KFS,3,0,285,0.07125
2025-09-04,5,Árborg,KFS,3,1,289,0.07225
2025-09-04,5,Árborg,KFS,3,2,123,0.03075
2025-09-04,5,Árborg,KFS,3,3,40,0.01
2025-09-04,5,Árborg,KFS,3,4,17,0.00425
2025-09-04,5,Árborg,KFS,3,5,3,7.5e-4
2025-09-04,5,Árborg,KFS,4,0,182,0.0455
2025-09-04,5,Árborg,KFS,4,1,137,0.03425
2025-09-04,5,Árborg,KFS,4,2,81,0.02025
2025-09-04,5,Árborg,KFS,4,3,27,0.00675
2025-09-04,5,Árborg,KFS,4,4,8,0.002
2025-09-04,5,Árborg,KFS,4,5,5,0.00125
2025-09-04,5,Árborg,KFS,4,6,1,2.5e-4
2025-09-04,5,Árborg,KFS,5,0,77,0.01925
2025-09-04,5,Árborg,KFS,5,1,76,0.019
2025-09-04,5,Árborg,KFS,5,2,35,0.00875
2025-09-04,5,Árborg,KFS,5,3,16,0.004
2025-09-04,5,Árborg,KFS,5,4,3,7.5e-4
2025-09-04,5,Árborg,KFS,5,5,1,2.5e-4
2025-09-04,5,Árborg,KFS,5,6,1,2.5e-4
2025-09-04,5,Árborg,KFS,6,0,28,0.007
2025-09-04,5,Árborg,KFS,6,1,32,0.008
2025-09-04,5,Árborg,KFS,6,2,10,0.0025
2025-09-04,5,Árborg,KFS,6,3,6,0.0015
2025-09-04,5,Árborg,KFS,6,4,2,5e-4
2025-09-04,5,Árborg,KFS,6,5,1,2.5e-4
2025-09-04,5,Árborg,KFS,6,6,1,2.5e-4
2025-09-04,5,Árborg,KFS,6,7,1,2.5e-4
2025-09-04,5,Árborg,KFS,7,0,14,0.0035
2025-09-04,5,Árborg,KFS,7,1,11,0.00275
2025-09-04,5,Árborg,KFS,7,2,8,0.002
2025-09-04,5,Árborg,KFS,7,4,2,5e-4
2025-09-04,5,Árborg,KFS,8,0,8,0.002
2025-09-04,5,Árborg,KFS,8,1,3,7.5e-4
2025-09-04,5,Árborg,KFS,8,2,4,0.001
2025-09-04,5,Árborg,KFS,8,4,1,2.5e-4
2025-09-04,5,Árborg,KFS,9,0,1,2.5e-4
2025-09-04,5,Árborg,KFS,9,1,1,2.5e-4
2025-09-04,5,Árborg,KFS,10,1,1,2.5e-4
2025-09-06,2,Fylkir,Völsungur,0,0,157,0.03925
2025-09-06,2,Fylkir,Völsungur,0,1,184,0.046
2025-09-06,2,Fylkir,Völsungur,0,2,136,0.034
2025-09-06,2,Fylkir,Völsungur,0,3,56,0.014
2025-09-06,2,Fylkir,Völsungur,0,4,30,0.0075
2025-09-06,2,Fylkir,Völsungur,0,5,7,0.00175
2025-09-06,2,Fylkir,Völsungur,0,6,2,5e-4
2025-09-06,2,Fylkir,Völsungur,0,8,1,2.5e-4
2025-09-06,2,Fylkir,Völsungur,0,9,1,2.5e-4
2025-09-06,2,Fylkir,Völsungur,1,0,236,0.059
2025-09-06,2,Fylkir,Völsungur,1,1,356,0.089
2025-09-06,2,Fylkir,Völsungur,1,2,256,0.064
2025-09-06,2,Fylkir,Völsungur,1,3,129,0.03225
2025-09-06,2,Fylkir,Völsungur,1,4,51,0.01275
2025-09-06,2,Fylkir,Völsungur,1,5,14,0.0035
2025-09-06,2,Fylkir,Völsungur,1,6,6,0.0015
2025-09-06,2,Fylkir,Völsungur,1,9,1,2.5e-4
2025-09-06,2,Fylkir,Völsungur,2,0,237,0.05925
2025-09-06,2,Fylkir,Völsungur,2,1,324,0.081
2025-09-06,2,Fylkir,Völsungur,2,2,236,0.059
2025-09-06,2,Fylkir,Völsungur,2,3,130,0.0325
2025-09-06,2,Fylkir,Völsungur,2,4,46,0.0115
2025-09-06,2,Fylkir,Völsungur,2,5,10,0.0025
2025-09-06,2,Fylkir,Völsungur,2,6,4,0.001
2025-09-06,2,Fylkir,Völsungur,2,7,1,2.5e-4
2025-09-06,2,Fylkir,Völsungur,2,8,1,2.5e-4
2025-09-06,2,Fylkir,Völsungur,3,0,164,0.041
2025-09-06,2,Fylkir,Völsungur,3,1,237,0.05925
2025-09-06,2,Fylkir,Völsungur,3,2,183,0.04575
2025-09-06,2,Fylkir,Völsungur,3,3,92,0.023
2025-09-06,2,Fylkir,Völsungur,3,4,40,0.01
2025-09-06,2,Fylkir,Völsungur,3,5,13,0.00325
2025-09-06,2,Fylkir,Völsungur,3,6,4,0.001
2025-09-06,2,Fylkir,Völsungur,4,0,88,0.022
2025-09-06,2,Fylkir,Völsungur,4,1,139,0.03475
2025-09-06,2,Fylkir,Völsungur,4,2,92,0.023
2025-09-06,2,Fylkir,Völsungur,4,3,44,0.011
2025-09-06,2,Fylkir,Völsungur,4,4,21,0.00525
2025-09-06,2,Fylkir,Völsungur,4,5,5,0.00125
2025-09-06,2,Fylkir,Völsungur,5,0,37,0.00925
2025-09-06,2,Fylkir,Völsungur,5,1,52,0.013
2025-09-06,2,Fylkir,Völsungur,5,2,36,0.009
2025-09-06,2,Fylkir,Völsungur,5,3,13,0.00325
2025-09-06,2,Fylkir,Völsungur,5,4,12,0.003
2025-09-06,2,Fylkir,Völsungur,5,5,5,0.00125
2025-09-06,2,Fylkir,Völsungur,5,6,2,5e-4
2025-09-06,2,Fylkir,Völsungur,6,0,14,0.0035
2025-09-06,2,Fylkir,Völsungur,6,1,17,0.00425
2025-09-06,2,Fylkir,Völsungur,6,2,18,0.0045
2025-09-06,2,Fylkir,Völsungur,6,3,10,0.0025
2025-09-06,2,Fylkir,Völsungur,6,4,4,0.001
2025-09-06,2,Fylkir,Völsungur,6,5,2,5e-4
2025-09-06,2,Fylkir,Völsungur,6,6,2,5e-4
2025-09-06,2,Fylkir,Völsungur,7,0,8,0.002
2025-09-06,2,Fylkir,Völsungur,7,1,7,0.00175
2025-09-06,2,Fylkir,Völsungur,7,2,11,0.00275
2025-09-06,2,Fylkir,Völsungur,7,4,1,2.5e-4
2025-09-06,2,Fylkir,Völsungur,7,5,1,2.5e-4
2025-09-06,2,Fylkir,Völsungur,8,0,1,2.5e-4
2025-09-06,2,Fylkir,Völsungur,8,1,4,0.001
2025-09-06,2,Fylkir,Völsungur,8,2,2,5e-4
2025-09-06,2,Fylkir,Völsungur,8,3,1,2.5e-4
2025-09-06,2,Fylkir,Völsungur,8,4,1,2.5e-4
2025-09-06,2,Fylkir,Völsungur,9,0,2,5e-4
2025-09-06,2,Fylkir,Völsungur,9,4,2,5e-4
2025-09-06,2,Fylkir,Völsungur,10,2,1,2.5e-4
2025-09-06,2,Grindavík,ÍR,0,0,116,0.029
2025-09-06,2,Grindavík,ÍR,0,1,116,0.029
2025-09-06,2,Grindavík,ÍR,0,2,50,0.0125
2025-09-06,2,Grindavík,ÍR,0,3,27,0.00675
2025-09-06,2,Grindavík,ÍR,0,4,13,0.00325
2025-09-06,2,Grindavík,ÍR,0,5,5,0.00125
2025-09-06,2,Grindavík,ÍR,0,7,1,2.5e-4
2025-09-06,2,Grindavík,ÍR,1,0,187,0.04675
2025-09-06,2,Grindavík,ÍR,1,1,292,0.073
2025-09-06,2,Grindavík,ÍR,1,2,154,0.0385
2025-09-06,2,Grindavík,ÍR,1,3,78,0.0195
2025-09-06,2,Grindavík,ÍR,1,4,12,0.003
2025-09-06,2,Grindavík,ÍR,1,5,8,0.002
2025-09-06,2,Grindavík,ÍR,1,7,1,2.5e-4
2025-09-06,2,Grindavík,ÍR,2,0,287,0.07175
2025-09-06,2,Grindavík,ÍR,2,1,297,0.07425
2025-09-06,2,Grindavík,ÍR,2,2,180,0.045
2025-09-06,2,Grindavík,ÍR,2,3,96,0.024
2025-09-06,2,Grindavík,ÍR,2,4,23,0.00575
2025-09-06,2,Grindavík,ÍR,2,5,10,0.0025
2025-09-06,2,Grindavík,ÍR,2,6,5,0.00125
2025-09-06,2,Grindavík,ÍR,3,0,210,0.0525
2025-09-06,2,Grindavík,ÍR,3,1,290,0.0725
2025-09-06,2,Grindavík,ÍR,3,2,194,0.0485
2025-09-06,2,Grindavík,ÍR,3,3,87,0.02175
2025-09-06,2,Grindavík,ÍR,3,4,27,0.00675
2025-09-06,2,Grindavík,ÍR,3,5,8,0.002
2025-09-06,2,Grindavík,ÍR,3,6,4,0.001
2025-09-06,2,Grindavík,ÍR,4,0,185,0.04625
2025-09-06,2,Grindavík,ÍR,4,1,213,0.05325
2025-09-06,2,Grindavík,ÍR,4,2,145,0.03625
2025-09-06,2,Grindavík,ÍR,4,3,64,0.016
2025-09-06,2,Grindavík,ÍR,4,4,16,0.004
2025-09-06,2,Grindavík,ÍR,4,5,5,0.00125
2025-09-06,2,Grindavík,ÍR,4,6,2,5e-4
2025-09-06,2,Grindavík,ÍR,5,0,88,0.022
2025-09-06,2,Grindavík,ÍR,5,1,95,0.02375
2025-09-06,2,Grindavík,ÍR,5,2,73,0.01825
2025-09-06,2,Grindavík,ÍR,5,3,23,0.00575
2025-09-06,2,Grindavík,ÍR,5,4,6,0.0015
2025-09-06,2,Grindavík,ÍR,5,5,7,0.00175
2025-09-06,2,Grindavík,ÍR,5,7,1,2.5e-4
2025-09-06,2,Grindavík,ÍR,6,0,32,0.008
2025-09-06,2,Grindavík,ÍR,6,1,71,0.01775
2025-09-06,2,Grindavík,ÍR,6,2,34,0.0085
2025-09-06,2,Grindavík,ÍR,6,3,16,0.004
2025-09-06,2,Grindavík,ÍR,6,4,5,0.00125
2025-09-06,2,Grindavík,ÍR,6,5,3,7.5e-4
2025-09-06,2,Grindavík,ÍR,6,6,1,2.5e-4
2025-09-06,2,Grindavík,ÍR,7,0,27,0.00675
2025-09-06,2,Grindavík,ÍR,7,1,24,0.006
2025-09-06,2,Grindavík,ÍR,7,2,14,0.0035
2025-09-06,2,Grindavík,ÍR,7,3,11,0.00275
2025-09-06,2,Grindavík,ÍR,7,4,2,5e-4
2025-09-06,2,Grindavík,ÍR,7,5,1,2.5e-4
2025-09-06,2,Grindavík,ÍR,8,0,10,0.0025
2025-09-06,2,Grindavík,ÍR,8,1,9,0.00225
2025-09-06,2,Grindavík,ÍR,8,2,11,0.00275
2025-09-06,2,Grindavík,ÍR,8,3,4,0.001
2025-09-06,2,Grindavík,ÍR,8,4,1,2.5e-4
2025-09-06,2,Grindavík,ÍR,9,0,1,2.5e-4
2025-09-06,2,Grindavík,ÍR,9,1,7,0.00175
2025-09-06,2,Grindavík,ÍR,9,2,5,0.00125
2025-09-06,2,Grindavík,ÍR,9,4,1,2.5e-4
2025-09-06,2,Grindavík,ÍR,9,5,1,2.5e-4
2025-09-06,2,Grindavík,ÍR,10,1,2,5e-4
2025-09-06,2,Grindavík,ÍR,10,2,1,2.5e-4
2025-09-06,2,Grindavík,ÍR,10,3,1,2.5e-4
2025-09-06,2,Grindavík,ÍR,10,5,1,2.5e-4
2025-09-06,2,Grindavík,ÍR,11,0,1,2.5e-4
2025-09-06,2,Grindavík,ÍR,12,0,1,2.5e-4
2025-09-06,2,Grindavík,ÍR,12,1,1,2.5e-4
2025-09-06,2,HK,Þróttur R.,0,0,196,0.049
2025-09-06,2,HK,Þróttur R.,0,1,238,0.0595
2025-09-06,2,HK,Þróttur R.,0,2,167,0.04175
2025-09-06,2,HK,Þróttur R.,0,3,79,0.01975
2025-09-06,2,HK,Þróttur R.,0,4,35,0.00875
2025-09-06,2,HK,Þróttur R.,0,5,10,0.0025
2025-09-06,2,HK,Þróttur R.,0,6,7,0.00175
2025-09-06,2,HK,Þróttur R.,0,7,1,2.5e-4
2025-09-06,2,HK,Þróttur R.,1,0,301,0.07525
2025-09-06,2,HK,Þróttur R.,1,1,392,0.098
2025-09-06,2,HK,Þróttur R.,1,2,271,0.06775
2025-09-06,2,HK,Þróttur R.,1,3,122,0.0305
2025-09-06,2,HK,Þróttur R.,1,4,59,0.01475
2025-09-06,2,HK,Þróttur R.,1,5,15,0.00375
2025-09-06,2,HK,Þróttur R.,1,6,4,0.001
2025-09-06,2,HK,Þróttur R.,1,7,2,5e-4
2025-09-06,2,HK,Þróttur R.,2,0,261,0.06525
2025-09-06,2,HK,Þróttur R.,2,1,307,0.07675
2025-09-06,2,HK,Þróttur R.,2,2,241,0.06025
2025-09-06,2,HK,Þróttur R.,2,3,110,0.0275
2025-09-06,2,HK,Þróttur R.,2,4,46,0.0115
2025-09-06,2,HK,Þróttur R.,2,5,18,0.0045
2025-09-06,2,HK,Þróttur R.,2,6,3,7.5e-4
2025-09-06,2,HK,Þróttur R.,2,7,3,7.5e-4
2025-09-06,2,HK,Þróttur R.,3,0,161,0.04025
2025-09-06,2,HK,Þróttur R.,3,1,216,0.054
2025-09-06,2,HK,Þróttur R.,3,2,149,0.03725
2025-09-06,2,HK,Þróttur R.,3,3,80,0.02
2025-09-06,2,HK,Þróttur R.,3,4,15,0.00375
2025-09-06,2,HK,Þróttur R.,3,5,13,0.00325
2025-09-06,2,HK,Þróttur R.,3,6,4,0.001
2025-09-06,2,HK,Þróttur R.,3,10,1,2.5e-4
2025-09-06,2,HK,Þróttur R.,4,0,80,0.02
2025-09-06,2,HK,Þróttur R.,4,1,102,0.0255
2025-09-06,2,HK,Þróttur R.,4,2,59,0.01475
2025-09-06,2,HK,Þróttur R.,4,3,39,0.00975
2025-09-06,2,HK,Þróttur R.,4,4,12,0.003
2025-09-06,2,HK,Þróttur R.,4,5,2,5e-4
2025-09-06,2,HK,Þróttur R.,4,7,1,2.5e-4
2025-09-06,2,HK,Þróttur R.,5,0,32,0.008
2025-09-06,2,HK,Þróttur R.,5,1,48,0.012
2025-09-06,2,HK,Þróttur R.,5,2,29,0.00725
2025-09-06,2,HK,Þróttur R.,5,3,10,0.0025
2025-09-06,2,HK,Þróttur R.,5,4,5,0.00125
2025-09-06,2,HK,Þróttur R.,5,5,5,0.00125
2025-09-06,2,HK,Þróttur R.,6,0,6,0.0015
2025-09-06,2,HK,Þróttur R.,6,1,12,0.003
2025-09-06,2,HK,Þróttur R.,6,2,8,0.002
2025-09-06,2,HK,Þróttur R.,6,3,5,0.00125
2025-09-06,2,HK,Þróttur R.,6,4,1,2.5e-4
2025-09-06,2,HK,Þróttur R.,6,5,1,2.5e-4
2025-09-06,2,HK,Þróttur R.,6,6,1,2.5e-4
2025-09-06,2,HK,Þróttur R.,7,0,2,5e-4
2025-09-06,2,HK,Þróttur R.,7,1,2,5e-4
2025-09-06,2,HK,Þróttur R.,7,2,2,5e-4
2025-09-06,2,HK,Þróttur R.,7,3,3,7.5e-4
2025-09-06,2,HK,Þróttur R.,7,5,1,2.5e-4
2025-09-06,2,HK,Þróttur R.,8,0,2,5e-4
2025-09-06,2,HK,Þróttur R.,8,3,2,5e-4
2025-09-06,2,HK,Þróttur R.,9,1,1,2.5e-4
2025-09-06,2,Keflavík,Njarðvík,0,0,59,0.01475
2025-09-06,2,Keflavík,Njarðvík,0,1,49,0.01225
2025-09-06,2,Keflavík,Njarðvík,0,2,16,0.004
2025-09-06,2,Keflavík,Njarðvík,0,3,8,0.002
2025-09-06,2,Keflavík,Njarðvík,0,5,1,2.5e-4
2025-09-06,2,Keflavík,Njarðvík,1,0,187,0.04675
2025-09-06,2,Keflavík,Njarðvík,1,1,137,0.03425
2025-09-06,2,Keflavík,Njarðvík,1,2,53,0.01325
2025-09-06,2,Keflavík,Njarðvík,1,3,10,0.0025
2025-09-06,2,Keflavík,Njarðvík,1,4,6,0.0015
2025-09-06,2,Keflavík,Njarðvík,1,6,1,2.5e-4
2025-09-06,2,Keflavík,Njarðvík,2,0,344,0.086
2025-09-06,2,Keflavík,Njarðvík,2,1,222,0.0555
2025-09-06,2,Keflavík,Njarðvík,2,2,105,0.02625
2025-09-06,2,Keflavík,Njarðvík,2,3,36,0.009
2025-09-06,2,Keflavík,Njarðvík,2,4,6,0.0015
2025-09-06,2,Keflavík,Njarðvík,2,5,4,0.001
2025-09-06,2,Keflavík,Njarðvík,3,0,391,0.09775
2025-09-06,2,Keflavík,Njarðvík,3,1,286,0.0715
2025-09-06,2,Keflavík,Njarðvík,3,2,130,0.0325
2025-09-06,2,Keflavík,Njarðvík,3,3,27,0.00675
2025-09-06,2,Keflavík,Njarðvík,3,4,3,7.5e-4
2025-09-06,2,Keflavík,Njarðvík,3,5,3,7.5e-4
2025-09-06,2,Keflavík,Njarðvík,4,0,311,0.07775
2025-09-06,2,Keflavík,Njarðvík,4,1,234,0.0585
2025-09-06,2,Keflavík,Njarðvík,4,2,98,0.0245
2025-09-06,2,Keflavík,Njarðvík,4,3,31,0.00775
2025-09-06,2,Keflavík,Njarðvík,4,4,7,0.00175
2025-09-06,2,Keflavík,Njarðvík,4,5,2,5e-4
2025-09-06,2,Keflavík,Njarðvík,5,0,235,0.05875
2025-09-06,2,Keflavík,Njarðvík,5,1,199,0.04975
2025-09-06,2,Keflavík,Njarðvík,5,2,76,0.019
2025-09-06,2,Keflavík,Njarðvík,5,3,14,0.0035
2025-09-06,2,Keflavík,Njarðvík,5,4,5,0.00125
2025-09-06,2,Keflavík,Njarðvík,5,5,1,2.5e-4
2025-09-06,2,Keflavík,Njarðvík,6,0,156,0.039
2025-09-06,2,Keflavík,Njarðvík,6,1,111,0.02775
2025-09-06,2,Keflavík,Njarðvík,6,2,48,0.012
2025-09-06,2,Keflavík,Njarðvík,6,3,16,0.004
2025-09-06,2,Keflavík,Njarðvík,6,4,6,0.0015
2025-09-06,2,Keflavík,Njarðvík,7,0,76,0.019
2025-09-06,2,Keflavík,Njarðvík,7,1,47,0.01175
2025-09-06,2,Keflavík,Njarðvík,7,2,37,0.00925
2025-09-06,2,Keflavík,Njarðvík,7,3,9,0.00225
2025-09-06,2,Keflavík,Njarðvík,7,4,1,2.5e-4
2025-09-06,2,Keflavík,Njarðvík,7,5,1,2.5e-4
2025-09-06,2,Keflavík,Njarðvík,8,0,44,0.011
2025-09-06,2,Keflavík,Njarðvík,8,1,46,0.0115
2025-09-06,2,Keflavík,Njarðvík,8,2,15,0.00375
2025-09-06,2,Keflavík,Njarðvík,8,3,8,0.002
2025-09-06,2,Keflavík,Njarðvík,8,4,1,2.5e-4
2025-09-06,2,Keflavík,Njarðvík,9,0,27,0.00675
2025-09-06,2,Keflavík,Njarðvík,9,1,15,0.00375
2025-09-06,2,Keflavík,Njarðvík,9,2,7,0.00175
2025-09-06,2,Keflavík,Njarðvík,9,3,1,2.5e-4
2025-09-06,2,Keflavík,Njarðvík,9,4,3,7.5e-4
2025-09-06,2,Keflavík,Njarðvík,10,0,6,0.0015
2025-09-06,2,Keflavík,Njarðvík,10,1,8,0.002
2025-09-06,2,Keflavík,Njarðvík,10,2,2,5e-4
2025-09-06,2,Keflavík,Njarðvík,10,3,1,2.5e-4
2025-09-06,2,Keflavík,Njarðvík,11,0,6,0.0015
2025-09-06,2,Keflavík,Njarðvík,11,1,3,7.5e-4
2025-09-06,2,Keflavík,Njarðvík,11,3,1,2.5e-4
2025-09-06,2,Keflavík,Njarðvík,14,2,1,2.5e-4
2025-09-06,2,Leiknir R.,Selfoss,0,0,169,0.04225
2025-09-06,2,Leiknir R.,Selfoss,0,1,289,0.07225
2025-09-06,2,Leiknir R.,Selfoss,0,2,238,0.0595
2025-09-06,2,Leiknir R.,Selfoss,0,3,111,0.02775
2025-09-06,2,Leiknir R.,Selfoss,0,4,37,0.00925
2025-09-06,2,Leiknir R.,Selfoss,0,5,13,0.00325
2025-09-06,2,Leiknir R.,Selfoss,0,6,5,0.00125
2025-09-06,2,Leiknir R.,Selfoss,0,7,2,5e-4
2025-09-06,2,Leiknir R.,Selfoss,0,8,1,2.5e-4
2025-09-06,2,Leiknir R.,Selfoss,1,0,222,0.0555
2025-09-06,2,Leiknir R.,Selfoss,1,1,420,0.105
2025-09-06,2,Leiknir R.,Selfoss,1,2,317,0.07925
2025-09-06,2,Leiknir R.,Selfoss,1,3,161,0.04025
2025-09-06,2,Leiknir R.,Selfoss,1,4,78,0.0195
2025-09-06,2,Leiknir R.,Selfoss,1,5,30,0.0075
2025-09-06,2,Leiknir R.,Selfoss,1,6,16,0.004
2025-09-06,2,Leiknir R.,Selfoss,1,7,3,7.5e-4
2025-09-06,2,Leiknir R.,Selfoss,1,8,4,0.001
2025-09-06,2,Leiknir R.,Selfoss,2,0,211,0.05275
2025-09-06,2,Leiknir R.,Selfoss,2,1,304,0.076
2025-09-06,2,Leiknir R.,Selfoss,2,2,250,0.0625
2025-09-06,2,Leiknir R.,Selfoss,2,3,119,0.02975
2025-09-06,2,Leiknir R.,Selfoss,2,4,64,0.016
2025-09-06,2,Leiknir R.,Selfoss,2,5,31,0.00775
2025-09-06,2,Leiknir R.,Selfoss,2,6,5,0.00125
2025-09-06,2,Leiknir R.,Selfoss,2,7,1,2.5e-4
2025-09-06,2,Leiknir R.,Selfoss,2,8,2,5e-4
2025-09-06,2,Leiknir R.,Selfoss,3,0,113,0.02825
2025-09-06,2,Leiknir R.,Selfoss,3,1,161,0.04025
2025-09-06,2,Leiknir R.,Selfoss,3,2,130,0.0325
2025-09-06,2,Leiknir R.,Selfoss,3,3,77,0.01925
2025-09-06,2,Leiknir R.,Selfoss,3,4,35,0.00875
2025-09-06,2,Leiknir R.,Selfoss,3,5,15,0.00375
2025-09-06,2,Leiknir R.,Selfoss,3,6,6,0.0015
2025-09-06,2,Leiknir R.,Selfoss,3,9,1,2.5e-4
2025-09-06,2,Leiknir R.,Selfoss,4,0,47,0.01175
2025-09-06,2,Leiknir R.,Selfoss,4,1,76,0.019
2025-09-06,2,Leiknir R.,Selfoss,4,2,45,0.01125
2025-09-06,2,Leiknir R.,Selfoss,4,3,34,0.0085
2025-09-06,2,Leiknir R.,Selfoss,4,4,19,0.00475
2025-09-06,2,Leiknir R.,Selfoss,4,5,4,0.001
2025-09-06,2,Leiknir R.,Selfoss,4,6,5,0.00125
2025-09-06,2,Leiknir R.,Selfoss,5,0,13,0.00325
2025-09-06,2,Leiknir R.,Selfoss,5,1,31,0.00775
2025-09-06,2,Leiknir R.,Selfoss,5,2,24,0.006
2025-09-06,2,Leiknir R.,Selfoss,5,3,14,0.0035
2025-09-06,2,Leiknir R.,Selfoss,5,4,13,0.00325
2025-09-06,2,Leiknir R.,Selfoss,5,5,3,7.5e-4
2025-09-06,2,Leiknir R.,Selfoss,6,0,1,2.5e-4
2025-09-06,2,Leiknir R.,Selfoss,6,1,7,0.00175
2025-09-06,2,Leiknir R.,Selfoss,6,2,9,0.00225
2025-09-06,2,Leiknir R.,Selfoss,6,3,2,5e-4
2025-09-06,2,Leiknir R.,Selfoss,6,5,1,2.5e-4
2025-09-06,2,Leiknir R.,Selfoss,7,0,2,5e-4
2025-09-06,2,Leiknir R.,Selfoss,7,1,2,5e-4
2025-09-06,2,Leiknir R.,Selfoss,7,3,2,5e-4
2025-09-06,2,Leiknir R.,Selfoss,7,5,1,2.5e-4
2025-09-06,2,Leiknir R.,Selfoss,8,1,1,2.5e-4
2025-09-06,2,Leiknir R.,Selfoss,8,2,3,7.5e-4
2025-09-06,2,Þór,Fjölnir,0,0,119,0.02975
2025-09-06,2,Þór,Fjölnir,0,1,139,0.03475
2025-09-06,2,Þór,Fjölnir,0,2,87,0.02175
2025-09-06,2,Þór,Fjölnir,0,3,46,0.0115
2025-09-06,2,Þór,Fjölnir,0,4,11,0.00275
2025-09-06,2,Þór,Fjölnir,0,5,5,0.00125
2025-09-06,2,Þór,Fjölnir,0,6,2,5e-4
2025-09-06,2,Þór,Fjölnir,1,0,204,0.051
2025-09-06,2,Þór,Fjölnir,1,1,305,0.07625
2025-09-06,2,Þór,Fjölnir,1,2,204,0.051
2025-09-06,2,Þór,Fjölnir,1,3,81,0.02025
2025-09-06,2,Þór,Fjölnir,1,4,30,0.0075
2025-09-06,2,Þór,Fjölnir,1,5,12,0.003
2025-09-06,2,Þór,Fjölnir,1,6,1,2.5e-4
2025-09-06,2,Þór,Fjölnir,2,0,283,0.07075
2025-09-06,2,Þór,Fjölnir,2,1,315,0.07875
2025-09-06,2,Þór,Fjölnir,2,2,223,0.05575
2025-09-06,2,Þór,Fjölnir,2,3,93,0.02325
2025-09-06,2,Þór,Fjölnir,2,4,45,0.01125
2025-09-06,2,Þór,Fjölnir,2,5,22,0.0055
2025-09-06,2,Þór,Fjölnir,2,6,4,0.001
2025-09-06,2,Þór,Fjölnir,3,0,193,0.04825
2025-09-06,2,Þór,Fjölnir,3,1,266,0.0665
2025-09-06,2,Þór,Fjölnir,3,2,182,0.0455
2025-09-06,2,Þór,Fjölnir,3,3,89,0.02225
2025-09-06,2,Þór,Fjölnir,3,4,39,0.00975
2025-09-06,2,Þór,Fjölnir,3,5,7,0.00175
2025-09-06,2,Þór,Fjölnir,3,6,5,0.00125
2025-09-06,2,Þór,Fjölnir,4,0,137,0.03425
2025-09-06,2,Þór,Fjölnir,4,1,192,0.048
2025-09-06,2,Þór,Fjölnir,4,2,114,0.0285
2025-09-06,2,Þór,Fjölnir,4,3,53,0.01325
2025-09-06,2,Þór,Fjölnir,4,4,19,0.00475
2025-09-06,2,Þór,Fjölnir,4,5,5,0.00125
2025-09-06,2,Þór,Fjölnir,4,6,1,2.5e-4
2025-09-06,2,Þór,Fjölnir,5,0,63,0.01575
2025-09-06,2,Þór,Fjölnir,5,1,79,0.01975
2025-09-06,2,Þór,Fjölnir,5,2,73,0.01825
2025-09-06,2,Þór,Fjölnir,5,3,27,0.00675
2025-09-06,2,Þór,Fjölnir,5,4,9,0.00225
2025-09-06,2,Þór,Fjölnir,5,5,3,7.5e-4
2025-09-06,2,Þór,Fjölnir,5,6,5,0.00125
2025-09-06,2,Þór,Fjölnir,6,0,32,0.008
2025-09-06,2,Þór,Fjölnir,6,1,42,0.0105
2025-09-06,2,Þór,Fjölnir,6,2,27,0.00675
2025-09-06,2,Þór,Fjölnir,6,3,22,0.0055
2025-09-06,2,Þór,Fjölnir,6,4,6,0.0015
2025-09-06,2,Þór,Fjölnir,6,7,2,5e-4
2025-09-06,2,Þór,Fjölnir,7,0,14,0.0035
2025-09-06,2,Þór,Fjölnir,7,1,19,0.00475
2025-09-06,2,Þór,Fjölnir,7,2,6,0.0015
2025-09-06,2,Þór,Fjölnir,7,3,9,0.00225
2025-09-06,2,Þór,Fjölnir,7,4,2,5e-4
2025-09-06,2,Þór,Fjölnir,8,0,2,5e-4
2025-09-06,2,Þór,Fjölnir,8,1,4,0.001
2025-09-06,2,Þór,Fjölnir,8,2,8,0.002
2025-09-06,2,Þór,Fjölnir,8,3,1,2.5e-4
2025-09-06,2,Þór,Fjölnir,8,4,2,5e-4
2025-09-06,2,Þór,Fjölnir,9,0,3,7.5e-4
2025-09-06,2,Þór,Fjölnir,9,1,1,2.5e-4
2025-09-06,2,Þór,Fjölnir,9,2,1,2.5e-4
2025-09-06,2,Þór,Fjölnir,9,3,1,2.5e-4
2025-09-06,2,Þór,Fjölnir,9,4,1,2.5e-4
2025-09-06,2,Þór,Fjölnir,10,1,2,5e-4
2025-09-06,2,Þór,Fjölnir,10,2,1,2.5e-4
2025-09-06,3,Haukar,Grótta,0,0,238,0.0595
2025-09-06,3,Haukar,Grótta,0,1,276,0.069
2025-09-06,3,Haukar,Grótta,0,2,176,0.044
2025-09-06,3,Haukar,Grótta,0,3,98,0.0245
2025-09-06,3,Haukar,Grótta,0,4,45,0.01125
2025-09-06,3,Haukar,Grótta,0,5,5,0.00125
2025-09-06,3,Haukar,Grótta,0,6,3,7.5e-4
2025-09-06,3,Haukar,Grótta,0,8,1,2.5e-4
2025-09-06,3,Haukar,Grótta,1,0,313,0.07825
2025-09-06,3,Haukar,Grótta,1,1,421,0.10525
2025-09-06,3,Haukar,Grótta,1,2,260,0.065
2025-09-06,3,Haukar,Grótta,1,3,148,0.037
2025-09-06,3,Haukar,Grótta,1,4,56,0.014
2025-09-06,3,Haukar,Grótta,1,5,14,0.0035
2025-09-06,3,Haukar,Grótta,1,6,4,0.001
2025-09-06,3,Haukar,Grótta,1,7,1,2.5e-4
2025-09-06,3,Haukar,Grótta,1,8,1,2.5e-4
2025-09-06,3,Haukar,Grótta,2,0,260,0.065
2025-09-06,3,Haukar,Grótta,2,1,321,0.08025
2025-09-06,3,Haukar,Grótta,2,2,230,0.0575
2025-09-06,3,Haukar,Grótta,2,3,110,0.0275
2025-09-06,3,Haukar,Grótta,2,4,54,0.0135
2025-09-06,3,Haukar,Grótta,2,5,14,0.0035
2025-09-06,3,Haukar,Grótta,2,6,3,7.5e-4
2025-09-06,3,Haukar,Grótta,2,7,2,5e-4
2025-09-06,3,Haukar,Grótta,2,8,1,2.5e-4
2025-09-06,3,Haukar,Grótta,3,0,148,0.037
2025-09-06,3,Haukar,Grótta,3,1,175,0.04375
2025-09-06,3,Haukar,Grótta,3,2,130,0.0325
2025-09-06,3,Haukar,Grótta,3,3,71,0.01775
2025-09-06,3,Haukar,Grótta,3,4,18,0.0045
2025-09-06,3,Haukar,Grótta,3,5,9,0.00225
2025-09-06,3,Haukar,Grótta,3,6,3,7.5e-4
2025-09-06,3,Haukar,Grótta,3,8,1,2.5e-4
2025-09-06,3,Haukar,Grótta,4,0,67,0.01675
2025-09-06,3,Haukar,Grótta,4,1,79,0.01975
2025-09-06,3,Haukar,Grótta,4,2,65,0.01625
2025-09-06,3,Haukar,Grótta,4,3,32,0.008
2025-09-06,3,Haukar,Grótta,4,4,13,0.00325
2025-09-06,3,Haukar,Grótta,4,5,5,0.00125
2025-09-06,3,Haukar,Grótta,5,0,15,0.00375
2025-09-06,3,Haukar,Grótta,5,1,26,0.0065
2025-09-06,3,Haukar,Grótta,5,2,17,0.00425
2025-09-06,3,Haukar,Grótta,5,3,12,0.003
2025-09-06,3,Haukar,Grótta,5,4,7,0.00175
2025-09-06,3,Haukar,Grótta,5,5,4,0.001
2025-09-06,3,Haukar,Grótta,6,0,6,0.0015
2025-09-06,3,Haukar,Grótta,6,1,14,0.0035
2025-09-06,3,Haukar,Grótta,6,2,9,0.00225
2025-09-06,3,Haukar,Grótta,6,3,3,7.5e-4
2025-09-06,3,Haukar,Grótta,6,4,2,5e-4
2025-09-06,3,Haukar,Grótta,6,5,2,5e-4
2025-09-06,3,Haukar,Grótta,6,6,1,2.5e-4
2025-09-06,3,Haukar,Grótta,7,2,3,7.5e-4
2025-09-06,3,Haukar,Grótta,7,3,2,5e-4
2025-09-06,3,Haukar,Grótta,7,4,1,2.5e-4
2025-09-06,3,Haukar,Grótta,7,7,1,2.5e-4
2025-09-06,3,Haukar,Grótta,8,0,1,2.5e-4
2025-09-06,3,Haukar,Grótta,8,1,1,2.5e-4
2025-09-06,3,Haukar,Grótta,8,3,2,5e-4
2025-09-06,3,KFA,Víðir,0,0,160,0.04
2025-09-06,3,KFA,Víðir,0,1,229,0.05725
2025-09-06,3,KFA,Víðir,0,2,189,0.04725
2025-09-06,3,KFA,Víðir,0,3,115,0.02875
2025-09-06,3,KFA,Víðir,0,4,63,0.01575
2025-09-06,3,KFA,Víðir,0,5,21,0.00525
2025-09-06,3,KFA,Víðir,0,6,8,0.002
2025-09-06,3,KFA,Víðir,0,7,2,5e-4
2025-09-06,3,KFA,Víðir,0,8,2,5e-4
2025-09-06,3,KFA,Víðir,1,0,259,0.06475
2025-09-06,3,KFA,Víðir,1,1,373,0.09325
2025-09-06,3,KFA,Víðir,1,2,313,0.07825
2025-09-06,3,KFA,Víðir,1,3,163,0.04075
2025-09-06,3,KFA,Víðir,1,4,84,0.021
2025-09-06,3,KFA,Víðir,1,5,32,0.008
2025-09-06,3,KFA,Víðir,1,6,8,0.002
2025-09-06,3,KFA,Víðir,1,7,4,0.001
2025-09-06,3,KFA,Víðir,1,9,1,2.5e-4
2025-09-06,3,KFA,Víðir,1,11,1,2.5e-4
2025-09-06,3,KFA,Víðir,2,0,165,0.04125
2025-09-06,3,KFA,Víðir,2,1,305,0.07625
2025-09-06,3,KFA,Víðir,2,2,258,0.0645
2025-09-06,3,KFA,Víðir,2,3,159,0.03975
2025-09-06,3,KFA,Víðir,2,4,69,0.01725
2025-09-06,3,KFA,Víðir,2,5,30,0.0075
2025-09-06,3,KFA,Víðir,2,6,16,0.004
2025-09-06,3,KFA,Víðir,2,7,3,7.5e-4
2025-09-06,3,KFA,Víðir,2,8,1,2.5e-4
2025-09-06,3,KFA,Víðir,3,0,82,0.0205
2025-09-06,3,KFA,Víðir,3,1,186,0.0465
2025-09-06,3,KFA,Víðir,3,2,151,0.03775
2025-09-06,3,KFA,Víðir,3,3,87,0.02175
2025-09-06,3,KFA,Víðir,3,4,46,0.0115
2025-09-06,3,KFA,Víðir,3,5,16,0.004
2025-09-06,3,KFA,Víðir,3,6,4,0.001
2025-09-06,3,KFA,Víðir,3,7,1,2.5e-4
2025-09-06,3,KFA,Víðir,4,0,49,0.01225
2025-09-06,3,KFA,Víðir,4,1,75,0.01875
2025-09-06,3,KFA,Víðir,4,2,64,0.016
2025-09-06,3,KFA,Víðir,4,3,47,0.01175
2025-09-06,3,KFA,Víðir,4,4,20,0.005
2025-09-06,3,KFA,Víðir,4,5,12,0.003
2025-09-06,3,KFA,Víðir,4,6,2,5e-4
2025-09-06,3,KFA,Víðir,5,0,15,0.00375
2025-09-06,3,KFA,Víðir,5,1,14,0.0035
2025-09-06,3,KFA,Víðir,5,2,23,0.00575
2025-09-06,3,KFA,Víðir,5,3,15,0.00375
2025-09-06,3,KFA,Víðir,5,4,7,0.00175
2025-09-06,3,KFA,Víðir,5,5,2,5e-4
2025-09-06,3,KFA,Víðir,5,6,1,2.5e-4
2025-09-06,3,KFA,Víðir,6,0,6,0.0015
2025-09-06,3,KFA,Víðir,6,1,12,0.003
2025-09-06,3,KFA,Víðir,6,2,6,0.0015
2025-09-06,3,KFA,Víðir,6,3,7,0.00175
2025-09-06,3,KFA,Víðir,6,4,5,0.00125
2025-09-06,3,KFA,Víðir,6,5,1,2.5e-4
2025-09-06,3,KFA,Víðir,6,6,1,2.5e-4
2025-09-06,3,KFA,Víðir,7,1,4,0.001
2025-09-06,3,KFA,Víðir,7,2,1,2.5e-4
2025-09-06,3,KFA,Víðir,7,3,1,2.5e-4
2025-09-06,3,KFA,Víðir,7,5,1,2.5e-4
2025-09-06,3,KFA,Víðir,7,7,2,5e-4
2025-09-06,3,KFA,Víðir,8,1,1,2.5e-4
2025-09-06,3,Kormákur/Hvöt,KFG,0,0,124,0.031
2025-09-06,3,Kormákur/Hvöt,KFG,0,1,169,0.04225
2025-09-06,3,Kormákur/Hvöt,KFG,0,2,187,0.04675
2025-09-06,3,Kormákur/Hvöt,KFG,0,3,149,0.03725
2025-09-06,3,Kormákur/Hvöt,KFG,0,4,70,0.0175
2025-09-06,3,Kormákur/Hvöt,KFG,0,5,36,0.009
2025-09-06,3,Kormákur/Hvöt,KFG,0,6,10,0.0025
2025-09-06,3,Kormákur/Hvöt,KFG,0,7,6,0.0015
2025-09-06,3,Kormákur/Hvöt,KFG,0,8,2,5e-4
2025-09-06,3,Kormákur/Hvöt,KFG,0,9,4,0.001
2025-09-06,3,Kormákur/Hvöt,KFG,1,0,175,0.04375
2025-09-06,3,Kormákur/Hvöt,KFG,1,1,353,0.08825
2025-09-06,3,Kormákur/Hvöt,KFG,1,2,316,0.079
2025-09-06,3,Kormákur/Hvöt,KFG,1,3,209,0.05225
2025-09-06,3,Kormákur/Hvöt,KFG,1,4,135,0.03375
2025-09-06,3,Kormákur/Hvöt,KFG,1,5,54,0.0135
2025-09-06,3,Kormákur/Hvöt,KFG,1,6,22,0.0055
2025-09-06,3,Kormákur/Hvöt,KFG,1,7,11,0.00275
2025-09-06,3,Kormákur/Hvöt,KFG,1,8,2,5e-4
2025-09-06,3,Kormákur/Hvöt,KFG,2,0,128,0.032
2025-09-06,3,Kormákur/Hvöt,KFG,2,1,234,0.0585
2025-09-06,3,Kormákur/Hvöt,KFG,2,2,258,0.0645
2025-09-06,3,Kormákur/Hvöt,KFG,2,3,172,0.043
2025-09-06,3,Kormákur/Hvöt,KFG,2,4,89,0.02225
2025-09-06,3,Kormákur/Hvöt,KFG,2,5,53,0.01325
2025-09-06,3,Kormákur/Hvöt,KFG,2,6,13,0.00325
2025-09-06,3,Kormákur/Hvöt,KFG,2,7,5,0.00125
2025-09-06,3,Kormákur/Hvöt,KFG,2,8,4,0.001
2025-09-06,3,Kormákur/Hvöt,KFG,2,9,2,5e-4
2025-09-06,3,Kormákur/Hvöt,KFG,3,0,75,0.01875
2025-09-06,3,Kormákur/Hvöt,KFG,3,1,150,0.0375
2025-09-06,3,Kormákur/Hvöt,KFG,3,2,141,0.03525
2025-09-06,3,Kormákur/Hvöt,KFG,3,3,127,0.03175
2025-09-06,3,Kormákur/Hvöt,KFG,3,4,61,0.01525
2025-09-06,3,Kormákur/Hvöt,KFG,3,5,35,0.00875
2025-09-06,3,Kormákur/Hvöt,KFG,3,6,9,0.00225
2025-09-06,3,Kormákur/Hvöt,KFG,3,7,2,5e-4
2025-09-06,3,Kormákur/Hvöt,KFG,3,8,1,2.5e-4
2025-09-06,3,Kormákur/Hvöt,KFG,3,9,1,2.5e-4
2025-09-06,3,Kormákur/Hvöt,KFG,3,11,1,2.5e-4
2025-09-06,3,Kormákur/Hvöt,KFG,4,0,24,0.006
2025-09-06,3,Kormákur/Hvöt,KFG,4,1,62,0.0155
2025-09-06,3,Kormákur/Hvöt,KFG,4,2,60,0.015
2025-09-06,3,Kormákur/Hvöt,KFG,4,3,37,0.00925
2025-09-06,3,Kormákur/Hvöt,KFG,4,4,32,0.008
2025-09-06,3,Kormákur/Hvöt,KFG,4,5,18,0.0045
2025-09-06,3,Kormákur/Hvöt,KFG,4,6,7,0.00175
2025-09-06,3,Kormákur/Hvöt,KFG,4,7,5,0.00125
2025-09-06,3,Kormákur/Hvöt,KFG,4,8,1,2.5e-4
2025-09-06,3,Kormákur/Hvöt,KFG,5,0,13,0.00325
2025-09-06,3,Kormákur/Hvöt,KFG,5,1,25,0.00625
2025-09-06,3,Kormákur/Hvöt,KFG,5,2,32,0.008
2025-09-06,3,Kormákur/Hvöt,KFG,5,3,26,0.0065
2025-09-06,3,Kormákur/Hvöt,KFG,5,4,7,0.00175
2025-09-06,3,Kormákur/Hvöt,KFG,5,5,4,0.001
2025-09-06,3,Kormákur/Hvöt,KFG,5,6,1,2.5e-4
2025-09-06,3,Kormákur/Hvöt,KFG,5,7,3,7.5e-4
2025-09-06,3,Kormákur/Hvöt,KFG,6,0,4,0.001
2025-09-06,3,Kormákur/Hvöt,KFG,6,1,7,0.00175
2025-09-06,3,Kormákur/Hvöt,KFG,6,2,5,0.00125
2025-09-06,3,Kormákur/Hvöt,KFG,6,3,4,0.001
2025-09-06,3,Kormákur/Hvöt,KFG,6,4,4,0.001
2025-09-06,3,Kormákur/Hvöt,KFG,6,5,2,5e-4
2025-09-06,3,Kormákur/Hvöt,KFG,6,6,2,5e-4
2025-09-06,3,Kormákur/Hvöt,KFG,7,0,1,2.5e-4
2025-09-06,3,Kormákur/Hvöt,KFG,7,1,3,7.5e-4
2025-09-06,3,Kormákur/Hvöt,KFG,7,2,5,0.00125
2025-09-06,3,Kormákur/Hvöt,KFG,7,3,6,0.0015
2025-09-06,3,Kormákur/Hvöt,KFG,7,4,1,2.5e-4
2025-09-06,3,Kormákur/Hvöt,KFG,8,2,1,2.5e-4
2025-09-06,3,Kormákur/Hvöt,KFG,8,3,1,2.5e-4
2025-09-06,3,Kormákur/Hvöt,KFG,9,1,1,2.5e-4
2025-09-06,3,Kormákur/Hvöt,KFG,9,5,1,2.5e-4
2025-09-06,3,Víkingur Ó.,Kári,0,0,73,0.01825
2025-09-06,3,Víkingur Ó.,Kári,0,1,119,0.02975
2025-09-06,3,Víkingur Ó.,Kári,0,2,95,0.02375
2025-09-06,3,Víkingur Ó.,Kári,0,3,63,0.01575
2025-09-06,3,Víkingur Ó.,Kári,0,4,30,0.0075
2025-09-06,3,Víkingur Ó.,Kári,0,5,9,0.00225
2025-09-06,3,Víkingur Ó.,Kári,0,6,6,0.0015
2025-09-06,3,Víkingur Ó.,Kári,0,7,2,5e-4
2025-09-06,3,Víkingur Ó.,Kári,0,9,1,2.5e-4
2025-09-06,3,Víkingur Ó.,Kári,1,0,150,0.0375
2025-09-06,3,Víkingur Ó.,Kári,1,1,252,0.063
2025-09-06,3,Víkingur Ó.,Kári,1,2,212,0.053
2025-09-06,3,Víkingur Ó.,Kári,1,3,124,0.031
2025-09-06,3,Víkingur Ó.,Kári,1,4,66,0.0165
2025-09-06,3,Víkingur Ó.,Kári,1,5,28,0.007
2025-09-06,3,Víkingur Ó.,Kári,1,6,10,0.0025
2025-09-06,3,Víkingur Ó.,Kári,1,7,2,5e-4
2025-09-06,3,Víkingur Ó.,Kári,2,0,169,0.04225
2025-09-06,3,Víkingur Ó.,Kári,2,1,301,0.07525
2025-09-06,3,Víkingur Ó.,Kári,2,2,253,0.06325
2025-09-06,3,Víkingur Ó.,Kári,2,3,147,0.03675
2025-09-06,3,Víkingur Ó.,Kári,2,4,91,0.02275
2025-09-06,3,Víkingur Ó.,Kári,2,5,34,0.0085
2025-09-06,3,Víkingur Ó.,Kári,2,6,12,0.003
2025-09-06,3,Víkingur Ó.,Kári,2,7,5,0.00125
2025-09-06,3,Víkingur Ó.,Kári,2,8,1,2.5e-4
2025-09-06,3,Víkingur Ó.,Kári,3,0,120,0.03
2025-09-06,3,Víkingur Ó.,Kári,3,1,237,0.05925
2025-09-06,3,Víkingur Ó.,Kári,3,2,196,0.049
2025-09-06,3,Víkingur Ó.,Kári,3,3,121,0.03025
2025-09-06,3,Víkingur Ó.,Kári,3,4,62,0.0155
2025-09-06,3,Víkingur Ó.,Kári,3,5,21,0.00525
2025-09-06,3,Víkingur Ó.,Kári,3,6,7,0.00175
2025-09-06,3,Víkingur Ó.,Kári,3,7,3,7.5e-4
2025-09-06,3,Víkingur Ó.,Kári,4,0,86,0.0215
2025-09-06,3,Víkingur Ó.,Kári,4,1,139,0.03475
2025-09-06,3,Víkingur Ó.,Kári,4,2,123,0.03075
2025-09-06,3,Víkingur Ó.,Kári,4,3,92,0.023
2025-09-06,3,Víkingur Ó.,Kári,4,4,44,0.011
2025-09-06,3,Víkingur Ó.,Kári,4,5,23,0.00575
2025-09-06,3,Víkingur Ó.,Kári,4,6,12,0.003
2025-09-06,3,Víkingur Ó.,Kári,4,7,2,5e-4
2025-09-06,3,Víkingur Ó.,Kári,5,0,45,0.01125
2025-09-06,3,Víkingur Ó.,Kári,5,1,70,0.0175
2025-09-06,3,Víkingur Ó.,Kári,5,2,68,0.017
2025-09-06,3,Víkingur Ó.,Kári,5,3,38,0.0095
2025-09-06,3,Víkingur Ó.,Kári,5,4,17,0.00425
2025-09-06,3,Víkingur Ó.,Kári,5,5,7,0.00175
2025-09-06,3,Víkingur Ó.,Kári,5,6,2,5e-4
2025-09-06,3,Víkingur Ó.,Kári,5,7,2,5e-4
2025-09-06,3,Víkingur Ó.,Kári,6,0,19,0.00475
2025-09-06,3,Víkingur Ó.,Kári,6,1,35,0.00875
2025-09-06,3,Víkingur Ó.,Kári,6,2,27,0.00675
2025-09-06,3,Víkingur Ó.,Kári,6,3,28,0.007
2025-09-06,3,Víkingur Ó.,Kári,6,4,8,0.002
2025-09-06,3,Víkingur Ó.,Kári,6,5,7,0.00175
2025-09-06,3,Víkingur Ó.,Kári,6,6,1,2.5e-4
2025-09-06,3,Víkingur Ó.,Kári,7,0,9,0.00225
2025-09-06,3,Víkingur Ó.,Kári,7,1,13,0.00325
2025-09-06,3,Víkingur Ó.,Kári,7,2,11,0.00275
2025-09-06,3,Víkingur Ó.,Kári,7,3,8,0.002
2025-09-06,3,Víkingur Ó.,Kári,7,4,5,0.00125
2025-09-06,3,Víkingur Ó.,Kári,7,5,4,0.001
2025-09-06,3,Víkingur Ó.,Kári,7,6,2,5e-4
2025-09-06,3,Víkingur Ó.,Kári,8,0,3,7.5e-4
2025-09-06,3,Víkingur Ó.,Kári,8,1,8,0.002
2025-09-06,3,Víkingur Ó.,Kári,8,2,7,0.00175
2025-09-06,3,Víkingur Ó.,Kári,8,3,2,5e-4
2025-09-06,3,Víkingur Ó.,Kári,8,4,2,5e-4
2025-09-06,3,Víkingur Ó.,Kári,8,5,1,2.5e-4
2025-09-06,3,Víkingur Ó.,Kári,9,0,1,2.5e-4
2025-09-06,3,Víkingur Ó.,Kári,9,1,1,2.5e-4
2025-09-06,3,Víkingur Ó.,Kári,10,1,3,7.5e-4
2025-09-06,3,Víkingur Ó.,Kári,10,3,1,2.5e-4
2025-09-06,3,Víkingur Ó.,Kári,10,4,2,5e-4
2025-09-06,3,Ægir,Dalvík/Reynir,0,0,71,0.01775
2025-09-06,3,Ægir,Dalvík/Reynir,0,1,91,0.02275
2025-09-06,3,Ægir,Dalvík/Reynir,0,2,69,0.01725
2025-09-06,3,Ægir,Dalvík/Reynir,0,3,44,0.011
2025-09-06,3,Ægir,Dalvík/Reynir,0,4,18,0.0045
2025-09-06,3,Ægir,Dalvík/Reynir,0,5,11,0.00275
2025-09-06,3,Ægir,Dalvík/Reynir,0,6,1,2.5e-4
2025-09-06,3,Ægir,Dalvík/Reynir,0,7,2,5e-4
2025-09-06,3,Ægir,Dalvík/Reynir,1,0,126,0.0315
2025-09-06,3,Ægir,Dalvík/Reynir,1,1,244,0.061
2025-09-06,3,Ægir,Dalvík/Reynir,1,2,182,0.0455
2025-09-06,3,Ægir,Dalvík/Reynir,1,3,115,0.02875
2025-09-06,3,Ægir,Dalvík/Reynir,1,4,52,0.013
2025-09-06,3,Ægir,Dalvík/Reynir,1,5,16,0.004
2025-09-06,3,Ægir,Dalvík/Reynir,1,6,12,0.003
2025-09-06,3,Ægir,Dalvík/Reynir,1,7,2,5e-4
2025-09-06,3,Ægir,Dalvík/Reynir,1,9,1,2.5e-4
2025-09-06,3,Ægir,Dalvík/Reynir,2,0,184,0.046
2025-09-06,3,Ægir,Dalvík/Reynir,2,1,258,0.0645
2025-09-06,3,Ægir,Dalvík/Reynir,2,2,214,0.0535
2025-09-06,3,Ægir,Dalvík/Reynir,2,3,130,0.0325
2025-09-06,3,Ægir,Dalvík/Reynir,2,4,62,0.0155
2025-09-06,3,Ægir,Dalvík/Reynir,2,5,19,0.00475
2025-09-06,3,Ægir,Dalvík/Reynir,2,6,8,0.002
2025-09-06,3,Ægir,Dalvík/Reynir,2,7,4,0.001
2025-09-06,3,Ægir,Dalvík/Reynir,2,8,1,2.5e-4
2025-09-06,3,Ægir,Dalvík/Reynir,3,0,159,0.03975
2025-09-06,3,Ægir,Dalvík/Reynir,3,1,228,0.057
2025-09-06,3,Ægir,Dalvík/Reynir,3,2,229,0.05725
2025-09-06,3,Ægir,Dalvík/Reynir,3,3,127,0.03175
2025-09-06,3,Ægir,Dalvík/Reynir,3,4,56,0.014
2025-09-06,3,Ægir,Dalvík/Reynir,3,5,18,0.0045
2025-09-06,3,Ægir,Dalvík/Reynir,3,6,7,0.00175
2025-09-06,3,Ægir,Dalvík/Reynir,4,0,117,0.02925
2025-09-06,3,Ægir,Dalvík/Reynir,4,1,173,0.04325
2025-09-06,3,Ægir,Dalvík/Reynir,4,2,158,0.0395
2025-09-06,3,Ægir,Dalvík/Reynir,4,3,82,0.0205
2025-09-06,3,Ægir,Dalvík/Reynir,4,4,41,0.01025
2025-09-06,3,Ægir,Dalvík/Reynir,4,5,20,0.005
2025-09-06,3,Ægir,Dalvík/Reynir,4,6,7,0.00175
2025-09-06,3,Ægir,Dalvík/Reynir,4,7,1,2.5e-4
2025-09-06,3,Ægir,Dalvík/Reynir,5,0,63,0.01575
2025-09-06,3,Ægir,Dalvík/Reynir,5,1,96,0.024
2025-09-06,3,Ægir,Dalvík/Reynir,5,2,81,0.02025
2025-09-06,3,Ægir,Dalvík/Reynir,5,3,57,0.01425
2025-09-06,3,Ægir,Dalvík/Reynir,5,4,30,0.0075
2025-09-06,3,Ægir,Dalvík/Reynir,5,5,10,0.0025
2025-09-06,3,Ægir,Dalvík/Reynir,5,6,6,0.0015
2025-09-06,3,Ægir,Dalvík/Reynir,6,0,32,0.008
2025-09-06,3,Ægir,Dalvík/Reynir,6,1,60,0.015
2025-09-06,3,Ægir,Dalvík/Reynir,6,2,36,0.009
2025-09-06,3,Ægir,Dalvík/Reynir,6,3,21,0.00525
2025-09-06,3,Ægir,Dalvík/Reynir,6,4,8,0.002
2025-09-06,3,Ægir,Dalvík/Reynir,6,5,6,0.0015
2025-09-06,3,Ægir,Dalvík/Reynir,6,6,1,2.5e-4
2025-09-06,3,Ægir,Dalvík/Reynir,6,7,1,2.5e-4
2025-09-06,3,Ægir,Dalvík/Reynir,6,8,1,2.5e-4
2025-09-06,3,Ægir,Dalvík/Reynir,6,9,1,2.5e-4
2025-09-06,3,Ægir,Dalvík/Reynir,7,0,9,0.00225
2025-09-06,3,Ægir,Dalvík/Reynir,7,1,26,0.0065
2025-09-06,3,Ægir,Dalvík/Reynir,7,2,17,0.00425
2025-09-06,3,Ægir,Dalvík/Reynir,7,3,9,0.00225
2025-09-06,3,Ægir,Dalvík/Reynir,7,4,5,0.00125
2025-09-06,3,Ægir,Dalvík/Reynir,7,5,3,7.5e-4
2025-09-06,3,Ægir,Dalvík/Reynir,7,6,2,5e-4
2025-09-06,3,Ægir,Dalvík/Reynir,7,7,1,2.5e-4
2025-09-06,3,Ægir,Dalvík/Reynir,8,0,12,0.003
2025-09-06,3,Ægir,Dalvík/Reynir,8,1,13,0.00325
2025-09-06,3,Ægir,Dalvík/Reynir,8,2,12,0.003
2025-09-06,3,Ægir,Dalvík/Reynir,8,3,6,0.0015
2025-09-06,3,Ægir,Dalvík/Reynir,8,4,2,5e-4
2025-09-06,3,Ægir,Dalvík/Reynir,9,0,3,7.5e-4
2025-09-06,3,Ægir,Dalvík/Reynir,9,2,3,7.5e-4
2025-09-06,3,Ægir,Dalvík/Reynir,9,3,1,2.5e-4
2025-09-06,3,Ægir,Dalvík/Reynir,9,5,2,5e-4
2025-09-06,3,Ægir,Dalvík/Reynir,10,2,1,2.5e-4
2025-09-06,3,Ægir,Dalvík/Reynir,10,3,2,5e-4
2025-09-06,3,Ægir,Dalvík/Reynir,12,1,1,2.5e-4
2025-09-06,3,Þróttur V.,Höttur/Huginn,0,0,176,0.044
2025-09-06,3,Þróttur V.,Höttur/Huginn,0,1,317,0.07925
2025-09-06,3,Þróttur V.,Höttur/Huginn,0,2,262,0.0655
2025-09-06,3,Þróttur V.,Höttur/Huginn,0,3,151,0.03775
2025-09-06,3,Þróttur V.,Höttur/Huginn,0,4,71,0.01775
2025-09-06,3,Þróttur V.,Höttur/Huginn,0,5,28,0.007
2025-09-06,3,Þróttur V.,Höttur/Huginn,0,6,5,0.00125
2025-09-06,3,Þróttur V.,Höttur/Huginn,0,7,4,0.001
2025-09-06,3,Þróttur V.,Höttur/Huginn,0,8,4,0.001
2025-09-06,3,Þróttur V.,Höttur/Huginn,0,9,3,7.5e-4
2025-09-06,3,Þróttur V.,Höttur/Huginn,1,0,216,0.054
2025-09-06,3,Þróttur V.,Höttur/Huginn,1,1,402,0.1005
2025-09-06,3,Þróttur V.,Höttur/Huginn,1,2,338,0.0845
2025-09-06,3,Þróttur V.,Höttur/Huginn,1,3,204,0.051
2025-09-06,3,Þróttur V.,Höttur/Huginn,1,4,92,0.023
2025-09-06,3,Þróttur V.,Höttur/Huginn,1,5,28,0.007
2025-09-06,3,Þróttur V.,Höttur/Huginn,1,6,14,0.0035
2025-09-06,3,Þróttur V.,Höttur/Huginn,1,7,8,0.002
2025-09-06,3,Þróttur V.,Höttur/Huginn,1,8,2,5e-4
2025-09-06,3,Þróttur V.,Höttur/Huginn,2,0,145,0.03625
2025-09-06,3,Þróttur V.,Höttur/Huginn,2,1,268,0.067
2025-09-06,3,Þróttur V.,Höttur/Huginn,2,2,254,0.0635
2025-09-06,3,Þróttur V.,Höttur/Huginn,2,3,150,0.0375
2025-09-06,3,Þróttur V.,Höttur/Huginn,2,4,80,0.02
2025-09-06,3,Þróttur V.,Höttur/Huginn,2,5,32,0.008
2025-09-06,3,Þróttur V.,Höttur/Huginn,2,6,14,0.0035
2025-09-06,3,Þróttur V.,Höttur/Huginn,2,7,1,2.5e-4
2025-09-06,3,Þróttur V.,Höttur/Huginn,2,8,1,2.5e-4
2025-09-06,3,Þróttur V.,Höttur/Huginn,3,0,65,0.01625
2025-09-06,3,Þróttur V.,Höttur/Huginn,3,1,146,0.0365
2025-09-06,3,Þróttur V.,Höttur/Huginn,3,2,119,0.02975
2025-09-06,3,Þróttur V.,Höttur/Huginn,3,3,74,0.0185
2025-09-06,3,Þróttur V.,Höttur/Huginn,3,4,43,0.01075
2025-09-06,3,Þróttur V.,Höttur/Huginn,3,5,18,0.0045
2025-09-06,3,Þróttur V.,Höttur/Huginn,3,6,2,5e-4
2025-09-06,3,Þróttur V.,Höttur/Huginn,3,7,2,5e-4
2025-09-06,3,Þróttur V.,Höttur/Huginn,4,0,30,0.0075
2025-09-06,3,Þróttur V.,Höttur/Huginn,4,1,52,0.013
2025-09-06,3,Þróttur V.,Höttur/Huginn,4,2,42,0.0105
2025-09-06,3,Þróttur V.,Höttur/Huginn,4,3,34,0.0085
2025-09-06,3,Þróttur V.,Höttur/Huginn,4,4,18,0.0045
2025-09-06,3,Þróttur V.,Höttur/Huginn,4,5,6,0.0015
2025-09-06,3,Þróttur V.,Höttur/Huginn,4,6,7,0.00175
2025-09-06,3,Þróttur V.,Höttur/Huginn,5,0,10,0.0025
2025-09-06,3,Þróttur V.,Höttur/Huginn,5,1,18,0.0045
2025-09-06,3,Þróttur V.,Höttur/Huginn,5,2,13,0.00325
2025-09-06,3,Þróttur V.,Höttur/Huginn,5,3,7,0.00175
2025-09-06,3,Þróttur V.,Höttur/Huginn,5,4,4,0.001
2025-09-06,3,Þróttur V.,Höttur/Huginn,6,0,4,0.001
2025-09-06,3,Þróttur V.,Höttur/Huginn,6,1,2,5e-4
2025-09-06,3,Þróttur V.,Höttur/Huginn,6,2,3,7.5e-4
2025-09-06,3,Þróttur V.,Höttur/Huginn,6,3,2,5e-4
2025-09-06,3,Þróttur V.,Höttur/Huginn,6,4,2,5e-4
2025-09-06,3,Þróttur V.,Höttur/Huginn,6,5,1,2.5e-4
2025-09-06,3,Þróttur V.,Höttur/Huginn,6,6,1,2.5e-4
2025-09-06,3,Þróttur V.,Höttur/Huginn,7,0,1,2.5e-4
2025-09-06,3,Þróttur V.,Höttur/Huginn,7,3,1,2.5e-4
2025-09-06,3,Þróttur V.,Höttur/Huginn,8,1,1,2.5e-4
2025-09-06,3,Þróttur V.,Höttur/Huginn,8,3,1,2.5e-4
2025-09-06,3,Þróttur V.,Höttur/Huginn,8,8,1,2.5e-4
2025-09-06,4,KF,Reynir S.,0,0,115,0.02875
2025-09-06,4,KF,Reynir S.,0,1,214,0.0535
2025-09-06,4,KF,Reynir S.,0,2,265,0.06625
2025-09-06,4,KF,Reynir S.,0,3,195,0.04875
2025-09-06,4,KF,Reynir S.,0,4,138,0.0345
2025-09-06,4,KF,Reynir S.,0,5,82,0.0205
2025-09-06,4,KF,Reynir S.,0,6,36,0.009
2025-09-06,4,KF,Reynir S.,0,7,11,0.00275
2025-09-06,4,KF,Reynir S.,0,8,3,7.5e-4
2025-09-06,4,KF,Reynir S.,0,9,3,7.5e-4
2025-09-06,4,KF,Reynir S.,0,10,1,2.5e-4
2025-09-06,4,KF,Reynir S.,1,0,119,0.02975
2025-09-06,4,KF,Reynir S.,1,1,295,0.07375
2025-09-06,4,KF,Reynir S.,1,2,329,0.08225
2025-09-06,4,KF,Reynir S.,1,3,265,0.06625
2025-09-06,4,KF,Reynir S.,1,4,165,0.04125
2025-09-06,4,KF,Reynir S.,1,5,78,0.0195
2025-09-06,4,KF,Reynir S.,1,6,54,0.0135
2025-09-06,4,KF,Reynir S.,1,7,23,0.00575
2025-09-06,4,KF,Reynir S.,1,8,8,0.002
2025-09-06,4,KF,Reynir S.,1,9,2,5e-4
2025-09-06,4,KF,Reynir S.,1,10,2,5e-4
2025-09-06,4,KF,Reynir S.,2,0,78,0.0195
2025-09-06,4,KF,Reynir S.,2,1,181,0.04525
2025-09-06,4,KF,Reynir S.,2,2,236,0.059
2025-09-06,4,KF,Reynir S.,2,3,198,0.0495
2025-09-06,4,KF,Reynir S.,2,4,117,0.02925
2025-09-06,4,KF,Reynir S.,2,5,64,0.016
2025-09-06,4,KF,Reynir S.,2,6,40,0.01
2025-09-06,4,KF,Reynir S.,2,7,6,0.0015
2025-09-06,4,KF,Reynir S.,2,8,8,0.002
2025-09-06,4,KF,Reynir S.,2,9,1,2.5e-4
2025-09-06,4,KF,Reynir S.,3,0,36,0.009
2025-09-06,4,KF,Reynir S.,3,1,88,0.022
2025-09-06,4,KF,Reynir S.,3,2,114,0.0285
2025-09-06,4,KF,Reynir S.,3,3,104,0.026
2025-09-06,4,KF,Reynir S.,3,4,63,0.01575
2025-09-06,4,KF,Reynir S.,3,5,16,0.004
2025-09-06,4,KF,Reynir S.,3,6,16,0.004
2025-09-06,4,KF,Reynir S.,3,7,7,0.00175
2025-09-06,4,KF,Reynir S.,3,9,1,2.5e-4
2025-09-06,4,KF,Reynir S.,4,0,13,0.00325
2025-09-06,4,KF,Reynir S.,4,1,27,0.00675
2025-09-06,4,KF,Reynir S.,4,2,40,0.01
2025-09-06,4,KF,Reynir S.,4,3,44,0.011
2025-09-06,4,KF,Reynir S.,4,4,18,0.0045
2025-09-06,4,KF,Reynir S.,4,5,9,0.00225
2025-09-06,4,KF,Reynir S.,4,6,6,0.0015
2025-09-06,4,KF,Reynir S.,4,8,1,2.5e-4
2025-09-06,4,KF,Reynir S.,5,0,2,5e-4
2025-09-06,4,KF,Reynir S.,5,1,8,0.002
2025-09-06,4,KF,Reynir S.,5,2,11,0.00275
2025-09-06,4,KF,Reynir S.,5,3,8,0.002
2025-09-06,4,KF,Reynir S.,5,4,9,0.00225
2025-09-06,4,KF,Reynir S.,5,5,3,7.5e-4
2025-09-06,4,KF,Reynir S.,5,6,1,2.5e-4
2025-09-06,4,KF,Reynir S.,5,7,1,2.5e-4
2025-09-06,4,KF,Reynir S.,6,0,4,0.001
2025-09-06,4,KF,Reynir S.,6,1,1,2.5e-4
2025-09-06,4,KF,Reynir S.,6,2,3,7.5e-4
2025-09-06,4,KF,Reynir S.,6,3,6,0.0015
2025-09-06,4,KF,Reynir S.,6,5,2,5e-4
2025-09-06,4,KF,Reynir S.,6,6,1,2.5e-4
2025-09-06,4,KF,Reynir S.,7,3,1,2.5e-4
2025-09-06,4,KF,Reynir S.,7,4,2,5e-4
2025-09-06,4,KF,Reynir S.,7,5,1,2.5e-4
2025-09-06,4,KF,Reynir S.,8,1,1,2.5e-4
2025-09-06,4,KFK,Augnablik,0,0,86,0.0215
2025-09-06,4,KFK,Augnablik,0,1,159,0.03975
2025-09-06,4,KFK,Augnablik,0,2,182,0.0455
2025-09-06,4,KFK,Augnablik,0,3,145,0.03625
2025-09-06,4,KFK,Augnablik,0,4,86,0.0215
2025-09-06,4,KFK,Augnablik,0,5,50,0.0125
2025-09-06,4,KFK,Augnablik,0,6,19,0.00475
2025-09-06,4,KFK,Augnablik,0,7,2,5e-4
2025-09-06,4,KFK,Augnablik,0,8,4,0.001
2025-09-06,4,KFK,Augnablik,0,9,1,2.5e-4
2025-09-06,4,KFK,Augnablik,0,10,1,2.5e-4
2025-09-06,4,KFK,Augnablik,0,11,1,2.5e-4
2025-09-06,4,KFK,Augnablik,1,0,120,0.03
2025-09-06,4,KFK,Augnablik,1,1,266,0.0665
2025-09-06,4,KFK,Augnablik,1,2,268,0.067
2025-09-06,4,KFK,Augnablik,1,3,224,0.056
2025-09-06,4,KFK,Augnablik,1,4,136,0.034
2025-09-06,4,KFK,Augnablik,1,5,71,0.01775
2025-09-06,4,KFK,Augnablik,1,6,48,0.012
2025-09-06,4,KFK,Augnablik,1,7,11,0.00275
2025-09-06,4,KFK,Augnablik,1,8,4,0.001
2025-09-06,4,KFK,Augnablik,1,9,1,2.5e-4
2025-09-06,4,KFK,Augnablik,1,10,1,2.5e-4
2025-09-06,4,KFK,Augnablik,2,0,101,0.02525
2025-09-06,4,KFK,Augnablik,2,1,208,0.052
2025-09-06,4,KFK,Augnablik,2,2,235,0.05875
2025-09-06,4,KFK,Augnablik,2,3,218,0.0545
2025-09-06,4,KFK,Augnablik,2,4,129,0.03225
2025-09-06,4,KFK,Augnablik,2,5,85,0.02125
2025-09-06,4,KFK,Augnablik,2,6,28,0.007
2025-09-06,4,KFK,Augnablik,2,7,11,0.00275
2025-09-06,4,KFK,Augnablik,2,8,5,0.00125
2025-09-06,4,KFK,Augnablik,2,9,3,7.5e-4
2025-09-06,4,KFK,Augnablik,3,0,55,0.01375
2025-09-06,4,KFK,Augnablik,3,1,122,0.0305
2025-09-06,4,KFK,Augnablik,3,2,138,0.0345
2025-09-06,4,KFK,Augnablik,3,3,137,0.03425
2025-09-06,4,KFK,Augnablik,3,4,66,0.0165
2025-09-06,4,KFK,Augnablik,3,5,40,0.01
2025-09-06,4,KFK,Augnablik,3,6,19,0.00475
2025-09-06,4,KFK,Augnablik,3,7,7,0.00175
2025-09-06,4,KFK,Augnablik,3,8,7,0.00175
2025-09-06,4,KFK,Augnablik,3,9,1,2.5e-4
2025-09-06,4,KFK,Augnablik,3,10,1,2.5e-4
2025-09-06,4,KFK,Augnablik,4,0,20,0.005
2025-09-06,4,KFK,Augnablik,4,1,66,0.0165
2025-09-06,4,KFK,Augnablik,4,2,68,0.017
2025-09-06,4,KFK,Augnablik,4,3,60,0.015
2025-09-06,4,KFK,Augnablik,4,4,45,0.01125
2025-09-06,4,KFK,Augnablik,4,5,26,0.0065
2025-09-06,4,KFK,Augnablik,4,6,14,0.0035
2025-09-06,4,KFK,Augnablik,4,7,6,0.0015
2025-09-06,4,KFK,Augnablik,4,8,1,2.5e-4
2025-09-06,4,KFK,Augnablik,5,0,7,0.00175
2025-09-06,4,KFK,Augnablik,5,1,31,0.00775
2025-09-06,4,KFK,Augnablik,5,2,26,0.0065
2025-09-06,4,KFK,Augnablik,5,3,20,0.005
2025-09-06,4,KFK,Augnablik,5,4,22,0.0055
2025-09-06,4,KFK,Augnablik,5,5,12,0.003
2025-09-06,4,KFK,Augnablik,5,6,3,7.5e-4
2025-09-06,4,KFK,Augnablik,5,7,3,7.5e-4
2025-09-06,4,KFK,Augnablik,6,0,3,7.5e-4
2025-09-06,4,KFK,Augnablik,6,1,7,0.00175
2025-09-06,4,KFK,Augnablik,6,2,14,0.0035
2025-09-06,4,KFK,Augnablik,6,3,7,0.00175
2025-09-06,4,KFK,Augnablik,6,4,5,0.00125
2025-09-06,4,KFK,Augnablik,6,5,5,0.00125
2025-09-06,4,KFK,Augnablik,6,6,2,5e-4
2025-09-06,4,KFK,Augnablik,6,7,3,7.5e-4
2025-09-06,4,KFK,Augnablik,7,0,3,7.5e-4
2025-09-06,4,KFK,Augnablik,7,1,4,0.001
2025-09-06,4,KFK,Augnablik,7,2,2,5e-4
2025-09-06,4,KFK,Augnablik,7,3,2,5e-4
2025-09-06,4,KFK,Augnablik,7,4,2,5e-4
2025-09-06,4,KFK,Augnablik,7,5,1,2.5e-4
2025-09-06,4,KFK,Augnablik,8,1,2,5e-4
2025-09-06,4,KFK,Augnablik,8,3,1,2.5e-4
2025-09-06,4,KFK,Augnablik,8,4,2,5e-4
2025-09-06,4,KFK,Augnablik,8,5,1,2.5e-4
2025-09-06,4,KFK,Augnablik,9,3,1,2.5e-4
2025-09-06,4,KFK,Augnablik,10,4,1,2.5e-4
2025-09-06,4,KV,Ýmir,0,0,144,0.036
2025-09-06,4,KV,Ýmir,0,1,175,0.04375
2025-09-06,4,KV,Ýmir,0,2,135,0.03375
2025-09-06,4,KV,Ýmir,0,3,56,0.014
2025-09-06,4,KV,Ýmir,0,4,19,0.00475
2025-09-06,4,KV,Ýmir,0,5,2,5e-4
2025-09-06,4,KV,Ýmir,0,6,1,2.5e-4
2025-09-06,4,KV,Ýmir,1,0,214,0.0535
2025-09-06,4,KV,Ýmir,1,1,332,0.083
2025-09-06,4,KV,Ýmir,1,2,259,0.06475
2025-09-06,4,KV,Ýmir,1,3,114,0.0285
2025-09-06,4,KV,Ýmir,1,4,50,0.0125
2025-09-06,4,KV,Ýmir,1,5,17,0.00425
2025-09-06,4,KV,Ýmir,1,6,8,0.002
2025-09-06,4,KV,Ýmir,1,7,2,5e-4
2025-09-06,4,KV,Ýmir,2,0,244,0.061
2025-09-06,4,KV,Ýmir,2,1,310,0.0775
2025-09-06,4,KV,Ýmir,2,2,269,0.06725
2025-09-06,4,KV,Ýmir,2,3,124,0.031
2025-09-06,4,KV,Ýmir,2,4,55,0.01375
2025-09-06,4,KV,Ýmir,2,5,19,0.00475
2025-09-06,4,KV,Ýmir,2,6,6,0.0015
2025-09-06,4,KV,Ýmir,2,7,3,7.5e-4
2025-09-06,4,KV,Ýmir,3,0,137,0.03425
2025-09-06,4,KV,Ýmir,3,1,266,0.0665
2025-09-06,4,KV,Ýmir,3,2,153,0.03825
2025-09-06,4,KV,Ýmir,3,3,100,0.025
2025-09-06,4,KV,Ýmir,3,4,42,0.0105
2025-09-06,4,KV,Ýmir,3,5,11,0.00275
2025-09-06,4,KV,Ýmir,3,6,8,0.002
2025-09-06,4,KV,Ýmir,3,7,4,0.001
2025-09-06,4,KV,Ýmir,3,8,1,2.5e-4
2025-09-06,4,KV,Ýmir,4,0,87,0.02175
2025-09-06,4,KV,Ýmir,4,1,120,0.03
2025-09-06,4,KV,Ýmir,4,2,112,0.028
2025-09-06,4,KV,Ýmir,4,3,47,0.01175
2025-09-06,4,KV,Ýmir,4,4,26,0.0065
2025-09-06,4,KV,Ýmir,4,5,11,0.00275
2025-09-06,4,KV,Ýmir,4,6,3,7.5e-4
2025-09-06,4,KV,Ýmir,4,7,1,2.5e-4
2025-09-06,4,KV,Ýmir,5,0,44,0.011
2025-09-06,4,KV,Ýmir,5,1,53,0.01325
2025-09-06,4,KV,Ýmir,5,2,34,0.0085
2025-09-06,4,KV,Ýmir,5,3,25,0.00625
2025-09-06,4,KV,Ýmir,5,4,24,0.006
2025-09-06,4,KV,Ýmir,5,5,4,0.001
2025-09-06,4,KV,Ýmir,5,6,1,2.5e-4
2025-09-06,4,KV,Ýmir,5,7,1,2.5e-4
2025-09-06,4,KV,Ýmir,6,0,25,0.00625
2025-09-06,4,KV,Ýmir,6,1,30,0.0075
2025-09-06,4,KV,Ýmir,6,2,16,0.004
2025-09-06,4,KV,Ýmir,6,3,13,0.00325
2025-09-06,4,KV,Ýmir,6,4,6,0.0015
2025-09-06,4,KV,Ýmir,6,6,1,2.5e-4
2025-09-06,4,KV,Ýmir,6,7,1,2.5e-4
2025-09-06,4,KV,Ýmir,7,0,3,7.5e-4
2025-09-06,4,KV,Ýmir,7,1,9,0.00225
2025-09-06,4,KV,Ýmir,7,2,9,0.00225
2025-09-06,4,KV,Ýmir,7,3,2,5e-4
2025-09-06,4,KV,Ýmir,7,4,1,2.5e-4
2025-09-06,4,KV,Ýmir,8,0,2,5e-4
2025-09-06,4,KV,Ýmir,8,1,2,5e-4
2025-09-06,4,KV,Ýmir,8,2,2,5e-4
2025-09-06,4,KV,Ýmir,9,0,2,5e-4
2025-09-06,4,KV,Ýmir,10,0,2,5e-4
2025-09-06,4,KV,Ýmir,10,4,1,2.5e-4
2025-09-06,4,Magni,Hvíti riddarinn,0,0,55,0.01375
2025-09-06,4,Magni,Hvíti riddarinn,0,1,65,0.01625
2025-09-06,4,Magni,Hvíti riddarinn,0,2,62,0.0155
2025-09-06,4,Magni,Hvíti riddarinn,0,3,42,0.0105
2025-09-06,4,Magni,Hvíti riddarinn,0,4,14,0.0035
2025-09-06,4,Magni,Hvíti riddarinn,0,5,10,0.0025
2025-09-06,4,Magni,Hvíti riddarinn,0,6,3,7.5e-4
2025-09-06,4,Magni,Hvíti riddarinn,0,7,1,2.5e-4
2025-09-06,4,Magni,Hvíti riddarinn,1,0,104,0.026
2025-09-06,4,Magni,Hvíti riddarinn,1,1,197,0.04925
2025-09-06,4,Magni,Hvíti riddarinn,1,2,150,0.0375
2025-09-06,4,Magni,Hvíti riddarinn,1,3,103,0.02575
2025-09-06,4,Magni,Hvíti riddarinn,1,4,43,0.01075
2025-09-06,4,Magni,Hvíti riddarinn,1,5,16,0.004
2025-09-06,4,Magni,Hvíti riddarinn,1,6,6,0.0015
2025-09-06,4,Magni,Hvíti riddarinn,1,7,2,5e-4
2025-09-06,4,Magni,Hvíti riddarinn,1,8,1,2.5e-4
2025-09-06,4,Magni,Hvíti riddarinn,2,0,177,0.04425
2025-09-06,4,Magni,Hvíti riddarinn,2,1,268,0.067
2025-09-06,4,Magni,Hvíti riddarinn,2,2,253,0.06325
2025-09-06,4,Magni,Hvíti riddarinn,2,3,123,0.03075
2025-09-06,4,Magni,Hvíti riddarinn,2,4,67,0.01675
2025-09-06,4,Magni,Hvíti riddarinn,2,5,27,0.00675
2025-09-06,4,Magni,Hvíti riddarinn,2,6,5,0.00125
2025-09-06,4,Magni,Hvíti riddarinn,2,7,2,5e-4
2025-09-06,4,Magni,Hvíti riddarinn,2,8,1,2.5e-4
2025-09-06,4,Magni,Hvíti riddarinn,3,0,160,0.04
2025-09-06,4,Magni,Hvíti riddarinn,3,1,248,0.062
2025-09-06,4,Magni,Hvíti riddarinn,3,2,213,0.05325
2025-09-06,4,Magni,Hvíti riddarinn,3,3,122,0.0305
2025-09-06,4,Magni,Hvíti riddarinn,3,4,84,0.021
2025-09-06,4,Magni,Hvíti riddarinn,3,5,30,0.0075
2025-09-06,4,Magni,Hvíti riddarinn,3,6,3,7.5e-4
2025-09-06,4,Magni,Hvíti riddarinn,3,7,4,0.001
2025-09-06,4,Magni,Hvíti riddarinn,3,9,1,2.5e-4
2025-09-06,4,Magni,Hvíti riddarinn,4,0,107,0.02675
2025-09-06,4,Magni,Hvíti riddarinn,4,1,159,0.03975
2025-09-06,4,Magni,Hvíti riddarinn,4,2,176,0.044
2025-09-06,4,Magni,Hvíti riddarinn,4,3,86,0.0215
2025-09-06,4,Magni,Hvíti riddarinn,4,4,46,0.0115
2025-09-06,4,Magni,Hvíti riddarinn,4,5,22,0.0055
2025-09-06,4,Magni,Hvíti riddarinn,4,6,7,0.00175
2025-09-06,4,Magni,Hvíti riddarinn,4,7,1,2.5e-4
2025-09-06,4,Magni,Hvíti riddarinn,4,8,2,5e-4
2025-09-06,4,Magni,Hvíti riddarinn,5,0,64,0.016
2025-09-06,4,Magni,Hvíti riddarinn,5,1,115,0.02875
2025-09-06,4,Magni,Hvíti riddarinn,5,2,109,0.02725
2025-09-06,4,Magni,Hvíti riddarinn,5,3,56,0.014
2025-09-06,4,Magni,Hvíti riddarinn,5,4,31,0.00775
2025-09-06,4,Magni,Hvíti riddarinn,5,5,11,0.00275
2025-09-06,4,Magni,Hvíti riddarinn,5,6,5,0.00125
2025-09-06,4,Magni,Hvíti riddarinn,5,7,3,7.5e-4
2025-09-06,4,Magni,Hvíti riddarinn,6,0,23,0.00575
2025-09-06,4,Magni,Hvíti riddarinn,6,1,61,0.01525
2025-09-06,4,Magni,Hvíti riddarinn,6,2,59,0.01475
2025-09-06,4,Magni,Hvíti riddarinn,6,3,23,0.00575
2025-09-06,4,Magni,Hvíti riddarinn,6,4,14,0.0035
2025-09-06,4,Magni,Hvíti riddarinn,6,5,2,5e-4
2025-09-06,4,Magni,Hvíti riddarinn,6,6,1,2.5e-4
2025-09-06,4,Magni,Hvíti riddarinn,7,0,12,0.003
2025-09-06,4,Magni,Hvíti riddarinn,7,1,29,0.00725
2025-09-06,4,Magni,Hvíti riddarinn,7,2,16,0.004
2025-09-06,4,Magni,Hvíti riddarinn,7,3,24,0.006
2025-09-06,4,Magni,Hvíti riddarinn,7,4,5,0.00125
2025-09-06,4,Magni,Hvíti riddarinn,7,5,3,7.5e-4
2025-09-06,4,Magni,Hvíti riddarinn,7,6,2,5e-4
2025-09-06,4,Magni,Hvíti riddarinn,7,7,1,2.5e-4
2025-09-06,4,Magni,Hvíti riddarinn,8,0,6,0.0015
2025-09-06,4,Magni,Hvíti riddarinn,8,1,11,0.00275
2025-09-06,4,Magni,Hvíti riddarinn,8,2,9,0.00225
2025-09-06,4,Magni,Hvíti riddarinn,8,3,7,0.00175
2025-09-06,4,Magni,Hvíti riddarinn,8,4,2,5e-4
2025-09-06,4,Magni,Hvíti riddarinn,8,5,2,5e-4
2025-09-06,4,Magni,Hvíti riddarinn,8,6,1,2.5e-4
2025-09-06,4,Magni,Hvíti riddarinn,9,0,2,5e-4
2025-09-06,4,Magni,Hvíti riddarinn,9,1,9,0.00225
2025-09-06,4,Magni,Hvíti riddarinn,9,2,4,0.001
2025-09-06,4,Magni,Hvíti riddarinn,9,3,1,2.5e-4
2025-09-06,4,Magni,Hvíti riddarinn,9,4,1,2.5e-4
2025-09-06,4,Magni,Hvíti riddarinn,10,0,1,2.5e-4
2025-09-06,4,Magni,Hvíti riddarinn,10,1,1,2.5e-4
2025-09-06,4,Magni,Hvíti riddarinn,10,2,1,2.5e-4
2025-09-06,4,Magni,Hvíti riddarinn,11,2,1,2.5e-4
2025-09-06,4,Magni,Hvíti riddarinn,11,3,1,2.5e-4
2025-09-06,4,Magni,Hvíti riddarinn,12,0,1,2.5e-4
2025-09-06,4,Magni,Hvíti riddarinn,12,1,1,2.5e-4
2025-09-06,4,Magni,Hvíti riddarinn,13,2,1,2.5e-4
2025-09-06,4,ÍH,Tindastóll,0,0,184,0.046
2025-09-06,4,ÍH,Tindastóll,0,1,246,0.0615
2025-09-06,4,ÍH,Tindastóll,0,2,242,0.0605
2025-09-06,4,ÍH,Tindastóll,0,3,165,0.04125
2025-09-06,4,ÍH,Tindastóll,0,4,80,0.02
2025-09-06,4,ÍH,Tindastóll,0,5,29,0.00725
2025-09-06,4,ÍH,Tindastóll,0,6,3,7.5e-4
2025-09-06,4,ÍH,Tindastóll,0,7,6,0.0015
2025-09-06,4,ÍH,Tindastóll,0,10,1,2.5e-4
2025-09-06,4,ÍH,Tindastóll,1,0,213,0.05325
2025-09-06,4,ÍH,Tindastóll,1,1,393,0.09825
2025-09-06,4,ÍH,Tindastóll,1,2,312,0.078
2025-09-06,4,ÍH,Tindastóll,1,3,225,0.05625
2025-09-06,4,ÍH,Tindastóll,1,4,101,0.02525
2025-09-06,4,ÍH,Tindastóll,1,5,38,0.0095
2025-09-06,4,ÍH,Tindastóll,1,6,13,0.00325
2025-09-06,4,ÍH,Tindastóll,1,7,5,0.00125
2025-09-06,4,ÍH,Tindastóll,2,0,149,0.03725
2025-09-06,4,ÍH,Tindastóll,2,1,275,0.06875
2025-09-06,4,ÍH,Tindastóll,2,2,287,0.07175
2025-09-06,4,ÍH,Tindastóll,2,3,161,0.04025
2025-09-06,4,ÍH,Tindastóll,2,4,72,0.018
2025-09-06,4,ÍH,Tindastóll,2,5,27,0.00675
2025-09-06,4,ÍH,Tindastóll,2,6,12,0.003
2025-09-06,4,ÍH,Tindastóll,2,7,6,0.0015
2025-09-06,4,ÍH,Tindastóll,3,0,71,0.01775
2025-09-06,4,ÍH,Tindastóll,3,1,119,0.02975
2025-09-06,4,ÍH,Tindastóll,3,2,133,0.03325
2025-09-06,4,ÍH,Tindastóll,3,3,95,0.02375
2025-09-06,4,ÍH,Tindastóll,3,4,38,0.0095
2025-09-06,4,ÍH,Tindastóll,3,5,12,0.003
2025-09-06,4,ÍH,Tindastóll,3,6,8,0.002
2025-09-06,4,ÍH,Tindastóll,3,7,3,7.5e-4
2025-09-06,4,ÍH,Tindastóll,4,0,32,0.008
2025-09-06,4,ÍH,Tindastóll,4,1,49,0.01225
2025-09-06,4,ÍH,Tindastóll,4,2,57,0.01425
2025-09-06,4,ÍH,Tindastóll,4,3,42,0.0105
2025-09-06,4,ÍH,Tindastóll,4,4,18,0.0045
2025-09-06,4,ÍH,Tindastóll,4,5,5,0.00125
2025-09-06,4,ÍH,Tindastóll,4,7,1,2.5e-4
2025-09-06,4,ÍH,Tindastóll,4,9,1,2.5e-4
2025-09-06,4,ÍH,Tindastóll,5,0,10,0.0025
2025-09-06,4,ÍH,Tindastóll,5,1,12,0.003
2025-09-06,4,ÍH,Tindastóll,5,2,16,0.004
2025-09-06,4,ÍH,Tindastóll,5,3,5,0.00125
2025-09-06,4,ÍH,Tindastóll,5,4,4,0.001
2025-09-06,4,ÍH,Tindastóll,5,5,4,0.001
2025-09-06,4,ÍH,Tindastóll,6,0,2,5e-4
2025-09-06,4,ÍH,Tindastóll,6,1,5,0.00125
2025-09-06,4,ÍH,Tindastóll,6,2,3,7.5e-4
2025-09-06,4,ÍH,Tindastóll,6,5,3,7.5e-4
2025-09-06,4,ÍH,Tindastóll,6,7,1,2.5e-4
2025-09-06,4,ÍH,Tindastóll,7,1,1,2.5e-4
2025-09-06,4,ÍH,Tindastóll,7,2,1,2.5e-4
2025-09-06,4,ÍH,Tindastóll,7,3,1,2.5e-4
2025-09-06,4,ÍH,Tindastóll,7,4,2,5e-4
2025-09-06,4,ÍH,Tindastóll,8,1,1,2.5e-4
2025-09-07,4,Árbær,Sindri,0,0,231,0.05775
2025-09-07,4,Árbær,Sindri,0,1,251,0.06275
2025-09-07,4,Árbær,Sindri,0,2,146,0.0365
2025-09-07,4,Árbær,Sindri,0,3,53,0.01325
2025-09-07,4,Árbær,Sindri,0,4,23,0.00575
2025-09-07,4,Árbær,Sindri,0,5,2,5e-4
2025-09-07,4,Árbær,Sindri,0,6,1,2.5e-4
2025-09-07,4,Árbær,Sindri,1,0,393,0.09825
2025-09-07,4,Árbær,Sindri,1,1,436,0.109
2025-09-07,4,Árbær,Sindri,1,2,267,0.06675
2025-09-07,4,Árbær,Sindri,1,3,90,0.0225
2025-09-07,4,Árbær,Sindri,1,4,38,0.0095
2025-09-07,4,Árbær,Sindri,1,5,7,0.00175
2025-09-07,4,Árbær,Sindri,1,6,3,7.5e-4
2025-09-07,4,Árbær,Sindri,2,0,275,0.06875
2025-09-07,4,Árbær,Sindri,2,1,337,0.08425
2025-09-07,4,Árbær,Sindri,2,2,225,0.05625
2025-09-07,4,Árbær,Sindri,2,3,103,0.02575
2025-09-07,4,Árbær,Sindri,2,4,37,0.00925
2025-09-07,4,Árbær,Sindri,2,5,9,0.00225
2025-09-07,4,Árbær,Sindri,2,6,1,2.5e-4
2025-09-07,4,Árbær,Sindri,3,0,191,0.04775
2025-09-07,4,Árbær,Sindri,3,1,193,0.04825
2025-09-07,4,Árbær,Sindri,3,2,125,0.03125
2025-09-07,4,Árbær,Sindri,3,3,75,0.01875
2025-09-07,4,Árbær,Sindri,3,4,21,0.00525
2025-09-07,4,Árbær,Sindri,3,5,7,0.00175
2025-09-07,4,Árbær,Sindri,3,6,1,2.5e-4
2025-09-07,4,Árbær,Sindri,4,0,93,0.02325
2025-09-07,4,Árbær,Sindri,4,1,96,0.024
2025-09-07,4,Árbær,Sindri,4,2,69,0.01725
2025-09-07,4,Árbær,Sindri,4,3,27,0.00675
2025-09-07,4,Árbær,Sindri,4,4,11,0.00275
2025-09-07,4,Árbær,Sindri,4,5,6,0.0015
2025-09-07,4,Árbær,Sindri,4,6,2,5e-4
2025-09-07,4,Árbær,Sindri,5,0,21,0.00525
2025-09-07,4,Árbær,Sindri,5,1,33,0.00825
2025-09-07,4,Árbær,Sindri,5,2,23,0.00575
2025-09-07,4,Árbær,Sindri,5,3,12,0.003
2025-09-07,4,Árbær,Sindri,5,4,5,0.00125
2025-09-07,4,Árbær,Sindri,5,5,1,2.5e-4
2025-09-07,4,Árbær,Sindri,5,7,1,2.5e-4
2025-09-07,4,Árbær,Sindri,6,0,13,0.00325
2025-09-07,4,Árbær,Sindri,6,1,15,0.00375
2025-09-07,4,Árbær,Sindri,6,2,12,0.003
2025-09-07,4,Árbær,Sindri,6,3,1,2.5e-4
2025-09-07,4,Árbær,Sindri,6,4,2,5e-4
2025-09-07,4,Árbær,Sindri,6,6,1,2.5e-4
2025-09-07,4,Árbær,Sindri,7,0,2,5e-4
2025-09-07,4,Árbær,Sindri,7,1,3,7.5e-4
2025-09-07,4,Árbær,Sindri,7,2,4,0.001
2025-09-07,4,Árbær,Sindri,7,3,1,2.5e-4
2025-09-07,4,Árbær,Sindri,7,4,1,2.5e-4
2025-09-07,4,Árbær,Sindri,8,0,1,2.5e-4
2025-09-07,4,Árbær,Sindri,8,1,1,2.5e-4
2025-09-07,4,Árbær,Sindri,8,3,2,5e-4
2025-09-11,1,ÍA,Breiðablik,0,0,112,0.028
2025-09-11,1,ÍA,Breiðablik,0,1,169,0.04225
2025-09-11,1,ÍA,Breiðablik,0,2,155,0.03875
2025-09-11,1,ÍA,Breiðablik,0,3,103,0.02575
2025-09-11,1,ÍA,Breiðablik,0,4,59,0.01475
2025-09-11,1,ÍA,Breiðablik,0,5,34,0.0085
2025-09-11,1,ÍA,Breiðablik,0,6,8,0.002
2025-09-11,1,ÍA,Breiðablik,0,7,3,7.5e-4
2025-09-11,1,ÍA,Breiðablik,1,0,155,0.03875
2025-09-11,1,ÍA,Breiðablik,1,1,319,0.07975
2025-09-11,1,ÍA,Breiðablik,1,2,307,0.07675
2025-09-11,1,ÍA,Breiðablik,1,3,226,0.0565
2025-09-11,1,ÍA,Breiðablik,1,4,116,0.029
2025-09-11,1,ÍA,Breiðablik,1,5,51,0.01275
2025-09-11,1,ÍA,Breiðablik,1,6,16,0.004
2025-09-11,1,ÍA,Breiðablik,1,7,8,0.002
2025-09-11,1,ÍA,Breiðablik,1,8,1,2.5e-4
2025-09-11,1,ÍA,Breiðablik,2,0,135,0.03375
2025-09-11,1,ÍA,Breiðablik,2,1,285,0.07125
2025-09-11,1,ÍA,Breiðablik,2,2,290,0.0725
2025-09-11,1,ÍA,Breiðablik,2,3,193,0.04825
2025-09-11,1,ÍA,Breiðablik,2,4,95,0.02375
2025-09-11,1,ÍA,Breiðablik,2,5,53,0.01325
2025-09-11,1,ÍA,Breiðablik,2,6,15,0.00375
2025-09-11,1,ÍA,Breiðablik,2,7,12,0.003
2025-09-11,1,ÍA,Breiðablik,2,8,3,7.5e-4
2025-09-11,1,ÍA,Breiðablik,3,0,72,0.018
2025-09-11,1,ÍA,Breiðablik,3,1,152,0.038
2025-09-11,1,ÍA,Breiðablik,3,2,172,0.043
2025-09-11,1,ÍA,Breiðablik,3,3,115,0.02875
2025-09-11,1,ÍA,Breiðablik,3,4,67,0.01675
2025-09-11,1,ÍA,Breiðablik,3,5,36,0.009
2025-09-11,1,ÍA,Breiðablik,3,6,9,0.00225
2025-09-11,1,ÍA,Breiðablik,3,7,7,0.00175
2025-09-11,1,ÍA,Breiðablik,3,8,1,2.5e-4
2025-09-11,1,ÍA,Breiðablik,4,0,20,0.005
2025-09-11,1,ÍA,Breiðablik,4,1,73,0.01825
2025-09-11,1,ÍA,Breiðablik,4,2,80,0.02
2025-09-11,1,ÍA,Breiðablik,4,3,50,0.0125
2025-09-11,1,ÍA,Breiðablik,4,4,40,0.01
2025-09-11,1,ÍA,Breiðablik,4,5,14,0.0035
2025-09-11,1,ÍA,Breiðablik,4,6,5,0.00125
2025-09-11,1,ÍA,Breiðablik,4,7,5,0.00125
2025-09-11,1,ÍA,Breiðablik,5,0,13,0.00325
2025-09-11,1,ÍA,Breiðablik,5,1,33,0.00825
2025-09-11,1,ÍA,Breiðablik,5,2,23,0.00575
2025-09-11,1,ÍA,Breiðablik,5,3,17,0.00425
2025-09-11,1,ÍA,Breiðablik,5,4,14,0.0035
2025-09-11,1,ÍA,Breiðablik,5,5,5,0.00125
2025-09-11,1,ÍA,Breiðablik,5,6,4,0.001
2025-09-11,1,ÍA,Breiðablik,6,0,3,7.5e-4
2025-09-11,1,ÍA,Breiðablik,6,1,6,0.0015
2025-09-11,1,ÍA,Breiðablik,6,2,9,0.00225
2025-09-11,1,ÍA,Breiðablik,6,3,6,0.0015
2025-09-11,1,ÍA,Breiðablik,6,4,7,0.00175
2025-09-11,1,ÍA,Breiðablik,6,5,2,5e-4
2025-09-11,1,ÍA,Breiðablik,7,0,2,5e-4
2025-09-11,1,ÍA,Breiðablik,7,1,3,7.5e-4
2025-09-11,1,ÍA,Breiðablik,7,2,3,7.5e-4
2025-09-11,1,ÍA,Breiðablik,7,3,1,2.5e-4
2025-09-11,1,ÍA,Breiðablik,7,4,3,7.5e-4
2025-09-11,1,ÍA,Breiðablik,7,6,1,2.5e-4
2025-09-11,1,ÍA,Breiðablik,8,1,2,5e-4
2025-09-11,1,ÍA,Breiðablik,8,3,1,2.5e-4
2025-09-11,1,ÍA,Breiðablik,9,2,1,2.5e-4
2025-09-14,1,Breiðablik,ÍBV,0,0,110,0.0275
2025-09-14,1,Breiðablik,ÍBV,0,1,103,0.02575
2025-09-14,1,Breiðablik,ÍBV,0,2,54,0.0135
2025-09-14,1,Breiðablik,ÍBV,0,3,37,0.00925
2025-09-14,1,Breiðablik,ÍBV,0,4,6,0.0015
2025-09-14,1,Breiðablik,ÍBV,0,6,1,2.5e-4
2025-09-14,1,Breiðablik,ÍBV,1,0,242,0.0605
2025-09-14,1,Breiðablik,ÍBV,1,1,284,0.071
2025-09-14,1,Breiðablik,ÍBV,1,2,167,0.04175
2025-09-14,1,Breiðablik,ÍBV,1,3,68,0.017
2025-09-14,1,Breiðablik,ÍBV,1,4,25,0.00625
2025-09-14,1,Breiðablik,ÍBV,1,5,7,0.00175
2025-09-14,1,Breiðablik,ÍBV,1,7,1,2.5e-4
2025-09-14,1,Breiðablik,ÍBV,2,0,271,0.06775
2025-09-14,1,Breiðablik,ÍBV,2,1,339,0.08475
2025-09-14,1,Breiðablik,ÍBV,2,2,202,0.0505
2025-09-14,1,Breiðablik,ÍBV,2,3,97,0.02425
2025-09-14,1,Breiðablik,ÍBV,2,4,32,0.008
2025-09-14,1,Breiðablik,ÍBV,2,5,9,0.00225
2025-09-14,1,Breiðablik,ÍBV,2,6,3,7.5e-4
2025-09-14,1,Breiðablik,ÍBV,3,0,205,0.05125
2025-09-14,1,Breiðablik,ÍBV,3,1,307,0.07675
2025-09-14,1,Breiðablik,ÍBV,3,2,178,0.0445
2025-09-14,1,Breiðablik,ÍBV,3,3,102,0.0255
2025-09-14,1,Breiðablik,ÍBV,3,4,38,0.0095
2025-09-14,1,Breiðablik,ÍBV,3,5,8,0.002
2025-09-14,1,Breiðablik,ÍBV,3,6,3,7.5e-4
2025-09-14,1,Breiðablik,ÍBV,3,7,2,5e-4
2025-09-14,1,Breiðablik,ÍBV,4,0,174,0.0435
2025-09-14,1,Breiðablik,ÍBV,4,1,170,0.0425
2025-09-14,1,Breiðablik,ÍBV,4,2,118,0.0295
2025-09-14,1,Breiðablik,ÍBV,4,3,53,0.01325
2025-09-14,1,Breiðablik,ÍBV,4,4,18,0.0045
2025-09-14,1,Breiðablik,ÍBV,4,5,3,7.5e-4
2025-09-14,1,Breiðablik,ÍBV,4,6,4,0.001
2025-09-14,1,Breiðablik,ÍBV,4,7,1,2.5e-4
2025-09-14,1,Breiðablik,ÍBV,5,0,99,0.02475
2025-09-14,1,Breiðablik,ÍBV,5,1,109,0.02725
2025-09-14,1,Breiðablik,ÍBV,5,2,53,0.01325
2025-09-14,1,Breiðablik,ÍBV,5,3,31,0.00775
2025-09-14,1,Breiðablik,ÍBV,5,4,10,0.0025
2025-09-14,1,Breiðablik,ÍBV,5,5,5,0.00125
2025-09-14,1,Breiðablik,ÍBV,5,6,2,5e-4
2025-09-14,1,Breiðablik,ÍBV,6,0,42,0.0105
2025-09-14,1,Breiðablik,ÍBV,6,1,55,0.01375
2025-09-14,1,Breiðablik,ÍBV,6,2,33,0.00825
2025-09-14,1,Breiðablik,ÍBV,6,3,18,0.0045
2025-09-14,1,Breiðablik,ÍBV,6,4,7,0.00175
2025-09-14,1,Breiðablik,ÍBV,6,5,1,2.5e-4
2025-09-14,1,Breiðablik,ÍBV,7,0,19,0.00475
2025-09-14,1,Breiðablik,ÍBV,7,1,24,0.006
2025-09-14,1,Breiðablik,ÍBV,7,2,11,0.00275
2025-09-14,1,Breiðablik,ÍBV,7,3,9,0.00225
2025-09-14,1,Breiðablik,ÍBV,7,5,1,2.5e-4
2025-09-14,1,Breiðablik,ÍBV,8,0,4,0.001
2025-09-14,1,Breiðablik,ÍBV,8,1,8,0.002
2025-09-14,1,Breiðablik,ÍBV,8,2,4,0.001
2025-09-14,1,Breiðablik,ÍBV,8,3,4,0.001
2025-09-14,1,Breiðablik,ÍBV,9,0,2,5e-4
2025-09-14,1,Breiðablik,ÍBV,9,1,2,5e-4
2025-09-14,1,Breiðablik,ÍBV,9,2,4,0.001
2025-09-14,1,Breiðablik,ÍBV,10,1,1,2.5e-4
2025-09-14,1,FH,Fram,0,0,170,0.0425
2025-09-14,1,FH,Fram,0,1,223,0.05575
2025-09-14,1,FH,Fram,0,2,150,0.0375
2025-09-14,1,FH,Fram,0,3,62,0.0155
2025-09-14,1,FH,Fram,0,4,18,0.0045
2025-09-14,1,FH,Fram,0,5,8,0.002
2025-09-14,1,FH,Fram,0,6,2,5e-4
2025-09-14,1,FH,Fram,1,0,304,0.076
2025-09-14,1,FH,Fram,1,1,396,0.099
2025-09-14,1,FH,Fram,1,2,257,0.06425
2025-09-14,1,FH,Fram,1,3,113,0.02825
2025-09-14,1,FH,Fram,1,4,51,0.01275
2025-09-14,1,FH,Fram,1,5,16,0.004
2025-09-14,1,FH,Fram,1,6,3,7.5e-4
2025-09-14,1,FH,Fram,2,0,270,0.0675
2025-09-14,1,FH,Fram,2,1,365,0.09125
2025-09-14,1,FH,Fram,2,2,288,0.072
2025-09-14,1,FH,Fram,2,3,123,0.03075
2025-09-14,1,FH,Fram,2,4,49,0.01225
2025-09-14,1,FH,Fram,2,5,12,0.003
2025-09-14,1,FH,Fram,2,6,3,7.5e-4
2025-09-14,1,FH,Fram,3,0,154,0.0385
2025-09-14,1,FH,Fram,3,1,222,0.0555
2025-09-14,1,FH,Fram,3,2,142,0.0355
2025-09-14,1,FH,Fram,3,3,84,0.021
2025-09-14,1,FH,Fram,3,4,14,0.0035
2025-09-14,1,FH,Fram,3,5,9,0.00225
2025-09-14,1,FH,Fram,3,6,1,2.5e-4
2025-09-14,1,FH,Fram,3,8,1,2.5e-4
2025-09-14,1,FH,Fram,4,0,92,0.023
2025-09-14,1,FH,Fram,4,1,86,0.0215
2025-09-14,1,FH,Fram,4,2,75,0.01875
2025-09-14,1,FH,Fram,4,3,26,0.0065
2025-09-14,1,FH,Fram,4,4,13,0.00325
2025-09-14,1,FH,Fram,4,5,4,0.001
2025-09-14,1,FH,Fram,4,6,2,5e-4
2025-09-14,1,FH,Fram,4,8,1,2.5e-4
2025-09-14,1,FH,Fram,5,0,37,0.00925
2025-09-14,1,FH,Fram,5,1,36,0.009
2025-09-14,1,FH,Fram,5,2,30,0.0075
2025-09-14,1,FH,Fram,5,3,14,0.0035
2025-09-14,1,FH,Fram,5,4,5,0.00125
2025-09-14,1,FH,Fram,5,5,1,2.5e-4
2025-09-14,1,FH,Fram,6,0,12,0.003
2025-09-14,1,FH,Fram,6,1,19,0.00475
2025-09-14,1,FH,Fram,6,2,14,0.0035
2025-09-14,1,FH,Fram,6,3,6,0.0015
2025-09-14,1,FH,Fram,6,4,2,5e-4
2025-09-14,1,FH,Fram,6,6,1,2.5e-4
2025-09-14,1,FH,Fram,7,0,2,5e-4
2025-09-14,1,FH,Fram,7,1,2,5e-4
2025-09-14,1,FH,Fram,7,2,2,5e-4
2025-09-14,1,FH,Fram,7,3,4,0.001
2025-09-14,1,FH,Fram,7,4,1,2.5e-4
2025-09-14,1,FH,Fram,8,0,1,2.5e-4
2025-09-14,1,FH,Fram,9,0,1,2.5e-4
2025-09-14,1,FH,Fram,11,2,1,2.5e-4
2025-09-14,1,KR,Víkingur R.,0,0,167,0.04175
2025-09-14,1,KR,Víkingur R.,0,1,146,0.0365
2025-09-14,1,KR,Víkingur R.,0,2,87,0.02175
2025-09-14,1,KR,Víkingur R.,0,3,22,0.0055
2025-09-14,1,KR,Víkingur R.,0,4,8,0.002
2025-09-14,1,KR,Víkingur R.,0,5,3,7.5e-4
2025-09-14,1,KR,Víkingur R.,0,6,1,2.5e-4
2025-09-14,1,KR,Víkingur R.,0,7,1,2.5e-4
2025-09-14,1,KR,Víkingur R.,1,0,349,0.08725
2025-09-14,1,KR,Víkingur R.,1,1,327,0.08175
2025-09-14,1,KR,Víkingur R.,1,2,162,0.0405
2025-09-14,1,KR,Víkingur R.,1,3,64,0.016
2025-09-14,1,KR,Víkingur R.,1,4,22,0.0055
2025-09-14,1,KR,Víkingur R.,1,5,2,5e-4
2025-09-14,1,KR,Víkingur R.,1,6,2,5e-4
2025-09-14,1,KR,Víkingur R.,2,0,342,0.0855
2025-09-14,1,KR,Víkingur R.,2,1,374,0.0935
2025-09-14,1,KR,Víkingur R.,2,2,178,0.0445
2025-09-14,1,KR,Víkingur R.,2,3,72,0.018
2025-09-14,1,KR,Víkingur R.,2,4,19,0.00475
2025-09-14,1,KR,Víkingur R.,2,5,9,0.00225
2025-09-14,1,KR,Víkingur R.,2,6,2,5e-4
2025-09-14,1,KR,Víkingur R.,2,7,1,2.5e-4
2025-09-14,1,KR,Víkingur R.,3,0,280,0.07
2025-09-14,1,KR,Víkingur R.,3,1,323,0.08075
2025-09-14,1,KR,Víkingur R.,3,2,135,0.03375
2025-09-14,1,KR,Víkingur R.,3,3,54,0.0135
2025-09-14,1,KR,Víkingur R.,3,4,10,0.0025
2025-09-14,1,KR,Víkingur R.,3,5,1,2.5e-4
2025-09-14,1,KR,Víkingur R.,3,6,2,5e-4
2025-09-14,1,KR,Víkingur R.,3,7,1,2.5e-4
2025-09-14,1,KR,Víkingur R.,4,0,159,0.03975
2025-09-14,1,KR,Víkingur R.,4,1,168,0.042
2025-09-14,1,KR,Víkingur R.,4,2,85,0.02125
2025-09-14,1,KR,Víkingur R.,4,3,44,0.011
2025-09-14,1,KR,Víkingur R.,4,4,9,0.00225
2025-09-14,1,KR,Víkingur R.,4,5,4,0.001
2025-09-14,1,KR,Víkingur R.,4,6,2,5e-4
2025-09-14,1,KR,Víkingur R.,5,0,63,0.01575
2025-09-14,1,KR,Víkingur R.,5,1,75,0.01875
2025-09-14,1,KR,Víkingur R.,5,2,47,0.01175
2025-09-14,1,KR,Víkingur R.,5,3,16,0.004
2025-09-14,1,KR,Víkingur R.,5,4,5,0.00125
2025-09-14,1,KR,Víkingur R.,5,5,4,0.001
2025-09-14,1,KR,Víkingur R.,6,0,31,0.00775
2025-09-14,1,KR,Víkingur R.,6,1,28,0.007
2025-09-14,1,KR,Víkingur R.,6,2,23,0.00575
2025-09-14,1,KR,Víkingur R.,6,3,9,0.00225
2025-09-14,1,KR,Víkingur R.,6,4,1,2.5e-4
2025-09-14,1,KR,Víkingur R.,6,6,1,2.5e-4
2025-09-14,1,KR,Víkingur R.,7,0,10,0.0025
2025-09-14,1,KR,Víkingur R.,7,1,16,0.004
2025-09-14,1,KR,Víkingur R.,7,2,5,0.00125
2025-09-14,1,KR,Víkingur R.,7,3,6,0.0015
2025-09-14,1,KR,Víkingur R.,7,4,2,5e-4
2025-09-14,1,KR,Víkingur R.,8,0,5,0.00125
2025-09-14,1,KR,Víkingur R.,8,1,3,7.5e-4
2025-09-14,1,KR,Víkingur R.,8,2,7,0.00175
2025-09-14,1,KR,Víkingur R.,8,3,1,2.5e-4
2025-09-14,1,KR,Víkingur R.,9,0,1,2.5e-4
2025-09-14,1,KR,Víkingur R.,9,1,1,2.5e-4
2025-09-14,1,KR,Víkingur R.,9,2,1,2.5e-4
2025-09-14,1,KR,Víkingur R.,10,0,1,2.5e-4
2025-09-14,1,KR,Víkingur R.,12,2,1,2.5e-4
2025-09-14,1,ÍA,Afturelding,0,0,469,0.11725
2025-09-14,1,ÍA,Afturelding,0,1,432,0.108
2025-09-14,1,ÍA,Afturelding,0,2,253,0.06325
2025-09-14,1,ÍA,Afturelding,0,3,79,0.01975
2025-09-14,1,ÍA,Afturelding,0,4,24,0.006
2025-09-14,1,ÍA,Afturelding,0,5,6,0.0015
2025-09-14,1,ÍA,Afturelding,1,0,495,0.12375
2025-09-14,1,ÍA,Afturelding,1,1,489,0.12225
2025-09-14,1,ÍA,Afturelding,1,2,288,0.072
2025-09-14,1,ÍA,Afturelding,1,3,100,0.025
2025-09-14,1,ÍA,Afturelding,1,4,19,0.00475
2025-09-14,1,ÍA,Afturelding,1,5,6,0.0015
2025-09-14,1,ÍA,Afturelding,1,6,1,2.5e-4
2025-09-14,1,ÍA,Afturelding,2,0,247,0.06175
2025-09-14,1,ÍA,Afturelding,2,1,337,0.08425
2025-09-14,1,ÍA,Afturelding,2,2,134,0.0335
2025-09-14,1,ÍA,Afturelding,2,3,81,0.02025
2025-09-14,1,ÍA,Afturelding,2,4,14,0.0035
2025-09-14,1,ÍA,Afturelding,2,5,6,0.0015
2025-09-14,1,ÍA,Afturelding,2,6,1,2.5e-4
2025-09-14,1,ÍA,Afturelding,3,0,144,0.036
2025-09-14,1,ÍA,Afturelding,3,1,116,0.029
2025-09-14,1,ÍA,Afturelding,3,2,64,0.016
2025-09-14,1,ÍA,Afturelding,3,3,28,0.007
2025-09-14,1,ÍA,Afturelding,3,4,7,0.00175
2025-09-14,1,ÍA,Afturelding,3,5,2,5e-4
2025-09-14,1,ÍA,Afturelding,4,0,42,0.0105
2025-09-14,1,ÍA,Afturelding,4,1,38,0.0095
2025-09-14,1,ÍA,Afturelding,4,2,21,0.00525
2025-09-14,1,ÍA,Afturelding,4,3,9,0.00225
2025-09-14,1,ÍA,Afturelding,4,4,7,0.00175
2025-09-14,1,ÍA,Afturelding,4,5,2,5e-4
2025-09-14,1,ÍA,Afturelding,5,0,5,0.00125
2025-09-14,1,ÍA,Afturelding,5,1,15,0.00375
2025-09-14,1,ÍA,Afturelding,5,2,7,0.00175
2025-09-14,1,ÍA,Afturelding,5,3,3,7.5e-4
2025-09-14,1,ÍA,Afturelding,5,4,1,2.5e-4
2025-09-14,1,ÍA,Afturelding,5,5,2,5e-4
2025-09-14,1,ÍA,Afturelding,6,1,1,2.5e-4
2025-09-14,1,ÍA,Afturelding,6,2,2,5e-4
2025-09-14,1,ÍA,Afturelding,7,1,2,5e-4
2025-09-14,1,ÍA,Afturelding,7,3,1,2.5e-4
