date,division,home,away,home_goals,away_goals,n,p
2025-07-25,1,FH,Fram,0,0,148,0.037
2025-07-25,1,FH,Fram,0,1,102,0.0255
2025-07-25,1,FH,Fram,0,2,45,0.01125
2025-07-25,1,FH,Fram,0,3,17,0.00425
2025-07-25,1,FH,Fram,0,4,1,2.5e-4
2025-07-25,1,FH,Fram,1,0,318,0.0795
2025-07-25,1,FH,Fram,1,1,255,0.06375
2025-07-25,1,FH,Fram,1,2,93,0.02325
2025-07-25,1,FH,Fram,1,3,30,0.0075
2025-07-25,1,FH,Fram,1,4,8,0.002
2025-07-25,1,FH,Fram,1,5,1,2.5e-4
2025-07-25,1,FH,Fram,1,6,1,2.5e-4
2025-07-25,1,FH,Fram,2,0,404,0.101
2025-07-25,1,FH,Fram,2,1,319,0.07975
2025-07-25,1,FH,Fram,2,2,136,0.034
2025-07-25,1,FH,Fram,2,3,47,0.01175
2025-07-25,1,FH,Fram,2,4,10,0.0025
2025-07-25,1,FH,Fram,2,5,2,5e-4
2025-07-25,1,FH,Fram,3,0,344,0.086
2025-07-25,1,FH,Fram,3,1,277,0.06925
2025-07-25,1,FH,Fram,3,2,125,0.03125
2025-07-25,1,FH,Fram,3,3,37,0.00925
2025-07-25,1,FH,Fram,3,4,16,0.004
2025-07-25,1,FH,Fram,3,5,3,7.5e-4
2025-07-25,1,FH,Fram,4,0,256,0.064
2025-07-25,1,FH,Fram,4,1,184,0.046
2025-07-25,1,FH,Fram,4,2,85,0.02125
2025-07-25,1,FH,Fram,4,3,19,0.00475
2025-07-25,1,FH,Fram,4,4,9,0.00225
2025-07-25,1,FH,Fram,4,5,3,7.5e-4
2025-07-25,1,FH,Fram,5,0,175,0.04375
2025-07-25,1,FH,Fram,5,1,108,0.027
2025-07-25,1,FH,Fram,5,2,43,0.01075
2025-07-25,1,FH,Fram,5,3,17,0.00425
2025-07-25,1,FH,Fram,5,4,4,0.001
2025-07-25,1,FH,Fram,5,5,4,0.001
2025-07-25,1,FH,Fram,6,0,93,0.02325
2025-07-25,1,FH,Fram,6,1,68,0.017
2025-07-25,1,FH,Fram,6,2,22,0.0055
2025-07-25,1,FH,Fram,6,3,12,0.003
2025-07-25,1,FH,Fram,6,4,4,0.001
2025-07-25,1,FH,Fram,7,0,42,0.0105
2025-07-25,1,FH,Fram,7,1,23,0.00575
2025-07-25,1,FH,Fram,7,2,9,0.00225
2025-07-25,1,FH,Fram,7,4,1,2.5e-4
2025-07-25,1,FH,Fram,7,5,1,2.5e-4
2025-07-25,1,FH,Fram,8,0,18,0.0045
2025-07-25,1,FH,Fram,8,1,12,0.003
2025-07-25,1,FH,Fram,8,2,10,0.0025
2025-07-25,1,FH,Fram,8,3,1,2.5e-4
2025-07-25,1,FH,Fram,9,0,10,0.0025
2025-07-25,1,FH,Fram,9,1,4,0.001
2025-07-25,1,FH,Fram,9,2,7,0.00175
2025-07-25,1,FH,Fram,9,3,2,5e-4
2025-07-25,1,FH,Fram,10,0,1,2.5e-4
2025-07-25,1,FH,Fram,10,1,3,7.5e-4
2025-07-25,1,FH,Fram,10,2,4,0.001
2025-07-25,1,FH,Fram,11,0,2,5e-4
2025-07-25,1,FH,Fram,11,1,2,5e-4
2025-07-25,1,FH,Fram,12,1,3,7.5e-4
2025-07-25,1,Víkingur R.,Stjarnan,0,0,278,0.0695
2025-07-25,1,Víkingur R.,Stjarnan,0,1,249,0.06225
2025-07-25,1,Víkingur R.,Stjarnan,0,2,185,0.04625
2025-07-25,1,Víkingur R.,Stjarnan,0,3,119,0.02975
2025-07-25,1,Víkingur R.,Stjarnan,0,4,30,0.0075
2025-07-25,1,Víkingur R.,Stjarnan,0,5,15,0.00375
2025-07-25,1,Víkingur R.,Stjarnan,0,6,4,0.001
2025-07-25,1,Víkingur R.,Stjarnan,0,7,1,2.5e-4
2025-07-25,1,Víkingur R.,Stjarnan,0,9,1,2.5e-4
2025-07-25,1,Víkingur R.,Stjarnan,1,0,344,0.086
2025-07-25,1,Víkingur R.,Stjarnan,1,1,444,0.111
2025-07-25,1,Víkingur R.,Stjarnan,1,2,262,0.0655
2025-07-25,1,Víkingur R.,Stjarnan,1,3,138,0.0345
2025-07-25,1,Víkingur R.,Stjarnan,1,4,48,0.012
2025-07-25,1,Víkingur R.,Stjarnan,1,5,24,0.006
2025-07-25,1,Víkingur R.,Stjarnan,1,6,11,0.00275
2025-07-25,1,Víkingur R.,Stjarnan,1,8,1,2.5e-4
2025-07-25,1,Víkingur R.,Stjarnan,2,0,253,0.06325
2025-07-25,1,Víkingur R.,Stjarnan,2,1,290,0.0725
2025-07-25,1,Víkingur R.,Stjarnan,2,2,198,0.0495
2025-07-25,1,Víkingur R.,Stjarnan,2,3,113,0.02825
2025-07-25,1,Víkingur R.,Stjarnan,2,4,36,0.009
2025-07-25,1,Víkingur R.,Stjarnan,2,5,17,0.00425
2025-07-25,1,Víkingur R.,Stjarnan,2,6,8,0.002
2025-07-25,1,Víkingur R.,Stjarnan,2,7,2,5e-4
2025-07-25,1,Víkingur R.,Stjarnan,3,0,129,0.03225
2025-07-25,1,Víkingur R.,Stjarnan,3,1,171,0.04275
2025-07-25,1,Víkingur R.,Stjarnan,3,2,132,0.033
2025-07-25,1,Víkingur R.,Stjarnan,3,3,61,0.01525
2025-07-25,1,Víkingur R.,Stjarnan,3,4,25,0.00625
2025-07-25,1,Víkingur R.,Stjarnan,3,5,18,0.0045
2025-07-25,1,Víkingur R.,Stjarnan,3,6,2,5e-4
2025-07-25,1,Víkingur R.,Stjarnan,3,7,2,5e-4
2025-07-25,1,Víkingur R.,Stjarnan,3,8,2,5e-4
2025-07-25,1,Víkingur R.,Stjarnan,4,0,61,0.01525
2025-07-25,1,Víkingur R.,Stjarnan,4,1,77,0.01925
2025-07-25,1,Víkingur R.,Stjarnan,4,2,49,0.01225
2025-07-25,1,Víkingur R.,Stjarnan,4,3,33,0.00825
2025-07-25,1,Víkingur R.,Stjarnan,4,4,12,0.003
2025-07-25,1,Víkingur R.,Stjarnan,4,5,3,7.5e-4
2025-07-25,1,Víkingur R.,Stjarnan,4,7,1,2.5e-4
2025-07-25,1,Víkingur R.,Stjarnan,5,0,20,0.005
2025-07-25,1,Víkingur R.,Stjarnan,5,1,32,0.008
2025-07-25,1,Víkingur R.,Stjarnan,5,2,23,0.00575
2025-07-25,1,Víkingur R.,Stjarnan,5,3,15,0.00375
2025-07-25,1,Víkingur R.,Stjarnan,5,4,10,0.0025
2025-07-25,1,Víkingur R.,Stjarnan,5,5,1,2.5e-4
2025-07-25,1,Víkingur R.,Stjarnan,5,9,1,2.5e-4
2025-07-25,1,Víkingur R.,Stjarnan,6,0,7,0.00175
2025-07-25,1,Víkingur R.,Stjarnan,6,1,9,0.00225
2025-07-25,1,Víkingur R.,Stjarnan,6,2,10,0.0025
2025-07-25,1,Víkingur R.,Stjarnan,6,3,5,0.00125
2025-07-25,1,Víkingur R.,Stjarnan,6,4,2,5e-4
2025-07-25,1,Víkingur R.,Stjarnan,6,5,2,5e-4
2025-07-25,1,Víkingur R.,Stjarnan,6,6,1,2.5e-4
2025-07-25,1,Víkingur R.,Stjarnan,7,0,3,7.5e-4
2025-07-25,1,Víkingur R.,Stjarnan,7,1,3,7.5e-4
2025-07-25,1,Víkingur R.,Stjarnan,7,2,3,7.5e-4
2025-07-25,1,Víkingur R.,Stjarnan,8,0,1,2.5e-4
2025-07-25,1,Víkingur R.,Stjarnan,8,2,1,2.5e-4
2025-07-25,1,Víkingur R.,Stjarnan,8,4,1,2.5e-4
2025-07-25,1,Víkingur R.,Stjarnan,9,2,1,2.5e-4
2025-07-26,3,Dalvík/Reynir,Smári,0,0,146,0.0365
2025-07-26,3,Dalvík/Reynir,Smári,0,1,74,0.0185
2025-07-26,3,Dalvík/Reynir,Smári,0,2,16,0.004
2025-07-26,3,Dalvík/Reynir,Smári,0,3,3,7.5e-4
2025-07-26,3,Dalvík/Reynir,Smári,1,0,340,0.085
2025-07-26,3,Dalvík/Reynir,Smári,1,1,150,0.0375
2025-07-26,3,Dalvík/Reynir,Smári,1,2,42,0.0105
2025-07-26,3,Dalvík/Reynir,Smári,1,3,13,0.00325
2025-07-26,3,Dalvík/Reynir,Smári,1,4,1,2.5e-4
2025-07-26,3,Dalvík/Reynir,Smári,2,0,448,0.112
2025-07-26,3,Dalvík/Reynir,Smári,2,1,234,0.0585
2025-07-26,3,Dalvík/Reynir,Smári,2,2,67,0.01675
2025-07-26,3,Dalvík/Reynir,Smári,2,3,11,0.00275
2025-07-26,3,Dalvík/Reynir,Smári,2,4,3,7.5e-4
2025-07-26,3,Dalvík/Reynir,Smári,3,0,444,0.111
2025-07-26,3,Dalvík/Reynir,Smári,3,1,202,0.0505
2025-07-26,3,Dalvík/Reynir,Smári,3,2,62,0.0155
2025-07-26,3,Dalvík/Reynir,Smári,3,3,14,0.0035
2025-07-26,3,Dalvík/Reynir,Smári,3,4,6,0.0015
2025-07-26,3,Dalvík/Reynir,Smári,3,5,1,2.5e-4
2025-07-26,3,Dalvík/Reynir,Smári,4,0,372,0.093
2025-07-26,3,Dalvík/Reynir,Smári,4,1,187,0.04675
2025-07-26,3,Dalvík/Reynir,Smári,4,2,45,0.01125
2025-07-26,3,Dalvík/Reynir,Smári,4,3,5,0.00125
2025-07-26,3,Dalvík/Reynir,Smári,4,4,1,2.5e-4
2025-07-26,3,Dalvík/Reynir,Smári,5,0,267,0.06675
2025-07-26,3,Dalvík/Reynir,Smári,5,1,132,0.033
2025-07-26,3,Dalvík/Reynir,Smári,5,2,46,0.0115
2025-07-26,3,Dalvík/Reynir,Smári,5,3,6,0.0015
2025-07-26,3,Dalvík/Reynir,Smári,5,4,2,5e-4
2025-07-26,3,Dalvík/Reynir,Smári,6,0,167,0.04175
2025-07-26,3,Dalvík/Reynir,Smári,6,1,72,0.018
2025-07-26,3,Dalvík/Reynir,Smári,6,2,27,0.00675
2025-07-26,3,Dalvík/Reynir,Smári,6,3,3,7.5e-4
2025-07-26,3,Dalvík/Reynir,Smári,7,0,106,0.0265
2025-07-26,3,Dalvík/Reynir,Smári,7,1,48,0.012
2025-07-26,3,Dalvík/Reynir,Smári,7,2,16,0.004
2025-07-26,3,Dalvík/Reynir,Smári,7,3,2,5e-4
2025-07-26,3,Dalvík/Reynir,Smári,7,4,2,5e-4
2025-07-26,3,Dalvík/Reynir,Smári,8,0,69,0.01725
2025-07-26,3,Dalvík/Reynir,Smári,8,1,33,0.00825
2025-07-26,3,Dalvík/Reynir,Smári,8,2,5,0.00125
2025-07-26,3,Dalvík/Reynir,Smári,8,3,1,2.5e-4
2025-07-26,3,Dalvík/Reynir,Smári,8,4,1,2.5e-4
2025-07-26,3,Dalvík/Reynir,Smári,9,0,35,0.00875
2025-07-26,3,Dalvík/Reynir,Smári,9,1,7,0.00175
2025-07-26,3,Dalvík/Reynir,Smári,9,2,6,0.0015
2025-07-26,3,Dalvík/Reynir,Smári,9,3,3,7.5e-4
2025-07-26,3,Dalvík/Reynir,Smári,10,0,14,0.0035
2025-07-26,3,Dalvík/Reynir,Smári,10,1,11,0.00275
2025-07-26,3,Dalvík/Reynir,Smári,10,2,2,5e-4
2025-07-26,3,Dalvík/Reynir,Smári,10,3,1,2.5e-4
2025-07-26,3,Dalvík/Reynir,Smári,11,0,7,0.00175
2025-07-26,3,Dalvík/Reynir,Smári,11,1,2,5e-4
2025-07-26,3,Dalvík/Reynir,Smári,11,2,1,2.5e-4
2025-07-26,3,Dalvík/Reynir,Smári,11,3,2,5e-4
2025-07-26,3,Dalvík/Reynir,Smári,12,0,6,0.0015
2025-07-26,3,Dalvík/Reynir,Smári,12,1,4,0.001
2025-07-26,3,Dalvík/Reynir,Smári,12,2,1,2.5e-4
2025-07-26,3,Dalvík/Reynir,Smári,13,0,2,5e-4
2025-07-26,3,Dalvík/Reynir,Smári,14,0,1,2.5e-4
2025-07-26,3,Dalvík/Reynir,Smári,14,1,1,2.5e-4
2025-07-26,3,Dalvík/Reynir,Smári,15,1,2,5e-4
2025-07-26,3,Einherji,Vestri,0,0,166,0.0415
2025-07-26,3,Einherji,Vestri,0,1,90,0.0225
2025-07-26,3,Einherji,Vestri,0,2,25,0.00625
2025-07-26,3,Einherji,Vestri,0,3,9,0.00225
2025-07-26,3,Einherji,Vestri,0,4,1,2.5e-4
2025-07-26,3,Einherji,Vestri,1,0,377,0.09425
2025-07-26,3,Einherji,Vestri,1,1,206,0.0515
2025-07-26,3,Einherji,Vestri,1,2,72,0.018
2025-07-26,3,Einherji,Vestri,1,3,17,0.00425
2025-07-26,3,Einherji,Vestri,1,4,3,7.5e-4
2025-07-26,3,Einherji,Vestri,1,5,1,2.5e-4
2025-07-26,3,Einherji,Vestri,2,0,414,0.1035
2025-07-26,3,Einherji,Vestri,2,1,277,0.06925
2025-07-26,3,Einherji,Vestri,2,2,108,0.027
2025-07-26,3,Einherji,Vestri,2,3,16,0.004
2025-07-26,3,Einherji,Vestri,2,4,8,0.002
2025-07-26,3,Einherji,Vestri,2,5,2,5e-4
2025-07-26,3,Einherji,Vestri,3,0,392,0.098
2025-07-26,3,Einherji,Vestri,3,1,247,0.06175
2025-07-26,3,Einherji,Vestri,3,2,84,0.021
2025-07-26,3,Einherji,Vestri,3,3,33,0.00825
2025-07-26,3,Einherji,Vestri,3,4,10,0.0025
2025-07-26,3,Einherji,Vestri,4,0,304,0.076
2025-07-26,3,Einherji,Vestri,4,1,187,0.04675
2025-07-26,3,Einherji,Vestri,4,2,65,0.01625
2025-07-26,3,Einherji,Vestri,4,3,19,0.00475
2025-07-26,3,Einherji,Vestri,4,4,4,0.001
2025-07-26,3,Einherji,Vestri,5,0,194,0.0485
2025-07-26,3,Einherji,Vestri,5,1,118,0.0295
2025-07-26,3,Einherji,Vestri,5,2,37,0.00925
2025-07-26,3,Einherji,Vestri,5,3,9,0.00225
2025-07-26,3,Einherji,Vestri,5,4,7,0.00175
2025-07-26,3,Einherji,Vestri,5,5,2,5e-4
2025-07-26,3,Einherji,Vestri,6,0,115,0.02875
2025-07-26,3,Einherji,Vestri,6,1,83,0.02075
2025-07-26,3,Einherji,Vestri,6,2,35,0.00875
2025-07-26,3,Einherji,Vestri,6,3,8,0.002
2025-07-26,3,Einherji,Vestri,7,0,64,0.016
2025-07-26,3,Einherji,Vestri,7,1,38,0.0095
2025-07-26,3,Einherji,Vestri,7,2,17,0.00425
2025-07-26,3,Einherji,Vestri,7,3,6,0.0015
2025-07-26,3,Einherji,Vestri,7,4,3,7.5e-4
2025-07-26,3,Einherji,Vestri,8,0,24,0.006
2025-07-26,3,Einherji,Vestri,8,1,23,0.00575
2025-07-26,3,Einherji,Vestri,8,2,6,0.0015
2025-07-26,3,Einherji,Vestri,8,3,3,7.5e-4
2025-07-26,3,Einherji,Vestri,9,0,12,0.003
2025-07-26,3,Einherji,Vestri,9,1,18,0.0045
2025-07-26,3,Einherji,Vestri,9,2,3,7.5e-4
2025-07-26,3,Einherji,Vestri,9,3,1,2.5e-4
2025-07-26,3,Einherji,Vestri,10,0,5,0.00125
2025-07-26,3,Einherji,Vestri,10,1,6,0.0015
2025-07-26,3,Einherji,Vestri,10,3,1,2.5e-4
2025-07-26,3,Einherji,Vestri,11,0,4,0.001
2025-07-26,3,Einherji,Vestri,11,1,3,7.5e-4
2025-07-26,3,Einherji,Vestri,11,2,2,5e-4
2025-07-26,3,Einherji,Vestri,11,4,1,2.5e-4
2025-07-26,3,Einherji,Vestri,12,0,4,0.001
2025-07-26,3,Einherji,Vestri,12,1,3,7.5e-4
2025-07-26,3,Einherji,Vestri,12,2,1,2.5e-4
2025-07-26,3,Einherji,Vestri,13,0,1,2.5e-4
2025-07-26,3,Einherji,Vestri,13,1,2,5e-4
2025-07-26,3,Einherji,Vestri,13,2,1,2.5e-4
2025-07-26,3,Einherji,Vestri,14,2,1,2.5e-4
2025-07-26,3,Einherji,Vestri,15,0,1,2.5e-4
2025-07-26,3,Einherji,Vestri,17,0,1,2.5e-4
2025-07-26,3,Fjölnir,Völsungur,0,0,219,0.05475
2025-07-26,3,Fjölnir,Völsungur,0,1,284,0.071
2025-07-26,3,Fjölnir,Völsungur,0,2,241,0.06025
2025-07-26,3,Fjölnir,Völsungur,0,3,149,0.03725
2025-07-26,3,Fjölnir,Völsungur,0,4,63,0.01575
2025-07-26,3,Fjölnir,Völsungur,0,5,39,0.00975
2025-07-26,3,Fjölnir,Völsungur,0,6,14,0.0035
2025-07-26,3,Fjölnir,Völsungur,0,7,3,7.5e-4
2025-07-26,3,Fjölnir,Völsungur,0,8,2,5e-4
2025-07-26,3,Fjölnir,Völsungur,0,9,2,5e-4
2025-07-26,3,Fjölnir,Völsungur,1,0,246,0.0615
2025-07-26,3,Fjölnir,Völsungur,1,1,406,0.1015
2025-07-26,3,Fjölnir,Völsungur,1,2,304,0.076
2025-07-26,3,Fjölnir,Völsungur,1,3,164,0.041
2025-07-26,3,Fjölnir,Völsungur,1,4,88,0.022
2025-07-26,3,Fjölnir,Völsungur,1,5,41,0.01025
2025-07-26,3,Fjölnir,Völsungur,1,6,22,0.0055
2025-07-26,3,Fjölnir,Völsungur,1,7,5,0.00125
2025-07-26,3,Fjölnir,Völsungur,1,8,2,5e-4
2025-07-26,3,Fjölnir,Völsungur,1,9,1,2.5e-4
2025-07-26,3,Fjölnir,Völsungur,1,10,2,5e-4
2025-07-26,3,Fjölnir,Völsungur,2,0,175,0.04375
2025-07-26,3,Fjölnir,Völsungur,2,1,238,0.0595
2025-07-26,3,Fjölnir,Völsungur,2,2,237,0.05925
2025-07-26,3,Fjölnir,Völsungur,2,3,132,0.033
2025-07-26,3,Fjölnir,Völsungur,2,4,55,0.01375
2025-07-26,3,Fjölnir,Völsungur,2,5,26,0.0065
2025-07-26,3,Fjölnir,Völsungur,2,6,14,0.0035
2025-07-26,3,Fjölnir,Völsungur,2,7,5,0.00125
2025-07-26,3,Fjölnir,Völsungur,2,8,4,0.001
2025-07-26,3,Fjölnir,Völsungur,3,0,91,0.02275
2025-07-26,3,Fjölnir,Völsungur,3,1,115,0.02875
2025-07-26,3,Fjölnir,Völsungur,3,2,108,0.027
2025-07-26,3,Fjölnir,Völsungur,3,3,61,0.01525
2025-07-26,3,Fjölnir,Völsungur,3,4,47,0.01175
2025-07-26,3,Fjölnir,Völsungur,3,5,17,0.00425
2025-07-26,3,Fjölnir,Völsungur,3,6,7,0.00175
2025-07-26,3,Fjölnir,Völsungur,3,7,3,7.5e-4
2025-07-26,3,Fjölnir,Völsungur,3,10,1,2.5e-4
2025-07-26,3,Fjölnir,Völsungur,4,0,34,0.0085
2025-07-26,3,Fjölnir,Völsungur,4,1,67,0.01675
2025-07-26,3,Fjölnir,Völsungur,4,2,52,0.013
2025-07-26,3,Fjölnir,Völsungur,4,3,35,0.00875
2025-07-26,3,Fjölnir,Völsungur,4,4,16,0.004
2025-07-26,3,Fjölnir,Völsungur,4,5,11,0.00275
2025-07-26,3,Fjölnir,Völsungur,4,6,3,7.5e-4
2025-07-26,3,Fjölnir,Völsungur,4,7,1,2.5e-4
2025-07-26,3,Fjölnir,Völsungur,5,0,22,0.0055
2025-07-26,3,Fjölnir,Völsungur,5,1,27,0.00675
2025-07-26,3,Fjölnir,Völsungur,5,2,20,0.005
2025-07-26,3,Fjölnir,Völsungur,5,3,22,0.0055
2025-07-26,3,Fjölnir,Völsungur,5,4,8,0.002
2025-07-26,3,Fjölnir,Völsungur,5,5,2,5e-4
2025-07-26,3,Fjölnir,Völsungur,5,10,1,2.5e-4
2025-07-26,3,Fjölnir,Völsungur,6,0,5,0.00125
2025-07-26,3,Fjölnir,Völsungur,6,1,6,0.0015
2025-07-26,3,Fjölnir,Völsungur,6,2,8,0.002
2025-07-26,3,Fjölnir,Völsungur,6,3,6,0.0015
2025-07-26,3,Fjölnir,Völsungur,6,4,2,5e-4
2025-07-26,3,Fjölnir,Völsungur,6,5,1,2.5e-4
2025-07-26,3,Fjölnir,Völsungur,6,6,1,2.5e-4
2025-07-26,3,Fjölnir,Völsungur,7,1,3,7.5e-4
2025-07-26,3,Fjölnir,Völsungur,7,2,1,2.5e-4
2025-07-26,3,Fjölnir,Völsungur,7,3,2,5e-4
2025-07-26,3,Fjölnir,Völsungur,7,4,2,5e-4
2025-07-26,3,Fjölnir,Völsungur,7,5,1,2.5e-4
2025-07-26,3,Fjölnir,Völsungur,8,0,2,5e-4
2025-07-26,3,Fjölnir,Völsungur,8,1,2,5e-4
2025-07-26,3,Fjölnir,Völsungur,8,2,2,5e-4
2025-07-26,3,Fjölnir,Völsungur,9,0,1,2.5e-4
2025-07-26,3,Fjölnir,Völsungur,9,8,1,2.5e-4
2025-07-28,3,ÍR,ÍH,0,0,51,0.01275
2025-07-28,3,ÍR,ÍH,0,1,64,0.016
2025-07-28,3,ÍR,ÍH,0,2,56,0.014
2025-07-28,3,ÍR,ÍH,0,3,39,0.00975
2025-07-28,3,ÍR,ÍH,0,4,29,0.00725
2025-07-28,3,ÍR,ÍH,0,5,16,0.004
2025-07-28,3,ÍR,ÍH,0,6,6,0.0015
2025-07-28,3,ÍR,ÍH,0,7,1,2.5e-4
2025-07-28,3,ÍR,ÍH,0,9,1,2.5e-4
2025-07-28,3,ÍR,ÍH,1,0,81,0.02025
2025-07-28,3,ÍR,ÍH,1,1,147,0.03675
2025-07-28,3,ÍR,ÍH,1,2,149,0.03725
2025-07-28,3,ÍR,ÍH,1,3,97,0.02425
2025-07-28,3,ÍR,ÍH,1,4,58,0.0145
2025-07-28,3,ÍR,ÍH,1,5,21,0.00525
2025-07-28,3,ÍR,ÍH,1,6,13,0.00325
2025-07-28,3,ÍR,ÍH,1,7,5,0.00125
2025-07-28,3,ÍR,ÍH,1,9,1,2.5e-4
2025-07-28,3,ÍR,ÍH,2,0,112,0.028
2025-07-28,3,ÍR,ÍH,2,1,207,0.05175
2025-07-28,3,ÍR,ÍH,2,2,198,0.0495
2025-07-28,3,ÍR,ÍH,2,3,129,0.03225
2025-07-28,3,ÍR,ÍH,2,4,61,0.01525
2025-07-28,3,ÍR,ÍH,2,5,29,0.00725
2025-07-28,3,ÍR,ÍH,2,6,16,0.004
2025-07-28,3,ÍR,ÍH,2,7,12,0.003
2025-07-28,3,ÍR,ÍH,2,8,1,2.5e-4
2025-07-28,3,ÍR,ÍH,2,10,1,2.5e-4
2025-07-28,3,ÍR,ÍH,2,11,1,2.5e-4
2025-07-28,3,ÍR,ÍH,3,0,88,0.022
2025-07-28,3,ÍR,ÍH,3,1,179,0.04475
2025-07-28,3,ÍR,ÍH,3,2,185,0.04625
2025-07-28,3,ÍR,ÍH,3,3,130,0.0325
2025-07-28,3,ÍR,ÍH,3,4,67,0.01675
2025-07-28,3,ÍR,ÍH,3,5,31,0.00775
2025-07-28,3,ÍR,ÍH,3,6,16,0.004
2025-07-28,3,ÍR,ÍH,3,7,7,0.00175
2025-07-28,3,ÍR,ÍH,3,8,5,0.00125
2025-07-28,3,ÍR,ÍH,4,0,75,0.01875
2025-07-28,3,ÍR,ÍH,4,1,145,0.03625
2025-07-28,3,ÍR,ÍH,4,2,168,0.042
2025-07-28,3,ÍR,ÍH,4,3,122,0.0305
2025-07-28,3,ÍR,ÍH,4,4,77,0.01925
2025-07-28,3,ÍR,ÍH,4,5,22,0.0055
2025-07-28,3,ÍR,ÍH,4,6,22,0.0055
2025-07-28,3,ÍR,ÍH,4,7,5,0.00125
2025-07-28,3,ÍR,ÍH,4,8,2,5e-4
2025-07-28,3,ÍR,ÍH,4,9,1,2.5e-4
2025-07-28,3,ÍR,ÍH,5,0,75,0.01875
2025-07-28,3,ÍR,ÍH,5,1,102,0.0255
2025-07-28,3,ÍR,ÍH,5,2,90,0.0225
2025-07-28,3,ÍR,ÍH,5,3,76,0.019
2025-07-28,3,ÍR,ÍH,5,4,47,0.01175
2025-07-28,3,ÍR,ÍH,5,5,20,0.005
2025-07-28,3,ÍR,ÍH,5,6,8,0.002
2025-07-28,3,ÍR,ÍH,5,7,2,5e-4
2025-07-28,3,ÍR,ÍH,5,8,3,7.5e-4
2025-07-28,3,ÍR,ÍH,5,9,1,2.5e-4
2025-07-28,3,ÍR,ÍH,6,0,47,0.01175
2025-07-28,3,ÍR,ÍH,6,1,51,0.01275
2025-07-28,3,ÍR,ÍH,6,2,54,0.0135
2025-07-28,3,ÍR,ÍH,6,3,41,0.01025
2025-07-28,3,ÍR,ÍH,6,4,31,0.00775
2025-07-28,3,ÍR,ÍH,6,5,11,0.00275
2025-07-28,3,ÍR,ÍH,6,6,6,0.0015
2025-07-28,3,ÍR,ÍH,6,7,1,2.5e-4
2025-07-28,3,ÍR,ÍH,7,0,20,0.005
2025-07-28,3,ÍR,ÍH,7,1,41,0.01025
2025-07-28,3,ÍR,ÍH,7,2,41,0.01025
2025-07-28,3,ÍR,ÍH,7,3,30,0.0075
2025-07-28,3,ÍR,ÍH,7,4,14,0.0035
2025-07-28,3,ÍR,ÍH,7,5,9,0.00225
2025-07-28,3,ÍR,ÍH,7,6,5,0.00125
2025-07-28,3,ÍR,ÍH,7,7,5,0.00125
2025-07-28,3,ÍR,ÍH,8,0,15,0.00375
2025-07-28,3,ÍR,ÍH,8,1,29,0.00725
2025-07-28,3,ÍR,ÍH,8,2,22,0.0055
2025-07-28,3,ÍR,ÍH,8,3,17,0.00425
2025-07-28,3,ÍR,ÍH,8,4,5,0.00125
2025-07-28,3,ÍR,ÍH,8,5,7,0.00175
2025-07-28,3,ÍR,ÍH,8,7,1,2.5e-4
2025-07-28,3,ÍR,ÍH,8,8,2,5e-4
2025-07-28,3,ÍR,ÍH,9,0,8,0.002
2025-07-28,3,ÍR,ÍH,9,1,13,0.00325
2025-07-28,3,ÍR,ÍH,9,2,18,0.0045
2025-07-28,3,ÍR,ÍH,9,3,7,0.00175
2025-07-28,3,ÍR,ÍH,9,4,9,0.00225
2025-07-28,3,ÍR,ÍH,9,5,7,0.00175
2025-07-28,3,ÍR,ÍH,9,6,2,5e-4
2025-07-28,3,ÍR,ÍH,9,9,1,2.5e-4
2025-07-28,3,ÍR,ÍH,10,0,6,0.0015
2025-07-28,3,ÍR,ÍH,10,1,6,0.0015
2025-07-28,3,ÍR,ÍH,10,2,5,0.00125
2025-07-28,3,ÍR,ÍH,10,3,3,7.5e-4
2025-07-28,3,ÍR,ÍH,10,4,5,0.00125
2025-07-28,3,ÍR,ÍH,10,5,1,2.5e-4
2025-07-28,3,ÍR,ÍH,10,6,1,2.5e-4
2025-07-28,3,ÍR,ÍH,11,0,1,2.5e-4
2025-07-28,3,ÍR,ÍH,11,1,6,0.0015
2025-07-28,3,ÍR,ÍH,11,2,3,7.5e-4
2025-07-28,3,ÍR,ÍH,11,3,2,5e-4
2025-07-28,3,ÍR,ÍH,12,0,3,7.5e-4
2025-07-28,3,ÍR,ÍH,12,1,2,5e-4
2025-07-28,3,ÍR,ÍH,12,2,1,2.5e-4
2025-07-28,3,ÍR,ÍH,12,4,1,2.5e-4
2025-07-28,3,ÍR,ÍH,12,5,1,2.5e-4
2025-07-28,3,ÍR,ÍH,13,0,1,2.5e-4
2025-07-28,3,ÍR,ÍH,13,1,1,2.5e-4
2025-07-28,3,ÍR,ÍH,13,3,1,2.5e-4
2025-07-28,3,ÍR,ÍH,13,4,1,2.5e-4
2025-07-28,3,ÍR,ÍH,13,5,2,5e-4
2025-07-28,3,ÍR,ÍH,14,0,1,2.5e-4
2025-07-28,3,ÍR,ÍH,14,1,1,2.5e-4
2025-07-28,3,ÍR,ÍH,15,1,1,2.5e-4
2025-07-28,3,ÍR,ÍH,18,3,1,2.5e-4
2025-07-29,2,Afturelding,HK,0,0,88,0.022
2025-07-29,2,Afturelding,HK,0,1,231,0.05775
2025-07-29,2,Afturelding,HK,0,2,300,0.075
2025-07-29,2,Afturelding,HK,0,3,270,0.0675
2025-07-29,2,Afturelding,HK,0,4,193,0.04825
2025-07-29,2,Afturelding,HK,0,5,110,0.0275
2025-07-29,2,Afturelding,HK,0,6,63,0.01575
2025-07-29,2,Afturelding,HK,0,7,36,0.009
2025-07-29,2,Afturelding,HK,0,8,21,0.00525
2025-07-29,2,Afturelding,HK,0,9,5,0.00125
2025-07-29,2,Afturelding,HK,0,10,1,2.5e-4
2025-07-29,2,Afturelding,HK,0,11,1,2.5e-4
2025-07-29,2,Afturelding,HK,1,0,74,0.0185
2025-07-29,2,Afturelding,HK,1,1,236,0.059
2025-07-29,2,Afturelding,HK,1,2,277,0.06925
2025-07-29,2,Afturelding,HK,1,3,252,0.063
2025-07-29,2,Afturelding,HK,1,4,200,0.05
2025-07-29,2,Afturelding,HK,1,5,134,0.0335
2025-07-29,2,Afturelding,HK,1,6,82,0.0205
2025-07-29,2,Afturelding,HK,1,7,45,0.01125
2025-07-29,2,Afturelding,HK,1,8,25,0.00625
2025-07-29,2,Afturelding,HK,1,9,11,0.00275
2025-07-29,2,Afturelding,HK,1,10,3,7.5e-4
2025-07-29,2,Afturelding,HK,1,11,3,7.5e-4
2025-07-29,2,Afturelding,HK,1,12,2,5e-4
2025-07-29,2,Afturelding,HK,2,0,62,0.0155
2025-07-29,2,Afturelding,HK,2,1,135,0.03375
2025-07-29,2,Afturelding,HK,2,2,184,0.046
2025-07-29,2,Afturelding,HK,2,3,151,0.03775
2025-07-29,2,Afturelding,HK,2,4,108,0.027
2025-07-29,2,Afturelding,HK,2,5,80,0.02
2025-07-29,2,Afturelding,HK,2,6,42,0.0105
2025-07-29,2,Afturelding,HK,2,7,28,0.007
2025-07-29,2,Afturelding,HK,2,8,14,0.0035
2025-07-29,2,Afturelding,HK,2,9,10,0.0025
2025-07-29,2,Afturelding,HK,2,10,4,0.001
2025-07-29,2,Afturelding,HK,2,15,1,2.5e-4
2025-07-29,2,Afturelding,HK,2,17,1,2.5e-4
2025-07-29,2,Afturelding,HK,3,0,16,0.004
2025-07-29,2,Afturelding,HK,3,1,43,0.01075
2025-07-29,2,Afturelding,HK,3,2,81,0.02025
2025-07-29,2,Afturelding,HK,3,3,70,0.0175
2025-07-29,2,Afturelding,HK,3,4,56,0.014
2025-07-29,2,Afturelding,HK,3,5,31,0.00775
2025-07-29,2,Afturelding,HK,3,6,24,0.006
2025-07-29,2,Afturelding,HK,3,7,12,0.003
2025-07-29,2,Afturelding,HK,3,8,8,0.002
2025-07-29,2,Afturelding,HK,3,9,4,0.001
2025-07-29,2,Afturelding,HK,3,10,2,5e-4
2025-07-29,2,Afturelding,HK,3,13,1,2.5e-4
2025-07-29,2,Afturelding,HK,4,0,5,0.00125
2025-07-29,2,Afturelding,HK,4,1,19,0.00475
2025-07-29,2,Afturelding,HK,4,2,28,0.007
2025-07-29,2,Afturelding,HK,4,3,24,0.006
2025-07-29,2,Afturelding,HK,4,4,22,0.0055
2025-07-29,2,Afturelding,HK,4,5,8,0.002
2025-07-29,2,Afturelding,HK,4,6,9,0.00225
2025-07-29,2,Afturelding,HK,4,7,5,0.00125
2025-07-29,2,Afturelding,HK,4,8,7,0.00175
2025-07-29,2,Afturelding,HK,4,10,1,2.5e-4
2025-07-29,2,Afturelding,HK,5,0,1,2.5e-4
2025-07-29,2,Afturelding,HK,5,1,5,0.00125
2025-07-29,2,Afturelding,HK,5,2,8,0.002
2025-07-29,2,Afturelding,HK,5,3,7,0.00175
2025-07-29,2,Afturelding,HK,5,4,5,0.00125
2025-07-29,2,Afturelding,HK,5,5,5,0.00125
2025-07-29,2,Afturelding,HK,5,7,2,5e-4
2025-07-29,2,Afturelding,HK,5,9,1,2.5e-4
2025-07-29,2,Afturelding,HK,6,1,1,2.5e-4
2025-07-29,2,Afturelding,HK,6,2,2,5e-4
2025-07-29,2,Afturelding,HK,6,3,1,2.5e-4
2025-07-29,2,Afturelding,HK,6,4,1,2.5e-4
2025-07-29,2,Afturelding,HK,7,3,1,2.5e-4
2025-07-29,2,Afturelding,HK,7,6,1,2.5e-4
2025-07-29,2,Haukar,Fylkir,0,0,108,0.027
2025-07-29,2,Haukar,Fylkir,0,1,176,0.044
2025-07-29,2,Haukar,Fylkir,0,2,144,0.036
2025-07-29,2,Haukar,Fylkir,0,3,107,0.02675
2025-07-29,2,Haukar,Fylkir,0,4,66,0.0165
2025-07-29,2,Haukar,Fylkir,0,5,48,0.012
2025-07-29,2,Haukar,Fylkir,0,6,25,0.00625
2025-07-29,2,Haukar,Fylkir,0,7,8,0.002
2025-07-29,2,Haukar,Fylkir,0,9,3,7.5e-4
2025-07-29,2,Haukar,Fylkir,0,10,2,5e-4
2025-07-29,2,Haukar,Fylkir,0,11,1,2.5e-4
2025-07-29,2,Haukar,Fylkir,1,0,148,0.037
2025-07-29,2,Haukar,Fylkir,1,1,282,0.0705
2025-07-29,2,Haukar,Fylkir,1,2,229,0.05725
2025-07-29,2,Haukar,Fylkir,1,3,214,0.0535
2025-07-29,2,Haukar,Fylkir,1,4,122,0.0305
2025-07-29,2,Haukar,Fylkir,1,5,62,0.0155
2025-07-29,2,Haukar,Fylkir,1,6,41,0.01025
2025-07-29,2,Haukar,Fylkir,1,7,15,0.00375
2025-07-29,2,Haukar,Fylkir,1,8,8,0.002
2025-07-29,2,Haukar,Fylkir,1,9,7,0.00175
2025-07-29,2,Haukar,Fylkir,1,10,2,5e-4
2025-07-29,2,Haukar,Fylkir,1,11,1,2.5e-4
2025-07-29,2,Haukar,Fylkir,1,12,1,2.5e-4
2025-07-29,2,Haukar,Fylkir,2,0,133,0.03325
2025-07-29,2,Haukar,Fylkir,2,1,202,0.0505
2025-07-29,2,Haukar,Fylkir,2,2,230,0.0575
2025-07-29,2,Haukar,Fylkir,2,3,158,0.0395
2025-07-29,2,Haukar,Fylkir,2,4,112,0.028
2025-07-29,2,Haukar,Fylkir,2,5,62,0.0155
2025-07-29,2,Haukar,Fylkir,2,6,33,0.00825
2025-07-29,2,Haukar,Fylkir,2,7,9,0.00225
2025-07-29,2,Haukar,Fylkir,2,8,11,0.00275
2025-07-29,2,Haukar,Fylkir,2,9,2,5e-4
2025-07-29,2,Haukar,Fylkir,2,12,1,2.5e-4
2025-07-29,2,Haukar,Fylkir,3,0,72,0.018
2025-07-29,2,Haukar,Fylkir,3,1,146,0.0365
2025-07-29,2,Haukar,Fylkir,3,2,137,0.03425
2025-07-29,2,Haukar,Fylkir,3,3,121,0.03025
2025-07-29,2,Haukar,Fylkir,3,4,96,0.024
2025-07-29,2,Haukar,Fylkir,3,5,37,0.00925
2025-07-29,2,Haukar,Fylkir,3,6,19,0.00475
2025-07-29,2,Haukar,Fylkir,3,7,9,0.00225
2025-07-29,2,Haukar,Fylkir,3,8,3,7.5e-4
2025-07-29,2,Haukar,Fylkir,3,9,1,2.5e-4
2025-07-29,2,Haukar,Fylkir,3,10,1,2.5e-4
2025-07-29,2,Haukar,Fylkir,4,0,45,0.01125
2025-07-29,2,Haukar,Fylkir,4,1,84,0.021
2025-07-29,2,Haukar,Fylkir,4,2,68,0.017
2025-07-29,2,Haukar,Fylkir,4,3,54,0.0135
2025-07-29,2,Haukar,Fylkir,4,4,45,0.01125
2025-07-29,2,Haukar,Fylkir,4,5,18,0.0045
2025-07-29,2,Haukar,Fylkir,4,6,12,0.003
2025-07-29,2,Haukar,Fylkir,4,7,5,0.00125
2025-07-29,2,Haukar,Fylkir,4,8,2,5e-4
2025-07-29,2,Haukar,Fylkir,5,0,17,0.00425
2025-07-29,2,Haukar,Fylkir,5,1,42,0.0105
2025-07-29,2,Haukar,Fylkir,5,2,34,0.0085
2025-07-29,2,Haukar,Fylkir,5,3,19,0.00475
2025-07-29,2,Haukar,Fylkir,5,4,17,0.00425
2025-07-29,2,Haukar,Fylkir,5,5,5,0.00125
2025-07-29,2,Haukar,Fylkir,5,6,3,7.5e-4
2025-07-29,2,Haukar,Fylkir,5,7,3,7.5e-4
2025-07-29,2,Haukar,Fylkir,5,8,2,5e-4
2025-07-29,2,Haukar,Fylkir,5,11,1,2.5e-4
2025-07-29,2,Haukar,Fylkir,6,0,6,0.0015
2025-07-29,2,Haukar,Fylkir,6,1,8,0.002
2025-07-29,2,Haukar,Fylkir,6,2,17,0.00425
2025-07-29,2,Haukar,Fylkir,6,3,17,0.00425
2025-07-29,2,Haukar,Fylkir,6,4,7,0.00175
2025-07-29,2,Haukar,Fylkir,6,5,6,0.0015
2025-07-29,2,Haukar,Fylkir,6,6,2,5e-4
2025-07-29,2,Haukar,Fylkir,6,8,2,5e-4
2025-07-29,2,Haukar,Fylkir,6,10,1,2.5e-4
2025-07-29,2,Haukar,Fylkir,7,0,2,5e-4
2025-07-29,2,Haukar,Fylkir,7,1,6,0.0015
2025-07-29,2,Haukar,Fylkir,7,2,7,0.00175
2025-07-29,2,Haukar,Fylkir,7,3,3,7.5e-4
2025-07-29,2,Haukar,Fylkir,7,4,3,7.5e-4
2025-07-29,2,Haukar,Fylkir,7,5,1,2.5e-4
2025-07-29,2,Haukar,Fylkir,7,6,2,5e-4
2025-07-29,2,Haukar,Fylkir,7,8,1,2.5e-4
2025-07-29,2,Haukar,Fylkir,8,0,1,2.5e-4
2025-07-29,2,Haukar,Fylkir,8,1,3,7.5e-4
2025-07-29,2,Haukar,Fylkir,8,2,4,0.001
2025-07-29,2,Haukar,Fylkir,8,4,2,5e-4
2025-07-29,2,Haukar,Fylkir,9,2,2,5e-4
2025-07-29,2,Haukar,Fylkir,10,0,1,2.5e-4
2025-07-29,2,Haukar,Fylkir,10,1,2,5e-4
2025-07-29,2,Haukar,Fylkir,10,2,1,2.5e-4
2025-07-29,2,Haukar,Fylkir,10,5,1,2.5e-4
2025-07-29,2,Haukar,Fylkir,14,14,1,2.5e-4
2025-07-29,4,Valur,FH,0,0,400,0.1
2025-07-29,4,Valur,FH,0,1,375,0.09375
2025-07-29,4,Valur,FH,0,2,198,0.0495
2025-07-29,4,Valur,FH,0,3,71,0.01775
2025-07-29,4,Valur,FH,0,4,20,0.005
2025-07-29,4,Valur,FH,0,5,6,0.0015
2025-07-29,4,Valur,FH,0,8,1,2.5e-4
2025-07-29,4,Valur,FH,1,0,442,0.1105
2025-07-29,4,Valur,FH,1,1,464,0.116
2025-07-29,4,Valur,FH,1,2,237,0.05925
2025-07-29,4,Valur,FH,1,3,119,0.02975
2025-07-29,4,Valur,FH,1,4,34,0.0085
2025-07-29,4,Valur,FH,1,5,6,0.0015
2025-07-29,4,Valur,FH,1,6,4,0.001
2025-07-29,4,Valur,FH,2,0,275,0.06875
2025-07-29,4,Valur,FH,2,1,289,0.07225
2025-07-29,4,Valur,FH,2,2,183,0.04575
2025-07-29,4,Valur,FH,2,3,81,0.02025
2025-07-29,4,Valur,FH,2,4,34,0.0085
2025-07-29,4,Valur,FH,2,5,8,0.002
2025-07-29,4,Valur,FH,2,6,3,7.5e-4
2025-07-29,4,Valur,FH,3,0,165,0.04125
2025-07-29,4,Valur,FH,3,1,166,0.0415
2025-07-29,4,Valur,FH,3,2,92,0.023
2025-07-29,4,Valur,FH,3,3,46,0.0115
2025-07-29,4,Valur,FH,3,4,18,0.0045
2025-07-29,4,Valur,FH,3,5,5,0.00125
2025-07-29,4,Valur,FH,3,6,2,5e-4
2025-07-29,4,Valur,FH,4,0,47,0.01175
2025-07-29,4,Valur,FH,4,1,50,0.0125
2025-07-29,4,Valur,FH,4,2,46,0.0115
2025-07-29,4,Valur,FH,4,3,14,0.0035
2025-07-29,4,Valur,FH,4,4,6,0.0015
2025-07-29,4,Valur,FH,4,5,2,5e-4
2025-07-29,4,Valur,FH,5,0,16,0.004
2025-07-29,4,Valur,FH,5,1,18,0.0045
2025-07-29,4,Valur,FH,5,2,12,0.003
2025-07-29,4,Valur,FH,5,3,12,0.003
2025-07-29,4,Valur,FH,5,4,3,7.5e-4
2025-07-29,4,Valur,FH,5,5,1,2.5e-4
2025-07-29,4,Valur,FH,6,0,4,0.001
2025-07-29,4,Valur,FH,6,1,9,0.00225
2025-07-29,4,Valur,FH,6,2,7,0.00175
2025-07-29,4,Valur,FH,6,3,2,5e-4
2025-07-29,4,Valur,FH,6,4,1,2.5e-4
2025-07-29,4,Valur,FH,6,6,1,2.5e-4
2025-07-29,4,Valur,FH,7,0,1,2.5e-4
2025-07-29,4,Valur,FH,7,1,2,5e-4
2025-07-29,4,Valur,FH,7,2,1,2.5e-4
2025-07-29,4,Valur,FH,8,1,1,2.5e-4
2025-07-30,2,Grótta,Grindavík/ Njarðvík,0,0,85,0.02125
2025-07-30,2,Grótta,Grindavík/ Njarðvík,0,1,87,0.02175
2025-07-30,2,Grótta,Grindavík/ Njarðvík,0,2,46,0.0115
2025-07-30,2,Grótta,Grindavík/ Njarðvík,0,3,24,0.006
2025-07-30,2,Grótta,Grindavík/ Njarðvík,0,4,5,0.00125
2025-07-30,2,Grótta,Grindavík/ Njarðvík,0,5,1,2.5e-4
2025-07-30,2,Grótta,Grindavík/ Njarðvík,1,0,217,0.05425
2025-07-30,2,Grótta,Grindavík/ Njarðvík,1,1,175,0.04375
2025-07-30,2,Grótta,Grindavík/ Njarðvík,1,2,136,0.034
2025-07-30,2,Grótta,Grindavík/ Njarðvík,1,3,57,0.01425
2025-07-30,2,Grótta,Grindavík/ Njarðvík,1,4,21,0.00525
2025-07-30,2,Grótta,Grindavík/ Njarðvík,1,5,9,0.00225
2025-07-30,2,Grótta,Grindavík/ Njarðvík,1,6,3,7.5e-4
2025-07-30,2,Grótta,Grindavík/ Njarðvík,1,7,1,2.5e-4
2025-07-30,2,Grótta,Grindavík/ Njarðvík,2,0,232,0.058
2025-07-30,2,Grótta,Grindavík/ Njarðvík,2,1,263,0.06575
2025-07-30,2,Grótta,Grindavík/ Njarðvík,2,2,156,0.039
2025-07-30,2,Grótta,Grindavík/ Njarðvík,2,3,62,0.0155
2025-07-30,2,Grótta,Grindavík/ Njarðvík,2,4,27,0.00675
2025-07-30,2,Grótta,Grindavík/ Njarðvík,2,5,9,0.00225
2025-07-30,2,Grótta,Grindavík/ Njarðvík,2,6,3,7.5e-4
2025-07-30,2,Grótta,Grindavík/ Njarðvík,2,7,2,5e-4
2025-07-30,2,Grótta,Grindavík/ Njarðvík,3,0,245,0.06125
2025-07-30,2,Grótta,Grindavík/ Njarðvík,3,1,267,0.06675
2025-07-30,2,Grótta,Grindavík/ Njarðvík,3,2,144,0.036
2025-07-30,2,Grótta,Grindavík/ Njarðvík,3,3,65,0.01625
2025-07-30,2,Grótta,Grindavík/ Njarðvík,3,4,26,0.0065
2025-07-30,2,Grótta,Grindavík/ Njarðvík,3,5,10,0.0025
2025-07-30,2,Grótta,Grindavík/ Njarðvík,3,6,3,7.5e-4
2025-07-30,2,Grótta,Grindavík/ Njarðvík,3,7,2,5e-4
2025-07-30,2,Grótta,Grindavík/ Njarðvík,4,0,208,0.052
2025-07-30,2,Grótta,Grindavík/ Njarðvík,4,1,227,0.05675
2025-07-30,2,Grótta,Grindavík/ Njarðvík,4,2,131,0.03275
2025-07-30,2,Grótta,Grindavík/ Njarðvík,4,3,55,0.01375
2025-07-30,2,Grótta,Grindavík/ Njarðvík,4,4,26,0.0065
2025-07-30,2,Grótta,Grindavík/ Njarðvík,4,5,13,0.00325
2025-07-30,2,Grótta,Grindavík/ Njarðvík,4,6,3,7.5e-4
2025-07-30,2,Grótta,Grindavík/ Njarðvík,4,7,2,5e-4
2025-07-30,2,Grótta,Grindavík/ Njarðvík,4,8,1,2.5e-4
2025-07-30,2,Grótta,Grindavík/ Njarðvík,5,0,131,0.03275
2025-07-30,2,Grótta,Grindavík/ Njarðvík,5,1,151,0.03775
2025-07-30,2,Grótta,Grindavík/ Njarðvík,5,2,87,0.02175
2025-07-30,2,Grótta,Grindavík/ Njarðvík,5,3,38,0.0095
2025-07-30,2,Grótta,Grindavík/ Njarðvík,5,4,9,0.00225
2025-07-30,2,Grótta,Grindavík/ Njarðvík,5,5,7,0.00175
2025-07-30,2,Grótta,Grindavík/ Njarðvík,5,6,3,7.5e-4
2025-07-30,2,Grótta,Grindavík/ Njarðvík,5,7,1,2.5e-4
2025-07-30,2,Grótta,Grindavík/ Njarðvík,6,0,72,0.018
2025-07-30,2,Grótta,Grindavík/ Njarðvík,6,1,77,0.01925
2025-07-30,2,Grótta,Grindavík/ Njarðvík,6,2,40,0.01
2025-07-30,2,Grótta,Grindavík/ Njarðvík,6,3,30,0.0075
2025-07-30,2,Grótta,Grindavík/ Njarðvík,6,4,15,0.00375
2025-07-30,2,Grótta,Grindavík/ Njarðvík,6,5,2,5e-4
2025-07-30,2,Grótta,Grindavík/ Njarðvík,6,7,1,2.5e-4
2025-07-30,2,Grótta,Grindavík/ Njarðvík,6,9,1,2.5e-4
2025-07-30,2,Grótta,Grindavík/ Njarðvík,7,0,40,0.01
2025-07-30,2,Grótta,Grindavík/ Njarðvík,7,1,36,0.009
2025-07-30,2,Grótta,Grindavík/ Njarðvík,7,2,28,0.007
2025-07-30,2,Grótta,Grindavík/ Njarðvík,7,3,12,0.003
2025-07-30,2,Grótta,Grindavík/ Njarðvík,7,4,10,0.0025
2025-07-30,2,Grótta,Grindavík/ Njarðvík,7,5,1,2.5e-4
2025-07-30,2,Grótta,Grindavík/ Njarðvík,7,6,1,2.5e-4
2025-07-30,2,Grótta,Grindavík/ Njarðvík,7,7,1,2.5e-4
2025-07-30,2,Grótta,Grindavík/ Njarðvík,8,0,26,0.0065
2025-07-30,2,Grótta,Grindavík/ Njarðvík,8,1,23,0.00575
2025-07-30,2,Grótta,Grindavík/ Njarðvík,8,2,19,0.00475
2025-07-30,2,Grótta,Grindavík/ Njarðvík,8,3,12,0.003
2025-07-30,2,Grótta,Grindavík/ Njarðvík,8,4,1,2.5e-4
2025-07-30,2,Grótta,Grindavík/ Njarðvík,8,6,1,2.5e-4
2025-07-30,2,Grótta,Grindavík/ Njarðvík,8,8,1,2.5e-4
2025-07-30,2,Grótta,Grindavík/ Njarðvík,9,0,15,0.00375
2025-07-30,2,Grótta,Grindavík/ Njarðvík,9,1,11,0.00275
2025-07-30,2,Grótta,Grindavík/ Njarðvík,9,2,11,0.00275
2025-07-30,2,Grótta,Grindavík/ Njarðvík,9,3,4,0.001
2025-07-30,2,Grótta,Grindavík/ Njarðvík,9,4,1,2.5e-4
2025-07-30,2,Grótta,Grindavík/ Njarðvík,10,0,3,7.5e-4
2025-07-30,2,Grótta,Grindavík/ Njarðvík,10,1,7,0.00175
2025-07-30,2,Grótta,Grindavík/ Njarðvík,10,2,3,7.5e-4
2025-07-30,2,Grótta,Grindavík/ Njarðvík,10,3,3,7.5e-4
2025-07-30,2,Grótta,Grindavík/ Njarðvík,10,4,2,5e-4
2025-07-30,2,Grótta,Grindavík/ Njarðvík,10,6,1,2.5e-4
2025-07-30,2,Grótta,Grindavík/ Njarðvík,10,7,1,2.5e-4
2025-07-30,2,Grótta,Grindavík/ Njarðvík,11,0,1,2.5e-4
2025-07-30,2,Grótta,Grindavík/ Njarðvík,11,1,1,2.5e-4
2025-07-30,2,Grótta,Grindavík/ Njarðvík,11,3,1,2.5e-4
2025-07-30,2,Grótta,Grindavík/ Njarðvík,12,0,2,5e-4
2025-07-30,2,Grótta,Grindavík/ Njarðvík,12,1,1,2.5e-4
2025-07-30,2,Grótta,Grindavík/ Njarðvík,13,1,1,2.5e-4
2025-07-30,2,Grótta,Grindavík/ Njarðvík,13,2,1,2.5e-4
2025-07-30,2,Grótta,Grindavík/ Njarðvík,13,3,1,2.5e-4
2025-07-30,2,Grótta,Grindavík/ Njarðvík,14,1,1,2.5e-4
2025-07-30,2,Grótta,Grindavík/ Njarðvík,14,2,1,2.5e-4
2025-07-30,2,Grótta,Grindavík/ Njarðvík,15,0,1,2.5e-4
2025-07-30,2,Keflavík,ÍA,0,0,188,0.047
2025-07-30,2,Keflavík,ÍA,0,1,179,0.04475
2025-07-30,2,Keflavík,ÍA,0,2,80,0.02
2025-07-30,2,Keflavík,ÍA,0,3,38,0.0095
2025-07-30,2,Keflavík,ÍA,0,4,9,0.00225
2025-07-30,2,Keflavík,ÍA,0,5,5,0.00125
2025-07-30,2,Keflavík,ÍA,1,0,368,0.092
2025-07-30,2,Keflavík,ÍA,1,1,307,0.07675
2025-07-30,2,Keflavík,ÍA,1,2,166,0.0415
2025-07-30,2,Keflavík,ÍA,1,3,59,0.01475
2025-07-30,2,Keflavík,ÍA,1,4,23,0.00575
2025-07-30,2,Keflavík,ÍA,1,5,5,0.00125
2025-07-30,2,Keflavík,ÍA,1,6,2,5e-4
2025-07-30,2,Keflavík,ÍA,2,0,341,0.08525
2025-07-30,2,Keflavík,ÍA,2,1,318,0.0795
2025-07-30,2,Keflavík,ÍA,2,2,197,0.04925
2025-07-30,2,Keflavík,ÍA,2,3,79,0.01975
2025-07-30,2,Keflavík,ÍA,2,4,24,0.006
2025-07-30,2,Keflavík,ÍA,2,5,2,5e-4
2025-07-30,2,Keflavík,ÍA,2,6,1,2.5e-4
2025-07-30,2,Keflavík,ÍA,3,0,256,0.064
2025-07-30,2,Keflavík,ÍA,3,1,224,0.056
2025-07-30,2,Keflavík,ÍA,3,2,129,0.03225
2025-07-30,2,Keflavík,ÍA,3,3,58,0.0145
2025-07-30,2,Keflavík,ÍA,3,4,18,0.0045
2025-07-30,2,Keflavík,ÍA,3,5,5,0.00125
2025-07-30,2,Keflavík,ÍA,3,6,1,2.5e-4
2025-07-30,2,Keflavík,ÍA,3,8,1,2.5e-4
2025-07-30,2,Keflavík,ÍA,4,0,162,0.0405
2025-07-30,2,Keflavík,ÍA,4,1,156,0.039
2025-07-30,2,Keflavík,ÍA,4,2,81,0.02025
2025-07-30,2,Keflavík,ÍA,4,3,22,0.0055
2025-07-30,2,Keflavík,ÍA,4,4,13,0.00325
2025-07-30,2,Keflavík,ÍA,4,5,4,0.001
2025-07-30,2,Keflavík,ÍA,5,0,95,0.02375
2025-07-30,2,Keflavík,ÍA,5,1,81,0.02025
2025-07-30,2,Keflavík,ÍA,5,2,48,0.012
2025-07-30,2,Keflavík,ÍA,5,3,18,0.0045
2025-07-30,2,Keflavík,ÍA,5,4,7,0.00175
2025-07-30,2,Keflavík,ÍA,5,5,2,5e-4
2025-07-30,2,Keflavík,ÍA,5,6,2,5e-4
2025-07-30,2,Keflavík,ÍA,5,7,1,2.5e-4
2025-07-30,2,Keflavík,ÍA,6,0,40,0.01
2025-07-30,2,Keflavík,ÍA,6,1,42,0.0105
2025-07-30,2,Keflavík,ÍA,6,2,18,0.0045
2025-07-30,2,Keflavík,ÍA,6,3,8,0.002
2025-07-30,2,Keflavík,ÍA,6,4,4,0.001
2025-07-30,2,Keflavík,ÍA,6,5,1,2.5e-4
2025-07-30,2,Keflavík,ÍA,7,0,23,0.00575
2025-07-30,2,Keflavík,ÍA,7,1,22,0.0055
2025-07-30,2,Keflavík,ÍA,7,2,10,0.0025
2025-07-30,2,Keflavík,ÍA,7,3,5,0.00125
2025-07-30,2,Keflavík,ÍA,7,4,1,2.5e-4
2025-07-30,2,Keflavík,ÍA,8,0,7,0.00175
2025-07-30,2,Keflavík,ÍA,8,1,12,0.003
2025-07-30,2,Keflavík,ÍA,8,2,6,0.0015
2025-07-30,2,Keflavík,ÍA,8,3,1,2.5e-4
2025-07-30,2,Keflavík,ÍA,8,4,1,2.5e-4
2025-07-30,2,Keflavík,ÍA,9,0,4,0.001
2025-07-30,2,Keflavík,ÍA,9,1,5,0.00125
2025-07-30,2,Keflavík,ÍA,9,2,1,2.5e-4
2025-07-30,2,Keflavík,ÍA,9,3,2,5e-4
2025-07-30,2,Keflavík,ÍA,10,0,4,0.001
2025-07-30,2,Keflavík,ÍA,10,1,1,2.5e-4
2025-07-30,2,Keflavík,ÍA,10,2,1,2.5e-4
2025-07-30,2,Keflavík,ÍA,11,0,2,5e-4
2025-07-30,2,Keflavík,ÍA,11,1,1,2.5e-4
2025-07-30,2,Keflavík,ÍA,11,2,1,2.5e-4
2025-07-30,2,Keflavík,ÍA,12,1,1,2.5e-4
2025-07-30,2,Keflavík,ÍA,14,0,1,2.5e-4
2025-07-30,3,Álftanes,KÞ,0,0,737,0.18425
2025-07-30,3,Álftanes,KÞ,0,1,367,0.09175
2025-07-30,3,Álftanes,KÞ,0,2,116,0.029
2025-07-30,3,Álftanes,KÞ,0,3,29,0.00725
2025-07-30,3,Álftanes,KÞ,0,4,13,0.00325
2025-07-30,3,Álftanes,KÞ,0,5,2,5e-4
2025-07-30,3,Álftanes,KÞ,0,6,1,2.5e-4
2025-07-30,3,Álftanes,KÞ,1,0,589,0.14725
2025-07-30,3,Álftanes,KÞ,1,1,340,0.085
2025-07-30,3,Álftanes,KÞ,1,2,117,0.02925
2025-07-30,3,Álftanes,KÞ,1,3,24,0.006
2025-07-30,3,Álftanes,KÞ,1,4,9,0.00225
2025-07-30,3,Álftanes,KÞ,1,5,3,7.5e-4
2025-07-30,3,Álftanes,KÞ,1,7,1,2.5e-4
2025-07-30,3,Álftanes,KÞ,2,0,390,0.0975
2025-07-30,3,Álftanes,KÞ,2,1,188,0.047
2025-07-30,3,Álftanes,KÞ,2,2,78,0.0195
2025-07-30,3,Álftanes,KÞ,2,3,20,0.005
2025-07-30,3,Álftanes,KÞ,2,4,6,0.0015
2025-07-30,3,Álftanes,KÞ,2,5,2,5e-4
2025-07-30,3,Álftanes,KÞ,3,0,220,0.055
2025-07-30,3,Álftanes,KÞ,3,1,116,0.029
2025-07-30,3,Álftanes,KÞ,3,2,38,0.0095
2025-07-30,3,Álftanes,KÞ,3,3,19,0.00475
2025-07-30,3,Álftanes,KÞ,3,4,4,0.001
2025-07-30,3,Álftanes,KÞ,4,0,119,0.02975
2025-07-30,3,Álftanes,KÞ,4,1,68,0.017
2025-07-30,3,Álftanes,KÞ,4,2,27,0.00675
2025-07-30,3,Álftanes,KÞ,4,3,3,7.5e-4
2025-07-30,3,Álftanes,KÞ,4,4,2,5e-4
2025-07-30,3,Álftanes,KÞ,4,7,1,2.5e-4
2025-07-30,3,Álftanes,KÞ,5,0,80,0.02
2025-07-30,3,Álftanes,KÞ,5,1,36,0.009
2025-07-30,3,Álftanes,KÞ,5,2,13,0.00325
2025-07-30,3,Álftanes,KÞ,5,3,5,0.00125
2025-07-30,3,Álftanes,KÞ,6,0,43,0.01075
2025-07-30,3,Álftanes,KÞ,6,1,28,0.007
2025-07-30,3,Álftanes,KÞ,6,2,4,0.001
2025-07-30,3,Álftanes,KÞ,6,3,3,7.5e-4
2025-07-30,3,Álftanes,KÞ,7,0,26,0.0065
2025-07-30,3,Álftanes,KÞ,7,1,16,0.004
2025-07-30,3,Álftanes,KÞ,7,2,6,0.0015
2025-07-30,3,Álftanes,KÞ,7,3,1,2.5e-4
2025-07-30,3,Álftanes,KÞ,7,7,1,2.5e-4
2025-07-30,3,Álftanes,KÞ,8,0,18,0.0045
2025-07-30,3,Álftanes,KÞ,8,1,7,0.00175
2025-07-30,3,Álftanes,KÞ,8,2,3,7.5e-4
2025-07-30,3,Álftanes,KÞ,8,3,1,2.5e-4
2025-07-30,3,Álftanes,KÞ,9,0,12,0.003
2025-07-30,3,Álftanes,KÞ,9,1,8,0.002
2025-07-30,3,Álftanes,KÞ,9,2,3,7.5e-4
2025-07-30,3,Álftanes,KÞ,10,0,8,0.002
2025-07-30,3,Álftanes,KÞ,10,1,5,0.00125
2025-07-30,3,Álftanes,KÞ,11,0,3,7.5e-4
2025-07-30,3,Álftanes,KÞ,11,1,5,0.00125
2025-07-30,3,Álftanes,KÞ,12,0,4,0.001
2025-07-30,3,Álftanes,KÞ,12,1,2,5e-4
2025-07-30,3,Álftanes,KÞ,13,0,2,5e-4
2025-07-30,3,Álftanes,KÞ,14,0,1,2.5e-4
2025-07-30,3,Álftanes,KÞ,14,1,1,2.5e-4
2025-07-30,3,Álftanes,KÞ,15,1,1,2.5e-4
2025-07-30,3,Álftanes,KÞ,16,0,1,2.5e-4
2025-07-30,3,Álftanes,KÞ,16,2,1,2.5e-4
2025-07-30,3,Álftanes,KÞ,16,3,1,2.5e-4
2025-07-30,3,Álftanes,KÞ,23,1,1,2.5e-4
2025-07-30,3,Álftanes,KÞ,49,0,1,2.5e-4
2025-07-31,4,Breiðablik,ÍBV,0,0,5,0.00125
2025-07-31,4,Breiðablik,ÍBV,0,1,1,2.5e-4
2025-07-31,4,Breiðablik,ÍBV,1,0,19,0.00475
2025-07-31,4,Breiðablik,ÍBV,1,1,6,0.0015
2025-07-31,4,Breiðablik,ÍBV,1,2,4,0.001
2025-07-31,4,Breiðablik,ÍBV,1,3,1,2.5e-4
2025-07-31,4,Breiðablik,ÍBV,2,0,48,0.012
2025-07-31,4,Breiðablik,ÍBV,2,1,24,0.006
2025-07-31,4,Breiðablik,ÍBV,2,2,9,0.00225
2025-07-31,4,Breiðablik,ÍBV,3,0,99,0.02475
2025-07-31,4,Breiðablik,ÍBV,3,1,31,0.00775
2025-07-31,4,Breiðablik,ÍBV,3,2,6,0.0015
2025-07-31,4,Breiðablik,ÍBV,4,0,165,0.04125
2025-07-31,4,Breiðablik,ÍBV,4,1,60,0.015
2025-07-31,4,Breiðablik,ÍBV,4,2,12,0.003
2025-07-31,4,Breiðablik,ÍBV,4,3,1,2.5e-4
2025-07-31,4,Breiðablik,ÍBV,4,4,1,2.5e-4
2025-07-31,4,Breiðablik,ÍBV,5,0,193,0.04825
2025-07-31,4,Breiðablik,ÍBV,5,1,81,0.02025
2025-07-31,4,Breiðablik,ÍBV,5,2,10,0.0025
2025-07-31,4,Breiðablik,ÍBV,5,3,2,5e-4
2025-07-31,4,Breiðablik,ÍBV,6,0,243,0.06075
2025-07-31,4,Breiðablik,ÍBV,6,1,102,0.0255
2025-07-31,4,Breiðablik,ÍBV,6,2,21,0.00525
2025-07-31,4,Breiðablik,ÍBV,6,3,5,0.00125
2025-07-31,4,Breiðablik,ÍBV,6,4,3,7.5e-4
2025-07-31,4,Breiðablik,ÍBV,7,0,234,0.0585
2025-07-31,4,Breiðablik,ÍBV,7,1,86,0.0215
2025-07-31,4,Breiðablik,ÍBV,7,2,20,0.005
2025-07-31,4,Breiðablik,ÍBV,7,3,5,0.00125
2025-07-31,4,Breiðablik,ÍBV,7,4,1,2.5e-4
2025-07-31,4,Breiðablik,ÍBV,8,0,281,0.07025
2025-07-31,4,Breiðablik,ÍBV,8,1,110,0.0275
2025-07-31,4,Breiðablik,ÍBV,8,2,12,0.003
2025-07-31,4,Breiðablik,ÍBV,8,3,4,0.001
2025-07-31,4,Breiðablik,ÍBV,8,4,1,2.5e-4
2025-07-31,4,Breiðablik,ÍBV,9,0,234,0.0585
2025-07-31,4,Breiðablik,ÍBV,9,1,96,0.024
2025-07-31,4,Breiðablik,ÍBV,9,2,22,0.0055
2025-07-31,4,Breiðablik,ÍBV,9,3,8,0.002
2025-07-31,4,Breiðablik,ÍBV,9,4,1,2.5e-4
2025-07-31,4,Breiðablik,ÍBV,10,0,209,0.05225
2025-07-31,4,Breiðablik,ÍBV,10,1,82,0.0205
2025-07-31,4,Breiðablik,ÍBV,10,2,20,0.005
2025-07-31,4,Breiðablik,ÍBV,10,3,2,5e-4
2025-07-31,4,Breiðablik,ÍBV,11,0,218,0.0545
2025-07-31,4,Breiðablik,ÍBV,11,1,74,0.0185
2025-07-31,4,Breiðablik,ÍBV,11,2,19,0.00475
2025-07-31,4,Breiðablik,ÍBV,11,3,1,2.5e-4
2025-07-31,4,Breiðablik,ÍBV,12,0,187,0.04675
2025-07-31,4,Breiðablik,ÍBV,12,1,75,0.01875
2025-07-31,4,Breiðablik,ÍBV,12,2,12,0.003
2025-07-31,4,Breiðablik,ÍBV,12,3,3,7.5e-4
2025-07-31,4,Breiðablik,ÍBV,13,0,145,0.03625
2025-07-31,4,Breiðablik,ÍBV,13,1,54,0.0135
2025-07-31,4,Breiðablik,ÍBV,13,2,11,0.00275
2025-07-31,4,Breiðablik,ÍBV,13,3,1,2.5e-4
2025-07-31,4,Breiðablik,ÍBV,14,0,123,0.03075
2025-07-31,4,Breiðablik,ÍBV,14,1,29,0.00725
2025-07-31,4,Breiðablik,ÍBV,14,2,7,0.00175
2025-07-31,4,Breiðablik,ÍBV,14,4,1,2.5e-4
2025-07-31,4,Breiðablik,ÍBV,15,0,88,0.022
2025-07-31,4,Breiðablik,ÍBV,15,1,31,0.00775
2025-07-31,4,Breiðablik,ÍBV,15,2,3,7.5e-4
2025-07-31,4,Breiðablik,ÍBV,15,3,1,2.5e-4
2025-07-31,4,Breiðablik,ÍBV,16,0,76,0.019
2025-07-31,4,Breiðablik,ÍBV,16,1,26,0.0065
2025-07-31,4,Breiðablik,ÍBV,16,2,4,0.001
2025-07-31,4,Breiðablik,ÍBV,16,3,2,5e-4
2025-07-31,4,Breiðablik,ÍBV,17,0,50,0.0125
2025-07-31,4,Breiðablik,ÍBV,17,1,16,0.004
2025-07-31,4,Breiðablik,ÍBV,17,2,5,0.00125
2025-07-31,4,Breiðablik,ÍBV,18,0,38,0.0095
2025-07-31,4,Breiðablik,ÍBV,18,1,9,0.00225
2025-07-31,4,Breiðablik,ÍBV,18,2,4,0.001
2025-07-31,4,Breiðablik,ÍBV,19,0,19,0.00475
2025-07-31,4,Breiðablik,ÍBV,19,1,10,0.0025
2025-07-31,4,Breiðablik,ÍBV,19,2,4,0.001
2025-07-31,4,Breiðablik,ÍBV,19,3,2,5e-4
2025-07-31,4,Breiðablik,ÍBV,20,0,12,0.003
2025-07-31,4,Breiðablik,ÍBV,20,1,5,0.00125
2025-07-31,4,Breiðablik,ÍBV,21,0,11,0.00275
2025-07-31,4,Breiðablik,ÍBV,21,1,2,5e-4
2025-07-31,4,Breiðablik,ÍBV,22,0,13,0.00325
2025-07-31,4,Breiðablik,ÍBV,22,1,1,2.5e-4
2025-07-31,4,Breiðablik,ÍBV,23,0,8,0.002
2025-07-31,4,Breiðablik,ÍBV,23,1,3,7.5e-4
2025-07-31,4,Breiðablik,ÍBV,24,0,2,5e-4
2025-07-31,4,Breiðablik,ÍBV,24,1,3,7.5e-4
2025-07-31,4,Breiðablik,ÍBV,25,0,4,0.001
2025-07-31,4,Breiðablik,ÍBV,26,0,1,2.5e-4
2025-07-31,4,Breiðablik,ÍBV,27,0,1,2.5e-4
2025-07-31,4,Breiðablik,ÍBV,27,1,1,2.5e-4
2025-07-31,4,Breiðablik,ÍBV,30,0,1,2.5e-4
2025-07-31,4,Breiðablik,ÍBV,31,0,1,2.5e-4
2025-07-31,4,Breiðablik,ÍBV,31,1,1,2.5e-4
2025-07-31,4,Breiðablik,ÍBV,33,0,1,2.5e-4
2025-07-31,4,Breiðablik,ÍBV,36,0,1,2.5e-4
2025-08-04,1,Valur,Breiðablik,0,0,329,0.08225
2025-08-04,1,Valur,Breiðablik,0,1,485,0.12125
2025-08-04,1,Valur,Breiðablik,0,2,456,0.114
2025-08-04,1,Valur,Breiðablik,0,3,264,0.066
2025-08-04,1,Valur,Breiðablik,0,4,147,0.03675
2025-08-04,1,Valur,Breiðablik,0,5,56,0.014
2025-08-04,1,Valur,Breiðablik,0,6,28,0.007
2025-08-04,1,Valur,Breiðablik,0,7,15,0.00375
2025-08-04,1,Valur,Breiðablik,0,8,5,0.00125
2025-08-04,1,Valur,Breiðablik,0,9,1,2.5e-4
2025-08-04,1,Valur,Breiðablik,0,12,1,2.5e-4
2025-08-04,1,Valur,Breiðablik,1,0,222,0.0555
2025-08-04,1,Valur,Breiðablik,1,1,388,0.097
2025-08-04,1,Valur,Breiðablik,1,2,327,0.08175
2025-08-04,1,Valur,Breiðablik,1,3,205,0.05125
2025-08-04,1,Valur,Breiðablik,1,4,114,0.0285
2025-08-04,1,Valur,Breiðablik,1,5,42,0.0105
2025-08-04,1,Valur,Breiðablik,1,6,28,0.007
2025-08-04,1,Valur,Breiðablik,1,7,8,0.002
2025-08-04,1,Valur,Breiðablik,1,8,3,7.5e-4
2025-08-04,1,Valur,Breiðablik,1,10,1,2.5e-4
2025-08-04,1,Valur,Breiðablik,1,15,1,2.5e-4
2025-08-04,1,Valur,Breiðablik,2,0,90,0.0225
2025-08-04,1,Valur,Breiðablik,2,1,171,0.04275
2025-08-04,1,Valur,Breiðablik,2,2,150,0.0375
2025-08-04,1,Valur,Breiðablik,2,3,87,0.02175
2025-08-04,1,Valur,Breiðablik,2,4,50,0.0125
2025-08-04,1,Valur,Breiðablik,2,5,31,0.00775
2025-08-04,1,Valur,Breiðablik,2,6,12,0.003
2025-08-04,1,Valur,Breiðablik,2,7,1,2.5e-4
2025-08-04,1,Valur,Breiðablik,2,8,3,7.5e-4
2025-08-04,1,Valur,Breiðablik,3,0,24,0.006
2025-08-04,1,Valur,Breiðablik,3,1,43,0.01075
2025-08-04,1,Valur,Breiðablik,3,2,64,0.016
2025-08-04,1,Valur,Breiðablik,3,3,39,0.00975
2025-08-04,1,Valur,Breiðablik,3,4,16,0.004
2025-08-04,1,Valur,Breiðablik,3,5,7,0.00175
2025-08-04,1,Valur,Breiðablik,3,6,3,7.5e-4
2025-08-04,1,Valur,Breiðablik,3,7,1,2.5e-4
2025-08-04,1,Valur,Breiðablik,4,0,9,0.00225
2025-08-04,1,Valur,Breiðablik,4,1,17,0.00425
2025-08-04,1,Valur,Breiðablik,4,2,15,0.00375
2025-08-04,1,Valur,Breiðablik,4,3,8,0.002
2025-08-04,1,Valur,Breiðablik,4,4,13,0.00325
2025-08-04,1,Valur,Breiðablik,4,5,3,7.5e-4
2025-08-04,1,Valur,Breiðablik,5,0,1,2.5e-4
2025-08-04,1,Valur,Breiðablik,5,1,2,5e-4
2025-08-04,1,Valur,Breiðablik,5,2,4,0.001
2025-08-04,1,Valur,Breiðablik,5,3,1,2.5e-4
2025-08-04,1,Valur,Breiðablik,5,4,1,2.5e-4
2025-08-04,1,Valur,Breiðablik,5,5,1,2.5e-4
2025-08-04,1,Valur,Breiðablik,6,1,1,2.5e-4
2025-08-04,1,Valur,Breiðablik,6,2,2,5e-4
2025-08-04,1,Valur,Breiðablik,6,3,1,2.5e-4
2025-08-04,1,Valur,Breiðablik,7,2,1,2.5e-4
2025-08-04,1,Valur,Breiðablik,7,3,1,2.5e-4
2025-08-04,1,Valur,Breiðablik,8,6,1,2.5e-4
2025-08-07,1,Fram,Breiðablik,0,0,68,0.017
2025-08-07,1,Fram,Breiðablik,0,1,175,0.04375
2025-08-07,1,Fram,Breiðablik,0,2,278,0.0695
2025-08-07,1,Fram,Breiðablik,0,3,375,0.09375
2025-08-07,1,Fram,Breiðablik,0,4,337,0.08425
2025-08-07,1,Fram,Breiðablik,0,5,264,0.066
2025-08-07,1,Fram,Breiðablik,0,6,211,0.05275
2025-08-07,1,Fram,Breiðablik,0,7,112,0.028
2025-08-07,1,Fram,Breiðablik,0,8,77,0.01925
2025-08-07,1,Fram,Breiðablik,0,9,43,0.01075
2025-08-07,1,Fram,Breiðablik,0,10,22,0.0055
2025-08-07,1,Fram,Breiðablik,0,11,9,0.00225
2025-08-07,1,Fram,Breiðablik,0,12,6,0.0015
2025-08-07,1,Fram,Breiðablik,0,13,2,5e-4
2025-08-07,1,Fram,Breiðablik,0,14,4,0.001
2025-08-07,1,Fram,Breiðablik,0,15,2,5e-4
2025-08-07,1,Fram,Breiðablik,1,0,39,0.00975
2025-08-07,1,Fram,Breiðablik,1,1,128,0.032
2025-08-07,1,Fram,Breiðablik,1,2,191,0.04775
2025-08-07,1,Fram,Breiðablik,1,3,182,0.0455
2025-08-07,1,Fram,Breiðablik,1,4,212,0.053
2025-08-07,1,Fram,Breiðablik,1,5,175,0.04375
2025-08-07,1,Fram,Breiðablik,1,6,131,0.03275
2025-08-07,1,Fram,Breiðablik,1,7,80,0.02
2025-08-07,1,Fram,Breiðablik,1,8,49,0.01225
2025-08-07,1,Fram,Breiðablik,1,9,27,0.00675
2025-08-07,1,Fram,Breiðablik,1,10,17,0.00425
2025-08-07,1,Fram,Breiðablik,1,11,16,0.004
2025-08-07,1,Fram,Breiðablik,1,12,4,0.001
2025-08-07,1,Fram,Breiðablik,1,13,4,0.001
2025-08-07,1,Fram,Breiðablik,1,14,1,2.5e-4
2025-08-07,1,Fram,Breiðablik,2,0,15,0.00375
2025-08-07,1,Fram,Breiðablik,2,1,36,0.009
2025-08-07,1,Fram,Breiðablik,2,2,76,0.019
2025-08-07,1,Fram,Breiðablik,2,3,94,0.0235
2025-08-07,1,Fram,Breiðablik,2,4,97,0.02425
2025-08-07,1,Fram,Breiðablik,2,5,80,0.02
2025-08-07,1,Fram,Breiðablik,2,6,49,0.01225
2025-08-07,1,Fram,Breiðablik,2,7,39,0.00975
2025-08-07,1,Fram,Breiðablik,2,8,25,0.00625
2025-08-07,1,Fram,Breiðablik,2,9,7,0.00175
2025-08-07,1,Fram,Breiðablik,2,10,8,0.002
2025-08-07,1,Fram,Breiðablik,2,11,4,0.001
2025-08-07,1,Fram,Breiðablik,2,12,1,2.5e-4
2025-08-07,1,Fram,Breiðablik,2,13,2,5e-4
2025-08-07,1,Fram,Breiðablik,2,14,1,2.5e-4
2025-08-07,1,Fram,Breiðablik,3,0,7,0.00175
2025-08-07,1,Fram,Breiðablik,3,1,14,0.0035
2025-08-07,1,Fram,Breiðablik,3,2,29,0.00725
2025-08-07,1,Fram,Breiðablik,3,3,28,0.007
2025-08-07,1,Fram,Breiðablik,3,4,30,0.0075
2025-08-07,1,Fram,Breiðablik,3,5,19,0.00475
2025-08-07,1,Fram,Breiðablik,3,6,22,0.0055
2025-08-07,1,Fram,Breiðablik,3,7,5,0.00125
2025-08-07,1,Fram,Breiðablik,3,8,5,0.00125
2025-08-07,1,Fram,Breiðablik,3,9,6,0.0015
2025-08-07,1,Fram,Breiðablik,3,10,2,5e-4
2025-08-07,1,Fram,Breiðablik,3,12,1,2.5e-4
2025-08-07,1,Fram,Breiðablik,3,14,1,2.5e-4
2025-08-07,1,Fram,Breiðablik,3,15,1,2.5e-4
2025-08-07,1,Fram,Breiðablik,4,1,4,0.001
2025-08-07,1,Fram,Breiðablik,4,2,8,0.002
2025-08-07,1,Fram,Breiðablik,4,3,5,0.00125
2025-08-07,1,Fram,Breiðablik,4,4,10,0.0025
2025-08-07,1,Fram,Breiðablik,4,5,7,0.00175
2025-08-07,1,Fram,Breiðablik,4,6,3,7.5e-4
2025-08-07,1,Fram,Breiðablik,4,7,2,5e-4
2025-08-07,1,Fram,Breiðablik,4,8,4,0.001
2025-08-07,1,Fram,Breiðablik,4,11,1,2.5e-4
2025-08-07,1,Fram,Breiðablik,5,3,1,2.5e-4
2025-08-07,1,Fram,Breiðablik,5,4,1,2.5e-4
2025-08-07,1,Fram,Breiðablik,5,5,2,5e-4
2025-08-07,1,Fram,Breiðablik,5,6,1,2.5e-4
2025-08-07,1,Fram,Breiðablik,5,7,1,2.5e-4
2025-08-07,1,Fram,Breiðablik,6,5,2,5e-4
2025-08-07,1,Fram,Breiðablik,7,1,1,2.5e-4
2025-08-07,1,Fram,Breiðablik,7,2,1,2.5e-4
2025-08-07,1,Fram,Breiðablik,11,1,1,2.5e-4
2025-08-07,1,Stjarnan,Tindastóll,0,0,227,0.05675
2025-08-07,1,Stjarnan,Tindastóll,0,1,187,0.04675
2025-08-07,1,Stjarnan,Tindastóll,0,2,113,0.02825
2025-08-07,1,Stjarnan,Tindastóll,0,3,48,0.012
2025-08-07,1,Stjarnan,Tindastóll,0,4,19,0.00475
2025-08-07,1,Stjarnan,Tindastóll,0,5,6,0.0015
2025-08-07,1,Stjarnan,Tindastóll,1,0,333,0.08325
2025-08-07,1,Stjarnan,Tindastóll,1,1,356,0.089
2025-08-07,1,Stjarnan,Tindastóll,1,2,213,0.05325
2025-08-07,1,Stjarnan,Tindastóll,1,3,101,0.02525
2025-08-07,1,Stjarnan,Tindastóll,1,4,36,0.009
2025-08-07,1,Stjarnan,Tindastóll,1,5,6,0.0015
2025-08-07,1,Stjarnan,Tindastóll,1,6,5,0.00125
2025-08-07,1,Stjarnan,Tindastóll,2,0,292,0.073
2025-08-07,1,Stjarnan,Tindastóll,2,1,315,0.07875
2025-08-07,1,Stjarnan,Tindastóll,2,2,224,0.056
2025-08-07,1,Stjarnan,Tindastóll,2,3,80,0.02
2025-08-07,1,Stjarnan,Tindastóll,2,4,28,0.007
2025-08-07,1,Stjarnan,Tindastóll,2,5,5,0.00125
2025-08-07,1,Stjarnan,Tindastóll,2,6,6,0.0015
2025-08-07,1,Stjarnan,Tindastóll,2,7,2,5e-4
2025-08-07,1,Stjarnan,Tindastóll,3,0,211,0.05275
2025-08-07,1,Stjarnan,Tindastóll,3,1,214,0.0535
2025-08-07,1,Stjarnan,Tindastóll,3,2,131,0.03275
2025-08-07,1,Stjarnan,Tindastóll,3,3,84,0.021
2025-08-07,1,Stjarnan,Tindastóll,3,4,27,0.00675
2025-08-07,1,Stjarnan,Tindastóll,3,5,9,0.00225
2025-08-07,1,Stjarnan,Tindastóll,3,6,2,5e-4
2025-08-07,1,Stjarnan,Tindastóll,3,7,2,5e-4
2025-08-07,1,Stjarnan,Tindastóll,4,0,110,0.0275
2025-08-07,1,Stjarnan,Tindastóll,4,1,143,0.03575
2025-08-07,1,Stjarnan,Tindastóll,4,2,76,0.019
2025-08-07,1,Stjarnan,Tindastóll,4,3,40,0.01
2025-08-07,1,Stjarnan,Tindastóll,4,4,16,0.004
2025-08-07,1,Stjarnan,Tindastóll,4,5,1,2.5e-4
2025-08-07,1,Stjarnan,Tindastóll,5,0,53,0.01325
2025-08-07,1,Stjarnan,Tindastóll,5,1,72,0.018
2025-08-07,1,Stjarnan,Tindastóll,5,2,35,0.00875
2025-08-07,1,Stjarnan,Tindastóll,5,3,12,0.003
2025-08-07,1,Stjarnan,Tindastóll,5,4,7,0.00175
2025-08-07,1,Stjarnan,Tindastóll,5,5,4,0.001
2025-08-07,1,Stjarnan,Tindastóll,5,7,1,2.5e-4
2025-08-07,1,Stjarnan,Tindastóll,6,0,25,0.00625
2025-08-07,1,Stjarnan,Tindastóll,6,1,39,0.00975
2025-08-07,1,Stjarnan,Tindastóll,6,2,17,0.00425
2025-08-07,1,Stjarnan,Tindastóll,6,3,5,0.00125
2025-08-07,1,Stjarnan,Tindastóll,6,4,6,0.0015
2025-08-07,1,Stjarnan,Tindastóll,6,5,2,5e-4
2025-08-07,1,Stjarnan,Tindastóll,6,6,1,2.5e-4
2025-08-07,1,Stjarnan,Tindastóll,7,0,9,0.00225
2025-08-07,1,Stjarnan,Tindastóll,7,1,9,0.00225
2025-08-07,1,Stjarnan,Tindastóll,7,2,7,0.00175
2025-08-07,1,Stjarnan,Tindastóll,7,3,1,2.5e-4
2025-08-07,1,Stjarnan,Tindastóll,7,4,1,2.5e-4
2025-08-07,1,Stjarnan,Tindastóll,7,5,1,2.5e-4
2025-08-07,1,Stjarnan,Tindastóll,8,0,3,7.5e-4
2025-08-07,1,Stjarnan,Tindastóll,8,1,6,0.0015
2025-08-07,1,Stjarnan,Tindastóll,8,2,2,5e-4
2025-08-07,1,Stjarnan,Tindastóll,8,3,2,5e-4
2025-08-07,1,Stjarnan,Tindastóll,8,4,1,2.5e-4
2025-08-07,1,Stjarnan,Tindastóll,8,5,1,2.5e-4
2025-08-07,1,Stjarnan,Tindastóll,9,0,1,2.5e-4
2025-08-07,1,Stjarnan,Tindastóll,9,1,2,5e-4
2025-08-07,1,Stjarnan,Tindastóll,9,3,2,5e-4
2025-08-07,1,Stjarnan,Tindastóll,10,1,1,2.5e-4
2025-08-07,1,Stjarnan,Tindastóll,10,2,2,5e-4
2025-08-07,1,Stjarnan,Tindastóll,10,3,1,2.5e-4
2025-08-07,1,Stjarnan,Tindastóll,12,0,1,2.5e-4
2025-08-07,1,Þór/KA,Valur,0,0,403,0.10075
2025-08-07,1,Þór/KA,Valur,0,1,396,0.099
2025-08-07,1,Þór/KA,Valur,0,2,210,0.0525
2025-08-07,1,Þór/KA,Valur,0,3,85,0.02125
2025-08-07,1,Þór/KA,Valur,0,4,30,0.0075
2025-08-07,1,Þór/KA,Valur,0,5,3,7.5e-4
2025-08-07,1,Þór/KA,Valur,0,6,3,7.5e-4
2025-08-07,1,Þór/KA,Valur,0,8,1,2.5e-4
2025-08-07,1,Þór/KA,Valur,1,0,415,0.10375
2025-08-07,1,Þór/KA,Valur,1,1,457,0.11425
2025-08-07,1,Þór/KA,Valur,1,2,260,0.065
2025-08-07,1,Þór/KA,Valur,1,3,127,0.03175
2025-08-07,1,Þór/KA,Valur,1,4,40,0.01
2025-08-07,1,Þór/KA,Valur,1,5,9,0.00225
2025-08-07,1,Þór/KA,Valur,1,6,9,0.00225
2025-08-07,1,Þór/KA,Valur,1,7,1,2.5e-4
2025-08-07,1,Þór/KA,Valur,1,9,1,2.5e-4
2025-08-07,1,Þór/KA,Valur,2,0,250,0.0625
2025-08-07,1,Þór/KA,Valur,2,1,267,0.06675
2025-08-07,1,Þór/KA,Valur,2,2,216,0.054
2025-08-07,1,Þór/KA,Valur,2,3,81,0.02025
2025-08-07,1,Þór/KA,Valur,2,4,19,0.00475
2025-08-07,1,Þór/KA,Valur,2,5,12,0.003
2025-08-07,1,Þór/KA,Valur,2,6,3,7.5e-4
2025-08-07,1,Þór/KA,Valur,3,0,122,0.0305
2025-08-07,1,Þór/KA,Valur,3,1,142,0.0355
2025-08-07,1,Þór/KA,Valur,3,2,81,0.02025
2025-08-07,1,Þór/KA,Valur,3,3,47,0.01175
2025-08-07,1,Þór/KA,Valur,3,4,6,0.0015
2025-08-07,1,Þór/KA,Valur,3,5,11,0.00275
2025-08-07,1,Þór/KA,Valur,3,6,1,2.5e-4
2025-08-07,1,Þór/KA,Valur,4,0,52,0.013
2025-08-07,1,Þór/KA,Valur,4,1,64,0.016
2025-08-07,1,Þór/KA,Valur,4,2,37,0.00925
2025-08-07,1,Þór/KA,Valur,4,3,18,0.0045
2025-08-07,1,Þór/KA,Valur,4,4,7,0.00175
2025-08-07,1,Þór/KA,Valur,4,5,1,2.5e-4
2025-08-07,1,Þór/KA,Valur,4,6,1,2.5e-4
2025-08-07,1,Þór/KA,Valur,5,0,21,0.00525
2025-08-07,1,Þór/KA,Valur,5,1,24,0.006
2025-08-07,1,Þór/KA,Valur,5,2,18,0.0045
2025-08-07,1,Þór/KA,Valur,5,3,6,0.0015
2025-08-07,1,Þór/KA,Valur,5,4,3,7.5e-4
2025-08-07,1,Þór/KA,Valur,5,6,1,2.5e-4
2025-08-07,1,Þór/KA,Valur,6,0,3,7.5e-4
2025-08-07,1,Þór/KA,Valur,6,1,12,0.003
2025-08-07,1,Þór/KA,Valur,6,2,5,0.00125
2025-08-07,1,Þór/KA,Valur,6,3,1,2.5e-4
2025-08-07,1,Þór/KA,Valur,6,4,2,5e-4
2025-08-07,1,Þór/KA,Valur,6,5,2,5e-4
2025-08-07,1,Þór/KA,Valur,7,0,4,0.001
2025-08-07,1,Þór/KA,Valur,7,1,6,0.0015
2025-08-07,1,Þór/KA,Valur,7,2,1,2.5e-4
2025-08-07,1,Þór/KA,Valur,8,1,1,2.5e-4
2025-08-07,1,Þór/KA,Valur,8,4,1,2.5e-4
2025-08-07,1,Þór/KA,Valur,10,2,1,2.5e-4
2025-08-07,2,Fylkir,KR,0,0,77,0.01925
2025-08-07,2,Fylkir,KR,0,1,92,0.023
2025-08-07,2,Fylkir,KR,0,2,72,0.018
2025-08-07,2,Fylkir,KR,0,3,49,0.01225
2025-08-07,2,Fylkir,KR,0,4,27,0.00675
2025-08-07,2,Fylkir,KR,0,5,8,0.002
2025-08-07,2,Fylkir,KR,0,6,6,0.0015
2025-08-07,2,Fylkir,KR,0,7,3,7.5e-4
2025-08-07,2,Fylkir,KR,0,8,2,5e-4
2025-08-07,2,Fylkir,KR,0,9,1,2.5e-4
2025-08-07,2,Fylkir,KR,1,0,108,0.027
2025-08-07,2,Fylkir,KR,1,1,193,0.04825
2025-08-07,2,Fylkir,KR,1,2,168,0.042
2025-08-07,2,Fylkir,KR,1,3,101,0.02525
2025-08-07,2,Fylkir,KR,1,4,67,0.01675
2025-08-07,2,Fylkir,KR,1,5,24,0.006
2025-08-07,2,Fylkir,KR,1,6,11,0.00275
2025-08-07,2,Fylkir,KR,1,7,2,5e-4
2025-08-07,2,Fylkir,KR,1,8,2,5e-4
2025-08-07,2,Fylkir,KR,1,10,1,2.5e-4
2025-08-07,2,Fylkir,KR,2,0,139,0.03475
2025-08-07,2,Fylkir,KR,2,1,248,0.062
2025-08-07,2,Fylkir,KR,2,2,208,0.052
2025-08-07,2,Fylkir,KR,2,3,111,0.02775
2025-08-07,2,Fylkir,KR,2,4,82,0.0205
2025-08-07,2,Fylkir,KR,2,5,36,0.009
2025-08-07,2,Fylkir,KR,2,6,14,0.0035
2025-08-07,2,Fylkir,KR,2,7,5,0.00125
2025-08-07,2,Fylkir,KR,2,8,2,5e-4
2025-08-07,2,Fylkir,KR,2,9,1,2.5e-4
2025-08-07,2,Fylkir,KR,3,0,118,0.0295
2025-08-07,2,Fylkir,KR,3,1,182,0.0455
2025-08-07,2,Fylkir,KR,3,2,184,0.046
2025-08-07,2,Fylkir,KR,3,3,118,0.0295
2025-08-07,2,Fylkir,KR,3,4,54,0.0135
2025-08-07,2,Fylkir,KR,3,5,28,0.007
2025-08-07,2,Fylkir,KR,3,6,11,0.00275
2025-08-07,2,Fylkir,KR,3,7,4,0.001
2025-08-07,2,Fylkir,KR,3,8,3,7.5e-4
2025-08-07,2,Fylkir,KR,4,0,91,0.02275
2025-08-07,2,Fylkir,KR,4,1,169,0.04225
2025-08-07,2,Fylkir,KR,4,2,128,0.032
2025-08-07,2,Fylkir,KR,4,3,81,0.02025
2025-08-07,2,Fylkir,KR,4,4,55,0.01375
2025-08-07,2,Fylkir,KR,4,5,23,0.00575
2025-08-07,2,Fylkir,KR,4,6,7,0.00175
2025-08-07,2,Fylkir,KR,4,7,3,7.5e-4
2025-08-07,2,Fylkir,KR,4,8,1,2.5e-4
2025-08-07,2,Fylkir,KR,4,9,1,2.5e-4
2025-08-07,2,Fylkir,KR,5,0,72,0.018
2025-08-07,2,Fylkir,KR,5,1,93,0.02325
2025-08-07,2,Fylkir,KR,5,2,105,0.02625
2025-08-07,2,Fylkir,KR,5,3,65,0.01625
2025-08-07,2,Fylkir,KR,5,4,35,0.00875
2025-08-07,2,Fylkir,KR,5,5,12,0.003
2025-08-07,2,Fylkir,KR,5,6,3,7.5e-4
2025-08-07,2,Fylkir,KR,5,7,1,2.5e-4
2025-08-07,2,Fylkir,KR,5,8,1,2.5e-4
2025-08-07,2,Fylkir,KR,6,0,49,0.01225
2025-08-07,2,Fylkir,KR,6,1,65,0.01625
2025-08-07,2,Fylkir,KR,6,2,47,0.01175
2025-08-07,2,Fylkir,KR,6,3,21,0.00525
2025-08-07,2,Fylkir,KR,6,4,20,0.005
2025-08-07,2,Fylkir,KR,6,5,10,0.0025
2025-08-07,2,Fylkir,KR,6,6,6,0.0015
2025-08-07,2,Fylkir,KR,6,7,2,5e-4
2025-08-07,2,Fylkir,KR,6,9,1,2.5e-4
2025-08-07,2,Fylkir,KR,6,10,1,2.5e-4
2025-08-07,2,Fylkir,KR,7,0,30,0.0075
2025-08-07,2,Fylkir,KR,7,1,30,0.0075
2025-08-07,2,Fylkir,KR,7,2,32,0.008
2025-08-07,2,Fylkir,KR,7,3,20,0.005
2025-08-07,2,Fylkir,KR,7,4,10,0.0025
2025-08-07,2,Fylkir,KR,7,5,3,7.5e-4
2025-08-07,2,Fylkir,KR,7,6,1,2.5e-4
2025-08-07,2,Fylkir,KR,7,7,1,2.5e-4
2025-08-07,2,Fylkir,KR,8,0,14,0.0035
2025-08-07,2,Fylkir,KR,8,1,25,0.00625
2025-08-07,2,Fylkir,KR,8,2,18,0.0045
2025-08-07,2,Fylkir,KR,8,3,13,0.00325
2025-08-07,2,Fylkir,KR,8,4,3,7.5e-4
2025-08-07,2,Fylkir,KR,8,5,1,2.5e-4
2025-08-07,2,Fylkir,KR,8,6,1,2.5e-4
2025-08-07,2,Fylkir,KR,8,8,1,2.5e-4
2025-08-07,2,Fylkir,KR,8,9,1,2.5e-4
2025-08-07,2,Fylkir,KR,9,0,5,0.00125
2025-08-07,2,Fylkir,KR,9,1,11,0.00275
2025-08-07,2,Fylkir,KR,9,2,7,0.00175
2025-08-07,2,Fylkir,KR,9,3,8,0.002
2025-08-07,2,Fylkir,KR,9,4,2,5e-4
2025-08-07,2,Fylkir,KR,9,5,2,5e-4
2025-08-07,2,Fylkir,KR,9,10,1,2.5e-4
2025-08-07,2,Fylkir,KR,10,0,1,2.5e-4
2025-08-07,2,Fylkir,KR,10,1,5,0.00125
2025-08-07,2,Fylkir,KR,10,2,3,7.5e-4
2025-08-07,2,Fylkir,KR,10,3,1,2.5e-4
2025-08-07,2,Fylkir,KR,10,4,4,0.001
2025-08-07,2,Fylkir,KR,11,1,1,2.5e-4
2025-08-07,2,Fylkir,KR,11,2,1,2.5e-4
2025-08-07,2,Fylkir,KR,11,3,2,5e-4
2025-08-07,2,Fylkir,KR,11,4,1,2.5e-4
2025-08-07,2,Fylkir,KR,11,5,1,2.5e-4
2025-08-07,2,Fylkir,KR,12,0,1,2.5e-4
2025-08-07,2,Fylkir,KR,12,1,2,5e-4
2025-08-07,2,Fylkir,KR,12,4,1,2.5e-4
2025-08-07,2,Fylkir,KR,12,8,1,2.5e-4
2025-08-07,2,Fylkir,KR,13,1,2,5e-4
2025-08-07,2,Fylkir,KR,13,2,2,5e-4
2025-08-07,2,Fylkir,KR,14,2,1,2.5e-4
2025-08-07,2,Grindavík/ Njarðvík,Haukar,0,0,32,0.008
2025-08-07,2,Grindavík/ Njarðvík,Haukar,0,1,18,0.0045
2025-08-07,2,Grindavík/ Njarðvík,Haukar,0,2,30,0.0075
2025-08-07,2,Grindavík/ Njarðvík,Haukar,0,3,23,0.00575
2025-08-07,2,Grindavík/ Njarðvík,Haukar,0,4,12,0.003
2025-08-07,2,Grindavík/ Njarðvík,Haukar,0,5,15,0.00375
2025-08-07,2,Grindavík/ Njarðvík,Haukar,0,6,7,0.00175
2025-08-07,2,Grindavík/ Njarðvík,Haukar,0,7,5,0.00125
2025-08-07,2,Grindavík/ Njarðvík,Haukar,0,8,2,5e-4
2025-08-07,2,Grindavík/ Njarðvík,Haukar,0,9,1,2.5e-4
2025-08-07,2,Grindavík/ Njarðvík,Haukar,1,0,33,0.00825
2025-08-07,2,Grindavík/ Njarðvík,Haukar,1,1,74,0.0185
2025-08-07,2,Grindavík/ Njarðvík,Haukar,1,2,83,0.02075
2025-08-07,2,Grindavík/ Njarðvík,Haukar,1,3,67,0.01675
2025-08-07,2,Grindavík/ Njarðvík,Haukar,1,4,40,0.01
2025-08-07,2,Grindavík/ Njarðvík,Haukar,1,5,26,0.0065
2025-08-07,2,Grindavík/ Njarðvík,Haukar,1,6,9,0.00225
2025-08-07,2,Grindavík/ Njarðvík,Haukar,1,7,6,0.0015
2025-08-07,2,Grindavík/ Njarðvík,Haukar,1,8,3,7.5e-4
2025-08-07,2,Grindavík/ Njarðvík,Haukar,2,0,42,0.0105
2025-08-07,2,Grindavík/ Njarðvík,Haukar,2,1,102,0.0255
2025-08-07,2,Grindavík/ Njarðvík,Haukar,2,2,119,0.02975
2025-08-07,2,Grindavík/ Njarðvík,Haukar,2,3,97,0.02425
2025-08-07,2,Grindavík/ Njarðvík,Haukar,2,4,68,0.017
2025-08-07,2,Grindavík/ Njarðvík,Haukar,2,5,41,0.01025
2025-08-07,2,Grindavík/ Njarðvík,Haukar,2,6,18,0.0045
2025-08-07,2,Grindavík/ Njarðvík,Haukar,2,7,8,0.002
2025-08-07,2,Grindavík/ Njarðvík,Haukar,2,8,2,5e-4
2025-08-07,2,Grindavík/ Njarðvík,Haukar,2,9,1,2.5e-4
2025-08-07,2,Grindavík/ Njarðvík,Haukar,2,11,1,2.5e-4
2025-08-07,2,Grindavík/ Njarðvík,Haukar,3,0,68,0.017
2025-08-07,2,Grindavík/ Njarðvík,Haukar,3,1,123,0.03075
2025-08-07,2,Grindavík/ Njarðvík,Haukar,3,2,136,0.034
2025-08-07,2,Grindavík/ Njarðvík,Haukar,3,3,126,0.0315
2025-08-07,2,Grindavík/ Njarðvík,Haukar,3,4,84,0.021
2025-08-07,2,Grindavík/ Njarðvík,Haukar,3,5,68,0.017
2025-08-07,2,Grindavík/ Njarðvík,Haukar,3,6,17,0.00425
2025-08-07,2,Grindavík/ Njarðvík,Haukar,3,7,8,0.002
2025-08-07,2,Grindavík/ Njarðvík,Haukar,3,8,7,0.00175
2025-08-07,2,Grindavík/ Njarðvík,Haukar,4,0,65,0.01625
2025-08-07,2,Grindavík/ Njarðvík,Haukar,4,1,110,0.0275
2025-08-07,2,Grindavík/ Njarðvík,Haukar,4,2,145,0.03625
2025-08-07,2,Grindavík/ Njarðvík,Haukar,4,3,114,0.0285
2025-08-07,2,Grindavík/ Njarðvík,Haukar,4,4,83,0.02075
2025-08-07,2,Grindavík/ Njarðvík,Haukar,4,5,42,0.0105
2025-08-07,2,Grindavík/ Njarðvík,Haukar,4,6,27,0.00675
2025-08-07,2,Grindavík/ Njarðvík,Haukar,4,7,12,0.003
2025-08-07,2,Grindavík/ Njarðvík,Haukar,4,8,1,2.5e-4
2025-08-07,2,Grindavík/ Njarðvík,Haukar,4,9,4,0.001
2025-08-07,2,Grindavík/ Njarðvík,Haukar,4,10,2,5e-4
2025-08-07,2,Grindavík/ Njarðvík,Haukar,4,14,1,2.5e-4
2025-08-07,2,Grindavík/ Njarðvík,Haukar,5,0,49,0.01225
2025-08-07,2,Grindavík/ Njarðvík,Haukar,5,1,98,0.0245
2025-08-07,2,Grindavík/ Njarðvík,Haukar,5,2,118,0.0295
2025-08-07,2,Grindavík/ Njarðvík,Haukar,5,3,107,0.02675
2025-08-07,2,Grindavík/ Njarðvík,Haukar,5,4,65,0.01625
2025-08-07,2,Grindavík/ Njarðvík,Haukar,5,5,52,0.013
2025-08-07,2,Grindavík/ Njarðvík,Haukar,5,6,23,0.00575
2025-08-07,2,Grindavík/ Njarðvík,Haukar,5,7,8,0.002
2025-08-07,2,Grindavík/ Njarðvík,Haukar,5,8,7,0.00175
2025-08-07,2,Grindavík/ Njarðvík,Haukar,5,9,1,2.5e-4
2025-08-07,2,Grindavík/ Njarðvík,Haukar,5,10,3,7.5e-4
2025-08-07,2,Grindavík/ Njarðvík,Haukar,6,0,35,0.00875
2025-08-07,2,Grindavík/ Njarðvík,Haukar,6,1,82,0.0205
2025-08-07,2,Grindavík/ Njarðvík,Haukar,6,2,94,0.0235
2025-08-07,2,Grindavík/ Njarðvík,Haukar,6,3,88,0.022
2025-08-07,2,Grindavík/ Njarðvík,Haukar,6,4,55,0.01375
2025-08-07,2,Grindavík/ Njarðvík,Haukar,6,5,30,0.0075
2025-08-07,2,Grindavík/ Njarðvík,Haukar,6,6,29,0.00725
2025-08-07,2,Grindavík/ Njarðvík,Haukar,6,7,14,0.0035
2025-08-07,2,Grindavík/ Njarðvík,Haukar,6,8,6,0.0015
2025-08-07,2,Grindavík/ Njarðvík,Haukar,6,9,2,5e-4
2025-08-07,2,Grindavík/ Njarðvík,Haukar,7,0,21,0.00525
2025-08-07,2,Grindavík/ Njarðvík,Haukar,7,1,64,0.016
2025-08-07,2,Grindavík/ Njarðvík,Haukar,7,2,56,0.014
2025-08-07,2,Grindavík/ Njarðvík,Haukar,7,3,60,0.015
2025-08-07,2,Grindavík/ Njarðvík,Haukar,7,4,40,0.01
2025-08-07,2,Grindavík/ Njarðvík,Haukar,7,5,32,0.008
2025-08-07,2,Grindavík/ Njarðvík,Haukar,7,6,11,0.00275
2025-08-07,2,Grindavík/ Njarðvík,Haukar,7,7,11,0.00275
2025-08-07,2,Grindavík/ Njarðvík,Haukar,7,8,7,0.00175
2025-08-07,2,Grindavík/ Njarðvík,Haukar,7,9,3,7.5e-4
2025-08-07,2,Grindavík/ Njarðvík,Haukar,7,10,1,2.5e-4
2025-08-07,2,Grindavík/ Njarðvík,Haukar,7,11,2,5e-4
2025-08-07,2,Grindavík/ Njarðvík,Haukar,8,0,21,0.00525
2025-08-07,2,Grindavík/ Njarðvík,Haukar,8,1,36,0.009
2025-08-07,2,Grindavík/ Njarðvík,Haukar,8,2,41,0.01025
2025-08-07,2,Grindavík/ Njarðvík,Haukar,8,3,33,0.00825
2025-08-07,2,Grindavík/ Njarðvík,Haukar,8,4,32,0.008
2025-08-07,2,Grindavík/ Njarðvík,Haukar,8,5,16,0.004
2025-08-07,2,Grindavík/ Njarðvík,Haukar,8,6,9,0.00225
2025-08-07,2,Grindavík/ Njarðvík,Haukar,8,7,3,7.5e-4
2025-08-07,2,Grindavík/ Njarðvík,Haukar,8,8,3,7.5e-4
2025-08-07,2,Grindavík/ Njarðvík,Haukar,8,9,2,5e-4
2025-08-07,2,Grindavík/ Njarðvík,Haukar,8,10,1,2.5e-4
2025-08-07,2,Grindavík/ Njarðvík,Haukar,8,11,1,2.5e-4
2025-08-07,2,Grindavík/ Njarðvík,Haukar,8,12,1,2.5e-4
2025-08-07,2,Grindavík/ Njarðvík,Haukar,9,0,16,0.004
2025-08-07,2,Grindavík/ Njarðvík,Haukar,9,1,19,0.00475
2025-08-07,2,Grindavík/ Njarðvík,Haukar,9,2,22,0.0055
2025-08-07,2,Grindavík/ Njarðvík,Haukar,9,3,18,0.0045
2025-08-07,2,Grindavík/ Njarðvík,Haukar,9,4,16,0.004
2025-08-07,2,Grindavík/ Njarðvík,Haukar,9,5,15,0.00375
2025-08-07,2,Grindavík/ Njarðvík,Haukar,9,6,5,0.00125
2025-08-07,2,Grindavík/ Njarðvík,Haukar,9,7,1,2.5e-4
2025-08-07,2,Grindavík/ Njarðvík,Haukar,9,8,1,2.5e-4
2025-08-07,2,Grindavík/ Njarðvík,Haukar,9,9,1,2.5e-4
2025-08-07,2,Grindavík/ Njarðvík,Haukar,9,10,1,2.5e-4
2025-08-07,2,Grindavík/ Njarðvík,Haukar,10,0,3,7.5e-4
2025-08-07,2,Grindavík/ Njarðvík,Haukar,10,1,16,0.004
2025-08-07,2,Grindavík/ Njarðvík,Haukar,10,2,20,0.005
2025-08-07,2,Grindavík/ Njarðvík,Haukar,10,3,15,0.00375
2025-08-07,2,Grindavík/ Njarðvík,Haukar,10,4,8,0.002
2025-08-07,2,Grindavík/ Njarðvík,Haukar,10,5,6,0.0015
2025-08-07,2,Grindavík/ Njarðvík,Haukar,10,6,2,5e-4
2025-08-07,2,Grindavík/ Njarðvík,Haukar,10,7,1,2.5e-4
2025-08-07,2,Grindavík/ Njarðvík,Haukar,11,0,3,7.5e-4
2025-08-07,2,Grindavík/ Njarðvík,Haukar,11,1,5,0.00125
2025-08-07,2,Grindavík/ Njarðvík,Haukar,11,2,6,0.0015
2025-08-07,2,Grindavík/ Njarðvík,Haukar,11,3,9,0.00225
2025-08-07,2,Grindavík/ Njarðvík,Haukar,11,4,9,0.00225
2025-08-07,2,Grindavík/ Njarðvík,Haukar,11,5,5,0.00125
2025-08-07,2,Grindavík/ Njarðvík,Haukar,11,6,2,5e-4
2025-08-07,2,Grindavík/ Njarðvík,Haukar,11,8,2,5e-4
2025-08-07,2,Grindavík/ Njarðvík,Haukar,11,10,2,5e-4
2025-08-07,2,Grindavík/ Njarðvík,Haukar,12,0,2,5e-4
2025-08-07,2,Grindavík/ Njarðvík,Haukar,12,1,3,7.5e-4
2025-08-07,2,Grindavík/ Njarðvík,Haukar,12,2,7,0.00175
2025-08-07,2,Grindavík/ Njarðvík,Haukar,12,3,7,0.00175
2025-08-07,2,Grindavík/ Njarðvík,Haukar,12,4,9,0.00225
2025-08-07,2,Grindavík/ Njarðvík,Haukar,12,6,3,7.5e-4
2025-08-07,2,Grindavík/ Njarðvík,Haukar,12,7,2,5e-4
2025-08-07,2,Grindavík/ Njarðvík,Haukar,12,9,1,2.5e-4
2025-08-07,2,Grindavík/ Njarðvík,Haukar,13,1,7,0.00175
2025-08-07,2,Grindavík/ Njarðvík,Haukar,13,3,3,7.5e-4
2025-08-07,2,Grindavík/ Njarðvík,Haukar,13,4,2,5e-4
2025-08-07,2,Grindavík/ Njarðvík,Haukar,13,6,1,2.5e-4
2025-08-07,2,Grindavík/ Njarðvík,Haukar,13,7,1,2.5e-4
2025-08-07,2,Grindavík/ Njarðvík,Haukar,14,0,4,0.001
2025-08-07,2,Grindavík/ Njarðvík,Haukar,14,2,1,2.5e-4
2025-08-07,2,Grindavík/ Njarðvík,Haukar,14,3,2,5e-4
2025-08-07,2,Grindavík/ Njarðvík,Haukar,14,4,1,2.5e-4
2025-08-07,2,Grindavík/ Njarðvík,Haukar,14,6,1,2.5e-4
2025-08-07,2,Grindavík/ Njarðvík,Haukar,15,0,1,2.5e-4
2025-08-07,2,Grindavík/ Njarðvík,Haukar,15,1,2,5e-4
2025-08-07,2,Grindavík/ Njarðvík,Haukar,15,2,2,5e-4
2025-08-07,2,Grindavík/ Njarðvík,Haukar,15,3,1,2.5e-4
2025-08-07,2,Grindavík/ Njarðvík,Haukar,15,6,1,2.5e-4
2025-08-07,2,Grindavík/ Njarðvík,Haukar,16,0,2,5e-4
2025-08-07,2,Grindavík/ Njarðvík,Haukar,16,2,2,5e-4
2025-08-07,2,Grindavík/ Njarðvík,Haukar,18,1,2,5e-4
2025-08-07,2,HK,Keflavík,0,0,311,0.07775
2025-08-07,2,HK,Keflavík,0,1,403,0.10075
2025-08-07,2,HK,Keflavík,0,2,344,0.086
2025-08-07,2,HK,Keflavík,0,3,217,0.05425
2025-08-07,2,HK,Keflavík,0,4,105,0.02625
2025-08-07,2,HK,Keflavík,0,5,47,0.01175
2025-08-07,2,HK,Keflavík,0,6,26,0.0065
2025-08-07,2,HK,Keflavík,0,7,8,0.002
2025-08-07,2,HK,Keflavík,0,8,2,5e-4
2025-08-07,2,HK,Keflavík,0,9,2,5e-4
2025-08-07,2,HK,Keflavík,0,10,1,2.5e-4
2025-08-07,2,HK,Keflavík,0,11,1,2.5e-4
2025-08-07,2,HK,Keflavík,1,0,271,0.06775
2025-08-07,2,HK,Keflavík,1,1,378,0.0945
2025-08-07,2,HK,Keflavík,1,2,325,0.08125
2025-08-07,2,HK,Keflavík,1,3,217,0.05425
2025-08-07,2,HK,Keflavík,1,4,109,0.02725
2025-08-07,2,HK,Keflavík,1,5,44,0.011
2025-08-07,2,HK,Keflavík,1,6,17,0.00425
2025-08-07,2,HK,Keflavík,1,7,5,0.00125
2025-08-07,2,HK,Keflavík,1,8,1,2.5e-4
2025-08-07,2,HK,Keflavík,1,9,1,2.5e-4
2025-08-07,2,HK,Keflavík,2,0,114,0.0285
2025-08-07,2,HK,Keflavík,2,1,211,0.05275
2025-08-07,2,HK,Keflavík,2,2,171,0.04275
2025-08-07,2,HK,Keflavík,2,3,139,0.03475
2025-08-07,2,HK,Keflavík,2,4,59,0.01475
2025-08-07,2,HK,Keflavík,2,5,19,0.00475
2025-08-07,2,HK,Keflavík,2,6,11,0.00275
2025-08-07,2,HK,Keflavík,2,7,7,0.00175
2025-08-07,2,HK,Keflavík,2,8,2,5e-4
2025-08-07,2,HK,Keflavík,2,9,1,2.5e-4
2025-08-07,2,HK,Keflavík,3,0,45,0.01125
2025-08-07,2,HK,Keflavík,3,1,71,0.01775
2025-08-07,2,HK,Keflavík,3,2,80,0.02
2025-08-07,2,HK,Keflavík,3,3,47,0.01175
2025-08-07,2,HK,Keflavík,3,4,25,0.00625
2025-08-07,2,HK,Keflavík,3,5,17,0.00425
2025-08-07,2,HK,Keflavík,3,6,3,7.5e-4
2025-08-07,2,HK,Keflavík,3,7,2,5e-4
2025-08-07,2,HK,Keflavík,3,9,1,2.5e-4
2025-08-07,2,HK,Keflavík,3,10,1,2.5e-4
2025-08-07,2,HK,Keflavík,4,0,13,0.00325
2025-08-07,2,HK,Keflavík,4,1,26,0.0065
2025-08-07,2,HK,Keflavík,4,2,26,0.0065
2025-08-07,2,HK,Keflavík,4,3,16,0.004
2025-08-07,2,HK,Keflavík,4,4,9,0.00225
2025-08-07,2,HK,Keflavík,4,5,5,0.00125
2025-08-07,2,HK,Keflavík,4,6,3,7.5e-4
2025-08-07,2,HK,Keflavík,5,0,4,0.001
2025-08-07,2,HK,Keflavík,5,1,3,7.5e-4
2025-08-07,2,HK,Keflavík,5,2,14,0.0035
2025-08-07,2,HK,Keflavík,5,3,5,0.00125
2025-08-07,2,HK,Keflavík,5,4,3,7.5e-4
2025-08-07,2,HK,Keflavík,5,7,1,2.5e-4
2025-08-07,2,HK,Keflavík,6,0,1,2.5e-4
2025-08-07,2,HK,Keflavík,6,1,2,5e-4
2025-08-07,2,HK,Keflavík,6,2,2,5e-4
2025-08-07,2,HK,Keflavík,6,4,2,5e-4
2025-08-07,2,HK,Keflavík,7,2,1,2.5e-4
2025-08-07,2,HK,Keflavík,7,4,1,2.5e-4
2025-08-07,2,HK,Keflavík,8,0,1,2.5e-4
2025-08-07,2,HK,Keflavík,8,2,1,2.5e-4
2025-08-07,2,ÍA,Grótta,0,0,218,0.0545
2025-08-07,2,ÍA,Grótta,0,1,216,0.054
2025-08-07,2,ÍA,Grótta,0,2,119,0.02975
2025-08-07,2,ÍA,Grótta,0,3,43,0.01075
2025-08-07,2,ÍA,Grótta,0,4,13,0.00325
2025-08-07,2,ÍA,Grótta,0,5,5,0.00125
2025-08-07,2,ÍA,Grótta,0,6,1,2.5e-4
2025-08-07,2,ÍA,Grótta,1,0,342,0.0855
2025-08-07,2,ÍA,Grótta,1,1,384,0.096
2025-08-07,2,ÍA,Grótta,1,2,199,0.04975
2025-08-07,2,ÍA,Grótta,1,3,103,0.02575
2025-08-07,2,ÍA,Grótta,1,4,28,0.007
2025-08-07,2,ÍA,Grótta,1,5,10,0.0025
2025-08-07,2,ÍA,Grótta,1,6,5,0.00125
2025-08-07,2,ÍA,Grótta,2,0,307,0.07675
2025-08-07,2,ÍA,Grótta,2,1,340,0.085
2025-08-07,2,ÍA,Grótta,2,2,206,0.0515
2025-08-07,2,ÍA,Grótta,2,3,101,0.02525
2025-08-07,2,ÍA,Grótta,2,4,36,0.009
2025-08-07,2,ÍA,Grótta,2,5,7,0.00175
2025-08-07,2,ÍA,Grótta,2,6,2,5e-4
2025-08-07,2,ÍA,Grótta,2,7,1,2.5e-4
2025-08-07,2,ÍA,Grótta,3,0,233,0.05825
2025-08-07,2,ÍA,Grótta,3,1,207,0.05175
2025-08-07,2,ÍA,Grótta,3,2,129,0.03225
2025-08-07,2,ÍA,Grótta,3,3,67,0.01675
2025-08-07,2,ÍA,Grótta,3,4,20,0.005
2025-08-07,2,ÍA,Grótta,3,5,9,0.00225
2025-08-07,2,ÍA,Grótta,3,6,4,0.001
2025-08-07,2,ÍA,Grótta,4,0,114,0.0285
2025-08-07,2,ÍA,Grótta,4,1,130,0.0325
2025-08-07,2,ÍA,Grótta,4,2,66,0.0165
2025-08-07,2,ÍA,Grótta,4,3,38,0.0095
2025-08-07,2,ÍA,Grótta,4,4,15,0.00375
2025-08-07,2,ÍA,Grótta,4,5,5,0.00125
2025-08-07,2,ÍA,Grótta,5,0,55,0.01375
2025-08-07,2,ÍA,Grótta,5,1,46,0.0115
2025-08-07,2,ÍA,Grótta,5,2,39,0.00975
2025-08-07,2,ÍA,Grótta,5,3,13,0.00325
2025-08-07,2,ÍA,Grótta,5,4,10,0.0025
2025-08-07,2,ÍA,Grótta,5,5,3,7.5e-4
2025-08-07,2,ÍA,Grótta,6,0,17,0.00425
2025-08-07,2,ÍA,Grótta,6,1,24,0.006
2025-08-07,2,ÍA,Grótta,6,2,11,0.00275
2025-08-07,2,ÍA,Grótta,6,3,9,0.00225
2025-08-07,2,ÍA,Grótta,6,4,2,5e-4
2025-08-07,2,ÍA,Grótta,6,5,1,2.5e-4
2025-08-07,2,ÍA,Grótta,6,6,1,2.5e-4
2025-08-07,2,ÍA,Grótta,7,0,14,0.0035
2025-08-07,2,ÍA,Grótta,7,1,7,0.00175
2025-08-07,2,ÍA,Grótta,7,2,4,0.001
2025-08-07,2,ÍA,Grótta,7,3,4,0.001
2025-08-07,2,ÍA,Grótta,7,4,3,7.5e-4
2025-08-07,2,ÍA,Grótta,8,0,5,0.00125
2025-08-07,2,ÍA,Grótta,8,1,3,7.5e-4
2025-08-07,2,ÍA,Grótta,8,2,1,2.5e-4
2025-08-07,2,ÍA,Grótta,9,0,1,2.5e-4
2025-08-07,2,ÍA,Grótta,9,1,1,2.5e-4
2025-08-07,2,ÍA,Grótta,9,2,1,2.5e-4
2025-08-07,2,ÍA,Grótta,11,1,1,2.5e-4
2025-08-07,2,ÍA,Grótta,11,4,1,2.5e-4
2025-08-07,2,ÍBV,Afturelding,0,0,35,0.00875
2025-08-07,2,ÍBV,Afturelding,0,1,32,0.008
2025-08-07,2,ÍBV,Afturelding,0,2,10,0.0025
2025-08-07,2,ÍBV,Afturelding,0,3,10,0.0025
2025-08-07,2,ÍBV,Afturelding,0,4,1,2.5e-4
2025-08-07,2,ÍBV,Afturelding,0,5,3,7.5e-4
2025-08-07,2,ÍBV,Afturelding,1,0,67,0.01675
2025-08-07,2,ÍBV,Afturelding,1,1,100,0.025
2025-08-07,2,ÍBV,Afturelding,1,2,71,0.01775
2025-08-07,2,ÍBV,Afturelding,1,3,11,0.00275
2025-08-07,2,ÍBV,Afturelding,1,4,15,0.00375
2025-08-07,2,ÍBV,Afturelding,1,5,8,0.002
2025-08-07,2,ÍBV,Afturelding,1,6,4,0.001
2025-08-07,2,ÍBV,Afturelding,1,7,1,2.5e-4
2025-08-07,2,ÍBV,Afturelding,2,0,144,0.036
2025-08-07,2,ÍBV,Afturelding,2,1,175,0.04375
2025-08-07,2,ÍBV,Afturelding,2,2,132,0.033
2025-08-07,2,ÍBV,Afturelding,2,3,52,0.013
2025-08-07,2,ÍBV,Afturelding,2,4,16,0.004
2025-08-07,2,ÍBV,Afturelding,2,5,5,0.00125
2025-08-07,2,ÍBV,Afturelding,2,6,2,5e-4
2025-08-07,2,ÍBV,Afturelding,2,7,1,2.5e-4
2025-08-07,2,ÍBV,Afturelding,3,0,195,0.04875
2025-08-07,2,ÍBV,Afturelding,3,1,206,0.0515
2025-08-07,2,ÍBV,Afturelding,3,2,138,0.0345
2025-08-07,2,ÍBV,Afturelding,3,3,65,0.01625
2025-08-07,2,ÍBV,Afturelding,3,4,14,0.0035
2025-08-07,2,ÍBV,Afturelding,3,5,8,0.002
2025-08-07,2,ÍBV,Afturelding,3,6,2,5e-4
2025-08-07,2,ÍBV,Afturelding,3,7,1,2.5e-4
2025-08-07,2,ÍBV,Afturelding,4,0,189,0.04725
2025-08-07,2,ÍBV,Afturelding,4,1,220,0.055
2025-08-07,2,ÍBV,Afturelding,4,2,122,0.0305
2025-08-07,2,ÍBV,Afturelding,4,3,67,0.01675
2025-08-07,2,ÍBV,Afturelding,4,4,20,0.005
2025-08-07,2,ÍBV,Afturelding,4,5,7,0.00175
2025-08-07,2,ÍBV,Afturelding,4,6,2,5e-4
2025-08-07,2,ÍBV,Afturelding,4,7,1,2.5e-4
2025-08-07,2,ÍBV,Afturelding,5,0,157,0.03925
2025-08-07,2,ÍBV,Afturelding,5,1,208,0.052
2025-08-07,2,ÍBV,Afturelding,5,2,117,0.02925
2025-08-07,2,ÍBV,Afturelding,5,3,42,0.0105
2025-08-07,2,ÍBV,Afturelding,5,4,19,0.00475
2025-08-07,2,ÍBV,Afturelding,5,5,8,0.002
2025-08-07,2,ÍBV,Afturelding,5,6,6,0.0015
2025-08-07,2,ÍBV,Afturelding,5,7,1,2.5e-4
2025-08-07,2,ÍBV,Afturelding,6,0,130,0.0325
2025-08-07,2,ÍBV,Afturelding,6,1,149,0.03725
2025-08-07,2,ÍBV,Afturelding,6,2,93,0.02325
2025-08-07,2,ÍBV,Afturelding,6,3,39,0.00975
2025-08-07,2,ÍBV,Afturelding,6,4,10,0.0025
2025-08-07,2,ÍBV,Afturelding,6,5,3,7.5e-4
2025-08-07,2,ÍBV,Afturelding,6,6,2,5e-4
2025-08-07,2,ÍBV,Afturelding,6,7,2,5e-4
2025-08-07,2,ÍBV,Afturelding,7,0,84,0.021
2025-08-07,2,ÍBV,Afturelding,7,1,124,0.031
2025-08-07,2,ÍBV,Afturelding,7,2,70,0.0175
2025-08-07,2,ÍBV,Afturelding,7,3,33,0.00825
2025-08-07,2,ÍBV,Afturelding,7,4,20,0.005
2025-08-07,2,ÍBV,Afturelding,7,5,6,0.0015
2025-08-07,2,ÍBV,Afturelding,7,6,3,7.5e-4
2025-08-07,2,ÍBV,Afturelding,8,0,46,0.0115
2025-08-07,2,ÍBV,Afturelding,8,1,81,0.02025
2025-08-07,2,ÍBV,Afturelding,8,2,42,0.0105
2025-08-07,2,ÍBV,Afturelding,8,3,25,0.00625
2025-08-07,2,ÍBV,Afturelding,8,4,9,0.00225
2025-08-07,2,ÍBV,Afturelding,8,5,3,7.5e-4
2025-08-07,2,ÍBV,Afturelding,8,6,1,2.5e-4
2025-08-07,2,ÍBV,Afturelding,8,7,1,2.5e-4
2025-08-07,2,ÍBV,Afturelding,9,0,25,0.00625
2025-08-07,2,ÍBV,Afturelding,9,1,50,0.0125
2025-08-07,2,ÍBV,Afturelding,9,2,21,0.00525
2025-08-07,2,ÍBV,Afturelding,9,3,11,0.00275
2025-08-07,2,ÍBV,Afturelding,9,4,8,0.002
2025-08-07,2,ÍBV,Afturelding,9,6,2,5e-4
2025-08-07,2,ÍBV,Afturelding,10,0,29,0.00725
2025-08-07,2,ÍBV,Afturelding,10,1,32,0.008
2025-08-07,2,ÍBV,Afturelding,10,2,18,0.0045
2025-08-07,2,ÍBV,Afturelding,10,3,5,0.00125
2025-08-07,2,ÍBV,Afturelding,10,4,5,0.00125
2025-08-07,2,ÍBV,Afturelding,10,5,1,2.5e-4
2025-08-07,2,ÍBV,Afturelding,10,6,1,2.5e-4
2025-08-07,2,ÍBV,Afturelding,10,8,1,2.5e-4
2025-08-07,2,ÍBV,Afturelding,11,0,19,0.00475
2025-08-07,2,ÍBV,Afturelding,11,1,13,0.00325
2025-08-07,2,ÍBV,Afturelding,11,2,6,0.0015
2025-08-07,2,ÍBV,Afturelding,11,3,2,5e-4
2025-08-07,2,ÍBV,Afturelding,11,4,4,0.001
2025-08-07,2,ÍBV,Afturelding,12,0,7,0.00175
2025-08-07,2,ÍBV,Afturelding,12,1,9,0.00225
2025-08-07,2,ÍBV,Afturelding,12,2,5,0.00125
2025-08-07,2,ÍBV,Afturelding,12,3,1,2.5e-4
2025-08-07,2,ÍBV,Afturelding,12,5,1,2.5e-4
2025-08-07,2,ÍBV,Afturelding,13,0,4,0.001
2025-08-07,2,ÍBV,Afturelding,13,1,2,5e-4
2025-08-07,2,ÍBV,Afturelding,13,2,3,7.5e-4
2025-08-07,2,ÍBV,Afturelding,13,3,4,0.001
2025-08-07,2,ÍBV,Afturelding,13,4,2,5e-4
2025-08-07,2,ÍBV,Afturelding,13,6,1,2.5e-4
2025-08-07,2,ÍBV,Afturelding,14,0,1,2.5e-4
2025-08-07,2,ÍBV,Afturelding,14,1,4,0.001
2025-08-07,2,ÍBV,Afturelding,14,2,4,0.001
2025-08-07,2,ÍBV,Afturelding,15,0,1,2.5e-4
2025-08-07,2,ÍBV,Afturelding,15,1,2,5e-4
2025-08-07,2,ÍBV,Afturelding,16,0,1,2.5e-4
2025-08-07,2,ÍBV,Afturelding,16,1,3,7.5e-4
2025-08-07,2,ÍBV,Afturelding,16,3,1,2.5e-4
2025-08-07,2,ÍBV,Afturelding,18,1,1,2.5e-4
2025-08-07,2,ÍBV,Afturelding,19,0,1,2.5e-4
2025-08-07,2,ÍBV,Afturelding,19,1,1,2.5e-4
2025-08-07,2,ÍBV,Afturelding,19,2,1,2.5e-4
2025-08-07,2,ÍBV,Afturelding,27,3,1,2.5e-4
2025-08-08,1,Þróttur R.,Víkingur R.,0,0,132,0.033
2025-08-08,1,Þróttur R.,Víkingur R.,0,1,99,0.02475
2025-08-08,1,Þróttur R.,Víkingur R.,0,2,35,0.00875
2025-08-08,1,Þróttur R.,Víkingur R.,0,3,13,0.00325
2025-08-08,1,Þróttur R.,Víkingur R.,0,4,9,0.00225
2025-08-08,1,Þróttur R.,Víkingur R.,0,6,1,2.5e-4
2025-08-08,1,Þróttur R.,Víkingur R.,1,0,292,0.073
2025-08-08,1,Þróttur R.,Víkingur R.,1,1,236,0.059
2025-08-08,1,Þróttur R.,Víkingur R.,1,2,106,0.0265
2025-08-08,1,Þróttur R.,Víkingur R.,1,3,30,0.0075
2025-08-08,1,Þróttur R.,Víkingur R.,1,4,7,0.00175
2025-08-08,1,Þróttur R.,Víkingur R.,1,5,1,2.5e-4
2025-08-08,1,Þróttur R.,Víkingur R.,1,6,1,2.5e-4
2025-08-08,1,Þróttur R.,Víkingur R.,2,0,375,0.09375
2025-08-08,1,Þróttur R.,Víkingur R.,2,1,327,0.08175
2025-08-08,1,Þróttur R.,Víkingur R.,2,2,115,0.02875
2025-08-08,1,Þróttur R.,Víkingur R.,2,3,35,0.00875
2025-08-08,1,Þróttur R.,Víkingur R.,2,4,16,0.004
2025-08-08,1,Þróttur R.,Víkingur R.,2,5,3,7.5e-4
2025-08-08,1,Þróttur R.,Víkingur R.,2,8,1,2.5e-4
2025-08-08,1,Þróttur R.,Víkingur R.,3,0,342,0.0855
2025-08-08,1,Þróttur R.,Víkingur R.,3,1,255,0.06375
2025-08-08,1,Þróttur R.,Víkingur R.,3,2,121,0.03025
2025-08-08,1,Þróttur R.,Víkingur R.,3,3,38,0.0095
2025-08-08,1,Þróttur R.,Víkingur R.,3,4,13,0.00325
2025-08-08,1,Þróttur R.,Víkingur R.,3,5,1,2.5e-4
2025-08-08,1,Þróttur R.,Víkingur R.,4,0,268,0.067
2025-08-08,1,Þróttur R.,Víkingur R.,4,1,210,0.0525
2025-08-08,1,Þróttur R.,Víkingur R.,4,2,82,0.0205
2025-08-08,1,Þróttur R.,Víkingur R.,4,3,24,0.006
2025-08-08,1,Þróttur R.,Víkingur R.,4,4,11,0.00275
2025-08-08,1,Þróttur R.,Víkingur R.,4,5,1,2.5e-4
2025-08-08,1,Þróttur R.,Víkingur R.,4,6,1,2.5e-4
2025-08-08,1,Þróttur R.,Víkingur R.,5,0,143,0.03575
2025-08-08,1,Þróttur R.,Víkingur R.,5,1,122,0.0305
2025-08-08,1,Þróttur R.,Víkingur R.,5,2,41,0.01025
2025-08-08,1,Þróttur R.,Víkingur R.,5,3,14,0.0035
2025-08-08,1,Þróttur R.,Víkingur R.,5,4,3,7.5e-4
2025-08-08,1,Þróttur R.,Víkingur R.,5,5,1,2.5e-4
2025-08-08,1,Þróttur R.,Víkingur R.,6,0,96,0.024
2025-08-08,1,Þróttur R.,Víkingur R.,6,1,76,0.019
2025-08-08,1,Þróttur R.,Víkingur R.,6,2,43,0.01075
2025-08-08,1,Þróttur R.,Víkingur R.,6,3,9,0.00225
2025-08-08,1,Þróttur R.,Víkingur R.,6,4,8,0.002
2025-08-08,1,Þróttur R.,Víkingur R.,6,6,1,2.5e-4
2025-08-08,1,Þróttur R.,Víkingur R.,7,0,44,0.011
2025-08-08,1,Þróttur R.,Víkingur R.,7,1,45,0.01125
2025-08-08,1,Þróttur R.,Víkingur R.,7,2,24,0.006
2025-08-08,1,Þróttur R.,Víkingur R.,7,3,5,0.00125
2025-08-08,1,Þróttur R.,Víkingur R.,7,4,2,5e-4
2025-08-08,1,Þróttur R.,Víkingur R.,7,5,3,7.5e-4
2025-08-08,1,Þróttur R.,Víkingur R.,8,0,22,0.0055
2025-08-08,1,Þróttur R.,Víkingur R.,8,1,23,0.00575
2025-08-08,1,Þróttur R.,Víkingur R.,8,2,8,0.002
2025-08-08,1,Þróttur R.,Víkingur R.,8,3,3,7.5e-4
2025-08-08,1,Þróttur R.,Víkingur R.,9,0,14,0.0035
2025-08-08,1,Þróttur R.,Víkingur R.,9,1,11,0.00275
2025-08-08,1,Þróttur R.,Víkingur R.,9,2,7,0.00175
2025-08-08,1,Þróttur R.,Víkingur R.,9,3,1,2.5e-4
2025-08-08,1,Þróttur R.,Víkingur R.,10,0,4,0.001
2025-08-08,1,Þróttur R.,Víkingur R.,10,1,11,0.00275
2025-08-08,1,Þróttur R.,Víkingur R.,10,2,3,7.5e-4
2025-08-08,1,Þróttur R.,Víkingur R.,10,3,3,7.5e-4
2025-08-08,1,Þróttur R.,Víkingur R.,11,0,2,5e-4
2025-08-08,1,Þróttur R.,Víkingur R.,11,1,2,5e-4
2025-08-08,1,Þróttur R.,Víkingur R.,11,2,1,2.5e-4
2025-08-08,1,Þróttur R.,Víkingur R.,12,1,1,2.5e-4
2025-08-08,1,Þróttur R.,Víkingur R.,13,0,2,5e-4
2025-08-08,1,Þróttur R.,Víkingur R.,13,2,1,2.5e-4
2025-08-09,1,FHL,FH,0,0,100,0.025
2025-08-09,1,FHL,FH,0,1,198,0.0495
2025-08-09,1,FHL,FH,0,2,322,0.0805
2025-08-09,1,FHL,FH,0,3,364,0.091
2025-08-09,1,FHL,FH,0,4,293,0.07325
2025-08-09,1,FHL,FH,0,5,220,0.055
2025-08-09,1,FHL,FH,0,6,142,0.0355
2025-08-09,1,FHL,FH,0,7,82,0.0205
2025-08-09,1,FHL,FH,0,8,55,0.01375
2025-08-09,1,FHL,FH,0,9,27,0.00675
2025-08-09,1,FHL,FH,0,10,19,0.00475
2025-08-09,1,FHL,FH,0,11,9,0.00225
2025-08-09,1,FHL,FH,0,12,1,2.5e-4
2025-08-09,1,FHL,FH,0,13,3,7.5e-4
2025-08-09,1,FHL,FH,0,15,1,2.5e-4
2025-08-09,1,FHL,FH,1,0,64,0.016
2025-08-09,1,FHL,FH,1,1,171,0.04275
2025-08-09,1,FHL,FH,1,2,238,0.0595
2025-08-09,1,FHL,FH,1,3,248,0.062
2025-08-09,1,FHL,FH,1,4,211,0.05275
2025-08-09,1,FHL,FH,1,5,178,0.0445
2025-08-09,1,FHL,FH,1,6,106,0.0265
2025-08-09,1,FHL,FH,1,7,64,0.016
2025-08-09,1,FHL,FH,1,8,38,0.0095
2025-08-09,1,FHL,FH,1,9,19,0.00475
2025-08-09,1,FHL,FH,1,10,13,0.00325
2025-08-09,1,FHL,FH,1,11,7,0.00175
2025-08-09,1,FHL,FH,1,12,4,0.001
2025-08-09,1,FHL,FH,1,13,1,2.5e-4
2025-08-09,1,FHL,FH,1,14,2,5e-4
2025-08-09,1,FHL,FH,2,0,21,0.00525
2025-08-09,1,FHL,FH,2,1,62,0.0155
2025-08-09,1,FHL,FH,2,2,105,0.02625
2025-08-09,1,FHL,FH,2,3,88,0.022
2025-08-09,1,FHL,FH,2,4,89,0.02225
2025-08-09,1,FHL,FH,2,5,59,0.01475
2025-08-09,1,FHL,FH,2,6,38,0.0095
2025-08-09,1,FHL,FH,2,7,31,0.00775
2025-08-09,1,FHL,FH,2,8,25,0.00625
2025-08-09,1,FHL,FH,2,9,6,0.0015
2025-08-09,1,FHL,FH,2,10,3,7.5e-4
2025-08-09,1,FHL,FH,2,11,2,5e-4
2025-08-09,1,FHL,FH,2,12,1,2.5e-4
2025-08-09,1,FHL,FH,3,0,11,0.00275
2025-08-09,1,FHL,FH,3,1,19,0.00475
2025-08-09,1,FHL,FH,3,2,29,0.00725
2025-08-09,1,FHL,FH,3,3,37,0.00925
2025-08-09,1,FHL,FH,3,4,32,0.008
2025-08-09,1,FHL,FH,3,5,31,0.00775
2025-08-09,1,FHL,FH,3,6,17,0.00425
2025-08-09,1,FHL,FH,3,7,10,0.0025
2025-08-09,1,FHL,FH,3,8,2,5e-4
2025-08-09,1,FHL,FH,3,9,6,0.0015
2025-08-09,1,FHL,FH,3,10,2,5e-4
2025-08-09,1,FHL,FH,3,12,1,2.5e-4
2025-08-09,1,FHL,FH,4,0,4,0.001
2025-08-09,1,FHL,FH,4,1,3,7.5e-4
2025-08-09,1,FHL,FH,4,2,9,0.00225
2025-08-09,1,FHL,FH,4,3,8,0.002
2025-08-09,1,FHL,FH,4,4,8,0.002
2025-08-09,1,FHL,FH,4,5,8,0.002
2025-08-09,1,FHL,FH,4,6,7,0.00175
2025-08-09,1,FHL,FH,4,7,4,0.001
2025-08-09,1,FHL,FH,4,8,2,5e-4
2025-08-09,1,FHL,FH,4,9,1,2.5e-4
2025-08-09,1,FHL,FH,4,10,1,2.5e-4
2025-08-09,1,FHL,FH,5,0,1,2.5e-4
2025-08-09,1,FHL,FH,5,1,3,7.5e-4
2025-08-09,1,FHL,FH,5,2,3,7.5e-4
2025-08-09,1,FHL,FH,5,3,3,7.5e-4
2025-08-09,1,FHL,FH,5,4,3,7.5e-4
2025-08-09,1,FHL,FH,5,5,2,5e-4
2025-08-09,1,FHL,FH,5,8,2,5e-4
2025-08-09,1,FHL,FH,6,2,1,2.5e-4
2025-08-12,1,FH,Þór/KA,0,0,233,0.05825
2025-08-12,1,FH,Þór/KA,0,1,220,0.055
2025-08-12,1,FH,Þór/KA,0,2,119,0.02975
2025-08-12,1,FH,Þór/KA,0,3,69,0.01725
2025-08-12,1,FH,Þór/KA,0,4,20,0.005
2025-08-12,1,FH,Þór/KA,0,5,5,0.00125
2025-08-12,1,FH,Þór/KA,0,6,2,5e-4
2025-08-12,1,FH,Þór/KA,0,7,1,2.5e-4
2025-08-12,1,FH,Þór/KA,1,0,344,0.086
2025-08-12,1,FH,Þór/KA,1,1,361,0.09025
2025-08-12,1,FH,Þór/KA,1,2,212,0.053
2025-08-12,1,FH,Þór/KA,1,3,111,0.02775
2025-08-12,1,FH,Þór/KA,1,4,43,0.01075
2025-08-12,1,FH,Þór/KA,1,5,12,0.003
2025-08-12,1,FH,Þór/KA,1,6,1,2.5e-4
2025-08-12,1,FH,Þór/KA,1,7,1,2.5e-4
2025-08-12,1,FH,Þór/KA,2,0,320,0.08
2025-08-12,1,FH,Þór/KA,2,1,333,0.08325
2025-08-12,1,FH,Þór/KA,2,2,214,0.0535
2025-08-12,1,FH,Þór/KA,2,3,100,0.025
2025-08-12,1,FH,Þór/KA,2,4,34,0.0085
2025-08-12,1,FH,Þór/KA,2,5,12,0.003
2025-08-12,1,FH,Þór/KA,2,6,4,0.001
2025-08-12,1,FH,Þór/KA,2,7,1,2.5e-4
2025-08-12,1,FH,Þór/KA,3,0,203,0.05075
2025-08-12,1,FH,Þór/KA,3,1,210,0.0525
2025-08-12,1,FH,Þór/KA,3,2,128,0.032
2025-08-12,1,FH,Þór/KA,3,3,61,0.01525
2025-08-12,1,FH,Þór/KA,3,4,26,0.0065
2025-08-12,1,FH,Þór/KA,3,5,8,0.002
2025-08-12,1,FH,Þór/KA,3,6,1,2.5e-4
2025-08-12,1,FH,Þór/KA,4,0,107,0.02675
2025-08-12,1,FH,Þór/KA,4,1,104,0.026
2025-08-12,1,FH,Þór/KA,4,2,71,0.01775
2025-08-12,1,FH,Þór/KA,4,3,36,0.009
2025-08-12,1,FH,Þór/KA,4,4,15,0.00375
2025-08-12,1,FH,Þór/KA,4,5,1,2.5e-4
2025-08-12,1,FH,Þór/KA,5,0,48,0.012
2025-08-12,1,FH,Þór/KA,5,1,57,0.01425
2025-08-12,1,FH,Þór/KA,5,2,34,0.0085
2025-08-12,1,FH,Þór/KA,5,3,10,0.0025
2025-08-12,1,FH,Þór/KA,5,4,5,0.00125
2025-08-12,1,FH,Þór/KA,5,5,1,2.5e-4
2025-08-12,1,FH,Þór/KA,6,0,15,0.00375
2025-08-12,1,FH,Þór/KA,6,1,25,0.00625
2025-08-12,1,FH,Þór/KA,6,2,10,0.0025
2025-08-12,1,FH,Þór/KA,6,3,8,0.002
2025-08-12,1,FH,Þór/KA,6,4,6,0.0015
2025-08-12,1,FH,Þór/KA,6,5,2,5e-4
2025-08-12,1,FH,Þór/KA,6,7,1,2.5e-4
2025-08-12,1,FH,Þór/KA,7,0,8,0.002
2025-08-12,1,FH,Þór/KA,7,1,7,0.00175
2025-08-12,1,FH,Þór/KA,7,2,6,0.0015
2025-08-12,1,FH,Þór/KA,7,3,3,7.5e-4
2025-08-12,1,FH,Þór/KA,7,6,1,2.5e-4
2025-08-12,1,FH,Þór/KA,8,0,2,5e-4
2025-08-12,1,FH,Þór/KA,8,1,2,5e-4
2025-08-12,1,FH,Þór/KA,8,2,2,5e-4
2025-08-12,1,FH,Þór/KA,8,7,1,2.5e-4
2025-08-12,1,FH,Þór/KA,9,1,1,2.5e-4
2025-08-12,1,FH,Þór/KA,9,2,1,2.5e-4
2025-08-12,1,FH,Þór/KA,10,2,1,2.5e-4
2025-08-12,1,FHL,Fram,0,0,213,0.05325
2025-08-12,1,FHL,Fram,0,1,328,0.082
2025-08-12,1,FHL,Fram,0,2,291,0.07275
2025-08-12,1,FHL,Fram,0,3,209,0.05225
2025-08-12,1,FHL,Fram,0,4,116,0.029
2025-08-12,1,FHL,Fram,0,5,63,0.01575
2025-08-12,1,FHL,Fram,0,6,31,0.00775
2025-08-12,1,FHL,Fram,0,7,8,0.002
2025-08-12,1,FHL,Fram,0,8,4,0.001
2025-08-12,1,FHL,Fram,0,9,2,5e-4
2025-08-12,1,FHL,Fram,1,0,210,0.0525
2025-08-12,1,FHL,Fram,1,1,418,0.1045
2025-08-12,1,FHL,Fram,1,2,333,0.08325
2025-08-12,1,FHL,Fram,1,3,225,0.05625
2025-08-12,1,FHL,Fram,1,4,119,0.02975
2025-08-12,1,FHL,Fram,1,5,40,0.01
2025-08-12,1,FHL,Fram,1,6,25,0.00625
2025-08-12,1,FHL,Fram,1,7,8,0.002
2025-08-12,1,FHL,Fram,1,8,4,0.001
2025-08-12,1,FHL,Fram,2,0,124,0.031
2025-08-12,1,FHL,Fram,2,1,208,0.052
2025-08-12,1,FHL,Fram,2,2,207,0.05175
2025-08-12,1,FHL,Fram,2,3,133,0.03325
2025-08-12,1,FHL,Fram,2,4,66,0.0165
2025-08-12,1,FHL,Fram,2,5,39,0.00975
2025-08-12,1,FHL,Fram,2,6,13,0.00325
2025-08-12,1,FHL,Fram,2,7,5,0.00125
2025-08-12,1,FHL,Fram,2,8,3,7.5e-4
2025-08-12,1,FHL,Fram,2,9,4,0.001
2025-08-12,1,FHL,Fram,3,0,41,0.01025
2025-08-12,1,FHL,Fram,3,1,103,0.02575
2025-08-12,1,FHL,Fram,3,2,82,0.0205
2025-08-12,1,FHL,Fram,3,3,53,0.01325
2025-08-12,1,FHL,Fram,3,4,27,0.00675
2025-08-12,1,FHL,Fram,3,5,8,0.002
2025-08-12,1,FHL,Fram,3,6,4,0.001
2025-08-12,1,FHL,Fram,3,7,6,0.0015
2025-08-12,1,FHL,Fram,3,8,3,7.5e-4
2025-08-12,1,FHL,Fram,3,10,1,2.5e-4
2025-08-12,1,FHL,Fram,4,0,18,0.0045
2025-08-12,1,FHL,Fram,4,1,35,0.00875
2025-08-12,1,FHL,Fram,4,2,35,0.00875
2025-08-12,1,FHL,Fram,4,3,39,0.00975
2025-08-12,1,FHL,Fram,4,4,17,0.00425
2025-08-12,1,FHL,Fram,4,5,3,7.5e-4
2025-08-12,1,FHL,Fram,4,6,6,0.0015
2025-08-12,1,FHL,Fram,4,7,2,5e-4
2025-08-12,1,FHL,Fram,4,8,1,2.5e-4
2025-08-12,1,FHL,Fram,5,0,6,0.0015
2025-08-12,1,FHL,Fram,5,1,15,0.00375
2025-08-12,1,FHL,Fram,5,2,14,0.0035
2025-08-12,1,FHL,Fram,5,3,7,0.00175
2025-08-12,1,FHL,Fram,5,4,2,5e-4
2025-08-12,1,FHL,Fram,5,5,5,0.00125
2025-08-12,1,FHL,Fram,5,6,1,2.5e-4
2025-08-12,1,FHL,Fram,6,1,5,0.00125
2025-08-12,1,FHL,Fram,6,2,2,5e-4
2025-08-12,1,FHL,Fram,6,3,3,7.5e-4
2025-08-12,1,FHL,Fram,6,5,1,2.5e-4
2025-08-12,1,FHL,Fram,7,0,1,2.5e-4
2025-08-12,1,FHL,Fram,7,1,3,7.5e-4
2025-08-12,1,FHL,Fram,7,4,1,2.5e-4
2025-08-12,1,FHL,Fram,8,2,1,2.5e-4
2025-08-12,1,Víkingur R.,Breiðablik,0,0,71,0.01775
2025-08-12,1,Víkingur R.,Breiðablik,0,1,219,0.05475
2025-08-12,1,Víkingur R.,Breiðablik,0,2,323,0.08075
2025-08-12,1,Víkingur R.,Breiðablik,0,3,371,0.09275
2025-08-12,1,Víkingur R.,Breiðablik,0,4,290,0.0725
2025-08-12,1,Víkingur R.,Breiðablik,0,5,241,0.06025
2025-08-12,1,Víkingur R.,Breiðablik,0,6,166,0.0415
2025-08-12,1,Víkingur R.,Breiðablik,0,7,99,0.02475
2025-08-12,1,Víkingur R.,Breiðablik,0,8,54,0.0135
2025-08-12,1,Víkingur R.,Breiðablik,0,9,29,0.00725
2025-08-12,1,Víkingur R.,Breiðablik,0,10,19,0.00475
2025-08-12,1,Víkingur R.,Breiðablik,0,11,10,0.0025
2025-08-12,1,Víkingur R.,Breiðablik,0,12,2,5e-4
2025-08-12,1,Víkingur R.,Breiðablik,0,13,1,2.5e-4
2025-08-12,1,Víkingur R.,Breiðablik,0,14,1,2.5e-4
2025-08-12,1,Víkingur R.,Breiðablik,0,16,1,2.5e-4
2025-08-12,1,Víkingur R.,Breiðablik,1,0,49,0.01225
2025-08-12,1,Víkingur R.,Breiðablik,1,1,153,0.03825
2025-08-12,1,Víkingur R.,Breiðablik,1,2,224,0.056
2025-08-12,1,Víkingur R.,Breiðablik,1,3,269,0.06725
2025-08-12,1,Víkingur R.,Breiðablik,1,4,198,0.0495
2025-08-12,1,Víkingur R.,Breiðablik,1,5,151,0.03775
2025-08-12,1,Víkingur R.,Breiðablik,1,6,120,0.03
2025-08-12,1,Víkingur R.,Breiðablik,1,7,78,0.0195
2025-08-12,1,Víkingur R.,Breiðablik,1,8,45,0.01125
2025-08-12,1,Víkingur R.,Breiðablik,1,9,19,0.00475
2025-08-12,1,Víkingur R.,Breiðablik,1,10,13,0.00325
2025-08-12,1,Víkingur R.,Breiðablik,1,11,7,0.00175
2025-08-12,1,Víkingur R.,Breiðablik,1,12,4,0.001
2025-08-12,1,Víkingur R.,Breiðablik,1,13,1,2.5e-4
2025-08-12,1,Víkingur R.,Breiðablik,2,0,16,0.004
2025-08-12,1,Víkingur R.,Breiðablik,2,1,46,0.0115
2025-08-12,1,Víkingur R.,Breiðablik,2,2,84,0.021
2025-08-12,1,Víkingur R.,Breiðablik,2,3,95,0.02375
2025-08-12,1,Víkingur R.,Breiðablik,2,4,104,0.026
2025-08-12,1,Víkingur R.,Breiðablik,2,5,80,0.02
2025-08-12,1,Víkingur R.,Breiðablik,2,6,42,0.0105
2025-08-12,1,Víkingur R.,Breiðablik,2,7,34,0.0085
2025-08-12,1,Víkingur R.,Breiðablik,2,8,20,0.005
2025-08-12,1,Víkingur R.,Breiðablik,2,9,10,0.0025
2025-08-12,1,Víkingur R.,Breiðablik,2,10,3,7.5e-4
2025-08-12,1,Víkingur R.,Breiðablik,2,13,3,7.5e-4
2025-08-12,1,Víkingur R.,Breiðablik,2,14,1,2.5e-4
2025-08-12,1,Víkingur R.,Breiðablik,3,0,5,0.00125
2025-08-12,1,Víkingur R.,Breiðablik,3,1,13,0.00325
2025-08-12,1,Víkingur R.,Breiðablik,3,2,28,0.007
2025-08-12,1,Víkingur R.,Breiðablik,3,3,38,0.0095
2025-08-12,1,Víkingur R.,Breiðablik,3,4,30,0.0075
2025-08-12,1,Víkingur R.,Breiðablik,3,5,30,0.0075
2025-08-12,1,Víkingur R.,Breiðablik,3,6,18,0.0045
2025-08-12,1,Víkingur R.,Breiðablik,3,7,8,0.002
2025-08-12,1,Víkingur R.,Breiðablik,3,8,4,0.001
2025-08-12,1,Víkingur R.,Breiðablik,3,9,3,7.5e-4
2025-08-12,1,Víkingur R.,Breiðablik,3,10,1,2.5e-4
2025-08-12,1,Víkingur R.,Breiðablik,3,11,1,2.5e-4
2025-08-12,1,Víkingur R.,Breiðablik,3,15,1,2.5e-4
2025-08-12,1,Víkingur R.,Breiðablik,4,0,1,2.5e-4
2025-08-12,1,Víkingur R.,Breiðablik,4,1,5,0.00125
2025-08-12,1,Víkingur R.,Breiðablik,4,2,8,0.002
2025-08-12,1,Víkingur R.,Breiðablik,4,3,6,0.0015
2025-08-12,1,Víkingur R.,Breiðablik,4,4,8,0.002
2025-08-12,1,Víkingur R.,Breiðablik,4,5,4,0.001
2025-08-12,1,Víkingur R.,Breiðablik,4,6,3,7.5e-4
2025-08-12,1,Víkingur R.,Breiðablik,4,8,3,7.5e-4
2025-08-12,1,Víkingur R.,Breiðablik,4,9,2,5e-4
2025-08-12,1,Víkingur R.,Breiðablik,4,10,2,5e-4
2025-08-12,1,Víkingur R.,Breiðablik,5,3,1,2.5e-4
2025-08-12,1,Víkingur R.,Breiðablik,5,4,1,2.5e-4
2025-08-12,1,Víkingur R.,Breiðablik,5,5,2,5e-4
2025-08-12,1,Víkingur R.,Breiðablik,5,6,1,2.5e-4
2025-08-12,1,Víkingur R.,Breiðablik,5,7,1,2.5e-4
2025-08-12,1,Víkingur R.,Breiðablik,6,1,1,2.5e-4
2025-08-12,1,Víkingur R.,Breiðablik,6,3,1,2.5e-4
2025-08-12,1,Víkingur R.,Breiðablik,6,4,2,5e-4
2025-08-12,1,Víkingur R.,Breiðablik,6,8,1,2.5e-4
2025-08-12,1,Víkingur R.,Breiðablik,7,8,1,2.5e-4
2025-08-13,1,Valur,Stjarnan,0,0,453,0.11325
2025-08-13,1,Valur,Stjarnan,0,1,242,0.0605
2025-08-13,1,Valur,Stjarnan,0,2,78,0.0195
2025-08-13,1,Valur,Stjarnan,0,3,21,0.00525
2025-08-13,1,Valur,Stjarnan,0,4,3,7.5e-4
2025-08-13,1,Valur,Stjarnan,0,5,1,2.5e-4
2025-08-13,1,Valur,Stjarnan,1,0,574,0.1435
2025-08-13,1,Valur,Stjarnan,1,1,410,0.1025
2025-08-13,1,Valur,Stjarnan,1,2,142,0.0355
2025-08-13,1,Valur,Stjarnan,1,3,41,0.01025
2025-08-13,1,Valur,Stjarnan,1,4,11,0.00275
2025-08-13,1,Valur,Stjarnan,1,5,3,7.5e-4
2025-08-13,1,Valur,Stjarnan,2,0,494,0.1235
2025-08-13,1,Valur,Stjarnan,2,1,291,0.07275
2025-08-13,1,Valur,Stjarnan,2,2,115,0.02875
2025-08-13,1,Valur,Stjarnan,2,3,29,0.00725
2025-08-13,1,Valur,Stjarnan,2,4,9,0.00225
2025-08-13,1,Valur,Stjarnan,2,5,2,5e-4
2025-08-13,1,Valur,Stjarnan,2,6,1,2.5e-4
2025-08-13,1,Valur,Stjarnan,3,0,272,0.068
2025-08-13,1,Valur,Stjarnan,3,1,221,0.05525
2025-08-13,1,Valur,Stjarnan,3,2,72,0.018
2025-08-13,1,Valur,Stjarnan,3,3,22,0.0055
2025-08-13,1,Valur,Stjarnan,3,4,7,0.00175
2025-08-13,1,Valur,Stjarnan,4,0,161,0.04025
2025-08-13,1,Valur,Stjarnan,4,1,93,0.02325
2025-08-13,1,Valur,Stjarnan,4,2,44,0.011
2025-08-13,1,Valur,Stjarnan,4,3,7,0.00175
2025-08-13,1,Valur,Stjarnan,4,4,5,0.00125
2025-08-13,1,Valur,Stjarnan,5,0,49,0.01225
2025-08-13,1,Valur,Stjarnan,5,1,34,0.0085
2025-08-13,1,Valur,Stjarnan,5,2,14,0.0035
2025-08-13,1,Valur,Stjarnan,5,3,6,0.0015
2025-08-13,1,Valur,Stjarnan,5,4,1,2.5e-4
2025-08-13,1,Valur,Stjarnan,5,5,2,5e-4
2025-08-13,1,Valur,Stjarnan,6,0,25,0.00625
2025-08-13,1,Valur,Stjarnan,6,1,13,0.00325
2025-08-13,1,Valur,Stjarnan,6,2,7,0.00175
2025-08-13,1,Valur,Stjarnan,6,3,1,2.5e-4
2025-08-13,1,Valur,Stjarnan,7,0,4,0.001
2025-08-13,1,Valur,Stjarnan,7,1,5,0.00125
2025-08-13,1,Valur,Stjarnan,7,2,4,0.001
2025-08-13,1,Valur,Stjarnan,7,3,1,2.5e-4
2025-08-13,1,Valur,Stjarnan,7,6,1,2.5e-4
2025-08-13,1,Valur,Stjarnan,8,0,6,0.0015
2025-08-13,1,Valur,Stjarnan,9,0,2,5e-4
2025-08-13,1,Valur,Stjarnan,10,0,1,2.5e-4
2025-08-14,1,Tindastóll,Þróttur R.,0,0,164,0.041
2025-08-14,1,Tindastóll,Þróttur R.,0,1,330,0.0825
2025-08-14,1,Tindastóll,Þróttur R.,0,2,378,0.0945
2025-08-14,1,Tindastóll,Þróttur R.,0,3,293,0.07325
2025-08-14,1,Tindastóll,Þróttur R.,0,4,174,0.0435
2025-08-14,1,Tindastóll,Þróttur R.,0,5,113,0.02825
2025-08-14,1,Tindastóll,Þróttur R.,0,6,62,0.0155
2025-08-14,1,Tindastóll,Þróttur R.,0,7,29,0.00725
2025-08-14,1,Tindastóll,Þróttur R.,0,8,18,0.0045
2025-08-14,1,Tindastóll,Þróttur R.,0,9,8,0.002
2025-08-14,1,Tindastóll,Þróttur R.,0,10,3,7.5e-4
2025-08-14,1,Tindastóll,Þróttur R.,1,0,140,0.035
2025-08-14,1,Tindastóll,Þróttur R.,1,1,312,0.078
2025-08-14,1,Tindastóll,Þróttur R.,1,2,336,0.084
2025-08-14,1,Tindastóll,Þróttur R.,1,3,240,0.06
2025-08-14,1,Tindastóll,Þróttur R.,1,4,164,0.041
2025-08-14,1,Tindastóll,Þróttur R.,1,5,97,0.02425
2025-08-14,1,Tindastóll,Þróttur R.,1,6,59,0.01475
2025-08-14,1,Tindastóll,Þróttur R.,1,7,24,0.006
2025-08-14,1,Tindastóll,Þróttur R.,1,8,15,0.00375
2025-08-14,1,Tindastóll,Þróttur R.,1,9,4,0.001
2025-08-14,1,Tindastóll,Þróttur R.,1,10,5,0.00125
2025-08-14,1,Tindastóll,Þróttur R.,1,11,1,2.5e-4
2025-08-14,1,Tindastóll,Þróttur R.,2,0,49,0.01225
2025-08-14,1,Tindastóll,Þróttur R.,2,1,122,0.0305
2025-08-14,1,Tindastóll,Þróttur R.,2,2,150,0.0375
2025-08-14,1,Tindastóll,Þróttur R.,2,3,147,0.03675
2025-08-14,1,Tindastóll,Þróttur R.,2,4,76,0.019
2025-08-14,1,Tindastóll,Þróttur R.,2,5,59,0.01475
2025-08-14,1,Tindastóll,Þróttur R.,2,6,28,0.007
2025-08-14,1,Tindastóll,Þróttur R.,2,7,16,0.004
2025-08-14,1,Tindastóll,Þróttur R.,2,8,3,7.5e-4
2025-08-14,1,Tindastóll,Þróttur R.,2,9,2,5e-4
2025-08-14,1,Tindastóll,Þróttur R.,2,10,1,2.5e-4
2025-08-14,1,Tindastóll,Þróttur R.,2,11,1,2.5e-4
2025-08-14,1,Tindastóll,Þróttur R.,3,0,30,0.0075
2025-08-14,1,Tindastóll,Þróttur R.,3,1,48,0.012
2025-08-14,1,Tindastóll,Þróttur R.,3,2,53,0.01325
2025-08-14,1,Tindastóll,Þróttur R.,3,3,54,0.0135
2025-08-14,1,Tindastóll,Þróttur R.,3,4,41,0.01025
2025-08-14,1,Tindastóll,Þróttur R.,3,5,22,0.0055
2025-08-14,1,Tindastóll,Þróttur R.,3,6,6,0.0015
2025-08-14,1,Tindastóll,Þróttur R.,3,7,4,0.001
2025-08-14,1,Tindastóll,Þróttur R.,3,8,1,2.5e-4
2025-08-14,1,Tindastóll,Þróttur R.,4,0,6,0.0015
2025-08-14,1,Tindastóll,Þróttur R.,4,1,16,0.004
2025-08-14,1,Tindastóll,Þróttur R.,4,2,24,0.006
2025-08-14,1,Tindastóll,Þróttur R.,4,3,20,0.005
2025-08-14,1,Tindastóll,Þróttur R.,4,4,11,0.00275
2025-08-14,1,Tindastóll,Þróttur R.,4,5,6,0.0015
2025-08-14,1,Tindastóll,Þróttur R.,4,6,6,0.0015
2025-08-14,1,Tindastóll,Þróttur R.,4,7,3,7.5e-4
2025-08-14,1,Tindastóll,Þróttur R.,4,8,2,5e-4
2025-08-14,1,Tindastóll,Þróttur R.,5,1,5,0.00125
2025-08-14,1,Tindastóll,Þróttur R.,5,2,3,7.5e-4
2025-08-14,1,Tindastóll,Þróttur R.,5,3,4,0.001
2025-08-14,1,Tindastóll,Þróttur R.,5,4,3,7.5e-4
2025-08-14,1,Tindastóll,Þróttur R.,5,5,3,7.5e-4
2025-08-14,1,Tindastóll,Þróttur R.,5,6,1,2.5e-4
2025-08-14,1,Tindastóll,Þróttur R.,6,1,2,5e-4
2025-08-14,1,Tindastóll,Þróttur R.,6,5,2,5e-4
2025-08-14,1,Tindastóll,Þróttur R.,7,2,1,2.5e-4
2025-08-20,1,Fram,Víkingur R.,0,0,214,0.0535
2025-08-20,1,Fram,Víkingur R.,0,1,227,0.05675
2025-08-20,1,Fram,Víkingur R.,0,2,188,0.047
2025-08-20,1,Fram,Víkingur R.,0,3,92,0.023
2025-08-20,1,Fram,Víkingur R.,0,4,51,0.01275
2025-08-20,1,Fram,Víkingur R.,0,5,27,0.00675
2025-08-20,1,Fram,Víkingur R.,0,6,9,0.00225
2025-08-20,1,Fram,Víkingur R.,0,7,5,0.00125
2025-08-20,1,Fram,Víkingur R.,0,8,2,5e-4
2025-08-20,1,Fram,Víkingur R.,1,0,226,0.0565
2025-08-20,1,Fram,Víkingur R.,1,1,377,0.09425
2025-08-20,1,Fram,Víkingur R.,1,2,266,0.0665
2025-08-20,1,Fram,Víkingur R.,1,3,158,0.0395
2025-08-20,1,Fram,Víkingur R.,1,4,79,0.01975
2025-08-20,1,Fram,Víkingur R.,1,5,32,0.008
2025-08-20,1,Fram,Víkingur R.,1,6,8,0.002
2025-08-20,1,Fram,Víkingur R.,1,7,3,7.5e-4
2025-08-20,1,Fram,Víkingur R.,1,9,1,2.5e-4
2025-08-20,1,Fram,Víkingur R.,2,0,180,0.045
2025-08-20,1,Fram,Víkingur R.,2,1,276,0.069
2025-08-20,1,Fram,Víkingur R.,2,2,266,0.0665
2025-08-20,1,Fram,Víkingur R.,2,3,131,0.03275
2025-08-20,1,Fram,Víkingur R.,2,4,70,0.0175
2025-08-20,1,Fram,Víkingur R.,2,5,30,0.0075
2025-08-20,1,Fram,Víkingur R.,2,6,17,0.00425
2025-08-20,1,Fram,Víkingur R.,2,7,1,2.5e-4
2025-08-20,1,Fram,Víkingur R.,2,8,3,7.5e-4
2025-08-20,1,Fram,Víkingur R.,3,0,89,0.02225
2025-08-20,1,Fram,Víkingur R.,3,1,144,0.036
2025-08-20,1,Fram,Víkingur R.,3,2,151,0.03775
2025-08-20,1,Fram,Víkingur R.,3,3,94,0.0235
2025-08-20,1,Fram,Víkingur R.,3,4,43,0.01075
2025-08-20,1,Fram,Víkingur R.,3,5,15,0.00375
2025-08-20,1,Fram,Víkingur R.,3,6,9,0.00225
2025-08-20,1,Fram,Víkingur R.,3,7,1,2.5e-4
2025-08-20,1,Fram,Víkingur R.,3,8,1,2.5e-4
2025-08-20,1,Fram,Víkingur R.,3,9,2,5e-4
2025-08-20,1,Fram,Víkingur R.,4,0,62,0.0155
2025-08-20,1,Fram,Víkingur R.,4,1,87,0.02175
2025-08-20,1,Fram,Víkingur R.,4,2,80,0.02
2025-08-20,1,Fram,Víkingur R.,4,3,49,0.01225
2025-08-20,1,Fram,Víkingur R.,4,4,14,0.0035
2025-08-20,1,Fram,Víkingur R.,4,5,10,0.0025
2025-08-20,1,Fram,Víkingur R.,4,6,5,0.00125
2025-08-20,1,Fram,Víkingur R.,4,7,3,7.5e-4
2025-08-20,1,Fram,Víkingur R.,4,8,1,2.5e-4
2025-08-20,1,Fram,Víkingur R.,4,9,1,2.5e-4
2025-08-20,1,Fram,Víkingur R.,5,0,20,0.005
2025-08-20,1,Fram,Víkingur R.,5,1,33,0.00825
2025-08-20,1,Fram,Víkingur R.,5,2,29,0.00725
2025-08-20,1,Fram,Víkingur R.,5,3,14,0.0035
2025-08-20,1,Fram,Víkingur R.,5,4,12,0.003
2025-08-20,1,Fram,Víkingur R.,5,5,4,0.001
2025-08-20,1,Fram,Víkingur R.,5,6,5,0.00125
2025-08-20,1,Fram,Víkingur R.,5,7,1,2.5e-4
2025-08-20,1,Fram,Víkingur R.,6,0,8,0.002
2025-08-20,1,Fram,Víkingur R.,6,1,17,0.00425
2025-08-20,1,Fram,Víkingur R.,6,2,13,0.00325
2025-08-20,1,Fram,Víkingur R.,6,3,7,0.00175
2025-08-20,1,Fram,Víkingur R.,6,4,2,5e-4
2025-08-20,1,Fram,Víkingur R.,6,5,1,2.5e-4
2025-08-20,1,Fram,Víkingur R.,6,6,1,2.5e-4
2025-08-20,1,Fram,Víkingur R.,6,7,2,5e-4
2025-08-20,1,Fram,Víkingur R.,7,0,2,5e-4
2025-08-20,1,Fram,Víkingur R.,7,1,4,0.001
2025-08-20,1,Fram,Víkingur R.,7,2,5,0.00125
2025-08-20,1,Fram,Víkingur R.,7,3,4,0.001
2025-08-20,1,Fram,Víkingur R.,7,4,3,7.5e-4
2025-08-20,1,Fram,Víkingur R.,7,5,1,2.5e-4
2025-08-20,1,Fram,Víkingur R.,8,0,1,2.5e-4
2025-08-20,1,Fram,Víkingur R.,8,1,2,5e-4
2025-08-20,1,Fram,Víkingur R.,8,2,1,2.5e-4
2025-08-20,1,Fram,Víkingur R.,8,4,4,0.001
2025-08-20,1,Fram,Víkingur R.,9,3,1,2.5e-4
2025-08-20,1,Fram,Víkingur R.,9,4,2,5e-4
2025-08-20,1,Fram,Víkingur R.,11,2,1,2.5e-4
2025-08-20,1,Þróttur R.,Valur,0,0,359,0.08975
2025-08-20,1,Þróttur R.,Valur,0,1,313,0.07825
2025-08-20,1,Þróttur R.,Valur,0,2,130,0.0325
2025-08-20,1,Þróttur R.,Valur,0,3,45,0.01125
2025-08-20,1,Þróttur R.,Valur,0,4,11,0.00275
2025-08-20,1,Þróttur R.,Valur,0,5,2,5e-4
2025-08-20,1,Þróttur R.,Valur,1,0,538,0.1345
2025-08-20,1,Þróttur R.,Valur,1,1,419,0.10475
2025-08-20,1,Þróttur R.,Valur,1,2,198,0.0495
2025-08-20,1,Þróttur R.,Valur,1,3,69,0.01725
2025-08-20,1,Þróttur R.,Valur,1,4,14,0.0035
2025-08-20,1,Þróttur R.,Valur,1,5,5,0.00125
2025-08-20,1,Þróttur R.,Valur,1,6,1,2.5e-4
2025-08-20,1,Þróttur R.,Valur,2,0,405,0.10125
2025-08-20,1,Þróttur R.,Valur,2,1,306,0.0765
2025-08-20,1,Þróttur R.,Valur,2,2,144,0.036
2025-08-20,1,Þróttur R.,Valur,2,3,57,0.01425
2025-08-20,1,Þróttur R.,Valur,2,4,17,0.00425
2025-08-20,1,Þróttur R.,Valur,2,5,1,2.5e-4
2025-08-20,1,Þróttur R.,Valur,3,0,227,0.05675
2025-08-20,1,Þróttur R.,Valur,3,1,166,0.0415
2025-08-20,1,Þróttur R.,Valur,3,2,93,0.02325
2025-08-20,1,Þróttur R.,Valur,3,3,39,0.00975
2025-08-20,1,Þróttur R.,Valur,3,4,12,0.003
2025-08-20,1,Þróttur R.,Valur,3,5,1,2.5e-4
2025-08-20,1,Þróttur R.,Valur,3,6,1,2.5e-4
2025-08-20,1,Þróttur R.,Valur,4,0,111,0.02775
2025-08-20,1,Þróttur R.,Valur,4,1,78,0.0195
2025-08-20,1,Þróttur R.,Valur,4,2,41,0.01025
2025-08-20,1,Þróttur R.,Valur,4,3,15,0.00375
2025-08-20,1,Þróttur R.,Valur,4,4,5,0.00125
2025-08-20,1,Þróttur R.,Valur,5,0,45,0.01125
2025-08-20,1,Þróttur R.,Valur,5,1,38,0.0095
2025-08-20,1,Þróttur R.,Valur,5,2,14,0.0035
2025-08-20,1,Þróttur R.,Valur,5,3,6,0.0015
2025-08-20,1,Þróttur R.,Valur,5,4,1,2.5e-4
2025-08-20,1,Þróttur R.,Valur,5,5,2,5e-4
2025-08-20,1,Þróttur R.,Valur,6,0,24,0.006
2025-08-20,1,Þróttur R.,Valur,6,1,14,0.0035
2025-08-20,1,Þróttur R.,Valur,6,2,5,0.00125
2025-08-20,1,Þróttur R.,Valur,6,3,1,2.5e-4
2025-08-20,1,Þróttur R.,Valur,7,0,10,0.0025
2025-08-20,1,Þróttur R.,Valur,7,1,2,5e-4
2025-08-20,1,Þróttur R.,Valur,7,2,5,0.00125
2025-08-20,1,Þróttur R.,Valur,8,0,2,5e-4
2025-08-20,1,Þróttur R.,Valur,8,1,3,7.5e-4
2025-08-20,1,Þróttur R.,Valur,8,4,1,2.5e-4
2025-08-20,1,Þróttur R.,Valur,9,0,1,2.5e-4
2025-08-20,1,Þróttur R.,Valur,9,2,1,2.5e-4
2025-08-20,1,Þróttur R.,Valur,10,4,1,2.5e-4
2025-08-20,1,Þróttur R.,Valur,14,2,1,2.5e-4
2025-08-21,1,Stjarnan,FH,0,0,269,0.06725
2025-08-21,1,Stjarnan,FH,0,1,319,0.07975
2025-08-21,1,Stjarnan,FH,0,2,307,0.07675
2025-08-21,1,Stjarnan,FH,0,3,175,0.04375
2025-08-21,1,Stjarnan,FH,0,4,96,0.024
2025-08-21,1,Stjarnan,FH,0,5,45,0.01125
2025-08-21,1,Stjarnan,FH,0,6,13,0.00325
2025-08-21,1,Stjarnan,FH,0,7,7,0.00175
2025-08-21,1,Stjarnan,FH,0,8,4,0.001
2025-08-21,1,Stjarnan,FH,0,10,1,2.5e-4
2025-08-21,1,Stjarnan,FH,1,0,216,0.054
2025-08-21,1,Stjarnan,FH,1,1,404,0.101
2025-08-21,1,Stjarnan,FH,1,2,311,0.07775
2025-08-21,1,Stjarnan,FH,1,3,197,0.04925
2025-08-21,1,Stjarnan,FH,1,4,101,0.02525
2025-08-21,1,Stjarnan,FH,1,5,56,0.014
2025-08-21,1,Stjarnan,FH,1,6,15,0.00375
2025-08-21,1,Stjarnan,FH,1,7,9,0.00225
2025-08-21,1,Stjarnan,FH,1,8,3,7.5e-4
2025-08-21,1,Stjarnan,FH,1,9,1,2.5e-4
2025-08-21,1,Stjarnan,FH,1,10,2,5e-4
2025-08-21,1,Stjarnan,FH,2,0,135,0.03375
2025-08-21,1,Stjarnan,FH,2,1,241,0.06025
2025-08-21,1,Stjarnan,FH,2,2,217,0.05425
2025-08-21,1,Stjarnan,FH,2,3,129,0.03225
2025-08-21,1,Stjarnan,FH,2,4,55,0.01375
2025-08-21,1,Stjarnan,FH,2,5,23,0.00575
2025-08-21,1,Stjarnan,FH,2,6,19,0.00475
2025-08-21,1,Stjarnan,FH,2,7,4,0.001
2025-08-21,1,Stjarnan,FH,2,8,4,0.001
2025-08-21,1,Stjarnan,FH,3,0,65,0.01625
2025-08-21,1,Stjarnan,FH,3,1,103,0.02575
2025-08-21,1,Stjarnan,FH,3,2,88,0.022
2025-08-21,1,Stjarnan,FH,3,3,72,0.018
2025-08-21,1,Stjarnan,FH,3,4,29,0.00725
2025-08-21,1,Stjarnan,FH,3,5,17,0.00425
2025-08-21,1,Stjarnan,FH,3,6,8,0.002
2025-08-21,1,Stjarnan,FH,3,7,1,2.5e-4
2025-08-21,1,Stjarnan,FH,3,8,1,2.5e-4
2025-08-21,1,Stjarnan,FH,4,0,21,0.00525
2025-08-21,1,Stjarnan,FH,4,1,36,0.009
2025-08-21,1,Stjarnan,FH,4,2,45,0.01125
2025-08-21,1,Stjarnan,FH,4,3,26,0.0065
2025-08-21,1,Stjarnan,FH,4,4,15,0.00375
2025-08-21,1,Stjarnan,FH,4,5,6,0.0015
2025-08-21,1,Stjarnan,FH,4,7,1,2.5e-4
2025-08-21,1,Stjarnan,FH,5,0,8,0.002
2025-08-21,1,Stjarnan,FH,5,1,21,0.00525
2025-08-21,1,Stjarnan,FH,5,2,12,0.003
2025-08-21,1,Stjarnan,FH,5,3,12,0.003
2025-08-21,1,Stjarnan,FH,5,4,3,7.5e-4
2025-08-21,1,Stjarnan,FH,5,5,5,0.00125
2025-08-21,1,Stjarnan,FH,5,7,1,2.5e-4
2025-08-21,1,Stjarnan,FH,6,0,2,5e-4
2025-08-21,1,Stjarnan,FH,6,1,5,0.00125
2025-08-21,1,Stjarnan,FH,6,2,5,0.00125
2025-08-21,1,Stjarnan,FH,6,3,3,7.5e-4
2025-08-21,1,Stjarnan,FH,6,4,3,7.5e-4
2025-08-21,1,Stjarnan,FH,7,0,2,5e-4
2025-08-21,1,Stjarnan,FH,7,1,2,5e-4
2025-08-21,1,Stjarnan,FH,7,2,2,5e-4
2025-08-21,1,Stjarnan,FH,7,5,1,2.5e-4
2025-08-21,1,Stjarnan,FH,7,7,1,2.5e-4
2025-08-21,1,Þór/KA,FHL,0,0,104,0.026
2025-08-21,1,Þór/KA,FHL,0,1,52,0.013
2025-08-21,1,Þór/KA,FHL,0,2,8,0.002
2025-08-21,1,Þór/KA,FHL,0,4,1,2.5e-4
2025-08-21,1,Þór/KA,FHL,1,0,265,0.06625
2025-08-21,1,Þór/KA,FHL,1,1,111,0.02775
2025-08-21,1,Þór/KA,FHL,1,2,27,0.00675
2025-08-21,1,Þór/KA,FHL,1,3,8,0.002
2025-08-21,1,Þór/KA,FHL,1,4,1,2.5e-4
2025-08-21,1,Þór/KA,FHL,1,5,1,2.5e-4
2025-08-21,1,Þór/KA,FHL,2,0,419,0.10475
2025-08-21,1,Þór/KA,FHL,2,1,182,0.0455
2025-08-21,1,Þór/KA,FHL,2,2,47,0.01175
2025-08-21,1,Þór/KA,FHL,2,3,12,0.003
2025-08-21,1,Þór/KA,FHL,2,4,2,5e-4
2025-08-21,1,Þór/KA,FHL,2,5,1,2.5e-4
2025-08-21,1,Þór/KA,FHL,2,6,1,2.5e-4
2025-08-21,1,Þór/KA,FHL,3,0,442,0.1105
2025-08-21,1,Þór/KA,FHL,3,1,222,0.0555
2025-08-21,1,Þór/KA,FHL,3,2,58,0.0145
2025-08-21,1,Þór/KA,FHL,3,3,12,0.003
2025-08-21,1,Þór/KA,FHL,3,4,1,2.5e-4
2025-08-21,1,Þór/KA,FHL,3,5,2,5e-4
2025-08-21,1,Þór/KA,FHL,4,0,381,0.09525
2025-08-21,1,Þór/KA,FHL,4,1,177,0.04425
2025-08-21,1,Þór/KA,FHL,4,2,48,0.012
2025-08-21,1,Þór/KA,FHL,4,3,14,0.0035
2025-08-21,1,Þór/KA,FHL,4,4,2,5e-4
2025-08-21,1,Þór/KA,FHL,5,0,306,0.0765
2025-08-21,1,Þór/KA,FHL,5,1,137,0.03425
2025-08-21,1,Þór/KA,FHL,5,2,45,0.01125
2025-08-21,1,Þór/KA,FHL,5,3,11,0.00275
2025-08-21,1,Þór/KA,FHL,5,4,1,2.5e-4
2025-08-21,1,Þór/KA,FHL,6,0,220,0.055
2025-08-21,1,Þór/KA,FHL,6,1,106,0.0265
2025-08-21,1,Þór/KA,FHL,6,2,25,0.00625
2025-08-21,1,Þór/KA,FHL,6,3,8,0.002
2025-08-21,1,Þór/KA,FHL,7,0,142,0.0355
2025-08-21,1,Þór/KA,FHL,7,1,67,0.01675
2025-08-21,1,Þór/KA,FHL,7,2,14,0.0035
2025-08-21,1,Þór/KA,FHL,7,3,3,7.5e-4
2025-08-21,1,Þór/KA,FHL,7,4,1,2.5e-4
2025-08-21,1,Þór/KA,FHL,8,0,87,0.02175
2025-08-21,1,Þór/KA,FHL,8,1,47,0.01175
2025-08-21,1,Þór/KA,FHL,8,2,7,0.00175
2025-08-21,1,Þór/KA,FHL,8,3,1,2.5e-4
2025-08-21,1,Þór/KA,FHL,8,4,2,5e-4
2025-08-21,1,Þór/KA,FHL,9,0,43,0.01075
2025-08-21,1,Þór/KA,FHL,9,1,17,0.00425
2025-08-21,1,Þór/KA,FHL,9,2,5,0.00125
2025-08-21,1,Þór/KA,FHL,9,3,1,2.5e-4
2025-08-21,1,Þór/KA,FHL,10,0,31,0.00775
2025-08-21,1,Þór/KA,FHL,10,1,18,0.0045
2025-08-21,1,Þór/KA,FHL,10,2,2,5e-4
2025-08-21,1,Þór/KA,FHL,10,3,1,2.5e-4
2025-08-21,1,Þór/KA,FHL,10,4,1,2.5e-4
2025-08-21,1,Þór/KA,FHL,11,0,13,0.00325
2025-08-21,1,Þór/KA,FHL,11,1,9,0.00225
2025-08-21,1,Þór/KA,FHL,11,2,4,0.001
2025-08-21,1,Þór/KA,FHL,12,0,5,0.00125
2025-08-21,1,Þór/KA,FHL,12,1,1,2.5e-4
2025-08-21,1,Þór/KA,FHL,12,2,2,5e-4
2025-08-21,1,Þór/KA,FHL,12,3,1,2.5e-4
2025-08-21,1,Þór/KA,FHL,13,0,2,5e-4
2025-08-21,1,Þór/KA,FHL,13,1,3,7.5e-4
2025-08-21,1,Þór/KA,FHL,13,3,1,2.5e-4
2025-08-21,1,Þór/KA,FHL,13,4,1,2.5e-4
2025-08-21,1,Þór/KA,FHL,14,0,4,0.001
2025-08-21,1,Þór/KA,FHL,14,1,1,2.5e-4
2025-08-21,1,Þór/KA,FHL,15,0,1,2.5e-4
2025-08-21,1,Þór/KA,FHL,15,2,1,2.5e-4
2025-08-21,1,Þór/KA,FHL,20,0,1,2.5e-4
2025-08-22,1,Breiðablik,Tindastóll,0,0,20,0.005
2025-08-22,1,Breiðablik,Tindastóll,0,1,8,0.002
2025-08-22,1,Breiðablik,Tindastóll,0,2,3,7.5e-4
2025-08-22,1,Breiðablik,Tindastóll,1,0,102,0.0255
2025-08-22,1,Breiðablik,Tindastóll,1,1,66,0.0165
2025-08-22,1,Breiðablik,Tindastóll,1,2,13,0.00325
2025-08-22,1,Breiðablik,Tindastóll,1,3,5,0.00125
2025-08-22,1,Breiðablik,Tindastóll,1,4,1,2.5e-4
2025-08-22,1,Breiðablik,Tindastóll,2,0,214,0.0535
2025-08-22,1,Breiðablik,Tindastóll,2,1,107,0.02675
2025-08-22,1,Breiðablik,Tindastóll,2,2,24,0.006
2025-08-22,1,Breiðablik,Tindastóll,2,3,5,0.00125
2025-08-22,1,Breiðablik,Tindastóll,3,0,266,0.0665
2025-08-22,1,Breiðablik,Tindastóll,3,1,144,0.036
2025-08-22,1,Breiðablik,Tindastóll,3,2,30,0.0075
2025-08-22,1,Breiðablik,Tindastóll,3,3,10,0.0025
2025-08-22,1,Breiðablik,Tindastóll,3,4,2,5e-4
2025-08-22,1,Breiðablik,Tindastóll,4,0,345,0.08625
2025-08-22,1,Breiðablik,Tindastóll,4,1,154,0.0385
2025-08-22,1,Breiðablik,Tindastóll,4,2,60,0.015
2025-08-22,1,Breiðablik,Tindastóll,4,3,14,0.0035
2025-08-22,1,Breiðablik,Tindastóll,4,4,2,5e-4
2025-08-22,1,Breiðablik,Tindastóll,5,0,347,0.08675
2025-08-22,1,Breiðablik,Tindastóll,5,1,179,0.04475
2025-08-22,1,Breiðablik,Tindastóll,5,2,55,0.01375
2025-08-22,1,Breiðablik,Tindastóll,5,3,10,0.0025
2025-08-22,1,Breiðablik,Tindastóll,5,4,4,0.001
2025-08-22,1,Breiðablik,Tindastóll,6,0,286,0.0715
2025-08-22,1,Breiðablik,Tindastóll,6,1,151,0.03775
2025-08-22,1,Breiðablik,Tindastóll,6,2,45,0.01125
2025-08-22,1,Breiðablik,Tindastóll,6,3,11,0.00275
2025-08-22,1,Breiðablik,Tindastóll,7,0,242,0.0605
2025-08-22,1,Breiðablik,Tindastóll,7,1,132,0.033
2025-08-22,1,Breiðablik,Tindastóll,7,2,35,0.00875
2025-08-22,1,Breiðablik,Tindastóll,7,3,3,7.5e-4
2025-08-22,1,Breiðablik,Tindastóll,7,4,1,2.5e-4
2025-08-22,1,Breiðablik,Tindastóll,8,0,163,0.04075
2025-08-22,1,Breiðablik,Tindastóll,8,1,106,0.0265
2025-08-22,1,Breiðablik,Tindastóll,8,2,17,0.00425
2025-08-22,1,Breiðablik,Tindastóll,8,3,10,0.0025
2025-08-22,1,Breiðablik,Tindastóll,8,4,1,2.5e-4
2025-08-22,1,Breiðablik,Tindastóll,9,0,135,0.03375
2025-08-22,1,Breiðablik,Tindastóll,9,1,77,0.01925
2025-08-22,1,Breiðablik,Tindastóll,9,2,16,0.004
2025-08-22,1,Breiðablik,Tindastóll,9,3,3,7.5e-4
2025-08-22,1,Breiðablik,Tindastóll,9,4,1,2.5e-4
2025-08-22,1,Breiðablik,Tindastóll,10,0,85,0.02125
2025-08-22,1,Breiðablik,Tindastóll,10,1,42,0.0105
2025-08-22,1,Breiðablik,Tindastóll,10,2,13,0.00325
2025-08-22,1,Breiðablik,Tindastóll,11,0,47,0.01175
2025-08-22,1,Breiðablik,Tindastóll,11,1,27,0.00675
2025-08-22,1,Breiðablik,Tindastóll,11,2,5,0.00125
2025-08-22,1,Breiðablik,Tindastóll,11,3,2,5e-4
2025-08-22,1,Breiðablik,Tindastóll,12,0,35,0.00875
2025-08-22,1,Breiðablik,Tindastóll,12,1,16,0.004
2025-08-22,1,Breiðablik,Tindastóll,12,2,5,0.00125
2025-08-22,1,Breiðablik,Tindastóll,12,3,2,5e-4
2025-08-22,1,Breiðablik,Tindastóll,13,0,23,0.00575
2025-08-22,1,Breiðablik,Tindastóll,13,1,13,0.00325
2025-08-22,1,Breiðablik,Tindastóll,13,2,1,2.5e-4
2025-08-22,1,Breiðablik,Tindastóll,14,0,20,0.005
2025-08-22,1,Breiðablik,Tindastóll,14,1,8,0.002
2025-08-22,1,Breiðablik,Tindastóll,14,2,1,2.5e-4
2025-08-22,1,Breiðablik,Tindastóll,15,0,5,0.00125
2025-08-22,1,Breiðablik,Tindastóll,15,1,4,0.001
2025-08-22,1,Breiðablik,Tindastóll,15,3,2,5e-4
2025-08-22,1,Breiðablik,Tindastóll,16,0,6,0.0015
2025-08-22,1,Breiðablik,Tindastóll,17,0,3,7.5e-4
2025-08-22,1,Breiðablik,Tindastóll,17,1,1,2.5e-4
2025-08-22,1,Breiðablik,Tindastóll,18,0,3,7.5e-4
2025-08-22,1,Breiðablik,Tindastóll,18,1,1,2.5e-4
2025-08-22,1,Breiðablik,Tindastóll,19,1,2,5e-4
2025-08-22,1,Breiðablik,Tindastóll,19,2,1,2.5e-4
2025-08-22,1,Breiðablik,Tindastóll,20,0,1,2.5e-4
2025-08-22,1,Breiðablik,Tindastóll,23,1,1,2.5e-4
2025-08-28,1,FH,Þróttur R.,0,0,270,0.0675
2025-08-28,1,FH,Þróttur R.,0,1,311,0.07775
2025-08-28,1,FH,Þróttur R.,0,2,227,0.05675
2025-08-28,1,FH,Þróttur R.,0,3,124,0.031
2025-08-28,1,FH,Þróttur R.,0,4,62,0.0155
2025-08-28,1,FH,Þróttur R.,0,5,32,0.008
2025-08-28,1,FH,Þróttur R.,0,6,12,0.003
2025-08-28,1,FH,Þróttur R.,0,7,3,7.5e-4
2025-08-28,1,FH,Þróttur R.,1,0,264,0.066
2025-08-28,1,FH,Þróttur R.,1,1,404,0.101
2025-08-28,1,FH,Þróttur R.,1,2,294,0.0735
2025-08-28,1,FH,Þróttur R.,1,3,190,0.0475
2025-08-28,1,FH,Þróttur R.,1,4,74,0.0185
2025-08-28,1,FH,Þróttur R.,1,5,31,0.00775
2025-08-28,1,FH,Þróttur R.,1,6,17,0.00425
2025-08-28,1,FH,Þróttur R.,1,7,5,0.00125
2025-08-28,1,FH,Þróttur R.,2,0,175,0.04375
2025-08-28,1,FH,Þróttur R.,2,1,268,0.067
2025-08-28,1,FH,Þróttur R.,2,2,224,0.056
2025-08-28,1,FH,Þróttur R.,2,3,130,0.0325
2025-08-28,1,FH,Þróttur R.,2,4,60,0.015
2025-08-28,1,FH,Þróttur R.,2,5,26,0.0065
2025-08-28,1,FH,Þróttur R.,2,6,6,0.0015
2025-08-28,1,FH,Þróttur R.,2,7,4,0.001
2025-08-28,1,FH,Þróttur R.,2,8,1,2.5e-4
2025-08-28,1,FH,Þróttur R.,2,11,1,2.5e-4
2025-08-28,1,FH,Þróttur R.,3,0,83,0.02075
2025-08-28,1,FH,Þróttur R.,3,1,146,0.0365
2025-08-28,1,FH,Þróttur R.,3,2,112,0.028
2025-08-28,1,FH,Þróttur R.,3,3,72,0.018
2025-08-28,1,FH,Þróttur R.,3,4,32,0.008
2025-08-28,1,FH,Þróttur R.,3,5,8,0.002
2025-08-28,1,FH,Þróttur R.,3,6,4,0.001
2025-08-28,1,FH,Þróttur R.,3,7,1,2.5e-4
2025-08-28,1,FH,Þróttur R.,3,8,1,2.5e-4
2025-08-28,1,FH,Þróttur R.,4,0,37,0.00925
2025-08-28,1,FH,Þróttur R.,4,1,50,0.0125
2025-08-28,1,FH,Þróttur R.,4,2,61,0.01525
2025-08-28,1,FH,Þróttur R.,4,3,32,0.008
2025-08-28,1,FH,Þróttur R.,4,4,13,0.00325
2025-08-28,1,FH,Þróttur R.,4,5,7,0.00175
2025-08-28,1,FH,Þróttur R.,4,6,3,7.5e-4
2025-08-28,1,FH,Þróttur R.,4,7,1,2.5e-4
2025-08-28,1,FH,Þróttur R.,5,0,13,0.00325
2025-08-28,1,FH,Þróttur R.,5,1,23,0.00575
2025-08-28,1,FH,Þróttur R.,5,2,24,0.006
2025-08-28,1,FH,Þróttur R.,5,3,11,0.00275
2025-08-28,1,FH,Þróttur R.,5,4,7,0.00175
2025-08-28,1,FH,Þróttur R.,5,5,3,7.5e-4
2025-08-28,1,FH,Þróttur R.,5,6,1,2.5e-4
2025-08-28,1,FH,Þróttur R.,6,0,4,0.001
2025-08-28,1,FH,Þróttur R.,6,1,10,0.0025
2025-08-28,1,FH,Þróttur R.,6,2,6,0.0015
2025-08-28,1,FH,Þróttur R.,6,3,7,0.00175
2025-08-28,1,FH,Þróttur R.,6,4,1,2.5e-4
2025-08-28,1,FH,Þróttur R.,6,5,1,2.5e-4
2025-08-28,1,FH,Þróttur R.,7,1,1,2.5e-4
2025-08-28,1,FH,Þróttur R.,7,3,3,7.5e-4
2025-08-28,1,FH,Þróttur R.,7,4,1,2.5e-4
2025-08-28,1,FH,Þróttur R.,8,0,3,7.5e-4
2025-08-28,1,FH,Þróttur R.,8,2,1,2.5e-4
2025-08-28,1,FH,Þróttur R.,8,4,2,5e-4
2025-08-28,1,Tindastóll,Víkingur R.,0,0,166,0.0415
2025-08-28,1,Tindastóll,Víkingur R.,0,1,219,0.05475
2025-08-28,1,Tindastóll,Víkingur R.,0,2,171,0.04275
2025-08-28,1,Tindastóll,Víkingur R.,0,3,110,0.0275
2025-08-28,1,Tindastóll,Víkingur R.,0,4,46,0.0115
2025-08-28,1,Tindastóll,Víkingur R.,0,5,22,0.0055
2025-08-28,1,Tindastóll,Víkingur R.,0,6,6,0.0015
2025-08-28,1,Tindastóll,Víkingur R.,0,7,4,0.001
2025-08-28,1,Tindastóll,Víkingur R.,1,0,208,0.052
2025-08-28,1,Tindastóll,Víkingur R.,1,1,376,0.094
2025-08-28,1,Tindastóll,Víkingur R.,1,2,275,0.06875
2025-08-28,1,Tindastóll,Víkingur R.,1,3,141,0.03525
2025-08-28,1,Tindastóll,Víkingur R.,1,4,96,0.024
2025-08-28,1,Tindastóll,Víkingur R.,1,5,39,0.00975
2025-08-28,1,Tindastóll,Víkingur R.,1,6,9,0.00225
2025-08-28,1,Tindastóll,Víkingur R.,1,7,1,2.5e-4
2025-08-28,1,Tindastóll,Víkingur R.,1,8,2,5e-4
2025-08-28,1,Tindastóll,Víkingur R.,1,10,1,2.5e-4
2025-08-28,1,Tindastóll,Víkingur R.,2,0,203,0.05075
2025-08-28,1,Tindastóll,Víkingur R.,2,1,254,0.0635
2025-08-28,1,Tindastóll,Víkingur R.,2,2,234,0.0585
2025-08-28,1,Tindastóll,Víkingur R.,2,3,134,0.0335
2025-08-28,1,Tindastóll,Víkingur R.,2,4,66,0.0165
2025-08-28,1,Tindastóll,Víkingur R.,2,5,30,0.0075
2025-08-28,1,Tindastóll,Víkingur R.,2,6,23,0.00575
2025-08-28,1,Tindastóll,Víkingur R.,2,7,4,0.001
2025-08-28,1,Tindastóll,Víkingur R.,2,8,1,2.5e-4
2025-08-28,1,Tindastóll,Víkingur R.,2,9,1,2.5e-4
2025-08-28,1,Tindastóll,Víkingur R.,3,0,97,0.02425
2025-08-28,1,Tindastóll,Víkingur R.,3,1,207,0.05175
2025-08-28,1,Tindastóll,Víkingur R.,3,2,153,0.03825
2025-08-28,1,Tindastóll,Víkingur R.,3,3,94,0.0235
2025-08-28,1,Tindastóll,Víkingur R.,3,4,48,0.012
2025-08-28,1,Tindastóll,Víkingur R.,3,5,20,0.005
2025-08-28,1,Tindastóll,Víkingur R.,3,6,7,0.00175
2025-08-28,1,Tindastóll,Víkingur R.,3,7,2,5e-4
2025-08-28,1,Tindastóll,Víkingur R.,3,8,2,5e-4
2025-08-28,1,Tindastóll,Víkingur R.,3,9,1,2.5e-4
2025-08-28,1,Tindastóll,Víkingur R.,4,0,38,0.0095
2025-08-28,1,Tindastóll,Víkingur R.,4,1,78,0.0195
2025-08-28,1,Tindastóll,Víkingur R.,4,2,63,0.01575
2025-08-28,1,Tindastóll,Víkingur R.,4,3,43,0.01075
2025-08-28,1,Tindastóll,Víkingur R.,4,4,23,0.00575
2025-08-28,1,Tindastóll,Víkingur R.,4,5,8,0.002
2025-08-28,1,Tindastóll,Víkingur R.,4,6,8,0.002
2025-08-28,1,Tindastóll,Víkingur R.,4,7,2,5e-4
2025-08-28,1,Tindastóll,Víkingur R.,4,10,1,2.5e-4
2025-08-28,1,Tindastóll,Víkingur R.,5,0,21,0.00525
2025-08-28,1,Tindastóll,Víkingur R.,5,1,48,0.012
2025-08-28,1,Tindastóll,Víkingur R.,5,2,44,0.011
2025-08-28,1,Tindastóll,Víkingur R.,5,3,33,0.00825
2025-08-28,1,Tindastóll,Víkingur R.,5,4,9,0.00225
2025-08-28,1,Tindastóll,Víkingur R.,5,5,10,0.0025
2025-08-28,1,Tindastóll,Víkingur R.,5,6,2,5e-4
2025-08-28,1,Tindastóll,Víkingur R.,5,9,1,2.5e-4
2025-08-28,1,Tindastóll,Víkingur R.,6,0,10,0.0025
2025-08-28,1,Tindastóll,Víkingur R.,6,1,20,0.005
2025-08-28,1,Tindastóll,Víkingur R.,6,2,9,0.00225
2025-08-28,1,Tindastóll,Víkingur R.,6,3,13,0.00325
2025-08-28,1,Tindastóll,Víkingur R.,6,4,3,7.5e-4
2025-08-28,1,Tindastóll,Víkingur R.,6,5,2,5e-4
2025-08-28,1,Tindastóll,Víkingur R.,6,6,1,2.5e-4
2025-08-28,1,Tindastóll,Víkingur R.,6,7,1,2.5e-4
2025-08-28,1,Tindastóll,Víkingur R.,7,0,2,5e-4
2025-08-28,1,Tindastóll,Víkingur R.,7,1,6,0.0015
2025-08-28,1,Tindastóll,Víkingur R.,7,2,9,0.00225
2025-08-28,1,Tindastóll,Víkingur R.,7,3,5,0.00125
2025-08-28,1,Tindastóll,Víkingur R.,7,4,1,2.5e-4
2025-08-28,1,Tindastóll,Víkingur R.,8,1,5,0.00125
2025-08-28,1,Tindastóll,Víkingur R.,8,2,4,0.001
2025-08-28,1,Tindastóll,Víkingur R.,9,0,2,5e-4
2025-08-28,1,Tindastóll,Víkingur R.,9,2,1,2.5e-4
2025-08-28,1,Tindastóll,Víkingur R.,11,0,1,2.5e-4
2025-08-30,1,FHL,Stjarnan,0,0,233,0.05825
2025-08-30,1,FHL,Stjarnan,0,1,419,0.10475
2025-08-30,1,FHL,Stjarnan,0,2,440,0.11
2025-08-30,1,FHL,Stjarnan,0,3,276,0.069
2025-08-30,1,FHL,Stjarnan,0,4,137,0.03425
2025-08-30,1,FHL,Stjarnan,0,5,77,0.01925
2025-08-30,1,FHL,Stjarnan,0,6,48,0.012
2025-08-30,1,FHL,Stjarnan,0,7,18,0.0045
2025-08-30,1,FHL,Stjarnan,0,8,11,0.00275
2025-08-30,1,FHL,Stjarnan,0,9,5,0.00125
2025-08-30,1,FHL,Stjarnan,0,10,2,5e-4
2025-08-30,1,FHL,Stjarnan,1,0,161,0.04025
2025-08-30,1,FHL,Stjarnan,1,1,333,0.08325
2025-08-30,1,FHL,Stjarnan,1,2,336,0.084
2025-08-30,1,FHL,Stjarnan,1,3,241,0.06025
2025-08-30,1,FHL,Stjarnan,1,4,141,0.03525
2025-08-30,1,FHL,Stjarnan,1,5,73,0.01825
2025-08-30,1,FHL,Stjarnan,1,6,31,0.00775
2025-08-30,1,FHL,Stjarnan,1,7,17,0.00425
2025-08-30,1,FHL,Stjarnan,1,8,6,0.0015
2025-08-30,1,FHL,Stjarnan,1,9,4,0.001
2025-08-30,1,FHL,Stjarnan,1,10,1,2.5e-4
2025-08-30,1,FHL,Stjarnan,2,0,83,0.02075
2025-08-30,1,FHL,Stjarnan,2,1,149,0.03725
2025-08-30,1,FHL,Stjarnan,2,2,138,0.0345
2025-08-30,1,FHL,Stjarnan,2,3,111,0.02775
2025-08-30,1,FHL,Stjarnan,2,4,77,0.01925
2025-08-30,1,FHL,Stjarnan,2,5,45,0.01125
2025-08-30,1,FHL,Stjarnan,2,6,18,0.0045
2025-08-30,1,FHL,Stjarnan,2,7,5,0.00125
2025-08-30,1,FHL,Stjarnan,2,8,1,2.5e-4
2025-08-30,1,FHL,Stjarnan,2,9,1,2.5e-4
2025-08-30,1,FHL,Stjarnan,2,10,1,2.5e-4
2025-08-30,1,FHL,Stjarnan,3,0,26,0.0065
2025-08-30,1,FHL,Stjarnan,3,1,55,0.01375
2025-08-30,1,FHL,Stjarnan,3,2,43,0.01075
2025-08-30,1,FHL,Stjarnan,3,3,41,0.01025
2025-08-30,1,FHL,Stjarnan,3,4,38,0.0095
2025-08-30,1,FHL,Stjarnan,3,5,19,0.00475
2025-08-30,1,FHL,Stjarnan,3,6,8,0.002
2025-08-30,1,FHL,Stjarnan,3,7,3,7.5e-4
2025-08-30,1,FHL,Stjarnan,3,8,1,2.5e-4
2025-08-30,1,FHL,Stjarnan,3,9,1,2.5e-4
2025-08-30,1,FHL,Stjarnan,4,0,7,0.00175
2025-08-30,1,FHL,Stjarnan,4,1,24,0.006
2025-08-30,1,FHL,Stjarnan,4,2,24,0.006
2025-08-30,1,FHL,Stjarnan,4,3,14,0.0035
2025-08-30,1,FHL,Stjarnan,4,4,12,0.003
2025-08-30,1,FHL,Stjarnan,4,5,4,0.001
2025-08-30,1,FHL,Stjarnan,4,6,2,5e-4
2025-08-30,1,FHL,Stjarnan,4,7,1,2.5e-4
2025-08-30,1,FHL,Stjarnan,4,8,1,2.5e-4
2025-08-30,1,FHL,Stjarnan,4,10,1,2.5e-4
2025-08-30,1,FHL,Stjarnan,5,0,3,7.5e-4
2025-08-30,1,FHL,Stjarnan,5,1,5,0.00125
2025-08-30,1,FHL,Stjarnan,5,2,4,0.001
2025-08-30,1,FHL,Stjarnan,5,3,8,0.002
2025-08-30,1,FHL,Stjarnan,5,4,4,0.001
2025-08-30,1,FHL,Stjarnan,5,5,1,2.5e-4
2025-08-30,1,FHL,Stjarnan,5,7,1,2.5e-4
2025-08-30,1,FHL,Stjarnan,6,1,1,2.5e-4
2025-08-30,1,FHL,Stjarnan,6,2,1,2.5e-4
2025-08-30,1,FHL,Stjarnan,6,4,1,2.5e-4
2025-08-30,1,FHL,Stjarnan,7,0,1,2.5e-4
2025-08-30,1,FHL,Stjarnan,7,1,1,2.5e-4
2025-08-30,1,FHL,Stjarnan,7,2,2,5e-4
2025-08-30,1,FHL,Stjarnan,8,0,1,2.5e-4
2025-08-30,1,FHL,Stjarnan,8,1,1,2.5e-4
2025-08-30,1,FHL,Stjarnan,8,2,1,2.5e-4
2025-08-30,1,Þór/KA,Fram,0,0,176,0.044
2025-08-30,1,Þór/KA,Fram,0,1,156,0.039
2025-08-30,1,Þór/KA,Fram,0,2,60,0.015
2025-08-30,1,Þór/KA,Fram,0,3,16,0.004
2025-08-30,1,Þór/KA,Fram,0,4,7,0.00175
2025-08-30,1,Þór/KA,Fram,0,5,2,5e-4
2025-08-30,1,Þór/KA,Fram,0,6,1,2.5e-4
2025-08-30,1,Þór/KA,Fram,1,0,321,0.08025
2025-08-30,1,Þór/KA,Fram,1,1,276,0.069
2025-08-30,1,Þór/KA,Fram,1,2,120,0.03
2025-08-30,1,Þór/KA,Fram,1,3,44,0.011
2025-08-30,1,Þór/KA,Fram,1,4,15,0.00375
2025-08-30,1,Þór/KA,Fram,1,5,2,5e-4
2025-08-30,1,Þór/KA,Fram,1,6,2,5e-4
2025-08-30,1,Þór/KA,Fram,2,0,385,0.09625
2025-08-30,1,Þór/KA,Fram,2,1,297,0.07425
2025-08-30,1,Þór/KA,Fram,2,2,143,0.03575
2025-08-30,1,Þór/KA,Fram,2,3,56,0.014
2025-08-30,1,Þór/KA,Fram,2,4,12,0.003
2025-08-30,1,Þór/KA,Fram,2,5,8,0.002
2025-08-30,1,Þór/KA,Fram,2,7,1,2.5e-4
2025-08-30,1,Þór/KA,Fram,3,0,321,0.08025
2025-08-30,1,Þór/KA,Fram,3,1,264,0.066
2025-08-30,1,Þór/KA,Fram,3,2,92,0.023
2025-08-30,1,Þór/KA,Fram,3,3,42,0.0105
2025-08-30,1,Þór/KA,Fram,3,4,5,0.00125
2025-08-30,1,Þór/KA,Fram,3,5,2,5e-4
2025-08-30,1,Þór/KA,Fram,3,6,1,2.5e-4
2025-08-30,1,Þór/KA,Fram,4,0,219,0.05475
2025-08-30,1,Þór/KA,Fram,4,1,183,0.04575
2025-08-30,1,Þór/KA,Fram,4,2,97,0.02425
2025-08-30,1,Þór/KA,Fram,4,3,34,0.0085
2025-08-30,1,Þór/KA,Fram,4,4,10,0.0025
2025-08-30,1,Þór/KA,Fram,4,5,1,2.5e-4
2025-08-30,1,Þór/KA,Fram,4,6,1,2.5e-4
2025-08-30,1,Þór/KA,Fram,5,0,127,0.03175
2025-08-30,1,Þór/KA,Fram,5,1,117,0.02925
2025-08-30,1,Þór/KA,Fram,5,2,35,0.00875
2025-08-30,1,Þór/KA,Fram,5,3,20,0.005
2025-08-30,1,Þór/KA,Fram,5,4,5,0.00125
2025-08-30,1,Þór/KA,Fram,5,5,1,2.5e-4
2025-08-30,1,Þór/KA,Fram,5,6,1,2.5e-4
2025-08-30,1,Þór/KA,Fram,6,0,71,0.01775
2025-08-30,1,Þór/KA,Fram,6,1,65,0.01625
2025-08-30,1,Þór/KA,Fram,6,2,21,0.00525
2025-08-30,1,Þór/KA,Fram,6,3,13,0.00325
2025-08-30,1,Þór/KA,Fram,6,4,5,0.00125
2025-08-30,1,Þór/KA,Fram,7,0,32,0.008
2025-08-30,1,Þór/KA,Fram,7,1,29,0.00725
2025-08-30,1,Þór/KA,Fram,7,2,11,0.00275
2025-08-30,1,Þór/KA,Fram,7,3,5,0.00125
2025-08-30,1,Þór/KA,Fram,7,5,1,2.5e-4
2025-08-30,1,Þór/KA,Fram,8,0,22,0.0055
2025-08-30,1,Þór/KA,Fram,8,1,13,0.00325
2025-08-30,1,Þór/KA,Fram,8,2,5,0.00125
2025-08-30,1,Þór/KA,Fram,8,3,2,5e-4
2025-08-30,1,Þór/KA,Fram,9,0,9,0.00225
2025-08-30,1,Þór/KA,Fram,9,1,3,7.5e-4
2025-08-30,1,Þór/KA,Fram,9,2,2,5e-4
2025-08-30,1,Þór/KA,Fram,9,3,1,2.5e-4
2025-08-30,1,Þór/KA,Fram,9,4,1,2.5e-4
2025-08-30,1,Þór/KA,Fram,10,0,1,2.5e-4
2025-08-30,1,Þór/KA,Fram,10,1,3,7.5e-4
2025-08-30,1,Þór/KA,Fram,10,2,1,2.5e-4
2025-08-30,1,Þór/KA,Fram,11,0,3,7.5e-4
2025-08-30,1,Þór/KA,Fram,11,1,1,2.5e-4
2025-08-30,1,Þór/KA,Fram,11,4,1,2.5e-4
2025-08-30,1,Þór/KA,Fram,12,1,1,2.5e-4
2025-09-04,1,Breiðablik,FH,0,0,123,0.03075
2025-09-04,1,Breiðablik,FH,0,1,75,0.01875
2025-09-04,1,Breiðablik,FH,0,2,33,0.00825
2025-09-04,1,Breiðablik,FH,0,3,8,0.002
2025-09-04,1,Breiðablik,FH,0,4,1,2.5e-4
2025-09-04,1,Breiðablik,FH,1,0,253,0.06325
2025-09-04,1,Breiðablik,FH,1,1,208,0.052
2025-09-04,1,Breiðablik,FH,1,2,103,0.02575
2025-09-04,1,Breiðablik,FH,1,3,24,0.006
2025-09-04,1,Breiðablik,FH,1,4,6,0.0015
2025-09-04,1,Breiðablik,FH,1,5,1,2.5e-4
2025-09-04,1,Breiðablik,FH,1,6,2,5e-4
2025-09-04,1,Breiðablik,FH,2,0,345,0.08625
2025-09-04,1,Breiðablik,FH,2,1,282,0.0705
2025-09-04,1,Breiðablik,FH,2,2,122,0.0305
2025-09-04,1,Breiðablik,FH,2,3,36,0.009
2025-09-04,1,Breiðablik,FH,2,4,13,0.00325
2025-09-04,1,Breiðablik,FH,2,5,2,5e-4
2025-09-04,1,Breiðablik,FH,3,0,359,0.08975
2025-09-04,1,Breiðablik,FH,3,1,240,0.06
2025-09-04,1,Breiðablik,FH,3,2,94,0.0235
2025-09-04,1,Breiðablik,FH,3,3,49,0.01225
2025-09-04,1,Breiðablik,FH,3,4,6,0.0015
2025-09-04,1,Breiðablik,FH,3,5,3,7.5e-4
2025-09-04,1,Breiðablik,FH,3,6,2,5e-4
2025-09-04,1,Breiðablik,FH,4,0,250,0.0625
2025-09-04,1,Breiðablik,FH,4,1,205,0.05125
2025-09-04,1,Breiðablik,FH,4,2,94,0.0235
2025-09-04,1,Breiðablik,FH,4,3,24,0.006
2025-09-04,1,Breiðablik,FH,4,4,11,0.00275
2025-09-04,1,Breiðablik,FH,4,5,2,5e-4
2025-09-04,1,Breiðablik,FH,5,0,183,0.04575
2025-09-04,1,Breiðablik,FH,5,1,162,0.0405
2025-09-04,1,Breiðablik,FH,5,2,79,0.01975
2025-09-04,1,Breiðablik,FH,5,3,24,0.006
2025-09-04,1,Breiðablik,FH,5,4,10,0.0025
2025-09-04,1,Breiðablik,FH,5,5,1,2.5e-4
2025-09-04,1,Breiðablik,FH,5,6,1,2.5e-4
2025-09-04,1,Breiðablik,FH,5,7,1,2.5e-4
2025-09-04,1,Breiðablik,FH,6,0,92,0.023
2025-09-04,1,Breiðablik,FH,6,1,104,0.026
2025-09-04,1,Breiðablik,FH,6,2,38,0.0095
2025-09-04,1,Breiðablik,FH,6,3,5,0.00125
2025-09-04,1,Breiðablik,FH,6,4,1,2.5e-4
2025-09-04,1,Breiðablik,FH,6,6,1,2.5e-4
2025-09-04,1,Breiðablik,FH,7,0,75,0.01875
2025-09-04,1,Breiðablik,FH,7,1,49,0.01225
2025-09-04,1,Breiðablik,FH,7,2,27,0.00675
2025-09-04,1,Breiðablik,FH,7,3,10,0.0025
2025-09-04,1,Breiðablik,FH,7,4,2,5e-4
2025-09-04,1,Breiðablik,FH,7,5,1,2.5e-4
2025-09-04,1,Breiðablik,FH,8,0,43,0.01075
2025-09-04,1,Breiðablik,FH,8,1,28,0.007
2025-09-04,1,Breiðablik,FH,8,2,8,0.002
2025-09-04,1,Breiðablik,FH,8,3,4,0.001
2025-09-04,1,Breiðablik,FH,8,4,1,2.5e-4
2025-09-04,1,Breiðablik,FH,9,0,15,0.00375
2025-09-04,1,Breiðablik,FH,9,1,16,0.004
2025-09-04,1,Breiðablik,FH,9,2,6,0.0015
2025-09-04,1,Breiðablik,FH,9,3,4,0.001
2025-09-04,1,Breiðablik,FH,9,4,1,2.5e-4
2025-09-04,1,Breiðablik,FH,10,0,7,0.00175
2025-09-04,1,Breiðablik,FH,10,1,5,0.00125
2025-09-04,1,Breiðablik,FH,10,2,3,7.5e-4
2025-09-04,1,Breiðablik,FH,11,0,5,0.00125
2025-09-04,1,Breiðablik,FH,11,1,6,0.0015
2025-09-04,1,Breiðablik,FH,11,2,1,2.5e-4
2025-09-04,1,Breiðablik,FH,12,0,1,2.5e-4
2025-09-04,1,Breiðablik,FH,12,2,1,2.5e-4
2025-09-04,1,Breiðablik,FH,12,3,1,2.5e-4
2025-09-04,1,Breiðablik,FH,16,0,1,2.5e-4
2025-09-04,1,Breiðablik,FH,17,0,1,2.5e-4
2025-09-04,1,Tindastóll,Fram,0,0,220,0.055
2025-09-04,1,Tindastóll,Fram,0,1,211,0.05275
2025-09-04,1,Tindastóll,Fram,0,2,148,0.037
2025-09-04,1,Tindastóll,Fram,0,3,55,0.01375
2025-09-04,1,Tindastóll,Fram,0,4,19,0.00475
2025-09-04,1,Tindastóll,Fram,0,5,5,0.00125
2025-09-04,1,Tindastóll,Fram,0,6,5,0.00125
2025-09-04,1,Tindastóll,Fram,1,0,344,0.086
2025-09-04,1,Tindastóll,Fram,1,1,385,0.09625
2025-09-04,1,Tindastóll,Fram,1,2,222,0.0555
2025-09-04,1,Tindastóll,Fram,1,3,118,0.0295
2025-09-04,1,Tindastóll,Fram,1,4,41,0.01025
2025-09-04,1,Tindastóll,Fram,1,5,20,0.005
2025-09-04,1,Tindastóll,Fram,1,6,2,5e-4
2025-09-04,1,Tindastóll,Fram,1,7,2,5e-4
2025-09-04,1,Tindastóll,Fram,2,0,270,0.0675
2025-09-04,1,Tindastóll,Fram,2,1,281,0.07025
2025-09-04,1,Tindastóll,Fram,2,2,201,0.05025
2025-09-04,1,Tindastóll,Fram,2,3,102,0.0255
2025-09-04,1,Tindastóll,Fram,2,4,49,0.01225
2025-09-04,1,Tindastóll,Fram,2,5,12,0.003
2025-09-04,1,Tindastóll,Fram,2,6,6,0.0015
2025-09-04,1,Tindastóll,Fram,2,7,1,2.5e-4
2025-09-04,1,Tindastóll,Fram,3,0,179,0.04475
2025-09-04,1,Tindastóll,Fram,3,1,207,0.05175
2025-09-04,1,Tindastóll,Fram,3,2,147,0.03675
2025-09-04,1,Tindastóll,Fram,3,3,76,0.019
2025-09-04,1,Tindastóll,Fram,3,4,32,0.008
2025-09-04,1,Tindastóll,Fram,3,5,11,0.00275
2025-09-04,1,Tindastóll,Fram,3,6,4,0.001
2025-09-04,1,Tindastóll,Fram,3,7,3,7.5e-4
2025-09-04,1,Tindastóll,Fram,4,0,107,0.02675
2025-09-04,1,Tindastóll,Fram,4,1,120,0.03
2025-09-04,1,Tindastóll,Fram,4,2,73,0.01825
2025-09-04,1,Tindastóll,Fram,4,3,34,0.0085
2025-09-04,1,Tindastóll,Fram,4,4,20,0.005
2025-09-04,1,Tindastóll,Fram,4,5,6,0.0015
2025-09-04,1,Tindastóll,Fram,4,6,2,5e-4
2025-09-04,1,Tindastóll,Fram,5,0,40,0.01
2025-09-04,1,Tindastóll,Fram,5,1,50,0.0125
2025-09-04,1,Tindastóll,Fram,5,2,31,0.00775
2025-09-04,1,Tindastóll,Fram,5,3,13,0.00325
2025-09-04,1,Tindastóll,Fram,5,4,5,0.00125
2025-09-04,1,Tindastóll,Fram,5,5,2,5e-4
2025-09-04,1,Tindastóll,Fram,5,7,1,2.5e-4
2025-09-04,1,Tindastóll,Fram,6,0,18,0.0045
2025-09-04,1,Tindastóll,Fram,6,1,22,0.0055
2025-09-04,1,Tindastóll,Fram,6,2,18,0.0045
2025-09-04,1,Tindastóll,Fram,6,3,11,0.00275
2025-09-04,1,Tindastóll,Fram,6,4,5,0.00125
2025-09-04,1,Tindastóll,Fram,6,5,3,7.5e-4
2025-09-04,1,Tindastóll,Fram,6,6,1,2.5e-4
2025-09-04,1,Tindastóll,Fram,7,0,4,0.001
2025-09-04,1,Tindastóll,Fram,7,1,7,0.00175
2025-09-04,1,Tindastóll,Fram,7,2,7,0.00175
2025-09-04,1,Tindastóll,Fram,7,3,2,5e-4
2025-09-04,1,Tindastóll,Fram,7,4,1,2.5e-4
2025-09-04,1,Tindastóll,Fram,8,0,4,0.001
2025-09-04,1,Tindastóll,Fram,8,1,3,7.5e-4
2025-09-04,1,Tindastóll,Fram,8,2,2,5e-4
2025-09-04,1,Tindastóll,Fram,8,3,3,7.5e-4
2025-09-04,1,Tindastóll,Fram,8,5,1,2.5e-4
2025-09-04,1,Tindastóll,Fram,9,0,1,2.5e-4
2025-09-04,1,Tindastóll,Fram,9,1,3,7.5e-4
2025-09-04,1,Tindastóll,Fram,10,1,2,5e-4
2025-09-04,1,Víkingur R.,Valur,0,0,326,0.0815
2025-09-04,1,Víkingur R.,Valur,0,1,425,0.10625
2025-09-04,1,Víkingur R.,Valur,0,2,324,0.081
2025-09-04,1,Víkingur R.,Valur,0,3,207,0.05175
2025-09-04,1,Víkingur R.,Valur,0,4,74,0.0185
2025-09-04,1,Víkingur R.,Valur,0,5,37,0.00925
2025-09-04,1,Víkingur R.,Valur,0,6,11,0.00275
2025-09-04,1,Víkingur R.,Valur,0,7,3,7.5e-4
2025-09-04,1,Víkingur R.,Valur,0,8,4,0.001
2025-09-04,1,Víkingur R.,Valur,1,0,285,0.07125
2025-09-04,1,Víkingur R.,Valur,1,1,421,0.10525
2025-09-04,1,Víkingur R.,Valur,1,2,308,0.077
2025-09-04,1,Víkingur R.,Valur,1,3,195,0.04875
2025-09-04,1,Víkingur R.,Valur,1,4,81,0.02025
2025-09-04,1,Víkingur R.,Valur,1,5,41,0.01025
2025-09-04,1,Víkingur R.,Valur,1,6,19,0.00475
2025-09-04,1,Víkingur R.,Valur,1,7,5,0.00125
2025-09-04,1,Víkingur R.,Valur,1,11,1,2.5e-4
2025-09-04,1,Víkingur R.,Valur,2,0,143,0.03575
2025-09-04,1,Víkingur R.,Valur,2,1,236,0.059
2025-09-04,1,Víkingur R.,Valur,2,2,174,0.0435
2025-09-04,1,Víkingur R.,Valur,2,3,106,0.0265
2025-09-04,1,Víkingur R.,Valur,2,4,52,0.013
2025-09-04,1,Víkingur R.,Valur,2,5,21,0.00525
2025-09-04,1,Víkingur R.,Valur,2,6,14,0.0035
2025-09-04,1,Víkingur R.,Valur,2,7,6,0.0015
2025-09-04,1,Víkingur R.,Valur,2,9,1,2.5e-4
2025-09-04,1,Víkingur R.,Valur,3,0,56,0.014
2025-09-04,1,Víkingur R.,Valur,3,1,100,0.025
2025-09-04,1,Víkingur R.,Valur,3,2,82,0.0205
2025-09-04,1,Víkingur R.,Valur,3,3,59,0.01475
2025-09-04,1,Víkingur R.,Valur,3,4,24,0.006
2025-09-04,1,Víkingur R.,Valur,3,5,7,0.00175
2025-09-04,1,Víkingur R.,Valur,3,6,2,5e-4
2025-09-04,1,Víkingur R.,Valur,3,7,3,7.5e-4
2025-09-04,1,Víkingur R.,Valur,4,0,15,0.00375
2025-09-04,1,Víkingur R.,Valur,4,1,22,0.0055
2025-09-04,1,Víkingur R.,Valur,4,2,23,0.00575
2025-09-04,1,Víkingur R.,Valur,4,3,12,0.003
2025-09-04,1,Víkingur R.,Valur,4,4,13,0.00325
2025-09-04,1,Víkingur R.,Valur,4,5,3,7.5e-4
2025-09-04,1,Víkingur R.,Valur,4,6,1,2.5e-4
2025-09-04,1,Víkingur R.,Valur,5,0,7,0.00175
2025-09-04,1,Víkingur R.,Valur,5,1,18,0.0045
2025-09-04,1,Víkingur R.,Valur,5,2,9,0.00225
2025-09-04,1,Víkingur R.,Valur,5,3,10,0.0025
2025-09-04,1,Víkingur R.,Valur,5,4,4,0.001
2025-09-04,1,Víkingur R.,Valur,5,6,1,2.5e-4
2025-09-04,1,Víkingur R.,Valur,6,0,1,2.5e-4
2025-09-04,1,Víkingur R.,Valur,6,1,3,7.5e-4
2025-09-04,1,Víkingur R.,Valur,6,2,2,5e-4
2025-09-04,1,Víkingur R.,Valur,6,4,1,2.5e-4
2025-09-04,1,Víkingur R.,Valur,8,3,1,2.5e-4
2025-09-04,1,Víkingur R.,Valur,9,3,1,2.5e-4
2025-09-06,1,Stjarnan,Þór/KA,0,0,311,0.07775
2025-09-06,1,Stjarnan,Þór/KA,0,1,335,0.08375
2025-09-06,1,Stjarnan,Þór/KA,0,2,243,0.06075
2025-09-06,1,Stjarnan,Þór/KA,0,3,136,0.034
2025-09-06,1,Stjarnan,Þór/KA,0,4,56,0.014
2025-09-06,1,Stjarnan,Þór/KA,0,5,22,0.0055
2025-09-06,1,Stjarnan,Þór/KA,0,6,6,0.0015
2025-09-06,1,Stjarnan,Þór/KA,0,7,4,0.001
2025-09-06,1,Stjarnan,Þór/KA,0,8,1,2.5e-4
2025-09-06,1,Stjarnan,Þór/KA,1,0,335,0.08375
2025-09-06,1,Stjarnan,Þór/KA,1,1,429,0.10725
2025-09-06,1,Stjarnan,Þór/KA,1,2,287,0.07175
2025-09-06,1,Stjarnan,Þór/KA,1,3,142,0.0355
2025-09-06,1,Stjarnan,Þór/KA,1,4,78,0.0195
2025-09-06,1,Stjarnan,Þór/KA,1,5,23,0.00575
2025-09-06,1,Stjarnan,Þór/KA,1,6,11,0.00275
2025-09-06,1,Stjarnan,Þór/KA,1,7,3,7.5e-4
2025-09-06,1,Stjarnan,Þór/KA,1,8,1,2.5e-4
2025-09-06,1,Stjarnan,Þór/KA,2,0,212,0.053
2025-09-06,1,Stjarnan,Þór/KA,2,1,245,0.06125
2025-09-06,1,Stjarnan,Þór/KA,2,2,222,0.0555
2025-09-06,1,Stjarnan,Þór/KA,2,3,114,0.0285
2025-09-06,1,Stjarnan,Þór/KA,2,4,52,0.013
2025-09-06,1,Stjarnan,Þór/KA,2,5,21,0.00525
2025-09-06,1,Stjarnan,Þór/KA,2,6,10,0.0025
2025-09-06,1,Stjarnan,Þór/KA,2,8,1,2.5e-4
2025-09-06,1,Stjarnan,Þór/KA,3,0,98,0.0245
2025-09-06,1,Stjarnan,Þór/KA,3,1,147,0.03675
2025-09-06,1,Stjarnan,Þór/KA,3,2,96,0.024
2025-09-06,1,Stjarnan,Þór/KA,3,3,55,0.01375
2025-09-06,1,Stjarnan,Þór/KA,3,4,28,0.007
2025-09-06,1,Stjarnan,Þór/KA,3,5,8,0.002
2025-09-06,1,Stjarnan,Þór/KA,3,6,3,7.5e-4
2025-09-06,1,Stjarnan,Þór/KA,4,0,24,0.006
2025-09-06,1,Stjarnan,Þór/KA,4,1,47,0.01175
2025-09-06,1,Stjarnan,Þór/KA,4,2,53,0.01325
2025-09-06,1,Stjarnan,Þór/KA,4,3,16,0.004
2025-09-06,1,Stjarnan,Þór/KA,4,4,11,0.00275
2025-09-06,1,Stjarnan,Þór/KA,4,5,4,0.001
2025-09-06,1,Stjarnan,Þór/KA,4,6,1,2.5e-4
2025-09-06,1,Stjarnan,Þór/KA,4,7,2,5e-4
2025-09-06,1,Stjarnan,Þór/KA,4,8,2,5e-4
2025-09-06,1,Stjarnan,Þór/KA,5,0,21,0.00525
2025-09-06,1,Stjarnan,Þór/KA,5,1,20,0.005
2025-09-06,1,Stjarnan,Þór/KA,5,2,19,0.00475
2025-09-06,1,Stjarnan,Þór/KA,5,3,7,0.00175
2025-09-06,1,Stjarnan,Þór/KA,5,4,4,0.001
2025-09-06,1,Stjarnan,Þór/KA,5,5,2,5e-4
2025-09-06,1,Stjarnan,Þór/KA,5,6,2,5e-4
2025-09-06,1,Stjarnan,Þór/KA,6,0,4,0.001
2025-09-06,1,Stjarnan,Þór/KA,6,1,4,0.001
2025-09-06,1,Stjarnan,Þór/KA,6,2,8,0.002
2025-09-06,1,Stjarnan,Þór/KA,6,3,2,5e-4
2025-09-06,1,Stjarnan,Þór/KA,6,4,1,2.5e-4
2025-09-06,1,Stjarnan,Þór/KA,6,5,1,2.5e-4
2025-09-06,1,Stjarnan,Þór/KA,6,6,1,2.5e-4
2025-09-06,1,Stjarnan,Þór/KA,7,0,2,5e-4
2025-09-06,1,Stjarnan,Þór/KA,7,2,2,5e-4
2025-09-06,1,Stjarnan,Þór/KA,7,3,2,5e-4
2025-09-06,1,Stjarnan,Þór/KA,7,6,1,2.5e-4
2025-09-06,1,Stjarnan,Þór/KA,8,1,1,2.5e-4
2025-09-06,1,Stjarnan,Þór/KA,9,2,1,2.5e-4
2025-09-07,1,Þróttur R.,FHL,0,0,51,0.01275
2025-09-07,1,Þróttur R.,FHL,0,1,24,0.006
2025-09-07,1,Þróttur R.,FHL,0,2,2,5e-4
2025-09-07,1,Þróttur R.,FHL,0,3,1,2.5e-4
2025-09-07,1,Þróttur R.,FHL,1,0,171,0.04275
2025-09-07,1,Þróttur R.,FHL,1,1,54,0.0135
2025-09-07,1,Þróttur R.,FHL,1,2,16,0.004
2025-09-07,1,Þróttur R.,FHL,1,3,4,0.001
2025-09-07,1,Þróttur R.,FHL,2,0,306,0.0765
2025-09-07,1,Þróttur R.,FHL,2,1,110,0.0275
2025-09-07,1,Þróttur R.,FHL,2,2,26,0.0065
2025-09-07,1,Þróttur R.,FHL,2,3,4,0.001
2025-09-07,1,Þróttur R.,FHL,3,0,437,0.10925
2025-09-07,1,Þróttur R.,FHL,3,1,146,0.0365
2025-09-07,1,Þróttur R.,FHL,3,2,42,0.0105
2025-09-07,1,Þróttur R.,FHL,3,3,4,0.001
2025-09-07,1,Þróttur R.,FHL,3,4,1,2.5e-4
2025-09-07,1,Þróttur R.,FHL,4,0,461,0.11525
2025-09-07,1,Þróttur R.,FHL,4,1,150,0.0375
2025-09-07,1,Þróttur R.,FHL,4,2,30,0.0075
2025-09-07,1,Þróttur R.,FHL,4,3,4,0.001
2025-09-07,1,Þróttur R.,FHL,5,0,409,0.10225
2025-09-07,1,Þróttur R.,FHL,5,1,146,0.0365
2025-09-07,1,Þróttur R.,FHL,5,2,31,0.00775
2025-09-07,1,Þróttur R.,FHL,5,3,4,0.001
2025-09-07,1,Þróttur R.,FHL,6,0,313,0.07825
2025-09-07,1,Þróttur R.,FHL,6,1,109,0.02725
2025-09-07,1,Þróttur R.,FHL,6,2,24,0.006
2025-09-07,1,Þróttur R.,FHL,6,3,2,5e-4
2025-09-07,1,Þróttur R.,FHL,7,0,219,0.05475
2025-09-07,1,Þróttur R.,FHL,7,1,83,0.02075
2025-09-07,1,Þróttur R.,FHL,7,2,13,0.00325
2025-09-07,1,Þróttur R.,FHL,7,3,7,0.00175
2025-09-07,1,Þróttur R.,FHL,8,0,166,0.0415
2025-09-07,1,Þróttur R.,FHL,8,1,60,0.015
2025-09-07,1,Þróttur R.,FHL,8,2,16,0.004
2025-09-07,1,Þróttur R.,FHL,8,3,1,2.5e-4
2025-09-07,1,Þróttur R.,FHL,9,0,113,0.02825
2025-09-07,1,Þróttur R.,FHL,9,1,31,0.00775
2025-09-07,1,Þróttur R.,FHL,9,2,5,0.00125
2025-09-07,1,Þróttur R.,FHL,9,3,1,2.5e-4
2025-09-07,1,Þróttur R.,FHL,10,0,66,0.0165
2025-09-07,1,Þróttur R.,FHL,10,1,25,0.00625
2025-09-07,1,Þróttur R.,FHL,10,2,6,0.0015
2025-09-07,1,Þróttur R.,FHL,11,0,41,0.01025
2025-09-07,1,Þróttur R.,FHL,11,1,12,0.003
2025-09-07,1,Þróttur R.,FHL,11,2,2,5e-4
2025-09-07,1,Þróttur R.,FHL,12,0,19,0.00475
2025-09-07,1,Þróttur R.,FHL,12,1,3,7.5e-4
2025-09-07,1,Þróttur R.,FHL,12,2,1,2.5e-4
2025-09-07,1,Þróttur R.,FHL,12,3,1,2.5e-4
2025-09-07,1,Þróttur R.,FHL,13,0,10,0.0025
2025-09-07,1,Þróttur R.,FHL,13,1,4,0.001
2025-09-07,1,Þróttur R.,FHL,14,0,6,0.0015
2025-09-07,1,Þróttur R.,FHL,14,1,2,5e-4
2025-09-07,1,Þróttur R.,FHL,15,0,1,2.5e-4
2025-09-07,1,Þróttur R.,FHL,15,1,2,5e-4
2025-09-07,1,Þróttur R.,FHL,16,0,2,5e-4
2025-09-12,1,FH,Víkingur R.,0,0,165,0.04125
2025-09-12,1,FH,Víkingur R.,0,1,152,0.038
2025-09-12,1,FH,Víkingur R.,0,2,74,0.0185
2025-09-12,1,FH,Víkingur R.,0,3,29,0.00725
2025-09-12,1,FH,Víkingur R.,0,4,11,0.00275
2025-09-12,1,FH,Víkingur R.,0,5,5,0.00125
2025-09-12,1,FH,Víkingur R.,1,0,295,0.07375
2025-09-12,1,FH,Víkingur R.,1,1,267,0.06675
2025-09-12,1,FH,Víkingur R.,1,2,147,0.03675
2025-09-12,1,FH,Víkingur R.,1,3,69,0.01725
2025-09-12,1,FH,Víkingur R.,1,4,19,0.00475
2025-09-12,1,FH,Víkingur R.,1,5,5,0.00125
2025-09-12,1,FH,Víkingur R.,1,6,1,2.5e-4
2025-09-12,1,FH,Víkingur R.,1,7,1,2.5e-4
2025-09-12,1,FH,Víkingur R.,2,0,297,0.07425
2025-09-12,1,FH,Víkingur R.,2,1,310,0.0775
2025-09-12,1,FH,Víkingur R.,2,2,183,0.04575
2025-09-12,1,FH,Víkingur R.,2,3,68,0.017
2025-09-12,1,FH,Víkingur R.,2,4,24,0.006
2025-09-12,1,FH,Víkingur R.,2,5,10,0.0025
2025-09-12,1,FH,Víkingur R.,2,6,1,2.5e-4
2025-09-12,1,FH,Víkingur R.,3,0,265,0.06625
2025-09-12,1,FH,Víkingur R.,3,1,262,0.0655
2025-09-12,1,FH,Víkingur R.,3,2,149,0.03725
2025-09-12,1,FH,Víkingur R.,3,3,59,0.01475
2025-09-12,1,FH,Víkingur R.,3,4,15,0.00375
2025-09-12,1,FH,Víkingur R.,3,5,2,5e-4
2025-09-12,1,FH,Víkingur R.,3,6,1,2.5e-4
2025-09-12,1,FH,Víkingur R.,4,0,164,0.041
2025-09-12,1,FH,Víkingur R.,4,1,153,0.03825
2025-09-12,1,FH,Víkingur R.,4,2,105,0.02625
2025-09-12,1,FH,Víkingur R.,4,3,63,0.01575
2025-09-12,1,FH,Víkingur R.,4,4,9,0.00225
2025-09-12,1,FH,Víkingur R.,4,5,7,0.00175
2025-09-12,1,FH,Víkingur R.,4,6,2,5e-4
2025-09-12,1,FH,Víkingur R.,5,0,110,0.0275
2025-09-12,1,FH,Víkingur R.,5,1,93,0.02325
2025-09-12,1,FH,Víkingur R.,5,2,70,0.0175
2025-09-12,1,FH,Víkingur R.,5,3,27,0.00675
2025-09-12,1,FH,Víkingur R.,5,4,9,0.00225
2025-09-12,1,FH,Víkingur R.,5,5,5,0.00125
2025-09-12,1,FH,Víkingur R.,5,6,1,2.5e-4
2025-09-12,1,FH,Víkingur R.,5,7,1,2.5e-4
2025-09-12,1,FH,Víkingur R.,6,0,48,0.012
2025-09-12,1,FH,Víkingur R.,6,1,67,0.01675
2025-09-12,1,FH,Víkingur R.,6,2,31,0.00775
2025-09-12,1,FH,Víkingur R.,6,3,10,0.0025
2025-09-12,1,FH,Víkingur R.,6,4,2,5e-4
2025-09-12,1,FH,Víkingur R.,6,5,4,0.001
2025-09-12,1,FH,Víkingur R.,7,0,22,0.0055
2025-09-12,1,FH,Víkingur R.,7,1,22,0.0055
2025-09-12,1,FH,Víkingur R.,7,2,9,0.00225
2025-09-12,1,FH,Víkingur R.,7,3,8,0.002
2025-09-12,1,FH,Víkingur R.,7,4,2,5e-4
2025-09-12,1,FH,Víkingur R.,7,5,2,5e-4
2025-09-12,1,FH,Víkingur R.,8,0,15,0.00375
2025-09-12,1,FH,Víkingur R.,8,1,12,0.003
2025-09-12,1,FH,Víkingur R.,8,2,9,0.00225
2025-09-12,1,FH,Víkingur R.,8,3,4,0.001
2025-09-12,1,FH,Víkingur R.,8,4,3,7.5e-4
2025-09-12,1,FH,Víkingur R.,9,0,3,7.5e-4
2025-09-12,1,FH,Víkingur R.,9,1,6,0.0015
2025-09-12,1,FH,Víkingur R.,9,2,1,2.5e-4
2025-09-12,1,FH,Víkingur R.,9,3,2,5e-4
2025-09-12,1,FH,Víkingur R.,10,0,2,5e-4
2025-09-12,1,FH,Víkingur R.,10,1,2,5e-4
2025-09-12,1,FH,Víkingur R.,10,2,3,7.5e-4
2025-09-12,1,FH,Víkingur R.,10,3,2,5e-4
2025-09-12,1,FH,Víkingur R.,11,0,1,2.5e-4
2025-09-12,1,FH,Víkingur R.,11,1,2,5e-4
2025-09-12,1,FH,Víkingur R.,11,4,1,2.5e-4
2025-09-12,1,Stjarnan,Fram,0,0,296,0.074
2025-09-12,1,Stjarnan,Fram,0,1,246,0.0615
2025-09-12,1,Stjarnan,Fram,0,2,128,0.032
2025-09-12,1,Stjarnan,Fram,0,3,57,0.01425
2025-09-12,1,Stjarnan,Fram,0,4,7,0.00175
2025-09-12,1,Stjarnan,Fram,0,5,4,0.001
2025-09-12,1,Stjarnan,Fram,0,6,1,2.5e-4
2025-09-12,1,Stjarnan,Fram,1,0,396,0.099
2025-09-12,1,Stjarnan,Fram,1,1,406,0.1015
2025-09-12,1,Stjarnan,Fram,1,2,202,0.0505
2025-09-12,1,Stjarnan,Fram,1,3,66,0.0165
2025-09-12,1,Stjarnan,Fram,1,4,26,0.0065
2025-09-12,1,Stjarnan,Fram,1,5,8,0.002
2025-09-12,1,Stjarnan,Fram,2,0,360,0.09
2025-09-12,1,Stjarnan,Fram,2,1,325,0.08125
2025-09-12,1,Stjarnan,Fram,2,2,177,0.04425
2025-09-12,1,Stjarnan,Fram,2,3,75,0.01875
2025-09-12,1,Stjarnan,Fram,2,4,19,0.00475
2025-09-12,1,Stjarnan,Fram,2,5,5,0.00125
2025-09-12,1,Stjarnan,Fram,2,6,2,5e-4
2025-09-12,1,Stjarnan,Fram,2,7,1,2.5e-4
2025-09-12,1,Stjarnan,Fram,3,0,220,0.055
2025-09-12,1,Stjarnan,Fram,3,1,210,0.0525
2025-09-12,1,Stjarnan,Fram,3,2,117,0.02925
2025-09-12,1,Stjarnan,Fram,3,3,52,0.013
2025-09-12,1,Stjarnan,Fram,3,4,13,0.00325
2025-09-12,1,Stjarnan,Fram,3,5,4,0.001
2025-09-12,1,Stjarnan,Fram,3,6,1,2.5e-4
2025-09-12,1,Stjarnan,Fram,3,10,1,2.5e-4
2025-09-12,1,Stjarnan,Fram,4,0,102,0.0255
2025-09-12,1,Stjarnan,Fram,4,1,109,0.02725
2025-09-12,1,Stjarnan,Fram,4,2,58,0.0145
2025-09-12,1,Stjarnan,Fram,4,3,33,0.00825
2025-09-12,1,Stjarnan,Fram,4,4,12,0.003
2025-09-12,1,Stjarnan,Fram,4,5,2,5e-4
2025-09-12,1,Stjarnan,Fram,5,0,61,0.01525
2025-09-12,1,Stjarnan,Fram,5,1,39,0.00975
2025-09-12,1,Stjarnan,Fram,5,2,36,0.009
2025-09-12,1,Stjarnan,Fram,5,3,11,0.00275
2025-09-12,1,Stjarnan,Fram,5,4,2,5e-4
2025-09-12,1,Stjarnan,Fram,5,5,3,7.5e-4
2025-09-12,1,Stjarnan,Fram,6,0,21,0.00525
2025-09-12,1,Stjarnan,Fram,6,1,23,0.00575
2025-09-12,1,Stjarnan,Fram,6,2,14,0.0035
2025-09-12,1,Stjarnan,Fram,6,3,7,0.00175
2025-09-12,1,Stjarnan,Fram,6,4,1,2.5e-4
2025-09-12,1,Stjarnan,Fram,6,5,1,2.5e-4
2025-09-12,1,Stjarnan,Fram,7,0,14,0.0035
2025-09-12,1,Stjarnan,Fram,7,1,7,0.00175
2025-09-12,1,Stjarnan,Fram,7,2,4,0.001
2025-09-12,1,Stjarnan,Fram,7,3,2,5e-4
2025-09-12,1,Stjarnan,Fram,7,4,1,2.5e-4
2025-09-12,1,Stjarnan,Fram,8,0,3,7.5e-4
2025-09-12,1,Stjarnan,Fram,8,1,4,0.001
2025-09-12,1,Stjarnan,Fram,8,2,2,5e-4
2025-09-12,1,Stjarnan,Fram,9,0,2,5e-4
2025-09-12,1,Stjarnan,Fram,9,1,1,2.5e-4
2025-09-12,1,Þór/KA,Þróttur R.,0,0,252,0.063
2025-09-12,1,Þór/KA,Þróttur R.,0,1,335,0.08375
2025-09-12,1,Þór/KA,Þróttur R.,0,2,244,0.061
2025-09-12,1,Þór/KA,Þróttur R.,0,3,172,0.043
2025-09-12,1,Þór/KA,Þróttur R.,0,4,82,0.0205
2025-09-12,1,Þór/KA,Þróttur R.,0,5,33,0.00825
2025-09-12,1,Þór/KA,Þróttur R.,0,6,8,0.002
2025-09-12,1,Þór/KA,Þróttur R.,0,7,5,0.00125
2025-09-12,1,Þór/KA,Þróttur R.,0,8,5,0.00125
2025-09-12,1,Þór/KA,Þróttur R.,0,9,1,2.5e-4
2025-09-12,1,Þór/KA,Þróttur R.,1,0,244,0.061
2025-09-12,1,Þór/KA,Þróttur R.,1,1,447,0.11175
2025-09-12,1,Þór/KA,Þróttur R.,1,2,316,0.079
2025-09-12,1,Þór/KA,Þróttur R.,1,3,196,0.049
2025-09-12,1,Þór/KA,Þróttur R.,1,4,82,0.0205
2025-09-12,1,Þór/KA,Þróttur R.,1,5,42,0.0105
2025-09-12,1,Þór/KA,Þróttur R.,1,6,15,0.00375
2025-09-12,1,Þór/KA,Þróttur R.,1,7,6,0.0015
2025-09-12,1,Þór/KA,Þróttur R.,1,8,2,5e-4
2025-09-12,1,Þór/KA,Þróttur R.,2,0,146,0.0365
2025-09-12,1,Þór/KA,Þróttur R.,2,1,261,0.06525
2025-09-12,1,Þór/KA,Þróttur R.,2,2,202,0.0505
2025-09-12,1,Þór/KA,Þróttur R.,2,3,142,0.0355
2025-09-12,1,Þór/KA,Þróttur R.,2,4,62,0.0155
2025-09-12,1,Þór/KA,Þróttur R.,2,5,29,0.00725
2025-09-12,1,Þór/KA,Þróttur R.,2,6,10,0.0025
2025-09-12,1,Þór/KA,Þróttur R.,2,7,2,5e-4
2025-09-12,1,Þór/KA,Þróttur R.,2,8,1,2.5e-4
2025-09-12,1,Þór/KA,Þróttur R.,2,9,1,2.5e-4
2025-09-12,1,Þór/KA,Þróttur R.,3,0,75,0.01875
2025-09-12,1,Þór/KA,Þróttur R.,3,1,103,0.02575
2025-09-12,1,Þór/KA,Þróttur R.,3,2,114,0.0285
2025-09-12,1,Þór/KA,Þróttur R.,3,3,63,0.01575
2025-09-12,1,Þór/KA,Þróttur R.,3,4,34,0.0085
2025-09-12,1,Þór/KA,Þróttur R.,3,5,11,0.00275
2025-09-12,1,Þór/KA,Þróttur R.,3,6,5,0.00125
2025-09-12,1,Þór/KA,Þróttur R.,3,7,1,2.5e-4
2025-09-12,1,Þór/KA,Þróttur R.,4,0,31,0.00775
2025-09-12,1,Þór/KA,Þróttur R.,4,1,47,0.01175
2025-09-12,1,Þór/KA,Þróttur R.,4,2,40,0.01
2025-09-12,1,Þór/KA,Þróttur R.,4,3,34,0.0085
2025-09-12,1,Þór/KA,Þróttur R.,4,4,13,0.00325
2025-09-12,1,Þór/KA,Þróttur R.,4,5,2,5e-4
2025-09-12,1,Þór/KA,Þróttur R.,4,6,6,0.0015
2025-09-12,1,Þór/KA,Þróttur R.,5,0,10,0.0025
2025-09-12,1,Þór/KA,Þróttur R.,5,1,14,0.0035
2025-09-12,1,Þór/KA,Þróttur R.,5,2,12,0.003
2025-09-12,1,Þór/KA,Þróttur R.,5,3,10,0.0025
2025-09-12,1,Þór/KA,Þróttur R.,5,4,8,0.002
2025-09-12,1,Þór/KA,Þróttur R.,5,8,1,2.5e-4
2025-09-12,1,Þór/KA,Þróttur R.,6,1,6,0.0015
2025-09-12,1,Þór/KA,Þróttur R.,6,2,4,0.001
2025-09-12,1,Þór/KA,Þróttur R.,6,3,2,5e-4
2025-09-12,1,Þór/KA,Þróttur R.,6,4,3,7.5e-4
2025-09-12,1,Þór/KA,Þróttur R.,7,0,1,2.5e-4
2025-09-12,1,Þór/KA,Þróttur R.,7,1,1,2.5e-4
2025-09-12,1,Þór/KA,Þróttur R.,7,2,2,5e-4
2025-09-12,1,Þór/KA,Þróttur R.,7,4,2,5e-4
2025-09-12,1,Þór/KA,Þróttur R.,9,1,1,2.5e-4
2025-09-12,1,Þór/KA,Þróttur R.,9,4,1,2.5e-4
2025-09-14,1,FHL,Breiðablik,0,0,11,0.00275
2025-09-14,1,FHL,Breiðablik,0,1,55,0.01375
2025-09-14,1,FHL,Breiðablik,0,2,152,0.038
2025-09-14,1,FHL,Breiðablik,0,3,249,0.06225
2025-09-14,1,FHL,Breiðablik,0,4,312,0.078
2025-09-14,1,FHL,Breiðablik,0,5,321,0.08025
2025-09-14,1,FHL,Breiðablik,0,6,359,0.08975
2025-09-14,1,FHL,Breiðablik,0,7,290,0.0725
2025-09-14,1,FHL,Breiðablik,0,8,262,0.0655
2025-09-14,1,FHL,Breiðablik,0,9,182,0.0455
2025-09-14,1,FHL,Breiðablik,0,10,127,0.03175
2025-09-14,1,FHL,Breiðablik,0,11,83,0.02075
2025-09-14,1,FHL,Breiðablik,0,12,67,0.01675
2025-09-14,1,FHL,Breiðablik,0,13,34,0.0085
2025-09-14,1,FHL,Breiðablik,0,14,21,0.00525
2025-09-14,1,FHL,Breiðablik,0,15,11,0.00275
2025-09-14,1,FHL,Breiðablik,0,16,4,0.001
2025-09-14,1,FHL,Breiðablik,0,17,5,0.00125
2025-09-14,1,FHL,Breiðablik,0,21,1,2.5e-4
2025-09-14,1,FHL,Breiðablik,0,24,1,2.5e-4
2025-09-14,1,FHL,Breiðablik,1,0,4,0.001
2025-09-14,1,FHL,Breiðablik,1,1,20,0.005
2025-09-14,1,FHL,Breiðablik,1,2,68,0.017
2025-09-14,1,FHL,Breiðablik,1,3,102,0.0255
2025-09-14,1,FHL,Breiðablik,1,4,127,0.03175
2025-09-14,1,FHL,Breiðablik,1,5,154,0.0385
2025-09-14,1,FHL,Breiðablik,1,6,157,0.03925
2025-09-14,1,FHL,Breiðablik,1,7,124,0.031
2025-09-14,1,FHL,Breiðablik,1,8,127,0.03175
2025-09-14,1,FHL,Breiðablik,1,9,71,0.01775
2025-09-14,1,FHL,Breiðablik,1,10,58,0.0145
2025-09-14,1,FHL,Breiðablik,1,11,46,0.0115
2025-09-14,1,FHL,Breiðablik,1,12,23,0.00575
2025-09-14,1,FHL,Breiðablik,1,13,13,0.00325
2025-09-14,1,FHL,Breiðablik,1,14,10,0.0025
2025-09-14,1,FHL,Breiðablik,1,15,5,0.00125
2025-09-14,1,FHL,Breiðablik,1,16,3,7.5e-4
2025-09-14,1,FHL,Breiðablik,1,18,2,5e-4
2025-09-14,1,FHL,Breiðablik,1,19,1,2.5e-4
2025-09-14,1,FHL,Breiðablik,1,20,1,2.5e-4
2025-09-14,1,FHL,Breiðablik,2,1,8,0.002
2025-09-14,1,FHL,Breiðablik,2,2,24,0.006
2025-09-14,1,FHL,Breiðablik,2,3,29,0.00725
2025-09-14,1,FHL,Breiðablik,2,4,24,0.006
2025-09-14,1,FHL,Breiðablik,2,5,47,0.01175
2025-09-14,1,FHL,Breiðablik,2,6,33,0.00825
2025-09-14,1,FHL,Breiðablik,2,7,22,0.0055
2025-09-14,1,FHL,Breiðablik,2,8,33,0.00825
2025-09-14,1,FHL,Breiðablik,2,9,18,0.0045
2025-09-14,1,FHL,Breiðablik,2,10,12,0.003
2025-09-14,1,FHL,Breiðablik,2,11,10,0.0025
2025-09-14,1,FHL,Breiðablik,2,12,4,0.001
2025-09-14,1,FHL,Breiðablik,2,13,4,0.001
2025-09-14,1,FHL,Breiðablik,2,14,3,7.5e-4
2025-09-14,1,FHL,Breiðablik,2,16,1,2.5e-4
2025-09-14,1,FHL,Breiðablik,2,17,1,2.5e-4
2025-09-14,1,FHL,Breiðablik,3,0,3,7.5e-4
2025-09-14,1,FHL,Breiðablik,3,1,2,5e-4
2025-09-14,1,FHL,Breiðablik,3,2,4,0.001
2025-09-14,1,FHL,Breiðablik,3,3,7,0.00175
2025-09-14,1,FHL,Breiðablik,3,4,10,0.0025
2025-09-14,1,FHL,Breiðablik,3,5,7,0.00175
2025-09-14,1,FHL,Breiðablik,3,6,3,7.5e-4
2025-09-14,1,FHL,Breiðablik,3,7,6,0.0015
2025-09-14,1,FHL,Breiðablik,3,8,4,0.001
2025-09-14,1,FHL,Breiðablik,3,9,1,2.5e-4
2025-09-14,1,FHL,Breiðablik,3,10,2,5e-4
2025-09-14,1,FHL,Breiðablik,3,11,1,2.5e-4
2025-09-14,1,FHL,Breiðablik,3,15,1,2.5e-4
2025-09-14,1,FHL,Breiðablik,4,2,1,2.5e-4
2025-09-14,1,FHL,Breiðablik,4,6,1,2.5e-4
2025-09-14,1,FHL,Breiðablik,4,7,2,5e-4
2025-09-14,1,FHL,Breiðablik,4,8,1,2.5e-4
2025-09-14,1,FHL,Breiðablik,4,9,4,0.001
2025-09-14,1,FHL,Breiðablik,4,11,2,5e-4
2025-09-14,1,FHL,Breiðablik,5,3,1,2.5e-4
2025-09-14,1,FHL,Breiðablik,5,12,1,2.5e-4
2025-09-14,1,Valur,Tindastóll,0,0,239,0.05975
2025-09-14,1,Valur,Tindastóll,0,1,148,0.037
2025-09-14,1,Valur,Tindastóll,0,2,59,0.01475
2025-09-14,1,Valur,Tindastóll,0,3,14,0.0035
2025-09-14,1,Valur,Tindastóll,0,4,5,0.00125
2025-09-14,1,Valur,Tindastóll,1,0,428,0.107
2025-09-14,1,Valur,Tindastóll,1,1,318,0.0795
2025-09-14,1,Valur,Tindastóll,1,2,138,0.0345
2025-09-14,1,Valur,Tindastóll,1,3,33,0.00825
2025-09-14,1,Valur,Tindastóll,1,4,10,0.0025
2025-09-14,1,Valur,Tindastóll,1,5,2,5e-4
2025-09-14,1,Valur,Tindastóll,2,0,454,0.1135
2025-09-14,1,Valur,Tindastóll,2,1,338,0.0845
2025-09-14,1,Valur,Tindastóll,2,2,119,0.02975
2025-09-14,1,Valur,Tindastóll,2,3,41,0.01025
2025-09-14,1,Valur,Tindastóll,2,4,13,0.00325
2025-09-14,1,Valur,Tindastóll,2,5,2,5e-4
2025-09-14,1,Valur,Tindastóll,2,6,1,2.5e-4
2025-09-14,1,Valur,Tindastóll,3,0,347,0.08675
2025-09-14,1,Valur,Tindastóll,3,1,202,0.0505
2025-09-14,1,Valur,Tindastóll,3,2,75,0.01875
2025-09-14,1,Valur,Tindastóll,3,3,37,0.00925
2025-09-14,1,Valur,Tindastóll,3,4,8,0.002
2025-09-14,1,Valur,Tindastóll,4,0,227,0.05675
2025-09-14,1,Valur,Tindastóll,4,1,152,0.038
2025-09-14,1,Valur,Tindastóll,4,2,54,0.0135
2025-09-14,1,Valur,Tindastóll,4,3,29,0.00725
2025-09-14,1,Valur,Tindastóll,4,4,2,5e-4
2025-09-14,1,Valur,Tindastóll,4,5,2,5e-4
2025-09-14,1,Valur,Tindastóll,5,0,122,0.0305
2025-09-14,1,Valur,Tindastóll,5,1,80,0.02
2025-09-14,1,Valur,Tindastóll,5,2,40,0.01
2025-09-14,1,Valur,Tindastóll,5,3,13,0.00325
2025-09-14,1,Valur,Tindastóll,5,4,3,7.5e-4
2025-09-14,1,Valur,Tindastóll,5,5,1,2.5e-4
2025-09-14,1,Valur,Tindastóll,6,0,76,0.019
2025-09-14,1,Valur,Tindastóll,6,1,41,0.01025
2025-09-14,1,Valur,Tindastóll,6,2,11,0.00275
2025-09-14,1,Valur,Tindastóll,6,3,4,0.001
2025-09-14,1,Valur,Tindastóll,7,0,32,0.008
2025-09-14,1,Valur,Tindastóll,7,1,21,0.00525
2025-09-14,1,Valur,Tindastóll,7,2,8,0.002
2025-09-14,1,Valur,Tindastóll,7,3,1,2.5e-4
2025-09-14,1,Valur,Tindastóll,8,0,10,0.0025
2025-09-14,1,Valur,Tindastóll,8,1,12,0.003
2025-09-14,1,Valur,Tindastóll,8,2,2,5e-4
2025-09-14,1,Valur,Tindastóll,8,5,1,2.5e-4
2025-09-14,1,Valur,Tindastóll,9,0,8,0.002
2025-09-14,1,Valur,Tindastóll,9,1,3,7.5e-4
2025-09-14,1,Valur,Tindastóll,9,2,3,7.5e-4
2025-09-14,1,Valur,Tindastóll,10,0,3,7.5e-4
2025-09-14,1,Valur,Tindastóll,10,4,1,2.5e-4
2025-09-14,1,Valur,Tindastóll,11,0,2,5e-4
2025-09-14,1,Valur,Tindastóll,11,1,2,5e-4
2025-09-14,1,Valur,Tindastóll,11,2,1,2.5e-4
2025-09-14,1,Valur,Tindastóll,12,0,1,2.5e-4
2025-09-14,1,Valur,Tindastóll,12,2,1,2.5e-4
2025-09-20,1,Breiðablik,Þór/KA,0,0,82,0.0205
2025-09-20,1,Breiðablik,Þór/KA,0,1,49,0.01225
2025-09-20,1,Breiðablik,Þór/KA,0,2,20,0.005
2025-09-20,1,Breiðablik,Þór/KA,0,3,6,0.0015
2025-09-20,1,Breiðablik,Þór/KA,0,4,1,2.5e-4
2025-09-20,1,Breiðablik,Þór/KA,1,0,261,0.06525
2025-09-20,1,Breiðablik,Þór/KA,1,1,163,0.04075
2025-09-20,1,Breiðablik,Þór/KA,1,2,52,0.013
2025-09-20,1,Breiðablik,Þór/KA,1,3,15,0.00375
2025-09-20,1,Breiðablik,Þór/KA,1,4,4,0.001
2025-09-20,1,Breiðablik,Þór/KA,2,0,408,0.102
2025-09-20,1,Breiðablik,Þór/KA,2,1,272,0.068
2025-09-20,1,Breiðablik,Þór/KA,2,2,61,0.01525
2025-09-20,1,Breiðablik,Þór/KA,2,3,24,0.006
2025-09-20,1,Breiðablik,Þór/KA,2,4,9,0.00225
2025-09-20,1,Breiðablik,Þór/KA,2,5,1,2.5e-4
2025-09-20,1,Breiðablik,Þór/KA,3,0,377,0.09425
2025-09-20,1,Breiðablik,Þór/KA,3,1,239,0.05975
2025-09-20,1,Breiðablik,Þór/KA,3,2,82,0.0205
2025-09-20,1,Breiðablik,Þór/KA,3,3,23,0.00575
2025-09-20,1,Breiðablik,Þór/KA,3,4,6,0.0015
2025-09-20,1,Breiðablik,Þór/KA,3,6,1,2.5e-4
2025-09-20,1,Breiðablik,Þór/KA,4,0,332,0.083
2025-09-20,1,Breiðablik,Þór/KA,4,1,217,0.05425
2025-09-20,1,Breiðablik,Þór/KA,4,2,82,0.0205
2025-09-20,1,Breiðablik,Þór/KA,4,3,21,0.00525
2025-09-20,1,Breiðablik,Þór/KA,4,4,7,0.00175
2025-09-20,1,Breiðablik,Þór/KA,4,5,1,2.5e-4
2025-09-20,1,Breiðablik,Þór/KA,4,6,2,5e-4
2025-09-20,1,Breiðablik,Þór/KA,5,0,237,0.05925
2025-09-20,1,Breiðablik,Þór/KA,5,1,153,0.03825
2025-09-20,1,Breiðablik,Þór/KA,5,2,53,0.01325
2025-09-20,1,Breiðablik,Þór/KA,5,3,16,0.004
2025-09-20,1,Breiðablik,Þór/KA,5,4,6,0.0015
2025-09-20,1,Breiðablik,Þór/KA,5,5,1,2.5e-4
2025-09-20,1,Breiðablik,Þór/KA,6,0,160,0.04
2025-09-20,1,Breiðablik,Þór/KA,6,1,109,0.02725
2025-09-20,1,Breiðablik,Þór/KA,6,2,34,0.0085
2025-09-20,1,Breiðablik,Þór/KA,6,3,11,0.00275
2025-09-20,1,Breiðablik,Þór/KA,6,4,4,0.001
2025-09-20,1,Breiðablik,Þór/KA,7,0,94,0.0235
2025-09-20,1,Breiðablik,Þór/KA,7,1,64,0.016
2025-09-20,1,Breiðablik,Þór/KA,7,2,21,0.00525
2025-09-20,1,Breiðablik,Þór/KA,7,3,5,0.00125
2025-09-20,1,Breiðablik,Þór/KA,7,4,2,5e-4
2025-09-20,1,Breiðablik,Þór/KA,7,5,1,2.5e-4
2025-09-20,1,Breiðablik,Þór/KA,8,0,60,0.015
2025-09-20,1,Breiðablik,Þór/KA,8,1,33,0.00825
2025-09-20,1,Breiðablik,Þór/KA,8,2,16,0.004
2025-09-20,1,Breiðablik,Þór/KA,8,3,4,0.001
2025-09-20,1,Breiðablik,Þór/KA,8,5,2,5e-4
2025-09-20,1,Breiðablik,Þór/KA,9,0,23,0.00575
2025-09-20,1,Breiðablik,Þór/KA,9,1,17,0.00425
2025-09-20,1,Breiðablik,Þór/KA,9,2,5,0.00125
2025-09-20,1,Breiðablik,Þór/KA,9,3,1,2.5e-4
2025-09-20,1,Breiðablik,Þór/KA,10,0,12,0.003
2025-09-20,1,Breiðablik,Þór/KA,10,1,12,0.003
2025-09-20,1,Breiðablik,Þór/KA,10,2,1,2.5e-4
2025-09-20,1,Breiðablik,Þór/KA,10,3,2,5e-4
2025-09-20,1,Breiðablik,Þór/KA,10,4,2,5e-4
2025-09-20,1,Breiðablik,Þór/KA,11,0,7,0.00175
2025-09-20,1,Breiðablik,Þór/KA,11,1,4,0.001
2025-09-20,1,Breiðablik,Þór/KA,11,2,1,2.5e-4
2025-09-20,1,Breiðablik,Þór/KA,12,0,1,2.5e-4
2025-09-20,1,Breiðablik,Þór/KA,12,1,2,5e-4
2025-09-20,1,Breiðablik,Þór/KA,13,0,2,5e-4
2025-09-20,1,Breiðablik,Þór/KA,13,1,1,2.5e-4
2025-09-20,1,Breiðablik,Þór/KA,13,4,1,2.5e-4
2025-09-20,1,Breiðablik,Þór/KA,15,0,1,2.5e-4
2025-09-20,1,Breiðablik,Þór/KA,15,1,1,2.5e-4
2025-09-20,1,Fram,Valur,0,0,323,0.08075
2025-09-20,1,Fram,Valur,0,1,447,0.11175
2025-09-20,1,Fram,Valur,0,2,362,0.0905
2025-09-20,1,Fram,Valur,0,3,207,0.05175
2025-09-20,1,Fram,Valur,0,4,130,0.0325
2025-09-20,1,Fram,Valur,0,5,54,0.0135
2025-09-20,1,Fram,Valur,0,6,22,0.0055
2025-09-20,1,Fram,Valur,0,7,4,0.001
2025-09-20,1,Fram,Valur,0,8,2,5e-4
2025-09-20,1,Fram,Valur,1,0,270,0.0675
2025-09-20,1,Fram,Valur,1,1,393,0.09825
2025-09-20,1,Fram,Valur,1,2,336,0.084
2025-09-20,1,Fram,Valur,1,3,202,0.0505
2025-09-20,1,Fram,Valur,1,4,93,0.02325
2025-09-20,1,Fram,Valur,1,5,38,0.0095
2025-09-20,1,Fram,Valur,1,6,14,0.0035
2025-09-20,1,Fram,Valur,1,7,8,0.002
2025-09-20,1,Fram,Valur,1,8,5,0.00125
2025-09-20,1,Fram,Valur,2,0,117,0.02925
2025-09-20,1,Fram,Valur,2,1,205,0.05125
2025-09-20,1,Fram,Valur,2,2,193,0.04825
2025-09-20,1,Fram,Valur,2,3,101,0.02525
2025-09-20,1,Fram,Valur,2,4,38,0.0095
2025-09-20,1,Fram,Valur,2,5,19,0.00475
2025-09-20,1,Fram,Valur,2,6,8,0.002
2025-09-20,1,Fram,Valur,2,7,3,7.5e-4
2025-09-20,1,Fram,Valur,2,8,2,5e-4
2025-09-20,1,Fram,Valur,3,0,57,0.01425
2025-09-20,1,Fram,Valur,3,1,78,0.0195
2025-09-20,1,Fram,Valur,3,2,71,0.01775
2025-09-20,1,Fram,Valur,3,3,47,0.01175
2025-09-20,1,Fram,Valur,3,4,19,0.00475
2025-09-20,1,Fram,Valur,3,5,3,7.5e-4
2025-09-20,1,Fram,Valur,3,6,3,7.5e-4
2025-09-20,1,Fram,Valur,3,7,2,5e-4
2025-09-20,1,Fram,Valur,3,10,1,2.5e-4
2025-09-20,1,Fram,Valur,4,0,11,0.00275
2025-09-20,1,Fram,Valur,4,1,25,0.00625
2025-09-20,1,Fram,Valur,4,2,20,0.005
2025-09-20,1,Fram,Valur,4,3,18,0.0045
2025-09-20,1,Fram,Valur,4,4,7,0.00175
2025-09-20,1,Fram,Valur,4,5,5,0.00125
2025-09-20,1,Fram,Valur,4,6,2,5e-4
2025-09-20,1,Fram,Valur,4,8,1,2.5e-4
2025-09-20,1,Fram,Valur,5,0,4,0.001
2025-09-20,1,Fram,Valur,5,1,9,0.00225
2025-09-20,1,Fram,Valur,5,2,5,0.00125
2025-09-20,1,Fram,Valur,5,3,1,2.5e-4
2025-09-20,1,Fram,Valur,5,4,4,0.001
2025-09-20,1,Fram,Valur,5,5,1,2.5e-4
2025-09-20,1,Fram,Valur,5,6,1,2.5e-4
2025-09-20,1,Fram,Valur,6,1,4,0.001
2025-09-20,1,Fram,Valur,6,2,1,2.5e-4
2025-09-20,1,Fram,Valur,6,3,3,7.5e-4
2025-09-20,1,Fram,Valur,7,2,1,2.5e-4
2025-09-20,1,Tindastóll,FH,0,0,137,0.03425
2025-09-20,1,Tindastóll,FH,0,1,277,0.06925
2025-09-20,1,Tindastóll,FH,0,2,292,0.073
2025-09-20,1,Tindastóll,FH,0,3,228,0.057
2025-09-20,1,Tindastóll,FH,0,4,139,0.03475
2025-09-20,1,Tindastóll,FH,0,5,81,0.02025
2025-09-20,1,Tindastóll,FH,0,6,43,0.01075
2025-09-20,1,Tindastóll,FH,0,7,19,0.00475
2025-09-20,1,Tindastóll,FH,0,8,13,0.00325
2025-09-20,1,Tindastóll,FH,0,9,2,5e-4
2025-09-20,1,Tindastóll,FH,1,0,147,0.03675
2025-09-20,1,Tindastóll,FH,1,1,305,0.07625
2025-09-20,1,Tindastóll,FH,1,2,330,0.0825
2025-09-20,1,Tindastóll,FH,1,3,225,0.05625
2025-09-20,1,Tindastóll,FH,1,4,151,0.03775
2025-09-20,1,Tindastóll,FH,1,5,83,0.02075
2025-09-20,1,Tindastóll,FH,1,6,45,0.01125
2025-09-20,1,Tindastóll,FH,1,7,14,0.0035
2025-09-20,1,Tindastóll,FH,1,8,9,0.00225
2025-09-20,1,Tindastóll,FH,1,9,2,5e-4
2025-09-20,1,Tindastóll,FH,1,10,2,5e-4
2025-09-20,1,Tindastóll,FH,1,11,1,2.5e-4
2025-09-20,1,Tindastóll,FH,2,0,83,0.02075
2025-09-20,1,Tindastóll,FH,2,1,168,0.042
2025-09-20,1,Tindastóll,FH,2,2,208,0.052
2025-09-20,1,Tindastóll,FH,2,3,176,0.044
2025-09-20,1,Tindastóll,FH,2,4,104,0.026
2025-09-20,1,Tindastóll,FH,2,5,54,0.0135
2025-09-20,1,Tindastóll,FH,2,6,22,0.0055
2025-09-20,1,Tindastóll,FH,2,7,12,0.003
2025-09-20,1,Tindastóll,FH,2,8,2,5e-4
2025-09-20,1,Tindastóll,FH,2,9,2,5e-4
2025-09-20,1,Tindastóll,FH,3,0,37,0.00925
2025-09-20,1,Tindastóll,FH,3,1,76,0.019
2025-09-20,1,Tindastóll,FH,3,2,83,0.02075
2025-09-20,1,Tindastóll,FH,3,3,89,0.02225
2025-09-20,1,Tindastóll,FH,3,4,51,0.01275
2025-09-20,1,Tindastóll,FH,3,5,32,0.008
2025-09-20,1,Tindastóll,FH,3,6,9,0.00225
2025-09-20,1,Tindastóll,FH,3,7,9,0.00225
2025-09-20,1,Tindastóll,FH,3,8,1,2.5e-4
2025-09-20,1,Tindastóll,FH,3,9,1,2.5e-4
2025-09-20,1,Tindastóll,FH,3,10,1,2.5e-4
2025-09-20,1,Tindastóll,FH,4,0,15,0.00375
2025-09-20,1,Tindastóll,FH,4,1,42,0.0105
2025-09-20,1,Tindastóll,FH,4,2,30,0.0075
2025-09-20,1,Tindastóll,FH,4,3,24,0.006
2025-09-20,1,Tindastóll,FH,4,4,21,0.00525
2025-09-20,1,Tindastóll,FH,4,5,15,0.00375
2025-09-20,1,Tindastóll,FH,4,6,2,5e-4
2025-09-20,1,Tindastóll,FH,4,7,3,7.5e-4
2025-09-20,1,Tindastóll,FH,5,0,5,0.00125
2025-09-20,1,Tindastóll,FH,5,1,11,0.00275
2025-09-20,1,Tindastóll,FH,5,2,10,0.0025
2025-09-20,1,Tindastóll,FH,5,3,8,0.002
2025-09-20,1,Tindastóll,FH,5,4,14,0.0035
2025-09-20,1,Tindastóll,FH,5,5,3,7.5e-4
2025-09-20,1,Tindastóll,FH,5,6,4,0.001
2025-09-20,1,Tindastóll,FH,6,0,1,2.5e-4
2025-09-20,1,Tindastóll,FH,6,1,6,0.0015
2025-09-20,1,Tindastóll,FH,6,2,2,5e-4
2025-09-20,1,Tindastóll,FH,6,3,3,7.5e-4
2025-09-20,1,Tindastóll,FH,6,4,4,0.001
2025-09-20,1,Tindastóll,FH,6,5,2,5e-4
2025-09-20,1,Tindastóll,FH,6,7,1,2.5e-4
2025-09-20,1,Tindastóll,FH,7,1,3,7.5e-4
2025-09-20,1,Tindastóll,FH,7,2,1,2.5e-4
2025-09-20,1,Tindastóll,FH,7,3,1,2.5e-4
2025-09-20,1,Tindastóll,FH,7,4,1,2.5e-4
2025-09-20,1,Tindastóll,FH,7,7,1,2.5e-4
2025-09-20,1,Tindastóll,FH,8,2,1,2.5e-4
2025-09-20,1,Tindastóll,FH,8,3,1,2.5e-4
2025-09-20,1,Víkingur R.,FHL,0,0,150,0.0375
2025-09-20,1,Víkingur R.,FHL,0,1,91,0.02275
2025-09-20,1,Víkingur R.,FHL,0,2,33,0.00825
2025-09-20,1,Víkingur R.,FHL,0,3,13,0.00325
2025-09-20,1,Víkingur R.,FHL,0,4,2,5e-4
2025-09-20,1,Víkingur R.,FHL,1,0,345,0.08625
2025-09-20,1,Víkingur R.,FHL,1,1,231,0.05775
2025-09-20,1,Víkingur R.,FHL,1,2,86,0.0215
2025-09-20,1,Víkingur R.,FHL,1,3,24,0.006
2025-09-20,1,Víkingur R.,FHL,1,4,3,7.5e-4
2025-09-20,1,Víkingur R.,FHL,1,5,2,5e-4
2025-09-20,1,Víkingur R.,FHL,2,0,438,0.1095
2025-09-20,1,Víkingur R.,FHL,2,1,274,0.0685
2025-09-20,1,Víkingur R.,FHL,2,2,113,0.02825
2025-09-20,1,Víkingur R.,FHL,2,3,34,0.0085
2025-09-20,1,Víkingur R.,FHL,2,4,9,0.00225
2025-09-20,1,Víkingur R.,FHL,3,0,412,0.103
2025-09-20,1,Víkingur R.,FHL,3,1,247,0.06175
2025-09-20,1,Víkingur R.,FHL,3,2,92,0.023
2025-09-20,1,Víkingur R.,FHL,3,3,38,0.0095
2025-09-20,1,Víkingur R.,FHL,3,4,11,0.00275
2025-09-20,1,Víkingur R.,FHL,4,0,300,0.075
2025-09-20,1,Víkingur R.,FHL,4,1,202,0.0505
2025-09-20,1,Víkingur R.,FHL,4,2,57,0.01425
2025-09-20,1,Víkingur R.,FHL,4,3,15,0.00375
2025-09-20,1,Víkingur R.,FHL,4,4,6,0.0015
2025-09-20,1,Víkingur R.,FHL,4,5,2,5e-4
2025-09-20,1,Víkingur R.,FHL,4,6,2,5e-4
2025-09-20,1,Víkingur R.,FHL,5,0,197,0.04925
2025-09-20,1,Víkingur R.,FHL,5,1,112,0.028
2025-09-20,1,Víkingur R.,FHL,5,2,33,0.00825
2025-09-20,1,Víkingur R.,FHL,5,3,15,0.00375
2025-09-20,1,Víkingur R.,FHL,5,4,3,7.5e-4
2025-09-20,1,Víkingur R.,FHL,5,5,1,2.5e-4
2025-09-20,1,Víkingur R.,FHL,6,0,98,0.0245
2025-09-20,1,Víkingur R.,FHL,6,1,56,0.014
2025-09-20,1,Víkingur R.,FHL,6,2,30,0.0075
2025-09-20,1,Víkingur R.,FHL,6,3,4,0.001
2025-09-20,1,Víkingur R.,FHL,6,4,1,2.5e-4
2025-09-20,1,Víkingur R.,FHL,7,0,55,0.01375
2025-09-20,1,Víkingur R.,FHL,7,1,35,0.00875
2025-09-20,1,Víkingur R.,FHL,7,2,16,0.004
2025-09-20,1,Víkingur R.,FHL,7,3,6,0.0015
2025-09-20,1,Víkingur R.,FHL,7,4,2,5e-4
2025-09-20,1,Víkingur R.,FHL,7,5,1,2.5e-4
2025-09-20,1,Víkingur R.,FHL,8,0,37,0.00925
2025-09-20,1,Víkingur R.,FHL,8,1,19,0.00475
2025-09-20,1,Víkingur R.,FHL,8,2,8,0.002
2025-09-20,1,Víkingur R.,FHL,9,0,16,0.004
2025-09-20,1,Víkingur R.,FHL,9,1,4,0.001
2025-09-20,1,Víkingur R.,FHL,9,2,1,2.5e-4
2025-09-20,1,Víkingur R.,FHL,10,0,1,2.5e-4
2025-09-20,1,Víkingur R.,FHL,10,1,7,0.00175
2025-09-20,1,Víkingur R.,FHL,10,2,2,5e-4
2025-09-20,1,Víkingur R.,FHL,11,0,1,2.5e-4
2025-09-20,1,Víkingur R.,FHL,11,3,1,2.5e-4
2025-09-20,1,Víkingur R.,FHL,11,4,1,2.5e-4
2025-09-20,1,Víkingur R.,FHL,12,0,1,2.5e-4
2025-09-20,1,Víkingur R.,FHL,12,1,1,2.5e-4
2025-09-20,1,Víkingur R.,FHL,13,0,1,2.5e-4
2025-09-20,1,Víkingur R.,FHL,14,1,1,2.5e-4
2025-09-20,1,Víkingur R.,FHL,14,3,1,2.5e-4
2025-09-20,1,Þróttur R.,Stjarnan,0,0,238,0.0595
2025-09-20,1,Þróttur R.,Stjarnan,0,1,124,0.031
2025-09-20,1,Þróttur R.,Stjarnan,0,2,43,0.01075
2025-09-20,1,Þróttur R.,Stjarnan,0,3,16,0.004
2025-09-20,1,Þróttur R.,Stjarnan,0,5,2,5e-4
2025-09-20,1,Þróttur R.,Stjarnan,1,0,437,0.10925
2025-09-20,1,Þróttur R.,Stjarnan,1,1,253,0.06325
2025-09-20,1,Þróttur R.,Stjarnan,1,2,103,0.02575
2025-09-20,1,Þróttur R.,Stjarnan,1,3,30,0.0075
2025-09-20,1,Þróttur R.,Stjarnan,1,4,7,0.00175
2025-09-20,1,Þróttur R.,Stjarnan,2,0,430,0.1075
2025-09-20,1,Þróttur R.,Stjarnan,2,1,324,0.081
2025-09-20,1,Þróttur R.,Stjarnan,2,2,112,0.028
2025-09-20,1,Þróttur R.,Stjarnan,2,3,39,0.00975
2025-09-20,1,Þróttur R.,Stjarnan,2,4,7,0.00175
2025-09-20,1,Þróttur R.,Stjarnan,2,5,4,0.001
2025-09-20,1,Þróttur R.,Stjarnan,2,6,1,2.5e-4
2025-09-20,1,Þróttur R.,Stjarnan,3,0,363,0.09075
2025-09-20,1,Þróttur R.,Stjarnan,3,1,257,0.06425
2025-09-20,1,Þróttur R.,Stjarnan,3,2,106,0.0265
2025-09-20,1,Þróttur R.,Stjarnan,3,3,33,0.00825
2025-09-20,1,Þróttur R.,Stjarnan,3,4,5,0.00125
2025-09-20,1,Þróttur R.,Stjarnan,3,5,1,2.5e-4
2025-09-20,1,Þróttur R.,Stjarnan,4,0,224,0.056
2025-09-20,1,Þróttur R.,Stjarnan,4,1,185,0.04625
2025-09-20,1,Þróttur R.,Stjarnan,4,2,60,0.015
2025-09-20,1,Þróttur R.,Stjarnan,4,3,14,0.0035
2025-09-20,1,Þróttur R.,Stjarnan,4,4,7,0.00175
2025-09-20,1,Þróttur R.,Stjarnan,5,0,145,0.03625
2025-09-20,1,Þróttur R.,Stjarnan,5,1,91,0.02275
2025-09-20,1,Þróttur R.,Stjarnan,5,2,43,0.01075
2025-09-20,1,Þróttur R.,Stjarnan,5,3,13,0.00325
2025-09-20,1,Þróttur R.,Stjarnan,5,4,3,7.5e-4
2025-09-20,1,Þróttur R.,Stjarnan,5,5,1,2.5e-4
2025-09-20,1,Þróttur R.,Stjarnan,5,6,1,2.5e-4
2025-09-20,1,Þróttur R.,Stjarnan,6,0,83,0.02075
2025-09-20,1,Þróttur R.,Stjarnan,6,1,52,0.013
2025-09-20,1,Þróttur R.,Stjarnan,6,2,25,0.00625
2025-09-20,1,Þróttur R.,Stjarnan,6,3,5,0.00125
2025-09-20,1,Þróttur R.,Stjarnan,6,4,1,2.5e-4
2025-09-20,1,Þróttur R.,Stjarnan,7,0,31,0.00775
2025-09-20,1,Þróttur R.,Stjarnan,7,1,19,0.00475
2025-09-20,1,Þróttur R.,Stjarnan,7,2,10,0.0025
2025-09-20,1,Þróttur R.,Stjarnan,7,3,4,0.001
2025-09-20,1,Þróttur R.,Stjarnan,7,4,1,2.5e-4
2025-09-20,1,Þróttur R.,Stjarnan,8,0,15,0.00375
2025-09-20,1,Þróttur R.,Stjarnan,8,1,8,0.002
2025-09-20,1,Þróttur R.,Stjarnan,8,2,5,0.00125
2025-09-20,1,Þróttur R.,Stjarnan,8,3,1,2.5e-4
2025-09-20,1,Þróttur R.,Stjarnan,9,0,6,0.0015
2025-09-20,1,Þróttur R.,Stjarnan,9,1,6,0.0015
2025-09-20,1,Þróttur R.,Stjarnan,9,2,1,2.5e-4
2025-09-20,1,Þróttur R.,Stjarnan,10,0,1,2.5e-4
2025-09-20,1,Þróttur R.,Stjarnan,10,1,1,2.5e-4
2025-09-20,1,Þróttur R.,Stjarnan,11,1,1,2.5e-4
2025-09-20,1,Þróttur R.,Stjarnan,11,2,1,2.5e-4
2025-09-20,1,Þróttur R.,Stjarnan,12,0,1,2.5e-4
