date,division,home,away,home_goals,away_goals,n,p
2025-08-08,1,Þróttur R.,Víkingur R.,0,0,150,0.0375
2025-08-08,1,Þróttur R.,Víkingur R.,0,1,136,0.034
2025-08-08,1,Þróttur R.,Víkingur R.,0,2,59,0.01475
2025-08-08,1,Þróttur R.,Víkingur R.,0,3,16,0.004
2025-08-08,1,Þróttur R.,Víkingur R.,0,4,3,7.5e-4
2025-08-08,1,Þróttur R.,Víkingur R.,0,5,2,5e-4
2025-08-08,1,Þróttur R.,Víkingur R.,1,0,356,0.089
2025-08-08,1,Þróttur R.,Víkingur R.,1,1,297,0.07425
2025-08-08,1,Þróttur R.,Víkingur R.,1,2,113,0.02825
2025-08-08,1,Þróttur R.,Víkingur R.,1,3,32,0.008
2025-08-08,1,Þróttur R.,Víkingur R.,1,4,6,0.0015
2025-08-08,1,Þróttur R.,Víkingur R.,1,5,1,2.5e-4
2025-08-08,1,Þróttur R.,Víkingur R.,1,7,2,5e-4
2025-08-08,1,Þróttur R.,Víkingur R.,2,0,397,0.09925
2025-08-08,1,Þróttur R.,Víkingur R.,2,1,344,0.086
2025-08-08,1,Þróttur R.,Víkingur R.,2,2,133,0.03325
2025-08-08,1,Þróttur R.,Víkingur R.,2,3,41,0.01025
2025-08-08,1,Þróttur R.,Víkingur R.,2,4,10,0.0025
2025-08-08,1,Þróttur R.,Víkingur R.,2,5,2,5e-4
2025-08-08,1,Þróttur R.,Víkingur R.,3,0,330,0.0825
2025-08-08,1,Þróttur R.,Víkingur R.,3,1,246,0.0615
2025-08-08,1,Þróttur R.,Víkingur R.,3,2,103,0.02575
2025-08-08,1,Þróttur R.,Víkingur R.,3,3,42,0.0105
2025-08-08,1,Þróttur R.,Víkingur R.,3,4,5,0.00125
2025-08-08,1,Þróttur R.,Víkingur R.,3,5,3,7.5e-4
2025-08-08,1,Þróttur R.,Víkingur R.,3,6,1,2.5e-4
2025-08-08,1,Þróttur R.,Víkingur R.,4,0,237,0.05925
2025-08-08,1,Þróttur R.,Víkingur R.,4,1,163,0.04075
2025-08-08,1,Þróttur R.,Víkingur R.,4,2,89,0.02225
2025-08-08,1,Þróttur R.,Víkingur R.,4,3,17,0.00425
2025-08-08,1,Þróttur R.,Víkingur R.,4,4,9,0.00225
2025-08-08,1,Þróttur R.,Víkingur R.,4,5,1,2.5e-4
2025-08-08,1,Þróttur R.,Víkingur R.,5,0,150,0.0375
2025-08-08,1,Þróttur R.,Víkingur R.,5,1,94,0.0235
2025-08-08,1,Þróttur R.,Víkingur R.,5,2,54,0.0135
2025-08-08,1,Þróttur R.,Víkingur R.,5,3,22,0.0055
2025-08-08,1,Þróttur R.,Víkingur R.,5,4,7,0.00175
2025-08-08,1,Þróttur R.,Víkingur R.,5,5,1,2.5e-4
2025-08-08,1,Þróttur R.,Víkingur R.,5,6,1,2.5e-4
2025-08-08,1,Þróttur R.,Víkingur R.,6,0,91,0.02275
2025-08-08,1,Þróttur R.,Víkingur R.,6,1,56,0.014
2025-08-08,1,Þróttur R.,Víkingur R.,6,2,20,0.005
2025-08-08,1,Þróttur R.,Víkingur R.,6,3,5,0.00125
2025-08-08,1,Þróttur R.,Víkingur R.,6,4,6,0.0015
2025-08-08,1,Þróttur R.,Víkingur R.,6,5,1,2.5e-4
2025-08-08,1,Þróttur R.,Víkingur R.,6,6,1,2.5e-4
2025-08-08,1,Þróttur R.,Víkingur R.,7,0,38,0.0095
2025-08-08,1,Þróttur R.,Víkingur R.,7,1,34,0.0085
2025-08-08,1,Þróttur R.,Víkingur R.,7,2,15,0.00375
2025-08-08,1,Þróttur R.,Víkingur R.,7,3,2,5e-4
2025-08-08,1,Þróttur R.,Víkingur R.,7,4,3,7.5e-4
2025-08-08,1,Þróttur R.,Víkingur R.,8,0,19,0.00475
2025-08-08,1,Þróttur R.,Víkingur R.,8,1,10,0.0025
2025-08-08,1,Þróttur R.,Víkingur R.,8,2,6,0.0015
2025-08-08,1,Þróttur R.,Víkingur R.,8,3,2,5e-4
2025-08-08,1,Þróttur R.,Víkingur R.,9,0,3,7.5e-4
2025-08-08,1,Þróttur R.,Víkingur R.,9,1,5,0.00125
2025-08-08,1,Þróttur R.,Víkingur R.,9,2,2,5e-4
2025-08-08,1,Þróttur R.,Víkingur R.,10,0,1,2.5e-4
2025-08-08,1,Þróttur R.,Víkingur R.,10,1,1,2.5e-4
2025-08-08,1,Þróttur R.,Víkingur R.,10,2,2,5e-4
2025-08-08,1,Þróttur R.,Víkingur R.,11,0,1,2.5e-4
2025-08-08,1,Þróttur R.,Víkingur R.,11,1,1,2.5e-4
2025-08-09,1,FHL,FH,0,0,83,0.02075
2025-08-09,1,FHL,FH,0,1,217,0.05425
2025-08-09,1,FHL,FH,0,2,327,0.08175
2025-08-09,1,FHL,FH,0,3,383,0.09575
2025-08-09,1,FHL,FH,0,4,334,0.0835
2025-08-09,1,FHL,FH,0,5,216,0.054
2025-08-09,1,FHL,FH,0,6,148,0.037
2025-08-09,1,FHL,FH,0,7,96,0.024
2025-08-09,1,FHL,FH,0,8,56,0.014
2025-08-09,1,FHL,FH,0,9,31,0.00775
2025-08-09,1,FHL,FH,0,10,14,0.0035
2025-08-09,1,FHL,FH,0,11,6,0.0015
2025-08-09,1,FHL,FH,0,12,4,0.001
2025-08-09,1,FHL,FH,0,13,2,5e-4
2025-08-09,1,FHL,FH,0,15,1,2.5e-4
2025-08-09,1,FHL,FH,0,16,1,2.5e-4
2025-08-09,1,FHL,FH,1,0,44,0.011
2025-08-09,1,FHL,FH,1,1,158,0.0395
2025-08-09,1,FHL,FH,1,2,220,0.055
2025-08-09,1,FHL,FH,1,3,237,0.05925
2025-08-09,1,FHL,FH,1,4,226,0.0565
2025-08-09,1,FHL,FH,1,5,163,0.04075
2025-08-09,1,FHL,FH,1,6,108,0.027
2025-08-09,1,FHL,FH,1,7,64,0.016
2025-08-09,1,FHL,FH,1,8,42,0.0105
2025-08-09,1,FHL,FH,1,9,19,0.00475
2025-08-09,1,FHL,FH,1,10,11,0.00275
2025-08-09,1,FHL,FH,1,11,4,0.001
2025-08-09,1,FHL,FH,1,12,1,2.5e-4
2025-08-09,1,FHL,FH,1,13,1,2.5e-4
2025-08-09,1,FHL,FH,1,15,1,2.5e-4
2025-08-09,1,FHL,FH,2,0,22,0.0055
2025-08-09,1,FHL,FH,2,1,64,0.016
2025-08-09,1,FHL,FH,2,2,95,0.02375
2025-08-09,1,FHL,FH,2,3,115,0.02875
2025-08-09,1,FHL,FH,2,4,99,0.02475
2025-08-09,1,FHL,FH,2,5,70,0.0175
2025-08-09,1,FHL,FH,2,6,47,0.01175
2025-08-09,1,FHL,FH,2,7,24,0.006
2025-08-09,1,FHL,FH,2,8,18,0.0045
2025-08-09,1,FHL,FH,2,9,9,0.00225
2025-08-09,1,FHL,FH,2,10,5,0.00125
2025-08-09,1,FHL,FH,2,11,1,2.5e-4
2025-08-09,1,FHL,FH,2,13,1,2.5e-4
2025-08-09,1,FHL,FH,3,0,8,0.002
2025-08-09,1,FHL,FH,3,1,16,0.004
2025-08-09,1,FHL,FH,3,2,34,0.0085
2025-08-09,1,FHL,FH,3,3,29,0.00725
2025-08-09,1,FHL,FH,3,4,28,0.007
2025-08-09,1,FHL,FH,3,5,16,0.004
2025-08-09,1,FHL,FH,3,6,13,0.00325
2025-08-09,1,FHL,FH,3,7,6,0.0015
2025-08-09,1,FHL,FH,3,8,4,0.001
2025-08-09,1,FHL,FH,3,9,1,2.5e-4
2025-08-09,1,FHL,FH,3,11,2,5e-4
2025-08-09,1,FHL,FH,4,0,3,7.5e-4
2025-08-09,1,FHL,FH,4,1,1,2.5e-4
2025-08-09,1,FHL,FH,4,2,8,0.002
2025-08-09,1,FHL,FH,4,3,11,0.00275
2025-08-09,1,FHL,FH,4,4,5,0.00125
2025-08-09,1,FHL,FH,4,5,3,7.5e-4
2025-08-09,1,FHL,FH,4,6,2,5e-4
2025-08-09,1,FHL,FH,4,7,3,7.5e-4
2025-08-09,1,FHL,FH,4,8,1,2.5e-4
2025-08-09,1,FHL,FH,4,9,1,2.5e-4
2025-08-09,1,FHL,FH,5,3,3,7.5e-4
2025-08-09,1,FHL,FH,5,4,5,0.00125
2025-08-09,1,FHL,FH,5,8,1,2.5e-4
2025-08-09,1,FHL,FH,5,9,1,2.5e-4
2025-08-09,1,FHL,FH,6,4,2,5e-4
2025-08-09,1,FHL,FH,6,6,1,2.5e-4
2025-08-09,1,FHL,FH,6,7,2,5e-4
2025-08-09,1,FHL,FH,7,3,1,2.5e-4
2025-08-09,1,FHL,FH,7,7,1,2.5e-4
2025-08-10,2,KR,ÍBV,0,0,49,0.01225
2025-08-10,2,KR,ÍBV,0,1,45,0.01125
2025-08-10,2,KR,ÍBV,0,2,63,0.01575
2025-08-10,2,KR,ÍBV,0,3,50,0.0125
2025-08-10,2,KR,ÍBV,0,4,39,0.00975
2025-08-10,2,KR,ÍBV,0,5,18,0.0045
2025-08-10,2,KR,ÍBV,0,6,9,0.00225
2025-08-10,2,KR,ÍBV,0,7,4,0.001
2025-08-10,2,KR,ÍBV,0,8,3,7.5e-4
2025-08-10,2,KR,ÍBV,0,10,2,5e-4
2025-08-10,2,KR,ÍBV,1,0,55,0.01375
2025-08-10,2,KR,ÍBV,1,1,155,0.03875
2025-08-10,2,KR,ÍBV,1,2,158,0.0395
2025-08-10,2,KR,ÍBV,1,3,117,0.02925
2025-08-10,2,KR,ÍBV,1,4,57,0.01425
2025-08-10,2,KR,ÍBV,1,5,48,0.012
2025-08-10,2,KR,ÍBV,1,6,18,0.0045
2025-08-10,2,KR,ÍBV,1,7,3,7.5e-4
2025-08-10,2,KR,ÍBV,1,8,8,0.002
2025-08-10,2,KR,ÍBV,1,9,2,5e-4
2025-08-10,2,KR,ÍBV,1,10,1,2.5e-4
2025-08-10,2,KR,ÍBV,1,11,1,2.5e-4
2025-08-10,2,KR,ÍBV,2,0,75,0.01875
2025-08-10,2,KR,ÍBV,2,1,170,0.0425
2025-08-10,2,KR,ÍBV,2,2,193,0.04825
2025-08-10,2,KR,ÍBV,2,3,158,0.0395
2025-08-10,2,KR,ÍBV,2,4,102,0.0255
2025-08-10,2,KR,ÍBV,2,5,56,0.014
2025-08-10,2,KR,ÍBV,2,6,29,0.00725
2025-08-10,2,KR,ÍBV,2,7,17,0.00425
2025-08-10,2,KR,ÍBV,2,8,4,0.001
2025-08-10,2,KR,ÍBV,2,9,3,7.5e-4
2025-08-10,2,KR,ÍBV,2,10,1,2.5e-4
2025-08-10,2,KR,ÍBV,3,0,63,0.01575
2025-08-10,2,KR,ÍBV,3,1,184,0.046
2025-08-10,2,KR,ÍBV,3,2,161,0.04025
2025-08-10,2,KR,ÍBV,3,3,182,0.0455
2025-08-10,2,KR,ÍBV,3,4,107,0.02675
2025-08-10,2,KR,ÍBV,3,5,48,0.012
2025-08-10,2,KR,ÍBV,3,6,32,0.008
2025-08-10,2,KR,ÍBV,3,7,12,0.003
2025-08-10,2,KR,ÍBV,3,8,5,0.00125
2025-08-10,2,KR,ÍBV,3,9,3,7.5e-4
2025-08-10,2,KR,ÍBV,3,10,4,0.001
2025-08-10,2,KR,ÍBV,4,0,42,0.0105
2025-08-10,2,KR,ÍBV,4,1,122,0.0305
2025-08-10,2,KR,ÍBV,4,2,134,0.0335
2025-08-10,2,KR,ÍBV,4,3,124,0.031
2025-08-10,2,KR,ÍBV,4,4,113,0.02825
2025-08-10,2,KR,ÍBV,4,5,61,0.01525
2025-08-10,2,KR,ÍBV,4,6,19,0.00475
2025-08-10,2,KR,ÍBV,4,7,14,0.0035
2025-08-10,2,KR,ÍBV,4,8,6,0.0015
2025-08-10,2,KR,ÍBV,4,9,1,2.5e-4
2025-08-10,2,KR,ÍBV,5,0,37,0.00925
2025-08-10,2,KR,ÍBV,5,1,96,0.024
2025-08-10,2,KR,ÍBV,5,2,80,0.02
2025-08-10,2,KR,ÍBV,5,3,85,0.02125
2025-08-10,2,KR,ÍBV,5,4,57,0.01425
2025-08-10,2,KR,ÍBV,5,5,48,0.012
2025-08-10,2,KR,ÍBV,5,6,21,0.00525
2025-08-10,2,KR,ÍBV,5,7,10,0.0025
2025-08-10,2,KR,ÍBV,5,8,3,7.5e-4
2025-08-10,2,KR,ÍBV,5,10,1,2.5e-4
2025-08-10,2,KR,ÍBV,6,0,19,0.00475
2025-08-10,2,KR,ÍBV,6,1,30,0.0075
2025-08-10,2,KR,ÍBV,6,2,51,0.01275
2025-08-10,2,KR,ÍBV,6,3,46,0.0115
2025-08-10,2,KR,ÍBV,6,4,28,0.007
2025-08-10,2,KR,ÍBV,6,5,12,0.003
2025-08-10,2,KR,ÍBV,6,6,12,0.003
2025-08-10,2,KR,ÍBV,6,7,3,7.5e-4
2025-08-10,2,KR,ÍBV,6,8,1,2.5e-4
2025-08-10,2,KR,ÍBV,6,9,1,2.5e-4
2025-08-10,2,KR,ÍBV,7,0,10,0.0025
2025-08-10,2,KR,ÍBV,7,1,14,0.0035
2025-08-10,2,KR,ÍBV,7,2,28,0.007
2025-08-10,2,KR,ÍBV,7,3,28,0.007
2025-08-10,2,KR,ÍBV,7,4,13,0.00325
2025-08-10,2,KR,ÍBV,7,5,3,7.5e-4
2025-08-10,2,KR,ÍBV,7,6,2,5e-4
2025-08-10,2,KR,ÍBV,7,8,3,7.5e-4
2025-08-10,2,KR,ÍBV,7,11,1,2.5e-4
2025-08-10,2,KR,ÍBV,8,0,4,0.001
2025-08-10,2,KR,ÍBV,8,1,12,0.003
2025-08-10,2,KR,ÍBV,8,2,14,0.0035
2025-08-10,2,KR,ÍBV,8,3,11,0.00275
2025-08-10,2,KR,ÍBV,8,4,6,0.0015
2025-08-10,2,KR,ÍBV,8,6,6,0.0015
2025-08-10,2,KR,ÍBV,8,7,1,2.5e-4
2025-08-10,2,KR,ÍBV,9,0,2,5e-4
2025-08-10,2,KR,ÍBV,9,1,3,7.5e-4
2025-08-10,2,KR,ÍBV,9,2,8,0.002
2025-08-10,2,KR,ÍBV,9,3,5,0.00125
2025-08-10,2,KR,ÍBV,9,4,2,5e-4
2025-08-10,2,KR,ÍBV,9,5,4,0.001
2025-08-10,2,KR,ÍBV,9,8,1,2.5e-4
2025-08-10,2,KR,ÍBV,9,9,1,2.5e-4
2025-08-10,2,KR,ÍBV,10,0,3,7.5e-4
2025-08-10,2,KR,ÍBV,10,1,1,2.5e-4
2025-08-10,2,KR,ÍBV,10,2,3,7.5e-4
2025-08-10,2,KR,ÍBV,10,3,1,2.5e-4
2025-08-10,2,KR,ÍBV,10,4,1,2.5e-4
2025-08-10,2,KR,ÍBV,10,5,1,2.5e-4
2025-08-10,2,KR,ÍBV,10,7,1,2.5e-4
2025-08-10,2,KR,ÍBV,10,10,1,2.5e-4
2025-08-10,2,KR,ÍBV,11,0,1,2.5e-4
2025-08-10,2,KR,ÍBV,11,1,3,7.5e-4
2025-08-10,2,KR,ÍBV,11,2,1,2.5e-4
2025-08-10,2,KR,ÍBV,11,3,5,0.00125
2025-08-10,2,KR,ÍBV,11,4,1,2.5e-4
2025-08-10,2,KR,ÍBV,12,4,1,2.5e-4
2025-08-10,2,KR,ÍBV,13,3,1,2.5e-4
2025-08-10,2,KR,ÍBV,13,13,1,2.5e-4
2025-08-10,2,KR,ÍBV,16,6,1,2.5e-4
2025-08-12,1,FH,Þór/KA,0,0,222,0.0555
2025-08-12,1,FH,Þór/KA,0,1,185,0.04625
2025-08-12,1,FH,Þór/KA,0,2,107,0.02675
2025-08-12,1,FH,Þór/KA,0,3,55,0.01375
2025-08-12,1,FH,Þór/KA,0,4,18,0.0045
2025-08-12,1,FH,Þór/KA,0,5,7,0.00175
2025-08-12,1,FH,Þór/KA,0,6,2,5e-4
2025-08-12,1,FH,Þór/KA,1,0,342,0.0855
2025-08-12,1,FH,Þór/KA,1,1,372,0.093
2025-08-12,1,FH,Þór/KA,1,2,220,0.055
2025-08-12,1,FH,Þór/KA,1,3,105,0.02625
2025-08-12,1,FH,Þór/KA,1,4,34,0.0085
2025-08-12,1,FH,Þór/KA,1,5,5,0.00125
2025-08-12,1,FH,Þór/KA,1,6,5,0.00125
2025-08-12,1,FH,Þór/KA,1,7,2,5e-4
2025-08-12,1,FH,Þór/KA,2,0,303,0.07575
2025-08-12,1,FH,Þór/KA,2,1,310,0.0775
2025-08-12,1,FH,Þór/KA,2,2,195,0.04875
2025-08-12,1,FH,Þór/KA,2,3,82,0.0205
2025-08-12,1,FH,Þór/KA,2,4,40,0.01
2025-08-12,1,FH,Þór/KA,2,5,7,0.00175
2025-08-12,1,FH,Þór/KA,2,6,1,2.5e-4
2025-08-12,1,FH,Þór/KA,3,0,205,0.05125
2025-08-12,1,FH,Þór/KA,3,1,215,0.05375
2025-08-12,1,FH,Þór/KA,3,2,139,0.03475
2025-08-12,1,FH,Þór/KA,3,3,82,0.0205
2025-08-12,1,FH,Þór/KA,3,4,23,0.00575
2025-08-12,1,FH,Þór/KA,3,5,10,0.0025
2025-08-12,1,FH,Þór/KA,3,6,3,7.5e-4
2025-08-12,1,FH,Þór/KA,4,0,98,0.0245
2025-08-12,1,FH,Þór/KA,4,1,123,0.03075
2025-08-12,1,FH,Þór/KA,4,2,85,0.02125
2025-08-12,1,FH,Þór/KA,4,3,36,0.009
2025-08-12,1,FH,Þór/KA,4,4,18,0.0045
2025-08-12,1,FH,Þór/KA,4,5,1,2.5e-4
2025-08-12,1,FH,Þór/KA,4,6,1,2.5e-4
2025-08-12,1,FH,Þór/KA,5,0,59,0.01475
2025-08-12,1,FH,Þór/KA,5,1,67,0.01675
2025-08-12,1,FH,Þór/KA,5,2,41,0.01025
2025-08-12,1,FH,Þór/KA,5,3,17,0.00425
2025-08-12,1,FH,Þór/KA,5,4,2,5e-4
2025-08-12,1,FH,Þór/KA,5,5,3,7.5e-4
2025-08-12,1,FH,Þór/KA,5,7,1,2.5e-4
2025-08-12,1,FH,Þór/KA,6,0,24,0.006
2025-08-12,1,FH,Þór/KA,6,1,33,0.00825
2025-08-12,1,FH,Þór/KA,6,2,23,0.00575
2025-08-12,1,FH,Þór/KA,6,3,8,0.002
2025-08-12,1,FH,Þór/KA,6,4,5,0.00125
2025-08-12,1,FH,Þór/KA,6,5,2,5e-4
2025-08-12,1,FH,Þór/KA,6,6,1,2.5e-4
2025-08-12,1,FH,Þór/KA,7,0,12,0.003
2025-08-12,1,FH,Þór/KA,7,1,12,0.003
2025-08-12,1,FH,Þór/KA,7,2,5,0.00125
2025-08-12,1,FH,Þór/KA,7,3,2,5e-4
2025-08-12,1,FH,Þór/KA,7,5,2,5e-4
2025-08-12,1,FH,Þór/KA,8,0,5,0.00125
2025-08-12,1,FH,Þór/KA,8,1,7,0.00175
2025-08-12,1,FH,Þór/KA,8,2,3,7.5e-4
2025-08-12,1,FH,Þór/KA,8,3,1,2.5e-4
2025-08-12,1,FH,Þór/KA,8,4,1,2.5e-4
2025-08-12,1,FH,Þór/KA,8,5,1,2.5e-4
2025-08-12,1,FH,Þór/KA,9,2,2,5e-4
2025-08-12,1,FH,Þór/KA,9,4,1,2.5e-4
2025-08-12,1,FH,Þór/KA,11,1,1,2.5e-4
2025-08-12,1,FH,Þór/KA,12,2,1,2.5e-4
2025-08-12,1,FHL,Fram,0,0,214,0.0535
2025-08-12,1,FHL,Fram,0,1,330,0.0825
2025-08-12,1,FHL,Fram,0,2,298,0.0745
2025-08-12,1,FHL,Fram,0,3,195,0.04875
2025-08-12,1,FHL,Fram,0,4,122,0.0305
2025-08-12,1,FHL,Fram,0,5,47,0.01175
2025-08-12,1,FHL,Fram,0,6,18,0.0045
2025-08-12,1,FHL,Fram,0,7,9,0.00225
2025-08-12,1,FHL,Fram,0,8,4,0.001
2025-08-12,1,FHL,Fram,0,9,2,5e-4
2025-08-12,1,FHL,Fram,0,10,1,2.5e-4
2025-08-12,1,FHL,Fram,1,0,215,0.05375
2025-08-12,1,FHL,Fram,1,1,348,0.087
2025-08-12,1,FHL,Fram,1,2,297,0.07425
2025-08-12,1,FHL,Fram,1,3,211,0.05275
2025-08-12,1,FHL,Fram,1,4,126,0.0315
2025-08-12,1,FHL,Fram,1,5,50,0.0125
2025-08-12,1,FHL,Fram,1,6,19,0.00475
2025-08-12,1,FHL,Fram,1,7,13,0.00325
2025-08-12,1,FHL,Fram,1,8,2,5e-4
2025-08-12,1,FHL,Fram,1,9,2,5e-4
2025-08-12,1,FHL,Fram,1,14,1,2.5e-4
2025-08-12,1,FHL,Fram,2,0,118,0.0295
2025-08-12,1,FHL,Fram,2,1,208,0.052
2025-08-12,1,FHL,Fram,2,2,194,0.0485
2025-08-12,1,FHL,Fram,2,3,161,0.04025
2025-08-12,1,FHL,Fram,2,4,59,0.01475
2025-08-12,1,FHL,Fram,2,5,35,0.00875
2025-08-12,1,FHL,Fram,2,6,12,0.003
2025-08-12,1,FHL,Fram,2,7,5,0.00125
2025-08-12,1,FHL,Fram,2,8,3,7.5e-4
2025-08-12,1,FHL,Fram,2,9,1,2.5e-4
2025-08-12,1,FHL,Fram,3,0,67,0.01675
2025-08-12,1,FHL,Fram,3,1,105,0.02625
2025-08-12,1,FHL,Fram,3,2,101,0.02525
2025-08-12,1,FHL,Fram,3,3,78,0.0195
2025-08-12,1,FHL,Fram,3,4,32,0.008
2025-08-12,1,FHL,Fram,3,5,16,0.004
2025-08-12,1,FHL,Fram,3,6,9,0.00225
2025-08-12,1,FHL,Fram,3,7,3,7.5e-4
2025-08-12,1,FHL,Fram,3,8,2,5e-4
2025-08-12,1,FHL,Fram,4,0,20,0.005
2025-08-12,1,FHL,Fram,4,1,36,0.009
2025-08-12,1,FHL,Fram,4,2,44,0.011
2025-08-12,1,FHL,Fram,4,3,42,0.0105
2025-08-12,1,FHL,Fram,4,4,15,0.00375
2025-08-12,1,FHL,Fram,4,5,6,0.0015
2025-08-12,1,FHL,Fram,4,6,2,5e-4
2025-08-12,1,FHL,Fram,4,8,2,5e-4
2025-08-12,1,FHL,Fram,4,9,1,2.5e-4
2025-08-12,1,FHL,Fram,4,10,1,2.5e-4
2025-08-12,1,FHL,Fram,5,0,8,0.002
2025-08-12,1,FHL,Fram,5,1,14,0.0035
2025-08-12,1,FHL,Fram,5,2,14,0.0035
2025-08-12,1,FHL,Fram,5,3,9,0.00225
2025-08-12,1,FHL,Fram,5,4,6,0.0015
2025-08-12,1,FHL,Fram,5,5,8,0.002
2025-08-12,1,FHL,Fram,5,6,2,5e-4
2025-08-12,1,FHL,Fram,5,8,1,2.5e-4
2025-08-12,1,FHL,Fram,5,9,1,2.5e-4
2025-08-12,1,FHL,Fram,6,0,6,0.0015
2025-08-12,1,FHL,Fram,6,1,3,7.5e-4
2025-08-12,1,FHL,Fram,6,2,5,0.00125
2025-08-12,1,FHL,Fram,6,3,5,0.00125
2025-08-12,1,FHL,Fram,6,4,3,7.5e-4
2025-08-12,1,FHL,Fram,6,5,2,5e-4
2025-08-12,1,FHL,Fram,7,0,1,2.5e-4
2025-08-12,1,FHL,Fram,7,1,2,5e-4
2025-08-12,1,FHL,Fram,7,3,1,2.5e-4
2025-08-12,1,FHL,Fram,7,4,1,2.5e-4
2025-08-12,1,FHL,Fram,7,6,1,2.5e-4
2025-08-12,1,FHL,Fram,7,7,3,7.5e-4
2025-08-12,1,FHL,Fram,7,8,1,2.5e-4
2025-08-12,1,FHL,Fram,9,4,1,2.5e-4
2025-08-12,1,Víkingur R.,Breiðablik,0,0,74,0.0185
2025-08-12,1,Víkingur R.,Breiðablik,0,1,201,0.05025
2025-08-12,1,Víkingur R.,Breiðablik,0,2,292,0.073
2025-08-12,1,Víkingur R.,Breiðablik,0,3,363,0.09075
2025-08-12,1,Víkingur R.,Breiðablik,0,4,304,0.076
2025-08-12,1,Víkingur R.,Breiðablik,0,5,268,0.067
2025-08-12,1,Víkingur R.,Breiðablik,0,6,193,0.04825
2025-08-12,1,Víkingur R.,Breiðablik,0,7,121,0.03025
2025-08-12,1,Víkingur R.,Breiðablik,0,8,59,0.01475
2025-08-12,1,Víkingur R.,Breiðablik,0,9,44,0.011
2025-08-12,1,Víkingur R.,Breiðablik,0,10,20,0.005
2025-08-12,1,Víkingur R.,Breiðablik,0,11,20,0.005
2025-08-12,1,Víkingur R.,Breiðablik,0,12,9,0.00225
2025-08-12,1,Víkingur R.,Breiðablik,0,13,1,2.5e-4
2025-08-12,1,Víkingur R.,Breiðablik,0,14,2,5e-4
2025-08-12,1,Víkingur R.,Breiðablik,1,0,32,0.008
2025-08-12,1,Víkingur R.,Breiðablik,1,1,113,0.02825
2025-08-12,1,Víkingur R.,Breiðablik,1,2,216,0.054
2025-08-12,1,Víkingur R.,Breiðablik,1,3,200,0.05
2025-08-12,1,Víkingur R.,Breiðablik,1,4,234,0.0585
2025-08-12,1,Víkingur R.,Breiðablik,1,5,166,0.0415
2025-08-12,1,Víkingur R.,Breiðablik,1,6,122,0.0305
2025-08-12,1,Víkingur R.,Breiðablik,1,7,72,0.018
2025-08-12,1,Víkingur R.,Breiðablik,1,8,52,0.013
2025-08-12,1,Víkingur R.,Breiðablik,1,9,30,0.0075
2025-08-12,1,Víkingur R.,Breiðablik,1,10,27,0.00675
2025-08-12,1,Víkingur R.,Breiðablik,1,11,12,0.003
2025-08-12,1,Víkingur R.,Breiðablik,1,12,3,7.5e-4
2025-08-12,1,Víkingur R.,Breiðablik,1,13,3,7.5e-4
2025-08-12,1,Víkingur R.,Breiðablik,1,14,2,5e-4
2025-08-12,1,Víkingur R.,Breiðablik,2,0,13,0.00325
2025-08-12,1,Víkingur R.,Breiðablik,2,1,47,0.01175
2025-08-12,1,Víkingur R.,Breiðablik,2,2,85,0.02125
2025-08-12,1,Víkingur R.,Breiðablik,2,3,102,0.0255
2025-08-12,1,Víkingur R.,Breiðablik,2,4,99,0.02475
2025-08-12,1,Víkingur R.,Breiðablik,2,5,68,0.017
2025-08-12,1,Víkingur R.,Breiðablik,2,6,65,0.01625
2025-08-12,1,Víkingur R.,Breiðablik,2,7,34,0.0085
2025-08-12,1,Víkingur R.,Breiðablik,2,8,27,0.00675
2025-08-12,1,Víkingur R.,Breiðablik,2,9,9,0.00225
2025-08-12,1,Víkingur R.,Breiðablik,2,10,6,0.0015
2025-08-12,1,Víkingur R.,Breiðablik,2,11,3,7.5e-4
2025-08-12,1,Víkingur R.,Breiðablik,2,12,2,5e-4
2025-08-12,1,Víkingur R.,Breiðablik,3,0,5,0.00125
2025-08-12,1,Víkingur R.,Breiðablik,3,1,12,0.003
2025-08-12,1,Víkingur R.,Breiðablik,3,2,24,0.006
2025-08-12,1,Víkingur R.,Breiðablik,3,3,29,0.00725
2025-08-12,1,Víkingur R.,Breiðablik,3,4,18,0.0045
2025-08-12,1,Víkingur R.,Breiðablik,3,5,18,0.0045
2025-08-12,1,Víkingur R.,Breiðablik,3,6,11,0.00275
2025-08-12,1,Víkingur R.,Breiðablik,3,7,5,0.00125
2025-08-12,1,Víkingur R.,Breiðablik,3,8,6,0.0015
2025-08-12,1,Víkingur R.,Breiðablik,3,10,2,5e-4
2025-08-12,1,Víkingur R.,Breiðablik,3,11,1,2.5e-4
2025-08-12,1,Víkingur R.,Breiðablik,4,1,3,7.5e-4
2025-08-12,1,Víkingur R.,Breiðablik,4,2,4,0.001
2025-08-12,1,Víkingur R.,Breiðablik,4,3,7,0.00175
2025-08-12,1,Víkingur R.,Breiðablik,4,4,8,0.002
2025-08-12,1,Víkingur R.,Breiðablik,4,5,8,0.002
2025-08-12,1,Víkingur R.,Breiðablik,4,6,4,0.001
2025-08-12,1,Víkingur R.,Breiðablik,4,7,3,7.5e-4
2025-08-12,1,Víkingur R.,Breiðablik,4,8,2,5e-4
2025-08-12,1,Víkingur R.,Breiðablik,4,9,2,5e-4
2025-08-12,1,Víkingur R.,Breiðablik,4,10,1,2.5e-4
2025-08-12,1,Víkingur R.,Breiðablik,4,11,1,2.5e-4
2025-08-12,1,Víkingur R.,Breiðablik,4,12,1,2.5e-4
2025-08-12,1,Víkingur R.,Breiðablik,5,1,2,5e-4
2025-08-12,1,Víkingur R.,Breiðablik,5,2,3,7.5e-4
2025-08-12,1,Víkingur R.,Breiðablik,5,4,1,2.5e-4
2025-08-12,1,Víkingur R.,Breiðablik,5,8,1,2.5e-4
2025-08-12,1,Víkingur R.,Breiðablik,5,9,1,2.5e-4
2025-08-12,1,Víkingur R.,Breiðablik,5,10,1,2.5e-4
2025-08-12,1,Víkingur R.,Breiðablik,5,11,1,2.5e-4
2025-08-13,1,Valur,Stjarnan,0,0,465,0.11625
2025-08-13,1,Valur,Stjarnan,0,1,303,0.07575
2025-08-13,1,Valur,Stjarnan,0,2,111,0.02775
2025-08-13,1,Valur,Stjarnan,0,3,32,0.008
2025-08-13,1,Valur,Stjarnan,0,4,2,5e-4
2025-08-13,1,Valur,Stjarnan,0,5,2,5e-4
2025-08-13,1,Valur,Stjarnan,0,6,1,2.5e-4
2025-08-13,1,Valur,Stjarnan,1,0,596,0.149
2025-08-13,1,Valur,Stjarnan,1,1,417,0.10425
2025-08-13,1,Valur,Stjarnan,1,2,152,0.038
2025-08-13,1,Valur,Stjarnan,1,3,40,0.01
2025-08-13,1,Valur,Stjarnan,1,4,16,0.004
2025-08-13,1,Valur,Stjarnan,1,5,4,0.001
2025-08-13,1,Valur,Stjarnan,2,0,434,0.1085
2025-08-13,1,Valur,Stjarnan,2,1,306,0.0765
2025-08-13,1,Valur,Stjarnan,2,2,143,0.03575
2025-08-13,1,Valur,Stjarnan,2,3,32,0.008
2025-08-13,1,Valur,Stjarnan,2,4,12,0.003
2025-08-13,1,Valur,Stjarnan,2,5,3,7.5e-4
2025-08-13,1,Valur,Stjarnan,2,7,1,2.5e-4
2025-08-13,1,Valur,Stjarnan,3,0,237,0.05925
2025-08-13,1,Valur,Stjarnan,3,1,177,0.04425
2025-08-13,1,Valur,Stjarnan,3,2,76,0.019
2025-08-13,1,Valur,Stjarnan,3,3,25,0.00625
2025-08-13,1,Valur,Stjarnan,3,4,4,0.001
2025-08-13,1,Valur,Stjarnan,3,5,1,2.5e-4
2025-08-13,1,Valur,Stjarnan,4,0,124,0.031
2025-08-13,1,Valur,Stjarnan,4,1,76,0.019
2025-08-13,1,Valur,Stjarnan,4,2,28,0.007
2025-08-13,1,Valur,Stjarnan,4,3,13,0.00325
2025-08-13,1,Valur,Stjarnan,4,4,6,0.0015
2025-08-13,1,Valur,Stjarnan,4,5,2,5e-4
2025-08-13,1,Valur,Stjarnan,5,0,48,0.012
2025-08-13,1,Valur,Stjarnan,5,1,30,0.0075
2025-08-13,1,Valur,Stjarnan,5,2,14,0.0035
2025-08-13,1,Valur,Stjarnan,5,3,6,0.0015
2025-08-13,1,Valur,Stjarnan,5,4,3,7.5e-4
2025-08-13,1,Valur,Stjarnan,5,5,2,5e-4
2025-08-13,1,Valur,Stjarnan,6,0,27,0.00675
2025-08-13,1,Valur,Stjarnan,6,1,12,0.003
2025-08-13,1,Valur,Stjarnan,6,2,3,7.5e-4
2025-08-13,1,Valur,Stjarnan,6,3,1,2.5e-4
2025-08-13,1,Valur,Stjarnan,7,0,3,7.5e-4
2025-08-13,1,Valur,Stjarnan,7,1,3,7.5e-4
2025-08-13,1,Valur,Stjarnan,7,2,2,5e-4
2025-08-13,1,Valur,Stjarnan,7,4,2,5e-4
2025-08-13,1,Valur,Stjarnan,8,1,2,5e-4
2025-08-13,1,Valur,Stjarnan,9,0,1,2.5e-4
2025-08-14,1,Tindastóll,Þróttur R.,0,0,182,0.0455
2025-08-14,1,Tindastóll,Þróttur R.,0,1,357,0.08925
2025-08-14,1,Tindastóll,Þróttur R.,0,2,368,0.092
2025-08-14,1,Tindastóll,Þróttur R.,0,3,326,0.0815
2025-08-14,1,Tindastóll,Þróttur R.,0,4,199,0.04975
2025-08-14,1,Tindastóll,Þróttur R.,0,5,142,0.0355
2025-08-14,1,Tindastóll,Þróttur R.,0,6,52,0.013
2025-08-14,1,Tindastóll,Þróttur R.,0,7,20,0.005
2025-08-14,1,Tindastóll,Þróttur R.,0,8,14,0.0035
2025-08-14,1,Tindastóll,Þróttur R.,0,9,7,0.00175
2025-08-14,1,Tindastóll,Þróttur R.,0,10,2,5e-4
2025-08-14,1,Tindastóll,Þróttur R.,0,11,1,2.5e-4
2025-08-14,1,Tindastóll,Þróttur R.,0,12,1,2.5e-4
2025-08-14,1,Tindastóll,Þróttur R.,1,0,134,0.0335
2025-08-14,1,Tindastóll,Þróttur R.,1,1,280,0.07
2025-08-14,1,Tindastóll,Þróttur R.,1,2,330,0.0825
2025-08-14,1,Tindastóll,Þróttur R.,1,3,265,0.06625
2025-08-14,1,Tindastóll,Þróttur R.,1,4,168,0.042
2025-08-14,1,Tindastóll,Þróttur R.,1,5,97,0.02425
2025-08-14,1,Tindastóll,Þróttur R.,1,6,59,0.01475
2025-08-14,1,Tindastóll,Þróttur R.,1,7,34,0.0085
2025-08-14,1,Tindastóll,Þróttur R.,1,8,10,0.0025
2025-08-14,1,Tindastóll,Þróttur R.,1,9,4,0.001
2025-08-14,1,Tindastóll,Þróttur R.,1,10,1,2.5e-4
2025-08-14,1,Tindastóll,Þróttur R.,1,13,1,2.5e-4
2025-08-14,1,Tindastóll,Þróttur R.,2,0,51,0.01275
2025-08-14,1,Tindastóll,Þróttur R.,2,1,119,0.02975
2025-08-14,1,Tindastóll,Þróttur R.,2,2,148,0.037
2025-08-14,1,Tindastóll,Þróttur R.,2,3,112,0.028
2025-08-14,1,Tindastóll,Þróttur R.,2,4,81,0.02025
2025-08-14,1,Tindastóll,Þróttur R.,2,5,48,0.012
2025-08-14,1,Tindastóll,Þróttur R.,2,6,21,0.00525
2025-08-14,1,Tindastóll,Þróttur R.,2,7,23,0.00575
2025-08-14,1,Tindastóll,Þróttur R.,2,8,4,0.001
2025-08-14,1,Tindastóll,Þróttur R.,2,9,6,0.0015
2025-08-14,1,Tindastóll,Þróttur R.,2,10,2,5e-4
2025-08-14,1,Tindastóll,Þróttur R.,3,0,17,0.00425
2025-08-14,1,Tindastóll,Þróttur R.,3,1,61,0.01525
2025-08-14,1,Tindastóll,Þróttur R.,3,2,51,0.01275
2025-08-14,1,Tindastóll,Þróttur R.,3,3,47,0.01175
2025-08-14,1,Tindastóll,Þróttur R.,3,4,30,0.0075
2025-08-14,1,Tindastóll,Þróttur R.,3,5,16,0.004
2025-08-14,1,Tindastóll,Þróttur R.,3,6,12,0.003
2025-08-14,1,Tindastóll,Þróttur R.,3,7,3,7.5e-4
2025-08-14,1,Tindastóll,Þróttur R.,3,8,2,5e-4
2025-08-14,1,Tindastóll,Þróttur R.,3,9,1,2.5e-4
2025-08-14,1,Tindastóll,Þróttur R.,3,11,1,2.5e-4
2025-08-14,1,Tindastóll,Þróttur R.,4,0,4,0.001
2025-08-14,1,Tindastóll,Þróttur R.,4,1,12,0.003
2025-08-14,1,Tindastóll,Þróttur R.,4,2,10,0.0025
2025-08-14,1,Tindastóll,Þróttur R.,4,3,16,0.004
2025-08-14,1,Tindastóll,Þróttur R.,4,4,10,0.0025
2025-08-14,1,Tindastóll,Þróttur R.,4,5,6,0.0015
2025-08-14,1,Tindastóll,Þróttur R.,4,6,3,7.5e-4
2025-08-14,1,Tindastóll,Þróttur R.,4,7,2,5e-4
2025-08-14,1,Tindastóll,Þróttur R.,5,0,1,2.5e-4
2025-08-14,1,Tindastóll,Þróttur R.,5,1,4,0.001
2025-08-14,1,Tindastóll,Þróttur R.,5,2,7,0.00175
2025-08-14,1,Tindastóll,Þróttur R.,5,3,3,7.5e-4
2025-08-14,1,Tindastóll,Þróttur R.,5,4,1,2.5e-4
2025-08-14,1,Tindastóll,Þróttur R.,5,5,5,0.00125
2025-08-14,1,Tindastóll,Þróttur R.,5,6,1,2.5e-4
2025-08-14,1,Tindastóll,Þróttur R.,5,7,1,2.5e-4
2025-08-14,1,Tindastóll,Þróttur R.,6,1,1,2.5e-4
2025-08-14,1,Tindastóll,Þróttur R.,6,2,1,2.5e-4
2025-08-14,1,Tindastóll,Þróttur R.,6,3,1,2.5e-4
2025-08-14,1,Tindastóll,Þróttur R.,6,4,1,2.5e-4
2025-08-14,2,Afturelding,Fylkir,0,0,124,0.031
2025-08-14,2,Afturelding,Fylkir,0,1,215,0.05375
2025-08-14,2,Afturelding,Fylkir,0,2,274,0.0685
2025-08-14,2,Afturelding,Fylkir,0,3,215,0.05375
2025-08-14,2,Afturelding,Fylkir,0,4,161,0.04025
2025-08-14,2,Afturelding,Fylkir,0,5,120,0.03
2025-08-14,2,Afturelding,Fylkir,0,6,60,0.015
2025-08-14,2,Afturelding,Fylkir,0,7,45,0.01125
2025-08-14,2,Afturelding,Fylkir,0,8,26,0.0065
2025-08-14,2,Afturelding,Fylkir,0,9,11,0.00275
2025-08-14,2,Afturelding,Fylkir,0,10,9,0.00225
2025-08-14,2,Afturelding,Fylkir,0,11,4,0.001
2025-08-14,2,Afturelding,Fylkir,0,12,1,2.5e-4
2025-08-14,2,Afturelding,Fylkir,0,14,1,2.5e-4
2025-08-14,2,Afturelding,Fylkir,1,0,102,0.0255
2025-08-14,2,Afturelding,Fylkir,1,1,243,0.06075
2025-08-14,2,Afturelding,Fylkir,1,2,273,0.06825
2025-08-14,2,Afturelding,Fylkir,1,3,277,0.06925
2025-08-14,2,Afturelding,Fylkir,1,4,206,0.0515
2025-08-14,2,Afturelding,Fylkir,1,5,111,0.02775
2025-08-14,2,Afturelding,Fylkir,1,6,85,0.02125
2025-08-14,2,Afturelding,Fylkir,1,7,43,0.01075
2025-08-14,2,Afturelding,Fylkir,1,8,23,0.00575
2025-08-14,2,Afturelding,Fylkir,1,9,7,0.00175
2025-08-14,2,Afturelding,Fylkir,1,10,12,0.003
2025-08-14,2,Afturelding,Fylkir,1,11,3,7.5e-4
2025-08-14,2,Afturelding,Fylkir,1,12,3,7.5e-4
2025-08-14,2,Afturelding,Fylkir,1,13,2,5e-4
2025-08-14,2,Afturelding,Fylkir,1,14,2,5e-4
2025-08-14,2,Afturelding,Fylkir,2,0,57,0.01425
2025-08-14,2,Afturelding,Fylkir,2,1,123,0.03075
2025-08-14,2,Afturelding,Fylkir,2,2,180,0.045
2025-08-14,2,Afturelding,Fylkir,2,3,130,0.0325
2025-08-14,2,Afturelding,Fylkir,2,4,117,0.02925
2025-08-14,2,Afturelding,Fylkir,2,5,67,0.01675
2025-08-14,2,Afturelding,Fylkir,2,6,45,0.01125
2025-08-14,2,Afturelding,Fylkir,2,7,35,0.00875
2025-08-14,2,Afturelding,Fylkir,2,8,11,0.00275
2025-08-14,2,Afturelding,Fylkir,2,9,9,0.00225
2025-08-14,2,Afturelding,Fylkir,2,10,3,7.5e-4
2025-08-14,2,Afturelding,Fylkir,2,11,5,0.00125
2025-08-14,2,Afturelding,Fylkir,2,13,1,2.5e-4
2025-08-14,2,Afturelding,Fylkir,3,0,28,0.007
2025-08-14,2,Afturelding,Fylkir,3,1,65,0.01625
2025-08-14,2,Afturelding,Fylkir,3,2,80,0.02
2025-08-14,2,Afturelding,Fylkir,3,3,73,0.01825
2025-08-14,2,Afturelding,Fylkir,3,4,44,0.011
2025-08-14,2,Afturelding,Fylkir,3,5,30,0.0075
2025-08-14,2,Afturelding,Fylkir,3,6,14,0.0035
2025-08-14,2,Afturelding,Fylkir,3,7,15,0.00375
2025-08-14,2,Afturelding,Fylkir,3,8,2,5e-4
2025-08-14,2,Afturelding,Fylkir,3,9,5,0.00125
2025-08-14,2,Afturelding,Fylkir,3,10,3,7.5e-4
2025-08-14,2,Afturelding,Fylkir,3,11,3,7.5e-4
2025-08-14,2,Afturelding,Fylkir,3,13,1,2.5e-4
2025-08-14,2,Afturelding,Fylkir,4,0,9,0.00225
2025-08-14,2,Afturelding,Fylkir,4,1,27,0.00675
2025-08-14,2,Afturelding,Fylkir,4,2,26,0.0065
2025-08-14,2,Afturelding,Fylkir,4,3,22,0.0055
2025-08-14,2,Afturelding,Fylkir,4,4,14,0.0035
2025-08-14,2,Afturelding,Fylkir,4,5,10,0.0025
2025-08-14,2,Afturelding,Fylkir,4,6,8,0.002
2025-08-14,2,Afturelding,Fylkir,4,7,4,0.001
2025-08-14,2,Afturelding,Fylkir,4,8,3,7.5e-4
2025-08-14,2,Afturelding,Fylkir,4,9,2,5e-4
2025-08-14,2,Afturelding,Fylkir,4,11,1,2.5e-4
2025-08-14,2,Afturelding,Fylkir,4,16,1,2.5e-4
2025-08-14,2,Afturelding,Fylkir,5,0,1,2.5e-4
2025-08-14,2,Afturelding,Fylkir,5,1,13,0.00325
2025-08-14,2,Afturelding,Fylkir,5,2,5,0.00125
2025-08-14,2,Afturelding,Fylkir,5,3,12,0.003
2025-08-14,2,Afturelding,Fylkir,5,4,7,0.00175
2025-08-14,2,Afturelding,Fylkir,5,5,2,5e-4
2025-08-14,2,Afturelding,Fylkir,5,6,6,0.0015
2025-08-14,2,Afturelding,Fylkir,5,7,1,2.5e-4
2025-08-14,2,Afturelding,Fylkir,5,10,1,2.5e-4
2025-08-14,2,Afturelding,Fylkir,5,11,1,2.5e-4
2025-08-14,2,Afturelding,Fylkir,6,0,1,2.5e-4
2025-08-14,2,Afturelding,Fylkir,6,2,1,2.5e-4
2025-08-14,2,Afturelding,Fylkir,6,3,6,0.0015
2025-08-14,2,Afturelding,Fylkir,6,4,3,7.5e-4
2025-08-14,2,Afturelding,Fylkir,6,5,2,5e-4
2025-08-14,2,Afturelding,Fylkir,6,6,1,2.5e-4
2025-08-14,2,Afturelding,Fylkir,6,10,1,2.5e-4
2025-08-14,2,Afturelding,Fylkir,6,11,1,2.5e-4
2025-08-14,2,Afturelding,Fylkir,7,2,1,2.5e-4
2025-08-14,2,Afturelding,Fylkir,7,4,1,2.5e-4
2025-08-14,2,Afturelding,Fylkir,7,8,1,2.5e-4
2025-08-14,2,Afturelding,Fylkir,8,3,1,2.5e-4
2025-08-14,2,HK,ÍA,0,0,209,0.05225
2025-08-14,2,HK,ÍA,0,1,274,0.0685
2025-08-14,2,HK,ÍA,0,2,200,0.05
2025-08-14,2,HK,ÍA,0,3,103,0.02575
2025-08-14,2,HK,ÍA,0,4,65,0.01625
2025-08-14,2,HK,ÍA,0,5,12,0.003
2025-08-14,2,HK,ÍA,0,6,2,5e-4
2025-08-14,2,HK,ÍA,0,7,3,7.5e-4
2025-08-14,2,HK,ÍA,0,8,1,2.5e-4
2025-08-14,2,HK,ÍA,1,0,262,0.0655
2025-08-14,2,HK,ÍA,1,1,388,0.097
2025-08-14,2,HK,ÍA,1,2,260,0.065
2025-08-14,2,HK,ÍA,1,3,163,0.04075
2025-08-14,2,HK,ÍA,1,4,63,0.01575
2025-08-14,2,HK,ÍA,1,5,34,0.0085
2025-08-14,2,HK,ÍA,1,6,8,0.002
2025-08-14,2,HK,ÍA,1,7,3,7.5e-4
2025-08-14,2,HK,ÍA,1,8,1,2.5e-4
2025-08-14,2,HK,ÍA,1,9,1,2.5e-4
2025-08-14,2,HK,ÍA,2,0,205,0.05125
2025-08-14,2,HK,ÍA,2,1,300,0.075
2025-08-14,2,HK,ÍA,2,2,241,0.06025
2025-08-14,2,HK,ÍA,2,3,136,0.034
2025-08-14,2,HK,ÍA,2,4,64,0.016
2025-08-14,2,HK,ÍA,2,5,25,0.00625
2025-08-14,2,HK,ÍA,2,6,7,0.00175
2025-08-14,2,HK,ÍA,2,7,3,7.5e-4
2025-08-14,2,HK,ÍA,2,8,1,2.5e-4
2025-08-14,2,HK,ÍA,3,0,119,0.02975
2025-08-14,2,HK,ÍA,3,1,152,0.038
2025-08-14,2,HK,ÍA,3,2,123,0.03075
2025-08-14,2,HK,ÍA,3,3,87,0.02175
2025-08-14,2,HK,ÍA,3,4,37,0.00925
2025-08-14,2,HK,ÍA,3,5,16,0.004
2025-08-14,2,HK,ÍA,3,6,2,5e-4
2025-08-14,2,HK,ÍA,3,7,2,5e-4
2025-08-14,2,HK,ÍA,3,8,1,2.5e-4
2025-08-14,2,HK,ÍA,4,0,43,0.01075
2025-08-14,2,HK,ÍA,4,1,78,0.0195
2025-08-14,2,HK,ÍA,4,2,58,0.0145
2025-08-14,2,HK,ÍA,4,3,44,0.011
2025-08-14,2,HK,ÍA,4,4,19,0.00475
2025-08-14,2,HK,ÍA,4,5,3,7.5e-4
2025-08-14,2,HK,ÍA,4,6,4,0.001
2025-08-14,2,HK,ÍA,4,7,2,5e-4
2025-08-14,2,HK,ÍA,5,0,20,0.005
2025-08-14,2,HK,ÍA,5,1,31,0.00775
2025-08-14,2,HK,ÍA,5,2,28,0.007
2025-08-14,2,HK,ÍA,5,3,17,0.00425
2025-08-14,2,HK,ÍA,5,4,4,0.001
2025-08-14,2,HK,ÍA,5,5,4,0.001
2025-08-14,2,HK,ÍA,5,6,2,5e-4
2025-08-14,2,HK,ÍA,6,0,7,0.00175
2025-08-14,2,HK,ÍA,6,1,16,0.004
2025-08-14,2,HK,ÍA,6,2,13,0.00325
2025-08-14,2,HK,ÍA,6,3,6,0.0015
2025-08-14,2,HK,ÍA,6,4,7,0.00175
2025-08-14,2,HK,ÍA,6,5,1,2.5e-4
2025-08-14,2,HK,ÍA,6,6,1,2.5e-4
2025-08-14,2,HK,ÍA,7,0,2,5e-4
2025-08-14,2,HK,ÍA,7,1,2,5e-4
2025-08-14,2,HK,ÍA,7,2,3,7.5e-4
2025-08-14,2,HK,ÍA,7,3,3,7.5e-4
2025-08-14,2,HK,ÍA,7,4,1,2.5e-4
2025-08-14,2,HK,ÍA,7,5,1,2.5e-4
2025-08-14,2,HK,ÍA,8,0,3,7.5e-4
2025-08-14,2,HK,ÍA,8,1,1,2.5e-4
2025-08-14,2,HK,ÍA,8,2,1,2.5e-4
2025-08-14,2,HK,ÍA,8,6,1,2.5e-4
2025-08-14,2,HK,ÍA,10,1,1,2.5e-4
2025-08-14,2,Haukar,Grótta,0,0,116,0.029
2025-08-14,2,Haukar,Grótta,0,1,150,0.0375
2025-08-14,2,Haukar,Grótta,0,2,170,0.0425
2025-08-14,2,Haukar,Grótta,0,3,107,0.02675
2025-08-14,2,Haukar,Grótta,0,4,70,0.0175
2025-08-14,2,Haukar,Grótta,0,5,25,0.00625
2025-08-14,2,Haukar,Grótta,0,6,20,0.005
2025-08-14,2,Haukar,Grótta,0,7,8,0.002
2025-08-14,2,Haukar,Grótta,0,8,5,0.00125
2025-08-14,2,Haukar,Grótta,1,0,136,0.034
2025-08-14,2,Haukar,Grótta,1,1,252,0.063
2025-08-14,2,Haukar,Grótta,1,2,276,0.069
2025-08-14,2,Haukar,Grótta,1,3,191,0.04775
2025-08-14,2,Haukar,Grótta,1,4,102,0.0255
2025-08-14,2,Haukar,Grótta,1,5,51,0.01275
2025-08-14,2,Haukar,Grótta,1,6,24,0.006
2025-08-14,2,Haukar,Grótta,1,7,12,0.003
2025-08-14,2,Haukar,Grótta,1,8,4,0.001
2025-08-14,2,Haukar,Grótta,1,9,1,2.5e-4
2025-08-14,2,Haukar,Grótta,2,0,113,0.02825
2025-08-14,2,Haukar,Grótta,2,1,233,0.05825
2025-08-14,2,Haukar,Grótta,2,2,261,0.06525
2025-08-14,2,Haukar,Grótta,2,3,175,0.04375
2025-08-14,2,Haukar,Grótta,2,4,115,0.02875
2025-08-14,2,Haukar,Grótta,2,5,61,0.01525
2025-08-14,2,Haukar,Grótta,2,6,24,0.006
2025-08-14,2,Haukar,Grótta,2,7,20,0.005
2025-08-14,2,Haukar,Grótta,2,8,3,7.5e-4
2025-08-14,2,Haukar,Grótta,2,9,2,5e-4
2025-08-14,2,Haukar,Grótta,2,10,2,5e-4
2025-08-14,2,Haukar,Grótta,3,0,90,0.0225
2025-08-14,2,Haukar,Grótta,3,1,149,0.03725
2025-08-14,2,Haukar,Grótta,3,2,149,0.03725
2025-08-14,2,Haukar,Grótta,3,3,117,0.02925
2025-08-14,2,Haukar,Grótta,3,4,80,0.02
2025-08-14,2,Haukar,Grótta,3,5,35,0.00875
2025-08-14,2,Haukar,Grótta,3,6,29,0.00725
2025-08-14,2,Haukar,Grótta,3,7,5,0.00125
2025-08-14,2,Haukar,Grótta,3,8,2,5e-4
2025-08-14,2,Haukar,Grótta,3,9,1,2.5e-4
2025-08-14,2,Haukar,Grótta,3,10,1,2.5e-4
2025-08-14,2,Haukar,Grótta,4,0,33,0.00825
2025-08-14,2,Haukar,Grótta,4,1,76,0.019
2025-08-14,2,Haukar,Grótta,4,2,83,0.02075
2025-08-14,2,Haukar,Grótta,4,3,69,0.01725
2025-08-14,2,Haukar,Grótta,4,4,35,0.00875
2025-08-14,2,Haukar,Grótta,4,5,23,0.00575
2025-08-14,2,Haukar,Grótta,4,6,10,0.0025
2025-08-14,2,Haukar,Grótta,4,7,7,0.00175
2025-08-14,2,Haukar,Grótta,4,8,4,0.001
2025-08-14,2,Haukar,Grótta,4,9,3,7.5e-4
2025-08-14,2,Haukar,Grótta,5,0,16,0.004
2025-08-14,2,Haukar,Grótta,5,1,37,0.00925
2025-08-14,2,Haukar,Grótta,5,2,34,0.0085
2025-08-14,2,Haukar,Grótta,5,3,29,0.00725
2025-08-14,2,Haukar,Grótta,5,4,18,0.0045
2025-08-14,2,Haukar,Grótta,5,5,8,0.002
2025-08-14,2,Haukar,Grótta,5,6,6,0.0015
2025-08-14,2,Haukar,Grótta,5,8,2,5e-4
2025-08-14,2,Haukar,Grótta,6,0,5,0.00125
2025-08-14,2,Haukar,Grótta,6,1,21,0.00525
2025-08-14,2,Haukar,Grótta,6,2,22,0.0055
2025-08-14,2,Haukar,Grótta,6,3,12,0.003
2025-08-14,2,Haukar,Grótta,6,4,7,0.00175
2025-08-14,2,Haukar,Grótta,6,5,3,7.5e-4
2025-08-14,2,Haukar,Grótta,6,6,4,0.001
2025-08-14,2,Haukar,Grótta,6,7,3,7.5e-4
2025-08-14,2,Haukar,Grótta,7,0,6,0.0015
2025-08-14,2,Haukar,Grótta,7,1,8,0.002
2025-08-14,2,Haukar,Grótta,7,2,2,5e-4
2025-08-14,2,Haukar,Grótta,7,3,7,0.00175
2025-08-14,2,Haukar,Grótta,7,4,5,0.00125
2025-08-14,2,Haukar,Grótta,7,5,2,5e-4
2025-08-14,2,Haukar,Grótta,8,1,1,2.5e-4
2025-08-14,2,Haukar,Grótta,8,2,6,0.0015
2025-08-14,2,Haukar,Grótta,8,3,1,2.5e-4
2025-08-14,2,Haukar,Grótta,8,4,1,2.5e-4
2025-08-14,2,Haukar,Grótta,8,6,1,2.5e-4
2025-08-14,2,Haukar,Grótta,9,1,1,2.5e-4
2025-08-14,2,Haukar,Grótta,9,3,1,2.5e-4
2025-08-14,2,Haukar,Grótta,9,4,1,2.5e-4
2025-08-14,2,KR,Grindavík/ Njarðvík,0,0,29,0.00725
2025-08-14,2,KR,Grindavík/ Njarðvík,0,1,27,0.00675
2025-08-14,2,KR,Grindavík/ Njarðvík,0,2,19,0.00475
2025-08-14,2,KR,Grindavík/ Njarðvík,0,3,14,0.0035
2025-08-14,2,KR,Grindavík/ Njarðvík,0,4,8,0.002
2025-08-14,2,KR,Grindavík/ Njarðvík,0,5,1,2.5e-4
2025-08-14,2,KR,Grindavík/ Njarðvík,0,6,1,2.5e-4
2025-08-14,2,KR,Grindavík/ Njarðvík,0,7,3,7.5e-4
2025-08-14,2,KR,Grindavík/ Njarðvík,0,8,1,2.5e-4
2025-08-14,2,KR,Grindavík/ Njarðvík,0,10,1,2.5e-4
2025-08-14,2,KR,Grindavík/ Njarðvík,1,0,37,0.00925
2025-08-14,2,KR,Grindavík/ Njarðvík,1,1,81,0.02025
2025-08-14,2,KR,Grindavík/ Njarðvík,1,2,63,0.01575
2025-08-14,2,KR,Grindavík/ Njarðvík,1,3,44,0.011
2025-08-14,2,KR,Grindavík/ Njarðvík,1,4,19,0.00475
2025-08-14,2,KR,Grindavík/ Njarðvík,1,5,18,0.0045
2025-08-14,2,KR,Grindavík/ Njarðvík,1,6,2,5e-4
2025-08-14,2,KR,Grindavík/ Njarðvík,1,7,4,0.001
2025-08-14,2,KR,Grindavík/ Njarðvík,2,0,79,0.01975
2025-08-14,2,KR,Grindavík/ Njarðvík,2,1,117,0.02925
2025-08-14,2,KR,Grindavík/ Njarðvík,2,2,126,0.0315
2025-08-14,2,KR,Grindavík/ Njarðvík,2,3,73,0.01825
2025-08-14,2,KR,Grindavík/ Njarðvík,2,4,38,0.0095
2025-08-14,2,KR,Grindavík/ Njarðvík,2,5,20,0.005
2025-08-14,2,KR,Grindavík/ Njarðvík,2,6,12,0.003
2025-08-14,2,KR,Grindavík/ Njarðvík,2,7,6,0.0015
2025-08-14,2,KR,Grindavík/ Njarðvík,2,8,1,2.5e-4
2025-08-14,2,KR,Grindavík/ Njarðvík,3,0,94,0.0235
2025-08-14,2,KR,Grindavík/ Njarðvík,3,1,156,0.039
2025-08-14,2,KR,Grindavík/ Njarðvík,3,2,130,0.0325
2025-08-14,2,KR,Grindavík/ Njarðvík,3,3,115,0.02875
2025-08-14,2,KR,Grindavík/ Njarðvík,3,4,55,0.01375
2025-08-14,2,KR,Grindavík/ Njarðvík,3,5,38,0.0095
2025-08-14,2,KR,Grindavík/ Njarðvík,3,6,13,0.00325
2025-08-14,2,KR,Grindavík/ Njarðvík,3,7,5,0.00125
2025-08-14,2,KR,Grindavík/ Njarðvík,3,8,2,5e-4
2025-08-14,2,KR,Grindavík/ Njarðvík,3,9,1,2.5e-4
2025-08-14,2,KR,Grindavík/ Njarðvík,4,0,82,0.0205
2025-08-14,2,KR,Grindavík/ Njarðvík,4,1,153,0.03825
2025-08-14,2,KR,Grindavík/ Njarðvík,4,2,144,0.036
2025-08-14,2,KR,Grindavík/ Njarðvík,4,3,101,0.02525
2025-08-14,2,KR,Grindavík/ Njarðvík,4,4,57,0.01425
2025-08-14,2,KR,Grindavík/ Njarðvík,4,5,29,0.00725
2025-08-14,2,KR,Grindavík/ Njarðvík,4,6,23,0.00575
2025-08-14,2,KR,Grindavík/ Njarðvík,4,7,9,0.00225
2025-08-14,2,KR,Grindavík/ Njarðvík,4,9,1,2.5e-4
2025-08-14,2,KR,Grindavík/ Njarðvík,4,11,1,2.5e-4
2025-08-14,2,KR,Grindavík/ Njarðvík,5,0,81,0.02025
2025-08-14,2,KR,Grindavík/ Njarðvík,5,1,131,0.03275
2025-08-14,2,KR,Grindavík/ Njarðvík,5,2,149,0.03725
2025-08-14,2,KR,Grindavík/ Njarðvík,5,3,92,0.023
2025-08-14,2,KR,Grindavík/ Njarðvík,5,4,57,0.01425
2025-08-14,2,KR,Grindavík/ Njarðvík,5,5,33,0.00825
2025-08-14,2,KR,Grindavík/ Njarðvík,5,6,11,0.00275
2025-08-14,2,KR,Grindavík/ Njarðvík,5,7,8,0.002
2025-08-14,2,KR,Grindavík/ Njarðvík,5,8,2,5e-4
2025-08-14,2,KR,Grindavík/ Njarðvík,5,9,2,5e-4
2025-08-14,2,KR,Grindavík/ Njarðvík,5,10,1,2.5e-4
2025-08-14,2,KR,Grindavík/ Njarðvík,5,12,1,2.5e-4
2025-08-14,2,KR,Grindavík/ Njarðvík,6,0,79,0.01975
2025-08-14,2,KR,Grindavík/ Njarðvík,6,1,115,0.02875
2025-08-14,2,KR,Grindavík/ Njarðvík,6,2,119,0.02975
2025-08-14,2,KR,Grindavík/ Njarðvík,6,3,76,0.019
2025-08-14,2,KR,Grindavík/ Njarðvík,6,4,45,0.01125
2025-08-14,2,KR,Grindavík/ Njarðvík,6,5,23,0.00575
2025-08-14,2,KR,Grindavík/ Njarðvík,6,6,15,0.00375
2025-08-14,2,KR,Grindavík/ Njarðvík,6,7,8,0.002
2025-08-14,2,KR,Grindavík/ Njarðvík,6,8,3,7.5e-4
2025-08-14,2,KR,Grindavík/ Njarðvík,6,9,3,7.5e-4
2025-08-14,2,KR,Grindavík/ Njarðvík,7,0,60,0.015
2025-08-14,2,KR,Grindavík/ Njarðvík,7,1,87,0.02175
2025-08-14,2,KR,Grindavík/ Njarðvík,7,2,88,0.022
2025-08-14,2,KR,Grindavík/ Njarðvík,7,3,48,0.012
2025-08-14,2,KR,Grindavík/ Njarðvík,7,4,25,0.00625
2025-08-14,2,KR,Grindavík/ Njarðvík,7,5,13,0.00325
2025-08-14,2,KR,Grindavík/ Njarðvík,7,6,10,0.0025
2025-08-14,2,KR,Grindavík/ Njarðvík,7,7,5,0.00125
2025-08-14,2,KR,Grindavík/ Njarðvík,7,8,2,5e-4
2025-08-14,2,KR,Grindavík/ Njarðvík,7,9,2,5e-4
2025-08-14,2,KR,Grindavík/ Njarðvík,8,0,25,0.00625
2025-08-14,2,KR,Grindavík/ Njarðvík,8,1,51,0.01275
2025-08-14,2,KR,Grindavík/ Njarðvík,8,2,53,0.01325
2025-08-14,2,KR,Grindavík/ Njarðvík,8,3,32,0.008
2025-08-14,2,KR,Grindavík/ Njarðvík,8,4,16,0.004
2025-08-14,2,KR,Grindavík/ Njarðvík,8,5,8,0.002
2025-08-14,2,KR,Grindavík/ Njarðvík,8,6,5,0.00125
2025-08-14,2,KR,Grindavík/ Njarðvík,8,7,2,5e-4
2025-08-14,2,KR,Grindavík/ Njarðvík,8,10,1,2.5e-4
2025-08-14,2,KR,Grindavík/ Njarðvík,8,13,1,2.5e-4
2025-08-14,2,KR,Grindavík/ Njarðvík,9,0,28,0.007
2025-08-14,2,KR,Grindavík/ Njarðvík,9,1,33,0.00825
2025-08-14,2,KR,Grindavík/ Njarðvík,9,2,32,0.008
2025-08-14,2,KR,Grindavík/ Njarðvík,9,3,22,0.0055
2025-08-14,2,KR,Grindavík/ Njarðvík,9,4,12,0.003
2025-08-14,2,KR,Grindavík/ Njarðvík,9,5,10,0.0025
2025-08-14,2,KR,Grindavík/ Njarðvík,9,6,4,0.001
2025-08-14,2,KR,Grindavík/ Njarðvík,9,8,1,2.5e-4
2025-08-14,2,KR,Grindavík/ Njarðvík,10,0,18,0.0045
2025-08-14,2,KR,Grindavík/ Njarðvík,10,1,23,0.00575
2025-08-14,2,KR,Grindavík/ Njarðvík,10,2,20,0.005
2025-08-14,2,KR,Grindavík/ Njarðvík,10,3,11,0.00275
2025-08-14,2,KR,Grindavík/ Njarðvík,10,4,9,0.00225
2025-08-14,2,KR,Grindavík/ Njarðvík,10,5,4,0.001
2025-08-14,2,KR,Grindavík/ Njarðvík,10,6,3,7.5e-4
2025-08-14,2,KR,Grindavík/ Njarðvík,10,7,1,2.5e-4
2025-08-14,2,KR,Grindavík/ Njarðvík,10,10,1,2.5e-4
2025-08-14,2,KR,Grindavík/ Njarðvík,11,0,5,0.00125
2025-08-14,2,KR,Grindavík/ Njarðvík,11,1,16,0.004
2025-08-14,2,KR,Grindavík/ Njarðvík,11,2,18,0.0045
2025-08-14,2,KR,Grindavík/ Njarðvík,11,3,6,0.0015
2025-08-14,2,KR,Grindavík/ Njarðvík,11,4,4,0.001
2025-08-14,2,KR,Grindavík/ Njarðvík,11,5,3,7.5e-4
2025-08-14,2,KR,Grindavík/ Njarðvík,11,6,2,5e-4
2025-08-14,2,KR,Grindavík/ Njarðvík,12,0,5,0.00125
2025-08-14,2,KR,Grindavík/ Njarðvík,12,1,9,0.00225
2025-08-14,2,KR,Grindavík/ Njarðvík,12,2,11,0.00275
2025-08-14,2,KR,Grindavík/ Njarðvík,12,3,5,0.00125
2025-08-14,2,KR,Grindavík/ Njarðvík,12,4,2,5e-4
2025-08-14,2,KR,Grindavík/ Njarðvík,12,6,3,7.5e-4
2025-08-14,2,KR,Grindavík/ Njarðvík,13,0,1,2.5e-4
2025-08-14,2,KR,Grindavík/ Njarðvík,13,1,7,0.00175
2025-08-14,2,KR,Grindavík/ Njarðvík,13,2,2,5e-4
2025-08-14,2,KR,Grindavík/ Njarðvík,13,3,4,0.001
2025-08-14,2,KR,Grindavík/ Njarðvík,13,4,2,5e-4
2025-08-14,2,KR,Grindavík/ Njarðvík,14,0,2,5e-4
2025-08-14,2,KR,Grindavík/ Njarðvík,14,3,2,5e-4
2025-08-14,2,KR,Grindavík/ Njarðvík,15,0,2,5e-4
2025-08-14,2,KR,Grindavík/ Njarðvík,15,1,2,5e-4
2025-08-14,2,KR,Grindavík/ Njarðvík,15,2,4,0.001
2025-08-14,2,KR,Grindavík/ Njarðvík,15,3,2,5e-4
2025-08-14,2,KR,Grindavík/ Njarðvík,15,5,1,2.5e-4
2025-08-14,2,KR,Grindavík/ Njarðvík,15,15,1,2.5e-4
2025-08-14,2,KR,Grindavík/ Njarðvík,16,1,1,2.5e-4
2025-08-14,2,KR,Grindavík/ Njarðvík,16,2,2,5e-4
2025-08-14,2,KR,Grindavík/ Njarðvík,17,1,1,2.5e-4
2025-08-14,2,KR,Grindavík/ Njarðvík,17,2,1,2.5e-4
2025-08-14,2,KR,Grindavík/ Njarðvík,19,0,1,2.5e-4
2025-08-14,2,Keflavík,ÍBV,0,0,126,0.0315
2025-08-14,2,Keflavík,ÍBV,0,1,88,0.022
2025-08-14,2,Keflavík,ÍBV,0,2,41,0.01025
2025-08-14,2,Keflavík,ÍBV,0,3,15,0.00375
2025-08-14,2,Keflavík,ÍBV,0,4,3,7.5e-4
2025-08-14,2,Keflavík,ÍBV,0,5,1,2.5e-4
2025-08-14,2,Keflavík,ÍBV,1,0,267,0.06675
2025-08-14,2,Keflavík,ÍBV,1,1,235,0.05875
2025-08-14,2,Keflavík,ÍBV,1,2,90,0.0225
2025-08-14,2,Keflavík,ÍBV,1,3,29,0.00725
2025-08-14,2,Keflavík,ÍBV,1,4,6,0.0015
2025-08-14,2,Keflavík,ÍBV,1,5,2,5e-4
2025-08-14,2,Keflavík,ÍBV,1,6,2,5e-4
2025-08-14,2,Keflavík,ÍBV,2,0,304,0.076
2025-08-14,2,Keflavík,ÍBV,2,1,280,0.07
2025-08-14,2,Keflavík,ÍBV,2,2,137,0.03425
2025-08-14,2,Keflavík,ÍBV,2,3,45,0.01125
2025-08-14,2,Keflavík,ÍBV,2,4,18,0.0045
2025-08-14,2,Keflavík,ÍBV,2,5,2,5e-4
2025-08-14,2,Keflavík,ÍBV,2,6,1,2.5e-4
2025-08-14,2,Keflavík,ÍBV,3,0,320,0.08
2025-08-14,2,Keflavík,ÍBV,3,1,263,0.06575
2025-08-14,2,Keflavík,ÍBV,3,2,114,0.0285
2025-08-14,2,Keflavík,ÍBV,3,3,38,0.0095
2025-08-14,2,Keflavík,ÍBV,3,4,11,0.00275
2025-08-14,2,Keflavík,ÍBV,3,5,2,5e-4
2025-08-14,2,Keflavík,ÍBV,3,6,1,2.5e-4
2025-08-14,2,Keflavík,ÍBV,4,0,250,0.0625
2025-08-14,2,Keflavík,ÍBV,4,1,209,0.05225
2025-08-14,2,Keflavík,ÍBV,4,2,89,0.02225
2025-08-14,2,Keflavík,ÍBV,4,3,34,0.0085
2025-08-14,2,Keflavík,ÍBV,4,4,15,0.00375
2025-08-14,2,Keflavík,ÍBV,4,5,7,0.00175
2025-08-14,2,Keflavík,ÍBV,5,0,174,0.0435
2025-08-14,2,Keflavík,ÍBV,5,1,130,0.0325
2025-08-14,2,Keflavík,ÍBV,5,2,55,0.01375
2025-08-14,2,Keflavík,ÍBV,5,3,22,0.0055
2025-08-14,2,Keflavík,ÍBV,5,4,3,7.5e-4
2025-08-14,2,Keflavík,ÍBV,5,5,2,5e-4
2025-08-14,2,Keflavík,ÍBV,6,0,98,0.0245
2025-08-14,2,Keflavík,ÍBV,6,1,89,0.02225
2025-08-14,2,Keflavík,ÍBV,6,2,39,0.00975
2025-08-14,2,Keflavík,ÍBV,6,3,17,0.00425
2025-08-14,2,Keflavík,ÍBV,6,4,3,7.5e-4
2025-08-14,2,Keflavík,ÍBV,6,5,1,2.5e-4
2025-08-14,2,Keflavík,ÍBV,6,8,1,2.5e-4
2025-08-14,2,Keflavík,ÍBV,7,0,61,0.01525
2025-08-14,2,Keflavík,ÍBV,7,1,54,0.0135
2025-08-14,2,Keflavík,ÍBV,7,2,29,0.00725
2025-08-14,2,Keflavík,ÍBV,7,3,8,0.002
2025-08-14,2,Keflavík,ÍBV,7,4,7,0.00175
2025-08-14,2,Keflavík,ÍBV,8,0,42,0.0105
2025-08-14,2,Keflavík,ÍBV,8,1,29,0.00725
2025-08-14,2,Keflavík,ÍBV,8,2,9,0.00225
2025-08-14,2,Keflavík,ÍBV,8,3,4,0.001
2025-08-14,2,Keflavík,ÍBV,8,4,1,2.5e-4
2025-08-14,2,Keflavík,ÍBV,9,0,17,0.00425
2025-08-14,2,Keflavík,ÍBV,9,1,14,0.0035
2025-08-14,2,Keflavík,ÍBV,9,2,9,0.00225
2025-08-14,2,Keflavík,ÍBV,9,4,1,2.5e-4
2025-08-14,2,Keflavík,ÍBV,10,0,12,0.003
2025-08-14,2,Keflavík,ÍBV,10,1,9,0.00225
2025-08-14,2,Keflavík,ÍBV,10,2,1,2.5e-4
2025-08-14,2,Keflavík,ÍBV,10,3,1,2.5e-4
2025-08-14,2,Keflavík,ÍBV,11,0,3,7.5e-4
2025-08-14,2,Keflavík,ÍBV,11,1,2,5e-4
2025-08-14,2,Keflavík,ÍBV,11,2,1,2.5e-4
2025-08-14,2,Keflavík,ÍBV,11,3,1,2.5e-4
2025-08-14,2,Keflavík,ÍBV,11,4,1,2.5e-4
2025-08-14,2,Keflavík,ÍBV,12,0,3,7.5e-4
2025-08-14,2,Keflavík,ÍBV,12,2,1,2.5e-4
2025-08-14,2,Keflavík,ÍBV,14,2,1,2.5e-4
2025-08-16,4,FH,Breiðablik,0,0,156,0.039
2025-08-16,4,FH,Breiðablik,0,1,270,0.0675
2025-08-16,4,FH,Breiðablik,0,2,305,0.07625
2025-08-16,4,FH,Breiðablik,0,3,277,0.06925
2025-08-16,4,FH,Breiðablik,0,4,235,0.05875
2025-08-16,4,FH,Breiðablik,0,5,157,0.03925
2025-08-16,4,FH,Breiðablik,0,6,59,0.01475
2025-08-16,4,FH,Breiðablik,0,7,33,0.00825
2025-08-16,4,FH,Breiðablik,0,8,13,0.00325
2025-08-16,4,FH,Breiðablik,0,9,5,0.00125
2025-08-16,4,FH,Breiðablik,0,10,3,7.5e-4
2025-08-16,4,FH,Breiðablik,0,12,1,2.5e-4
2025-08-16,4,FH,Breiðablik,1,0,105,0.02625
2025-08-16,4,FH,Breiðablik,1,1,272,0.068
2025-08-16,4,FH,Breiðablik,1,2,331,0.08275
2025-08-16,4,FH,Breiðablik,1,3,232,0.058
2025-08-16,4,FH,Breiðablik,1,4,196,0.049
2025-08-16,4,FH,Breiðablik,1,5,106,0.0265
2025-08-16,4,FH,Breiðablik,1,6,74,0.0185
2025-08-16,4,FH,Breiðablik,1,7,33,0.00825
2025-08-16,4,FH,Breiðablik,1,8,14,0.0035
2025-08-16,4,FH,Breiðablik,1,9,7,0.00175
2025-08-16,4,FH,Breiðablik,1,10,3,7.5e-4
2025-08-16,4,FH,Breiðablik,1,11,2,5e-4
2025-08-16,4,FH,Breiðablik,1,13,1,2.5e-4
2025-08-16,4,FH,Breiðablik,2,0,51,0.01275
2025-08-16,4,FH,Breiðablik,2,1,103,0.02575
2025-08-16,4,FH,Breiðablik,2,2,183,0.04575
2025-08-16,4,FH,Breiðablik,2,3,135,0.03375
2025-08-16,4,FH,Breiðablik,2,4,113,0.02825
2025-08-16,4,FH,Breiðablik,2,5,59,0.01475
2025-08-16,4,FH,Breiðablik,2,6,26,0.0065
2025-08-16,4,FH,Breiðablik,2,7,21,0.00525
2025-08-16,4,FH,Breiðablik,2,8,4,0.001
2025-08-16,4,FH,Breiðablik,2,9,2,5e-4
2025-08-16,4,FH,Breiðablik,2,10,1,2.5e-4
2025-08-16,4,FH,Breiðablik,2,13,1,2.5e-4
2025-08-16,4,FH,Breiðablik,3,0,23,0.00575
2025-08-16,4,FH,Breiðablik,3,1,38,0.0095
2025-08-16,4,FH,Breiðablik,3,2,64,0.016
2025-08-16,4,FH,Breiðablik,3,3,54,0.0135
2025-08-16,4,FH,Breiðablik,3,4,55,0.01375
2025-08-16,4,FH,Breiðablik,3,5,27,0.00675
2025-08-16,4,FH,Breiðablik,3,6,15,0.00375
2025-08-16,4,FH,Breiðablik,3,7,4,0.001
2025-08-16,4,FH,Breiðablik,3,8,1,2.5e-4
2025-08-16,4,FH,Breiðablik,3,9,2,5e-4
2025-08-16,4,FH,Breiðablik,4,0,9,0.00225
2025-08-16,4,FH,Breiðablik,4,1,16,0.004
2025-08-16,4,FH,Breiðablik,4,2,23,0.00575
2025-08-16,4,FH,Breiðablik,4,3,14,0.0035
2025-08-16,4,FH,Breiðablik,4,4,13,0.00325
2025-08-16,4,FH,Breiðablik,4,5,6,0.0015
2025-08-16,4,FH,Breiðablik,4,6,9,0.00225
2025-08-16,4,FH,Breiðablik,4,7,3,7.5e-4
2025-08-16,4,FH,Breiðablik,4,8,1,2.5e-4
2025-08-16,4,FH,Breiðablik,4,9,4,0.001
2025-08-16,4,FH,Breiðablik,5,1,4,0.001
2025-08-16,4,FH,Breiðablik,5,2,2,5e-4
2025-08-16,4,FH,Breiðablik,5,3,3,7.5e-4
2025-08-16,4,FH,Breiðablik,5,4,6,0.0015
2025-08-16,4,FH,Breiðablik,5,5,3,7.5e-4
2025-08-16,4,FH,Breiðablik,5,6,2,5e-4
2025-08-16,4,FH,Breiðablik,6,2,4,0.001
2025-08-16,4,FH,Breiðablik,6,3,3,7.5e-4
2025-08-16,4,FH,Breiðablik,6,5,1,2.5e-4
2025-08-16,4,FH,Breiðablik,7,5,1,2.5e-4
2025-08-16,4,FH,Breiðablik,7,9,1,2.5e-4
2025-08-20,1,Fram,Víkingur R.,0,0,159,0.03975
2025-08-20,1,Fram,Víkingur R.,0,1,205,0.05125
2025-08-20,1,Fram,Víkingur R.,0,2,185,0.04625
2025-08-20,1,Fram,Víkingur R.,0,3,118,0.0295
2025-08-20,1,Fram,Víkingur R.,0,4,62,0.0155
2025-08-20,1,Fram,Víkingur R.,0,5,23,0.00575
2025-08-20,1,Fram,Víkingur R.,0,6,15,0.00375
2025-08-20,1,Fram,Víkingur R.,0,7,6,0.0015
2025-08-20,1,Fram,Víkingur R.,0,8,1,2.5e-4
2025-08-20,1,Fram,Víkingur R.,0,10,1,2.5e-4
2025-08-20,1,Fram,Víkingur R.,1,0,212,0.053
2025-08-20,1,Fram,Víkingur R.,1,1,325,0.08125
2025-08-20,1,Fram,Víkingur R.,1,2,277,0.06925
2025-08-20,1,Fram,Víkingur R.,1,3,173,0.04325
2025-08-20,1,Fram,Víkingur R.,1,4,95,0.02375
2025-08-20,1,Fram,Víkingur R.,1,5,44,0.011
2025-08-20,1,Fram,Víkingur R.,1,6,23,0.00575
2025-08-20,1,Fram,Víkingur R.,1,7,7,0.00175
2025-08-20,1,Fram,Víkingur R.,1,8,3,7.5e-4
2025-08-20,1,Fram,Víkingur R.,1,9,2,5e-4
2025-08-20,1,Fram,Víkingur R.,1,10,1,2.5e-4
2025-08-20,1,Fram,Víkingur R.,2,0,147,0.03675
2025-08-20,1,Fram,Víkingur R.,2,1,262,0.0655
2025-08-20,1,Fram,Víkingur R.,2,2,262,0.0655
2025-08-20,1,Fram,Víkingur R.,2,3,156,0.039
2025-08-20,1,Fram,Víkingur R.,2,4,80,0.02
2025-08-20,1,Fram,Víkingur R.,2,5,40,0.01
2025-08-20,1,Fram,Víkingur R.,2,6,16,0.004
2025-08-20,1,Fram,Víkingur R.,2,7,7,0.00175
2025-08-20,1,Fram,Víkingur R.,2,8,1,2.5e-4
2025-08-20,1,Fram,Víkingur R.,3,0,89,0.02225
2025-08-20,1,Fram,Víkingur R.,3,1,167,0.04175
2025-08-20,1,Fram,Víkingur R.,3,2,142,0.0355
2025-08-20,1,Fram,Víkingur R.,3,3,95,0.02375
2025-08-20,1,Fram,Víkingur R.,3,4,59,0.01475
2025-08-20,1,Fram,Víkingur R.,3,5,17,0.00425
2025-08-20,1,Fram,Víkingur R.,3,6,10,0.0025
2025-08-20,1,Fram,Víkingur R.,3,7,3,7.5e-4
2025-08-20,1,Fram,Víkingur R.,3,8,2,5e-4
2025-08-20,1,Fram,Víkingur R.,4,0,45,0.01125
2025-08-20,1,Fram,Víkingur R.,4,1,78,0.0195
2025-08-20,1,Fram,Víkingur R.,4,2,68,0.017
2025-08-20,1,Fram,Víkingur R.,4,3,50,0.0125
2025-08-20,1,Fram,Víkingur R.,4,4,35,0.00875
2025-08-20,1,Fram,Víkingur R.,4,5,15,0.00375
2025-08-20,1,Fram,Víkingur R.,4,6,7,0.00175
2025-08-20,1,Fram,Víkingur R.,4,7,1,2.5e-4
2025-08-20,1,Fram,Víkingur R.,5,0,19,0.00475
2025-08-20,1,Fram,Víkingur R.,5,1,31,0.00775
2025-08-20,1,Fram,Víkingur R.,5,2,24,0.006
2025-08-20,1,Fram,Víkingur R.,5,3,24,0.006
2025-08-20,1,Fram,Víkingur R.,5,4,13,0.00325
2025-08-20,1,Fram,Víkingur R.,5,5,6,0.0015
2025-08-20,1,Fram,Víkingur R.,5,6,4,0.001
2025-08-20,1,Fram,Víkingur R.,5,7,2,5e-4
2025-08-20,1,Fram,Víkingur R.,6,0,8,0.002
2025-08-20,1,Fram,Víkingur R.,6,1,7,0.00175
2025-08-20,1,Fram,Víkingur R.,6,2,15,0.00375
2025-08-20,1,Fram,Víkingur R.,6,3,16,0.004
2025-08-20,1,Fram,Víkingur R.,6,4,9,0.00225
2025-08-20,1,Fram,Víkingur R.,6,5,4,0.001
2025-08-20,1,Fram,Víkingur R.,6,6,1,2.5e-4
2025-08-20,1,Fram,Víkingur R.,6,9,1,2.5e-4
2025-08-20,1,Fram,Víkingur R.,7,0,2,5e-4
2025-08-20,1,Fram,Víkingur R.,7,1,4,0.001
2025-08-20,1,Fram,Víkingur R.,7,2,7,0.00175
2025-08-20,1,Fram,Víkingur R.,7,3,3,7.5e-4
2025-08-20,1,Fram,Víkingur R.,7,4,2,5e-4
2025-08-20,1,Fram,Víkingur R.,7,5,1,2.5e-4
2025-08-20,1,Fram,Víkingur R.,7,7,1,2.5e-4
2025-08-20,1,Fram,Víkingur R.,8,0,1,2.5e-4
2025-08-20,1,Fram,Víkingur R.,8,1,2,5e-4
2025-08-20,1,Fram,Víkingur R.,8,3,1,2.5e-4
2025-08-20,1,Fram,Víkingur R.,11,2,1,2.5e-4
2025-08-20,1,Þróttur R.,Valur,0,0,384,0.096
2025-08-20,1,Þróttur R.,Valur,0,1,322,0.0805
2025-08-20,1,Þróttur R.,Valur,0,2,127,0.03175
2025-08-20,1,Þróttur R.,Valur,0,3,32,0.008
2025-08-20,1,Þróttur R.,Valur,0,4,12,0.003
2025-08-20,1,Þróttur R.,Valur,0,5,2,5e-4
2025-08-20,1,Þróttur R.,Valur,0,6,1,2.5e-4
2025-08-20,1,Þróttur R.,Valur,1,0,540,0.135
2025-08-20,1,Þróttur R.,Valur,1,1,428,0.107
2025-08-20,1,Þróttur R.,Valur,1,2,171,0.04275
2025-08-20,1,Þróttur R.,Valur,1,3,73,0.01825
2025-08-20,1,Þróttur R.,Valur,1,4,25,0.00625
2025-08-20,1,Þróttur R.,Valur,1,5,1,2.5e-4
2025-08-20,1,Þróttur R.,Valur,2,0,431,0.10775
2025-08-20,1,Þróttur R.,Valur,2,1,309,0.07725
2025-08-20,1,Þróttur R.,Valur,2,2,138,0.0345
2025-08-20,1,Þróttur R.,Valur,2,3,45,0.01125
2025-08-20,1,Þróttur R.,Valur,2,4,18,0.0045
2025-08-20,1,Þróttur R.,Valur,2,5,3,7.5e-4
2025-08-20,1,Þróttur R.,Valur,2,6,1,2.5e-4
2025-08-20,1,Þróttur R.,Valur,3,0,235,0.05875
2025-08-20,1,Þróttur R.,Valur,3,1,173,0.04325
2025-08-20,1,Þróttur R.,Valur,3,2,88,0.022
2025-08-20,1,Þróttur R.,Valur,3,3,30,0.0075
2025-08-20,1,Þróttur R.,Valur,3,4,14,0.0035
2025-08-20,1,Þróttur R.,Valur,3,5,2,5e-4
2025-08-20,1,Þróttur R.,Valur,4,0,100,0.025
2025-08-20,1,Þróttur R.,Valur,4,1,85,0.02125
2025-08-20,1,Þróttur R.,Valur,4,2,31,0.00775
2025-08-20,1,Þróttur R.,Valur,4,3,12,0.003
2025-08-20,1,Þróttur R.,Valur,4,4,4,0.001
2025-08-20,1,Þróttur R.,Valur,4,5,1,2.5e-4
2025-08-20,1,Þróttur R.,Valur,5,0,49,0.01225
2025-08-20,1,Þróttur R.,Valur,5,1,33,0.00825
2025-08-20,1,Þróttur R.,Valur,5,2,18,0.0045
2025-08-20,1,Þróttur R.,Valur,5,3,9,0.00225
2025-08-20,1,Þróttur R.,Valur,5,4,4,0.001
2025-08-20,1,Þróttur R.,Valur,5,5,1,2.5e-4
2025-08-20,1,Þróttur R.,Valur,6,0,9,0.00225
2025-08-20,1,Þróttur R.,Valur,6,1,11,0.00275
2025-08-20,1,Þróttur R.,Valur,6,2,4,0.001
2025-08-20,1,Þróttur R.,Valur,6,3,2,5e-4
2025-08-20,1,Þróttur R.,Valur,7,0,4,0.001
2025-08-20,1,Þróttur R.,Valur,7,1,5,0.00125
2025-08-20,1,Þróttur R.,Valur,7,2,4,0.001
2025-08-20,1,Þróttur R.,Valur,7,4,1,2.5e-4
2025-08-20,1,Þróttur R.,Valur,8,0,5,0.00125
2025-08-20,1,Þróttur R.,Valur,8,2,1,2.5e-4
2025-08-20,1,Þróttur R.,Valur,9,0,1,2.5e-4
2025-08-20,1,Þróttur R.,Valur,10,3,1,2.5e-4
2025-08-21,1,Stjarnan,FH,0,0,270,0.0675
2025-08-21,1,Stjarnan,FH,0,1,340,0.085
2025-08-21,1,Stjarnan,FH,0,2,290,0.0725
2025-08-21,1,Stjarnan,FH,0,3,150,0.0375
2025-08-21,1,Stjarnan,FH,0,4,65,0.01625
2025-08-21,1,Stjarnan,FH,0,5,37,0.00925
2025-08-21,1,Stjarnan,FH,0,6,16,0.004
2025-08-21,1,Stjarnan,FH,0,7,2,5e-4
2025-08-21,1,Stjarnan,FH,0,8,2,5e-4
2025-08-21,1,Stjarnan,FH,1,0,284,0.071
2025-08-21,1,Stjarnan,FH,1,1,367,0.09175
2025-08-21,1,Stjarnan,FH,1,2,347,0.08675
2025-08-21,1,Stjarnan,FH,1,3,191,0.04775
2025-08-21,1,Stjarnan,FH,1,4,87,0.02175
2025-08-21,1,Stjarnan,FH,1,5,35,0.00875
2025-08-21,1,Stjarnan,FH,1,6,14,0.0035
2025-08-21,1,Stjarnan,FH,1,7,4,0.001
2025-08-21,1,Stjarnan,FH,1,8,4,0.001
2025-08-21,1,Stjarnan,FH,2,0,145,0.03625
2025-08-21,1,Stjarnan,FH,2,1,255,0.06375
2025-08-21,1,Stjarnan,FH,2,2,226,0.0565
2025-08-21,1,Stjarnan,FH,2,3,121,0.03025
2025-08-21,1,Stjarnan,FH,2,4,49,0.01225
2025-08-21,1,Stjarnan,FH,2,5,23,0.00575
2025-08-21,1,Stjarnan,FH,2,6,4,0.001
2025-08-21,1,Stjarnan,FH,2,7,5,0.00125
2025-08-21,1,Stjarnan,FH,2,8,1,2.5e-4
2025-08-21,1,Stjarnan,FH,3,0,59,0.01475
2025-08-21,1,Stjarnan,FH,3,1,108,0.027
2025-08-21,1,Stjarnan,FH,3,2,99,0.02475
2025-08-21,1,Stjarnan,FH,3,3,91,0.02275
2025-08-21,1,Stjarnan,FH,3,4,31,0.00775
2025-08-21,1,Stjarnan,FH,3,5,17,0.00425
2025-08-21,1,Stjarnan,FH,3,6,9,0.00225
2025-08-21,1,Stjarnan,FH,3,7,4,0.001
2025-08-21,1,Stjarnan,FH,3,8,2,5e-4
2025-08-21,1,Stjarnan,FH,4,0,25,0.00625
2025-08-21,1,Stjarnan,FH,4,1,47,0.01175
2025-08-21,1,Stjarnan,FH,4,2,32,0.008
2025-08-21,1,Stjarnan,FH,4,3,26,0.0065
2025-08-21,1,Stjarnan,FH,4,4,12,0.003
2025-08-21,1,Stjarnan,FH,4,5,9,0.00225
2025-08-21,1,Stjarnan,FH,4,6,6,0.0015
2025-08-21,1,Stjarnan,FH,4,7,3,7.5e-4
2025-08-21,1,Stjarnan,FH,5,0,6,0.0015
2025-08-21,1,Stjarnan,FH,5,1,15,0.00375
2025-08-21,1,Stjarnan,FH,5,2,15,0.00375
2025-08-21,1,Stjarnan,FH,5,3,7,0.00175
2025-08-21,1,Stjarnan,FH,5,4,6,0.0015
2025-08-21,1,Stjarnan,FH,5,5,3,7.5e-4
2025-08-21,1,Stjarnan,FH,6,0,2,5e-4
2025-08-21,1,Stjarnan,FH,6,1,4,0.001
2025-08-21,1,Stjarnan,FH,6,2,2,5e-4
2025-08-21,1,Stjarnan,FH,6,3,7,0.00175
2025-08-21,1,Stjarnan,FH,6,4,2,5e-4
2025-08-21,1,Stjarnan,FH,6,5,3,7.5e-4
2025-08-21,1,Stjarnan,FH,6,6,3,7.5e-4
2025-08-21,1,Stjarnan,FH,6,9,1,2.5e-4
2025-08-21,1,Stjarnan,FH,7,0,2,5e-4
2025-08-21,1,Stjarnan,FH,7,1,1,2.5e-4
2025-08-21,1,Stjarnan,FH,7,2,2,5e-4
2025-08-21,1,Stjarnan,FH,7,4,1,2.5e-4
2025-08-21,1,Stjarnan,FH,7,5,1,2.5e-4
2025-08-21,1,Stjarnan,FH,8,0,1,2.5e-4
2025-08-21,1,Stjarnan,FH,8,2,1,2.5e-4
2025-08-21,1,Stjarnan,FH,8,3,1,2.5e-4
2025-08-21,1,Þór/KA,FHL,0,0,92,0.023
2025-08-21,1,Þór/KA,FHL,0,1,46,0.0115
2025-08-21,1,Þór/KA,FHL,0,2,15,0.00375
2025-08-21,1,Þór/KA,FHL,0,3,4,0.001
2025-08-21,1,Þór/KA,FHL,1,0,274,0.0685
2025-08-21,1,Þór/KA,FHL,1,1,134,0.0335
2025-08-21,1,Þór/KA,FHL,1,2,36,0.009
2025-08-21,1,Þór/KA,FHL,1,3,9,0.00225
2025-08-21,1,Þór/KA,FHL,1,4,1,2.5e-4
2025-08-21,1,Þór/KA,FHL,1,5,1,2.5e-4
2025-08-21,1,Þór/KA,FHL,2,0,407,0.10175
2025-08-21,1,Þór/KA,FHL,2,1,216,0.054
2025-08-21,1,Þór/KA,FHL,2,2,52,0.013
2025-08-21,1,Þór/KA,FHL,2,3,16,0.004
2025-08-21,1,Þór/KA,FHL,2,4,1,2.5e-4
2025-08-21,1,Þór/KA,FHL,3,0,436,0.109
2025-08-21,1,Þór/KA,FHL,3,1,191,0.04775
2025-08-21,1,Þór/KA,FHL,3,2,64,0.016
2025-08-21,1,Þór/KA,FHL,3,3,13,0.00325
2025-08-21,1,Þór/KA,FHL,3,4,1,2.5e-4
2025-08-21,1,Þór/KA,FHL,4,0,378,0.0945
2025-08-21,1,Þór/KA,FHL,4,1,178,0.0445
2025-08-21,1,Þór/KA,FHL,4,2,63,0.01575
2025-08-21,1,Þór/KA,FHL,4,3,9,0.00225
2025-08-21,1,Þór/KA,FHL,4,4,5,0.00125
2025-08-21,1,Þór/KA,FHL,4,5,2,5e-4
2025-08-21,1,Þór/KA,FHL,5,0,287,0.07175
2025-08-21,1,Þór/KA,FHL,5,1,162,0.0405
2025-08-21,1,Þór/KA,FHL,5,2,44,0.011
2025-08-21,1,Þór/KA,FHL,5,3,9,0.00225
2025-08-21,1,Þór/KA,FHL,5,6,1,2.5e-4
2025-08-21,1,Þór/KA,FHL,6,0,196,0.049
2025-08-21,1,Þór/KA,FHL,6,1,103,0.02575
2025-08-21,1,Þór/KA,FHL,6,2,25,0.00625
2025-08-21,1,Þór/KA,FHL,6,3,8,0.002
2025-08-21,1,Þór/KA,FHL,6,4,1,2.5e-4
2025-08-21,1,Þór/KA,FHL,6,5,1,2.5e-4
2025-08-21,1,Þór/KA,FHL,7,0,140,0.035
2025-08-21,1,Þór/KA,FHL,7,1,68,0.017
2025-08-21,1,Þór/KA,FHL,7,2,19,0.00475
2025-08-21,1,Þór/KA,FHL,7,3,8,0.002
2025-08-21,1,Þór/KA,FHL,7,4,1,2.5e-4
2025-08-21,1,Þór/KA,FHL,8,0,69,0.01725
2025-08-21,1,Þór/KA,FHL,8,1,49,0.01225
2025-08-21,1,Þór/KA,FHL,8,2,13,0.00325
2025-08-21,1,Þór/KA,FHL,8,3,6,0.0015
2025-08-21,1,Þór/KA,FHL,8,4,1,2.5e-4
2025-08-21,1,Þór/KA,FHL,9,0,50,0.0125
2025-08-21,1,Þór/KA,FHL,9,1,13,0.00325
2025-08-21,1,Þór/KA,FHL,9,2,9,0.00225
2025-08-21,1,Þór/KA,FHL,9,3,1,2.5e-4
2025-08-21,1,Þór/KA,FHL,10,0,24,0.006
2025-08-21,1,Þór/KA,FHL,10,1,8,0.002
2025-08-21,1,Þór/KA,FHL,10,2,2,5e-4
2025-08-21,1,Þór/KA,FHL,10,3,1,2.5e-4
2025-08-21,1,Þór/KA,FHL,11,0,11,0.00275
2025-08-21,1,Þór/KA,FHL,11,1,2,5e-4
2025-08-21,1,Þór/KA,FHL,11,2,3,7.5e-4
2025-08-21,1,Þór/KA,FHL,12,0,9,0.00225
2025-08-21,1,Þór/KA,FHL,12,1,4,0.001
2025-08-21,1,Þór/KA,FHL,13,0,1,2.5e-4
2025-08-21,1,Þór/KA,FHL,13,1,1,2.5e-4
2025-08-21,1,Þór/KA,FHL,13,2,1,2.5e-4
2025-08-21,1,Þór/KA,FHL,13,3,1,2.5e-4
2025-08-21,1,Þór/KA,FHL,14,0,2,5e-4
2025-08-21,1,Þór/KA,FHL,15,1,1,2.5e-4
2025-08-21,1,Þór/KA,FHL,21,0,1,2.5e-4
2025-08-21,2,Fylkir,Keflavík,0,0,258,0.0645
2025-08-21,2,Fylkir,Keflavík,0,1,411,0.10275
2025-08-21,2,Fylkir,Keflavík,0,2,352,0.088
2025-08-21,2,Fylkir,Keflavík,0,3,249,0.06225
2025-08-21,2,Fylkir,Keflavík,0,4,125,0.03125
2025-08-21,2,Fylkir,Keflavík,0,5,55,0.01375
2025-08-21,2,Fylkir,Keflavík,0,6,41,0.01025
2025-08-21,2,Fylkir,Keflavík,0,7,14,0.0035
2025-08-21,2,Fylkir,Keflavík,0,8,7,0.00175
2025-08-21,2,Fylkir,Keflavík,0,9,2,5e-4
2025-08-21,2,Fylkir,Keflavík,0,10,2,5e-4
2025-08-21,2,Fylkir,Keflavík,1,0,177,0.04425
2025-08-21,2,Fylkir,Keflavík,1,1,402,0.1005
2025-08-21,2,Fylkir,Keflavík,1,2,329,0.08225
2025-08-21,2,Fylkir,Keflavík,1,3,222,0.0555
2025-08-21,2,Fylkir,Keflavík,1,4,116,0.029
2025-08-21,2,Fylkir,Keflavík,1,5,52,0.013
2025-08-21,2,Fylkir,Keflavík,1,6,30,0.0075
2025-08-21,2,Fylkir,Keflavík,1,7,16,0.004
2025-08-21,2,Fylkir,Keflavík,1,8,6,0.0015
2025-08-21,2,Fylkir,Keflavík,2,0,98,0.0245
2025-08-21,2,Fylkir,Keflavík,2,1,191,0.04775
2025-08-21,2,Fylkir,Keflavík,2,2,160,0.04
2025-08-21,2,Fylkir,Keflavík,2,3,134,0.0335
2025-08-21,2,Fylkir,Keflavík,2,4,69,0.01725
2025-08-21,2,Fylkir,Keflavík,2,5,40,0.01
2025-08-21,2,Fylkir,Keflavík,2,6,14,0.0035
2025-08-21,2,Fylkir,Keflavík,2,7,3,7.5e-4
2025-08-21,2,Fylkir,Keflavík,2,8,3,7.5e-4
2025-08-21,2,Fylkir,Keflavík,2,11,1,2.5e-4
2025-08-21,2,Fylkir,Keflavík,3,0,34,0.0085
2025-08-21,2,Fylkir,Keflavík,3,1,57,0.01425
2025-08-21,2,Fylkir,Keflavík,3,2,63,0.01575
2025-08-21,2,Fylkir,Keflavík,3,3,56,0.014
2025-08-21,2,Fylkir,Keflavík,3,4,36,0.009
2025-08-21,2,Fylkir,Keflavík,3,5,15,0.00375
2025-08-21,2,Fylkir,Keflavík,3,6,6,0.0015
2025-08-21,2,Fylkir,Keflavík,3,7,3,7.5e-4
2025-08-21,2,Fylkir,Keflavík,3,8,1,2.5e-4
2025-08-21,2,Fylkir,Keflavík,4,0,12,0.003
2025-08-21,2,Fylkir,Keflavík,4,1,19,0.00475
2025-08-21,2,Fylkir,Keflavík,4,2,23,0.00575
2025-08-21,2,Fylkir,Keflavík,4,3,23,0.00575
2025-08-21,2,Fylkir,Keflavík,4,4,11,0.00275
2025-08-21,2,Fylkir,Keflavík,4,5,7,0.00175
2025-08-21,2,Fylkir,Keflavík,4,6,3,7.5e-4
2025-08-21,2,Fylkir,Keflavík,4,7,1,2.5e-4
2025-08-21,2,Fylkir,Keflavík,5,0,3,7.5e-4
2025-08-21,2,Fylkir,Keflavík,5,1,9,0.00225
2025-08-21,2,Fylkir,Keflavík,5,2,9,0.00225
2025-08-21,2,Fylkir,Keflavík,5,3,9,0.00225
2025-08-21,2,Fylkir,Keflavík,5,4,3,7.5e-4
2025-08-21,2,Fylkir,Keflavík,5,6,1,2.5e-4
2025-08-21,2,Fylkir,Keflavík,5,7,1,2.5e-4
2025-08-21,2,Fylkir,Keflavík,6,0,1,2.5e-4
2025-08-21,2,Fylkir,Keflavík,6,1,2,5e-4
2025-08-21,2,Fylkir,Keflavík,6,2,2,5e-4
2025-08-21,2,Fylkir,Keflavík,6,3,2,5e-4
2025-08-21,2,Fylkir,Keflavík,6,4,1,2.5e-4
2025-08-21,2,Fylkir,Keflavík,6,5,1,2.5e-4
2025-08-21,2,Fylkir,Keflavík,6,6,1,2.5e-4
2025-08-21,2,Fylkir,Keflavík,7,1,2,5e-4
2025-08-21,2,Fylkir,Keflavík,7,3,1,2.5e-4
2025-08-21,2,Fylkir,Keflavík,7,4,1,2.5e-4
2025-08-21,2,Fylkir,Keflavík,8,2,1,2.5e-4
2025-08-21,2,Fylkir,Keflavík,9,0,1,2.5e-4
2025-08-21,2,Grindavík/ Njarðvík,Afturelding,0,0,13,0.00325
2025-08-21,2,Grindavík/ Njarðvík,Afturelding,0,1,14,0.0035
2025-08-21,2,Grindavík/ Njarðvík,Afturelding,0,2,12,0.003
2025-08-21,2,Grindavík/ Njarðvík,Afturelding,0,3,6,0.0015
2025-08-21,2,Grindavík/ Njarðvík,Afturelding,0,4,3,7.5e-4
2025-08-21,2,Grindavík/ Njarðvík,Afturelding,0,5,1,2.5e-4
2025-08-21,2,Grindavík/ Njarðvík,Afturelding,0,7,1,2.5e-4
2025-08-21,2,Grindavík/ Njarðvík,Afturelding,1,0,36,0.009
2025-08-21,2,Grindavík/ Njarðvík,Afturelding,1,1,57,0.01425
2025-08-21,2,Grindavík/ Njarðvík,Afturelding,1,2,39,0.00975
2025-08-21,2,Grindavík/ Njarðvík,Afturelding,1,3,25,0.00625
2025-08-21,2,Grindavík/ Njarðvík,Afturelding,1,4,17,0.00425
2025-08-21,2,Grindavík/ Njarðvík,Afturelding,1,5,8,0.002
2025-08-21,2,Grindavík/ Njarðvík,Afturelding,1,6,1,2.5e-4
2025-08-21,2,Grindavík/ Njarðvík,Afturelding,1,7,1,2.5e-4
2025-08-21,2,Grindavík/ Njarðvík,Afturelding,2,0,55,0.01375
2025-08-21,2,Grindavík/ Njarðvík,Afturelding,2,1,90,0.0225
2025-08-21,2,Grindavík/ Njarðvík,Afturelding,2,2,74,0.0185
2025-08-21,2,Grindavík/ Njarðvík,Afturelding,2,3,53,0.01325
2025-08-21,2,Grindavík/ Njarðvík,Afturelding,2,4,19,0.00475
2025-08-21,2,Grindavík/ Njarðvík,Afturelding,2,5,12,0.003
2025-08-21,2,Grindavík/ Njarðvík,Afturelding,2,6,5,0.00125
2025-08-21,2,Grindavík/ Njarðvík,Afturelding,2,7,1,2.5e-4
2025-08-21,2,Grindavík/ Njarðvík,Afturelding,3,0,96,0.024
2025-08-21,2,Grindavík/ Njarðvík,Afturelding,3,1,128,0.032
2025-08-21,2,Grindavík/ Njarðvík,Afturelding,3,2,121,0.03025
2025-08-21,2,Grindavík/ Njarðvík,Afturelding,3,3,71,0.01775
2025-08-21,2,Grindavík/ Njarðvík,Afturelding,3,4,30,0.0075
2025-08-21,2,Grindavík/ Njarðvík,Afturelding,3,5,16,0.004
2025-08-21,2,Grindavík/ Njarðvík,Afturelding,3,6,7,0.00175
2025-08-21,2,Grindavík/ Njarðvík,Afturelding,3,7,3,7.5e-4
2025-08-21,2,Grindavík/ Njarðvík,Afturelding,3,8,1,2.5e-4
2025-08-21,2,Grindavík/ Njarðvík,Afturelding,4,0,98,0.0245
2025-08-21,2,Grindavík/ Njarðvík,Afturelding,4,1,144,0.036
2025-08-21,2,Grindavík/ Njarðvík,Afturelding,4,2,109,0.02725
2025-08-21,2,Grindavík/ Njarðvík,Afturelding,4,3,75,0.01875
2025-08-21,2,Grindavík/ Njarðvík,Afturelding,4,4,31,0.00775
2025-08-21,2,Grindavík/ Njarðvík,Afturelding,4,5,19,0.00475
2025-08-21,2,Grindavík/ Njarðvík,Afturelding,4,6,10,0.0025
2025-08-21,2,Grindavík/ Njarðvík,Afturelding,4,7,2,5e-4
2025-08-21,2,Grindavík/ Njarðvík,Afturelding,4,8,2,5e-4
2025-08-21,2,Grindavík/ Njarðvík,Afturelding,4,11,1,2.5e-4
2025-08-21,2,Grindavík/ Njarðvík,Afturelding,5,0,96,0.024
2025-08-21,2,Grindavík/ Njarðvík,Afturelding,5,1,122,0.0305
2025-08-21,2,Grindavík/ Njarðvík,Afturelding,5,2,146,0.0365
2025-08-21,2,Grindavík/ Njarðvík,Afturelding,5,3,74,0.0185
2025-08-21,2,Grindavík/ Njarðvík,Afturelding,5,4,37,0.00925
2025-08-21,2,Grindavík/ Njarðvík,Afturelding,5,5,19,0.00475
2025-08-21,2,Grindavík/ Njarðvík,Afturelding,5,6,4,0.001
2025-08-21,2,Grindavík/ Njarðvík,Afturelding,5,7,2,5e-4
2025-08-21,2,Grindavík/ Njarðvík,Afturelding,6,0,101,0.02525
2025-08-21,2,Grindavík/ Njarðvík,Afturelding,6,1,132,0.033
2025-08-21,2,Grindavík/ Njarðvík,Afturelding,6,2,110,0.0275
2025-08-21,2,Grindavík/ Njarðvík,Afturelding,6,3,75,0.01875
2025-08-21,2,Grindavík/ Njarðvík,Afturelding,6,4,25,0.00625
2025-08-21,2,Grindavík/ Njarðvík,Afturelding,6,5,14,0.0035
2025-08-21,2,Grindavík/ Njarðvík,Afturelding,6,6,3,7.5e-4
2025-08-21,2,Grindavík/ Njarðvík,Afturelding,6,7,3,7.5e-4
2025-08-21,2,Grindavík/ Njarðvík,Afturelding,6,8,1,2.5e-4
2025-08-21,2,Grindavík/ Njarðvík,Afturelding,7,0,92,0.023
2025-08-21,2,Grindavík/ Njarðvík,Afturelding,7,1,127,0.03175
2025-08-21,2,Grindavík/ Njarðvík,Afturelding,7,2,81,0.02025
2025-08-21,2,Grindavík/ Njarðvík,Afturelding,7,3,58,0.0145
2025-08-21,2,Grindavík/ Njarðvík,Afturelding,7,4,34,0.0085
2025-08-21,2,Grindavík/ Njarðvík,Afturelding,7,5,13,0.00325
2025-08-21,2,Grindavík/ Njarðvík,Afturelding,7,6,5,0.00125
2025-08-21,2,Grindavík/ Njarðvík,Afturelding,7,7,4,0.001
2025-08-21,2,Grindavík/ Njarðvík,Afturelding,7,10,1,2.5e-4
2025-08-21,2,Grindavík/ Njarðvík,Afturelding,8,0,67,0.01675
2025-08-21,2,Grindavík/ Njarðvík,Afturelding,8,1,101,0.02525
2025-08-21,2,Grindavík/ Njarðvík,Afturelding,8,2,82,0.0205
2025-08-21,2,Grindavík/ Njarðvík,Afturelding,8,3,50,0.0125
2025-08-21,2,Grindavík/ Njarðvík,Afturelding,8,4,21,0.00525
2025-08-21,2,Grindavík/ Njarðvík,Afturelding,8,5,4,0.001
2025-08-21,2,Grindavík/ Njarðvík,Afturelding,8,6,3,7.5e-4
2025-08-21,2,Grindavík/ Njarðvík,Afturelding,8,7,1,2.5e-4
2025-08-21,2,Grindavík/ Njarðvík,Afturelding,8,8,1,2.5e-4
2025-08-21,2,Grindavík/ Njarðvík,Afturelding,9,0,42,0.0105
2025-08-21,2,Grindavík/ Njarðvík,Afturelding,9,1,67,0.01675
2025-08-21,2,Grindavík/ Njarðvík,Afturelding,9,2,58,0.0145
2025-08-21,2,Grindavík/ Njarðvík,Afturelding,9,3,36,0.009
2025-08-21,2,Grindavík/ Njarðvík,Afturelding,9,4,13,0.00325
2025-08-21,2,Grindavík/ Njarðvík,Afturelding,9,5,6,0.0015
2025-08-21,2,Grindavík/ Njarðvík,Afturelding,9,6,6,0.0015
2025-08-21,2,Grindavík/ Njarðvík,Afturelding,9,7,1,2.5e-4
2025-08-21,2,Grindavík/ Njarðvík,Afturelding,10,0,38,0.0095
2025-08-21,2,Grindavík/ Njarðvík,Afturelding,10,1,61,0.01525
2025-08-21,2,Grindavík/ Njarðvík,Afturelding,10,2,36,0.009
2025-08-21,2,Grindavík/ Njarðvík,Afturelding,10,3,25,0.00625
2025-08-21,2,Grindavík/ Njarðvík,Afturelding,10,4,9,0.00225
2025-08-21,2,Grindavík/ Njarðvík,Afturelding,10,5,6,0.0015
2025-08-21,2,Grindavík/ Njarðvík,Afturelding,10,6,3,7.5e-4
2025-08-21,2,Grindavík/ Njarðvík,Afturelding,10,7,1,2.5e-4
2025-08-21,2,Grindavík/ Njarðvík,Afturelding,11,0,31,0.00775
2025-08-21,2,Grindavík/ Njarðvík,Afturelding,11,1,35,0.00875
2025-08-21,2,Grindavík/ Njarðvík,Afturelding,11,2,25,0.00625
2025-08-21,2,Grindavík/ Njarðvík,Afturelding,11,3,16,0.004
2025-08-21,2,Grindavík/ Njarðvík,Afturelding,11,4,10,0.0025
2025-08-21,2,Grindavík/ Njarðvík,Afturelding,11,5,2,5e-4
2025-08-21,2,Grindavík/ Njarðvík,Afturelding,11,6,1,2.5e-4
2025-08-21,2,Grindavík/ Njarðvík,Afturelding,11,7,1,2.5e-4
2025-08-21,2,Grindavík/ Njarðvík,Afturelding,12,0,12,0.003
2025-08-21,2,Grindavík/ Njarðvík,Afturelding,12,1,21,0.00525
2025-08-21,2,Grindavík/ Njarðvík,Afturelding,12,2,19,0.00475
2025-08-21,2,Grindavík/ Njarðvík,Afturelding,12,3,10,0.0025
2025-08-21,2,Grindavík/ Njarðvík,Afturelding,12,4,10,0.0025
2025-08-21,2,Grindavík/ Njarðvík,Afturelding,12,5,5,0.00125
2025-08-21,2,Grindavík/ Njarðvík,Afturelding,12,6,1,2.5e-4
2025-08-21,2,Grindavík/ Njarðvík,Afturelding,12,7,1,2.5e-4
2025-08-21,2,Grindavík/ Njarðvík,Afturelding,13,0,4,0.001
2025-08-21,2,Grindavík/ Njarðvík,Afturelding,13,1,18,0.0045
2025-08-21,2,Grindavík/ Njarðvík,Afturelding,13,2,15,0.00375
2025-08-21,2,Grindavík/ Njarðvík,Afturelding,13,3,13,0.00325
2025-08-21,2,Grindavík/ Njarðvík,Afturelding,13,4,6,0.0015
2025-08-21,2,Grindavík/ Njarðvík,Afturelding,13,5,3,7.5e-4
2025-08-21,2,Grindavík/ Njarðvík,Afturelding,13,6,1,2.5e-4
2025-08-21,2,Grindavík/ Njarðvík,Afturelding,14,0,7,0.00175
2025-08-21,2,Grindavík/ Njarðvík,Afturelding,14,1,12,0.003
2025-08-21,2,Grindavík/ Njarðvík,Afturelding,14,2,8,0.002
2025-08-21,2,Grindavík/ Njarðvík,Afturelding,14,3,4,0.001
2025-08-21,2,Grindavík/ Njarðvík,Afturelding,14,4,1,2.5e-4
2025-08-21,2,Grindavík/ Njarðvík,Afturelding,14,6,1,2.5e-4
2025-08-21,2,Grindavík/ Njarðvík,Afturelding,15,0,7,0.00175
2025-08-21,2,Grindavík/ Njarðvík,Afturelding,15,1,8,0.002
2025-08-21,2,Grindavík/ Njarðvík,Afturelding,15,2,2,5e-4
2025-08-21,2,Grindavík/ Njarðvík,Afturelding,15,3,3,7.5e-4
2025-08-21,2,Grindavík/ Njarðvík,Afturelding,15,4,2,5e-4
2025-08-21,2,Grindavík/ Njarðvík,Afturelding,15,5,1,2.5e-4
2025-08-21,2,Grindavík/ Njarðvík,Afturelding,15,10,1,2.5e-4
2025-08-21,2,Grindavík/ Njarðvík,Afturelding,16,0,2,5e-4
2025-08-21,2,Grindavík/ Njarðvík,Afturelding,16,1,9,0.00225
2025-08-21,2,Grindavík/ Njarðvík,Afturelding,16,2,2,5e-4
2025-08-21,2,Grindavík/ Njarðvík,Afturelding,16,3,6,0.0015
2025-08-21,2,Grindavík/ Njarðvík,Afturelding,16,4,3,7.5e-4
2025-08-21,2,Grindavík/ Njarðvík,Afturelding,16,5,2,5e-4
2025-08-21,2,Grindavík/ Njarðvík,Afturelding,17,0,1,2.5e-4
2025-08-21,2,Grindavík/ Njarðvík,Afturelding,17,1,2,5e-4
2025-08-21,2,Grindavík/ Njarðvík,Afturelding,17,2,4,0.001
2025-08-21,2,Grindavík/ Njarðvík,Afturelding,17,3,1,2.5e-4
2025-08-21,2,Grindavík/ Njarðvík,Afturelding,17,6,1,2.5e-4
2025-08-21,2,Grindavík/ Njarðvík,Afturelding,18,1,3,7.5e-4
2025-08-21,2,Grindavík/ Njarðvík,Afturelding,18,2,2,5e-4
2025-08-21,2,Grindavík/ Njarðvík,Afturelding,18,3,4,0.001
2025-08-21,2,Grindavík/ Njarðvík,Afturelding,18,4,1,2.5e-4
2025-08-21,2,Grindavík/ Njarðvík,Afturelding,18,5,1,2.5e-4
2025-08-21,2,Grindavík/ Njarðvík,Afturelding,19,0,1,2.5e-4
2025-08-21,2,Grindavík/ Njarðvík,Afturelding,19,1,2,5e-4
2025-08-21,2,Grindavík/ Njarðvík,Afturelding,19,2,1,2.5e-4
2025-08-21,2,Grindavík/ Njarðvík,Afturelding,19,3,4,0.001
2025-08-21,2,Grindavík/ Njarðvík,Afturelding,19,7,1,2.5e-4
2025-08-21,2,Grindavík/ Njarðvík,Afturelding,20,0,1,2.5e-4
2025-08-21,2,Grindavík/ Njarðvík,Afturelding,20,1,1,2.5e-4
2025-08-21,2,Grindavík/ Njarðvík,Afturelding,20,2,1,2.5e-4
2025-08-21,2,Grindavík/ Njarðvík,Afturelding,20,3,1,2.5e-4
2025-08-21,2,Grindavík/ Njarðvík,Afturelding,23,0,1,2.5e-4
2025-08-21,2,Grindavík/ Njarðvík,Afturelding,25,2,1,2.5e-4
2025-08-21,2,Grótta,KR,0,0,81,0.02025
2025-08-21,2,Grótta,KR,0,1,75,0.01875
2025-08-21,2,Grótta,KR,0,2,85,0.02125
2025-08-21,2,Grótta,KR,0,3,53,0.01325
2025-08-21,2,Grótta,KR,0,4,25,0.00625
2025-08-21,2,Grótta,KR,0,5,14,0.0035
2025-08-21,2,Grótta,KR,0,6,3,7.5e-4
2025-08-21,2,Grótta,KR,0,7,3,7.5e-4
2025-08-21,2,Grótta,KR,1,0,151,0.03775
2025-08-21,2,Grótta,KR,1,1,218,0.0545
2025-08-21,2,Grótta,KR,1,2,195,0.04875
2025-08-21,2,Grótta,KR,1,3,123,0.03075
2025-08-21,2,Grótta,KR,1,4,53,0.01325
2025-08-21,2,Grótta,KR,1,5,25,0.00625
2025-08-21,2,Grótta,KR,1,6,16,0.004
2025-08-21,2,Grótta,KR,1,7,3,7.5e-4
2025-08-21,2,Grótta,KR,1,8,2,5e-4
2025-08-21,2,Grótta,KR,1,9,1,2.5e-4
2025-08-21,2,Grótta,KR,2,0,183,0.04575
2025-08-21,2,Grótta,KR,2,1,237,0.05925
2025-08-21,2,Grótta,KR,2,2,212,0.053
2025-08-21,2,Grótta,KR,2,3,137,0.03425
2025-08-21,2,Grótta,KR,2,4,62,0.0155
2025-08-21,2,Grótta,KR,2,5,31,0.00775
2025-08-21,2,Grótta,KR,2,6,10,0.0025
2025-08-21,2,Grótta,KR,2,7,3,7.5e-4
2025-08-21,2,Grótta,KR,2,8,1,2.5e-4
2025-08-21,2,Grótta,KR,3,0,124,0.031
2025-08-21,2,Grótta,KR,3,1,191,0.04775
2025-08-21,2,Grótta,KR,3,2,204,0.051
2025-08-21,2,Grótta,KR,3,3,111,0.02775
2025-08-21,2,Grótta,KR,3,4,54,0.0135
2025-08-21,2,Grótta,KR,3,5,15,0.00375
2025-08-21,2,Grótta,KR,3,6,13,0.00325
2025-08-21,2,Grótta,KR,3,7,3,7.5e-4
2025-08-21,2,Grótta,KR,3,8,3,7.5e-4
2025-08-21,2,Grótta,KR,4,0,107,0.02675
2025-08-21,2,Grótta,KR,4,1,165,0.04125
2025-08-21,2,Grótta,KR,4,2,140,0.035
2025-08-21,2,Grótta,KR,4,3,94,0.0235
2025-08-21,2,Grótta,KR,4,4,54,0.0135
2025-08-21,2,Grótta,KR,4,5,16,0.004
2025-08-21,2,Grótta,KR,4,6,14,0.0035
2025-08-21,2,Grótta,KR,4,7,4,0.001
2025-08-21,2,Grótta,KR,4,8,3,7.5e-4
2025-08-21,2,Grótta,KR,5,0,57,0.01425
2025-08-21,2,Grótta,KR,5,1,90,0.0225
2025-08-21,2,Grótta,KR,5,2,86,0.0215
2025-08-21,2,Grótta,KR,5,3,47,0.01175
2025-08-21,2,Grótta,KR,5,4,30,0.0075
2025-08-21,2,Grótta,KR,5,5,15,0.00375
2025-08-21,2,Grótta,KR,5,6,6,0.0015
2025-08-21,2,Grótta,KR,5,7,5,0.00125
2025-08-21,2,Grótta,KR,5,8,1,2.5e-4
2025-08-21,2,Grótta,KR,5,9,1,2.5e-4
2025-08-21,2,Grótta,KR,6,0,25,0.00625
2025-08-21,2,Grótta,KR,6,1,49,0.01225
2025-08-21,2,Grótta,KR,6,2,50,0.0125
2025-08-21,2,Grótta,KR,6,3,28,0.007
2025-08-21,2,Grótta,KR,6,4,13,0.00325
2025-08-21,2,Grótta,KR,6,5,8,0.002
2025-08-21,2,Grótta,KR,6,6,2,5e-4
2025-08-21,2,Grótta,KR,6,7,2,5e-4
2025-08-21,2,Grótta,KR,7,0,24,0.006
2025-08-21,2,Grótta,KR,7,1,19,0.00475
2025-08-21,2,Grótta,KR,7,2,25,0.00625
2025-08-21,2,Grótta,KR,7,3,15,0.00375
2025-08-21,2,Grótta,KR,7,4,6,0.0015
2025-08-21,2,Grótta,KR,7,5,1,2.5e-4
2025-08-21,2,Grótta,KR,7,6,1,2.5e-4
2025-08-21,2,Grótta,KR,8,0,8,0.002
2025-08-21,2,Grótta,KR,8,1,11,0.00275
2025-08-21,2,Grótta,KR,8,2,13,0.00325
2025-08-21,2,Grótta,KR,8,3,3,7.5e-4
2025-08-21,2,Grótta,KR,8,4,3,7.5e-4
2025-08-21,2,Grótta,KR,8,5,3,7.5e-4
2025-08-21,2,Grótta,KR,8,6,4,0.001
2025-08-21,2,Grótta,KR,8,7,1,2.5e-4
2025-08-21,2,Grótta,KR,9,0,1,2.5e-4
2025-08-21,2,Grótta,KR,9,1,6,0.0015
2025-08-21,2,Grótta,KR,9,2,3,7.5e-4
2025-08-21,2,Grótta,KR,9,3,2,5e-4
2025-08-21,2,Grótta,KR,9,4,2,5e-4
2025-08-21,2,Grótta,KR,10,2,3,7.5e-4
2025-08-21,2,Grótta,KR,10,3,1,2.5e-4
2025-08-21,2,Grótta,KR,10,4,2,5e-4
2025-08-21,2,Grótta,KR,10,5,1,2.5e-4
2025-08-21,2,Grótta,KR,11,1,2,5e-4
2025-08-21,2,Grótta,KR,11,2,2,5e-4
2025-08-21,2,Grótta,KR,11,3,3,7.5e-4
2025-08-21,2,Grótta,KR,11,5,1,2.5e-4
2025-08-21,2,Grótta,KR,13,3,1,2.5e-4
2025-08-21,2,Grótta,KR,15,1,1,2.5e-4
2025-08-21,2,ÍA,Haukar,0,0,54,0.0135
2025-08-21,2,ÍA,Haukar,0,1,53,0.01325
2025-08-21,2,ÍA,Haukar,0,2,38,0.0095
2025-08-21,2,ÍA,Haukar,0,3,8,0.002
2025-08-21,2,ÍA,Haukar,0,4,12,0.003
2025-08-21,2,ÍA,Haukar,0,5,1,2.5e-4
2025-08-21,2,ÍA,Haukar,1,0,150,0.0375
2025-08-21,2,ÍA,Haukar,1,1,156,0.039
2025-08-21,2,ÍA,Haukar,1,2,94,0.0235
2025-08-21,2,ÍA,Haukar,1,3,48,0.012
2025-08-21,2,ÍA,Haukar,1,4,17,0.00425
2025-08-21,2,ÍA,Haukar,1,5,7,0.00175
2025-08-21,2,ÍA,Haukar,1,6,1,2.5e-4
2025-08-21,2,ÍA,Haukar,1,7,1,2.5e-4
2025-08-21,2,ÍA,Haukar,2,0,225,0.05625
2025-08-21,2,ÍA,Haukar,2,1,242,0.0605
2025-08-21,2,ÍA,Haukar,2,2,160,0.04
2025-08-21,2,ÍA,Haukar,2,3,70,0.0175
2025-08-21,2,ÍA,Haukar,2,4,26,0.0065
2025-08-21,2,ÍA,Haukar,2,5,11,0.00275
2025-08-21,2,ÍA,Haukar,2,6,3,7.5e-4
2025-08-21,2,ÍA,Haukar,2,7,1,2.5e-4
2025-08-21,2,ÍA,Haukar,2,8,2,5e-4
2025-08-21,2,ÍA,Haukar,3,0,230,0.0575
2025-08-21,2,ÍA,Haukar,3,1,226,0.0565
2025-08-21,2,ÍA,Haukar,3,2,172,0.043
2025-08-21,2,ÍA,Haukar,3,3,84,0.021
2025-08-21,2,ÍA,Haukar,3,4,36,0.009
2025-08-21,2,ÍA,Haukar,3,5,10,0.0025
2025-08-21,2,ÍA,Haukar,3,6,3,7.5e-4
2025-08-21,2,ÍA,Haukar,4,0,191,0.04775
2025-08-21,2,ÍA,Haukar,4,1,219,0.05475
2025-08-21,2,ÍA,Haukar,4,2,134,0.0335
2025-08-21,2,ÍA,Haukar,4,3,78,0.0195
2025-08-21,2,ÍA,Haukar,4,4,26,0.0065
2025-08-21,2,ÍA,Haukar,4,5,6,0.0015
2025-08-21,2,ÍA,Haukar,4,6,1,2.5e-4
2025-08-21,2,ÍA,Haukar,4,8,1,2.5e-4
2025-08-21,2,ÍA,Haukar,5,0,157,0.03925
2025-08-21,2,ÍA,Haukar,5,1,152,0.038
2025-08-21,2,ÍA,Haukar,5,2,102,0.0255
2025-08-21,2,ÍA,Haukar,5,3,60,0.015
2025-08-21,2,ÍA,Haukar,5,4,15,0.00375
2025-08-21,2,ÍA,Haukar,5,5,8,0.002
2025-08-21,2,ÍA,Haukar,5,6,2,5e-4
2025-08-21,2,ÍA,Haukar,6,0,88,0.022
2025-08-21,2,ÍA,Haukar,6,1,93,0.02325
2025-08-21,2,ÍA,Haukar,6,2,84,0.021
2025-08-21,2,ÍA,Haukar,6,3,30,0.0075
2025-08-21,2,ÍA,Haukar,6,4,15,0.00375
2025-08-21,2,ÍA,Haukar,6,5,9,0.00225
2025-08-21,2,ÍA,Haukar,6,7,2,5e-4
2025-08-21,2,ÍA,Haukar,7,0,44,0.011
2025-08-21,2,ÍA,Haukar,7,1,63,0.01575
2025-08-21,2,ÍA,Haukar,7,2,38,0.0095
2025-08-21,2,ÍA,Haukar,7,3,16,0.004
2025-08-21,2,ÍA,Haukar,7,4,16,0.004
2025-08-21,2,ÍA,Haukar,7,5,6,0.0015
2025-08-21,2,ÍA,Haukar,7,6,1,2.5e-4
2025-08-21,2,ÍA,Haukar,8,0,29,0.00725
2025-08-21,2,ÍA,Haukar,8,1,33,0.00825
2025-08-21,2,ÍA,Haukar,8,2,26,0.0065
2025-08-21,2,ÍA,Haukar,8,3,11,0.00275
2025-08-21,2,ÍA,Haukar,8,4,5,0.00125
2025-08-21,2,ÍA,Haukar,8,5,2,5e-4
2025-08-21,2,ÍA,Haukar,9,0,9,0.00225
2025-08-21,2,ÍA,Haukar,9,1,11,0.00275
2025-08-21,2,ÍA,Haukar,9,2,14,0.0035
2025-08-21,2,ÍA,Haukar,9,3,5,0.00125
2025-08-21,2,ÍA,Haukar,9,4,5,0.00125
2025-08-21,2,ÍA,Haukar,9,5,1,2.5e-4
2025-08-21,2,ÍA,Haukar,9,7,2,5e-4
2025-08-21,2,ÍA,Haukar,10,0,4,0.001
2025-08-21,2,ÍA,Haukar,10,1,11,0.00275
2025-08-21,2,ÍA,Haukar,10,2,8,0.002
2025-08-21,2,ÍA,Haukar,10,3,4,0.001
2025-08-21,2,ÍA,Haukar,10,4,2,5e-4
2025-08-21,2,ÍA,Haukar,10,5,1,2.5e-4
2025-08-21,2,ÍA,Haukar,11,0,3,7.5e-4
2025-08-21,2,ÍA,Haukar,11,1,4,0.001
2025-08-21,2,ÍA,Haukar,11,3,3,7.5e-4
2025-08-21,2,ÍA,Haukar,11,4,1,2.5e-4
2025-08-21,2,ÍA,Haukar,12,2,2,5e-4
2025-08-21,2,ÍA,Haukar,13,0,1,2.5e-4
2025-08-21,2,ÍA,Haukar,13,1,1,2.5e-4
2025-08-21,2,ÍA,Haukar,13,2,1,2.5e-4
2025-08-21,2,ÍA,Haukar,13,9,1,2.5e-4
2025-08-21,2,ÍA,Haukar,14,1,1,2.5e-4
2025-08-21,2,ÍA,Haukar,14,3,1,2.5e-4
2025-08-21,2,ÍBV,HK,0,0,142,0.0355
2025-08-21,2,ÍBV,HK,0,1,184,0.046
2025-08-21,2,ÍBV,HK,0,2,139,0.03475
2025-08-21,2,ÍBV,HK,0,3,90,0.0225
2025-08-21,2,ÍBV,HK,0,4,33,0.00825
2025-08-21,2,ÍBV,HK,0,5,33,0.00825
2025-08-21,2,ÍBV,HK,0,6,6,0.0015
2025-08-21,2,ÍBV,HK,0,7,1,2.5e-4
2025-08-21,2,ÍBV,HK,0,8,1,2.5e-4
2025-08-21,2,ÍBV,HK,0,10,1,2.5e-4
2025-08-21,2,ÍBV,HK,1,0,207,0.05175
2025-08-21,2,ÍBV,HK,1,1,321,0.08025
2025-08-21,2,ÍBV,HK,1,2,256,0.064
2025-08-21,2,ÍBV,HK,1,3,155,0.03875
2025-08-21,2,ÍBV,HK,1,4,81,0.02025
2025-08-21,2,ÍBV,HK,1,5,28,0.007
2025-08-21,2,ÍBV,HK,1,6,15,0.00375
2025-08-21,2,ÍBV,HK,1,7,6,0.0015
2025-08-21,2,ÍBV,HK,1,9,1,2.5e-4
2025-08-21,2,ÍBV,HK,2,0,199,0.04975
2025-08-21,2,ÍBV,HK,2,1,286,0.0715
2025-08-21,2,ÍBV,HK,2,2,244,0.061
2025-08-21,2,ÍBV,HK,2,3,139,0.03475
2025-08-21,2,ÍBV,HK,2,4,73,0.01825
2025-08-21,2,ÍBV,HK,2,5,34,0.0085
2025-08-21,2,ÍBV,HK,2,6,14,0.0035
2025-08-21,2,ÍBV,HK,2,7,5,0.00125
2025-08-21,2,ÍBV,HK,2,8,1,2.5e-4
2025-08-21,2,ÍBV,HK,3,0,104,0.026
2025-08-21,2,ÍBV,HK,3,1,192,0.048
2025-08-21,2,ÍBV,HK,3,2,169,0.04225
2025-08-21,2,ÍBV,HK,3,3,118,0.0295
2025-08-21,2,ÍBV,HK,3,4,55,0.01375
2025-08-21,2,ÍBV,HK,3,5,21,0.00525
2025-08-21,2,ÍBV,HK,3,6,18,0.0045
2025-08-21,2,ÍBV,HK,3,7,5,0.00125
2025-08-21,2,ÍBV,HK,3,8,1,2.5e-4
2025-08-21,2,ÍBV,HK,4,0,52,0.013
2025-08-21,2,ÍBV,HK,4,1,111,0.02775
2025-08-21,2,ÍBV,HK,4,2,80,0.02
2025-08-21,2,ÍBV,HK,4,3,52,0.013
2025-08-21,2,ÍBV,HK,4,4,34,0.0085
2025-08-21,2,ÍBV,HK,4,5,14,0.0035
2025-08-21,2,ÍBV,HK,4,6,9,0.00225
2025-08-21,2,ÍBV,HK,4,7,1,2.5e-4
2025-08-21,2,ÍBV,HK,4,8,1,2.5e-4
2025-08-21,2,ÍBV,HK,4,9,1,2.5e-4
2025-08-21,2,ÍBV,HK,5,0,20,0.005
2025-08-21,2,ÍBV,HK,5,1,41,0.01025
2025-08-21,2,ÍBV,HK,5,2,30,0.0075
2025-08-21,2,ÍBV,HK,5,3,33,0.00825
2025-08-21,2,ÍBV,HK,5,4,19,0.00475
2025-08-21,2,ÍBV,HK,5,5,9,0.00225
2025-08-21,2,ÍBV,HK,5,6,3,7.5e-4
2025-08-21,2,ÍBV,HK,6,0,15,0.00375
2025-08-21,2,ÍBV,HK,6,1,21,0.00525
2025-08-21,2,ÍBV,HK,6,2,11,0.00275
2025-08-21,2,ÍBV,HK,6,3,15,0.00375
2025-08-21,2,ÍBV,HK,6,4,5,0.00125
2025-08-21,2,ÍBV,HK,6,5,2,5e-4
2025-08-21,2,ÍBV,HK,6,6,3,7.5e-4
2025-08-21,2,ÍBV,HK,7,0,5,0.00125
2025-08-21,2,ÍBV,HK,7,1,8,0.002
2025-08-21,2,ÍBV,HK,7,2,3,7.5e-4
2025-08-21,2,ÍBV,HK,7,3,3,7.5e-4
2025-08-21,2,ÍBV,HK,7,4,3,7.5e-4
2025-08-21,2,ÍBV,HK,7,5,3,7.5e-4
2025-08-21,2,ÍBV,HK,8,0,2,5e-4
2025-08-21,2,ÍBV,HK,8,1,2,5e-4
2025-08-21,2,ÍBV,HK,8,2,4,0.001
2025-08-21,2,ÍBV,HK,9,1,2,5e-4
2025-08-21,2,ÍBV,HK,9,2,2,5e-4
2025-08-21,2,ÍBV,HK,10,1,1,2.5e-4
2025-08-21,2,ÍBV,HK,11,1,1,2.5e-4
2025-08-21,2,ÍBV,HK,11,6,1,2.5e-4
2025-08-22,1,Breiðablik,Tindastóll,0,0,7,0.00175
2025-08-22,1,Breiðablik,Tindastóll,0,1,9,0.00225
2025-08-22,1,Breiðablik,Tindastóll,0,4,1,2.5e-4
2025-08-22,1,Breiðablik,Tindastóll,1,0,63,0.01575
2025-08-22,1,Breiðablik,Tindastóll,1,1,35,0.00875
2025-08-22,1,Breiðablik,Tindastóll,1,2,9,0.00225
2025-08-22,1,Breiðablik,Tindastóll,1,3,3,7.5e-4
2025-08-22,1,Breiðablik,Tindastóll,1,4,1,2.5e-4
2025-08-22,1,Breiðablik,Tindastóll,2,0,160,0.04
2025-08-22,1,Breiðablik,Tindastóll,2,1,77,0.01925
2025-08-22,1,Breiðablik,Tindastóll,2,2,10,0.0025
2025-08-22,1,Breiðablik,Tindastóll,2,3,1,2.5e-4
2025-08-22,1,Breiðablik,Tindastóll,3,0,244,0.061
2025-08-22,1,Breiðablik,Tindastóll,3,1,114,0.0285
2025-08-22,1,Breiðablik,Tindastóll,3,2,30,0.0075
2025-08-22,1,Breiðablik,Tindastóll,3,3,4,0.001
2025-08-22,1,Breiðablik,Tindastóll,3,4,1,2.5e-4
2025-08-22,1,Breiðablik,Tindastóll,4,0,310,0.0775
2025-08-22,1,Breiðablik,Tindastóll,4,1,135,0.03375
2025-08-22,1,Breiðablik,Tindastóll,4,2,38,0.0095
2025-08-22,1,Breiðablik,Tindastóll,4,3,7,0.00175
2025-08-22,1,Breiðablik,Tindastóll,4,4,1,2.5e-4
2025-08-22,1,Breiðablik,Tindastóll,5,0,319,0.07975
2025-08-22,1,Breiðablik,Tindastóll,5,1,128,0.032
2025-08-22,1,Breiðablik,Tindastóll,5,2,44,0.011
2025-08-22,1,Breiðablik,Tindastóll,5,3,12,0.003
2025-08-22,1,Breiðablik,Tindastóll,5,4,3,7.5e-4
2025-08-22,1,Breiðablik,Tindastóll,6,0,323,0.08075
2025-08-22,1,Breiðablik,Tindastóll,6,1,167,0.04175
2025-08-22,1,Breiðablik,Tindastóll,6,2,45,0.01125
2025-08-22,1,Breiðablik,Tindastóll,6,3,8,0.002
2025-08-22,1,Breiðablik,Tindastóll,6,4,1,2.5e-4
2025-08-22,1,Breiðablik,Tindastóll,7,0,292,0.073
2025-08-22,1,Breiðablik,Tindastóll,7,1,125,0.03125
2025-08-22,1,Breiðablik,Tindastóll,7,2,36,0.009
2025-08-22,1,Breiðablik,Tindastóll,7,3,6,0.0015
2025-08-22,1,Breiðablik,Tindastóll,7,4,3,7.5e-4
2025-08-22,1,Breiðablik,Tindastóll,8,0,229,0.05725
2025-08-22,1,Breiðablik,Tindastóll,8,1,122,0.0305
2025-08-22,1,Breiðablik,Tindastóll,8,2,25,0.00625
2025-08-22,1,Breiðablik,Tindastóll,8,3,6,0.0015
2025-08-22,1,Breiðablik,Tindastóll,9,0,157,0.03925
2025-08-22,1,Breiðablik,Tindastóll,9,1,66,0.0165
2025-08-22,1,Breiðablik,Tindastóll,9,2,17,0.00425
2025-08-22,1,Breiðablik,Tindastóll,9,3,4,0.001
2025-08-22,1,Breiðablik,Tindastóll,10,0,124,0.031
2025-08-22,1,Breiðablik,Tindastóll,10,1,70,0.0175
2025-08-22,1,Breiðablik,Tindastóll,10,2,14,0.0035
2025-08-22,1,Breiðablik,Tindastóll,10,3,1,2.5e-4
2025-08-22,1,Breiðablik,Tindastóll,10,4,1,2.5e-4
2025-08-22,1,Breiðablik,Tindastóll,11,0,85,0.02125
2025-08-22,1,Breiðablik,Tindastóll,11,1,33,0.00825
2025-08-22,1,Breiðablik,Tindastóll,11,2,10,0.0025
2025-08-22,1,Breiðablik,Tindastóll,11,3,3,7.5e-4
2025-08-22,1,Breiðablik,Tindastóll,12,0,70,0.0175
2025-08-22,1,Breiðablik,Tindastóll,12,1,25,0.00625
2025-08-22,1,Breiðablik,Tindastóll,12,2,7,0.00175
2025-08-22,1,Breiðablik,Tindastóll,12,3,3,7.5e-4
2025-08-22,1,Breiðablik,Tindastóll,12,5,1,2.5e-4
2025-08-22,1,Breiðablik,Tindastóll,13,0,34,0.0085
2025-08-22,1,Breiðablik,Tindastóll,13,1,23,0.00575
2025-08-22,1,Breiðablik,Tindastóll,13,2,6,0.0015
2025-08-22,1,Breiðablik,Tindastóll,14,0,17,0.00425
2025-08-22,1,Breiðablik,Tindastóll,14,1,12,0.003
2025-08-22,1,Breiðablik,Tindastóll,14,2,1,2.5e-4
2025-08-22,1,Breiðablik,Tindastóll,14,3,1,2.5e-4
2025-08-22,1,Breiðablik,Tindastóll,15,0,15,0.00375
2025-08-22,1,Breiðablik,Tindastóll,15,1,11,0.00275
2025-08-22,1,Breiðablik,Tindastóll,15,2,3,7.5e-4
2025-08-22,1,Breiðablik,Tindastóll,16,0,4,0.001
2025-08-22,1,Breiðablik,Tindastóll,16,1,3,7.5e-4
2025-08-22,1,Breiðablik,Tindastóll,16,2,2,5e-4
2025-08-22,1,Breiðablik,Tindastóll,17,0,4,0.001
2025-08-22,1,Breiðablik,Tindastóll,17,1,2,5e-4
2025-08-22,1,Breiðablik,Tindastóll,17,2,1,2.5e-4
2025-08-22,1,Breiðablik,Tindastóll,18,0,5,0.00125
2025-08-22,1,Breiðablik,Tindastóll,18,1,1,2.5e-4
2025-08-22,1,Breiðablik,Tindastóll,18,2,1,2.5e-4
2025-08-22,1,Breiðablik,Tindastóll,18,3,1,2.5e-4
2025-08-22,1,Breiðablik,Tindastóll,19,0,2,5e-4
2025-08-22,1,Breiðablik,Tindastóll,19,1,2,5e-4
2025-08-22,1,Breiðablik,Tindastóll,20,0,1,2.5e-4
2025-08-22,1,Breiðablik,Tindastóll,20,1,1,2.5e-4
2025-08-22,1,Breiðablik,Tindastóll,21,0,1,2.5e-4
2025-08-22,1,Breiðablik,Tindastóll,21,1,1,2.5e-4
2025-08-28,1,FH,Þróttur R.,0,0,272,0.068
2025-08-28,1,FH,Þróttur R.,0,1,322,0.0805
2025-08-28,1,FH,Þróttur R.,0,2,252,0.063
2025-08-28,1,FH,Þróttur R.,0,3,140,0.035
2025-08-28,1,FH,Þróttur R.,0,4,41,0.01025
2025-08-28,1,FH,Þróttur R.,0,5,22,0.0055
2025-08-28,1,FH,Þróttur R.,0,6,6,0.0015
2025-08-28,1,FH,Þróttur R.,0,7,1,2.5e-4
2025-08-28,1,FH,Þróttur R.,1,0,318,0.0795
2025-08-28,1,FH,Þróttur R.,1,1,438,0.1095
2025-08-28,1,FH,Þróttur R.,1,2,270,0.0675
2025-08-28,1,FH,Þróttur R.,1,3,173,0.04325
2025-08-28,1,FH,Þróttur R.,1,4,99,0.02475
2025-08-28,1,FH,Þróttur R.,1,5,29,0.00725
2025-08-28,1,FH,Þróttur R.,1,6,16,0.004
2025-08-28,1,FH,Þróttur R.,1,7,6,0.0015
2025-08-28,1,FH,Þróttur R.,1,8,1,2.5e-4
2025-08-28,1,FH,Þróttur R.,1,9,1,2.5e-4
2025-08-28,1,FH,Þróttur R.,2,0,197,0.04925
2025-08-28,1,FH,Þróttur R.,2,1,261,0.06525
2025-08-28,1,FH,Þróttur R.,2,2,218,0.0545
2025-08-28,1,FH,Þróttur R.,2,3,99,0.02475
2025-08-28,1,FH,Þróttur R.,2,4,52,0.013
2025-08-28,1,FH,Þróttur R.,2,5,30,0.0075
2025-08-28,1,FH,Þróttur R.,2,6,5,0.00125
2025-08-28,1,FH,Þróttur R.,2,7,2,5e-4
2025-08-28,1,FH,Þróttur R.,2,8,2,5e-4
2025-08-28,1,FH,Þróttur R.,3,0,75,0.01875
2025-08-28,1,FH,Þróttur R.,3,1,127,0.03175
2025-08-28,1,FH,Þróttur R.,3,2,110,0.0275
2025-08-28,1,FH,Þróttur R.,3,3,65,0.01625
2025-08-28,1,FH,Þróttur R.,3,4,37,0.00925
2025-08-28,1,FH,Þróttur R.,3,5,11,0.00275
2025-08-28,1,FH,Þróttur R.,3,6,10,0.0025
2025-08-28,1,FH,Þróttur R.,3,7,4,0.001
2025-08-28,1,FH,Þróttur R.,3,8,1,2.5e-4
2025-08-28,1,FH,Þróttur R.,4,0,38,0.0095
2025-08-28,1,FH,Þróttur R.,4,1,55,0.01375
2025-08-28,1,FH,Þróttur R.,4,2,41,0.01025
2025-08-28,1,FH,Þróttur R.,4,3,21,0.00525
2025-08-28,1,FH,Þróttur R.,4,4,17,0.00425
2025-08-28,1,FH,Þróttur R.,4,5,7,0.00175
2025-08-28,1,FH,Þróttur R.,4,6,5,0.00125
2025-08-28,1,FH,Þróttur R.,4,7,1,2.5e-4
2025-08-28,1,FH,Þróttur R.,4,8,1,2.5e-4
2025-08-28,1,FH,Þróttur R.,5,0,11,0.00275
2025-08-28,1,FH,Þróttur R.,5,1,20,0.005
2025-08-28,1,FH,Þróttur R.,5,2,16,0.004
2025-08-28,1,FH,Þróttur R.,5,3,16,0.004
2025-08-28,1,FH,Þróttur R.,5,4,2,5e-4
2025-08-28,1,FH,Þróttur R.,5,5,3,7.5e-4
2025-08-28,1,FH,Þróttur R.,5,6,3,7.5e-4
2025-08-28,1,FH,Þróttur R.,6,0,3,7.5e-4
2025-08-28,1,FH,Þróttur R.,6,1,9,0.00225
2025-08-28,1,FH,Þróttur R.,6,2,5,0.00125
2025-08-28,1,FH,Þróttur R.,6,3,3,7.5e-4
2025-08-28,1,FH,Þróttur R.,6,4,3,7.5e-4
2025-08-28,1,FH,Þróttur R.,6,6,1,2.5e-4
2025-08-28,1,FH,Þróttur R.,7,1,2,5e-4
2025-08-28,1,FH,Þróttur R.,7,2,1,2.5e-4
2025-08-28,1,FH,Þróttur R.,7,4,1,2.5e-4
2025-08-28,1,FH,Þróttur R.,8,1,1,2.5e-4
2025-08-28,1,FH,Þróttur R.,8,8,1,2.5e-4
2025-08-28,1,Tindastóll,Víkingur R.,0,0,184,0.046
2025-08-28,1,Tindastóll,Víkingur R.,0,1,261,0.06525
2025-08-28,1,Tindastóll,Víkingur R.,0,2,221,0.05525
2025-08-28,1,Tindastóll,Víkingur R.,0,3,125,0.03125
2025-08-28,1,Tindastóll,Víkingur R.,0,4,60,0.015
2025-08-28,1,Tindastóll,Víkingur R.,0,5,25,0.00625
2025-08-28,1,Tindastóll,Víkingur R.,0,6,9,0.00225
2025-08-28,1,Tindastóll,Víkingur R.,0,7,4,0.001
2025-08-28,1,Tindastóll,Víkingur R.,0,8,1,2.5e-4
2025-08-28,1,Tindastóll,Víkingur R.,0,9,1,2.5e-4
2025-08-28,1,Tindastóll,Víkingur R.,0,10,1,2.5e-4
2025-08-28,1,Tindastóll,Víkingur R.,1,0,237,0.05925
2025-08-28,1,Tindastóll,Víkingur R.,1,1,350,0.0875
2025-08-28,1,Tindastóll,Víkingur R.,1,2,281,0.07025
2025-08-28,1,Tindastóll,Víkingur R.,1,3,176,0.044
2025-08-28,1,Tindastóll,Víkingur R.,1,4,78,0.0195
2025-08-28,1,Tindastóll,Víkingur R.,1,5,42,0.0105
2025-08-28,1,Tindastóll,Víkingur R.,1,6,15,0.00375
2025-08-28,1,Tindastóll,Víkingur R.,1,7,6,0.0015
2025-08-28,1,Tindastóll,Víkingur R.,1,8,3,7.5e-4
2025-08-28,1,Tindastóll,Víkingur R.,2,0,144,0.036
2025-08-28,1,Tindastóll,Víkingur R.,2,1,285,0.07125
2025-08-28,1,Tindastóll,Víkingur R.,2,2,232,0.058
2025-08-28,1,Tindastóll,Víkingur R.,2,3,147,0.03675
2025-08-28,1,Tindastóll,Víkingur R.,2,4,65,0.01625
2025-08-28,1,Tindastóll,Víkingur R.,2,5,33,0.00825
2025-08-28,1,Tindastóll,Víkingur R.,2,6,13,0.00325
2025-08-28,1,Tindastóll,Víkingur R.,2,7,2,5e-4
2025-08-28,1,Tindastóll,Víkingur R.,2,8,3,7.5e-4
2025-08-28,1,Tindastóll,Víkingur R.,3,0,98,0.0245
2025-08-28,1,Tindastóll,Víkingur R.,3,1,152,0.038
2025-08-28,1,Tindastóll,Víkingur R.,3,2,138,0.0345
2025-08-28,1,Tindastóll,Víkingur R.,3,3,82,0.0205
2025-08-28,1,Tindastóll,Víkingur R.,3,4,55,0.01375
2025-08-28,1,Tindastóll,Víkingur R.,3,5,12,0.003
2025-08-28,1,Tindastóll,Víkingur R.,3,6,7,0.00175
2025-08-28,1,Tindastóll,Víkingur R.,3,7,1,2.5e-4
2025-08-28,1,Tindastóll,Víkingur R.,3,8,1,2.5e-4
2025-08-28,1,Tindastóll,Víkingur R.,4,0,55,0.01375
2025-08-28,1,Tindastóll,Víkingur R.,4,1,76,0.019
2025-08-28,1,Tindastóll,Víkingur R.,4,2,55,0.01375
2025-08-28,1,Tindastóll,Víkingur R.,4,3,54,0.0135
2025-08-28,1,Tindastóll,Víkingur R.,4,4,29,0.00725
2025-08-28,1,Tindastóll,Víkingur R.,4,5,11,0.00275
2025-08-28,1,Tindastóll,Víkingur R.,4,6,6,0.0015
2025-08-28,1,Tindastóll,Víkingur R.,4,7,1,2.5e-4
2025-08-28,1,Tindastóll,Víkingur R.,5,0,16,0.004
2025-08-28,1,Tindastóll,Víkingur R.,5,1,31,0.00775
2025-08-28,1,Tindastóll,Víkingur R.,5,2,25,0.00625
2025-08-28,1,Tindastóll,Víkingur R.,5,3,18,0.0045
2025-08-28,1,Tindastóll,Víkingur R.,5,4,12,0.003
2025-08-28,1,Tindastóll,Víkingur R.,5,5,5,0.00125
2025-08-28,1,Tindastóll,Víkingur R.,5,6,4,0.001
2025-08-28,1,Tindastóll,Víkingur R.,5,8,1,2.5e-4
2025-08-28,1,Tindastóll,Víkingur R.,6,0,5,0.00125
2025-08-28,1,Tindastóll,Víkingur R.,6,1,10,0.0025
2025-08-28,1,Tindastóll,Víkingur R.,6,2,10,0.0025
2025-08-28,1,Tindastóll,Víkingur R.,6,3,7,0.00175
2025-08-28,1,Tindastóll,Víkingur R.,6,4,4,0.001
2025-08-28,1,Tindastóll,Víkingur R.,6,5,3,7.5e-4
2025-08-28,1,Tindastóll,Víkingur R.,6,6,1,2.5e-4
2025-08-28,1,Tindastóll,Víkingur R.,7,1,1,2.5e-4
2025-08-28,1,Tindastóll,Víkingur R.,7,2,2,5e-4
2025-08-28,1,Tindastóll,Víkingur R.,7,3,1,2.5e-4
2025-08-28,1,Tindastóll,Víkingur R.,7,4,1,2.5e-4
2025-08-28,1,Tindastóll,Víkingur R.,8,1,1,2.5e-4
2025-08-28,1,Tindastóll,Víkingur R.,8,4,1,2.5e-4
2025-08-28,1,Tindastóll,Víkingur R.,8,6,1,2.5e-4
2025-08-28,1,Tindastóll,Víkingur R.,9,2,1,2.5e-4
2025-08-28,1,Tindastóll,Víkingur R.,9,4,1,2.5e-4
2025-08-28,1,Tindastóll,Víkingur R.,9,5,1,2.5e-4
2025-08-30,1,FHL,Stjarnan,0,0,205,0.05125
2025-08-30,1,FHL,Stjarnan,0,1,438,0.1095
2025-08-30,1,FHL,Stjarnan,0,2,379,0.09475
2025-08-30,1,FHL,Stjarnan,0,3,316,0.079
2025-08-30,1,FHL,Stjarnan,0,4,210,0.0525
2025-08-30,1,FHL,Stjarnan,0,5,101,0.02525
2025-08-30,1,FHL,Stjarnan,0,6,45,0.01125
2025-08-30,1,FHL,Stjarnan,0,7,17,0.00425
2025-08-30,1,FHL,Stjarnan,0,8,12,0.003
2025-08-30,1,FHL,Stjarnan,0,9,2,5e-4
2025-08-30,1,FHL,Stjarnan,0,10,1,2.5e-4
2025-08-30,1,FHL,Stjarnan,1,0,170,0.0425
2025-08-30,1,FHL,Stjarnan,1,1,324,0.081
2025-08-30,1,FHL,Stjarnan,1,2,338,0.0845
2025-08-30,1,FHL,Stjarnan,1,3,219,0.05475
2025-08-30,1,FHL,Stjarnan,1,4,139,0.03475
2025-08-30,1,FHL,Stjarnan,1,5,76,0.019
2025-08-30,1,FHL,Stjarnan,1,6,38,0.0095
2025-08-30,1,FHL,Stjarnan,1,7,15,0.00375
2025-08-30,1,FHL,Stjarnan,1,8,4,0.001
2025-08-30,1,FHL,Stjarnan,1,9,5,0.00125
2025-08-30,1,FHL,Stjarnan,1,10,1,2.5e-4
2025-08-30,1,FHL,Stjarnan,1,13,1,2.5e-4
2025-08-30,1,FHL,Stjarnan,2,0,73,0.01825
2025-08-30,1,FHL,Stjarnan,2,1,145,0.03625
2025-08-30,1,FHL,Stjarnan,2,2,137,0.03425
2025-08-30,1,FHL,Stjarnan,2,3,123,0.03075
2025-08-30,1,FHL,Stjarnan,2,4,69,0.01725
2025-08-30,1,FHL,Stjarnan,2,5,40,0.01
2025-08-30,1,FHL,Stjarnan,2,6,19,0.00475
2025-08-30,1,FHL,Stjarnan,2,7,9,0.00225
2025-08-30,1,FHL,Stjarnan,2,8,5,0.00125
2025-08-30,1,FHL,Stjarnan,2,9,2,5e-4
2025-08-30,1,FHL,Stjarnan,3,0,27,0.00675
2025-08-30,1,FHL,Stjarnan,3,1,48,0.012
2025-08-30,1,FHL,Stjarnan,3,2,56,0.014
2025-08-30,1,FHL,Stjarnan,3,3,50,0.0125
2025-08-30,1,FHL,Stjarnan,3,4,26,0.0065
2025-08-30,1,FHL,Stjarnan,3,5,19,0.00475
2025-08-30,1,FHL,Stjarnan,3,6,3,7.5e-4
2025-08-30,1,FHL,Stjarnan,3,7,2,5e-4
2025-08-30,1,FHL,Stjarnan,3,8,3,7.5e-4
2025-08-30,1,FHL,Stjarnan,4,0,3,7.5e-4
2025-08-30,1,FHL,Stjarnan,4,1,18,0.0045
2025-08-30,1,FHL,Stjarnan,4,2,14,0.0035
2025-08-30,1,FHL,Stjarnan,4,3,12,0.003
2025-08-30,1,FHL,Stjarnan,4,4,8,0.002
2025-08-30,1,FHL,Stjarnan,4,5,7,0.00175
2025-08-30,1,FHL,Stjarnan,4,7,2,5e-4
2025-08-30,1,FHL,Stjarnan,5,0,2,5e-4
2025-08-30,1,FHL,Stjarnan,5,1,5,0.00125
2025-08-30,1,FHL,Stjarnan,5,2,2,5e-4
2025-08-30,1,FHL,Stjarnan,5,3,2,5e-4
2025-08-30,1,FHL,Stjarnan,5,5,3,7.5e-4
2025-08-30,1,FHL,Stjarnan,5,6,1,2.5e-4
2025-08-30,1,FHL,Stjarnan,6,1,1,2.5e-4
2025-08-30,1,FHL,Stjarnan,6,2,2,5e-4
2025-08-30,1,FHL,Stjarnan,6,3,1,2.5e-4
2025-08-30,1,FHL,Stjarnan,6,4,1,2.5e-4
2025-08-30,1,FHL,Stjarnan,6,5,1,2.5e-4
2025-08-30,1,FHL,Stjarnan,7,1,1,2.5e-4
2025-08-30,1,FHL,Stjarnan,7,2,1,2.5e-4
2025-08-30,1,FHL,Stjarnan,10,4,1,2.5e-4
2025-08-30,1,Þór/KA,Fram,0,0,153,0.03825
2025-08-30,1,Þór/KA,Fram,0,1,127,0.03175
2025-08-30,1,Þór/KA,Fram,0,2,61,0.01525
2025-08-30,1,Þór/KA,Fram,0,3,20,0.005
2025-08-30,1,Þór/KA,Fram,0,4,4,0.001
2025-08-30,1,Þór/KA,Fram,0,5,3,7.5e-4
2025-08-30,1,Þór/KA,Fram,0,6,1,2.5e-4
2025-08-30,1,Þór/KA,Fram,1,0,305,0.07625
2025-08-30,1,Þór/KA,Fram,1,1,269,0.06725
2025-08-30,1,Þór/KA,Fram,1,2,106,0.0265
2025-08-30,1,Þór/KA,Fram,1,3,39,0.00975
2025-08-30,1,Þór/KA,Fram,1,4,14,0.0035
2025-08-30,1,Þór/KA,Fram,1,5,3,7.5e-4
2025-08-30,1,Þór/KA,Fram,1,6,1,2.5e-4
2025-08-30,1,Þór/KA,Fram,2,0,384,0.096
2025-08-30,1,Þór/KA,Fram,2,1,280,0.07
2025-08-30,1,Þór/KA,Fram,2,2,162,0.0405
2025-08-30,1,Þór/KA,Fram,2,3,55,0.01375
2025-08-30,1,Þór/KA,Fram,2,4,19,0.00475
2025-08-30,1,Þór/KA,Fram,2,5,4,0.001
2025-08-30,1,Þór/KA,Fram,2,6,2,5e-4
2025-08-30,1,Þór/KA,Fram,3,0,286,0.0715
2025-08-30,1,Þór/KA,Fram,3,1,260,0.065
2025-08-30,1,Þór/KA,Fram,3,2,116,0.029
2025-08-30,1,Þór/KA,Fram,3,3,48,0.012
2025-08-30,1,Þór/KA,Fram,3,4,16,0.004
2025-08-30,1,Þór/KA,Fram,3,5,3,7.5e-4
2025-08-30,1,Þór/KA,Fram,3,6,3,7.5e-4
2025-08-30,1,Þór/KA,Fram,3,7,2,5e-4
2025-08-30,1,Þór/KA,Fram,4,0,200,0.05
2025-08-30,1,Þór/KA,Fram,4,1,198,0.0495
2025-08-30,1,Þór/KA,Fram,4,2,87,0.02175
2025-08-30,1,Þór/KA,Fram,4,3,37,0.00925
2025-08-30,1,Þór/KA,Fram,4,4,9,0.00225
2025-08-30,1,Þór/KA,Fram,4,5,1,2.5e-4
2025-08-30,1,Þór/KA,Fram,4,6,2,5e-4
2025-08-30,1,Þór/KA,Fram,4,7,1,2.5e-4
2025-08-30,1,Þór/KA,Fram,5,0,122,0.0305
2025-08-30,1,Þór/KA,Fram,5,1,119,0.02975
2025-08-30,1,Þór/KA,Fram,5,2,56,0.014
2025-08-30,1,Þór/KA,Fram,5,3,29,0.00725
2025-08-30,1,Þór/KA,Fram,5,4,7,0.00175
2025-08-30,1,Þór/KA,Fram,5,5,3,7.5e-4
2025-08-30,1,Þór/KA,Fram,6,0,64,0.016
2025-08-30,1,Þór/KA,Fram,6,1,66,0.0165
2025-08-30,1,Þór/KA,Fram,6,2,37,0.00925
2025-08-30,1,Þór/KA,Fram,6,3,12,0.003
2025-08-30,1,Þór/KA,Fram,6,4,4,0.001
2025-08-30,1,Þór/KA,Fram,6,5,1,2.5e-4
2025-08-30,1,Þór/KA,Fram,6,6,3,7.5e-4
2025-08-30,1,Þór/KA,Fram,7,0,40,0.01
2025-08-30,1,Þór/KA,Fram,7,1,35,0.00875
2025-08-30,1,Þór/KA,Fram,7,2,19,0.00475
2025-08-30,1,Þór/KA,Fram,7,3,11,0.00275
2025-08-30,1,Þór/KA,Fram,7,4,1,2.5e-4
2025-08-30,1,Þór/KA,Fram,7,6,1,2.5e-4
2025-08-30,1,Þór/KA,Fram,8,0,31,0.00775
2025-08-30,1,Þór/KA,Fram,8,1,15,0.00375
2025-08-30,1,Þór/KA,Fram,8,2,10,0.0025
2025-08-30,1,Þór/KA,Fram,8,3,3,7.5e-4
2025-08-30,1,Þór/KA,Fram,8,5,1,2.5e-4
2025-08-30,1,Þór/KA,Fram,9,0,8,0.002
2025-08-30,1,Þór/KA,Fram,9,1,6,0.0015
2025-08-30,1,Þór/KA,Fram,9,2,2,5e-4
2025-08-30,1,Þór/KA,Fram,10,0,2,5e-4
2025-08-30,1,Þór/KA,Fram,10,1,4,0.001
2025-08-30,1,Þór/KA,Fram,10,3,1,2.5e-4
2025-08-30,1,Þór/KA,Fram,11,2,2,5e-4
2025-08-30,1,Þór/KA,Fram,11,3,1,2.5e-4
2025-08-30,1,Þór/KA,Fram,12,2,1,2.5e-4
2025-08-30,1,Þór/KA,Fram,12,4,1,2.5e-4
2025-08-30,1,Þór/KA,Fram,13,1,1,2.5e-4
2025-09-04,1,Breiðablik,FH,0,0,83,0.02075
2025-09-04,1,Breiðablik,FH,0,1,72,0.018
2025-09-04,1,Breiðablik,FH,0,2,31,0.00775
2025-09-04,1,Breiðablik,FH,0,3,10,0.0025
2025-09-04,1,Breiðablik,FH,0,4,1,2.5e-4
2025-09-04,1,Breiðablik,FH,0,5,2,5e-4
2025-09-04,1,Breiðablik,FH,1,0,236,0.059
2025-09-04,1,Breiðablik,FH,1,1,179,0.04475
2025-09-04,1,Breiðablik,FH,1,2,62,0.0155
2025-09-04,1,Breiðablik,FH,1,3,13,0.00325
2025-09-04,1,Breiðablik,FH,1,4,5,0.00125
2025-09-04,1,Breiðablik,FH,1,5,1,2.5e-4
2025-09-04,1,Breiðablik,FH,2,0,351,0.08775
2025-09-04,1,Breiðablik,FH,2,1,245,0.06125
2025-09-04,1,Breiðablik,FH,2,2,99,0.02475
2025-09-04,1,Breiðablik,FH,2,3,35,0.00875
2025-09-04,1,Breiðablik,FH,2,4,6,0.0015
2025-09-04,1,Breiðablik,FH,2,5,2,5e-4
2025-09-04,1,Breiðablik,FH,3,0,363,0.09075
2025-09-04,1,Breiðablik,FH,3,1,239,0.05975
2025-09-04,1,Breiðablik,FH,3,2,101,0.02525
2025-09-04,1,Breiðablik,FH,3,3,33,0.00825
2025-09-04,1,Breiðablik,FH,3,4,8,0.002
2025-09-04,1,Breiðablik,FH,3,5,1,2.5e-4
2025-09-04,1,Breiðablik,FH,3,9,1,2.5e-4
2025-09-04,1,Breiðablik,FH,4,0,253,0.06325
2025-09-04,1,Breiðablik,FH,4,1,257,0.06425
2025-09-04,1,Breiðablik,FH,4,2,99,0.02475
2025-09-04,1,Breiðablik,FH,4,3,33,0.00825
2025-09-04,1,Breiðablik,FH,4,4,7,0.00175
2025-09-04,1,Breiðablik,FH,4,5,3,7.5e-4
2025-09-04,1,Breiðablik,FH,4,6,1,2.5e-4
2025-09-04,1,Breiðablik,FH,5,0,224,0.056
2025-09-04,1,Breiðablik,FH,5,1,155,0.03875
2025-09-04,1,Breiðablik,FH,5,2,60,0.015
2025-09-04,1,Breiðablik,FH,5,3,23,0.00575
2025-09-04,1,Breiðablik,FH,5,4,5,0.00125
2025-09-04,1,Breiðablik,FH,5,5,1,2.5e-4
2025-09-04,1,Breiðablik,FH,5,7,1,2.5e-4
2025-09-04,1,Breiðablik,FH,6,0,139,0.03475
2025-09-04,1,Breiðablik,FH,6,1,95,0.02375
2025-09-04,1,Breiðablik,FH,6,2,51,0.01275
2025-09-04,1,Breiðablik,FH,6,3,16,0.004
2025-09-04,1,Breiðablik,FH,6,4,2,5e-4
2025-09-04,1,Breiðablik,FH,7,0,71,0.01775
2025-09-04,1,Breiðablik,FH,7,1,55,0.01375
2025-09-04,1,Breiðablik,FH,7,2,29,0.00725
2025-09-04,1,Breiðablik,FH,7,3,6,0.0015
2025-09-04,1,Breiðablik,FH,7,4,2,5e-4
2025-09-04,1,Breiðablik,FH,7,5,1,2.5e-4
2025-09-04,1,Breiðablik,FH,8,0,54,0.0135
2025-09-04,1,Breiðablik,FH,8,1,35,0.00875
2025-09-04,1,Breiðablik,FH,8,2,23,0.00575
2025-09-04,1,Breiðablik,FH,8,3,8,0.002
2025-09-04,1,Breiðablik,FH,8,4,4,0.001
2025-09-04,1,Breiðablik,FH,9,0,24,0.006
2025-09-04,1,Breiðablik,FH,9,1,15,0.00375
2025-09-04,1,Breiðablik,FH,9,2,5,0.00125
2025-09-04,1,Breiðablik,FH,9,3,4,0.001
2025-09-04,1,Breiðablik,FH,10,0,19,0.00475
2025-09-04,1,Breiðablik,FH,10,1,12,0.003
2025-09-04,1,Breiðablik,FH,10,2,2,5e-4
2025-09-04,1,Breiðablik,FH,10,3,2,5e-4
2025-09-04,1,Breiðablik,FH,11,0,6,0.0015
2025-09-04,1,Breiðablik,FH,11,1,4,0.001
2025-09-04,1,Breiðablik,FH,11,2,2,5e-4
2025-09-04,1,Breiðablik,FH,11,3,1,2.5e-4
2025-09-04,1,Breiðablik,FH,11,4,1,2.5e-4
2025-09-04,1,Breiðablik,FH,12,0,4,0.001
2025-09-04,1,Breiðablik,FH,12,1,2,5e-4
2025-09-04,1,Breiðablik,FH,12,2,1,2.5e-4
2025-09-04,1,Breiðablik,FH,13,1,1,2.5e-4
2025-09-04,1,Breiðablik,FH,13,2,1,2.5e-4
2025-09-04,1,Breiðablik,FH,15,0,2,5e-4
2025-09-04,1,Tindastóll,Fram,0,0,221,0.05525
2025-09-04,1,Tindastóll,Fram,0,1,183,0.04575
2025-09-04,1,Tindastóll,Fram,0,2,142,0.0355
2025-09-04,1,Tindastóll,Fram,0,3,55,0.01375
2025-09-04,1,Tindastóll,Fram,0,4,22,0.0055
2025-09-04,1,Tindastóll,Fram,0,5,12,0.003
2025-09-04,1,Tindastóll,Fram,0,6,7,0.00175
2025-09-04,1,Tindastóll,Fram,0,7,2,5e-4
2025-09-04,1,Tindastóll,Fram,1,0,302,0.0755
2025-09-04,1,Tindastóll,Fram,1,1,354,0.0885
2025-09-04,1,Tindastóll,Fram,1,2,217,0.05425
2025-09-04,1,Tindastóll,Fram,1,3,95,0.02375
2025-09-04,1,Tindastóll,Fram,1,4,43,0.01075
2025-09-04,1,Tindastóll,Fram,1,5,26,0.0065
2025-09-04,1,Tindastóll,Fram,1,6,5,0.00125
2025-09-04,1,Tindastóll,Fram,1,7,1,2.5e-4
2025-09-04,1,Tindastóll,Fram,2,0,282,0.0705
2025-09-04,1,Tindastóll,Fram,2,1,330,0.0825
2025-09-04,1,Tindastóll,Fram,2,2,223,0.05575
2025-09-04,1,Tindastóll,Fram,2,3,108,0.027
2025-09-04,1,Tindastóll,Fram,2,4,51,0.01275
2025-09-04,1,Tindastóll,Fram,2,5,24,0.006
2025-09-04,1,Tindastóll,Fram,2,6,6,0.0015
2025-09-04,1,Tindastóll,Fram,2,7,4,0.001
2025-09-04,1,Tindastóll,Fram,2,8,1,2.5e-4
2025-09-04,1,Tindastóll,Fram,3,0,162,0.0405
2025-09-04,1,Tindastóll,Fram,3,1,237,0.05925
2025-09-04,1,Tindastóll,Fram,3,2,132,0.033
2025-09-04,1,Tindastóll,Fram,3,3,62,0.0155
2025-09-04,1,Tindastóll,Fram,3,4,33,0.00825
2025-09-04,1,Tindastóll,Fram,3,5,13,0.00325
2025-09-04,1,Tindastóll,Fram,3,6,4,0.001
2025-09-04,1,Tindastóll,Fram,3,7,5,0.00125
2025-09-04,1,Tindastóll,Fram,4,0,77,0.01925
2025-09-04,1,Tindastóll,Fram,4,1,89,0.02225
2025-09-04,1,Tindastóll,Fram,4,2,101,0.02525
2025-09-04,1,Tindastóll,Fram,4,3,36,0.009
2025-09-04,1,Tindastóll,Fram,4,4,22,0.0055
2025-09-04,1,Tindastóll,Fram,4,5,5,0.00125
2025-09-04,1,Tindastóll,Fram,4,6,5,0.00125
2025-09-04,1,Tindastóll,Fram,4,7,1,2.5e-4
2025-09-04,1,Tindastóll,Fram,5,0,45,0.01125
2025-09-04,1,Tindastóll,Fram,5,1,55,0.01375
2025-09-04,1,Tindastóll,Fram,5,2,37,0.00925
2025-09-04,1,Tindastóll,Fram,5,3,20,0.005
2025-09-04,1,Tindastóll,Fram,5,4,15,0.00375
2025-09-04,1,Tindastóll,Fram,5,5,6,0.0015
2025-09-04,1,Tindastóll,Fram,5,6,1,2.5e-4
2025-09-04,1,Tindastóll,Fram,6,0,21,0.00525
2025-09-04,1,Tindastóll,Fram,6,1,22,0.0055
2025-09-04,1,Tindastóll,Fram,6,2,14,0.0035
2025-09-04,1,Tindastóll,Fram,6,3,4,0.001
2025-09-04,1,Tindastóll,Fram,6,4,4,0.001
2025-09-04,1,Tindastóll,Fram,6,5,4,0.001
2025-09-04,1,Tindastóll,Fram,7,0,12,0.003
2025-09-04,1,Tindastóll,Fram,7,1,7,0.00175
2025-09-04,1,Tindastóll,Fram,7,2,9,0.00225
2025-09-04,1,Tindastóll,Fram,7,3,5,0.00125
2025-09-04,1,Tindastóll,Fram,7,4,2,5e-4
2025-09-04,1,Tindastóll,Fram,8,0,3,7.5e-4
2025-09-04,1,Tindastóll,Fram,8,1,1,2.5e-4
2025-09-04,1,Tindastóll,Fram,8,2,1,2.5e-4
2025-09-04,1,Tindastóll,Fram,8,3,1,2.5e-4
2025-09-04,1,Tindastóll,Fram,9,0,2,5e-4
2025-09-04,1,Tindastóll,Fram,9,1,2,5e-4
2025-09-04,1,Tindastóll,Fram,9,2,1,2.5e-4
2025-09-04,1,Tindastóll,Fram,10,0,4,0.001
2025-09-04,1,Tindastóll,Fram,10,1,1,2.5e-4
2025-09-04,1,Tindastóll,Fram,10,2,1,2.5e-4
2025-09-04,1,Víkingur R.,Valur,0,0,351,0.08775
2025-09-04,1,Víkingur R.,Valur,0,1,436,0.109
2025-09-04,1,Víkingur R.,Valur,0,2,326,0.0815
2025-09-04,1,Víkingur R.,Valur,0,3,179,0.04475
2025-09-04,1,Víkingur R.,Valur,0,4,70,0.0175
2025-09-04,1,Víkingur R.,Valur,0,5,30,0.0075
2025-09-04,1,Víkingur R.,Valur,0,6,17,0.00425
2025-09-04,1,Víkingur R.,Valur,0,7,8,0.002
2025-09-04,1,Víkingur R.,Valur,0,9,1,2.5e-4
2025-09-04,1,Víkingur R.,Valur,1,0,302,0.0755
2025-09-04,1,Víkingur R.,Valur,1,1,424,0.106
2025-09-04,1,Víkingur R.,Valur,1,2,324,0.081
2025-09-04,1,Víkingur R.,Valur,1,3,174,0.0435
2025-09-04,1,Víkingur R.,Valur,1,4,72,0.018
2025-09-04,1,Víkingur R.,Valur,1,5,42,0.0105
2025-09-04,1,Víkingur R.,Valur,1,6,6,0.0015
2025-09-04,1,Víkingur R.,Valur,1,7,4,0.001
2025-09-04,1,Víkingur R.,Valur,1,8,2,5e-4
2025-09-04,1,Víkingur R.,Valur,1,10,1,2.5e-4
2025-09-04,1,Víkingur R.,Valur,2,0,148,0.037
2025-09-04,1,Víkingur R.,Valur,2,1,232,0.058
2025-09-04,1,Víkingur R.,Valur,2,2,213,0.05325
2025-09-04,1,Víkingur R.,Valur,2,3,107,0.02675
2025-09-04,1,Víkingur R.,Valur,2,4,46,0.0115
2025-09-04,1,Víkingur R.,Valur,2,5,24,0.006
2025-09-04,1,Víkingur R.,Valur,2,6,11,0.00275
2025-09-04,1,Víkingur R.,Valur,2,7,2,5e-4
2025-09-04,1,Víkingur R.,Valur,3,0,51,0.01275
2025-09-04,1,Víkingur R.,Valur,3,1,73,0.01825
2025-09-04,1,Víkingur R.,Valur,3,2,80,0.02
2025-09-04,1,Víkingur R.,Valur,3,3,44,0.011
2025-09-04,1,Víkingur R.,Valur,3,4,25,0.00625
2025-09-04,1,Víkingur R.,Valur,3,5,8,0.002
2025-09-04,1,Víkingur R.,Valur,3,6,8,0.002
2025-09-04,1,Víkingur R.,Valur,3,7,3,7.5e-4
2025-09-04,1,Víkingur R.,Valur,3,8,1,2.5e-4
2025-09-04,1,Víkingur R.,Valur,4,0,16,0.004
2025-09-04,1,Víkingur R.,Valur,4,1,24,0.006
2025-09-04,1,Víkingur R.,Valur,4,2,34,0.0085
2025-09-04,1,Víkingur R.,Valur,4,3,13,0.00325
2025-09-04,1,Víkingur R.,Valur,4,4,11,0.00275
2025-09-04,1,Víkingur R.,Valur,4,5,3,7.5e-4
2025-09-04,1,Víkingur R.,Valur,4,6,1,2.5e-4
2025-09-04,1,Víkingur R.,Valur,4,7,1,2.5e-4
2025-09-04,1,Víkingur R.,Valur,5,0,9,0.00225
2025-09-04,1,Víkingur R.,Valur,5,1,8,0.002
2025-09-04,1,Víkingur R.,Valur,5,2,11,0.00275
2025-09-04,1,Víkingur R.,Valur,5,3,7,0.00175
2025-09-04,1,Víkingur R.,Valur,5,4,2,5e-4
2025-09-04,1,Víkingur R.,Valur,5,6,1,2.5e-4
2025-09-04,1,Víkingur R.,Valur,6,0,2,5e-4
2025-09-04,1,Víkingur R.,Valur,6,1,4,0.001
2025-09-04,1,Víkingur R.,Valur,6,2,1,2.5e-4
2025-09-04,1,Víkingur R.,Valur,6,3,1,2.5e-4
2025-09-04,1,Víkingur R.,Valur,6,4,1,2.5e-4
2025-09-04,1,Víkingur R.,Valur,6,6,2,5e-4
2025-09-04,1,Víkingur R.,Valur,7,0,1,2.5e-4
2025-09-04,1,Víkingur R.,Valur,8,1,2,5e-4
2025-09-06,1,Stjarnan,Þór/KA,0,0,267,0.06675
2025-09-06,1,Stjarnan,Þór/KA,0,1,322,0.0805
2025-09-06,1,Stjarnan,Þór/KA,0,2,200,0.05
2025-09-06,1,Stjarnan,Þór/KA,0,3,98,0.0245
2025-09-06,1,Stjarnan,Þór/KA,0,4,36,0.009
2025-09-06,1,Stjarnan,Þór/KA,0,5,18,0.0045
2025-09-06,1,Stjarnan,Þór/KA,0,6,7,0.00175
2025-09-06,1,Stjarnan,Þór/KA,0,7,1,2.5e-4
2025-09-06,1,Stjarnan,Þór/KA,1,0,364,0.091
2025-09-06,1,Stjarnan,Þór/KA,1,1,437,0.10925
2025-09-06,1,Stjarnan,Þór/KA,1,2,265,0.06625
2025-09-06,1,Stjarnan,Þór/KA,1,3,134,0.0335
2025-09-06,1,Stjarnan,Þór/KA,1,4,62,0.0155
2025-09-06,1,Stjarnan,Þór/KA,1,5,21,0.00525
2025-09-06,1,Stjarnan,Þór/KA,1,6,6,0.0015
2025-09-06,1,Stjarnan,Þór/KA,1,7,4,0.001
2025-09-06,1,Stjarnan,Þór/KA,2,0,224,0.056
2025-09-06,1,Stjarnan,Þór/KA,2,1,295,0.07375
2025-09-06,1,Stjarnan,Þór/KA,2,2,199,0.04975
2025-09-06,1,Stjarnan,Þór/KA,2,3,102,0.0255
2025-09-06,1,Stjarnan,Þór/KA,2,4,51,0.01275
2025-09-06,1,Stjarnan,Þór/KA,2,5,13,0.00325
2025-09-06,1,Stjarnan,Þór/KA,2,6,8,0.002
2025-09-06,1,Stjarnan,Þór/KA,2,7,2,5e-4
2025-09-06,1,Stjarnan,Þór/KA,2,8,1,2.5e-4
2025-09-06,1,Stjarnan,Þór/KA,3,0,119,0.02975
2025-09-06,1,Stjarnan,Þór/KA,3,1,150,0.0375
2025-09-06,1,Stjarnan,Þór/KA,3,2,110,0.0275
2025-09-06,1,Stjarnan,Þór/KA,3,3,74,0.0185
2025-09-06,1,Stjarnan,Þór/KA,3,4,24,0.006
2025-09-06,1,Stjarnan,Þór/KA,3,5,9,0.00225
2025-09-06,1,Stjarnan,Þór/KA,3,6,2,5e-4
2025-09-06,1,Stjarnan,Þór/KA,3,8,1,2.5e-4
2025-09-06,1,Stjarnan,Þór/KA,4,0,46,0.0115
2025-09-06,1,Stjarnan,Þór/KA,4,1,71,0.01775
2025-09-06,1,Stjarnan,Þór/KA,4,2,54,0.0135
2025-09-06,1,Stjarnan,Þór/KA,4,3,32,0.008
2025-09-06,1,Stjarnan,Þór/KA,4,4,14,0.0035
2025-09-06,1,Stjarnan,Þór/KA,4,5,9,0.00225
2025-09-06,1,Stjarnan,Þór/KA,4,6,2,5e-4
2025-09-06,1,Stjarnan,Þór/KA,5,0,16,0.004
2025-09-06,1,Stjarnan,Þór/KA,5,1,38,0.0095
2025-09-06,1,Stjarnan,Þór/KA,5,2,29,0.00725
2025-09-06,1,Stjarnan,Þór/KA,5,3,15,0.00375
2025-09-06,1,Stjarnan,Þór/KA,5,4,4,0.001
2025-09-06,1,Stjarnan,Þór/KA,5,5,7,0.00175
2025-09-06,1,Stjarnan,Þór/KA,6,0,5,0.00125
2025-09-06,1,Stjarnan,Þór/KA,6,1,7,0.00175
2025-09-06,1,Stjarnan,Þór/KA,6,2,6,0.0015
2025-09-06,1,Stjarnan,Þór/KA,6,3,3,7.5e-4
2025-09-06,1,Stjarnan,Þór/KA,6,4,1,2.5e-4
2025-09-06,1,Stjarnan,Þór/KA,6,6,1,2.5e-4
2025-09-06,1,Stjarnan,Þór/KA,6,7,1,2.5e-4
2025-09-06,1,Stjarnan,Þór/KA,7,0,4,0.001
2025-09-06,1,Stjarnan,Þór/KA,7,1,2,5e-4
2025-09-06,1,Stjarnan,Þór/KA,7,2,3,7.5e-4
2025-09-06,1,Stjarnan,Þór/KA,7,3,2,5e-4
2025-09-06,1,Stjarnan,Þór/KA,8,4,1,2.5e-4
2025-09-06,1,Stjarnan,Þór/KA,9,0,1,2.5e-4
2025-09-07,1,Þróttur R.,FHL,0,0,60,0.015
2025-09-07,1,Þróttur R.,FHL,0,1,24,0.006
2025-09-07,1,Þróttur R.,FHL,0,2,3,7.5e-4
2025-09-07,1,Þróttur R.,FHL,0,3,2,5e-4
2025-09-07,1,Þróttur R.,FHL,0,4,1,2.5e-4
2025-09-07,1,Þróttur R.,FHL,1,0,198,0.0495
2025-09-07,1,Þróttur R.,FHL,1,1,71,0.01775
2025-09-07,1,Þróttur R.,FHL,1,2,10,0.0025
2025-09-07,1,Þróttur R.,FHL,1,3,4,0.001
2025-09-07,1,Þróttur R.,FHL,1,4,1,2.5e-4
2025-09-07,1,Þróttur R.,FHL,1,5,1,2.5e-4
2025-09-07,1,Þróttur R.,FHL,2,0,336,0.084
2025-09-07,1,Þróttur R.,FHL,2,1,134,0.0335
2025-09-07,1,Þróttur R.,FHL,2,2,28,0.007
2025-09-07,1,Þróttur R.,FHL,2,3,3,7.5e-4
2025-09-07,1,Þróttur R.,FHL,2,5,1,2.5e-4
2025-09-07,1,Þróttur R.,FHL,3,0,419,0.10475
2025-09-07,1,Þróttur R.,FHL,3,1,157,0.03925
2025-09-07,1,Þróttur R.,FHL,3,2,27,0.00675
2025-09-07,1,Þróttur R.,FHL,3,3,10,0.0025
2025-09-07,1,Þróttur R.,FHL,4,0,463,0.11575
2025-09-07,1,Þróttur R.,FHL,4,1,147,0.03675
2025-09-07,1,Þróttur R.,FHL,4,2,33,0.00825
2025-09-07,1,Þróttur R.,FHL,4,3,1,2.5e-4
2025-09-07,1,Þróttur R.,FHL,4,4,1,2.5e-4
2025-09-07,1,Þróttur R.,FHL,5,0,416,0.104
2025-09-07,1,Þróttur R.,FHL,5,1,153,0.03825
2025-09-07,1,Þróttur R.,FHL,5,2,30,0.0075
2025-09-07,1,Þróttur R.,FHL,5,3,9,0.00225
2025-09-07,1,Þróttur R.,FHL,5,4,1,2.5e-4
2025-09-07,1,Þróttur R.,FHL,6,0,315,0.07875
2025-09-07,1,Þróttur R.,FHL,6,1,112,0.028
2025-09-07,1,Þróttur R.,FHL,6,2,19,0.00475
2025-09-07,1,Þróttur R.,FHL,6,3,6,0.0015
2025-09-07,1,Þróttur R.,FHL,7,0,225,0.05625
2025-09-07,1,Þróttur R.,FHL,7,1,75,0.01875
2025-09-07,1,Þróttur R.,FHL,7,2,12,0.003
2025-09-07,1,Þróttur R.,FHL,7,3,6,0.0015
2025-09-07,1,Þróttur R.,FHL,8,0,159,0.03975
2025-09-07,1,Þróttur R.,FHL,8,1,51,0.01275
2025-09-07,1,Þróttur R.,FHL,8,2,9,0.00225
2025-09-07,1,Þróttur R.,FHL,8,3,1,2.5e-4
2025-09-07,1,Þróttur R.,FHL,9,0,83,0.02075
2025-09-07,1,Þróttur R.,FHL,9,1,22,0.0055
2025-09-07,1,Þróttur R.,FHL,9,2,7,0.00175
2025-09-07,1,Þróttur R.,FHL,10,0,50,0.0125
2025-09-07,1,Þróttur R.,FHL,10,1,21,0.00525
2025-09-07,1,Þróttur R.,FHL,10,2,4,0.001
2025-09-07,1,Þróttur R.,FHL,11,0,27,0.00675
2025-09-07,1,Þróttur R.,FHL,11,1,8,0.002
2025-09-07,1,Þróttur R.,FHL,11,2,2,5e-4
2025-09-07,1,Þróttur R.,FHL,11,3,1,2.5e-4
2025-09-07,1,Þróttur R.,FHL,12,0,15,0.00375
2025-09-07,1,Þróttur R.,FHL,12,1,5,0.00125
2025-09-07,1,Þróttur R.,FHL,13,0,8,0.002
2025-09-07,1,Þróttur R.,FHL,13,1,3,7.5e-4
2025-09-07,1,Þróttur R.,FHL,14,0,5,0.00125
2025-09-07,1,Þróttur R.,FHL,15,0,3,7.5e-4
2025-09-07,1,Þróttur R.,FHL,16,0,1,2.5e-4
2025-09-07,1,Þróttur R.,FHL,16,1,1,2.5e-4
2025-09-12,1,FH,Víkingur R.,0,0,201,0.05025
2025-09-12,1,FH,Víkingur R.,0,1,159,0.03975
2025-09-12,1,FH,Víkingur R.,0,2,70,0.0175
2025-09-12,1,FH,Víkingur R.,0,3,22,0.0055
2025-09-12,1,FH,Víkingur R.,0,4,7,0.00175
2025-09-12,1,FH,Víkingur R.,0,5,5,0.00125
2025-09-12,1,FH,Víkingur R.,0,6,1,2.5e-4
2025-09-12,1,FH,Víkingur R.,1,0,315,0.07875
2025-09-12,1,FH,Víkingur R.,1,1,338,0.0845
2025-09-12,1,FH,Víkingur R.,1,2,158,0.0395
2025-09-12,1,FH,Víkingur R.,1,3,45,0.01125
2025-09-12,1,FH,Víkingur R.,1,4,19,0.00475
2025-09-12,1,FH,Víkingur R.,1,5,4,0.001
2025-09-12,1,FH,Víkingur R.,1,6,3,7.5e-4
2025-09-12,1,FH,Víkingur R.,1,7,2,5e-4
2025-09-12,1,FH,Víkingur R.,2,0,328,0.082
2025-09-12,1,FH,Víkingur R.,2,1,310,0.0775
2025-09-12,1,FH,Víkingur R.,2,2,181,0.04525
2025-09-12,1,FH,Víkingur R.,2,3,63,0.01575
2025-09-12,1,FH,Víkingur R.,2,4,25,0.00625
2025-09-12,1,FH,Víkingur R.,2,5,4,0.001
2025-09-12,1,FH,Víkingur R.,2,6,2,5e-4
2025-09-12,1,FH,Víkingur R.,2,7,2,5e-4
2025-09-12,1,FH,Víkingur R.,3,0,266,0.0665
2025-09-12,1,FH,Víkingur R.,3,1,256,0.064
2025-09-12,1,FH,Víkingur R.,3,2,149,0.03725
2025-09-12,1,FH,Víkingur R.,3,3,62,0.0155
2025-09-12,1,FH,Víkingur R.,3,4,17,0.00425
2025-09-12,1,FH,Víkingur R.,3,5,12,0.003
2025-09-12,1,FH,Víkingur R.,3,6,1,2.5e-4
2025-09-12,1,FH,Víkingur R.,3,9,1,2.5e-4
2025-09-12,1,FH,Víkingur R.,4,0,147,0.03675
2025-09-12,1,FH,Víkingur R.,4,1,154,0.0385
2025-09-12,1,FH,Víkingur R.,4,2,98,0.0245
2025-09-12,1,FH,Víkingur R.,4,3,26,0.0065
2025-09-12,1,FH,Víkingur R.,4,4,20,0.005
2025-09-12,1,FH,Víkingur R.,4,5,4,0.001
2025-09-12,1,FH,Víkingur R.,4,6,2,5e-4
2025-09-12,1,FH,Víkingur R.,5,0,105,0.02625
2025-09-12,1,FH,Víkingur R.,5,1,89,0.02225
2025-09-12,1,FH,Víkingur R.,5,2,55,0.01375
2025-09-12,1,FH,Víkingur R.,5,3,27,0.00675
2025-09-12,1,FH,Víkingur R.,5,4,4,0.001
2025-09-12,1,FH,Víkingur R.,6,0,43,0.01075
2025-09-12,1,FH,Víkingur R.,6,1,48,0.012
2025-09-12,1,FH,Víkingur R.,6,2,20,0.005
2025-09-12,1,FH,Víkingur R.,6,3,10,0.0025
2025-09-12,1,FH,Víkingur R.,6,4,3,7.5e-4
2025-09-12,1,FH,Víkingur R.,6,6,2,5e-4
2025-09-12,1,FH,Víkingur R.,7,0,23,0.00575
2025-09-12,1,FH,Víkingur R.,7,1,15,0.00375
2025-09-12,1,FH,Víkingur R.,7,2,22,0.0055
2025-09-12,1,FH,Víkingur R.,7,3,7,0.00175
2025-09-12,1,FH,Víkingur R.,7,5,2,5e-4
2025-09-12,1,FH,Víkingur R.,7,6,2,5e-4
2025-09-12,1,FH,Víkingur R.,8,0,9,0.00225
2025-09-12,1,FH,Víkingur R.,8,1,7,0.00175
2025-09-12,1,FH,Víkingur R.,8,2,6,0.0015
2025-09-12,1,FH,Víkingur R.,8,3,3,7.5e-4
2025-09-12,1,FH,Víkingur R.,8,4,1,2.5e-4
2025-09-12,1,FH,Víkingur R.,8,5,2,5e-4
2025-09-12,1,FH,Víkingur R.,9,0,6,0.0015
2025-09-12,1,FH,Víkingur R.,9,1,1,2.5e-4
2025-09-12,1,FH,Víkingur R.,9,2,2,5e-4
2025-09-12,1,FH,Víkingur R.,10,1,1,2.5e-4
2025-09-12,1,FH,Víkingur R.,10,2,1,2.5e-4
2025-09-12,1,FH,Víkingur R.,11,2,1,2.5e-4
2025-09-12,1,FH,Víkingur R.,12,3,1,2.5e-4
2025-09-12,1,FH,Víkingur R.,13,1,1,2.5e-4
2025-09-12,1,FH,Víkingur R.,14,0,1,2.5e-4
2025-09-12,1,FH,Víkingur R.,15,4,1,2.5e-4
2025-09-12,1,Stjarnan,Fram,0,0,241,0.06025
2025-09-12,1,Stjarnan,Fram,0,1,184,0.046
2025-09-12,1,Stjarnan,Fram,0,2,82,0.0205
2025-09-12,1,Stjarnan,Fram,0,3,36,0.009
2025-09-12,1,Stjarnan,Fram,0,4,9,0.00225
2025-09-12,1,Stjarnan,Fram,0,5,2,5e-4
2025-09-12,1,Stjarnan,Fram,0,6,1,2.5e-4
2025-09-12,1,Stjarnan,Fram,0,7,1,2.5e-4
2025-09-12,1,Stjarnan,Fram,1,0,394,0.0985
2025-09-12,1,Stjarnan,Fram,1,1,376,0.094
2025-09-12,1,Stjarnan,Fram,1,2,165,0.04125
2025-09-12,1,Stjarnan,Fram,1,3,51,0.01275
2025-09-12,1,Stjarnan,Fram,1,4,23,0.00575
2025-09-12,1,Stjarnan,Fram,1,5,7,0.00175
2025-09-12,1,Stjarnan,Fram,1,6,2,5e-4
2025-09-12,1,Stjarnan,Fram,1,8,1,2.5e-4
2025-09-12,1,Stjarnan,Fram,2,0,371,0.09275
2025-09-12,1,Stjarnan,Fram,2,1,324,0.081
2025-09-12,1,Stjarnan,Fram,2,2,179,0.04475
2025-09-12,1,Stjarnan,Fram,2,3,51,0.01275
2025-09-12,1,Stjarnan,Fram,2,4,21,0.00525
2025-09-12,1,Stjarnan,Fram,2,5,7,0.00175
2025-09-12,1,Stjarnan,Fram,3,0,275,0.06875
2025-09-12,1,Stjarnan,Fram,3,1,244,0.061
2025-09-12,1,Stjarnan,Fram,3,2,106,0.0265
2025-09-12,1,Stjarnan,Fram,3,3,52,0.013
2025-09-12,1,Stjarnan,Fram,3,4,18,0.0045
2025-09-12,1,Stjarnan,Fram,3,5,5,0.00125
2025-09-12,1,Stjarnan,Fram,3,6,2,5e-4
2025-09-12,1,Stjarnan,Fram,4,0,184,0.046
2025-09-12,1,Stjarnan,Fram,4,1,131,0.03275
2025-09-12,1,Stjarnan,Fram,4,2,68,0.017
2025-09-12,1,Stjarnan,Fram,4,3,37,0.00925
2025-09-12,1,Stjarnan,Fram,4,4,11,0.00275
2025-09-12,1,Stjarnan,Fram,4,6,1,2.5e-4
2025-09-12,1,Stjarnan,Fram,5,0,81,0.02025
2025-09-12,1,Stjarnan,Fram,5,1,63,0.01575
2025-09-12,1,Stjarnan,Fram,5,2,34,0.0085
2025-09-12,1,Stjarnan,Fram,5,3,17,0.00425
2025-09-12,1,Stjarnan,Fram,5,4,7,0.00175
2025-09-12,1,Stjarnan,Fram,5,5,2,5e-4
2025-09-12,1,Stjarnan,Fram,5,8,1,2.5e-4
2025-09-12,1,Stjarnan,Fram,6,0,36,0.009
2025-09-12,1,Stjarnan,Fram,6,1,25,0.00625
2025-09-12,1,Stjarnan,Fram,6,2,12,0.003
2025-09-12,1,Stjarnan,Fram,6,3,4,0.001
2025-09-12,1,Stjarnan,Fram,6,4,2,5e-4
2025-09-12,1,Stjarnan,Fram,6,5,1,2.5e-4
2025-09-12,1,Stjarnan,Fram,7,0,12,0.003
2025-09-12,1,Stjarnan,Fram,7,1,7,0.00175
2025-09-12,1,Stjarnan,Fram,7,2,7,0.00175
2025-09-12,1,Stjarnan,Fram,7,3,1,2.5e-4
2025-09-12,1,Stjarnan,Fram,7,4,3,7.5e-4
2025-09-12,1,Stjarnan,Fram,8,0,6,0.0015
2025-09-12,1,Stjarnan,Fram,8,1,6,0.0015
2025-09-12,1,Stjarnan,Fram,8,2,3,7.5e-4
2025-09-12,1,Stjarnan,Fram,8,3,2,5e-4
2025-09-12,1,Stjarnan,Fram,9,0,1,2.5e-4
2025-09-12,1,Stjarnan,Fram,9,1,1,2.5e-4
2025-09-12,1,Stjarnan,Fram,9,3,1,2.5e-4
2025-09-12,1,Stjarnan,Fram,10,1,2,5e-4
2025-09-12,1,Stjarnan,Fram,10,2,1,2.5e-4
2025-09-12,1,Þór/KA,Þróttur R.,0,0,269,0.06725
2025-09-12,1,Þór/KA,Þróttur R.,0,1,354,0.0885
2025-09-12,1,Þór/KA,Þróttur R.,0,2,283,0.07075
2025-09-12,1,Þór/KA,Þróttur R.,0,3,169,0.04225
2025-09-12,1,Þór/KA,Þróttur R.,0,4,101,0.02525
2025-09-12,1,Þór/KA,Þróttur R.,0,5,33,0.00825
2025-09-12,1,Þór/KA,Þróttur R.,0,6,17,0.00425
2025-09-12,1,Þór/KA,Þróttur R.,0,7,6,0.0015
2025-09-12,1,Þór/KA,Þróttur R.,0,8,1,2.5e-4
2025-09-12,1,Þór/KA,Þróttur R.,0,9,1,2.5e-4
2025-09-12,1,Þór/KA,Þróttur R.,1,0,249,0.06225
2025-09-12,1,Þór/KA,Þróttur R.,1,1,392,0.098
2025-09-12,1,Þór/KA,Þróttur R.,1,2,337,0.08425
2025-09-12,1,Þór/KA,Þróttur R.,1,3,180,0.045
2025-09-12,1,Þór/KA,Þróttur R.,1,4,101,0.02525
2025-09-12,1,Þór/KA,Þróttur R.,1,5,40,0.01
2025-09-12,1,Þór/KA,Þróttur R.,1,6,18,0.0045
2025-09-12,1,Þór/KA,Þróttur R.,1,7,5,0.00125
2025-09-12,1,Þór/KA,Þróttur R.,1,8,2,5e-4
2025-09-12,1,Þór/KA,Þróttur R.,2,0,147,0.03675
2025-09-12,1,Þór/KA,Þróttur R.,2,1,235,0.05875
2025-09-12,1,Þór/KA,Þróttur R.,2,2,199,0.04975
2025-09-12,1,Þór/KA,Þróttur R.,2,3,131,0.03275
2025-09-12,1,Þór/KA,Þróttur R.,2,4,66,0.0165
2025-09-12,1,Þór/KA,Þróttur R.,2,5,28,0.007
2025-09-12,1,Þór/KA,Þróttur R.,2,6,9,0.00225
2025-09-12,1,Þór/KA,Þróttur R.,2,7,8,0.002
2025-09-12,1,Þór/KA,Þróttur R.,2,8,1,2.5e-4
2025-09-12,1,Þór/KA,Þróttur R.,3,0,57,0.01425
2025-09-12,1,Þór/KA,Þróttur R.,3,1,104,0.026
2025-09-12,1,Þór/KA,Þróttur R.,3,2,89,0.02225
2025-09-12,1,Þór/KA,Þróttur R.,3,3,79,0.01975
2025-09-12,1,Þór/KA,Þróttur R.,3,4,36,0.009
2025-09-12,1,Þór/KA,Þróttur R.,3,5,12,0.003
2025-09-12,1,Þór/KA,Þróttur R.,3,6,5,0.00125
2025-09-12,1,Þór/KA,Þróttur R.,3,10,1,2.5e-4
2025-09-12,1,Þór/KA,Þróttur R.,4,0,20,0.005
2025-09-12,1,Þór/KA,Þróttur R.,4,1,41,0.01025
2025-09-12,1,Þór/KA,Þróttur R.,4,2,46,0.0115
2025-09-12,1,Þór/KA,Þróttur R.,4,3,25,0.00625
2025-09-12,1,Þór/KA,Þróttur R.,4,4,6,0.0015
2025-09-12,1,Þór/KA,Þróttur R.,4,5,7,0.00175
2025-09-12,1,Þór/KA,Þróttur R.,4,6,5,0.00125
2025-09-12,1,Þór/KA,Þróttur R.,4,8,1,2.5e-4
2025-09-12,1,Þór/KA,Þróttur R.,4,9,2,5e-4
2025-09-12,1,Þór/KA,Þróttur R.,5,0,11,0.00275
2025-09-12,1,Þór/KA,Þróttur R.,5,1,12,0.003
2025-09-12,1,Þór/KA,Þróttur R.,5,2,13,0.00325
2025-09-12,1,Þór/KA,Þróttur R.,5,3,5,0.00125
2025-09-12,1,Þór/KA,Þróttur R.,5,4,9,0.00225
2025-09-12,1,Þór/KA,Þróttur R.,5,5,1,2.5e-4
2025-09-12,1,Þór/KA,Þróttur R.,5,6,2,5e-4
2025-09-12,1,Þór/KA,Þróttur R.,6,0,3,7.5e-4
2025-09-12,1,Þór/KA,Þróttur R.,6,1,5,0.00125
2025-09-12,1,Þór/KA,Þróttur R.,6,2,5,0.00125
2025-09-12,1,Þór/KA,Þróttur R.,6,3,1,2.5e-4
2025-09-12,1,Þór/KA,Þróttur R.,6,4,2,5e-4
2025-09-12,1,Þór/KA,Þróttur R.,6,5,2,5e-4
2025-09-12,1,Þór/KA,Þróttur R.,7,0,2,5e-4
2025-09-12,1,Þór/KA,Þróttur R.,7,1,2,5e-4
2025-09-12,1,Þór/KA,Þróttur R.,7,2,2,5e-4
2025-09-12,1,Þór/KA,Þróttur R.,7,3,2,5e-4
2025-09-12,1,Þór/KA,Þróttur R.,7,4,1,2.5e-4
2025-09-12,1,Þór/KA,Þróttur R.,7,6,1,2.5e-4
2025-09-12,1,Þór/KA,Þróttur R.,9,5,1,2.5e-4
2025-09-14,1,FHL,Breiðablik,0,0,7,0.00175
2025-09-14,1,FHL,Breiðablik,0,1,40,0.01
2025-09-14,1,FHL,Breiðablik,0,2,132,0.033
2025-09-14,1,FHL,Breiðablik,0,3,217,0.05425
2025-09-14,1,FHL,Breiðablik,0,4,278,0.0695
2025-09-14,1,FHL,Breiðablik,0,5,326,0.0815
2025-09-14,1,FHL,Breiðablik,0,6,338,0.0845
2025-09-14,1,FHL,Breiðablik,0,7,319,0.07975
2025-09-14,1,FHL,Breiðablik,0,8,272,0.068
2025-09-14,1,FHL,Breiðablik,0,9,213,0.05325
2025-09-14,1,FHL,Breiðablik,0,10,187,0.04675
2025-09-14,1,FHL,Breiðablik,0,11,122,0.0305
2025-09-14,1,FHL,Breiðablik,0,12,72,0.018
2025-09-14,1,FHL,Breiðablik,0,13,56,0.014
2025-09-14,1,FHL,Breiðablik,0,14,46,0.0115
2025-09-14,1,FHL,Breiðablik,0,15,19,0.00475
2025-09-14,1,FHL,Breiðablik,0,16,13,0.00325
2025-09-14,1,FHL,Breiðablik,0,17,7,0.00175
2025-09-14,1,FHL,Breiðablik,0,18,1,2.5e-4
2025-09-14,1,FHL,Breiðablik,0,19,2,5e-4
2025-09-14,1,FHL,Breiðablik,0,20,1,2.5e-4
2025-09-14,1,FHL,Breiðablik,0,21,1,2.5e-4
2025-09-14,1,FHL,Breiðablik,1,0,6,0.0015
2025-09-14,1,FHL,Breiðablik,1,1,14,0.0035
2025-09-14,1,FHL,Breiðablik,1,2,55,0.01375
2025-09-14,1,FHL,Breiðablik,1,3,73,0.01825
2025-09-14,1,FHL,Breiðablik,1,4,107,0.02675
2025-09-14,1,FHL,Breiðablik,1,5,127,0.03175
2025-09-14,1,FHL,Breiðablik,1,6,140,0.035
2025-09-14,1,FHL,Breiðablik,1,7,136,0.034
2025-09-14,1,FHL,Breiðablik,1,8,98,0.0245
2025-09-14,1,FHL,Breiðablik,1,9,73,0.01825
2025-09-14,1,FHL,Breiðablik,1,10,70,0.0175
2025-09-14,1,FHL,Breiðablik,1,11,51,0.01275
2025-09-14,1,FHL,Breiðablik,1,12,38,0.0095
2025-09-14,1,FHL,Breiðablik,1,13,22,0.0055
2025-09-14,1,FHL,Breiðablik,1,14,10,0.0025
2025-09-14,1,FHL,Breiðablik,1,15,11,0.00275
2025-09-14,1,FHL,Breiðablik,1,16,4,0.001
2025-09-14,1,FHL,Breiðablik,1,17,3,7.5e-4
2025-09-14,1,FHL,Breiðablik,1,18,2,5e-4
2025-09-14,1,FHL,Breiðablik,1,19,1,2.5e-4
2025-09-14,1,FHL,Breiðablik,2,0,1,2.5e-4
2025-09-14,1,FHL,Breiðablik,2,1,5,0.00125
2025-09-14,1,FHL,Breiðablik,2,2,16,0.004
2025-09-14,1,FHL,Breiðablik,2,3,10,0.0025
2025-09-14,1,FHL,Breiðablik,2,4,24,0.006
2025-09-14,1,FHL,Breiðablik,2,5,32,0.008
2025-09-14,1,FHL,Breiðablik,2,6,24,0.006
2025-09-14,1,FHL,Breiðablik,2,7,19,0.00475
2025-09-14,1,FHL,Breiðablik,2,8,26,0.0065
2025-09-14,1,FHL,Breiðablik,2,9,22,0.0055
2025-09-14,1,FHL,Breiðablik,2,10,19,0.00475
2025-09-14,1,FHL,Breiðablik,2,11,10,0.0025
2025-09-14,1,FHL,Breiðablik,2,12,4,0.001
2025-09-14,1,FHL,Breiðablik,2,13,5,0.00125
2025-09-14,1,FHL,Breiðablik,2,14,7,0.00175
2025-09-14,1,FHL,Breiðablik,2,15,2,5e-4
2025-09-14,1,FHL,Breiðablik,2,16,2,5e-4
2025-09-14,1,FHL,Breiðablik,2,18,2,5e-4
2025-09-14,1,FHL,Breiðablik,3,1,1,2.5e-4
2025-09-14,1,FHL,Breiðablik,3,2,4,0.001
2025-09-14,1,FHL,Breiðablik,3,3,3,7.5e-4
2025-09-14,1,FHL,Breiðablik,3,4,6,0.0015
2025-09-14,1,FHL,Breiðablik,3,5,5,0.00125
2025-09-14,1,FHL,Breiðablik,3,6,3,7.5e-4
2025-09-14,1,FHL,Breiðablik,3,7,13,0.00325
2025-09-14,1,FHL,Breiðablik,3,8,5,0.00125
2025-09-14,1,FHL,Breiðablik,3,9,5,0.00125
2025-09-14,1,FHL,Breiðablik,3,10,3,7.5e-4
2025-09-14,1,FHL,Breiðablik,3,11,3,7.5e-4
2025-09-14,1,FHL,Breiðablik,3,15,1,2.5e-4
2025-09-14,1,FHL,Breiðablik,4,3,2,5e-4
2025-09-14,1,FHL,Breiðablik,4,5,2,5e-4
2025-09-14,1,FHL,Breiðablik,4,6,1,2.5e-4
2025-09-14,1,FHL,Breiðablik,4,7,1,2.5e-4
2025-09-14,1,FHL,Breiðablik,4,11,1,2.5e-4
2025-09-14,1,FHL,Breiðablik,5,6,1,2.5e-4
2025-09-14,1,Valur,Tindastóll,0,0,222,0.0555
2025-09-14,1,Valur,Tindastóll,0,1,109,0.02725
2025-09-14,1,Valur,Tindastóll,0,2,44,0.011
2025-09-14,1,Valur,Tindastóll,0,3,4,0.001
2025-09-14,1,Valur,Tindastóll,0,4,3,7.5e-4
2025-09-14,1,Valur,Tindastóll,1,0,476,0.119
2025-09-14,1,Valur,Tindastóll,1,1,301,0.07525
2025-09-14,1,Valur,Tindastóll,1,2,121,0.03025
2025-09-14,1,Valur,Tindastóll,1,3,37,0.00925
2025-09-14,1,Valur,Tindastóll,1,4,5,0.00125
2025-09-14,1,Valur,Tindastóll,1,5,5,0.00125
2025-09-14,1,Valur,Tindastóll,2,0,487,0.12175
2025-09-14,1,Valur,Tindastóll,2,1,313,0.07825
2025-09-14,1,Valur,Tindastóll,2,2,125,0.03125
2025-09-14,1,Valur,Tindastóll,2,3,24,0.006
2025-09-14,1,Valur,Tindastóll,2,4,6,0.0015
2025-09-14,1,Valur,Tindastóll,2,5,1,2.5e-4
2025-09-14,1,Valur,Tindastóll,3,0,361,0.09025
2025-09-14,1,Valur,Tindastóll,3,1,252,0.063
2025-09-14,1,Valur,Tindastóll,3,2,85,0.02125
2025-09-14,1,Valur,Tindastóll,3,3,21,0.00525
2025-09-14,1,Valur,Tindastóll,3,4,2,5e-4
2025-09-14,1,Valur,Tindastóll,3,5,2,5e-4
2025-09-14,1,Valur,Tindastóll,4,0,240,0.06
2025-09-14,1,Valur,Tindastóll,4,1,151,0.03775
2025-09-14,1,Valur,Tindastóll,4,2,47,0.01175
2025-09-14,1,Valur,Tindastóll,4,3,11,0.00275
2025-09-14,1,Valur,Tindastóll,4,4,4,0.001
2025-09-14,1,Valur,Tindastóll,4,5,1,2.5e-4
2025-09-14,1,Valur,Tindastóll,5,0,153,0.03825
2025-09-14,1,Valur,Tindastóll,5,1,86,0.0215
2025-09-14,1,Valur,Tindastóll,5,2,29,0.00725
2025-09-14,1,Valur,Tindastóll,5,3,12,0.003
2025-09-14,1,Valur,Tindastóll,5,4,1,2.5e-4
2025-09-14,1,Valur,Tindastóll,6,0,83,0.02075
2025-09-14,1,Valur,Tindastóll,6,1,45,0.01125
2025-09-14,1,Valur,Tindastóll,6,2,16,0.004
2025-09-14,1,Valur,Tindastóll,6,3,5,0.00125
2025-09-14,1,Valur,Tindastóll,7,0,31,0.00775
2025-09-14,1,Valur,Tindastóll,7,1,24,0.006
2025-09-14,1,Valur,Tindastóll,7,2,10,0.0025
2025-09-14,1,Valur,Tindastóll,7,3,1,2.5e-4
2025-09-14,1,Valur,Tindastóll,8,0,8,0.002
2025-09-14,1,Valur,Tindastóll,8,1,13,0.00325
2025-09-14,1,Valur,Tindastóll,8,2,4,0.001
2025-09-14,1,Valur,Tindastóll,8,3,1,2.5e-4
2025-09-14,1,Valur,Tindastóll,9,0,5,0.00125
2025-09-14,1,Valur,Tindastóll,9,1,3,7.5e-4
2025-09-14,1,Valur,Tindastóll,9,2,1,2.5e-4
2025-09-14,1,Valur,Tindastóll,9,3,1,2.5e-4
2025-09-14,1,Valur,Tindastóll,10,0,2,5e-4
2025-09-14,1,Valur,Tindastóll,10,1,2,5e-4
2025-09-14,1,Valur,Tindastóll,11,0,2,5e-4
2025-09-14,1,Valur,Tindastóll,11,3,1,2.5e-4
2025-09-14,1,Valur,Tindastóll,12,0,1,2.5e-4
2025-09-20,1,Breiðablik,Þór/KA,0,0,68,0.017
2025-09-20,1,Breiðablik,Þór/KA,0,1,49,0.01225
2025-09-20,1,Breiðablik,Þór/KA,0,2,13,0.00325
2025-09-20,1,Breiðablik,Þór/KA,0,3,4,0.001
2025-09-20,1,Breiðablik,Þór/KA,0,4,1,2.5e-4
2025-09-20,1,Breiðablik,Þór/KA,1,0,198,0.0495
2025-09-20,1,Breiðablik,Þór/KA,1,1,112,0.028
2025-09-20,1,Breiðablik,Þór/KA,1,2,40,0.01
2025-09-20,1,Breiðablik,Þór/KA,1,3,7,0.00175
2025-09-20,1,Breiðablik,Þór/KA,1,5,1,2.5e-4
2025-09-20,1,Breiðablik,Þór/KA,2,0,285,0.07125
2025-09-20,1,Breiðablik,Þór/KA,2,1,194,0.0485
2025-09-20,1,Breiðablik,Þór/KA,2,2,55,0.01375
2025-09-20,1,Breiðablik,Þór/KA,2,3,14,0.0035
2025-09-20,1,Breiðablik,Þór/KA,2,4,3,7.5e-4
2025-09-20,1,Breiðablik,Þór/KA,2,5,1,2.5e-4
2025-09-20,1,Breiðablik,Þór/KA,3,0,377,0.09425
2025-09-20,1,Breiðablik,Þór/KA,3,1,233,0.05825
2025-09-20,1,Breiðablik,Þór/KA,3,2,86,0.0215
2025-09-20,1,Breiðablik,Þór/KA,3,3,21,0.00525
2025-09-20,1,Breiðablik,Þór/KA,3,4,5,0.00125
2025-09-20,1,Breiðablik,Þór/KA,3,5,2,5e-4
2025-09-20,1,Breiðablik,Þór/KA,4,0,360,0.09
2025-09-20,1,Breiðablik,Þór/KA,4,1,213,0.05325
2025-09-20,1,Breiðablik,Þór/KA,4,2,86,0.0215
2025-09-20,1,Breiðablik,Þór/KA,4,3,22,0.0055
2025-09-20,1,Breiðablik,Þór/KA,4,4,4,0.001
2025-09-20,1,Breiðablik,Þór/KA,4,5,1,2.5e-4
2025-09-20,1,Breiðablik,Þór/KA,5,0,294,0.0735
2025-09-20,1,Breiðablik,Þór/KA,5,1,177,0.04425
2025-09-20,1,Breiðablik,Þór/KA,5,2,52,0.013
2025-09-20,1,Breiðablik,Þór/KA,5,3,12,0.003
2025-09-20,1,Breiðablik,Þór/KA,5,4,1,2.5e-4
2025-09-20,1,Breiðablik,Þór/KA,5,6,1,2.5e-4
2025-09-20,1,Breiðablik,Þór/KA,6,0,200,0.05
2025-09-20,1,Breiðablik,Þór/KA,6,1,128,0.032
2025-09-20,1,Breiðablik,Þór/KA,6,2,55,0.01375
2025-09-20,1,Breiðablik,Þór/KA,6,3,11,0.00275
2025-09-20,1,Breiðablik,Þór/KA,6,4,3,7.5e-4
2025-09-20,1,Breiðablik,Þór/KA,7,0,139,0.03475
2025-09-20,1,Breiðablik,Þór/KA,7,1,85,0.02125
2025-09-20,1,Breiðablik,Þór/KA,7,2,33,0.00825
2025-09-20,1,Breiðablik,Þór/KA,7,3,11,0.00275
2025-09-20,1,Breiðablik,Þór/KA,7,4,1,2.5e-4
2025-09-20,1,Breiðablik,Þór/KA,7,5,1,2.5e-4
2025-09-20,1,Breiðablik,Þór/KA,8,0,78,0.0195
2025-09-20,1,Breiðablik,Þór/KA,8,1,53,0.01325
2025-09-20,1,Breiðablik,Þór/KA,8,2,13,0.00325
2025-09-20,1,Breiðablik,Þór/KA,8,3,5,0.00125
2025-09-20,1,Breiðablik,Þór/KA,8,4,1,2.5e-4
2025-09-20,1,Breiðablik,Þór/KA,9,0,52,0.013
2025-09-20,1,Breiðablik,Þór/KA,9,1,26,0.0065
2025-09-20,1,Breiðablik,Þór/KA,9,2,10,0.0025
2025-09-20,1,Breiðablik,Þór/KA,9,3,2,5e-4
2025-09-20,1,Breiðablik,Þór/KA,9,4,1,2.5e-4
2025-09-20,1,Breiðablik,Þór/KA,9,5,1,2.5e-4
2025-09-20,1,Breiðablik,Þór/KA,10,0,17,0.00425
2025-09-20,1,Breiðablik,Þór/KA,10,1,18,0.0045
2025-09-20,1,Breiðablik,Þór/KA,10,2,2,5e-4
2025-09-20,1,Breiðablik,Þór/KA,10,3,1,2.5e-4
2025-09-20,1,Breiðablik,Þór/KA,10,4,1,2.5e-4
2025-09-20,1,Breiðablik,Þór/KA,11,0,14,0.0035
2025-09-20,1,Breiðablik,Þór/KA,11,1,7,0.00175
2025-09-20,1,Breiðablik,Þór/KA,11,2,4,0.001
2025-09-20,1,Breiðablik,Þór/KA,12,0,8,0.002
2025-09-20,1,Breiðablik,Þór/KA,12,1,8,0.002
2025-09-20,1,Breiðablik,Þór/KA,12,2,2,5e-4
2025-09-20,1,Breiðablik,Þór/KA,13,0,4,0.001
2025-09-20,1,Breiðablik,Þór/KA,13,1,3,7.5e-4
2025-09-20,1,Breiðablik,Þór/KA,13,2,1,2.5e-4
2025-09-20,1,Breiðablik,Þór/KA,14,0,5,0.00125
2025-09-20,1,Breiðablik,Þór/KA,14,1,1,2.5e-4
2025-09-20,1,Breiðablik,Þór/KA,14,2,1,2.5e-4
2025-09-20,1,Breiðablik,Þór/KA,15,1,1,2.5e-4
2025-09-20,1,Breiðablik,Þór/KA,16,0,1,2.5e-4
2025-09-20,1,Fram,Valur,0,0,262,0.0655
2025-09-20,1,Fram,Valur,0,1,419,0.10475
2025-09-20,1,Fram,Valur,0,2,366,0.0915
2025-09-20,1,Fram,Valur,0,3,236,0.059
2025-09-20,1,Fram,Valur,0,4,127,0.03175
2025-09-20,1,Fram,Valur,0,5,48,0.012
2025-09-20,1,Fram,Valur,0,6,23,0.00575
2025-09-20,1,Fram,Valur,0,7,10,0.0025
2025-09-20,1,Fram,Valur,0,8,3,7.5e-4
2025-09-20,1,Fram,Valur,0,9,2,5e-4
2025-09-20,1,Fram,Valur,0,10,1,2.5e-4
2025-09-20,1,Fram,Valur,1,0,208,0.052
2025-09-20,1,Fram,Valur,1,1,390,0.0975
2025-09-20,1,Fram,Valur,1,2,313,0.07825
2025-09-20,1,Fram,Valur,1,3,195,0.04875
2025-09-20,1,Fram,Valur,1,4,106,0.0265
2025-09-20,1,Fram,Valur,1,5,66,0.0165
2025-09-20,1,Fram,Valur,1,6,21,0.00525
2025-09-20,1,Fram,Valur,1,7,11,0.00275
2025-09-20,1,Fram,Valur,1,8,1,2.5e-4
2025-09-20,1,Fram,Valur,1,9,2,5e-4
2025-09-20,1,Fram,Valur,2,0,110,0.0275
2025-09-20,1,Fram,Valur,2,1,202,0.0505
2025-09-20,1,Fram,Valur,2,2,182,0.0455
2025-09-20,1,Fram,Valur,2,3,127,0.03175
2025-09-20,1,Fram,Valur,2,4,65,0.01625
2025-09-20,1,Fram,Valur,2,5,29,0.00725
2025-09-20,1,Fram,Valur,2,6,17,0.00425
2025-09-20,1,Fram,Valur,2,7,9,0.00225
2025-09-20,1,Fram,Valur,2,8,3,7.5e-4
2025-09-20,1,Fram,Valur,3,0,42,0.0105
2025-09-20,1,Fram,Valur,3,1,61,0.01525
2025-09-20,1,Fram,Valur,3,2,85,0.02125
2025-09-20,1,Fram,Valur,3,3,50,0.0125
2025-09-20,1,Fram,Valur,3,4,29,0.00725
2025-09-20,1,Fram,Valur,3,5,15,0.00375
2025-09-20,1,Fram,Valur,3,6,5,0.00125
2025-09-20,1,Fram,Valur,3,7,4,0.001
2025-09-20,1,Fram,Valur,4,0,12,0.003
2025-09-20,1,Fram,Valur,4,1,31,0.00775
2025-09-20,1,Fram,Valur,4,2,30,0.0075
2025-09-20,1,Fram,Valur,4,3,17,0.00425
2025-09-20,1,Fram,Valur,4,4,10,0.0025
2025-09-20,1,Fram,Valur,4,5,4,0.001
2025-09-20,1,Fram,Valur,4,6,1,2.5e-4
2025-09-20,1,Fram,Valur,4,7,2,5e-4
2025-09-20,1,Fram,Valur,4,8,1,2.5e-4
2025-09-20,1,Fram,Valur,5,0,8,0.002
2025-09-20,1,Fram,Valur,5,1,7,0.00175
2025-09-20,1,Fram,Valur,5,2,4,0.001
2025-09-20,1,Fram,Valur,5,3,5,0.00125
2025-09-20,1,Fram,Valur,5,4,3,7.5e-4
2025-09-20,1,Fram,Valur,5,5,2,5e-4
2025-09-20,1,Fram,Valur,6,0,2,5e-4
2025-09-20,1,Fram,Valur,6,1,3,7.5e-4
2025-09-20,1,Fram,Valur,6,2,3,7.5e-4
2025-09-20,1,Fram,Valur,6,3,3,7.5e-4
2025-09-20,1,Fram,Valur,6,4,2,5e-4
2025-09-20,1,Fram,Valur,6,6,1,2.5e-4
2025-09-20,1,Fram,Valur,7,0,1,2.5e-4
2025-09-20,1,Fram,Valur,8,0,1,2.5e-4
2025-09-20,1,Fram,Valur,8,1,1,2.5e-4
2025-09-20,1,Fram,Valur,8,2,1,2.5e-4
2025-09-20,1,Tindastóll,FH,0,0,187,0.04675
2025-09-20,1,Tindastóll,FH,0,1,307,0.07675
2025-09-20,1,Tindastóll,FH,0,2,285,0.07125
2025-09-20,1,Tindastóll,FH,0,3,242,0.0605
2025-09-20,1,Tindastóll,FH,0,4,131,0.03275
2025-09-20,1,Tindastóll,FH,0,5,84,0.021
2025-09-20,1,Tindastóll,FH,0,6,61,0.01525
2025-09-20,1,Tindastóll,FH,0,7,24,0.006
2025-09-20,1,Tindastóll,FH,0,8,10,0.0025
2025-09-20,1,Tindastóll,FH,0,9,1,2.5e-4
2025-09-20,1,Tindastóll,FH,0,10,2,5e-4
2025-09-20,1,Tindastóll,FH,0,11,2,5e-4
2025-09-20,1,Tindastóll,FH,0,13,1,2.5e-4
2025-09-20,1,Tindastóll,FH,1,0,144,0.036
2025-09-20,1,Tindastóll,FH,1,1,297,0.07425
2025-09-20,1,Tindastóll,FH,1,2,321,0.08025
2025-09-20,1,Tindastóll,FH,1,3,264,0.066
2025-09-20,1,Tindastóll,FH,1,4,171,0.04275
2025-09-20,1,Tindastóll,FH,1,5,97,0.02425
2025-09-20,1,Tindastóll,FH,1,6,34,0.0085
2025-09-20,1,Tindastóll,FH,1,7,30,0.0075
2025-09-20,1,Tindastóll,FH,1,8,7,0.00175
2025-09-20,1,Tindastóll,FH,1,9,2,5e-4
2025-09-20,1,Tindastóll,FH,1,11,1,2.5e-4
2025-09-20,1,Tindastóll,FH,2,0,77,0.01925
2025-09-20,1,Tindastóll,FH,2,1,171,0.04275
2025-09-20,1,Tindastóll,FH,2,2,178,0.0445
2025-09-20,1,Tindastóll,FH,2,3,156,0.039
2025-09-20,1,Tindastóll,FH,2,4,111,0.02775
2025-09-20,1,Tindastóll,FH,2,5,52,0.013
2025-09-20,1,Tindastóll,FH,2,6,19,0.00475
2025-09-20,1,Tindastóll,FH,2,7,9,0.00225
2025-09-20,1,Tindastóll,FH,2,8,3,7.5e-4
2025-09-20,1,Tindastóll,FH,2,9,1,2.5e-4
2025-09-20,1,Tindastóll,FH,2,10,2,5e-4
2025-09-20,1,Tindastóll,FH,3,0,29,0.00725
2025-09-20,1,Tindastóll,FH,3,1,64,0.016
2025-09-20,1,Tindastóll,FH,3,2,83,0.02075
2025-09-20,1,Tindastóll,FH,3,3,73,0.01825
2025-09-20,1,Tindastóll,FH,3,4,39,0.00975
2025-09-20,1,Tindastóll,FH,3,5,23,0.00575
2025-09-20,1,Tindastóll,FH,3,6,9,0.00225
2025-09-20,1,Tindastóll,FH,3,7,4,0.001
2025-09-20,1,Tindastóll,FH,3,8,7,0.00175
2025-09-20,1,Tindastóll,FH,3,9,2,5e-4
2025-09-20,1,Tindastóll,FH,4,0,6,0.0015
2025-09-20,1,Tindastóll,FH,4,1,24,0.006
2025-09-20,1,Tindastóll,FH,4,2,26,0.0065
2025-09-20,1,Tindastóll,FH,4,3,26,0.0065
2025-09-20,1,Tindastóll,FH,4,4,20,0.005
2025-09-20,1,Tindastóll,FH,4,5,14,0.0035
2025-09-20,1,Tindastóll,FH,4,6,2,5e-4
2025-09-20,1,Tindastóll,FH,4,7,1,2.5e-4
2025-09-20,1,Tindastóll,FH,4,9,1,2.5e-4
2025-09-20,1,Tindastóll,FH,5,0,5,0.00125
2025-09-20,1,Tindastóll,FH,5,1,13,0.00325
2025-09-20,1,Tindastóll,FH,5,2,6,0.0015
2025-09-20,1,Tindastóll,FH,5,3,7,0.00175
2025-09-20,1,Tindastóll,FH,5,4,8,0.002
2025-09-20,1,Tindastóll,FH,5,5,4,0.001
2025-09-20,1,Tindastóll,FH,5,6,1,2.5e-4
2025-09-20,1,Tindastóll,FH,5,8,1,2.5e-4
2025-09-20,1,Tindastóll,FH,5,9,1,2.5e-4
2025-09-20,1,Tindastóll,FH,6,1,3,7.5e-4
2025-09-20,1,Tindastóll,FH,6,2,1,2.5e-4
2025-09-20,1,Tindastóll,FH,6,3,2,5e-4
2025-09-20,1,Tindastóll,FH,6,4,3,7.5e-4
2025-09-20,1,Tindastóll,FH,6,5,2,5e-4
2025-09-20,1,Tindastóll,FH,6,7,1,2.5e-4
2025-09-20,1,Tindastóll,FH,7,1,1,2.5e-4
2025-09-20,1,Tindastóll,FH,7,3,1,2.5e-4
2025-09-20,1,Tindastóll,FH,8,0,1,2.5e-4
2025-09-20,1,Tindastóll,FH,8,1,1,2.5e-4
2025-09-20,1,Tindastóll,FH,8,2,1,2.5e-4
2025-09-20,1,Víkingur R.,FHL,0,0,149,0.03725
2025-09-20,1,Víkingur R.,FHL,0,1,79,0.01975
2025-09-20,1,Víkingur R.,FHL,0,2,41,0.01025
2025-09-20,1,Víkingur R.,FHL,0,3,6,0.0015
2025-09-20,1,Víkingur R.,FHL,0,4,2,5e-4
2025-09-20,1,Víkingur R.,FHL,0,5,1,2.5e-4
2025-09-20,1,Víkingur R.,FHL,1,0,361,0.09025
2025-09-20,1,Víkingur R.,FHL,1,1,217,0.05425
2025-09-20,1,Víkingur R.,FHL,1,2,66,0.0165
2025-09-20,1,Víkingur R.,FHL,1,3,19,0.00475
2025-09-20,1,Víkingur R.,FHL,1,4,5,0.00125
2025-09-20,1,Víkingur R.,FHL,2,0,438,0.1095
2025-09-20,1,Víkingur R.,FHL,2,1,274,0.0685
2025-09-20,1,Víkingur R.,FHL,2,2,94,0.0235
2025-09-20,1,Víkingur R.,FHL,2,3,25,0.00625
2025-09-20,1,Víkingur R.,FHL,2,4,8,0.002
2025-09-20,1,Víkingur R.,FHL,2,5,1,2.5e-4
2025-09-20,1,Víkingur R.,FHL,3,0,391,0.09775
2025-09-20,1,Víkingur R.,FHL,3,1,272,0.068
2025-09-20,1,Víkingur R.,FHL,3,2,103,0.02575
2025-09-20,1,Víkingur R.,FHL,3,3,27,0.00675
2025-09-20,1,Víkingur R.,FHL,3,4,10,0.0025
2025-09-20,1,Víkingur R.,FHL,3,5,3,7.5e-4
2025-09-20,1,Víkingur R.,FHL,4,0,300,0.075
2025-09-20,1,Víkingur R.,FHL,4,1,202,0.0505
2025-09-20,1,Víkingur R.,FHL,4,2,68,0.017
2025-09-20,1,Víkingur R.,FHL,4,3,21,0.00525
2025-09-20,1,Víkingur R.,FHL,4,4,7,0.00175
2025-09-20,1,Víkingur R.,FHL,4,5,2,5e-4
2025-09-20,1,Víkingur R.,FHL,5,0,193,0.04825
2025-09-20,1,Víkingur R.,FHL,5,1,123,0.03075
2025-09-20,1,Víkingur R.,FHL,5,2,33,0.00825
2025-09-20,1,Víkingur R.,FHL,5,3,11,0.00275
2025-09-20,1,Víkingur R.,FHL,5,4,3,7.5e-4
2025-09-20,1,Víkingur R.,FHL,5,5,1,2.5e-4
2025-09-20,1,Víkingur R.,FHL,6,0,90,0.0225
2025-09-20,1,Víkingur R.,FHL,6,1,89,0.02225
2025-09-20,1,Víkingur R.,FHL,6,2,27,0.00675
2025-09-20,1,Víkingur R.,FHL,6,3,5,0.00125
2025-09-20,1,Víkingur R.,FHL,6,4,1,2.5e-4
2025-09-20,1,Víkingur R.,FHL,7,0,64,0.016
2025-09-20,1,Víkingur R.,FHL,7,1,47,0.01175
2025-09-20,1,Víkingur R.,FHL,7,2,22,0.0055
2025-09-20,1,Víkingur R.,FHL,7,3,6,0.0015
2025-09-20,1,Víkingur R.,FHL,8,0,26,0.0065
2025-09-20,1,Víkingur R.,FHL,8,1,19,0.00475
2025-09-20,1,Víkingur R.,FHL,8,2,7,0.00175
2025-09-20,1,Víkingur R.,FHL,8,3,3,7.5e-4
2025-09-20,1,Víkingur R.,FHL,8,4,1,2.5e-4
2025-09-20,1,Víkingur R.,FHL,9,0,11,0.00275
2025-09-20,1,Víkingur R.,FHL,9,1,4,0.001
2025-09-20,1,Víkingur R.,FHL,9,2,4,0.001
2025-09-20,1,Víkingur R.,FHL,9,3,1,2.5e-4
2025-09-20,1,Víkingur R.,FHL,10,0,4,0.001
2025-09-20,1,Víkingur R.,FHL,10,1,2,5e-4
2025-09-20,1,Víkingur R.,FHL,10,2,4,0.001
2025-09-20,1,Víkingur R.,FHL,11,0,1,2.5e-4
2025-09-20,1,Víkingur R.,FHL,11,1,3,7.5e-4
2025-09-20,1,Víkingur R.,FHL,12,0,1,2.5e-4
2025-09-20,1,Víkingur R.,FHL,13,1,2,5e-4
2025-09-20,1,Þróttur R.,Stjarnan,0,0,270,0.0675
2025-09-20,1,Þróttur R.,Stjarnan,0,1,164,0.041
2025-09-20,1,Þróttur R.,Stjarnan,0,2,72,0.018
2025-09-20,1,Þróttur R.,Stjarnan,0,3,15,0.00375
2025-09-20,1,Þróttur R.,Stjarnan,0,4,4,0.001
2025-09-20,1,Þróttur R.,Stjarnan,0,5,2,5e-4
2025-09-20,1,Þróttur R.,Stjarnan,1,0,448,0.112
2025-09-20,1,Þróttur R.,Stjarnan,1,1,333,0.08325
2025-09-20,1,Þróttur R.,Stjarnan,1,2,129,0.03225
2025-09-20,1,Þróttur R.,Stjarnan,1,3,38,0.0095
2025-09-20,1,Þróttur R.,Stjarnan,1,4,8,0.002
2025-09-20,1,Þróttur R.,Stjarnan,1,5,4,0.001
2025-09-20,1,Þróttur R.,Stjarnan,2,0,479,0.11975
2025-09-20,1,Þróttur R.,Stjarnan,2,1,337,0.08425
2025-09-20,1,Þróttur R.,Stjarnan,2,2,131,0.03275
2025-09-20,1,Þróttur R.,Stjarnan,2,3,37,0.00925
2025-09-20,1,Þróttur R.,Stjarnan,2,4,12,0.003
2025-09-20,1,Þróttur R.,Stjarnan,3,0,350,0.0875
2025-09-20,1,Þróttur R.,Stjarnan,3,1,247,0.06175
2025-09-20,1,Þróttur R.,Stjarnan,3,2,102,0.0255
2025-09-20,1,Þróttur R.,Stjarnan,3,3,20,0.005
2025-09-20,1,Þróttur R.,Stjarnan,3,4,8,0.002
2025-09-20,1,Þróttur R.,Stjarnan,3,5,2,5e-4
2025-09-20,1,Þróttur R.,Stjarnan,3,6,1,2.5e-4
2025-09-20,1,Þróttur R.,Stjarnan,3,7,1,2.5e-4
2025-09-20,1,Þróttur R.,Stjarnan,4,0,194,0.0485
2025-09-20,1,Þróttur R.,Stjarnan,4,1,151,0.03775
2025-09-20,1,Þróttur R.,Stjarnan,4,2,48,0.012
2025-09-20,1,Þróttur R.,Stjarnan,4,3,8,0.002
2025-09-20,1,Þróttur R.,Stjarnan,4,4,3,7.5e-4
2025-09-20,1,Þróttur R.,Stjarnan,5,0,104,0.026
2025-09-20,1,Þróttur R.,Stjarnan,5,1,73,0.01825
2025-09-20,1,Þróttur R.,Stjarnan,5,2,32,0.008
2025-09-20,1,Þróttur R.,Stjarnan,5,3,6,0.0015
2025-09-20,1,Þróttur R.,Stjarnan,5,4,1,2.5e-4
2025-09-20,1,Þróttur R.,Stjarnan,6,0,41,0.01025
2025-09-20,1,Þróttur R.,Stjarnan,6,1,30,0.0075
2025-09-20,1,Þróttur R.,Stjarnan,6,2,18,0.0045
2025-09-20,1,Þróttur R.,Stjarnan,6,3,3,7.5e-4
2025-09-20,1,Þróttur R.,Stjarnan,6,4,1,2.5e-4
2025-09-20,1,Þróttur R.,Stjarnan,6,5,1,2.5e-4
2025-09-20,1,Þróttur R.,Stjarnan,7,0,20,0.005
2025-09-20,1,Þróttur R.,Stjarnan,7,1,11,0.00275
2025-09-20,1,Þróttur R.,Stjarnan,7,2,8,0.002
2025-09-20,1,Þróttur R.,Stjarnan,7,3,3,7.5e-4
2025-09-20,1,Þróttur R.,Stjarnan,8,0,6,0.0015
2025-09-20,1,Þróttur R.,Stjarnan,8,1,7,0.00175
2025-09-20,1,Þróttur R.,Stjarnan,8,3,3,7.5e-4
2025-09-20,1,Þróttur R.,Stjarnan,9,0,5,0.00125
2025-09-20,1,Þróttur R.,Stjarnan,9,1,4,0.001
2025-09-20,1,Þróttur R.,Stjarnan,9,2,1,2.5e-4
2025-09-20,1,Þróttur R.,Stjarnan,9,4,1,2.5e-4
2025-09-20,1,Þróttur R.,Stjarnan,10,0,1,2.5e-4
2025-09-20,1,Þróttur R.,Stjarnan,10,2,1,2.5e-4
2025-09-20,1,Þróttur R.,Stjarnan,11,0,1,2.5e-4
