date,division,home,away,home_goals,away_goals,n,p
2025-06-16,1,FH,Tindastóll,0,0,96,0.024
2025-06-16,1,FH,Tindastóll,0,1,66,0.0165
2025-06-16,1,FH,Tindastóll,0,2,21,0.00525
2025-06-16,1,FH,Tindastóll,0,3,8,0.002
2025-06-16,1,FH,Tindastóll,0,4,1,2.5e-4
2025-06-16,1,FH,Tindastóll,0,5,1,2.5e-4
2025-06-16,1,FH,Tindastóll,0,6,1,2.5e-4
2025-06-16,1,FH,Tindastóll,1,0,244,0.061
2025-06-16,1,FH,Tindastóll,1,1,176,0.044
2025-06-16,1,FH,Tindastóll,1,2,66,0.0165
2025-06-16,1,FH,Tindastóll,1,3,25,0.00625
2025-06-16,1,FH,Tindastóll,1,4,8,0.002
2025-06-16,1,FH,Tindastóll,1,6,1,2.5e-4
2025-06-16,1,FH,Tindastóll,2,0,358,0.0895
2025-06-16,1,FH,Tindastóll,2,1,231,0.05775
2025-06-16,1,FH,Tindastóll,2,2,103,0.02575
2025-06-16,1,FH,Tindastóll,2,3,31,0.00775
2025-06-16,1,FH,Tindastóll,2,4,6,0.0015
2025-06-16,1,FH,Tindastóll,2,5,3,7.5e-4
2025-06-16,1,FH,Tindastóll,2,6,1,2.5e-4
2025-06-16,1,FH,Tindastóll,3,0,370,0.0925
2025-06-16,1,FH,Tindastóll,3,1,243,0.06075
2025-06-16,1,FH,Tindastóll,3,2,106,0.0265
2025-06-16,1,FH,Tindastóll,3,3,46,0.0115
2025-06-16,1,FH,Tindastóll,3,4,7,0.00175
2025-06-16,1,FH,Tindastóll,4,0,313,0.07825
2025-06-16,1,FH,Tindastóll,4,1,227,0.05675
2025-06-16,1,FH,Tindastóll,4,2,93,0.02325
2025-06-16,1,FH,Tindastóll,4,3,28,0.007
2025-06-16,1,FH,Tindastóll,4,4,7,0.00175
2025-06-16,1,FH,Tindastóll,4,5,2,5e-4
2025-06-16,1,FH,Tindastóll,4,6,1,2.5e-4
2025-06-16,1,FH,Tindastóll,4,7,1,2.5e-4
2025-06-16,1,FH,Tindastóll,5,0,219,0.05475
2025-06-16,1,FH,Tindastóll,5,1,172,0.043
2025-06-16,1,FH,Tindastóll,5,2,72,0.018
2025-06-16,1,FH,Tindastóll,5,3,24,0.006
2025-06-16,1,FH,Tindastóll,5,4,3,7.5e-4
2025-06-16,1,FH,Tindastóll,5,5,2,5e-4
2025-06-16,1,FH,Tindastóll,6,0,150,0.0375
2025-06-16,1,FH,Tindastóll,6,1,75,0.01875
2025-06-16,1,FH,Tindastóll,6,2,35,0.00875
2025-06-16,1,FH,Tindastóll,6,3,15,0.00375
2025-06-16,1,FH,Tindastóll,6,4,4,0.001
2025-06-16,1,FH,Tindastóll,6,5,2,5e-4
2025-06-16,1,FH,Tindastóll,7,0,78,0.0195
2025-06-16,1,FH,Tindastóll,7,1,56,0.014
2025-06-16,1,FH,Tindastóll,7,2,25,0.00625
2025-06-16,1,FH,Tindastóll,7,3,8,0.002
2025-06-16,1,FH,Tindastóll,7,4,4,0.001
2025-06-16,1,FH,Tindastóll,7,6,1,2.5e-4
2025-06-16,1,FH,Tindastóll,8,0,35,0.00875
2025-06-16,1,FH,Tindastóll,8,1,34,0.0085
2025-06-16,1,FH,Tindastóll,8,2,11,0.00275
2025-06-16,1,FH,Tindastóll,8,3,7,0.00175
2025-06-16,1,FH,Tindastóll,9,0,20,0.005
2025-06-16,1,FH,Tindastóll,9,1,16,0.004
2025-06-16,1,FH,Tindastóll,9,2,6,0.0015
2025-06-16,1,FH,Tindastóll,9,3,2,5e-4
2025-06-16,1,FH,Tindastóll,10,0,9,0.00225
2025-06-16,1,FH,Tindastóll,10,1,4,0.001
2025-06-16,1,FH,Tindastóll,10,2,4,0.001
2025-06-16,1,FH,Tindastóll,11,0,4,0.001
2025-06-16,1,FH,Tindastóll,11,1,6,0.0015
2025-06-16,1,FH,Tindastóll,11,2,2,5e-4
2025-06-16,1,FH,Tindastóll,12,2,2,5e-4
2025-06-16,1,FH,Tindastóll,13,1,1,2.5e-4
2025-06-16,1,FH,Tindastóll,13,2,1,2.5e-4
2025-06-16,1,Þór/KA,Breiðablik,0,0,142,0.0355
2025-06-16,1,Þór/KA,Breiðablik,0,1,291,0.07275
2025-06-16,1,Þór/KA,Breiðablik,0,2,287,0.07175
2025-06-16,1,Þór/KA,Breiðablik,0,3,291,0.07275
2025-06-16,1,Þór/KA,Breiðablik,0,4,186,0.0465
2025-06-16,1,Þór/KA,Breiðablik,0,5,95,0.02375
2025-06-16,1,Þór/KA,Breiðablik,0,6,46,0.0115
2025-06-16,1,Þór/KA,Breiðablik,0,7,24,0.006
2025-06-16,1,Þór/KA,Breiðablik,0,8,7,0.00175
2025-06-16,1,Þór/KA,Breiðablik,0,9,4,0.001
2025-06-16,1,Þór/KA,Breiðablik,0,10,1,2.5e-4
2025-06-16,1,Þór/KA,Breiðablik,0,11,2,5e-4
2025-06-16,1,Þór/KA,Breiðablik,1,0,114,0.0285
2025-06-16,1,Þór/KA,Breiðablik,1,1,315,0.07875
2025-06-16,1,Þór/KA,Breiðablik,1,2,296,0.074
2025-06-16,1,Þór/KA,Breiðablik,1,3,273,0.06825
2025-06-16,1,Þór/KA,Breiðablik,1,4,187,0.04675
2025-06-16,1,Þór/KA,Breiðablik,1,5,109,0.02725
2025-06-16,1,Þór/KA,Breiðablik,1,6,57,0.01425
2025-06-16,1,Þór/KA,Breiðablik,1,7,25,0.00625
2025-06-16,1,Þór/KA,Breiðablik,1,8,5,0.00125
2025-06-16,1,Þór/KA,Breiðablik,1,9,5,0.00125
2025-06-16,1,Þór/KA,Breiðablik,1,10,2,5e-4
2025-06-16,1,Þór/KA,Breiðablik,2,0,59,0.01475
2025-06-16,1,Þór/KA,Breiðablik,2,1,135,0.03375
2025-06-16,1,Þór/KA,Breiðablik,2,2,172,0.043
2025-06-16,1,Þór/KA,Breiðablik,2,3,145,0.03625
2025-06-16,1,Þór/KA,Breiðablik,2,4,112,0.028
2025-06-16,1,Þór/KA,Breiðablik,2,5,72,0.018
2025-06-16,1,Þór/KA,Breiðablik,2,6,33,0.00825
2025-06-16,1,Þór/KA,Breiðablik,2,7,13,0.00325
2025-06-16,1,Þór/KA,Breiðablik,2,8,11,0.00275
2025-06-16,1,Þór/KA,Breiðablik,2,9,4,0.001
2025-06-16,1,Þór/KA,Breiðablik,2,10,1,2.5e-4
2025-06-16,1,Þór/KA,Breiðablik,2,14,1,2.5e-4
2025-06-16,1,Þór/KA,Breiðablik,3,0,18,0.0045
2025-06-16,1,Þór/KA,Breiðablik,3,1,60,0.015
2025-06-16,1,Þór/KA,Breiðablik,3,2,51,0.01275
2025-06-16,1,Þór/KA,Breiðablik,3,3,75,0.01875
2025-06-16,1,Þór/KA,Breiðablik,3,4,36,0.009
2025-06-16,1,Þór/KA,Breiðablik,3,5,32,0.008
2025-06-16,1,Þór/KA,Breiðablik,3,6,14,0.0035
2025-06-16,1,Þór/KA,Breiðablik,3,7,8,0.002
2025-06-16,1,Þór/KA,Breiðablik,3,8,3,7.5e-4
2025-06-16,1,Þór/KA,Breiðablik,3,9,1,2.5e-4
2025-06-16,1,Þór/KA,Breiðablik,3,10,1,2.5e-4
2025-06-16,1,Þór/KA,Breiðablik,4,0,7,0.00175
2025-06-16,1,Þór/KA,Breiðablik,4,1,22,0.0055
2025-06-16,1,Þór/KA,Breiðablik,4,2,36,0.009
2025-06-16,1,Þór/KA,Breiðablik,4,3,24,0.006
2025-06-16,1,Þór/KA,Breiðablik,4,4,17,0.00425
2025-06-16,1,Þór/KA,Breiðablik,4,5,16,0.004
2025-06-16,1,Þór/KA,Breiðablik,4,6,5,0.00125
2025-06-16,1,Þór/KA,Breiðablik,4,7,1,2.5e-4
2025-06-16,1,Þór/KA,Breiðablik,5,0,1,2.5e-4
2025-06-16,1,Þór/KA,Breiðablik,5,1,6,0.0015
2025-06-16,1,Þór/KA,Breiðablik,5,2,12,0.003
2025-06-16,1,Þór/KA,Breiðablik,5,3,6,0.0015
2025-06-16,1,Þór/KA,Breiðablik,5,4,7,0.00175
2025-06-16,1,Þór/KA,Breiðablik,5,5,3,7.5e-4
2025-06-16,1,Þór/KA,Breiðablik,5,6,6,0.0015
2025-06-16,1,Þór/KA,Breiðablik,6,1,1,2.5e-4
2025-06-16,1,Þór/KA,Breiðablik,6,2,1,2.5e-4
2025-06-16,1,Þór/KA,Breiðablik,6,3,1,2.5e-4
2025-06-16,1,Þór/KA,Breiðablik,6,4,3,7.5e-4
2025-06-16,1,Þór/KA,Breiðablik,6,6,1,2.5e-4
2025-06-16,1,Þór/KA,Breiðablik,6,7,1,2.5e-4
2025-06-16,1,Þór/KA,Breiðablik,7,1,1,2.5e-4
2025-06-16,1,Þór/KA,Breiðablik,7,4,1,2.5e-4
2025-06-18,2,ÍA,ÍBV,0,0,101,0.02525
2025-06-18,2,ÍA,ÍBV,0,1,112,0.028
2025-06-18,2,ÍA,ÍBV,0,2,71,0.01775
2025-06-18,2,ÍA,ÍBV,0,3,31,0.00775
2025-06-18,2,ÍA,ÍBV,0,4,7,0.00175
2025-06-18,2,ÍA,ÍBV,0,5,3,7.5e-4
2025-06-18,2,ÍA,ÍBV,0,6,3,7.5e-4
2025-06-18,2,ÍA,ÍBV,1,0,207,0.05175
2025-06-18,2,ÍA,ÍBV,1,1,250,0.0625
2025-06-18,2,ÍA,ÍBV,1,2,173,0.04325
2025-06-18,2,ÍA,ÍBV,1,3,60,0.015
2025-06-18,2,ÍA,ÍBV,1,4,26,0.0065
2025-06-18,2,ÍA,ÍBV,1,5,9,0.00225
2025-06-18,2,ÍA,ÍBV,1,6,3,7.5e-4
2025-06-18,2,ÍA,ÍBV,1,7,1,2.5e-4
2025-06-18,2,ÍA,ÍBV,2,0,241,0.06025
2025-06-18,2,ÍA,ÍBV,2,1,297,0.07425
2025-06-18,2,ÍA,ÍBV,2,2,235,0.05875
2025-06-18,2,ÍA,ÍBV,2,3,112,0.028
2025-06-18,2,ÍA,ÍBV,2,4,37,0.00925
2025-06-18,2,ÍA,ÍBV,2,5,17,0.00425
2025-06-18,2,ÍA,ÍBV,2,6,8,0.002
2025-06-18,2,ÍA,ÍBV,2,7,1,2.5e-4
2025-06-18,2,ÍA,ÍBV,3,0,206,0.0515
2025-06-18,2,ÍA,ÍBV,3,1,257,0.06425
2025-06-18,2,ÍA,ÍBV,3,2,173,0.04325
2025-06-18,2,ÍA,ÍBV,3,3,98,0.0245
2025-06-18,2,ÍA,ÍBV,3,4,33,0.00825
2025-06-18,2,ÍA,ÍBV,3,5,12,0.003
2025-06-18,2,ÍA,ÍBV,3,6,5,0.00125
2025-06-18,2,ÍA,ÍBV,3,7,1,2.5e-4
2025-06-18,2,ÍA,ÍBV,3,8,1,2.5e-4
2025-06-18,2,ÍA,ÍBV,3,9,1,2.5e-4
2025-06-18,2,ÍA,ÍBV,4,0,129,0.03225
2025-06-18,2,ÍA,ÍBV,4,1,207,0.05175
2025-06-18,2,ÍA,ÍBV,4,2,125,0.03125
2025-06-18,2,ÍA,ÍBV,4,3,70,0.0175
2025-06-18,2,ÍA,ÍBV,4,4,25,0.00625
2025-06-18,2,ÍA,ÍBV,4,5,7,0.00175
2025-06-18,2,ÍA,ÍBV,4,6,8,0.002
2025-06-18,2,ÍA,ÍBV,4,7,1,2.5e-4
2025-06-18,2,ÍA,ÍBV,5,0,82,0.0205
2025-06-18,2,ÍA,ÍBV,5,1,101,0.02525
2025-06-18,2,ÍA,ÍBV,5,2,72,0.018
2025-06-18,2,ÍA,ÍBV,5,3,36,0.009
2025-06-18,2,ÍA,ÍBV,5,4,17,0.00425
2025-06-18,2,ÍA,ÍBV,5,5,12,0.003
2025-06-18,2,ÍA,ÍBV,5,6,1,2.5e-4
2025-06-18,2,ÍA,ÍBV,6,0,36,0.009
2025-06-18,2,ÍA,ÍBV,6,1,60,0.015
2025-06-18,2,ÍA,ÍBV,6,2,40,0.01
2025-06-18,2,ÍA,ÍBV,6,3,20,0.005
2025-06-18,2,ÍA,ÍBV,6,4,13,0.00325
2025-06-18,2,ÍA,ÍBV,6,5,2,5e-4
2025-06-18,2,ÍA,ÍBV,6,6,2,5e-4
2025-06-18,2,ÍA,ÍBV,7,0,19,0.00475
2025-06-18,2,ÍA,ÍBV,7,1,25,0.00625
2025-06-18,2,ÍA,ÍBV,7,2,14,0.0035
2025-06-18,2,ÍA,ÍBV,7,3,11,0.00275
2025-06-18,2,ÍA,ÍBV,7,4,6,0.0015
2025-06-18,2,ÍA,ÍBV,7,5,1,2.5e-4
2025-06-18,2,ÍA,ÍBV,7,6,1,2.5e-4
2025-06-18,2,ÍA,ÍBV,7,8,1,2.5e-4
2025-06-18,2,ÍA,ÍBV,8,0,12,0.003
2025-06-18,2,ÍA,ÍBV,8,1,13,0.00325
2025-06-18,2,ÍA,ÍBV,8,2,10,0.0025
2025-06-18,2,ÍA,ÍBV,8,3,4,0.001
2025-06-18,2,ÍA,ÍBV,8,4,2,5e-4
2025-06-18,2,ÍA,ÍBV,9,0,3,7.5e-4
2025-06-18,2,ÍA,ÍBV,9,1,6,0.0015
2025-06-18,2,ÍA,ÍBV,9,2,4,0.001
2025-06-18,2,ÍA,ÍBV,9,3,2,5e-4
2025-06-18,2,ÍA,ÍBV,9,4,2,5e-4
2025-06-18,2,ÍA,ÍBV,10,1,3,7.5e-4
2025-06-18,2,ÍA,ÍBV,11,3,1,2.5e-4
2025-06-18,2,ÍA,ÍBV,12,1,1,2.5e-4
2025-06-18,2,ÍA,ÍBV,15,1,1,2.5e-4
2025-06-18,3,Völsungur,Einherji,0,0,233,0.05825
2025-06-18,3,Völsungur,Einherji,0,1,117,0.02925
2025-06-18,3,Völsungur,Einherji,0,2,26,0.0065
2025-06-18,3,Völsungur,Einherji,0,3,10,0.0025
2025-06-18,3,Völsungur,Einherji,0,4,3,7.5e-4
2025-06-18,3,Völsungur,Einherji,0,5,2,5e-4
2025-06-18,3,Völsungur,Einherji,1,0,552,0.138
2025-06-18,3,Völsungur,Einherji,1,1,225,0.05625
2025-06-18,3,Völsungur,Einherji,1,2,61,0.01525
2025-06-18,3,Völsungur,Einherji,1,3,8,0.002
2025-06-18,3,Völsungur,Einherji,1,4,2,5e-4
2025-06-18,3,Völsungur,Einherji,2,0,585,0.14625
2025-06-18,3,Völsungur,Einherji,2,1,261,0.06525
2025-06-18,3,Völsungur,Einherji,2,2,65,0.01625
2025-06-18,3,Völsungur,Einherji,2,3,6,0.0015
2025-06-18,3,Völsungur,Einherji,2,4,3,7.5e-4
2025-06-18,3,Völsungur,Einherji,3,0,459,0.11475
2025-06-18,3,Völsungur,Einherji,3,1,227,0.05675
2025-06-18,3,Völsungur,Einherji,3,2,55,0.01375
2025-06-18,3,Völsungur,Einherji,3,3,10,0.0025
2025-06-18,3,Völsungur,Einherji,3,4,3,7.5e-4
2025-06-18,3,Völsungur,Einherji,4,0,314,0.0785
2025-06-18,3,Völsungur,Einherji,4,1,124,0.031
2025-06-18,3,Völsungur,Einherji,4,2,35,0.00875
2025-06-18,3,Völsungur,Einherji,4,3,6,0.0015
2025-06-18,3,Völsungur,Einherji,4,4,4,0.001
2025-06-18,3,Völsungur,Einherji,5,0,177,0.04425
2025-06-18,3,Völsungur,Einherji,5,1,85,0.02125
2025-06-18,3,Völsungur,Einherji,5,2,19,0.00475
2025-06-18,3,Völsungur,Einherji,5,3,2,5e-4
2025-06-18,3,Völsungur,Einherji,5,4,1,2.5e-4
2025-06-18,3,Völsungur,Einherji,6,0,101,0.02525
2025-06-18,3,Völsungur,Einherji,6,1,47,0.01175
2025-06-18,3,Völsungur,Einherji,6,2,17,0.00425
2025-06-18,3,Völsungur,Einherji,6,3,4,0.001
2025-06-18,3,Völsungur,Einherji,6,4,1,2.5e-4
2025-06-18,3,Völsungur,Einherji,7,0,55,0.01375
2025-06-18,3,Völsungur,Einherji,7,1,25,0.00625
2025-06-18,3,Völsungur,Einherji,7,2,9,0.00225
2025-06-18,3,Völsungur,Einherji,7,3,2,5e-4
2025-06-18,3,Völsungur,Einherji,8,0,17,0.00425
2025-06-18,3,Völsungur,Einherji,8,1,13,0.00325
2025-06-18,3,Völsungur,Einherji,8,3,1,2.5e-4
2025-06-18,3,Völsungur,Einherji,9,0,10,0.0025
2025-06-18,3,Völsungur,Einherji,9,1,6,0.0015
2025-06-18,3,Völsungur,Einherji,9,2,1,2.5e-4
2025-06-18,3,Völsungur,Einherji,10,0,5,0.00125
2025-06-18,3,Völsungur,Einherji,10,2,1,2.5e-4
2025-06-18,3,Völsungur,Einherji,11,1,2,5e-4
2025-06-18,3,Völsungur,Einherji,12,0,1,2.5e-4
2025-06-18,3,Völsungur,Einherji,13,0,1,2.5e-4
2025-06-18,3,Völsungur,Einherji,13,1,1,2.5e-4
2025-06-19,2,Fylkir,HK,0,0,268,0.067
2025-06-19,2,Fylkir,HK,0,1,276,0.069
2025-06-19,2,Fylkir,HK,0,2,203,0.05075
2025-06-19,2,Fylkir,HK,0,3,96,0.024
2025-06-19,2,Fylkir,HK,0,4,38,0.0095
2025-06-19,2,Fylkir,HK,0,5,12,0.003
2025-06-19,2,Fylkir,HK,0,6,3,7.5e-4
2025-06-19,2,Fylkir,HK,0,7,2,5e-4
2025-06-19,2,Fylkir,HK,0,8,1,2.5e-4
2025-06-19,2,Fylkir,HK,1,0,340,0.085
2025-06-19,2,Fylkir,HK,1,1,415,0.10375
2025-06-19,2,Fylkir,HK,1,2,254,0.0635
2025-06-19,2,Fylkir,HK,1,3,129,0.03225
2025-06-19,2,Fylkir,HK,1,4,57,0.01425
2025-06-19,2,Fylkir,HK,1,5,20,0.005
2025-06-19,2,Fylkir,HK,1,6,5,0.00125
2025-06-19,2,Fylkir,HK,1,7,4,0.001
2025-06-19,2,Fylkir,HK,1,8,1,2.5e-4
2025-06-19,2,Fylkir,HK,2,0,228,0.057
2025-06-19,2,Fylkir,HK,2,1,306,0.0765
2025-06-19,2,Fylkir,HK,2,2,192,0.048
2025-06-19,2,Fylkir,HK,2,3,111,0.02775
2025-06-19,2,Fylkir,HK,2,4,39,0.00975
2025-06-19,2,Fylkir,HK,2,5,26,0.0065
2025-06-19,2,Fylkir,HK,2,6,5,0.00125
2025-06-19,2,Fylkir,HK,2,7,2,5e-4
2025-06-19,2,Fylkir,HK,3,0,146,0.0365
2025-06-19,2,Fylkir,HK,3,1,169,0.04225
2025-06-19,2,Fylkir,HK,3,2,119,0.02975
2025-06-19,2,Fylkir,HK,3,3,65,0.01625
2025-06-19,2,Fylkir,HK,3,4,29,0.00725
2025-06-19,2,Fylkir,HK,3,5,16,0.004
2025-06-19,2,Fylkir,HK,3,6,3,7.5e-4
2025-06-19,2,Fylkir,HK,3,7,1,2.5e-4
2025-06-19,2,Fylkir,HK,4,0,52,0.013
2025-06-19,2,Fylkir,HK,4,1,90,0.0225
2025-06-19,2,Fylkir,HK,4,2,58,0.0145
2025-06-19,2,Fylkir,HK,4,3,29,0.00725
2025-06-19,2,Fylkir,HK,4,4,11,0.00275
2025-06-19,2,Fylkir,HK,4,5,7,0.00175
2025-06-19,2,Fylkir,HK,4,6,2,5e-4
2025-06-19,2,Fylkir,HK,4,7,1,2.5e-4
2025-06-19,2,Fylkir,HK,5,0,23,0.00575
2025-06-19,2,Fylkir,HK,5,1,30,0.0075
2025-06-19,2,Fylkir,HK,5,2,25,0.00625
2025-06-19,2,Fylkir,HK,5,3,11,0.00275
2025-06-19,2,Fylkir,HK,5,4,8,0.002
2025-06-19,2,Fylkir,HK,5,6,2,5e-4
2025-06-19,2,Fylkir,HK,6,0,14,0.0035
2025-06-19,2,Fylkir,HK,6,1,15,0.00375
2025-06-19,2,Fylkir,HK,6,2,14,0.0035
2025-06-19,2,Fylkir,HK,6,3,5,0.00125
2025-06-19,2,Fylkir,HK,6,4,3,7.5e-4
2025-06-19,2,Fylkir,HK,7,0,1,2.5e-4
2025-06-19,2,Fylkir,HK,7,1,4,0.001
2025-06-19,2,Fylkir,HK,7,2,3,7.5e-4
2025-06-19,2,Fylkir,HK,7,3,3,7.5e-4
2025-06-19,2,Fylkir,HK,8,1,2,5e-4
2025-06-19,2,Fylkir,HK,8,5,2,5e-4
2025-06-19,2,Fylkir,HK,9,0,1,2.5e-4
2025-06-19,2,Fylkir,HK,9,2,1,2.5e-4
2025-06-19,2,Fylkir,HK,10,1,1,2.5e-4
2025-06-19,2,Fylkir,HK,10,4,1,2.5e-4
2025-06-19,2,Grindavík/ Njarðvík,Keflavík,0,0,46,0.0115
2025-06-19,2,Grindavík/ Njarðvík,Keflavík,0,1,110,0.0275
2025-06-19,2,Grindavík/ Njarðvík,Keflavík,0,2,158,0.0395
2025-06-19,2,Grindavík/ Njarðvík,Keflavík,0,3,177,0.04425
2025-06-19,2,Grindavík/ Njarðvík,Keflavík,0,4,160,0.04
2025-06-19,2,Grindavík/ Njarðvík,Keflavík,0,5,123,0.03075
2025-06-19,2,Grindavík/ Njarðvík,Keflavík,0,6,106,0.0265
2025-06-19,2,Grindavík/ Njarðvík,Keflavík,0,7,48,0.012
2025-06-19,2,Grindavík/ Njarðvík,Keflavík,0,8,31,0.00775
2025-06-19,2,Grindavík/ Njarðvík,Keflavík,0,9,25,0.00625
2025-06-19,2,Grindavík/ Njarðvík,Keflavík,0,10,13,0.00325
2025-06-19,2,Grindavík/ Njarðvík,Keflavík,0,11,7,0.00175
2025-06-19,2,Grindavík/ Njarðvík,Keflavík,0,12,3,7.5e-4
2025-06-19,2,Grindavík/ Njarðvík,Keflavík,0,13,1,2.5e-4
2025-06-19,2,Grindavík/ Njarðvík,Keflavík,0,14,2,5e-4
2025-06-19,2,Grindavík/ Njarðvík,Keflavík,0,16,2,5e-4
2025-06-19,2,Grindavík/ Njarðvík,Keflavík,1,0,50,0.0125
2025-06-19,2,Grindavík/ Njarðvík,Keflavík,1,1,165,0.04125
2025-06-19,2,Grindavík/ Njarðvík,Keflavík,1,2,217,0.05425
2025-06-19,2,Grindavík/ Njarðvík,Keflavík,1,3,227,0.05675
2025-06-19,2,Grindavík/ Njarðvík,Keflavík,1,4,175,0.04375
2025-06-19,2,Grindavík/ Njarðvík,Keflavík,1,5,125,0.03125
2025-06-19,2,Grindavík/ Njarðvík,Keflavík,1,6,96,0.024
2025-06-19,2,Grindavík/ Njarðvík,Keflavík,1,7,55,0.01375
2025-06-19,2,Grindavík/ Njarðvík,Keflavík,1,8,48,0.012
2025-06-19,2,Grindavík/ Njarðvík,Keflavík,1,9,16,0.004
2025-06-19,2,Grindavík/ Njarðvík,Keflavík,1,10,12,0.003
2025-06-19,2,Grindavík/ Njarðvík,Keflavík,1,11,6,0.0015
2025-06-19,2,Grindavík/ Njarðvík,Keflavík,1,12,5,0.00125
2025-06-19,2,Grindavík/ Njarðvík,Keflavík,1,13,4,0.001
2025-06-19,2,Grindavík/ Njarðvík,Keflavík,1,14,3,7.5e-4
2025-06-19,2,Grindavík/ Njarðvík,Keflavík,2,0,36,0.009
2025-06-19,2,Grindavík/ Njarðvík,Keflavík,2,1,92,0.023
2025-06-19,2,Grindavík/ Njarðvík,Keflavík,2,2,158,0.0395
2025-06-19,2,Grindavík/ Njarðvík,Keflavík,2,3,172,0.043
2025-06-19,2,Grindavík/ Njarðvík,Keflavík,2,4,159,0.03975
2025-06-19,2,Grindavík/ Njarðvík,Keflavík,2,5,113,0.02825
2025-06-19,2,Grindavík/ Njarðvík,Keflavík,2,6,72,0.018
2025-06-19,2,Grindavík/ Njarðvík,Keflavík,2,7,53,0.01325
2025-06-19,2,Grindavík/ Njarðvík,Keflavík,2,8,28,0.007
2025-06-19,2,Grindavík/ Njarðvík,Keflavík,2,9,14,0.0035
2025-06-19,2,Grindavík/ Njarðvík,Keflavík,2,10,11,0.00275
2025-06-19,2,Grindavík/ Njarðvík,Keflavík,2,11,7,0.00175
2025-06-19,2,Grindavík/ Njarðvík,Keflavík,2,12,5,0.00125
2025-06-19,2,Grindavík/ Njarðvík,Keflavík,2,13,1,2.5e-4
2025-06-19,2,Grindavík/ Njarðvík,Keflavík,2,15,1,2.5e-4
2025-06-19,2,Grindavík/ Njarðvík,Keflavík,3,0,21,0.00525
2025-06-19,2,Grindavík/ Njarðvík,Keflavík,3,1,56,0.014
2025-06-19,2,Grindavík/ Njarðvík,Keflavík,3,2,80,0.02
2025-06-19,2,Grindavík/ Njarðvík,Keflavík,3,3,95,0.02375
2025-06-19,2,Grindavík/ Njarðvík,Keflavík,3,4,75,0.01875
2025-06-19,2,Grindavík/ Njarðvík,Keflavík,3,5,65,0.01625
2025-06-19,2,Grindavík/ Njarðvík,Keflavík,3,6,33,0.00825
2025-06-19,2,Grindavík/ Njarðvík,Keflavík,3,7,16,0.004
2025-06-19,2,Grindavík/ Njarðvík,Keflavík,3,8,7,0.00175
2025-06-19,2,Grindavík/ Njarðvík,Keflavík,3,9,9,0.00225
2025-06-19,2,Grindavík/ Njarðvík,Keflavík,3,10,4,0.001
2025-06-19,2,Grindavík/ Njarðvík,Keflavík,3,11,1,2.5e-4
2025-06-19,2,Grindavík/ Njarðvík,Keflavík,3,12,1,2.5e-4
2025-06-19,2,Grindavík/ Njarðvík,Keflavík,3,13,1,2.5e-4
2025-06-19,2,Grindavík/ Njarðvík,Keflavík,3,16,1,2.5e-4
2025-06-19,2,Grindavík/ Njarðvík,Keflavík,3,17,1,2.5e-4
2025-06-19,2,Grindavík/ Njarðvík,Keflavík,3,19,1,2.5e-4
2025-06-19,2,Grindavík/ Njarðvík,Keflavík,4,0,12,0.003
2025-06-19,2,Grindavík/ Njarðvík,Keflavík,4,1,28,0.007
2025-06-19,2,Grindavík/ Njarðvík,Keflavík,4,2,43,0.01075
2025-06-19,2,Grindavík/ Njarðvík,Keflavík,4,3,56,0.014
2025-06-19,2,Grindavík/ Njarðvík,Keflavík,4,4,35,0.00875
2025-06-19,2,Grindavík/ Njarðvík,Keflavík,4,5,27,0.00675
2025-06-19,2,Grindavík/ Njarðvík,Keflavík,4,6,20,0.005
2025-06-19,2,Grindavík/ Njarðvík,Keflavík,4,7,11,0.00275
2025-06-19,2,Grindavík/ Njarðvík,Keflavík,4,8,9,0.00225
2025-06-19,2,Grindavík/ Njarðvík,Keflavík,4,9,5,0.00125
2025-06-19,2,Grindavík/ Njarðvík,Keflavík,4,10,2,5e-4
2025-06-19,2,Grindavík/ Njarðvík,Keflavík,4,11,1,2.5e-4
2025-06-19,2,Grindavík/ Njarðvík,Keflavík,4,12,1,2.5e-4
2025-06-19,2,Grindavík/ Njarðvík,Keflavík,4,16,1,2.5e-4
2025-06-19,2,Grindavík/ Njarðvík,Keflavík,5,0,4,0.001
2025-06-19,2,Grindavík/ Njarðvík,Keflavík,5,1,10,0.0025
2025-06-19,2,Grindavík/ Njarðvík,Keflavík,5,2,7,0.00175
2025-06-19,2,Grindavík/ Njarðvík,Keflavík,5,3,23,0.00575
2025-06-19,2,Grindavík/ Njarðvík,Keflavík,5,4,19,0.00475
2025-06-19,2,Grindavík/ Njarðvík,Keflavík,5,5,13,0.00325
2025-06-19,2,Grindavík/ Njarðvík,Keflavík,5,6,5,0.00125
2025-06-19,2,Grindavík/ Njarðvík,Keflavík,5,7,6,0.0015
2025-06-19,2,Grindavík/ Njarðvík,Keflavík,5,8,2,5e-4
2025-06-19,2,Grindavík/ Njarðvík,Keflavík,5,9,1,2.5e-4
2025-06-19,2,Grindavík/ Njarðvík,Keflavík,5,10,1,2.5e-4
2025-06-19,2,Grindavík/ Njarðvík,Keflavík,5,11,1,2.5e-4
2025-06-19,2,Grindavík/ Njarðvík,Keflavík,5,12,1,2.5e-4
2025-06-19,2,Grindavík/ Njarðvík,Keflavík,6,0,2,5e-4
2025-06-19,2,Grindavík/ Njarðvík,Keflavík,6,1,2,5e-4
2025-06-19,2,Grindavík/ Njarðvík,Keflavík,6,2,8,0.002
2025-06-19,2,Grindavík/ Njarðvík,Keflavík,6,3,7,0.00175
2025-06-19,2,Grindavík/ Njarðvík,Keflavík,6,4,5,0.00125
2025-06-19,2,Grindavík/ Njarðvík,Keflavík,6,5,3,7.5e-4
2025-06-19,2,Grindavík/ Njarðvík,Keflavík,6,6,3,7.5e-4
2025-06-19,2,Grindavík/ Njarðvík,Keflavík,6,7,2,5e-4
2025-06-19,2,Grindavík/ Njarðvík,Keflavík,6,8,1,2.5e-4
2025-06-19,2,Grindavík/ Njarðvík,Keflavík,7,0,1,2.5e-4
2025-06-19,2,Grindavík/ Njarðvík,Keflavík,7,1,2,5e-4
2025-06-19,2,Grindavík/ Njarðvík,Keflavík,7,2,2,5e-4
2025-06-19,2,Grindavík/ Njarðvík,Keflavík,7,3,3,7.5e-4
2025-06-19,2,Grindavík/ Njarðvík,Keflavík,7,4,5,0.00125
2025-06-19,2,Grindavík/ Njarðvík,Keflavík,7,7,1,2.5e-4
2025-06-19,2,Grindavík/ Njarðvík,Keflavík,8,2,1,2.5e-4
2025-06-19,2,Grindavík/ Njarðvík,Keflavík,8,5,1,2.5e-4
2025-06-19,2,Grindavík/ Njarðvík,Keflavík,8,6,1,2.5e-4
2025-06-19,2,Grindavík/ Njarðvík,Keflavík,8,7,1,2.5e-4
2025-06-19,2,Grótta,Afturelding,0,0,97,0.02425
2025-06-19,2,Grótta,Afturelding,0,1,78,0.0195
2025-06-19,2,Grótta,Afturelding,0,2,34,0.0085
2025-06-19,2,Grótta,Afturelding,0,3,10,0.0025
2025-06-19,2,Grótta,Afturelding,0,4,2,5e-4
2025-06-19,2,Grótta,Afturelding,0,6,1,2.5e-4
2025-06-19,2,Grótta,Afturelding,1,0,227,0.05675
2025-06-19,2,Grótta,Afturelding,1,1,186,0.0465
2025-06-19,2,Grótta,Afturelding,1,2,83,0.02075
2025-06-19,2,Grótta,Afturelding,1,3,22,0.0055
2025-06-19,2,Grótta,Afturelding,1,4,6,0.0015
2025-06-19,2,Grótta,Afturelding,1,5,2,5e-4
2025-06-19,2,Grótta,Afturelding,1,6,1,2.5e-4
2025-06-19,2,Grótta,Afturelding,2,0,287,0.07175
2025-06-19,2,Grótta,Afturelding,2,1,263,0.06575
2025-06-19,2,Grótta,Afturelding,2,2,135,0.03375
2025-06-19,2,Grótta,Afturelding,2,3,52,0.013
2025-06-19,2,Grótta,Afturelding,2,4,7,0.00175
2025-06-19,2,Grótta,Afturelding,2,5,4,0.001
2025-06-19,2,Grótta,Afturelding,3,0,295,0.07375
2025-06-19,2,Grótta,Afturelding,3,1,281,0.07025
2025-06-19,2,Grótta,Afturelding,3,2,111,0.02775
2025-06-19,2,Grótta,Afturelding,3,3,42,0.0105
2025-06-19,2,Grótta,Afturelding,3,4,13,0.00325
2025-06-19,2,Grótta,Afturelding,3,5,2,5e-4
2025-06-19,2,Grótta,Afturelding,4,0,273,0.06825
2025-06-19,2,Grótta,Afturelding,4,1,206,0.0515
2025-06-19,2,Grótta,Afturelding,4,2,107,0.02675
2025-06-19,2,Grótta,Afturelding,4,3,47,0.01175
2025-06-19,2,Grótta,Afturelding,4,4,5,0.00125
2025-06-19,2,Grótta,Afturelding,4,5,2,5e-4
2025-06-19,2,Grótta,Afturelding,4,6,1,2.5e-4
2025-06-19,2,Grótta,Afturelding,5,0,175,0.04375
2025-06-19,2,Grótta,Afturelding,5,1,153,0.03825
2025-06-19,2,Grótta,Afturelding,5,2,81,0.02025
2025-06-19,2,Grótta,Afturelding,5,3,34,0.0085
2025-06-19,2,Grótta,Afturelding,5,4,6,0.0015
2025-06-19,2,Grótta,Afturelding,5,6,1,2.5e-4
2025-06-19,2,Grótta,Afturelding,6,0,135,0.03375
2025-06-19,2,Grótta,Afturelding,6,1,91,0.02275
2025-06-19,2,Grótta,Afturelding,6,2,53,0.01325
2025-06-19,2,Grótta,Afturelding,6,3,17,0.00425
2025-06-19,2,Grótta,Afturelding,6,4,7,0.00175
2025-06-19,2,Grótta,Afturelding,6,5,1,2.5e-4
2025-06-19,2,Grótta,Afturelding,6,6,1,2.5e-4
2025-06-19,2,Grótta,Afturelding,7,0,63,0.01575
2025-06-19,2,Grótta,Afturelding,7,1,60,0.015
2025-06-19,2,Grótta,Afturelding,7,2,34,0.0085
2025-06-19,2,Grótta,Afturelding,7,3,10,0.0025
2025-06-19,2,Grótta,Afturelding,7,4,2,5e-4
2025-06-19,2,Grótta,Afturelding,7,5,1,2.5e-4
2025-06-19,2,Grótta,Afturelding,8,0,32,0.008
2025-06-19,2,Grótta,Afturelding,8,1,30,0.0075
2025-06-19,2,Grótta,Afturelding,8,2,16,0.004
2025-06-19,2,Grótta,Afturelding,8,3,4,0.001
2025-06-19,2,Grótta,Afturelding,8,4,2,5e-4
2025-06-19,2,Grótta,Afturelding,8,5,1,2.5e-4
2025-06-19,2,Grótta,Afturelding,8,8,1,2.5e-4
2025-06-19,2,Grótta,Afturelding,9,0,26,0.0065
2025-06-19,2,Grótta,Afturelding,9,1,22,0.0055
2025-06-19,2,Grótta,Afturelding,9,2,15,0.00375
2025-06-19,2,Grótta,Afturelding,9,3,2,5e-4
2025-06-19,2,Grótta,Afturelding,9,4,3,7.5e-4
2025-06-19,2,Grótta,Afturelding,10,0,7,0.00175
2025-06-19,2,Grótta,Afturelding,10,1,9,0.00225
2025-06-19,2,Grótta,Afturelding,10,2,2,5e-4
2025-06-19,2,Grótta,Afturelding,10,4,1,2.5e-4
2025-06-19,2,Grótta,Afturelding,11,0,3,7.5e-4
2025-06-19,2,Grótta,Afturelding,11,1,5,0.00125
2025-06-19,2,Grótta,Afturelding,11,3,2,5e-4
2025-06-19,2,Grótta,Afturelding,12,0,3,7.5e-4
2025-06-19,2,Grótta,Afturelding,12,2,3,7.5e-4
2025-06-19,2,Grótta,Afturelding,13,0,1,2.5e-4
2025-06-19,2,Grótta,Afturelding,13,2,1,2.5e-4
2025-06-19,2,Grótta,Afturelding,13,3,1,2.5e-4
2025-06-19,2,Grótta,Afturelding,15,1,1,2.5e-4
2025-06-19,2,Haukar,KR,0,0,34,0.0085
2025-06-19,2,Haukar,KR,0,1,37,0.00925
2025-06-19,2,Haukar,KR,0,2,32,0.008
2025-06-19,2,Haukar,KR,0,3,24,0.006
2025-06-19,2,Haukar,KR,0,4,22,0.0055
2025-06-19,2,Haukar,KR,0,5,14,0.0035
2025-06-19,2,Haukar,KR,0,6,14,0.0035
2025-06-19,2,Haukar,KR,0,7,8,0.002
2025-06-19,2,Haukar,KR,0,8,1,2.5e-4
2025-06-19,2,Haukar,KR,0,11,1,2.5e-4
2025-06-19,2,Haukar,KR,1,0,28,0.007
2025-06-19,2,Haukar,KR,1,1,90,0.0225
2025-06-19,2,Haukar,KR,1,2,106,0.0265
2025-06-19,2,Haukar,KR,1,3,79,0.01975
2025-06-19,2,Haukar,KR,1,4,71,0.01775
2025-06-19,2,Haukar,KR,1,5,54,0.0135
2025-06-19,2,Haukar,KR,1,6,28,0.007
2025-06-19,2,Haukar,KR,1,7,18,0.0045
2025-06-19,2,Haukar,KR,1,8,10,0.0025
2025-06-19,2,Haukar,KR,1,9,5,0.00125
2025-06-19,2,Haukar,KR,1,11,3,7.5e-4
2025-06-19,2,Haukar,KR,1,12,1,2.5e-4
2025-06-19,2,Haukar,KR,2,0,28,0.007
2025-06-19,2,Haukar,KR,2,1,94,0.0235
2025-06-19,2,Haukar,KR,2,2,152,0.038
2025-06-19,2,Haukar,KR,2,3,124,0.031
2025-06-19,2,Haukar,KR,2,4,115,0.02875
2025-06-19,2,Haukar,KR,2,5,69,0.01725
2025-06-19,2,Haukar,KR,2,6,48,0.012
2025-06-19,2,Haukar,KR,2,7,28,0.007
2025-06-19,2,Haukar,KR,2,8,13,0.00325
2025-06-19,2,Haukar,KR,2,9,6,0.0015
2025-06-19,2,Haukar,KR,2,10,1,2.5e-4
2025-06-19,2,Haukar,KR,2,11,2,5e-4
2025-06-19,2,Haukar,KR,3,0,56,0.014
2025-06-19,2,Haukar,KR,3,1,117,0.02925
2025-06-19,2,Haukar,KR,3,2,156,0.039
2025-06-19,2,Haukar,KR,3,3,153,0.03825
2025-06-19,2,Haukar,KR,3,4,106,0.0265
2025-06-19,2,Haukar,KR,3,5,69,0.01725
2025-06-19,2,Haukar,KR,3,6,43,0.01075
2025-06-19,2,Haukar,KR,3,7,24,0.006
2025-06-19,2,Haukar,KR,3,8,16,0.004
2025-06-19,2,Haukar,KR,3,9,6,0.0015
2025-06-19,2,Haukar,KR,3,10,5,0.00125
2025-06-19,2,Haukar,KR,4,0,29,0.00725
2025-06-19,2,Haukar,KR,4,1,76,0.019
2025-06-19,2,Haukar,KR,4,2,128,0.032
2025-06-19,2,Haukar,KR,4,3,128,0.032
2025-06-19,2,Haukar,KR,4,4,104,0.026
2025-06-19,2,Haukar,KR,4,5,73,0.01825
2025-06-19,2,Haukar,KR,4,6,50,0.0125
2025-06-19,2,Haukar,KR,4,7,23,0.00575
2025-06-19,2,Haukar,KR,4,8,12,0.003
2025-06-19,2,Haukar,KR,4,9,8,0.002
2025-06-19,2,Haukar,KR,4,10,3,7.5e-4
2025-06-19,2,Haukar,KR,4,11,3,7.5e-4
2025-06-19,2,Haukar,KR,4,12,1,2.5e-4
2025-06-19,2,Haukar,KR,5,0,27,0.00675
2025-06-19,2,Haukar,KR,5,1,57,0.01425
2025-06-19,2,Haukar,KR,5,2,101,0.02525
2025-06-19,2,Haukar,KR,5,3,106,0.0265
2025-06-19,2,Haukar,KR,5,4,83,0.02075
2025-06-19,2,Haukar,KR,5,5,43,0.01075
2025-06-19,2,Haukar,KR,5,6,37,0.00925
2025-06-19,2,Haukar,KR,5,7,27,0.00675
2025-06-19,2,Haukar,KR,5,8,14,0.0035
2025-06-19,2,Haukar,KR,5,9,5,0.00125
2025-06-19,2,Haukar,KR,5,10,3,7.5e-4
2025-06-19,2,Haukar,KR,5,11,1,2.5e-4
2025-06-19,2,Haukar,KR,6,0,18,0.0045
2025-06-19,2,Haukar,KR,6,1,40,0.01
2025-06-19,2,Haukar,KR,6,2,52,0.013
2025-06-19,2,Haukar,KR,6,3,61,0.01525
2025-06-19,2,Haukar,KR,6,4,54,0.0135
2025-06-19,2,Haukar,KR,6,5,50,0.0125
2025-06-19,2,Haukar,KR,6,6,25,0.00625
2025-06-19,2,Haukar,KR,6,7,11,0.00275
2025-06-19,2,Haukar,KR,6,8,2,5e-4
2025-06-19,2,Haukar,KR,6,9,1,2.5e-4
2025-06-19,2,Haukar,KR,6,10,1,2.5e-4
2025-06-19,2,Haukar,KR,7,0,10,0.0025
2025-06-19,2,Haukar,KR,7,1,28,0.007
2025-06-19,2,Haukar,KR,7,2,31,0.00775
2025-06-19,2,Haukar,KR,7,3,42,0.0105
2025-06-19,2,Haukar,KR,7,4,30,0.0075
2025-06-19,2,Haukar,KR,7,5,23,0.00575
2025-06-19,2,Haukar,KR,7,6,12,0.003
2025-06-19,2,Haukar,KR,7,7,8,0.002
2025-06-19,2,Haukar,KR,7,8,5,0.00125
2025-06-19,2,Haukar,KR,7,9,2,5e-4
2025-06-19,2,Haukar,KR,8,0,4,0.001
2025-06-19,2,Haukar,KR,8,1,17,0.00425
2025-06-19,2,Haukar,KR,8,2,21,0.00525
2025-06-19,2,Haukar,KR,8,3,17,0.00425
2025-06-19,2,Haukar,KR,8,4,22,0.0055
2025-06-19,2,Haukar,KR,8,5,12,0.003
2025-06-19,2,Haukar,KR,8,6,14,0.0035
2025-06-19,2,Haukar,KR,8,7,9,0.00225
2025-06-19,2,Haukar,KR,8,8,3,7.5e-4
2025-06-19,2,Haukar,KR,8,9,2,5e-4
2025-06-19,2,Haukar,KR,8,10,1,2.5e-4
2025-06-19,2,Haukar,KR,8,11,1,2.5e-4
2025-06-19,2,Haukar,KR,9,0,5,0.00125
2025-06-19,2,Haukar,KR,9,1,5,0.00125
2025-06-19,2,Haukar,KR,9,2,17,0.00425
2025-06-19,2,Haukar,KR,9,3,10,0.0025
2025-06-19,2,Haukar,KR,9,4,4,0.001
2025-06-19,2,Haukar,KR,9,5,5,0.00125
2025-06-19,2,Haukar,KR,9,6,8,0.002
2025-06-19,2,Haukar,KR,9,7,4,0.001
2025-06-19,2,Haukar,KR,9,9,2,5e-4
2025-06-19,2,Haukar,KR,9,11,1,2.5e-4
2025-06-19,2,Haukar,KR,10,1,4,0.001
2025-06-19,2,Haukar,KR,10,2,10,0.0025
2025-06-19,2,Haukar,KR,10,3,6,0.0015
2025-06-19,2,Haukar,KR,10,4,5,0.00125
2025-06-19,2,Haukar,KR,10,5,1,2.5e-4
2025-06-19,2,Haukar,KR,10,6,4,0.001
2025-06-19,2,Haukar,KR,10,7,1,2.5e-4
2025-06-19,2,Haukar,KR,10,8,1,2.5e-4
2025-06-19,2,Haukar,KR,10,9,1,2.5e-4
2025-06-19,2,Haukar,KR,10,11,1,2.5e-4
2025-06-19,2,Haukar,KR,11,1,1,2.5e-4
2025-06-19,2,Haukar,KR,11,2,5,0.00125
2025-06-19,2,Haukar,KR,11,3,4,0.001
2025-06-19,2,Haukar,KR,11,4,2,5e-4
2025-06-19,2,Haukar,KR,11,5,1,2.5e-4
2025-06-19,2,Haukar,KR,12,1,1,2.5e-4
2025-06-19,2,Haukar,KR,12,3,1,2.5e-4
2025-06-19,2,Haukar,KR,12,4,1,2.5e-4
2025-06-19,2,Haukar,KR,12,7,1,2.5e-4
2025-06-19,2,Haukar,KR,12,8,1,2.5e-4
2025-06-19,2,Haukar,KR,13,1,2,5e-4
2025-06-19,2,Haukar,KR,13,8,1,2.5e-4
2025-06-19,2,Haukar,KR,14,3,1,2.5e-4
2025-06-19,2,Haukar,KR,15,5,1,2.5e-4
2025-06-19,3,ÍH,KÞ,0,0,399,0.09975
2025-06-19,3,ÍH,KÞ,0,1,150,0.0375
2025-06-19,3,ÍH,KÞ,0,2,56,0.014
2025-06-19,3,ÍH,KÞ,0,3,19,0.00475
2025-06-19,3,ÍH,KÞ,0,4,3,7.5e-4
2025-06-19,3,ÍH,KÞ,1,0,438,0.1095
2025-06-19,3,ÍH,KÞ,1,1,216,0.054
2025-06-19,3,ÍH,KÞ,1,2,84,0.021
2025-06-19,3,ÍH,KÞ,1,3,18,0.0045
2025-06-19,3,ÍH,KÞ,1,4,7,0.00175
2025-06-19,3,ÍH,KÞ,1,5,3,7.5e-4
2025-06-19,3,ÍH,KÞ,2,0,394,0.0985
2025-06-19,3,ÍH,KÞ,2,1,177,0.04425
2025-06-19,3,ÍH,KÞ,2,2,56,0.014
2025-06-19,3,ÍH,KÞ,2,3,21,0.00525
2025-06-19,3,ÍH,KÞ,2,4,6,0.0015
2025-06-19,3,ÍH,KÞ,3,0,318,0.0795
2025-06-19,3,ÍH,KÞ,3,1,144,0.036
2025-06-19,3,ÍH,KÞ,3,2,44,0.011
2025-06-19,3,ÍH,KÞ,3,3,14,0.0035
2025-06-19,3,ÍH,KÞ,3,4,3,7.5e-4
2025-06-19,3,ÍH,KÞ,3,5,2,5e-4
2025-06-19,3,ÍH,KÞ,4,0,262,0.0655
2025-06-19,3,ÍH,KÞ,4,1,99,0.02475
2025-06-19,3,ÍH,KÞ,4,2,34,0.0085
2025-06-19,3,ÍH,KÞ,4,3,10,0.0025
2025-06-19,3,ÍH,KÞ,4,4,6,0.0015
2025-06-19,3,ÍH,KÞ,4,5,1,2.5e-4
2025-06-19,3,ÍH,KÞ,5,0,157,0.03925
2025-06-19,3,ÍH,KÞ,5,1,74,0.0185
2025-06-19,3,ÍH,KÞ,5,2,34,0.0085
2025-06-19,3,ÍH,KÞ,5,3,7,0.00175
2025-06-19,3,ÍH,KÞ,5,4,1,2.5e-4
2025-06-19,3,ÍH,KÞ,6,0,128,0.032
2025-06-19,3,ÍH,KÞ,6,1,44,0.011
2025-06-19,3,ÍH,KÞ,6,2,12,0.003
2025-06-19,3,ÍH,KÞ,6,3,2,5e-4
2025-06-19,3,ÍH,KÞ,6,4,1,2.5e-4
2025-06-19,3,ÍH,KÞ,6,6,1,2.5e-4
2025-06-19,3,ÍH,KÞ,7,0,87,0.02175
2025-06-19,3,ÍH,KÞ,7,1,43,0.01075
2025-06-19,3,ÍH,KÞ,7,2,9,0.00225
2025-06-19,3,ÍH,KÞ,7,3,7,0.00175
2025-06-19,3,ÍH,KÞ,8,0,66,0.0165
2025-06-19,3,ÍH,KÞ,8,1,24,0.006
2025-06-19,3,ÍH,KÞ,8,2,6,0.0015
2025-06-19,3,ÍH,KÞ,8,3,3,7.5e-4
2025-06-19,3,ÍH,KÞ,9,0,44,0.011
2025-06-19,3,ÍH,KÞ,9,1,21,0.00525
2025-06-19,3,ÍH,KÞ,9,2,4,0.001
2025-06-19,3,ÍH,KÞ,9,3,2,5e-4
2025-06-19,3,ÍH,KÞ,9,4,1,2.5e-4
2025-06-19,3,ÍH,KÞ,10,0,32,0.008
2025-06-19,3,ÍH,KÞ,10,1,16,0.004
2025-06-19,3,ÍH,KÞ,10,2,6,0.0015
2025-06-19,3,ÍH,KÞ,10,3,1,2.5e-4
2025-06-19,3,ÍH,KÞ,11,0,18,0.0045
2025-06-19,3,ÍH,KÞ,11,1,16,0.004
2025-06-19,3,ÍH,KÞ,11,2,4,0.001
2025-06-19,3,ÍH,KÞ,11,3,1,2.5e-4
2025-06-19,3,ÍH,KÞ,12,0,28,0.007
2025-06-19,3,ÍH,KÞ,12,1,13,0.00325
2025-06-19,3,ÍH,KÞ,12,2,2,5e-4
2025-06-19,3,ÍH,KÞ,13,0,12,0.003
2025-06-19,3,ÍH,KÞ,13,1,3,7.5e-4
2025-06-19,3,ÍH,KÞ,13,2,5,0.00125
2025-06-19,3,ÍH,KÞ,14,0,10,0.0025
2025-06-19,3,ÍH,KÞ,14,1,5,0.00125
2025-06-19,3,ÍH,KÞ,14,2,2,5e-4
2025-06-19,3,ÍH,KÞ,15,0,8,0.002
2025-06-19,3,ÍH,KÞ,15,1,4,0.001
2025-06-19,3,ÍH,KÞ,15,2,1,2.5e-4
2025-06-19,3,ÍH,KÞ,16,0,5,0.00125
2025-06-19,3,ÍH,KÞ,16,1,3,7.5e-4
2025-06-19,3,ÍH,KÞ,16,2,2,5e-4
2025-06-19,3,ÍH,KÞ,17,0,5,0.00125
2025-06-19,3,ÍH,KÞ,17,1,1,2.5e-4
2025-06-19,3,ÍH,KÞ,18,0,3,7.5e-4
2025-06-19,3,ÍH,KÞ,18,1,1,2.5e-4
2025-06-19,3,ÍH,KÞ,18,4,1,2.5e-4
2025-06-19,3,ÍH,KÞ,19,0,7,0.00175
2025-06-19,3,ÍH,KÞ,19,1,2,5e-4
2025-06-19,3,ÍH,KÞ,20,0,2,5e-4
2025-06-19,3,ÍH,KÞ,20,1,1,2.5e-4
2025-06-19,3,ÍH,KÞ,21,0,2,5e-4
2025-06-19,3,ÍH,KÞ,21,1,1,2.5e-4
2025-06-19,3,ÍH,KÞ,21,3,1,2.5e-4
2025-06-19,3,ÍH,KÞ,23,0,2,5e-4
2025-06-19,3,ÍH,KÞ,23,1,1,2.5e-4
2025-06-19,3,ÍH,KÞ,23,3,1,2.5e-4
2025-06-19,3,ÍH,KÞ,25,0,1,2.5e-4
2025-06-19,3,ÍH,KÞ,26,0,1,2.5e-4
2025-06-19,3,ÍH,KÞ,26,1,1,2.5e-4
2025-06-19,3,ÍH,KÞ,28,0,1,2.5e-4
2025-06-19,3,ÍH,KÞ,28,1,1,2.5e-4
2025-06-19,3,ÍH,KÞ,35,0,1,2.5e-4
2025-06-19,3,ÍH,KÞ,35,1,1,2.5e-4
2025-06-19,3,ÍH,KÞ,37,0,1,2.5e-4
2025-06-19,3,ÍH,KÞ,55,0,1,2.5e-4
2025-06-19,3,ÍH,KÞ,55,1,1,2.5e-4
2025-06-20,1,Fram,Þróttur R.,0,0,228,0.057
2025-06-20,1,Fram,Þróttur R.,0,1,382,0.0955
2025-06-20,1,Fram,Þróttur R.,0,2,401,0.10025
2025-06-20,1,Fram,Þróttur R.,0,3,307,0.07675
2025-06-20,1,Fram,Þróttur R.,0,4,197,0.04925
2025-06-20,1,Fram,Þróttur R.,0,5,110,0.0275
2025-06-20,1,Fram,Þróttur R.,0,6,59,0.01475
2025-06-20,1,Fram,Þróttur R.,0,7,30,0.0075
2025-06-20,1,Fram,Þróttur R.,0,8,15,0.00375
2025-06-20,1,Fram,Þróttur R.,0,9,2,5e-4
2025-06-20,1,Fram,Þróttur R.,0,10,1,2.5e-4
2025-06-20,1,Fram,Þróttur R.,1,0,167,0.04175
2025-06-20,1,Fram,Þróttur R.,1,1,315,0.07875
2025-06-20,1,Fram,Þróttur R.,1,2,347,0.08675
2025-06-20,1,Fram,Þróttur R.,1,3,251,0.06275
2025-06-20,1,Fram,Þróttur R.,1,4,184,0.046
2025-06-20,1,Fram,Þróttur R.,1,5,79,0.01975
2025-06-20,1,Fram,Þróttur R.,1,6,46,0.0115
2025-06-20,1,Fram,Þróttur R.,1,7,19,0.00475
2025-06-20,1,Fram,Þróttur R.,1,8,5,0.00125
2025-06-20,1,Fram,Þróttur R.,1,9,3,7.5e-4
2025-06-20,1,Fram,Þróttur R.,2,0,66,0.0165
2025-06-20,1,Fram,Þróttur R.,2,1,119,0.02975
2025-06-20,1,Fram,Þróttur R.,2,2,164,0.041
2025-06-20,1,Fram,Þróttur R.,2,3,88,0.022
2025-06-20,1,Fram,Þróttur R.,2,4,66,0.0165
2025-06-20,1,Fram,Þróttur R.,2,5,51,0.01275
2025-06-20,1,Fram,Þróttur R.,2,6,17,0.00425
2025-06-20,1,Fram,Þróttur R.,2,7,10,0.0025
2025-06-20,1,Fram,Þróttur R.,2,8,2,5e-4
2025-06-20,1,Fram,Þróttur R.,3,0,21,0.00525
2025-06-20,1,Fram,Þróttur R.,3,1,41,0.01025
2025-06-20,1,Fram,Þróttur R.,3,2,47,0.01175
2025-06-20,1,Fram,Þróttur R.,3,3,42,0.0105
2025-06-20,1,Fram,Þróttur R.,3,4,20,0.005
2025-06-20,1,Fram,Þróttur R.,3,5,15,0.00375
2025-06-20,1,Fram,Þróttur R.,3,6,5,0.00125
2025-06-20,1,Fram,Þróttur R.,3,7,2,5e-4
2025-06-20,1,Fram,Þróttur R.,3,8,2,5e-4
2025-06-20,1,Fram,Þróttur R.,3,10,1,2.5e-4
2025-06-20,1,Fram,Þróttur R.,4,0,6,0.0015
2025-06-20,1,Fram,Þróttur R.,4,1,15,0.00375
2025-06-20,1,Fram,Þróttur R.,4,2,15,0.00375
2025-06-20,1,Fram,Þróttur R.,4,3,7,0.00175
2025-06-20,1,Fram,Þróttur R.,4,4,7,0.00175
2025-06-20,1,Fram,Þróttur R.,4,5,5,0.00125
2025-06-20,1,Fram,Þróttur R.,4,6,1,2.5e-4
2025-06-20,1,Fram,Þróttur R.,4,7,1,2.5e-4
2025-06-20,1,Fram,Þróttur R.,4,8,1,2.5e-4
2025-06-20,1,Fram,Þróttur R.,5,1,5,0.00125
2025-06-20,1,Fram,Þróttur R.,5,2,3,7.5e-4
2025-06-20,1,Fram,Þróttur R.,5,4,2,5e-4
2025-06-20,1,Fram,Þróttur R.,5,5,1,2.5e-4
2025-06-20,1,Fram,Þróttur R.,5,7,2,5e-4
2025-06-20,1,Fram,Þróttur R.,6,2,1,2.5e-4
2025-06-20,1,Fram,Þróttur R.,6,3,1,2.5e-4
2025-06-21,1,FH,Valur,0,0,397,0.09925
2025-06-21,1,FH,Valur,0,1,343,0.08575
2025-06-21,1,FH,Valur,0,2,166,0.0415
2025-06-21,1,FH,Valur,0,3,66,0.0165
2025-06-21,1,FH,Valur,0,4,25,0.00625
2025-06-21,1,FH,Valur,0,5,12,0.003
2025-06-21,1,FH,Valur,1,0,468,0.117
2025-06-21,1,FH,Valur,1,1,467,0.11675
2025-06-21,1,FH,Valur,1,2,224,0.056
2025-06-21,1,FH,Valur,1,3,94,0.0235
2025-06-21,1,FH,Valur,1,4,32,0.008
2025-06-21,1,FH,Valur,1,5,7,0.00175
2025-06-21,1,FH,Valur,1,8,1,2.5e-4
2025-06-21,1,FH,Valur,2,0,303,0.07575
2025-06-21,1,FH,Valur,2,1,278,0.0695
2025-06-21,1,FH,Valur,2,2,188,0.047
2025-06-21,1,FH,Valur,2,3,70,0.0175
2025-06-21,1,FH,Valur,2,4,23,0.00575
2025-06-21,1,FH,Valur,2,5,4,0.001
2025-06-21,1,FH,Valur,2,6,3,7.5e-4
2025-06-21,1,FH,Valur,3,0,155,0.03875
2025-06-21,1,FH,Valur,3,1,152,0.038
2025-06-21,1,FH,Valur,3,2,107,0.02675
2025-06-21,1,FH,Valur,3,3,46,0.0115
2025-06-21,1,FH,Valur,3,4,17,0.00425
2025-06-21,1,FH,Valur,3,5,8,0.002
2025-06-21,1,FH,Valur,3,6,5,0.00125
2025-06-21,1,FH,Valur,4,0,64,0.016
2025-06-21,1,FH,Valur,4,1,61,0.01525
2025-06-21,1,FH,Valur,4,2,45,0.01125
2025-06-21,1,FH,Valur,4,3,20,0.005
2025-06-21,1,FH,Valur,4,4,12,0.003
2025-06-21,1,FH,Valur,5,0,25,0.00625
2025-06-21,1,FH,Valur,5,1,24,0.006
2025-06-21,1,FH,Valur,5,2,21,0.00525
2025-06-21,1,FH,Valur,5,3,10,0.0025
2025-06-21,1,FH,Valur,5,4,4,0.001
2025-06-21,1,FH,Valur,5,5,2,5e-4
2025-06-21,1,FH,Valur,6,0,8,0.002
2025-06-21,1,FH,Valur,6,1,17,0.00425
2025-06-21,1,FH,Valur,6,2,4,0.001
2025-06-21,1,FH,Valur,6,3,1,2.5e-4
2025-06-21,1,FH,Valur,6,4,2,5e-4
2025-06-21,1,FH,Valur,6,6,1,2.5e-4
2025-06-21,1,FH,Valur,7,0,2,5e-4
2025-06-21,1,FH,Valur,7,1,3,7.5e-4
2025-06-21,1,FH,Valur,7,2,6,0.0015
2025-06-21,1,FH,Valur,7,3,2,5e-4
2025-06-21,1,FH,Valur,8,0,2,5e-4
2025-06-21,1,FH,Valur,8,1,2,5e-4
2025-06-21,1,FH,Valur,9,0,1,2.5e-4
2025-06-21,1,FHL,Tindastóll,0,0,183,0.04575
2025-06-21,1,FHL,Tindastóll,0,1,302,0.0755
2025-06-21,1,FHL,Tindastóll,0,2,262,0.0655
2025-06-21,1,FHL,Tindastóll,0,3,160,0.04
2025-06-21,1,FHL,Tindastóll,0,4,100,0.025
2025-06-21,1,FHL,Tindastóll,0,5,41,0.01025
2025-06-21,1,FHL,Tindastóll,0,6,14,0.0035
2025-06-21,1,FHL,Tindastóll,0,7,10,0.0025
2025-06-21,1,FHL,Tindastóll,0,8,2,5e-4
2025-06-21,1,FHL,Tindastóll,0,10,2,5e-4
2025-06-21,1,FHL,Tindastóll,0,15,1,2.5e-4
2025-06-21,1,FHL,Tindastóll,1,0,188,0.047
2025-06-21,1,FHL,Tindastóll,1,1,315,0.07875
2025-06-21,1,FHL,Tindastóll,1,2,327,0.08175
2025-06-21,1,FHL,Tindastóll,1,3,197,0.04925
2025-06-21,1,FHL,Tindastóll,1,4,128,0.032
2025-06-21,1,FHL,Tindastóll,1,5,53,0.01325
2025-06-21,1,FHL,Tindastóll,1,6,31,0.00775
2025-06-21,1,FHL,Tindastóll,1,7,9,0.00225
2025-06-21,1,FHL,Tindastóll,1,8,1,2.5e-4
2025-06-21,1,FHL,Tindastóll,1,9,1,2.5e-4
2025-06-21,1,FHL,Tindastóll,2,0,119,0.02975
2025-06-21,1,FHL,Tindastóll,2,1,244,0.061
2025-06-21,1,FHL,Tindastóll,2,2,230,0.0575
2025-06-21,1,FHL,Tindastóll,2,3,141,0.03525
2025-06-21,1,FHL,Tindastóll,2,4,90,0.0225
2025-06-21,1,FHL,Tindastóll,2,5,44,0.011
2025-06-21,1,FHL,Tindastóll,2,6,11,0.00275
2025-06-21,1,FHL,Tindastóll,2,7,6,0.0015
2025-06-21,1,FHL,Tindastóll,2,8,3,7.5e-4
2025-06-21,1,FHL,Tindastóll,2,9,3,7.5e-4
2025-06-21,1,FHL,Tindastóll,2,10,1,2.5e-4
2025-06-21,1,FHL,Tindastóll,3,0,58,0.0145
2025-06-21,1,FHL,Tindastóll,3,1,125,0.03125
2025-06-21,1,FHL,Tindastóll,3,2,106,0.0265
2025-06-21,1,FHL,Tindastóll,3,3,106,0.0265
2025-06-21,1,FHL,Tindastóll,3,4,44,0.011
2025-06-21,1,FHL,Tindastóll,3,5,20,0.005
2025-06-21,1,FHL,Tindastóll,3,6,13,0.00325
2025-06-21,1,FHL,Tindastóll,3,7,4,0.001
2025-06-21,1,FHL,Tindastóll,3,8,3,7.5e-4
2025-06-21,1,FHL,Tindastóll,3,9,2,5e-4
2025-06-21,1,FHL,Tindastóll,4,0,19,0.00475
2025-06-21,1,FHL,Tindastóll,4,1,50,0.0125
2025-06-21,1,FHL,Tindastóll,4,2,51,0.01275
2025-06-21,1,FHL,Tindastóll,4,3,27,0.00675
2025-06-21,1,FHL,Tindastóll,4,4,23,0.00575
2025-06-21,1,FHL,Tindastóll,4,5,4,0.001
2025-06-21,1,FHL,Tindastóll,4,6,2,5e-4
2025-06-21,1,FHL,Tindastóll,4,9,1,2.5e-4
2025-06-21,1,FHL,Tindastóll,5,0,10,0.0025
2025-06-21,1,FHL,Tindastóll,5,1,20,0.005
2025-06-21,1,FHL,Tindastóll,5,2,14,0.0035
2025-06-21,1,FHL,Tindastóll,5,3,16,0.004
2025-06-21,1,FHL,Tindastóll,5,4,6,0.0015
2025-06-21,1,FHL,Tindastóll,5,5,9,0.00225
2025-06-21,1,FHL,Tindastóll,5,6,1,2.5e-4
2025-06-21,1,FHL,Tindastóll,5,7,1,2.5e-4
2025-06-21,1,FHL,Tindastóll,5,8,1,2.5e-4
2025-06-21,1,FHL,Tindastóll,6,0,1,2.5e-4
2025-06-21,1,FHL,Tindastóll,6,1,8,0.002
2025-06-21,1,FHL,Tindastóll,6,2,3,7.5e-4
2025-06-21,1,FHL,Tindastóll,6,3,7,0.00175
2025-06-21,1,FHL,Tindastóll,6,4,5,0.00125
2025-06-21,1,FHL,Tindastóll,6,5,2,5e-4
2025-06-21,1,FHL,Tindastóll,6,6,6,0.0015
2025-06-21,1,FHL,Tindastóll,6,7,1,2.5e-4
2025-06-21,1,FHL,Tindastóll,7,0,1,2.5e-4
2025-06-21,1,FHL,Tindastóll,7,1,2,5e-4
2025-06-21,1,FHL,Tindastóll,7,2,1,2.5e-4
2025-06-21,1,FHL,Tindastóll,7,3,3,7.5e-4
2025-06-21,1,FHL,Tindastóll,7,4,1,2.5e-4
2025-06-21,1,FHL,Tindastóll,7,5,3,7.5e-4
2025-06-21,1,FHL,Tindastóll,9,3,1,2.5e-4
2025-06-21,1,Stjarnan,Breiðablik,0,0,122,0.0305
2025-06-21,1,Stjarnan,Breiðablik,0,1,300,0.075
2025-06-21,1,Stjarnan,Breiðablik,0,2,403,0.10075
2025-06-21,1,Stjarnan,Breiðablik,0,3,394,0.0985
2025-06-21,1,Stjarnan,Breiðablik,0,4,250,0.0625
2025-06-21,1,Stjarnan,Breiðablik,0,5,186,0.0465
2025-06-21,1,Stjarnan,Breiðablik,0,6,99,0.02475
2025-06-21,1,Stjarnan,Breiðablik,0,7,42,0.0105
2025-06-21,1,Stjarnan,Breiðablik,0,8,26,0.0065
2025-06-21,1,Stjarnan,Breiðablik,0,9,9,0.00225
2025-06-21,1,Stjarnan,Breiðablik,0,10,5,0.00125
2025-06-21,1,Stjarnan,Breiðablik,0,11,1,2.5e-4
2025-06-21,1,Stjarnan,Breiðablik,0,13,1,2.5e-4
2025-06-21,1,Stjarnan,Breiðablik,1,0,82,0.0205
2025-06-21,1,Stjarnan,Breiðablik,1,1,216,0.054
2025-06-21,1,Stjarnan,Breiðablik,1,2,275,0.06875
2025-06-21,1,Stjarnan,Breiðablik,1,3,228,0.057
2025-06-21,1,Stjarnan,Breiðablik,1,4,209,0.05225
2025-06-21,1,Stjarnan,Breiðablik,1,5,143,0.03575
2025-06-21,1,Stjarnan,Breiðablik,1,6,73,0.01825
2025-06-21,1,Stjarnan,Breiðablik,1,7,37,0.00925
2025-06-21,1,Stjarnan,Breiðablik,1,8,21,0.00525
2025-06-21,1,Stjarnan,Breiðablik,1,9,13,0.00325
2025-06-21,1,Stjarnan,Breiðablik,1,10,5,0.00125
2025-06-21,1,Stjarnan,Breiðablik,1,11,2,5e-4
2025-06-21,1,Stjarnan,Breiðablik,2,0,35,0.00875
2025-06-21,1,Stjarnan,Breiðablik,2,1,80,0.02
2025-06-21,1,Stjarnan,Breiðablik,2,2,127,0.03175
2025-06-21,1,Stjarnan,Breiðablik,2,3,133,0.03325
2025-06-21,1,Stjarnan,Breiðablik,2,4,96,0.024
2025-06-21,1,Stjarnan,Breiðablik,2,5,58,0.0145
2025-06-21,1,Stjarnan,Breiðablik,2,6,34,0.0085
2025-06-21,1,Stjarnan,Breiðablik,2,7,15,0.00375
2025-06-21,1,Stjarnan,Breiðablik,2,8,11,0.00275
2025-06-21,1,Stjarnan,Breiðablik,2,9,6,0.0015
2025-06-21,1,Stjarnan,Breiðablik,2,10,2,5e-4
2025-06-21,1,Stjarnan,Breiðablik,3,0,9,0.00225
2025-06-21,1,Stjarnan,Breiðablik,3,1,22,0.0055
2025-06-21,1,Stjarnan,Breiðablik,3,2,46,0.0115
2025-06-21,1,Stjarnan,Breiðablik,3,3,46,0.0115
2025-06-21,1,Stjarnan,Breiðablik,3,4,32,0.008
2025-06-21,1,Stjarnan,Breiðablik,3,5,23,0.00575
2025-06-21,1,Stjarnan,Breiðablik,3,6,13,0.00325
2025-06-21,1,Stjarnan,Breiðablik,3,7,5,0.00125
2025-06-21,1,Stjarnan,Breiðablik,3,8,3,7.5e-4
2025-06-21,1,Stjarnan,Breiðablik,3,10,1,2.5e-4
2025-06-21,1,Stjarnan,Breiðablik,4,0,3,7.5e-4
2025-06-21,1,Stjarnan,Breiðablik,4,1,5,0.00125
2025-06-21,1,Stjarnan,Breiðablik,4,2,7,0.00175
2025-06-21,1,Stjarnan,Breiðablik,4,3,9,0.00225
2025-06-21,1,Stjarnan,Breiðablik,4,4,7,0.00175
2025-06-21,1,Stjarnan,Breiðablik,4,5,6,0.0015
2025-06-21,1,Stjarnan,Breiðablik,4,6,4,0.001
2025-06-21,1,Stjarnan,Breiðablik,4,8,1,2.5e-4
2025-06-21,1,Stjarnan,Breiðablik,4,9,1,2.5e-4
2025-06-21,1,Stjarnan,Breiðablik,5,1,2,5e-4
2025-06-21,1,Stjarnan,Breiðablik,5,3,6,0.0015
2025-06-21,1,Stjarnan,Breiðablik,5,4,1,2.5e-4
2025-06-21,1,Stjarnan,Breiðablik,5,5,2,5e-4
2025-06-21,1,Stjarnan,Breiðablik,5,6,1,2.5e-4
2025-06-21,1,Stjarnan,Breiðablik,5,7,2,5e-4
2025-06-21,1,Stjarnan,Breiðablik,6,2,1,2.5e-4
2025-06-21,1,Stjarnan,Breiðablik,6,3,2,5e-4
2025-06-21,1,Stjarnan,Breiðablik,6,7,1,2.5e-4
2025-06-21,1,Þór/KA,Víkingur R.,0,0,161,0.04025
2025-06-21,1,Þór/KA,Víkingur R.,0,1,142,0.0355
2025-06-21,1,Þór/KA,Víkingur R.,0,2,71,0.01775
2025-06-21,1,Þór/KA,Víkingur R.,0,3,34,0.0085
2025-06-21,1,Þór/KA,Víkingur R.,0,4,8,0.002
2025-06-21,1,Þór/KA,Víkingur R.,0,5,4,0.001
2025-06-21,1,Þór/KA,Víkingur R.,1,0,307,0.07675
2025-06-21,1,Þór/KA,Víkingur R.,1,1,343,0.08575
2025-06-21,1,Þór/KA,Víkingur R.,1,2,173,0.04325
2025-06-21,1,Þór/KA,Víkingur R.,1,3,66,0.0165
2025-06-21,1,Þór/KA,Víkingur R.,1,4,22,0.0055
2025-06-21,1,Þór/KA,Víkingur R.,1,5,2,5e-4
2025-06-21,1,Þór/KA,Víkingur R.,1,7,1,2.5e-4
2025-06-21,1,Þór/KA,Víkingur R.,2,0,300,0.075
2025-06-21,1,Þór/KA,Víkingur R.,2,1,347,0.08675
2025-06-21,1,Þór/KA,Víkingur R.,2,2,197,0.04925
2025-06-21,1,Þór/KA,Víkingur R.,2,3,51,0.01275
2025-06-21,1,Þór/KA,Víkingur R.,2,4,28,0.007
2025-06-21,1,Þór/KA,Víkingur R.,2,5,4,0.001
2025-06-21,1,Þór/KA,Víkingur R.,2,6,1,2.5e-4
2025-06-21,1,Þór/KA,Víkingur R.,3,0,258,0.0645
2025-06-21,1,Þór/KA,Víkingur R.,3,1,248,0.062
2025-06-21,1,Þór/KA,Víkingur R.,3,2,156,0.039
2025-06-21,1,Þór/KA,Víkingur R.,3,3,68,0.017
2025-06-21,1,Þór/KA,Víkingur R.,3,4,26,0.0065
2025-06-21,1,Þór/KA,Víkingur R.,3,5,5,0.00125
2025-06-21,1,Þór/KA,Víkingur R.,3,6,2,5e-4
2025-06-21,1,Þór/KA,Víkingur R.,4,0,157,0.03925
2025-06-21,1,Þór/KA,Víkingur R.,4,1,152,0.038
2025-06-21,1,Þór/KA,Víkingur R.,4,2,112,0.028
2025-06-21,1,Þór/KA,Víkingur R.,4,3,44,0.011
2025-06-21,1,Þór/KA,Víkingur R.,4,4,15,0.00375
2025-06-21,1,Þór/KA,Víkingur R.,4,5,4,0.001
2025-06-21,1,Þór/KA,Víkingur R.,4,6,3,7.5e-4
2025-06-21,1,Þór/KA,Víkingur R.,5,0,77,0.01925
2025-06-21,1,Þór/KA,Víkingur R.,5,1,87,0.02175
2025-06-21,1,Þór/KA,Víkingur R.,5,2,47,0.01175
2025-06-21,1,Þór/KA,Víkingur R.,5,3,24,0.006
2025-06-21,1,Þór/KA,Víkingur R.,5,4,5,0.00125
2025-06-21,1,Þór/KA,Víkingur R.,5,5,3,7.5e-4
2025-06-21,1,Þór/KA,Víkingur R.,6,0,55,0.01375
2025-06-21,1,Þór/KA,Víkingur R.,6,1,50,0.0125
2025-06-21,1,Þór/KA,Víkingur R.,6,2,25,0.00625
2025-06-21,1,Þór/KA,Víkingur R.,6,3,11,0.00275
2025-06-21,1,Þór/KA,Víkingur R.,6,4,2,5e-4
2025-06-21,1,Þór/KA,Víkingur R.,6,5,2,5e-4
2025-06-21,1,Þór/KA,Víkingur R.,7,0,19,0.00475
2025-06-21,1,Þór/KA,Víkingur R.,7,1,26,0.0065
2025-06-21,1,Þór/KA,Víkingur R.,7,2,9,0.00225
2025-06-21,1,Þór/KA,Víkingur R.,7,3,6,0.0015
2025-06-21,1,Þór/KA,Víkingur R.,7,4,2,5e-4
2025-06-21,1,Þór/KA,Víkingur R.,7,6,1,2.5e-4
2025-06-21,1,Þór/KA,Víkingur R.,7,7,1,2.5e-4
2025-06-21,1,Þór/KA,Víkingur R.,8,0,6,0.0015
2025-06-21,1,Þór/KA,Víkingur R.,8,1,11,0.00275
2025-06-21,1,Þór/KA,Víkingur R.,8,2,7,0.00175
2025-06-21,1,Þór/KA,Víkingur R.,8,6,1,2.5e-4
2025-06-21,1,Þór/KA,Víkingur R.,9,0,3,7.5e-4
2025-06-21,1,Þór/KA,Víkingur R.,9,1,4,0.001
2025-06-21,1,Þór/KA,Víkingur R.,9,2,2,5e-4
2025-06-21,1,Þór/KA,Víkingur R.,10,4,1,2.5e-4
2025-06-21,1,Þór/KA,Víkingur R.,12,1,1,2.5e-4
2025-06-21,3,Dalvík/Reynir,Álftanes,0,0,160,0.04
2025-06-21,3,Dalvík/Reynir,Álftanes,0,1,203,0.05075
2025-06-21,3,Dalvík/Reynir,Álftanes,0,2,194,0.0485
2025-06-21,3,Dalvík/Reynir,Álftanes,0,3,133,0.03325
2025-06-21,3,Dalvík/Reynir,Álftanes,0,4,63,0.01575
2025-06-21,3,Dalvík/Reynir,Álftanes,0,5,37,0.00925
2025-06-21,3,Dalvík/Reynir,Álftanes,0,6,9,0.00225
2025-06-21,3,Dalvík/Reynir,Álftanes,0,7,8,0.002
2025-06-21,3,Dalvík/Reynir,Álftanes,0,8,3,7.5e-4
2025-06-21,3,Dalvík/Reynir,Álftanes,1,0,185,0.04625
2025-06-21,3,Dalvík/Reynir,Álftanes,1,1,370,0.0925
2025-06-21,3,Dalvík/Reynir,Álftanes,1,2,276,0.069
2025-06-21,3,Dalvík/Reynir,Álftanes,1,3,203,0.05075
2025-06-21,3,Dalvík/Reynir,Álftanes,1,4,96,0.024
2025-06-21,3,Dalvík/Reynir,Álftanes,1,5,32,0.008
2025-06-21,3,Dalvík/Reynir,Álftanes,1,6,26,0.0065
2025-06-21,3,Dalvík/Reynir,Álftanes,1,7,11,0.00275
2025-06-21,3,Dalvík/Reynir,Álftanes,1,8,3,7.5e-4
2025-06-21,3,Dalvík/Reynir,Álftanes,1,9,3,7.5e-4
2025-06-21,3,Dalvík/Reynir,Álftanes,2,0,140,0.035
2025-06-21,3,Dalvík/Reynir,Álftanes,2,1,235,0.05875
2025-06-21,3,Dalvík/Reynir,Álftanes,2,2,227,0.05675
2025-06-21,3,Dalvík/Reynir,Álftanes,2,3,162,0.0405
2025-06-21,3,Dalvík/Reynir,Álftanes,2,4,84,0.021
2025-06-21,3,Dalvík/Reynir,Álftanes,2,5,41,0.01025
2025-06-21,3,Dalvík/Reynir,Álftanes,2,6,20,0.005
2025-06-21,3,Dalvík/Reynir,Álftanes,2,7,13,0.00325
2025-06-21,3,Dalvík/Reynir,Álftanes,2,8,3,7.5e-4
2025-06-21,3,Dalvík/Reynir,Álftanes,2,9,1,2.5e-4
2025-06-21,3,Dalvík/Reynir,Álftanes,2,10,1,2.5e-4
2025-06-21,3,Dalvík/Reynir,Álftanes,3,0,83,0.02075
2025-06-21,3,Dalvík/Reynir,Álftanes,3,1,164,0.041
2025-06-21,3,Dalvík/Reynir,Álftanes,3,2,120,0.03
2025-06-21,3,Dalvík/Reynir,Álftanes,3,3,104,0.026
2025-06-21,3,Dalvík/Reynir,Álftanes,3,4,56,0.014
2025-06-21,3,Dalvík/Reynir,Álftanes,3,5,32,0.008
2025-06-21,3,Dalvík/Reynir,Álftanes,3,6,10,0.0025
2025-06-21,3,Dalvík/Reynir,Álftanes,3,7,3,7.5e-4
2025-06-21,3,Dalvík/Reynir,Álftanes,3,8,3,7.5e-4
2025-06-21,3,Dalvík/Reynir,Álftanes,3,9,1,2.5e-4
2025-06-21,3,Dalvík/Reynir,Álftanes,4,0,38,0.0095
2025-06-21,3,Dalvík/Reynir,Álftanes,4,1,64,0.016
2025-06-21,3,Dalvík/Reynir,Álftanes,4,2,66,0.0165
2025-06-21,3,Dalvík/Reynir,Álftanes,4,3,44,0.011
2025-06-21,3,Dalvík/Reynir,Álftanes,4,4,23,0.00575
2025-06-21,3,Dalvík/Reynir,Álftanes,4,5,8,0.002
2025-06-21,3,Dalvík/Reynir,Álftanes,4,6,3,7.5e-4
2025-06-21,3,Dalvík/Reynir,Álftanes,4,7,1,2.5e-4
2025-06-21,3,Dalvík/Reynir,Álftanes,4,8,1,2.5e-4
2025-06-21,3,Dalvík/Reynir,Álftanes,4,9,1,2.5e-4
2025-06-21,3,Dalvík/Reynir,Álftanes,5,0,22,0.0055
2025-06-21,3,Dalvík/Reynir,Álftanes,5,1,40,0.01
2025-06-21,3,Dalvík/Reynir,Álftanes,5,2,31,0.00775
2025-06-21,3,Dalvík/Reynir,Álftanes,5,3,21,0.00525
2025-06-21,3,Dalvík/Reynir,Álftanes,5,4,18,0.0045
2025-06-21,3,Dalvík/Reynir,Álftanes,5,5,7,0.00175
2025-06-21,3,Dalvík/Reynir,Álftanes,5,6,4,0.001
2025-06-21,3,Dalvík/Reynir,Álftanes,6,0,6,0.0015
2025-06-21,3,Dalvík/Reynir,Álftanes,6,1,17,0.00425
2025-06-21,3,Dalvík/Reynir,Álftanes,6,2,14,0.0035
2025-06-21,3,Dalvík/Reynir,Álftanes,6,3,12,0.003
2025-06-21,3,Dalvík/Reynir,Álftanes,6,4,4,0.001
2025-06-21,3,Dalvík/Reynir,Álftanes,6,5,6,0.0015
2025-06-21,3,Dalvík/Reynir,Álftanes,6,6,1,2.5e-4
2025-06-21,3,Dalvík/Reynir,Álftanes,6,7,1,2.5e-4
2025-06-21,3,Dalvík/Reynir,Álftanes,6,8,1,2.5e-4
2025-06-21,3,Dalvík/Reynir,Álftanes,7,0,3,7.5e-4
2025-06-21,3,Dalvík/Reynir,Álftanes,7,1,7,0.00175
2025-06-21,3,Dalvík/Reynir,Álftanes,7,2,7,0.00175
2025-06-21,3,Dalvík/Reynir,Álftanes,7,3,2,5e-4
2025-06-21,3,Dalvík/Reynir,Álftanes,7,4,2,5e-4
2025-06-21,3,Dalvík/Reynir,Álftanes,8,1,2,5e-4
2025-06-21,3,Dalvík/Reynir,Álftanes,8,3,1,2.5e-4
2025-06-21,3,Dalvík/Reynir,Álftanes,8,5,1,2.5e-4
2025-06-21,3,Dalvík/Reynir,Álftanes,10,0,1,2.5e-4
2025-06-21,3,Dalvík/Reynir,Álftanes,11,11,1,2.5e-4
2025-06-21,3,Dalvík/Reynir,Álftanes,12,12,1,2.5e-4
2025-06-21,3,Sindri,Fjölnir,0,0,33,0.00825
2025-06-21,3,Sindri,Fjölnir,0,1,65,0.01625
2025-06-21,3,Sindri,Fjölnir,0,2,122,0.0305
2025-06-21,3,Sindri,Fjölnir,0,3,122,0.0305
2025-06-21,3,Sindri,Fjölnir,0,4,99,0.02475
2025-06-21,3,Sindri,Fjölnir,0,5,82,0.0205
2025-06-21,3,Sindri,Fjölnir,0,6,64,0.016
2025-06-21,3,Sindri,Fjölnir,0,7,41,0.01025
2025-06-21,3,Sindri,Fjölnir,0,8,22,0.0055
2025-06-21,3,Sindri,Fjölnir,0,9,13,0.00325
2025-06-21,3,Sindri,Fjölnir,0,10,9,0.00225
2025-06-21,3,Sindri,Fjölnir,0,11,3,7.5e-4
2025-06-21,3,Sindri,Fjölnir,0,12,2,5e-4
2025-06-21,3,Sindri,Fjölnir,0,14,1,2.5e-4
2025-06-21,3,Sindri,Fjölnir,0,15,1,2.5e-4
2025-06-21,3,Sindri,Fjölnir,1,0,31,0.00775
2025-06-21,3,Sindri,Fjölnir,1,1,109,0.02725
2025-06-21,3,Sindri,Fjölnir,1,2,169,0.04225
2025-06-21,3,Sindri,Fjölnir,1,3,183,0.04575
2025-06-21,3,Sindri,Fjölnir,1,4,175,0.04375
2025-06-21,3,Sindri,Fjölnir,1,5,132,0.033
2025-06-21,3,Sindri,Fjölnir,1,6,92,0.023
2025-06-21,3,Sindri,Fjölnir,1,7,70,0.0175
2025-06-21,3,Sindri,Fjölnir,1,8,51,0.01275
2025-06-21,3,Sindri,Fjölnir,1,9,28,0.007
2025-06-21,3,Sindri,Fjölnir,1,10,13,0.00325
2025-06-21,3,Sindri,Fjölnir,1,11,8,0.002
2025-06-21,3,Sindri,Fjölnir,1,12,2,5e-4
2025-06-21,3,Sindri,Fjölnir,1,13,3,7.5e-4
2025-06-21,3,Sindri,Fjölnir,1,14,2,5e-4
2025-06-21,3,Sindri,Fjölnir,1,22,1,2.5e-4
2025-06-21,3,Sindri,Fjölnir,2,0,32,0.008
2025-06-21,3,Sindri,Fjölnir,2,1,89,0.02225
2025-06-21,3,Sindri,Fjölnir,2,2,141,0.03525
2025-06-21,3,Sindri,Fjölnir,2,3,180,0.045
2025-06-21,3,Sindri,Fjölnir,2,4,160,0.04
2025-06-21,3,Sindri,Fjölnir,2,5,118,0.0295
2025-06-21,3,Sindri,Fjölnir,2,6,81,0.02025
2025-06-21,3,Sindri,Fjölnir,2,7,60,0.015
2025-06-21,3,Sindri,Fjölnir,2,8,37,0.00925
2025-06-21,3,Sindri,Fjölnir,2,9,24,0.006
2025-06-21,3,Sindri,Fjölnir,2,10,11,0.00275
2025-06-21,3,Sindri,Fjölnir,2,11,11,0.00275
2025-06-21,3,Sindri,Fjölnir,2,12,4,0.001
2025-06-21,3,Sindri,Fjölnir,2,13,5,0.00125
2025-06-21,3,Sindri,Fjölnir,2,14,1,2.5e-4
2025-06-21,3,Sindri,Fjölnir,2,15,2,5e-4
2025-06-21,3,Sindri,Fjölnir,2,16,1,2.5e-4
2025-06-21,3,Sindri,Fjölnir,3,0,27,0.00675
2025-06-21,3,Sindri,Fjölnir,3,1,63,0.01575
2025-06-21,3,Sindri,Fjölnir,3,2,95,0.02375
2025-06-21,3,Sindri,Fjölnir,3,3,122,0.0305
2025-06-21,3,Sindri,Fjölnir,3,4,89,0.02225
2025-06-21,3,Sindri,Fjölnir,3,5,77,0.01925
2025-06-21,3,Sindri,Fjölnir,3,6,62,0.0155
2025-06-21,3,Sindri,Fjölnir,3,7,41,0.01025
2025-06-21,3,Sindri,Fjölnir,3,8,23,0.00575
2025-06-21,3,Sindri,Fjölnir,3,9,14,0.0035
2025-06-21,3,Sindri,Fjölnir,3,10,8,0.002
2025-06-21,3,Sindri,Fjölnir,3,11,9,0.00225
2025-06-21,3,Sindri,Fjölnir,3,12,3,7.5e-4
2025-06-21,3,Sindri,Fjölnir,3,14,3,7.5e-4
2025-06-21,3,Sindri,Fjölnir,4,0,16,0.004
2025-06-21,3,Sindri,Fjölnir,4,1,29,0.00725
2025-06-21,3,Sindri,Fjölnir,4,2,60,0.015
2025-06-21,3,Sindri,Fjölnir,4,3,61,0.01525
2025-06-21,3,Sindri,Fjölnir,4,4,60,0.015
2025-06-21,3,Sindri,Fjölnir,4,5,49,0.01225
2025-06-21,3,Sindri,Fjölnir,4,6,37,0.00925
2025-06-21,3,Sindri,Fjölnir,4,7,22,0.0055
2025-06-21,3,Sindri,Fjölnir,4,8,19,0.00475
2025-06-21,3,Sindri,Fjölnir,4,9,8,0.002
2025-06-21,3,Sindri,Fjölnir,4,10,4,0.001
2025-06-21,3,Sindri,Fjölnir,4,11,3,7.5e-4
2025-06-21,3,Sindri,Fjölnir,4,12,1,2.5e-4
2025-06-21,3,Sindri,Fjölnir,4,13,3,7.5e-4
2025-06-21,3,Sindri,Fjölnir,4,14,2,5e-4
2025-06-21,3,Sindri,Fjölnir,4,16,1,2.5e-4
2025-06-21,3,Sindri,Fjölnir,5,0,14,0.0035
2025-06-21,3,Sindri,Fjölnir,5,1,17,0.00425
2025-06-21,3,Sindri,Fjölnir,5,2,19,0.00475
2025-06-21,3,Sindri,Fjölnir,5,3,29,0.00725
2025-06-21,3,Sindri,Fjölnir,5,4,24,0.006
2025-06-21,3,Sindri,Fjölnir,5,5,22,0.0055
2025-06-21,3,Sindri,Fjölnir,5,6,14,0.0035
2025-06-21,3,Sindri,Fjölnir,5,7,13,0.00325
2025-06-21,3,Sindri,Fjölnir,5,8,4,0.001
2025-06-21,3,Sindri,Fjölnir,5,9,3,7.5e-4
2025-06-21,3,Sindri,Fjölnir,5,10,3,7.5e-4
2025-06-21,3,Sindri,Fjölnir,5,12,1,2.5e-4
2025-06-21,3,Sindri,Fjölnir,5,14,1,2.5e-4
2025-06-21,3,Sindri,Fjölnir,6,0,3,7.5e-4
2025-06-21,3,Sindri,Fjölnir,6,1,6,0.0015
2025-06-21,3,Sindri,Fjölnir,6,2,7,0.00175
2025-06-21,3,Sindri,Fjölnir,6,3,8,0.002
2025-06-21,3,Sindri,Fjölnir,6,4,16,0.004
2025-06-21,3,Sindri,Fjölnir,6,5,12,0.003
2025-06-21,3,Sindri,Fjölnir,6,6,5,0.00125
2025-06-21,3,Sindri,Fjölnir,6,7,8,0.002
2025-06-21,3,Sindri,Fjölnir,6,9,1,2.5e-4
2025-06-21,3,Sindri,Fjölnir,7,0,2,5e-4
2025-06-21,3,Sindri,Fjölnir,7,1,2,5e-4
2025-06-21,3,Sindri,Fjölnir,7,2,2,5e-4
2025-06-21,3,Sindri,Fjölnir,7,3,6,0.0015
2025-06-21,3,Sindri,Fjölnir,7,4,3,7.5e-4
2025-06-21,3,Sindri,Fjölnir,7,5,7,0.00175
2025-06-21,3,Sindri,Fjölnir,7,6,4,0.001
2025-06-21,3,Sindri,Fjölnir,7,7,4,0.001
2025-06-21,3,Sindri,Fjölnir,7,11,1,2.5e-4
2025-06-21,3,Sindri,Fjölnir,7,12,1,2.5e-4
2025-06-21,3,Sindri,Fjölnir,8,1,1,2.5e-4
2025-06-21,3,Sindri,Fjölnir,8,2,1,2.5e-4
2025-06-21,3,Sindri,Fjölnir,8,3,4,0.001
2025-06-21,3,Sindri,Fjölnir,8,4,2,5e-4
2025-06-21,3,Sindri,Fjölnir,8,5,2,5e-4
2025-06-21,3,Sindri,Fjölnir,8,9,1,2.5e-4
2025-06-21,3,Sindri,Fjölnir,8,10,1,2.5e-4
2025-06-21,3,Sindri,Fjölnir,9,0,1,2.5e-4
2025-06-21,3,Sindri,Fjölnir,9,2,1,2.5e-4
2025-06-21,3,Sindri,Fjölnir,9,3,2,5e-4
2025-06-21,3,Sindri,Fjölnir,9,4,1,2.5e-4
2025-06-21,3,Sindri,Fjölnir,9,5,1,2.5e-4
2025-06-21,3,Sindri,Fjölnir,9,12,1,2.5e-4
2025-06-21,3,Sindri,Fjölnir,10,4,1,2.5e-4
2025-06-21,3,Sindri,Fjölnir,10,5,1,2.5e-4
2025-06-21,3,Sindri,Fjölnir,11,11,1,2.5e-4
2025-06-21,3,Vestri,Selfoss,0,0,47,0.01175
2025-06-21,3,Vestri,Selfoss,0,1,127,0.03175
2025-06-21,3,Vestri,Selfoss,0,2,235,0.05875
2025-06-21,3,Vestri,Selfoss,0,3,287,0.07175
2025-06-21,3,Vestri,Selfoss,0,4,313,0.07825
2025-06-21,3,Vestri,Selfoss,0,5,257,0.06425
2025-06-21,3,Vestri,Selfoss,0,6,236,0.059
2025-06-21,3,Vestri,Selfoss,0,7,149,0.03725
2025-06-21,3,Vestri,Selfoss,0,8,92,0.023
2025-06-21,3,Vestri,Selfoss,0,9,71,0.01775
2025-06-21,3,Vestri,Selfoss,0,10,47,0.01175
2025-06-21,3,Vestri,Selfoss,0,11,27,0.00675
2025-06-21,3,Vestri,Selfoss,0,12,16,0.004
2025-06-21,3,Vestri,Selfoss,0,13,7,0.00175
2025-06-21,3,Vestri,Selfoss,0,14,6,0.0015
2025-06-21,3,Vestri,Selfoss,0,15,4,0.001
2025-06-21,3,Vestri,Selfoss,0,16,1,2.5e-4
2025-06-21,3,Vestri,Selfoss,0,22,1,2.5e-4
2025-06-21,3,Vestri,Selfoss,1,0,40,0.01
2025-06-21,3,Vestri,Selfoss,1,1,86,0.0215
2025-06-21,3,Vestri,Selfoss,1,2,177,0.04425
2025-06-21,3,Vestri,Selfoss,1,3,204,0.051
2025-06-21,3,Vestri,Selfoss,1,4,221,0.05525
2025-06-21,3,Vestri,Selfoss,1,5,185,0.04625
2025-06-21,3,Vestri,Selfoss,1,6,146,0.0365
2025-06-21,3,Vestri,Selfoss,1,7,113,0.02825
2025-06-21,3,Vestri,Selfoss,1,8,68,0.017
2025-06-21,3,Vestri,Selfoss,1,9,51,0.01275
2025-06-21,3,Vestri,Selfoss,1,10,26,0.0065
2025-06-21,3,Vestri,Selfoss,1,11,15,0.00375
2025-06-21,3,Vestri,Selfoss,1,12,10,0.0025
2025-06-21,3,Vestri,Selfoss,1,13,3,7.5e-4
2025-06-21,3,Vestri,Selfoss,1,14,3,7.5e-4
2025-06-21,3,Vestri,Selfoss,1,15,2,5e-4
2025-06-21,3,Vestri,Selfoss,1,18,1,2.5e-4
2025-06-21,3,Vestri,Selfoss,2,0,7,0.00175
2025-06-21,3,Vestri,Selfoss,2,1,52,0.013
2025-06-21,3,Vestri,Selfoss,2,2,67,0.01675
2025-06-21,3,Vestri,Selfoss,2,3,82,0.0205
2025-06-21,3,Vestri,Selfoss,2,4,76,0.019
2025-06-21,3,Vestri,Selfoss,2,5,71,0.01775
2025-06-21,3,Vestri,Selfoss,2,6,58,0.0145
2025-06-21,3,Vestri,Selfoss,2,7,32,0.008
2025-06-21,3,Vestri,Selfoss,2,8,28,0.007
2025-06-21,3,Vestri,Selfoss,2,9,25,0.00625
2025-06-21,3,Vestri,Selfoss,2,10,8,0.002
2025-06-21,3,Vestri,Selfoss,2,11,7,0.00175
2025-06-21,3,Vestri,Selfoss,2,12,5,0.00125
2025-06-21,3,Vestri,Selfoss,2,14,1,2.5e-4
2025-06-21,3,Vestri,Selfoss,2,17,1,2.5e-4
2025-06-21,3,Vestri,Selfoss,2,19,1,2.5e-4
2025-06-21,3,Vestri,Selfoss,3,0,2,5e-4
2025-06-21,3,Vestri,Selfoss,3,1,8,0.002
2025-06-21,3,Vestri,Selfoss,3,2,17,0.00425
2025-06-21,3,Vestri,Selfoss,3,3,19,0.00475
2025-06-21,3,Vestri,Selfoss,3,4,23,0.00575
2025-06-21,3,Vestri,Selfoss,3,5,25,0.00625
2025-06-21,3,Vestri,Selfoss,3,6,16,0.004
2025-06-21,3,Vestri,Selfoss,3,7,15,0.00375
2025-06-21,3,Vestri,Selfoss,3,8,8,0.002
2025-06-21,3,Vestri,Selfoss,3,9,6,0.0015
2025-06-21,3,Vestri,Selfoss,3,10,3,7.5e-4
2025-06-21,3,Vestri,Selfoss,3,11,2,5e-4
2025-06-21,3,Vestri,Selfoss,3,14,1,2.5e-4
2025-06-21,3,Vestri,Selfoss,3,16,1,2.5e-4
2025-06-21,3,Vestri,Selfoss,4,1,5,0.00125
2025-06-21,3,Vestri,Selfoss,4,2,6,0.0015
2025-06-21,3,Vestri,Selfoss,4,3,5,0.00125
2025-06-21,3,Vestri,Selfoss,4,4,10,0.0025
2025-06-21,3,Vestri,Selfoss,4,5,3,7.5e-4
2025-06-21,3,Vestri,Selfoss,4,6,6,0.0015
2025-06-21,3,Vestri,Selfoss,4,7,4,0.001
2025-06-21,3,Vestri,Selfoss,4,9,2,5e-4
2025-06-21,3,Vestri,Selfoss,4,10,1,2.5e-4
2025-06-21,3,Vestri,Selfoss,4,13,2,5e-4
2025-06-21,3,Vestri,Selfoss,5,0,1,2.5e-4
2025-06-21,3,Vestri,Selfoss,5,2,3,7.5e-4
2025-06-21,3,Vestri,Selfoss,5,3,1,2.5e-4
2025-06-21,3,Vestri,Selfoss,5,4,2,5e-4
2025-06-21,3,Vestri,Selfoss,5,5,1,2.5e-4
2025-06-21,3,Vestri,Selfoss,5,6,3,7.5e-4
2025-06-21,3,Vestri,Selfoss,5,7,2,5e-4
2025-06-21,3,Vestri,Selfoss,6,3,1,2.5e-4
2025-06-21,3,Vestri,Selfoss,7,2,1,2.5e-4
2025-06-21,3,Völsungur,Smári,0,0,9,0.00225
2025-06-21,3,Völsungur,Smári,0,1,4,0.001
2025-06-21,3,Völsungur,Smári,1,0,67,0.01675
2025-06-21,3,Völsungur,Smári,1,1,8,0.002
2025-06-21,3,Völsungur,Smári,1,2,2,5e-4
2025-06-21,3,Völsungur,Smári,2,0,153,0.03825
2025-06-21,3,Völsungur,Smári,2,1,15,0.00375
2025-06-21,3,Völsungur,Smári,2,2,7,0.00175
2025-06-21,3,Völsungur,Smári,2,3,1,2.5e-4
2025-06-21,3,Völsungur,Smári,3,0,272,0.068
2025-06-21,3,Völsungur,Smári,3,1,35,0.00875
2025-06-21,3,Völsungur,Smári,3,2,6,0.0015
2025-06-21,3,Völsungur,Smári,3,3,1,2.5e-4
2025-06-21,3,Völsungur,Smári,4,0,328,0.082
2025-06-21,3,Völsungur,Smári,4,1,57,0.01425
2025-06-21,3,Völsungur,Smári,4,2,3,7.5e-4
2025-06-21,3,Völsungur,Smári,4,3,1,2.5e-4
2025-06-21,3,Völsungur,Smári,5,0,367,0.09175
2025-06-21,3,Völsungur,Smári,5,1,73,0.01825
2025-06-21,3,Völsungur,Smári,5,2,6,0.0015
2025-06-21,3,Völsungur,Smári,5,3,1,2.5e-4
2025-06-21,3,Völsungur,Smári,6,0,419,0.10475
2025-06-21,3,Völsungur,Smári,6,1,74,0.0185
2025-06-21,3,Völsungur,Smári,6,2,7,0.00175
2025-06-21,3,Völsungur,Smári,7,0,408,0.102
2025-06-21,3,Völsungur,Smári,7,1,63,0.01575
2025-06-21,3,Völsungur,Smári,7,2,5,0.00125
2025-06-21,3,Völsungur,Smári,7,3,1,2.5e-4
2025-06-21,3,Völsungur,Smári,8,0,368,0.092
2025-06-21,3,Völsungur,Smári,8,1,63,0.01575
2025-06-21,3,Völsungur,Smári,8,2,2,5e-4
2025-06-21,3,Völsungur,Smári,8,3,1,2.5e-4
2025-06-21,3,Völsungur,Smári,9,0,275,0.06875
2025-06-21,3,Völsungur,Smári,9,1,50,0.0125
2025-06-21,3,Völsungur,Smári,9,2,4,0.001
2025-06-21,3,Völsungur,Smári,10,0,196,0.049
2025-06-21,3,Völsungur,Smári,10,1,33,0.00825
2025-06-21,3,Völsungur,Smári,10,2,4,0.001
2025-06-21,3,Völsungur,Smári,11,0,147,0.03675
2025-06-21,3,Völsungur,Smári,11,1,37,0.00925
2025-06-21,3,Völsungur,Smári,11,2,1,2.5e-4
2025-06-21,3,Völsungur,Smári,12,0,111,0.02775
2025-06-21,3,Völsungur,Smári,12,1,19,0.00475
2025-06-21,3,Völsungur,Smári,13,0,85,0.02125
2025-06-21,3,Völsungur,Smári,13,1,14,0.0035
2025-06-21,3,Völsungur,Smári,13,2,2,5e-4
2025-06-21,3,Völsungur,Smári,14,0,64,0.016
2025-06-21,3,Völsungur,Smári,14,1,10,0.0025
2025-06-21,3,Völsungur,Smári,14,2,1,2.5e-4
2025-06-21,3,Völsungur,Smári,15,0,31,0.00775
2025-06-21,3,Völsungur,Smári,15,1,8,0.002
2025-06-21,3,Völsungur,Smári,15,3,1,2.5e-4
2025-06-21,3,Völsungur,Smári,16,0,25,0.00625
2025-06-21,3,Völsungur,Smári,16,1,5,0.00125
2025-06-21,3,Völsungur,Smári,16,3,1,2.5e-4
2025-06-21,3,Völsungur,Smári,17,0,16,0.004
2025-06-21,3,Völsungur,Smári,17,1,2,5e-4
2025-06-21,3,Völsungur,Smári,18,0,4,0.001
2025-06-21,3,Völsungur,Smári,18,1,4,0.001
2025-06-21,3,Völsungur,Smári,19,0,7,0.00175
2025-06-21,3,Völsungur,Smári,19,1,1,2.5e-4
2025-06-21,3,Völsungur,Smári,20,0,8,0.002
2025-06-21,3,Völsungur,Smári,20,1,1,2.5e-4
2025-06-21,3,Völsungur,Smári,21,0,1,2.5e-4
2025-06-21,3,Völsungur,Smári,21,1,1,2.5e-4
2025-06-21,3,Völsungur,Smári,23,2,1,2.5e-4
2025-06-21,3,Völsungur,Smári,24,0,2,5e-4
2025-06-21,3,Völsungur,Smári,26,0,1,2.5e-4
2025-06-21,3,ÍR,Einherji,0,0,222,0.0555
2025-06-21,3,ÍR,Einherji,0,1,164,0.041
2025-06-21,3,ÍR,Einherji,0,2,73,0.01825
2025-06-21,3,ÍR,Einherji,0,3,15,0.00375
2025-06-21,3,ÍR,Einherji,0,4,9,0.00225
2025-06-21,3,ÍR,Einherji,0,5,2,5e-4
2025-06-21,3,ÍR,Einherji,1,0,407,0.10175
2025-06-21,3,ÍR,Einherji,1,1,314,0.0785
2025-06-21,3,ÍR,Einherji,1,2,118,0.0295
2025-06-21,3,ÍR,Einherji,1,3,33,0.00825
2025-06-21,3,ÍR,Einherji,1,4,19,0.00475
2025-06-21,3,ÍR,Einherji,1,5,2,5e-4
2025-06-21,3,ÍR,Einherji,2,0,356,0.089
2025-06-21,3,ÍR,Einherji,2,1,287,0.07175
2025-06-21,3,ÍR,Einherji,2,2,138,0.0345
2025-06-21,3,ÍR,Einherji,2,3,49,0.01225
2025-06-21,3,ÍR,Einherji,2,4,11,0.00275
2025-06-21,3,ÍR,Einherji,2,5,4,0.001
2025-06-21,3,ÍR,Einherji,3,0,330,0.0825
2025-06-21,3,ÍR,Einherji,3,1,264,0.066
2025-06-21,3,ÍR,Einherji,3,2,119,0.02975
2025-06-21,3,ÍR,Einherji,3,3,44,0.011
2025-06-21,3,ÍR,Einherji,3,4,13,0.00325
2025-06-21,3,ÍR,Einherji,3,5,2,5e-4
2025-06-21,3,ÍR,Einherji,3,6,2,5e-4
2025-06-21,3,ÍR,Einherji,4,0,192,0.048
2025-06-21,3,ÍR,Einherji,4,1,158,0.0395
2025-06-21,3,ÍR,Einherji,4,2,58,0.0145
2025-06-21,3,ÍR,Einherji,4,3,31,0.00775
2025-06-21,3,ÍR,Einherji,4,4,12,0.003
2025-06-21,3,ÍR,Einherji,4,5,1,2.5e-4
2025-06-21,3,ÍR,Einherji,5,0,124,0.031
2025-06-21,3,ÍR,Einherji,5,1,86,0.0215
2025-06-21,3,ÍR,Einherji,5,2,42,0.0105
2025-06-21,3,ÍR,Einherji,5,3,7,0.00175
2025-06-21,3,ÍR,Einherji,5,4,5,0.00125
2025-06-21,3,ÍR,Einherji,5,5,1,2.5e-4
2025-06-21,3,ÍR,Einherji,6,0,55,0.01375
2025-06-21,3,ÍR,Einherji,6,1,63,0.01575
2025-06-21,3,ÍR,Einherji,6,2,23,0.00575
2025-06-21,3,ÍR,Einherji,6,3,9,0.00225
2025-06-21,3,ÍR,Einherji,6,4,3,7.5e-4
2025-06-21,3,ÍR,Einherji,6,5,1,2.5e-4
2025-06-21,3,ÍR,Einherji,6,6,1,2.5e-4
2025-06-21,3,ÍR,Einherji,7,0,28,0.007
2025-06-21,3,ÍR,Einherji,7,1,28,0.007
2025-06-21,3,ÍR,Einherji,7,2,10,0.0025
2025-06-21,3,ÍR,Einherji,7,3,2,5e-4
2025-06-21,3,ÍR,Einherji,7,5,1,2.5e-4
2025-06-21,3,ÍR,Einherji,8,0,10,0.0025
2025-06-21,3,ÍR,Einherji,8,1,9,0.00225
2025-06-21,3,ÍR,Einherji,8,2,5,0.00125
2025-06-21,3,ÍR,Einherji,8,3,4,0.001
2025-06-21,3,ÍR,Einherji,8,4,1,2.5e-4
2025-06-21,3,ÍR,Einherji,8,5,1,2.5e-4
2025-06-21,3,ÍR,Einherji,9,0,8,0.002
2025-06-21,3,ÍR,Einherji,9,1,9,0.00225
2025-06-21,3,ÍR,Einherji,9,2,3,7.5e-4
2025-06-21,3,ÍR,Einherji,9,4,1,2.5e-4
2025-06-21,3,ÍR,Einherji,10,0,3,7.5e-4
2025-06-21,3,ÍR,Einherji,10,1,2,5e-4
2025-06-21,3,ÍR,Einherji,11,1,1,2.5e-4
2025-06-21,3,ÍR,Einherji,11,3,1,2.5e-4
2025-06-21,3,ÍR,Einherji,12,0,1,2.5e-4
2025-06-21,3,ÍR,Einherji,14,2,1,2.5e-4
2025-06-21,3,ÍR,Einherji,15,0,2,5e-4
2025-06-24,2,ÍBV,Fylkir,0,0,168,0.042
2025-06-24,2,ÍBV,Fylkir,0,1,169,0.04225
2025-06-24,2,ÍBV,Fylkir,0,2,149,0.03725
2025-06-24,2,ÍBV,Fylkir,0,3,90,0.0225
2025-06-24,2,ÍBV,Fylkir,0,4,50,0.0125
2025-06-24,2,ÍBV,Fylkir,0,5,14,0.0035
2025-06-24,2,ÍBV,Fylkir,0,6,9,0.00225
2025-06-24,2,ÍBV,Fylkir,0,7,2,5e-4
2025-06-24,2,ÍBV,Fylkir,0,9,1,2.5e-4
2025-06-24,2,ÍBV,Fylkir,1,0,209,0.05225
2025-06-24,2,ÍBV,Fylkir,1,1,339,0.08475
2025-06-24,2,ÍBV,Fylkir,1,2,241,0.06025
2025-06-24,2,ÍBV,Fylkir,1,3,133,0.03325
2025-06-24,2,ÍBV,Fylkir,1,4,64,0.016
2025-06-24,2,ÍBV,Fylkir,1,5,40,0.01
2025-06-24,2,ÍBV,Fylkir,1,6,18,0.0045
2025-06-24,2,ÍBV,Fylkir,1,7,6,0.0015
2025-06-24,2,ÍBV,Fylkir,1,8,1,2.5e-4
2025-06-24,2,ÍBV,Fylkir,1,9,1,2.5e-4
2025-06-24,2,ÍBV,Fylkir,2,0,203,0.05075
2025-06-24,2,ÍBV,Fylkir,2,1,295,0.07375
2025-06-24,2,ÍBV,Fylkir,2,2,227,0.05675
2025-06-24,2,ÍBV,Fylkir,2,3,138,0.0345
2025-06-24,2,ÍBV,Fylkir,2,4,83,0.02075
2025-06-24,2,ÍBV,Fylkir,2,5,29,0.00725
2025-06-24,2,ÍBV,Fylkir,2,6,14,0.0035
2025-06-24,2,ÍBV,Fylkir,2,7,6,0.0015
2025-06-24,2,ÍBV,Fylkir,2,8,3,7.5e-4
2025-06-24,2,ÍBV,Fylkir,2,9,4,0.001
2025-06-24,2,ÍBV,Fylkir,3,0,115,0.02875
2025-06-24,2,ÍBV,Fylkir,3,1,196,0.049
2025-06-24,2,ÍBV,Fylkir,3,2,144,0.036
2025-06-24,2,ÍBV,Fylkir,3,3,110,0.0275
2025-06-24,2,ÍBV,Fylkir,3,4,46,0.0115
2025-06-24,2,ÍBV,Fylkir,3,5,18,0.0045
2025-06-24,2,ÍBV,Fylkir,3,6,11,0.00275
2025-06-24,2,ÍBV,Fylkir,3,7,7,0.00175
2025-06-24,2,ÍBV,Fylkir,3,8,1,2.5e-4
2025-06-24,2,ÍBV,Fylkir,4,0,72,0.018
2025-06-24,2,ÍBV,Fylkir,4,1,87,0.02175
2025-06-24,2,ÍBV,Fylkir,4,2,87,0.02175
2025-06-24,2,ÍBV,Fylkir,4,3,53,0.01325
2025-06-24,2,ÍBV,Fylkir,4,4,27,0.00675
2025-06-24,2,ÍBV,Fylkir,4,5,11,0.00275
2025-06-24,2,ÍBV,Fylkir,4,6,5,0.00125
2025-06-24,2,ÍBV,Fylkir,4,7,3,7.5e-4
2025-06-24,2,ÍBV,Fylkir,4,9,1,2.5e-4
2025-06-24,2,ÍBV,Fylkir,5,0,37,0.00925
2025-06-24,2,ÍBV,Fylkir,5,1,57,0.01425
2025-06-24,2,ÍBV,Fylkir,5,2,34,0.0085
2025-06-24,2,ÍBV,Fylkir,5,3,29,0.00725
2025-06-24,2,ÍBV,Fylkir,5,4,11,0.00275
2025-06-24,2,ÍBV,Fylkir,5,5,6,0.0015
2025-06-24,2,ÍBV,Fylkir,5,6,5,0.00125
2025-06-24,2,ÍBV,Fylkir,5,7,1,2.5e-4
2025-06-24,2,ÍBV,Fylkir,6,0,10,0.0025
2025-06-24,2,ÍBV,Fylkir,6,1,26,0.0065
2025-06-24,2,ÍBV,Fylkir,6,2,17,0.00425
2025-06-24,2,ÍBV,Fylkir,6,3,6,0.0015
2025-06-24,2,ÍBV,Fylkir,6,4,8,0.002
2025-06-24,2,ÍBV,Fylkir,6,5,2,5e-4
2025-06-24,2,ÍBV,Fylkir,6,6,1,2.5e-4
2025-06-24,2,ÍBV,Fylkir,7,0,6,0.0015
2025-06-24,2,ÍBV,Fylkir,7,1,11,0.00275
2025-06-24,2,ÍBV,Fylkir,7,2,3,7.5e-4
2025-06-24,2,ÍBV,Fylkir,7,3,6,0.0015
2025-06-24,2,ÍBV,Fylkir,7,4,6,0.0015
2025-06-24,2,ÍBV,Fylkir,7,5,1,2.5e-4
2025-06-24,2,ÍBV,Fylkir,7,7,1,2.5e-4
2025-06-24,2,ÍBV,Fylkir,8,1,1,2.5e-4
2025-06-24,2,ÍBV,Fylkir,8,2,3,7.5e-4
2025-06-24,2,ÍBV,Fylkir,8,3,2,5e-4
2025-06-24,2,ÍBV,Fylkir,8,4,1,2.5e-4
2025-06-24,2,ÍBV,Fylkir,8,5,1,2.5e-4
2025-06-24,2,ÍBV,Fylkir,8,6,1,2.5e-4
2025-06-24,2,ÍBV,Fylkir,8,8,1,2.5e-4
2025-06-24,2,ÍBV,Fylkir,9,0,1,2.5e-4
2025-06-24,2,ÍBV,Fylkir,9,2,3,7.5e-4
2025-06-24,2,ÍBV,Fylkir,10,1,1,2.5e-4
2025-06-24,2,ÍBV,Fylkir,11,1,1,2.5e-4
2025-06-25,2,HK,Grindavík/ Njarðvík,0,0,73,0.01825
2025-06-25,2,HK,Grindavík/ Njarðvík,0,1,54,0.0135
2025-06-25,2,HK,Grindavík/ Njarðvík,0,2,25,0.00625
2025-06-25,2,HK,Grindavík/ Njarðvík,0,3,13,0.00325
2025-06-25,2,HK,Grindavík/ Njarðvík,0,4,9,0.00225
2025-06-25,2,HK,Grindavík/ Njarðvík,0,5,2,5e-4
2025-06-25,2,HK,Grindavík/ Njarðvík,0,7,1,2.5e-4
2025-06-25,2,HK,Grindavík/ Njarðvík,1,0,160,0.04
2025-06-25,2,HK,Grindavík/ Njarðvík,1,1,167,0.04175
2025-06-25,2,HK,Grindavík/ Njarðvík,1,2,96,0.024
2025-06-25,2,HK,Grindavík/ Njarðvík,1,3,55,0.01375
2025-06-25,2,HK,Grindavík/ Njarðvík,1,4,15,0.00375
2025-06-25,2,HK,Grindavík/ Njarðvík,1,5,5,0.00125
2025-06-25,2,HK,Grindavík/ Njarðvík,2,0,234,0.0585
2025-06-25,2,HK,Grindavík/ Njarðvík,2,1,223,0.05575
2025-06-25,2,HK,Grindavík/ Njarðvík,2,2,151,0.03775
2025-06-25,2,HK,Grindavík/ Njarðvík,2,3,57,0.01425
2025-06-25,2,HK,Grindavík/ Njarðvík,2,4,26,0.0065
2025-06-25,2,HK,Grindavík/ Njarðvík,2,5,9,0.00225
2025-06-25,2,HK,Grindavík/ Njarðvík,2,6,4,0.001
2025-06-25,2,HK,Grindavík/ Njarðvík,3,0,226,0.0565
2025-06-25,2,HK,Grindavík/ Njarðvík,3,1,227,0.05675
2025-06-25,2,HK,Grindavík/ Njarðvík,3,2,142,0.0355
2025-06-25,2,HK,Grindavík/ Njarðvík,3,3,66,0.0165
2025-06-25,2,HK,Grindavík/ Njarðvík,3,4,15,0.00375
2025-06-25,2,HK,Grindavík/ Njarðvík,3,5,6,0.0015
2025-06-25,2,HK,Grindavík/ Njarðvík,3,6,2,5e-4
2025-06-25,2,HK,Grindavík/ Njarðvík,3,7,1,2.5e-4
2025-06-25,2,HK,Grindavík/ Njarðvík,4,0,228,0.057
2025-06-25,2,HK,Grindavík/ Njarðvík,4,1,196,0.049
2025-06-25,2,HK,Grindavík/ Njarðvík,4,2,127,0.03175
2025-06-25,2,HK,Grindavík/ Njarðvík,4,3,58,0.0145
2025-06-25,2,HK,Grindavík/ Njarðvík,4,4,30,0.0075
2025-06-25,2,HK,Grindavík/ Njarðvík,4,5,7,0.00175
2025-06-25,2,HK,Grindavík/ Njarðvík,4,6,2,5e-4
2025-06-25,2,HK,Grindavík/ Njarðvík,4,7,2,5e-4
2025-06-25,2,HK,Grindavík/ Njarðvík,5,0,176,0.044
2025-06-25,2,HK,Grindavík/ Njarðvík,5,1,163,0.04075
2025-06-25,2,HK,Grindavík/ Njarðvík,5,2,87,0.02175
2025-06-25,2,HK,Grindavík/ Njarðvík,5,3,48,0.012
2025-06-25,2,HK,Grindavík/ Njarðvík,5,4,11,0.00275
2025-06-25,2,HK,Grindavík/ Njarðvík,5,5,6,0.0015
2025-06-25,2,HK,Grindavík/ Njarðvík,5,6,2,5e-4
2025-06-25,2,HK,Grindavík/ Njarðvík,5,8,1,2.5e-4
2025-06-25,2,HK,Grindavík/ Njarðvík,6,0,104,0.026
2025-06-25,2,HK,Grindavík/ Njarðvík,6,1,107,0.02675
2025-06-25,2,HK,Grindavík/ Njarðvík,6,2,57,0.01425
2025-06-25,2,HK,Grindavík/ Njarðvík,6,3,27,0.00675
2025-06-25,2,HK,Grindavík/ Njarðvík,6,4,8,0.002
2025-06-25,2,HK,Grindavík/ Njarðvík,6,5,9,0.00225
2025-06-25,2,HK,Grindavík/ Njarðvík,6,7,2,5e-4
2025-06-25,2,HK,Grindavík/ Njarðvík,7,0,56,0.014
2025-06-25,2,HK,Grindavík/ Njarðvík,7,1,79,0.01975
2025-06-25,2,HK,Grindavík/ Njarðvík,7,2,36,0.009
2025-06-25,2,HK,Grindavík/ Njarðvík,7,3,23,0.00575
2025-06-25,2,HK,Grindavík/ Njarðvík,7,4,12,0.003
2025-06-25,2,HK,Grindavík/ Njarðvík,7,5,3,7.5e-4
2025-06-25,2,HK,Grindavík/ Njarðvík,7,7,3,7.5e-4
2025-06-25,2,HK,Grindavík/ Njarðvík,7,9,1,2.5e-4
2025-06-25,2,HK,Grindavík/ Njarðvík,8,0,41,0.01025
2025-06-25,2,HK,Grindavík/ Njarðvík,8,1,34,0.0085
2025-06-25,2,HK,Grindavík/ Njarðvík,8,2,25,0.00625
2025-06-25,2,HK,Grindavík/ Njarðvík,8,3,12,0.003
2025-06-25,2,HK,Grindavík/ Njarðvík,8,4,2,5e-4
2025-06-25,2,HK,Grindavík/ Njarðvík,8,5,1,2.5e-4
2025-06-25,2,HK,Grindavík/ Njarðvík,8,7,1,2.5e-4
2025-06-25,2,HK,Grindavík/ Njarðvík,8,8,1,2.5e-4
2025-06-25,2,HK,Grindavík/ Njarðvík,9,0,24,0.006
2025-06-25,2,HK,Grindavík/ Njarðvík,9,1,27,0.00675
2025-06-25,2,HK,Grindavík/ Njarðvík,9,2,16,0.004
2025-06-25,2,HK,Grindavík/ Njarðvík,9,3,7,0.00175
2025-06-25,2,HK,Grindavík/ Njarðvík,9,4,2,5e-4
2025-06-25,2,HK,Grindavík/ Njarðvík,9,5,2,5e-4
2025-06-25,2,HK,Grindavík/ Njarðvík,10,0,11,0.00275
2025-06-25,2,HK,Grindavík/ Njarðvík,10,1,14,0.0035
2025-06-25,2,HK,Grindavík/ Njarðvík,10,2,7,0.00175
2025-06-25,2,HK,Grindavík/ Njarðvík,10,3,4,0.001
2025-06-25,2,HK,Grindavík/ Njarðvík,11,0,7,0.00175
2025-06-25,2,HK,Grindavík/ Njarðvík,11,1,6,0.0015
2025-06-25,2,HK,Grindavík/ Njarðvík,11,2,8,0.002
2025-06-25,2,HK,Grindavík/ Njarðvík,11,5,1,2.5e-4
2025-06-25,2,HK,Grindavík/ Njarðvík,12,0,1,2.5e-4
2025-06-25,2,HK,Grindavík/ Njarðvík,12,1,3,7.5e-4
2025-06-25,2,HK,Grindavík/ Njarðvík,12,2,1,2.5e-4
2025-06-25,2,HK,Grindavík/ Njarðvík,12,3,1,2.5e-4
2025-06-25,2,HK,Grindavík/ Njarðvík,13,1,1,2.5e-4
2025-06-25,2,HK,Grindavík/ Njarðvík,13,2,1,2.5e-4
2025-06-25,2,HK,Grindavík/ Njarðvík,14,1,1,2.5e-4
2025-06-25,2,HK,Grindavík/ Njarðvík,15,1,1,2.5e-4
2025-06-25,2,HK,Grindavík/ Njarðvík,16,2,1,2.5e-4
2025-06-25,2,HK,Grindavík/ Njarðvík,17,2,1,2.5e-4
2025-06-25,2,Keflavík,Grótta,0,0,236,0.059
2025-06-25,2,Keflavík,Grótta,0,1,164,0.041
2025-06-25,2,Keflavík,Grótta,0,2,59,0.01475
2025-06-25,2,Keflavík,Grótta,0,3,18,0.0045
2025-06-25,2,Keflavík,Grótta,0,4,5,0.00125
2025-06-25,2,Keflavík,Grótta,0,5,2,5e-4
2025-06-25,2,Keflavík,Grótta,0,6,1,2.5e-4
2025-06-25,2,Keflavík,Grótta,1,0,475,0.11875
2025-06-25,2,Keflavík,Grótta,1,1,292,0.073
2025-06-25,2,Keflavík,Grótta,1,2,140,0.035
2025-06-25,2,Keflavík,Grótta,1,3,44,0.011
2025-06-25,2,Keflavík,Grótta,1,4,10,0.0025
2025-06-25,2,Keflavík,Grótta,1,5,4,0.001
2025-06-25,2,Keflavík,Grótta,1,6,1,2.5e-4
2025-06-25,2,Keflavík,Grótta,1,7,1,2.5e-4
2025-06-25,2,Keflavík,Grótta,2,0,467,0.11675
2025-06-25,2,Keflavík,Grótta,2,1,301,0.07525
2025-06-25,2,Keflavík,Grótta,2,2,107,0.02675
2025-06-25,2,Keflavík,Grótta,2,3,42,0.0105
2025-06-25,2,Keflavík,Grótta,2,4,6,0.0015
2025-06-25,2,Keflavík,Grótta,2,5,2,5e-4
2025-06-25,2,Keflavík,Grótta,2,6,1,2.5e-4
2025-06-25,2,Keflavík,Grótta,3,0,351,0.08775
2025-06-25,2,Keflavík,Grótta,3,1,230,0.0575
2025-06-25,2,Keflavík,Grótta,3,2,107,0.02675
2025-06-25,2,Keflavík,Grótta,3,3,28,0.007
2025-06-25,2,Keflavík,Grótta,3,4,7,0.00175
2025-06-25,2,Keflavík,Grótta,3,5,2,5e-4
2025-06-25,2,Keflavík,Grótta,3,6,1,2.5e-4
2025-06-25,2,Keflavík,Grótta,4,0,182,0.0455
2025-06-25,2,Keflavík,Grótta,4,1,151,0.03775
2025-06-25,2,Keflavík,Grótta,4,2,64,0.016
2025-06-25,2,Keflavík,Grótta,4,3,29,0.00725
2025-06-25,2,Keflavík,Grótta,4,4,7,0.00175
2025-06-25,2,Keflavík,Grótta,5,0,115,0.02875
2025-06-25,2,Keflavík,Grótta,5,1,82,0.0205
2025-06-25,2,Keflavík,Grótta,5,2,32,0.008
2025-06-25,2,Keflavík,Grótta,5,3,6,0.0015
2025-06-25,2,Keflavík,Grótta,5,4,1,2.5e-4
2025-06-25,2,Keflavík,Grótta,5,5,1,2.5e-4
2025-06-25,2,Keflavík,Grótta,6,0,48,0.012
2025-06-25,2,Keflavík,Grótta,6,1,44,0.011
2025-06-25,2,Keflavík,Grótta,6,2,21,0.00525
2025-06-25,2,Keflavík,Grótta,6,3,5,0.00125
2025-06-25,2,Keflavík,Grótta,6,6,1,2.5e-4
2025-06-25,2,Keflavík,Grótta,7,0,22,0.0055
2025-06-25,2,Keflavík,Grótta,7,1,17,0.00425
2025-06-25,2,Keflavík,Grótta,7,2,8,0.002
2025-06-25,2,Keflavík,Grótta,7,3,3,7.5e-4
2025-06-25,2,Keflavík,Grótta,8,0,14,0.0035
2025-06-25,2,Keflavík,Grótta,8,1,8,0.002
2025-06-25,2,Keflavík,Grótta,8,2,2,5e-4
2025-06-25,2,Keflavík,Grótta,8,3,2,5e-4
2025-06-25,2,Keflavík,Grótta,8,4,1,2.5e-4
2025-06-25,2,Keflavík,Grótta,9,0,8,0.002
2025-06-25,2,Keflavík,Grótta,9,1,5,0.00125
2025-06-25,2,Keflavík,Grótta,9,3,1,2.5e-4
2025-06-25,2,Keflavík,Grótta,10,0,8,0.002
2025-06-25,2,Keflavík,Grótta,10,1,1,2.5e-4
2025-06-25,2,Keflavík,Grótta,10,10,1,2.5e-4
2025-06-25,2,Keflavík,Grótta,11,0,2,5e-4
2025-06-25,2,Keflavík,Grótta,11,2,1,2.5e-4
2025-06-25,2,Keflavík,Grótta,12,0,1,2.5e-4
2025-06-25,2,Keflavík,Grótta,13,0,2,5e-4
2025-06-26,2,Afturelding,Haukar,0,0,57,0.01425
2025-06-26,2,Afturelding,Haukar,0,1,73,0.01825
2025-06-26,2,Afturelding,Haukar,0,2,119,0.02975
2025-06-26,2,Afturelding,Haukar,0,3,97,0.02425
2025-06-26,2,Afturelding,Haukar,0,4,87,0.02175
2025-06-26,2,Afturelding,Haukar,0,5,47,0.01175
2025-06-26,2,Afturelding,Haukar,0,6,39,0.00975
2025-06-26,2,Afturelding,Haukar,0,7,23,0.00575
2025-06-26,2,Afturelding,Haukar,0,8,12,0.003
2025-06-26,2,Afturelding,Haukar,0,9,6,0.0015
2025-06-26,2,Afturelding,Haukar,0,10,4,0.001
2025-06-26,2,Afturelding,Haukar,0,11,2,5e-4
2025-06-26,2,Afturelding,Haukar,1,0,50,0.0125
2025-06-26,2,Afturelding,Haukar,1,1,151,0.03775
2025-06-26,2,Afturelding,Haukar,1,2,193,0.04825
2025-06-26,2,Afturelding,Haukar,1,3,202,0.0505
2025-06-26,2,Afturelding,Haukar,1,4,130,0.0325
2025-06-26,2,Afturelding,Haukar,1,5,117,0.02925
2025-06-26,2,Afturelding,Haukar,1,6,52,0.013
2025-06-26,2,Afturelding,Haukar,1,7,49,0.01225
2025-06-26,2,Afturelding,Haukar,1,8,13,0.00325
2025-06-26,2,Afturelding,Haukar,1,9,9,0.00225
2025-06-26,2,Afturelding,Haukar,1,10,9,0.00225
2025-06-26,2,Afturelding,Haukar,1,11,1,2.5e-4
2025-06-26,2,Afturelding,Haukar,2,0,56,0.014
2025-06-26,2,Afturelding,Haukar,2,1,149,0.03725
2025-06-26,2,Afturelding,Haukar,2,2,198,0.0495
2025-06-26,2,Afturelding,Haukar,2,3,176,0.044
2025-06-26,2,Afturelding,Haukar,2,4,137,0.03425
2025-06-26,2,Afturelding,Haukar,2,5,97,0.02425
2025-06-26,2,Afturelding,Haukar,2,6,61,0.01525
2025-06-26,2,Afturelding,Haukar,2,7,40,0.01
2025-06-26,2,Afturelding,Haukar,2,8,27,0.00675
2025-06-26,2,Afturelding,Haukar,2,9,7,0.00175
2025-06-26,2,Afturelding,Haukar,2,10,9,0.00225
2025-06-26,2,Afturelding,Haukar,2,11,1,2.5e-4
2025-06-26,2,Afturelding,Haukar,2,12,2,5e-4
2025-06-26,2,Afturelding,Haukar,2,13,1,2.5e-4
2025-06-26,2,Afturelding,Haukar,2,15,1,2.5e-4
2025-06-26,2,Afturelding,Haukar,3,0,44,0.011
2025-06-26,2,Afturelding,Haukar,3,1,117,0.02925
2025-06-26,2,Afturelding,Haukar,3,2,122,0.0305
2025-06-26,2,Afturelding,Haukar,3,3,136,0.034
2025-06-26,2,Afturelding,Haukar,3,4,117,0.02925
2025-06-26,2,Afturelding,Haukar,3,5,62,0.0155
2025-06-26,2,Afturelding,Haukar,3,6,57,0.01425
2025-06-26,2,Afturelding,Haukar,3,7,22,0.0055
2025-06-26,2,Afturelding,Haukar,3,8,13,0.00325
2025-06-26,2,Afturelding,Haukar,3,9,6,0.0015
2025-06-26,2,Afturelding,Haukar,3,10,2,5e-4
2025-06-26,2,Afturelding,Haukar,3,11,3,7.5e-4
2025-06-26,2,Afturelding,Haukar,3,12,2,5e-4
2025-06-26,2,Afturelding,Haukar,4,0,15,0.00375
2025-06-26,2,Afturelding,Haukar,4,1,56,0.014
2025-06-26,2,Afturelding,Haukar,4,2,71,0.01775
2025-06-26,2,Afturelding,Haukar,4,3,75,0.01875
2025-06-26,2,Afturelding,Haukar,4,4,66,0.0165
2025-06-26,2,Afturelding,Haukar,4,5,54,0.0135
2025-06-26,2,Afturelding,Haukar,4,6,36,0.009
2025-06-26,2,Afturelding,Haukar,4,7,19,0.00475
2025-06-26,2,Afturelding,Haukar,4,8,13,0.00325
2025-06-26,2,Afturelding,Haukar,4,9,8,0.002
2025-06-26,2,Afturelding,Haukar,4,10,2,5e-4
2025-06-26,2,Afturelding,Haukar,4,12,2,5e-4
2025-06-26,2,Afturelding,Haukar,5,0,9,0.00225
2025-06-26,2,Afturelding,Haukar,5,1,28,0.007
2025-06-26,2,Afturelding,Haukar,5,2,33,0.00825
2025-06-26,2,Afturelding,Haukar,5,3,35,0.00875
2025-06-26,2,Afturelding,Haukar,5,4,31,0.00775
2025-06-26,2,Afturelding,Haukar,5,5,35,0.00875
2025-06-26,2,Afturelding,Haukar,5,6,19,0.00475
2025-06-26,2,Afturelding,Haukar,5,7,6,0.0015
2025-06-26,2,Afturelding,Haukar,5,8,5,0.00125
2025-06-26,2,Afturelding,Haukar,5,9,1,2.5e-4
2025-06-26,2,Afturelding,Haukar,5,10,4,0.001
2025-06-26,2,Afturelding,Haukar,5,12,1,2.5e-4
2025-06-26,2,Afturelding,Haukar,5,13,1,2.5e-4
2025-06-26,2,Afturelding,Haukar,6,0,4,0.001
2025-06-26,2,Afturelding,Haukar,6,1,15,0.00375
2025-06-26,2,Afturelding,Haukar,6,2,28,0.007
2025-06-26,2,Afturelding,Haukar,6,3,16,0.004
2025-06-26,2,Afturelding,Haukar,6,4,18,0.0045
2025-06-26,2,Afturelding,Haukar,6,5,7,0.00175
2025-06-26,2,Afturelding,Haukar,6,6,7,0.00175
2025-06-26,2,Afturelding,Haukar,6,7,4,0.001
2025-06-26,2,Afturelding,Haukar,6,8,5,0.00125
2025-06-26,2,Afturelding,Haukar,6,9,1,2.5e-4
2025-06-26,2,Afturelding,Haukar,6,10,2,5e-4
2025-06-26,2,Afturelding,Haukar,6,12,1,2.5e-4
2025-06-26,2,Afturelding,Haukar,7,1,5,0.00125
2025-06-26,2,Afturelding,Haukar,7,2,9,0.00225
2025-06-26,2,Afturelding,Haukar,7,3,6,0.0015
2025-06-26,2,Afturelding,Haukar,7,4,8,0.002
2025-06-26,2,Afturelding,Haukar,7,5,4,0.001
2025-06-26,2,Afturelding,Haukar,7,6,3,7.5e-4
2025-06-26,2,Afturelding,Haukar,7,7,2,5e-4
2025-06-26,2,Afturelding,Haukar,7,10,2,5e-4
2025-06-26,2,Afturelding,Haukar,8,0,1,2.5e-4
2025-06-26,2,Afturelding,Haukar,8,1,4,0.001
2025-06-26,2,Afturelding,Haukar,8,2,1,2.5e-4
2025-06-26,2,Afturelding,Haukar,8,3,3,7.5e-4
2025-06-26,2,Afturelding,Haukar,8,4,2,5e-4
2025-06-26,2,Afturelding,Haukar,8,5,5,0.00125
2025-06-26,2,Afturelding,Haukar,8,6,1,2.5e-4
2025-06-26,2,Afturelding,Haukar,9,2,1,2.5e-4
2025-06-26,2,Afturelding,Haukar,9,3,1,2.5e-4
2025-06-26,2,Afturelding,Haukar,9,4,1,2.5e-4
2025-06-26,2,Afturelding,Haukar,10,5,1,2.5e-4
2025-06-26,2,KR,ÍA,0,0,60,0.015
2025-06-26,2,KR,ÍA,0,1,97,0.02425
2025-06-26,2,KR,ÍA,0,2,131,0.03275
2025-06-26,2,KR,ÍA,0,3,85,0.02125
2025-06-26,2,KR,ÍA,0,4,72,0.018
2025-06-26,2,KR,ÍA,0,5,42,0.0105
2025-06-26,2,KR,ÍA,0,6,18,0.0045
2025-06-26,2,KR,ÍA,0,7,9,0.00225
2025-06-26,2,KR,ÍA,0,8,7,0.00175
2025-06-26,2,KR,ÍA,0,10,2,5e-4
2025-06-26,2,KR,ÍA,1,0,79,0.01975
2025-06-26,2,KR,ÍA,1,1,190,0.0475
2025-06-26,2,KR,ÍA,1,2,201,0.05025
2025-06-26,2,KR,ÍA,1,3,200,0.05
2025-06-26,2,KR,ÍA,1,4,133,0.03325
2025-06-26,2,KR,ÍA,1,5,96,0.024
2025-06-26,2,KR,ÍA,1,6,35,0.00875
2025-06-26,2,KR,ÍA,1,7,21,0.00525
2025-06-26,2,KR,ÍA,1,8,10,0.0025
2025-06-26,2,KR,ÍA,1,9,6,0.0015
2025-06-26,2,KR,ÍA,1,10,1,2.5e-4
2025-06-26,2,KR,ÍA,1,11,1,2.5e-4
2025-06-26,2,KR,ÍA,2,0,55,0.01375
2025-06-26,2,KR,ÍA,2,1,153,0.03825
2025-06-26,2,KR,ÍA,2,2,247,0.06175
2025-06-26,2,KR,ÍA,2,3,196,0.049
2025-06-26,2,KR,ÍA,2,4,121,0.03025
2025-06-26,2,KR,ÍA,2,5,89,0.02225
2025-06-26,2,KR,ÍA,2,6,56,0.014
2025-06-26,2,KR,ÍA,2,7,19,0.00475
2025-06-26,2,KR,ÍA,2,8,9,0.00225
2025-06-26,2,KR,ÍA,2,9,4,0.001
2025-06-26,2,KR,ÍA,2,10,1,2.5e-4
2025-06-26,2,KR,ÍA,2,11,1,2.5e-4
2025-06-26,2,KR,ÍA,2,12,1,2.5e-4
2025-06-26,2,KR,ÍA,3,0,42,0.0105
2025-06-26,2,KR,ÍA,3,1,119,0.02975
2025-06-26,2,KR,ÍA,3,2,156,0.039
2025-06-26,2,KR,ÍA,3,3,173,0.04325
2025-06-26,2,KR,ÍA,3,4,122,0.0305
2025-06-26,2,KR,ÍA,3,5,68,0.017
2025-06-26,2,KR,ÍA,3,6,44,0.011
2025-06-26,2,KR,ÍA,3,7,8,0.002
2025-06-26,2,KR,ÍA,3,8,6,0.0015
2025-06-26,2,KR,ÍA,3,9,8,0.002
2025-06-26,2,KR,ÍA,3,10,1,2.5e-4
2025-06-26,2,KR,ÍA,4,0,28,0.007
2025-06-26,2,KR,ÍA,4,1,62,0.0155
2025-06-26,2,KR,ÍA,4,2,76,0.019
2025-06-26,2,KR,ÍA,4,3,90,0.0225
2025-06-26,2,KR,ÍA,4,4,63,0.01575
2025-06-26,2,KR,ÍA,4,5,40,0.01
2025-06-26,2,KR,ÍA,4,6,22,0.0055
2025-06-26,2,KR,ÍA,4,7,10,0.0025
2025-06-26,2,KR,ÍA,4,8,2,5e-4
2025-06-26,2,KR,ÍA,4,9,2,5e-4
2025-06-26,2,KR,ÍA,4,11,1,2.5e-4
2025-06-26,2,KR,ÍA,5,0,11,0.00275
2025-06-26,2,KR,ÍA,5,1,38,0.0095
2025-06-26,2,KR,ÍA,5,2,44,0.011
2025-06-26,2,KR,ÍA,5,3,52,0.013
2025-06-26,2,KR,ÍA,5,4,35,0.00875
2025-06-26,2,KR,ÍA,5,5,23,0.00575
2025-06-26,2,KR,ÍA,5,6,13,0.00325
2025-06-26,2,KR,ÍA,5,7,8,0.002
2025-06-26,2,KR,ÍA,5,8,1,2.5e-4
2025-06-26,2,KR,ÍA,5,9,1,2.5e-4
2025-06-26,2,KR,ÍA,5,10,2,5e-4
2025-06-26,2,KR,ÍA,6,0,6,0.0015
2025-06-26,2,KR,ÍA,6,1,13,0.00325
2025-06-26,2,KR,ÍA,6,2,27,0.00675
2025-06-26,2,KR,ÍA,6,3,22,0.0055
2025-06-26,2,KR,ÍA,6,4,18,0.0045
2025-06-26,2,KR,ÍA,6,5,7,0.00175
2025-06-26,2,KR,ÍA,6,6,13,0.00325
2025-06-26,2,KR,ÍA,6,7,2,5e-4
2025-06-26,2,KR,ÍA,6,8,2,5e-4
2025-06-26,2,KR,ÍA,6,10,1,2.5e-4
2025-06-26,2,KR,ÍA,7,1,4,0.001
2025-06-26,2,KR,ÍA,7,2,11,0.00275
2025-06-26,2,KR,ÍA,7,3,9,0.00225
2025-06-26,2,KR,ÍA,7,4,9,0.00225
2025-06-26,2,KR,ÍA,7,5,4,0.001
2025-06-26,2,KR,ÍA,7,6,1,2.5e-4
2025-06-26,2,KR,ÍA,7,8,1,2.5e-4
2025-06-26,2,KR,ÍA,7,9,1,2.5e-4
2025-06-26,2,KR,ÍA,8,0,1,2.5e-4
2025-06-26,2,KR,ÍA,8,1,1,2.5e-4
2025-06-26,2,KR,ÍA,8,2,7,0.00175
2025-06-26,2,KR,ÍA,8,3,5,0.00125
2025-06-26,2,KR,ÍA,8,4,2,5e-4
2025-06-26,2,KR,ÍA,8,6,1,2.5e-4
2025-06-26,2,KR,ÍA,8,7,1,2.5e-4
2025-06-26,2,KR,ÍA,8,8,1,2.5e-4
2025-06-26,2,KR,ÍA,9,0,1,2.5e-4
2025-06-26,2,KR,ÍA,9,1,1,2.5e-4
2025-06-26,2,KR,ÍA,9,2,2,5e-4
2025-06-26,2,KR,ÍA,9,3,1,2.5e-4
2025-06-26,2,KR,ÍA,9,7,1,2.5e-4
2025-06-26,2,KR,ÍA,10,3,2,5e-4
2025-06-26,2,KR,ÍA,10,8,1,2.5e-4
2025-06-26,2,KR,ÍA,11,4,1,2.5e-4
2025-06-26,2,KR,ÍA,11,5,1,2.5e-4
2025-06-26,3,Selfoss,Smári,0,0,13,0.00325
2025-06-26,3,Selfoss,Smári,0,1,2,5e-4
2025-06-26,3,Selfoss,Smári,1,0,37,0.00925
2025-06-26,3,Selfoss,Smári,1,1,3,7.5e-4
2025-06-26,3,Selfoss,Smári,2,0,95,0.02375
2025-06-26,3,Selfoss,Smári,2,1,13,0.00325
2025-06-26,3,Selfoss,Smári,2,2,1,2.5e-4
2025-06-26,3,Selfoss,Smári,3,0,154,0.0385
2025-06-26,3,Selfoss,Smári,3,1,41,0.01025
2025-06-26,3,Selfoss,Smári,3,2,3,7.5e-4
2025-06-26,3,Selfoss,Smári,4,0,257,0.06425
2025-06-26,3,Selfoss,Smári,4,1,37,0.00925
2025-06-26,3,Selfoss,Smári,4,2,2,5e-4
2025-06-26,3,Selfoss,Smári,5,0,318,0.0795
2025-06-26,3,Selfoss,Smári,5,1,61,0.01525
2025-06-26,3,Selfoss,Smári,5,2,7,0.00175
2025-06-26,3,Selfoss,Smári,6,0,322,0.0805
2025-06-26,3,Selfoss,Smári,6,1,50,0.0125
2025-06-26,3,Selfoss,Smári,6,2,5,0.00125
2025-06-26,3,Selfoss,Smári,6,3,1,2.5e-4
2025-06-26,3,Selfoss,Smári,7,0,380,0.095
2025-06-26,3,Selfoss,Smári,7,1,70,0.0175
2025-06-26,3,Selfoss,Smári,7,2,1,2.5e-4
2025-06-26,3,Selfoss,Smári,8,0,346,0.0865
2025-06-26,3,Selfoss,Smári,8,1,53,0.01325
2025-06-26,3,Selfoss,Smári,8,2,6,0.0015
2025-06-26,3,Selfoss,Smári,8,3,1,2.5e-4
2025-06-26,3,Selfoss,Smári,9,0,338,0.0845
2025-06-26,3,Selfoss,Smári,9,1,58,0.0145
2025-06-26,3,Selfoss,Smári,9,2,4,0.001
2025-06-26,3,Selfoss,Smári,10,0,275,0.06875
2025-06-26,3,Selfoss,Smári,10,1,51,0.01275
2025-06-26,3,Selfoss,Smári,10,2,7,0.00175
2025-06-26,3,Selfoss,Smári,11,0,226,0.0565
2025-06-26,3,Selfoss,Smári,11,1,36,0.009
2025-06-26,3,Selfoss,Smári,11,2,1,2.5e-4
2025-06-26,3,Selfoss,Smári,12,0,186,0.0465
2025-06-26,3,Selfoss,Smári,12,1,23,0.00575
2025-06-26,3,Selfoss,Smári,12,2,3,7.5e-4
2025-06-26,3,Selfoss,Smári,13,0,98,0.0245
2025-06-26,3,Selfoss,Smári,13,1,20,0.005
2025-06-26,3,Selfoss,Smári,13,2,1,2.5e-4
2025-06-26,3,Selfoss,Smári,14,0,107,0.02675
2025-06-26,3,Selfoss,Smári,14,1,16,0.004
2025-06-26,3,Selfoss,Smári,14,2,2,5e-4
2025-06-26,3,Selfoss,Smári,15,0,59,0.01475
2025-06-26,3,Selfoss,Smári,15,1,12,0.003
2025-06-26,3,Selfoss,Smári,15,2,1,2.5e-4
2025-06-26,3,Selfoss,Smári,16,0,48,0.012
2025-06-26,3,Selfoss,Smári,16,1,14,0.0035
2025-06-26,3,Selfoss,Smári,17,0,34,0.0085
2025-06-26,3,Selfoss,Smári,17,1,6,0.0015
2025-06-26,3,Selfoss,Smári,18,0,24,0.006
2025-06-26,3,Selfoss,Smári,18,1,3,7.5e-4
2025-06-26,3,Selfoss,Smári,19,0,18,0.0045
2025-06-26,3,Selfoss,Smári,20,0,11,0.00275
2025-06-26,3,Selfoss,Smári,20,1,3,7.5e-4
2025-06-26,3,Selfoss,Smári,21,0,14,0.0035
2025-06-26,3,Selfoss,Smári,21,1,1,2.5e-4
2025-06-26,3,Selfoss,Smári,22,0,7,0.00175
2025-06-26,3,Selfoss,Smári,23,0,3,7.5e-4
2025-06-26,3,Selfoss,Smári,23,1,2,5e-4
2025-06-26,3,Selfoss,Smári,24,0,4,0.001
2025-06-26,3,Selfoss,Smári,25,0,2,5e-4
2025-06-26,3,Selfoss,Smári,26,0,2,5e-4
2025-06-26,3,Selfoss,Smári,26,2,1,2.5e-4
2025-06-28,3,Fjölnir,Vestri,0,0,50,0.0125
2025-06-28,3,Fjölnir,Vestri,0,1,23,0.00575
2025-06-28,3,Fjölnir,Vestri,0,2,11,0.00275
2025-06-28,3,Fjölnir,Vestri,0,3,3,7.5e-4
2025-06-28,3,Fjölnir,Vestri,1,0,117,0.02925
2025-06-28,3,Fjölnir,Vestri,1,1,84,0.021
2025-06-28,3,Fjölnir,Vestri,1,2,30,0.0075
2025-06-28,3,Fjölnir,Vestri,1,3,3,7.5e-4
2025-06-28,3,Fjölnir,Vestri,1,5,1,2.5e-4
2025-06-28,3,Fjölnir,Vestri,2,0,229,0.05725
2025-06-28,3,Fjölnir,Vestri,2,1,142,0.0355
2025-06-28,3,Fjölnir,Vestri,2,2,41,0.01025
2025-06-28,3,Fjölnir,Vestri,2,3,10,0.0025
2025-06-28,3,Fjölnir,Vestri,2,4,2,5e-4
2025-06-28,3,Fjölnir,Vestri,3,0,302,0.0755
2025-06-28,3,Fjölnir,Vestri,3,1,187,0.04675
2025-06-28,3,Fjölnir,Vestri,3,2,58,0.0145
2025-06-28,3,Fjölnir,Vestri,3,3,17,0.00425
2025-06-28,3,Fjölnir,Vestri,3,4,5,0.00125
2025-06-28,3,Fjölnir,Vestri,4,0,334,0.0835
2025-06-28,3,Fjölnir,Vestri,4,1,183,0.04575
2025-06-28,3,Fjölnir,Vestri,4,2,62,0.0155
2025-06-28,3,Fjölnir,Vestri,4,3,16,0.004
2025-06-28,3,Fjölnir,Vestri,4,4,4,0.001
2025-06-28,3,Fjölnir,Vestri,4,5,2,5e-4
2025-06-28,3,Fjölnir,Vestri,5,0,278,0.0695
2025-06-28,3,Fjölnir,Vestri,5,1,169,0.04225
2025-06-28,3,Fjölnir,Vestri,5,2,43,0.01075
2025-06-28,3,Fjölnir,Vestri,5,3,16,0.004
2025-06-28,3,Fjölnir,Vestri,5,4,3,7.5e-4
2025-06-28,3,Fjölnir,Vestri,6,0,243,0.06075
2025-06-28,3,Fjölnir,Vestri,6,1,145,0.03625
2025-06-28,3,Fjölnir,Vestri,6,2,42,0.0105
2025-06-28,3,Fjölnir,Vestri,6,3,6,0.0015
2025-06-28,3,Fjölnir,Vestri,6,4,5,0.00125
2025-06-28,3,Fjölnir,Vestri,7,0,225,0.05625
2025-06-28,3,Fjölnir,Vestri,7,1,130,0.0325
2025-06-28,3,Fjölnir,Vestri,7,2,33,0.00825
2025-06-28,3,Fjölnir,Vestri,7,3,5,0.00125
2025-06-28,3,Fjölnir,Vestri,7,4,2,5e-4
2025-06-28,3,Fjölnir,Vestri,8,0,149,0.03725
2025-06-28,3,Fjölnir,Vestri,8,1,83,0.02075
2025-06-28,3,Fjölnir,Vestri,8,2,19,0.00475
2025-06-28,3,Fjölnir,Vestri,8,3,5,0.00125
2025-06-28,3,Fjölnir,Vestri,8,4,1,2.5e-4
2025-06-28,3,Fjölnir,Vestri,9,0,97,0.02425
2025-06-28,3,Fjölnir,Vestri,9,1,55,0.01375
2025-06-28,3,Fjölnir,Vestri,9,2,11,0.00275
2025-06-28,3,Fjölnir,Vestri,9,3,5,0.00125
2025-06-28,3,Fjölnir,Vestri,10,0,77,0.01925
2025-06-28,3,Fjölnir,Vestri,10,1,28,0.007
2025-06-28,3,Fjölnir,Vestri,10,2,12,0.003
2025-06-28,3,Fjölnir,Vestri,10,3,1,2.5e-4
2025-06-28,3,Fjölnir,Vestri,11,0,47,0.01175
2025-06-28,3,Fjölnir,Vestri,11,1,24,0.006
2025-06-28,3,Fjölnir,Vestri,11,2,6,0.0015
2025-06-28,3,Fjölnir,Vestri,12,0,38,0.0095
2025-06-28,3,Fjölnir,Vestri,12,1,10,0.0025
2025-06-28,3,Fjölnir,Vestri,12,2,4,0.001
2025-06-28,3,Fjölnir,Vestri,13,0,16,0.004
2025-06-28,3,Fjölnir,Vestri,13,1,12,0.003
2025-06-28,3,Fjölnir,Vestri,13,2,1,2.5e-4
2025-06-28,3,Fjölnir,Vestri,14,0,11,0.00275
2025-06-28,3,Fjölnir,Vestri,14,1,3,7.5e-4
2025-06-28,3,Fjölnir,Vestri,14,2,2,5e-4
2025-06-28,3,Fjölnir,Vestri,15,0,8,0.002
2025-06-28,3,Fjölnir,Vestri,15,1,2,5e-4
2025-06-28,3,Fjölnir,Vestri,15,2,1,2.5e-4
2025-06-28,3,Fjölnir,Vestri,15,3,1,2.5e-4
2025-06-28,3,Fjölnir,Vestri,16,0,3,7.5e-4
2025-06-28,3,Fjölnir,Vestri,16,2,1,2.5e-4
2025-06-28,3,Fjölnir,Vestri,17,0,3,7.5e-4
2025-06-28,3,Fjölnir,Vestri,18,0,1,2.5e-4
2025-06-28,3,Fjölnir,Vestri,18,2,1,2.5e-4
2025-06-28,3,Fjölnir,Vestri,19,0,1,2.5e-4
2025-06-28,3,KÞ,Dalvík/Reynir,0,0,746,0.1865
2025-06-28,3,KÞ,Dalvík/Reynir,0,1,258,0.0645
2025-06-28,3,KÞ,Dalvík/Reynir,0,2,80,0.02
2025-06-28,3,KÞ,Dalvík/Reynir,0,3,26,0.0065
2025-06-28,3,KÞ,Dalvík/Reynir,0,4,12,0.003
2025-06-28,3,KÞ,Dalvík/Reynir,0,7,2,5e-4
2025-06-28,3,KÞ,Dalvík/Reynir,1,0,839,0.20975
2025-06-28,3,KÞ,Dalvík/Reynir,1,1,307,0.07675
2025-06-28,3,KÞ,Dalvík/Reynir,1,2,77,0.01925
2025-06-28,3,KÞ,Dalvík/Reynir,1,3,30,0.0075
2025-06-28,3,KÞ,Dalvík/Reynir,1,4,9,0.00225
2025-06-28,3,KÞ,Dalvík/Reynir,1,5,3,7.5e-4
2025-06-28,3,KÞ,Dalvík/Reynir,1,6,2,5e-4
2025-06-28,3,KÞ,Dalvík/Reynir,2,0,563,0.14075
2025-06-28,3,KÞ,Dalvík/Reynir,2,1,174,0.0435
2025-06-28,3,KÞ,Dalvík/Reynir,2,2,65,0.01625
2025-06-28,3,KÞ,Dalvík/Reynir,2,3,16,0.004
2025-06-28,3,KÞ,Dalvík/Reynir,2,4,4,0.001
2025-06-28,3,KÞ,Dalvík/Reynir,2,5,1,2.5e-4
2025-06-28,3,KÞ,Dalvík/Reynir,3,0,276,0.069
2025-06-28,3,KÞ,Dalvík/Reynir,3,1,100,0.025
2025-06-28,3,KÞ,Dalvík/Reynir,3,2,37,0.00925
2025-06-28,3,KÞ,Dalvík/Reynir,3,3,10,0.0025
2025-06-28,3,KÞ,Dalvík/Reynir,3,4,3,7.5e-4
2025-06-28,3,KÞ,Dalvík/Reynir,3,5,1,2.5e-4
2025-06-28,3,KÞ,Dalvík/Reynir,3,6,1,2.5e-4
2025-06-28,3,KÞ,Dalvík/Reynir,4,0,118,0.0295
2025-06-28,3,KÞ,Dalvík/Reynir,4,1,52,0.013
2025-06-28,3,KÞ,Dalvík/Reynir,4,2,22,0.0055
2025-06-28,3,KÞ,Dalvík/Reynir,4,3,7,0.00175
2025-06-28,3,KÞ,Dalvík/Reynir,4,4,3,7.5e-4
2025-06-28,3,KÞ,Dalvík/Reynir,5,0,52,0.013
2025-06-28,3,KÞ,Dalvík/Reynir,5,1,31,0.00775
2025-06-28,3,KÞ,Dalvík/Reynir,5,2,9,0.00225
2025-06-28,3,KÞ,Dalvík/Reynir,5,3,1,2.5e-4
2025-06-28,3,KÞ,Dalvík/Reynir,5,5,1,2.5e-4
2025-06-28,3,KÞ,Dalvík/Reynir,6,0,16,0.004
2025-06-28,3,KÞ,Dalvík/Reynir,6,1,5,0.00125
2025-06-28,3,KÞ,Dalvík/Reynir,6,2,5,0.00125
2025-06-28,3,KÞ,Dalvík/Reynir,6,4,1,2.5e-4
2025-06-28,3,KÞ,Dalvík/Reynir,6,5,1,2.5e-4
2025-06-28,3,KÞ,Dalvík/Reynir,7,0,12,0.003
2025-06-28,3,KÞ,Dalvík/Reynir,7,1,6,0.0015
2025-06-28,3,KÞ,Dalvík/Reynir,7,2,1,2.5e-4
2025-06-28,3,KÞ,Dalvík/Reynir,7,3,1,2.5e-4
2025-06-28,3,KÞ,Dalvík/Reynir,7,7,1,2.5e-4
2025-06-28,3,KÞ,Dalvík/Reynir,8,0,4,0.001
2025-06-28,3,KÞ,Dalvík/Reynir,8,1,3,7.5e-4
2025-06-28,3,KÞ,Dalvík/Reynir,9,0,3,7.5e-4
2025-06-28,3,KÞ,Dalvík/Reynir,9,1,1,2.5e-4
2025-06-28,3,KÞ,Dalvík/Reynir,10,0,1,2.5e-4
2025-06-28,3,KÞ,Dalvík/Reynir,10,1,1,2.5e-4
2025-06-28,3,Sindri,ÍR,0,0,42,0.0105
2025-06-28,3,Sindri,ÍR,0,1,80,0.02
2025-06-28,3,Sindri,ÍR,0,2,121,0.03025
2025-06-28,3,Sindri,ÍR,0,3,159,0.03975
2025-06-28,3,Sindri,ÍR,0,4,141,0.03525
2025-06-28,3,Sindri,ÍR,0,5,106,0.0265
2025-06-28,3,Sindri,ÍR,0,6,87,0.02175
2025-06-28,3,Sindri,ÍR,0,7,41,0.01025
2025-06-28,3,Sindri,ÍR,0,8,30,0.0075
2025-06-28,3,Sindri,ÍR,0,9,19,0.00475
2025-06-28,3,Sindri,ÍR,0,10,8,0.002
2025-06-28,3,Sindri,ÍR,0,11,6,0.0015
2025-06-28,3,Sindri,ÍR,0,12,2,5e-4
2025-06-28,3,Sindri,ÍR,0,13,2,5e-4
2025-06-28,3,Sindri,ÍR,0,14,3,7.5e-4
2025-06-28,3,Sindri,ÍR,0,15,2,5e-4
2025-06-28,3,Sindri,ÍR,1,0,50,0.0125
2025-06-28,3,Sindri,ÍR,1,1,136,0.034
2025-06-28,3,Sindri,ÍR,1,2,182,0.0455
2025-06-28,3,Sindri,ÍR,1,3,195,0.04875
2025-06-28,3,Sindri,ÍR,1,4,179,0.04475
2025-06-28,3,Sindri,ÍR,1,5,137,0.03425
2025-06-28,3,Sindri,ÍR,1,6,111,0.02775
2025-06-28,3,Sindri,ÍR,1,7,73,0.01825
2025-06-28,3,Sindri,ÍR,1,8,44,0.011
2025-06-28,3,Sindri,ÍR,1,9,28,0.007
2025-06-28,3,Sindri,ÍR,1,10,15,0.00375
2025-06-28,3,Sindri,ÍR,1,11,9,0.00225
2025-06-28,3,Sindri,ÍR,1,12,6,0.0015
2025-06-28,3,Sindri,ÍR,1,13,2,5e-4
2025-06-28,3,Sindri,ÍR,1,15,1,2.5e-4
2025-06-28,3,Sindri,ÍR,1,16,1,2.5e-4
2025-06-28,3,Sindri,ÍR,1,17,1,2.5e-4
2025-06-28,3,Sindri,ÍR,1,18,1,2.5e-4
2025-06-28,3,Sindri,ÍR,1,19,1,2.5e-4
2025-06-28,3,Sindri,ÍR,2,0,29,0.00725
2025-06-28,3,Sindri,ÍR,2,1,108,0.027
2025-06-28,3,Sindri,ÍR,2,2,161,0.04025
2025-06-28,3,Sindri,ÍR,2,3,149,0.03725
2025-06-28,3,Sindri,ÍR,2,4,160,0.04
2025-06-28,3,Sindri,ÍR,2,5,124,0.031
2025-06-28,3,Sindri,ÍR,2,6,78,0.0195
2025-06-28,3,Sindri,ÍR,2,7,54,0.0135
2025-06-28,3,Sindri,ÍR,2,8,30,0.0075
2025-06-28,3,Sindri,ÍR,2,9,18,0.0045
2025-06-28,3,Sindri,ÍR,2,10,10,0.0025
2025-06-28,3,Sindri,ÍR,2,11,8,0.002
2025-06-28,3,Sindri,ÍR,2,12,8,0.002
2025-06-28,3,Sindri,ÍR,2,13,3,7.5e-4
2025-06-28,3,Sindri,ÍR,2,14,3,7.5e-4
2025-06-28,3,Sindri,ÍR,2,15,1,2.5e-4
2025-06-28,3,Sindri,ÍR,2,18,1,2.5e-4
2025-06-28,3,Sindri,ÍR,3,0,22,0.0055
2025-06-28,3,Sindri,ÍR,3,1,49,0.01225
2025-06-28,3,Sindri,ÍR,3,2,87,0.02175
2025-06-28,3,Sindri,ÍR,3,3,110,0.0275
2025-06-28,3,Sindri,ÍR,3,4,89,0.02225
2025-06-28,3,Sindri,ÍR,3,5,77,0.01925
2025-06-28,3,Sindri,ÍR,3,6,49,0.01225
2025-06-28,3,Sindri,ÍR,3,7,32,0.008
2025-06-28,3,Sindri,ÍR,3,8,20,0.005
2025-06-28,3,Sindri,ÍR,3,9,9,0.00225
2025-06-28,3,Sindri,ÍR,3,10,10,0.0025
2025-06-28,3,Sindri,ÍR,3,11,7,0.00175
2025-06-28,3,Sindri,ÍR,3,12,2,5e-4
2025-06-28,3,Sindri,ÍR,3,13,1,2.5e-4
2025-06-28,3,Sindri,ÍR,4,0,8,0.002
2025-06-28,3,Sindri,ÍR,4,1,20,0.005
2025-06-28,3,Sindri,ÍR,4,2,41,0.01025
2025-06-28,3,Sindri,ÍR,4,3,51,0.01275
2025-06-28,3,Sindri,ÍR,4,4,59,0.01475
2025-06-28,3,Sindri,ÍR,4,5,30,0.0075
2025-06-28,3,Sindri,ÍR,4,6,21,0.00525
2025-06-28,3,Sindri,ÍR,4,7,15,0.00375
2025-06-28,3,Sindri,ÍR,4,8,5,0.00125
2025-06-28,3,Sindri,ÍR,4,9,12,0.003
2025-06-28,3,Sindri,ÍR,4,10,4,0.001
2025-06-28,3,Sindri,ÍR,4,11,4,0.001
2025-06-28,3,Sindri,ÍR,4,12,1,2.5e-4
2025-06-28,3,Sindri,ÍR,5,0,6,0.0015
2025-06-28,3,Sindri,ÍR,5,1,11,0.00275
2025-06-28,3,Sindri,ÍR,5,2,18,0.0045
2025-06-28,3,Sindri,ÍR,5,3,21,0.00525
2025-06-28,3,Sindri,ÍR,5,4,22,0.0055
2025-06-28,3,Sindri,ÍR,5,5,23,0.00575
2025-06-28,3,Sindri,ÍR,5,6,16,0.004
2025-06-28,3,Sindri,ÍR,5,7,2,5e-4
2025-06-28,3,Sindri,ÍR,5,8,4,0.001
2025-06-28,3,Sindri,ÍR,5,9,1,2.5e-4
2025-06-28,3,Sindri,ÍR,5,10,2,5e-4
2025-06-28,3,Sindri,ÍR,5,13,1,2.5e-4
2025-06-28,3,Sindri,ÍR,6,0,2,5e-4
2025-06-28,3,Sindri,ÍR,6,1,2,5e-4
2025-06-28,3,Sindri,ÍR,6,2,6,0.0015
2025-06-28,3,Sindri,ÍR,6,3,10,0.0025
2025-06-28,3,Sindri,ÍR,6,4,8,0.002
2025-06-28,3,Sindri,ÍR,6,5,4,0.001
2025-06-28,3,Sindri,ÍR,6,6,7,0.00175
2025-06-28,3,Sindri,ÍR,6,7,3,7.5e-4
2025-06-28,3,Sindri,ÍR,6,8,3,7.5e-4
2025-06-28,3,Sindri,ÍR,6,11,2,5e-4
2025-06-28,3,Sindri,ÍR,7,1,3,7.5e-4
2025-06-28,3,Sindri,ÍR,7,2,1,2.5e-4
2025-06-28,3,Sindri,ÍR,7,3,1,2.5e-4
2025-06-28,3,Sindri,ÍR,7,4,1,2.5e-4
2025-06-28,3,Sindri,ÍR,7,5,2,5e-4
2025-06-28,3,Sindri,ÍR,7,6,2,5e-4
2025-06-28,3,Sindri,ÍR,7,7,2,5e-4
2025-06-28,3,Sindri,ÍR,8,4,2,5e-4
2025-06-28,3,Sindri,ÍR,8,5,2,5e-4
2025-06-28,3,Sindri,ÍR,8,6,1,2.5e-4
2025-06-28,3,Sindri,ÍR,8,9,1,2.5e-4
2025-06-28,3,Sindri,ÍR,9,5,1,2.5e-4
2025-06-28,3,Sindri,ÍR,9,6,1,2.5e-4
2025-06-28,3,Sindri,ÍR,10,2,1,2.5e-4
2025-06-28,3,Sindri,ÍR,10,4,1,2.5e-4
2025-06-28,3,Sindri,ÍR,11,1,1,2.5e-4
2025-06-28,3,Sindri,ÍR,11,11,1,2.5e-4
2025-06-28,3,Sindri,ÍR,15,15,1,2.5e-4
2025-06-28,3,Völsungur,ÍH,0,0,87,0.02175
2025-06-28,3,Völsungur,ÍH,0,1,71,0.01775
2025-06-28,3,Völsungur,ÍH,0,2,43,0.01075
2025-06-28,3,Völsungur,ÍH,0,3,20,0.005
2025-06-28,3,Völsungur,ÍH,0,4,8,0.002
2025-06-28,3,Völsungur,ÍH,0,5,2,5e-4
2025-06-28,3,Völsungur,ÍH,1,0,199,0.04975
2025-06-28,3,Völsungur,ÍH,1,1,206,0.0515
2025-06-28,3,Völsungur,ÍH,1,2,103,0.02575
2025-06-28,3,Völsungur,ÍH,1,3,48,0.012
2025-06-28,3,Völsungur,ÍH,1,4,10,0.0025
2025-06-28,3,Völsungur,ÍH,1,5,5,0.00125
2025-06-28,3,Völsungur,ÍH,1,6,4,0.001
2025-06-28,3,Völsungur,ÍH,1,8,1,2.5e-4
2025-06-28,3,Völsungur,ÍH,2,0,253,0.06325
2025-06-28,3,Völsungur,ÍH,2,1,248,0.062
2025-06-28,3,Völsungur,ÍH,2,2,161,0.04025
2025-06-28,3,Völsungur,ÍH,2,3,73,0.01825
2025-06-28,3,Völsungur,ÍH,2,4,29,0.00725
2025-06-28,3,Völsungur,ÍH,2,5,8,0.002
2025-06-28,3,Völsungur,ÍH,2,6,2,5e-4
2025-06-28,3,Völsungur,ÍH,2,7,1,2.5e-4
2025-06-28,3,Völsungur,ÍH,2,8,1,2.5e-4
2025-06-28,3,Völsungur,ÍH,3,0,272,0.068
2025-06-28,3,Völsungur,ÍH,3,1,252,0.063
2025-06-28,3,Völsungur,ÍH,3,2,166,0.0415
2025-06-28,3,Völsungur,ÍH,3,3,77,0.01925
2025-06-28,3,Völsungur,ÍH,3,4,24,0.006
2025-06-28,3,Völsungur,ÍH,3,5,9,0.00225
2025-06-28,3,Völsungur,ÍH,4,0,193,0.04825
2025-06-28,3,Völsungur,ÍH,4,1,192,0.048
2025-06-28,3,Völsungur,ÍH,4,2,126,0.0315
2025-06-28,3,Völsungur,ÍH,4,3,66,0.0165
2025-06-28,3,Völsungur,ÍH,4,4,21,0.00525
2025-06-28,3,Völsungur,ÍH,4,5,6,0.0015
2025-06-28,3,Völsungur,ÍH,5,0,122,0.0305
2025-06-28,3,Völsungur,ÍH,5,1,133,0.03325
2025-06-28,3,Völsungur,ÍH,5,2,88,0.022
2025-06-28,3,Völsungur,ÍH,5,3,43,0.01075
2025-06-28,3,Völsungur,ÍH,5,4,11,0.00275
2025-06-28,3,Völsungur,ÍH,5,5,5,0.00125
2025-06-28,3,Völsungur,ÍH,6,0,76,0.019
2025-06-28,3,Völsungur,ÍH,6,1,96,0.024
2025-06-28,3,Völsungur,ÍH,6,2,50,0.0125
2025-06-28,3,Völsungur,ÍH,6,3,25,0.00625
2025-06-28,3,Völsungur,ÍH,6,4,8,0.002
2025-06-28,3,Völsungur,ÍH,6,5,2,5e-4
2025-06-28,3,Völsungur,ÍH,6,6,1,2.5e-4
2025-06-28,3,Völsungur,ÍH,6,7,2,5e-4
2025-06-28,3,Völsungur,ÍH,7,0,46,0.0115
2025-06-28,3,Völsungur,ÍH,7,1,59,0.01475
2025-06-28,3,Völsungur,ÍH,7,2,30,0.0075
2025-06-28,3,Völsungur,ÍH,7,3,24,0.006
2025-06-28,3,Völsungur,ÍH,7,4,6,0.0015
2025-06-28,3,Völsungur,ÍH,7,5,2,5e-4
2025-06-28,3,Völsungur,ÍH,8,0,32,0.008
2025-06-28,3,Völsungur,ÍH,8,1,36,0.009
2025-06-28,3,Völsungur,ÍH,8,2,20,0.005
2025-06-28,3,Völsungur,ÍH,8,3,10,0.0025
2025-06-28,3,Völsungur,ÍH,8,4,2,5e-4
2025-06-28,3,Völsungur,ÍH,9,0,11,0.00275
2025-06-28,3,Völsungur,ÍH,9,1,10,0.0025
2025-06-28,3,Völsungur,ÍH,9,2,7,0.00175
2025-06-28,3,Völsungur,ÍH,9,3,2,5e-4
2025-06-28,3,Völsungur,ÍH,9,4,1,2.5e-4
2025-06-28,3,Völsungur,ÍH,9,5,1,2.5e-4
2025-06-28,3,Völsungur,ÍH,9,6,1,2.5e-4
2025-06-28,3,Völsungur,ÍH,10,0,5,0.00125
2025-06-28,3,Völsungur,ÍH,10,1,8,0.002
2025-06-28,3,Völsungur,ÍH,10,2,5,0.00125
2025-06-28,3,Völsungur,ÍH,10,3,2,5e-4
2025-06-28,3,Völsungur,ÍH,10,4,1,2.5e-4
2025-06-28,3,Völsungur,ÍH,10,8,1,2.5e-4
2025-06-28,3,Völsungur,ÍH,11,0,3,7.5e-4
2025-06-28,3,Völsungur,ÍH,11,1,5,0.00125
2025-06-28,3,Völsungur,ÍH,11,2,5,0.00125
2025-06-28,3,Völsungur,ÍH,11,5,1,2.5e-4
2025-06-28,3,Völsungur,ÍH,12,0,1,2.5e-4
2025-06-28,3,Völsungur,ÍH,12,1,1,2.5e-4
2025-06-28,3,Völsungur,ÍH,12,4,1,2.5e-4
2025-06-28,3,Völsungur,ÍH,13,1,3,7.5e-4
2025-06-28,3,Völsungur,ÍH,14,0,2,5e-4
2025-06-28,3,Völsungur,ÍH,14,2,2,5e-4
2025-06-28,3,Völsungur,ÍH,15,0,1,2.5e-4
2025-06-28,3,Völsungur,ÍH,16,1,2,5e-4
2025-06-28,3,Völsungur,ÍH,18,1,1,2.5e-4
2025-06-28,3,Völsungur,ÍH,21,1,1,2.5e-4
2025-06-28,3,Álftanes,Einherji,0,0,280,0.07
2025-06-28,3,Álftanes,Einherji,0,1,253,0.06325
2025-06-28,3,Álftanes,Einherji,0,2,150,0.0375
2025-06-28,3,Álftanes,Einherji,0,3,84,0.021
2025-06-28,3,Álftanes,Einherji,0,4,28,0.007
2025-06-28,3,Álftanes,Einherji,0,5,8,0.002
2025-06-28,3,Álftanes,Einherji,0,7,1,2.5e-4
2025-06-28,3,Álftanes,Einherji,0,8,1,2.5e-4
2025-06-28,3,Álftanes,Einherji,1,0,299,0.07475
2025-06-28,3,Álftanes,Einherji,1,1,379,0.09475
2025-06-28,3,Álftanes,Einherji,1,2,256,0.064
2025-06-28,3,Álftanes,Einherji,1,3,112,0.028
2025-06-28,3,Álftanes,Einherji,1,4,48,0.012
2025-06-28,3,Álftanes,Einherji,1,5,24,0.006
2025-06-28,3,Álftanes,Einherji,1,6,5,0.00125
2025-06-28,3,Álftanes,Einherji,1,8,2,5e-4
2025-06-28,3,Álftanes,Einherji,2,0,265,0.06625
2025-06-28,3,Álftanes,Einherji,2,1,288,0.072
2025-06-28,3,Álftanes,Einherji,2,2,215,0.05375
2025-06-28,3,Álftanes,Einherji,2,3,110,0.0275
2025-06-28,3,Álftanes,Einherji,2,4,41,0.01025
2025-06-28,3,Álftanes,Einherji,2,5,15,0.00375
2025-06-28,3,Álftanes,Einherji,2,6,5,0.00125
2025-06-28,3,Álftanes,Einherji,2,7,3,7.5e-4
2025-06-28,3,Álftanes,Einherji,3,0,180,0.045
2025-06-28,3,Álftanes,Einherji,3,1,180,0.045
2025-06-28,3,Álftanes,Einherji,3,2,122,0.0305
2025-06-28,3,Álftanes,Einherji,3,3,73,0.01825
2025-06-28,3,Álftanes,Einherji,3,4,30,0.0075
2025-06-28,3,Álftanes,Einherji,3,5,10,0.0025
2025-06-28,3,Álftanes,Einherji,3,6,3,7.5e-4
2025-06-28,3,Álftanes,Einherji,3,7,1,2.5e-4
2025-06-28,3,Álftanes,Einherji,4,0,87,0.02175
2025-06-28,3,Álftanes,Einherji,4,1,84,0.021
2025-06-28,3,Álftanes,Einherji,4,2,69,0.01725
2025-06-28,3,Álftanes,Einherji,4,3,38,0.0095
2025-06-28,3,Álftanes,Einherji,4,4,10,0.0025
2025-06-28,3,Álftanes,Einherji,4,5,8,0.002
2025-06-28,3,Álftanes,Einherji,4,6,2,5e-4
2025-06-28,3,Álftanes,Einherji,5,0,36,0.009
2025-06-28,3,Álftanes,Einherji,5,1,49,0.01225
2025-06-28,3,Álftanes,Einherji,5,2,33,0.00825
2025-06-28,3,Álftanes,Einherji,5,3,14,0.0035
2025-06-28,3,Álftanes,Einherji,5,4,5,0.00125
2025-06-28,3,Álftanes,Einherji,5,5,4,0.001
2025-06-28,3,Álftanes,Einherji,5,6,1,2.5e-4
2025-06-28,3,Álftanes,Einherji,6,0,19,0.00475
2025-06-28,3,Álftanes,Einherji,6,1,15,0.00375
2025-06-28,3,Álftanes,Einherji,6,2,10,0.0025
2025-06-28,3,Álftanes,Einherji,6,3,4,0.001
2025-06-28,3,Álftanes,Einherji,6,4,1,2.5e-4
2025-06-28,3,Álftanes,Einherji,6,8,1,2.5e-4
2025-06-28,3,Álftanes,Einherji,7,0,9,0.00225
2025-06-28,3,Álftanes,Einherji,7,1,6,0.0015
2025-06-28,3,Álftanes,Einherji,7,2,10,0.0025
2025-06-28,3,Álftanes,Einherji,7,3,6,0.0015
2025-06-28,3,Álftanes,Einherji,7,4,1,2.5e-4
2025-06-28,3,Álftanes,Einherji,8,0,2,5e-4
2025-06-28,3,Álftanes,Einherji,8,1,3,7.5e-4
2025-06-28,3,Álftanes,Einherji,8,2,1,2.5e-4
2025-06-28,3,Álftanes,Einherji,8,3,1,2.5e-4
2025-06-30,2,Keflavík,Haukar,0,0,67,0.01675
2025-06-30,2,Keflavík,Haukar,0,1,33,0.00825
2025-06-30,2,Keflavík,Haukar,0,2,12,0.003
2025-06-30,2,Keflavík,Haukar,0,3,9,0.00225
2025-06-30,2,Keflavík,Haukar,0,5,1,2.5e-4
2025-06-30,2,Keflavík,Haukar,1,0,170,0.0425
2025-06-30,2,Keflavík,Haukar,1,1,133,0.03325
2025-06-30,2,Keflavík,Haukar,1,2,45,0.01125
2025-06-30,2,Keflavík,Haukar,1,3,24,0.006
2025-06-30,2,Keflavík,Haukar,1,4,4,0.001
2025-06-30,2,Keflavík,Haukar,1,7,1,2.5e-4
2025-06-30,2,Keflavík,Haukar,2,0,267,0.06675
2025-06-30,2,Keflavík,Haukar,2,1,188,0.047
2025-06-30,2,Keflavík,Haukar,2,2,93,0.02325
2025-06-30,2,Keflavík,Haukar,2,3,31,0.00775
2025-06-30,2,Keflavík,Haukar,2,4,8,0.002
2025-06-30,2,Keflavík,Haukar,2,6,3,7.5e-4
2025-06-30,2,Keflavík,Haukar,3,0,312,0.078
2025-06-30,2,Keflavík,Haukar,3,1,238,0.0595
2025-06-30,2,Keflavík,Haukar,3,2,115,0.02875
2025-06-30,2,Keflavík,Haukar,3,3,36,0.009
2025-06-30,2,Keflavík,Haukar,3,4,10,0.0025
2025-06-30,2,Keflavík,Haukar,3,5,3,7.5e-4
2025-06-30,2,Keflavík,Haukar,4,0,261,0.06525
2025-06-30,2,Keflavík,Haukar,4,1,225,0.05625
2025-06-30,2,Keflavík,Haukar,4,2,90,0.0225
2025-06-30,2,Keflavík,Haukar,4,3,26,0.0065
2025-06-30,2,Keflavík,Haukar,4,4,12,0.003
2025-06-30,2,Keflavík,Haukar,4,5,2,5e-4
2025-06-30,2,Keflavík,Haukar,4,6,2,5e-4
2025-06-30,2,Keflavík,Haukar,5,0,199,0.04975
2025-06-30,2,Keflavík,Haukar,5,1,193,0.04825
2025-06-30,2,Keflavík,Haukar,5,2,74,0.0185
2025-06-30,2,Keflavík,Haukar,5,3,26,0.0065
2025-06-30,2,Keflavík,Haukar,5,4,3,7.5e-4
2025-06-30,2,Keflavík,Haukar,5,5,6,0.0015
2025-06-30,2,Keflavík,Haukar,5,6,1,2.5e-4
2025-06-30,2,Keflavík,Haukar,6,0,180,0.045
2025-06-30,2,Keflavík,Haukar,6,1,132,0.033
2025-06-30,2,Keflavík,Haukar,6,2,58,0.0145
2025-06-30,2,Keflavík,Haukar,6,3,18,0.0045
2025-06-30,2,Keflavík,Haukar,6,4,7,0.00175
2025-06-30,2,Keflavík,Haukar,6,6,1,2.5e-4
2025-06-30,2,Keflavík,Haukar,7,0,118,0.0295
2025-06-30,2,Keflavík,Haukar,7,1,107,0.02675
2025-06-30,2,Keflavík,Haukar,7,2,38,0.0095
2025-06-30,2,Keflavík,Haukar,7,3,10,0.0025
2025-06-30,2,Keflavík,Haukar,7,4,3,7.5e-4
2025-06-30,2,Keflavík,Haukar,7,8,1,2.5e-4
2025-06-30,2,Keflavík,Haukar,8,0,61,0.01525
2025-06-30,2,Keflavík,Haukar,8,1,57,0.01425
2025-06-30,2,Keflavík,Haukar,8,2,31,0.00775
2025-06-30,2,Keflavík,Haukar,8,3,9,0.00225
2025-06-30,2,Keflavík,Haukar,8,4,2,5e-4
2025-06-30,2,Keflavík,Haukar,9,0,37,0.00925
2025-06-30,2,Keflavík,Haukar,9,1,28,0.007
2025-06-30,2,Keflavík,Haukar,9,2,15,0.00375
2025-06-30,2,Keflavík,Haukar,9,3,2,5e-4
2025-06-30,2,Keflavík,Haukar,9,4,1,2.5e-4
2025-06-30,2,Keflavík,Haukar,9,6,1,2.5e-4
2025-06-30,2,Keflavík,Haukar,9,9,1,2.5e-4
2025-06-30,2,Keflavík,Haukar,10,0,32,0.008
2025-06-30,2,Keflavík,Haukar,10,1,26,0.0065
2025-06-30,2,Keflavík,Haukar,10,2,5,0.00125
2025-06-30,2,Keflavík,Haukar,10,3,3,7.5e-4
2025-06-30,2,Keflavík,Haukar,10,4,1,2.5e-4
2025-06-30,2,Keflavík,Haukar,11,0,16,0.004
2025-06-30,2,Keflavík,Haukar,11,1,14,0.0035
2025-06-30,2,Keflavík,Haukar,11,2,8,0.002
2025-06-30,2,Keflavík,Haukar,11,4,1,2.5e-4
2025-06-30,2,Keflavík,Haukar,12,0,12,0.003
2025-06-30,2,Keflavík,Haukar,12,1,7,0.00175
2025-06-30,2,Keflavík,Haukar,12,2,4,0.001
2025-06-30,2,Keflavík,Haukar,12,3,3,7.5e-4
2025-06-30,2,Keflavík,Haukar,13,0,6,0.0015
2025-06-30,2,Keflavík,Haukar,13,1,2,5e-4
2025-06-30,2,Keflavík,Haukar,13,2,2,5e-4
2025-06-30,2,Keflavík,Haukar,13,3,1,2.5e-4
2025-06-30,2,Keflavík,Haukar,14,0,2,5e-4
2025-06-30,2,Keflavík,Haukar,14,1,3,7.5e-4
2025-06-30,2,Keflavík,Haukar,14,2,1,2.5e-4
2025-06-30,2,Keflavík,Haukar,15,1,1,2.5e-4
2025-06-30,2,Keflavík,Haukar,15,2,1,2.5e-4
2025-06-30,2,Keflavík,Haukar,16,0,3,7.5e-4
2025-06-30,2,Keflavík,Haukar,16,1,2,5e-4
2025-06-30,2,Keflavík,Haukar,17,1,2,5e-4
2025-06-30,2,Keflavík,Haukar,20,1,1,2.5e-4
2025-06-30,2,ÍA,Fylkir,0,0,211,0.05275
2025-06-30,2,ÍA,Fylkir,0,1,222,0.0555
2025-06-30,2,ÍA,Fylkir,0,2,103,0.02575
2025-06-30,2,ÍA,Fylkir,0,3,51,0.01275
2025-06-30,2,ÍA,Fylkir,0,4,24,0.006
2025-06-30,2,ÍA,Fylkir,0,5,3,7.5e-4
2025-06-30,2,ÍA,Fylkir,0,6,3,7.5e-4
2025-06-30,2,ÍA,Fylkir,0,7,1,2.5e-4
2025-06-30,2,ÍA,Fylkir,1,0,367,0.09175
2025-06-30,2,ÍA,Fylkir,1,1,338,0.0845
2025-06-30,2,ÍA,Fylkir,1,2,179,0.04475
2025-06-30,2,ÍA,Fylkir,1,3,92,0.023
2025-06-30,2,ÍA,Fylkir,1,4,28,0.007
2025-06-30,2,ÍA,Fylkir,1,5,7,0.00175
2025-06-30,2,ÍA,Fylkir,1,6,5,0.00125
2025-06-30,2,ÍA,Fylkir,2,0,322,0.0805
2025-06-30,2,ÍA,Fylkir,2,1,318,0.0795
2025-06-30,2,ÍA,Fylkir,2,2,209,0.05225
2025-06-30,2,ÍA,Fylkir,2,3,95,0.02375
2025-06-30,2,ÍA,Fylkir,2,4,37,0.00925
2025-06-30,2,ÍA,Fylkir,2,5,13,0.00325
2025-06-30,2,ÍA,Fylkir,2,6,5,0.00125
2025-06-30,2,ÍA,Fylkir,2,7,2,5e-4
2025-06-30,2,ÍA,Fylkir,3,0,210,0.0525
2025-06-30,2,ÍA,Fylkir,3,1,227,0.05675
2025-06-30,2,ÍA,Fylkir,3,2,131,0.03275
2025-06-30,2,ÍA,Fylkir,3,3,68,0.017
2025-06-30,2,ÍA,Fylkir,3,4,34,0.0085
2025-06-30,2,ÍA,Fylkir,3,5,2,5e-4
2025-06-30,2,ÍA,Fylkir,3,6,1,2.5e-4
2025-06-30,2,ÍA,Fylkir,3,7,2,5e-4
2025-06-30,2,ÍA,Fylkir,3,8,1,2.5e-4
2025-06-30,2,ÍA,Fylkir,4,0,125,0.03125
2025-06-30,2,ÍA,Fylkir,4,1,131,0.03275
2025-06-30,2,ÍA,Fylkir,4,2,74,0.0185
2025-06-30,2,ÍA,Fylkir,4,3,34,0.0085
2025-06-30,2,ÍA,Fylkir,4,4,13,0.00325
2025-06-30,2,ÍA,Fylkir,4,5,7,0.00175
2025-06-30,2,ÍA,Fylkir,4,6,1,2.5e-4
2025-06-30,2,ÍA,Fylkir,4,7,1,2.5e-4
2025-06-30,2,ÍA,Fylkir,5,0,50,0.0125
2025-06-30,2,ÍA,Fylkir,5,1,56,0.014
2025-06-30,2,ÍA,Fylkir,5,2,44,0.011
2025-06-30,2,ÍA,Fylkir,5,3,14,0.0035
2025-06-30,2,ÍA,Fylkir,5,4,6,0.0015
2025-06-30,2,ÍA,Fylkir,5,5,2,5e-4
2025-06-30,2,ÍA,Fylkir,5,6,2,5e-4
2025-06-30,2,ÍA,Fylkir,6,0,18,0.0045
2025-06-30,2,ÍA,Fylkir,6,1,26,0.0065
2025-06-30,2,ÍA,Fylkir,6,2,18,0.0045
2025-06-30,2,ÍA,Fylkir,6,3,3,7.5e-4
2025-06-30,2,ÍA,Fylkir,6,4,6,0.0015
2025-06-30,2,ÍA,Fylkir,6,5,1,2.5e-4
2025-06-30,2,ÍA,Fylkir,7,0,11,0.00275
2025-06-30,2,ÍA,Fylkir,7,1,14,0.0035
2025-06-30,2,ÍA,Fylkir,7,2,6,0.0015
2025-06-30,2,ÍA,Fylkir,7,3,7,0.00175
2025-06-30,2,ÍA,Fylkir,8,0,3,7.5e-4
2025-06-30,2,ÍA,Fylkir,8,1,6,0.0015
2025-06-30,2,ÍA,Fylkir,8,2,5,0.00125
2025-06-30,2,ÍA,Fylkir,8,3,1,2.5e-4
2025-06-30,2,ÍA,Fylkir,9,1,1,2.5e-4
2025-06-30,2,ÍA,Fylkir,9,3,1,2.5e-4
2025-06-30,2,ÍA,Fylkir,10,1,1,2.5e-4
2025-06-30,2,ÍA,Fylkir,10,3,1,2.5e-4
2025-07-24,1,Breiðablik,Þróttur R.,0,0,208,0.052
2025-07-24,1,Breiðablik,Þróttur R.,0,1,170,0.0425
2025-07-24,1,Breiðablik,Þróttur R.,0,2,86,0.0215
2025-07-24,1,Breiðablik,Þróttur R.,0,3,21,0.00525
2025-07-24,1,Breiðablik,Þróttur R.,0,4,4,0.001
2025-07-24,1,Breiðablik,Þróttur R.,0,5,1,2.5e-4
2025-07-24,1,Breiðablik,Þróttur R.,1,0,376,0.094
2025-07-24,1,Breiðablik,Þróttur R.,1,1,303,0.07575
2025-07-24,1,Breiðablik,Þróttur R.,1,2,150,0.0375
2025-07-24,1,Breiðablik,Þróttur R.,1,3,50,0.0125
2025-07-24,1,Breiðablik,Þróttur R.,1,4,17,0.00425
2025-07-24,1,Breiðablik,Þróttur R.,1,5,1,2.5e-4
2025-07-24,1,Breiðablik,Þróttur R.,1,6,1,2.5e-4
2025-07-24,1,Breiðablik,Þróttur R.,2,0,394,0.0985
2025-07-24,1,Breiðablik,Þróttur R.,2,1,332,0.083
2025-07-24,1,Breiðablik,Þróttur R.,2,2,161,0.04025
2025-07-24,1,Breiðablik,Þróttur R.,2,3,58,0.0145
2025-07-24,1,Breiðablik,Þróttur R.,2,4,13,0.00325
2025-07-24,1,Breiðablik,Þróttur R.,2,5,7,0.00175
2025-07-24,1,Breiðablik,Þróttur R.,2,6,3,7.5e-4
2025-07-24,1,Breiðablik,Þróttur R.,3,0,295,0.07375
2025-07-24,1,Breiðablik,Þróttur R.,3,1,272,0.068
2025-07-24,1,Breiðablik,Þróttur R.,3,2,121,0.03025
2025-07-24,1,Breiðablik,Þróttur R.,3,3,51,0.01275
2025-07-24,1,Breiðablik,Þróttur R.,3,4,10,0.0025
2025-07-24,1,Breiðablik,Þróttur R.,3,5,5,0.00125
2025-07-24,1,Breiðablik,Þróttur R.,4,0,160,0.04
2025-07-24,1,Breiðablik,Þróttur R.,4,1,147,0.03675
2025-07-24,1,Breiðablik,Þróttur R.,4,2,82,0.0205
2025-07-24,1,Breiðablik,Þróttur R.,4,3,27,0.00675
2025-07-24,1,Breiðablik,Þróttur R.,4,4,14,0.0035
2025-07-24,1,Breiðablik,Þróttur R.,4,5,4,0.001
2025-07-24,1,Breiðablik,Þróttur R.,4,6,1,2.5e-4
2025-07-24,1,Breiðablik,Þróttur R.,5,0,102,0.0255
2025-07-24,1,Breiðablik,Þróttur R.,5,1,88,0.022
2025-07-24,1,Breiðablik,Þróttur R.,5,2,41,0.01025
2025-07-24,1,Breiðablik,Þróttur R.,5,3,20,0.005
2025-07-24,1,Breiðablik,Þróttur R.,5,4,3,7.5e-4
2025-07-24,1,Breiðablik,Þróttur R.,5,5,2,5e-4
2025-07-24,1,Breiðablik,Þróttur R.,6,0,53,0.01325
2025-07-24,1,Breiðablik,Þróttur R.,6,1,35,0.00875
2025-07-24,1,Breiðablik,Þróttur R.,6,2,21,0.00525
2025-07-24,1,Breiðablik,Þróttur R.,6,3,14,0.0035
2025-07-24,1,Breiðablik,Þróttur R.,6,4,2,5e-4
2025-07-24,1,Breiðablik,Þróttur R.,6,5,1,2.5e-4
2025-07-24,1,Breiðablik,Þróttur R.,7,0,20,0.005
2025-07-24,1,Breiðablik,Þróttur R.,7,1,17,0.00425
2025-07-24,1,Breiðablik,Þróttur R.,7,2,5,0.00125
2025-07-24,1,Breiðablik,Þróttur R.,7,3,2,5e-4
2025-07-24,1,Breiðablik,Þróttur R.,8,0,9,0.00225
2025-07-24,1,Breiðablik,Þróttur R.,8,1,3,7.5e-4
2025-07-24,1,Breiðablik,Þróttur R.,8,2,4,0.001
2025-07-24,1,Breiðablik,Þróttur R.,8,3,3,7.5e-4
2025-07-24,1,Breiðablik,Þróttur R.,9,0,4,0.001
2025-07-24,1,Breiðablik,Þróttur R.,9,1,1,2.5e-4
2025-07-24,1,Breiðablik,Þróttur R.,9,3,2,5e-4
2025-07-24,1,Breiðablik,Þróttur R.,10,0,1,2.5e-4
2025-07-24,1,Breiðablik,Þróttur R.,11,0,1,2.5e-4
2025-07-24,1,Breiðablik,Þróttur R.,11,1,1,2.5e-4
2025-07-24,1,Tindastóll,Þór/KA,0,0,195,0.04875
2025-07-24,1,Tindastóll,Þór/KA,0,1,267,0.06675
2025-07-24,1,Tindastóll,Þór/KA,0,2,312,0.078
2025-07-24,1,Tindastóll,Þór/KA,0,3,235,0.05875
2025-07-24,1,Tindastóll,Þór/KA,0,4,139,0.03475
2025-07-24,1,Tindastóll,Þór/KA,0,5,73,0.01825
2025-07-24,1,Tindastóll,Þór/KA,0,6,31,0.00775
2025-07-24,1,Tindastóll,Þór/KA,0,7,18,0.0045
2025-07-24,1,Tindastóll,Þór/KA,0,8,9,0.00225
2025-07-24,1,Tindastóll,Þór/KA,0,9,2,5e-4
2025-07-24,1,Tindastóll,Þór/KA,0,10,1,2.5e-4
2025-07-24,1,Tindastóll,Þór/KA,0,11,1,2.5e-4
2025-07-24,1,Tindastóll,Þór/KA,1,0,147,0.03675
2025-07-24,1,Tindastóll,Þór/KA,1,1,347,0.08675
2025-07-24,1,Tindastóll,Þór/KA,1,2,296,0.074
2025-07-24,1,Tindastóll,Þór/KA,1,3,259,0.06475
2025-07-24,1,Tindastóll,Þór/KA,1,4,145,0.03625
2025-07-24,1,Tindastóll,Þór/KA,1,5,88,0.022
2025-07-24,1,Tindastóll,Þór/KA,1,6,44,0.011
2025-07-24,1,Tindastóll,Þór/KA,1,7,16,0.004
2025-07-24,1,Tindastóll,Þór/KA,1,8,5,0.00125
2025-07-24,1,Tindastóll,Þór/KA,1,9,3,7.5e-4
2025-07-24,1,Tindastóll,Þór/KA,1,10,3,7.5e-4
2025-07-24,1,Tindastóll,Þór/KA,2,0,88,0.022
2025-07-24,1,Tindastóll,Þór/KA,2,1,147,0.03675
2025-07-24,1,Tindastóll,Þór/KA,2,2,213,0.05325
2025-07-24,1,Tindastóll,Þór/KA,2,3,163,0.04075
2025-07-24,1,Tindastóll,Þór/KA,2,4,97,0.02425
2025-07-24,1,Tindastóll,Þór/KA,2,5,48,0.012
2025-07-24,1,Tindastóll,Þór/KA,2,6,38,0.0095
2025-07-24,1,Tindastóll,Þór/KA,2,7,16,0.004
2025-07-24,1,Tindastóll,Þór/KA,2,8,9,0.00225
2025-07-24,1,Tindastóll,Þór/KA,2,9,3,7.5e-4
2025-07-24,1,Tindastóll,Þór/KA,3,0,28,0.007
2025-07-24,1,Tindastóll,Þór/KA,3,1,72,0.018
2025-07-24,1,Tindastóll,Þór/KA,3,2,98,0.0245
2025-07-24,1,Tindastóll,Þór/KA,3,3,69,0.01725
2025-07-24,1,Tindastóll,Þór/KA,3,4,53,0.01325
2025-07-24,1,Tindastóll,Þór/KA,3,5,21,0.00525
2025-07-24,1,Tindastóll,Þór/KA,3,6,5,0.00125
2025-07-24,1,Tindastóll,Þór/KA,3,7,6,0.0015
2025-07-24,1,Tindastóll,Þór/KA,3,8,4,0.001
2025-07-24,1,Tindastóll,Þór/KA,3,9,1,2.5e-4
2025-07-24,1,Tindastóll,Þór/KA,4,0,8,0.002
2025-07-24,1,Tindastóll,Þór/KA,4,1,20,0.005
2025-07-24,1,Tindastóll,Þór/KA,4,2,37,0.00925
2025-07-24,1,Tindastóll,Þór/KA,4,3,22,0.0055
2025-07-24,1,Tindastóll,Þór/KA,4,4,20,0.005
2025-07-24,1,Tindastóll,Þór/KA,4,5,11,0.00275
2025-07-24,1,Tindastóll,Þór/KA,4,6,4,0.001
2025-07-24,1,Tindastóll,Þór/KA,4,7,2,5e-4
2025-07-24,1,Tindastóll,Þór/KA,4,8,2,5e-4
2025-07-24,1,Tindastóll,Þór/KA,5,0,5,0.00125
2025-07-24,1,Tindastóll,Þór/KA,5,1,6,0.0015
2025-07-24,1,Tindastóll,Þór/KA,5,2,14,0.0035
2025-07-24,1,Tindastóll,Þór/KA,5,3,6,0.0015
2025-07-24,1,Tindastóll,Þór/KA,5,4,7,0.00175
2025-07-24,1,Tindastóll,Þór/KA,5,5,4,0.001
2025-07-24,1,Tindastóll,Þór/KA,5,6,1,2.5e-4
2025-07-24,1,Tindastóll,Þór/KA,5,7,1,2.5e-4
2025-07-24,1,Tindastóll,Þór/KA,5,10,1,2.5e-4
2025-07-24,1,Tindastóll,Þór/KA,6,1,2,5e-4
2025-07-24,1,Tindastóll,Þór/KA,6,3,3,7.5e-4
2025-07-24,1,Tindastóll,Þór/KA,6,4,1,2.5e-4
2025-07-24,1,Tindastóll,Þór/KA,6,6,1,2.5e-4
2025-07-24,1,Tindastóll,Þór/KA,7,1,1,2.5e-4
2025-07-24,1,Tindastóll,Þór/KA,7,3,2,5e-4
2025-07-24,1,Tindastóll,Þór/KA,7,4,2,5e-4
2025-07-24,1,Tindastóll,Þór/KA,8,1,1,2.5e-4
2025-07-24,1,Tindastóll,Þór/KA,8,3,1,2.5e-4
2025-07-24,1,Valur,FHL,0,0,152,0.038
2025-07-24,1,Valur,FHL,0,1,41,0.01025
2025-07-24,1,Valur,FHL,0,2,9,0.00225
2025-07-24,1,Valur,FHL,0,3,3,7.5e-4
2025-07-24,1,Valur,FHL,1,0,376,0.094
2025-07-24,1,Valur,FHL,1,1,118,0.0295
2025-07-24,1,Valur,FHL,1,2,23,0.00575
2025-07-24,1,Valur,FHL,1,3,3,7.5e-4
2025-07-24,1,Valur,FHL,2,0,575,0.14375
2025-07-24,1,Valur,FHL,2,1,151,0.03775
2025-07-24,1,Valur,FHL,2,2,30,0.0075
2025-07-24,1,Valur,FHL,2,3,5,0.00125
2025-07-24,1,Valur,FHL,3,0,572,0.143
2025-07-24,1,Valur,FHL,3,1,166,0.0415
2025-07-24,1,Valur,FHL,3,2,28,0.007
2025-07-24,1,Valur,FHL,3,3,5,0.00125
2025-07-24,1,Valur,FHL,4,0,466,0.1165
2025-07-24,1,Valur,FHL,4,1,142,0.0355
2025-07-24,1,Valur,FHL,4,2,29,0.00725
2025-07-24,1,Valur,FHL,4,3,3,7.5e-4
2025-07-24,1,Valur,FHL,4,4,1,2.5e-4
2025-07-24,1,Valur,FHL,5,0,360,0.09
2025-07-24,1,Valur,FHL,5,1,117,0.02925
2025-07-24,1,Valur,FHL,5,2,21,0.00525
2025-07-24,1,Valur,FHL,5,3,1,2.5e-4
2025-07-24,1,Valur,FHL,5,4,1,2.5e-4
2025-07-24,1,Valur,FHL,6,0,207,0.05175
2025-07-24,1,Valur,FHL,6,1,60,0.015
2025-07-24,1,Valur,FHL,6,2,6,0.0015
2025-07-24,1,Valur,FHL,6,3,1,2.5e-4
2025-07-24,1,Valur,FHL,7,0,120,0.03
2025-07-24,1,Valur,FHL,7,1,25,0.00625
2025-07-24,1,Valur,FHL,7,2,11,0.00275
2025-07-24,1,Valur,FHL,7,3,1,2.5e-4
2025-07-24,1,Valur,FHL,8,0,66,0.0165
2025-07-24,1,Valur,FHL,8,1,19,0.00475
2025-07-24,1,Valur,FHL,8,2,3,7.5e-4
2025-07-24,1,Valur,FHL,8,3,1,2.5e-4
2025-07-24,1,Valur,FHL,9,0,34,0.0085
2025-07-24,1,Valur,FHL,9,1,7,0.00175
2025-07-24,1,Valur,FHL,10,0,22,0.0055
2025-07-24,1,Valur,FHL,10,1,1,2.5e-4
2025-07-24,1,Valur,FHL,11,0,6,0.0015
2025-07-24,1,Valur,FHL,11,1,3,7.5e-4
2025-07-24,1,Valur,FHL,11,2,1,2.5e-4
2025-07-24,1,Valur,FHL,12,0,1,2.5e-4
2025-07-24,1,Valur,FHL,12,1,1,2.5e-4
2025-07-24,1,Valur,FHL,13,0,3,7.5e-4
2025-07-24,1,Valur,FHL,13,1,1,2.5e-4
2025-07-24,1,Valur,FHL,14,1,1,2.5e-4
2025-07-24,1,Valur,FHL,15,0,1,2.5e-4
2025-07-25,1,FH,Fram,0,0,192,0.048
2025-07-25,1,FH,Fram,0,1,128,0.032
2025-07-25,1,FH,Fram,0,2,47,0.01175
2025-07-25,1,FH,Fram,0,3,16,0.004
2025-07-25,1,FH,Fram,0,5,1,2.5e-4
2025-07-25,1,FH,Fram,1,0,395,0.09875
2025-07-25,1,FH,Fram,1,1,272,0.068
2025-07-25,1,FH,Fram,1,2,102,0.0255
2025-07-25,1,FH,Fram,1,3,24,0.006
2025-07-25,1,FH,Fram,1,4,7,0.00175
2025-07-25,1,FH,Fram,1,5,2,5e-4
2025-07-25,1,FH,Fram,1,6,1,2.5e-4
2025-07-25,1,FH,Fram,2,0,413,0.10325
2025-07-25,1,FH,Fram,2,1,283,0.07075
2025-07-25,1,FH,Fram,2,2,129,0.03225
2025-07-25,1,FH,Fram,2,3,33,0.00825
2025-07-25,1,FH,Fram,2,4,14,0.0035
2025-07-25,1,FH,Fram,2,5,1,2.5e-4
2025-07-25,1,FH,Fram,3,0,370,0.0925
2025-07-25,1,FH,Fram,3,1,276,0.069
2025-07-25,1,FH,Fram,3,2,117,0.02925
2025-07-25,1,FH,Fram,3,3,28,0.007
2025-07-25,1,FH,Fram,3,4,4,0.001
2025-07-25,1,FH,Fram,3,5,2,5e-4
2025-07-25,1,FH,Fram,4,0,251,0.06275
2025-07-25,1,FH,Fram,4,1,191,0.04775
2025-07-25,1,FH,Fram,4,2,76,0.019
2025-07-25,1,FH,Fram,4,3,18,0.0045
2025-07-25,1,FH,Fram,4,4,10,0.0025
2025-07-25,1,FH,Fram,4,5,2,5e-4
2025-07-25,1,FH,Fram,4,6,1,2.5e-4
2025-07-25,1,FH,Fram,5,0,144,0.036
2025-07-25,1,FH,Fram,5,1,92,0.023
2025-07-25,1,FH,Fram,5,2,33,0.00825
2025-07-25,1,FH,Fram,5,3,11,0.00275
2025-07-25,1,FH,Fram,5,4,2,5e-4
2025-07-25,1,FH,Fram,5,5,1,2.5e-4
2025-07-25,1,FH,Fram,6,0,75,0.01875
2025-07-25,1,FH,Fram,6,1,63,0.01575
2025-07-25,1,FH,Fram,6,2,25,0.00625
2025-07-25,1,FH,Fram,6,3,7,0.00175
2025-07-25,1,FH,Fram,6,4,1,2.5e-4
2025-07-25,1,FH,Fram,7,0,33,0.00825
2025-07-25,1,FH,Fram,7,1,34,0.0085
2025-07-25,1,FH,Fram,7,2,8,0.002
2025-07-25,1,FH,Fram,7,3,8,0.002
2025-07-25,1,FH,Fram,7,4,2,5e-4
2025-07-25,1,FH,Fram,8,0,15,0.00375
2025-07-25,1,FH,Fram,8,1,9,0.00225
2025-07-25,1,FH,Fram,8,2,5,0.00125
2025-07-25,1,FH,Fram,8,3,1,2.5e-4
2025-07-25,1,FH,Fram,9,0,5,0.00125
2025-07-25,1,FH,Fram,9,1,9,0.00225
2025-07-25,1,FH,Fram,9,2,4,0.001
2025-07-25,1,FH,Fram,9,3,1,2.5e-4
2025-07-25,1,FH,Fram,10,0,3,7.5e-4
2025-07-25,1,FH,Fram,10,1,2,5e-4
2025-07-25,1,FH,Fram,11,0,1,2.5e-4
2025-07-25,1,Víkingur R.,Stjarnan,0,0,280,0.07
2025-07-25,1,Víkingur R.,Stjarnan,0,1,299,0.07475
2025-07-25,1,Víkingur R.,Stjarnan,0,2,195,0.04875
2025-07-25,1,Víkingur R.,Stjarnan,0,3,96,0.024
2025-07-25,1,Víkingur R.,Stjarnan,0,4,48,0.012
2025-07-25,1,Víkingur R.,Stjarnan,0,5,11,0.00275
2025-07-25,1,Víkingur R.,Stjarnan,0,6,6,0.0015
2025-07-25,1,Víkingur R.,Stjarnan,0,7,1,2.5e-4
2025-07-25,1,Víkingur R.,Stjarnan,0,9,1,2.5e-4
2025-07-25,1,Víkingur R.,Stjarnan,1,0,297,0.07425
2025-07-25,1,Víkingur R.,Stjarnan,1,1,463,0.11575
2025-07-25,1,Víkingur R.,Stjarnan,1,2,294,0.0735
2025-07-25,1,Víkingur R.,Stjarnan,1,3,125,0.03125
2025-07-25,1,Víkingur R.,Stjarnan,1,4,68,0.017
2025-07-25,1,Víkingur R.,Stjarnan,1,5,25,0.00625
2025-07-25,1,Víkingur R.,Stjarnan,1,6,8,0.002
2025-07-25,1,Víkingur R.,Stjarnan,1,7,1,2.5e-4
2025-07-25,1,Víkingur R.,Stjarnan,1,8,2,5e-4
2025-07-25,1,Víkingur R.,Stjarnan,1,9,1,2.5e-4
2025-07-25,1,Víkingur R.,Stjarnan,2,0,210,0.0525
2025-07-25,1,Víkingur R.,Stjarnan,2,1,306,0.0765
2025-07-25,1,Víkingur R.,Stjarnan,2,2,224,0.056
2025-07-25,1,Víkingur R.,Stjarnan,2,3,112,0.028
2025-07-25,1,Víkingur R.,Stjarnan,2,4,41,0.01025
2025-07-25,1,Víkingur R.,Stjarnan,2,5,14,0.0035
2025-07-25,1,Víkingur R.,Stjarnan,2,6,8,0.002
2025-07-25,1,Víkingur R.,Stjarnan,2,7,1,2.5e-4
2025-07-25,1,Víkingur R.,Stjarnan,3,0,107,0.02675
2025-07-25,1,Víkingur R.,Stjarnan,3,1,147,0.03675
2025-07-25,1,Víkingur R.,Stjarnan,3,2,122,0.0305
2025-07-25,1,Víkingur R.,Stjarnan,3,3,61,0.01525
2025-07-25,1,Víkingur R.,Stjarnan,3,4,30,0.0075
2025-07-25,1,Víkingur R.,Stjarnan,3,5,8,0.002
2025-07-25,1,Víkingur R.,Stjarnan,3,6,3,7.5e-4
2025-07-25,1,Víkingur R.,Stjarnan,3,8,1,2.5e-4
2025-07-25,1,Víkingur R.,Stjarnan,4,0,54,0.0135
2025-07-25,1,Víkingur R.,Stjarnan,4,1,72,0.018
2025-07-25,1,Víkingur R.,Stjarnan,4,2,57,0.01425
2025-07-25,1,Víkingur R.,Stjarnan,4,3,36,0.009
2025-07-25,1,Víkingur R.,Stjarnan,4,4,14,0.0035
2025-07-25,1,Víkingur R.,Stjarnan,4,5,14,0.0035
2025-07-25,1,Víkingur R.,Stjarnan,4,6,1,2.5e-4
2025-07-25,1,Víkingur R.,Stjarnan,4,7,1,2.5e-4
2025-07-25,1,Víkingur R.,Stjarnan,4,8,1,2.5e-4
2025-07-25,1,Víkingur R.,Stjarnan,5,0,20,0.005
2025-07-25,1,Víkingur R.,Stjarnan,5,1,20,0.005
2025-07-25,1,Víkingur R.,Stjarnan,5,2,22,0.0055
2025-07-25,1,Víkingur R.,Stjarnan,5,3,16,0.004
2025-07-25,1,Víkingur R.,Stjarnan,5,4,6,0.0015
2025-07-25,1,Víkingur R.,Stjarnan,5,5,5,0.00125
2025-07-25,1,Víkingur R.,Stjarnan,5,6,1,2.5e-4
2025-07-25,1,Víkingur R.,Stjarnan,5,9,1,2.5e-4
2025-07-25,1,Víkingur R.,Stjarnan,6,0,4,0.001
2025-07-25,1,Víkingur R.,Stjarnan,6,1,8,0.002
2025-07-25,1,Víkingur R.,Stjarnan,6,2,15,0.00375
2025-07-25,1,Víkingur R.,Stjarnan,6,3,4,0.001
2025-07-25,1,Víkingur R.,Stjarnan,6,4,1,2.5e-4
2025-07-25,1,Víkingur R.,Stjarnan,6,5,1,2.5e-4
2025-07-25,1,Víkingur R.,Stjarnan,7,0,1,2.5e-4
2025-07-25,1,Víkingur R.,Stjarnan,7,1,3,7.5e-4
2025-07-25,1,Víkingur R.,Stjarnan,7,2,3,7.5e-4
2025-07-25,1,Víkingur R.,Stjarnan,8,0,1,2.5e-4
2025-07-25,1,Víkingur R.,Stjarnan,8,1,1,2.5e-4
2025-07-25,1,Víkingur R.,Stjarnan,9,2,1,2.5e-4
2025-07-28,1,Valur,Breiðablik,0,0,313,0.07825
2025-07-28,1,Valur,Breiðablik,0,1,436,0.109
2025-07-28,1,Valur,Breiðablik,0,2,372,0.093
2025-07-28,1,Valur,Breiðablik,0,3,229,0.05725
2025-07-28,1,Valur,Breiðablik,0,4,130,0.0325
2025-07-28,1,Valur,Breiðablik,0,5,43,0.01075
2025-07-28,1,Valur,Breiðablik,0,6,16,0.004
2025-07-28,1,Valur,Breiðablik,0,7,6,0.0015
2025-07-28,1,Valur,Breiðablik,0,8,1,2.5e-4
2025-07-28,1,Valur,Breiðablik,0,9,1,2.5e-4
2025-07-28,1,Valur,Breiðablik,1,0,253,0.06325
2025-07-28,1,Valur,Breiðablik,1,1,399,0.09975
2025-07-28,1,Valur,Breiðablik,1,2,350,0.0875
2025-07-28,1,Valur,Breiðablik,1,3,195,0.04875
2025-07-28,1,Valur,Breiðablik,1,4,126,0.0315
2025-07-28,1,Valur,Breiðablik,1,5,28,0.007
2025-07-28,1,Valur,Breiðablik,1,6,31,0.00775
2025-07-28,1,Valur,Breiðablik,1,7,8,0.002
2025-07-28,1,Valur,Breiðablik,1,8,5,0.00125
2025-07-28,1,Valur,Breiðablik,1,11,1,2.5e-4
2025-07-28,1,Valur,Breiðablik,2,0,107,0.02675
2025-07-28,1,Valur,Breiðablik,2,1,191,0.04775
2025-07-28,1,Valur,Breiðablik,2,2,177,0.04425
2025-07-28,1,Valur,Breiðablik,2,3,111,0.02775
2025-07-28,1,Valur,Breiðablik,2,4,58,0.0145
2025-07-28,1,Valur,Breiðablik,2,5,28,0.007
2025-07-28,1,Valur,Breiðablik,2,6,10,0.0025
2025-07-28,1,Valur,Breiðablik,2,7,6,0.0015
2025-07-28,1,Valur,Breiðablik,3,0,31,0.00775
2025-07-28,1,Valur,Breiðablik,3,1,65,0.01625
2025-07-28,1,Valur,Breiðablik,3,2,69,0.01725
2025-07-28,1,Valur,Breiðablik,3,3,49,0.01225
2025-07-28,1,Valur,Breiðablik,3,4,18,0.0045
2025-07-28,1,Valur,Breiðablik,3,5,11,0.00275
2025-07-28,1,Valur,Breiðablik,3,6,5,0.00125
2025-07-28,1,Valur,Breiðablik,3,8,2,5e-4
2025-07-28,1,Valur,Breiðablik,3,9,1,2.5e-4
2025-07-28,1,Valur,Breiðablik,4,0,11,0.00275
2025-07-28,1,Valur,Breiðablik,4,1,23,0.00575
2025-07-28,1,Valur,Breiðablik,4,2,26,0.0065
2025-07-28,1,Valur,Breiðablik,4,3,10,0.0025
2025-07-28,1,Valur,Breiðablik,4,4,5,0.00125
2025-07-28,1,Valur,Breiðablik,4,5,4,0.001
2025-07-28,1,Valur,Breiðablik,4,6,3,7.5e-4
2025-07-28,1,Valur,Breiðablik,5,0,2,5e-4
2025-07-28,1,Valur,Breiðablik,5,1,6,0.0015
2025-07-28,1,Valur,Breiðablik,5,2,4,0.001
2025-07-28,1,Valur,Breiðablik,5,3,3,7.5e-4
2025-07-28,1,Valur,Breiðablik,5,4,7,0.00175
2025-07-28,1,Valur,Breiðablik,5,5,1,2.5e-4
2025-07-28,1,Valur,Breiðablik,5,10,1,2.5e-4
2025-07-28,1,Valur,Breiðablik,6,0,1,2.5e-4
2025-07-28,1,Valur,Breiðablik,6,1,4,0.001
2025-07-28,1,Valur,Breiðablik,6,2,1,2.5e-4
2025-07-28,1,Valur,Breiðablik,6,3,4,0.001
2025-07-28,1,Valur,Breiðablik,7,3,1,2.5e-4
2025-07-28,1,Valur,Breiðablik,7,7,1,2.5e-4
2025-08-07,1,Fram,Breiðablik,0,0,71,0.01775
2025-08-07,1,Fram,Breiðablik,0,1,242,0.0605
2025-08-07,1,Fram,Breiðablik,0,2,313,0.07825
2025-08-07,1,Fram,Breiðablik,0,3,333,0.08325
2025-08-07,1,Fram,Breiðablik,0,4,310,0.0775
2025-08-07,1,Fram,Breiðablik,0,5,251,0.06275
2025-08-07,1,Fram,Breiðablik,0,6,166,0.0415
2025-08-07,1,Fram,Breiðablik,0,7,122,0.0305
2025-08-07,1,Fram,Breiðablik,0,8,56,0.014
2025-08-07,1,Fram,Breiðablik,0,9,27,0.00675
2025-08-07,1,Fram,Breiðablik,0,10,16,0.004
2025-08-07,1,Fram,Breiðablik,0,11,8,0.002
2025-08-07,1,Fram,Breiðablik,0,12,5,0.00125
2025-08-07,1,Fram,Breiðablik,0,13,3,7.5e-4
2025-08-07,1,Fram,Breiðablik,0,15,1,2.5e-4
2025-08-07,1,Fram,Breiðablik,0,16,1,2.5e-4
2025-08-07,1,Fram,Breiðablik,1,0,41,0.01025
2025-08-07,1,Fram,Breiðablik,1,1,158,0.0395
2025-08-07,1,Fram,Breiðablik,1,2,226,0.0565
2025-08-07,1,Fram,Breiðablik,1,3,250,0.0625
2025-08-07,1,Fram,Breiðablik,1,4,206,0.0515
2025-08-07,1,Fram,Breiðablik,1,5,184,0.046
2025-08-07,1,Fram,Breiðablik,1,6,99,0.02475
2025-08-07,1,Fram,Breiðablik,1,7,72,0.018
2025-08-07,1,Fram,Breiðablik,1,8,37,0.00925
2025-08-07,1,Fram,Breiðablik,1,9,30,0.0075
2025-08-07,1,Fram,Breiðablik,1,10,10,0.0025
2025-08-07,1,Fram,Breiðablik,1,11,11,0.00275
2025-08-07,1,Fram,Breiðablik,1,12,3,7.5e-4
2025-08-07,1,Fram,Breiðablik,1,13,2,5e-4
2025-08-07,1,Fram,Breiðablik,1,14,1,2.5e-4
2025-08-07,1,Fram,Breiðablik,2,0,19,0.00475
2025-08-07,1,Fram,Breiðablik,2,1,58,0.0145
2025-08-07,1,Fram,Breiðablik,2,2,99,0.02475
2025-08-07,1,Fram,Breiðablik,2,3,103,0.02575
2025-08-07,1,Fram,Breiðablik,2,4,75,0.01875
2025-08-07,1,Fram,Breiðablik,2,5,72,0.018
2025-08-07,1,Fram,Breiðablik,2,6,50,0.0125
2025-08-07,1,Fram,Breiðablik,2,7,27,0.00675
2025-08-07,1,Fram,Breiðablik,2,8,17,0.00425
2025-08-07,1,Fram,Breiðablik,2,9,5,0.00125
2025-08-07,1,Fram,Breiðablik,2,10,6,0.0015
2025-08-07,1,Fram,Breiðablik,2,11,5,0.00125
2025-08-07,1,Fram,Breiðablik,2,12,1,2.5e-4
2025-08-07,1,Fram,Breiðablik,3,0,6,0.0015
2025-08-07,1,Fram,Breiðablik,3,1,24,0.006
2025-08-07,1,Fram,Breiðablik,3,2,25,0.00625
2025-08-07,1,Fram,Breiðablik,3,3,28,0.007
2025-08-07,1,Fram,Breiðablik,3,4,26,0.0065
2025-08-07,1,Fram,Breiðablik,3,5,21,0.00525
2025-08-07,1,Fram,Breiðablik,3,6,11,0.00275
2025-08-07,1,Fram,Breiðablik,3,7,4,0.001
2025-08-07,1,Fram,Breiðablik,3,8,8,0.002
2025-08-07,1,Fram,Breiðablik,3,9,2,5e-4
2025-08-07,1,Fram,Breiðablik,4,0,3,7.5e-4
2025-08-07,1,Fram,Breiðablik,4,1,3,7.5e-4
2025-08-07,1,Fram,Breiðablik,4,2,4,0.001
2025-08-07,1,Fram,Breiðablik,4,3,11,0.00275
2025-08-07,1,Fram,Breiðablik,4,4,7,0.00175
2025-08-07,1,Fram,Breiðablik,4,5,6,0.0015
2025-08-07,1,Fram,Breiðablik,4,6,2,5e-4
2025-08-07,1,Fram,Breiðablik,4,7,1,2.5e-4
2025-08-07,1,Fram,Breiðablik,4,10,1,2.5e-4
2025-08-07,1,Fram,Breiðablik,5,0,1,2.5e-4
2025-08-07,1,Fram,Breiðablik,5,1,1,2.5e-4
2025-08-07,1,Fram,Breiðablik,5,2,1,2.5e-4
2025-08-07,1,Fram,Breiðablik,5,3,2,5e-4
2025-08-07,1,Fram,Breiðablik,5,4,2,5e-4
2025-08-07,1,Fram,Breiðablik,5,5,2,5e-4
2025-08-07,1,Fram,Breiðablik,5,6,3,7.5e-4
2025-08-07,1,Fram,Breiðablik,6,2,1,2.5e-4
2025-08-07,1,Fram,Breiðablik,6,4,1,2.5e-4
2025-08-07,1,Fram,Breiðablik,6,9,1,2.5e-4
2025-08-07,1,Stjarnan,Tindastóll,0,0,161,0.04025
2025-08-07,1,Stjarnan,Tindastóll,0,1,128,0.032
2025-08-07,1,Stjarnan,Tindastóll,0,2,77,0.01925
2025-08-07,1,Stjarnan,Tindastóll,0,3,19,0.00475
2025-08-07,1,Stjarnan,Tindastóll,0,4,10,0.0025
2025-08-07,1,Stjarnan,Tindastóll,0,5,1,2.5e-4
2025-08-07,1,Stjarnan,Tindastóll,1,0,300,0.075
2025-08-07,1,Stjarnan,Tindastóll,1,1,309,0.07725
2025-08-07,1,Stjarnan,Tindastóll,1,2,135,0.03375
2025-08-07,1,Stjarnan,Tindastóll,1,3,54,0.0135
2025-08-07,1,Stjarnan,Tindastóll,1,4,12,0.003
2025-08-07,1,Stjarnan,Tindastóll,1,5,6,0.0015
2025-08-07,1,Stjarnan,Tindastóll,1,6,1,2.5e-4
2025-08-07,1,Stjarnan,Tindastóll,1,8,1,2.5e-4
2025-08-07,1,Stjarnan,Tindastóll,2,0,377,0.09425
2025-08-07,1,Stjarnan,Tindastóll,2,1,364,0.091
2025-08-07,1,Stjarnan,Tindastóll,2,2,174,0.0435
2025-08-07,1,Stjarnan,Tindastóll,2,3,63,0.01575
2025-08-07,1,Stjarnan,Tindastóll,2,4,16,0.004
2025-08-07,1,Stjarnan,Tindastóll,2,5,8,0.002
2025-08-07,1,Stjarnan,Tindastóll,3,0,257,0.06425
2025-08-07,1,Stjarnan,Tindastóll,3,1,283,0.07075
2025-08-07,1,Stjarnan,Tindastóll,3,2,127,0.03175
2025-08-07,1,Stjarnan,Tindastóll,3,3,50,0.0125
2025-08-07,1,Stjarnan,Tindastóll,3,4,16,0.004
2025-08-07,1,Stjarnan,Tindastóll,3,5,6,0.0015
2025-08-07,1,Stjarnan,Tindastóll,3,6,1,2.5e-4
2025-08-07,1,Stjarnan,Tindastóll,3,7,1,2.5e-4
2025-08-07,1,Stjarnan,Tindastóll,3,8,1,2.5e-4
2025-08-07,1,Stjarnan,Tindastóll,4,0,179,0.04475
2025-08-07,1,Stjarnan,Tindastóll,4,1,168,0.042
2025-08-07,1,Stjarnan,Tindastóll,4,2,93,0.02325
2025-08-07,1,Stjarnan,Tindastóll,4,3,33,0.00825
2025-08-07,1,Stjarnan,Tindastóll,4,4,14,0.0035
2025-08-07,1,Stjarnan,Tindastóll,4,5,4,0.001
2025-08-07,1,Stjarnan,Tindastóll,4,6,2,5e-4
2025-08-07,1,Stjarnan,Tindastóll,5,0,105,0.02625
2025-08-07,1,Stjarnan,Tindastóll,5,1,108,0.027
2025-08-07,1,Stjarnan,Tindastóll,5,2,46,0.0115
2025-08-07,1,Stjarnan,Tindastóll,5,3,17,0.00425
2025-08-07,1,Stjarnan,Tindastóll,5,4,5,0.00125
2025-08-07,1,Stjarnan,Tindastóll,5,5,2,5e-4
2025-08-07,1,Stjarnan,Tindastóll,6,0,47,0.01175
2025-08-07,1,Stjarnan,Tindastóll,6,1,46,0.0115
2025-08-07,1,Stjarnan,Tindastóll,6,2,33,0.00825
2025-08-07,1,Stjarnan,Tindastóll,6,3,7,0.00175
2025-08-07,1,Stjarnan,Tindastóll,6,4,6,0.0015
2025-08-07,1,Stjarnan,Tindastóll,6,5,2,5e-4
2025-08-07,1,Stjarnan,Tindastóll,6,6,1,2.5e-4
2025-08-07,1,Stjarnan,Tindastóll,6,7,1,2.5e-4
2025-08-07,1,Stjarnan,Tindastóll,7,0,31,0.00775
2025-08-07,1,Stjarnan,Tindastóll,7,1,18,0.0045
2025-08-07,1,Stjarnan,Tindastóll,7,2,11,0.00275
2025-08-07,1,Stjarnan,Tindastóll,7,3,3,7.5e-4
2025-08-07,1,Stjarnan,Tindastóll,7,4,3,7.5e-4
2025-08-07,1,Stjarnan,Tindastóll,7,5,1,2.5e-4
2025-08-07,1,Stjarnan,Tindastóll,8,0,13,0.00325
2025-08-07,1,Stjarnan,Tindastóll,8,1,12,0.003
2025-08-07,1,Stjarnan,Tindastóll,8,2,6,0.0015
2025-08-07,1,Stjarnan,Tindastóll,8,3,1,2.5e-4
2025-08-07,1,Stjarnan,Tindastóll,9,0,7,0.00175
2025-08-07,1,Stjarnan,Tindastóll,9,1,3,7.5e-4
2025-08-07,1,Stjarnan,Tindastóll,9,2,5,0.00125
2025-08-07,1,Stjarnan,Tindastóll,9,3,1,2.5e-4
2025-08-07,1,Stjarnan,Tindastóll,9,4,1,2.5e-4
2025-08-07,1,Stjarnan,Tindastóll,10,0,1,2.5e-4
2025-08-07,1,Stjarnan,Tindastóll,10,1,2,5e-4
2025-08-07,1,Stjarnan,Tindastóll,10,3,1,2.5e-4
2025-08-07,1,Stjarnan,Tindastóll,11,2,2,5e-4
2025-08-07,1,Stjarnan,Tindastóll,13,6,1,2.5e-4
2025-08-07,1,Þór/KA,Valur,0,0,363,0.09075
2025-08-07,1,Þór/KA,Valur,0,1,344,0.086
2025-08-07,1,Þór/KA,Valur,0,2,192,0.048
2025-08-07,1,Þór/KA,Valur,0,3,80,0.02
2025-08-07,1,Þór/KA,Valur,0,4,29,0.00725
2025-08-07,1,Þór/KA,Valur,0,5,3,7.5e-4
2025-08-07,1,Þór/KA,Valur,0,6,3,7.5e-4
2025-08-07,1,Þór/KA,Valur,0,7,1,2.5e-4
2025-08-07,1,Þór/KA,Valur,1,0,422,0.1055
2025-08-07,1,Þór/KA,Valur,1,1,484,0.121
2025-08-07,1,Þór/KA,Valur,1,2,280,0.07
2025-08-07,1,Þór/KA,Valur,1,3,103,0.02575
2025-08-07,1,Þór/KA,Valur,1,4,37,0.00925
2025-08-07,1,Þór/KA,Valur,1,5,16,0.004
2025-08-07,1,Þór/KA,Valur,1,6,3,7.5e-4
2025-08-07,1,Þór/KA,Valur,1,7,1,2.5e-4
2025-08-07,1,Þór/KA,Valur,2,0,278,0.0695
2025-08-07,1,Þór/KA,Valur,2,1,285,0.07125
2025-08-07,1,Þór/KA,Valur,2,2,212,0.053
2025-08-07,1,Þór/KA,Valur,2,3,74,0.0185
2025-08-07,1,Þór/KA,Valur,2,4,30,0.0075
2025-08-07,1,Þór/KA,Valur,2,5,6,0.0015
2025-08-07,1,Þór/KA,Valur,2,6,1,2.5e-4
2025-08-07,1,Þór/KA,Valur,3,0,133,0.03325
2025-08-07,1,Þór/KA,Valur,3,1,165,0.04125
2025-08-07,1,Þór/KA,Valur,3,2,92,0.023
2025-08-07,1,Þór/KA,Valur,3,3,33,0.00825
2025-08-07,1,Þór/KA,Valur,3,4,20,0.005
2025-08-07,1,Þór/KA,Valur,3,5,9,0.00225
2025-08-07,1,Þór/KA,Valur,3,6,2,5e-4
2025-08-07,1,Þór/KA,Valur,3,7,1,2.5e-4
2025-08-07,1,Þór/KA,Valur,4,0,49,0.01225
2025-08-07,1,Þór/KA,Valur,4,1,73,0.01825
2025-08-07,1,Þór/KA,Valur,4,2,41,0.01025
2025-08-07,1,Þór/KA,Valur,4,3,24,0.006
2025-08-07,1,Þór/KA,Valur,4,4,8,0.002
2025-08-07,1,Þór/KA,Valur,4,5,3,7.5e-4
2025-08-07,1,Þór/KA,Valur,4,7,1,2.5e-4
2025-08-07,1,Þór/KA,Valur,5,0,17,0.00425
2025-08-07,1,Þór/KA,Valur,5,1,21,0.00525
2025-08-07,1,Þór/KA,Valur,5,2,14,0.0035
2025-08-07,1,Þór/KA,Valur,5,3,7,0.00175
2025-08-07,1,Þór/KA,Valur,5,4,3,7.5e-4
2025-08-07,1,Þór/KA,Valur,5,5,1,2.5e-4
2025-08-07,1,Þór/KA,Valur,5,6,1,2.5e-4
2025-08-07,1,Þór/KA,Valur,6,0,6,0.0015
2025-08-07,1,Þór/KA,Valur,6,1,8,0.002
2025-08-07,1,Þór/KA,Valur,6,2,6,0.0015
2025-08-07,1,Þór/KA,Valur,6,3,1,2.5e-4
2025-08-07,1,Þór/KA,Valur,6,4,2,5e-4
2025-08-07,1,Þór/KA,Valur,7,0,2,5e-4
2025-08-07,1,Þór/KA,Valur,7,1,5,0.00125
2025-08-07,1,Þór/KA,Valur,7,2,1,2.5e-4
2025-08-07,1,Þór/KA,Valur,7,3,1,2.5e-4
2025-08-07,1,Þór/KA,Valur,8,1,1,2.5e-4
2025-08-07,1,Þór/KA,Valur,9,1,1,2.5e-4
2025-08-07,1,Þór/KA,Valur,10,2,1,2.5e-4
2025-08-08,1,Þróttur R.,Víkingur R.,0,0,185,0.04625
2025-08-08,1,Þróttur R.,Víkingur R.,0,1,109,0.02725
2025-08-08,1,Þróttur R.,Víkingur R.,0,2,43,0.01075
2025-08-08,1,Þróttur R.,Víkingur R.,0,3,12,0.003
2025-08-08,1,Þróttur R.,Víkingur R.,0,4,3,7.5e-4
2025-08-08,1,Þróttur R.,Víkingur R.,0,5,1,2.5e-4
2025-08-08,1,Þróttur R.,Víkingur R.,0,7,1,2.5e-4
2025-08-08,1,Þróttur R.,Víkingur R.,1,0,363,0.09075
2025-08-08,1,Þróttur R.,Víkingur R.,1,1,262,0.0655
2025-08-08,1,Þróttur R.,Víkingur R.,1,2,79,0.01975
2025-08-08,1,Þróttur R.,Víkingur R.,1,3,23,0.00575
2025-08-08,1,Þróttur R.,Víkingur R.,1,4,6,0.0015
2025-08-08,1,Þróttur R.,Víkingur R.,1,5,1,2.5e-4
2025-08-08,1,Þróttur R.,Víkingur R.,2,0,414,0.1035
2025-08-08,1,Þróttur R.,Víkingur R.,2,1,299,0.07475
2025-08-08,1,Þróttur R.,Víkingur R.,2,2,130,0.0325
2025-08-08,1,Þróttur R.,Víkingur R.,2,3,30,0.0075
2025-08-08,1,Þróttur R.,Víkingur R.,2,4,5,0.00125
2025-08-08,1,Þróttur R.,Víkingur R.,3,0,364,0.091
2025-08-08,1,Þróttur R.,Víkingur R.,3,1,282,0.0705
2025-08-08,1,Þróttur R.,Víkingur R.,3,2,106,0.0265
2025-08-08,1,Þróttur R.,Víkingur R.,3,3,36,0.009
2025-08-08,1,Þróttur R.,Víkingur R.,3,4,10,0.0025
2025-08-08,1,Þróttur R.,Víkingur R.,3,5,2,5e-4
2025-08-08,1,Þróttur R.,Víkingur R.,4,0,278,0.0695
2025-08-08,1,Þróttur R.,Víkingur R.,4,1,189,0.04725
2025-08-08,1,Þróttur R.,Víkingur R.,4,2,80,0.02
2025-08-08,1,Þróttur R.,Víkingur R.,4,3,20,0.005
2025-08-08,1,Þróttur R.,Víkingur R.,4,4,7,0.00175
2025-08-08,1,Þróttur R.,Víkingur R.,5,0,144,0.036
2025-08-08,1,Þróttur R.,Víkingur R.,5,1,109,0.02725
2025-08-08,1,Þróttur R.,Víkingur R.,5,2,43,0.01075
2025-08-08,1,Þróttur R.,Víkingur R.,5,3,14,0.0035
2025-08-08,1,Þróttur R.,Víkingur R.,5,4,8,0.002
2025-08-08,1,Þróttur R.,Víkingur R.,5,5,1,2.5e-4
2025-08-08,1,Þróttur R.,Víkingur R.,5,6,1,2.5e-4
2025-08-08,1,Þróttur R.,Víkingur R.,6,0,84,0.021
2025-08-08,1,Þróttur R.,Víkingur R.,6,1,73,0.01825
2025-08-08,1,Þróttur R.,Víkingur R.,6,2,25,0.00625
2025-08-08,1,Þróttur R.,Víkingur R.,6,3,5,0.00125
2025-08-08,1,Þróttur R.,Víkingur R.,6,4,1,2.5e-4
2025-08-08,1,Þróttur R.,Víkingur R.,6,5,1,2.5e-4
2025-08-08,1,Þróttur R.,Víkingur R.,7,0,43,0.01075
2025-08-08,1,Þróttur R.,Víkingur R.,7,1,27,0.00675
2025-08-08,1,Þróttur R.,Víkingur R.,7,2,12,0.003
2025-08-08,1,Þróttur R.,Víkingur R.,7,4,1,2.5e-4
2025-08-08,1,Þróttur R.,Víkingur R.,8,0,19,0.00475
2025-08-08,1,Þróttur R.,Víkingur R.,8,1,12,0.003
2025-08-08,1,Þróttur R.,Víkingur R.,8,2,6,0.0015
2025-08-08,1,Þróttur R.,Víkingur R.,8,3,3,7.5e-4
2025-08-08,1,Þróttur R.,Víkingur R.,8,4,1,2.5e-4
2025-08-08,1,Þróttur R.,Víkingur R.,9,0,9,0.00225
2025-08-08,1,Þróttur R.,Víkingur R.,9,1,6,0.0015
2025-08-08,1,Þróttur R.,Víkingur R.,9,2,4,0.001
2025-08-08,1,Þróttur R.,Víkingur R.,9,3,1,2.5e-4
2025-08-08,1,Þróttur R.,Víkingur R.,10,0,1,2.5e-4
2025-08-08,1,Þróttur R.,Víkingur R.,10,1,3,7.5e-4
2025-08-08,1,Þróttur R.,Víkingur R.,10,2,1,2.5e-4
2025-08-08,1,Þróttur R.,Víkingur R.,11,1,1,2.5e-4
2025-08-08,1,Þróttur R.,Víkingur R.,12,0,1,2.5e-4
2025-08-09,1,FHL,FH,0,0,88,0.022
2025-08-09,1,FHL,FH,0,1,229,0.05725
2025-08-09,1,FHL,FH,0,2,377,0.09425
2025-08-09,1,FHL,FH,0,3,392,0.098
2025-08-09,1,FHL,FH,0,4,339,0.08475
2025-08-09,1,FHL,FH,0,5,253,0.06325
2025-08-09,1,FHL,FH,0,6,168,0.042
2025-08-09,1,FHL,FH,0,7,98,0.0245
2025-08-09,1,FHL,FH,0,8,53,0.01325
2025-08-09,1,FHL,FH,0,9,29,0.00725
2025-08-09,1,FHL,FH,0,10,17,0.00425
2025-08-09,1,FHL,FH,0,11,4,0.001
2025-08-09,1,FHL,FH,0,12,1,2.5e-4
2025-08-09,1,FHL,FH,1,0,50,0.0125
2025-08-09,1,FHL,FH,1,1,160,0.04
2025-08-09,1,FHL,FH,1,2,209,0.05225
2025-08-09,1,FHL,FH,1,3,255,0.06375
2025-08-09,1,FHL,FH,1,4,237,0.05925
2025-08-09,1,FHL,FH,1,5,182,0.0455
2025-08-09,1,FHL,FH,1,6,105,0.02625
2025-08-09,1,FHL,FH,1,7,61,0.01525
2025-08-09,1,FHL,FH,1,8,36,0.009
2025-08-09,1,FHL,FH,1,9,23,0.00575
2025-08-09,1,FHL,FH,1,10,9,0.00225
2025-08-09,1,FHL,FH,1,11,5,0.00125
2025-08-09,1,FHL,FH,1,12,1,2.5e-4
2025-08-09,1,FHL,FH,1,14,1,2.5e-4
2025-08-09,1,FHL,FH,2,0,20,0.005
2025-08-09,1,FHL,FH,2,1,54,0.0135
2025-08-09,1,FHL,FH,2,2,92,0.023
2025-08-09,1,FHL,FH,2,3,82,0.0205
2025-08-09,1,FHL,FH,2,4,76,0.019
2025-08-09,1,FHL,FH,2,5,52,0.013
2025-08-09,1,FHL,FH,2,6,34,0.0085
2025-08-09,1,FHL,FH,2,7,10,0.0025
2025-08-09,1,FHL,FH,2,8,12,0.003
2025-08-09,1,FHL,FH,2,9,6,0.0015
2025-08-09,1,FHL,FH,2,10,4,0.001
2025-08-09,1,FHL,FH,2,11,3,7.5e-4
2025-08-09,1,FHL,FH,2,12,2,5e-4
2025-08-09,1,FHL,FH,2,13,1,2.5e-4
2025-08-09,1,FHL,FH,3,0,5,0.00125
2025-08-09,1,FHL,FH,3,1,18,0.0045
2025-08-09,1,FHL,FH,3,2,20,0.005
2025-08-09,1,FHL,FH,3,3,25,0.00625
2025-08-09,1,FHL,FH,3,4,20,0.005
2025-08-09,1,FHL,FH,3,5,20,0.005
2025-08-09,1,FHL,FH,3,6,11,0.00275
2025-08-09,1,FHL,FH,3,7,6,0.0015
2025-08-09,1,FHL,FH,3,8,2,5e-4
2025-08-09,1,FHL,FH,3,9,3,7.5e-4
2025-08-09,1,FHL,FH,4,0,3,7.5e-4
2025-08-09,1,FHL,FH,4,1,7,0.00175
2025-08-09,1,FHL,FH,4,2,4,0.001
2025-08-09,1,FHL,FH,4,3,3,7.5e-4
2025-08-09,1,FHL,FH,4,4,5,0.00125
2025-08-09,1,FHL,FH,4,5,3,7.5e-4
2025-08-09,1,FHL,FH,4,6,3,7.5e-4
2025-08-09,1,FHL,FH,4,7,1,2.5e-4
2025-08-09,1,FHL,FH,4,8,1,2.5e-4
2025-08-09,1,FHL,FH,4,9,1,2.5e-4
2025-08-09,1,FHL,FH,4,10,1,2.5e-4
2025-08-09,1,FHL,FH,5,1,1,2.5e-4
2025-08-09,1,FHL,FH,5,2,2,5e-4
2025-08-09,1,FHL,FH,5,3,1,2.5e-4
2025-08-09,1,FHL,FH,5,4,1,2.5e-4
2025-08-09,1,FHL,FH,5,5,2,5e-4
2025-08-09,1,FHL,FH,6,1,1,2.5e-4
2025-08-12,1,FH,Þór/KA,0,0,238,0.0595
2025-08-12,1,FH,Þór/KA,0,1,216,0.054
2025-08-12,1,FH,Þór/KA,0,2,148,0.037
2025-08-12,1,FH,Þór/KA,0,3,57,0.01425
2025-08-12,1,FH,Þór/KA,0,4,19,0.00475
2025-08-12,1,FH,Þór/KA,0,5,7,0.00175
2025-08-12,1,FH,Þór/KA,0,7,1,2.5e-4
2025-08-12,1,FH,Þór/KA,1,0,317,0.07925
2025-08-12,1,FH,Þór/KA,1,1,358,0.0895
2025-08-12,1,FH,Þór/KA,1,2,225,0.05625
2025-08-12,1,FH,Þór/KA,1,3,101,0.02525
2025-08-12,1,FH,Þór/KA,1,4,39,0.00975
2025-08-12,1,FH,Þór/KA,1,5,6,0.0015
2025-08-12,1,FH,Þór/KA,1,6,4,0.001
2025-08-12,1,FH,Þór/KA,1,7,1,2.5e-4
2025-08-12,1,FH,Þór/KA,2,0,321,0.08025
2025-08-12,1,FH,Þór/KA,2,1,328,0.082
2025-08-12,1,FH,Þór/KA,2,2,209,0.05225
2025-08-12,1,FH,Þór/KA,2,3,122,0.0305
2025-08-12,1,FH,Þór/KA,2,4,33,0.00825
2025-08-12,1,FH,Þór/KA,2,5,12,0.003
2025-08-12,1,FH,Þór/KA,2,6,10,0.0025
2025-08-12,1,FH,Þór/KA,3,0,196,0.049
2025-08-12,1,FH,Þór/KA,3,1,191,0.04775
2025-08-12,1,FH,Þór/KA,3,2,146,0.0365
2025-08-12,1,FH,Þór/KA,3,3,64,0.016
2025-08-12,1,FH,Þór/KA,3,4,24,0.006
2025-08-12,1,FH,Þór/KA,3,5,12,0.003
2025-08-12,1,FH,Þór/KA,3,6,2,5e-4
2025-08-12,1,FH,Þór/KA,4,0,79,0.01975
2025-08-12,1,FH,Þór/KA,4,1,108,0.027
2025-08-12,1,FH,Þór/KA,4,2,66,0.0165
2025-08-12,1,FH,Þór/KA,4,3,37,0.00925
2025-08-12,1,FH,Þór/KA,4,4,14,0.0035
2025-08-12,1,FH,Þór/KA,4,5,7,0.00175
2025-08-12,1,FH,Þór/KA,4,7,1,2.5e-4
2025-08-12,1,FH,Þór/KA,5,0,34,0.0085
2025-08-12,1,FH,Þór/KA,5,1,57,0.01425
2025-08-12,1,FH,Þór/KA,5,2,42,0.0105
2025-08-12,1,FH,Þór/KA,5,3,17,0.00425
2025-08-12,1,FH,Þór/KA,5,4,10,0.0025
2025-08-12,1,FH,Þór/KA,5,5,7,0.00175
2025-08-12,1,FH,Þór/KA,5,6,2,5e-4
2025-08-12,1,FH,Þór/KA,5,7,1,2.5e-4
2025-08-12,1,FH,Þór/KA,6,0,16,0.004
2025-08-12,1,FH,Þór/KA,6,1,25,0.00625
2025-08-12,1,FH,Þór/KA,6,2,16,0.004
2025-08-12,1,FH,Þór/KA,6,3,9,0.00225
2025-08-12,1,FH,Þór/KA,6,4,1,2.5e-4
2025-08-12,1,FH,Þór/KA,6,5,1,2.5e-4
2025-08-12,1,FH,Þór/KA,7,0,6,0.0015
2025-08-12,1,FH,Þór/KA,7,1,5,0.00125
2025-08-12,1,FH,Þór/KA,7,2,7,0.00175
2025-08-12,1,FH,Þór/KA,7,3,1,2.5e-4
2025-08-12,1,FH,Þór/KA,7,4,3,7.5e-4
2025-08-12,1,FH,Þór/KA,7,5,2,5e-4
2025-08-12,1,FH,Þór/KA,8,0,2,5e-4
2025-08-12,1,FH,Þór/KA,8,1,3,7.5e-4
2025-08-12,1,FH,Þór/KA,8,2,3,7.5e-4
2025-08-12,1,FH,Þór/KA,8,3,2,5e-4
2025-08-12,1,FH,Þór/KA,8,4,1,2.5e-4
2025-08-12,1,FH,Þór/KA,8,5,1,2.5e-4
2025-08-12,1,FH,Þór/KA,9,0,1,2.5e-4
2025-08-12,1,FH,Þór/KA,9,2,2,5e-4
2025-08-12,1,FH,Þór/KA,9,3,1,2.5e-4
2025-08-12,1,FH,Þór/KA,9,4,1,2.5e-4
2025-08-12,1,FH,Þór/KA,10,4,1,2.5e-4
2025-08-12,1,FH,Þór/KA,11,2,1,2.5e-4
2025-08-12,1,FHL,Fram,0,0,240,0.06
2025-08-12,1,FHL,Fram,0,1,382,0.0955
2025-08-12,1,FHL,Fram,0,2,373,0.09325
2025-08-12,1,FHL,Fram,0,3,212,0.053
2025-08-12,1,FHL,Fram,0,4,137,0.03425
2025-08-12,1,FHL,Fram,0,5,63,0.01575
2025-08-12,1,FHL,Fram,0,6,16,0.004
2025-08-12,1,FHL,Fram,0,7,6,0.0015
2025-08-12,1,FHL,Fram,0,8,2,5e-4
2025-08-12,1,FHL,Fram,0,9,1,2.5e-4
2025-08-12,1,FHL,Fram,0,10,1,2.5e-4
2025-08-12,1,FHL,Fram,1,0,219,0.05475
2025-08-12,1,FHL,Fram,1,1,376,0.094
2025-08-12,1,FHL,Fram,1,2,327,0.08175
2025-08-12,1,FHL,Fram,1,3,231,0.05775
2025-08-12,1,FHL,Fram,1,4,100,0.025
2025-08-12,1,FHL,Fram,1,5,38,0.0095
2025-08-12,1,FHL,Fram,1,6,22,0.0055
2025-08-12,1,FHL,Fram,1,7,3,7.5e-4
2025-08-12,1,FHL,Fram,1,8,4,0.001
2025-08-12,1,FHL,Fram,1,9,1,2.5e-4
2025-08-12,1,FHL,Fram,2,0,121,0.03025
2025-08-12,1,FHL,Fram,2,1,215,0.05375
2025-08-12,1,FHL,Fram,2,2,198,0.0495
2025-08-12,1,FHL,Fram,2,3,134,0.0335
2025-08-12,1,FHL,Fram,2,4,62,0.0155
2025-08-12,1,FHL,Fram,2,5,29,0.00725
2025-08-12,1,FHL,Fram,2,6,15,0.00375
2025-08-12,1,FHL,Fram,2,7,3,7.5e-4
2025-08-12,1,FHL,Fram,2,8,1,2.5e-4
2025-08-12,1,FHL,Fram,2,9,4,0.001
2025-08-12,1,FHL,Fram,3,0,51,0.01275
2025-08-12,1,FHL,Fram,3,1,89,0.02225
2025-08-12,1,FHL,Fram,3,2,73,0.01825
2025-08-12,1,FHL,Fram,3,3,51,0.01275
2025-08-12,1,FHL,Fram,3,4,28,0.007
2025-08-12,1,FHL,Fram,3,5,9,0.00225
2025-08-12,1,FHL,Fram,3,6,4,0.001
2025-08-12,1,FHL,Fram,3,7,3,7.5e-4
2025-08-12,1,FHL,Fram,4,0,15,0.00375
2025-08-12,1,FHL,Fram,4,1,30,0.0075
2025-08-12,1,FHL,Fram,4,2,15,0.00375
2025-08-12,1,FHL,Fram,4,3,23,0.00575
2025-08-12,1,FHL,Fram,4,4,15,0.00375
2025-08-12,1,FHL,Fram,4,5,3,7.5e-4
2025-08-12,1,FHL,Fram,4,6,2,5e-4
2025-08-12,1,FHL,Fram,4,8,2,5e-4
2025-08-12,1,FHL,Fram,4,9,1,2.5e-4
2025-08-12,1,FHL,Fram,5,0,7,0.00175
2025-08-12,1,FHL,Fram,5,1,9,0.00225
2025-08-12,1,FHL,Fram,5,2,12,0.003
2025-08-12,1,FHL,Fram,5,3,4,0.001
2025-08-12,1,FHL,Fram,5,4,3,7.5e-4
2025-08-12,1,FHL,Fram,5,5,3,7.5e-4
2025-08-12,1,FHL,Fram,6,0,2,5e-4
2025-08-12,1,FHL,Fram,6,1,2,5e-4
2025-08-12,1,FHL,Fram,6,2,1,2.5e-4
2025-08-12,1,FHL,Fram,6,4,1,2.5e-4
2025-08-12,1,FHL,Fram,6,7,1,2.5e-4
2025-08-12,1,FHL,Fram,7,1,1,2.5e-4
2025-08-12,1,FHL,Fram,7,2,1,2.5e-4
2025-08-12,1,FHL,Fram,7,7,1,2.5e-4
2025-08-12,1,FHL,Fram,8,0,1,2.5e-4
2025-08-12,1,FHL,Fram,8,2,1,2.5e-4
2025-08-12,1,Tindastóll,Þróttur R.,0,0,146,0.0365
2025-08-12,1,Tindastóll,Þróttur R.,0,1,290,0.0725
2025-08-12,1,Tindastóll,Þróttur R.,0,2,410,0.1025
2025-08-12,1,Tindastóll,Þróttur R.,0,3,386,0.0965
2025-08-12,1,Tindastóll,Þróttur R.,0,4,283,0.07075
2025-08-12,1,Tindastóll,Þróttur R.,0,5,173,0.04325
2025-08-12,1,Tindastóll,Þróttur R.,0,6,104,0.026
2025-08-12,1,Tindastóll,Þróttur R.,0,7,48,0.012
2025-08-12,1,Tindastóll,Þróttur R.,0,8,29,0.00725
2025-08-12,1,Tindastóll,Þróttur R.,0,9,10,0.0025
2025-08-12,1,Tindastóll,Þróttur R.,0,10,6,0.0015
2025-08-12,1,Tindastóll,Þróttur R.,0,11,2,5e-4
2025-08-12,1,Tindastóll,Þróttur R.,0,13,1,2.5e-4
2025-08-12,1,Tindastóll,Þróttur R.,1,0,104,0.026
2025-08-12,1,Tindastóll,Þróttur R.,1,1,250,0.0625
2025-08-12,1,Tindastóll,Þróttur R.,1,2,264,0.066
2025-08-12,1,Tindastóll,Þróttur R.,1,3,272,0.068
2025-08-12,1,Tindastóll,Þróttur R.,1,4,215,0.05375
2025-08-12,1,Tindastóll,Þróttur R.,1,5,129,0.03225
2025-08-12,1,Tindastóll,Þróttur R.,1,6,77,0.01925
2025-08-12,1,Tindastóll,Þróttur R.,1,7,43,0.01075
2025-08-12,1,Tindastóll,Þróttur R.,1,8,16,0.004
2025-08-12,1,Tindastóll,Þróttur R.,1,9,5,0.00125
2025-08-12,1,Tindastóll,Þróttur R.,1,10,1,2.5e-4
2025-08-12,1,Tindastóll,Þróttur R.,1,11,1,2.5e-4
2025-08-12,1,Tindastóll,Þróttur R.,2,0,36,0.009
2025-08-12,1,Tindastóll,Þróttur R.,2,1,84,0.021
2025-08-12,1,Tindastóll,Þróttur R.,2,2,122,0.0305
2025-08-12,1,Tindastóll,Þróttur R.,2,3,100,0.025
2025-08-12,1,Tindastóll,Þróttur R.,2,4,78,0.0195
2025-08-12,1,Tindastóll,Þróttur R.,2,5,37,0.00925
2025-08-12,1,Tindastóll,Þróttur R.,2,6,39,0.00975
2025-08-12,1,Tindastóll,Þróttur R.,2,7,10,0.0025
2025-08-12,1,Tindastóll,Þróttur R.,2,8,8,0.002
2025-08-12,1,Tindastóll,Þróttur R.,2,9,1,2.5e-4
2025-08-12,1,Tindastóll,Þróttur R.,2,10,3,7.5e-4
2025-08-12,1,Tindastóll,Þróttur R.,2,11,1,2.5e-4
2025-08-12,1,Tindastóll,Þróttur R.,3,0,13,0.00325
2025-08-12,1,Tindastóll,Þróttur R.,3,1,27,0.00675
2025-08-12,1,Tindastóll,Þróttur R.,3,2,31,0.00775
2025-08-12,1,Tindastóll,Þróttur R.,3,3,30,0.0075
2025-08-12,1,Tindastóll,Þróttur R.,3,4,26,0.0065
2025-08-12,1,Tindastóll,Þróttur R.,3,5,16,0.004
2025-08-12,1,Tindastóll,Þróttur R.,3,6,9,0.00225
2025-08-12,1,Tindastóll,Þróttur R.,3,7,4,0.001
2025-08-12,1,Tindastóll,Þróttur R.,3,8,1,2.5e-4
2025-08-12,1,Tindastóll,Þróttur R.,4,0,2,5e-4
2025-08-12,1,Tindastóll,Þróttur R.,4,1,7,0.00175
2025-08-12,1,Tindastóll,Þróttur R.,4,2,13,0.00325
2025-08-12,1,Tindastóll,Þróttur R.,4,3,10,0.0025
2025-08-12,1,Tindastóll,Þróttur R.,4,4,3,7.5e-4
2025-08-12,1,Tindastóll,Þróttur R.,4,5,5,0.00125
2025-08-12,1,Tindastóll,Þróttur R.,4,6,1,2.5e-4
2025-08-12,1,Tindastóll,Þróttur R.,4,7,2,5e-4
2025-08-12,1,Tindastóll,Þróttur R.,4,9,1,2.5e-4
2025-08-12,1,Tindastóll,Þróttur R.,5,1,1,2.5e-4
2025-08-12,1,Tindastóll,Þróttur R.,5,2,2,5e-4
2025-08-12,1,Tindastóll,Þróttur R.,5,3,7,0.00175
2025-08-12,1,Tindastóll,Þróttur R.,5,6,1,2.5e-4
2025-08-12,1,Tindastóll,Þróttur R.,6,2,2,5e-4
2025-08-12,1,Tindastóll,Þróttur R.,6,4,1,2.5e-4
2025-08-12,1,Tindastóll,Þróttur R.,7,0,1,2.5e-4
2025-08-12,1,Valur,Stjarnan,0,0,388,0.097
2025-08-12,1,Valur,Stjarnan,0,1,251,0.06275
2025-08-12,1,Valur,Stjarnan,0,2,91,0.02275
2025-08-12,1,Valur,Stjarnan,0,3,29,0.00725
2025-08-12,1,Valur,Stjarnan,0,4,7,0.00175
2025-08-12,1,Valur,Stjarnan,0,5,2,5e-4
2025-08-12,1,Valur,Stjarnan,1,0,559,0.13975
2025-08-12,1,Valur,Stjarnan,1,1,403,0.10075
2025-08-12,1,Valur,Stjarnan,1,2,136,0.034
2025-08-12,1,Valur,Stjarnan,1,3,50,0.0125
2025-08-12,1,Valur,Stjarnan,1,4,6,0.0015
2025-08-12,1,Valur,Stjarnan,1,5,2,5e-4
2025-08-12,1,Valur,Stjarnan,1,6,2,5e-4
2025-08-12,1,Valur,Stjarnan,1,7,1,2.5e-4
2025-08-12,1,Valur,Stjarnan,2,0,486,0.1215
2025-08-12,1,Valur,Stjarnan,2,1,314,0.0785
2025-08-12,1,Valur,Stjarnan,2,2,119,0.02975
2025-08-12,1,Valur,Stjarnan,2,3,41,0.01025
2025-08-12,1,Valur,Stjarnan,2,4,11,0.00275
2025-08-12,1,Valur,Stjarnan,2,5,2,5e-4
2025-08-12,1,Valur,Stjarnan,2,6,1,2.5e-4
2025-08-12,1,Valur,Stjarnan,3,0,310,0.0775
2025-08-12,1,Valur,Stjarnan,3,1,190,0.0475
2025-08-12,1,Valur,Stjarnan,3,2,65,0.01625
2025-08-12,1,Valur,Stjarnan,3,3,23,0.00575
2025-08-12,1,Valur,Stjarnan,3,4,3,7.5e-4
2025-08-12,1,Valur,Stjarnan,3,5,4,0.001
2025-08-12,1,Valur,Stjarnan,4,0,138,0.0345
2025-08-12,1,Valur,Stjarnan,4,1,104,0.026
2025-08-12,1,Valur,Stjarnan,4,2,33,0.00825
2025-08-12,1,Valur,Stjarnan,4,3,15,0.00375
2025-08-12,1,Valur,Stjarnan,4,4,3,7.5e-4
2025-08-12,1,Valur,Stjarnan,4,5,1,2.5e-4
2025-08-12,1,Valur,Stjarnan,5,0,63,0.01575
2025-08-12,1,Valur,Stjarnan,5,1,54,0.0135
2025-08-12,1,Valur,Stjarnan,5,2,15,0.00375
2025-08-12,1,Valur,Stjarnan,5,3,3,7.5e-4
2025-08-12,1,Valur,Stjarnan,5,4,1,2.5e-4
2025-08-12,1,Valur,Stjarnan,6,0,22,0.0055
2025-08-12,1,Valur,Stjarnan,6,1,19,0.00475
2025-08-12,1,Valur,Stjarnan,6,2,7,0.00175
2025-08-12,1,Valur,Stjarnan,6,3,1,2.5e-4
2025-08-12,1,Valur,Stjarnan,6,4,1,2.5e-4
2025-08-12,1,Valur,Stjarnan,7,0,5,0.00125
2025-08-12,1,Valur,Stjarnan,7,1,10,0.0025
2025-08-12,1,Valur,Stjarnan,7,2,2,5e-4
2025-08-12,1,Valur,Stjarnan,7,3,1,2.5e-4
2025-08-12,1,Valur,Stjarnan,8,0,3,7.5e-4
2025-08-12,1,Valur,Stjarnan,8,2,1,2.5e-4
2025-08-12,1,Valur,Stjarnan,9,3,1,2.5e-4
2025-08-12,1,Valur,Stjarnan,10,3,1,2.5e-4
2025-08-12,1,Víkingur R.,Breiðablik,0,0,86,0.0215
2025-08-12,1,Víkingur R.,Breiðablik,0,1,204,0.051
2025-08-12,1,Víkingur R.,Breiðablik,0,2,323,0.08075
2025-08-12,1,Víkingur R.,Breiðablik,0,3,346,0.0865
2025-08-12,1,Víkingur R.,Breiðablik,0,4,295,0.07375
2025-08-12,1,Víkingur R.,Breiðablik,0,5,229,0.05725
2025-08-12,1,Víkingur R.,Breiðablik,0,6,143,0.03575
2025-08-12,1,Víkingur R.,Breiðablik,0,7,91,0.02275
2025-08-12,1,Víkingur R.,Breiðablik,0,8,50,0.0125
2025-08-12,1,Víkingur R.,Breiðablik,0,9,27,0.00675
2025-08-12,1,Víkingur R.,Breiðablik,0,10,14,0.0035
2025-08-12,1,Víkingur R.,Breiðablik,0,11,7,0.00175
2025-08-12,1,Víkingur R.,Breiðablik,0,12,2,5e-4
2025-08-12,1,Víkingur R.,Breiðablik,0,13,1,2.5e-4
2025-08-12,1,Víkingur R.,Breiðablik,0,15,1,2.5e-4
2025-08-12,1,Víkingur R.,Breiðablik,1,0,63,0.01575
2025-08-12,1,Víkingur R.,Breiðablik,1,1,129,0.03225
2025-08-12,1,Víkingur R.,Breiðablik,1,2,254,0.0635
2025-08-12,1,Víkingur R.,Breiðablik,1,3,284,0.071
2025-08-12,1,Víkingur R.,Breiðablik,1,4,214,0.0535
2025-08-12,1,Víkingur R.,Breiðablik,1,5,148,0.037
2025-08-12,1,Víkingur R.,Breiðablik,1,6,123,0.03075
2025-08-12,1,Víkingur R.,Breiðablik,1,7,58,0.0145
2025-08-12,1,Víkingur R.,Breiðablik,1,8,40,0.01
2025-08-12,1,Víkingur R.,Breiðablik,1,9,18,0.0045
2025-08-12,1,Víkingur R.,Breiðablik,1,10,9,0.00225
2025-08-12,1,Víkingur R.,Breiðablik,1,11,5,0.00125
2025-08-12,1,Víkingur R.,Breiðablik,1,12,5,0.00125
2025-08-12,1,Víkingur R.,Breiðablik,1,13,2,5e-4
2025-08-12,1,Víkingur R.,Breiðablik,2,0,27,0.00675
2025-08-12,1,Víkingur R.,Breiðablik,2,1,70,0.0175
2025-08-12,1,Víkingur R.,Breiðablik,2,2,108,0.027
2025-08-12,1,Víkingur R.,Breiðablik,2,3,117,0.02925
2025-08-12,1,Víkingur R.,Breiðablik,2,4,85,0.02125
2025-08-12,1,Víkingur R.,Breiðablik,2,5,81,0.02025
2025-08-12,1,Víkingur R.,Breiðablik,2,6,46,0.0115
2025-08-12,1,Víkingur R.,Breiðablik,2,7,27,0.00675
2025-08-12,1,Víkingur R.,Breiðablik,2,8,19,0.00475
2025-08-12,1,Víkingur R.,Breiðablik,2,9,8,0.002
2025-08-12,1,Víkingur R.,Breiðablik,2,10,4,0.001
2025-08-12,1,Víkingur R.,Breiðablik,2,11,3,7.5e-4
2025-08-12,1,Víkingur R.,Breiðablik,3,0,8,0.002
2025-08-12,1,Víkingur R.,Breiðablik,3,1,15,0.00375
2025-08-12,1,Víkingur R.,Breiðablik,3,2,32,0.008
2025-08-12,1,Víkingur R.,Breiðablik,3,3,31,0.00775
2025-08-12,1,Víkingur R.,Breiðablik,3,4,28,0.007
2025-08-12,1,Víkingur R.,Breiðablik,3,5,25,0.00625
2025-08-12,1,Víkingur R.,Breiðablik,3,6,13,0.00325
2025-08-12,1,Víkingur R.,Breiðablik,3,7,9,0.00225
2025-08-12,1,Víkingur R.,Breiðablik,3,8,5,0.00125
2025-08-12,1,Víkingur R.,Breiðablik,3,9,5,0.00125
2025-08-12,1,Víkingur R.,Breiðablik,3,10,3,7.5e-4
2025-08-12,1,Víkingur R.,Breiðablik,3,11,3,7.5e-4
2025-08-12,1,Víkingur R.,Breiðablik,3,12,1,2.5e-4
2025-08-12,1,Víkingur R.,Breiðablik,3,14,1,2.5e-4
2025-08-12,1,Víkingur R.,Breiðablik,4,0,1,2.5e-4
2025-08-12,1,Víkingur R.,Breiðablik,4,1,3,7.5e-4
2025-08-12,1,Víkingur R.,Breiðablik,4,2,12,0.003
2025-08-12,1,Víkingur R.,Breiðablik,4,3,8,0.002
2025-08-12,1,Víkingur R.,Breiðablik,4,4,11,0.00275
2025-08-12,1,Víkingur R.,Breiðablik,4,5,5,0.00125
2025-08-12,1,Víkingur R.,Breiðablik,4,6,1,2.5e-4
2025-08-12,1,Víkingur R.,Breiðablik,4,7,3,7.5e-4
2025-08-12,1,Víkingur R.,Breiðablik,5,0,1,2.5e-4
2025-08-12,1,Víkingur R.,Breiðablik,5,1,1,2.5e-4
2025-08-12,1,Víkingur R.,Breiðablik,5,3,3,7.5e-4
2025-08-12,1,Víkingur R.,Breiðablik,5,4,2,5e-4
2025-08-12,1,Víkingur R.,Breiðablik,5,8,1,2.5e-4
2025-08-12,1,Víkingur R.,Breiðablik,6,6,1,2.5e-4
2025-08-12,1,Víkingur R.,Breiðablik,6,7,1,2.5e-4
2025-08-12,1,Víkingur R.,Breiðablik,6,8,1,2.5e-4
2025-08-20,1,Breiðablik,Tindastóll,0,0,19,0.00475
2025-08-20,1,Breiðablik,Tindastóll,0,1,5,0.00125
2025-08-20,1,Breiðablik,Tindastóll,0,2,1,2.5e-4
2025-08-20,1,Breiðablik,Tindastóll,0,4,1,2.5e-4
2025-08-20,1,Breiðablik,Tindastóll,1,0,55,0.01375
2025-08-20,1,Breiðablik,Tindastóll,1,1,31,0.00775
2025-08-20,1,Breiðablik,Tindastóll,1,2,4,0.001
2025-08-20,1,Breiðablik,Tindastóll,1,3,3,7.5e-4
2025-08-20,1,Breiðablik,Tindastóll,2,0,153,0.03825
2025-08-20,1,Breiðablik,Tindastóll,2,1,54,0.0135
2025-08-20,1,Breiðablik,Tindastóll,2,2,17,0.00425
2025-08-20,1,Breiðablik,Tindastóll,2,3,2,5e-4
2025-08-20,1,Breiðablik,Tindastóll,2,4,1,2.5e-4
2025-08-20,1,Breiðablik,Tindastóll,2,5,1,2.5e-4
2025-08-20,1,Breiðablik,Tindastóll,3,0,255,0.06375
2025-08-20,1,Breiðablik,Tindastóll,3,1,129,0.03225
2025-08-20,1,Breiðablik,Tindastóll,3,2,30,0.0075
2025-08-20,1,Breiðablik,Tindastóll,3,3,7,0.00175
2025-08-20,1,Breiðablik,Tindastóll,3,4,1,2.5e-4
2025-08-20,1,Breiðablik,Tindastóll,3,6,1,2.5e-4
2025-08-20,1,Breiðablik,Tindastóll,4,0,310,0.0775
2025-08-20,1,Breiðablik,Tindastóll,4,1,157,0.03925
2025-08-20,1,Breiðablik,Tindastóll,4,2,34,0.0085
2025-08-20,1,Breiðablik,Tindastóll,4,3,8,0.002
2025-08-20,1,Breiðablik,Tindastóll,4,4,3,7.5e-4
2025-08-20,1,Breiðablik,Tindastóll,5,0,347,0.08675
2025-08-20,1,Breiðablik,Tindastóll,5,1,174,0.0435
2025-08-20,1,Breiðablik,Tindastóll,5,2,27,0.00675
2025-08-20,1,Breiðablik,Tindastóll,5,3,10,0.0025
2025-08-20,1,Breiðablik,Tindastóll,5,4,2,5e-4
2025-08-20,1,Breiðablik,Tindastóll,6,0,303,0.07575
2025-08-20,1,Breiðablik,Tindastóll,6,1,155,0.03875
2025-08-20,1,Breiðablik,Tindastóll,6,2,40,0.01
2025-08-20,1,Breiðablik,Tindastóll,6,3,9,0.00225
2025-08-20,1,Breiðablik,Tindastóll,6,4,1,2.5e-4
2025-08-20,1,Breiðablik,Tindastóll,7,0,289,0.07225
2025-08-20,1,Breiðablik,Tindastóll,7,1,138,0.0345
2025-08-20,1,Breiðablik,Tindastóll,7,2,35,0.00875
2025-08-20,1,Breiðablik,Tindastóll,7,3,4,0.001
2025-08-20,1,Breiðablik,Tindastóll,7,4,1,2.5e-4
2025-08-20,1,Breiðablik,Tindastóll,8,0,258,0.0645
2025-08-20,1,Breiðablik,Tindastóll,8,1,103,0.02575
2025-08-20,1,Breiðablik,Tindastóll,8,2,19,0.00475
2025-08-20,1,Breiðablik,Tindastóll,8,3,3,7.5e-4
2025-08-20,1,Breiðablik,Tindastóll,9,0,178,0.0445
2025-08-20,1,Breiðablik,Tindastóll,9,1,62,0.0155
2025-08-20,1,Breiðablik,Tindastóll,9,2,24,0.006
2025-08-20,1,Breiðablik,Tindastóll,9,3,8,0.002
2025-08-20,1,Breiðablik,Tindastóll,10,0,114,0.0285
2025-08-20,1,Breiðablik,Tindastóll,10,1,56,0.014
2025-08-20,1,Breiðablik,Tindastóll,10,2,17,0.00425
2025-08-20,1,Breiðablik,Tindastóll,10,3,2,5e-4
2025-08-20,1,Breiðablik,Tindastóll,10,4,1,2.5e-4
2025-08-20,1,Breiðablik,Tindastóll,11,0,102,0.0255
2025-08-20,1,Breiðablik,Tindastóll,11,1,26,0.0065
2025-08-20,1,Breiðablik,Tindastóll,11,2,12,0.003
2025-08-20,1,Breiðablik,Tindastóll,11,4,2,5e-4
2025-08-20,1,Breiðablik,Tindastóll,12,0,53,0.01325
2025-08-20,1,Breiðablik,Tindastóll,12,1,22,0.0055
2025-08-20,1,Breiðablik,Tindastóll,12,2,4,0.001
2025-08-20,1,Breiðablik,Tindastóll,12,3,1,2.5e-4
2025-08-20,1,Breiðablik,Tindastóll,13,0,26,0.0065
2025-08-20,1,Breiðablik,Tindastóll,13,1,17,0.00425
2025-08-20,1,Breiðablik,Tindastóll,13,2,4,0.001
2025-08-20,1,Breiðablik,Tindastóll,13,3,1,2.5e-4
2025-08-20,1,Breiðablik,Tindastóll,14,0,16,0.004
2025-08-20,1,Breiðablik,Tindastóll,14,1,12,0.003
2025-08-20,1,Breiðablik,Tindastóll,14,2,1,2.5e-4
2025-08-20,1,Breiðablik,Tindastóll,14,3,1,2.5e-4
2025-08-20,1,Breiðablik,Tindastóll,15,0,9,0.00225
2025-08-20,1,Breiðablik,Tindastóll,15,1,2,5e-4
2025-08-20,1,Breiðablik,Tindastóll,15,2,1,2.5e-4
2025-08-20,1,Breiðablik,Tindastóll,16,0,9,0.00225
2025-08-20,1,Breiðablik,Tindastóll,16,1,5,0.00125
2025-08-20,1,Breiðablik,Tindastóll,16,2,1,2.5e-4
2025-08-20,1,Breiðablik,Tindastóll,17,0,1,2.5e-4
2025-08-20,1,Breiðablik,Tindastóll,17,1,2,5e-4
2025-08-20,1,Breiðablik,Tindastóll,18,0,2,5e-4
2025-08-20,1,Breiðablik,Tindastóll,18,1,3,7.5e-4
2025-08-20,1,Breiðablik,Tindastóll,18,3,1,2.5e-4
2025-08-20,1,Breiðablik,Tindastóll,19,2,1,2.5e-4
2025-08-20,1,Breiðablik,Tindastóll,20,0,1,2.5e-4
2025-08-20,1,Fram,Víkingur R.,0,0,218,0.0545
2025-08-20,1,Fram,Víkingur R.,0,1,247,0.06175
2025-08-20,1,Fram,Víkingur R.,0,2,203,0.05075
2025-08-20,1,Fram,Víkingur R.,0,3,114,0.0285
2025-08-20,1,Fram,Víkingur R.,0,4,41,0.01025
2025-08-20,1,Fram,Víkingur R.,0,5,16,0.004
2025-08-20,1,Fram,Víkingur R.,0,6,8,0.002
2025-08-20,1,Fram,Víkingur R.,0,7,1,2.5e-4
2025-08-20,1,Fram,Víkingur R.,0,9,1,2.5e-4
2025-08-20,1,Fram,Víkingur R.,1,0,276,0.069
2025-08-20,1,Fram,Víkingur R.,1,1,380,0.095
2025-08-20,1,Fram,Víkingur R.,1,2,311,0.07775
2025-08-20,1,Fram,Víkingur R.,1,3,151,0.03775
2025-08-20,1,Fram,Víkingur R.,1,4,82,0.0205
2025-08-20,1,Fram,Víkingur R.,1,5,24,0.006
2025-08-20,1,Fram,Víkingur R.,1,6,5,0.00125
2025-08-20,1,Fram,Víkingur R.,1,7,5,0.00125
2025-08-20,1,Fram,Víkingur R.,2,0,196,0.049
2025-08-20,1,Fram,Víkingur R.,2,1,305,0.07625
2025-08-20,1,Fram,Víkingur R.,2,2,225,0.05625
2025-08-20,1,Fram,Víkingur R.,2,3,129,0.03225
2025-08-20,1,Fram,Víkingur R.,2,4,60,0.015
2025-08-20,1,Fram,Víkingur R.,2,5,20,0.005
2025-08-20,1,Fram,Víkingur R.,2,6,9,0.00225
2025-08-20,1,Fram,Víkingur R.,2,7,4,0.001
2025-08-20,1,Fram,Víkingur R.,2,8,2,5e-4
2025-08-20,1,Fram,Víkingur R.,3,0,119,0.02975
2025-08-20,1,Fram,Víkingur R.,3,1,154,0.0385
2025-08-20,1,Fram,Víkingur R.,3,2,130,0.0325
2025-08-20,1,Fram,Víkingur R.,3,3,72,0.018
2025-08-20,1,Fram,Víkingur R.,3,4,37,0.00925
2025-08-20,1,Fram,Víkingur R.,3,5,16,0.004
2025-08-20,1,Fram,Víkingur R.,3,6,3,7.5e-4
2025-08-20,1,Fram,Víkingur R.,3,7,1,2.5e-4
2025-08-20,1,Fram,Víkingur R.,3,8,1,2.5e-4
2025-08-20,1,Fram,Víkingur R.,4,0,56,0.014
2025-08-20,1,Fram,Víkingur R.,4,1,74,0.0185
2025-08-20,1,Fram,Víkingur R.,4,2,53,0.01325
2025-08-20,1,Fram,Víkingur R.,4,3,33,0.00825
2025-08-20,1,Fram,Víkingur R.,4,4,26,0.0065
2025-08-20,1,Fram,Víkingur R.,4,5,9,0.00225
2025-08-20,1,Fram,Víkingur R.,4,6,3,7.5e-4
2025-08-20,1,Fram,Víkingur R.,4,8,1,2.5e-4
2025-08-20,1,Fram,Víkingur R.,5,0,18,0.0045
2025-08-20,1,Fram,Víkingur R.,5,1,44,0.011
2025-08-20,1,Fram,Víkingur R.,5,2,26,0.0065
2025-08-20,1,Fram,Víkingur R.,5,3,14,0.0035
2025-08-20,1,Fram,Víkingur R.,5,4,9,0.00225
2025-08-20,1,Fram,Víkingur R.,5,5,4,0.001
2025-08-20,1,Fram,Víkingur R.,5,6,1,2.5e-4
2025-08-20,1,Fram,Víkingur R.,5,8,1,2.5e-4
2025-08-20,1,Fram,Víkingur R.,6,0,5,0.00125
2025-08-20,1,Fram,Víkingur R.,6,1,14,0.0035
2025-08-20,1,Fram,Víkingur R.,6,2,12,0.003
2025-08-20,1,Fram,Víkingur R.,6,3,6,0.0015
2025-08-20,1,Fram,Víkingur R.,6,4,6,0.0015
2025-08-20,1,Fram,Víkingur R.,6,5,1,2.5e-4
2025-08-20,1,Fram,Víkingur R.,6,7,1,2.5e-4
2025-08-20,1,Fram,Víkingur R.,7,1,2,5e-4
2025-08-20,1,Fram,Víkingur R.,7,2,6,0.0015
2025-08-20,1,Fram,Víkingur R.,8,0,1,2.5e-4
2025-08-20,1,Fram,Víkingur R.,8,1,5,0.00125
2025-08-20,1,Fram,Víkingur R.,8,2,1,2.5e-4
2025-08-20,1,Fram,Víkingur R.,8,4,1,2.5e-4
2025-08-20,1,Fram,Víkingur R.,9,6,1,2.5e-4
2025-08-20,1,Þróttur R.,Valur,0,0,428,0.107
2025-08-20,1,Þróttur R.,Valur,0,1,247,0.06175
2025-08-20,1,Þróttur R.,Valur,0,2,133,0.03325
2025-08-20,1,Þróttur R.,Valur,0,3,41,0.01025
2025-08-20,1,Þróttur R.,Valur,0,4,3,7.5e-4
2025-08-20,1,Þróttur R.,Valur,0,5,1,2.5e-4
2025-08-20,1,Þróttur R.,Valur,0,6,1,2.5e-4
2025-08-20,1,Þróttur R.,Valur,1,0,569,0.14225
2025-08-20,1,Þróttur R.,Valur,1,1,423,0.10575
2025-08-20,1,Þróttur R.,Valur,1,2,182,0.0455
2025-08-20,1,Þróttur R.,Valur,1,3,44,0.011
2025-08-20,1,Þróttur R.,Valur,1,4,13,0.00325
2025-08-20,1,Þróttur R.,Valur,1,5,8,0.002
2025-08-20,1,Þróttur R.,Valur,1,6,1,2.5e-4
2025-08-20,1,Þróttur R.,Valur,1,8,1,2.5e-4
2025-08-20,1,Þróttur R.,Valur,2,0,408,0.102
2025-08-20,1,Þróttur R.,Valur,2,1,336,0.084
2025-08-20,1,Þróttur R.,Valur,2,2,151,0.03775
2025-08-20,1,Þróttur R.,Valur,2,3,44,0.011
2025-08-20,1,Þróttur R.,Valur,2,4,14,0.0035
2025-08-20,1,Þróttur R.,Valur,2,5,2,5e-4
2025-08-20,1,Þróttur R.,Valur,2,6,1,2.5e-4
2025-08-20,1,Þróttur R.,Valur,3,0,215,0.05375
2025-08-20,1,Þróttur R.,Valur,3,1,198,0.0495
2025-08-20,1,Þróttur R.,Valur,3,2,89,0.02225
2025-08-20,1,Þróttur R.,Valur,3,3,30,0.0075
2025-08-20,1,Þróttur R.,Valur,3,4,11,0.00275
2025-08-20,1,Þróttur R.,Valur,4,0,105,0.02625
2025-08-20,1,Þróttur R.,Valur,4,1,80,0.02
2025-08-20,1,Þróttur R.,Valur,4,2,48,0.012
2025-08-20,1,Þróttur R.,Valur,4,3,15,0.00375
2025-08-20,1,Þróttur R.,Valur,4,4,4,0.001
2025-08-20,1,Þróttur R.,Valur,4,5,3,7.5e-4
2025-08-20,1,Þróttur R.,Valur,5,0,42,0.0105
2025-08-20,1,Þróttur R.,Valur,5,1,41,0.01025
2025-08-20,1,Þróttur R.,Valur,5,2,13,0.00325
2025-08-20,1,Þróttur R.,Valur,5,3,7,0.00175
2025-08-20,1,Þróttur R.,Valur,5,4,1,2.5e-4
2025-08-20,1,Þróttur R.,Valur,5,5,1,2.5e-4
2025-08-20,1,Þróttur R.,Valur,6,0,18,0.0045
2025-08-20,1,Þróttur R.,Valur,6,1,7,0.00175
2025-08-20,1,Þróttur R.,Valur,6,2,7,0.00175
2025-08-20,1,Þróttur R.,Valur,6,3,3,7.5e-4
2025-08-20,1,Þróttur R.,Valur,6,6,1,2.5e-4
2025-08-20,1,Þróttur R.,Valur,7,0,2,5e-4
2025-08-20,1,Þróttur R.,Valur,7,1,3,7.5e-4
2025-08-20,1,Þróttur R.,Valur,7,7,1,2.5e-4
2025-08-20,1,Þróttur R.,Valur,8,0,3,7.5e-4
2025-08-20,1,Þróttur R.,Valur,8,3,1,2.5e-4
2025-08-21,1,Stjarnan,FH,0,0,244,0.061
2025-08-21,1,Stjarnan,FH,0,1,334,0.0835
2025-08-21,1,Stjarnan,FH,0,2,286,0.0715
2025-08-21,1,Stjarnan,FH,0,3,187,0.04675
2025-08-21,1,Stjarnan,FH,0,4,102,0.0255
2025-08-21,1,Stjarnan,FH,0,5,43,0.01075
2025-08-21,1,Stjarnan,FH,0,6,13,0.00325
2025-08-21,1,Stjarnan,FH,0,7,7,0.00175
2025-08-21,1,Stjarnan,FH,0,8,3,7.5e-4
2025-08-21,1,Stjarnan,FH,0,9,1,2.5e-4
2025-08-21,1,Stjarnan,FH,1,0,242,0.0605
2025-08-21,1,Stjarnan,FH,1,1,402,0.1005
2025-08-21,1,Stjarnan,FH,1,2,299,0.07475
2025-08-21,1,Stjarnan,FH,1,3,214,0.0535
2025-08-21,1,Stjarnan,FH,1,4,100,0.025
2025-08-21,1,Stjarnan,FH,1,5,39,0.00975
2025-08-21,1,Stjarnan,FH,1,6,23,0.00575
2025-08-21,1,Stjarnan,FH,1,7,11,0.00275
2025-08-21,1,Stjarnan,FH,1,8,2,5e-4
2025-08-21,1,Stjarnan,FH,1,9,1,2.5e-4
2025-08-21,1,Stjarnan,FH,2,0,150,0.0375
2025-08-21,1,Stjarnan,FH,2,1,248,0.062
2025-08-21,1,Stjarnan,FH,2,2,219,0.05475
2025-08-21,1,Stjarnan,FH,2,3,121,0.03025
2025-08-21,1,Stjarnan,FH,2,4,71,0.01775
2025-08-21,1,Stjarnan,FH,2,5,35,0.00875
2025-08-21,1,Stjarnan,FH,2,6,5,0.00125
2025-08-21,1,Stjarnan,FH,2,7,2,5e-4
2025-08-21,1,Stjarnan,FH,2,8,1,2.5e-4
2025-08-21,1,Stjarnan,FH,3,0,49,0.01225
2025-08-21,1,Stjarnan,FH,3,1,96,0.024
2025-08-21,1,Stjarnan,FH,3,2,88,0.022
2025-08-21,1,Stjarnan,FH,3,3,80,0.02
2025-08-21,1,Stjarnan,FH,3,4,30,0.0075
2025-08-21,1,Stjarnan,FH,3,5,17,0.00425
2025-08-21,1,Stjarnan,FH,3,6,6,0.0015
2025-08-21,1,Stjarnan,FH,3,7,2,5e-4
2025-08-21,1,Stjarnan,FH,4,0,27,0.00675
2025-08-21,1,Stjarnan,FH,4,1,45,0.01125
2025-08-21,1,Stjarnan,FH,4,2,36,0.009
2025-08-21,1,Stjarnan,FH,4,3,29,0.00725
2025-08-21,1,Stjarnan,FH,4,4,12,0.003
2025-08-21,1,Stjarnan,FH,4,5,5,0.00125
2025-08-21,1,Stjarnan,FH,4,7,2,5e-4
2025-08-21,1,Stjarnan,FH,5,0,6,0.0015
2025-08-21,1,Stjarnan,FH,5,1,16,0.004
2025-08-21,1,Stjarnan,FH,5,2,10,0.0025
2025-08-21,1,Stjarnan,FH,5,3,8,0.002
2025-08-21,1,Stjarnan,FH,5,4,9,0.00225
2025-08-21,1,Stjarnan,FH,5,5,3,7.5e-4
2025-08-21,1,Stjarnan,FH,5,6,1,2.5e-4
2025-08-21,1,Stjarnan,FH,6,0,1,2.5e-4
2025-08-21,1,Stjarnan,FH,6,1,4,0.001
2025-08-21,1,Stjarnan,FH,6,2,4,0.001
2025-08-21,1,Stjarnan,FH,6,3,4,0.001
2025-08-21,1,Stjarnan,FH,7,0,1,2.5e-4
2025-08-21,1,Stjarnan,FH,7,2,1,2.5e-4
2025-08-21,1,Stjarnan,FH,7,3,1,2.5e-4
2025-08-21,1,Stjarnan,FH,8,0,1,2.5e-4
2025-08-21,1,Stjarnan,FH,8,2,1,2.5e-4
2025-08-21,1,Þór/KA,FHL,0,0,95,0.02375
2025-08-21,1,Þór/KA,FHL,0,1,33,0.00825
2025-08-21,1,Þór/KA,FHL,0,2,5,0.00125
2025-08-21,1,Þór/KA,FHL,0,3,1,2.5e-4
2025-08-21,1,Þór/KA,FHL,1,0,236,0.059
2025-08-21,1,Þór/KA,FHL,1,1,98,0.0245
2025-08-21,1,Þór/KA,FHL,1,2,24,0.006
2025-08-21,1,Þór/KA,FHL,1,3,9,0.00225
2025-08-21,1,Þór/KA,FHL,1,4,2,5e-4
2025-08-21,1,Þór/KA,FHL,2,0,409,0.10225
2025-08-21,1,Þór/KA,FHL,2,1,160,0.04
2025-08-21,1,Þór/KA,FHL,2,2,36,0.009
2025-08-21,1,Þór/KA,FHL,2,3,5,0.00125
2025-08-21,1,Þór/KA,FHL,3,0,425,0.10625
2025-08-21,1,Þór/KA,FHL,3,1,204,0.051
2025-08-21,1,Þór/KA,FHL,3,2,47,0.01175
2025-08-21,1,Þór/KA,FHL,3,3,9,0.00225
2025-08-21,1,Þór/KA,FHL,3,4,1,2.5e-4
2025-08-21,1,Þór/KA,FHL,4,0,415,0.10375
2025-08-21,1,Þór/KA,FHL,4,1,182,0.0455
2025-08-21,1,Þór/KA,FHL,4,2,42,0.0105
2025-08-21,1,Þór/KA,FHL,4,3,11,0.00275
2025-08-21,1,Þór/KA,FHL,4,4,2,5e-4
2025-08-21,1,Þór/KA,FHL,5,0,363,0.09075
2025-08-21,1,Þór/KA,FHL,5,1,163,0.04075
2025-08-21,1,Þór/KA,FHL,5,2,39,0.00975
2025-08-21,1,Þór/KA,FHL,5,3,3,7.5e-4
2025-08-21,1,Þór/KA,FHL,5,4,1,2.5e-4
2025-08-21,1,Þór/KA,FHL,6,0,255,0.06375
2025-08-21,1,Þór/KA,FHL,6,1,119,0.02975
2025-08-21,1,Þór/KA,FHL,6,2,27,0.00675
2025-08-21,1,Þór/KA,FHL,6,3,7,0.00175
2025-08-21,1,Þór/KA,FHL,6,4,1,2.5e-4
2025-08-21,1,Þór/KA,FHL,7,0,131,0.03275
2025-08-21,1,Þór/KA,FHL,7,1,60,0.015
2025-08-21,1,Þór/KA,FHL,7,2,15,0.00375
2025-08-21,1,Þór/KA,FHL,7,3,10,0.0025
2025-08-21,1,Þór/KA,FHL,8,0,101,0.02525
2025-08-21,1,Þór/KA,FHL,8,1,45,0.01125
2025-08-21,1,Þór/KA,FHL,8,2,15,0.00375
2025-08-21,1,Þór/KA,FHL,8,3,2,5e-4
2025-08-21,1,Þór/KA,FHL,8,5,1,2.5e-4
2025-08-21,1,Þór/KA,FHL,9,0,56,0.014
2025-08-21,1,Þór/KA,FHL,9,1,26,0.0065
2025-08-21,1,Þór/KA,FHL,9,2,8,0.002
2025-08-21,1,Þór/KA,FHL,9,3,3,7.5e-4
2025-08-21,1,Þór/KA,FHL,10,0,32,0.008
2025-08-21,1,Þór/KA,FHL,10,1,15,0.00375
2025-08-21,1,Þór/KA,FHL,10,2,2,5e-4
2025-08-21,1,Þór/KA,FHL,10,3,1,2.5e-4
2025-08-21,1,Þór/KA,FHL,11,0,13,0.00325
2025-08-21,1,Þór/KA,FHL,11,1,13,0.00325
2025-08-21,1,Þór/KA,FHL,11,2,1,2.5e-4
2025-08-21,1,Þór/KA,FHL,12,0,7,0.00175
2025-08-21,1,Þór/KA,FHL,12,1,2,5e-4
2025-08-21,1,Þór/KA,FHL,13,0,3,7.5e-4
2025-08-21,1,Þór/KA,FHL,13,1,3,7.5e-4
2025-08-21,1,Þór/KA,FHL,14,0,4,0.001
2025-08-21,1,Þór/KA,FHL,14,1,1,2.5e-4
2025-08-21,1,Þór/KA,FHL,15,0,1,2.5e-4
2025-08-28,1,FH,Þróttur R.,0,0,285,0.07125
2025-08-28,1,FH,Þróttur R.,0,1,347,0.08675
2025-08-28,1,FH,Þróttur R.,0,2,271,0.06775
2025-08-28,1,FH,Þróttur R.,0,3,129,0.03225
2025-08-28,1,FH,Þróttur R.,0,4,49,0.01225
2025-08-28,1,FH,Þróttur R.,0,5,22,0.0055
2025-08-28,1,FH,Þróttur R.,0,6,13,0.00325
2025-08-28,1,FH,Þróttur R.,0,7,3,7.5e-4
2025-08-28,1,FH,Þróttur R.,1,0,362,0.0905
2025-08-28,1,FH,Þróttur R.,1,1,433,0.10825
2025-08-28,1,FH,Þróttur R.,1,2,305,0.07625
2025-08-28,1,FH,Þróttur R.,1,3,157,0.03925
2025-08-28,1,FH,Þróttur R.,1,4,62,0.0155
2025-08-28,1,FH,Þróttur R.,1,5,22,0.0055
2025-08-28,1,FH,Þróttur R.,1,6,5,0.00125
2025-08-28,1,FH,Þróttur R.,1,7,6,0.0015
2025-08-28,1,FH,Þróttur R.,1,8,2,5e-4
2025-08-28,1,FH,Þróttur R.,1,9,1,2.5e-4
2025-08-28,1,FH,Þróttur R.,2,0,194,0.0485
2025-08-28,1,FH,Þróttur R.,2,1,290,0.0725
2025-08-28,1,FH,Þróttur R.,2,2,194,0.0485
2025-08-28,1,FH,Þróttur R.,2,3,118,0.0295
2025-08-28,1,FH,Þróttur R.,2,4,49,0.01225
2025-08-28,1,FH,Þróttur R.,2,5,17,0.00425
2025-08-28,1,FH,Þróttur R.,2,6,4,0.001
2025-08-28,1,FH,Þróttur R.,2,7,1,2.5e-4
2025-08-28,1,FH,Þróttur R.,2,8,1,2.5e-4
2025-08-28,1,FH,Þróttur R.,3,0,88,0.022
2025-08-28,1,FH,Þróttur R.,3,1,121,0.03025
2025-08-28,1,FH,Þróttur R.,3,2,105,0.02625
2025-08-28,1,FH,Þróttur R.,3,3,56,0.014
2025-08-28,1,FH,Þróttur R.,3,4,26,0.0065
2025-08-28,1,FH,Þróttur R.,3,5,10,0.0025
2025-08-28,1,FH,Þróttur R.,3,6,5,0.00125
2025-08-28,1,FH,Þróttur R.,3,7,1,2.5e-4
2025-08-28,1,FH,Þróttur R.,4,0,38,0.0095
2025-08-28,1,FH,Þróttur R.,4,1,48,0.012
2025-08-28,1,FH,Þróttur R.,4,2,46,0.0115
2025-08-28,1,FH,Þróttur R.,4,3,14,0.0035
2025-08-28,1,FH,Þróttur R.,4,4,11,0.00275
2025-08-28,1,FH,Þróttur R.,4,5,3,7.5e-4
2025-08-28,1,FH,Þróttur R.,4,6,2,5e-4
2025-08-28,1,FH,Þróttur R.,5,0,13,0.00325
2025-08-28,1,FH,Þróttur R.,5,1,16,0.004
2025-08-28,1,FH,Þróttur R.,5,2,14,0.0035
2025-08-28,1,FH,Þróttur R.,5,3,6,0.0015
2025-08-28,1,FH,Þróttur R.,5,4,7,0.00175
2025-08-28,1,FH,Þróttur R.,5,5,3,7.5e-4
2025-08-28,1,FH,Þróttur R.,5,6,1,2.5e-4
2025-08-28,1,FH,Þróttur R.,6,0,3,7.5e-4
2025-08-28,1,FH,Þróttur R.,6,1,8,0.002
2025-08-28,1,FH,Þróttur R.,6,2,1,2.5e-4
2025-08-28,1,FH,Þróttur R.,6,3,3,7.5e-4
2025-08-28,1,FH,Þróttur R.,6,5,2,5e-4
2025-08-28,1,FH,Þróttur R.,7,0,1,2.5e-4
2025-08-28,1,FH,Þróttur R.,7,1,2,5e-4
2025-08-28,1,FH,Þróttur R.,7,2,1,2.5e-4
2025-08-28,1,FH,Þróttur R.,7,3,1,2.5e-4
2025-08-28,1,FH,Þróttur R.,7,4,1,2.5e-4
2025-08-28,1,FH,Þróttur R.,7,5,1,2.5e-4
2025-08-28,1,Tindastóll,Víkingur R.,0,0,197,0.04925
2025-08-28,1,Tindastóll,Víkingur R.,0,1,272,0.068
2025-08-28,1,Tindastóll,Víkingur R.,0,2,244,0.061
2025-08-28,1,Tindastóll,Víkingur R.,0,3,165,0.04125
2025-08-28,1,Tindastóll,Víkingur R.,0,4,82,0.0205
2025-08-28,1,Tindastóll,Víkingur R.,0,5,35,0.00875
2025-08-28,1,Tindastóll,Víkingur R.,0,6,12,0.003
2025-08-28,1,Tindastóll,Víkingur R.,0,7,3,7.5e-4
2025-08-28,1,Tindastóll,Víkingur R.,0,8,1,2.5e-4
2025-08-28,1,Tindastóll,Víkingur R.,1,0,213,0.05325
2025-08-28,1,Tindastóll,Víkingur R.,1,1,361,0.09025
2025-08-28,1,Tindastóll,Víkingur R.,1,2,276,0.069
2025-08-28,1,Tindastóll,Víkingur R.,1,3,204,0.051
2025-08-28,1,Tindastóll,Víkingur R.,1,4,96,0.024
2025-08-28,1,Tindastóll,Víkingur R.,1,5,45,0.01125
2025-08-28,1,Tindastóll,Víkingur R.,1,6,20,0.005
2025-08-28,1,Tindastóll,Víkingur R.,1,7,9,0.00225
2025-08-28,1,Tindastóll,Víkingur R.,1,8,3,7.5e-4
2025-08-28,1,Tindastóll,Víkingur R.,1,9,1,2.5e-4
2025-08-28,1,Tindastóll,Víkingur R.,2,0,121,0.03025
2025-08-28,1,Tindastóll,Víkingur R.,2,1,260,0.065
2025-08-28,1,Tindastóll,Víkingur R.,2,2,242,0.0605
2025-08-28,1,Tindastóll,Víkingur R.,2,3,146,0.0365
2025-08-28,1,Tindastóll,Víkingur R.,2,4,73,0.01825
2025-08-28,1,Tindastóll,Víkingur R.,2,5,31,0.00775
2025-08-28,1,Tindastóll,Víkingur R.,2,6,15,0.00375
2025-08-28,1,Tindastóll,Víkingur R.,2,7,9,0.00225
2025-08-28,1,Tindastóll,Víkingur R.,2,8,1,2.5e-4
2025-08-28,1,Tindastóll,Víkingur R.,3,0,72,0.018
2025-08-28,1,Tindastóll,Víkingur R.,3,1,130,0.0325
2025-08-28,1,Tindastóll,Víkingur R.,3,2,120,0.03
2025-08-28,1,Tindastóll,Víkingur R.,3,3,96,0.024
2025-08-28,1,Tindastóll,Víkingur R.,3,4,44,0.011
2025-08-28,1,Tindastóll,Víkingur R.,3,5,16,0.004
2025-08-28,1,Tindastóll,Víkingur R.,3,6,7,0.00175
2025-08-28,1,Tindastóll,Víkingur R.,3,7,6,0.0015
2025-08-28,1,Tindastóll,Víkingur R.,3,8,1,2.5e-4
2025-08-28,1,Tindastóll,Víkingur R.,4,0,39,0.00975
2025-08-28,1,Tindastóll,Víkingur R.,4,1,65,0.01625
2025-08-28,1,Tindastóll,Víkingur R.,4,2,49,0.01225
2025-08-28,1,Tindastóll,Víkingur R.,4,3,46,0.0115
2025-08-28,1,Tindastóll,Víkingur R.,4,4,29,0.00725
2025-08-28,1,Tindastóll,Víkingur R.,4,5,6,0.0015
2025-08-28,1,Tindastóll,Víkingur R.,4,6,4,0.001
2025-08-28,1,Tindastóll,Víkingur R.,4,7,3,7.5e-4
2025-08-28,1,Tindastóll,Víkingur R.,5,0,10,0.0025
2025-08-28,1,Tindastóll,Víkingur R.,5,1,24,0.006
2025-08-28,1,Tindastóll,Víkingur R.,5,2,20,0.005
2025-08-28,1,Tindastóll,Víkingur R.,5,3,17,0.00425
2025-08-28,1,Tindastóll,Víkingur R.,5,4,10,0.0025
2025-08-28,1,Tindastóll,Víkingur R.,5,5,6,0.0015
2025-08-28,1,Tindastóll,Víkingur R.,5,6,1,2.5e-4
2025-08-28,1,Tindastóll,Víkingur R.,6,0,4,0.001
2025-08-28,1,Tindastóll,Víkingur R.,6,1,6,0.0015
2025-08-28,1,Tindastóll,Víkingur R.,6,2,8,0.002
2025-08-28,1,Tindastóll,Víkingur R.,6,3,2,5e-4
2025-08-28,1,Tindastóll,Víkingur R.,6,4,5,0.00125
2025-08-28,1,Tindastóll,Víkingur R.,6,5,1,2.5e-4
2025-08-28,1,Tindastóll,Víkingur R.,6,7,1,2.5e-4
2025-08-28,1,Tindastóll,Víkingur R.,7,1,4,0.001
2025-08-28,1,Tindastóll,Víkingur R.,7,2,3,7.5e-4
2025-08-28,1,Tindastóll,Víkingur R.,7,3,1,2.5e-4
2025-08-28,1,Tindastóll,Víkingur R.,7,4,2,5e-4
2025-08-28,1,Tindastóll,Víkingur R.,7,5,1,2.5e-4
2025-08-28,1,Tindastóll,Víkingur R.,7,7,1,2.5e-4
2025-08-28,1,Tindastóll,Víkingur R.,8,2,1,2.5e-4
2025-08-28,1,Tindastóll,Víkingur R.,8,4,1,2.5e-4
2025-08-28,1,Tindastóll,Víkingur R.,10,4,1,2.5e-4
2025-08-30,1,FHL,Stjarnan,0,0,177,0.04425
2025-08-30,1,FHL,Stjarnan,0,1,374,0.0935
2025-08-30,1,FHL,Stjarnan,0,2,451,0.11275
2025-08-30,1,FHL,Stjarnan,0,3,306,0.0765
2025-08-30,1,FHL,Stjarnan,0,4,194,0.0485
2025-08-30,1,FHL,Stjarnan,0,5,118,0.0295
2025-08-30,1,FHL,Stjarnan,0,6,63,0.01575
2025-08-30,1,FHL,Stjarnan,0,7,16,0.004
2025-08-30,1,FHL,Stjarnan,0,8,11,0.00275
2025-08-30,1,FHL,Stjarnan,0,9,1,2.5e-4
2025-08-30,1,FHL,Stjarnan,0,10,1,2.5e-4
2025-08-30,1,FHL,Stjarnan,0,11,1,2.5e-4
2025-08-30,1,FHL,Stjarnan,1,0,135,0.03375
2025-08-30,1,FHL,Stjarnan,1,1,291,0.07275
2025-08-30,1,FHL,Stjarnan,1,2,287,0.07175
2025-08-30,1,FHL,Stjarnan,1,3,247,0.06175
2025-08-30,1,FHL,Stjarnan,1,4,161,0.04025
2025-08-30,1,FHL,Stjarnan,1,5,87,0.02175
2025-08-30,1,FHL,Stjarnan,1,6,55,0.01375
2025-08-30,1,FHL,Stjarnan,1,7,27,0.00675
2025-08-30,1,FHL,Stjarnan,1,8,12,0.003
2025-08-30,1,FHL,Stjarnan,1,9,2,5e-4
2025-08-30,1,FHL,Stjarnan,1,10,1,2.5e-4
2025-08-30,1,FHL,Stjarnan,1,11,1,2.5e-4
2025-08-30,1,FHL,Stjarnan,1,12,1,2.5e-4
2025-08-30,1,FHL,Stjarnan,2,0,68,0.017
2025-08-30,1,FHL,Stjarnan,2,1,150,0.0375
2025-08-30,1,FHL,Stjarnan,2,2,167,0.04175
2025-08-30,1,FHL,Stjarnan,2,3,119,0.02975
2025-08-30,1,FHL,Stjarnan,2,4,75,0.01875
2025-08-30,1,FHL,Stjarnan,2,5,49,0.01225
2025-08-30,1,FHL,Stjarnan,2,6,24,0.006
2025-08-30,1,FHL,Stjarnan,2,7,6,0.0015
2025-08-30,1,FHL,Stjarnan,2,8,2,5e-4
2025-08-30,1,FHL,Stjarnan,2,12,1,2.5e-4
2025-08-30,1,FHL,Stjarnan,3,0,34,0.0085
2025-08-30,1,FHL,Stjarnan,3,1,49,0.01225
2025-08-30,1,FHL,Stjarnan,3,2,61,0.01525
2025-08-30,1,FHL,Stjarnan,3,3,43,0.01075
2025-08-30,1,FHL,Stjarnan,3,4,27,0.00675
2025-08-30,1,FHL,Stjarnan,3,5,13,0.00325
2025-08-30,1,FHL,Stjarnan,3,6,7,0.00175
2025-08-30,1,FHL,Stjarnan,3,7,2,5e-4
2025-08-30,1,FHL,Stjarnan,3,8,1,2.5e-4
2025-08-30,1,FHL,Stjarnan,4,0,5,0.00125
2025-08-30,1,FHL,Stjarnan,4,1,7,0.00175
2025-08-30,1,FHL,Stjarnan,4,2,15,0.00375
2025-08-30,1,FHL,Stjarnan,4,3,18,0.0045
2025-08-30,1,FHL,Stjarnan,4,4,4,0.001
2025-08-30,1,FHL,Stjarnan,4,5,5,0.00125
2025-08-30,1,FHL,Stjarnan,4,6,3,7.5e-4
2025-08-30,1,FHL,Stjarnan,4,7,1,2.5e-4
2025-08-30,1,FHL,Stjarnan,4,8,1,2.5e-4
2025-08-30,1,FHL,Stjarnan,4,9,1,2.5e-4
2025-08-30,1,FHL,Stjarnan,5,1,1,2.5e-4
2025-08-30,1,FHL,Stjarnan,5,2,6,0.0015
2025-08-30,1,FHL,Stjarnan,5,3,2,5e-4
2025-08-30,1,FHL,Stjarnan,5,4,3,7.5e-4
2025-08-30,1,FHL,Stjarnan,5,5,1,2.5e-4
2025-08-30,1,FHL,Stjarnan,5,7,1,2.5e-4
2025-08-30,1,FHL,Stjarnan,6,0,1,2.5e-4
2025-08-30,1,FHL,Stjarnan,6,2,1,2.5e-4
2025-08-30,1,FHL,Stjarnan,6,4,5,0.00125
2025-08-30,1,FHL,Stjarnan,6,5,1,2.5e-4
2025-08-30,1,Þór/KA,Fram,0,0,195,0.04875
2025-08-30,1,Þór/KA,Fram,0,1,148,0.037
2025-08-30,1,Þór/KA,Fram,0,2,58,0.0145
2025-08-30,1,Þór/KA,Fram,0,3,17,0.00425
2025-08-30,1,Þór/KA,Fram,0,4,5,0.00125
2025-08-30,1,Þór/KA,Fram,0,5,2,5e-4
2025-08-30,1,Þór/KA,Fram,1,0,325,0.08125
2025-08-30,1,Þór/KA,Fram,1,1,318,0.0795
2025-08-30,1,Þór/KA,Fram,1,2,113,0.02825
2025-08-30,1,Þór/KA,Fram,1,3,40,0.01
2025-08-30,1,Þór/KA,Fram,1,4,10,0.0025
2025-08-30,1,Þór/KA,Fram,1,5,3,7.5e-4
2025-08-30,1,Þór/KA,Fram,1,7,1,2.5e-4
2025-08-30,1,Þór/KA,Fram,2,0,386,0.0965
2025-08-30,1,Þór/KA,Fram,2,1,325,0.08125
2025-08-30,1,Þór/KA,Fram,2,2,146,0.0365
2025-08-30,1,Þór/KA,Fram,2,3,57,0.01425
2025-08-30,1,Þór/KA,Fram,2,4,13,0.00325
2025-08-30,1,Þór/KA,Fram,2,5,2,5e-4
2025-08-30,1,Þór/KA,Fram,2,6,1,2.5e-4
2025-08-30,1,Þór/KA,Fram,2,8,1,2.5e-4
2025-08-30,1,Þór/KA,Fram,3,0,348,0.087
2025-08-30,1,Þór/KA,Fram,3,1,251,0.06275
2025-08-30,1,Þór/KA,Fram,3,2,121,0.03025
2025-08-30,1,Þór/KA,Fram,3,3,37,0.00925
2025-08-30,1,Þór/KA,Fram,3,4,9,0.00225
2025-08-30,1,Þór/KA,Fram,3,5,3,7.5e-4
2025-08-30,1,Þór/KA,Fram,4,0,235,0.05875
2025-08-30,1,Þór/KA,Fram,4,1,172,0.043
2025-08-30,1,Þór/KA,Fram,4,2,68,0.017
2025-08-30,1,Þór/KA,Fram,4,3,29,0.00725
2025-08-30,1,Þór/KA,Fram,4,4,9,0.00225
2025-08-30,1,Þór/KA,Fram,5,0,131,0.03275
2025-08-30,1,Þór/KA,Fram,5,1,86,0.0215
2025-08-30,1,Þór/KA,Fram,5,2,50,0.0125
2025-08-30,1,Þór/KA,Fram,5,3,12,0.003
2025-08-30,1,Þór/KA,Fram,5,4,2,5e-4
2025-08-30,1,Þór/KA,Fram,5,5,1,2.5e-4
2025-08-30,1,Þór/KA,Fram,6,0,55,0.01375
2025-08-30,1,Þór/KA,Fram,6,1,40,0.01
2025-08-30,1,Þór/KA,Fram,6,2,18,0.0045
2025-08-30,1,Þór/KA,Fram,6,3,7,0.00175
2025-08-30,1,Þór/KA,Fram,6,4,1,2.5e-4
2025-08-30,1,Þór/KA,Fram,6,5,1,2.5e-4
2025-08-30,1,Þór/KA,Fram,7,0,35,0.00875
2025-08-30,1,Þór/KA,Fram,7,1,31,0.00775
2025-08-30,1,Þór/KA,Fram,7,2,14,0.0035
2025-08-30,1,Þór/KA,Fram,7,3,2,5e-4
2025-08-30,1,Þór/KA,Fram,7,4,2,5e-4
2025-08-30,1,Þór/KA,Fram,7,5,1,2.5e-4
2025-08-30,1,Þór/KA,Fram,8,0,21,0.00525
2025-08-30,1,Þór/KA,Fram,8,1,7,0.00175
2025-08-30,1,Þór/KA,Fram,8,2,3,7.5e-4
2025-08-30,1,Þór/KA,Fram,8,3,3,7.5e-4
2025-08-30,1,Þór/KA,Fram,9,0,4,0.001
2025-08-30,1,Þór/KA,Fram,9,1,8,0.002
2025-08-30,1,Þór/KA,Fram,9,2,6,0.0015
2025-08-30,1,Þór/KA,Fram,10,0,2,5e-4
2025-08-30,1,Þór/KA,Fram,10,1,4,0.001
2025-08-30,1,Þór/KA,Fram,10,2,1,2.5e-4
2025-08-30,1,Þór/KA,Fram,10,3,1,2.5e-4
2025-08-30,1,Þór/KA,Fram,11,0,2,5e-4
2025-08-30,1,Þór/KA,Fram,11,1,1,2.5e-4
2025-09-04,1,Breiðablik,FH,0,0,121,0.03025
2025-09-04,1,Breiðablik,FH,0,1,90,0.0225
2025-09-04,1,Breiðablik,FH,0,2,40,0.01
2025-09-04,1,Breiðablik,FH,0,3,16,0.004
2025-09-04,1,Breiðablik,FH,0,4,1,2.5e-4
2025-09-04,1,Breiðablik,FH,0,5,1,2.5e-4
2025-09-04,1,Breiðablik,FH,1,0,276,0.069
2025-09-04,1,Breiðablik,FH,1,1,224,0.056
2025-09-04,1,Breiðablik,FH,1,2,105,0.02625
2025-09-04,1,Breiðablik,FH,1,3,34,0.0085
2025-09-04,1,Breiðablik,FH,1,4,8,0.002
2025-09-04,1,Breiðablik,FH,1,5,1,2.5e-4
2025-09-04,1,Breiðablik,FH,2,0,337,0.08425
2025-09-04,1,Breiðablik,FH,2,1,299,0.07475
2025-09-04,1,Breiðablik,FH,2,2,133,0.03325
2025-09-04,1,Breiðablik,FH,2,3,43,0.01075
2025-09-04,1,Breiðablik,FH,2,4,12,0.003
2025-09-04,1,Breiðablik,FH,2,5,1,2.5e-4
2025-09-04,1,Breiðablik,FH,2,6,3,7.5e-4
2025-09-04,1,Breiðablik,FH,2,7,1,2.5e-4
2025-09-04,1,Breiðablik,FH,3,0,340,0.085
2025-09-04,1,Breiðablik,FH,3,1,277,0.06925
2025-09-04,1,Breiðablik,FH,3,2,139,0.03475
2025-09-04,1,Breiðablik,FH,3,3,44,0.011
2025-09-04,1,Breiðablik,FH,3,4,12,0.003
2025-09-04,1,Breiðablik,FH,3,5,1,2.5e-4
2025-09-04,1,Breiðablik,FH,3,6,2,5e-4
2025-09-04,1,Breiðablik,FH,4,0,263,0.06575
2025-09-04,1,Breiðablik,FH,4,1,190,0.0475
2025-09-04,1,Breiðablik,FH,4,2,91,0.02275
2025-09-04,1,Breiðablik,FH,4,3,31,0.00775
2025-09-04,1,Breiðablik,FH,4,4,7,0.00175
2025-09-04,1,Breiðablik,FH,4,5,3,7.5e-4
2025-09-04,1,Breiðablik,FH,5,0,146,0.0365
2025-09-04,1,Breiðablik,FH,5,1,137,0.03425
2025-09-04,1,Breiðablik,FH,5,2,72,0.018
2025-09-04,1,Breiðablik,FH,5,3,19,0.00475
2025-09-04,1,Breiðablik,FH,5,4,5,0.00125
2025-09-04,1,Breiðablik,FH,5,5,2,5e-4
2025-09-04,1,Breiðablik,FH,5,6,1,2.5e-4
2025-09-04,1,Breiðablik,FH,6,0,96,0.024
2025-09-04,1,Breiðablik,FH,6,1,86,0.0215
2025-09-04,1,Breiðablik,FH,6,2,35,0.00875
2025-09-04,1,Breiðablik,FH,6,3,13,0.00325
2025-09-04,1,Breiðablik,FH,6,4,10,0.0025
2025-09-04,1,Breiðablik,FH,7,0,47,0.01175
2025-09-04,1,Breiðablik,FH,7,1,38,0.0095
2025-09-04,1,Breiðablik,FH,7,2,22,0.0055
2025-09-04,1,Breiðablik,FH,7,3,14,0.0035
2025-09-04,1,Breiðablik,FH,7,4,1,2.5e-4
2025-09-04,1,Breiðablik,FH,8,0,30,0.0075
2025-09-04,1,Breiðablik,FH,8,1,18,0.0045
2025-09-04,1,Breiðablik,FH,8,2,13,0.00325
2025-09-04,1,Breiðablik,FH,8,3,2,5e-4
2025-09-04,1,Breiðablik,FH,8,4,1,2.5e-4
2025-09-04,1,Breiðablik,FH,9,0,13,0.00325
2025-09-04,1,Breiðablik,FH,9,1,5,0.00125
2025-09-04,1,Breiðablik,FH,9,2,3,7.5e-4
2025-09-04,1,Breiðablik,FH,9,3,4,0.001
2025-09-04,1,Breiðablik,FH,10,0,4,0.001
2025-09-04,1,Breiðablik,FH,10,1,4,0.001
2025-09-04,1,Breiðablik,FH,10,2,1,2.5e-4
2025-09-04,1,Breiðablik,FH,11,0,3,7.5e-4
2025-09-04,1,Breiðablik,FH,11,1,3,7.5e-4
2025-09-04,1,Breiðablik,FH,11,2,2,5e-4
2025-09-04,1,Breiðablik,FH,11,4,1,2.5e-4
2025-09-04,1,Breiðablik,FH,12,0,1,2.5e-4
2025-09-04,1,Breiðablik,FH,13,2,1,2.5e-4
2025-09-04,1,Breiðablik,FH,14,1,1,2.5e-4
2025-09-04,1,Tindastóll,Fram,0,0,233,0.05825
2025-09-04,1,Tindastóll,Fram,0,1,277,0.06925
2025-09-04,1,Tindastóll,Fram,0,2,177,0.04425
2025-09-04,1,Tindastóll,Fram,0,3,91,0.02275
2025-09-04,1,Tindastóll,Fram,0,4,50,0.0125
2025-09-04,1,Tindastóll,Fram,0,5,7,0.00175
2025-09-04,1,Tindastóll,Fram,0,6,3,7.5e-4
2025-09-04,1,Tindastóll,Fram,0,7,1,2.5e-4
2025-09-04,1,Tindastóll,Fram,1,0,310,0.0775
2025-09-04,1,Tindastóll,Fram,1,1,423,0.10575
2025-09-04,1,Tindastóll,Fram,1,2,279,0.06975
2025-09-04,1,Tindastóll,Fram,1,3,126,0.0315
2025-09-04,1,Tindastóll,Fram,1,4,57,0.01425
2025-09-04,1,Tindastóll,Fram,1,5,23,0.00575
2025-09-04,1,Tindastóll,Fram,1,6,9,0.00225
2025-09-04,1,Tindastóll,Fram,1,7,4,0.001
2025-09-04,1,Tindastóll,Fram,1,8,1,2.5e-4
2025-09-04,1,Tindastóll,Fram,1,10,1,2.5e-4
2025-09-04,1,Tindastóll,Fram,2,0,230,0.0575
2025-09-04,1,Tindastóll,Fram,2,1,277,0.06925
2025-09-04,1,Tindastóll,Fram,2,2,228,0.057
2025-09-04,1,Tindastóll,Fram,2,3,128,0.032
2025-09-04,1,Tindastóll,Fram,2,4,34,0.0085
2025-09-04,1,Tindastóll,Fram,2,5,18,0.0045
2025-09-04,1,Tindastóll,Fram,2,6,5,0.00125
2025-09-04,1,Tindastóll,Fram,2,7,1,2.5e-4
2025-09-04,1,Tindastóll,Fram,3,0,133,0.03325
2025-09-04,1,Tindastóll,Fram,3,1,181,0.04525
2025-09-04,1,Tindastóll,Fram,3,2,127,0.03175
2025-09-04,1,Tindastóll,Fram,3,3,91,0.02275
2025-09-04,1,Tindastóll,Fram,3,4,32,0.008
2025-09-04,1,Tindastóll,Fram,3,5,7,0.00175
2025-09-04,1,Tindastóll,Fram,3,6,1,2.5e-4
2025-09-04,1,Tindastóll,Fram,3,7,1,2.5e-4
2025-09-04,1,Tindastóll,Fram,4,0,49,0.01225
2025-09-04,1,Tindastóll,Fram,4,1,67,0.01675
2025-09-04,1,Tindastóll,Fram,4,2,58,0.0145
2025-09-04,1,Tindastóll,Fram,4,3,33,0.00825
2025-09-04,1,Tindastóll,Fram,4,4,24,0.006
2025-09-04,1,Tindastóll,Fram,4,5,1,2.5e-4
2025-09-04,1,Tindastóll,Fram,4,6,4,0.001
2025-09-04,1,Tindastóll,Fram,4,7,1,2.5e-4
2025-09-04,1,Tindastóll,Fram,5,0,34,0.0085
2025-09-04,1,Tindastóll,Fram,5,1,39,0.00975
2025-09-04,1,Tindastóll,Fram,5,2,26,0.0065
2025-09-04,1,Tindastóll,Fram,5,3,14,0.0035
2025-09-04,1,Tindastóll,Fram,5,4,10,0.0025
2025-09-04,1,Tindastóll,Fram,5,5,3,7.5e-4
2025-09-04,1,Tindastóll,Fram,5,7,1,2.5e-4
2025-09-04,1,Tindastóll,Fram,5,9,1,2.5e-4
2025-09-04,1,Tindastóll,Fram,6,0,11,0.00275
2025-09-04,1,Tindastóll,Fram,6,1,13,0.00325
2025-09-04,1,Tindastóll,Fram,6,2,13,0.00325
2025-09-04,1,Tindastóll,Fram,6,3,6,0.0015
2025-09-04,1,Tindastóll,Fram,6,4,5,0.00125
2025-09-04,1,Tindastóll,Fram,6,5,1,2.5e-4
2025-09-04,1,Tindastóll,Fram,7,0,3,7.5e-4
2025-09-04,1,Tindastóll,Fram,7,1,2,5e-4
2025-09-04,1,Tindastóll,Fram,7,2,2,5e-4
2025-09-04,1,Tindastóll,Fram,7,3,2,5e-4
2025-09-04,1,Tindastóll,Fram,7,4,1,2.5e-4
2025-09-04,1,Tindastóll,Fram,7,5,1,2.5e-4
2025-09-04,1,Tindastóll,Fram,7,6,1,2.5e-4
2025-09-04,1,Tindastóll,Fram,8,0,1,2.5e-4
2025-09-04,1,Tindastóll,Fram,8,2,3,7.5e-4
2025-09-04,1,Tindastóll,Fram,8,3,1,2.5e-4
2025-09-04,1,Tindastóll,Fram,8,5,1,2.5e-4
2025-09-04,1,Tindastóll,Fram,9,0,1,2.5e-4
2025-09-04,1,Tindastóll,Fram,12,2,1,2.5e-4
2025-09-04,1,Víkingur R.,Valur,0,0,311,0.07775
2025-09-04,1,Víkingur R.,Valur,0,1,451,0.11275
2025-09-04,1,Víkingur R.,Valur,0,2,350,0.0875
2025-09-04,1,Víkingur R.,Valur,0,3,209,0.05225
2025-09-04,1,Víkingur R.,Valur,0,4,82,0.0205
2025-09-04,1,Víkingur R.,Valur,0,5,35,0.00875
2025-09-04,1,Víkingur R.,Valur,0,6,13,0.00325
2025-09-04,1,Víkingur R.,Valur,0,7,3,7.5e-4
2025-09-04,1,Víkingur R.,Valur,0,8,1,2.5e-4
2025-09-04,1,Víkingur R.,Valur,1,0,282,0.0705
2025-09-04,1,Víkingur R.,Valur,1,1,471,0.11775
2025-09-04,1,Víkingur R.,Valur,1,2,322,0.0805
2025-09-04,1,Víkingur R.,Valur,1,3,199,0.04975
2025-09-04,1,Víkingur R.,Valur,1,4,70,0.0175
2025-09-04,1,Víkingur R.,Valur,1,5,47,0.01175
2025-09-04,1,Víkingur R.,Valur,1,6,6,0.0015
2025-09-04,1,Víkingur R.,Valur,1,7,6,0.0015
2025-09-04,1,Víkingur R.,Valur,2,0,169,0.04225
2025-09-04,1,Víkingur R.,Valur,2,1,190,0.0475
2025-09-04,1,Víkingur R.,Valur,2,2,173,0.04325
2025-09-04,1,Víkingur R.,Valur,2,3,107,0.02675
2025-09-04,1,Víkingur R.,Valur,2,4,51,0.01275
2025-09-04,1,Víkingur R.,Valur,2,5,19,0.00475
2025-09-04,1,Víkingur R.,Valur,2,6,6,0.0015
2025-09-04,1,Víkingur R.,Valur,2,7,4,0.001
2025-09-04,1,Víkingur R.,Valur,2,8,3,7.5e-4
2025-09-04,1,Víkingur R.,Valur,3,0,63,0.01575
2025-09-04,1,Víkingur R.,Valur,3,1,88,0.022
2025-09-04,1,Víkingur R.,Valur,3,2,75,0.01875
2025-09-04,1,Víkingur R.,Valur,3,3,48,0.012
2025-09-04,1,Víkingur R.,Valur,3,4,21,0.00525
2025-09-04,1,Víkingur R.,Valur,3,5,9,0.00225
2025-09-04,1,Víkingur R.,Valur,3,6,2,5e-4
2025-09-04,1,Víkingur R.,Valur,4,0,11,0.00275
2025-09-04,1,Víkingur R.,Valur,4,1,16,0.004
2025-09-04,1,Víkingur R.,Valur,4,2,21,0.00525
2025-09-04,1,Víkingur R.,Valur,4,3,18,0.0045
2025-09-04,1,Víkingur R.,Valur,4,4,9,0.00225
2025-09-04,1,Víkingur R.,Valur,4,5,5,0.00125
2025-09-04,1,Víkingur R.,Valur,4,6,2,5e-4
2025-09-04,1,Víkingur R.,Valur,5,0,4,0.001
2025-09-04,1,Víkingur R.,Valur,5,1,4,0.001
2025-09-04,1,Víkingur R.,Valur,5,2,9,0.00225
2025-09-04,1,Víkingur R.,Valur,5,3,2,5e-4
2025-09-04,1,Víkingur R.,Valur,5,4,4,0.001
2025-09-04,1,Víkingur R.,Valur,5,7,1,2.5e-4
2025-09-04,1,Víkingur R.,Valur,6,0,2,5e-4
2025-09-04,1,Víkingur R.,Valur,6,1,3,7.5e-4
2025-09-04,1,Víkingur R.,Valur,6,2,1,2.5e-4
2025-09-04,1,Víkingur R.,Valur,6,3,1,2.5e-4
2025-09-04,1,Víkingur R.,Valur,6,4,1,2.5e-4
2025-09-06,1,Stjarnan,Þór/KA,0,0,256,0.064
2025-09-06,1,Stjarnan,Þór/KA,0,1,318,0.0795
2025-09-06,1,Stjarnan,Þór/KA,0,2,239,0.05975
2025-09-06,1,Stjarnan,Þór/KA,0,3,126,0.0315
2025-09-06,1,Stjarnan,Þór/KA,0,4,52,0.013
2025-09-06,1,Stjarnan,Þór/KA,0,5,30,0.0075
2025-09-06,1,Stjarnan,Þór/KA,0,6,8,0.002
2025-09-06,1,Stjarnan,Þór/KA,0,7,1,2.5e-4
2025-09-06,1,Stjarnan,Þór/KA,0,8,1,2.5e-4
2025-09-06,1,Stjarnan,Þór/KA,1,0,264,0.066
2025-09-06,1,Stjarnan,Þór/KA,1,1,408,0.102
2025-09-06,1,Stjarnan,Þór/KA,1,2,304,0.076
2025-09-06,1,Stjarnan,Þór/KA,1,3,187,0.04675
2025-09-06,1,Stjarnan,Þór/KA,1,4,82,0.0205
2025-09-06,1,Stjarnan,Þór/KA,1,5,29,0.00725
2025-09-06,1,Stjarnan,Þór/KA,1,6,11,0.00275
2025-09-06,1,Stjarnan,Þór/KA,1,7,6,0.0015
2025-09-06,1,Stjarnan,Þór/KA,1,8,2,5e-4
2025-09-06,1,Stjarnan,Þór/KA,1,9,1,2.5e-4
2025-09-06,1,Stjarnan,Þór/KA,2,0,182,0.0455
2025-09-06,1,Stjarnan,Þór/KA,2,1,254,0.0635
2025-09-06,1,Stjarnan,Þór/KA,2,2,227,0.05675
2025-09-06,1,Stjarnan,Þór/KA,2,3,132,0.033
2025-09-06,1,Stjarnan,Þór/KA,2,4,59,0.01475
2025-09-06,1,Stjarnan,Þór/KA,2,5,31,0.00775
2025-09-06,1,Stjarnan,Þór/KA,2,6,7,0.00175
2025-09-06,1,Stjarnan,Þór/KA,2,7,1,2.5e-4
2025-09-06,1,Stjarnan,Þór/KA,2,8,2,5e-4
2025-09-06,1,Stjarnan,Þór/KA,3,0,99,0.02475
2025-09-06,1,Stjarnan,Þór/KA,3,1,124,0.031
2025-09-06,1,Stjarnan,Þór/KA,3,2,114,0.0285
2025-09-06,1,Stjarnan,Þór/KA,3,3,79,0.01975
2025-09-06,1,Stjarnan,Þór/KA,3,4,32,0.008
2025-09-06,1,Stjarnan,Þór/KA,3,5,16,0.004
2025-09-06,1,Stjarnan,Þór/KA,3,6,8,0.002
2025-09-06,1,Stjarnan,Þór/KA,3,7,3,7.5e-4
2025-09-06,1,Stjarnan,Þór/KA,3,10,1,2.5e-4
2025-09-06,1,Stjarnan,Þór/KA,4,0,39,0.00975
2025-09-06,1,Stjarnan,Þór/KA,4,1,51,0.01275
2025-09-06,1,Stjarnan,Þór/KA,4,2,45,0.01125
2025-09-06,1,Stjarnan,Þór/KA,4,3,26,0.0065
2025-09-06,1,Stjarnan,Þór/KA,4,4,25,0.00625
2025-09-06,1,Stjarnan,Þór/KA,4,5,6,0.0015
2025-09-06,1,Stjarnan,Þór/KA,4,8,1,2.5e-4
2025-09-06,1,Stjarnan,Þór/KA,5,0,14,0.0035
2025-09-06,1,Stjarnan,Þór/KA,5,1,22,0.0055
2025-09-06,1,Stjarnan,Þór/KA,5,2,21,0.00525
2025-09-06,1,Stjarnan,Þór/KA,5,3,9,0.00225
2025-09-06,1,Stjarnan,Þór/KA,5,4,7,0.00175
2025-09-06,1,Stjarnan,Þór/KA,5,5,2,5e-4
2025-09-06,1,Stjarnan,Þór/KA,5,6,1,2.5e-4
2025-09-06,1,Stjarnan,Þór/KA,6,0,2,5e-4
2025-09-06,1,Stjarnan,Þór/KA,6,1,8,0.002
2025-09-06,1,Stjarnan,Þór/KA,6,2,8,0.002
2025-09-06,1,Stjarnan,Þór/KA,6,3,2,5e-4
2025-09-06,1,Stjarnan,Þór/KA,6,4,2,5e-4
2025-09-06,1,Stjarnan,Þór/KA,6,5,1,2.5e-4
2025-09-06,1,Stjarnan,Þór/KA,6,6,1,2.5e-4
2025-09-06,1,Stjarnan,Þór/KA,6,7,1,2.5e-4
2025-09-06,1,Stjarnan,Þór/KA,7,1,3,7.5e-4
2025-09-06,1,Stjarnan,Þór/KA,7,2,2,5e-4
2025-09-06,1,Stjarnan,Þór/KA,8,0,1,2.5e-4
2025-09-06,1,Stjarnan,Þór/KA,8,1,2,5e-4
2025-09-06,1,Stjarnan,Þór/KA,9,1,1,2.5e-4
2025-09-06,1,Stjarnan,Þór/KA,10,3,1,2.5e-4
2025-09-07,1,Þróttur R.,FHL,0,0,48,0.012
2025-09-07,1,Þróttur R.,FHL,0,1,16,0.004
2025-09-07,1,Þróttur R.,FHL,0,2,5,0.00125
2025-09-07,1,Þróttur R.,FHL,1,0,181,0.04525
2025-09-07,1,Þróttur R.,FHL,1,1,52,0.013
2025-09-07,1,Þróttur R.,FHL,1,2,9,0.00225
2025-09-07,1,Þróttur R.,FHL,1,3,1,2.5e-4
2025-09-07,1,Þróttur R.,FHL,2,0,347,0.08675
2025-09-07,1,Þróttur R.,FHL,2,1,107,0.02675
2025-09-07,1,Þróttur R.,FHL,2,2,19,0.00475
2025-09-07,1,Þróttur R.,FHL,2,3,8,0.002
2025-09-07,1,Þróttur R.,FHL,3,0,502,0.1255
2025-09-07,1,Þróttur R.,FHL,3,1,132,0.033
2025-09-07,1,Þróttur R.,FHL,3,2,20,0.005
2025-09-07,1,Þróttur R.,FHL,3,3,3,7.5e-4
2025-09-07,1,Þróttur R.,FHL,4,0,471,0.11775
2025-09-07,1,Þróttur R.,FHL,4,1,142,0.0355
2025-09-07,1,Þróttur R.,FHL,4,2,32,0.008
2025-09-07,1,Þróttur R.,FHL,4,3,2,5e-4
2025-09-07,1,Þróttur R.,FHL,4,4,1,2.5e-4
2025-09-07,1,Þróttur R.,FHL,5,0,437,0.10925
2025-09-07,1,Þróttur R.,FHL,5,1,148,0.037
2025-09-07,1,Þróttur R.,FHL,5,2,20,0.005
2025-09-07,1,Þróttur R.,FHL,5,3,1,2.5e-4
2025-09-07,1,Þróttur R.,FHL,6,0,326,0.0815
2025-09-07,1,Þróttur R.,FHL,6,1,103,0.02575
2025-09-07,1,Þróttur R.,FHL,6,2,19,0.00475
2025-09-07,1,Þróttur R.,FHL,6,3,1,2.5e-4
2025-09-07,1,Þróttur R.,FHL,7,0,236,0.059
2025-09-07,1,Þróttur R.,FHL,7,1,67,0.01675
2025-09-07,1,Þróttur R.,FHL,7,2,19,0.00475
2025-09-07,1,Þróttur R.,FHL,7,3,3,7.5e-4
2025-09-07,1,Þróttur R.,FHL,8,0,156,0.039
2025-09-07,1,Þróttur R.,FHL,8,1,48,0.012
2025-09-07,1,Þróttur R.,FHL,8,2,7,0.00175
2025-09-07,1,Þróttur R.,FHL,8,3,3,7.5e-4
2025-09-07,1,Þróttur R.,FHL,9,0,105,0.02625
2025-09-07,1,Þróttur R.,FHL,9,1,29,0.00725
2025-09-07,1,Þróttur R.,FHL,9,2,5,0.00125
2025-09-07,1,Þróttur R.,FHL,9,3,1,2.5e-4
2025-09-07,1,Þróttur R.,FHL,10,0,61,0.01525
2025-09-07,1,Þróttur R.,FHL,10,1,19,0.00475
2025-09-07,1,Þróttur R.,FHL,10,2,1,2.5e-4
2025-09-07,1,Þróttur R.,FHL,10,3,1,2.5e-4
2025-09-07,1,Þróttur R.,FHL,11,0,30,0.0075
2025-09-07,1,Þróttur R.,FHL,11,1,10,0.0025
2025-09-07,1,Þróttur R.,FHL,11,2,4,0.001
2025-09-07,1,Þróttur R.,FHL,12,0,12,0.003
2025-09-07,1,Þróttur R.,FHL,12,1,7,0.00175
2025-09-07,1,Þróttur R.,FHL,12,2,2,5e-4
2025-09-07,1,Þróttur R.,FHL,12,3,1,2.5e-4
2025-09-07,1,Þróttur R.,FHL,13,0,11,0.00275
2025-09-07,1,Þróttur R.,FHL,13,1,2,5e-4
2025-09-07,1,Þróttur R.,FHL,14,0,2,5e-4
2025-09-07,1,Þróttur R.,FHL,14,1,3,7.5e-4
2025-09-07,1,Þróttur R.,FHL,15,0,2,5e-4
2025-09-12,1,FH,Víkingur R.,0,0,185,0.04625
2025-09-12,1,FH,Víkingur R.,0,1,124,0.031
2025-09-12,1,FH,Víkingur R.,0,2,55,0.01375
2025-09-12,1,FH,Víkingur R.,0,3,21,0.00525
2025-09-12,1,FH,Víkingur R.,0,4,13,0.00325
2025-09-12,1,FH,Víkingur R.,1,0,328,0.082
2025-09-12,1,FH,Víkingur R.,1,1,288,0.072
2025-09-12,1,FH,Víkingur R.,1,2,134,0.0335
2025-09-12,1,FH,Víkingur R.,1,3,59,0.01475
2025-09-12,1,FH,Víkingur R.,1,4,22,0.0055
2025-09-12,1,FH,Víkingur R.,1,5,4,0.001
2025-09-12,1,FH,Víkingur R.,1,6,1,2.5e-4
2025-09-12,1,FH,Víkingur R.,2,0,360,0.09
2025-09-12,1,FH,Víkingur R.,2,1,343,0.08575
2025-09-12,1,FH,Víkingur R.,2,2,171,0.04275
2025-09-12,1,FH,Víkingur R.,2,3,56,0.014
2025-09-12,1,FH,Víkingur R.,2,4,22,0.0055
2025-09-12,1,FH,Víkingur R.,2,5,3,7.5e-4
2025-09-12,1,FH,Víkingur R.,2,6,1,2.5e-4
2025-09-12,1,FH,Víkingur R.,2,7,1,2.5e-4
2025-09-12,1,FH,Víkingur R.,3,0,288,0.072
2025-09-12,1,FH,Víkingur R.,3,1,267,0.06675
2025-09-12,1,FH,Víkingur R.,3,2,149,0.03725
2025-09-12,1,FH,Víkingur R.,3,3,52,0.013
2025-09-12,1,FH,Víkingur R.,3,4,21,0.00525
2025-09-12,1,FH,Víkingur R.,3,5,6,0.0015
2025-09-12,1,FH,Víkingur R.,3,6,1,2.5e-4
2025-09-12,1,FH,Víkingur R.,4,0,182,0.0455
2025-09-12,1,FH,Víkingur R.,4,1,181,0.04525
2025-09-12,1,FH,Víkingur R.,4,2,91,0.02275
2025-09-12,1,FH,Víkingur R.,4,3,40,0.01
2025-09-12,1,FH,Víkingur R.,4,4,13,0.00325
2025-09-12,1,FH,Víkingur R.,4,5,3,7.5e-4
2025-09-12,1,FH,Víkingur R.,4,6,3,7.5e-4
2025-09-12,1,FH,Víkingur R.,5,0,117,0.02925
2025-09-12,1,FH,Víkingur R.,5,1,93,0.02325
2025-09-12,1,FH,Víkingur R.,5,2,57,0.01425
2025-09-12,1,FH,Víkingur R.,5,3,20,0.005
2025-09-12,1,FH,Víkingur R.,5,4,4,0.001
2025-09-12,1,FH,Víkingur R.,5,5,1,2.5e-4
2025-09-12,1,FH,Víkingur R.,5,6,1,2.5e-4
2025-09-12,1,FH,Víkingur R.,5,7,1,2.5e-4
2025-09-12,1,FH,Víkingur R.,6,0,43,0.01075
2025-09-12,1,FH,Víkingur R.,6,1,38,0.0095
2025-09-12,1,FH,Víkingur R.,6,2,22,0.0055
2025-09-12,1,FH,Víkingur R.,6,3,10,0.0025
2025-09-12,1,FH,Víkingur R.,6,4,4,0.001
2025-09-12,1,FH,Víkingur R.,6,5,1,2.5e-4
2025-09-12,1,FH,Víkingur R.,6,6,1,2.5e-4
2025-09-12,1,FH,Víkingur R.,7,0,17,0.00425
2025-09-12,1,FH,Víkingur R.,7,1,19,0.00475
2025-09-12,1,FH,Víkingur R.,7,2,11,0.00275
2025-09-12,1,FH,Víkingur R.,7,3,4,0.001
2025-09-12,1,FH,Víkingur R.,7,4,1,2.5e-4
2025-09-12,1,FH,Víkingur R.,8,0,15,0.00375
2025-09-12,1,FH,Víkingur R.,8,1,7,0.00175
2025-09-12,1,FH,Víkingur R.,8,2,5,0.00125
2025-09-12,1,FH,Víkingur R.,8,3,1,2.5e-4
2025-09-12,1,FH,Víkingur R.,8,4,1,2.5e-4
2025-09-12,1,FH,Víkingur R.,8,5,1,2.5e-4
2025-09-12,1,FH,Víkingur R.,8,8,1,2.5e-4
2025-09-12,1,FH,Víkingur R.,9,0,3,7.5e-4
2025-09-12,1,FH,Víkingur R.,9,1,2,5e-4
2025-09-12,1,FH,Víkingur R.,9,2,4,0.001
2025-09-12,1,FH,Víkingur R.,9,3,1,2.5e-4
2025-09-12,1,FH,Víkingur R.,10,1,1,2.5e-4
2025-09-12,1,FH,Víkingur R.,10,2,1,2.5e-4
2025-09-12,1,FH,Víkingur R.,11,0,1,2.5e-4
2025-09-12,1,FH,Víkingur R.,11,2,1,2.5e-4
2025-09-12,1,FH,Víkingur R.,12,2,1,2.5e-4
2025-09-12,1,FH,Víkingur R.,12,3,1,2.5e-4
2025-09-12,1,Stjarnan,Fram,0,0,285,0.07125
2025-09-12,1,Stjarnan,Fram,0,1,222,0.0555
2025-09-12,1,Stjarnan,Fram,0,2,107,0.02675
2025-09-12,1,Stjarnan,Fram,0,3,44,0.011
2025-09-12,1,Stjarnan,Fram,0,4,8,0.002
2025-09-12,1,Stjarnan,Fram,0,5,1,2.5e-4
2025-09-12,1,Stjarnan,Fram,1,0,417,0.10425
2025-09-12,1,Stjarnan,Fram,1,1,363,0.09075
2025-09-12,1,Stjarnan,Fram,1,2,203,0.05075
2025-09-12,1,Stjarnan,Fram,1,3,57,0.01425
2025-09-12,1,Stjarnan,Fram,1,4,23,0.00575
2025-09-12,1,Stjarnan,Fram,1,5,4,0.001
2025-09-12,1,Stjarnan,Fram,1,6,1,2.5e-4
2025-09-12,1,Stjarnan,Fram,2,0,399,0.09975
2025-09-12,1,Stjarnan,Fram,2,1,346,0.0865
2025-09-12,1,Stjarnan,Fram,2,2,169,0.04225
2025-09-12,1,Stjarnan,Fram,2,3,58,0.0145
2025-09-12,1,Stjarnan,Fram,2,4,23,0.00575
2025-09-12,1,Stjarnan,Fram,2,5,7,0.00175
2025-09-12,1,Stjarnan,Fram,3,0,243,0.06075
2025-09-12,1,Stjarnan,Fram,3,1,221,0.05525
2025-09-12,1,Stjarnan,Fram,3,2,113,0.02825
2025-09-12,1,Stjarnan,Fram,3,3,51,0.01275
2025-09-12,1,Stjarnan,Fram,3,4,17,0.00425
2025-09-12,1,Stjarnan,Fram,3,5,4,0.001
2025-09-12,1,Stjarnan,Fram,3,8,1,2.5e-4
2025-09-12,1,Stjarnan,Fram,4,0,133,0.03325
2025-09-12,1,Stjarnan,Fram,4,1,111,0.02775
2025-09-12,1,Stjarnan,Fram,4,2,60,0.015
2025-09-12,1,Stjarnan,Fram,4,3,32,0.008
2025-09-12,1,Stjarnan,Fram,4,4,14,0.0035
2025-09-12,1,Stjarnan,Fram,4,5,2,5e-4
2025-09-12,1,Stjarnan,Fram,5,0,67,0.01675
2025-09-12,1,Stjarnan,Fram,5,1,49,0.01225
2025-09-12,1,Stjarnan,Fram,5,2,30,0.0075
2025-09-12,1,Stjarnan,Fram,5,3,13,0.00325
2025-09-12,1,Stjarnan,Fram,5,4,4,0.001
2025-09-12,1,Stjarnan,Fram,5,5,2,5e-4
2025-09-12,1,Stjarnan,Fram,6,0,13,0.00325
2025-09-12,1,Stjarnan,Fram,6,1,28,0.007
2025-09-12,1,Stjarnan,Fram,6,2,10,0.0025
2025-09-12,1,Stjarnan,Fram,6,3,5,0.00125
2025-09-12,1,Stjarnan,Fram,6,4,2,5e-4
2025-09-12,1,Stjarnan,Fram,7,0,8,0.002
2025-09-12,1,Stjarnan,Fram,7,1,9,0.00225
2025-09-12,1,Stjarnan,Fram,7,2,4,0.001
2025-09-12,1,Stjarnan,Fram,7,3,2,5e-4
2025-09-12,1,Stjarnan,Fram,7,5,1,2.5e-4
2025-09-12,1,Stjarnan,Fram,8,0,4,0.001
2025-09-12,1,Stjarnan,Fram,8,1,4,0.001
2025-09-12,1,Stjarnan,Fram,8,2,2,5e-4
2025-09-12,1,Stjarnan,Fram,9,0,1,2.5e-4
2025-09-12,1,Stjarnan,Fram,9,1,2,5e-4
2025-09-12,1,Stjarnan,Fram,12,0,1,2.5e-4
2025-09-12,1,Þór/KA,Þróttur R.,0,0,289,0.07225
2025-09-12,1,Þór/KA,Þróttur R.,0,1,369,0.09225
2025-09-12,1,Þór/KA,Þróttur R.,0,2,277,0.06925
2025-09-12,1,Þór/KA,Þróttur R.,0,3,195,0.04875
2025-09-12,1,Þór/KA,Þróttur R.,0,4,63,0.01575
2025-09-12,1,Þór/KA,Þróttur R.,0,5,29,0.00725
2025-09-12,1,Þór/KA,Þróttur R.,0,6,15,0.00375
2025-09-12,1,Þór/KA,Þróttur R.,0,7,3,7.5e-4
2025-09-12,1,Þór/KA,Þróttur R.,0,9,2,5e-4
2025-09-12,1,Þór/KA,Þróttur R.,1,0,265,0.06625
2025-09-12,1,Þór/KA,Þróttur R.,1,1,430,0.1075
2025-09-12,1,Þór/KA,Þróttur R.,1,2,309,0.07725
2025-09-12,1,Þór/KA,Þróttur R.,1,3,176,0.044
2025-09-12,1,Þór/KA,Þróttur R.,1,4,81,0.02025
2025-09-12,1,Þór/KA,Þróttur R.,1,5,27,0.00675
2025-09-12,1,Þór/KA,Þróttur R.,1,6,14,0.0035
2025-09-12,1,Þór/KA,Þróttur R.,1,7,2,5e-4
2025-09-12,1,Þór/KA,Þróttur R.,1,8,1,2.5e-4
2025-09-12,1,Þór/KA,Þróttur R.,2,0,166,0.0415
2025-09-12,1,Þór/KA,Þróttur R.,2,1,237,0.05925
2025-09-12,1,Þór/KA,Þróttur R.,2,2,194,0.0485
2025-09-12,1,Þór/KA,Þróttur R.,2,3,138,0.0345
2025-09-12,1,Þór/KA,Þróttur R.,2,4,59,0.01475
2025-09-12,1,Þór/KA,Þróttur R.,2,5,23,0.00575
2025-09-12,1,Þór/KA,Þróttur R.,2,6,8,0.002
2025-09-12,1,Þór/KA,Þróttur R.,2,8,1,2.5e-4
2025-09-12,1,Þór/KA,Þróttur R.,3,0,64,0.016
2025-09-12,1,Þór/KA,Þróttur R.,3,1,132,0.033
2025-09-12,1,Þór/KA,Þróttur R.,3,2,97,0.02425
2025-09-12,1,Þór/KA,Þróttur R.,3,3,63,0.01575
2025-09-12,1,Þór/KA,Þróttur R.,3,4,30,0.0075
2025-09-12,1,Þór/KA,Þróttur R.,3,5,10,0.0025
2025-09-12,1,Þór/KA,Þróttur R.,3,6,5,0.00125
2025-09-12,1,Þór/KA,Þróttur R.,4,0,32,0.008
2025-09-12,1,Þór/KA,Þróttur R.,4,1,50,0.0125
2025-09-12,1,Þór/KA,Þróttur R.,4,2,29,0.00725
2025-09-12,1,Þór/KA,Þróttur R.,4,3,24,0.006
2025-09-12,1,Þór/KA,Þróttur R.,4,4,8,0.002
2025-09-12,1,Þór/KA,Þróttur R.,4,5,5,0.00125
2025-09-12,1,Þór/KA,Þróttur R.,4,6,3,7.5e-4
2025-09-12,1,Þór/KA,Þróttur R.,4,7,2,5e-4
2025-09-12,1,Þór/KA,Þróttur R.,4,8,1,2.5e-4
2025-09-12,1,Þór/KA,Þróttur R.,5,0,5,0.00125
2025-09-12,1,Þór/KA,Þróttur R.,5,1,18,0.0045
2025-09-12,1,Þór/KA,Þróttur R.,5,2,9,0.00225
2025-09-12,1,Þór/KA,Þróttur R.,5,3,9,0.00225
2025-09-12,1,Þór/KA,Þróttur R.,5,4,5,0.00125
2025-09-12,1,Þór/KA,Þróttur R.,5,5,4,0.001
2025-09-12,1,Þór/KA,Þróttur R.,5,7,1,2.5e-4
2025-09-12,1,Þór/KA,Þróttur R.,6,0,1,2.5e-4
2025-09-12,1,Þór/KA,Þróttur R.,6,1,3,7.5e-4
2025-09-12,1,Þór/KA,Þróttur R.,6,2,5,0.00125
2025-09-12,1,Þór/KA,Þróttur R.,6,3,1,2.5e-4
2025-09-12,1,Þór/KA,Þróttur R.,6,4,1,2.5e-4
2025-09-12,1,Þór/KA,Þróttur R.,6,9,1,2.5e-4
2025-09-12,1,Þór/KA,Þróttur R.,7,0,1,2.5e-4
2025-09-12,1,Þór/KA,Þróttur R.,7,1,2,5e-4
2025-09-12,1,Þór/KA,Þróttur R.,7,2,1,2.5e-4
2025-09-12,1,Þór/KA,Þróttur R.,7,7,1,2.5e-4
2025-09-12,1,Þór/KA,Þróttur R.,8,0,2,5e-4
2025-09-12,1,Þór/KA,Þróttur R.,8,2,1,2.5e-4
2025-09-12,1,Þór/KA,Þróttur R.,8,5,1,2.5e-4
2025-09-14,1,FHL,Breiðablik,0,0,12,0.003
2025-09-14,1,FHL,Breiðablik,0,1,60,0.015
2025-09-14,1,FHL,Breiðablik,0,2,163,0.04075
2025-09-14,1,FHL,Breiðablik,0,3,272,0.068
2025-09-14,1,FHL,Breiðablik,0,4,302,0.0755
2025-09-14,1,FHL,Breiðablik,0,5,357,0.08925
2025-09-14,1,FHL,Breiðablik,0,6,356,0.089
2025-09-14,1,FHL,Breiðablik,0,7,298,0.0745
2025-09-14,1,FHL,Breiðablik,0,8,229,0.05725
2025-09-14,1,FHL,Breiðablik,0,9,187,0.04675
2025-09-14,1,FHL,Breiðablik,0,10,116,0.029
2025-09-14,1,FHL,Breiðablik,0,11,81,0.02025
2025-09-14,1,FHL,Breiðablik,0,12,49,0.01225
2025-09-14,1,FHL,Breiðablik,0,13,30,0.0075
2025-09-14,1,FHL,Breiðablik,0,14,13,0.00325
2025-09-14,1,FHL,Breiðablik,0,15,9,0.00225
2025-09-14,1,FHL,Breiðablik,0,16,4,0.001
2025-09-14,1,FHL,Breiðablik,0,17,3,7.5e-4
2025-09-14,1,FHL,Breiðablik,0,20,2,5e-4
2025-09-14,1,FHL,Breiðablik,1,0,6,0.0015
2025-09-14,1,FHL,Breiðablik,1,1,24,0.006
2025-09-14,1,FHL,Breiðablik,1,2,67,0.01675
2025-09-14,1,FHL,Breiðablik,1,3,122,0.0305
2025-09-14,1,FHL,Breiðablik,1,4,139,0.03475
2025-09-14,1,FHL,Breiðablik,1,5,156,0.039
2025-09-14,1,FHL,Breiðablik,1,6,154,0.0385
2025-09-14,1,FHL,Breiðablik,1,7,128,0.032
2025-09-14,1,FHL,Breiðablik,1,8,102,0.0255
2025-09-14,1,FHL,Breiðablik,1,9,76,0.019
2025-09-14,1,FHL,Breiðablik,1,10,46,0.0115
2025-09-14,1,FHL,Breiðablik,1,11,38,0.0095
2025-09-14,1,FHL,Breiðablik,1,12,23,0.00575
2025-09-14,1,FHL,Breiðablik,1,13,15,0.00375
2025-09-14,1,FHL,Breiðablik,1,14,3,7.5e-4
2025-09-14,1,FHL,Breiðablik,1,15,3,7.5e-4
2025-09-14,1,FHL,Breiðablik,1,16,3,7.5e-4
2025-09-14,1,FHL,Breiðablik,2,0,2,5e-4
2025-09-14,1,FHL,Breiðablik,2,1,14,0.0035
2025-09-14,1,FHL,Breiðablik,2,2,23,0.00575
2025-09-14,1,FHL,Breiðablik,2,3,27,0.00675
2025-09-14,1,FHL,Breiðablik,2,4,23,0.00575
2025-09-14,1,FHL,Breiðablik,2,5,48,0.012
2025-09-14,1,FHL,Breiðablik,2,6,25,0.00625
2025-09-14,1,FHL,Breiðablik,2,7,27,0.00675
2025-09-14,1,FHL,Breiðablik,2,8,31,0.00775
2025-09-14,1,FHL,Breiðablik,2,9,24,0.006
2025-09-14,1,FHL,Breiðablik,2,10,16,0.004
2025-09-14,1,FHL,Breiðablik,2,11,11,0.00275
2025-09-14,1,FHL,Breiðablik,2,12,6,0.0015
2025-09-14,1,FHL,Breiðablik,2,13,3,7.5e-4
2025-09-14,1,FHL,Breiðablik,2,14,1,2.5e-4
2025-09-14,1,FHL,Breiðablik,2,15,2,5e-4
2025-09-14,1,FHL,Breiðablik,2,16,1,2.5e-4
2025-09-14,1,FHL,Breiðablik,3,1,2,5e-4
2025-09-14,1,FHL,Breiðablik,3,2,4,0.001
2025-09-14,1,FHL,Breiðablik,3,3,8,0.002
2025-09-14,1,FHL,Breiðablik,3,4,7,0.00175
2025-09-14,1,FHL,Breiðablik,3,5,10,0.0025
2025-09-14,1,FHL,Breiðablik,3,6,7,0.00175
2025-09-14,1,FHL,Breiðablik,3,7,8,0.002
2025-09-14,1,FHL,Breiðablik,3,8,2,5e-4
2025-09-14,1,FHL,Breiðablik,3,9,4,0.001
2025-09-14,1,FHL,Breiðablik,3,10,1,2.5e-4
2025-09-14,1,FHL,Breiðablik,3,12,1,2.5e-4
2025-09-14,1,FHL,Breiðablik,3,15,1,2.5e-4
2025-09-14,1,FHL,Breiðablik,4,4,3,7.5e-4
2025-09-14,1,FHL,Breiðablik,4,5,2,5e-4
2025-09-14,1,FHL,Breiðablik,4,6,1,2.5e-4
2025-09-14,1,FHL,Breiðablik,4,7,1,2.5e-4
2025-09-14,1,FHL,Breiðablik,4,9,1,2.5e-4
2025-09-14,1,FHL,Breiðablik,4,13,2,5e-4
2025-09-14,1,FHL,Breiðablik,5,2,1,2.5e-4
2025-09-14,1,FHL,Breiðablik,5,9,1,2.5e-4
2025-09-14,1,FHL,Breiðablik,6,5,1,2.5e-4
2025-09-14,1,Valur,Tindastóll,0,0,184,0.046
2025-09-14,1,Valur,Tindastóll,0,1,90,0.0225
2025-09-14,1,Valur,Tindastóll,0,2,25,0.00625
2025-09-14,1,Valur,Tindastóll,0,3,8,0.002
2025-09-14,1,Valur,Tindastóll,0,4,7,0.00175
2025-09-14,1,Valur,Tindastóll,1,0,398,0.0995
2025-09-14,1,Valur,Tindastóll,1,1,233,0.05825
2025-09-14,1,Valur,Tindastóll,1,2,60,0.015
2025-09-14,1,Valur,Tindastóll,1,3,19,0.00475
2025-09-14,1,Valur,Tindastóll,1,4,3,7.5e-4
2025-09-14,1,Valur,Tindastóll,2,0,501,0.12525
2025-09-14,1,Valur,Tindastóll,2,1,309,0.07725
2025-09-14,1,Valur,Tindastóll,2,2,84,0.021
2025-09-14,1,Valur,Tindastóll,2,3,18,0.0045
2025-09-14,1,Valur,Tindastóll,2,4,4,0.001
2025-09-14,1,Valur,Tindastóll,2,5,2,5e-4
2025-09-14,1,Valur,Tindastóll,3,0,432,0.108
2025-09-14,1,Valur,Tindastóll,3,1,257,0.06425
2025-09-14,1,Valur,Tindastóll,3,2,86,0.0215
2025-09-14,1,Valur,Tindastóll,3,3,27,0.00675
2025-09-14,1,Valur,Tindastóll,3,4,7,0.00175
2025-09-14,1,Valur,Tindastóll,3,5,1,2.5e-4
2025-09-14,1,Valur,Tindastóll,3,6,1,2.5e-4
2025-09-14,1,Valur,Tindastóll,4,0,332,0.083
2025-09-14,1,Valur,Tindastóll,4,1,190,0.0475
2025-09-14,1,Valur,Tindastóll,4,2,55,0.01375
2025-09-14,1,Valur,Tindastóll,4,3,15,0.00375
2025-09-14,1,Valur,Tindastóll,4,4,2,5e-4
2025-09-14,1,Valur,Tindastóll,5,0,161,0.04025
2025-09-14,1,Valur,Tindastóll,5,1,112,0.028
2025-09-14,1,Valur,Tindastóll,5,2,28,0.007
2025-09-14,1,Valur,Tindastóll,5,3,3,7.5e-4
2025-09-14,1,Valur,Tindastóll,5,4,3,7.5e-4
2025-09-14,1,Valur,Tindastóll,6,0,92,0.023
2025-09-14,1,Valur,Tindastóll,6,1,56,0.014
2025-09-14,1,Valur,Tindastóll,6,2,16,0.004
2025-09-14,1,Valur,Tindastóll,6,3,6,0.0015
2025-09-14,1,Valur,Tindastóll,6,5,1,2.5e-4
2025-09-14,1,Valur,Tindastóll,7,0,52,0.013
2025-09-14,1,Valur,Tindastóll,7,1,27,0.00675
2025-09-14,1,Valur,Tindastóll,7,2,10,0.0025
2025-09-14,1,Valur,Tindastóll,7,3,5,0.00125
2025-09-14,1,Valur,Tindastóll,8,0,33,0.00825
2025-09-14,1,Valur,Tindastóll,8,1,8,0.002
2025-09-14,1,Valur,Tindastóll,8,2,4,0.001
2025-09-14,1,Valur,Tindastóll,8,5,1,2.5e-4
2025-09-14,1,Valur,Tindastóll,9,0,8,0.002
2025-09-14,1,Valur,Tindastóll,9,1,5,0.00125
2025-09-14,1,Valur,Tindastóll,9,2,2,5e-4
2025-09-14,1,Valur,Tindastóll,10,0,8,0.002
2025-09-14,1,Valur,Tindastóll,10,1,3,7.5e-4
2025-09-14,1,Valur,Tindastóll,11,0,2,5e-4
2025-09-14,1,Valur,Tindastóll,11,1,2,5e-4
2025-09-14,1,Valur,Tindastóll,12,0,1,2.5e-4
2025-09-14,1,Valur,Tindastóll,14,1,1,2.5e-4
2025-09-20,1,Breiðablik,Þór/KA,0,0,92,0.023
2025-09-20,1,Breiðablik,Þór/KA,0,1,53,0.01325
2025-09-20,1,Breiðablik,Þór/KA,0,2,25,0.00625
2025-09-20,1,Breiðablik,Þór/KA,0,3,8,0.002
2025-09-20,1,Breiðablik,Þór/KA,0,4,3,7.5e-4
2025-09-20,1,Breiðablik,Þór/KA,1,0,225,0.05625
2025-09-20,1,Breiðablik,Þór/KA,1,1,182,0.0455
2025-09-20,1,Breiðablik,Þór/KA,1,2,56,0.014
2025-09-20,1,Breiðablik,Þór/KA,1,3,32,0.008
2025-09-20,1,Breiðablik,Þór/KA,1,4,3,7.5e-4
2025-09-20,1,Breiðablik,Þór/KA,1,5,2,5e-4
2025-09-20,1,Breiðablik,Þór/KA,2,0,362,0.0905
2025-09-20,1,Breiðablik,Þór/KA,2,1,218,0.0545
2025-09-20,1,Breiðablik,Þór/KA,2,2,100,0.025
2025-09-20,1,Breiðablik,Þór/KA,2,3,43,0.01075
2025-09-20,1,Breiðablik,Þór/KA,2,4,10,0.0025
2025-09-20,1,Breiðablik,Þór/KA,2,5,4,0.001
2025-09-20,1,Breiðablik,Þór/KA,3,0,381,0.09525
2025-09-20,1,Breiðablik,Þór/KA,3,1,266,0.0665
2025-09-20,1,Breiðablik,Þór/KA,3,2,122,0.0305
2025-09-20,1,Breiðablik,Þór/KA,3,3,35,0.00875
2025-09-20,1,Breiðablik,Þór/KA,3,4,10,0.0025
2025-09-20,1,Breiðablik,Þór/KA,3,5,1,2.5e-4
2025-09-20,1,Breiðablik,Þór/KA,4,0,300,0.075
2025-09-20,1,Breiðablik,Þór/KA,4,1,206,0.0515
2025-09-20,1,Breiðablik,Þór/KA,4,2,89,0.02225
2025-09-20,1,Breiðablik,Þór/KA,4,3,39,0.00975
2025-09-20,1,Breiðablik,Þór/KA,4,4,8,0.002
2025-09-20,1,Breiðablik,Þór/KA,4,5,2,5e-4
2025-09-20,1,Breiðablik,Þór/KA,5,0,239,0.05975
2025-09-20,1,Breiðablik,Þór/KA,5,1,182,0.0455
2025-09-20,1,Breiðablik,Þór/KA,5,2,67,0.01675
2025-09-20,1,Breiðablik,Þór/KA,5,3,14,0.0035
2025-09-20,1,Breiðablik,Þór/KA,5,4,8,0.002
2025-09-20,1,Breiðablik,Þór/KA,5,5,1,2.5e-4
2025-09-20,1,Breiðablik,Þór/KA,5,6,1,2.5e-4
2025-09-20,1,Breiðablik,Þór/KA,6,0,152,0.038
2025-09-20,1,Breiðablik,Þór/KA,6,1,102,0.0255
2025-09-20,1,Breiðablik,Þór/KA,6,2,43,0.01075
2025-09-20,1,Breiðablik,Þór/KA,6,3,17,0.00425
2025-09-20,1,Breiðablik,Þór/KA,6,4,4,0.001
2025-09-20,1,Breiðablik,Þór/KA,6,5,1,2.5e-4
2025-09-20,1,Breiðablik,Þór/KA,7,0,66,0.0165
2025-09-20,1,Breiðablik,Þór/KA,7,1,37,0.00925
2025-09-20,1,Breiðablik,Þór/KA,7,2,21,0.00525
2025-09-20,1,Breiðablik,Þór/KA,7,3,10,0.0025
2025-09-20,1,Breiðablik,Þór/KA,7,4,2,5e-4
2025-09-20,1,Breiðablik,Þór/KA,7,5,2,5e-4
2025-09-20,1,Breiðablik,Þór/KA,8,0,38,0.0095
2025-09-20,1,Breiðablik,Þór/KA,8,1,34,0.0085
2025-09-20,1,Breiðablik,Þór/KA,8,2,4,0.001
2025-09-20,1,Breiðablik,Þór/KA,8,3,6,0.0015
2025-09-20,1,Breiðablik,Þór/KA,8,5,3,7.5e-4
2025-09-20,1,Breiðablik,Þór/KA,9,0,14,0.0035
2025-09-20,1,Breiðablik,Þór/KA,9,1,15,0.00375
2025-09-20,1,Breiðablik,Þór/KA,9,2,4,0.001
2025-09-20,1,Breiðablik,Þór/KA,9,3,1,2.5e-4
2025-09-20,1,Breiðablik,Þór/KA,9,4,2,5e-4
2025-09-20,1,Breiðablik,Þór/KA,10,0,10,0.0025
2025-09-20,1,Breiðablik,Þór/KA,10,1,4,0.001
2025-09-20,1,Breiðablik,Þór/KA,10,2,2,5e-4
2025-09-20,1,Breiðablik,Þór/KA,11,0,6,0.0015
2025-09-20,1,Breiðablik,Þór/KA,11,1,1,2.5e-4
2025-09-20,1,Breiðablik,Þór/KA,11,2,1,2.5e-4
2025-09-20,1,Breiðablik,Þór/KA,12,0,2,5e-4
2025-09-20,1,Breiðablik,Þór/KA,12,1,2,5e-4
2025-09-20,1,Breiðablik,Þór/KA,12,2,1,2.5e-4
2025-09-20,1,Breiðablik,Þór/KA,13,0,1,2.5e-4
2025-09-20,1,Breiðablik,Þór/KA,13,1,1,2.5e-4
2025-09-20,1,Breiðablik,Þór/KA,14,0,1,2.5e-4
2025-09-20,1,Breiðablik,Þór/KA,14,1,1,2.5e-4
2025-09-20,1,Fram,Valur,0,0,295,0.07375
2025-09-20,1,Fram,Valur,0,1,490,0.1225
2025-09-20,1,Fram,Valur,0,2,401,0.10025
2025-09-20,1,Fram,Valur,0,3,234,0.0585
2025-09-20,1,Fram,Valur,0,4,93,0.02325
2025-09-20,1,Fram,Valur,0,5,42,0.0105
2025-09-20,1,Fram,Valur,0,6,16,0.004
2025-09-20,1,Fram,Valur,0,7,7,0.00175
2025-09-20,1,Fram,Valur,0,8,1,2.5e-4
2025-09-20,1,Fram,Valur,1,0,247,0.06175
2025-09-20,1,Fram,Valur,1,1,444,0.111
2025-09-20,1,Fram,Valur,1,2,331,0.08275
2025-09-20,1,Fram,Valur,1,3,196,0.049
2025-09-20,1,Fram,Valur,1,4,94,0.0235
2025-09-20,1,Fram,Valur,1,5,46,0.0115
2025-09-20,1,Fram,Valur,1,6,11,0.00275
2025-09-20,1,Fram,Valur,1,7,3,7.5e-4
2025-09-20,1,Fram,Valur,1,10,1,2.5e-4
2025-09-20,1,Fram,Valur,1,11,1,2.5e-4
2025-09-20,1,Fram,Valur,2,0,117,0.02925
2025-09-20,1,Fram,Valur,2,1,190,0.0475
2025-09-20,1,Fram,Valur,2,2,153,0.03825
2025-09-20,1,Fram,Valur,2,3,106,0.0265
2025-09-20,1,Fram,Valur,2,4,50,0.0125
2025-09-20,1,Fram,Valur,2,5,13,0.00325
2025-09-20,1,Fram,Valur,2,6,7,0.00175
2025-09-20,1,Fram,Valur,2,7,2,5e-4
2025-09-20,1,Fram,Valur,2,8,1,2.5e-4
2025-09-20,1,Fram,Valur,3,0,53,0.01325
2025-09-20,1,Fram,Valur,3,1,79,0.01975
2025-09-20,1,Fram,Valur,3,2,63,0.01575
2025-09-20,1,Fram,Valur,3,3,52,0.013
2025-09-20,1,Fram,Valur,3,4,13,0.00325
2025-09-20,1,Fram,Valur,3,5,10,0.0025
2025-09-20,1,Fram,Valur,3,6,5,0.00125
2025-09-20,1,Fram,Valur,3,7,2,5e-4
2025-09-20,1,Fram,Valur,3,8,1,2.5e-4
2025-09-20,1,Fram,Valur,3,9,2,5e-4
2025-09-20,1,Fram,Valur,4,0,15,0.00375
2025-09-20,1,Fram,Valur,4,1,24,0.006
2025-09-20,1,Fram,Valur,4,2,20,0.005
2025-09-20,1,Fram,Valur,4,3,18,0.0045
2025-09-20,1,Fram,Valur,4,4,6,0.0015
2025-09-20,1,Fram,Valur,4,5,4,0.001
2025-09-20,1,Fram,Valur,4,6,1,2.5e-4
2025-09-20,1,Fram,Valur,5,0,5,0.00125
2025-09-20,1,Fram,Valur,5,1,9,0.00225
2025-09-20,1,Fram,Valur,5,2,7,0.00175
2025-09-20,1,Fram,Valur,5,3,7,0.00175
2025-09-20,1,Fram,Valur,5,4,4,0.001
2025-09-20,1,Fram,Valur,5,5,3,7.5e-4
2025-09-20,1,Fram,Valur,5,7,1,2.5e-4
2025-09-20,1,Fram,Valur,6,1,2,5e-4
2025-09-20,1,Fram,Valur,6,2,1,2.5e-4
2025-09-20,1,Fram,Valur,7,2,1,2.5e-4
2025-09-20,1,Tindastóll,FH,0,0,138,0.0345
2025-09-20,1,Tindastóll,FH,0,1,282,0.0705
2025-09-20,1,Tindastóll,FH,0,2,329,0.08225
2025-09-20,1,Tindastóll,FH,0,3,297,0.07425
2025-09-20,1,Tindastóll,FH,0,4,210,0.0525
2025-09-20,1,Tindastóll,FH,0,5,116,0.029
2025-09-20,1,Tindastóll,FH,0,6,51,0.01275
2025-09-20,1,Tindastóll,FH,0,7,27,0.00675
2025-09-20,1,Tindastóll,FH,0,8,15,0.00375
2025-09-20,1,Tindastóll,FH,0,9,3,7.5e-4
2025-09-20,1,Tindastóll,FH,0,10,2,5e-4
2025-09-20,1,Tindastóll,FH,0,11,1,2.5e-4
2025-09-20,1,Tindastóll,FH,1,0,122,0.0305
2025-09-20,1,Tindastóll,FH,1,1,280,0.07
2025-09-20,1,Tindastóll,FH,1,2,336,0.084
2025-09-20,1,Tindastóll,FH,1,3,256,0.064
2025-09-20,1,Tindastóll,FH,1,4,174,0.0435
2025-09-20,1,Tindastóll,FH,1,5,124,0.031
2025-09-20,1,Tindastóll,FH,1,6,63,0.01575
2025-09-20,1,Tindastóll,FH,1,7,25,0.00625
2025-09-20,1,Tindastóll,FH,1,8,12,0.003
2025-09-20,1,Tindastóll,FH,1,9,6,0.0015
2025-09-20,1,Tindastóll,FH,1,10,1,2.5e-4
2025-09-20,1,Tindastóll,FH,1,12,1,2.5e-4
2025-09-20,1,Tindastóll,FH,2,0,43,0.01075
2025-09-20,1,Tindastóll,FH,2,1,148,0.037
2025-09-20,1,Tindastóll,FH,2,2,179,0.04475
2025-09-20,1,Tindastóll,FH,2,3,130,0.0325
2025-09-20,1,Tindastóll,FH,2,4,114,0.0285
2025-09-20,1,Tindastóll,FH,2,5,64,0.016
2025-09-20,1,Tindastóll,FH,2,6,29,0.00725
2025-09-20,1,Tindastóll,FH,2,7,16,0.004
2025-09-20,1,Tindastóll,FH,2,8,6,0.0015
2025-09-20,1,Tindastóll,FH,2,9,2,5e-4
2025-09-20,1,Tindastóll,FH,2,10,4,0.001
2025-09-20,1,Tindastóll,FH,3,0,26,0.0065
2025-09-20,1,Tindastóll,FH,3,1,51,0.01275
2025-09-20,1,Tindastóll,FH,3,2,54,0.0135
2025-09-20,1,Tindastóll,FH,3,3,51,0.01275
2025-09-20,1,Tindastóll,FH,3,4,35,0.00875
2025-09-20,1,Tindastóll,FH,3,5,19,0.00475
2025-09-20,1,Tindastóll,FH,3,6,21,0.00525
2025-09-20,1,Tindastóll,FH,3,7,3,7.5e-4
2025-09-20,1,Tindastóll,FH,3,8,1,2.5e-4
2025-09-20,1,Tindastóll,FH,3,9,2,5e-4
2025-09-20,1,Tindastóll,FH,4,0,5,0.00125
2025-09-20,1,Tindastóll,FH,4,1,16,0.004
2025-09-20,1,Tindastóll,FH,4,2,21,0.00525
2025-09-20,1,Tindastóll,FH,4,3,15,0.00375
2025-09-20,1,Tindastóll,FH,4,4,18,0.0045
2025-09-20,1,Tindastóll,FH,4,5,14,0.0035
2025-09-20,1,Tindastóll,FH,4,6,5,0.00125
2025-09-20,1,Tindastóll,FH,4,7,1,2.5e-4
2025-09-20,1,Tindastóll,FH,4,8,1,2.5e-4
2025-09-20,1,Tindastóll,FH,5,0,1,2.5e-4
2025-09-20,1,Tindastóll,FH,5,1,5,0.00125
2025-09-20,1,Tindastóll,FH,5,2,5,0.00125
2025-09-20,1,Tindastóll,FH,5,3,4,0.001
2025-09-20,1,Tindastóll,FH,5,4,4,0.001
2025-09-20,1,Tindastóll,FH,5,6,1,2.5e-4
2025-09-20,1,Tindastóll,FH,6,2,3,7.5e-4
2025-09-20,1,Tindastóll,FH,6,3,5,0.00125
2025-09-20,1,Tindastóll,FH,6,4,2,5e-4
2025-09-20,1,Tindastóll,FH,6,5,1,2.5e-4
2025-09-20,1,Tindastóll,FH,6,6,1,2.5e-4
2025-09-20,1,Tindastóll,FH,7,1,1,2.5e-4
2025-09-20,1,Tindastóll,FH,7,3,1,2.5e-4
2025-09-20,1,Tindastóll,FH,7,4,1,2.5e-4
2025-09-20,1,Víkingur R.,FHL,0,0,158,0.0395
2025-09-20,1,Víkingur R.,FHL,0,1,92,0.023
2025-09-20,1,Víkingur R.,FHL,0,2,30,0.0075
2025-09-20,1,Víkingur R.,FHL,0,3,7,0.00175
2025-09-20,1,Víkingur R.,FHL,0,4,2,5e-4
2025-09-20,1,Víkingur R.,FHL,1,0,363,0.09075
2025-09-20,1,Víkingur R.,FHL,1,1,212,0.053
2025-09-20,1,Víkingur R.,FHL,1,2,74,0.0185
2025-09-20,1,Víkingur R.,FHL,1,3,17,0.00425
2025-09-20,1,Víkingur R.,FHL,1,4,2,5e-4
2025-09-20,1,Víkingur R.,FHL,2,0,465,0.11625
2025-09-20,1,Víkingur R.,FHL,2,1,277,0.06925
2025-09-20,1,Víkingur R.,FHL,2,2,101,0.02525
2025-09-20,1,Víkingur R.,FHL,2,3,27,0.00675
2025-09-20,1,Víkingur R.,FHL,2,4,4,0.001
2025-09-20,1,Víkingur R.,FHL,3,0,466,0.1165
2025-09-20,1,Víkingur R.,FHL,3,1,236,0.059
2025-09-20,1,Víkingur R.,FHL,3,2,82,0.0205
2025-09-20,1,Víkingur R.,FHL,3,3,20,0.005
2025-09-20,1,Víkingur R.,FHL,3,4,10,0.0025
2025-09-20,1,Víkingur R.,FHL,4,0,344,0.086
2025-09-20,1,Víkingur R.,FHL,4,1,187,0.04675
2025-09-20,1,Víkingur R.,FHL,4,2,65,0.01625
2025-09-20,1,Víkingur R.,FHL,4,3,10,0.0025
2025-09-20,1,Víkingur R.,FHL,4,4,5,0.00125
2025-09-20,1,Víkingur R.,FHL,5,0,204,0.051
2025-09-20,1,Víkingur R.,FHL,5,1,109,0.02725
2025-09-20,1,Víkingur R.,FHL,5,2,40,0.01
2025-09-20,1,Víkingur R.,FHL,5,3,11,0.00275
2025-09-20,1,Víkingur R.,FHL,5,6,1,2.5e-4
2025-09-20,1,Víkingur R.,FHL,6,0,91,0.02275
2025-09-20,1,Víkingur R.,FHL,6,1,73,0.01825
2025-09-20,1,Víkingur R.,FHL,6,2,19,0.00475
2025-09-20,1,Víkingur R.,FHL,6,3,10,0.0025
2025-09-20,1,Víkingur R.,FHL,6,4,2,5e-4
2025-09-20,1,Víkingur R.,FHL,7,0,45,0.01125
2025-09-20,1,Víkingur R.,FHL,7,1,27,0.00675
2025-09-20,1,Víkingur R.,FHL,7,2,11,0.00275
2025-09-20,1,Víkingur R.,FHL,7,3,5,0.00125
2025-09-20,1,Víkingur R.,FHL,8,0,29,0.00725
2025-09-20,1,Víkingur R.,FHL,8,1,17,0.00425
2025-09-20,1,Víkingur R.,FHL,8,2,7,0.00175
2025-09-20,1,Víkingur R.,FHL,8,3,2,5e-4
2025-09-20,1,Víkingur R.,FHL,9,0,13,0.00325
2025-09-20,1,Víkingur R.,FHL,9,1,4,0.001
2025-09-20,1,Víkingur R.,FHL,9,2,5,0.00125
2025-09-20,1,Víkingur R.,FHL,9,3,1,2.5e-4
2025-09-20,1,Víkingur R.,FHL,10,0,4,0.001
2025-09-20,1,Víkingur R.,FHL,10,1,3,7.5e-4
2025-09-20,1,Víkingur R.,FHL,10,2,1,2.5e-4
2025-09-20,1,Víkingur R.,FHL,11,0,5,0.00125
2025-09-20,1,Víkingur R.,FHL,11,1,4,0.001
2025-09-20,1,Víkingur R.,FHL,11,2,1,2.5e-4
2025-09-20,1,Þróttur R.,Stjarnan,0,0,221,0.05525
2025-09-20,1,Þróttur R.,Stjarnan,0,1,147,0.03675
2025-09-20,1,Þróttur R.,Stjarnan,0,2,55,0.01375
2025-09-20,1,Þróttur R.,Stjarnan,0,3,10,0.0025
2025-09-20,1,Þróttur R.,Stjarnan,0,4,4,0.001
2025-09-20,1,Þróttur R.,Stjarnan,0,5,2,5e-4
2025-09-20,1,Þróttur R.,Stjarnan,1,0,470,0.1175
2025-09-20,1,Þróttur R.,Stjarnan,1,1,276,0.069
2025-09-20,1,Þróttur R.,Stjarnan,1,2,124,0.031
2025-09-20,1,Þróttur R.,Stjarnan,1,3,29,0.00725
2025-09-20,1,Þróttur R.,Stjarnan,1,4,3,7.5e-4
2025-09-20,1,Þróttur R.,Stjarnan,1,5,1,2.5e-4
2025-09-20,1,Þróttur R.,Stjarnan,2,0,501,0.12525
2025-09-20,1,Þróttur R.,Stjarnan,2,1,292,0.073
2025-09-20,1,Þróttur R.,Stjarnan,2,2,130,0.0325
2025-09-20,1,Þróttur R.,Stjarnan,2,3,42,0.0105
2025-09-20,1,Þróttur R.,Stjarnan,2,4,7,0.00175
2025-09-20,1,Þróttur R.,Stjarnan,2,6,1,2.5e-4
2025-09-20,1,Þróttur R.,Stjarnan,3,0,353,0.08825
2025-09-20,1,Þróttur R.,Stjarnan,3,1,258,0.0645
2025-09-20,1,Þróttur R.,Stjarnan,3,2,90,0.0225
2025-09-20,1,Þróttur R.,Stjarnan,3,3,29,0.00725
2025-09-20,1,Þróttur R.,Stjarnan,3,4,4,0.001
2025-09-20,1,Þróttur R.,Stjarnan,3,5,4,0.001
2025-09-20,1,Þróttur R.,Stjarnan,4,0,203,0.05075
2025-09-20,1,Þróttur R.,Stjarnan,4,1,167,0.04175
2025-09-20,1,Þróttur R.,Stjarnan,4,2,76,0.019
2025-09-20,1,Þróttur R.,Stjarnan,4,3,16,0.004
2025-09-20,1,Þróttur R.,Stjarnan,4,4,5,0.00125
2025-09-20,1,Þróttur R.,Stjarnan,4,6,1,2.5e-4
2025-09-20,1,Þróttur R.,Stjarnan,5,0,132,0.033
2025-09-20,1,Þróttur R.,Stjarnan,5,1,90,0.0225
2025-09-20,1,Þróttur R.,Stjarnan,5,2,36,0.009
2025-09-20,1,Þróttur R.,Stjarnan,5,3,8,0.002
2025-09-20,1,Þróttur R.,Stjarnan,5,4,2,5e-4
2025-09-20,1,Þróttur R.,Stjarnan,5,5,1,2.5e-4
2025-09-20,1,Þróttur R.,Stjarnan,6,0,59,0.01475
2025-09-20,1,Þróttur R.,Stjarnan,6,1,36,0.009
2025-09-20,1,Þróttur R.,Stjarnan,6,2,18,0.0045
2025-09-20,1,Þróttur R.,Stjarnan,6,3,2,5e-4
2025-09-20,1,Þróttur R.,Stjarnan,6,5,1,2.5e-4
2025-09-20,1,Þróttur R.,Stjarnan,6,6,1,2.5e-4
2025-09-20,1,Þróttur R.,Stjarnan,7,0,28,0.007
2025-09-20,1,Þróttur R.,Stjarnan,7,1,20,0.005
2025-09-20,1,Þróttur R.,Stjarnan,7,2,10,0.0025
2025-09-20,1,Þróttur R.,Stjarnan,7,3,1,2.5e-4
2025-09-20,1,Þróttur R.,Stjarnan,8,0,10,0.0025
2025-09-20,1,Þróttur R.,Stjarnan,8,1,5,0.00125
2025-09-20,1,Þróttur R.,Stjarnan,8,2,5,0.00125
2025-09-20,1,Þróttur R.,Stjarnan,9,0,4,0.001
2025-09-20,1,Þróttur R.,Stjarnan,9,1,2,5e-4
2025-09-20,1,Þróttur R.,Stjarnan,9,2,1,2.5e-4
2025-09-20,1,Þróttur R.,Stjarnan,9,3,1,2.5e-4
2025-09-20,1,Þróttur R.,Stjarnan,10,0,3,7.5e-4
2025-09-20,1,Þróttur R.,Stjarnan,10,1,1,2.5e-4
2025-09-20,1,Þróttur R.,Stjarnan,10,2,1,2.5e-4
2025-09-20,1,Þróttur R.,Stjarnan,11,1,1,2.5e-4
