season,division,date,home,away,home_goals,away_goals,game_nr
2021,6,2021-04-22,Njarðvík,KH,3,0,1
2021,6,2021-04-23,Tindastóll,Völsungur,0,2,2
2021,6,2021-04-23,KV,Þróttur V.,1,3,3
2021,6,2021-04-23,Hvíti riddarinn,Árborg,4,1,4
2021,6,2021-04-23,Elliði,ÍR,2,3,5
2021,6,2021-04-25,Hamar,Vestri,0,3,6
2021,6,2021-04-25,ÍBV,Reynir S.,4,1,7
2021,1,2021-04-30,Valur,ÍA,2,0,8
2021,6,2021-04-30,Augnablik,Ægir,4,0,9
2021,6,2021-04-30,Fjölnir,KÁ,7,1,10
2021,6,2021-04-30,Þór,Magni,3,0,11
2021,1,2021-05-01,HK,KA,0,0,12
2021,1,2021-05-01,Fylkir,FH,0,2,13
2021,1,2021-05-01,Stjarnan,Leiknir R.,0,0,14
2021,6,2021-05-01,Þróttur R.,Víkingur Ó.,1,3,15
2021,6,2021-05-01,Kári,Skallagrímur,5,1,16
2021,6,2021-05-01,Dalvík/Reynir,KF,2,3,17
2021,6,2021-05-01,KFS,Kría,4,0,18
2021,6,2021-05-01,Þróttur V.,Grótta,1,3,19
2021,6,2021-05-01,Víðir,Fram,0,2,20
2021,1,2021-05-02,Víkingur R.,Keflavík,1,0,21
2021,1,2021-05-02,Breiðablik,KR,0,2,22
2021,6,2021-05-02,Grindavík,Hvíti riddarinn,3,0,23
2021,2,2021-05-06,Þróttur R.,Fjölnir,1,3,24
2021,2,2021-05-06,Fram,Víkingur Ó.,4,2,25
2021,1,2021-05-07,KR,KA,1,3,26
2021,2,2021-05-07,Grindavík,ÍBV,3,1,27
2021,2,2021-05-07,Grótta,Þór,4,3,28
2021,3,2021-05-07,Njarðvík,Þróttur V.,3,3,29
2021,3,2021-05-07,Haukar,Reynir S.,0,2,30
2021,1,2021-05-08,ÍA,Víkingur R.,1,1,31
2021,1,2021-05-08,HK,Fylkir,2,2,32
2021,1,2021-05-08,Leiknir R.,Breiðablik,3,3,33
2021,2,2021-05-08,Afturelding,Kórdrengir,1,1,34
2021,2,2021-05-08,Selfoss,Vestri,0,3,35
2021,3,2021-05-08,Fjarðabyggð,Völsungur,0,3,36
2021,3,2021-05-08,Kári,KF,2,3,37
2021,3,2021-05-08,ÍR,Leiknir F.,2,0,38
2021,4,2021-05-08,Dalvík/Reynir,Víðir,2,1,39
2021,4,2021-05-08,Elliði,Ægir,1,2,40
2021,4,2021-05-08,Höttur/Huginn,Sindri,1,0,41
2021,4,2021-05-08,KFS,Einherji,2,1,42
2021,4,2021-05-08,Augnablik,ÍH,3,0,43
2021,1,2021-05-09,FH,Valur,1,1,44
2021,1,2021-05-09,Keflavík,Stjarnan,2,0,45
2021,3,2021-05-09,KV,Magni,3,2,46
2021,1,2021-05-12,KA,Leiknir R.,3,0,47
2021,1,2021-05-12,Fylkir,KR,1,1,48
2021,1,2021-05-13,Breiðablik,Keflavík,4,0,49
2021,1,2021-05-13,Valur,HK,3,2,50
2021,1,2021-05-13,Stjarnan,Víkingur R.,2,3,51
2021,1,2021-05-13,FH,ÍA,5,1,52
2021,2,2021-05-13,Þór,Grindavík,4,1,53
2021,4,2021-05-13,Tindastóll,Höttur/Huginn,2,3,54
2021,2,2021-05-14,ÍBV,Fram,0,2,55
2021,2,2021-05-14,Fjölnir,Grótta,1,0,56
2021,2,2021-05-14,Víkingur Ó.,Afturelding,1,5,57
2021,2,2021-05-14,Kórdrengir,Selfoss,1,3,58
2021,3,2021-05-14,Kári,KV,4,4,59
2021,4,2021-05-14,Augnablik,Ægir,1,1,60
2021,2,2021-05-15,Þróttur R.,Vestri,1,3,61
2021,3,2021-05-15,Magni,Njarðvík,2,2,62
2021,3,2021-05-15,Þróttur V.,Fjarðabyggð,1,1,63
2021,3,2021-05-15,Leiknir F.,Haukar,2,5,64
2021,3,2021-05-15,Völsungur,ÍR,1,2,65
2021,3,2021-05-15,Reynir S.,KF,0,2,66
2021,4,2021-05-15,Einherji,KFG,0,2,67
2021,4,2021-05-15,Víðir,KFS,3,2,68
2021,4,2021-05-15,ÍH,Dalvík/Reynir,3,3,69
2021,4,2021-05-15,Sindri,Elliði,2,3,70
2021,1,2021-05-16,Leiknir R.,Fylkir,3,0,71
2021,1,2021-05-16,Víkingur R.,Breiðablik,3,0,72
2021,1,2021-05-17,Keflavík,KA,1,4,73
2021,1,2021-05-17,ÍA,Stjarnan,0,0,74
2021,1,2021-05-17,KR,Valur,2,3,75
2021,1,2021-05-17,HK,FH,1,3,76
2021,4,2021-05-20,Höttur/Huginn,Einherji,2,1,77
2021,1,2021-05-21,KA,Víkingur R.,0,1,78
2021,1,2021-05-21,HK,ÍA,1,3,79
2021,1,2021-05-21,Breiðablik,Stjarnan,4,0,80
2021,1,2021-05-21,Fylkir,Keflavík,4,2,81
2021,1,2021-05-21,Valur,Leiknir R.,1,0,82
2021,2,2021-05-21,Fram,Þór,4,1,83
2021,2,2021-05-21,Afturelding,ÍBV,0,5,84
2021,2,2021-05-21,Víkingur Ó.,Kórdrengir,1,3,85
2021,2,2021-05-21,Grindavík,Fjölnir,0,2,86
2021,2,2021-05-21,Þróttur R.,Selfoss,3,1,87
2021,3,2021-05-21,ÍR,Þróttur V.,1,5,88
2021,3,2021-05-21,Reynir S.,Kári,2,1,89
2021,3,2021-05-21,Fjarðabyggð,Magni,0,4,90
2021,3,2021-05-21,Njarðvík,KV,1,1,91
2021,3,2021-05-21,Haukar,Völsungur,3,3,92
2021,4,2021-05-21,KFG,KFS,2,0,93
2021,4,2021-05-21,ÍH,Víðir,1,1,94
2021,1,2021-05-22,FH,KR,0,2,95
2021,2,2021-05-22,Grótta,Vestri,5,0,96
2021,3,2021-05-22,KF,Leiknir F.,1,0,97
2021,4,2021-05-22,Augnablik,Sindri,4,1,98
2021,4,2021-05-22,Dalvík/Reynir,Ægir,1,1,99
2021,4,2021-05-22,Elliði,Tindastóll,1,0,100
2021,1,2021-05-24,Stjarnan,KA,0,1,101
2021,1,2021-05-24,ÍA,Breiðablik,2,3,102
2021,1,2021-05-24,Keflavík,Valur,1,2,103
2021,1,2021-05-25,KR,HK,1,1,104
2021,1,2021-05-25,Leiknir R.,FH,2,1,105
2021,1,2021-05-25,Víkingur R.,Fylkir,2,2,106
2021,4,2021-05-27,Ægir,ÍH,1,0,107
2021,4,2021-05-27,Víðir,KFG,1,0,108
2021,2,2021-05-28,Þór,Afturelding,2,1,109
2021,2,2021-05-28,Selfoss,Grótta,3,3,110
2021,2,2021-05-28,Fjölnir,Fram,0,1,111
2021,3,2021-05-28,Völsungur,KF,2,1,112
2021,3,2021-05-28,Kári,Njarðvík,0,2,113
2021,2,2021-05-29,Kórdrengir,Þróttur R.,2,1,114
2021,3,2021-05-29,KV,Fjarðabyggð,2,0,115
2021,3,2021-05-29,Leiknir F.,Reynir S.,4,2,116
2021,3,2021-05-29,Magni,ÍR,1,5,117
2021,4,2021-05-29,Sindri,Dalvík/Reynir,2,1,118
2021,4,2021-05-29,Einherji,Elliði,5,2,119
2021,4,2021-05-29,Tindastóll,Augnablik,1,1,120
2021,4,2021-05-29,KFS,Höttur/Huginn,1,2,121
2021,1,2021-05-30,HK,Leiknir R.,2,1,122
2021,1,2021-05-30,KR,ÍA,3,1,123
2021,1,2021-05-30,Fylkir,Stjarnan,1,1,124
2021,2,2021-05-30,Vestri,Grindavík,2,3,125
2021,2,2021-05-30,ÍBV,Víkingur Ó.,2,0,126
2021,3,2021-05-30,Þróttur V.,Haukar,4,1,127
2021,2,2021-06-03,Grótta,Þróttur R.,2,2,128
2021,2,2021-06-03,Grindavík,Selfoss,1,0,129
2021,2,2021-06-03,Afturelding,Fjölnir,2,2,130
2021,3,2021-06-03,ÍR,KV,1,1,131
2021,4,2021-06-03,Dalvík/Reynir,Tindastóll,3,0,132
2021,4,2021-06-03,Ægir,Víðir,2,2,133
2021,2,2021-06-04,ÍBV,Kórdrengir,2,2,134
2021,2,2021-06-05,Fram,Vestri,4,0,135
2021,2,2021-06-05,Víkingur Ó.,Þór,2,2,136
2021,3,2021-06-05,Reynir S.,Völsungur,5,1,137
2021,3,2021-06-05,Fjarðabyggð,Njarðvík,1,1,138
2021,3,2021-06-05,Haukar,Magni,3,0,139
2021,3,2021-06-05,KF,Þróttur V.,0,0,140
2021,4,2021-06-05,Höttur/Huginn,KFG,1,1,141
2021,4,2021-06-05,ÍH,Sindri,1,3,142
2021,4,2021-06-05,Augnablik,Einherji,6,0,143
2021,4,2021-06-05,Elliði,KFS,7,0,144
2021,3,2021-06-06,Leiknir F.,Kári,1,0,145
2021,1,2021-06-07,Valur,Víkingur R.,1,1,146
2021,4,2021-06-09,Einherji,Dalvík/Reynir,2,1,147
2021,2,2021-06-10,Selfoss,Fram,0,4,148
2021,2,2021-06-10,Kórdrengir,Grótta,2,1,149
2021,2,2021-06-10,Þróttur R.,Grindavík,2,3,150
2021,2,2021-06-10,Fjölnir,Víkingur Ó.,2,1,151
2021,3,2021-06-10,Þróttur V.,Reynir S.,1,3,152
2021,3,2021-06-10,Njarðvík,ÍR,2,0,153
2021,3,2021-06-10,KV,Haukar,1,1,154
2021,3,2021-06-10,Magni,KF,3,3,155
2021,4,2021-06-10,KFG,Elliði,1,0,156
2021,1,2021-06-12,Breiðablik,Fylkir,2,0,157
2021,1,2021-06-12,Víkingur R.,FH,2,0,158
2021,1,2021-06-12,Stjarnan,Valur,2,1,159
2021,2,2021-06-12,Vestri,Afturelding,2,1,160
2021,3,2021-06-12,Völsungur,Leiknir F.,1,3,161
2021,3,2021-06-12,Kári,Fjarðabyggð,0,0,162
2021,4,2021-06-12,Víðir,Höttur/Huginn,0,2,163
2021,4,2021-06-12,Tindastóll,ÍH,4,0,164
2021,4,2021-06-12,Sindri,Ægir,1,1,165
2021,4,2021-06-13,KFS,Augnablik,1,2,166
2021,1,2021-06-14,Leiknir R.,KR,0,2,167
2021,2,2021-06-14,ÍBV,Þór,2,1,168
2021,3,2021-06-15,Kári,ÍR,1,1,169
2021,4,2021-06-15,ÍH,Einherji,2,2,170
2021,1,2021-06-16,ÍA,KA,0,2,171
2021,1,2021-06-16,Keflavík,HK,2,0,172
2021,1,2021-06-16,Valur,Breiðablik,3,1,173
2021,1,2021-06-16,FH,Stjarnan,1,1,174
2021,2,2021-06-16,Fram,Þróttur R.,5,1,175
2021,4,2021-06-16,Elliði,Höttur/Huginn,3,0,176
2021,4,2021-06-16,Ægir,Tindastóll,3,1,177
2021,4,2021-06-16,Augnablik,KFG,2,2,178
2021,4,2021-06-17,Sindri,Víðir,1,1,179
2021,4,2021-06-17,Dalvík/Reynir,KFS,2,0,180
2021,2,2021-06-18,ÍBV,Fjölnir,1,0,181
2021,2,2021-06-18,Þór,Kórdrengir,0,1,182
2021,2,2021-06-18,Grindavík,Grótta,3,1,183
2021,2,2021-06-18,Afturelding,Selfoss,3,3,184
2021,3,2021-06-18,Haukar,Njarðvík,1,1,185
2021,2,2021-06-19,Víkingur Ó.,Vestri,0,3,186
2021,3,2021-06-19,Leiknir F.,Þróttur V.,1,2,187
2021,3,2021-06-19,Reynir S.,Magni,2,2,188
2021,3,2021-06-19,ÍR,Fjarðabyggð,1,1,189
2021,3,2021-06-19,Völsungur,Kári,5,2,190
2021,3,2021-06-19,KF,KV,0,2,191
2021,4,2021-06-19,Höttur/Huginn,Augnablik,3,2,192
2021,1,2021-06-20,KA,Valur,0,1,193
2021,1,2021-06-20,Fylkir,ÍA,3,1,194
2021,1,2021-06-20,Stjarnan,HK,2,1,195
2021,1,2021-06-20,Keflavík,Leiknir R.,1,0,196
2021,1,2021-06-20,Breiðablik,FH,4,0,197
2021,4,2021-06-20,KFS,ÍH,2,2,198
2021,4,2021-06-20,Einherji,Ægir,0,2,199
2021,4,2021-06-20,Tindastóll,Sindri,3,3,200
2021,4,2021-06-20,KFG,Dalvík/Reynir,2,1,201
2021,1,2021-06-21,Víkingur R.,KR,1,1,202
2021,4,2021-06-21,Víðir,Elliði,0,4,203
2021,6,2021-06-22,Þór,Grindavík,2,1,204
2021,6,2021-06-22,KF,Haukar,1,2,205
2021,6,2021-06-23,Afturelding,Vestri,1,2,206
2021,6,2021-06-23,Stjarnan,KA,1,2,207
2021,6,2021-06-23,ÍR,ÍBV,3,0,208
2021,6,2021-06-23,KFS,Víkingur Ó.,4,2,209
2021,6,2021-06-23,HK,Grótta,2,1,210
2021,6,2021-06-23,FH,Njarðvík,4,1,211
2021,6,2021-06-23,ÍA,Fram,3,0,212
2021,6,2021-06-23,Augnablik,Fjölnir,1,4,213
2021,6,2021-06-23,Keflavík,Breiðablik,2,0,214
2021,4,2021-06-24,Dalvík/Reynir,Höttur/Huginn,0,1,215
2021,6,2021-06-24,Víkingur R.,Sindri,3,0,216
2021,6,2021-06-24,Kári,KR,1,2,217
2021,6,2021-06-24,Valur,Leiknir R.,2,0,218
2021,2,2021-06-25,Kórdrengir,Grindavík,1,1,219
2021,3,2021-06-25,KV,Reynir S.,4,2,220
2021,4,2021-06-25,ÍH,KFG,2,2,221
2021,2,2021-06-26,Þróttur R.,Afturelding,1,3,222
2021,2,2021-06-26,Selfoss,Víkingur Ó.,5,3,223
2021,2,2021-06-26,Fjölnir,Þór,0,3,224
2021,3,2021-06-26,Fjarðabyggð,Haukar,1,4,225
2021,3,2021-06-26,Magni,Leiknir F.,3,2,226
2021,3,2021-06-26,Þróttur V.,Völsungur,3,0,227
2021,3,2021-06-26,Njarðvík,KF,2,1,228
2021,4,2021-06-26,Ægir,KFS,0,1,229
2021,1,2021-06-27,FH,KA,1,1,230
2021,1,2021-06-27,HK,Breiðablik,2,3,231
2021,1,2021-06-27,Valur,Fylkir,1,1,232
2021,2,2021-06-27,Grótta,Fram,0,1,233
2021,2,2021-06-27,Vestri,ÍBV,0,3,234
2021,4,2021-06-27,Augnablik,Elliði,2,1,235
2021,4,2021-06-27,Sindri,Einherji,2,0,236
2021,1,2021-06-28,KR,Stjarnan,1,2,237
2021,1,2021-06-28,ÍA,Keflavík,2,2,238
2021,1,2021-06-28,Leiknir R.,Víkingur R.,2,1,239
2021,4,2021-06-28,Tindastóll,Víðir,2,2,240
2021,3,2021-06-30,Leiknir F.,KV,1,2,241
2021,3,2021-06-30,KF,Fjarðabyggð,4,0,242
2021,3,2021-06-30,Reynir S.,Njarðvík,1,3,243
2021,3,2021-06-30,Haukar,ÍR,5,2,244
2021,3,2021-06-30,Völsungur,Magni,2,2,245
2021,3,2021-06-30,Þróttur V.,Kári,4,1,246
2021,1,2021-07-01,Valur,FH,2,0,247
2021,2,2021-07-01,Þór,Vestri,1,1,248
2021,2,2021-07-01,ÍBV,Selfoss,3,2,249
2021,2,2021-07-01,Fjölnir,Kórdrengir,0,0,250
2021,2,2021-07-01,Víkingur Ó.,Þróttur R.,0,7,251
2021,2,2021-07-01,Fram,Grindavík,2,2,252
2021,2,2021-07-01,Afturelding,Grótta,2,1,253
2021,4,2021-07-01,KFG,Ægir,3,1,254
2021,4,2021-07-01,Augnablik,Víðir,3,2,255
2021,1,2021-07-03,Breiðablik,Leiknir R.,4,0,256
2021,1,2021-07-03,Stjarnan,Keflavík,2,3,257
2021,4,2021-07-03,Höttur/Huginn,ÍH,1,2,258
2021,4,2021-07-03,Elliði,Dalvík/Reynir,3,1,259
2021,4,2021-07-03,KFS,Sindri,2,4,260
2021,4,2021-07-03,Einherji,Tindastóll,3,6,261
2021,2,2021-07-04,Vestri,Fjölnir,2,1,262
2021,3,2021-07-04,Njarðvík,Leiknir F.,9,1,263
2021,3,2021-07-04,Magni,Þróttur V.,0,1,264
2021,3,2021-07-04,ÍR,KF,6,0,265
2021,3,2021-07-04,KV,Völsungur,2,3,266
2021,3,2021-07-04,Fjarðabyggð,Reynir S.,2,2,267
2021,1,2021-07-05,Víkingur R.,ÍA,1,0,268
2021,1,2021-07-05,KA,KR,1,2,269
2021,2,2021-07-05,Þróttur R.,ÍBV,0,1,270
2021,2,2021-07-05,Selfoss,Þór,1,1,271
2021,2,2021-07-05,Grindavík,Afturelding,3,3,272
2021,2,2021-07-05,Fram,Kórdrengir,4,3,273
2021,2,2021-07-05,Grótta,Víkingur Ó.,3,2,274
2021,3,2021-07-05,Haukar,Kári,2,3,275
2021,4,2021-07-07,KFG,Tindastóll,2,2,276
2021,1,2021-07-09,Fylkir,HK,1,2,277
2021,2,2021-07-09,ÍBV,Grótta,0,1,278
2021,2,2021-07-09,Þór,Þróttur R.,5,1,279
2021,2,2021-07-09,Fjölnir,Selfoss,2,1,280
2021,2,2021-07-09,Afturelding,Fram,0,2,281
2021,2,2021-07-09,Víkingur Ó.,Grindavík,2,2,282
2021,3,2021-07-09,Leiknir F.,Fjarðabyggð,2,0,283
2021,3,2021-07-09,Þróttur V.,KV,1,0,284
2021,3,2021-07-09,Reynir S.,ÍR,1,1,285
2021,4,2021-07-09,ÍH,Elliði,3,1,286
2021,2,2021-07-10,Kórdrengir,Vestri,2,0,287
2021,3,2021-07-10,Völsungur,Njarðvík,1,0,288
2021,3,2021-07-10,KF,Haukar,5,0,289
2021,3,2021-07-10,Kári,Magni,1,2,290
2021,4,2021-07-10,Tindastóll,KFS,1,2,291
2021,4,2021-07-10,Víðir,Einherji,3,0,292
2021,4,2021-07-10,Sindri,KFG,4,0,293
2021,4,2021-07-10,Ægir,Höttur/Huginn,1,1,294
2021,4,2021-07-10,Dalvík/Reynir,Augnablik,3,1,295
2021,1,2021-07-12,Leiknir R.,ÍA,2,0,296
2021,1,2021-07-12,KR,Keflavík,1,0,297
2021,1,2021-07-13,Fylkir,KA,2,1,298
2021,1,2021-07-13,HK,Víkingur R.,0,0,299
2021,2,2021-07-15,Fram,ÍBV,1,1,300
2021,2,2021-07-15,Afturelding,Víkingur Ó.,6,1,301
2021,2,2021-07-15,Grótta,Fjölnir,2,1,302
2021,2,2021-07-15,Selfoss,Kórdrengir,0,1,303
2021,3,2021-07-15,KV,Kári,2,0,304
2021,4,2021-07-15,Ægir,Augnablik,3,0,305
2021,2,2021-07-16,Grindavík,Þór,2,2,306
2021,1,2021-07-17,ÍA,Valur,2,1,307
2021,2,2021-07-17,Vestri,Þróttur R.,2,1,308
2021,3,2021-07-17,Haukar,Leiknir F.,3,0,309
2021,3,2021-07-17,Njarðvík,Magni,1,1,310
2021,3,2021-07-17,Fjarðabyggð,Þróttur V.,0,4,311
2021,3,2021-07-17,ÍR,Völsungur,1,3,312
2021,3,2021-07-17,KF,Reynir S.,3,0,313
2021,4,2021-07-17,Elliði,Sindri,2,1,314
2021,4,2021-07-17,KFG,Einherji,2,1,315
2021,4,2021-07-17,KFS,Víðir,3,2,316
2021,4,2021-07-17,Höttur/Huginn,Tindastóll,2,0,317
2021,1,2021-07-18,KA,HK,2,0,318
2021,1,2021-07-18,KR,Breiðablik,1,1,319
2021,1,2021-07-18,FH,Fylkir,1,0,320
2021,4,2021-07-18,Dalvík/Reynir,ÍH,5,1,321
2021,1,2021-07-19,Leiknir R.,Stjarnan,2,0,322
2021,1,2021-07-19,Keflavík,Víkingur R.,1,2,323
2021,4,2021-07-21,Sindri,Höttur/Huginn,0,1,324
2021,2,2021-07-22,Fjölnir,Þróttur R.,3,1,325
2021,3,2021-07-22,Þróttur V.,Njarðvík,0,0,326
2021,3,2021-07-22,Reynir S.,Haukar,0,0,327
2021,4,2021-07-22,Ægir,Elliði,4,1,328
2021,2,2021-07-23,Þór,Grótta,4,2,329
2021,2,2021-07-23,ÍBV,Grindavík,4,1,330
2021,3,2021-07-23,Völsungur,Fjarðabyggð,4,0,331
2021,2,2021-07-24,Vestri,Selfoss,1,2,332
2021,3,2021-07-24,Leiknir F.,ÍR,0,0,333
2021,3,2021-07-24,Magni,KV,3,1,334
2021,3,2021-07-24,KF,Kári,2,1,335
2021,4,2021-07-24,Einherji,KFS,2,1,336
2021,4,2021-07-24,Tindastóll,KFG,1,4,337
2021,1,2021-07-25,ÍA,FH,0,3,338
2021,1,2021-07-25,Leiknir R.,KA,0,1,339
2021,1,2021-07-25,Víkingur R.,Stjarnan,3,2,340
2021,1,2021-07-25,HK,Valur,0,3,341
2021,1,2021-07-25,Keflavík,Breiðablik,2,0,342
2021,4,2021-07-25,Höttur/Huginn,KFS,4,1,343
2021,4,2021-07-25,Víðir,Dalvík/Reynir,1,0,344
2021,4,2021-07-25,Sindri,Augnablik,2,1,345
2021,1,2021-07-26,KR,Fylkir,4,0,346
2021,2,2021-07-27,Þór,Fram,0,2,347
2021,2,2021-07-28,Fjölnir,Grindavík,2,1,348
2021,2,2021-07-28,Vestri,Grótta,4,3,349
2021,3,2021-07-28,Leiknir F.,KF,2,2,350
2021,3,2021-07-28,Völsungur,Haukar,2,1,351
2021,3,2021-07-28,Þróttur V.,ÍR,0,0,352
2021,3,2021-07-28,Kári,Reynir S.,3,3,353
2021,3,2021-07-28,KV,Njarðvík,3,1,354
2021,3,2021-07-28,Magni,Fjarðabyggð,4,2,355
2021,4,2021-07-28,Einherji,Höttur/Huginn,1,2,356
2021,4,2021-07-28,Tindastóll,Elliði,0,1,357
2021,4,2021-07-28,Víðir,ÍH,2,1,358
2021,2,2021-07-29,Selfoss,Þróttur R.,0,3,359
2021,4,2021-07-29,KFS,KFG,2,1,360
2021,2,2021-07-31,ÍBV,Afturelding,2,0,361
2021,1,2021-08-02,Breiðablik,Víkingur R.,4,0,362
2021,1,2021-08-03,KA,Keflavík,2,1,363
2021,1,2021-08-03,Fylkir,Leiknir R.,0,0,364
2021,1,2021-08-04,Stjarnan,ÍA,4,0,365
2021,1,2021-08-04,Valur,KR,1,0,366
2021,1,2021-08-04,FH,HK,2,4,367
2021,2,2021-08-05,Grótta,Selfoss,2,1,368
2021,2,2021-08-05,Fram,Fjölnir,2,0,369
2021,4,2021-08-05,Dalvík/Reynir,Sindri,3,2,370
2021,4,2021-08-05,Augnablik,Tindastóll,2,4,371
2021,2,2021-08-06,Afturelding,Þór,2,0,372
2021,2,2021-08-06,Grindavík,Vestri,1,2,373
2021,2,2021-08-06,Þróttur R.,Kórdrengir,0,3,374
2021,3,2021-08-06,Njarðvík,Kári,2,2,375
2021,3,2021-08-06,KF,Völsungur,2,2,376
2021,3,2021-08-06,Haukar,Þróttur V.,1,2,377
2021,2,2021-08-07,Víkingur Ó.,ÍBV,0,2,378
2021,3,2021-08-07,ÍR,Magni,1,1,379
2021,3,2021-08-07,Reynir S.,Leiknir F.,4,1,380
2021,3,2021-08-07,Fjarðabyggð,KV,0,2,381
2021,4,2021-08-07,Elliði,Einherji,3,2,382
2021,1,2021-08-08,Leiknir R.,Valur,1,0,383
2021,1,2021-08-08,Víkingur R.,KA,2,2,384
2021,1,2021-08-08,Keflavík,Fylkir,1,1,385
2021,1,2021-08-08,KR,FH,1,1,386
2021,1,2021-08-08,ÍA,HK,4,1,387
2021,4,2021-08-08,Sindri,ÍH,1,0,388
2021,1,2021-08-09,Stjarnan,Breiðablik,1,3,389
2021,2,2021-08-10,Víkingur Ó.,Fram,0,3,390
2021,2,2021-08-10,Kórdrengir,Afturelding,2,1,391
2021,6,2021-08-10,Fjölnir,ÍR,2,3,392
2021,6,2021-08-10,Vestri,Þór,4,0,393
2021,4,2021-08-11,ÍH,Augnablik,2,1,394
2021,6,2021-08-11,Keflavík,KA,3,1,395
2021,6,2021-08-11,ÍA,FH,1,0,396
2021,6,2021-08-11,HK,KFS,7,1,397
2021,6,2021-08-11,Valur,Völsungur,6,0,398
2021,6,2021-08-11,Fylkir,Haukar,2,1,399
2021,4,2021-08-12,Tindastóll,Dalvík/Reynir,2,2,400
2021,6,2021-08-12,Víkingur R.,KR,3,1,401
2021,2,2021-08-13,Selfoss,Grindavík,3,2,402
2021,2,2021-08-13,Þróttur R.,Grótta,1,2,403
2021,2,2021-08-14,Vestri,Fram,0,1,404
2021,2,2021-08-14,Fjölnir,Afturelding,3,0,405
2021,2,2021-08-14,Kórdrengir,ÍBV,0,1,406
2021,2,2021-08-14,Þór,Víkingur Ó.,0,2,407
2021,3,2021-08-14,KV,ÍR,0,2,408
2021,3,2021-08-14,Völsungur,Reynir S.,4,1,409
2021,3,2021-08-14,Kári,Leiknir F.,2,2,410
2021,3,2021-08-14,Njarðvík,Fjarðabyggð,5,0,411
2021,3,2021-08-14,Magni,Haukar,2,0,412
2021,3,2021-08-14,Þróttur V.,KF,2,1,413
2021,4,2021-08-14,Einherji,Augnablik,5,2,414
2021,1,2021-08-15,KA,Stjarnan,2,1,415
2021,1,2021-08-15,FH,Leiknir R.,5,0,416
2021,1,2021-08-15,Valur,Keflavík,2,1,417
2021,4,2021-08-15,Höttur/Huginn,Víðir,0,1,418
2021,4,2021-08-15,Ægir,Sindri,2,3,419
2021,1,2021-08-16,HK,KR,0,1,420
2021,1,2021-08-16,Fylkir,Víkingur R.,0,3,421
2021,1,2021-08-16,Breiðablik,ÍA,2,1,422
2021,4,2021-08-17,Elliði,KFG,0,0,423
2021,3,2021-08-18,Fjarðabyggð,Kári,2,0,424
2021,3,2021-08-18,KF,Magni,2,1,425
2021,3,2021-08-18,Reynir S.,Þróttur V.,4,1,426
2021,3,2021-08-18,ÍR,Njarðvík,4,1,427
2021,3,2021-08-18,Haukar,KV,0,1,428
2021,3,2021-08-18,Leiknir F.,Völsungur,3,1,429
2021,4,2021-08-18,Víðir,Ægir,2,3,430
2021,4,2021-08-18,Augnablik,KFS,0,2,431
2021,4,2021-08-18,Dalvík/Reynir,Einherji,2,1,432
2021,4,2021-08-18,ÍH,Tindastóll,8,0,433
2021,2,2021-08-19,Grindavík,Þróttur R.,2,1,434
2021,2,2021-08-19,Grótta,Kórdrengir,2,1,435
2021,2,2021-08-19,Fram,Selfoss,2,1,436
2021,2,2021-08-20,Víkingur Ó.,Fjölnir,0,7,437
2021,1,2021-08-21,Keflavík,FH,0,5,438
2021,1,2021-08-21,Breiðablik,KA,2,0,439
2021,4,2021-08-21,Höttur/Huginn,Elliði,2,3,440
2021,4,2021-08-21,KFG,Augnablik,0,0,441
2021,1,2021-08-22,Víkingur R.,Valur,2,1,442
2021,3,2021-08-22,Magni,Reynir S.,4,1,443
2021,3,2021-08-22,Þróttur V.,Leiknir F.,2,0,444
2021,3,2021-08-22,Fjarðabyggð,ÍR,3,1,445
2021,3,2021-08-22,KV,KF,3,2,446
2021,3,2021-08-22,Kári,Völsungur,1,2,447
2021,4,2021-08-22,Víðir,Sindri,0,3,448
2021,4,2021-08-22,KFS,Dalvík/Reynir,1,0,449
2021,4,2021-08-22,Einherji,ÍH,4,0,450
2021,4,2021-08-22,Tindastóll,Ægir,1,3,451
2021,1,2021-08-23,Leiknir R.,HK,0,0,452
2021,1,2021-08-23,Stjarnan,Fylkir,2,0,453
2021,3,2021-08-23,Njarðvík,Haukar,6,1,454
2021,2,2021-08-24,Selfoss,Afturelding,3,0,455
2021,2,2021-08-24,Vestri,Víkingur Ó.,3,2,456
2021,2,2021-08-24,Kórdrengir,Þór,2,0,457
2021,2,2021-08-24,Þróttur R.,Fram,2,2,458
2021,2,2021-08-24,Grótta,Grindavík,2,1,459
2021,1,2021-08-25,FH,Keflavík,0,0,460
2021,1,2021-08-25,KA,Breiðablik,0,2,461
2021,1,2021-08-25,ÍA,KR,0,2,462
2021,4,2021-08-25,KFS,Elliði,2,1,463
2021,3,2021-08-26,Reynir S.,KV,4,1,464
2021,4,2021-08-26,KFG,Höttur/Huginn,4,2,465
2021,3,2021-08-27,ÍR,Kári,4,1,466
2021,3,2021-08-27,Leiknir F.,Magni,0,1,467
2021,1,2021-08-28,Valur,Stjarnan,1,2,468
2021,2,2021-08-28,Grindavík,Kórdrengir,1,2,469
2021,2,2021-08-28,Víkingur Ó.,Selfoss,0,3,470
2021,2,2021-08-28,Fram,Grótta,2,1,471
2021,2,2021-08-28,Afturelding,Þróttur R.,3,1,472
2021,2,2021-08-28,Þór,Fjölnir,0,0,473
2021,3,2021-08-28,Völsungur,Þróttur V.,1,0,474
2021,3,2021-08-28,Haukar,Fjarðabyggð,6,1,475
2021,3,2021-08-28,KF,Njarðvík,0,2,476
2021,4,2021-08-28,Sindri,Tindastóll,2,1,477
2021,4,2021-08-28,ÍH,KFS,3,5,478
2021,4,2021-08-28,Ægir,Einherji,4,2,479
2021,4,2021-08-28,Elliði,Víðir,2,4,480
2021,1,2021-08-29,KA,ÍA,3,0,481
2021,1,2021-08-29,FH,Víkingur R.,1,2,482
2021,1,2021-08-29,KR,Leiknir R.,2,1,483
2021,1,2021-08-29,HK,Keflavík,1,0,484
2021,1,2021-08-29,Fylkir,Breiðablik,0,7,485
2021,4,2021-08-29,Augnablik,Höttur/Huginn,1,4,486
2021,4,2021-08-29,Dalvík/Reynir,KFG,0,0,487
2021,2,2021-08-31,Þór,ÍBV,0,1,488
2021,2,2021-08-31,Kórdrengir,Víkingur Ó.,4,0,489
2021,2,2021-08-31,Afturelding,Vestri,2,2,490
2021,4,2021-08-31,ÍH,Ægir,2,3,491
2021,2,2021-09-03,Selfoss,ÍBV,1,4,492
2021,3,2021-09-03,Njarðvík,Reynir S.,0,2,493
2021,3,2021-09-03,Kári,Þróttur V.,0,5,494
2021,4,2021-09-03,KFG,ÍH,2,0,495
2021,4,2021-09-03,Elliði,Augnablik,4,1,496
2021,2,2021-09-04,Grindavík,Fram,0,2,497
2021,2,2021-09-04,Kórdrengir,Fjölnir,1,4,498
2021,2,2021-09-04,Vestri,Þór,2,0,499
2021,3,2021-09-04,ÍR,Haukar,0,4,500
2021,3,2021-09-04,KV,Leiknir F.,2,0,501
2021,3,2021-09-04,Fjarðabyggð,KF,0,4,502
2021,3,2021-09-04,Magni,Völsungur,2,1,503
2021,4,2021-09-04,KFS,Ægir,3,1,504
2021,4,2021-09-04,Höttur/Huginn,Dalvík/Reynir,2,2,505
2021,4,2021-09-04,Einherji,Sindri,2,1,506
2021,4,2021-09-04,Víðir,Tindastóll,1,1,507
2021,2,2021-09-05,Þróttur R.,Víkingur Ó.,5,2,508
2021,2,2021-09-07,Fjölnir,ÍBV,2,1,509
2021,4,2021-09-07,Ægir,Dalvík/Reynir,1,0,510
2021,4,2021-09-07,KFG,Víðir,1,1,511
2021,1,2021-09-11,KA,Fylkir,2,0,512
2021,1,2021-09-11,Keflavík,KR,0,2,513
2021,1,2021-09-11,ÍA,Leiknir R.,3,1,514
2021,1,2021-09-11,Víkingur R.,HK,3,0,515
2021,1,2021-09-11,Breiðablik,Valur,3,0,516
2021,2,2021-09-11,Kórdrengir,Fram,2,2,517
2021,2,2021-09-11,ÍBV,Þróttur R.,3,2,518
2021,2,2021-09-11,Víkingur Ó.,Grótta,3,5,519
2021,2,2021-09-11,Afturelding,Grindavík,1,3,520
2021,2,2021-09-11,Fjölnir,Vestri,2,1,521
2021,2,2021-09-11,Þór,Selfoss,1,2,522
2021,3,2021-09-11,Leiknir F.,Njarðvík,3,1,523
2021,3,2021-09-11,Reynir S.,Fjarðabyggð,5,3,524
2021,3,2021-09-11,Þróttur V.,Magni,2,2,525
2021,3,2021-09-11,Völsungur,KV,1,1,526
2021,3,2021-09-11,KF,ÍR,2,1,527
2021,4,2021-09-11,Ægir,KFG,1,2,528
2021,4,2021-09-11,Víðir,Augnablik,1,1,529
2021,4,2021-09-11,ÍH,Höttur/Huginn,0,1,530
2021,4,2021-09-11,Sindri,KFS,4,1,531
2021,4,2021-09-11,Tindastóll,Einherji,4,2,532
2021,4,2021-09-11,Dalvík/Reynir,Elliði,4,2,533
2021,3,2021-09-12,Kári,Haukar,1,3,534
2021,1,2021-09-13,Stjarnan,FH,0,4,535
2021,2,2021-09-15,Grótta,Afturelding,8,0,536
2021,6,2021-09-15,Vestri,Valur,2,1,537
2021,6,2021-09-15,ÍR,ÍA,1,3,538
2021,6,2021-09-15,HK,Keflavík,3,5,539
2021,6,2021-09-15,Fylkir,Víkingur R.,0,1,540
2021,4,2021-09-17,Augnablik,Dalvík/Reynir,2,1,541
2021,2,2021-09-18,Þróttur R.,Þór,2,3,542
2021,2,2021-09-18,Grindavík,Víkingur Ó.,2,4,543
2021,2,2021-09-18,Fram,Afturelding,6,1,544
2021,2,2021-09-18,Selfoss,Fjölnir,0,1,545
2021,3,2021-09-18,Haukar,KF,2,2,546
2021,3,2021-09-18,ÍR,Reynir S.,4,3,547
2021,3,2021-09-18,Fjarðabyggð,Leiknir F.,0,3,548
2021,3,2021-09-18,KV,Þróttur V.,2,0,549
2021,3,2021-09-18,Njarðvík,Völsungur,0,1,550
2021,3,2021-09-18,Magni,Kári,3,1,551
2021,4,2021-09-18,KFS,Tindastóll,4,3,552
2021,4,2021-09-18,Elliði,ÍH,1,2,553
2021,4,2021-09-18,KFG,Sindri,4,2,554
2021,4,2021-09-18,Einherji,Víðir,0,0,555
2021,4,2021-09-18,Höttur/Huginn,Ægir,1,2,556
2021,1,2021-09-19,Leiknir R.,Keflavík,0,1,557
2021,1,2021-09-19,ÍA,Fylkir,5,0,558
2021,1,2021-09-19,KR,Víkingur R.,1,2,559
2021,1,2021-09-19,FH,Breiðablik,1,0,560
2021,1,2021-09-19,Valur,KA,1,4,561
2021,2,2021-09-19,ÍBV,Vestri,1,2,562
2021,1,2021-09-20,HK,Stjarnan,1,0,563
2021,2,2021-09-23,Grótta,ÍBV,2,3,564
2021,2,2021-09-24,Vestri,Kórdrengir,3,3,565
2021,1,2021-09-25,Keflavík,ÍA,2,3,566
2021,1,2021-09-25,Stjarnan,KR,0,2,567
2021,1,2021-09-25,Víkingur R.,Leiknir R.,2,0,568
2021,1,2021-09-25,KA,FH,2,2,569
2021,1,2021-09-25,Breiðablik,HK,3,0,570
2021,1,2021-09-25,Fylkir,Valur,0,6,571
2021,6,2021-10-02,ÍA,Keflavík,2,0,572
2021,6,2021-10-02,Vestri,Víkingur R.,0,3,573
2021,6,2021-10-16,ÍA,Víkingur R.,0,3,574
2022,7,2022-02-09,Valur,Þróttur V.,5,0,575
2022,7,2022-02-09,Keflavík,Leiknir R.,2,3,576
2022,7,2022-02-11,Afturelding,KR,0,5,577
2022,7,2022-02-12,HK,ÍBV,1,2,578
2022,7,2022-02-12,Fjölnir,KV,0,1,579
2022,7,2022-02-12,ÍA,Þór,3,1,580
2022,7,2022-02-12,Fylkir,Fram,1,1,581
2022,7,2022-02-12,FH,Selfoss,2,0,582
2022,7,2022-02-12,Grindavík,KA,0,2,583
2022,7,2022-02-13,Valur,Grótta,3,0,584
2022,7,2022-02-15,Víkingur R.,Þróttur V.,4,0,585
2022,7,2022-02-18,Valur,ÍBV,1,1,586
2022,7,2022-02-18,Leiknir R.,Vestri,2,2,587
2022,7,2022-02-18,Kári,Víkingur Ó.,3,4,588
2022,7,2022-02-18,KH,KFS,1,0,589
2022,7,2022-02-18,Augnablik,Ægir,2,6,590
2022,7,2022-02-19,Grótta,Þróttur V.,2,2,591
2022,7,2022-02-19,HK,Víkingur R.,1,3,592
2022,7,2022-02-19,ÍA,KV,4,0,593
2022,7,2022-02-19,Þór,Stjarnan,1,1,594
2022,7,2022-02-19,Fylkir,Grindavík,2,0,595
2022,7,2022-02-19,Fram,Selfoss,6,2,596
2022,7,2022-02-19,KA,FH,1,1,597
2022,7,2022-02-19,Vængir Júpiters,Sindri,5,3,598
2022,7,2022-02-19,Njarðvík,Kormákur/Hvöt,9,0,599
2022,7,2022-02-19,Haukar,ÍH,0,3,600
2022,7,2022-02-19,Dalvík/Reynir,Magni,2,1,601
2022,7,2022-02-20,KR,Vestri,6,1,602
2022,7,2022-02-20,KFG,Elliði,3,3,603
2022,7,2022-02-24,Valur,Víkingur R.,1,3,604
2022,7,2022-02-24,Fylkir,Selfoss,4,0,605
2022,7,2022-02-25,HK,Þróttur V.,4,0,606
2022,7,2022-02-25,Fjölnir,Stjarnan,1,3,607
2022,7,2022-02-25,FH,Grindavík,4,1,608
2022,7,2022-02-25,KH,ÍR,1,4,609
2022,7,2022-02-25,Kári,Víðir,3,1,610
2022,7,2022-02-26,Þór,KV,3,3,611
2022,7,2022-02-26,Breiðablik,ÍA,3,1,612
2022,7,2022-02-26,KR,Keflavík,1,1,613
2022,7,2022-02-26,Augnablik,Vængir Júpiters,1,4,614
2022,7,2022-02-26,Þróttur R.,Ægir,4,0,615
2022,7,2022-02-26,Njarðvík,Haukar,6,1,616
2022,7,2022-02-26,ÍH,KFG,1,2,617
2022,7,2022-02-27,Grótta,ÍBV,3,6,618
2022,7,2022-02-27,KA,Fram,1,0,619
2022,7,2022-02-27,KFS,Víkingur Ó.,4,3,620
2022,7,2022-02-27,Elliði,Kormákur/Hvöt,3,0,621
2022,7,2022-02-27,KF,Höttur/Huginn,2,3,622
2022,7,2022-03-01,Breiðablik,Fjölnir,4,2,623
2022,7,2022-03-02,HK,Valur,0,2,624
2022,7,2022-03-02,Keflavík,Afturelding,5,0,625
2022,7,2022-03-02,Fylkir,KA,2,2,626
2022,7,2022-03-03,Leiknir R.,KR,3,5,627
2022,7,2022-03-03,Selfoss,Grindavík,2,0,628
2022,7,2022-03-04,Víkingur R.,Grótta,3,0,629
2022,7,2022-03-04,Vængir Júpiters,Þróttur R.,2,1,630
2022,7,2022-03-05,Þróttur V.,ÍBV,0,5,631
2022,7,2022-03-05,ÍA,Fjölnir,3,1,632
2022,7,2022-03-05,KV,Stjarnan,0,5,633
2022,7,2022-03-05,FH,Fram,7,1,634
2022,7,2022-03-05,ÍR,Kári,4,1,635
2022,7,2022-03-05,Víkingur Ó.,KH,1,3,636
2022,7,2022-03-05,Augnablik,Sindri,5,8,637
2022,7,2022-03-05,Elliði,Haukar,0,4,638
2022,7,2022-03-06,Þór,Breiðablik,1,2,639
2022,7,2022-03-06,Víðir,KFS,2,2,640
2022,7,2022-03-06,Ægir,Reynir S.,2,0,641
2022,7,2022-03-06,Völsungur,KF,1,0,642
2022,7,2022-03-09,Afturelding,Leiknir R.,0,5,643
2022,7,2022-03-09,Reynir S.,Sindri,4,2,644
2022,7,2022-03-10,Stjarnan,Breiðablik,4,1,645
2022,7,2022-03-10,Fylkir,FH,0,3,646
2022,7,2022-03-10,Elliði,ÍH,6,3,647
2022,7,2022-03-11,Víkingur R.,ÍBV,2,0,648
2022,7,2022-03-11,Fjölnir,Þór,1,2,649
2022,7,2022-03-11,Vestri,Keflavík,1,3,650
2022,7,2022-03-11,KFG,Njarðvík,1,3,651
2022,7,2022-03-12,Grótta,HK,2,3,652
2022,7,2022-03-12,Þróttur R.,Reynir S.,5,0,653
2022,7,2022-03-12,Haukar,Kormákur/Hvöt,3,0,654
2022,7,2022-03-12,Dalvík/Reynir,KF,1,0,655
2022,7,2022-03-12,Höttur/Huginn,Magni,2,3,656
2022,7,2022-03-13,Breiðablik,KV,3,0,657
2022,7,2022-03-13,Afturelding,Vestri,1,0,658
2022,7,2022-03-13,KA,Selfoss,2,3,659
2022,7,2022-03-13,ÍR,Víðir,3,0,660
2022,7,2022-03-13,Sindri,Ægir,1,1,661
2022,7,2022-03-14,Stjarnan,ÍA,3,0,662
2022,7,2022-03-15,Fram,Grindavík,3,5,663
2022,7,2022-03-15,Víkingur R.,KR,1,0,664
2022,7,2022-03-17,Vængir Júpiters,Ægir,1,4,665
2022,7,2022-03-19,Stjarnan,FH,1,3,666
2022,7,2022-03-19,Víðir,Víkingur Ó.,3,3,667
2022,7,2022-03-19,Kári,KH,2,1,668
2022,7,2022-03-19,ÍR,KFS,3,1,669
2022,7,2022-03-19,Njarðvík,Elliði,7,1,670
2022,7,2022-03-19,ÍH,Kormákur/Hvöt,5,4,671
2022,7,2022-03-19,Haukar,KFG,2,1,672
2022,7,2022-03-19,Völsungur,Höttur/Huginn,3,2,673
2022,7,2022-03-20,Þróttur R.,Sindri,1,1,674
2022,7,2022-03-20,Augnablik,Reynir S.,1,8,675
2022,7,2022-03-20,KF,Magni,3,2,676
2022,7,2022-03-23,Völsungur,Dalvík/Reynir,2,3,677
2022,7,2022-03-24,Vængir Júpiters,Reynir S.,1,2,678
2022,7,2022-03-24,Þróttur R.,Augnablik,6,0,679
2022,7,2022-03-25,Víkingur R.,FH,1,2,680
2022,7,2022-03-25,KH,Víðir,0,2,681
2022,7,2022-03-25,ÍH,Njarðvík,2,4,682
2022,7,2022-03-26,Víkingur Ó.,ÍR,0,3,683
2022,7,2022-03-26,Höttur/Huginn,Dalvík/Reynir,2,1,684
2022,7,2022-03-26,Völsungur,Magni,1,1,685
2022,7,2022-03-27,KFS,Kári,3,3,686
2022,7,2022-03-27,KFG,Kormákur/Hvöt,5,0,687
2022,7,2022-04-01,ÍR,Þróttur R.,3,0,688
2022,7,2022-04-02,Njarðvík,Völsungur,1,0,689
2022,6,2022-04-08,Reynir S.,Árbær,6,1,690
2022,6,2022-04-08,Grótta,KH,8,0,691
2022,6,2022-04-08,KFK,Þróttur R.,0,1,692
2022,6,2022-04-08,Elliði,Grindavík,0,6,693
2022,6,2022-04-08,KFG,Augnablik,2,2,694
2022,6,2022-04-08,Afturelding,Ýmir,5,0,695
2022,6,2022-04-09,Kári,Árborg,3,0,696
2022,6,2022-04-09,Kormákur/Hvöt,Dalvík/Reynir,0,3,697
2022,6,2022-04-10,Þróttur V.,ÍR,0,1,698
2022,6,2022-04-13,Njarðvík,Fjölnir,1,1,699
2022,6,2022-04-14,Tindastóll,KF,0,4,700
2022,1,2022-04-18,Víkingur R.,FH,2,1,701
2022,1,2022-04-19,Valur,ÍBV,2,1,702
2022,1,2022-04-19,Stjarnan,ÍA,2,2,703
2022,1,2022-04-19,Breiðablik,Keflavík,4,1,704
2022,1,2022-04-20,KA,Leiknir R.,1,0,705
2022,1,2022-04-20,Fram,KR,1,4,706
2022,6,2022-04-21,Ægir,KFS,1,0,707
2022,6,2022-04-21,KF,Magni,0,2,708
2022,6,2022-04-22,Njarðvík,KFG,5,2,709
2022,6,2022-04-22,Afturelding,Vængir Júpiters,3,1,710
2022,6,2022-04-23,Völsungur,Dalvík/Reynir,2,5,711
2022,6,2022-04-23,KV,Grindavík,2,3,712
2022,6,2022-04-23,KÁ,Haukar,0,5,713
2022,6,2022-04-23,Þróttur R.,HK,0,3,714
2022,6,2022-04-23,Hamar,Selfoss,0,2,715
2022,6,2022-04-23,Sindri,KFA,2,0,716
2022,6,2022-04-23,Vestri,Víðir,2,0,717
2022,6,2022-04-23,Kári,Víkingur Ó.,2,1,718
2022,1,2022-04-24,ÍBV,KA,0,3,719
2022,1,2022-04-24,Leiknir R.,Stjarnan,0,3,720
2022,1,2022-04-24,ÍA,Víkingur R.,3,0,721
2022,1,2022-04-24,Keflavík,Valur,0,1,722
2022,1,2022-04-25,FH,Fram,4,2,723
2022,1,2022-04-25,KR,Breiðablik,0,1,724
2022,6,2022-04-25,Hvíti riddarinn,RB,6,0,725
2022,1,2022-04-28,Víkingur R.,Keflavík,4,1,726
2022,7,2022-04-29,ÍR,Njarðvík,1,1,727
2022,1,2022-04-30,Valur,KR,2,1,728
2022,1,2022-05-01,ÍBV,Leiknir R.,1,1,729
2022,1,2022-05-01,Breiðablik,FH,3,0,730
2022,1,2022-05-02,KA,Keflavík,3,2,731
2022,1,2022-05-02,Fram,ÍA,1,1,732
2022,1,2022-05-02,Víkingur R.,Stjarnan,4,5,733
2022,2,2022-05-05,Fylkir,KV,3,1,734
2022,2,2022-05-05,HK,Selfoss,2,3,735
2022,1,2022-05-06,FH,Valur,2,2,736
2022,2,2022-05-06,Þór,Kórdrengir,1,0,737
2022,2,2022-05-06,Afturelding,Grindavík,1,1,738
2022,2,2022-05-06,Þróttur V.,Fjölnir,0,3,739
2022,3,2022-05-06,Reynir S.,Haukar,0,1,740
2022,4,2022-05-06,Vængir Júpiters,Kormákur/Hvöt,2,1,741
2022,4,2022-05-06,KFG,Víðir,0,1,742
2022,1,2022-05-07,ÍA,Breiðablik,1,5,743
2022,1,2022-05-07,Keflavík,ÍBV,3,3,744
2022,1,2022-05-07,KR,KA,0,0,745
2022,1,2022-05-07,Stjarnan,Fram,1,1,746
2022,2,2022-05-07,Grótta,Vestri,5,0,747
2022,3,2022-05-07,Víkingur Ó.,Völsungur,1,3,748
2022,3,2022-05-07,Þróttur R.,Njarðvík,0,4,749
2022,3,2022-05-07,ÍR,Höttur/Huginn,3,0,750
2022,3,2022-05-07,KFA,KF,2,2,751
2022,3,2022-05-07,Magni,Ægir,0,1,752
2022,4,2022-05-07,Dalvík/Reynir,KH,4,0,753
2022,4,2022-05-07,Elliði,Augnablik,1,1,754
2022,4,2022-05-07,KFS,ÍH,2,1,755
2022,4,2022-05-07,Sindri,Kári,1,1,756
2022,1,2022-05-08,Leiknir R.,Víkingur R.,0,0,757
2022,1,2022-05-11,ÍBV,KR,1,2,758
2022,1,2022-05-11,Valur,ÍA,4,0,759
2022,1,2022-05-11,KA,FH,1,0,760
2022,1,2022-05-11,Breiðablik,Stjarnan,3,2,761
2022,1,2022-05-12,Keflavík,Leiknir R.,3,0,762
2022,1,2022-05-12,Víkingur R.,Fram,4,1,763
2022,2,2022-05-12,Grindavík,Þróttur V.,3,0,764
2022,2,2022-05-12,KV,HK,1,3,765
2022,2,2022-05-13,Kórdrengir,Fylkir,1,1,766
2022,2,2022-05-13,Selfoss,Grótta,2,1,767
2022,2,2022-05-13,Fjölnir,Þór,4,1,768
2022,3,2022-05-13,Ægir,Víkingur Ó.,0,0,769
2022,4,2022-05-13,Augnablik,KFG,0,2,770
2022,4,2022-05-13,KH,Elliði,0,1,771
2022,2,2022-05-14,Afturelding,Vestri,0,2,772
2022,3,2022-05-14,Höttur/Huginn,Þróttur R.,0,2,773
2022,3,2022-05-14,Völsungur,Reynir S.,3,1,774
2022,3,2022-05-14,Haukar,KFA,1,0,775
2022,3,2022-05-14,Njarðvík,Magni,5,0,776
2022,3,2022-05-14,KF,ÍR,0,0,777
2022,4,2022-05-14,ÍH,Kormákur/Hvöt,2,3,778
2022,4,2022-05-14,Víðir,Sindri,2,1,779
2022,4,2022-05-14,Kári,KFS,3,0,780
2022,4,2022-05-14,Vængir Júpiters,Dalvík/Reynir,0,2,781
2022,1,2022-05-15,FH,ÍBV,2,0,782
2022,1,2022-05-15,ÍA,KA,0,3,783
2022,1,2022-05-15,Stjarnan,Valur,1,0,784
2022,1,2022-05-16,Víkingur R.,Breiðablik,0,3,785
2022,1,2022-05-16,Leiknir R.,Fram,1,2,786
2022,1,2022-05-16,KR,Keflavík,1,0,787
2022,2,2022-05-19,Grótta,HK,2,0,788
2022,2,2022-05-19,Fylkir,Fjölnir,5,2,789
2022,2,2022-05-20,Kórdrengir,KV,2,0,790
2022,2,2022-05-20,Þór,Grindavík,1,1,791
2022,2,2022-05-20,Afturelding,Selfoss,1,1,792
2022,3,2022-05-20,KFA,Völsungur,1,1,793
2022,3,2022-05-20,Reynir S.,Ægir,0,2,794
2022,3,2022-05-20,Þróttur R.,ÍR,2,1,795
2022,3,2022-05-20,Magni,Höttur/Huginn,3,2,796
2022,4,2022-05-20,Elliði,Vængir Júpiters,0,1,797
2022,4,2022-05-20,Augnablik,Víðir,2,1,798
2022,4,2022-05-20,KFG,KH,3,1,799
2022,1,2022-05-21,KR,Leiknir R.,1,1,800
2022,1,2022-05-21,KA,Stjarnan,0,2,801
2022,1,2022-05-21,ÍBV,ÍA,0,0,802
2022,2,2022-05-21,Þróttur V.,Vestri,1,1,803
2022,3,2022-05-21,Haukar,KF,2,2,804
2022,3,2022-05-21,Víkingur Ó.,Njarðvík,1,3,805
2022,4,2022-05-21,Dalvík/Reynir,ÍH,4,3,806
2022,4,2022-05-21,KFS,Sindri,2,3,807
2022,4,2022-05-21,Kormákur/Hvöt,Kári,3,0,808
2022,1,2022-05-22,Keflavík,FH,2,1,809
2022,1,2022-05-22,Breiðablik,Fram,4,3,810
2022,1,2022-05-22,Valur,Víkingur R.,1,3,811
2022,6,2022-05-24,Höttur/Huginn,Ægir,1,3,812
2022,6,2022-05-24,Selfoss,Magni,1,1,813
2022,6,2022-05-24,Vestri,Afturelding,1,1,814
2022,6,2022-05-24,Sindri,ÍA,3,5,815
2022,6,2022-05-24,HK,Grótta,3,1,816
2022,6,2022-05-24,Grindavík,ÍR,1,2,817
2022,6,2022-05-24,Dalvík/Reynir,Þór,2,0,818
2022,6,2022-05-25,Fylkir,ÍBV,2,1,819
2022,6,2022-05-25,Keflavík,Njarðvík,1,4,820
2022,6,2022-05-25,FH,Kári,3,0,821
2022,6,2022-05-25,Stjarnan,KR,0,3,822
2022,6,2022-05-26,Fram,Leiknir R.,2,2,823
2022,6,2022-05-26,KA,Reynir S.,4,1,824
2022,6,2022-05-26,Haukar,Víkingur R.,0,7,825
2022,6,2022-05-26,Breiðablik,Valur,6,2,826
2022,2,2022-05-27,Fjölnir,Kórdrengir,1,1,827
2022,2,2022-05-27,HK,Afturelding,2,0,828
2022,2,2022-05-27,Selfoss,Þróttur V.,4,0,829
2022,4,2022-05-27,KH,Augnablik,0,2,830
2022,4,2022-05-27,ÍH,Elliði,1,3,831
2022,2,2022-05-28,Vestri,Þór,3,3,832
2022,2,2022-05-28,Grótta,KV,5,1,833
2022,2,2022-05-28,Grindavík,Fylkir,1,0,834
2022,3,2022-05-28,Höttur/Huginn,Víkingur Ó.,0,0,835
2022,3,2022-05-28,ÍR,Magni,1,1,836
2022,3,2022-05-28,Ægir,KFA,3,0,837
2022,3,2022-05-28,KF,Þróttur R.,1,1,838
2022,4,2022-05-28,Sindri,Kormákur/Hvöt,2,1,839
2022,4,2022-05-28,Vængir Júpiters,KFG,2,3,840
2022,4,2022-05-28,Víðir,KFS,6,2,841
2022,4,2022-05-28,Kári,Dalvík/Reynir,0,2,842
2022,1,2022-05-29,Fram,Valur,3,2,843
2022,1,2022-05-29,Víkingur R.,KA,2,1,844
2022,1,2022-05-29,Stjarnan,ÍBV,1,0,845
2022,1,2022-05-29,ÍA,Keflavík,0,2,846
2022,1,2022-05-29,FH,KR,2,3,847
2022,1,2022-05-29,Leiknir R.,Breiðablik,1,2,848
2022,3,2022-05-29,Völsungur,Haukar,3,1,849
2022,3,2022-05-30,Njarðvík,Reynir S.,3,0,850
2022,2,2022-06-03,Þór,Selfoss,0,2,851
2022,2,2022-06-03,Fjölnir,KV,3,1,852
2022,2,2022-06-03,Kórdrengir,Grindavík,1,1,853
2022,2,2022-06-03,Afturelding,Grótta,2,2,854
2022,3,2022-06-03,Haukar,Ægir,0,1,855
2022,3,2022-06-03,Víkingur Ó.,ÍR,1,2,856
2022,3,2022-06-03,Völsungur,KF,3,2,857
2022,4,2022-06-03,KFG,ÍH,4,2,858
2022,4,2022-06-03,Augnablik,Vængir Júpiters,3,2,859
2022,4,2022-06-03,KH,Víðir,2,1,860
2022,4,2022-06-03,Elliði,Kári,2,0,861
2022,2,2022-06-04,Fylkir,Vestri,5,0,862
2022,3,2022-06-04,Magni,Þróttur R.,0,4,863
2022,3,2022-06-04,Reynir S.,Höttur/Huginn,3,4,864
2022,3,2022-06-04,KFA,Njarðvík,2,3,865
2022,4,2022-06-04,Dalvík/Reynir,Sindri,1,3,866
2022,4,2022-06-04,Kormákur/Hvöt,KFS,1,2,867
2022,2,2022-06-09,KV,Afturelding,2,1,868
2022,2,2022-06-09,Grindavík,Fjölnir,2,2,869
2022,2,2022-06-09,Selfoss,Fylkir,2,2,870
2022,3,2022-06-09,ÍR,Reynir S.,2,1,871
2022,3,2022-06-09,Þróttur R.,Víkingur Ó.,3,0,872
2022,3,2022-06-09,Höttur/Huginn,KFA,2,2,873
2022,3,2022-06-09,Njarðvík,Haukar,2,2,874
2022,3,2022-06-09,KF,Magni,4,0,875
2022,4,2022-06-09,Vængir Júpiters,KH,2,0,876
2022,2,2022-06-11,Vestri,Kórdrengir,2,2,877
2022,2,2022-06-11,HK,Þór,3,1,878
2022,3,2022-06-11,Ægir,Völsungur,2,1,879
2022,4,2022-06-11,KFS,Dalvík/Reynir,2,0,880
2022,4,2022-06-11,Sindri,Elliði,4,2,881
2022,4,2022-06-11,ÍH,Augnablik,4,0,882
2022,4,2022-06-11,Víðir,Kormákur/Hvöt,5,1,883
2022,4,2022-06-11,Kári,KFG,2,0,884
2022,1,2022-06-15,ÍBV,Víkingur R.,0,3,885
2022,1,2022-06-15,KR,ÍA,3,3,886
2022,4,2022-06-15,KH,ÍH,2,4,887
2022,1,2022-06-16,KA,Fram,2,2,888
2022,1,2022-06-16,Keflavík,Stjarnan,2,2,889
2022,1,2022-06-16,FH,Leiknir R.,2,2,890
2022,1,2022-06-16,Valur,Breiðablik,3,2,891
2022,2,2022-06-16,Þór,Grótta,0,1,892
2022,2,2022-06-16,Fylkir,HK,0,1,893
2022,2,2022-06-16,Þróttur V.,Afturelding,0,1,894
2022,2,2022-06-16,Grindavík,KV,2,1,895
2022,2,2022-06-16,Kórdrengir,Selfoss,4,3,896
2022,3,2022-06-16,Reynir S.,Þróttur R.,0,1,897
2022,4,2022-06-16,Augnablik,Kári,2,4,898
2022,4,2022-06-16,Dalvík/Reynir,Kormákur/Hvöt,4,2,899
2022,4,2022-06-16,Vængir Júpiters,Víðir,1,1,900
2022,3,2022-06-17,Völsungur,Njarðvík,2,3,901
2022,2,2022-06-18,Fjölnir,Vestri,1,2,902
2022,3,2022-06-18,Ægir,KF,5,3,903
2022,3,2022-06-18,KFA,ÍR,4,3,904
2022,3,2022-06-18,Haukar,Höttur/Huginn,1,0,905
2022,3,2022-06-18,Víkingur Ó.,Magni,5,1,906
2022,4,2022-06-18,Elliði,KFS,2,0,907
2022,4,2022-06-18,KFG,Sindri,2,1,908
2022,1,2022-06-20,Fram,ÍBV,3,3,909
2022,1,2022-06-20,Stjarnan,KR,1,1,910
2022,1,2022-06-20,Breiðablik,KA,4,1,911
2022,1,2022-06-21,ÍA,FH,1,1,912
2022,1,2022-06-21,Valur,Leiknir R.,2,1,913
2022,4,2022-06-21,Víðir,Dalvík/Reynir,2,1,914
2022,2,2022-06-22,KV,Þróttur V.,1,1,915
2022,3,2022-06-22,Njarðvík,Ægir,6,0,916
2022,3,2022-06-22,ÍR,Haukar,0,3,917
2022,1,2022-06-23,Breiðablik,KR,4,0,918
2022,2,2022-06-23,Grótta,Fylkir,2,5,919
2022,2,2022-06-23,HK,Kórdrengir,3,1,920
2022,2,2022-06-24,Selfoss,Fjölnir,2,0,921
2022,2,2022-06-24,Afturelding,Þór,4,1,922
2022,3,2022-06-24,Höttur/Huginn,Völsungur,1,1,923
2022,4,2022-06-24,Kári,KH,2,3,924
2022,4,2022-06-24,ÍH,Vængir Júpiters,5,3,925
2022,2,2022-06-25,Vestri,Grindavík,2,1,926
2022,3,2022-06-25,Magni,Reynir S.,0,1,927
2022,3,2022-06-25,Þróttur R.,KFA,3,1,928
2022,3,2022-06-25,KF,Víkingur Ó.,3,2,929
2022,4,2022-06-25,Kormákur/Hvöt,Elliði,3,2,930
2022,4,2022-06-25,Sindri,Augnablik,1,1,931
2022,4,2022-06-25,KFS,KFG,1,3,932
2022,6,2022-06-26,HK,Dalvík/Reynir,6,0,933
2022,6,2022-06-26,KA,Fram,4,1,934
2022,6,2022-06-26,FH,ÍR,6,1,935
2022,6,2022-06-26,Ægir,Fylkir,1,0,936
2022,6,2022-06-26,Njarðvík,KR,0,1,937
2022,2,2022-06-27,Grótta,Þróttur V.,1,0,938
2022,6,2022-06-27,ÍA,Breiðablik,2,3,939
2022,6,2022-06-28,Selfoss,Víkingur R.,0,6,940
2022,3,2022-06-29,Njarðvík,KF,6,0,941
2022,3,2022-06-29,Völsungur,ÍR,3,1,942
2022,3,2022-06-29,KFA,Magni,2,0,943
2022,3,2022-06-29,Reynir S.,Víkingur Ó.,3,4,944
2022,3,2022-06-29,Haukar,Þróttur R.,0,1,945
2022,3,2022-06-29,Ægir,Höttur/Huginn,2,0,946
2022,2,2022-06-30,Fjölnir,HK,3,1,947
2022,2,2022-06-30,Þór,Þróttur V.,5,0,948
2022,4,2022-06-30,Vængir Júpiters,Kári,1,2,949
2022,1,2022-07-01,KR,Víkingur R.,0,3,950
2022,2,2022-07-01,Grindavík,Selfoss,2,2,951
2022,2,2022-07-01,Fylkir,Afturelding,2,2,952
2022,2,2022-07-01,Kórdrengir,Grótta,1,0,953
2022,2,2022-07-01,Vestri,KV,2,4,954
2022,4,2022-07-01,Augnablik,KFS,3,2,955
2022,4,2022-07-01,ÍH,Víðir,0,2,956
2022,1,2022-07-02,ÍBV,Breiðablik,0,0,957
2022,3,2022-07-02,Víkingur Ó.,KFA,1,3,958
2022,3,2022-07-02,Höttur/Huginn,Njarðvík,1,2,959
2022,3,2022-07-02,Reynir S.,KF,1,1,960
2022,3,2022-07-02,Magni,Haukar,2,2,961
2022,4,2022-07-02,KFG,Kormákur/Hvöt,1,1,962
2022,4,2022-07-02,KH,Sindri,1,1,963
2022,4,2022-07-02,Elliði,Dalvík/Reynir,5,2,964
2022,1,2022-07-03,Keflavík,Fram,3,1,965
2022,3,2022-07-03,Þróttur R.,Völsungur,2,1,966
2022,1,2022-07-04,KA,Valur,1,1,967
2022,1,2022-07-04,Leiknir R.,ÍA,1,0,968
2022,1,2022-07-04,FH,Stjarnan,1,1,969
2022,3,2022-07-04,ÍR,Ægir,3,2,970
2022,2,2022-07-05,Selfoss,Vestri,0,1,971
2022,2,2022-07-05,Þór,KV,3,1,972
2022,2,2022-07-05,Þróttur V.,Fylkir,0,3,973
2022,2,2022-07-05,HK,Grindavík,2,1,974
2022,2,2022-07-05,Afturelding,Kórdrengir,2,1,975
2022,2,2022-07-05,Grótta,Fjölnir,4,1,976
2022,4,2022-07-05,Sindri,Vængir Júpiters,5,2,977
2022,4,2022-07-05,Dalvík/Reynir,KFG,1,1,978
2022,4,2022-07-05,Elliði,Víðir,1,1,979
2022,4,2022-07-05,Kormákur/Hvöt,Augnablik,1,1,980
2022,4,2022-07-05,KFS,KH,2,1,981
2022,4,2022-07-05,Kári,ÍH,4,2,982
2022,3,2022-07-07,Völsungur,Magni,2,2,983
2022,3,2022-07-08,Njarðvík,ÍR,2,0,984
2022,3,2022-07-08,KF,Höttur/Huginn,1,2,985
2022,3,2022-07-08,Haukar,Víkingur Ó.,1,1,986
2022,3,2022-07-08,Ægir,Þróttur R.,3,0,987
2022,1,2022-07-09,KA,ÍBV,4,3,988
2022,1,2022-07-09,Víkingur R.,ÍA,3,2,989
2022,2,2022-07-09,Fjölnir,Afturelding,2,1,990
2022,2,2022-07-09,Vestri,HK,3,3,991
2022,2,2022-07-09,Kórdrengir,Þróttur V.,1,0,992
2022,2,2022-07-09,KV,Selfoss,1,2,993
2022,2,2022-07-09,Grindavík,Grótta,3,1,994
2022,2,2022-07-09,Fylkir,Þór,4,0,995
2022,3,2022-07-09,KFA,Reynir S.,4,0,996
2022,4,2022-07-09,KH,Kormákur/Hvöt,1,3,997
2022,4,2022-07-09,Víðir,Kári,2,2,998
2022,4,2022-07-09,ÍH,Sindri,1,3,999
2022,4,2022-07-09,KFG,Elliði,7,2,1000
2022,4,2022-07-09,Vængir Júpiters,KFS,3,6,1001
2022,4,2022-07-10,Augnablik,Dalvík/Reynir,1,2,1002
2022,1,2022-07-11,Valur,Keflavík,0,3,1003
2022,1,2022-07-11,Fram,FH,1,0,1004
2022,1,2022-07-11,Stjarnan,Leiknir R.,0,3,1005
2022,2,2022-07-14,HK,KV,4,0,1006
2022,2,2022-07-14,Grótta,Selfoss,3,0,1007
2022,2,2022-07-14,Þróttur V.,Grindavík,2,0,1008
2022,2,2022-07-14,Fylkir,Kórdrengir,4,1,1009
2022,2,2022-07-15,Þór,Fjölnir,1,4,1010
2022,3,2022-07-15,Víkingur Ó.,Ægir,5,2,1011
2022,4,2022-07-15,Dalvík/Reynir,Vængir Júpiters,6,1,1012
2022,4,2022-07-15,KFG,Augnablik,0,0,1013
2022,4,2022-07-15,Elliði,KH,2,2,1014
2022,1,2022-07-16,FH,Víkingur R.,0,3,1015
2022,2,2022-07-16,Vestri,Afturelding,1,4,1016
2022,3,2022-07-16,KFA,Haukar,1,5,1017
2022,3,2022-07-16,Reynir S.,Völsungur,1,1,1018
2022,3,2022-07-16,Magni,Njarðvík,1,2,1019
2022,3,2022-07-16,Þróttur R.,Höttur/Huginn,3,3,1020
2022,3,2022-07-16,ÍR,KF,3,3,1021
2022,4,2022-07-16,KFS,Kári,2,1,1022
2022,4,2022-07-16,Sindri,Víðir,0,1,1023
2022,4,2022-07-16,Kormákur/Hvöt,ÍH,4,0,1024
2022,1,2022-07-17,ÍBV,Valur,3,2,1025
2022,1,2022-07-17,Leiknir R.,KA,0,5,1026
2022,1,2022-07-17,Keflavík,Breiðablik,2,3,1027
2022,1,2022-07-17,ÍA,Stjarnan,0,3,1028
2022,2,2022-07-17,Þróttur V.,HK,1,2,1029
2022,1,2022-07-19,KR,Fram,1,1,1030
2022,2,2022-07-21,Fjölnir,Þróttur V.,6,0,1031
2022,2,2022-07-21,Selfoss,HK,1,2,1032
2022,2,2022-07-21,KV,Fylkir,2,3,1033
2022,2,2022-07-21,Grindavík,Afturelding,4,5,1034
2022,3,2022-07-21,Haukar,Reynir S.,2,2,1035
2022,3,2022-07-21,KF,KFA,4,0,1036
2022,2,2022-07-22,Kórdrengir,Þór,2,4,1037
2022,3,2022-07-22,Njarðvík,Þróttur R.,2,1,1038
2022,4,2022-07-22,Augnablik,Elliði,3,1,1039
2022,4,2022-07-22,Víðir,KFG,3,3,1040
2022,2,2022-07-23,Vestri,Grótta,3,1,1041
2022,3,2022-07-23,Höttur/Huginn,ÍR,1,1,1042
2022,3,2022-07-23,Völsungur,Víkingur Ó.,3,1,1043
2022,3,2022-07-23,Ægir,Magni,2,1,1044
2022,4,2022-07-23,Kári,Sindri,1,4,1045
2022,4,2022-07-23,ÍH,KFS,2,2,1046
2022,4,2022-07-23,KH,Dalvík/Reynir,2,3,1047
2022,4,2022-07-23,Kormákur/Hvöt,Vængir Júpiters,2,0,1048
2022,1,2022-07-24,Leiknir R.,ÍBV,1,4,1049
2022,1,2022-07-24,Keflavík,KA,1,3,1050
2022,1,2022-07-24,FH,Breiðablik,0,0,1051
2022,1,2022-07-25,KR,Valur,3,3,1052
2022,1,2022-07-25,ÍA,Fram,0,4,1053
2022,2,2022-07-26,Fjölnir,Fylkir,0,2,1054
2022,2,2022-07-26,Selfoss,Afturelding,1,4,1055
2022,2,2022-07-26,KV,Kórdrengir,2,2,1056
2022,2,2022-07-27,Grindavík,Þór,1,2,1057
2022,2,2022-07-27,HK,Grótta,2,1,1058
2022,2,2022-07-27,Vestri,Þróttur V.,4,0,1059
2022,3,2022-07-27,KF,Haukar,0,1,1060
2022,3,2022-07-27,Njarðvík,Víkingur Ó.,1,3,1061
2022,3,2022-07-27,Ægir,Reynir S.,1,1,1062
2022,3,2022-07-27,Höttur/Huginn,Magni,3,0,1063
2022,3,2022-07-27,Völsungur,KFA,5,2,1064
2022,3,2022-07-27,ÍR,Þróttur R.,1,2,1065
2022,4,2022-07-27,Sindri,KFS,3,3,1066
2022,4,2022-07-27,Kári,Kormákur/Hvöt,3,2,1067
2022,4,2022-07-27,Víðir,Augnablik,0,0,1068
2022,4,2022-07-27,ÍH,Dalvík/Reynir,0,1,1069
2022,4,2022-07-27,Vængir Júpiters,Elliði,4,1,1070
2022,4,2022-07-27,KH,KFG,0,1,1071
2022,1,2022-07-30,Stjarnan,Víkingur R.,2,2,1072
2022,1,2022-07-30,ÍBV,Keflavík,2,2,1073
2022,1,2022-08-01,Breiðablik,ÍA,3,1,1074
2022,1,2022-08-02,KA,KR,0,1,1075
2022,1,2022-08-03,Fram,Stjarnan,2,2,1076
2022,1,2022-08-03,Valur,FH,2,0,1077
2022,2,2022-08-04,Þróttur V.,Selfoss,1,1,1078
2022,4,2022-08-04,Dalvík/Reynir,Kári,2,1,1079
2022,2,2022-08-05,Afturelding,HK,0,1,1080
2022,2,2022-08-05,KV,Grótta,2,1,1081
2022,2,2022-08-05,Kórdrengir,Fjölnir,0,0,1082
2022,2,2022-08-05,Fylkir,Grindavík,5,2,1083
2022,3,2022-08-05,Reynir S.,Njarðvík,1,0,1084
2022,4,2022-08-05,Augnablik,KH,1,2,1085
2022,4,2022-08-05,KFG,Vængir Júpiters,3,2,1086
2022,2,2022-08-06,Þór,Vestri,1,0,1087
2022,3,2022-08-06,Víkingur Ó.,Höttur/Huginn,1,1,1088
2022,3,2022-08-06,Magni,ÍR,2,0,1089
2022,3,2022-08-06,Haukar,Völsungur,2,2,1090
2022,3,2022-08-06,Þróttur R.,KF,6,1,1091
2022,4,2022-08-06,KFS,Víðir,2,1,1092
2022,4,2022-08-06,Kormákur/Hvöt,Sindri,0,1,1093
2022,4,2022-08-06,Elliði,ÍH,3,0,1094
2022,1,2022-08-07,KR,ÍBV,4,0,1095
2022,1,2022-08-07,FH,KA,0,3,1096
2022,1,2022-08-07,Fram,Víkingur R.,3,3,1097
2022,1,2022-08-07,Stjarnan,Breiðablik,5,2,1098
2022,3,2022-08-07,KFA,Ægir,4,1,1099
2022,1,2022-08-08,Leiknir R.,Keflavík,1,2,1100
2022,1,2022-08-08,ÍA,Valur,1,2,1101
2022,2,2022-08-10,Selfoss,Þór,2,1,1102
2022,2,2022-08-10,HK,Þróttur V.,4,1,1103
2022,6,2022-08-10,KA,Ægir,3,0,1104
2022,4,2022-08-11,Vængir Júpiters,Augnablik,1,2,1105
2022,2,2022-08-12,KV,Fjölnir,1,4,1106
2022,2,2022-08-12,Grótta,Afturelding,4,2,1107
2022,3,2022-08-12,KF,Völsungur,1,2,1108
2022,3,2022-08-12,Þróttur R.,Magni,3,2,1109
2022,4,2022-08-12,Kári,Elliði,1,0,1110
2022,4,2022-08-12,Víðir,KH,1,0,1111
2022,4,2022-08-12,ÍH,KFG,1,0,1112
2022,2,2022-08-13,Vestri,Fylkir,0,1,1113
2022,3,2022-08-13,Njarðvík,KFA,3,1,1114
2022,3,2022-08-13,Höttur/Huginn,Reynir S.,5,0,1115
2022,3,2022-08-13,ÍR,Víkingur Ó.,2,1,1116
2022,4,2022-08-13,KFS,Kormákur/Hvöt,2,1,1117
2022,4,2022-08-13,Sindri,Dalvík/Reynir,2,0,1118
2022,1,2022-08-14,KA,ÍA,3,0,1119
2022,1,2022-08-14,ÍBV,FH,4,1,1120
2022,1,2022-08-14,Valur,Stjarnan,6,1,1121
2022,2,2022-08-14,Grindavík,Kórdrengir,2,0,1122
2022,2,2022-08-14,Þór,HK,2,0,1123
2022,1,2022-08-15,Keflavík,KR,0,0,1124
2022,1,2022-08-15,Fram,Leiknir R.,4,1,1125
2022,1,2022-08-15,Breiðablik,Víkingur R.,1,1,1126
2022,3,2022-08-17,Magni,KF,1,2,1127
2022,3,2022-08-17,Víkingur Ó.,Þróttur R.,3,3,1128
2022,3,2022-08-17,Reynir S.,ÍR,0,0,1129
2022,3,2022-08-17,Völsungur,Ægir,2,1,1130
2022,3,2022-08-17,KFA,Höttur/Huginn,0,5,1131
2022,3,2022-08-17,Haukar,Njarðvík,1,2,1132
2022,2,2022-08-18,Þróttur V.,Grótta,0,1,1133
2022,2,2022-08-18,Kórdrengir,Vestri,4,0,1134
2022,2,2022-08-18,Fjölnir,Grindavík,4,3,1135
2022,2,2022-08-18,Afturelding,KV,4,1,1136
2022,2,2022-08-18,Fylkir,Selfoss,4,3,1137
2022,6,2022-08-18,Víkingur R.,KR,5,3,1138
2022,4,2022-08-19,Augnablik,ÍH,0,0,1139
2022,4,2022-08-19,KH,Vængir Júpiters,2,1,1140
2022,4,2022-08-19,KFG,Kári,2,2,1141
2022,6,2022-08-19,HK,Breiðablik,0,1,1142
2022,4,2022-08-20,Kormákur/Hvöt,Víðir,1,3,1143
2022,4,2022-08-20,Dalvík/Reynir,KFS,5,0,1144
2022,4,2022-08-20,Elliði,Sindri,1,3,1145
2022,1,2022-08-21,ÍA,ÍBV,2,1,1146
2022,1,2022-08-21,Stjarnan,KA,2,4,1147
2022,3,2022-08-21,Höttur/Huginn,Haukar,2,1,1148
2022,3,2022-08-21,Þróttur R.,Reynir S.,3,1,1149
2022,3,2022-08-21,Magni,Víkingur Ó.,3,3,1150
2022,3,2022-08-21,ÍR,KFA,4,1,1151
2022,3,2022-08-21,KF,Ægir,2,2,1152
2022,3,2022-08-21,Njarðvík,Völsungur,3,0,1153
2022,1,2022-08-22,Leiknir R.,KR,4,3,1154
2022,1,2022-08-22,FH,Keflavík,3,0,1155
2022,1,2022-08-22,Fram,Breiðablik,0,2,1156
2022,1,2022-08-22,Víkingur R.,Valur,2,2,1157
2022,2,2022-08-23,Selfoss,Kórdrengir,0,1,1158
2022,2,2022-08-23,KV,Grindavík,1,3,1159
2022,2,2022-08-23,Vestri,Fjölnir,4,1,1160
2022,2,2022-08-23,HK,Fylkir,0,2,1161
2022,2,2022-08-23,Afturelding,Þróttur V.,4,0,1162
2022,2,2022-08-23,Grótta,Þór,1,0,1163
2022,4,2022-08-23,Sindri,KFG,2,2,1164
2022,4,2022-08-23,Víðir,Vængir Júpiters,4,0,1165
2022,4,2022-08-23,KFS,Elliði,2,0,1166
2022,4,2022-08-23,ÍH,KH,5,2,1167
2022,4,2022-08-24,Kári,Augnablik,2,1,1168
2022,3,2022-08-26,Ægir,Njarðvík,1,3,1169
2022,3,2022-08-26,Haukar,ÍR,0,2,1170
2022,2,2022-08-27,Þróttur V.,KV,1,2,1171
2022,2,2022-08-27,Grindavík,Vestri,2,2,1172
2022,2,2022-08-27,Kórdrengir,HK,1,3,1173
2022,2,2022-08-27,Fjölnir,Selfoss,4,1,1174
2022,2,2022-08-27,Fylkir,Grótta,5,1,1175
2022,2,2022-08-27,Þór,Afturelding,0,0,1176
2022,3,2022-08-27,Völsungur,Höttur/Huginn,0,1,1177
2022,3,2022-08-27,Reynir S.,Magni,2,0,1178
2022,3,2022-08-27,KFA,Þróttur R.,1,3,1179
2022,3,2022-08-27,Víkingur Ó.,KF,3,3,1180
2022,4,2022-08-27,KFG,KFS,3,0,1181
2022,4,2022-08-27,Dalvík/Reynir,Víðir,3,0,1182
2022,4,2022-08-27,Augnablik,Sindri,1,2,1183
2022,4,2022-08-27,KH,Kári,0,1,1184
2022,1,2022-08-28,ÍBV,Stjarnan,3,1,1185
2022,1,2022-08-28,KA,Víkingur R.,2,3,1186
2022,1,2022-08-28,Keflavík,ÍA,0,1,1187
2022,1,2022-08-28,KR,FH,0,0,1188
2022,1,2022-08-28,Breiðablik,Leiknir R.,4,0,1189
2022,4,2022-08-28,Vængir Júpiters,ÍH,1,0,1190
2022,1,2022-08-29,Valur,Fram,1,1,1191
2022,3,2022-08-29,Ægir,Haukar,2,0,1192
2022,4,2022-08-30,Kormákur/Hvöt,Dalvík/Reynir,0,3,1193
2022,6,2022-08-31,Breiðablik,Víkingur R.,0,3,1194
2022,6,2022-09-01,FH,KA,2,1,1195
2022,2,2022-09-02,HK,Fjölnir,3,1,1196
2022,2,2022-09-02,Afturelding,Fylkir,0,2,1197
2022,2,2022-09-02,Grótta,Kórdrengir,1,3,1198
2022,4,2022-09-02,Kári,Vængir Júpiters,1,1,1199
2022,2,2022-09-03,Selfoss,Grindavík,0,3,1200
2022,2,2022-09-03,KV,Vestri,1,1,1201
2022,2,2022-09-03,Þróttur V.,Þór,0,2,1202
2022,3,2022-09-03,Magni,KFA,1,1,1203
2022,3,2022-09-03,Víkingur Ó.,Reynir S.,2,1,1204
2022,3,2022-09-03,KF,Njarðvík,4,2,1205
2022,3,2022-09-03,Þróttur R.,Haukar,3,0,1206
2022,3,2022-09-03,Höttur/Huginn,Ægir,0,1,1207
2022,3,2022-09-03,ÍR,Völsungur,3,2,1208
2022,4,2022-09-03,Kormákur/Hvöt,KFG,0,4,1209
2022,4,2022-09-03,Dalvík/Reynir,Elliði,3,2,1210
2022,4,2022-09-03,Víðir,ÍH,2,3,1211
2022,4,2022-09-03,Sindri,KH,3,2,1212
2022,4,2022-09-03,KFS,Augnablik,1,6,1213
2022,1,2022-09-04,Víkingur R.,ÍBV,2,2,1214
2022,1,2022-09-04,Leiknir R.,FH,0,0,1215
2022,1,2022-09-04,ÍA,KR,4,4,1216
2022,1,2022-09-04,Fram,KA,2,2,1217
2022,1,2022-09-04,Stjarnan,Keflavík,0,2,1218
2022,1,2022-09-05,Breiðablik,Valur,1,0,1219
2022,1,2022-09-07,Víkingur R.,Leiknir R.,9,0,1220
2022,4,2022-09-07,Elliði,Kormákur/Hvöt,4,1,1221
2022,2,2022-09-10,Kórdrengir,Afturelding,4,0,1222
2022,2,2022-09-10,Vestri,Selfoss,2,2,1223
2022,2,2022-09-10,Grindavík,HK,4,3,1224
2022,2,2022-09-10,Fjölnir,Grótta,0,1,1225
2022,2,2022-09-10,KV,Þór,1,0,1226
2022,2,2022-09-10,Fylkir,Þróttur V.,4,0,1227
2022,3,2022-09-10,Völsungur,Þróttur R.,1,1,1228
2022,3,2022-09-10,KF,Reynir S.,8,3,1229
2022,3,2022-09-10,Haukar,Magni,1,2,1230
2022,3,2022-09-10,Njarðvík,Höttur/Huginn,3,0,1231
2022,3,2022-09-10,Ægir,ÍR,2,2,1232
2022,3,2022-09-10,KFA,Víkingur Ó.,0,2,1233
2022,4,2022-09-10,Víðir,Elliði,2,3,1234
2022,4,2022-09-10,ÍH,Kári,2,1,1235
2022,4,2022-09-10,KFG,Dalvík/Reynir,2,3,1236
2022,4,2022-09-10,KH,KFS,3,5,1237
2022,4,2022-09-10,Augnablik,Kormákur/Hvöt,4,1,1238
2022,4,2022-09-10,Vængir Júpiters,Sindri,0,3,1239
2022,1,2022-09-11,Keflavík,Víkingur R.,0,3,1240
2022,1,2022-09-11,FH,ÍA,6,1,1241
2022,1,2022-09-11,Leiknir R.,Valur,1,0,1242
2022,1,2022-09-11,KA,Breiðablik,2,1,1243
2022,1,2022-09-11,KR,Stjarnan,3,1,1244
2022,1,2022-09-11,ÍBV,Fram,2,2,1245
2022,4,2022-09-16,Kári,Víðir,4,0,1246
2022,1,2022-09-17,Breiðablik,ÍBV,3,0,1247
2022,1,2022-09-17,Fram,Keflavík,4,8,1248
2022,1,2022-09-17,Stjarnan,FH,2,1,1249
2022,1,2022-09-17,Valur,KA,0,1,1250
2022,1,2022-09-17,ÍA,Leiknir R.,1,2,1251
2022,1,2022-09-17,Víkingur R.,KR,2,2,1252
2022,2,2022-09-17,HK,Vestri,2,1,1253
2022,2,2022-09-17,Afturelding,Fjölnir,1,5,1254
2022,2,2022-09-17,Þróttur V.,Kórdrengir,0,3,1255
2022,2,2022-09-17,Grótta,Grindavík,3,1,1256
2022,2,2022-09-17,Þór,Fylkir,2,1,1257
2022,2,2022-09-17,Selfoss,KV,2,0,1258
2022,3,2022-09-17,Höttur/Huginn,KF,3,2,1259
2022,3,2022-09-17,Þróttur R.,Ægir,2,1,1260
2022,3,2022-09-17,ÍR,Njarðvík,1,3,1261
2022,3,2022-09-17,Víkingur Ó.,Haukar,3,0,1262
2022,3,2022-09-17,Magni,Völsungur,2,1,1263
2022,3,2022-09-17,Reynir S.,KFA,2,0,1264
2022,4,2022-09-17,Dalvík/Reynir,Augnablik,2,2,1265
2022,4,2022-09-17,Elliði,KFG,1,5,1266
2022,4,2022-09-17,Kormákur/Hvöt,KH,3,0,1267
2022,4,2022-09-17,KFS,Vængir Júpiters,6,7,1268
2022,4,2022-09-17,Sindri,ÍH,8,2,1269
2022,6,2022-10-01,FH,Víkingur R.,2,3,1270
2022,1,2022-10-02,Keflavík,ÍA,3,2,1271
2022,1,2022-10-02,Fram,Leiknir R.,3,2,1272
2022,1,2022-10-02,KA,KR,1,0,1273
2022,1,2022-10-03,Breiðablik,Stjarnan,3,0,1274
2022,1,2022-10-05,ÍBV,FH,2,1,1275
2022,1,2022-10-05,Víkingur R.,Valur,3,2,1276
2022,1,2022-10-08,ÍA,Fram,3,2,1277
2022,1,2022-10-08,KR,Valur,2,1,1278
2022,1,2022-10-08,KA,Breiðablik,1,2,1279
2022,1,2022-10-10,FH,Leiknir R.,4,2,1280
2022,1,2022-10-10,ÍBV,Keflavík,2,1,1281
2022,1,2022-10-10,Stjarnan,Víkingur R.,2,1,1282
2022,1,2022-10-15,Leiknir R.,ÍA,2,2,1283
2022,1,2022-10-15,Keflavík,FH,2,3,1284
2022,1,2022-10-15,Víkingur R.,KA,2,2,1285
2022,1,2022-10-15,Breiðablik,KR,0,1,1286
2022,1,2022-10-16,Fram,ÍBV,1,3,1287
2022,1,2022-10-16,Valur,Stjarnan,3,0,1288
2022,1,2022-10-22,ÍA,ÍBV,3,2,1289
2022,1,2022-10-22,Leiknir R.,Keflavík,1,7,1290
2022,1,2022-10-22,Valur,Breiðablik,2,5,1291
2022,1,2022-10-23,Fram,FH,3,0,1292
2022,1,2022-10-23,Stjarnan,KA,0,3,1293
2022,1,2022-10-24,Víkingur R.,KR,2,2,1294
2022,1,2022-10-29,FH,ÍA,1,2,1295
2022,1,2022-10-29,Keflavík,Fram,4,0,1296
2022,1,2022-10-29,ÍBV,Leiknir R.,1,0,1297
2022,1,2022-10-29,KR,Stjarnan,0,2,1298
2022,1,2022-10-29,Breiðablik,Víkingur R.,1,0,1299
2022,1,2022-10-29,KA,Valur,2,0,1300
2023,7,2023-02-04,Breiðablik,Selfoss,3,1,1301
2023,7,2023-02-04,Keflavík,KA,2,1,1302
2023,7,2023-02-09,Fram,Grótta,1,1,1303
2023,7,2023-02-10,FH,Selfoss,4,2,1304
2023,7,2023-02-10,Víkingur R.,Njarðvík,3,1,1305
2023,7,2023-02-10,Stjarnan,Afturelding,4,1,1306
2023,7,2023-02-10,Fjölnir,Þróttur R.,4,1,1307
2023,7,2023-02-11,ÍA,Vestri,3,0,1308
2023,7,2023-02-11,HK,Grindavík,4,0,1309
2023,7,2023-02-12,Valur,KR,2,0,1310
2023,7,2023-02-12,KA,Fylkir,2,1,1311
2023,7,2023-02-12,Þór,Keflavík,4,1,1312
2023,7,2023-02-16,Víkingur R.,Stjarnan,2,1,1313
2023,7,2023-02-17,Selfoss,Leiknir R.,1,0,1314
2023,7,2023-02-17,Breiðablik,FH,3,1,1315
2023,7,2023-02-17,Njarðvík,Grótta,4,0,1316
2023,7,2023-02-17,Afturelding,Fram,3,4,1317
2023,7,2023-02-17,Þróttur R.,Keflavík,1,2,1318
2023,7,2023-02-17,Kári,KV,7,0,1319
2023,7,2023-02-17,Haukar,Víðir,4,1,1320
2023,7,2023-02-17,Árbær,ÍR,0,2,1321
2023,7,2023-02-18,ÍA,Valur,0,2,1322
2023,7,2023-02-18,KR,HK,6,1,1323
2023,7,2023-02-18,Fylkir,Þór,5,0,1324
2023,7,2023-02-18,Fjölnir,KA,1,2,1325
2023,7,2023-02-18,Ýmir,Víkingur Ó.,4,2,1326
2023,7,2023-02-18,Hvíti riddarinn,Þróttur V.,0,6,1327
2023,7,2023-02-18,KFG,KFS,3,2,1328
2023,7,2023-02-18,Augnablik,Ægir,3,0,1329
2023,7,2023-02-18,Höttur/Huginn,KFA,0,3,1330
2023,7,2023-02-18,Völsungur,KF,0,0,1331
2023,7,2023-02-19,Elliði,Sindri,0,1,1332
2023,7,2023-02-19,Dalvík/Reynir,Magni,1,0,1333
2023,7,2023-02-20,ÍH,Reynir S.,4,2,1334
2023,7,2023-02-21,Leiknir R.,Breiðablik,2,0,1335
2023,7,2023-02-21,Grótta,Stjarnan,3,3,1336
2023,7,2023-02-23,Valur,Vestri,3,0,1337
2023,7,2023-02-23,Fram,Víkingur R.,0,3,1338
2023,7,2023-02-24,KV,Ýmir,0,3,1339
2023,7,2023-02-24,Kári,ÍH,4,1,1340
2023,7,2023-02-24,Hvíti riddarinn,Víðir,1,4,1341
2023,7,2023-02-24,ÍR,Ægir,6,1,1342
2023,7,2023-02-25,HK,ÍA,1,0,1343
2023,7,2023-02-25,FH,Leiknir R.,4,0,1344
2023,7,2023-02-25,Stjarnan,Njarðvík,3,1,1345
2023,7,2023-02-25,Grótta,Afturelding,1,1,1346
2023,7,2023-02-25,Keflavík,Fylkir,2,2,1347
2023,7,2023-02-25,KA,Þróttur R.,5,0,1348
2023,7,2023-02-25,Þór,Fjölnir,1,2,1349
2023,7,2023-02-25,Reynir S.,Víkingur Ó.,2,2,1350
2023,7,2023-02-25,Augnablik,KFS,7,1,1351
2023,7,2023-02-25,KFG,Árbær,4,2,1352
2023,7,2023-02-25,Dalvík/Reynir,Völsungur,2,2,1353
2023,7,2023-02-25,KFA,Magni,4,1,1354
2023,7,2023-02-26,KR,Vestri,6,1,1355
2023,7,2023-02-26,Sindri,Þróttur V.,3,0,1356
2023,7,2023-02-26,Elliði,Haukar,1,5,1357
2023,7,2023-02-26,Höttur/Huginn,KF,3,1,1358
2023,7,2023-03-01,KR,Grindavík,4,2,1359
2023,7,2023-03-01,Víkingur R.,Grótta,1,0,1360
2023,7,2023-03-02,Valur,HK,1,0,1361
2023,7,2023-03-02,Stjarnan,Fram,0,0,1362
2023,7,2023-03-02,KA,Þór,1,0,1363
2023,7,2023-03-02,Kári,Reynir S.,1,2,1364
2023,7,2023-03-03,Njarðvík,Afturelding,4,1,1365
2023,7,2023-03-03,Þróttur R.,Fylkir,1,2,1366
2023,7,2023-03-03,Fjölnir,Keflavík,4,5,1367
2023,7,2023-03-03,Haukar,Þróttur V.,1,3,1368
2023,7,2023-03-03,Elliði,Víðir,2,1,1369
2023,7,2023-03-03,ÍR,Augnablik,5,0,1370
2023,7,2023-03-04,ÍA,Grindavík,2,0,1371
2023,7,2023-03-04,Hvíti riddarinn,Sindri,0,4,1372
2023,7,2023-03-04,KFG,Ægir,1,2,1373
2023,7,2023-03-05,FH,ÍBV,1,5,1374
2023,7,2023-03-05,Höttur/Huginn,Völsungur,1,0,1375
2023,7,2023-03-08,KR,ÍA,3,1,1376
2023,7,2023-03-08,Valur,Grindavík,0,0,1377
2023,7,2023-03-08,Leiknir R.,ÍBV,0,2,1378
2023,7,2023-03-09,HK,Vestri,1,1,1379
2023,7,2023-03-09,ÍH,KV,2,2,1380
2023,7,2023-03-10,Selfoss,ÍBV,0,2,1381
2023,7,2023-03-10,Fram,Njarðvík,3,1,1382
2023,7,2023-03-10,Fylkir,Fjölnir,0,2,1383
2023,7,2023-03-10,Víkingur Ó.,Kári,4,1,1384
2023,7,2023-03-11,Þróttur R.,Þór,3,4,1385
2023,7,2023-03-11,Ýmir,Reynir S.,4,3,1386
2023,7,2023-03-11,Haukar,Sindri,1,0,1387
2023,7,2023-03-11,Ægir,KFS,2,1,1388
2023,7,2023-03-11,KFG,ÍR,1,3,1389
2023,7,2023-03-12,Vestri,Grindavík,0,2,1390
2023,7,2023-03-12,Magni,Höttur/Huginn,2,1,1391
2023,7,2023-03-14,Breiðablik,ÍBV,2,3,1392
2023,7,2023-03-14,Afturelding,Víkingur R.,0,3,1393
2023,7,2023-03-15,Haukar,Hvíti riddarinn,6,1,1394
2023,7,2023-03-17,Kári,Ýmir,1,5,1395
2023,7,2023-03-17,Augnablik,KFG,1,2,1396
2023,7,2023-03-18,Víkingur R.,Valur,0,1,1397
2023,7,2023-03-18,ÍBV,KA,0,0,1398
2023,7,2023-03-18,Elliði,Þróttur V.,1,2,1399
2023,7,2023-03-18,ÍR,KFS,7,0,1400
2023,7,2023-03-18,Árbær,Ægir,2,5,1401
2023,7,2023-03-18,KFA,Dalvík/Reynir,4,2,1402
2023,7,2023-03-19,ÍH,Víkingur Ó.,1,3,1403
2023,7,2023-03-19,Víðir,Sindri,0,2,1404
2023,7,2023-03-19,Magni,KF,1,2,1405
2023,6,2023-03-22,Elliði,Árborg,0,1,1406
2023,7,2023-03-24,Árbær,Augnablik,1,6,1407
2023,7,2023-03-25,Ýmir,ÍH,2,3,1408
2023,7,2023-03-25,Víkingur Ó.,KV,3,4,1409
2023,7,2023-03-25,Elliði,Hvíti riddarinn,0,1,1410
2023,7,2023-03-25,KF,KFA,0,4,1411
2023,7,2023-03-25,Dalvík/Reynir,Höttur/Huginn,2,3,1412
2023,7,2023-03-26,Völsungur,Magni,2,1,1413
2023,6,2023-03-30,Vængir Júpiters,KH,4,4,1414
2023,6,2023-04-01,Ýmir,KFS,1,2,1415
2023,6,2023-04-01,Haukar,Víðir,2,3,1416
2023,6,2023-04-01,Árbær,Víkingur Ó.,2,1,1417
2023,7,2023-04-01,Völsungur,KFA,2,1,1418
2023,6,2023-04-02,ÍR,ÍH,0,1,1419
2023,6,2023-04-02,KÁ,Kormákur/Hvöt,3,3,1420
2023,6,2023-04-02,Reynir S.,Ægir,1,2,1421
2023,7,2023-04-02,KA,Valur,1,1,1422
2023,7,2023-04-02,Dalvík/Reynir,KF,3,1,1423
2023,6,2023-04-06,Árborg,Kári,1,3,1424
2023,6,2023-04-06,Grótta,Vestri,1,0,1425
2023,6,2023-04-06,KFS,Þróttur R.,0,5,1426
2023,6,2023-04-06,Afturelding,Grindavík,0,1,1427
2023,6,2023-04-06,Þór,KF,6,0,1428
2023,6,2023-04-08,Sindri,Höttur/Huginn,4,3,1429
2023,6,2023-04-08,Augnablik,Njarðvík,2,3,1430
2023,6,2023-04-08,KFK,Selfoss,0,8,1431
2023,6,2023-04-08,Dalvík/Reynir,Tindastóll,2,1,1432
2023,6,2023-04-08,ÍA,Víðir,3,0,1433
2023,6,2023-04-08,RB,Hvíti riddarinn,3,2,1434
2023,6,2023-04-08,KFG,ÍH,3,2,1435
2023,6,2023-04-08,Þróttur V.,KV,2,0,1436
2023,6,2023-04-08,Völsungur,Magni,0,1,1437
2023,6,2023-04-08,Leiknir R.,Árbær,2,0,1438
2023,1,2023-04-10,KA,KR,1,1,1439
2023,1,2023-04-10,Fylkir,Keflavík,1,2,1440
2023,1,2023-04-10,Stjarnan,Víkingur R.,0,2,1441
2023,1,2023-04-10,Fram,FH,2,2,1442
2023,1,2023-04-10,Valur,ÍBV,2,1,1443
2023,1,2023-04-10,Breiðablik,HK,3,4,1444
2023,6,2023-04-11,Kría,Fjölnir,0,10,1445
2023,7,2023-04-13,KV,Reynir S.,4,4,1446
2023,7,2023-04-14,Þróttur V.,Víðir,3,2,1447
2023,1,2023-04-15,Keflavík,KR,0,2,1448
2023,1,2023-04-15,KA,ÍBV,3,0,1449
2023,1,2023-04-15,FH,Stjarnan,1,0,1450
2023,7,2023-04-15,Árbær,KFS,3,0,1451
2023,1,2023-04-16,Víkingur R.,Fylkir,2,0,1452
2023,1,2023-04-16,HK,Fram,1,1,1453
2023,1,2023-04-16,Valur,Breiðablik,0,2,1454
2023,6,2023-04-19,Stjarnan,ÍBV,1,0,1455
2023,6,2023-04-19,Leiknir R.,Selfoss,1,0,1456
2023,6,2023-04-19,KR,Þróttur V.,3,0,1457
2023,6,2023-04-19,Fjölnir,Breiðablik,0,2,1458
2023,6,2023-04-19,Fram,Þróttur R.,2,3,1459
2023,6,2023-04-19,Valur,RB,4,1,1460
2023,6,2023-04-19,Keflavík,ÍA,1,0,1461
2023,6,2023-04-20,Njarðvík,KFA,4,1,1462
2023,6,2023-04-20,Ægir,FH,1,3,1463
2023,6,2023-04-20,Grindavík,Dalvík/Reynir,2,1,1464
2023,6,2023-04-20,Víkingur R.,Magni,6,2,1465
2023,6,2023-04-20,Kári,Þór,0,0,1466
2023,6,2023-04-20,Sindri,Fylkir,2,4,1467
2023,6,2023-04-20,Grótta,KH,4,3,1468
2023,6,2023-04-20,HK,KFG,5,0,1469
2023,1,2023-04-23,KA,Keflavík,0,0,1470
2023,1,2023-04-23,ÍBV,Breiðablik,2,1,1471
2023,1,2023-04-23,Fram,Valur,1,3,1472
2023,7,2023-04-23,KFA,ÍR,2,2,1473
2023,7,2023-04-23,Ýmir,Haukar,1,6,1474
2023,1,2023-04-24,Víkingur R.,KR,3,0,1475
2023,1,2023-04-24,Fylkir,FH,4,2,1476
2023,1,2023-04-24,Stjarnan,HK,5,4,1477
2023,1,2023-04-28,Breiðablik,Fram,5,4,1478
2023,7,2023-04-28,Haukar,ÍR,3,1,1479
2023,1,2023-04-29,FH,KR,3,0,1480
2023,1,2023-04-29,HK,Fylkir,1,0,1481
2023,1,2023-04-29,Víkingur R.,KA,1,0,1482
2023,1,2023-04-29,Keflavík,ÍBV,1,3,1483
2023,1,2023-04-29,Valur,Stjarnan,3,2,1484
2023,1,2023-05-03,KA,FH,4,2,1485
2023,1,2023-05-03,Fram,ÍBV,3,1,1486
2023,1,2023-05-03,KR,HK,0,1,1487
2023,1,2023-05-03,Fylkir,Valur,1,6,1488
2023,1,2023-05-04,Víkingur R.,Keflavík,4,1,1489
2023,1,2023-05-04,Stjarnan,Breiðablik,0,2,1490
2023,4,2023-05-04,Víðir,Hvíti riddarinn,3,1,1491
2023,2,2023-05-05,ÍA,Grindavík,0,2,1492
2023,2,2023-05-05,Selfoss,Afturelding,1,3,1493
2023,2,2023-05-05,Þróttur R.,Leiknir R.,1,3,1494
2023,2,2023-05-05,Grótta,Njarðvík,1,1,1495
2023,2,2023-05-05,Ægir,Fjölnir,0,1,1496
2023,3,2023-05-05,Völsungur,Höttur/Huginn,1,0,1497
2023,3,2023-05-05,Haukar,Þróttur V.,4,1,1498
2023,2,2023-05-06,Þór,Vestri,2,1,1499
2023,3,2023-05-06,KFG,KV,5,2,1500
2023,3,2023-05-06,KFA,KF,6,1,1501
2023,3,2023-05-06,Víkingur Ó.,Dalvík/Reynir,3,1,1502
2023,3,2023-05-06,Sindri,ÍR,1,1,1503
2023,4,2023-05-06,Kári,Augnablik,1,2,1504
2023,4,2023-05-06,Árbær,Ýmir,3,1,1505
2023,4,2023-05-06,ÍH,Kormákur/Hvöt,1,2,1506
2023,4,2023-05-06,Reynir S.,Magni,2,1,1507
2023,4,2023-05-06,KFS,Elliði,0,3,1508
2023,1,2023-05-07,HK,KA,1,2,1509
2023,1,2023-05-07,Valur,KR,5,0,1510
2023,1,2023-05-08,ÍBV,Víkingur R.,0,1,1511
2023,1,2023-05-08,Fram,Stjarnan,2,1,1512
2023,1,2023-05-08,FH,Keflavík,2,1,1513
2023,1,2023-05-08,Fylkir,Breiðablik,1,2,1514
2023,2,2023-05-11,Fjölnir,Þróttur R.,3,3,1515
2023,2,2023-05-11,Njarðvík,Ægir,2,2,1516
2023,3,2023-05-11,KV,Haukar,1,1,1517
2023,5,2023-05-11,KH,Álftanes,6,1,1518
2023,5,2023-05-11,KFK,Vængir Júpiters,3,4,1519
2023,5,2023-05-11,Árborg,KÁ,3,1,1520
2023,2,2023-05-12,Grindavík,Grótta,0,0,1521
2023,2,2023-05-12,Leiknir R.,Selfoss,2,3,1522
2023,2,2023-05-12,Afturelding,Þór,1,0,1523
2023,4,2023-05-12,Magni,Árbær,3,0,1524
2023,4,2023-05-12,Elliði,Hvíti riddarinn,2,4,1525
2023,4,2023-05-12,Augnablik,Reynir S.,2,1,1526
2023,5,2023-05-12,Hamar,Skallagrímur,3,2,1527
2023,1,2023-05-13,Stjarnan,ÍBV,4,0,1528
2023,1,2023-05-13,KA,Valur,0,4,1529
2023,1,2023-05-13,KR,Breiðablik,0,1,1530
2023,2,2023-05-13,Vestri,ÍA,2,2,1531
2023,3,2023-05-13,Höttur/Huginn,Víkingur Ó.,0,0,1532
2023,3,2023-05-13,Þróttur V.,KFA,1,1,1533
2023,3,2023-05-13,ÍR,Völsungur,3,0,1534
2023,3,2023-05-13,Dalvík/Reynir,KFG,1,0,1535
2023,3,2023-05-13,KF,Sindri,2,3,1536
2023,4,2023-05-13,Ýmir,KFS,1,2,1537
2023,4,2023-05-13,Víðir,Kormákur/Hvöt,3,0,1538
2023,4,2023-05-13,ÍH,Kári,1,1,1539
2023,5,2023-05-13,Tindastóll,Uppsveitir,2,1,1540
2023,1,2023-05-14,Keflavík,HK,0,2,1541
2023,1,2023-05-14,Víkingur R.,FH,2,0,1542
2023,1,2023-05-14,Fylkir,Fram,3,1,1543
2023,6,2023-05-16,Þór,Leiknir R.,3,1,1544
2023,6,2023-05-17,FH,Njarðvík,2,1,1545
2023,4,2023-05-18,Hvíti riddarinn,KFS,1,0,1546
2023,6,2023-05-18,Stjarnan,Keflavík,4,0,1547
2023,6,2023-05-18,Valur,Grindavík,1,3,1548
2023,6,2023-05-18,Þróttur R.,Breiðablik,0,3,1549
2023,6,2023-05-18,HK,KA,1,3,1550
2023,6,2023-05-18,Víkingur R.,Grótta,2,1,1551
2023,6,2023-05-18,Fylkir,KR,3,4,1552
2023,4,2023-05-19,Reynir S.,ÍH,4,2,1553
2023,4,2023-05-19,Árbær,Augnablik,1,1,1554
2023,5,2023-05-19,Vængir Júpiters,Tindastóll,3,1,1555
2023,5,2023-05-19,KÁ,Uppsveitir,4,2,1556
2023,5,2023-05-19,Skallagrímur,KFK,0,2,1557
2023,5,2023-05-19,Árborg,KH,2,0,1558
2023,5,2023-05-19,Álftanes,Hamar,1,2,1559
2023,2,2023-05-20,Þór,Leiknir R.,1,0,1560
2023,3,2023-05-20,Sindri,Þróttur V.,1,3,1561
2023,3,2023-05-20,Haukar,Dalvík/Reynir,1,1,1562
2023,3,2023-05-20,Víkingur Ó.,Völsungur,3,2,1563
2023,4,2023-05-20,Kári,Víðir,2,3,1564
2023,4,2023-05-20,Kormákur/Hvöt,Elliði,1,3,1565
2023,4,2023-05-20,Magni,Ýmir,3,2,1566
2023,1,2023-05-21,Breiðablik,KA,2,0,1567
2023,1,2023-05-21,Valur,Keflavík,0,0,1568
2023,1,2023-05-21,HK,Víkingur R.,1,2,1569
2023,2,2023-05-21,Selfoss,Fjölnir,1,2,1570
2023,2,2023-05-21,Grótta,Vestri,2,2,1571
2023,2,2023-05-21,Þróttur R.,Ægir,3,1,1572
2023,3,2023-05-21,KFA,KV,2,0,1573
2023,3,2023-05-21,KFG,Höttur/Huginn,2,1,1574
2023,3,2023-05-21,KF,ÍR,1,4,1575
2023,1,2023-05-22,ÍBV,FH,2,3,1576
2023,1,2023-05-22,Stjarnan,Fylkir,2,2,1577
2023,1,2023-05-22,Fram,KR,1,2,1578
2023,2,2023-05-22,Grindavík,Njarðvík,1,0,1579
2023,2,2023-05-22,ÍA,Afturelding,1,1,1580
2023,1,2023-05-25,KA,Víkingur R.,0,4,1581
2023,1,2023-05-25,Breiðablik,Valur,1,0,1582
2023,4,2023-05-25,Elliði,Kári,1,3,1583
2023,4,2023-05-25,Ýmir,Hvíti riddarinn,1,1,1584
2023,4,2023-05-25,Víðir,Reynir S.,1,0,1585
2023,4,2023-05-25,ÍH,Árbær,2,2,1586
2023,5,2023-05-25,KFK,Álftanes,1,0,1587
2023,5,2023-05-25,Hamar,Árborg,1,1,1588
2023,5,2023-05-25,Vængir Júpiters,Uppsveitir,6,1,1589
2023,2,2023-05-26,Grótta,Afturelding,2,3,1590
2023,2,2023-05-26,Fjölnir,Þór,6,0,1591
2023,2,2023-05-26,Njarðvík,Þróttur R.,3,1,1592
2023,2,2023-05-26,Ægir,Selfoss,1,3,1593
2023,2,2023-05-26,Leiknir R.,ÍA,2,3,1594
2023,3,2023-05-26,ÍR,Víkingur Ó.,7,0,1595
2023,3,2023-05-26,Dalvík/Reynir,KFA,2,2,1596
2023,5,2023-05-26,Tindastóll,Skallagrímur,2,2,1597
2023,5,2023-05-26,KH,KÁ,5,5,1598
2023,2,2023-05-27,Vestri,Grindavík,0,2,1599
2023,3,2023-05-27,KV,Sindri,2,1,1600
2023,3,2023-05-27,Þróttur V.,KF,1,0,1601
2023,3,2023-05-27,Völsungur,KFG,1,3,1602
2023,4,2023-05-27,Augnablik,Magni,4,1,1603
2023,4,2023-05-27,KFS,Kormákur/Hvöt,1,2,1604
2023,1,2023-05-28,Fylkir,ÍBV,2,1,1605
2023,1,2023-05-28,KR,Stjarnan,1,0,1606
2023,1,2023-05-28,FH,HK,4,3,1607
2023,3,2023-05-28,Höttur/Huginn,Haukar,4,2,1608
2023,1,2023-05-29,KA,Fram,4,2,1609
2023,1,2023-05-29,Víkingur R.,Valur,2,3,1610
2023,1,2023-05-29,Keflavík,Breiðablik,0,0,1611
2023,1,2023-06-01,ÍBV,HK,3,0,1612
2023,1,2023-06-01,Fylkir,KR,3,3,1613
2023,2,2023-06-01,Selfoss,Þróttur R.,2,1,1614
2023,2,2023-06-01,Grindavík,Afturelding,0,3,1615
2023,2,2023-06-01,ÍA,Fjölnir,1,2,1616
2023,4,2023-06-01,Augnablik,Ýmir,2,3,1617
2023,5,2023-06-01,KH,Hamar,6,0,1618
2023,5,2023-06-01,Skallagrímur,Uppsveitir,2,0,1619
2023,1,2023-06-02,Stjarnan,KA,4,0,1620
2023,1,2023-06-02,Fram,Keflavík,4,1,1621
2023,1,2023-06-02,Breiðablik,Víkingur R.,2,2,1622
2023,1,2023-06-02,Valur,FH,1,1,1623
2023,2,2023-06-02,Þór,Ægir,3,1,1624
2023,2,2023-06-02,Grótta,Leiknir R.,5,1,1625
2023,3,2023-06-02,KFA,Höttur/Huginn,1,1,1626
2023,3,2023-06-02,Þróttur V.,ÍR,3,0,1627
2023,4,2023-06-02,Reynir S.,Elliði,4,1,1628
2023,4,2023-06-02,Árbær,Víðir,3,2,1629
2023,5,2023-06-02,Álftanes,Tindastóll,1,1,1630
2023,5,2023-06-02,Árborg,KFK,3,2,1631
2023,2,2023-06-03,Vestri,Njarðvík,2,0,1632
2023,3,2023-06-03,Sindri,Dalvík/Reynir,0,0,1633
2023,3,2023-06-03,KFG,Víkingur Ó.,1,4,1634
2023,3,2023-06-03,KF,KV,0,1,1635
2023,3,2023-06-03,Haukar,Völsungur,2,0,1636
2023,4,2023-06-03,Kormákur/Hvöt,Hvíti riddarinn,2,0,1637
2023,4,2023-06-03,KFS,Kári,1,0,1638
2023,4,2023-06-03,Magni,ÍH,2,2,1639
2023,5,2023-06-03,KÁ,Vængir Júpiters,4,2,1640
2023,6,2023-06-05,Þór,Víkingur R.,1,2,1641
2023,6,2023-06-05,Breiðablik,FH,3,1,1642
2023,6,2023-06-06,KA,Grindavík,2,1,1643
2023,6,2023-06-06,KR,Stjarnan,2,1,1644
2023,3,2023-06-07,Víkingur Ó.,Haukar,2,0,1645
2023,3,2023-06-07,Völsungur,KFA,1,1,1646
2023,3,2023-06-07,KV,Þróttur V.,0,2,1647
2023,3,2023-06-07,ÍR,KFG,1,2,1648
2023,3,2023-06-07,Höttur/Huginn,Sindri,1,0,1649
2023,3,2023-06-07,Dalvík/Reynir,KF,1,2,1650
2023,4,2023-06-07,Víðir,Magni,1,1,1651
2023,4,2023-06-07,ÍH,Augnablik,2,2,1652
2023,4,2023-06-07,KFS,Reynir S.,0,1,1653
2023,4,2023-06-07,Elliði,Árbær,2,3,1654
2023,4,2023-06-07,Ýmir,Kormákur/Hvöt,0,1,1655
2023,4,2023-06-07,Kári,Hvíti riddarinn,2,1,1656
2023,2,2023-06-08,Njarðvík,Selfoss,1,1,1657
2023,2,2023-06-08,Fjölnir,Grótta,2,2,1658
2023,5,2023-06-08,Hamar,KÁ,1,5,1659
2023,5,2023-06-08,Vængir Júpiters,Skallagrímur,3,2,1660
2023,5,2023-06-08,KFK,KH,5,1,1661
2023,2,2023-06-09,Ægir,ÍA,0,1,1662
2023,1,2023-06-10,KA,Fylkir,2,1,1663
2023,1,2023-06-10,KR,ÍBV,1,1,1664
2023,1,2023-06-10,FH,Breiðablik,2,2,1665
2023,2,2023-06-10,Þróttur R.,Þór,3,0,1666
2023,2,2023-06-10,Afturelding,Vestri,3,1,1667
2023,2,2023-06-10,Leiknir R.,Grindavík,2,2,1668
2023,5,2023-06-10,Uppsveitir,Álftanes,0,2,1669
2023,5,2023-06-10,Tindastóll,Árborg,2,3,1670
2023,1,2023-06-11,HK,Valur,0,5,1671
2023,1,2023-06-11,Víkingur R.,Fram,3,1,1672
2023,1,2023-06-11,Keflavík,Stjarnan,1,1,1673
2023,3,2023-06-11,KV,ÍR,0,2,1674
2023,3,2023-06-11,Haukar,KFG,1,3,1675
2023,3,2023-06-11,KFA,Víkingur Ó.,3,1,1676
2023,3,2023-06-11,KF,Höttur/Huginn,3,1,1677
2023,3,2023-06-11,Þróttur V.,Dalvík/Reynir,2,2,1678
2023,3,2023-06-11,Sindri,Völsungur,0,1,1679
2023,4,2023-06-11,ÍH,Ýmir,4,4,1680
2023,4,2023-06-11,Magni,Elliði,1,2,1681
2023,4,2023-06-11,Kári,Kormákur/Hvöt,1,1,1682
2023,4,2023-06-11,Árbær,KFS,2,1,1683
2023,4,2023-06-11,Reynir S.,Hvíti riddarinn,4,1,1684
2023,4,2023-06-12,Augnablik,Víðir,1,0,1685
2023,2,2023-06-15,Grindavík,Fjölnir,0,1,1686
2023,2,2023-06-15,Grótta,Ægir,2,1,1687
2023,4,2023-06-15,Kormákur/Hvöt,Reynir S.,0,0,1688
2023,4,2023-06-15,Hvíti riddarinn,Árbær,1,2,1689
2023,5,2023-06-15,Hamar,KFK,2,2,1690
2023,5,2023-06-15,KÁ,Skallagrímur,2,1,1691
2023,2,2023-06-16,Þór,Selfoss,2,1,1692
2023,2,2023-06-16,Afturelding,Njarðvík,7,2,1693
2023,2,2023-06-16,ÍA,Þróttur R.,6,3,1694
2023,3,2023-06-16,Dalvík/Reynir,KV,5,1,1695
2023,3,2023-06-16,ÍR,Haukar,1,2,1696
2023,3,2023-06-16,KFG,KFA,0,0,1697
2023,4,2023-06-16,Elliði,Augnablik,2,2,1698
2023,4,2023-06-16,Ýmir,Kári,1,1,1699
2023,4,2023-06-16,Víðir,ÍH,2,1,1700
2023,5,2023-06-16,Álftanes,Vængir Júpiters,1,3,1701
2023,5,2023-06-16,Árborg,Uppsveitir,4,1,1702
2023,5,2023-06-16,KH,Tindastóll,0,2,1703
2023,3,2023-06-17,Víkingur Ó.,Sindri,7,1,1704
2023,3,2023-06-17,Höttur/Huginn,Þróttur V.,3,1,1705
2023,4,2023-06-18,KFS,Magni,2,2,1706
2023,2,2023-06-22,Þróttur R.,Grótta,2,1,1707
2023,2,2023-06-22,Ægir,Grindavík,1,3,1708
2023,1,2023-06-23,HK,Breiðablik,5,2,1709
2023,1,2023-06-23,FH,Fram,4,0,1710
2023,1,2023-06-23,Keflavík,Fylkir,1,1,1711
2023,2,2023-06-23,Leiknir R.,Afturelding,2,2,1712
2023,2,2023-06-23,Selfoss,ÍA,3,4,1713
2023,1,2023-06-24,ÍBV,Valur,0,3,1714
2023,1,2023-06-24,KR,KA,2,0,1715
2023,1,2023-06-24,Víkingur R.,Stjarnan,2,0,1716
2023,2,2023-06-24,Njarðvík,Þór,2,2,1717
2023,2,2023-06-24,Fjölnir,Vestri,1,1,1718
2023,3,2023-06-24,Sindri,KFG,1,0,1719
2023,4,2023-06-24,Augnablik,KFS,0,1,1720
2023,4,2023-06-24,Árbær,Kormákur/Hvöt,1,3,1721
2023,3,2023-06-25,KV,Höttur/Huginn,3,4,1722
2023,3,2023-06-25,KFA,Haukar,3,2,1723
2023,3,2023-06-25,KF,Víkingur Ó.,1,2,1724
2023,3,2023-06-25,Dalvík/Reynir,ÍR,3,1,1725
2023,3,2023-06-25,Þróttur V.,Völsungur,3,2,1726
2023,4,2023-06-25,Víðir,Ýmir,4,1,1727
2023,4,2023-06-25,Magni,Hvíti riddarinn,2,2,1728
2023,4,2023-06-25,Reynir S.,Kári,4,1,1729
2023,4,2023-06-25,ÍH,Elliði,3,2,1730
2023,5,2023-06-25,KFK,KÁ,2,0,1731
2023,5,2023-06-25,Tindastóll,Hamar,5,1,1732
2023,5,2023-06-26,Skallagrímur,Álftanes,3,1,1733
2023,5,2023-06-26,Uppsveitir,KH,2,3,1734
2023,5,2023-06-26,Vængir Júpiters,Árborg,6,2,1735
2023,1,2023-06-28,ÍBV,KA,2,0,1736
2023,1,2023-06-28,KR,Keflavík,2,0,1737
2023,1,2023-06-28,Fram,HK,3,2,1738
2023,2,2023-06-28,Vestri,Leiknir R.,1,0,1739
2023,2,2023-06-28,Grótta,Selfoss,1,0,1740
2023,4,2023-06-28,Kári,Árbær,1,0,1741
2023,1,2023-06-29,Fylkir,Víkingur R.,1,3,1742
2023,1,2023-06-29,Stjarnan,FH,5,0,1743
2023,2,2023-06-29,ÍA,Þór,4,0,1744
2023,2,2023-06-29,Afturelding,Fjölnir,4,3,1745
2023,5,2023-06-29,Hamar,Uppsveitir,1,0,1746
2023,2,2023-06-30,Grindavík,Þróttur R.,1,2,1747
2023,3,2023-06-30,Víkingur Ó.,Þróttur V.,2,1,1748
2023,3,2023-06-30,Höttur/Huginn,Dalvík/Reynir,1,3,1749
2023,4,2023-06-30,Kormákur/Hvöt,Magni,2,1,1750
2023,4,2023-06-30,Reynir S.,Ýmir,5,1,1751
2023,4,2023-06-30,Elliði,Víðir,2,1,1752
2023,4,2023-06-30,Hvíti riddarinn,Augnablik,1,2,1753
2023,5,2023-06-30,KÁ,Álftanes,4,2,1754
2023,5,2023-06-30,Árborg,Skallagrímur,3,1,1755
2023,5,2023-06-30,KH,Vængir Júpiters,1,4,1756
2023,3,2023-07-01,Haukar,Sindri,1,1,1757
2023,3,2023-07-01,KFA,ÍR,2,1,1758
2023,3,2023-07-01,Völsungur,KV,3,0,1759
2023,3,2023-07-01,KFG,KF,2,0,1760
2023,5,2023-07-01,KFK,Tindastóll,1,0,1761
2023,2,2023-07-02,Vestri,Ægir,1,2,1762
2023,2,2023-07-02,Leiknir R.,Njarðvík,3,0,1763
2023,4,2023-07-02,KFS,ÍH,2,0,1764
2023,6,2023-07-04,KA,Breiðablik,2,2,1765
2023,4,2023-07-05,Árbær,Reynir S.,1,4,1766
2023,5,2023-07-05,Tindastóll,KÁ,3,1,1767
2023,2,2023-07-06,Fjölnir,Leiknir R.,4,1,1768
2023,3,2023-07-06,Þróttur V.,KFG,1,1,1769
2023,3,2023-07-06,Dalvík/Reynir,Völsungur,3,2,1770
2023,4,2023-07-06,ÍH,Hvíti riddarinn,3,2,1771
2023,5,2023-07-06,Vængir Júpiters,Hamar,2,2,1772
2023,5,2023-07-06,Álftanes,Árborg,1,1,1773
2023,5,2023-07-06,Skallagrímur,KH,2,3,1774
2023,5,2023-07-06,Uppsveitir,KFK,1,3,1775
2023,1,2023-07-07,Breiðablik,Fylkir,5,1,1776
2023,2,2023-07-07,Ægir,Afturelding,1,4,1777
2023,2,2023-07-07,ÍA,Njarðvík,2,1,1778
2023,3,2023-07-07,KV,Víkingur Ó.,0,0,1779
2023,4,2023-07-07,Víðir,KFS,2,1,1780
2023,4,2023-07-07,Ýmir,Elliði,2,1,1781
2023,1,2023-07-08,ÍBV,Fram,1,0,1782
2023,1,2023-07-08,Keflavík,Víkingur R.,3,3,1783
2023,2,2023-07-08,Þróttur R.,Vestri,1,2,1784
2023,3,2023-07-08,Sindri,KFA,2,2,1785
2023,3,2023-07-08,ÍR,Höttur/Huginn,2,0,1786
2023,3,2023-07-08,KF,Haukar,2,1,1787
2023,4,2023-07-08,Augnablik,Kormákur/Hvöt,2,1,1788
2023,4,2023-07-08,Magni,Kári,3,3,1789
2023,1,2023-07-12,Valur,Fylkir,2,1,1790
2023,2,2023-07-12,Grindavík,Þór,1,1,1791
2023,2,2023-07-12,Leiknir R.,Ægir,3,2,1792
2023,2,2023-07-12,Njarðvík,Fjölnir,1,1,1793
2023,2,2023-07-12,Afturelding,Þróttur R.,1,0,1794
2023,5,2023-07-12,KÁ,Árborg,1,5,1795
2023,1,2023-07-13,HK,KR,1,1,1796
2023,3,2023-07-13,Haukar,KV,3,2,1797
2023,4,2023-07-13,Kári,ÍH,4,1,1798
2023,4,2023-07-13,Reynir S.,Augnablik,2,1,1799
2023,4,2023-07-13,Hvíti riddarinn,Elliði,1,2,1800
2023,5,2023-07-13,Vængir Júpiters,KFK,3,2,1801
2023,5,2023-07-13,Álftanes,KH,1,3,1802
2023,5,2023-07-13,Skallagrímur,Hamar,3,1,1803
2023,1,2023-07-14,Fram,Breiðablik,0,1,1804
2023,3,2023-07-15,Völsungur,ÍR,2,0,1805
2023,3,2023-07-15,KFA,Þróttur V.,1,1,1806
2023,3,2023-07-15,Víkingur Ó.,Höttur/Huginn,3,0,1807
2023,3,2023-07-15,KFG,Dalvík/Reynir,1,2,1808
2023,3,2023-07-15,Sindri,KF,3,1,1809
2023,4,2023-07-15,KFS,Ýmir,4,0,1810
2023,4,2023-07-15,Árbær,Magni,3,3,1811
2023,4,2023-07-15,Kormákur/Hvöt,Víðir,3,2,1812
2023,5,2023-07-15,Uppsveitir,Tindastóll,0,1,1813
2023,1,2023-07-16,ÍBV,Keflavík,1,1,1814
2023,2,2023-07-16,Ægir,Njarðvík,1,0,1815
2023,2,2023-07-16,Selfoss,Leiknir R.,2,4,1816
2023,2,2023-07-16,Grótta,Grindavík,2,0,1817
2023,2,2023-07-16,ÍA,Vestri,1,1,1818
2023,2,2023-07-16,Þór,Afturelding,1,3,1819
2023,2,2023-07-16,Þróttur R.,Fjölnir,2,2,1820
2023,1,2023-07-17,Stjarnan,Valur,2,0,1821
2023,1,2023-07-18,KR,FH,1,0,1822
2023,1,2023-07-18,Fylkir,HK,0,0,1823
2023,2,2023-07-20,Leiknir R.,Þróttur R.,3,2,1824
2023,1,2023-07-21,Breiðablik,ÍBV,3,1,1825
2023,2,2023-07-21,Fjölnir,Ægir,5,1,1826
2023,2,2023-07-21,Grindavík,ÍA,0,2,1827
2023,2,2023-07-21,Afturelding,Selfoss,9,0,1828
2023,2,2023-07-21,Njarðvík,Grótta,1,3,1829
2023,2,2023-07-22,Vestri,Þór,1,0,1830
2023,3,2023-07-22,ÍR,Sindri,5,1,1831
2023,3,2023-07-22,Völsungur,KF,2,3,1832
2023,5,2023-07-22,Hamar,Álftanes,7,0,1833
2023,5,2023-07-22,Uppsveitir,KÁ,4,3,1834
2023,5,2023-07-22,Tindastóll,Vængir Júpiters,3,1,1835
2023,1,2023-07-23,Valur,Fram,1,0,1836
2023,1,2023-07-23,HK,Stjarnan,1,1,1837
2023,1,2023-07-23,KR,Víkingur R.,1,2,1838
2023,3,2023-07-23,Dalvík/Reynir,Víkingur Ó.,3,0,1839
2023,4,2023-07-23,Elliði,KFS,2,2,1840
2023,4,2023-07-23,Ýmir,Árbær,1,2,1841
2023,4,2023-07-23,Hvíti riddarinn,Víðir,1,2,1842
2023,4,2023-07-23,Kormákur/Hvöt,ÍH,5,0,1843
2023,4,2023-07-23,Magni,Reynir S.,1,3,1844
2023,4,2023-07-23,Augnablik,Kári,1,2,1845
2023,5,2023-07-23,KFK,Skallagrímur,5,2,1846
2023,1,2023-07-24,Keflavík,KA,3,4,1847
2023,1,2023-07-24,FH,Fylkir,2,4,1848
2023,3,2023-07-24,KV,KFG,1,3,1849
2023,3,2023-07-24,Þróttur V.,Haukar,2,1,1850
2023,5,2023-07-24,KH,Árborg,1,2,1851
2023,2,2023-07-25,Þór,Grótta,3,1,1852
2023,2,2023-07-25,Selfoss,Grindavík,2,0,1853
2023,3,2023-07-25,Höttur/Huginn,Völsungur,2,1,1854
2023,3,2023-07-25,KF,KFA,1,3,1855
2023,1,2023-07-26,Stjarnan,Fram,4,0,1856
2023,4,2023-07-26,Hvíti riddarinn,Ýmir,2,1,1857
2023,2,2023-07-27,Ægir,Þróttur R.,2,2,1858
2023,4,2023-07-27,Kári,Elliði,2,3,1859
2023,5,2023-07-27,Álftanes,KFK,0,1,1860
2023,5,2023-07-27,Árborg,Hamar,2,3,1861
2023,5,2023-07-27,KÁ,KH,0,3,1862
2023,5,2023-07-27,Uppsveitir,Vængir Júpiters,0,3,1863
2023,2,2023-07-28,Afturelding,ÍA,2,5,1864
2023,4,2023-07-28,Reynir S.,Víðir,1,1,1865
2023,4,2023-07-28,Árbær,ÍH,7,1,1866
2023,5,2023-07-28,Skallagrímur,Tindastóll,2,0,1867
2023,1,2023-07-29,Breiðablik,Stjarnan,1,1,1868
2023,2,2023-07-29,Vestri,Grótta,3,0,1869
2023,2,2023-07-29,Njarðvík,Grindavík,4,1,1870
2023,2,2023-07-29,Leiknir R.,Þór,1,0,1871
2023,2,2023-07-29,Fjölnir,Selfoss,2,4,1872
2023,3,2023-07-29,Höttur/Huginn,KFG,4,1,1873
2023,3,2023-07-29,KV,KFA,0,4,1874
2023,3,2023-07-29,Þróttur V.,Sindri,4,0,1875
2023,3,2023-07-29,ÍR,KF,3,1,1876
2023,3,2023-07-29,Dalvík/Reynir,Haukar,1,1,1877
2023,3,2023-07-29,Völsungur,Víkingur Ó.,1,0,1878
2023,4,2023-07-29,Kormákur/Hvöt,KFS,3,1,1879
2023,4,2023-07-29,Magni,Augnablik,1,0,1880
2023,1,2023-07-30,KA,HK,1,1,1881
2023,1,2023-07-30,Víkingur R.,ÍBV,6,0,1882
2023,1,2023-07-31,Keflavík,FH,2,3,1883
2023,1,2023-07-31,KR,Valur,0,4,1884
2023,4,2023-08-01,ÍH,Reynir S.,1,2,1885
2023,5,2023-08-01,Uppsveitir,Skallagrímur,2,4,1886
2023,5,2023-08-01,Vængir Júpiters,KÁ,1,1,1887
2023,5,2023-08-01,KFK,Árborg,1,1,1888
2023,2,2023-08-02,Grindavík,Vestri,1,1,1889
2023,2,2023-08-02,Þór,Fjölnir,0,1,1890
2023,2,2023-08-02,Afturelding,Grótta,1,1,1891
2023,2,2023-08-02,Selfoss,Ægir,3,1,1892
2023,2,2023-08-02,Þróttur R.,Njarðvík,3,5,1893
2023,2,2023-08-02,ÍA,Leiknir R.,1,5,1894
2023,3,2023-08-02,Sindri,KV,3,1,1895
2023,3,2023-08-02,KF,Þróttur V.,3,2,1896
2023,3,2023-08-02,KFG,Völsungur,3,1,1897
2023,3,2023-08-02,Víkingur Ó.,ÍR,0,1,1898
2023,3,2023-08-02,Haukar,Höttur/Huginn,3,1,1899
2023,4,2023-08-02,Augnablik,Árbær,1,0,1900
2023,4,2023-08-02,Víðir,Kári,0,1,1901
2023,4,2023-08-02,Ýmir,Magni,0,1,1902
2023,5,2023-08-02,Tindastóll,Álftanes,4,2,1903
2023,5,2023-08-02,Hamar,KH,2,0,1904
2023,3,2023-08-03,KFA,Dalvík/Reynir,1,0,1905
2023,4,2023-08-03,KFS,Hvíti riddarinn,0,2,1906
2023,4,2023-08-03,Elliði,Kormákur/Hvöt,1,2,1907
2023,1,2023-08-05,ÍBV,Stjarnan,0,2,1908
2023,1,2023-08-06,Breiðablik,KR,3,4,1909
2023,1,2023-08-07,Valur,KA,4,2,1910
2023,1,2023-08-08,Fram,Fylkir,1,1,1911
2023,1,2023-08-08,FH,Víkingur R.,1,3,1912
2023,2,2023-08-08,Vestri,Selfoss,2,1,1913
2023,2,2023-08-08,Grótta,ÍA,1,3,1914
2023,1,2023-08-09,HK,Keflavík,3,1,1915
2023,2,2023-08-10,Afturelding,Grindavík,1,2,1916
2023,3,2023-08-10,Dalvík/Reynir,Sindri,2,1,1917
2023,4,2023-08-10,Elliði,Reynir S.,2,1,1918
2023,5,2023-08-10,Álftanes,Uppsveitir,4,0,1919
2023,5,2023-08-10,Skallagrímur,Vængir Júpiters,1,2,1920
2023,5,2023-08-10,Árborg,Tindastóll,2,2,1921
2023,2,2023-08-11,Ægir,Þór,2,3,1922
2023,2,2023-08-11,Leiknir R.,Grótta,2,1,1923
2023,2,2023-08-11,Fjölnir,ÍA,0,1,1924
2023,3,2023-08-11,ÍR,Þróttur V.,1,3,1925
2023,4,2023-08-11,Víðir,Árbær,2,4,1926
2023,4,2023-08-11,Ýmir,Augnablik,1,1,1927
2023,5,2023-08-11,KÁ,Hamar,4,3,1928
2023,2,2023-08-12,Njarðvík,Vestri,2,0,1929
2023,2,2023-08-12,Þróttur R.,Selfoss,4,3,1930
2023,3,2023-08-12,Höttur/Huginn,KFA,2,1,1931
2023,3,2023-08-12,Víkingur Ó.,KFG,2,2,1932
2023,3,2023-08-12,Völsungur,Haukar,0,2,1933
2023,3,2023-08-12,KV,KF,0,4,1934
2023,4,2023-08-12,Kári,KFS,1,1,1935
2023,4,2023-08-12,Hvíti riddarinn,Kormákur/Hvöt,1,0,1936
2023,4,2023-08-12,ÍH,Magni,0,3,1937
2023,5,2023-08-12,KH,KFK,3,3,1938
2023,1,2023-08-13,KA,Breiðablik,1,1,1939
2023,1,2023-08-13,Keflavík,Valur,1,1,1940
2023,1,2023-08-13,FH,ÍBV,2,1,1941
2023,1,2023-08-13,KR,Fram,3,2,1942
2023,1,2023-08-13,Víkingur R.,HK,6,1,1943
2023,1,2023-08-14,Fylkir,Stjarnan,0,4,1944
2023,4,2023-08-15,Hvíti riddarinn,Kári,2,1,1945
2023,2,2023-08-16,Vestri,Afturelding,2,2,1946
2023,2,2023-08-16,Þór,Þróttur R.,2,1,1947
2023,2,2023-08-16,Selfoss,Njarðvík,2,3,1948
2023,2,2023-08-16,ÍA,Ægir,4,0,1949
2023,2,2023-08-16,Grindavík,Leiknir R.,1,0,1950
2023,2,2023-08-16,Grótta,Fjölnir,3,3,1951
2023,3,2023-08-16,Haukar,Víkingur Ó.,0,3,1952
2023,3,2023-08-16,Sindri,Höttur/Huginn,0,2,1953
2023,3,2023-08-16,KFA,Völsungur,1,2,1954
2023,3,2023-08-16,Þróttur V.,KV,0,0,1955
2023,3,2023-08-16,KF,Dalvík/Reynir,0,2,1956
2023,4,2023-08-16,Magni,Víðir,0,1,1957
2023,4,2023-08-16,Kormákur/Hvöt,Ýmir,7,0,1958
2023,4,2023-08-16,Reynir S.,KFS,6,1,1959
2023,4,2023-08-16,Augnablik,ÍH,1,2,1960
2023,4,2023-08-16,Árbær,Elliði,3,2,1961
2023,6,2023-08-16,Víkingur R.,KR,4,1,1962
2023,3,2023-08-17,KFG,ÍR,3,5,1963
2023,5,2023-08-17,KFK,Hamar,3,0,1964
2023,5,2023-08-17,Uppsveitir,Árborg,0,6,1965
2023,5,2023-08-17,Vængir Júpiters,Álftanes,2,0,1966
2023,5,2023-08-18,Tindastóll,KH,4,0,1967
2023,5,2023-08-19,Skallagrímur,KÁ,0,3,1968
2023,1,2023-08-20,ÍBV,Fylkir,0,1,1969
2023,1,2023-08-20,Fram,KA,2,1,1970
2023,1,2023-08-20,Breiðablik,Keflavík,2,1,1971
2023,1,2023-08-20,HK,FH,2,2,1972
2023,1,2023-08-20,Valur,Víkingur R.,0,4,1973
2023,2,2023-08-20,Leiknir R.,Vestri,1,2,1974
2023,2,2023-08-20,Njarðvík,Afturelding,1,2,1975
2023,2,2023-08-20,Selfoss,Þór,2,2,1976
2023,2,2023-08-20,Þróttur R.,ÍA,1,1,1977
2023,3,2023-08-20,Víkingur Ó.,KFA,0,0,1978
2023,3,2023-08-20,KFG,Haukar,1,3,1979
2023,3,2023-08-20,ÍR,KV,5,1,1980
2023,3,2023-08-20,Völsungur,Sindri,5,1,1981
2023,3,2023-08-20,Dalvík/Reynir,Þróttur V.,3,1,1982
2023,3,2023-08-20,Höttur/Huginn,KF,2,2,1983
2023,4,2023-08-20,Ýmir,ÍH,4,3,1984
2023,4,2023-08-20,KFS,Árbær,0,5,1985
2023,4,2023-08-20,Víðir,Augnablik,2,0,1986
2023,4,2023-08-20,Kormákur/Hvöt,Kári,4,2,1987
2023,4,2023-08-20,Hvíti riddarinn,Reynir S.,0,4,1988
2023,4,2023-08-20,Elliði,Magni,1,4,1989
2023,1,2023-08-21,Stjarnan,KR,3,1,1990
2023,2,2023-08-21,Fjölnir,Grindavík,5,1,1991
2023,2,2023-08-21,Ægir,Grótta,2,2,1992
2023,4,2023-08-24,Reynir S.,Kormákur/Hvöt,3,2,1993
2023,5,2023-08-24,Álftanes,Skallagrímur,3,4,1994
2023,5,2023-08-24,Árborg,Vængir Júpiters,1,1,1995
2023,5,2023-08-24,KÁ,KFK,0,5,1996
2023,2,2023-08-25,Þór,Njarðvík,0,3,1997
2023,2,2023-08-25,ÍA,Selfoss,1,0,1998
2023,2,2023-08-25,Grindavík,Ægir,7,2,1999
2023,2,2023-08-25,Grótta,Þróttur R.,2,2,2000
2023,3,2023-08-25,KF,Völsungur,3,2,2001
2023,3,2023-08-25,Haukar,ÍR,1,3,2002
2023,4,2023-08-25,ÍH,Víðir,2,3,2003
2023,4,2023-08-25,Augnablik,Elliði,4,1,2004
2023,4,2023-08-25,Árbær,Hvíti riddarinn,4,0,2005
2023,5,2023-08-25,KH,Uppsveitir,3,0,2006
2023,5,2023-08-25,Hamar,Tindastóll,2,4,2007
2023,1,2023-08-26,KA,Stjarnan,2,1,2008
2023,1,2023-08-26,FH,Valur,3,2,2009
2023,2,2023-08-26,Vestri,Fjölnir,3,1,2010
2023,2,2023-08-26,Afturelding,Leiknir R.,0,2,2011
2023,3,2023-08-26,KFA,KFG,2,1,2012
2023,3,2023-08-26,Sindri,Víkingur Ó.,3,3,2013
2023,3,2023-08-26,Þróttur V.,Höttur/Huginn,0,2,2014
2023,3,2023-08-26,KV,Dalvík/Reynir,1,4,2015
2023,4,2023-08-26,Kári,Ýmir,2,1,2016
2023,1,2023-08-27,KR,Fylkir,2,0,2017
2023,1,2023-08-27,Keflavík,Fram,0,0,2018
2023,1,2023-08-27,Víkingur R.,Breiðablik,5,3,2019
2023,1,2023-08-28,HK,ÍBV,2,2,2020
2023,1,2023-08-30,FH,KA,0,3,2021
2023,2,2023-08-31,Fjölnir,Afturelding,4,2,2022
2023,2,2023-08-31,Þróttur R.,Grindavík,5,0,2023
2023,4,2023-08-31,Ýmir,Víðir,4,1,2024
2023,4,2023-08-31,Elliði,ÍH,3,3,2025
2023,5,2023-08-31,Skallagrímur,Árborg,0,1,2026
2023,5,2023-08-31,Uppsveitir,Hamar,1,9,2027
2023,5,2023-08-31,Vængir Júpiters,KH,6,3,2028
2023,5,2023-08-31,Álftanes,KÁ,0,2,2029
2023,2,2023-09-01,Selfoss,Grótta,1,0,2030
2023,4,2023-09-01,Kári,Reynir S.,4,3,2031
2023,2,2023-09-02,Þór,ÍA,2,3,2032
2023,2,2023-09-02,Ægir,Vestri,0,5,2033
2023,2,2023-09-02,Njarðvík,Leiknir R.,2,4,2034
2023,3,2023-09-02,Höttur/Huginn,KV,1,0,2035
2023,3,2023-09-02,Haukar,KFA,0,2,2036
2023,3,2023-09-02,KFG,Sindri,3,0,2037
2023,3,2023-09-02,ÍR,Dalvík/Reynir,0,0,2038
2023,3,2023-09-02,Völsungur,Þróttur V.,1,2,2039
2023,4,2023-09-02,Kormákur/Hvöt,Árbær,3,2,2040
2023,4,2023-09-02,Hvíti riddarinn,Magni,3,1,2041
2023,5,2023-09-02,Tindastóll,KFK,3,6,2042
2023,1,2023-09-03,Fylkir,KA,1,1,2043
2023,1,2023-09-03,Stjarnan,Keflavík,3,0,2044
2023,1,2023-09-03,Fram,Víkingur R.,2,3,2045
2023,1,2023-09-03,Breiðablik,FH,0,2,2046
2023,1,2023-09-03,ÍBV,KR,2,2,2047
2023,1,2023-09-03,Valur,HK,4,1,2048
2023,3,2023-09-03,Víkingur Ó.,KF,3,2,2049
2023,4,2023-09-06,Magni,KFS,6,2,2050
2023,5,2023-09-07,Hamar,Vængir Júpiters,3,5,2051
2023,5,2023-09-07,KFK,Uppsveitir,16,0,2052
2023,5,2023-09-07,Árborg,Álftanes,5,0,2053
2023,5,2023-09-07,KÁ,Tindastóll,4,2,2054
2023,5,2023-09-07,KH,Skallagrímur,8,1,2055
2023,3,2023-09-08,Dalvík/Reynir,Höttur/Huginn,4,2,2056
2023,4,2023-09-08,Augnablik,Hvíti riddarinn,4,2,2057
2023,4,2023-09-08,Ýmir,Reynir S.,3,5,2058
2023,2,2023-09-09,Grindavík,Selfoss,2,1,2059
2023,2,2023-09-09,Vestri,Þróttur R.,2,1,2060
2023,2,2023-09-09,Njarðvík,ÍA,2,4,2061
2023,2,2023-09-09,Leiknir R.,Fjölnir,1,2,2062
2023,2,2023-09-09,Afturelding,Ægir,5,0,2063
2023,2,2023-09-09,Grótta,Þór,1,0,2064
2023,3,2023-09-09,KV,Völsungur,1,3,2065
2023,3,2023-09-09,ÍR,KFA,4,2,2066
2023,3,2023-09-09,Þróttur V.,Víkingur Ó.,4,0,2067
2023,3,2023-09-09,Sindri,Haukar,1,2,2068
2023,3,2023-09-09,KF,KFG,3,2,2069
2023,4,2023-09-09,ÍH,KFS,5,0,2070
2023,4,2023-09-09,Magni,Kormákur/Hvöt,2,2,2071
2023,4,2023-09-09,Víðir,Elliði,1,0,2072
2023,4,2023-09-09,Árbær,Kári,2,1,2073
2023,4,2023-09-12,KFS,Augnablik,3,1,2074
2023,3,2023-09-15,Víkingur Ó.,KV,4,1,2075
2023,4,2023-09-15,Kári,Magni,2,0,2076
2023,2,2023-09-16,Ægir,Leiknir R.,0,5,2077
2023,2,2023-09-16,Þór,Grindavík,3,0,2078
2023,2,2023-09-16,Fjölnir,Njarðvík,4,0,2079
2023,2,2023-09-16,ÍA,Grótta,4,1,2080
2023,2,2023-09-16,Selfoss,Vestri,1,2,2081
2023,2,2023-09-16,Þróttur R.,Afturelding,2,1,2082
2023,3,2023-09-16,Haukar,KF,3,1,2083
2023,3,2023-09-16,Völsungur,Dalvík/Reynir,0,2,2084
2023,3,2023-09-16,KFA,Sindri,5,1,2085
2023,3,2023-09-16,KFG,Þróttur V.,2,4,2086
2023,3,2023-09-16,Höttur/Huginn,ÍR,0,5,2087
2023,4,2023-09-16,Kormákur/Hvöt,Augnablik,3,0,2088
2023,4,2023-09-16,Hvíti riddarinn,ÍH,1,5,2089
2023,4,2023-09-16,KFS,Víðir,0,3,2090
2023,4,2023-09-16,Elliði,Ýmir,6,2,2091
2023,4,2023-09-16,Reynir S.,Árbær,2,3,2092
2023,6,2023-09-16,Víkingur R.,KA,3,1,2093
2023,1,2023-09-17,Fylkir,ÍBV,2,2,2094
2023,1,2023-09-17,Breiðablik,FH,0,2,2095
2023,1,2023-09-17,Valur,Stjarnan,2,0,2096
2023,1,2023-09-18,HK,Fram,1,1,2097
2023,1,2023-09-20,KA,Keflavík,4,2,2098
2023,1,2023-09-20,Víkingur R.,KR,2,2,2099
2023,1,2023-09-23,ÍBV,Fram,2,2,2100
2023,1,2023-09-24,Keflavík,HK,2,1,2101
2023,1,2023-09-24,Fylkir,KA,2,4,2102
2023,1,2023-09-24,FH,Stjarnan,1,3,2103
2023,1,2023-09-24,KR,Valur,2,2,2104
2023,1,2023-09-25,Breiðablik,Víkingur R.,3,1,2105
2023,1,2023-09-28,KA,ÍBV,2,1,2106
2023,1,2023-09-28,Fram,Keflavík,3,1,2107
2023,1,2023-09-28,HK,Fylkir,2,2,2108
2023,1,2023-09-28,Valur,Breiðablik,4,2,2109
2023,1,2023-09-28,Víkingur R.,FH,2,1,2110
2023,1,2023-09-28,Stjarnan,KR,2,0,2111
2023,1,2023-10-01,Keflavík,Fylkir,1,3,2112
2023,1,2023-10-01,HK,ÍBV,0,1,2113
2023,1,2023-10-01,Fram,KA,1,0,2114
2023,1,2023-10-01,KR,Breiðablik,4,3,2115
2023,1,2023-10-01,Valur,FH,4,1,2116
2023,1,2023-10-02,Stjarnan,Víkingur R.,3,1,2117
2023,1,2023-10-07,Fylkir,Fram,5,1,2118
2023,1,2023-10-07,ÍBV,Keflavík,1,1,2119
2023,1,2023-10-07,KA,HK,1,0,2120
2023,1,2023-10-07,FH,KR,3,1,2121
2023,1,2023-10-07,Víkingur R.,Valur,5,1,2122
2023,1,2023-10-08,Breiðablik,Stjarnan,0,2,2123
2024,7,2024-01-13,KA,Afturelding,2,3,2124
2024,7,2024-02-04,Valur,Fylkir,4,0,2125
2024,7,2024-02-06,HK,KR,2,3,2126
2024,7,2024-02-08,KA,Dalvík/Reynir,3,1,2127
2024,7,2024-02-08,ÍA,Afturelding,5,2,2128
2024,7,2024-02-09,Grótta,Grindavík,1,2,2129
2024,7,2024-02-09,Fram,Fylkir,3,2,2130
2024,7,2024-02-10,Keflavík,Vestri,2,2,2131
2024,7,2024-02-10,Valur,ÍBV,7,1,2132
2024,7,2024-02-10,Fjölnir,HK,3,0,2133
2024,7,2024-02-10,Njarðvík,Þór,1,5,2134
2024,7,2024-02-11,ÍR,Þróttur R.,4,2,2135
2024,7,2024-02-11,Víkingur R.,Leiknir R.,3,3,2136
2024,7,2024-02-13,Breiðablik,FH,1,3,2137
2024,7,2024-02-14,Elliði,Árbær,2,3,2138
2024,7,2024-02-15,HK,Njarðvík,2,2,2139
2024,7,2024-02-15,Fjölnir,KR,1,6,2140
2024,7,2024-02-16,Keflavík,Grótta,3,1,2141
2024,7,2024-02-16,Fram,ÍR,1,2,2142
2024,7,2024-02-16,Þróttur R.,Valur,2,0,2143
2024,7,2024-02-16,Víkingur R.,Afturelding,4,1,2144
2024,7,2024-02-16,KA,ÍA,2,1,2145
2024,7,2024-02-16,Augnablik,ÍH,7,1,2146
2024,7,2024-02-16,KFG,Ægir,5,3,2147
2024,7,2024-02-16,Kári,KFK,5,1,2148
2024,7,2024-02-17,Breiðablik,Grindavík,4,0,2149
2024,7,2024-02-17,Vestri,FH,0,1,2150
2024,7,2024-02-17,Fylkir,ÍBV,4,0,2151
2024,7,2024-02-17,Dalvík/Reynir,Leiknir R.,0,5,2152
2024,7,2024-02-17,Selfoss,Víðir,2,2,2153
2024,7,2024-02-17,Haukar,Reynir S.,5,2,2154
2024,7,2024-02-17,Vængir Júpiters,Víkingur Ó.,1,2,2155
2024,7,2024-02-17,KV,Þróttur V.,1,5,2156
2024,7,2024-02-17,Hvíti riddarinn,Sindri,4,3,2157
2024,7,2024-02-17,Höttur/Huginn,KFA,1,3,2158
2024,7,2024-02-17,Völsungur,KF,0,3,2159
2024,7,2024-02-18,Þór,Stjarnan,5,1,2160
2024,7,2024-02-18,Magni,Kormákur/Hvöt,3,0,2161
2024,7,2024-02-20,FH,Grindavík,2,3,2162
2024,7,2024-02-21,KR,Njarðvík,3,1,2163
2024,7,2024-02-22,Fjölnir,Stjarnan,1,1,2164
2024,7,2024-02-23,Grótta,Breiðablik,0,5,2165
2024,7,2024-02-23,Afturelding,Leiknir R.,3,3,2166
2024,7,2024-02-23,Árbær,KV,3,0,2167
2024,7,2024-02-23,Vængir Júpiters,Elliði,6,4,2168
2024,7,2024-02-24,Grindavík,Vestri,1,0,2169
2024,7,2024-02-24,Valur,Fram,2,1,2170
2024,7,2024-02-24,Fylkir,ÍR,0,1,2171
2024,7,2024-02-24,Þróttur R.,ÍBV,2,1,2172
2024,7,2024-02-24,HK,Þór,0,2,2173
2024,7,2024-02-24,ÍA,Dalvík/Reynir,6,0,2174
2024,7,2024-02-24,Víkingur R.,KA,1,1,2175
2024,7,2024-02-24,ÍH,Haukar,1,2,2176
2024,7,2024-02-24,Selfoss,Augnablik,2,2,2177
2024,7,2024-02-24,Víkingur Ó.,Þróttur V.,1,1,2178
2024,7,2024-02-24,KFK,Sindri,4,3,2179
2024,7,2024-02-24,Hvíti riddarinn,Ægir,1,3,2180
2024,7,2024-02-24,Völsungur,Kormákur/Hvöt,2,2,2181
2024,7,2024-02-25,Víðir,Reynir S.,3,2,2182
2024,7,2024-02-25,Magni,KFA,1,2,2183
2024,7,2024-02-25,KF,Höttur/Huginn,3,3,2184
2024,7,2024-02-26,FH,Keflavík,1,4,2185
2024,7,2024-02-27,Kári,KFG,2,1,2186
2024,7,2024-02-28,ÍA,Víkingur R.,1,1,2187
2024,7,2024-02-28,ÍH,Selfoss,2,4,2188
2024,7,2024-02-29,Fylkir,Þróttur R.,3,0,2189
2024,7,2024-02-29,Njarðvík,Fjölnir,0,3,2190
2024,7,2024-02-29,Stjarnan,HK,0,3,2191
2024,7,2024-03-01,Keflavík,Grindavík,3,3,2192
2024,7,2024-03-01,ÍR,Valur,3,6,2193
2024,7,2024-03-01,Haukar,Víðir,4,2,2194
2024,7,2024-03-02,FH,Grótta,1,0,2195
2024,7,2024-03-02,Fram,ÍBV,2,2,2196
2024,7,2024-03-02,Þór,KR,4,0,2197
2024,7,2024-03-02,Dalvík/Reynir,Víkingur R.,0,5,2198
2024,7,2024-03-02,Víkingur Ó.,Elliði,2,2,2199
2024,7,2024-03-02,Kormákur/Hvöt,KF,2,2,2200
2024,7,2024-03-02,Höttur/Huginn,Magni,1,1,2201
2024,7,2024-03-02,KFA,Völsungur,6,2,2202
2024,7,2024-03-03,Breiðablik,Vestri,1,1,2203
2024,7,2024-03-03,Leiknir R.,ÍA,1,2,2204
2024,7,2024-03-03,Árbær,Þróttur V.,2,6,2205
2024,7,2024-03-03,KV,Vængir Júpiters,2,1,2206
2024,7,2024-03-05,Stjarnan,Njarðvík,1,1,2207
2024,7,2024-03-06,Kári,Hvíti riddarinn,4,1,2208
2024,7,2024-03-07,Breiðablik,Keflavík,4,0,2209
2024,7,2024-03-07,Haukar,Selfoss,3,2,2210
2024,7,2024-03-07,ÍH,Reynir S.,2,4,2211
2024,7,2024-03-08,KR,Stjarnan,1,1,2212
2024,7,2024-03-08,Augnablik,Víðir,3,3,2213
2024,7,2024-03-08,KFG,KFK,6,0,2214
2024,7,2024-03-09,Þróttur R.,Fram,1,1,2215
2024,7,2024-03-09,ÍR,ÍBV,2,5,2216
2024,7,2024-03-09,Afturelding,Dalvík/Reynir,7,0,2217
2024,7,2024-03-09,Leiknir R.,KA,0,3,2218
2024,7,2024-03-10,Þór,Fjölnir,1,1,2219
2024,7,2024-03-10,Ægir,Sindri,5,2,2220
2024,7,2024-03-14,Þór,Breiðablik,0,1,2221
2024,7,2024-03-14,Selfoss,Reynir S.,2,1,2222
2024,7,2024-03-14,Vængir Júpiters,Þróttur V.,2,3,2223
2024,7,2024-03-15,Augnablik,Haukar,2,2,2224
2024,7,2024-03-15,KFG,Hvíti riddarinn,7,0,2225
2024,7,2024-03-15,KFK,Ægir,0,2,2226
2024,7,2024-03-15,Höttur/Huginn,Völsungur,2,2,2227
2024,7,2024-03-16,Elliði,KV,1,0,2228
2024,7,2024-03-16,Víkingur Ó.,Árbær,4,2,2229
2024,7,2024-03-16,Kári,Sindri,5,0,2230
2024,7,2024-03-17,Kormákur/Hvöt,KFA,0,3,2231
2024,7,2024-03-17,KF,Magni,3,2,2232
2024,7,2024-03-20,Valur,ÍA,1,1,2233
2024,7,2024-03-22,Elliði,Þróttur V.,0,3,2234
2024,7,2024-03-22,KFK,Hvíti riddarinn,0,6,2235
2024,7,2024-03-22,KFG,Sindri,3,1,2236
2024,7,2024-03-23,Árbær,Vængir Júpiters,1,2,2237
2024,7,2024-03-23,KV,Víkingur Ó.,2,1,2238
2024,7,2024-03-23,Kári,Ægir,2,1,2239
2024,7,2024-03-24,Víðir,ÍH,1,1,2240
2024,7,2024-03-24,Reynir S.,Augnablik,1,4,2241
2024,7,2024-03-25,Grótta,Vestri,3,0,2242
2024,7,2024-03-25,Völsungur,Magni,2,1,2243
2024,7,2024-03-27,Breiðablik,ÍA,4,1,2244
2024,7,2024-03-28,KFA,KF,1,1,2245
2024,6,2024-04-04,Elliði,Víkingur Ó.,0,3,2246
2024,6,2024-04-05,KH,Reynir S.,5,1,2247
2024,6,2024-04-05,Hamar,Hvíti riddarinn,2,5,2248
2024,1,2024-04-06,Víkingur R.,Stjarnan,2,0,2249
2024,6,2024-04-06,KV,KFS,3,0,2250
2024,6,2024-04-06,Víðir,Sindri,2,1,2251
2024,6,2024-04-06,Þróttur V.,KÁ,1,3,2252
2024,6,2024-04-06,Skallagrímur,Ægir,1,3,2253
2024,1,2024-04-07,Fram,Vestri,2,0,2254
2024,1,2024-04-07,KA,HK,1,1,2255
2024,1,2024-04-07,Valur,ÍA,2,0,2256
2024,1,2024-04-07,Fylkir,KR,3,4,2257
2024,1,2024-04-08,Breiðablik,FH,2,0,2258
2024,6,2024-04-10,Víkingur Ó.,Keflavík,2,3,2259
2024,1,2024-04-12,Stjarnan,KR,1,3,2260
2024,6,2024-04-12,Selfoss,Kári,3,1,2261
2024,6,2024-04-12,Hvíti riddarinn,Grindavík,0,3,2262
2024,6,2024-04-12,Dalvík/Reynir,KF,2,0,2263
2024,6,2024-04-12,ÍH,Ýmir,3,3,2264
2024,1,2024-04-13,Breiðablik,Vestri,4,0,2265
2024,1,2024-04-13,KA,FH,2,3,2266
2024,6,2024-04-13,Tindastóll,Magni,1,1,2267
2024,6,2024-04-13,Árborg,Árbær,1,2,2268
2024,6,2024-04-13,Leiknir R.,Afturelding,1,4,2269
2024,6,2024-04-13,KÁ,RB,6,3,2270
2024,6,2024-04-13,ÍBV,KFG,5,1,2271
2024,6,2024-04-13,Grótta,Njarðvík,3,2,2272
2024,6,2024-04-13,Vængir Júpiters,Þróttur R.,1,7,2273
2024,6,2024-04-13,KH,Fjölnir,2,4,2274
2024,6,2024-04-13,KV,ÍR,1,7,2275
2024,6,2024-04-13,Höttur/Huginn,Völsungur,2,0,2276
2024,6,2024-04-13,Ægir,Haukar,2,3,2277
2024,1,2024-04-14,HK,ÍA,0,4,2278
2024,1,2024-04-14,Fylkir,Valur,0,0,2279
2024,6,2024-04-14,Augnablik,Kormákur/Hvöt,5,2,2280
2024,6,2024-04-14,Þór,KFA,5,1,2281
2024,6,2024-04-14,KFK,Víðir,0,3,2282
2024,1,2024-04-15,Fram,Víkingur R.,0,1,2283
2024,7,2024-04-18,Kári,Þróttur V.,1,2,2284
2024,1,2024-04-19,Stjarnan,Valur,1,0,2285
2024,1,2024-04-20,HK,FH,0,2,2286
2024,1,2024-04-20,KR,Fram,0,1,2287
2024,7,2024-04-20,KFA,Haukar,1,3,2288
2024,1,2024-04-21,KA,Vestri,0,1,2289
2024,1,2024-04-21,ÍA,Fylkir,5,1,2290
2024,1,2024-04-21,Víkingur R.,Breiðablik,4,1,2291
2024,6,2024-04-23,Fjölnir,Selfoss,4,2,2292
2024,6,2024-04-24,Þróttur R.,HK,1,2,2293
2024,6,2024-04-24,Valur,FH,3,0,2294
2024,6,2024-04-24,KÁ,KR,2,9,2295
2024,6,2024-04-24,Augnablik,Stjarnan,1,2,2296
2024,6,2024-04-25,Haukar,Vestri,2,4,2297
2024,6,2024-04-25,Árbær,Fram,0,3,2298
2024,6,2024-04-25,Höttur/Huginn,Fylkir,0,1,2299
2024,6,2024-04-25,ÍBV,Grindavík,1,2,2300
2024,6,2024-04-25,Grótta,Þór,0,3,2301
2024,6,2024-04-25,Afturelding,Dalvík/Reynir,4,1,2302
2024,6,2024-04-25,ÍA,Tindastóll,3,0,2303
2024,6,2024-04-25,KA,ÍR,2,1,2304
2024,6,2024-04-25,Víkingur R.,Víðir,4,1,2305
2024,6,2024-04-25,Keflavík,Breiðablik,2,1,2306
2024,1,2024-04-28,ÍA,FH,1,2,2307
2024,1,2024-04-28,Vestri,HK,1,0,2308
2024,1,2024-04-28,Víkingur R.,KA,4,2,2309
2024,1,2024-04-28,KR,Breiðablik,2,3,2310
2024,1,2024-04-29,Valur,Fram,1,1,2311
2024,1,2024-04-29,Fylkir,Stjarnan,0,1,2312
2024,7,2024-04-29,Haukar,Þróttur V.,2,3,2313
2024,2,2024-05-01,Grindavík,Fjölnir,2,3,2314
2024,2,2024-05-03,Þróttur R.,Þór,1,1,2315
2024,2,2024-05-03,Keflavík,ÍR,1,2,2316
2024,2,2024-05-03,Afturelding,Grótta,1,1,2317
2024,2,2024-05-03,Leiknir R.,Njarðvík,1,2,2318
2024,4,2024-05-03,Kári,Elliði,4,0,2319
2024,4,2024-05-03,Augnablik,Vængir Júpiters,3,1,2320
2024,1,2024-05-04,FH,Vestri,3,2,2321
2024,2,2024-05-04,Dalvík/Reynir,ÍBV,3,1,2322
2024,3,2024-05-04,Selfoss,Kormákur/Hvöt,1,0,2323
2024,3,2024-05-04,Haukar,Höttur/Huginn,4,0,2324
2024,3,2024-05-04,Reynir S.,Ægir,0,3,2325
2024,3,2024-05-04,KFA,Þróttur V.,2,0,2326
2024,3,2024-05-04,KFG,KF,2,0,2327
2024,3,2024-05-04,Víkingur Ó.,Völsungur,3,0,2328
2024,4,2024-05-04,Árbær,Víðir,2,2,2329
2024,4,2024-05-04,ÍH,KV,2,3,2330
2024,4,2024-05-04,Sindri,KFK,1,2,2331
2024,4,2024-05-04,Magni,Hvíti riddarinn,2,1,2332
2024,1,2024-05-05,KA,KR,1,1,2333
2024,1,2024-05-05,Stjarnan,ÍA,4,1,2334
2024,1,2024-05-05,Fram,Fylkir,2,1,2335
2024,1,2024-05-05,HK,Víkingur R.,3,1,2336
2024,1,2024-05-06,Breiðablik,Valur,2,3,2337
2024,5,2024-05-08,Árborg,KFS,5,4,2338
2024,2,2024-05-09,Þór,Afturelding,4,2,2339
2024,2,2024-05-09,Njarðvík,Dalvík/Reynir,3,0,2340
2024,5,2024-05-09,Ýmir,KH,5,3,2341
2024,5,2024-05-09,Kría,KÁ,2,1,2342
2024,5,2024-05-09,RB,Hamar,2,3,2343
2024,1,2024-05-10,Stjarnan,Fram,1,1,2344
2024,2,2024-05-10,Fjölnir,Leiknir R.,1,0,2345
2024,2,2024-05-10,ÍBV,Þróttur R.,4,2,2346
2024,2,2024-05-10,Grótta,Keflavík,1,0,2347
2024,2,2024-05-10,Grindavík,ÍR,1,1,2348
2024,4,2024-05-10,Víðir,Kári,0,2,2349
2024,4,2024-05-10,Elliði,ÍH,3,5,2350
2024,4,2024-05-10,Hvíti riddarinn,Augnablik,1,4,2351
2024,1,2024-05-11,ÍA,Vestri,3,0,2352
2024,1,2024-05-11,Valur,KA,3,1,2353
2024,3,2024-05-11,KFG,Haukar,0,1,2354
2024,3,2024-05-11,KFA,Víkingur Ó.,2,2,2355
2024,3,2024-05-11,Völsungur,Selfoss,0,1,2356
2024,3,2024-05-11,Þróttur V.,Höttur/Huginn,1,1,2357
2024,3,2024-05-11,Kormákur/Hvöt,Reynir S.,1,3,2358
2024,3,2024-05-11,Ægir,KF,3,1,2359
2024,4,2024-05-11,Vængir Júpiters,Árbær,3,6,2360
2024,4,2024-05-11,KFK,Magni,3,0,2361
2024,4,2024-05-11,KV,Sindri,3,4,2362
2024,1,2024-05-12,KR,HK,1,2,2363
2024,1,2024-05-12,Víkingur R.,FH,2,0,2364
2024,1,2024-05-12,Fylkir,Breiðablik,0,3,2365
2024,5,2024-05-12,KFS,Tindastóll,1,3,2366
2024,6,2024-05-14,Fjölnir,Þór,0,2,2367
2024,5,2024-05-15,KÁ,Skallagrímur,3,0,2368
2024,6,2024-05-15,KA,Vestri,3,1,2369
2024,4,2024-05-16,Augnablik,KFK,4,1,2370
2024,5,2024-05-16,KH,RB,10,1,2371
2024,5,2024-05-16,Hamar,Árborg,3,1,2372
2024,5,2024-05-16,Kría,Ýmir,3,4,2373
2024,6,2024-05-16,Keflavík,ÍA,3,1,2374
2024,6,2024-05-16,Grindavík,Víkingur R.,1,4,2375
2024,6,2024-05-16,Fylkir,HK,3,1,2376
2024,6,2024-05-16,Stjarnan,KR,5,3,2377
2024,3,2024-05-17,KF,Kormákur/Hvöt,0,3,2378
2024,3,2024-05-17,Haukar,Ægir,1,1,2379
2024,4,2024-05-17,Kári,Vængir Júpiters,5,5,2380
2024,4,2024-05-17,Víðir,Elliði,7,1,2381
2024,4,2024-05-17,Árbær,Hvíti riddarinn,1,2,2382
2024,6,2024-05-17,Fram,ÍH,3,0,2383
2024,6,2024-05-17,Afturelding,Valur,1,3,2384
2024,2,2024-05-18,Leiknir R.,ÍR,1,0,2385
2024,2,2024-05-18,Þróttur R.,Njarðvík,0,1,2386
2024,2,2024-05-18,Dalvík/Reynir,Fjölnir,0,0,2387
2024,3,2024-05-18,Selfoss,KFA,2,1,2388
2024,3,2024-05-18,Víkingur Ó.,Þróttur V.,2,0,2389
2024,3,2024-05-18,Höttur/Huginn,KFG,3,2,2390
2024,3,2024-05-18,Reynir S.,Völsungur,0,5,2391
2024,4,2024-05-19,Magni,KV,2,1,2392
2024,1,2024-05-20,Vestri,Víkingur R.,1,4,2393
2024,1,2024-05-20,KA,Fylkir,4,2,2394
2024,1,2024-05-20,FH,KR,1,2,2395
2024,2,2024-05-20,Grindavík,Grótta,2,2,2396
2024,2,2024-05-20,ÍBV,Þór,1,1,2397
2024,4,2024-05-20,Sindri,ÍH,4,1,2398
2024,5,2024-05-20,Ýmir,KÁ,1,0,2399
2024,5,2024-05-20,Hamar,Tindastóll,3,3,2400
2024,1,2024-05-21,Breiðablik,Stjarnan,2,1,2401
2024,1,2024-05-21,Fram,ÍA,1,1,2402
2024,1,2024-05-21,HK,Valur,1,2,2403
2024,2,2024-05-21,Keflavík,Afturelding,3,0,2404
2024,5,2024-05-21,Skallagrímur,KFS,2,1,2405
2024,5,2024-05-22,Árborg,KH,3,1,2406
2024,5,2024-05-22,RB,Kría,0,4,2407
2024,2,2024-05-23,Fjölnir,Þróttur R.,3,1,2408
2024,3,2024-05-23,Þróttur V.,KFG,1,0,2409
2024,3,2024-05-23,Völsungur,KF,4,1,2410
2024,4,2024-05-23,KFK,Árbær,1,3,2411
2024,4,2024-05-24,KV,Augnablik,0,3,2412
2024,4,2024-05-24,Kári,Hvíti riddarinn,1,2,2413
2024,4,2024-05-24,Vængir Júpiters,Víðir,1,2,2414
2024,1,2024-05-25,KR,Vestri,2,2,2415
2024,1,2024-05-25,ÍA,Víkingur R.,0,1,2416
2024,1,2024-05-25,Valur,FH,2,2,2417
2024,2,2024-05-25,Afturelding,Grindavík,1,1,2418
2024,2,2024-05-25,Grótta,Leiknir R.,4,3,2419
2024,2,2024-05-25,Þór,Keflavík,1,1,2420
2024,2,2024-05-25,ÍR,Dalvík/Reynir,1,1,2421
2024,3,2024-05-25,KFA,Reynir S.,7,3,2422
2024,3,2024-05-25,Ægir,Höttur/Huginn,2,2,2423
2024,3,2024-05-25,Kormákur/Hvöt,Haukar,1,1,2424
2024,4,2024-05-25,Elliði,Sindri,3,2,2425
2024,4,2024-05-25,ÍH,Magni,1,2,2426
2024,1,2024-05-26,Fram,Breiðablik,1,4,2427
2024,1,2024-05-26,Stjarnan,KA,5,0,2428
2024,2,2024-05-26,Njarðvík,ÍBV,0,0,2429
2024,5,2024-05-26,KÁ,KFS,5,2,2430
2024,1,2024-05-27,Fylkir,HK,3,1,2431
2024,3,2024-05-27,Víkingur Ó.,Selfoss,2,2,2432
2024,5,2024-05-27,KH,Tindastóll,3,2,2433
2024,5,2024-05-27,Hamar,Skallagrímur,5,1,2434
2024,5,2024-05-27,Kría,Árborg,3,3,2435
2024,5,2024-05-28,Ýmir,RB,7,2,2436
2024,1,2024-05-30,Valur,Stjarnan,5,1,2437
2024,1,2024-05-30,Breiðablik,Víkingur R.,1,1,2438
2024,4,2024-05-30,Kári,KFK,7,3,2439
2024,1,2024-05-31,FH,Fram,3,3,2440
2024,2,2024-05-31,Njarðvík,Þór,5,1,2441
2024,2,2024-05-31,Leiknir R.,Afturelding,0,1,2442
2024,2,2024-05-31,Þróttur R.,ÍR,5,0,2443
2024,2,2024-05-31,Grindavík,Keflavík,2,2,2444
2024,3,2024-05-31,Selfoss,Þróttur V.,6,1,2445
2024,3,2024-05-31,KF,KFA,4,0,2446
2024,3,2024-05-31,Reynir S.,Víkingur Ó.,1,1,2447
2024,3,2024-05-31,KFG,Ægir,1,2,2448
2024,4,2024-05-31,Magni,Sindri,3,1,2449
2024,4,2024-05-31,Augnablik,ÍH,3,5,2450
2024,4,2024-05-31,Vængir Júpiters,Elliði,0,2,2451
2024,5,2024-05-31,KFS,Hamar,2,3,2452
2024,5,2024-05-31,Skallagrímur,KH,1,2,2453
2024,5,2024-05-31,RB,KÁ,2,5,2454
2024,5,2024-05-31,Árborg,Ýmir,0,3,2455
2024,1,2024-06-01,KA,ÍA,2,3,2456
2024,2,2024-06-01,Dalvík/Reynir,Grótta,2,2,2457
2024,2,2024-06-01,ÍBV,Fjölnir,2,2,2458
2024,3,2024-06-01,Haukar,Völsungur,1,3,2459
2024,3,2024-06-01,Höttur/Huginn,Kormákur/Hvöt,3,1,2460
2024,4,2024-06-01,Árbær,KV,1,0,2461
2024,4,2024-06-01,Víðir,Hvíti riddarinn,6,1,2462
2024,5,2024-06-01,Kría,Tindastóll,1,2,2463
2024,1,2024-06-02,Vestri,Stjarnan,4,2,2464
2024,1,2024-06-02,Víkingur R.,Fylkir,5,2,2465
2024,1,2024-06-02,HK,Breiðablik,0,2,2466
2024,1,2024-06-03,KR,Valur,3,5,2467
2024,2,2024-06-05,Keflavík,Leiknir R.,5,0,2468
2024,2,2024-06-06,Fjölnir,Njarðvík,4,2,2469
2024,3,2024-06-06,Selfoss,Reynir S.,2,1,2470
2024,4,2024-06-06,KFK,Víðir,2,3,2471
2024,4,2024-06-06,KV,Kári,0,2,2472
2024,4,2024-06-06,ÍH,Árbær,2,3,2473
2024,5,2024-06-06,KÁ,Hamar,3,3,2474
2024,5,2024-06-06,RB,Árborg,2,2,2475
2024,2,2024-06-07,ÍR,ÍBV,2,2,2476
2024,2,2024-06-07,Grótta,Þróttur R.,1,1,2477
2024,3,2024-06-07,Ægir,Þróttur V.,2,3,2478
2024,3,2024-06-07,Völsungur,Höttur/Huginn,2,2,2479
2024,4,2024-06-07,Hvíti riddarinn,Vængir Júpiters,2,3,2480
2024,5,2024-06-07,KH,KFS,3,4,2481
2024,2,2024-06-08,Afturelding,Dalvík/Reynir,4,3,2482
2024,3,2024-06-08,KFA,Haukar,3,1,2483
2024,3,2024-06-08,Kormákur/Hvöt,KFG,1,0,2484
2024,3,2024-06-08,Víkingur Ó.,KF,2,0,2485
2024,4,2024-06-08,Sindri,Augnablik,0,3,2486
2024,4,2024-06-08,Elliði,Magni,1,1,2487
2024,5,2024-06-08,Kría,Skallagrímur,2,1,2488
2024,5,2024-06-08,Ýmir,Tindastóll,0,0,2489
2024,6,2024-06-09,Keflavík,Valur,2,2,2490
2024,6,2024-06-12,Þór,Stjarnan,0,1,2491
2024,2,2024-06-13,Grótta,ÍBV,0,3,2492
2024,2,2024-06-13,Þróttur R.,Afturelding,1,2,2493
2024,2,2024-06-13,Njarðvík,ÍR,3,0,2494
2024,3,2024-06-13,Haukar,Víkingur Ó.,0,3,2495
2024,3,2024-06-13,Höttur/Huginn,KFA,3,4,2496
2024,3,2024-06-13,Reynir S.,Þróttur V.,0,2,2497
2024,4,2024-06-13,Kári,ÍH,5,2,2498
2024,4,2024-06-13,Hvíti riddarinn,Elliði,1,3,2499
2024,4,2024-06-13,Vængir Júpiters,KFK,2,3,2500
2024,5,2024-06-13,Hamar,KH,2,1,2501
2024,5,2024-06-13,Skallagrímur,Ýmir,0,1,2502
2024,5,2024-06-13,Árborg,KÁ,3,2,2503
2024,6,2024-06-13,KA,Fram,3,0,2504
2024,6,2024-06-13,Víkingur R.,Fylkir,3,1,2505
2024,3,2024-06-14,Ægir,Kormákur/Hvöt,0,0,2506
2024,4,2024-06-14,Víðir,KV,8,0,2507
2024,2,2024-06-15,Leiknir R.,Grindavík,2,3,2508
2024,2,2024-06-15,Dalvík/Reynir,Keflavík,0,0,2509
2024,2,2024-06-15,Fjölnir,Þór,1,0,2510
2024,3,2024-06-15,KF,Selfoss,1,3,2511
2024,3,2024-06-15,KFG,Völsungur,1,2,2512
2024,4,2024-06-15,Augnablik,Magni,2,0,2513
2024,4,2024-06-15,Árbær,Sindri,1,5,2514
2024,5,2024-06-15,Tindastóll,RB,2,0,2515
2024,5,2024-06-17,KFS,Kría,6,1,2516
2024,1,2024-06-18,Fylkir,Vestri,3,2,2517
2024,1,2024-06-18,Fram,HK,1,2,2518
2024,1,2024-06-18,Stjarnan,FH,4,2,2519
2024,1,2024-06-18,ÍA,KR,2,1,2520
2024,1,2024-06-18,Valur,Víkingur R.,2,2,2521
2024,1,2024-06-19,Breiðablik,KA,2,1,2522
2024,2,2024-06-19,Grótta,Njarðvík,2,3,2523
2024,2,2024-06-20,Afturelding,ÍBV,0,3,2524
2024,2,2024-06-20,ÍR,Fjölnir,3,1,2525
2024,2,2024-06-20,Keflavík,Þróttur R.,1,1,2526
2024,1,2024-06-22,Vestri,Valur,1,5,2527
2024,1,2024-06-22,HK,Stjarnan,4,3,2528
2024,1,2024-06-22,Víkingur R.,KR,1,1,2529
2024,2,2024-06-22,Þór,Leiknir R.,1,2,2530
2024,2,2024-06-22,Grindavík,Dalvík/Reynir,3,1,2531
2024,4,2024-06-22,KV,Vængir Júpiters,2,5,2532
2024,4,2024-06-22,Magni,Árbær,1,1,2533
2024,1,2024-06-23,KA,Fram,3,2,2534
2024,1,2024-06-23,Breiðablik,ÍA,1,1,2535
2024,1,2024-06-23,FH,Fylkir,3,1,2536
2024,3,2024-06-23,KFA,KFG,1,2,2537
2024,3,2024-06-23,Völsungur,Ægir,1,2,2538
2024,3,2024-06-23,Víkingur Ó.,Höttur/Huginn,4,2,2539
2024,3,2024-06-23,Þróttur V.,Kormákur/Hvöt,0,1,2540
2024,3,2024-06-23,Reynir S.,KF,1,1,2541
2024,4,2024-06-23,KFK,Hvíti riddarinn,1,2,2542
2024,4,2024-06-23,ÍH,Víðir,3,3,2543
2024,4,2024-06-23,Sindri,Kári,1,2,2544
2024,4,2024-06-23,Elliði,Augnablik,1,0,2545
2024,5,2024-06-23,Árborg,Tindastóll,1,1,2546
2024,3,2024-06-24,Selfoss,Haukar,1,2,2547
2024,5,2024-06-24,Ýmir,KFS,5,2,2548
2024,5,2024-06-24,RB,Skallagrímur,1,10,2549
2024,5,2024-06-24,KÁ,KH,2,2,2550
2024,5,2024-06-24,Kría,Hamar,5,2,2551
2024,2,2024-06-26,Keflavík,Njarðvík,1,1,2552
2024,2,2024-06-26,Grindavík,ÍBV,3,1,2553
2024,2,2024-06-26,Grótta,ÍR,1,3,2554
2024,2,2024-06-26,Dalvík/Reynir,Þór,1,3,2555
2024,2,2024-06-26,Leiknir R.,Þróttur R.,3,1,2556
2024,2,2024-06-26,Afturelding,Fjölnir,0,1,2557
2024,1,2024-06-27,Vestri,Fram,1,3,2558
2024,1,2024-06-27,Stjarnan,Víkingur R.,0,4,2559
2024,1,2024-06-27,KR,Fylkir,2,2,2560
2024,4,2024-06-27,Víðir,Sindri,1,1,2561
2024,1,2024-06-28,HK,KA,1,2,2562
2024,1,2024-06-28,FH,Breiðablik,1,0,2563
2024,1,2024-06-28,ÍA,Valur,3,2,2564
2024,3,2024-06-28,Kormákur/Hvöt,Völsungur,1,3,2565
2024,3,2024-06-28,Haukar,Reynir S.,3,2,2566
2024,4,2024-06-28,KFK,Elliði,2,1,2567
2024,4,2024-06-28,Árbær,Augnablik,2,1,2568
2024,4,2024-06-28,Vængir Júpiters,ÍH,1,2,2569
2024,4,2024-06-28,Hvíti riddarinn,KV,0,3,2570
2024,5,2024-06-28,Hamar,Ýmir,5,2,2571
2024,5,2024-06-28,Skallagrímur,Árborg,0,2,2572
2024,3,2024-06-29,Höttur/Huginn,Selfoss,0,1,2573
2024,3,2024-06-29,KFG,Víkingur Ó.,4,4,2574
2024,3,2024-06-29,Ægir,KFA,0,1,2575
2024,3,2024-06-29,KF,Þróttur V.,0,5,2576
2024,4,2024-06-29,Kári,Magni,1,1,2577
2024,5,2024-06-29,Tindastóll,KÁ,1,1,2578
2024,5,2024-06-29,KH,Kría,4,2,2579
2024,5,2024-06-29,KFS,RB,1,2,2580
2024,1,2024-06-30,Víkingur R.,Fram,2,1,2581
2024,2,2024-06-30,Fjölnir,Grótta,5,2,2582
2024,2,2024-06-30,Dalvík/Reynir,Leiknir R.,0,1,2583
2024,2,2024-06-30,ÍR,Þór,1,1,2584
2024,2,2024-06-30,ÍBV,Keflavík,5,0,2585
2024,2,2024-06-30,Njarðvík,Afturelding,2,5,2586
2024,2,2024-06-30,Þróttur R.,Grindavík,1,0,2587
2024,4,2024-07-02,Árbær,Elliði,3,1,2588
2024,6,2024-07-02,KA,Valur,3,2,2589
2024,3,2024-07-03,Höttur/Huginn,KF,1,0,2590
2024,3,2024-07-03,Völsungur,KFA,0,2,2591
2024,3,2024-07-03,Ægir,Selfoss,1,2,2592
2024,3,2024-07-03,Kormákur/Hvöt,Víkingur Ó.,1,1,2593
2024,3,2024-07-03,KFG,Reynir S.,5,4,2594
2024,3,2024-07-03,Haukar,Þróttur V.,3,5,2595
2024,4,2024-07-03,Magni,Víðir,0,1,2596
2024,4,2024-07-03,Sindri,Vængir Júpiters,0,1,2597
2024,4,2024-07-03,ÍH,Hvíti riddarinn,2,2,2598
2024,4,2024-07-03,Augnablik,Kári,2,5,2599
2024,4,2024-07-03,KV,KFK,1,3,2600
2024,6,2024-07-03,Víkingur R.,Stjarnan,1,1,2601
2024,2,2024-07-04,Þór,Grótta,3,1,2602
2024,2,2024-07-04,Fjölnir,Keflavík,0,0,2603
2024,2,2024-07-04,ÍR,Afturelding,3,0,2604
2024,2,2024-07-04,Njarðvík,Grindavík,0,1,2605
2024,5,2024-07-04,Skallagrímur,Tindastóll,1,3,2606
2024,5,2024-07-05,KFS,Árborg,2,2,2607
2024,5,2024-07-05,KH,Ýmir,2,1,2608
2024,5,2024-07-05,Hamar,RB,0,1,2609
2024,5,2024-07-05,KÁ,Kría,2,2,2610
2024,1,2024-07-06,KR,Stjarnan,1,1,2611
2024,1,2024-07-06,Vestri,Breiðablik,2,2,2612
2024,1,2024-07-06,ÍA,HK,8,0,2613
2024,1,2024-07-06,Valur,Fylkir,4,0,2614
2024,2,2024-07-06,ÍBV,Leiknir R.,1,0,2615
2024,2,2024-07-06,Þróttur R.,Dalvík/Reynir,4,1,2616
2024,3,2024-07-07,KFA,Kormákur/Hvöt,3,0,2617
2024,3,2024-07-07,Reynir S.,Höttur/Huginn,0,3,2618
2024,3,2024-07-07,Þróttur V.,Völsungur,5,0,2619
2024,3,2024-07-07,Víkingur Ó.,Ægir,3,1,2620
2024,3,2024-07-07,KF,Haukar,2,0,2621
2024,4,2024-07-07,Hvíti riddarinn,Sindri,1,1,2622
2024,4,2024-07-07,Vængir Júpiters,Magni,3,1,2623
2024,1,2024-07-08,FH,KA,1,1,2624
2024,2,2024-07-08,Þór,Grindavík,2,2,2625
2024,3,2024-07-08,Selfoss,KFG,2,2,2626
2024,4,2024-07-08,Víðir,Augnablik,3,0,2627
2024,4,2024-07-08,KFK,ÍH,3,8,2628
2024,4,2024-07-08,Elliði,KV,3,2,2629
2024,5,2024-07-08,Tindastóll,Skallagrímur,2,0,2630
2024,4,2024-07-09,Kári,Árbær,3,0,2631
2024,5,2024-07-10,RB,KH,1,4,2632
2024,1,2024-07-11,Fram,KR,1,0,2633
2024,2,2024-07-11,Þróttur R.,ÍBV,2,1,2634
2024,2,2024-07-11,Leiknir R.,Fjölnir,0,1,2635
2024,2,2024-07-11,Keflavík,Grótta,2,1,2636
2024,3,2024-07-11,Ægir,Reynir S.,1,2,2637
2024,5,2024-07-11,Skallagrímur,KÁ,2,2,2638
2024,5,2024-07-11,Ýmir,Kría,7,0,2639
2024,5,2024-07-11,Árborg,Hamar,3,1,2640
2024,2,2024-07-12,ÍR,Grindavík,3,0,2641
2024,4,2024-07-12,Augnablik,Hvíti riddarinn,2,1,2642
2024,4,2024-07-12,ÍH,Elliði,6,3,2643
2024,5,2024-07-12,Tindastóll,KFS,4,1,2644
2024,2,2024-07-13,Dalvík/Reynir,Njarðvík,0,0,2645
2024,2,2024-07-13,Afturelding,Þór,0,3,2646
2024,3,2024-07-13,Höttur/Huginn,Haukar,1,3,2647
2024,3,2024-07-13,Þróttur V.,KFA,2,3,2648
2024,3,2024-07-13,Kormákur/Hvöt,Selfoss,0,2,2649
2024,3,2024-07-13,KF,KFG,1,1,2650
2024,3,2024-07-13,Völsungur,Víkingur Ó.,1,0,2651
2024,4,2024-07-13,Kári,Víðir,1,1,2652
2024,4,2024-07-13,Árbær,Vængir Júpiters,1,0,2653
2024,4,2024-07-13,Magni,KFK,1,1,2654
2024,4,2024-07-13,Sindri,KV,1,4,2655
2024,1,2024-07-14,Vestri,KA,0,2,2656
2024,1,2024-07-15,Fylkir,ÍA,3,0,2657
2024,1,2024-07-15,FH,HK,3,1,2658
2024,2,2024-07-18,Fjölnir,Grindavík,5,1,2659
2024,2,2024-07-18,Njarðvík,Leiknir R.,3,2,2660
2024,2,2024-07-18,ÍR,Keflavík,0,1,2661
2024,2,2024-07-18,Grótta,Afturelding,1,4,2662
2024,3,2024-07-19,Reynir S.,Kormákur/Hvöt,0,1,2663
2024,4,2024-07-19,KV,ÍH,2,1,2664
2024,1,2024-07-20,HK,Vestri,1,1,2665
2024,1,2024-07-20,KA,Víkingur R.,1,0,2666
2024,2,2024-07-20,ÍBV,Dalvík/Reynir,1,0,2667
2024,2,2024-07-20,Þór,Þróttur R.,0,1,2668
2024,1,2024-07-21,Breiðablik,KR,4,2,2669
2024,1,2024-07-21,Stjarnan,Fylkir,2,0,2670
2024,3,2024-07-21,Víkingur Ó.,KFA,2,0,2671
2024,3,2024-07-21,Haukar,KFG,0,4,2672
2024,3,2024-07-21,KF,Ægir,2,0,2673
2024,3,2024-07-21,Höttur/Huginn,Þróttur V.,4,1,2674
2024,3,2024-07-21,Selfoss,Völsungur,3,4,2675
2024,4,2024-07-21,Elliði,Kári,0,3,2676
2024,4,2024-07-21,Víðir,Árbær,1,2,2677
2024,4,2024-07-21,Vængir Júpiters,Augnablik,1,3,2678
2024,4,2024-07-21,KFK,Sindri,3,0,2679
2024,4,2024-07-21,Hvíti riddarinn,Magni,1,2,2680
2024,5,2024-07-21,Tindastóll,Hamar,4,0,2681
2024,5,2024-07-21,KFS,Skallagrímur,4,0,2682
2024,1,2024-07-22,FH,ÍA,1,1,2683
2024,5,2024-07-23,KÁ,Ýmir,3,3,2684
2024,5,2024-07-23,KH,Árborg,0,2,2685
2024,5,2024-07-23,Kría,RB,5,4,2686
2024,2,2024-07-25,Njarðvík,Þróttur R.,1,1,2687
2024,2,2024-07-25,Afturelding,Keflavík,1,3,2688
2024,2,2024-07-25,Grótta,Grindavík,3,1,2689
2024,2,2024-07-25,ÍR,Leiknir R.,1,0,2690
2024,3,2024-07-25,KFG,Höttur/Huginn,2,5,2691
2024,2,2024-07-26,Fjölnir,Dalvík/Reynir,1,1,2692
2024,3,2024-07-26,Þróttur V.,Víkingur Ó.,3,2,2693
2024,4,2024-07-26,KFK,Augnablik,0,2,2694
2024,4,2024-07-26,Vængir Júpiters,Kári,0,4,2695
2024,4,2024-07-26,Elliði,Víðir,1,2,2696
2024,4,2024-07-26,Hvíti riddarinn,Árbær,2,3,2697
2024,2,2024-07-27,Þór,ÍBV,0,3,2698
2024,3,2024-07-27,KFA,Selfoss,0,1,2699
2024,3,2024-07-27,Ægir,Haukar,2,4,2700
2024,3,2024-07-27,Völsungur,Reynir S.,4,0,2701
2024,3,2024-07-27,Kormákur/Hvöt,KF,3,1,2702
2024,4,2024-07-27,ÍH,Sindri,1,3,2703
2024,4,2024-07-27,KV,Magni,2,3,2704
2024,5,2024-07-27,Tindastóll,KH,4,1,2705
2024,1,2024-07-28,Vestri,FH,0,2,2706
2024,1,2024-07-28,ÍA,Stjarnan,1,3,2707
2024,1,2024-07-28,Fram,Valur,4,1,2708
2024,1,2024-07-28,Víkingur R.,HK,5,1,2709
2024,1,2024-07-29,KR,KA,2,2,2710
2024,5,2024-07-29,RB,Ýmir,1,2,2711
2024,5,2024-07-29,Skallagrímur,Hamar,0,3,2712
2024,5,2024-07-29,Árborg,Kría,9,1,2713
2024,2,2024-07-30,Leiknir R.,Grótta,3,1,2714
2024,2,2024-07-30,Grindavík,Afturelding,0,3,2715
2024,4,2024-07-30,Víðir,Vængir Júpiters,1,1,2716
2024,4,2024-07-30,Hvíti riddarinn,Kári,0,2,2717
2024,1,2024-07-31,Fylkir,Fram,0,0,2718
2024,2,2024-07-31,Dalvík/Reynir,ÍR,1,1,2719
2024,2,2024-07-31,Keflavík,Þór,3,2,2720
2024,2,2024-07-31,Þróttur R.,Fjölnir,0,0,2721
2024,3,2024-07-31,Höttur/Huginn,Ægir,2,0,2722
2024,3,2024-07-31,KFG,Þróttur V.,3,3,2723
2024,3,2024-07-31,Haukar,Kormákur/Hvöt,5,1,2724
2024,3,2024-07-31,KF,Völsungur,1,1,2725
2024,4,2024-07-31,Sindri,Elliði,4,2,2726
2024,4,2024-07-31,Magni,ÍH,2,2,2727
2024,4,2024-07-31,Augnablik,KV,2,0,2728
2024,4,2024-07-31,Árbær,KFK,1,2,2729
2024,3,2024-08-01,Selfoss,Víkingur Ó.,2,1,2730
2024,3,2024-08-01,Reynir S.,KFA,3,1,2731
2024,5,2024-08-01,KFS,KÁ,4,0,2732
2024,2,2024-08-03,ÍBV,Njarðvík,2,1,2733
2024,1,2024-08-05,FH,Víkingur R.,2,3,2734
2024,1,2024-08-06,KA,Valur,1,0,2735
2024,1,2024-08-06,Fram,Stjarnan,2,1,2736
2024,1,2024-08-06,Breiðablik,Fylkir,3,0,2737
2024,1,2024-08-07,Vestri,ÍA,0,0,2738
2024,2,2024-08-08,Afturelding,Leiknir R.,1,1,2739
2024,2,2024-08-08,Keflavík,Grindavík,2,1,2740
2024,2,2024-08-09,Fjölnir,ÍBV,1,5,2741
2024,2,2024-08-09,ÍR,Þróttur R.,1,0,2742
2024,3,2024-08-09,Ægir,KFG,1,0,2743
2024,3,2024-08-09,Þróttur V.,Selfoss,4,1,2744
2024,5,2024-08-09,Tindastóll,Kría,5,0,2745
2024,2,2024-08-10,Grótta,Dalvík/Reynir,2,3,2746
2024,2,2024-08-10,Þór,Njarðvík,2,2,2747
2024,3,2024-08-10,Völsungur,Haukar,3,0,2748
2024,3,2024-08-10,Kormákur/Hvöt,Höttur/Huginn,1,2,2749
2024,3,2024-08-10,Víkingur Ó.,Reynir S.,2,1,2750
2024,3,2024-08-10,KFA,KF,3,0,2751
2024,4,2024-08-10,Hvíti riddarinn,Víðir,0,1,2752
2024,4,2024-08-10,KFK,Kári,0,3,2753
2024,4,2024-08-10,Sindri,Magni,2,3,2754
2024,4,2024-08-10,Elliði,Vængir Júpiters,1,0,2755
2024,4,2024-08-10,ÍH,Augnablik,2,3,2756
2024,4,2024-08-10,KV,Árbær,2,0,2757
2024,5,2024-08-10,Hamar,KFS,2,1,2758
2024,5,2024-08-10,KH,Skallagrímur,2,5,2759
2024,5,2024-08-10,KÁ,RB,3,3,2760
2024,1,2024-08-11,Víkingur R.,Vestri,1,1,2761
2024,1,2024-08-11,Fylkir,KA,1,1,2762
2024,1,2024-08-11,Valur,HK,5,1,2763
2024,1,2024-08-11,Stjarnan,Breiðablik,2,2,2764
2024,1,2024-08-12,ÍA,Fram,1,0,2765
2024,1,2024-08-12,KR,FH,1,0,2766
2024,2,2024-08-14,Dalvík/Reynir,Afturelding,1,3,2767
2024,2,2024-08-14,Grindavík,Þór,3,0,2768
2024,2,2024-08-14,ÍBV,ÍR,2,2,2769
2024,2,2024-08-14,Leiknir R.,Keflavík,0,0,2770
2024,2,2024-08-14,Njarðvík,Fjölnir,0,0,2771
2024,2,2024-08-14,Þróttur R.,Grótta,3,1,2772
2024,1,2024-08-15,Valur,Breiðablik,0,2,2773
2024,4,2024-08-15,Víðir,KFK,3,2,2774
2024,5,2024-08-15,Árborg,RB,4,0,2775
2024,5,2024-08-15,Hamar,KÁ,2,4,2776
2024,5,2024-08-15,Skallagrímur,Kría,3,1,2777
2024,3,2024-08-16,Reynir S.,Selfoss,1,4,2778
2024,3,2024-08-16,Þróttur V.,Ægir,3,0,2779
2024,3,2024-08-16,Höttur/Huginn,Völsungur,0,1,2780
2024,4,2024-08-16,Kári,KV,4,0,2781
2024,4,2024-08-16,Árbær,ÍH,4,2,2782
2024,4,2024-08-16,Vængir Júpiters,Hvíti riddarinn,1,5,2783
2024,5,2024-08-16,KFS,KH,6,1,2784
2024,1,2024-08-17,Vestri,KR,2,0,2785
2024,3,2024-08-17,KFG,Kormákur/Hvöt,1,1,2786
2024,3,2024-08-17,Haukar,KFA,3,1,2787
2024,3,2024-08-17,KF,Víkingur Ó.,4,1,2788
2024,4,2024-08-17,Magni,Elliði,1,1,2789
2024,4,2024-08-17,Augnablik,Sindri,2,2,2790
2024,5,2024-08-17,Tindastóll,Ýmir,3,1,2791
2024,1,2024-08-18,KA,Stjarnan,1,1,2792
2024,1,2024-08-18,HK,Fylkir,0,2,2793
2024,2,2024-08-18,ÍR,Njarðvík,1,1,2794
2024,2,2024-08-18,Keflavík,Dalvík/Reynir,3,1,2795
2024,2,2024-08-18,Grindavík,Leiknir R.,3,3,2796
2024,2,2024-08-18,Þór,Fjölnir,1,1,2797
2024,2,2024-08-18,ÍBV,Grótta,2,1,2798
2024,1,2024-08-19,FH,Valur,2,2,2799
2024,1,2024-08-19,Breiðablik,Fram,3,1,2800
2024,1,2024-08-19,Víkingur R.,ÍA,1,2,2801
2024,2,2024-08-19,Afturelding,Þróttur R.,1,0,2802
2024,5,2024-08-20,Ýmir,Skallagrímur,1,1,2803
2024,3,2024-08-21,KFA,Höttur/Huginn,8,2,2804
2024,3,2024-08-21,Selfoss,KF,3,2,2805
2024,3,2024-08-21,Kormákur/Hvöt,Ægir,0,1,2806
2024,3,2024-08-21,Völsungur,KFG,2,1,2807
2024,3,2024-08-21,Þróttur V.,Reynir S.,4,1,2808
2024,3,2024-08-21,Víkingur Ó.,Haukar,3,2,2809
2024,4,2024-08-21,Sindri,Árbær,0,3,2810
2024,4,2024-08-21,Magni,Augnablik,2,1,2811
2024,4,2024-08-21,KV,Víðir,1,0,2812
2024,4,2024-08-21,KFK,Vængir Júpiters,1,4,2813
2024,4,2024-08-21,Elliði,Hvíti riddarinn,3,4,2814
2024,4,2024-08-21,ÍH,Kári,3,3,2815
2024,1,2024-08-22,HK,KR,3,2,2816
2024,2,2024-08-22,Njarðvík,Grótta,1,0,2817
2024,2,2024-08-22,Fjölnir,ÍR,1,2,2818
2024,5,2024-08-22,Kría,KFS,3,1,2819
2024,5,2024-08-22,KÁ,Árborg,1,2,2820
2024,5,2024-08-22,KH,Hamar,4,5,2821
2024,2,2024-08-24,ÍBV,Afturelding,2,3,2822
2024,2,2024-08-24,Þróttur R.,Keflavík,3,2,2823
2024,2,2024-08-24,Leiknir R.,Þór,5,1,2824
2024,2,2024-08-24,Dalvík/Reynir,Grindavík,1,7,2825
2024,3,2024-08-24,KFG,KFA,4,1,2826
2024,5,2024-08-24,RB,Tindastóll,0,5,2827
2024,1,2024-08-25,Valur,Vestri,3,1,2828
2024,1,2024-08-25,Fram,KA,1,2,2829
2024,1,2024-08-25,ÍA,Breiðablik,1,2,2830
2024,1,2024-08-25,Fylkir,FH,2,3,2831
2024,3,2024-08-25,Höttur/Huginn,Víkingur Ó.,1,3,2832
2024,3,2024-08-25,KF,Reynir S.,2,1,2833
2024,3,2024-08-25,Kormákur/Hvöt,Þróttur V.,0,5,2834
2024,3,2024-08-25,Ægir,Völsungur,0,0,2835
2024,4,2024-08-25,Kári,Sindri,0,1,2836
2024,4,2024-08-25,Augnablik,Elliði,3,0,2837
2024,4,2024-08-25,Vængir Júpiters,KV,2,2,2838
2024,4,2024-08-25,Víðir,ÍH,4,3,2839
2024,4,2024-08-25,Hvíti riddarinn,KFK,5,0,2840
2024,4,2024-08-25,Árbær,Magni,5,0,2841
2024,1,2024-08-26,Stjarnan,HK,2,0,2842
2024,3,2024-08-26,Haukar,Selfoss,1,2,2843
2024,5,2024-08-26,Ýmir,Árborg,1,1,2844
2024,2,2024-08-29,Grindavík,Þróttur R.,2,2,2845
2024,5,2024-08-29,Hamar,Kría,1,1,2846
2024,5,2024-08-29,KH,KÁ,2,4,2847
2024,2,2024-08-30,Keflavík,ÍBV,3,2,2848
2024,2,2024-08-30,Afturelding,Njarðvík,4,1,2849
2024,4,2024-08-30,Magni,Kári,0,4,2850
2024,4,2024-08-30,Augnablik,Árbær,1,1,2851
2024,4,2024-08-30,ÍH,Vængir Júpiters,4,1,2852
2024,4,2024-08-30,Elliði,KFK,2,1,2853
2024,2,2024-08-31,Grótta,Fjölnir,2,1,2854
2024,2,2024-08-31,Þór,ÍR,1,1,2855
2024,2,2024-08-31,Leiknir R.,Dalvík/Reynir,2,1,2856
2024,3,2024-08-31,Völsungur,Kormákur/Hvöt,4,0,2857
2024,3,2024-08-31,Selfoss,Höttur/Huginn,5,0,2858
2024,3,2024-08-31,Reynir S.,Haukar,0,0,2859
2024,3,2024-08-31,Þróttur V.,KF,5,0,2860
2024,4,2024-08-31,KV,Hvíti riddarinn,0,2,2861
2024,4,2024-08-31,Sindri,Víðir,0,2,2862
2024,5,2024-08-31,Tindastóll,Árborg,1,0,2863
2024,5,2024-08-31,KFS,Ýmir,1,3,2864
2024,5,2024-08-31,Skallagrímur,RB,5,2,2865
2024,1,2024-09-01,Vestri,Fylkir,0,0,2866
2024,1,2024-09-01,KA,Breiðablik,2,3,2867
2024,1,2024-09-01,FH,Stjarnan,0,3,2868
2024,1,2024-09-01,KR,ÍA,4,2,2869
2024,1,2024-09-01,Víkingur R.,Valur,3,2,2870
2024,1,2024-09-01,HK,Fram,1,0,2871
2024,3,2024-09-01,KFA,Ægir,3,3,2872
2024,3,2024-09-01,Víkingur Ó.,KFG,4,0,2873
2024,5,2024-09-05,Árborg,Skallagrímur,3,2,2874
2024,2,2024-09-07,Njarðvík,Keflavík,0,0,2875
2024,4,2024-09-07,Víðir,Magni,2,0,2876
2024,4,2024-09-07,Vængir Júpiters,Sindri,1,3,2877
2024,4,2024-09-07,Elliði,Árbær,0,1,2878
2024,4,2024-09-07,Hvíti riddarinn,ÍH,3,4,2879
2024,4,2024-09-07,KFK,KV,2,6,2880
2024,4,2024-09-07,Kári,Augnablik,1,1,2881
2024,5,2024-09-07,Kría,KH,2,5,2882
2024,5,2024-09-07,KÁ,Tindastóll,0,3,2883
2024,5,2024-09-07,RB,KFS,2,2,2884
2024,5,2024-09-07,Ýmir,Hamar,3,2,2885
2024,2,2024-09-08,ÍBV,Grindavík,6,0,2886
2024,2,2024-09-08,Fjölnir,Afturelding,2,0,2887
2024,2,2024-09-08,Þór,Dalvík/Reynir,2,0,2888
2024,2,2024-09-08,Þróttur R.,Leiknir R.,2,3,2889
2024,2,2024-09-08,ÍR,Grótta,2,1,2890
2024,3,2024-09-08,Ægir,Víkingur Ó.,2,2,2891
2024,3,2024-09-08,Haukar,KF,5,1,2892
2024,3,2024-09-08,Höttur/Huginn,Reynir S.,1,3,2893
2024,3,2024-09-08,Kormákur/Hvöt,KFA,1,3,2894
2024,3,2024-09-08,KFG,Selfoss,1,3,2895
2024,3,2024-09-08,Völsungur,Þróttur V.,2,2,2896
2024,1,2024-09-13,KR,Víkingur R.,0,3,2897
2024,4,2024-09-13,Sindri,Hvíti riddarinn,4,7,2898
2024,2,2024-09-14,Dalvík/Reynir,Þróttur R.,2,5,2899
2024,2,2024-09-14,Leiknir R.,ÍBV,1,1,2900
2024,2,2024-09-14,Afturelding,ÍR,3,0,2901
2024,2,2024-09-14,Keflavík,Fjölnir,4,0,2902
2024,2,2024-09-14,Grindavík,Njarðvík,2,2,2903
2024,2,2024-09-14,Grótta,Þór,1,2,2904
2024,3,2024-09-14,KF,Höttur/Huginn,2,3,2905
2024,3,2024-09-14,Víkingur Ó.,Kormákur/Hvöt,3,1,2906
2024,3,2024-09-14,Selfoss,Ægir,2,2,2907
2024,3,2024-09-14,Þróttur V.,Haukar,3,0,2908
2024,3,2024-09-14,Reynir S.,KFG,1,2,2909
2024,3,2024-09-14,KFA,Völsungur,3,8,2910
2024,4,2024-09-14,Magni,Vængir Júpiters,8,1,2911
2024,4,2024-09-14,ÍH,KFK,0,3,2912
2024,4,2024-09-14,Augnablik,Víðir,1,1,2913
2024,4,2024-09-14,Árbær,Kári,3,1,2914
2024,4,2024-09-14,KV,Elliði,2,0,2915
2024,1,2024-09-15,Fram,FH,3,3,2916
2024,1,2024-09-15,ÍA,KA,1,0,2917
2024,1,2024-09-15,Stjarnan,Vestri,1,0,2918
2024,1,2024-09-15,Breiðablik,HK,5,3,2919
2024,1,2024-09-16,Fylkir,Víkingur R.,0,6,2920
2024,1,2024-09-16,Valur,KR,4,1,2921
2024,6,2024-09-21,KA,Víkingur R.,2,0,2922
2024,1,2024-09-22,KR,Vestri,2,2,2923
2024,1,2024-09-22,Fram,Fylkir,2,0,2924
2024,1,2024-09-23,Breiðablik,ÍA,2,0,2925
2024,1,2024-09-23,Valur,Stjarnan,2,2,2926
2024,1,2024-09-25,KA,HK,3,3,2927
2024,1,2024-09-25,Víkingur R.,FH,3,0,2928
2024,1,2024-09-29,KR,Fram,7,1,2929
2024,1,2024-09-29,Vestri,HK,2,1,2930
2024,1,2024-09-29,Fylkir,KA,1,3,2931
2024,1,2024-09-29,FH,Breiðablik,0,1,2932
2024,1,2024-09-29,Valur,Víkingur R.,2,3,2933
2024,1,2024-09-30,Stjarnan,ÍA,3,0,2934
2024,1,2024-10-05,Fram,Vestri,2,4,2935
2024,1,2024-10-06,KA,KR,0,4,2936
2024,1,2024-10-06,HK,Fylkir,2,2,2937
2024,1,2024-10-06,ÍA,FH,4,1,2938
2024,1,2024-10-06,Víkingur R.,Stjarnan,2,2,2939
2024,1,2024-10-06,Breiðablik,Valur,2,2,2940
2024,1,2024-10-19,KA,Vestri,2,1,2941
2024,1,2024-10-19,ÍA,Víkingur R.,3,4,2942
2024,1,2024-10-19,FH,Valur,1,1,2943
2024,1,2024-10-19,Breiðablik,Stjarnan,2,1,2944
2024,1,2024-10-20,Fylkir,KR,0,1,2945
2024,1,2024-10-20,HK,Fram,2,1,2946
2024,1,2024-10-26,KR,HK,7,0,2947
2024,1,2024-10-26,Fram,KA,1,4,2948
2024,1,2024-10-26,Vestri,Fylkir,1,3,2949
2024,1,2024-10-26,Stjarnan,FH,3,2,2950
2024,1,2024-10-26,Valur,ÍA,6,1,2951
2024,1,2024-10-27,Víkingur R.,Breiðablik,0,3,2952
2025,7,2025-02-01,KA,Völsungur,1,1,2953
2025,7,2025-02-03,KR,Keflavík,2,0,2954
2025,7,2025-02-04,Breiðablik,Fram,1,3,2955
2025,7,2025-02-06,Víkingur R.,HK,2,0,2956
2025,7,2025-02-06,Selfoss,Leiknir R.,5,5,2957
2025,7,2025-02-07,FH,ÍR,0,1,2958
2025,7,2025-02-08,Valur,Fjölnir,4,0,2959
2025,7,2025-02-08,Þróttur R.,Grindavík,3,2,2960
2025,7,2025-02-08,ÍA,Vestri,2,2,2961
2025,7,2025-02-08,Breiðablik,Fylkir,1,1,2962
2025,7,2025-02-08,Fram,Völsungur,3,1,2963
2025,7,2025-02-08,Afturelding,Þór,4,0,2964
2025,7,2025-02-08,Stjarnan,ÍBV,3,2,2965
2025,7,2025-02-08,Dalvík/Reynir,Tindastóll,2,1,2966
2025,7,2025-02-09,Njarðvík,KA,0,1,2967
2025,7,2025-02-11,Selfoss,Stjarnan,0,6,2968
2025,7,2025-02-14,Þróttur R.,Fjölnir,3,1,2969
2025,7,2025-02-14,Fylkir,Fram,1,0,2970
2025,7,2025-02-14,FH,Afturelding,3,6,2971
2025,7,2025-02-14,Ýmir,Víkingur Ó.,6,0,2972
2025,7,2025-02-14,Augnablik,Ægir,1,4,2973
2025,7,2025-02-14,Haukar,ÍH,1,1,2974
2025,7,2025-02-14,Kári,Árbær,5,2,2975
2025,7,2025-02-15,ÍA,Valur,1,1,2976
2025,7,2025-02-15,Grindavík,Vestri,4,3,2977
2025,7,2025-02-15,KA,Breiðablik,0,5,2978
2025,7,2025-02-15,Þór,HK,4,1,2979
2025,7,2025-02-15,Keflavík,ÍBV,1,0,2980
2025,7,2025-02-15,KFG,Kormákur/Hvöt,4,1,2981
2025,7,2025-02-15,Hvíti riddarinn,Þróttur V.,2,2,2982
2025,7,2025-02-15,KV,Reynir S.,2,0,2983
2025,7,2025-02-15,Árborg,Víðir,0,3,2984
2025,7,2025-02-15,Magni,KFA,2,0,2985
2025,7,2025-02-16,KF,Höttur/Huginn,1,2,2986
2025,7,2025-02-19,Leiknir R.,KR,1,6,2987
2025,7,2025-02-20,Þróttur R.,Valur,1,3,2988
2025,7,2025-02-20,ÍA,Grindavík,3,0,2989
2025,7,2025-02-20,KFG,KV,4,3,2990
2025,7,2025-02-21,HK,FH,0,3,2991
2025,7,2025-02-21,ÍR,Afturelding,3,1,2992
2025,7,2025-02-21,Árborg,Augnablik,1,4,2993
2025,7,2025-02-21,Haukar,Grótta,1,1,2994
2025,7,2025-02-21,ÍH,Kári,0,7,2995
2025,7,2025-02-22,Fjölnir,Vestri,1,3,2996
2025,7,2025-02-22,Fram,Njarðvík,1,2,2997
2025,7,2025-02-22,Fylkir,KA,1,1,2998
2025,7,2025-02-22,Breiðablik,Völsungur,6,0,2999
2025,7,2025-02-22,Kormákur/Hvöt,Þróttur V.,0,3,3000
2025,7,2025-02-22,Reynir S.,Hvíti riddarinn,1,3,3001
2025,7,2025-02-22,Ægir,Ýmir,3,1,3002
2025,7,2025-02-22,Árbær,Sindri,8,2,3003
2025,7,2025-02-22,Höttur/Huginn,KFA,1,1,3004
2025,7,2025-02-22,Dalvík/Reynir,Magni,5,0,3005
2025,7,2025-02-23,KR,Selfoss,4,1,3006
2025,7,2025-02-23,Leiknir R.,ÍBV,2,3,3007
2025,7,2025-02-23,Víðir,Víkingur Ó.,1,0,3008
2025,7,2025-02-24,Valur,Grindavík,6,0,3009
2025,7,2025-02-25,Stjarnan,Keflavík,1,4,3010
2025,7,2025-02-26,Fjölnir,ÍA,3,4,3011
2025,7,2025-02-27,KA,Fram,2,5,3012
2025,7,2025-02-27,Njarðvík,Breiðablik,2,3,3013
2025,7,2025-02-28,Keflavík,Selfoss,3,0,3014
2025,7,2025-02-28,Augnablik,Víðir,1,1,3015
2025,7,2025-02-28,Ýmir,Árborg,0,4,3016
2025,7,2025-02-28,Víkingur Ó.,Ægir,1,3,3017
2025,7,2025-02-28,Tindastóll,KF,5,0,3018
2025,7,2025-03-01,Völsungur,Fylkir,0,6,3019
2025,7,2025-03-01,Þór,ÍR,1,0,3020
2025,7,2025-03-01,Leiknir R.,Stjarnan,1,1,3021
2025,7,2025-03-01,KV,Kormákur/Hvöt,8,1,3022
2025,7,2025-03-01,Grótta,Sindri,2,0,3023
2025,7,2025-03-01,Höttur/Huginn,Dalvík/Reynir,3,1,3024
2025,7,2025-03-02,Vestri,Valur,1,2,3025
2025,7,2025-03-02,Þróttur R.,ÍA,3,4,3026
2025,7,2025-03-02,Þróttur V.,Reynir S.,5,3,3027
2025,7,2025-03-02,Haukar,Árbær,8,1,3028
2025,7,2025-03-05,Fjölnir,Grindavík,2,3,3029
2025,7,2025-03-05,Fylkir,Njarðvík,3,0,3030
2025,7,2025-03-06,HK,ÍR,1,1,3031
2025,7,2025-03-06,KR,ÍBV,6,3,3032
2025,7,2025-03-07,Keflavík,Leiknir R.,5,4,3033
2025,7,2025-03-07,Hvíti riddarinn,KFG,1,2,3034
2025,7,2025-03-07,Víðir,Ægir,1,0,3035
2025,7,2025-03-07,Kári,Grótta,3,2,3036
2025,7,2025-03-08,Völsungur,Njarðvík,1,1,3037
2025,7,2025-03-08,Selfoss,ÍBV,1,1,3038
2025,7,2025-03-08,Haukar,Sindri,5,0,3039
2025,7,2025-03-08,Árbær,ÍH,5,0,3040
2025,7,2025-03-08,Tindastóll,Magni,0,1,3041
2025,7,2025-03-08,KFA,KF,2,0,3042
2025,7,2025-03-09,Afturelding,HK,1,2,3043
2025,7,2025-03-09,Stjarnan,KR,1,3,3044
2025,7,2025-03-11,Þór,FH,2,2,3045
2025,7,2025-03-12,Höttur/Huginn,Magni,4,1,3046
2025,7,2025-03-12,Dalvík/Reynir,KF,3,1,3047
2025,7,2025-03-13,KFG,Þróttur V.,2,1,3048
2025,7,2025-03-14,Fylkir,KR,2,1,3049
2025,7,2025-03-14,KV,Hvíti riddarinn,3,3,3050
2025,7,2025-03-14,Augnablik,Ýmir,2,0,3051
2025,7,2025-03-14,Haukar,Kári,1,4,3052
2025,7,2025-03-15,Víkingur Ó.,Árborg,2,1,3053
2025,7,2025-03-15,ÍH,Sindri,1,5,3054
2025,7,2025-03-15,Grótta,Árbær,3,1,3055
2025,7,2025-03-15,Dalvík/Reynir,KFA,2,1,3056
2025,7,2025-03-15,Tindastóll,Höttur/Huginn,3,4,3057
2025,7,2025-03-16,Magni,KF,5,1,3058
2025,7,2025-03-18,Valur,ÍR,2,2,3059
2025,7,2025-03-19,Árborg,Ægir,5,4,3060
2025,7,2025-03-21,Ýmir,Víðir,2,2,3061
2025,7,2025-03-21,ÍH,Grótta,1,6,3062
2025,7,2025-03-22,Fylkir,Valur,2,3,3063
2025,7,2025-03-22,Þróttur V.,KV,3,0,3064
2025,7,2025-03-22,Hvíti riddarinn,Kormákur/Hvöt,1,0,3065
2025,7,2025-03-22,Reynir S.,KFG,2,2,3066
2025,7,2025-03-22,Víkingur Ó.,Augnablik,1,0,3067
2025,7,2025-03-22,Kári,Sindri,3,2,3068
2025,7,2025-03-22,KFA,Tindastóll,0,2,3069
2025,7,2025-03-25,Þróttur R.,Vestri,0,1,3070
2025,1,2025-04-05,Breiðablik,Afturelding,2,0,3071
2025,1,2025-04-06,Valur,Vestri,1,1,3072
2025,1,2025-04-06,KA,KR,2,2,3073
2025,1,2025-04-06,Fram,ÍA,0,1,3074
2025,1,2025-04-07,Víkingur R.,ÍBV,2,0,3075
2025,1,2025-04-07,Stjarnan,FH,2,1,3076
2025,7,2025-04-12,Höttur/Huginn,KFG,3,1,3077
2025,1,2025-04-13,Vestri,FH,1,0,3078
2025,1,2025-04-13,Afturelding,ÍBV,0,0,3079
2025,1,2025-04-13,Víkingur R.,KA,4,0,3080
2025,1,2025-04-13,Fram,Breiðablik,4,2,3081
2025,7,2025-04-13,Kormákur/Hvöt,Reynir S.,3,2,3082
2025,1,2025-04-14,KR,Valur,3,3,3083
2025,1,2025-04-14,Stjarnan,ÍA,2,1,3084
2025,7,2025-04-21,Kári,Víðir,2,2,3085
2025,1,2025-04-23,ÍA,Vestri,0,2,3086
2025,1,2025-04-23,FH,KR,2,2,3087
2025,1,2025-04-23,Valur,KA,3,1,3088
2025,1,2025-04-23,Breiðablik,Stjarnan,2,1,3089
2025,1,2025-04-24,ÍBV,Fram,3,1,3090
2025,1,2025-04-24,Afturelding,Víkingur R.,1,0,3091
2025,7,2025-04-26,Víðir,Höttur/Huginn,2,2,3092
2025,1,2025-04-27,Vestri,Breiðablik,0,1,3093
2025,1,2025-04-27,KA,FH,3,2,3094
2025,1,2025-04-27,KR,ÍA,5,0,3095
2025,1,2025-04-28,Stjarnan,ÍBV,2,3,3096
2025,1,2025-04-28,Fram,Afturelding,3,0,3097
2025,1,2025-04-28,Valur,Víkingur R.,1,1,3098
2025,1,2025-05-04,ÍBV,Vestri,0,2,3099
2025,1,2025-05-04,ÍA,KA,3,0,3100
2025,1,2025-05-04,FH,Valur,3,0,3101
2025,1,2025-05-05,Víkingur R.,Fram,3,2,3102
2025,1,2025-05-05,Afturelding,Stjarnan,3,0,3103
2025,1,2025-05-05,Breiðablik,KR,3,3,3104
2025,1,2025-05-10,Vestri,Afturelding,2,0,3105
2025,1,2025-05-10,KR,ÍBV,4,1,3106
2025,1,2025-05-10,Stjarnan,Fram,2,0,3107
2025,1,2025-05-10,Valur,ÍA,6,1,3108
2025,1,2025-05-11,KA,Breiðablik,0,1,3109
2025,1,2025-05-11,Víkingur R.,FH,3,1,3110
2025,1,2025-05-18,Fram,Vestri,1,0,3111
2025,1,2025-05-18,ÍBV,KA,0,0,3112
2025,1,2025-05-18,Afturelding,KR,4,3,3113
2025,1,2025-05-19,Breiðablik,Valur,2,1,3114
2025,1,2025-05-19,Stjarnan,Víkingur R.,2,2,3115
2025,1,2025-05-19,ÍA,FH,1,3,3116
2025,1,2025-05-23,KR,Fram,2,3,3117
2025,1,2025-05-24,KA,Afturelding,1,0,3118
2025,1,2025-05-24,Valur,ÍBV,3,0,3119
2025,1,2025-05-24,Víkingur R.,ÍA,2,1,3120
2025,1,2025-05-24,Vestri,Stjarnan,3,1,3121
2025,1,2025-05-25,FH,Breiðablik,2,0,3122
2025,1,2025-05-29,Vestri,Víkingur R.,0,1,3123
2025,1,2025-05-29,Afturelding,Valur,0,2,3124
2025,1,2025-05-29,Fram,KA,1,2,3125
2025,1,2025-05-29,ÍBV,FH,2,1,3126
2025,1,2025-05-29,Breiðablik,ÍA,1,4,3127
2025,1,2025-05-29,Stjarnan,KR,4,2,3128
2025,1,2025-06-01,KR,Vestri,2,1,3129
2025,1,2025-06-01,KA,Stjarnan,1,1,3130
2025,1,2025-06-01,FH,Afturelding,0,0,3131
2025,1,2025-06-01,ÍA,ÍBV,0,3,3132
2025,1,2025-06-01,Breiðablik,Víkingur R.,3,1,3133
2025,1,2025-06-02,Valur,Fram,2,1,3134
2025,1,2025-06-14,Stjarnan,Valur,3,2,3135
2025,1,2025-06-15,Vestri,KA,1,0,3136
2025,1,2025-06-15,ÍBV,Breiðablik,0,2,3137
2025,1,2025-06-15,Afturelding,ÍA,4,1,3138
2025,1,2025-06-15,Fram,FH,2,0,3139
2025,1,2025-06-16,Víkingur R.,KR,3,2,3140
2025,1,2025-06-22,FH,Vestri,2,0,3141
2025,1,2025-06-22,KA,Víkingur R.,0,2,3142
2025,1,2025-06-22,ÍA,Stjarnan,0,3,3143
2025,1,2025-06-23,ÍBV,Afturelding,1,2,3144
2025,1,2025-06-23,Valur,KR,6,1,3145
2025,1,2025-06-23,Breiðablik,Fram,1,1,3146
2025,1,2025-06-27,KA,Valur,2,5,3147
2025,1,2025-06-27,Stjarnan,Breiðablik,1,4,3148
2025,1,2025-06-29,Fram,ÍBV,2,0,3149
2025,1,2025-06-29,Vestri,ÍA,0,2,3150
2025,1,2025-06-29,Víkingur R.,Afturelding,2,1,3151
2025,1,2025-06-29,KR,FH,3,2,3152
2025,1,2025-07-03,Afturelding,Breiðablik,2,2,3153
2025,1,2025-07-05,Vestri,Valur,0,2,3154
2025,1,2025-07-05,ÍA,Fram,0,1,3155
2025,1,2025-07-05,ÍBV,Víkingur R.,0,0,3156
2025,1,2025-07-06,KR,KA,1,2,3157
2025,1,2025-07-07,FH,Stjarnan,1,1,3158
2025,1,2025-07-13,FH,KA,5,0,3159
2025,1,2025-07-14,ÍBV,Stjarnan,1,0,3160
2025,1,2025-07-14,ÍA,KR,1,0,3161
2025,1,2025-07-17,Afturelding,Fram,1,1,3162
2025,1,2025-07-19,Breiðablik,Vestri,1,0,3163
2025,1,2025-07-19,KA,ÍA,2,0,3164
2025,1,2025-07-20,Víkingur R.,Valur,1,2,3165
2025,1,2025-07-26,KR,Breiðablik,1,1,3166
2025,1,2025-07-27,Vestri,ÍBV,2,0,3167
2025,1,2025-07-27,Valur,FH,3,1,3168
2025,1,2025-07-27,Fram,Víkingur R.,2,2,3169
2025,1,2025-07-28,Stjarnan,Afturelding,4,1,3170
2025,1,2025-08-02,ÍBV,KR,2,1,3171
2025,1,2025-08-03,Breiðablik,KA,1,1,3172
2025,1,2025-08-03,FH,Víkingur R.,2,2,3173
2025,1,2025-08-05,ÍA,Valur,2,2,3174
2025,1,2025-08-06,Afturelding,Vestri,1,1,3175
2025,1,2025-08-06,Fram,Stjarnan,1,1,3176
2025,1,2025-08-10,Vestri,Fram,3,2,3177
2025,1,2025-08-10,KA,ÍBV,1,0,3178
2025,1,2025-08-10,Víkingur R.,Stjarnan,2,4,3179
2025,1,2025-08-10,Valur,Breiðablik,2,1,3180
2025,1,2025-08-11,KR,Afturelding,2,1,3181
2025,1,2025-08-11,FH,ÍA,3,2,3182
2025,1,2025-08-17,Stjarnan,Vestri,2,1,3183
2025,1,2025-08-17,ÍBV,Valur,4,1,3184
2025,1,2025-08-17,Afturelding,KA,3,3,3185
2025,1,2025-08-17,ÍA,Víkingur R.,0,1,3186
2025,1,2025-08-17,Breiðablik,FH,4,5,3187
