season,division,date,home,away,home_goals,away_goals,game_nr,home_timediff,away_timediff,home_round,away_round,season_first,home_nr,away_nr
2021,6,2021-04-22,Njarðvík,KH,3,0,1,7,7,1,1,1,37,25
2021,6,2021-04-23,Tindastóll,Völsungur,0,2,2,7,7,1,1,1,44,52
2021,6,2021-04-23,KV,Þróttur V.,1,3,3,7,7,1,1,1,27,63
2021,6,2021-04-23,Hvíti riddarinn,Árborg,4,1,4,7,7,1,1,1,17,54
2021,6,2021-04-23,Elliði,ÍR,2,3,5,7,7,1,1,1,6,60
2021,6,2021-04-25,Hamar,Vestri,0,3,6,7,7,1,1,1,15,47
2021,6,2021-04-25,ÍBV,Reynir S.,4,1,7,7,7,1,1,1,58,39
2021,1,2021-04-30,Valur,ÍA,2,0,8,7,7,1,1,1,46,57
2021,6,2021-04-30,Augnablik,Ægir,4,0,9,7,7,1,1,1,2,56
2021,6,2021-04-30,Fjölnir,KÁ,7,1,10,7,7,1,1,1,9,31
2021,6,2021-04-30,Þór,Magni,3,0,11,7,7,1,1,1,64,36
2021,1,2021-05-01,HK,KA,0,0,12,7,7,1,1,1,14,19
2021,1,2021-05-01,Fylkir,FH,0,2,13,7,7,1,1,1,11,7
2021,1,2021-05-01,Stjarnan,Leiknir R.,0,0,14,7,7,1,1,1,43,35
2021,6,2021-05-01,Þróttur R.,Víkingur Ó.,1,3,15,7,7,1,1,1,62,50
2021,6,2021-05-01,Kári,Skallagrímur,5,1,16,7,7,1,1,1,32,42
2021,6,2021-05-01,Dalvík/Reynir,KF,2,3,17,7,7,1,1,1,4,20
2021,6,2021-05-01,KFS,Kría,4,0,18,7,7,1,1,1,24,30
2021,6,2021-05-01,Þróttur V.,Grótta,1,3,19,8,7,2,1,0,63,13
2021,6,2021-05-01,Víðir,Fram,0,2,20,7,7,1,1,1,51,10
2021,1,2021-05-02,Víkingur R.,Keflavík,1,0,21,7,7,1,1,1,49,28
2021,1,2021-05-02,Breiðablik,KR,0,2,22,7,7,1,1,1,3,26
2021,6,2021-05-02,Grindavík,Hvíti riddarinn,3,0,23,7,9,1,2,1,12,17
2021,2,2021-05-06,Þróttur R.,Fjölnir,1,3,24,5,6,2,2,0,62,9
2021,2,2021-05-06,Fram,Víkingur Ó.,4,2,25,5,5,2,2,0,10,50
2021,1,2021-05-07,KR,KA,1,3,26,5,6,2,2,0,26,19
2021,2,2021-05-07,Grindavík,ÍBV,3,1,27,5,12,2,2,0,12,58
2021,2,2021-05-07,Grótta,Þór,4,3,28,6,7,2,2,0,13,64
2021,3,2021-05-07,Njarðvík,Þróttur V.,3,3,29,15,6,2,3,0,37,63
2021,3,2021-05-07,Haukar,Reynir S.,0,2,30,7,12,1,2,1,16,39
2021,1,2021-05-08,ÍA,Víkingur R.,1,1,31,8,6,2,2,0,57,49
2021,1,2021-05-08,HK,Fylkir,2,2,32,7,7,2,2,0,14,11
2021,1,2021-05-08,Leiknir R.,Breiðablik,3,3,33,7,6,2,2,0,35,3
2021,2,2021-05-08,Afturelding,Kórdrengir,1,1,34,7,7,1,1,1,1,33
2021,2,2021-05-08,Selfoss,Vestri,0,3,35,7,13,1,2,1,40,47
2021,3,2021-05-08,Fjarðabyggð,Völsungur,0,3,36,7,15,1,2,1,8,52
2021,3,2021-05-08,Kári,KF,2,3,37,7,7,2,2,0,32,20
2021,3,2021-05-08,ÍR,Leiknir F.,2,0,38,15,7,2,1,0,60,34
2021,4,2021-05-08,Dalvík/Reynir,Víðir,2,1,39,7,7,2,2,0,4,51
2021,4,2021-05-08,Elliði,Ægir,1,2,40,15,8,2,2,0,6,56
2021,4,2021-05-08,Höttur/Huginn,Sindri,1,0,41,7,7,1,1,1,18,41
2021,4,2021-05-08,KFS,Einherji,2,1,42,7,7,2,1,0,24,5
2021,4,2021-05-08,Augnablik,ÍH,3,0,43,8,7,2,1,0,2,59
2021,1,2021-05-09,FH,Valur,1,1,44,8,9,2,2,0,7,46
2021,1,2021-05-09,Keflavík,Stjarnan,2,0,45,7,8,2,2,0,28,43
2021,3,2021-05-09,KV,Magni,3,2,46,16,9,2,2,0,27,36
2021,1,2021-05-12,KA,Leiknir R.,3,0,47,5,4,3,3,0,19,35
2021,1,2021-05-12,Fylkir,KR,1,1,48,4,5,3,3,0,11,26
2021,1,2021-05-13,Breiðablik,Keflavík,4,0,49,5,4,3,3,0,3,28
2021,1,2021-05-13,Valur,HK,3,2,50,4,5,3,3,0,46,14
2021,1,2021-05-13,Stjarnan,Víkingur R.,2,3,51,4,5,3,3,0,43,49
2021,1,2021-05-13,FH,ÍA,5,1,52,4,5,3,3,0,7,57
2021,2,2021-05-13,Þór,Grindavík,4,1,53,6,6,3,3,0,64,12
2021,4,2021-05-13,Tindastóll,Höttur/Huginn,2,3,54,20,5,2,2,0,44,18
2021,2,2021-05-14,ÍBV,Fram,0,2,55,7,8,3,3,0,58,10
2021,2,2021-05-14,Fjölnir,Grótta,1,0,56,8,7,3,3,0,9,13
2021,2,2021-05-14,Víkingur Ó.,Afturelding,1,5,57,8,6,3,2,0,50,1
2021,2,2021-05-14,Kórdrengir,Selfoss,1,3,58,6,6,2,2,0,33,40
2021,3,2021-05-14,Kári,KV,4,4,59,6,5,3,3,0,32,27
2021,4,2021-05-14,Augnablik,Ægir,1,1,60,6,6,3,3,0,2,56
2021,2,2021-05-15,Þróttur R.,Vestri,1,3,61,9,7,3,3,0,62,47
2021,3,2021-05-15,Magni,Njarðvík,2,2,62,6,8,3,3,0,36,37
2021,3,2021-05-15,Þróttur V.,Fjarðabyggð,1,1,63,8,7,4,2,0,63,8
2021,3,2021-05-15,Leiknir F.,Haukar,2,5,64,7,8,2,2,0,34,16
2021,3,2021-05-15,Völsungur,ÍR,1,2,65,7,7,3,3,0,52,60
2021,3,2021-05-15,Reynir S.,KF,0,2,66,8,7,3,3,0,39,20
2021,4,2021-05-15,Einherji,KFG,0,2,67,7,7,2,1,0,5,22
2021,4,2021-05-15,Víðir,KFS,3,2,68,7,7,3,3,0,51,24
2021,4,2021-05-15,ÍH,Dalvík/Reynir,3,3,69,7,7,2,3,0,59,4
2021,4,2021-05-15,Sindri,Elliði,2,3,70,7,7,2,3,0,41,6
2021,1,2021-05-16,Leiknir R.,Fylkir,3,0,71,4,4,4,4,0,35,11
2021,1,2021-05-16,Víkingur R.,Breiðablik,3,0,72,3,3,4,4,0,49,3
2021,1,2021-05-17,Keflavík,KA,1,4,73,4,5,4,4,0,28,19
2021,1,2021-05-17,ÍA,Stjarnan,0,0,74,4,4,4,4,0,57,43
2021,1,2021-05-17,KR,Valur,2,3,75,5,4,4,4,0,26,46
2021,1,2021-05-17,HK,FH,1,3,76,4,4,4,4,0,14,7
2021,4,2021-05-20,Höttur/Huginn,Einherji,2,1,77,7,5,3,3,0,18,5
2021,1,2021-05-21,KA,Víkingur R.,0,1,78,4,5,5,5,0,19,49
2021,1,2021-05-21,HK,ÍA,1,3,79,4,4,5,5,0,14,57
2021,1,2021-05-21,Breiðablik,Stjarnan,4,0,80,5,4,5,5,0,3,43
2021,1,2021-05-21,Fylkir,Keflavík,4,2,81,5,4,5,5,0,11,28
2021,1,2021-05-21,Valur,Leiknir R.,1,0,82,4,5,5,5,0,46,35
2021,2,2021-05-21,Fram,Þór,4,1,83,7,8,4,4,0,10,64
2021,2,2021-05-21,Afturelding,ÍBV,0,5,84,7,7,3,4,0,1,58
2021,2,2021-05-21,Víkingur Ó.,Kórdrengir,1,3,85,7,7,4,3,0,50,33
2021,2,2021-05-21,Grindavík,Fjölnir,0,2,86,8,7,4,4,0,12,9
2021,2,2021-05-21,Þróttur R.,Selfoss,3,1,87,6,7,4,3,0,62,40
2021,3,2021-05-21,ÍR,Þróttur V.,1,5,88,6,6,4,5,0,60,63
2021,3,2021-05-21,Reynir S.,Kári,2,1,89,6,7,4,4,0,39,32
2021,3,2021-05-21,Fjarðabyggð,Magni,0,4,90,6,6,3,4,0,8,36
2021,3,2021-05-21,Njarðvík,KV,1,1,91,6,7,4,4,0,37,27
2021,3,2021-05-21,Haukar,Völsungur,3,3,92,6,6,3,4,0,16,52
2021,4,2021-05-21,KFG,KFS,2,0,93,6,6,2,4,0,22,24
2021,4,2021-05-21,ÍH,Víðir,1,1,94,6,6,3,4,0,59,51
2021,1,2021-05-22,FH,KR,0,2,95,5,5,5,5,0,7,26
2021,2,2021-05-22,Grótta,Vestri,5,0,96,8,7,4,4,0,13,47
2021,3,2021-05-22,KF,Leiknir F.,1,0,97,7,7,4,3,0,20,34
2021,4,2021-05-22,Augnablik,Sindri,4,1,98,8,7,4,3,0,2,41
2021,4,2021-05-22,Dalvík/Reynir,Ægir,1,1,99,7,8,4,4,0,4,56
2021,4,2021-05-22,Elliði,Tindastóll,1,0,100,7,9,4,3,0,6,44
2021,1,2021-05-24,Stjarnan,KA,0,1,101,3,3,6,6,0,43,19
2021,1,2021-05-24,ÍA,Breiðablik,2,3,102,3,3,6,6,0,57,3
2021,1,2021-05-24,Keflavík,Valur,1,2,103,3,3,6,6,0,28,46
2021,1,2021-05-25,KR,HK,1,1,104,3,4,6,6,0,26,14
2021,1,2021-05-25,Leiknir R.,FH,2,1,105,4,3,6,6,0,35,7
2021,1,2021-05-25,Víkingur R.,Fylkir,2,2,106,4,4,6,6,0,49,11
2021,4,2021-05-27,Ægir,ÍH,1,0,107,5,6,5,4,0,56,59
2021,4,2021-05-27,Víðir,KFG,1,0,108,6,6,5,3,0,51,22
2021,2,2021-05-28,Þór,Afturelding,2,1,109,7,7,5,4,0,64,1
2021,2,2021-05-28,Selfoss,Grótta,3,3,110,7,6,4,5,0,40,13
2021,2,2021-05-28,Fjölnir,Fram,0,1,111,7,7,5,5,0,9,10
2021,3,2021-05-28,Völsungur,KF,2,1,112,7,6,5,5,0,52,20
2021,3,2021-05-28,Kári,Njarðvík,0,2,113,7,7,5,5,0,32,37
2021,2,2021-05-29,Kórdrengir,Þróttur R.,2,1,114,8,8,4,5,0,33,62
2021,3,2021-05-29,KV,Fjarðabyggð,2,0,115,8,8,5,4,0,27,8
2021,3,2021-05-29,Leiknir F.,Reynir S.,4,2,116,7,8,4,5,0,34,39
2021,3,2021-05-29,Magni,ÍR,1,5,117,8,8,5,5,0,36,60
2021,4,2021-05-29,Sindri,Dalvík/Reynir,2,1,118,7,7,4,5,0,41,4
2021,4,2021-05-29,Einherji,Elliði,5,2,119,9,7,4,5,0,5,6
2021,4,2021-05-29,Tindastóll,Augnablik,1,1,120,7,7,4,5,0,44,2
2021,4,2021-05-29,KFS,Höttur/Huginn,1,2,121,8,9,5,4,0,24,18
2021,1,2021-05-30,HK,Leiknir R.,2,1,122,5,5,7,7,0,14,35
2021,1,2021-05-30,KR,ÍA,3,1,123,5,6,7,7,0,26,57
2021,1,2021-05-30,Fylkir,Stjarnan,1,1,124,5,6,7,7,0,11,43
2021,2,2021-05-30,Vestri,Grindavík,2,3,125,8,9,5,5,0,47,12
2021,2,2021-05-30,ÍBV,Víkingur Ó.,2,0,126,9,9,5,5,0,58,50
2021,3,2021-05-30,Þróttur V.,Haukar,4,1,127,9,9,6,4,0,63,16
2021,2,2021-06-03,Grótta,Þróttur R.,2,2,128,6,5,6,6,0,13,62
2021,2,2021-06-03,Grindavík,Selfoss,1,0,129,4,6,6,5,0,12,40
2021,2,2021-06-03,Afturelding,Fjölnir,2,2,130,6,6,5,6,0,1,9
2021,3,2021-06-03,ÍR,KV,1,1,131,5,5,6,6,0,60,27
2021,4,2021-06-03,Dalvík/Reynir,Tindastóll,3,0,132,5,5,6,5,0,4,44
2021,4,2021-06-03,Ægir,Víðir,2,2,133,7,7,6,6,0,56,51
2021,2,2021-06-04,ÍBV,Kórdrengir,2,2,134,5,6,6,5,0,58,33
2021,2,2021-06-05,Fram,Vestri,4,0,135,8,6,6,6,0,10,47
2021,2,2021-06-05,Víkingur Ó.,Þór,2,2,136,6,8,6,6,0,50,64
2021,3,2021-06-05,Reynir S.,Völsungur,5,1,137,7,8,6,6,0,39,52
2021,3,2021-06-05,Fjarðabyggð,Njarðvík,1,1,138,7,8,5,6,0,8,37
2021,3,2021-06-05,Haukar,Magni,3,0,139,6,7,5,6,0,16,36
2021,3,2021-06-05,KF,Þróttur V.,0,0,140,8,6,6,7,0,20,63
2021,4,2021-06-05,Höttur/Huginn,KFG,1,1,141,7,9,5,4,0,18,22
2021,4,2021-06-05,ÍH,Sindri,1,3,142,9,7,5,5,0,59,41
2021,4,2021-06-05,Augnablik,Einherji,6,0,143,7,7,6,5,0,2,5
2021,4,2021-06-05,Elliði,KFS,7,0,144,7,7,6,6,0,6,24
2021,3,2021-06-06,Leiknir F.,Kári,1,0,145,8,9,5,6,0,34,32
2021,1,2021-06-07,Valur,Víkingur R.,1,1,146,14,13,7,7,0,46,49
2021,4,2021-06-09,Einherji,Dalvík/Reynir,2,1,147,4,6,6,7,0,5,4
2021,2,2021-06-10,Selfoss,Fram,0,4,148,7,5,6,7,0,40,10
2021,2,2021-06-10,Kórdrengir,Grótta,2,1,149,6,7,6,7,0,33,13
2021,2,2021-06-10,Þróttur R.,Grindavík,2,3,150,7,7,7,7,0,62,12
2021,2,2021-06-10,Fjölnir,Víkingur Ó.,2,1,151,7,5,7,7,0,9,50
2021,3,2021-06-10,Þróttur V.,Reynir S.,1,3,152,5,5,8,7,0,63,39
2021,3,2021-06-10,Njarðvík,ÍR,2,0,153,5,7,7,7,0,37,60
2021,3,2021-06-10,KV,Haukar,1,1,154,7,5,7,6,0,27,16
2021,3,2021-06-10,Magni,KF,3,3,155,5,5,7,7,0,36,20
2021,4,2021-06-10,KFG,Elliði,1,0,156,5,5,5,7,0,22,6
2021,1,2021-06-12,Breiðablik,Fylkir,2,0,157,19,13,7,8,0,3,11
2021,1,2021-06-12,Víkingur R.,FH,2,0,158,5,18,8,7,0,49,7
2021,1,2021-06-12,Stjarnan,Valur,2,1,159,13,5,8,8,0,43,46
2021,2,2021-06-12,Vestri,Afturelding,2,1,160,7,9,7,6,0,47,1
2021,3,2021-06-12,Völsungur,Leiknir F.,1,3,161,7,6,7,6,0,52,34
2021,3,2021-06-12,Kári,Fjarðabyggð,0,0,162,6,7,7,6,0,32,8
2021,4,2021-06-12,Víðir,Höttur/Huginn,0,2,163,9,7,7,6,0,51,18
2021,4,2021-06-12,Tindastóll,ÍH,4,0,164,9,7,6,6,0,44,59
2021,4,2021-06-12,Sindri,Ægir,1,1,165,7,9,6,7,0,41,56
2021,4,2021-06-13,KFS,Augnablik,1,2,166,8,8,7,7,0,24,2
2021,1,2021-06-14,Leiknir R.,KR,0,2,167,15,15,8,8,0,35,26
2021,2,2021-06-14,ÍBV,Þór,2,1,168,10,9,7,7,0,58,64
2021,3,2021-06-15,Kári,ÍR,1,1,169,3,5,8,8,0,32,60
2021,4,2021-06-15,ÍH,Einherji,2,2,170,3,6,7,7,0,59,5
2021,1,2021-06-16,ÍA,KA,0,2,171,17,23,8,7,0,57,19
2021,1,2021-06-16,Keflavík,HK,2,0,172,23,17,7,8,0,28,14
2021,1,2021-06-16,Valur,Breiðablik,3,1,173,4,4,9,8,0,46,3
2021,1,2021-06-16,FH,Stjarnan,1,1,174,4,4,8,9,0,7,43
2021,2,2021-06-16,Fram,Þróttur R.,5,1,175,6,6,8,8,0,10,62
2021,4,2021-06-16,Elliði,Höttur/Huginn,3,0,176,6,4,8,7,0,6,18
2021,4,2021-06-16,Ægir,Tindastóll,3,1,177,4,4,8,7,0,56,44
2021,4,2021-06-16,Augnablik,KFG,2,2,178,3,6,8,6,0,2,22
2021,4,2021-06-17,Sindri,Víðir,1,1,179,5,5,7,8,0,41,51
2021,4,2021-06-17,Dalvík/Reynir,KFS,2,0,180,8,4,8,8,0,4,24
2021,2,2021-06-18,ÍBV,Fjölnir,1,0,181,4,8,8,8,0,58,9
2021,2,2021-06-18,Þór,Kórdrengir,0,1,182,4,8,8,7,0,64,33
2021,2,2021-06-18,Grindavík,Grótta,3,1,183,8,8,8,8,0,12,13
2021,2,2021-06-18,Afturelding,Selfoss,3,3,184,6,8,7,7,0,1,40
2021,3,2021-06-18,Haukar,Njarðvík,1,1,185,8,8,7,8,0,16,37
2021,2,2021-06-19,Víkingur Ó.,Vestri,0,3,186,9,7,8,8,0,50,47
2021,3,2021-06-19,Leiknir F.,Þróttur V.,1,2,187,7,9,7,9,0,34,63
2021,3,2021-06-19,Reynir S.,Magni,2,2,188,9,9,8,8,0,39,36
2021,3,2021-06-19,ÍR,Fjarðabyggð,1,1,189,4,7,9,7,0,60,8
2021,3,2021-06-19,Völsungur,Kári,5,2,190,7,4,8,9,0,52,32
2021,3,2021-06-19,KF,KV,0,2,191,9,9,8,8,0,20,27
2021,4,2021-06-19,Höttur/Huginn,Augnablik,3,2,192,3,3,8,9,0,18,2
2021,1,2021-06-20,KA,Valur,0,1,193,4,4,8,10,0,19,46
2021,1,2021-06-20,Fylkir,ÍA,3,1,194,8,4,9,9,0,11,57
2021,1,2021-06-20,Stjarnan,HK,2,1,195,4,4,10,9,0,43,14
2021,1,2021-06-20,Keflavík,Leiknir R.,1,0,196,4,6,8,9,0,28,35
2021,1,2021-06-20,Breiðablik,FH,4,0,197,4,4,9,9,0,3,7
2021,4,2021-06-20,KFS,ÍH,2,2,198,3,5,9,8,0,24,59
2021,4,2021-06-20,Einherji,Ægir,0,2,199,5,4,8,9,0,5,56
2021,4,2021-06-20,Tindastóll,Sindri,3,3,200,4,3,8,8,0,44,41
2021,4,2021-06-20,KFG,Dalvík/Reynir,2,1,201,4,3,7,9,0,22,4
2021,1,2021-06-21,Víkingur R.,KR,1,1,202,9,7,9,9,0,49,26
2021,4,2021-06-21,Víðir,Elliði,0,4,203,4,5,9,9,0,51,6
2021,6,2021-06-22,Þór,Grindavík,2,1,204,4,4,9,9,0,64,12
2021,6,2021-06-22,KF,Haukar,1,2,205,3,4,9,8,0,20,16
2021,6,2021-06-23,Afturelding,Vestri,1,2,206,5,4,8,9,0,1,47
2021,6,2021-06-23,Stjarnan,KA,1,2,207,3,3,11,9,0,43,19
2021,6,2021-06-23,ÍR,ÍBV,3,0,208,4,5,10,9,0,60,58
2021,6,2021-06-23,KFS,Víkingur Ó.,4,2,209,3,4,10,9,0,24,50
2021,6,2021-06-23,HK,Grótta,2,1,210,3,5,10,9,0,14,13
2021,6,2021-06-23,FH,Njarðvík,4,1,211,3,5,10,9,0,7,37
2021,6,2021-06-23,ÍA,Fram,3,0,212,3,7,10,9,0,57,10
2021,6,2021-06-23,Augnablik,Fjölnir,1,4,213,4,5,10,9,0,2,9
2021,6,2021-06-23,Keflavík,Breiðablik,2,0,214,3,3,9,10,0,28,3
2021,4,2021-06-24,Dalvík/Reynir,Höttur/Huginn,0,1,215,4,5,10,9,0,4,18
2021,6,2021-06-24,Víkingur R.,Sindri,3,0,216,3,4,10,9,0,49,41
2021,6,2021-06-24,Kári,KR,1,2,217,5,3,10,10,0,32,26
2021,6,2021-06-24,Valur,Leiknir R.,2,0,218,4,4,11,10,0,46,35
2021,2,2021-06-25,Kórdrengir,Grindavík,1,1,219,7,3,8,10,0,33,12
2021,3,2021-06-25,KV,Reynir S.,4,2,220,6,6,9,9,0,27,39
2021,4,2021-06-25,ÍH,KFG,2,2,221,5,5,9,8,0,59,22
2021,2,2021-06-26,Þróttur R.,Afturelding,1,3,222,10,3,9,9,0,62,1
2021,2,2021-06-26,Selfoss,Víkingur Ó.,5,3,223,8,3,8,10,0,40,50
2021,2,2021-06-26,Fjölnir,Þór,0,3,224,3,4,10,10,0,9,64
2021,3,2021-06-26,Fjarðabyggð,Haukar,1,4,225,7,4,8,9,0,8,16
2021,3,2021-06-26,Magni,Leiknir F.,3,2,226,7,7,9,8,0,36,34
2021,3,2021-06-26,Þróttur V.,Völsungur,3,0,227,7,7,10,9,0,63,52
2021,3,2021-06-26,Njarðvík,KF,2,1,228,3,4,10,10,0,37,20
2021,4,2021-06-26,Ægir,KFS,0,1,229,6,3,10,11,0,56,24
2021,1,2021-06-27,FH,KA,1,1,230,4,4,11,10,0,7,19
2021,1,2021-06-27,HK,Breiðablik,2,3,231,4,4,11,11,0,14,3
2021,1,2021-06-27,Valur,Fylkir,1,1,232,3,7,12,10,0,46,11
2021,2,2021-06-27,Grótta,Fram,0,1,233,4,4,10,10,0,13,10
2021,2,2021-06-27,Vestri,ÍBV,0,3,234,4,4,10,10,0,47,58
2021,4,2021-06-27,Augnablik,Elliði,2,1,235,4,6,11,10,0,2,6
2021,4,2021-06-27,Sindri,Einherji,2,0,236,3,7,10,9,0,41,5
2021,1,2021-06-28,KR,Stjarnan,1,2,237,4,5,11,12,0,26,43
2021,1,2021-06-28,ÍA,Keflavík,2,2,238,5,5,11,10,0,57,28
2021,1,2021-06-28,Leiknir R.,Víkingur R.,2,1,239,4,4,11,11,0,35,49
2021,4,2021-06-28,Tindastóll,Víðir,2,2,240,8,7,9,10,0,44,51
2021,3,2021-06-30,Leiknir F.,KV,1,2,241,4,5,9,10,0,34,27
2021,3,2021-06-30,KF,Fjarðabyggð,4,0,242,4,4,11,9,0,20,8
2021,3,2021-06-30,Reynir S.,Njarðvík,1,3,243,5,4,10,11,0,39,37
2021,3,2021-06-30,Haukar,ÍR,5,2,244,4,7,10,11,0,16,60
2021,3,2021-06-30,Völsungur,Magni,2,2,245,4,4,10,10,0,52,36
2021,3,2021-06-30,Þróttur V.,Kári,4,1,246,4,6,11,11,0,63,32
2021,1,2021-07-01,Valur,FH,2,0,247,4,4,13,12,0,46,7
2021,2,2021-07-01,Þór,Vestri,1,1,248,5,4,11,11,0,64,47
2021,2,2021-07-01,ÍBV,Selfoss,3,2,249,4,5,11,9,0,58,40
2021,2,2021-07-01,Fjölnir,Kórdrengir,0,0,250,5,6,11,9,0,9,33
2021,2,2021-07-01,Víkingur Ó.,Þróttur R.,0,7,251,5,5,11,10,0,50,62
2021,2,2021-07-01,Fram,Grindavík,2,2,252,4,6,11,11,0,10,12
2021,2,2021-07-01,Afturelding,Grótta,2,1,253,5,4,10,11,0,1,13
2021,4,2021-07-01,KFG,Ægir,3,1,254,6,5,9,11,0,22,56
2021,4,2021-07-01,Augnablik,Víðir,3,2,255,4,3,12,11,0,2,51
2021,1,2021-07-03,Breiðablik,Leiknir R.,4,0,256,6,5,12,12,0,3,35
2021,1,2021-07-03,Stjarnan,Keflavík,2,3,257,5,5,13,11,0,43,28
2021,4,2021-07-03,Höttur/Huginn,ÍH,1,2,258,9,8,10,10,0,18,59
2021,4,2021-07-03,Elliði,Dalvík/Reynir,3,1,259,6,9,11,11,0,6,4
2021,4,2021-07-03,KFS,Sindri,2,4,260,7,6,12,11,0,24,41
2021,4,2021-07-03,Einherji,Tindastóll,3,6,261,6,5,10,10,0,5,44
2021,2,2021-07-04,Vestri,Fjölnir,2,1,262,3,3,12,12,0,47,9
2021,3,2021-07-04,Njarðvík,Leiknir F.,9,1,263,4,4,12,10,0,37,34
2021,3,2021-07-04,Magni,Þróttur V.,0,1,264,4,4,11,12,0,36,63
2021,3,2021-07-04,ÍR,KF,6,0,265,4,4,12,12,0,60,20
2021,3,2021-07-04,KV,Völsungur,2,3,266,4,4,11,11,0,27,52
2021,3,2021-07-04,Fjarðabyggð,Reynir S.,2,2,267,4,4,10,11,0,8,39
2021,1,2021-07-05,Víkingur R.,ÍA,1,0,268,7,7,12,12,0,49,57
2021,1,2021-07-05,KA,KR,1,2,269,8,7,11,12,0,19,26
2021,2,2021-07-05,Þróttur R.,ÍBV,0,1,270,4,4,11,12,0,62,58
2021,2,2021-07-05,Selfoss,Þór,1,1,271,4,4,10,12,0,40,64
2021,2,2021-07-05,Grindavík,Afturelding,3,3,272,4,4,12,11,0,12,1
2021,2,2021-07-05,Fram,Kórdrengir,4,3,273,4,4,12,10,0,10,33
2021,2,2021-07-05,Grótta,Víkingur Ó.,3,2,274,4,4,12,12,0,13,50
2021,3,2021-07-05,Haukar,Kári,2,3,275,5,5,11,12,0,16,32
2021,4,2021-07-07,KFG,Tindastóll,2,2,276,6,4,10,11,0,22,44
2021,1,2021-07-09,Fylkir,HK,1,2,277,12,12,11,12,0,11,14
2021,2,2021-07-09,ÍBV,Grótta,0,1,278,4,4,13,13,0,58,13
2021,2,2021-07-09,Þór,Þróttur R.,5,1,279,4,4,13,12,0,64,62
2021,2,2021-07-09,Fjölnir,Selfoss,2,1,280,5,4,13,11,0,9,40
2021,2,2021-07-09,Afturelding,Fram,0,2,281,4,4,12,13,0,1,10
2021,2,2021-07-09,Víkingur Ó.,Grindavík,2,2,282,4,4,13,13,0,50,12
2021,3,2021-07-09,Leiknir F.,Fjarðabyggð,2,0,283,5,5,11,11,0,34,8
2021,3,2021-07-09,Þróttur V.,KV,1,0,284,5,5,13,12,0,63,27
2021,3,2021-07-09,Reynir S.,ÍR,1,1,285,5,5,12,13,0,39,60
2021,4,2021-07-09,ÍH,Elliði,3,1,286,6,6,11,12,0,59,6
2021,2,2021-07-10,Kórdrengir,Vestri,2,0,287,5,6,11,13,0,33,47
2021,3,2021-07-10,Völsungur,Njarðvík,1,0,288,6,6,12,13,0,52,37
2021,3,2021-07-10,KF,Haukar,5,0,289,6,5,13,12,0,20,16
2021,3,2021-07-10,Kári,Magni,1,2,290,5,6,13,12,0,32,36
2021,4,2021-07-10,Tindastóll,KFS,1,2,291,3,7,12,13,0,44,24
2021,4,2021-07-10,Víðir,Einherji,3,0,292,9,7,12,11,0,51,5
2021,4,2021-07-10,Sindri,KFG,4,0,293,7,3,12,11,0,41,22
2021,4,2021-07-10,Ægir,Höttur/Huginn,1,1,294,9,7,12,11,0,56,18
2021,4,2021-07-10,Dalvík/Reynir,Augnablik,3,1,295,7,9,12,13,0,4,2
2021,1,2021-07-12,Leiknir R.,ÍA,2,0,296,9,7,13,13,0,35,57
2021,1,2021-07-12,KR,Keflavík,1,0,297,7,9,13,12,0,26,28
2021,1,2021-07-13,Fylkir,KA,2,1,298,4,8,12,12,0,11,19
2021,1,2021-07-13,HK,Víkingur R.,0,0,299,4,8,13,13,0,14,49
2021,2,2021-07-15,Fram,ÍBV,1,1,300,6,6,14,14,0,10,58
2021,2,2021-07-15,Afturelding,Víkingur Ó.,6,1,301,6,6,13,14,0,1,50
2021,2,2021-07-15,Grótta,Fjölnir,2,1,302,6,6,14,14,0,13,9
2021,2,2021-07-15,Selfoss,Kórdrengir,0,1,303,6,5,12,12,0,40,33
2021,3,2021-07-15,KV,Kári,2,0,304,6,5,13,14,0,27,32
2021,4,2021-07-15,Ægir,Augnablik,3,0,305,5,5,13,14,0,56,2
2021,2,2021-07-16,Grindavík,Þór,2,2,306,7,7,14,14,0,12,64
2021,1,2021-07-17,ÍA,Valur,2,1,307,5,16,14,14,0,57,46
2021,2,2021-07-17,Vestri,Þróttur R.,2,1,308,7,8,14,13,0,47,62
2021,3,2021-07-17,Haukar,Leiknir F.,3,0,309,7,8,13,12,0,16,34
2021,3,2021-07-17,Njarðvík,Magni,1,1,310,7,7,14,13,0,37,36
2021,3,2021-07-17,Fjarðabyggð,Þróttur V.,0,4,311,8,8,12,14,0,8,63
2021,3,2021-07-17,ÍR,Völsungur,1,3,312,8,7,14,13,0,60,52
2021,3,2021-07-17,KF,Reynir S.,3,0,313,7,8,14,13,0,20,39
2021,4,2021-07-17,Elliði,Sindri,2,1,314,8,7,13,13,0,6,41
2021,4,2021-07-17,KFG,Einherji,2,1,315,7,7,12,12,0,22,5
2021,4,2021-07-17,KFS,Víðir,3,2,316,7,7,14,13,0,24,51
2021,4,2021-07-17,Höttur/Huginn,Tindastóll,2,0,317,7,7,12,13,0,18,44
2021,1,2021-07-18,KA,HK,2,0,318,5,5,13,14,0,19,14
2021,1,2021-07-18,KR,Breiðablik,1,1,319,6,15,14,13,0,26,3
2021,1,2021-07-18,FH,Fylkir,1,0,320,17,5,13,13,0,7,11
2021,4,2021-07-18,Dalvík/Reynir,ÍH,5,1,321,8,9,13,12,0,4,59
2021,1,2021-07-19,Leiknir R.,Stjarnan,2,0,322,7,16,14,14,0,35,43
2021,1,2021-07-19,Keflavík,Víkingur R.,1,2,323,7,6,13,14,0,28,49
2021,4,2021-07-21,Sindri,Höttur/Huginn,0,1,324,4,4,14,13,0,41,18
2021,2,2021-07-22,Fjölnir,Þróttur R.,3,1,325,7,5,15,14,0,9,62
2021,3,2021-07-22,Þróttur V.,Njarðvík,0,0,326,5,5,15,15,0,63,37
2021,3,2021-07-22,Reynir S.,Haukar,0,0,327,5,5,14,14,0,39,16
2021,4,2021-07-22,Ægir,Elliði,4,1,328,7,5,14,14,0,56,6
2021,2,2021-07-23,Þór,Grótta,4,2,329,7,8,15,15,0,64,13
2021,2,2021-07-23,ÍBV,Grindavík,4,1,330,8,7,15,15,0,58,12
2021,3,2021-07-23,Völsungur,Fjarðabyggð,4,0,331,6,6,14,13,0,52,8
2021,2,2021-07-24,Vestri,Selfoss,1,2,332,7,9,15,13,0,47,40
2021,3,2021-07-24,Leiknir F.,ÍR,0,0,333,7,7,13,15,0,34,60
2021,3,2021-07-24,Magni,KV,3,1,334,7,9,14,14,0,36,27
2021,3,2021-07-24,KF,Kári,2,1,335,7,9,15,15,0,20,32
2021,4,2021-07-24,Einherji,KFS,2,1,336,7,7,13,15,0,5,24
2021,4,2021-07-24,Tindastóll,KFG,1,4,337,7,7,14,13,0,44,22
2021,1,2021-07-25,ÍA,FH,0,3,338,8,7,15,14,0,57,7
2021,1,2021-07-25,Leiknir R.,KA,0,1,339,6,7,15,14,0,35,19
2021,1,2021-07-25,Víkingur R.,Stjarnan,3,2,340,6,6,15,15,0,49,43
2021,1,2021-07-25,HK,Valur,0,3,341,7,8,15,15,0,14,46
2021,1,2021-07-25,Keflavík,Breiðablik,2,0,342,6,7,14,14,0,28,3
2021,4,2021-07-25,Höttur/Huginn,KFS,4,1,343,4,1,14,16,0,18,24
2021,4,2021-07-25,Víðir,Dalvík/Reynir,1,0,344,8,7,14,14,0,51,4
2021,4,2021-07-25,Sindri,Augnablik,2,1,345,4,10,15,15,0,41,2
2021,1,2021-07-26,KR,Fylkir,4,0,346,8,8,15,14,0,26,11
2021,2,2021-07-27,Þór,Fram,0,2,347,4,12,16,15,0,64,10
2021,2,2021-07-28,Fjölnir,Grindavík,2,1,348,6,5,16,16,0,9,12
2021,2,2021-07-28,Vestri,Grótta,4,3,349,4,5,16,16,0,47,13
2021,3,2021-07-28,Leiknir F.,KF,2,2,350,4,4,14,16,0,34,20
2021,3,2021-07-28,Völsungur,Haukar,2,1,351,5,6,15,15,0,52,16
2021,3,2021-07-28,Þróttur V.,ÍR,0,0,352,6,4,16,16,0,63,60
2021,3,2021-07-28,Kári,Reynir S.,3,3,353,4,6,16,15,0,32,39
2021,3,2021-07-28,KV,Njarðvík,3,1,354,4,6,15,16,0,27,37
2021,3,2021-07-28,Magni,Fjarðabyggð,4,2,355,4,5,15,14,0,36,8
2021,4,2021-07-28,Einherji,Höttur/Huginn,1,2,356,4,3,14,15,0,5,18
2021,4,2021-07-28,Tindastóll,Elliði,0,1,357,4,6,15,15,0,44,6
2021,4,2021-07-28,Víðir,ÍH,2,1,358,3,10,15,13,0,51,59
2021,2,2021-07-29,Selfoss,Þróttur R.,0,3,359,5,7,14,15,0,40,62
2021,4,2021-07-29,KFS,KFG,2,1,360,4,5,17,14,0,24,22
2021,2,2021-07-31,ÍBV,Afturelding,2,0,361,8,16,16,14,0,58,1
2021,1,2021-08-02,Breiðablik,Víkingur R.,4,0,362,8,8,15,16,0,3,49
2021,1,2021-08-03,KA,Keflavík,2,1,363,9,9,15,15,0,19,28
2021,1,2021-08-03,Fylkir,Leiknir R.,0,0,364,8,9,15,16,0,11,35
2021,1,2021-08-04,Stjarnan,ÍA,4,0,365,10,10,16,16,0,43,57
2021,1,2021-08-04,Valur,KR,1,0,366,10,9,16,16,0,46,26
2021,1,2021-08-04,FH,HK,2,4,367,10,10,15,16,0,7,14
2021,2,2021-08-05,Grótta,Selfoss,2,1,368,8,7,17,15,0,13,40
2021,2,2021-08-05,Fram,Fjölnir,2,0,369,9,8,16,17,0,10,9
2021,4,2021-08-05,Dalvík/Reynir,Sindri,3,2,370,11,11,15,16,0,4,41
2021,4,2021-08-05,Augnablik,Tindastóll,2,4,371,11,8,16,16,0,2,44
2021,2,2021-08-06,Afturelding,Þór,2,0,372,6,10,15,17,0,1,64
2021,2,2021-08-06,Grindavík,Vestri,1,2,373,9,9,17,17,0,12,47
2021,2,2021-08-06,Þróttur R.,Kórdrengir,0,3,374,8,22,16,13,0,62,33
2021,3,2021-08-06,Njarðvík,Kári,2,2,375,9,9,17,17,0,37,32
2021,3,2021-08-06,KF,Völsungur,2,2,376,9,9,17,16,0,20,52
2021,3,2021-08-06,Haukar,Þróttur V.,1,2,377,9,9,16,17,0,16,63
2021,2,2021-08-07,Víkingur Ó.,ÍBV,0,2,378,23,7,15,17,0,50,58
2021,3,2021-08-07,ÍR,Magni,1,1,379,10,10,17,16,0,60,36
2021,3,2021-08-07,Reynir S.,Leiknir F.,4,1,380,10,10,16,15,0,39,34
2021,3,2021-08-07,Fjarðabyggð,KV,0,2,381,10,10,15,16,0,8,27
2021,4,2021-08-07,Elliði,Einherji,3,2,382,10,10,16,15,0,6,5
2021,1,2021-08-08,Leiknir R.,Valur,1,0,383,5,4,17,17,0,35,46
2021,1,2021-08-08,Víkingur R.,KA,2,2,384,6,5,17,16,0,49,19
2021,1,2021-08-08,Keflavík,Fylkir,1,1,385,5,5,16,16,0,28,11
2021,1,2021-08-08,KR,FH,1,1,386,4,4,17,16,0,26,7
2021,1,2021-08-08,ÍA,HK,4,1,387,4,4,17,17,0,57,14
2021,4,2021-08-08,Sindri,ÍH,1,0,388,3,11,17,14,0,41,59
2021,1,2021-08-09,Stjarnan,Breiðablik,1,3,389,5,7,17,16,0,43,3
2021,2,2021-08-10,Víkingur Ó.,Fram,0,3,390,3,5,16,17,0,50,10
2021,2,2021-08-10,Kórdrengir,Afturelding,2,1,391,4,4,14,16,0,33,1
2021,6,2021-08-10,Fjölnir,ÍR,2,3,392,5,3,18,18,0,9,60
2021,6,2021-08-10,Vestri,Þór,4,0,393,4,4,18,18,0,47,64
2021,4,2021-08-11,ÍH,Augnablik,2,1,394,3,6,15,17,0,59,2
2021,6,2021-08-11,Keflavík,KA,3,1,395,3,3,17,17,0,28,19
2021,6,2021-08-11,ÍA,FH,1,0,396,3,3,18,17,0,57,7
2021,6,2021-08-11,HK,KFS,7,1,397,3,13,18,18,0,14,24
2021,6,2021-08-11,Valur,Völsungur,6,0,398,3,5,18,17,0,46,52
2021,6,2021-08-11,Fylkir,Haukar,2,1,399,3,5,17,17,0,11,16
2021,4,2021-08-12,Tindastóll,Dalvík/Reynir,2,2,400,7,7,17,16,0,44,4
2021,6,2021-08-12,Víkingur R.,KR,3,1,401,4,4,18,18,0,49,26
2021,2,2021-08-13,Selfoss,Grindavík,3,2,402,8,7,16,18,0,40,12
2021,2,2021-08-13,Þróttur R.,Grótta,1,2,403,7,8,17,18,0,62,13
2021,2,2021-08-14,Vestri,Fram,0,1,404,4,4,19,18,0,47,10
2021,2,2021-08-14,Fjölnir,Afturelding,3,0,405,4,4,19,17,0,9,1
2021,2,2021-08-14,Kórdrengir,ÍBV,0,1,406,4,7,15,18,0,33,58
2021,2,2021-08-14,Þór,Víkingur Ó.,0,2,407,4,4,19,17,0,64,50
2021,3,2021-08-14,KV,ÍR,0,2,408,7,4,17,19,0,27,60
2021,3,2021-08-14,Völsungur,Reynir S.,4,1,409,3,7,18,17,0,52,39
2021,3,2021-08-14,Kári,Leiknir F.,2,2,410,8,7,18,16,0,32,34
2021,3,2021-08-14,Njarðvík,Fjarðabyggð,5,0,411,8,7,18,16,0,37,8
2021,3,2021-08-14,Magni,Haukar,2,0,412,7,3,17,18,0,36,16
2021,3,2021-08-14,Þróttur V.,KF,2,1,413,8,8,18,18,0,63,20
2021,4,2021-08-14,Einherji,Augnablik,5,2,414,7,3,16,18,0,5,2
2021,1,2021-08-15,KA,Stjarnan,2,1,415,4,6,18,18,0,19,43
2021,1,2021-08-15,FH,Leiknir R.,5,0,416,4,7,18,18,0,7,35
2021,1,2021-08-15,Valur,Keflavík,2,1,417,4,4,19,18,0,46,28
2021,4,2021-08-15,Höttur/Huginn,Víðir,0,1,418,18,18,16,16,0,18,51
2021,4,2021-08-15,Ægir,Sindri,2,3,419,24,7,15,18,0,56,41
2021,1,2021-08-16,HK,KR,0,1,420,5,4,19,19,0,14,26
2021,1,2021-08-16,Fylkir,Víkingur R.,0,3,421,5,4,18,19,0,11,49
2021,1,2021-08-16,Breiðablik,ÍA,2,1,422,7,5,17,19,0,3,57
2021,4,2021-08-17,Elliði,KFG,0,0,423,10,19,17,15,0,6,22
2021,3,2021-08-18,Fjarðabyggð,Kári,2,0,424,4,4,17,19,0,8,32
2021,3,2021-08-18,KF,Magni,2,1,425,4,4,19,18,0,20,36
2021,3,2021-08-18,Reynir S.,Þróttur V.,4,1,426,4,4,18,19,0,39,63
2021,3,2021-08-18,ÍR,Njarðvík,4,1,427,4,4,20,19,0,60,37
2021,3,2021-08-18,Haukar,KV,0,1,428,4,4,19,18,0,16,27
2021,3,2021-08-18,Leiknir F.,Völsungur,3,1,429,4,4,17,19,0,34,52
2021,4,2021-08-18,Víðir,Ægir,2,3,430,3,3,17,16,0,51,56
2021,4,2021-08-18,Augnablik,KFS,0,2,431,4,7,19,19,0,2,24
2021,4,2021-08-18,Dalvík/Reynir,Einherji,2,1,432,6,4,17,17,0,4,5
2021,4,2021-08-18,ÍH,Tindastóll,8,0,433,7,6,16,18,0,59,44
2021,2,2021-08-19,Grindavík,Þróttur R.,2,1,434,6,6,19,18,0,12,62
2021,2,2021-08-19,Grótta,Kórdrengir,2,1,435,6,5,19,16,0,13,33
2021,2,2021-08-19,Fram,Selfoss,2,1,436,5,6,19,17,0,10,40
2021,2,2021-08-20,Víkingur Ó.,Fjölnir,0,7,437,6,6,18,20,0,50,9
2021,1,2021-08-21,Keflavík,FH,0,5,438,6,6,19,19,0,28,7
2021,1,2021-08-21,Breiðablik,KA,2,0,439,5,6,18,19,0,3,19
2021,4,2021-08-21,Höttur/Huginn,Elliði,2,3,440,6,4,17,18,0,18,6
2021,4,2021-08-21,KFG,Augnablik,0,0,441,4,3,16,20,0,22,2
2021,1,2021-08-22,Víkingur R.,Valur,2,1,442,6,7,20,20,0,49,46
2021,3,2021-08-22,Magni,Reynir S.,4,1,443,4,4,19,19,0,36,39
2021,3,2021-08-22,Þróttur V.,Leiknir F.,2,0,444,4,4,20,18,0,63,34
2021,3,2021-08-22,Fjarðabyggð,ÍR,3,1,445,4,4,18,21,0,8,60
2021,3,2021-08-22,KV,KF,3,2,446,4,4,19,20,0,27,20
2021,3,2021-08-22,Kári,Völsungur,1,2,447,4,4,20,20,0,32,52
2021,4,2021-08-22,Víðir,Sindri,0,3,448,4,7,18,19,0,51,41
2021,4,2021-08-22,KFS,Dalvík/Reynir,1,0,449,4,4,20,18,0,24,4
2021,4,2021-08-22,Einherji,ÍH,4,0,450,4,4,18,17,0,5,59
2021,4,2021-08-22,Tindastóll,Ægir,1,3,451,4,4,19,17,0,44,56
2021,1,2021-08-23,Leiknir R.,HK,0,0,452,8,7,19,20,0,35,14
2021,1,2021-08-23,Stjarnan,Fylkir,2,0,453,8,7,19,19,0,43,11
2021,3,2021-08-23,Njarðvík,Haukar,6,1,454,5,5,20,20,0,37,16
2021,2,2021-08-24,Selfoss,Afturelding,3,0,455,5,10,18,18,0,40,1
2021,2,2021-08-24,Vestri,Víkingur Ó.,3,2,456,10,4,20,19,0,47,50
2021,2,2021-08-24,Kórdrengir,Þór,2,0,457,5,10,17,20,0,33,64
2021,2,2021-08-24,Þróttur R.,Fram,2,2,458,5,5,19,20,0,62,10
2021,2,2021-08-24,Grótta,Grindavík,2,1,459,5,5,20,20,0,13,12
2021,1,2021-08-25,FH,Keflavík,0,0,460,4,4,20,20,0,7,28
2021,1,2021-08-25,KA,Breiðablik,0,2,461,4,4,20,19,0,19,3
2021,1,2021-08-25,ÍA,KR,0,2,462,9,9,20,20,0,57,26
2021,4,2021-08-25,KFS,Elliði,2,1,463,3,4,21,19,0,24,6
2021,3,2021-08-26,Reynir S.,KV,4,1,464,4,4,20,20,0,39,27
2021,4,2021-08-26,KFG,Höttur/Huginn,4,2,465,5,5,17,18,0,22,18
2021,3,2021-08-27,ÍR,Kári,4,1,466,5,5,22,21,0,60,32
2021,3,2021-08-27,Leiknir F.,Magni,0,1,467,5,5,19,20,0,34,36
2021,1,2021-08-28,Valur,Stjarnan,1,2,468,6,5,21,20,0,46,43
2021,2,2021-08-28,Grindavík,Kórdrengir,1,2,469,4,4,21,18,0,12,33
2021,2,2021-08-28,Víkingur Ó.,Selfoss,0,3,470,4,4,20,19,0,50,40
2021,2,2021-08-28,Fram,Grótta,2,1,471,4,4,21,21,0,10,13
2021,2,2021-08-28,Afturelding,Þróttur R.,3,1,472,4,4,19,20,0,1,62
2021,2,2021-08-28,Þór,Fjölnir,0,0,473,4,8,21,21,0,64,9
2021,3,2021-08-28,Völsungur,Þróttur V.,1,0,474,6,6,21,21,0,52,63
2021,3,2021-08-28,Haukar,Fjarðabyggð,6,1,475,5,6,21,19,0,16,8
2021,3,2021-08-28,KF,Njarðvík,0,2,476,6,5,21,21,0,20,37
2021,4,2021-08-28,Sindri,Tindastóll,2,1,477,6,6,20,20,0,41,44
2021,4,2021-08-28,ÍH,KFS,3,5,478,6,3,18,22,0,59,24
2021,4,2021-08-28,Ægir,Einherji,4,2,479,6,6,18,19,0,56,5
2021,4,2021-08-28,Elliði,Víðir,2,4,480,3,6,20,19,0,6,51
2021,1,2021-08-29,KA,ÍA,3,0,481,4,4,21,21,0,19,57
2021,1,2021-08-29,FH,Víkingur R.,1,2,482,4,7,21,21,0,7,49
2021,1,2021-08-29,KR,Leiknir R.,2,1,483,4,6,21,20,0,26,35
2021,1,2021-08-29,HK,Keflavík,1,0,484,6,4,21,21,0,14,28
2021,1,2021-08-29,Fylkir,Breiðablik,0,7,485,6,4,20,20,0,11,3
2021,4,2021-08-29,Augnablik,Höttur/Huginn,1,4,486,8,3,21,19,0,2,18
2021,4,2021-08-29,Dalvík/Reynir,KFG,0,0,487,7,3,19,18,0,4,22
2021,2,2021-08-31,Þór,ÍBV,0,1,488,3,17,22,19,0,64,58
2021,2,2021-08-31,Kórdrengir,Víkingur Ó.,4,0,489,3,3,19,21,0,33,50
2021,2,2021-08-31,Afturelding,Vestri,2,2,490,3,7,20,21,0,1,47
2021,4,2021-08-31,ÍH,Ægir,2,3,491,3,3,19,19,0,59,56
2021,2,2021-09-03,Selfoss,ÍBV,1,4,492,6,3,20,20,0,40,58
2021,3,2021-09-03,Njarðvík,Reynir S.,0,2,493,6,8,22,21,0,37,39
2021,3,2021-09-03,Kári,Þróttur V.,0,5,494,7,6,22,22,0,32,63
2021,4,2021-09-03,KFG,ÍH,2,0,495,5,3,19,20,0,22,59
2021,4,2021-09-03,Elliði,Augnablik,4,1,496,6,5,21,22,0,6,2
2021,2,2021-09-04,Grindavík,Fram,0,2,497,7,7,22,22,0,12,10
2021,2,2021-09-04,Kórdrengir,Fjölnir,1,4,498,4,7,20,22,0,33,9
2021,2,2021-09-04,Vestri,Þór,2,0,499,4,4,22,23,0,47,64
2021,3,2021-09-04,ÍR,Haukar,0,4,500,8,7,23,22,0,60,16
2021,3,2021-09-04,KV,Leiknir F.,2,0,501,9,8,21,20,0,27,34
2021,3,2021-09-04,Fjarðabyggð,KF,0,4,502,7,7,20,22,0,8,20
2021,3,2021-09-04,Magni,Völsungur,2,1,503,8,7,21,22,0,36,52
2021,4,2021-09-04,KFS,Ægir,3,1,504,7,4,23,20,0,24,56
2021,4,2021-09-04,Höttur/Huginn,Dalvík/Reynir,2,2,505,6,6,20,20,0,18,4
2021,4,2021-09-04,Einherji,Sindri,2,1,506,7,7,20,21,0,5,41
2021,4,2021-09-04,Víðir,Tindastóll,1,1,507,7,7,20,21,0,51,44
2021,2,2021-09-05,Þróttur R.,Víkingur Ó.,5,2,508,8,5,21,22,0,62,50
2021,2,2021-09-07,Fjölnir,ÍBV,2,1,509,3,4,23,21,0,9,58
2021,4,2021-09-07,Ægir,Dalvík/Reynir,1,0,510,3,3,21,21,0,56,4
2021,4,2021-09-07,KFG,Víðir,1,1,511,4,3,20,21,0,22,51
2021,1,2021-09-11,KA,Fylkir,2,0,512,13,13,22,21,0,19,11
2021,1,2021-09-11,Keflavík,KR,0,2,513,13,13,22,22,0,28,26
2021,1,2021-09-11,ÍA,Leiknir R.,3,1,514,13,13,22,21,0,57,35
2021,1,2021-09-11,Víkingur R.,HK,3,0,515,13,13,22,22,0,49,14
2021,1,2021-09-11,Breiðablik,Valur,3,0,516,13,14,21,22,0,3,46
2021,2,2021-09-11,Kórdrengir,Fram,2,2,517,7,7,21,23,0,33,10
2021,2,2021-09-11,ÍBV,Þróttur R.,3,2,518,4,6,22,22,0,58,62
2021,2,2021-09-11,Víkingur Ó.,Grótta,3,5,519,6,14,23,22,0,50,13
2021,2,2021-09-11,Afturelding,Grindavík,1,3,520,11,7,21,23,0,1,12
2021,2,2021-09-11,Fjölnir,Vestri,2,1,521,4,7,24,23,0,9,47
2021,2,2021-09-11,Þór,Selfoss,1,2,522,7,8,24,21,0,64,40
2021,3,2021-09-11,Leiknir F.,Njarðvík,3,1,523,7,8,21,23,0,34,37
2021,3,2021-09-11,Reynir S.,Fjarðabyggð,5,3,524,8,7,22,21,0,39,8
2021,3,2021-09-11,Þróttur V.,Magni,2,2,525,8,7,23,22,0,63,36
2021,3,2021-09-11,Völsungur,KV,1,1,526,7,7,23,22,0,52,27
2021,3,2021-09-11,KF,ÍR,2,1,527,7,7,23,24,0,20,60
2021,4,2021-09-11,Ægir,KFG,1,2,528,4,4,22,21,0,56,22
2021,4,2021-09-11,Víðir,Augnablik,1,1,529,4,8,22,23,0,51,2
2021,4,2021-09-11,ÍH,Höttur/Huginn,0,1,530,8,7,21,21,0,59,18
2021,4,2021-09-11,Sindri,KFS,4,1,531,7,7,22,24,0,41,24
2021,4,2021-09-11,Tindastóll,Einherji,4,2,532,7,7,22,21,0,44,5
2021,4,2021-09-11,Dalvík/Reynir,Elliði,4,2,533,4,8,22,22,0,4,6
2021,3,2021-09-12,Kári,Haukar,1,3,534,9,8,23,23,0,32,16
2021,1,2021-09-13,Stjarnan,FH,0,4,535,16,15,21,22,0,43,7
2021,2,2021-09-15,Grótta,Afturelding,8,0,536,4,4,23,22,0,13,1
2021,6,2021-09-15,Vestri,Valur,2,1,537,4,4,24,23,0,47,46
2021,6,2021-09-15,ÍR,ÍA,1,3,538,4,4,25,23,0,60,57
2021,6,2021-09-15,HK,Keflavík,3,5,539,4,4,23,23,0,14,28
2021,6,2021-09-15,Fylkir,Víkingur R.,0,1,540,4,4,22,23,0,11,49
2021,4,2021-09-17,Augnablik,Dalvík/Reynir,2,1,541,6,6,24,23,0,2,4
2021,2,2021-09-18,Þróttur R.,Þór,2,3,542,7,7,23,25,0,62,64
2021,2,2021-09-18,Grindavík,Víkingur Ó.,2,4,543,7,7,24,24,0,12,50
2021,2,2021-09-18,Fram,Afturelding,6,1,544,7,3,24,23,0,10,1
2021,2,2021-09-18,Selfoss,Fjölnir,0,1,545,7,7,22,25,0,40,9
2021,3,2021-09-18,Haukar,KF,2,2,546,6,7,24,24,0,16,20
2021,3,2021-09-18,ÍR,Reynir S.,4,3,547,3,7,26,23,0,60,39
2021,3,2021-09-18,Fjarðabyggð,Leiknir F.,0,3,548,7,7,22,22,0,8,34
2021,3,2021-09-18,KV,Þróttur V.,2,0,549,7,7,23,24,0,27,63
2021,3,2021-09-18,Njarðvík,Völsungur,0,1,550,7,7,24,24,0,37,52
2021,3,2021-09-18,Magni,Kári,3,1,551,7,6,23,24,0,36,32
2021,4,2021-09-18,KFS,Tindastóll,4,3,552,7,7,25,23,0,24,44
2021,4,2021-09-18,Elliði,ÍH,1,2,553,7,7,23,22,0,6,59
2021,4,2021-09-18,KFG,Sindri,4,2,554,7,7,22,23,0,22,41
2021,4,2021-09-18,Einherji,Víðir,0,0,555,7,7,22,23,0,5,51
2021,4,2021-09-18,Höttur/Huginn,Ægir,1,2,556,7,7,22,23,0,18,56
2021,1,2021-09-19,Leiknir R.,Keflavík,0,1,557,8,4,22,24,0,35,28
2021,1,2021-09-19,ÍA,Fylkir,5,0,558,4,4,24,23,0,57,11
2021,1,2021-09-19,KR,Víkingur R.,1,2,559,8,4,23,24,0,26,49
2021,1,2021-09-19,FH,Breiðablik,1,0,560,6,8,23,22,0,7,3
2021,1,2021-09-19,Valur,KA,1,4,561,4,8,24,23,0,46,19
2021,2,2021-09-19,ÍBV,Vestri,1,2,562,8,4,23,25,0,58,47
2021,1,2021-09-20,HK,Stjarnan,1,0,563,5,7,24,22,0,14,43
2021,2,2021-09-23,Grótta,ÍBV,2,3,564,8,4,24,24,0,13,58
2021,2,2021-09-24,Vestri,Kórdrengir,3,3,565,5,13,26,22,0,47,33
2021,1,2021-09-25,Keflavík,ÍA,2,3,566,6,6,25,25,0,28,57
2021,1,2021-09-25,Stjarnan,KR,0,2,567,5,6,23,24,0,43,26
2021,1,2021-09-25,Víkingur R.,Leiknir R.,2,0,568,6,6,25,23,0,49,35
2021,1,2021-09-25,KA,FH,2,2,569,6,6,24,24,0,19,7
2021,1,2021-09-25,Breiðablik,HK,3,0,570,6,5,23,25,0,3,14
2021,1,2021-09-25,Fylkir,Valur,0,6,571,6,6,24,25,0,11,46
2021,6,2021-10-02,ÍA,Keflavík,2,0,572,7,7,26,26,0,57,28
2021,6,2021-10-02,Vestri,Víkingur R.,0,3,573,8,7,27,26,0,47,49
2021,6,2021-10-16,ÍA,Víkingur R.,0,3,574,14,14,27,27,0,57,49
2022,7,2022-02-09,Valur,Þróttur V.,5,0,575,100,100,26,25,1,46,63
2022,7,2022-02-09,Keflavík,Leiknir R.,2,3,576,100,100,27,24,1,28,35
2022,7,2022-02-11,Afturelding,KR,0,5,577,100,100,24,25,1,1,26
2022,7,2022-02-12,HK,ÍBV,1,2,578,100,100,26,25,1,14,58
2022,7,2022-02-12,Fjölnir,KV,0,1,579,100,100,26,24,1,9,27
2022,7,2022-02-12,ÍA,Þór,3,1,580,100,100,28,26,1,57,64
2022,7,2022-02-12,Fylkir,Fram,1,1,581,100,100,25,25,1,11,10
2022,7,2022-02-12,FH,Selfoss,2,0,582,100,100,25,23,1,7,40
2022,7,2022-02-12,Grindavík,KA,0,2,583,100,100,25,25,1,12,19
2022,7,2022-02-13,Valur,Grótta,3,0,584,4,100,27,25,0,46,13
2022,7,2022-02-15,Víkingur R.,Þróttur V.,4,0,585,100,6,28,26,1,49,63
2022,7,2022-02-18,Valur,ÍBV,1,1,586,5,6,28,26,0,46,58
2022,7,2022-02-18,Leiknir R.,Vestri,2,2,587,9,100,25,28,0,35,47
2022,7,2022-02-18,Kári,Víkingur Ó.,3,4,588,100,100,25,25,1,32,50
2022,7,2022-02-18,KH,KFS,1,0,589,100,100,2,26,1,25,24
2022,7,2022-02-18,Augnablik,Ægir,2,6,590,100,100,25,24,1,2,56
2022,7,2022-02-19,Grótta,Þróttur V.,2,2,591,6,4,26,27,0,13,63
2022,7,2022-02-19,HK,Víkingur R.,1,3,592,7,4,27,29,0,14,49
2022,7,2022-02-19,ÍA,KV,4,0,593,7,7,29,25,0,57,27
2022,7,2022-02-19,Þór,Stjarnan,1,1,594,7,100,27,24,0,64,43
2022,7,2022-02-19,Fylkir,Grindavík,2,0,595,7,7,26,26,0,11,12
2022,7,2022-02-19,Fram,Selfoss,6,2,596,7,7,26,24,0,10,40
2022,7,2022-02-19,KA,FH,1,1,597,7,7,26,26,0,19,7
2022,7,2022-02-19,Vængir Júpiters,Sindri,5,3,598,7,100,1,24,1,48,41
2022,7,2022-02-19,Njarðvík,Kormákur/Hvöt,9,0,599,100,7,25,1,1,37,29
2022,7,2022-02-19,Haukar,ÍH,0,3,600,100,100,25,23,1,16,59
2022,7,2022-02-19,Dalvík/Reynir,Magni,2,1,601,100,100,24,24,1,4,36
2022,7,2022-02-20,KR,Vestri,6,1,602,9,2,26,29,0,26,47
2022,7,2022-02-20,KFG,Elliði,3,3,603,100,100,23,24,1,22,6
2022,7,2022-02-24,Valur,Víkingur R.,1,3,604,6,5,29,30,0,46,49
2022,7,2022-02-24,Fylkir,Selfoss,4,0,605,5,5,27,25,0,11,40
2022,7,2022-02-25,HK,Þróttur V.,4,0,606,6,6,28,28,0,14,63
2022,7,2022-02-25,Fjölnir,Stjarnan,1,3,607,13,6,27,25,0,9,43
2022,7,2022-02-25,FH,Grindavík,4,1,608,6,6,27,27,0,7,12
2022,7,2022-02-25,KH,ÍR,1,4,609,7,100,3,27,0,25,60
2022,7,2022-02-25,Kári,Víðir,3,1,610,7,100,26,24,0,32,51
2022,7,2022-02-26,Þór,KV,3,3,611,7,7,28,26,0,64,27
2022,7,2022-02-26,Breiðablik,ÍA,3,1,612,100,7,24,30,1,3,57
2022,7,2022-02-26,KR,Keflavík,1,1,613,6,17,27,28,0,26,28
2022,7,2022-02-26,Augnablik,Vængir Júpiters,1,4,614,8,7,26,2,0,2,48
2022,7,2022-02-26,Þróttur R.,Ægir,4,0,615,100,8,24,25,1,62,56
2022,7,2022-02-26,Njarðvík,Haukar,6,1,616,7,7,26,26,0,37,16
2022,7,2022-02-26,ÍH,KFG,1,2,617,7,6,24,24,0,59,22
2022,7,2022-02-27,Grótta,ÍBV,3,6,618,8,9,27,27,0,13,58
2022,7,2022-02-27,KA,Fram,1,0,619,8,8,27,27,0,19,10
2022,7,2022-02-27,KFS,Víkingur Ó.,4,3,620,9,9,27,26,0,24,50
2022,7,2022-02-27,Elliði,Kormákur/Hvöt,3,0,621,7,8,25,2,0,6,29
2022,7,2022-02-27,KF,Höttur/Huginn,2,3,622,100,100,25,23,1,20,18
2022,7,2022-03-01,Breiðablik,Fjölnir,4,2,623,3,4,25,28,0,3,9
2022,7,2022-03-02,HK,Valur,0,2,624,5,6,29,30,0,14,46
2022,7,2022-03-02,Keflavík,Afturelding,5,0,625,4,19,29,25,0,28,1
2022,7,2022-03-02,Fylkir,KA,2,2,626,6,3,28,28,0,11,19
2022,7,2022-03-03,Leiknir R.,KR,3,5,627,13,5,26,28,0,35,26
2022,7,2022-03-03,Selfoss,Grindavík,2,0,628,7,6,26,28,0,40,12
2022,7,2022-03-04,Víkingur R.,Grótta,3,0,629,8,5,31,28,0,49,13
2022,7,2022-03-04,Vængir Júpiters,Þróttur R.,2,1,630,6,6,3,25,0,48,62
2022,7,2022-03-05,Þróttur V.,ÍBV,0,5,631,8,6,29,28,0,63,58
2022,7,2022-03-05,ÍA,Fjölnir,3,1,632,7,4,31,29,0,57,9
2022,7,2022-03-05,KV,Stjarnan,0,5,633,7,8,27,26,0,27,43
2022,7,2022-03-05,FH,Fram,7,1,634,8,6,28,28,0,7,10
2022,7,2022-03-05,ÍR,Kári,4,1,635,8,8,28,27,0,60,32
2022,7,2022-03-05,Víkingur Ó.,KH,1,3,636,6,8,27,4,0,50,25
2022,7,2022-03-05,Augnablik,Sindri,5,8,637,7,14,27,25,0,2,41
2022,7,2022-03-05,Elliði,Haukar,0,4,638,6,7,26,27,0,6,16
2022,7,2022-03-06,Þór,Breiðablik,1,2,639,8,5,29,26,0,64,3
2022,7,2022-03-06,Víðir,KFS,2,2,640,9,7,25,28,0,51,24
2022,7,2022-03-06,Ægir,Reynir S.,2,0,641,8,100,26,24,0,56,39
2022,7,2022-03-06,Völsungur,KF,1,0,642,100,7,25,26,1,52,20
2022,7,2022-03-09,Afturelding,Leiknir R.,0,5,643,7,6,26,27,0,1,35
2022,7,2022-03-09,Reynir S.,Sindri,4,2,644,3,4,25,26,0,39,41
2022,7,2022-03-10,Stjarnan,Breiðablik,4,1,645,5,4,27,27,0,43,3
2022,7,2022-03-10,Fylkir,FH,0,3,646,8,5,29,29,0,11,7
2022,7,2022-03-10,Elliði,ÍH,6,3,647,5,12,27,25,0,6,59
2022,7,2022-03-11,Víkingur R.,ÍBV,2,0,648,7,6,32,29,0,49,58
2022,7,2022-03-11,Fjölnir,Þór,1,2,649,6,5,30,30,0,9,64
2022,7,2022-03-11,Vestri,Keflavík,1,3,650,19,9,30,30,0,47,28
2022,7,2022-03-11,KFG,Njarðvík,1,3,651,13,13,25,27,0,22,37
2022,7,2022-03-12,Grótta,HK,2,3,652,8,10,29,30,0,13,14
2022,7,2022-03-12,Þróttur R.,Reynir S.,5,0,653,8,3,26,26,0,62,39
2022,7,2022-03-12,Haukar,Kormákur/Hvöt,3,0,654,7,13,28,3,0,16,29
2022,7,2022-03-12,Dalvík/Reynir,KF,1,0,655,21,6,25,27,0,4,20
2022,7,2022-03-12,Höttur/Huginn,Magni,2,3,656,13,21,24,25,0,18,36
2022,7,2022-03-13,Breiðablik,KV,3,0,657,3,8,28,28,0,3,27
2022,7,2022-03-13,Afturelding,Vestri,1,0,658,4,2,27,31,0,1,47
2022,7,2022-03-13,KA,Selfoss,2,3,659,11,10,29,27,0,19,40
2022,7,2022-03-13,ÍR,Víðir,3,0,660,8,7,29,26,0,60,51
2022,7,2022-03-13,Sindri,Ægir,1,1,661,4,7,27,27,0,41,56
2022,7,2022-03-14,Stjarnan,ÍA,3,0,662,4,9,28,32,0,43,57
2022,7,2022-03-15,Fram,Grindavík,3,5,663,10,12,29,29,0,10,12
2022,7,2022-03-15,Víkingur R.,KR,1,0,664,4,12,33,29,0,49,26
2022,7,2022-03-17,Vængir Júpiters,Ægir,1,4,665,13,4,4,28,0,48,56
2022,7,2022-03-19,Stjarnan,FH,1,3,666,5,9,29,30,0,43,7
2022,7,2022-03-19,Víðir,Víkingur Ó.,3,3,667,6,14,27,28,0,51,50
2022,7,2022-03-19,Kári,KH,2,1,668,14,14,28,5,0,32,25
2022,7,2022-03-19,ÍR,KFS,3,1,669,6,13,30,29,0,60,24
2022,7,2022-03-19,Njarðvík,Elliði,7,1,670,8,9,28,28,0,37,6
2022,7,2022-03-19,ÍH,Kormákur/Hvöt,5,4,671,9,7,26,4,0,59,29
2022,7,2022-03-19,Haukar,KFG,2,1,672,7,8,29,26,0,16,22
2022,7,2022-03-19,Völsungur,Höttur/Huginn,3,2,673,13,7,26,25,0,52,18
2022,7,2022-03-20,Þróttur R.,Sindri,1,1,674,8,7,27,28,0,62,41
2022,7,2022-03-20,Augnablik,Reynir S.,1,8,675,15,8,28,27,0,2,39
2022,7,2022-03-20,KF,Magni,3,2,676,8,8,28,26,0,20,36
2022,7,2022-03-23,Völsungur,Dalvík/Reynir,2,3,677,4,11,27,26,0,52,4
2022,7,2022-03-24,Vængir Júpiters,Reynir S.,1,2,678,7,4,5,28,0,48,39
2022,7,2022-03-24,Þróttur R.,Augnablik,6,0,679,4,4,28,29,0,62,2
2022,7,2022-03-25,Víkingur R.,FH,1,2,680,10,6,34,31,0,49,7
2022,7,2022-03-25,KH,Víðir,0,2,681,6,6,6,28,0,25,51
2022,7,2022-03-25,ÍH,Njarðvík,2,4,682,6,6,27,29,0,59,37
2022,7,2022-03-26,Víkingur Ó.,ÍR,0,3,683,7,7,29,31,0,50,60
2022,7,2022-03-26,Höttur/Huginn,Dalvík/Reynir,2,1,684,7,3,26,27,0,18,4
2022,7,2022-03-26,Völsungur,Magni,1,1,685,3,6,28,27,0,52,36
2022,7,2022-03-27,KFS,Kári,3,3,686,8,8,30,29,0,24,32
2022,7,2022-03-27,KFG,Kormákur/Hvöt,5,0,687,8,8,27,5,0,22,29
2022,7,2022-04-01,ÍR,Þróttur R.,3,0,688,6,8,32,29,0,60,62
2022,7,2022-04-02,Njarðvík,Völsungur,1,0,689,8,7,30,29,0,37,52
2022,6,2022-04-08,Reynir S.,Árbær,6,1,690,15,7,29,1,0,39,55
2022,6,2022-04-08,Grótta,KH,8,0,691,27,14,30,7,0,13,25
2022,6,2022-04-08,KFK,Þróttur R.,0,1,692,7,7,1,30,1,23,62
2022,6,2022-04-08,Elliði,Grindavík,0,6,693,20,24,29,30,0,6,12
2022,6,2022-04-08,KFG,Augnablik,2,2,694,12,15,28,30,0,22,2
2022,6,2022-04-08,Afturelding,Ýmir,5,0,695,26,7,28,1,0,1,61
2022,6,2022-04-09,Kári,Árborg,3,0,696,13,100,30,2,0,32,54
2022,6,2022-04-09,Kormákur/Hvöt,Dalvík/Reynir,0,3,697,13,14,6,28,0,29,4
2022,6,2022-04-10,Þróttur V.,ÍR,0,1,698,36,9,30,33,0,63,60
2022,6,2022-04-13,Njarðvík,Fjölnir,1,1,699,11,33,31,31,0,37,9
2022,6,2022-04-14,Tindastóll,KF,0,4,700,100,25,24,29,1,44,20
2022,1,2022-04-18,Víkingur R.,FH,2,1,701,24,24,35,32,0,49,7
2022,1,2022-04-19,Valur,ÍBV,2,1,702,48,39,31,30,0,46,58
2022,1,2022-04-19,Stjarnan,ÍA,2,2,703,31,36,30,33,0,43,57
2022,1,2022-04-19,Breiðablik,Keflavík,4,1,704,37,39,29,31,0,3,28
2022,1,2022-04-20,KA,Leiknir R.,1,0,705,38,42,30,28,0,19,35
2022,1,2022-04-20,Fram,KR,1,4,706,36,36,30,30,0,10,26
2022,6,2022-04-21,Ægir,KFS,1,0,707,35,25,29,31,0,56,24
2022,6,2022-04-21,KF,Magni,0,2,708,7,26,30,28,0,20,36
2022,6,2022-04-22,Njarðvík,KFG,5,2,709,9,14,32,29,0,37,22
2022,6,2022-04-22,Afturelding,Vængir Júpiters,3,1,710,14,29,29,6,0,1,48
2022,6,2022-04-23,Völsungur,Dalvík/Reynir,2,5,711,21,14,30,29,0,52,4
2022,6,2022-04-23,KV,Grindavík,2,3,712,41,15,29,31,0,27,12
2022,6,2022-04-23,KÁ,Haukar,0,5,713,100,35,2,30,1,31,16
2022,6,2022-04-23,Þróttur R.,HK,0,3,714,15,42,31,31,0,62,14
2022,6,2022-04-23,Hamar,Selfoss,0,2,715,100,41,2,28,1,15,40
2022,6,2022-04-23,Sindri,KFA,2,0,716,34,7,29,1,0,41,21
2022,6,2022-04-23,Vestri,Víðir,2,0,717,41,29,32,29,0,47,51
2022,6,2022-04-23,Kári,Víkingur Ó.,2,1,718,14,28,31,30,0,32,50
2022,1,2022-04-24,ÍBV,KA,0,3,719,5,4,31,31,0,58,19
2022,1,2022-04-24,Leiknir R.,Stjarnan,0,3,720,4,5,29,31,0,35,43
2022,1,2022-04-24,ÍA,Víkingur R.,3,0,721,5,6,34,36,0,57,49
2022,1,2022-04-24,Keflavík,Valur,0,1,722,5,5,32,32,0,28,46
2022,1,2022-04-25,FH,Fram,4,2,723,7,5,33,31,0,7,10
2022,1,2022-04-25,KR,Breiðablik,0,1,724,5,6,31,30,0,26,3
2022,6,2022-04-25,Hvíti riddarinn,RB,6,0,725,100,7,3,1,1,17,38
2022,1,2022-04-28,Víkingur R.,Keflavík,4,1,726,4,4,37,33,0,49,28
2022,7,2022-04-29,ÍR,Njarðvík,1,1,727,19,7,34,33,0,60,37
2022,1,2022-04-30,Valur,KR,2,1,728,6,5,33,32,0,46,26
2022,1,2022-05-01,ÍBV,Leiknir R.,1,1,729,7,7,32,30,0,58,35
2022,1,2022-05-01,Breiðablik,FH,3,0,730,6,6,31,34,0,3,7
2022,1,2022-05-02,KA,Keflavík,3,2,731,8,4,32,34,0,19,28
2022,1,2022-05-02,Fram,ÍA,1,1,732,7,8,32,35,0,10,57
2022,1,2022-05-02,Víkingur R.,Stjarnan,4,5,733,4,8,38,32,0,49,43
2022,2,2022-05-05,Fylkir,KV,3,1,734,56,12,30,30,0,11,27
2022,2,2022-05-05,HK,Selfoss,2,3,735,12,12,32,29,0,14,40
2022,1,2022-05-06,FH,Valur,2,2,736,5,6,35,34,0,7,46
2022,2,2022-05-06,Þór,Kórdrengir,1,0,737,56,100,31,23,0,64,33
2022,2,2022-05-06,Afturelding,Grindavík,1,1,738,14,13,30,32,0,1,12
2022,2,2022-05-06,Þróttur V.,Fjölnir,0,3,739,26,23,31,32,0,63,9
2022,3,2022-05-06,Reynir S.,Haukar,0,1,740,28,13,30,31,0,39,16
2022,4,2022-05-06,Vængir Júpiters,Kormákur/Hvöt,2,1,741,14,27,7,7,0,48,29
2022,4,2022-05-06,KFG,Víðir,0,1,742,14,13,30,30,0,22,51
2022,1,2022-05-07,ÍA,Breiðablik,1,5,743,5,6,36,32,0,57,3
2022,1,2022-05-07,Keflavík,ÍBV,3,3,744,5,6,35,33,0,28,58
2022,1,2022-05-07,KR,KA,0,0,745,7,5,33,33,0,26,19
2022,1,2022-05-07,Stjarnan,Fram,1,1,746,5,5,33,33,0,43,10
2022,2,2022-05-07,Grótta,Vestri,5,0,747,29,14,31,33,0,13,47
2022,3,2022-05-07,Víkingur Ó.,Völsungur,1,3,748,14,14,31,31,0,50,52
2022,3,2022-05-07,Þróttur R.,Njarðvík,0,4,749,14,8,32,34,0,62,37
2022,3,2022-05-07,ÍR,Höttur/Huginn,3,0,750,8,42,35,27,0,60,18
2022,3,2022-05-07,KFA,KF,2,2,751,14,16,2,31,0,21,20
2022,3,2022-05-07,Magni,Ægir,0,1,752,16,16,29,30,0,36,56
2022,4,2022-05-07,Dalvík/Reynir,KH,4,0,753,14,29,30,8,0,4,25
2022,4,2022-05-07,Elliði,Augnablik,1,1,754,29,29,30,31,0,6,2
2022,4,2022-05-07,KFS,ÍH,2,1,755,16,43,32,28,0,24,59
2022,4,2022-05-07,Sindri,Kári,1,1,756,14,14,30,32,0,41,32
2022,1,2022-05-08,Leiknir R.,Víkingur R.,0,0,757,7,6,31,39,0,35,49
2022,1,2022-05-11,ÍBV,KR,1,2,758,4,4,34,34,0,58,26
2022,1,2022-05-11,Valur,ÍA,4,0,759,5,4,35,37,0,46,57
2022,1,2022-05-11,KA,FH,1,0,760,4,5,34,36,0,19,7
2022,1,2022-05-11,Breiðablik,Stjarnan,3,2,761,4,4,33,34,0,3,43
2022,1,2022-05-12,Keflavík,Leiknir R.,3,0,762,5,4,36,32,0,28,35
2022,1,2022-05-12,Víkingur R.,Fram,4,1,763,4,5,40,34,0,49,10
2022,2,2022-05-12,Grindavík,Þróttur V.,3,0,764,6,6,33,32,0,12,63
2022,2,2022-05-12,KV,HK,1,3,765,7,7,31,33,0,27,14
2022,2,2022-05-13,Kórdrengir,Fylkir,1,1,766,7,8,24,31,0,33,11
2022,2,2022-05-13,Selfoss,Grótta,2,1,767,8,6,30,32,0,40,13
2022,2,2022-05-13,Fjölnir,Þór,4,1,768,7,7,33,32,0,9,64
2022,3,2022-05-13,Ægir,Víkingur Ó.,0,0,769,6,6,31,32,0,56,50
2022,4,2022-05-13,Augnablik,KFG,0,2,770,6,7,32,31,0,2,22
2022,4,2022-05-13,KH,Elliði,0,1,771,6,6,9,31,0,25,6
2022,2,2022-05-14,Afturelding,Vestri,0,2,772,8,7,31,34,0,1,47
2022,3,2022-05-14,Höttur/Huginn,Þróttur R.,0,2,773,7,7,28,33,0,18,62
2022,3,2022-05-14,Völsungur,Reynir S.,3,1,774,7,8,32,31,0,52,39
2022,3,2022-05-14,Haukar,KFA,1,0,775,8,7,32,3,0,16,21
2022,3,2022-05-14,Njarðvík,Magni,5,0,776,7,7,35,30,0,37,36
2022,3,2022-05-14,KF,ÍR,0,0,777,7,7,32,36,0,20,60
2022,4,2022-05-14,ÍH,Kormákur/Hvöt,2,3,778,7,8,29,8,0,59,29
2022,4,2022-05-14,Víðir,Sindri,2,1,779,8,7,31,31,0,51,41
2022,4,2022-05-14,Kári,KFS,3,0,780,7,7,33,33,0,32,24
2022,4,2022-05-14,Vængir Júpiters,Dalvík/Reynir,0,2,781,8,7,8,31,0,48,4
2022,1,2022-05-15,FH,ÍBV,2,0,782,4,4,37,35,0,7,58
2022,1,2022-05-15,ÍA,KA,0,3,783,4,4,38,35,0,57,19
2022,1,2022-05-15,Stjarnan,Valur,1,0,784,4,4,35,36,0,43,46
2022,1,2022-05-16,Víkingur R.,Breiðablik,0,3,785,4,5,41,34,0,49,3
2022,1,2022-05-16,Leiknir R.,Fram,1,2,786,4,4,33,35,0,35,10
2022,1,2022-05-16,KR,Keflavík,1,0,787,5,4,35,37,0,26,28
2022,2,2022-05-19,Grótta,HK,2,0,788,6,7,33,34,0,13,14
2022,2,2022-05-19,Fylkir,Fjölnir,5,2,789,6,6,32,34,0,11,9
2022,2,2022-05-20,Kórdrengir,KV,2,0,790,7,8,25,32,0,33,27
2022,2,2022-05-20,Þór,Grindavík,1,1,791,7,8,33,34,0,64,12
2022,2,2022-05-20,Afturelding,Selfoss,1,1,792,6,7,32,31,0,1,40
2022,3,2022-05-20,KFA,Völsungur,1,1,793,6,6,4,33,0,21,52
2022,3,2022-05-20,Reynir S.,Ægir,0,2,794,6,7,32,32,0,39,56
2022,3,2022-05-20,Þróttur R.,ÍR,2,1,795,6,6,34,37,0,62,60
2022,3,2022-05-20,Magni,Höttur/Huginn,3,2,796,6,6,31,29,0,36,18
2022,4,2022-05-20,Elliði,Vængir Júpiters,0,1,797,7,6,32,9,0,6,48
2022,4,2022-05-20,Augnablik,Víðir,2,1,798,7,6,33,32,0,2,51
2022,4,2022-05-20,KFG,KH,3,1,799,7,7,32,10,0,22,25
2022,1,2022-05-21,KR,Leiknir R.,1,1,800,5,5,36,34,0,26,35
2022,1,2022-05-21,KA,Stjarnan,0,2,801,6,6,36,36,0,19,43
2022,1,2022-05-21,ÍBV,ÍA,0,0,802,6,6,36,39,0,58,57
2022,2,2022-05-21,Þróttur V.,Vestri,1,1,803,9,7,33,35,0,63,47
2022,3,2022-05-21,Haukar,KF,2,2,804,7,7,33,33,0,16,20
2022,3,2022-05-21,Víkingur Ó.,Njarðvík,1,3,805,8,7,33,36,0,50,37
2022,4,2022-05-21,Dalvík/Reynir,ÍH,4,3,806,7,7,32,30,0,4,59
2022,4,2022-05-21,KFS,Sindri,2,3,807,7,7,34,32,0,24,41
2022,4,2022-05-21,Kormákur/Hvöt,Kári,3,0,808,7,7,9,34,0,29,32
2022,1,2022-05-22,Keflavík,FH,2,1,809,6,7,38,38,0,28,7
2022,1,2022-05-22,Breiðablik,Fram,4,3,810,6,6,35,36,0,3,10
2022,1,2022-05-22,Valur,Víkingur R.,1,3,811,7,6,37,42,0,46,49
2022,6,2022-05-24,Höttur/Huginn,Ægir,1,3,812,4,4,30,33,0,18,56
2022,6,2022-05-24,Selfoss,Magni,1,1,813,4,4,32,32,0,40,36
2022,6,2022-05-24,Vestri,Afturelding,1,1,814,3,4,36,33,0,47,1
2022,6,2022-05-24,Sindri,ÍA,3,5,815,3,3,33,40,0,41,57
2022,6,2022-05-24,HK,Grótta,3,1,816,5,5,35,34,0,14,13
2022,6,2022-05-24,Grindavík,ÍR,1,2,817,4,4,35,38,0,12,60
2022,6,2022-05-24,Dalvík/Reynir,Þór,2,0,818,3,4,33,34,0,4,64
2022,6,2022-05-25,Fylkir,ÍBV,2,1,819,6,4,33,37,0,11,58
2022,6,2022-05-25,Keflavík,Njarðvík,1,4,820,3,4,39,37,0,28,37
2022,6,2022-05-25,FH,Kári,3,0,821,3,4,39,35,0,7,32
2022,6,2022-05-25,Stjarnan,KR,0,3,822,4,4,37,37,0,43,26
2022,6,2022-05-26,Fram,Leiknir R.,2,2,823,4,5,37,35,0,10,35
2022,6,2022-05-26,KA,Reynir S.,4,1,824,5,6,37,33,0,19,39
2022,6,2022-05-26,Haukar,Víkingur R.,0,7,825,5,4,34,43,0,16,49
2022,6,2022-05-26,Breiðablik,Valur,6,2,826,4,4,36,38,0,3,46
2022,2,2022-05-27,Fjölnir,Kórdrengir,1,1,827,8,7,35,26,0,9,33
2022,2,2022-05-27,HK,Afturelding,2,0,828,3,3,36,34,0,14,1
2022,2,2022-05-27,Selfoss,Þróttur V.,4,0,829,3,6,33,34,0,40,63
2022,4,2022-05-27,KH,Augnablik,0,2,830,7,7,11,34,0,25,2
2022,4,2022-05-27,ÍH,Elliði,1,3,831,6,7,31,33,0,59,6
2022,2,2022-05-28,Vestri,Þór,3,3,832,4,4,37,35,0,47,64
2022,2,2022-05-28,Grótta,KV,5,1,833,4,8,35,33,0,13,27
2022,2,2022-05-28,Grindavík,Fylkir,1,0,834,4,3,36,34,0,12,11
2022,3,2022-05-28,Höttur/Huginn,Víkingur Ó.,0,0,835,4,7,31,34,0,18,50
2022,3,2022-05-28,ÍR,Magni,1,1,836,4,4,39,33,0,60,36
2022,3,2022-05-28,Ægir,KFA,3,0,837,4,8,34,5,0,56,21
2022,3,2022-05-28,KF,Þróttur R.,1,1,838,7,8,34,35,0,20,62
2022,4,2022-05-28,Sindri,Kormákur/Hvöt,2,1,839,4,7,34,10,0,41,29
2022,4,2022-05-28,Vængir Júpiters,KFG,2,3,840,8,8,10,33,0,48,22
2022,4,2022-05-28,Víðir,KFS,6,2,841,8,7,33,35,0,51,24
2022,4,2022-05-28,Kári,Dalvík/Reynir,0,2,842,3,4,36,34,0,32,4
2022,1,2022-05-29,Fram,Valur,3,2,843,3,3,38,39,0,10,46
2022,1,2022-05-29,Víkingur R.,KA,2,1,844,3,3,44,38,0,49,19
2022,1,2022-05-29,Stjarnan,ÍBV,1,0,845,4,4,38,38,0,43,58
2022,1,2022-05-29,ÍA,Keflavík,0,2,846,5,4,41,40,0,57,28
2022,1,2022-05-29,FH,KR,2,3,847,4,4,40,38,0,7,26
2022,1,2022-05-29,Leiknir R.,Breiðablik,1,2,848,3,3,36,37,0,35,3
2022,3,2022-05-29,Völsungur,Haukar,3,1,849,9,3,34,35,0,52,16
2022,3,2022-05-30,Njarðvík,Reynir S.,3,0,850,5,4,38,34,0,37,39
2022,2,2022-06-03,Þór,Selfoss,0,2,851,6,7,36,34,0,64,40
2022,2,2022-06-03,Fjölnir,KV,3,1,852,7,6,36,34,0,9,27
2022,2,2022-06-03,Kórdrengir,Grindavík,1,1,853,7,6,27,37,0,33,12
2022,2,2022-06-03,Afturelding,Grótta,2,2,854,7,6,35,36,0,1,13
2022,3,2022-06-03,Haukar,Ægir,0,1,855,5,6,36,35,0,16,56
2022,3,2022-06-03,Víkingur Ó.,ÍR,1,2,856,6,6,35,40,0,50,60
2022,3,2022-06-03,Völsungur,KF,3,2,857,5,6,35,35,0,52,20
2022,4,2022-06-03,KFG,ÍH,4,2,858,6,7,34,32,0,22,59
2022,4,2022-06-03,Augnablik,Vængir Júpiters,3,2,859,7,6,35,11,0,2,48
2022,4,2022-06-03,KH,Víðir,2,1,860,7,6,12,34,0,25,51
2022,4,2022-06-03,Elliði,Kári,2,0,861,7,6,34,37,0,6,32
2022,2,2022-06-04,Fylkir,Vestri,5,0,862,7,7,35,38,0,11,47
2022,3,2022-06-04,Magni,Þróttur R.,0,4,863,7,7,34,36,0,36,62
2022,3,2022-06-04,Reynir S.,Höttur/Huginn,3,4,864,5,7,35,32,0,39,18
2022,3,2022-06-04,KFA,Njarðvík,2,3,865,7,5,6,39,0,21,37
2022,4,2022-06-04,Dalvík/Reynir,Sindri,1,3,866,7,7,35,35,0,4,41
2022,4,2022-06-04,Kormákur/Hvöt,KFS,1,2,867,7,7,11,36,0,29,24
2022,2,2022-06-09,KV,Afturelding,2,1,868,6,6,35,36,0,27,1
2022,2,2022-06-09,Grindavík,Fjölnir,2,2,869,6,6,38,37,0,12,9
2022,2,2022-06-09,Selfoss,Fylkir,2,2,870,6,5,35,36,0,40,11
2022,3,2022-06-09,ÍR,Reynir S.,2,1,871,6,5,41,36,0,60,39
2022,3,2022-06-09,Þróttur R.,Víkingur Ó.,3,0,872,5,6,37,36,0,62,50
2022,3,2022-06-09,Höttur/Huginn,KFA,2,2,873,5,5,33,7,0,18,21
2022,3,2022-06-09,Njarðvík,Haukar,2,2,874,5,6,40,37,0,37,16
2022,3,2022-06-09,KF,Magni,4,0,875,6,5,36,35,0,20,36
2022,4,2022-06-09,Vængir Júpiters,KH,2,0,876,6,6,12,13,0,48,25
2022,2,2022-06-11,Vestri,Kórdrengir,2,2,877,7,8,39,28,0,47,33
2022,2,2022-06-11,HK,Þór,3,1,878,15,8,37,37,0,14,64
2022,3,2022-06-11,Ægir,Völsungur,2,1,879,8,8,36,36,0,56,52
2022,4,2022-06-11,KFS,Dalvík/Reynir,2,0,880,7,7,37,36,0,24,4
2022,4,2022-06-11,Sindri,Elliði,4,2,881,7,8,36,35,0,41,6
2022,4,2022-06-11,ÍH,Augnablik,4,0,882,8,8,33,36,0,59,2
2022,4,2022-06-11,Víðir,Kormákur/Hvöt,5,1,883,8,7,35,12,0,51,29
2022,4,2022-06-11,Kári,KFG,2,0,884,8,8,38,35,0,32,22
2022,1,2022-06-15,ÍBV,Víkingur R.,0,3,885,17,17,39,45,0,58,49
2022,1,2022-06-15,KR,ÍA,3,3,886,17,17,39,42,0,26,57
2022,4,2022-06-15,KH,ÍH,2,4,887,6,4,14,34,0,25,59
2022,1,2022-06-16,KA,Fram,2,2,888,18,18,39,39,0,19,10
2022,1,2022-06-16,Keflavík,Stjarnan,2,2,889,18,18,41,39,0,28,43
2022,1,2022-06-16,FH,Leiknir R.,2,2,890,18,18,41,37,0,7,35
2022,1,2022-06-16,Valur,Breiðablik,3,2,891,18,18,40,38,0,46,3
2022,2,2022-06-16,Þór,Grótta,0,1,892,5,13,38,37,0,64,13
2022,2,2022-06-16,Fylkir,HK,0,1,893,7,5,37,38,0,11,14
2022,2,2022-06-16,Þróttur V.,Afturelding,0,1,894,20,7,35,37,0,63,1
2022,2,2022-06-16,Grindavík,KV,2,1,895,7,7,39,36,0,12,27
2022,2,2022-06-16,Kórdrengir,Selfoss,4,3,896,5,7,29,36,0,33,40
2022,3,2022-06-16,Reynir S.,Þróttur R.,0,1,897,7,7,37,38,0,39,62
2022,4,2022-06-16,Augnablik,Kári,2,4,898,5,5,37,39,0,2,32
2022,4,2022-06-16,Dalvík/Reynir,Kormákur/Hvöt,4,2,899,5,5,37,13,0,4,29
2022,4,2022-06-16,Vængir Júpiters,Víðir,1,1,900,7,5,13,36,0,48,51
2022,3,2022-06-17,Völsungur,Njarðvík,2,3,901,6,8,37,41,0,52,37
2022,2,2022-06-18,Fjölnir,Vestri,1,2,902,9,7,38,40,0,9,47
2022,3,2022-06-18,Ægir,KF,5,3,903,7,9,37,37,0,56,20
2022,3,2022-06-18,KFA,ÍR,4,3,904,9,9,8,42,0,21,60
2022,3,2022-06-18,Haukar,Höttur/Huginn,1,0,905,9,9,38,34,0,16,18
2022,3,2022-06-18,Víkingur Ó.,Magni,5,1,906,9,9,37,36,0,50,36
2022,4,2022-06-18,Elliði,KFS,2,0,907,7,7,36,38,0,6,24
2022,4,2022-06-18,KFG,Sindri,2,1,908,7,7,36,37,0,22,41
2022,1,2022-06-20,Fram,ÍBV,3,3,909,4,5,40,40,0,10,58
2022,1,2022-06-20,Stjarnan,KR,1,1,910,4,5,40,40,0,43,26
2022,1,2022-06-20,Breiðablik,KA,4,1,911,4,4,39,40,0,3,19
2022,1,2022-06-21,ÍA,FH,1,1,912,6,5,43,42,0,57,7
2022,1,2022-06-21,Valur,Leiknir R.,2,1,913,5,5,41,38,0,46,35
2022,4,2022-06-21,Víðir,Dalvík/Reynir,2,1,914,5,5,37,38,0,51,4
2022,2,2022-06-22,KV,Þróttur V.,1,1,915,6,6,37,36,0,27,63
2022,3,2022-06-22,Njarðvík,Ægir,6,0,916,5,4,42,38,0,37,56
2022,3,2022-06-22,ÍR,Haukar,0,3,917,4,4,43,39,0,60,16
2022,1,2022-06-23,Breiðablik,KR,4,0,918,3,3,40,41,0,3,26
2022,2,2022-06-23,Grótta,Fylkir,2,5,919,7,7,38,38,0,13,11
2022,2,2022-06-23,HK,Kórdrengir,3,1,920,7,7,39,30,0,14,33
2022,2,2022-06-24,Selfoss,Fjölnir,2,0,921,8,6,37,39,0,40,9
2022,2,2022-06-24,Afturelding,Þór,4,1,922,8,8,38,39,0,1,64
2022,3,2022-06-24,Höttur/Huginn,Völsungur,1,1,923,6,7,35,38,0,18,52
2022,4,2022-06-24,Kári,KH,2,3,924,8,9,40,15,0,32,25
2022,4,2022-06-24,ÍH,Vængir Júpiters,5,3,925,9,8,35,14,0,59,48
2022,2,2022-06-25,Vestri,Grindavík,2,1,926,7,9,41,40,0,47,12
2022,3,2022-06-25,Magni,Reynir S.,0,1,927,7,9,37,38,0,36,39
2022,3,2022-06-25,Þróttur R.,KFA,3,1,928,9,7,39,9,0,62,21
2022,3,2022-06-25,KF,Víkingur Ó.,3,2,929,7,7,38,38,0,20,50
2022,4,2022-06-25,Kormákur/Hvöt,Elliði,3,2,930,9,7,14,37,0,29,6
2022,4,2022-06-25,Sindri,Augnablik,1,1,931,7,9,38,38,0,41,2
2022,4,2022-06-25,KFS,KFG,1,3,932,7,7,39,37,0,24,22
2022,6,2022-06-26,HK,Dalvík/Reynir,6,0,933,3,5,40,39,0,14,4
2022,6,2022-06-26,KA,Fram,4,1,934,6,6,41,41,0,19,10
2022,6,2022-06-26,FH,ÍR,6,1,935,5,4,43,44,0,7,60
2022,6,2022-06-26,Ægir,Fylkir,1,0,936,4,3,39,39,0,56,11
2022,6,2022-06-26,Njarðvík,KR,0,1,937,4,3,43,42,0,37,26
2022,2,2022-06-27,Grótta,Þróttur V.,1,0,938,4,5,39,37,0,13,63
2022,6,2022-06-27,ÍA,Breiðablik,2,3,939,6,4,44,41,0,57,3
2022,6,2022-06-28,Selfoss,Víkingur R.,0,6,940,4,13,38,46,0,40,49
2022,3,2022-06-29,Njarðvík,KF,6,0,941,3,4,44,39,0,37,20
2022,3,2022-06-29,Völsungur,ÍR,3,1,942,5,3,39,45,0,52,60
2022,3,2022-06-29,KFA,Magni,2,0,943,4,4,10,38,0,21,36
2022,3,2022-06-29,Reynir S.,Víkingur Ó.,3,4,944,4,4,39,39,0,39,50
2022,3,2022-06-29,Haukar,Þróttur R.,0,1,945,7,4,40,40,0,16,62
2022,3,2022-06-29,Ægir,Höttur/Huginn,2,0,946,3,5,40,36,0,56,18
2022,2,2022-06-30,Fjölnir,HK,3,1,947,6,4,40,41,0,9,14
2022,2,2022-06-30,Þór,Þróttur V.,5,0,948,6,3,40,38,0,64,63
2022,4,2022-06-30,Vængir Júpiters,Kári,1,2,949,6,6,15,41,0,48,32
2022,1,2022-07-01,KR,Víkingur R.,0,3,950,5,3,43,47,0,26,49
2022,2,2022-07-01,Grindavík,Selfoss,2,2,951,6,3,41,39,0,12,40
2022,2,2022-07-01,Fylkir,Afturelding,2,2,952,5,7,40,39,0,11,1
2022,2,2022-07-01,Kórdrengir,Grótta,1,0,953,8,4,31,40,0,33,13
2022,2,2022-07-01,Vestri,KV,2,4,954,6,9,42,38,0,47,27
2022,4,2022-07-01,Augnablik,KFS,3,2,955,6,6,39,40,0,2,24
2022,4,2022-07-01,ÍH,Víðir,0,2,956,7,10,36,38,0,59,51
2022,1,2022-07-02,ÍBV,Breiðablik,0,0,957,12,5,41,42,0,58,3
2022,3,2022-07-02,Víkingur Ó.,KFA,1,3,958,3,3,40,11,0,50,21
2022,3,2022-07-02,Höttur/Huginn,Njarðvík,1,2,959,3,3,37,45,0,18,37
2022,3,2022-07-02,Reynir S.,KF,1,1,960,3,3,40,40,0,39,20
2022,3,2022-07-02,Magni,Haukar,2,2,961,3,3,39,41,0,36,16
2022,4,2022-07-02,KFG,Kormákur/Hvöt,1,1,962,7,7,38,15,0,22,29
2022,4,2022-07-02,KH,Sindri,1,1,963,8,7,16,39,0,25,41
2022,4,2022-07-02,Elliði,Dalvík/Reynir,5,2,964,7,6,38,40,0,6,4
2022,1,2022-07-03,Keflavík,Fram,3,1,965,17,7,42,42,0,28,10
2022,3,2022-07-03,Þróttur R.,Völsungur,2,1,966,4,4,41,40,0,62,52
2022,1,2022-07-04,KA,Valur,1,1,967,8,13,42,42,0,19,46
2022,1,2022-07-04,Leiknir R.,ÍA,1,0,968,13,7,39,45,0,35,57
2022,1,2022-07-04,FH,Stjarnan,1,1,969,8,14,44,41,0,7,43
2022,3,2022-07-04,ÍR,Ægir,3,2,970,5,5,46,41,0,60,56
2022,2,2022-07-05,Selfoss,Vestri,0,1,971,4,4,40,43,0,40,47
2022,2,2022-07-05,Þór,KV,3,1,972,5,4,41,39,0,64,27
2022,2,2022-07-05,Þróttur V.,Fylkir,0,3,973,5,4,39,41,0,63,11
2022,2,2022-07-05,HK,Grindavík,2,1,974,5,4,42,42,0,14,12
2022,2,2022-07-05,Afturelding,Kórdrengir,2,1,975,4,4,40,32,0,1,33
2022,2,2022-07-05,Grótta,Fjölnir,4,1,976,4,5,41,41,0,13,9
2022,4,2022-07-05,Sindri,Vængir Júpiters,5,2,977,3,5,40,16,0,41,48
2022,4,2022-07-05,Dalvík/Reynir,KFG,1,1,978,3,3,41,39,0,4,22
2022,4,2022-07-05,Elliði,Víðir,1,1,979,3,4,39,39,0,6,51
2022,4,2022-07-05,Kormákur/Hvöt,Augnablik,1,1,980,3,4,16,40,0,29,2
2022,4,2022-07-05,KFS,KH,2,1,981,4,3,41,17,0,24,25
2022,4,2022-07-05,Kári,ÍH,4,2,982,5,4,42,37,0,32,59
2022,3,2022-07-07,Völsungur,Magni,2,2,983,4,5,41,40,0,52,36
2022,3,2022-07-08,Njarðvík,ÍR,2,0,984,6,4,46,47,0,37,60
2022,3,2022-07-08,KF,Höttur/Huginn,1,2,985,6,6,41,38,0,20,18
2022,3,2022-07-08,Haukar,Víkingur Ó.,1,1,986,6,6,42,41,0,16,50
2022,3,2022-07-08,Ægir,Þróttur R.,3,0,987,4,5,42,42,0,56,62
2022,1,2022-07-09,KA,ÍBV,4,3,988,5,7,43,42,0,19,58
2022,1,2022-07-09,Víkingur R.,ÍA,3,2,989,8,5,48,46,0,49,57
2022,2,2022-07-09,Fjölnir,Afturelding,2,1,990,4,4,42,41,0,9,1
2022,2,2022-07-09,Vestri,HK,3,3,991,4,4,44,43,0,47,14
2022,2,2022-07-09,Kórdrengir,Þróttur V.,1,0,992,4,4,33,40,0,33,63
2022,2,2022-07-09,KV,Selfoss,1,2,993,4,4,40,41,0,27,40
2022,2,2022-07-09,Grindavík,Grótta,3,1,994,4,4,43,42,0,12,13
2022,2,2022-07-09,Fylkir,Þór,4,0,995,4,4,42,42,0,11,64
2022,3,2022-07-09,KFA,Reynir S.,4,0,996,7,7,12,41,0,21,39
2022,4,2022-07-09,KH,Kormákur/Hvöt,1,3,997,4,4,18,17,0,25,29
2022,4,2022-07-09,Víðir,Kári,2,2,998,4,4,40,43,0,51,32
2022,4,2022-07-09,ÍH,Sindri,1,3,999,4,4,38,41,0,59,41
2022,4,2022-07-09,KFG,Elliði,7,2,1000,4,4,40,40,0,22,6
2022,4,2022-07-09,Vængir Júpiters,KFS,3,6,1001,4,4,17,42,0,48,24
2022,4,2022-07-10,Augnablik,Dalvík/Reynir,1,2,1002,5,5,41,42,0,2,4
2022,1,2022-07-11,Valur,Keflavík,0,3,1003,7,8,43,43,0,46,28
2022,1,2022-07-11,Fram,FH,1,0,1004,8,7,43,45,0,10,7
2022,1,2022-07-11,Stjarnan,Leiknir R.,0,3,1005,7,7,42,40,0,43,35
2022,2,2022-07-14,HK,KV,4,0,1006,5,5,44,41,0,14,27
2022,2,2022-07-14,Grótta,Selfoss,3,0,1007,5,5,43,42,0,13,40
2022,2,2022-07-14,Þróttur V.,Grindavík,2,0,1008,5,5,41,44,0,63,12
2022,2,2022-07-14,Fylkir,Kórdrengir,4,1,1009,5,5,43,34,0,11,33
2022,2,2022-07-15,Þór,Fjölnir,1,4,1010,6,6,43,43,0,64,9
2022,3,2022-07-15,Víkingur Ó.,Ægir,5,2,1011,7,7,42,43,0,50,56
2022,4,2022-07-15,Dalvík/Reynir,Vængir Júpiters,6,1,1012,5,6,43,18,0,4,48
2022,4,2022-07-15,KFG,Augnablik,0,0,1013,6,5,41,42,0,22,2
2022,4,2022-07-15,Elliði,KH,2,2,1014,6,6,41,19,0,6,25
2022,1,2022-07-16,FH,Víkingur R.,0,3,1015,5,7,46,49,0,7,49
2022,2,2022-07-16,Vestri,Afturelding,1,4,1016,7,7,45,42,0,47,1
2022,3,2022-07-16,KFA,Haukar,1,5,1017,7,8,13,43,0,21,16
2022,3,2022-07-16,Reynir S.,Völsungur,1,1,1018,7,9,42,42,0,39,52
2022,3,2022-07-16,Magni,Njarðvík,1,2,1019,9,8,41,47,0,36,37
2022,3,2022-07-16,Þróttur R.,Höttur/Huginn,3,3,1020,8,8,43,39,0,62,18
2022,3,2022-07-16,ÍR,KF,3,3,1021,8,8,48,42,0,60,20
2022,4,2022-07-16,KFS,Kári,2,1,1022,7,7,43,44,0,24,32
2022,4,2022-07-16,Sindri,Víðir,0,1,1023,7,7,42,41,0,41,51
2022,4,2022-07-16,Kormákur/Hvöt,ÍH,4,0,1024,7,7,18,39,0,29,59
2022,1,2022-07-17,ÍBV,Valur,3,2,1025,8,6,43,44,0,58,46
2022,1,2022-07-17,Leiknir R.,KA,0,5,1026,6,8,41,44,0,35,19
2022,1,2022-07-17,Keflavík,Breiðablik,2,3,1027,6,15,44,43,0,28,3
2022,1,2022-07-17,ÍA,Stjarnan,0,3,1028,8,6,47,43,0,57,43
2022,2,2022-07-17,Þróttur V.,HK,1,2,1029,3,3,42,45,0,63,14
2022,1,2022-07-19,KR,Fram,1,1,1030,18,8,44,44,0,26,10
2022,2,2022-07-21,Fjölnir,Þróttur V.,6,0,1031,6,4,44,43,0,9,63
2022,2,2022-07-21,Selfoss,HK,1,2,1032,7,4,43,46,0,40,14
2022,2,2022-07-21,KV,Fylkir,2,3,1033,7,7,42,44,0,27,11
2022,2,2022-07-21,Grindavík,Afturelding,4,5,1034,7,5,45,43,0,12,1
2022,3,2022-07-21,Haukar,Reynir S.,2,2,1035,5,5,44,43,0,16,39
2022,3,2022-07-21,KF,KFA,4,0,1036,5,5,43,14,0,20,21
2022,2,2022-07-22,Kórdrengir,Þór,2,4,1037,8,7,35,44,0,33,64
2022,3,2022-07-22,Njarðvík,Þróttur R.,2,1,1038,6,6,48,44,0,37,62
2022,4,2022-07-22,Augnablik,Elliði,3,1,1039,7,7,43,42,0,2,6
2022,4,2022-07-22,Víðir,KFG,3,3,1040,6,7,42,42,0,51,22
2022,2,2022-07-23,Vestri,Grótta,3,1,1041,7,9,46,44,0,47,13
2022,3,2022-07-23,Höttur/Huginn,ÍR,1,1,1042,7,7,40,49,0,18,60
2022,3,2022-07-23,Völsungur,Víkingur Ó.,3,1,1043,7,8,43,43,0,52,50
2022,3,2022-07-23,Ægir,Magni,2,1,1044,8,7,44,42,0,56,36
2022,4,2022-07-23,Kári,Sindri,1,4,1045,7,7,45,43,0,32,41
2022,4,2022-07-23,ÍH,KFS,2,2,1046,7,7,40,44,0,59,24
2022,4,2022-07-23,KH,Dalvík/Reynir,2,3,1047,8,8,20,44,0,25,4
2022,4,2022-07-23,Kormákur/Hvöt,Vængir Júpiters,2,0,1048,7,8,19,19,0,29,48
2022,1,2022-07-24,Leiknir R.,ÍBV,1,4,1049,7,7,42,44,0,35,58
2022,1,2022-07-24,Keflavík,KA,1,3,1050,7,7,45,45,0,28,19
2022,1,2022-07-24,FH,Breiðablik,0,0,1051,8,7,47,44,0,7,3
2022,1,2022-07-25,KR,Valur,3,3,1052,6,8,45,45,0,26,46
2022,1,2022-07-25,ÍA,Fram,0,4,1053,8,6,48,45,0,57,10
2022,2,2022-07-26,Fjölnir,Fylkir,0,2,1054,5,5,45,45,0,9,11
2022,2,2022-07-26,Selfoss,Afturelding,1,4,1055,5,5,44,44,0,40,1
2022,2,2022-07-26,KV,Kórdrengir,2,2,1056,5,4,43,36,0,27,33
2022,2,2022-07-27,Grindavík,Þór,1,2,1057,6,5,46,45,0,12,64
2022,2,2022-07-27,HK,Grótta,2,1,1058,6,4,47,45,0,14,13
2022,2,2022-07-27,Vestri,Þróttur V.,4,0,1059,4,6,47,44,0,47,63
2022,3,2022-07-27,KF,Haukar,0,1,1060,6,6,44,45,0,20,16
2022,3,2022-07-27,Njarðvík,Víkingur Ó.,1,3,1061,5,4,49,44,0,37,50
2022,3,2022-07-27,Ægir,Reynir S.,1,1,1062,4,6,45,44,0,56,39
2022,3,2022-07-27,Höttur/Huginn,Magni,3,0,1063,4,4,41,43,0,18,36
2022,3,2022-07-27,Völsungur,KFA,5,2,1064,4,6,44,15,0,52,21
2022,3,2022-07-27,ÍR,Þróttur R.,1,2,1065,4,5,50,45,0,60,62
2022,4,2022-07-27,Sindri,KFS,3,3,1066,4,4,44,45,0,41,24
2022,4,2022-07-27,Kári,Kormákur/Hvöt,3,2,1067,4,4,46,20,0,32,29
2022,4,2022-07-27,Víðir,Augnablik,0,0,1068,5,5,43,44,0,51,2
2022,4,2022-07-27,ÍH,Dalvík/Reynir,0,1,1069,4,4,41,45,0,59,4
2022,4,2022-07-27,Vængir Júpiters,Elliði,4,1,1070,4,5,20,43,0,48,6
2022,4,2022-07-27,KH,KFG,0,1,1071,4,5,21,43,0,25,22
2022,1,2022-07-30,Stjarnan,Víkingur R.,2,2,1072,13,14,44,50,0,43,49
2022,1,2022-07-30,ÍBV,Keflavík,2,2,1073,6,6,45,46,0,58,28
2022,1,2022-08-01,Breiðablik,ÍA,3,1,1074,8,7,45,49,0,3,57
2022,1,2022-08-02,KA,KR,0,1,1075,9,8,46,46,0,19,26
2022,1,2022-08-03,Fram,Stjarnan,2,2,1076,9,4,46,45,0,10,43
2022,1,2022-08-03,Valur,FH,2,0,1077,9,10,46,48,0,46,7
2022,2,2022-08-04,Þróttur V.,Selfoss,1,1,1078,8,9,45,45,0,63,40
2022,4,2022-08-04,Dalvík/Reynir,Kári,2,1,1079,8,8,46,47,0,4,32
2022,2,2022-08-05,Afturelding,HK,0,1,1080,10,9,45,48,0,1,14
2022,2,2022-08-05,KV,Grótta,2,1,1081,10,9,44,46,0,27,13
2022,2,2022-08-05,Kórdrengir,Fjölnir,0,0,1082,10,10,37,46,0,33,9
2022,2,2022-08-05,Fylkir,Grindavík,5,2,1083,10,9,46,47,0,11,12
2022,3,2022-08-05,Reynir S.,Njarðvík,1,0,1084,9,9,45,50,0,39,37
2022,4,2022-08-05,Augnablik,KH,1,2,1085,9,9,45,22,0,2,25
2022,4,2022-08-05,KFG,Vængir Júpiters,3,2,1086,9,9,44,21,0,22,48
2022,2,2022-08-06,Þór,Vestri,1,0,1087,10,10,46,48,0,64,47
2022,3,2022-08-06,Víkingur Ó.,Höttur/Huginn,1,1,1088,10,10,45,42,0,50,18
2022,3,2022-08-06,Magni,ÍR,2,0,1089,10,10,44,51,0,36,60
2022,3,2022-08-06,Haukar,Völsungur,2,2,1090,10,10,46,45,0,16,52
2022,3,2022-08-06,Þróttur R.,KF,6,1,1091,10,10,46,45,0,62,20
2022,4,2022-08-06,KFS,Víðir,2,1,1092,10,10,46,44,0,24,51
2022,4,2022-08-06,Kormákur/Hvöt,Sindri,0,1,1093,10,10,21,45,0,29,41
2022,4,2022-08-06,Elliði,ÍH,3,0,1094,10,10,44,42,0,6,59
2022,1,2022-08-07,KR,ÍBV,4,0,1095,5,8,47,46,0,26,58
2022,1,2022-08-07,FH,KA,0,3,1096,4,5,49,47,0,7,19
2022,1,2022-08-07,Fram,Víkingur R.,3,3,1097,4,8,47,51,0,10,49
2022,1,2022-08-07,Stjarnan,Breiðablik,5,2,1098,4,6,46,46,0,43,3
2022,3,2022-08-07,KFA,Ægir,4,1,1099,11,11,16,46,0,21,56
2022,1,2022-08-08,Leiknir R.,Keflavík,1,2,1100,15,9,43,47,0,35,28
2022,1,2022-08-08,ÍA,Valur,1,2,1101,7,5,50,47,0,57,46
2022,2,2022-08-10,Selfoss,Þór,2,1,1102,6,4,46,47,0,40,64
2022,2,2022-08-10,HK,Þróttur V.,4,1,1103,5,6,49,46,0,14,63
2022,6,2022-08-10,KA,Ægir,3,0,1104,3,3,48,47,0,19,56
2022,4,2022-08-11,Vængir Júpiters,Augnablik,1,2,1105,6,6,22,46,0,48,2
2022,2,2022-08-12,KV,Fjölnir,1,4,1106,7,7,45,47,0,27,9
2022,2,2022-08-12,Grótta,Afturelding,4,2,1107,7,7,47,46,0,13,1
2022,3,2022-08-12,KF,Völsungur,1,2,1108,6,6,46,46,0,20,52
2022,3,2022-08-12,Þróttur R.,Magni,3,2,1109,6,6,47,45,0,62,36
2022,4,2022-08-12,Kári,Elliði,1,0,1110,8,6,48,45,0,32,6
2022,4,2022-08-12,Víðir,KH,1,0,1111,6,7,45,23,0,51,25
2022,4,2022-08-12,ÍH,KFG,1,0,1112,6,7,43,45,0,59,22
2022,2,2022-08-13,Vestri,Fylkir,0,1,1113,7,8,49,47,0,47,11
2022,3,2022-08-13,Njarðvík,KFA,3,1,1114,8,6,51,17,0,37,21
2022,3,2022-08-13,Höttur/Huginn,Reynir S.,5,0,1115,7,8,43,46,0,18,39
2022,3,2022-08-13,ÍR,Víkingur Ó.,2,1,1116,7,7,52,46,0,60,50
2022,4,2022-08-13,KFS,Kormákur/Hvöt,2,1,1117,7,7,47,22,0,24,29
2022,4,2022-08-13,Sindri,Dalvík/Reynir,2,0,1118,7,9,46,47,0,41,4
2022,1,2022-08-14,KA,ÍA,3,0,1119,4,6,49,51,0,19,57
2022,1,2022-08-14,ÍBV,FH,4,1,1120,7,7,47,50,0,58,7
2022,1,2022-08-14,Valur,Stjarnan,6,1,1121,6,7,48,47,0,46,43
2022,2,2022-08-14,Grindavík,Kórdrengir,2,0,1122,9,9,48,38,0,12,33
2022,2,2022-08-14,Þór,HK,2,0,1123,4,4,48,50,0,64,14
2022,1,2022-08-15,Keflavík,KR,0,0,1124,7,8,48,48,0,28,26
2022,1,2022-08-15,Fram,Leiknir R.,4,1,1125,8,7,48,44,0,10,35
2022,1,2022-08-15,Breiðablik,Víkingur R.,1,1,1126,8,8,47,52,0,3,49
2022,3,2022-08-17,Magni,KF,1,2,1127,5,5,46,47,0,36,20
2022,3,2022-08-17,Víkingur Ó.,Þróttur R.,3,3,1128,4,5,47,48,0,50,62
2022,3,2022-08-17,Reynir S.,ÍR,0,0,1129,4,4,47,53,0,39,60
2022,3,2022-08-17,Völsungur,Ægir,2,1,1130,5,7,47,48,0,52,56
2022,3,2022-08-17,KFA,Höttur/Huginn,0,5,1131,4,4,18,44,0,21,18
2022,3,2022-08-17,Haukar,Njarðvík,1,2,1132,11,4,47,52,0,16,37
2022,2,2022-08-18,Þróttur V.,Grótta,0,1,1133,8,6,47,48,0,63,13
2022,2,2022-08-18,Kórdrengir,Vestri,4,0,1134,4,5,39,50,0,33,47
2022,2,2022-08-18,Fjölnir,Grindavík,4,3,1135,6,4,48,49,0,9,12
2022,2,2022-08-18,Afturelding,KV,4,1,1136,6,6,47,46,0,1,27
2022,2,2022-08-18,Fylkir,Selfoss,4,3,1137,5,8,48,47,0,11,40
2022,6,2022-08-18,Víkingur R.,KR,5,3,1138,3,3,53,49,0,49,26
2022,4,2022-08-19,Augnablik,ÍH,0,0,1139,8,7,47,44,0,2,59
2022,4,2022-08-19,KH,Vængir Júpiters,2,1,1140,7,8,24,23,0,25,48
2022,4,2022-08-19,KFG,Kári,2,2,1141,7,7,46,49,0,22,32
2022,6,2022-08-19,HK,Breiðablik,0,1,1142,5,4,51,48,0,14,3
2022,4,2022-08-20,Kormákur/Hvöt,Víðir,1,3,1143,7,8,23,46,0,29,51
2022,4,2022-08-20,Dalvík/Reynir,KFS,5,0,1144,7,7,48,48,0,4,24
2022,4,2022-08-20,Elliði,Sindri,1,3,1145,8,7,46,47,0,6,41
2022,1,2022-08-21,ÍA,ÍBV,2,1,1146,7,7,52,48,0,57,58
2022,1,2022-08-21,Stjarnan,KA,2,4,1147,7,7,48,50,0,43,19
2022,3,2022-08-21,Höttur/Huginn,Haukar,2,1,1148,4,4,45,48,0,18,16
2022,3,2022-08-21,Þróttur R.,Reynir S.,3,1,1149,4,4,49,48,0,62,39
2022,3,2022-08-21,Magni,Víkingur Ó.,3,3,1150,4,4,47,48,0,36,50
2022,3,2022-08-21,ÍR,KFA,4,1,1151,4,4,54,19,0,60,21
2022,3,2022-08-21,KF,Ægir,2,2,1152,4,4,48,49,0,20,56
2022,3,2022-08-21,Njarðvík,Völsungur,3,0,1153,4,4,53,48,0,37,52
2022,1,2022-08-22,Leiknir R.,KR,4,3,1154,7,4,45,50,0,35,26
2022,1,2022-08-22,FH,Keflavík,3,0,1155,8,7,51,49,0,7,28
2022,1,2022-08-22,Fram,Breiðablik,0,2,1156,7,3,49,49,0,10,3
2022,1,2022-08-22,Víkingur R.,Valur,2,2,1157,4,8,54,49,0,49,46
2022,2,2022-08-23,Selfoss,Kórdrengir,0,1,1158,5,5,48,40,0,40,33
2022,2,2022-08-23,KV,Grindavík,1,3,1159,5,5,47,50,0,27,12
2022,2,2022-08-23,Vestri,Fjölnir,4,1,1160,5,5,51,49,0,47,9
2022,2,2022-08-23,HK,Fylkir,0,2,1161,4,5,52,49,0,14,11
2022,2,2022-08-23,Afturelding,Þróttur V.,4,0,1162,5,5,48,48,0,1,63
2022,2,2022-08-23,Grótta,Þór,1,0,1163,5,9,49,49,0,13,64
2022,4,2022-08-23,Sindri,KFG,2,2,1164,3,4,48,47,0,41,22
2022,4,2022-08-23,Víðir,Vængir Júpiters,4,0,1165,3,4,47,24,0,51,48
2022,4,2022-08-23,KFS,Elliði,2,0,1166,3,3,49,47,0,24,6
2022,4,2022-08-23,ÍH,KH,5,2,1167,4,4,45,25,0,59,25
2022,4,2022-08-24,Kári,Augnablik,2,1,1168,5,5,50,48,0,32,2
2022,3,2022-08-26,Ægir,Njarðvík,1,3,1169,5,5,50,54,0,56,37
2022,3,2022-08-26,Haukar,ÍR,0,2,1170,5,5,49,55,0,16,60
2022,2,2022-08-27,Þróttur V.,KV,1,2,1171,4,4,49,48,0,63,27
2022,2,2022-08-27,Grindavík,Vestri,2,2,1172,4,4,51,52,0,12,47
2022,2,2022-08-27,Kórdrengir,HK,1,3,1173,4,4,41,53,0,33,14
2022,2,2022-08-27,Fjölnir,Selfoss,4,1,1174,4,4,50,49,0,9,40
2022,2,2022-08-27,Fylkir,Grótta,5,1,1175,4,4,50,50,0,11,13
2022,2,2022-08-27,Þór,Afturelding,0,0,1176,4,4,50,49,0,64,1
2022,3,2022-08-27,Völsungur,Höttur/Huginn,0,1,1177,6,6,49,46,0,52,18
2022,3,2022-08-27,Reynir S.,Magni,2,0,1178,6,6,49,48,0,39,36
2022,3,2022-08-27,KFA,Þróttur R.,1,3,1179,6,6,20,50,0,21,62
2022,3,2022-08-27,Víkingur Ó.,KF,3,3,1180,6,6,49,49,0,50,20
2022,4,2022-08-27,KFG,KFS,3,0,1181,4,4,48,50,0,22,24
2022,4,2022-08-27,Dalvík/Reynir,Víðir,3,0,1182,7,4,49,48,0,4,51
2022,4,2022-08-27,Augnablik,Sindri,1,2,1183,3,4,49,49,0,2,41
2022,4,2022-08-27,KH,Kári,0,1,1184,4,3,26,51,0,25,32
2022,1,2022-08-28,ÍBV,Stjarnan,3,1,1185,7,7,49,49,0,58,43
2022,1,2022-08-28,KA,Víkingur R.,2,3,1186,7,6,51,55,0,19,49
2022,1,2022-08-28,Keflavík,ÍA,0,1,1187,6,7,50,53,0,28,57
2022,1,2022-08-28,KR,FH,0,0,1188,6,6,51,52,0,26,7
2022,1,2022-08-28,Breiðablik,Leiknir R.,4,0,1189,6,6,50,46,0,3,35
2022,4,2022-08-28,Vængir Júpiters,ÍH,1,0,1190,5,5,25,46,0,48,59
2022,1,2022-08-29,Valur,Fram,1,1,1191,7,7,50,50,0,46,10
2022,3,2022-08-29,Ægir,Haukar,2,0,1192,3,3,51,50,0,56,16
2022,4,2022-08-30,Kormákur/Hvöt,Dalvík/Reynir,0,3,1193,10,3,24,50,0,29,4
2022,6,2022-08-31,Breiðablik,Víkingur R.,0,3,1194,3,3,51,56,0,3,49
2022,6,2022-09-01,FH,KA,2,1,1195,4,4,53,52,0,7,19
2022,2,2022-09-02,HK,Fjölnir,3,1,1196,6,6,54,51,0,14,9
2022,2,2022-09-02,Afturelding,Fylkir,0,2,1197,6,6,50,51,0,1,11
2022,2,2022-09-02,Grótta,Kórdrengir,1,3,1198,6,6,51,42,0,13,33
2022,4,2022-09-02,Kári,Vængir Júpiters,1,1,1199,6,5,52,26,0,32,48
2022,2,2022-09-03,Selfoss,Grindavík,0,3,1200,7,7,50,52,0,40,12
2022,2,2022-09-03,KV,Vestri,1,1,1201,7,7,49,53,0,27,47
2022,2,2022-09-03,Þróttur V.,Þór,0,2,1202,7,7,50,51,0,63,64
2022,3,2022-09-03,Magni,KFA,1,1,1203,7,7,49,21,0,36,21
2022,3,2022-09-03,Víkingur Ó.,Reynir S.,2,1,1204,7,7,50,50,0,50,39
2022,3,2022-09-03,KF,Njarðvík,4,2,1205,7,8,50,55,0,20,37
2022,3,2022-09-03,Þróttur R.,Haukar,3,0,1206,7,5,51,51,0,62,16
2022,3,2022-09-03,Höttur/Huginn,Ægir,0,1,1207,7,5,47,52,0,18,56
2022,3,2022-09-03,ÍR,Völsungur,3,2,1208,8,7,56,50,0,60,52
2022,4,2022-09-03,Kormákur/Hvöt,KFG,0,4,1209,4,7,25,49,0,29,22
2022,4,2022-09-03,Dalvík/Reynir,Elliði,3,2,1210,4,11,51,48,0,4,6
2022,4,2022-09-03,Víðir,ÍH,2,3,1211,7,6,49,47,0,51,59
2022,4,2022-09-03,Sindri,KH,3,2,1212,7,7,50,27,0,41,25
2022,4,2022-09-03,KFS,Augnablik,1,6,1213,7,7,51,50,0,24,2
2022,1,2022-09-04,Víkingur R.,ÍBV,2,2,1214,4,7,57,50,0,49,58
2022,1,2022-09-04,Leiknir R.,FH,0,0,1215,7,3,47,54,0,35,7
2022,1,2022-09-04,ÍA,KR,4,4,1216,7,7,54,52,0,57,26
2022,1,2022-09-04,Fram,KA,2,2,1217,6,3,51,53,0,10,19
2022,1,2022-09-04,Stjarnan,Keflavík,0,2,1218,7,7,50,51,0,43,28
2022,1,2022-09-05,Breiðablik,Valur,1,0,1219,5,7,52,51,0,3,46
2022,1,2022-09-07,Víkingur R.,Leiknir R.,9,0,1220,3,3,58,48,0,49,35
2022,4,2022-09-07,Elliði,Kormákur/Hvöt,4,1,1221,4,4,49,26,0,6,29
2022,2,2022-09-10,Kórdrengir,Afturelding,4,0,1222,8,8,43,51,0,33,1
2022,2,2022-09-10,Vestri,Selfoss,2,2,1223,7,7,54,51,0,47,40
2022,2,2022-09-10,Grindavík,HK,4,3,1224,7,8,53,55,0,12,14
2022,2,2022-09-10,Fjölnir,Grótta,0,1,1225,8,8,52,52,0,9,13
2022,2,2022-09-10,KV,Þór,1,0,1226,7,7,50,52,0,27,64
2022,2,2022-09-10,Fylkir,Þróttur V.,4,0,1227,8,7,52,51,0,11,63
2022,3,2022-09-10,Völsungur,Þróttur R.,1,1,1228,7,7,51,52,0,52,62
2022,3,2022-09-10,KF,Reynir S.,8,3,1229,7,7,51,51,0,20,39
2022,3,2022-09-10,Haukar,Magni,1,2,1230,7,7,52,50,0,16,36
2022,3,2022-09-10,Njarðvík,Höttur/Huginn,3,0,1231,7,7,56,48,0,37,18
2022,3,2022-09-10,Ægir,ÍR,2,2,1232,7,7,53,57,0,56,60
2022,3,2022-09-10,KFA,Víkingur Ó.,0,2,1233,7,7,22,51,0,21,50
2022,4,2022-09-10,Víðir,Elliði,2,3,1234,7,3,50,50,0,51,6
2022,4,2022-09-10,ÍH,Kári,2,1,1235,7,8,48,53,0,59,32
2022,4,2022-09-10,KFG,Dalvík/Reynir,2,3,1236,7,7,50,52,0,22,4
2022,4,2022-09-10,KH,KFS,3,5,1237,7,7,28,52,0,25,24
2022,4,2022-09-10,Augnablik,Kormákur/Hvöt,4,1,1238,7,3,51,27,0,2,29
2022,4,2022-09-10,Vængir Júpiters,Sindri,0,3,1239,8,7,27,51,0,48,41
2022,1,2022-09-11,Keflavík,Víkingur R.,0,3,1240,7,4,52,59,0,28,49
2022,1,2022-09-11,FH,ÍA,6,1,1241,7,7,55,55,0,7,57
2022,1,2022-09-11,Leiknir R.,Valur,1,0,1242,4,6,49,52,0,35,46
2022,1,2022-09-11,KA,Breiðablik,2,1,1243,7,6,54,53,0,19,3
2022,1,2022-09-11,KR,Stjarnan,3,1,1244,7,7,53,51,0,26,43
2022,1,2022-09-11,ÍBV,Fram,2,2,1245,7,7,51,52,0,58,10
2022,4,2022-09-16,Kári,Víðir,4,0,1246,6,6,54,51,0,32,51
2022,1,2022-09-17,Breiðablik,ÍBV,3,0,1247,6,6,54,52,0,3,58
2022,1,2022-09-17,Fram,Keflavík,4,8,1248,6,6,53,53,0,10,28
2022,1,2022-09-17,Stjarnan,FH,2,1,1249,6,6,52,56,0,43,7
2022,1,2022-09-17,Valur,KA,0,1,1250,6,6,53,55,0,46,19
2022,1,2022-09-17,ÍA,Leiknir R.,1,2,1251,6,6,56,50,0,57,35
2022,1,2022-09-17,Víkingur R.,KR,2,2,1252,6,6,60,54,0,49,26
2022,2,2022-09-17,HK,Vestri,2,1,1253,7,7,56,55,0,14,47
2022,2,2022-09-17,Afturelding,Fjölnir,1,5,1254,7,7,52,53,0,1,9
2022,2,2022-09-17,Þróttur V.,Kórdrengir,0,3,1255,7,7,52,44,0,63,33
2022,2,2022-09-17,Grótta,Grindavík,3,1,1256,7,7,53,54,0,13,12
2022,2,2022-09-17,Þór,Fylkir,2,1,1257,7,7,53,53,0,64,11
2022,2,2022-09-17,Selfoss,KV,2,0,1258,7,7,52,51,0,40,27
2022,3,2022-09-17,Höttur/Huginn,KF,3,2,1259,7,7,49,52,0,18,20
2022,3,2022-09-17,Þróttur R.,Ægir,2,1,1260,7,7,53,54,0,62,56
2022,3,2022-09-17,ÍR,Njarðvík,1,3,1261,7,7,58,57,0,60,37
2022,3,2022-09-17,Víkingur Ó.,Haukar,3,0,1262,7,7,52,53,0,50,16
2022,3,2022-09-17,Magni,Völsungur,2,1,1263,7,7,51,52,0,36,52
2022,3,2022-09-17,Reynir S.,KFA,2,0,1264,7,7,52,23,0,39,21
2022,4,2022-09-17,Dalvík/Reynir,Augnablik,2,2,1265,7,7,53,52,0,4,2
2022,4,2022-09-17,Elliði,KFG,1,5,1266,7,7,51,51,0,6,22
2022,4,2022-09-17,Kormákur/Hvöt,KH,3,0,1267,7,7,28,29,0,29,25
2022,4,2022-09-17,KFS,Vængir Júpiters,6,7,1268,7,7,53,28,0,24,48
2022,4,2022-09-17,Sindri,ÍH,8,2,1269,7,7,52,49,0,41,59
2022,6,2022-10-01,FH,Víkingur R.,2,3,1270,14,14,57,61,0,7,49
2022,1,2022-10-02,Keflavík,ÍA,3,2,1271,15,15,54,57,0,28,57
2022,1,2022-10-02,Fram,Leiknir R.,3,2,1272,15,15,54,51,0,10,35
2022,1,2022-10-02,KA,KR,1,0,1273,15,15,56,55,0,19,26
2022,1,2022-10-03,Breiðablik,Stjarnan,3,0,1274,16,16,55,53,0,3,43
2022,1,2022-10-05,ÍBV,FH,2,1,1275,18,4,53,58,0,58,7
2022,1,2022-10-05,Víkingur R.,Valur,3,2,1276,4,18,62,54,0,49,46
2022,1,2022-10-08,ÍA,Fram,3,2,1277,6,6,58,55,0,57,10
2022,1,2022-10-08,KR,Valur,2,1,1278,6,3,56,55,0,26,46
2022,1,2022-10-08,KA,Breiðablik,1,2,1279,6,5,57,56,0,19,3
2022,1,2022-10-10,FH,Leiknir R.,4,2,1280,5,8,59,52,0,7,35
2022,1,2022-10-10,ÍBV,Keflavík,2,1,1281,5,8,54,55,0,58,28
2022,1,2022-10-10,Stjarnan,Víkingur R.,2,1,1282,7,5,54,63,0,43,49
2022,1,2022-10-15,Leiknir R.,ÍA,2,2,1283,5,7,53,59,0,35,57
2022,1,2022-10-15,Keflavík,FH,2,3,1284,5,5,56,60,0,28,7
2022,1,2022-10-15,Víkingur R.,KA,2,2,1285,5,7,64,58,0,49,19
2022,1,2022-10-15,Breiðablik,KR,0,1,1286,7,7,57,57,0,3,26
2022,1,2022-10-16,Fram,ÍBV,1,3,1287,8,6,56,55,0,10,58
2022,1,2022-10-16,Valur,Stjarnan,3,0,1288,8,6,56,55,0,46,43
2022,1,2022-10-22,ÍA,ÍBV,3,2,1289,7,6,60,56,0,57,58
2022,1,2022-10-22,Leiknir R.,Keflavík,1,7,1290,7,7,54,57,0,35,28
2022,1,2022-10-22,Valur,Breiðablik,2,5,1291,6,7,57,58,0,46,3
2022,1,2022-10-23,Fram,FH,3,0,1292,7,8,57,61,0,10,7
2022,1,2022-10-23,Stjarnan,KA,0,3,1293,7,8,56,59,0,43,19
2022,1,2022-10-24,Víkingur R.,KR,2,2,1294,9,9,65,58,0,49,26
2022,1,2022-10-29,FH,ÍA,1,2,1295,6,7,62,61,0,7,57
2022,1,2022-10-29,Keflavík,Fram,4,0,1296,7,6,58,58,0,28,10
2022,1,2022-10-29,ÍBV,Leiknir R.,1,0,1297,7,7,57,55,0,58,35
2022,1,2022-10-29,KR,Stjarnan,0,2,1298,5,6,59,57,0,26,43
2022,1,2022-10-29,Breiðablik,Víkingur R.,1,0,1299,7,5,59,66,0,3,49
2022,1,2022-10-29,KA,Valur,2,0,1300,6,7,60,58,0,19,46
2023,7,2023-02-04,Breiðablik,Selfoss,3,1,1301,98,100,60,53,1,3,40
2023,7,2023-02-04,Keflavík,KA,2,1,1302,98,98,59,61,1,28,19
2023,7,2023-02-09,Fram,Grótta,1,1,1303,100,100,59,54,1,10,13
2023,7,2023-02-10,FH,Selfoss,4,2,1304,100,6,63,54,1,7,40
2023,7,2023-02-10,Víkingur R.,Njarðvík,3,1,1305,100,100,67,58,1,49,37
2023,7,2023-02-10,Stjarnan,Afturelding,4,1,1306,100,100,58,53,1,43,1
2023,7,2023-02-10,Fjölnir,Þróttur R.,4,1,1307,100,100,54,54,1,9,62
2023,7,2023-02-11,ÍA,Vestri,3,0,1308,100,100,62,56,1,57,47
2023,7,2023-02-11,HK,Grindavík,4,0,1309,100,100,57,55,1,14,12
2023,7,2023-02-12,Valur,KR,2,0,1310,100,100,59,60,1,46,26
2023,7,2023-02-12,KA,Fylkir,2,1,1311,8,100,62,54,0,19,11
2023,7,2023-02-12,Þór,Keflavík,4,1,1312,100,8,54,60,1,64,28
2023,7,2023-02-16,Víkingur R.,Stjarnan,2,1,1313,6,6,68,59,0,49,43
2023,7,2023-02-17,Selfoss,Leiknir R.,1,0,1314,7,100,55,56,0,40,35
2023,7,2023-02-17,Breiðablik,FH,3,1,1315,13,7,61,64,0,3,7
2023,7,2023-02-17,Njarðvík,Grótta,4,0,1316,7,8,59,55,0,37,13
2023,7,2023-02-17,Afturelding,Fram,3,4,1317,7,8,54,60,0,1,10
2023,7,2023-02-17,Þróttur R.,Keflavík,1,2,1318,7,5,55,61,0,62,28
2023,7,2023-02-17,Kári,KV,7,0,1319,100,100,55,52,1,32,27
2023,7,2023-02-17,Haukar,Víðir,4,1,1320,100,100,54,52,1,16,51
2023,7,2023-02-17,Árbær,ÍR,0,2,1321,100,100,2,59,1,55,60
2023,7,2023-02-18,ÍA,Valur,0,2,1322,7,6,63,60,0,57,46
2023,7,2023-02-18,KR,HK,6,1,1323,6,7,61,58,0,26,14
2023,7,2023-02-18,Fylkir,Þór,5,0,1324,6,6,55,55,0,11,64
2023,7,2023-02-18,Fjölnir,KA,1,2,1325,8,6,55,63,0,9,19
2023,7,2023-02-18,Ýmir,Víkingur Ó.,4,2,1326,100,100,2,53,1,61,50
2023,7,2023-02-18,Hvíti riddarinn,Þróttur V.,0,6,1327,100,100,4,53,1,17,63
2023,7,2023-02-18,KFG,KFS,3,2,1328,100,100,52,54,1,22,24
2023,7,2023-02-18,Augnablik,Ægir,3,0,1329,100,100,53,55,1,2,56
2023,7,2023-02-18,Höttur/Huginn,KFA,0,3,1330,100,100,50,24,1,18,21
2023,7,2023-02-18,Völsungur,KF,0,0,1331,100,100,53,53,1,52,20
2023,7,2023-02-19,Elliði,Sindri,0,1,1332,100,100,52,53,1,6,41
2023,7,2023-02-19,Dalvík/Reynir,Magni,1,0,1333,100,100,54,52,1,4,36
2023,7,2023-02-20,ÍH,Reynir S.,4,2,1334,100,100,50,53,1,59,39
2023,7,2023-02-21,Leiknir R.,Breiðablik,2,0,1335,4,4,57,62,0,35,3
2023,7,2023-02-21,Grótta,Stjarnan,3,3,1336,4,5,56,60,0,13,43
2023,7,2023-02-23,Valur,Vestri,3,0,1337,5,12,61,57,0,46,47
2023,7,2023-02-23,Fram,Víkingur R.,0,3,1338,6,7,61,69,0,10,49
2023,7,2023-02-24,KV,Ýmir,0,3,1339,7,6,53,3,0,27,61
2023,7,2023-02-24,Kári,ÍH,4,1,1340,7,4,56,51,0,32,59
2023,7,2023-02-24,Hvíti riddarinn,Víðir,1,4,1341,6,7,5,53,0,17,51
2023,7,2023-02-24,ÍR,Ægir,6,1,1342,7,6,60,56,0,60,56
2023,7,2023-02-25,HK,ÍA,1,0,1343,7,7,59,64,0,14,57
2023,7,2023-02-25,FH,Leiknir R.,4,0,1344,8,4,65,58,0,7,35
2023,7,2023-02-25,Stjarnan,Njarðvík,3,1,1345,4,8,61,60,0,43,37
2023,7,2023-02-25,Grótta,Afturelding,1,1,1346,4,8,57,55,0,13,1
2023,7,2023-02-25,Keflavík,Fylkir,2,2,1347,8,7,62,56,0,28,11
2023,7,2023-02-25,KA,Þróttur R.,5,0,1348,7,8,64,56,0,19,62
2023,7,2023-02-25,Þór,Fjölnir,1,2,1349,7,7,56,56,0,64,9
2023,7,2023-02-25,Reynir S.,Víkingur Ó.,2,2,1350,5,7,54,54,0,39,50
2023,7,2023-02-25,Augnablik,KFS,7,1,1351,7,7,54,55,0,2,24
2023,7,2023-02-25,KFG,Árbær,4,2,1352,7,8,53,3,0,22,55
2023,7,2023-02-25,Dalvík/Reynir,Völsungur,2,2,1353,6,7,55,54,0,4,52
2023,7,2023-02-25,KFA,Magni,4,1,1354,7,6,25,53,0,21,36
2023,7,2023-02-26,KR,Vestri,6,1,1355,8,3,62,58,0,26,47
2023,7,2023-02-26,Sindri,Þróttur V.,3,0,1356,7,8,54,54,0,41,63
2023,7,2023-02-26,Elliði,Haukar,1,5,1357,7,9,53,55,0,6,16
2023,7,2023-02-26,Höttur/Huginn,KF,3,1,1358,8,8,51,54,0,18,20
2023,7,2023-03-01,KR,Grindavík,4,2,1359,3,18,63,56,0,26,12
2023,7,2023-03-01,Víkingur R.,Grótta,1,0,1360,6,4,70,58,0,49,13
2023,7,2023-03-02,Valur,HK,1,0,1361,7,5,62,60,0,46,14
2023,7,2023-03-02,Stjarnan,Fram,0,0,1362,5,7,62,62,0,43,10
2023,7,2023-03-02,KA,Þór,1,0,1363,5,5,65,57,0,19,64
2023,7,2023-03-02,Kári,Reynir S.,1,2,1364,6,5,57,55,0,32,39
2023,7,2023-03-03,Njarðvík,Afturelding,4,1,1365,6,6,61,56,0,37,1
2023,7,2023-03-03,Þróttur R.,Fylkir,1,2,1366,6,6,57,57,0,62,11
2023,7,2023-03-03,Fjölnir,Keflavík,4,5,1367,6,6,57,63,0,9,28
2023,7,2023-03-03,Haukar,Þróttur V.,1,3,1368,5,5,56,55,0,16,63
2023,7,2023-03-03,Elliði,Víðir,2,1,1369,5,7,54,54,0,6,51
2023,7,2023-03-03,ÍR,Augnablik,5,0,1370,7,6,61,55,0,60,2
2023,7,2023-03-04,ÍA,Grindavík,2,0,1371,7,3,65,57,0,57,12
2023,7,2023-03-04,Hvíti riddarinn,Sindri,0,4,1372,8,6,6,55,0,17,41
2023,7,2023-03-04,KFG,Ægir,1,2,1373,7,8,54,57,0,22,56
2023,7,2023-03-05,FH,ÍBV,1,5,1374,8,100,66,58,0,7,58
2023,7,2023-03-05,Höttur/Huginn,Völsungur,1,0,1375,7,8,52,55,0,18,52
2023,7,2023-03-08,KR,ÍA,3,1,1376,7,4,64,66,0,26,57
2023,7,2023-03-08,Valur,Grindavík,0,0,1377,6,4,63,58,0,46,12
2023,7,2023-03-08,Leiknir R.,ÍBV,0,2,1378,11,3,59,59,0,35,58
2023,7,2023-03-09,HK,Vestri,1,1,1379,7,11,61,59,0,14,47
2023,7,2023-03-09,ÍH,KV,2,2,1380,13,13,52,54,0,59,27
2023,7,2023-03-10,Selfoss,ÍBV,0,2,1381,21,2,56,60,0,40,58
2023,7,2023-03-10,Fram,Njarðvík,3,1,1382,8,7,63,62,0,10,37
2023,7,2023-03-10,Fylkir,Fjölnir,0,2,1383,7,7,58,58,0,11,9
2023,7,2023-03-10,Víkingur Ó.,Kári,4,1,1384,13,8,55,58,0,50,32
2023,7,2023-03-11,Þróttur R.,Þór,3,4,1385,8,9,58,58,0,62,64
2023,7,2023-03-11,Ýmir,Reynir S.,4,3,1386,15,9,4,56,0,61,39
2023,7,2023-03-11,Haukar,Sindri,1,0,1387,8,7,57,56,0,16,41
2023,7,2023-03-11,Ægir,KFS,2,1,1388,7,14,58,56,0,56,24
2023,7,2023-03-11,KFG,ÍR,1,3,1389,7,8,55,62,0,22,60
2023,7,2023-03-12,Vestri,Grindavík,0,2,1390,3,4,60,59,0,47,12
2023,7,2023-03-12,Magni,Höttur/Huginn,2,1,1391,15,7,54,53,0,36,18
2023,7,2023-03-14,Breiðablik,ÍBV,2,3,1392,21,4,63,61,0,3,58
2023,7,2023-03-14,Afturelding,Víkingur R.,0,3,1393,11,13,57,71,0,1,49
2023,7,2023-03-15,Haukar,Hvíti riddarinn,6,1,1394,4,11,58,7,0,16,17
2023,7,2023-03-17,Kári,Ýmir,1,5,1395,7,6,59,5,0,32,61
2023,7,2023-03-17,Augnablik,KFG,1,2,1396,14,6,56,56,0,2,22
2023,7,2023-03-18,Víkingur R.,Valur,0,1,1397,4,10,72,64,0,49,46
2023,7,2023-03-18,ÍBV,KA,0,0,1398,4,16,62,66,0,58,19
2023,7,2023-03-18,Elliði,Þróttur V.,1,2,1399,15,15,55,56,0,6,63
2023,7,2023-03-18,ÍR,KFS,7,0,1400,7,7,63,57,0,60,24
2023,7,2023-03-18,Árbær,Ægir,2,5,1401,21,7,4,59,0,55,56
2023,7,2023-03-18,KFA,Dalvík/Reynir,4,2,1402,21,21,26,56,0,21,4
2023,7,2023-03-19,ÍH,Víkingur Ó.,1,3,1403,10,9,53,56,0,59,50
2023,7,2023-03-19,Víðir,Sindri,0,2,1404,16,8,55,57,0,51,41
2023,7,2023-03-19,Magni,KF,1,2,1405,7,21,55,55,0,36,20
2023,6,2023-03-22,Elliði,Árborg,0,1,1406,4,100,56,3,0,6,54
2023,7,2023-03-24,Árbær,Augnablik,1,6,1407,6,7,5,57,0,55,2
2023,7,2023-03-25,Ýmir,ÍH,2,3,1408,8,6,6,54,0,61,59
2023,7,2023-03-25,Víkingur Ó.,KV,3,4,1409,6,16,57,55,0,50,27
2023,7,2023-03-25,Elliði,Hvíti riddarinn,0,1,1410,3,10,57,8,0,6,17
2023,7,2023-03-25,KF,KFA,0,4,1411,6,7,56,27,0,20,21
2023,7,2023-03-25,Dalvík/Reynir,Höttur/Huginn,2,3,1412,7,13,57,54,0,4,18
2023,7,2023-03-26,Völsungur,Magni,2,1,1413,21,7,56,56,0,52,36
2023,6,2023-03-30,Vængir Júpiters,KH,4,4,1414,100,100,29,30,1,48,25
2023,6,2023-04-01,Ýmir,KFS,1,2,1415,7,14,7,58,0,61,24
2023,6,2023-04-01,Haukar,Víðir,2,3,1416,17,13,59,56,0,16,51
2023,6,2023-04-01,Árbær,Víkingur Ó.,2,1,1417,8,7,6,58,0,55,50
2023,7,2023-04-01,Völsungur,KFA,2,1,1418,6,7,57,28,0,52,21
2023,6,2023-04-02,ÍR,ÍH,0,1,1419,15,8,64,55,0,60,59
2023,6,2023-04-02,KÁ,Kormákur/Hvöt,3,3,1420,100,100,3,29,1,31,29
2023,6,2023-04-02,Reynir S.,Ægir,1,2,1421,22,15,57,60,0,39,56
2023,7,2023-04-02,KA,Valur,1,1,1422,15,15,67,65,0,19,46
2023,7,2023-04-02,Dalvík/Reynir,KF,3,1,1423,8,8,58,57,0,4,20
2023,6,2023-04-06,Árborg,Kári,1,3,1424,15,20,4,60,0,54,32
2023,6,2023-04-06,Grótta,Vestri,1,0,1425,36,25,59,61,0,13,47
2023,6,2023-04-06,KFS,Þróttur R.,0,5,1426,5,26,59,59,0,24,62
2023,6,2023-04-06,Afturelding,Grindavík,0,1,1427,23,25,58,60,0,1,12
2023,6,2023-04-06,Þór,KF,6,0,1428,26,4,59,58,0,64,20
2023,6,2023-04-08,Sindri,Höttur/Huginn,4,3,1429,20,14,58,55,0,41,18
2023,6,2023-04-08,Augnablik,Njarðvík,2,3,1430,15,29,58,63,0,2,37
2023,6,2023-04-08,KFK,Selfoss,0,8,1431,100,29,2,57,1,23,40
2023,6,2023-04-08,Dalvík/Reynir,Tindastóll,2,1,1432,6,100,59,25,0,4,44
2023,6,2023-04-08,ÍA,Víðir,3,0,1433,31,7,67,57,0,57,51
2023,6,2023-04-08,RB,Hvíti riddarinn,3,2,1434,100,14,2,9,1,38,17
2023,6,2023-04-08,KFG,ÍH,3,2,1435,22,6,57,56,0,22,59
2023,6,2023-04-08,Þróttur V.,KV,2,0,1436,21,14,57,56,0,63,27
2023,6,2023-04-08,Völsungur,Magni,0,1,1437,7,13,58,57,0,52,36
2023,6,2023-04-08,Leiknir R.,Árbær,2,0,1438,31,7,60,7,0,35,55
2023,1,2023-04-10,KA,KR,1,1,1439,8,33,68,65,0,19,26
2023,1,2023-04-10,Fylkir,Keflavík,1,2,1440,31,38,59,64,0,11,28
2023,1,2023-04-10,Stjarnan,Víkingur R.,0,2,1441,39,23,63,73,0,43,49
2023,1,2023-04-10,Fram,FH,2,2,1442,31,36,64,67,0,10,7
2023,1,2023-04-10,Valur,ÍBV,2,1,1443,8,23,66,63,0,46,58
2023,1,2023-04-10,Breiðablik,HK,3,4,1444,27,32,64,62,0,3,14
2023,6,2023-04-11,Kría,Fjölnir,0,10,1445,100,32,2,59,1,30,9
2023,7,2023-04-13,KV,Reynir S.,4,4,1446,5,11,57,58,0,27,39
2023,7,2023-04-14,Þróttur V.,Víðir,3,2,1447,6,6,58,58,0,63,51
2023,1,2023-04-15,Keflavík,KR,0,2,1448,5,5,65,66,0,28,26
2023,1,2023-04-15,KA,ÍBV,3,0,1449,5,5,69,64,0,19,58
2023,1,2023-04-15,FH,Stjarnan,1,0,1450,5,5,68,64,0,7,43
2023,7,2023-04-15,Árbær,KFS,3,0,1451,7,9,8,60,0,55,24
2023,1,2023-04-16,Víkingur R.,Fylkir,2,0,1452,6,6,74,60,0,49,11
2023,1,2023-04-16,HK,Fram,1,1,1453,6,6,63,65,0,14,10
2023,1,2023-04-16,Valur,Breiðablik,0,2,1454,6,6,67,65,0,46,3
2023,6,2023-04-19,Stjarnan,ÍBV,1,0,1455,4,4,65,65,0,43,58
2023,6,2023-04-19,Leiknir R.,Selfoss,1,0,1456,11,11,61,58,0,35,40
2023,6,2023-04-19,KR,Þróttur V.,3,0,1457,4,5,67,59,0,26,63
2023,6,2023-04-19,Fjölnir,Breiðablik,0,2,1458,8,3,60,66,0,9,3
2023,6,2023-04-19,Fram,Þróttur R.,2,3,1459,3,13,66,60,0,10,62
2023,6,2023-04-19,Valur,RB,4,1,1460,3,11,68,3,0,46,38
2023,6,2023-04-19,Keflavík,ÍA,1,0,1461,4,11,66,68,0,28,57
2023,6,2023-04-20,Njarðvík,KFA,4,1,1462,12,19,64,29,0,37,21
2023,6,2023-04-20,Ægir,FH,1,3,1463,18,5,61,69,0,56,7
2023,6,2023-04-20,Grindavík,Dalvík/Reynir,2,1,1464,14,12,61,60,0,12,4
2023,6,2023-04-20,Víkingur R.,Magni,6,2,1465,4,12,75,58,0,49,36
2023,6,2023-04-20,Kári,Þór,0,0,1466,14,14,61,60,0,32,64
2023,6,2023-04-20,Sindri,Fylkir,2,4,1467,12,4,59,61,0,41,11
2023,6,2023-04-20,Grótta,KH,4,3,1468,14,21,60,31,0,13,25
2023,6,2023-04-20,HK,KFG,5,0,1469,4,12,64,58,0,14,22
2023,1,2023-04-23,KA,Keflavík,0,0,1470,8,4,70,67,0,19,28
2023,1,2023-04-23,ÍBV,Breiðablik,2,1,1471,4,4,66,67,0,58,3
2023,1,2023-04-23,Fram,Valur,1,3,1472,4,4,67,69,0,10,46
2023,7,2023-04-23,KFA,ÍR,2,2,1473,3,21,30,65,0,21,60
2023,7,2023-04-23,Ýmir,Haukar,1,6,1474,22,22,8,60,0,61,16
2023,1,2023-04-24,Víkingur R.,KR,3,0,1475,4,5,76,68,0,49,26
2023,1,2023-04-24,Fylkir,FH,4,2,1476,4,4,62,70,0,11,7
2023,1,2023-04-24,Stjarnan,HK,5,4,1477,5,4,66,65,0,43,14
2023,1,2023-04-28,Breiðablik,Fram,5,4,1478,5,5,68,68,0,3,10
2023,7,2023-04-28,Haukar,ÍR,3,1,1479,5,5,61,66,0,16,60
2023,1,2023-04-29,FH,KR,3,0,1480,5,5,71,69,0,7,26
2023,1,2023-04-29,HK,Fylkir,1,0,1481,5,5,66,63,0,14,11
2023,1,2023-04-29,Víkingur R.,KA,1,0,1482,5,6,77,71,0,49,19
2023,1,2023-04-29,Keflavík,ÍBV,1,3,1483,6,6,68,67,0,28,58
2023,1,2023-04-29,Valur,Stjarnan,3,2,1484,6,5,70,67,0,46,43
2023,1,2023-05-03,KA,FH,4,2,1485,4,4,72,72,0,19,7
2023,1,2023-05-03,Fram,ÍBV,3,1,1486,5,4,69,68,0,10,58
2023,1,2023-05-03,KR,HK,0,1,1487,4,4,70,67,0,26,14
2023,1,2023-05-03,Fylkir,Valur,1,6,1488,4,4,64,71,0,11,46
2023,1,2023-05-04,Víkingur R.,Keflavík,4,1,1489,5,5,78,69,0,49,28
2023,1,2023-05-04,Stjarnan,Breiðablik,0,2,1490,5,6,68,69,0,43,3
2023,4,2023-05-04,Víðir,Hvíti riddarinn,3,1,1491,20,26,59,10,0,51,17
2023,2,2023-05-05,ÍA,Grindavík,0,2,1492,16,15,69,62,0,57,12
2023,2,2023-05-05,Selfoss,Afturelding,1,3,1493,16,29,59,59,0,40,1
2023,2,2023-05-05,Þróttur R.,Leiknir R.,1,3,1494,16,16,61,62,0,62,35
2023,2,2023-05-05,Grótta,Njarðvík,1,1,1495,15,15,61,65,0,13,37
2023,2,2023-05-05,Ægir,Fjölnir,0,1,1496,15,16,62,61,0,56,9
2023,3,2023-05-05,Völsungur,Höttur/Huginn,1,0,1497,27,27,59,56,0,52,18
2023,3,2023-05-05,Haukar,Þróttur V.,4,1,1498,7,16,62,60,0,16,63
2023,2,2023-05-06,Þór,Vestri,2,1,1499,16,30,61,62,0,64,47
2023,3,2023-05-06,KFG,KV,5,2,1500,16,23,59,58,0,22,27
2023,3,2023-05-06,KFA,KF,6,1,1501,13,30,31,59,0,21,20
2023,3,2023-05-06,Víkingur Ó.,Dalvík/Reynir,3,1,1502,35,16,59,61,0,50,4
2023,3,2023-05-06,Sindri,ÍR,1,1,1503,16,8,60,67,0,41,60
2023,4,2023-05-06,Kári,Augnablik,1,2,1504,16,28,62,59,0,32,2
2023,4,2023-05-06,Árbær,Ýmir,3,1,1505,21,13,9,9,0,55,61
2023,4,2023-05-06,ÍH,Kormákur/Hvöt,1,2,1506,28,34,57,30,0,59,29
2023,4,2023-05-06,Reynir S.,Magni,2,1,1507,23,16,59,59,0,39,36
2023,4,2023-05-06,KFS,Elliði,0,3,1508,21,42,61,58,0,24,6
2023,1,2023-05-07,HK,KA,1,2,1509,4,4,68,73,0,14,19
2023,1,2023-05-07,Valur,KR,5,0,1510,4,4,72,71,0,46,26
2023,1,2023-05-08,ÍBV,Víkingur R.,0,1,1511,5,4,69,79,0,58,49
2023,1,2023-05-08,Fram,Stjarnan,2,1,1512,5,4,70,69,0,10,43
2023,1,2023-05-08,FH,Keflavík,2,1,1513,5,4,73,70,0,7,28
2023,1,2023-05-08,Fylkir,Breiðablik,1,2,1514,5,4,65,70,0,11,3
2023,2,2023-05-11,Fjölnir,Þróttur R.,3,3,1515,6,6,62,62,0,9,62
2023,2,2023-05-11,Njarðvík,Ægir,2,2,1516,6,6,66,63,0,37,56
2023,3,2023-05-11,KV,Haukar,1,1,1517,5,6,59,63,0,27,16
2023,5,2023-05-11,KH,Álftanes,6,1,1518,21,7,32,1,0,25,53
2023,5,2023-05-11,KFK,Vængir Júpiters,3,4,1519,33,42,3,30,0,23,48
2023,5,2023-05-11,Árborg,KÁ,3,1,1520,35,39,5,4,0,54,31
2023,2,2023-05-12,Grindavík,Grótta,0,0,1521,7,7,63,62,0,12,13
2023,2,2023-05-12,Leiknir R.,Selfoss,2,3,1522,7,7,63,60,0,35,40
2023,2,2023-05-12,Afturelding,Þór,1,0,1523,7,6,60,62,0,1,64
2023,4,2023-05-12,Magni,Árbær,3,0,1524,6,6,60,10,0,36,55
2023,4,2023-05-12,Elliði,Hvíti riddarinn,2,4,1525,6,8,59,11,0,6,17
2023,4,2023-05-12,Augnablik,Reynir S.,2,1,1526,6,6,60,60,0,2,39
2023,5,2023-05-12,Hamar,Skallagrímur,3,2,1527,100,100,3,2,1,15,42
2023,1,2023-05-13,Stjarnan,ÍBV,4,0,1528,5,5,70,70,0,43,58
2023,1,2023-05-13,KA,Valur,0,4,1529,6,6,74,73,0,19,46
2023,1,2023-05-13,KR,Breiðablik,0,1,1530,6,5,72,71,0,26,3
2023,2,2023-05-13,Vestri,ÍA,2,2,1531,7,8,63,70,0,47,57
2023,3,2023-05-13,Höttur/Huginn,Víkingur Ó.,0,0,1532,8,7,57,60,0,18,50
2023,3,2023-05-13,Þróttur V.,KFA,1,1,1533,8,7,61,32,0,63,21
2023,3,2023-05-13,ÍR,Völsungur,3,0,1534,7,8,68,60,0,60,52
2023,3,2023-05-13,Dalvík/Reynir,KFG,1,0,1535,7,7,62,60,0,4,22
2023,3,2023-05-13,KF,Sindri,2,3,1536,7,7,60,61,0,20,41
2023,4,2023-05-13,Ýmir,KFS,1,2,1537,7,7,10,62,0,61,24
2023,4,2023-05-13,Víðir,Kormákur/Hvöt,3,0,1538,9,7,60,31,0,51,29
2023,4,2023-05-13,ÍH,Kári,1,1,1539,7,7,58,63,0,59,32
2023,5,2023-05-13,Tindastóll,Uppsveitir,2,1,1540,35,7,26,1,0,44,45
2023,1,2023-05-14,Keflavík,HK,0,2,1541,6,7,71,69,0,28,14
2023,1,2023-05-14,Víkingur R.,FH,2,0,1542,6,6,80,74,0,49,7
2023,1,2023-05-14,Fylkir,Fram,3,1,1543,6,6,66,71,0,11,10
2023,6,2023-05-16,Þór,Leiknir R.,3,1,1544,4,4,63,64,0,64,35
2023,6,2023-05-17,FH,Njarðvík,2,1,1545,3,6,75,67,0,7,37
2023,4,2023-05-18,Hvíti riddarinn,KFS,1,0,1546,6,5,12,63,0,17,24
2023,6,2023-05-18,Stjarnan,Keflavík,4,0,1547,5,4,71,72,0,43,28
2023,6,2023-05-18,Valur,Grindavík,1,3,1548,5,6,74,64,0,46,12
2023,6,2023-05-18,Þróttur R.,Breiðablik,0,3,1549,7,5,63,72,0,62,3
2023,6,2023-05-18,HK,KA,1,3,1550,4,5,70,75,0,14,19
2023,6,2023-05-18,Víkingur R.,Grótta,2,1,1551,4,6,81,63,0,49,13
2023,6,2023-05-18,Fylkir,KR,3,4,1552,4,5,67,73,0,11,26
2023,4,2023-05-19,Reynir S.,ÍH,4,2,1553,7,6,61,59,0,39,59
2023,4,2023-05-19,Árbær,Augnablik,1,1,1554,7,7,11,61,0,55,2
2023,5,2023-05-19,Vængir Júpiters,Tindastóll,3,1,1555,8,6,31,27,0,48,44
2023,5,2023-05-19,KÁ,Uppsveitir,4,2,1556,8,6,5,2,0,31,45
2023,5,2023-05-19,Skallagrímur,KFK,0,2,1557,7,8,3,4,0,42,23
2023,5,2023-05-19,Árborg,KH,2,0,1558,8,8,6,33,0,54,25
2023,5,2023-05-19,Álftanes,Hamar,1,2,1559,8,7,2,4,0,53,15
2023,2,2023-05-20,Þór,Leiknir R.,1,0,1560,4,4,64,65,0,64,35
2023,3,2023-05-20,Sindri,Þróttur V.,1,3,1561,7,7,62,62,0,41,63
2023,3,2023-05-20,Haukar,Dalvík/Reynir,1,1,1562,9,7,64,63,0,16,4
2023,3,2023-05-20,Víkingur Ó.,Völsungur,3,2,1563,7,7,61,61,0,50,52
2023,4,2023-05-20,Kári,Víðir,2,3,1564,7,7,64,61,0,32,51
2023,4,2023-05-20,Kormákur/Hvöt,Elliði,1,3,1565,7,8,32,60,0,29,6
2023,4,2023-05-20,Magni,Ýmir,3,2,1566,8,7,61,11,0,36,61
2023,1,2023-05-21,Breiðablik,KA,2,0,1567,3,3,73,76,0,3,19
2023,1,2023-05-21,Valur,Keflavík,0,0,1568,3,3,75,73,0,46,28
2023,1,2023-05-21,HK,Víkingur R.,1,2,1569,3,3,71,82,0,14,49
2023,2,2023-05-21,Selfoss,Fjölnir,1,2,1570,9,10,61,63,0,40,9
2023,2,2023-05-21,Grótta,Vestri,2,2,1571,3,8,64,64,0,13,47
2023,2,2023-05-21,Þróttur R.,Ægir,3,1,1572,3,10,64,64,0,62,56
2023,3,2023-05-21,KFA,KV,2,0,1573,8,10,33,60,0,21,27
2023,3,2023-05-21,KFG,Höttur/Huginn,2,1,1574,8,8,61,58,0,22,18
2023,3,2023-05-21,KF,ÍR,1,4,1575,8,8,61,69,0,20,60
2023,1,2023-05-22,ÍBV,FH,2,3,1576,9,5,71,76,0,58,7
2023,1,2023-05-22,Stjarnan,Fylkir,2,2,1577,4,4,72,68,0,43,11
2023,1,2023-05-22,Fram,KR,1,2,1578,8,4,72,74,0,10,26
2023,2,2023-05-22,Grindavík,Njarðvík,1,0,1579,4,5,65,68,0,12,37
2023,2,2023-05-22,ÍA,Afturelding,1,1,1580,9,10,71,61,0,57,1
2023,1,2023-05-25,KA,Víkingur R.,0,4,1581,4,4,77,83,0,19,49
2023,1,2023-05-25,Breiðablik,Valur,1,0,1582,4,4,74,76,0,3,46
2023,4,2023-05-25,Elliði,Kári,1,3,1583,5,5,61,65,0,6,32
2023,4,2023-05-25,Ýmir,Hvíti riddarinn,1,1,1584,5,7,12,13,0,61,17
2023,4,2023-05-25,Víðir,Reynir S.,1,0,1585,5,6,62,62,0,51,39
2023,4,2023-05-25,ÍH,Árbær,2,2,1586,6,6,60,12,0,59,55
2023,5,2023-05-25,KFK,Álftanes,1,0,1587,6,6,5,3,0,23,53
2023,5,2023-05-25,Hamar,Árborg,1,1,1588,6,6,5,7,0,15,54
2023,5,2023-05-25,Vængir Júpiters,Uppsveitir,6,1,1589,6,6,32,3,0,48,45
2023,2,2023-05-26,Grótta,Afturelding,2,3,1590,5,4,65,62,0,13,1
2023,2,2023-05-26,Fjölnir,Þór,6,0,1591,5,6,64,65,0,9,64
2023,2,2023-05-26,Njarðvík,Þróttur R.,3,1,1592,4,5,69,65,0,37,62
2023,2,2023-05-26,Ægir,Selfoss,1,3,1593,5,5,65,62,0,56,40
2023,2,2023-05-26,Leiknir R.,ÍA,2,3,1594,6,4,66,72,0,35,57
2023,3,2023-05-26,ÍR,Víkingur Ó.,7,0,1595,5,6,70,62,0,60,50
2023,3,2023-05-26,Dalvík/Reynir,KFA,2,2,1596,6,5,64,34,0,4,21
2023,5,2023-05-26,Tindastóll,Skallagrímur,2,2,1597,7,7,28,4,0,44,42
2023,5,2023-05-26,KH,KÁ,5,5,1598,7,7,34,6,0,25,31
2023,2,2023-05-27,Vestri,Grindavík,0,2,1599,6,5,65,66,0,47,12
2023,3,2023-05-27,KV,Sindri,2,1,1600,6,7,61,63,0,27,41
2023,3,2023-05-27,Þróttur V.,KF,1,0,1601,7,6,63,62,0,63,20
2023,3,2023-05-27,Völsungur,KFG,1,3,1602,7,6,62,62,0,52,22
2023,4,2023-05-27,Augnablik,Magni,4,1,1603,8,7,62,62,0,2,36
2023,4,2023-05-27,KFS,Kormákur/Hvöt,1,2,1604,9,7,64,33,0,24,29
2023,1,2023-05-28,Fylkir,ÍBV,2,1,1605,6,6,69,72,0,11,58
2023,1,2023-05-28,KR,Stjarnan,1,0,1606,6,6,75,73,0,26,43
2023,1,2023-05-28,FH,HK,4,3,1607,6,7,77,72,0,7,14
2023,3,2023-05-28,Höttur/Huginn,Haukar,4,2,1608,7,8,59,65,0,18,16
2023,1,2023-05-29,KA,Fram,4,2,1609,4,7,78,73,0,19,10
2023,1,2023-05-29,Víkingur R.,Valur,2,3,1610,4,4,84,77,0,49,46
2023,1,2023-05-29,Keflavík,Breiðablik,0,0,1611,8,4,74,75,0,28,3
2023,1,2023-06-01,ÍBV,HK,3,0,1612,4,4,73,73,0,58,14
2023,1,2023-06-01,Fylkir,KR,3,3,1613,4,4,70,76,0,11,26
2023,2,2023-06-01,Selfoss,Þróttur R.,2,1,1614,6,6,63,66,0,40,62
2023,2,2023-06-01,Grindavík,Afturelding,0,3,1615,5,6,67,63,0,12,1
2023,2,2023-06-01,ÍA,Fjölnir,1,2,1616,6,6,73,65,0,57,9
2023,4,2023-06-01,Augnablik,Ýmir,2,3,1617,5,7,63,13,0,2,61
2023,5,2023-06-01,KH,Hamar,6,0,1618,6,7,35,6,0,25,15
2023,5,2023-06-01,Skallagrímur,Uppsveitir,2,0,1619,6,7,5,4,0,42,45
2023,1,2023-06-02,Stjarnan,KA,4,0,1620,5,4,74,79,0,43,19
2023,1,2023-06-02,Fram,Keflavík,4,1,1621,4,4,74,75,0,10,28
2023,1,2023-06-02,Breiðablik,Víkingur R.,2,2,1622,4,4,76,85,0,3,49
2023,1,2023-06-02,Valur,FH,1,1,1623,4,5,78,78,0,46,7
2023,2,2023-06-02,Þór,Ægir,3,1,1624,7,7,66,66,0,64,56
2023,2,2023-06-02,Grótta,Leiknir R.,5,1,1625,7,7,66,67,0,13,35
2023,3,2023-06-02,KFA,Höttur/Huginn,1,1,1626,7,5,35,60,0,21,18
2023,3,2023-06-02,Þróttur V.,ÍR,3,0,1627,6,7,64,71,0,63,60
2023,4,2023-06-02,Reynir S.,Elliði,4,1,1628,8,8,63,62,0,39,6
2023,4,2023-06-02,Árbær,Víðir,3,2,1629,8,8,13,63,0,55,51
2023,5,2023-06-02,Álftanes,Tindastóll,1,1,1630,8,7,4,29,0,53,44
2023,5,2023-06-02,Árborg,KFK,3,2,1631,8,8,8,6,0,54,23
2023,2,2023-06-03,Vestri,Njarðvík,2,0,1632,7,8,66,70,0,47,37
2023,3,2023-06-03,Sindri,Dalvík/Reynir,0,0,1633,7,8,64,65,0,41,4
2023,3,2023-06-03,KFG,Víkingur Ó.,1,4,1634,7,8,63,63,0,22,50
2023,3,2023-06-03,KF,KV,0,1,1635,7,7,63,62,0,20,27
2023,3,2023-06-03,Haukar,Völsungur,2,0,1636,6,7,66,63,0,16,52
2023,4,2023-06-03,Kormákur/Hvöt,Hvíti riddarinn,2,0,1637,7,9,34,14,0,29,17
2023,4,2023-06-03,KFS,Kári,1,0,1638,7,9,65,66,0,24,32
2023,4,2023-06-03,Magni,ÍH,2,2,1639,7,9,63,61,0,36,59
2023,5,2023-06-03,KÁ,Vængir Júpiters,4,2,1640,8,9,7,33,0,31,48
2023,6,2023-06-05,Þór,Víkingur R.,1,2,1641,3,3,67,86,0,64,49
2023,6,2023-06-05,Breiðablik,FH,3,1,1642,3,3,77,79,0,3,7
2023,6,2023-06-06,KA,Grindavík,2,1,1643,4,5,80,68,0,19,12
2023,6,2023-06-06,KR,Stjarnan,2,1,1644,5,4,77,75,0,26,43
2023,3,2023-06-07,Víkingur Ó.,Haukar,2,0,1645,4,4,64,67,0,50,16
2023,3,2023-06-07,Völsungur,KFA,1,1,1646,4,5,64,36,0,52,21
2023,3,2023-06-07,KV,Þróttur V.,0,2,1647,4,5,63,65,0,27,63
2023,3,2023-06-07,ÍR,KFG,1,2,1648,5,4,72,64,0,60,22
2023,3,2023-06-07,Höttur/Huginn,Sindri,1,0,1649,5,4,61,65,0,18,41
2023,3,2023-06-07,Dalvík/Reynir,KF,1,2,1650,4,4,66,64,0,4,20
2023,4,2023-06-07,Víðir,Magni,1,1,1651,5,4,64,64,0,51,36
2023,4,2023-06-07,ÍH,Augnablik,2,2,1652,4,6,62,64,0,59,2
2023,4,2023-06-07,KFS,Reynir S.,0,1,1653,4,5,66,64,0,24,39
2023,4,2023-06-07,Elliði,Árbær,2,3,1654,5,5,63,14,0,6,55
2023,4,2023-06-07,Ýmir,Kormákur/Hvöt,0,1,1655,6,4,14,35,0,61,29
2023,4,2023-06-07,Kári,Hvíti riddarinn,2,1,1656,4,4,67,15,0,32,17
2023,2,2023-06-08,Njarðvík,Selfoss,1,1,1657,5,7,71,64,0,37,40
2023,2,2023-06-08,Fjölnir,Grótta,2,2,1658,7,6,66,67,0,9,13
2023,5,2023-06-08,Hamar,KÁ,1,5,1659,7,5,7,8,0,15,31
2023,5,2023-06-08,Vængir Júpiters,Skallagrímur,3,2,1660,5,7,34,6,0,48,42
2023,5,2023-06-08,KFK,KH,5,1,1661,6,7,7,36,0,23,25
2023,2,2023-06-09,Ægir,ÍA,0,1,1662,7,8,67,74,0,56,57
2023,1,2023-06-10,KA,Fylkir,2,1,1663,4,9,81,71,0,19,11
2023,1,2023-06-10,KR,ÍBV,1,1,1664,4,9,78,74,0,26,58
2023,1,2023-06-10,FH,Breiðablik,2,2,1665,5,5,80,78,0,7,3
2023,2,2023-06-10,Þróttur R.,Þór,3,0,1666,9,5,67,68,0,62,64
2023,2,2023-06-10,Afturelding,Vestri,3,1,1667,9,7,64,67,0,1,47
2023,2,2023-06-10,Leiknir R.,Grindavík,2,2,1668,8,4,68,69,0,35,12
2023,5,2023-06-10,Uppsveitir,Álftanes,0,2,1669,9,8,5,5,0,45,53
2023,5,2023-06-10,Tindastóll,Árborg,2,3,1670,8,8,30,9,0,44,54
2023,1,2023-06-11,HK,Valur,0,5,1671,10,9,74,79,0,14,46
2023,1,2023-06-11,Víkingur R.,Fram,3,1,1672,6,9,87,75,0,49,10
2023,1,2023-06-11,Keflavík,Stjarnan,1,1,1673,9,5,76,76,0,28,43
2023,3,2023-06-11,KV,ÍR,0,2,1674,4,4,64,73,0,27,60
2023,3,2023-06-11,Haukar,KFG,1,3,1675,4,4,68,65,0,16,22
2023,3,2023-06-11,KFA,Víkingur Ó.,3,1,1676,4,4,37,65,0,21,50
2023,3,2023-06-11,KF,Höttur/Huginn,3,1,1677,4,4,65,62,0,20,18
2023,3,2023-06-11,Þróttur V.,Dalvík/Reynir,2,2,1678,4,4,66,67,0,63,4
2023,3,2023-06-11,Sindri,Völsungur,0,1,1679,4,4,66,65,0,41,52
2023,4,2023-06-11,ÍH,Ýmir,4,4,1680,4,4,63,15,0,59,61
2023,4,2023-06-11,Magni,Elliði,1,2,1681,4,4,65,64,0,36,6
2023,4,2023-06-11,Kári,Kormákur/Hvöt,1,1,1682,4,4,68,36,0,32,29
2023,4,2023-06-11,Árbær,KFS,2,1,1683,4,4,15,67,0,55,24
2023,4,2023-06-11,Reynir S.,Hvíti riddarinn,4,1,1684,4,4,65,16,0,39,17
2023,4,2023-06-12,Augnablik,Víðir,1,0,1685,5,5,65,65,0,2,51
2023,2,2023-06-15,Grindavík,Fjölnir,0,1,1686,5,7,70,67,0,12,9
2023,2,2023-06-15,Grótta,Ægir,2,1,1687,7,6,68,68,0,13,56
2023,4,2023-06-15,Kormákur/Hvöt,Reynir S.,0,0,1688,4,4,37,66,0,29,39
2023,4,2023-06-15,Hvíti riddarinn,Árbær,1,2,1689,4,4,17,16,0,17,55
2023,5,2023-06-15,Hamar,KFK,2,2,1690,7,7,8,8,0,15,23
2023,5,2023-06-15,KÁ,Skallagrímur,2,1,1691,7,7,9,7,0,31,42
2023,2,2023-06-16,Þór,Selfoss,2,1,1692,6,8,69,65,0,64,40
2023,2,2023-06-16,Afturelding,Njarðvík,7,2,1693,6,8,65,72,0,1,37
2023,2,2023-06-16,ÍA,Þróttur R.,6,3,1694,7,6,75,68,0,57,62
2023,3,2023-06-16,Dalvík/Reynir,KV,5,1,1695,5,5,68,65,0,4,27
2023,3,2023-06-16,ÍR,Haukar,1,2,1696,5,5,74,69,0,60,16
2023,3,2023-06-16,KFG,KFA,0,0,1697,5,5,66,38,0,22,21
2023,4,2023-06-16,Elliði,Augnablik,2,2,1698,5,4,65,66,0,6,2
2023,4,2023-06-16,Ýmir,Kári,1,1,1699,5,5,16,69,0,61,32
2023,4,2023-06-16,Víðir,ÍH,2,1,1700,4,5,66,64,0,51,59
2023,5,2023-06-16,Álftanes,Vængir Júpiters,1,3,1701,6,8,6,35,0,53,48
2023,5,2023-06-16,Árborg,Uppsveitir,4,1,1702,6,6,10,6,0,54,45
2023,5,2023-06-16,KH,Tindastóll,0,2,1703,8,6,37,31,0,25,44
2023,3,2023-06-17,Víkingur Ó.,Sindri,7,1,1704,6,6,66,67,0,50,41
2023,3,2023-06-17,Höttur/Huginn,Þróttur V.,3,1,1705,6,6,63,67,0,18,63
2023,4,2023-06-18,KFS,Magni,2,2,1706,7,7,68,66,0,24,36
2023,2,2023-06-22,Þróttur R.,Grótta,2,1,1707,6,7,69,69,0,62,13
2023,2,2023-06-22,Ægir,Grindavík,1,3,1708,7,7,69,71,0,56,12
2023,1,2023-06-23,HK,Breiðablik,5,2,1709,12,13,75,79,0,14,3
2023,1,2023-06-23,FH,Fram,4,0,1710,13,12,81,76,0,7,10
2023,1,2023-06-23,Keflavík,Fylkir,1,1,1711,12,13,77,72,0,28,11
2023,2,2023-06-23,Leiknir R.,Afturelding,2,2,1712,13,7,69,66,0,35,1
2023,2,2023-06-23,Selfoss,ÍA,3,4,1713,7,7,66,76,0,40,57
2023,1,2023-06-24,ÍBV,Valur,0,3,1714,14,13,75,80,0,58,46
2023,1,2023-06-24,KR,KA,2,0,1715,14,14,79,82,0,26,19
2023,1,2023-06-24,Víkingur R.,Stjarnan,2,0,1716,13,13,88,77,0,49,43
2023,2,2023-06-24,Njarðvík,Þór,2,2,1717,8,8,73,70,0,37,64
2023,2,2023-06-24,Fjölnir,Vestri,1,1,1718,9,14,68,68,0,9,47
2023,3,2023-06-24,Sindri,KFG,1,0,1719,7,8,68,67,0,41,22
2023,4,2023-06-24,Augnablik,KFS,0,1,1720,8,6,67,69,0,2,24
2023,4,2023-06-24,Árbær,Kormákur/Hvöt,1,3,1721,9,9,17,38,0,55,29
2023,3,2023-06-25,KV,Höttur/Huginn,3,4,1722,9,8,66,64,0,27,18
2023,3,2023-06-25,KFA,Haukar,3,2,1723,9,9,39,70,0,21,16
2023,3,2023-06-25,KF,Víkingur Ó.,1,2,1724,14,8,66,67,0,20,50
2023,3,2023-06-25,Dalvík/Reynir,ÍR,3,1,1725,9,9,69,75,0,4,60
2023,3,2023-06-25,Þróttur V.,Völsungur,3,2,1726,8,14,68,66,0,63,52
2023,4,2023-06-25,Víðir,Ýmir,4,1,1727,9,9,67,17,0,51,61
2023,4,2023-06-25,Magni,Hvíti riddarinn,2,2,1728,7,10,67,18,0,36,17
2023,4,2023-06-25,Reynir S.,Kári,4,1,1729,10,9,67,70,0,39,32
2023,4,2023-06-25,ÍH,Elliði,3,2,1730,9,9,65,66,0,59,6
2023,5,2023-06-25,KFK,KÁ,2,0,1731,10,10,9,10,0,23,31
2023,5,2023-06-25,Tindastóll,Hamar,5,1,1732,9,10,32,9,0,44,15
2023,5,2023-06-26,Skallagrímur,Álftanes,3,1,1733,11,10,8,7,0,42,53
2023,5,2023-06-26,Uppsveitir,KH,2,3,1734,10,10,7,38,0,45,25
2023,5,2023-06-26,Vængir Júpiters,Árborg,6,2,1735,10,10,36,11,0,48,54
2023,1,2023-06-28,ÍBV,KA,2,0,1736,4,4,76,83,0,58,19
2023,1,2023-06-28,KR,Keflavík,2,0,1737,4,5,80,78,0,26,28
2023,1,2023-06-28,Fram,HK,3,2,1738,5,5,77,76,0,10,14
2023,2,2023-06-28,Vestri,Leiknir R.,1,0,1739,4,5,69,70,0,47,35
2023,2,2023-06-28,Grótta,Selfoss,1,0,1740,6,5,70,67,0,13,40
2023,4,2023-06-28,Kári,Árbær,1,0,1741,3,4,71,18,0,32,55
2023,1,2023-06-29,Fylkir,Víkingur R.,1,3,1742,6,5,73,89,0,11,49
2023,1,2023-06-29,Stjarnan,FH,5,0,1743,5,6,78,82,0,43,7
2023,2,2023-06-29,ÍA,Þór,4,0,1744,6,5,77,71,0,57,64
2023,2,2023-06-29,Afturelding,Fjölnir,4,3,1745,6,5,67,69,0,1,9
2023,5,2023-06-29,Hamar,Uppsveitir,1,0,1746,4,3,10,8,0,15,45
2023,2,2023-06-30,Grindavík,Þróttur R.,1,2,1747,8,8,72,70,0,12,62
2023,3,2023-06-30,Víkingur Ó.,Þróttur V.,2,1,1748,5,5,68,69,0,50,63
2023,3,2023-06-30,Höttur/Huginn,Dalvík/Reynir,1,3,1749,5,5,65,70,0,18,4
2023,4,2023-06-30,Kormákur/Hvöt,Magni,2,1,1750,6,5,39,68,0,29,36
2023,4,2023-06-30,Reynir S.,Ýmir,5,1,1751,5,5,68,18,0,39,61
2023,4,2023-06-30,Elliði,Víðir,2,1,1752,5,5,67,68,0,6,51
2023,4,2023-06-30,Hvíti riddarinn,Augnablik,1,2,1753,5,6,19,68,0,17,2
2023,5,2023-06-30,KÁ,Álftanes,4,2,1754,5,4,11,8,0,31,53
2023,5,2023-06-30,Árborg,Skallagrímur,3,1,1755,4,4,12,9,0,54,42
2023,5,2023-06-30,KH,Vængir Júpiters,1,4,1756,4,4,39,37,0,25,48
2023,3,2023-07-01,Haukar,Sindri,1,1,1757,6,7,71,69,0,16,41
2023,3,2023-07-01,KFA,ÍR,2,1,1758,6,6,40,76,0,21,60
2023,3,2023-07-01,Völsungur,KV,3,0,1759,6,6,67,67,0,52,27
2023,3,2023-07-01,KFG,KF,2,0,1760,7,6,68,67,0,22,20
2023,5,2023-07-01,KFK,Tindastóll,1,0,1761,6,6,10,33,0,23,44
2023,2,2023-07-02,Vestri,Ægir,1,2,1762,4,10,70,70,0,47,56
2023,2,2023-07-02,Leiknir R.,Njarðvík,3,0,1763,4,8,71,74,0,35,37
2023,4,2023-07-02,KFS,ÍH,2,0,1764,8,7,70,66,0,24,59
2023,6,2023-07-04,KA,Breiðablik,2,2,1765,6,11,84,80,0,19,3
2023,4,2023-07-05,Árbær,Reynir S.,1,4,1766,7,5,19,69,0,55,39
2023,5,2023-07-05,Tindastóll,KÁ,3,1,1767,4,5,34,12,0,44,31
2023,2,2023-07-06,Fjölnir,Leiknir R.,4,1,1768,7,4,70,72,0,9,35
2023,3,2023-07-06,Þróttur V.,KFG,1,1,1769,6,5,70,69,0,63,22
2023,3,2023-07-06,Dalvík/Reynir,Völsungur,3,2,1770,6,5,71,68,0,4,52
2023,4,2023-07-06,ÍH,Hvíti riddarinn,3,2,1771,4,6,67,20,0,59,17
2023,5,2023-07-06,Vængir Júpiters,Hamar,2,2,1772,6,7,38,11,0,48,15
2023,5,2023-07-06,Álftanes,Árborg,1,1,1773,6,6,9,13,0,53,54
2023,5,2023-07-06,Skallagrímur,KH,2,3,1774,6,6,10,40,0,42,25
2023,5,2023-07-06,Uppsveitir,KFK,1,3,1775,7,5,9,11,0,45,23
2023,1,2023-07-07,Breiðablik,Fylkir,5,1,1776,3,8,81,74,0,3,11
2023,2,2023-07-07,Ægir,Afturelding,1,4,1777,5,8,71,68,0,56,1
2023,2,2023-07-07,ÍA,Njarðvík,2,1,1778,8,5,78,75,0,57,37
2023,3,2023-07-07,KV,Víkingur Ó.,0,0,1779,6,7,68,69,0,27,50
2023,4,2023-07-07,Víðir,KFS,2,1,1780,7,5,69,71,0,51,24
2023,4,2023-07-07,Ýmir,Elliði,2,1,1781,7,7,19,68,0,61,6
2023,1,2023-07-08,ÍBV,Fram,1,0,1782,10,10,77,78,0,58,10
2023,1,2023-07-08,Keflavík,Víkingur R.,3,3,1783,10,9,79,90,0,28,49
2023,2,2023-07-08,Þróttur R.,Vestri,1,2,1784,8,6,71,71,0,62,47
2023,3,2023-07-08,Sindri,KFA,2,2,1785,7,7,70,41,0,41,21
2023,3,2023-07-08,ÍR,Höttur/Huginn,2,0,1786,7,8,77,66,0,60,18
2023,3,2023-07-08,KF,Haukar,2,1,1787,7,7,68,72,0,20,16
2023,4,2023-07-08,Augnablik,Kormákur/Hvöt,2,1,1788,8,8,69,40,0,2,29
2023,4,2023-07-08,Magni,Kári,3,3,1789,8,10,69,72,0,36,32
2023,1,2023-07-12,Valur,Fylkir,2,1,1790,18,5,81,75,0,46,11
2023,2,2023-07-12,Grindavík,Þór,1,1,1791,12,13,73,72,0,12,64
2023,2,2023-07-12,Leiknir R.,Ægir,3,2,1792,6,5,73,72,0,35,56
2023,2,2023-07-12,Njarðvík,Fjölnir,1,1,1793,5,6,76,71,0,37,9
2023,2,2023-07-12,Afturelding,Þróttur R.,1,0,1794,5,4,69,72,0,1,62
2023,5,2023-07-12,KÁ,Árborg,1,5,1795,7,6,13,14,0,31,54
2023,1,2023-07-13,HK,KR,1,1,1796,15,15,77,81,0,14,26
2023,3,2023-07-13,Haukar,KV,3,2,1797,5,6,73,69,0,16,27
2023,4,2023-07-13,Kári,ÍH,4,1,1798,5,7,73,68,0,32,59
2023,4,2023-07-13,Reynir S.,Augnablik,2,1,1799,8,5,70,70,0,39,2
2023,4,2023-07-13,Hvíti riddarinn,Elliði,1,2,1800,7,6,21,69,0,17,6
2023,5,2023-07-13,Vængir Júpiters,KFK,3,2,1801,7,7,39,12,0,48,23
2023,5,2023-07-13,Álftanes,KH,1,3,1802,7,7,10,41,0,53,25
2023,5,2023-07-13,Skallagrímur,Hamar,3,1,1803,7,7,11,12,0,42,15
2023,1,2023-07-14,Fram,Breiðablik,0,1,1804,6,7,79,82,0,10,3
2023,3,2023-07-15,Völsungur,ÍR,2,0,1805,9,7,69,78,0,52,60
2023,3,2023-07-15,KFA,Þróttur V.,1,1,1806,7,9,42,71,0,21,63
2023,3,2023-07-15,Víkingur Ó.,Höttur/Huginn,3,0,1807,8,7,70,67,0,50,18
2023,3,2023-07-15,KFG,Dalvík/Reynir,1,2,1808,9,9,70,72,0,22,4
2023,3,2023-07-15,Sindri,KF,3,1,1809,7,7,71,69,0,41,20
2023,4,2023-07-15,KFS,Ýmir,4,0,1810,8,8,72,20,0,24,61
2023,4,2023-07-15,Árbær,Magni,3,3,1811,10,7,20,70,0,55,36
2023,4,2023-07-15,Kormákur/Hvöt,Víðir,3,2,1812,7,8,41,70,0,29,51
2023,5,2023-07-15,Uppsveitir,Tindastóll,0,1,1813,9,10,10,35,0,45,44
2023,1,2023-07-16,ÍBV,Keflavík,1,1,1814,8,8,78,80,0,58,28
2023,2,2023-07-16,Ægir,Njarðvík,1,0,1815,4,4,73,77,0,56,37
2023,2,2023-07-16,Selfoss,Leiknir R.,2,4,1816,18,4,68,74,0,40,35
2023,2,2023-07-16,Grótta,Grindavík,2,0,1817,18,4,71,74,0,13,12
2023,2,2023-07-16,ÍA,Vestri,1,1,1818,9,8,79,72,0,57,47
2023,2,2023-07-16,Þór,Afturelding,1,3,1819,4,4,73,70,0,64,1
2023,2,2023-07-16,Þróttur R.,Fjölnir,2,2,1820,4,4,73,72,0,62,9
2023,1,2023-07-17,Stjarnan,Valur,2,0,1821,18,5,79,82,0,43,46
2023,1,2023-07-18,KR,FH,1,0,1822,5,19,82,83,0,26,7
2023,1,2023-07-18,Fylkir,HK,0,0,1823,6,5,76,78,0,11,14
2023,2,2023-07-20,Leiknir R.,Þróttur R.,3,2,1824,4,4,75,74,0,35,62
2023,1,2023-07-21,Breiðablik,ÍBV,3,1,1825,7,5,83,79,0,3,58
2023,2,2023-07-21,Fjölnir,Ægir,5,1,1826,5,5,73,74,0,9,56
2023,2,2023-07-21,Grindavík,ÍA,0,2,1827,5,5,75,80,0,12,57
2023,2,2023-07-21,Afturelding,Selfoss,9,0,1828,5,5,71,69,0,1,40
2023,2,2023-07-21,Njarðvík,Grótta,1,3,1829,5,5,78,72,0,37,13
2023,2,2023-07-22,Vestri,Þór,1,0,1830,6,6,73,74,0,47,64
2023,3,2023-07-22,ÍR,Sindri,5,1,1831,7,7,79,72,0,60,41
2023,3,2023-07-22,Völsungur,KF,2,3,1832,7,7,70,70,0,52,20
2023,5,2023-07-22,Hamar,Álftanes,7,0,1833,9,9,13,11,0,15,53
2023,5,2023-07-22,Uppsveitir,KÁ,4,3,1834,7,10,11,14,0,45,31
2023,5,2023-07-22,Tindastóll,Vængir Júpiters,3,1,1835,7,9,36,40,0,44,48
2023,1,2023-07-23,Valur,Fram,1,0,1836,6,9,83,80,0,46,10
2023,1,2023-07-23,HK,Stjarnan,1,1,1837,5,6,79,80,0,14,43
2023,1,2023-07-23,KR,Víkingur R.,1,2,1838,5,15,83,91,0,26,49
2023,3,2023-07-23,Dalvík/Reynir,Víkingur Ó.,3,0,1839,8,8,73,71,0,4,50
2023,4,2023-07-23,Elliði,KFS,2,2,1840,10,8,70,73,0,6,24
2023,4,2023-07-23,Ýmir,Árbær,1,2,1841,8,8,21,21,0,61,55
2023,4,2023-07-23,Hvíti riddarinn,Víðir,1,2,1842,10,8,22,71,0,17,51
2023,4,2023-07-23,Kormákur/Hvöt,ÍH,5,0,1843,8,10,42,69,0,29,59
2023,4,2023-07-23,Magni,Reynir S.,1,3,1844,8,10,71,71,0,36,39
2023,4,2023-07-23,Augnablik,Kári,1,2,1845,10,10,71,74,0,2,32
2023,5,2023-07-23,KFK,Skallagrímur,5,2,1846,10,10,13,12,0,23,42
2023,1,2023-07-24,Keflavík,KA,3,4,1847,8,20,81,85,0,28,19
2023,1,2023-07-24,FH,Fylkir,2,4,1848,6,6,84,77,0,7,11
2023,3,2023-07-24,KV,KFG,1,3,1849,11,9,70,71,0,27,22
2023,3,2023-07-24,Þróttur V.,Haukar,2,1,1850,9,11,72,74,0,63,16
2023,5,2023-07-24,KH,Árborg,1,2,1851,11,12,42,15,0,25,54
2023,2,2023-07-25,Þór,Grótta,3,1,1852,3,4,75,73,0,64,13
2023,2,2023-07-25,Selfoss,Grindavík,2,0,1853,4,4,70,76,0,40,12
2023,3,2023-07-25,Höttur/Huginn,Völsungur,2,1,1854,10,3,68,71,0,18,52
2023,3,2023-07-25,KF,KFA,1,3,1855,3,10,71,43,0,20,21
2023,1,2023-07-26,Stjarnan,Fram,4,0,1856,3,3,81,81,0,43,10
2023,4,2023-07-26,Hvíti riddarinn,Ýmir,2,1,1857,3,3,23,22,0,17,61
2023,2,2023-07-27,Ægir,Þróttur R.,2,2,1858,6,7,75,75,0,56,62
2023,4,2023-07-27,Kári,Elliði,2,3,1859,4,4,75,71,0,32,6
2023,5,2023-07-27,Álftanes,KFK,0,1,1860,5,4,12,14,0,53,23
2023,5,2023-07-27,Árborg,Hamar,2,3,1861,3,5,16,14,0,54,15
2023,5,2023-07-27,KÁ,KH,0,3,1862,5,3,15,43,0,31,25
2023,5,2023-07-27,Uppsveitir,Vængir Júpiters,0,3,1863,5,5,12,41,0,45,48
2023,2,2023-07-28,Afturelding,ÍA,2,5,1864,7,7,72,81,0,1,57
2023,4,2023-07-28,Reynir S.,Víðir,1,1,1865,5,5,72,72,0,39,51
2023,4,2023-07-28,Árbær,ÍH,7,1,1866,5,5,22,70,0,55,59
2023,5,2023-07-28,Skallagrímur,Tindastóll,2,0,1867,5,6,13,37,0,42,44
2023,1,2023-07-29,Breiðablik,Stjarnan,1,1,1868,8,3,84,82,0,3,43
2023,2,2023-07-29,Vestri,Grótta,3,0,1869,7,4,74,74,0,47,13
2023,2,2023-07-29,Njarðvík,Grindavík,4,1,1870,8,4,79,77,0,37,12
2023,2,2023-07-29,Leiknir R.,Þór,1,0,1871,9,4,76,76,0,35,64
2023,2,2023-07-29,Fjölnir,Selfoss,2,4,1872,8,4,74,71,0,9,40
2023,3,2023-07-29,Höttur/Huginn,KFG,4,1,1873,4,5,69,72,0,18,22
2023,3,2023-07-29,KV,KFA,0,4,1874,5,4,71,44,0,27,21
2023,3,2023-07-29,Þróttur V.,Sindri,4,0,1875,5,7,73,73,0,63,41
2023,3,2023-07-29,ÍR,KF,3,1,1876,7,4,80,72,0,60,20
2023,3,2023-07-29,Dalvík/Reynir,Haukar,1,1,1877,6,5,74,75,0,4,16
2023,3,2023-07-29,Völsungur,Víkingur Ó.,1,0,1878,4,6,72,72,0,52,50
2023,4,2023-07-29,Kormákur/Hvöt,KFS,3,1,1879,6,6,43,74,0,29,24
2023,4,2023-07-29,Magni,Augnablik,1,0,1880,6,6,72,72,0,36,2
2023,1,2023-07-30,KA,HK,1,1,1881,6,7,86,80,0,19,14
2023,1,2023-07-30,Víkingur R.,ÍBV,6,0,1882,7,9,92,80,0,49,58
2023,1,2023-07-31,Keflavík,FH,2,3,1883,7,7,82,85,0,28,7
2023,1,2023-07-31,KR,Valur,0,4,1884,8,8,84,84,0,26,46
2023,4,2023-08-01,ÍH,Reynir S.,1,2,1885,4,4,71,73,0,59,39
2023,5,2023-08-01,Uppsveitir,Skallagrímur,2,4,1886,5,4,13,14,0,45,42
2023,5,2023-08-01,Vængir Júpiters,KÁ,1,1,1887,5,5,42,16,0,48,31
2023,5,2023-08-01,KFK,Árborg,1,1,1888,5,5,15,17,0,23,54
2023,2,2023-08-02,Grindavík,Vestri,1,1,1889,4,4,78,75,0,12,47
2023,2,2023-08-02,Þór,Fjölnir,0,1,1890,4,4,77,75,0,64,9
2023,2,2023-08-02,Afturelding,Grótta,1,1,1891,5,4,73,75,0,1,13
2023,2,2023-08-02,Selfoss,Ægir,3,1,1892,4,6,72,76,0,40,56
2023,2,2023-08-02,Þróttur R.,Njarðvík,3,5,1893,6,4,76,80,0,62,37
2023,2,2023-08-02,ÍA,Leiknir R.,1,5,1894,5,4,82,77,0,57,35
2023,3,2023-08-02,Sindri,KV,3,1,1895,4,4,74,72,0,41,27
2023,3,2023-08-02,KF,Þróttur V.,3,2,1896,4,4,73,74,0,20,63
2023,3,2023-08-02,KFG,Völsungur,3,1,1897,4,4,73,73,0,22,52
2023,3,2023-08-02,Víkingur Ó.,ÍR,0,1,1898,4,4,73,81,0,50,60
2023,3,2023-08-02,Haukar,Höttur/Huginn,3,1,1899,4,4,76,70,0,16,18
2023,4,2023-08-02,Augnablik,Árbær,1,0,1900,4,5,73,23,0,2,55
2023,4,2023-08-02,Víðir,Kári,0,1,1901,5,6,73,76,0,51,32
2023,4,2023-08-02,Ýmir,Magni,0,1,1902,7,4,23,73,0,61,36
2023,5,2023-08-02,Tindastóll,Álftanes,4,2,1903,5,6,38,13,0,44,53
2023,5,2023-08-02,Hamar,KH,2,0,1904,6,6,15,44,0,15,25
2023,3,2023-08-03,KFA,Dalvík/Reynir,1,0,1905,5,5,45,75,0,21,4
2023,4,2023-08-03,KFS,Hvíti riddarinn,0,2,1906,5,8,75,24,0,24,17
2023,4,2023-08-03,Elliði,Kormákur/Hvöt,1,2,1907,7,5,72,44,0,6,29
2023,1,2023-08-05,ÍBV,Stjarnan,0,2,1908,6,7,81,83,0,58,43
2023,1,2023-08-06,Breiðablik,KR,3,4,1909,8,6,85,85,0,3,26
2023,1,2023-08-07,Valur,KA,4,2,1910,7,8,85,87,0,46,19
2023,1,2023-08-08,Fram,Fylkir,1,1,1911,13,15,82,78,0,10,11
2023,1,2023-08-08,FH,Víkingur R.,1,3,1912,8,9,86,93,0,7,49
2023,2,2023-08-08,Vestri,Selfoss,2,1,1913,6,6,76,73,0,47,40
2023,2,2023-08-08,Grótta,ÍA,1,3,1914,6,6,76,83,0,13,57
2023,1,2023-08-09,HK,Keflavík,3,1,1915,10,9,81,83,0,14,28
2023,2,2023-08-10,Afturelding,Grindavík,1,2,1916,8,8,74,79,0,1,12
2023,3,2023-08-10,Dalvík/Reynir,Sindri,2,1,1917,7,8,76,75,0,4,41
2023,4,2023-08-10,Elliði,Reynir S.,2,1,1918,7,9,73,74,0,6,39
2023,5,2023-08-10,Álftanes,Uppsveitir,4,0,1919,8,9,14,14,0,53,45
2023,5,2023-08-10,Skallagrímur,Vængir Júpiters,1,2,1920,9,9,15,43,0,42,48
2023,5,2023-08-10,Árborg,Tindastóll,2,2,1921,9,8,18,39,0,54,44
2023,2,2023-08-11,Ægir,Þór,2,3,1922,9,9,77,78,0,56,64
2023,2,2023-08-11,Leiknir R.,Grótta,2,1,1923,9,3,78,77,0,35,13
2023,2,2023-08-11,Fjölnir,ÍA,0,1,1924,9,3,76,84,0,9,57
2023,3,2023-08-11,ÍR,Þróttur V.,1,3,1925,9,9,82,75,0,60,63
2023,4,2023-08-11,Víðir,Árbær,2,4,1926,9,9,74,24,0,51,55
2023,4,2023-08-11,Ýmir,Augnablik,1,1,1927,9,9,24,74,0,61,2
2023,5,2023-08-11,KÁ,Hamar,4,3,1928,10,9,17,16,0,31,15
2023,2,2023-08-12,Njarðvík,Vestri,2,0,1929,10,4,81,77,0,37,47
2023,2,2023-08-12,Þróttur R.,Selfoss,4,3,1930,10,4,77,74,0,62,40
2023,3,2023-08-12,Höttur/Huginn,KFA,2,1,1931,10,9,71,46,0,18,21
2023,3,2023-08-12,Víkingur Ó.,KFG,2,2,1932,10,10,74,74,0,50,22
2023,3,2023-08-12,Völsungur,Haukar,0,2,1933,10,10,74,77,0,52,16
2023,3,2023-08-12,KV,KF,0,4,1934,10,10,73,74,0,27,20
2023,4,2023-08-12,Kári,KFS,1,1,1935,10,9,77,76,0,32,24
2023,4,2023-08-12,Hvíti riddarinn,Kormákur/Hvöt,1,0,1936,9,9,25,45,0,17,29
2023,4,2023-08-12,ÍH,Magni,0,3,1937,11,10,72,74,0,59,36
2023,5,2023-08-12,KH,KFK,3,3,1938,10,11,45,16,0,25,23
2023,1,2023-08-13,KA,Breiðablik,1,1,1939,6,7,88,86,0,19,3
2023,1,2023-08-13,Keflavík,Valur,1,1,1940,4,6,84,86,0,28,46
2023,1,2023-08-13,FH,ÍBV,2,1,1941,5,8,87,82,0,7,58
2023,1,2023-08-13,KR,Fram,3,2,1942,7,5,86,83,0,26,10
2023,1,2023-08-13,Víkingur R.,HK,6,1,1943,5,4,94,82,0,49,14
2023,1,2023-08-14,Fylkir,Stjarnan,0,4,1944,6,9,79,84,0,11,43
2023,4,2023-08-15,Hvíti riddarinn,Kári,2,1,1945,3,3,26,78,0,17,32
2023,2,2023-08-16,Vestri,Afturelding,2,2,1946,4,6,78,75,0,47,1
2023,2,2023-08-16,Þór,Þróttur R.,2,1,1947,5,4,79,78,0,64,62
2023,2,2023-08-16,Selfoss,Njarðvík,2,3,1948,4,4,75,82,0,40,37
2023,2,2023-08-16,ÍA,Ægir,4,0,1949,5,5,85,78,0,57,56
2023,2,2023-08-16,Grindavík,Leiknir R.,1,0,1950,6,5,80,79,0,12,35
2023,2,2023-08-16,Grótta,Fjölnir,3,3,1951,5,5,78,77,0,13,9
2023,3,2023-08-16,Haukar,Víkingur Ó.,0,3,1952,4,4,78,75,0,16,50
2023,3,2023-08-16,Sindri,Höttur/Huginn,0,2,1953,6,4,76,72,0,41,18
2023,3,2023-08-16,KFA,Völsungur,1,2,1954,4,4,47,75,0,21,52
2023,3,2023-08-16,Þróttur V.,KV,0,0,1955,5,4,76,74,0,63,27
2023,3,2023-08-16,KF,Dalvík/Reynir,0,2,1956,4,6,75,77,0,20,4
2023,4,2023-08-16,Magni,Víðir,0,1,1957,4,5,75,75,0,36,51
2023,4,2023-08-16,Kormákur/Hvöt,Ýmir,7,0,1958,4,5,46,25,0,29,61
2023,4,2023-08-16,Reynir S.,KFS,6,1,1959,6,4,75,77,0,39,24
2023,4,2023-08-16,Augnablik,ÍH,1,2,1960,5,4,75,73,0,2,59
2023,4,2023-08-16,Árbær,Elliði,3,2,1961,5,6,25,74,0,55,6
2023,6,2023-08-16,Víkingur R.,KR,4,1,1962,3,3,95,87,0,49,26
2023,3,2023-08-17,KFG,ÍR,3,5,1963,5,6,75,83,0,22,60
2023,5,2023-08-17,KFK,Hamar,3,0,1964,5,6,17,17,0,23,15
2023,5,2023-08-17,Uppsveitir,Árborg,0,6,1965,7,7,15,19,0,45,54
2023,5,2023-08-17,Vængir Júpiters,Álftanes,2,0,1966,7,7,44,15,0,48,53
2023,5,2023-08-18,Tindastóll,KH,4,0,1967,8,6,40,46,0,44,25
2023,5,2023-08-19,Skallagrímur,KÁ,0,3,1968,9,8,16,18,0,42,31
2023,1,2023-08-20,ÍBV,Fylkir,0,1,1969,7,6,83,80,0,58,11
2023,1,2023-08-20,Fram,KA,2,1,1970,7,7,84,89,0,10,19
2023,1,2023-08-20,Breiðablik,Keflavík,2,1,1971,7,7,87,85,0,3,28
2023,1,2023-08-20,HK,FH,2,2,1972,7,7,83,88,0,14,7
2023,1,2023-08-20,Valur,Víkingur R.,0,4,1973,7,4,87,96,0,46,49
2023,2,2023-08-20,Leiknir R.,Vestri,1,2,1974,4,4,80,79,0,35,47
2023,2,2023-08-20,Njarðvík,Afturelding,1,2,1975,4,4,83,76,0,37,1
2023,2,2023-08-20,Selfoss,Þór,2,2,1976,4,4,76,80,0,40,64
2023,2,2023-08-20,Þróttur R.,ÍA,1,1,1977,4,4,79,86,0,62,57
2023,3,2023-08-20,Víkingur Ó.,KFA,0,0,1978,4,4,76,48,0,50,21
2023,3,2023-08-20,KFG,Haukar,1,3,1979,3,4,76,79,0,22,16
2023,3,2023-08-20,ÍR,KV,5,1,1980,3,4,84,75,0,60,27
2023,3,2023-08-20,Völsungur,Sindri,5,1,1981,4,4,76,77,0,52,41
2023,3,2023-08-20,Dalvík/Reynir,Þróttur V.,3,1,1982,4,4,78,77,0,4,63
2023,3,2023-08-20,Höttur/Huginn,KF,2,2,1983,4,4,73,76,0,18,20
2023,4,2023-08-20,Ýmir,ÍH,4,3,1984,4,4,26,74,0,61,59
2023,4,2023-08-20,KFS,Árbær,0,5,1985,4,4,78,26,0,24,55
2023,4,2023-08-20,Víðir,Augnablik,2,0,1986,4,4,76,76,0,51,2
2023,4,2023-08-20,Kormákur/Hvöt,Kári,4,2,1987,4,5,47,79,0,29,32
2023,4,2023-08-20,Hvíti riddarinn,Reynir S.,0,4,1988,5,4,27,76,0,17,39
2023,4,2023-08-20,Elliði,Magni,1,4,1989,4,4,75,76,0,6,36
2023,1,2023-08-21,Stjarnan,KR,3,1,1990,7,5,85,88,0,43,26
2023,2,2023-08-21,Fjölnir,Grindavík,5,1,1991,5,5,78,81,0,9,12
2023,2,2023-08-21,Ægir,Grótta,2,2,1992,5,5,79,79,0,56,13
2023,4,2023-08-24,Reynir S.,Kormákur/Hvöt,3,2,1993,4,4,77,48,0,39,29
2023,5,2023-08-24,Álftanes,Skallagrímur,3,4,1994,7,5,16,17,0,53,42
2023,5,2023-08-24,Árborg,Vængir Júpiters,1,1,1995,7,7,20,45,0,54,48
2023,5,2023-08-24,KÁ,KFK,0,5,1996,5,7,19,18,0,31,23
2023,2,2023-08-25,Þór,Njarðvík,0,3,1997,5,5,81,84,0,64,37
2023,2,2023-08-25,ÍA,Selfoss,1,0,1998,5,5,87,77,0,57,40
2023,2,2023-08-25,Grindavík,Ægir,7,2,1999,4,4,82,80,0,12,56
2023,2,2023-08-25,Grótta,Þróttur R.,2,2,2000,4,5,80,80,0,13,62
2023,3,2023-08-25,KF,Völsungur,3,2,2001,5,5,77,77,0,20,52
2023,3,2023-08-25,Haukar,ÍR,1,3,2002,5,5,80,85,0,16,60
2023,4,2023-08-25,ÍH,Víðir,2,3,2003,5,5,75,77,0,59,51
2023,4,2023-08-25,Augnablik,Elliði,4,1,2004,5,5,77,76,0,2,6
2023,4,2023-08-25,Árbær,Hvíti riddarinn,4,0,2005,5,5,27,28,0,55,17
2023,5,2023-08-25,KH,Uppsveitir,3,0,2006,7,8,47,16,0,25,45
2023,5,2023-08-25,Hamar,Tindastóll,2,4,2007,8,7,18,41,0,15,44
2023,1,2023-08-26,KA,Stjarnan,2,1,2008,6,5,90,86,0,19,43
2023,1,2023-08-26,FH,Valur,3,2,2009,6,6,89,88,0,7,46
2023,2,2023-08-26,Vestri,Fjölnir,3,1,2010,6,5,80,79,0,47,9
2023,2,2023-08-26,Afturelding,Leiknir R.,0,2,2011,6,6,77,81,0,1,35
2023,3,2023-08-26,KFA,KFG,2,1,2012,6,6,49,77,0,21,22
2023,3,2023-08-26,Sindri,Víkingur Ó.,3,3,2013,6,6,78,77,0,41,50
2023,3,2023-08-26,Þróttur V.,Höttur/Huginn,0,2,2014,6,6,78,74,0,63,18
2023,3,2023-08-26,KV,Dalvík/Reynir,1,4,2015,6,6,76,79,0,27,4
2023,4,2023-08-26,Kári,Ýmir,2,1,2016,6,6,80,27,0,32,61
2023,1,2023-08-27,KR,Fylkir,2,0,2017,6,7,89,81,0,26,11
2023,1,2023-08-27,Keflavík,Fram,0,0,2018,7,7,86,85,0,28,10
2023,1,2023-08-27,Víkingur R.,Breiðablik,5,3,2019,7,7,97,88,0,49,3
2023,1,2023-08-28,HK,ÍBV,2,2,2020,8,8,84,84,0,14,58
2023,1,2023-08-30,FH,KA,0,3,2021,4,4,90,91,0,7,19
2023,2,2023-08-31,Fjölnir,Afturelding,4,2,2022,5,5,80,78,0,9,1
2023,2,2023-08-31,Þróttur R.,Grindavík,5,0,2023,6,6,81,83,0,62,12
2023,4,2023-08-31,Ýmir,Víðir,4,1,2024,5,6,28,78,0,61,51
2023,4,2023-08-31,Elliði,ÍH,3,3,2025,6,6,77,76,0,6,59
2023,5,2023-08-31,Skallagrímur,Árborg,0,1,2026,7,7,18,21,0,42,54
2023,5,2023-08-31,Uppsveitir,Hamar,1,9,2027,6,6,17,19,0,45,15
2023,5,2023-08-31,Vængir Júpiters,KH,6,3,2028,7,6,46,48,0,48,25
2023,5,2023-08-31,Álftanes,KÁ,0,2,2029,7,7,17,20,0,53,31
2023,2,2023-09-01,Selfoss,Grótta,1,0,2030,7,7,78,81,0,40,13
2023,4,2023-09-01,Kári,Reynir S.,4,3,2031,6,8,81,78,0,32,39
2023,2,2023-09-02,Þór,ÍA,2,3,2032,8,8,82,88,0,64,57
2023,2,2023-09-02,Ægir,Vestri,0,5,2033,8,7,81,81,0,56,47
2023,2,2023-09-02,Njarðvík,Leiknir R.,2,4,2034,8,7,85,82,0,37,35
2023,3,2023-09-02,Höttur/Huginn,KV,1,0,2035,7,7,75,77,0,18,27
2023,3,2023-09-02,Haukar,KFA,0,2,2036,8,7,81,50,0,16,21
2023,3,2023-09-02,KFG,Sindri,3,0,2037,7,7,78,79,0,22,41
2023,3,2023-09-02,ÍR,Dalvík/Reynir,0,0,2038,8,7,86,80,0,60,4
2023,3,2023-09-02,Völsungur,Þróttur V.,1,2,2039,8,7,78,79,0,52,63
2023,4,2023-09-02,Kormákur/Hvöt,Árbær,3,2,2040,9,8,49,28,0,29,55
2023,4,2023-09-02,Hvíti riddarinn,Magni,3,1,2041,8,13,29,77,0,17,36
2023,5,2023-09-02,Tindastóll,KFK,3,6,2042,8,9,42,19,0,44,23
2023,1,2023-09-03,Fylkir,KA,1,1,2043,7,4,82,92,0,11,19
2023,1,2023-09-03,Stjarnan,Keflavík,3,0,2044,8,7,87,87,0,43,28
2023,1,2023-09-03,Fram,Víkingur R.,2,3,2045,7,7,86,98,0,10,49
2023,1,2023-09-03,Breiðablik,FH,0,2,2046,7,4,89,91,0,3,7
2023,1,2023-09-03,ÍBV,KR,2,2,2047,6,7,85,90,0,58,26
2023,1,2023-09-03,Valur,HK,4,1,2048,8,6,89,85,0,46,14
2023,3,2023-09-03,Víkingur Ó.,KF,3,2,2049,8,9,78,78,0,50,20
2023,4,2023-09-06,Magni,KFS,6,2,2050,4,17,78,79,0,36,24
2023,5,2023-09-07,Hamar,Vængir Júpiters,3,5,2051,7,7,20,47,0,15,48
2023,5,2023-09-07,KFK,Uppsveitir,16,0,2052,5,7,20,18,0,23,45
2023,5,2023-09-07,Árborg,Álftanes,5,0,2053,7,7,22,18,0,54,53
2023,5,2023-09-07,KÁ,Tindastóll,4,2,2054,7,5,21,43,0,31,44
2023,5,2023-09-07,KH,Skallagrímur,8,1,2055,7,7,49,19,0,25,42
2023,3,2023-09-08,Dalvík/Reynir,Höttur/Huginn,4,2,2056,6,6,81,76,0,4,18
2023,4,2023-09-08,Augnablik,Hvíti riddarinn,4,2,2057,14,6,78,30,0,2,17
2023,4,2023-09-08,Ýmir,Reynir S.,3,5,2058,8,7,29,79,0,61,39
2023,2,2023-09-09,Grindavík,Selfoss,2,1,2059,9,8,84,79,0,12,40
2023,2,2023-09-09,Vestri,Þróttur R.,2,1,2060,7,9,82,82,0,47,62
2023,2,2023-09-09,Njarðvík,ÍA,2,4,2061,7,7,86,89,0,37,57
2023,2,2023-09-09,Leiknir R.,Fjölnir,1,2,2062,7,9,83,81,0,35,9
2023,2,2023-09-09,Afturelding,Ægir,5,0,2063,9,7,79,82,0,1,56
2023,2,2023-09-09,Grótta,Þór,1,0,2064,8,7,82,83,0,13,64
2023,3,2023-09-09,KV,Völsungur,1,3,2065,7,7,78,79,0,27,52
2023,3,2023-09-09,ÍR,KFA,4,2,2066,7,7,87,51,0,60,21
2023,3,2023-09-09,Þróttur V.,Víkingur Ó.,4,0,2067,7,6,80,79,0,63,50
2023,3,2023-09-09,Sindri,Haukar,1,2,2068,7,7,80,82,0,41,16
2023,3,2023-09-09,KF,KFG,3,2,2069,6,7,79,79,0,20,22
2023,4,2023-09-09,ÍH,KFS,5,0,2070,9,3,77,80,0,59,24
2023,4,2023-09-09,Magni,Kormákur/Hvöt,2,2,2071,3,7,79,50,0,36,29
2023,4,2023-09-09,Víðir,Elliði,1,0,2072,9,9,79,78,0,51,6
2023,4,2023-09-09,Árbær,Kári,2,1,2073,7,8,29,82,0,55,32
2023,4,2023-09-12,KFS,Augnablik,3,1,2074,3,4,81,79,0,24,2
2023,3,2023-09-15,Víkingur Ó.,KV,4,1,2075,6,6,80,79,0,50,27
2023,4,2023-09-15,Kári,Magni,2,0,2076,6,6,83,80,0,32,36
2023,2,2023-09-16,Ægir,Leiknir R.,0,5,2077,7,7,83,84,0,56,35
2023,2,2023-09-16,Þór,Grindavík,3,0,2078,7,7,84,85,0,64,12
2023,2,2023-09-16,Fjölnir,Njarðvík,4,0,2079,7,7,82,87,0,9,37
2023,2,2023-09-16,ÍA,Grótta,4,1,2080,7,7,90,83,0,57,13
2023,2,2023-09-16,Selfoss,Vestri,1,2,2081,7,7,80,83,0,40,47
2023,2,2023-09-16,Þróttur R.,Afturelding,2,1,2082,7,7,83,80,0,62,1
2023,3,2023-09-16,Haukar,KF,3,1,2083,7,7,83,80,0,16,20
2023,3,2023-09-16,Völsungur,Dalvík/Reynir,0,2,2084,7,8,80,82,0,52,4
2023,3,2023-09-16,KFA,Sindri,5,1,2085,7,7,52,81,0,21,41
2023,3,2023-09-16,KFG,Þróttur V.,2,4,2086,7,7,80,81,0,22,63
2023,3,2023-09-16,Höttur/Huginn,ÍR,0,5,2087,8,7,77,88,0,18,60
2023,4,2023-09-16,Kormákur/Hvöt,Augnablik,3,0,2088,7,4,51,80,0,29,2
2023,4,2023-09-16,Hvíti riddarinn,ÍH,1,5,2089,8,7,31,78,0,17,59
2023,4,2023-09-16,KFS,Víðir,0,3,2090,4,7,82,80,0,24,51
2023,4,2023-09-16,Elliði,Ýmir,6,2,2091,7,8,79,30,0,6,61
2023,4,2023-09-16,Reynir S.,Árbær,2,3,2092,8,7,80,30,0,39,55
2023,6,2023-09-16,Víkingur R.,KA,3,1,2093,13,13,99,93,0,49,19
2023,1,2023-09-17,Fylkir,ÍBV,2,2,2094,14,14,83,86,0,11,58
2023,1,2023-09-17,Breiðablik,FH,0,2,2095,14,14,90,92,0,3,7
2023,1,2023-09-17,Valur,Stjarnan,2,0,2096,14,14,90,88,0,46,43
2023,1,2023-09-18,HK,Fram,1,1,2097,15,15,86,87,0,14,10
2023,1,2023-09-20,KA,Keflavík,4,2,2098,4,17,94,88,0,19,28
2023,1,2023-09-20,Víkingur R.,KR,2,2,2099,4,17,100,91,0,49,26
2023,1,2023-09-23,ÍBV,Fram,2,2,2100,6,5,87,88,0,58,10
2023,1,2023-09-24,Keflavík,HK,2,1,2101,4,6,89,87,0,28,14
2023,1,2023-09-24,Fylkir,KA,2,4,2102,7,4,84,95,0,11,19
2023,1,2023-09-24,FH,Stjarnan,1,3,2103,7,7,93,89,0,7,43
2023,1,2023-09-24,KR,Valur,2,2,2104,4,7,92,91,0,26,46
2023,1,2023-09-25,Breiðablik,Víkingur R.,3,1,2105,8,5,91,101,0,3,49
2023,1,2023-09-28,KA,ÍBV,2,1,2106,4,5,96,88,0,19,58
2023,1,2023-09-28,Fram,Keflavík,3,1,2107,5,4,89,90,0,10,28
2023,1,2023-09-28,HK,Fylkir,2,2,2108,4,4,88,85,0,14,11
2023,1,2023-09-28,Valur,Breiðablik,4,2,2109,4,3,92,92,0,46,3
2023,1,2023-09-28,Víkingur R.,FH,2,1,2110,3,4,102,94,0,49,7
2023,1,2023-09-28,Stjarnan,KR,2,0,2111,4,4,90,93,0,43,26
2023,1,2023-10-01,Keflavík,Fylkir,1,3,2112,3,3,91,86,0,28,11
2023,1,2023-10-01,HK,ÍBV,0,1,2113,3,3,89,89,0,14,58
2023,1,2023-10-01,Fram,KA,1,0,2114,3,3,90,97,0,10,19
2023,1,2023-10-01,KR,Breiðablik,4,3,2115,3,3,94,93,0,26,3
2023,1,2023-10-01,Valur,FH,4,1,2116,3,3,93,95,0,46,7
2023,1,2023-10-02,Stjarnan,Víkingur R.,3,1,2117,4,4,91,103,0,43,49
2023,1,2023-10-07,Fylkir,Fram,5,1,2118,6,6,87,91,0,11,10
2023,1,2023-10-07,ÍBV,Keflavík,1,1,2119,6,6,90,92,0,58,28
2023,1,2023-10-07,KA,HK,1,0,2120,6,6,98,90,0,19,14
2023,1,2023-10-07,FH,KR,3,1,2121,6,6,96,95,0,7,26
2023,1,2023-10-07,Víkingur R.,Valur,5,1,2122,5,6,104,94,0,49,46
2023,1,2023-10-08,Breiðablik,Stjarnan,0,2,2123,7,6,94,92,0,3,43
2024,7,2024-01-13,KA,Afturelding,2,3,2124,98,100,99,81,1,19,1
2024,7,2024-02-04,Valur,Fylkir,4,0,2125,100,100,95,88,1,46,11
2024,7,2024-02-06,HK,KR,2,3,2126,100,100,91,96,1,14,26
2024,7,2024-02-08,KA,Dalvík/Reynir,3,1,2127,26,100,100,83,0,19,4
2024,7,2024-02-08,ÍA,Afturelding,5,2,2128,100,26,91,82,1,57,1
2024,7,2024-02-09,Grótta,Grindavík,1,2,2129,100,100,84,86,1,13,12
2024,7,2024-02-09,Fram,Fylkir,3,2,2130,100,5,92,89,1,10,11
2024,7,2024-02-10,Keflavík,Vestri,2,2,2131,100,100,93,84,1,28,47
2024,7,2024-02-10,Valur,ÍBV,7,1,2132,6,100,96,91,0,46,58
2024,7,2024-02-10,Fjölnir,HK,3,0,2133,100,4,83,92,1,9,14
2024,7,2024-02-10,Njarðvík,Þór,1,5,2134,100,100,88,85,1,37,64
2024,7,2024-02-11,ÍR,Þróttur R.,4,2,2135,100,100,89,84,1,60,62
2024,7,2024-02-11,Víkingur R.,Leiknir R.,3,3,2136,100,100,105,85,1,49,35
2024,7,2024-02-13,Breiðablik,FH,1,3,2137,100,100,95,97,1,3,7
2024,7,2024-02-14,Elliði,Árbær,2,3,2138,100,100,80,31,1,6,55
2024,7,2024-02-15,HK,Njarðvík,2,2,2139,5,5,93,89,0,14,37
2024,7,2024-02-15,Fjölnir,KR,1,6,2140,5,9,84,97,0,9,26
2024,7,2024-02-16,Keflavík,Grótta,3,1,2141,6,7,94,85,0,28,13
2024,7,2024-02-16,Fram,ÍR,1,2,2142,7,5,93,90,0,10,60
2024,7,2024-02-16,Þróttur R.,Valur,2,0,2143,5,6,85,97,0,62,46
2024,7,2024-02-16,Víkingur R.,Afturelding,4,1,2144,5,8,106,83,0,49,1
2024,7,2024-02-16,KA,ÍA,2,1,2145,8,8,101,92,0,19,57
2024,7,2024-02-16,Augnablik,ÍH,7,1,2146,100,100,81,79,1,2,59
2024,7,2024-02-16,KFG,Ægir,5,3,2147,100,100,81,84,1,22,56
2024,7,2024-02-16,Kári,KFK,5,1,2148,100,100,84,21,1,32,23
2024,7,2024-02-17,Breiðablik,Grindavík,4,0,2149,4,8,96,87,0,3,12
2024,7,2024-02-17,Vestri,FH,0,1,2150,7,4,85,98,0,47,7
2024,7,2024-02-17,Fylkir,ÍBV,4,0,2151,8,7,90,92,0,11,58
2024,7,2024-02-17,Dalvík/Reynir,Leiknir R.,0,5,2152,9,6,84,86,0,4,35
2024,7,2024-02-17,Selfoss,Víðir,2,2,2153,100,100,81,81,1,40,51
2024,7,2024-02-17,Haukar,Reynir S.,5,2,2154,100,100,84,81,1,16,39
2024,7,2024-02-17,Vængir Júpiters,Víkingur Ó.,1,2,2155,100,100,48,81,1,48,50
2024,7,2024-02-17,KV,Þróttur V.,1,5,2156,100,100,80,82,1,27,63
2024,7,2024-02-17,Hvíti riddarinn,Sindri,4,3,2157,100,100,32,82,1,17,41
2024,7,2024-02-17,Höttur/Huginn,KFA,1,3,2158,100,100,78,53,1,18,21
2024,7,2024-02-17,Völsungur,KF,0,3,2159,100,100,81,81,1,52,20
2024,7,2024-02-18,Þór,Stjarnan,5,1,2160,8,100,86,93,0,64,43
2024,7,2024-02-18,Magni,Kormákur/Hvöt,3,0,2161,100,100,81,52,1,36,29
2024,7,2024-02-20,FH,Grindavík,2,3,2162,3,3,99,88,0,7,12
2024,7,2024-02-21,KR,Njarðvík,3,1,2163,6,6,98,90,0,26,37
2024,7,2024-02-22,Fjölnir,Stjarnan,1,1,2164,7,4,85,94,0,9,43
2024,7,2024-02-23,Grótta,Breiðablik,0,5,2165,7,6,86,97,0,13,3
2024,7,2024-02-23,Afturelding,Leiknir R.,3,3,2166,7,6,84,87,0,1,35
2024,7,2024-02-23,Árbær,KV,3,0,2167,9,6,32,81,0,55,27
2024,7,2024-02-23,Vængir Júpiters,Elliði,6,4,2168,6,9,49,81,0,48,6
2024,7,2024-02-24,Grindavík,Vestri,1,0,2169,4,7,89,86,0,12,47
2024,7,2024-02-24,Valur,Fram,2,1,2170,8,8,98,94,0,46,10
2024,7,2024-02-24,Fylkir,ÍR,0,1,2171,7,8,91,91,0,11,60
2024,7,2024-02-24,Þróttur R.,ÍBV,2,1,2172,8,7,86,93,0,62,58
2024,7,2024-02-24,HK,Þór,0,2,2173,9,6,94,87,0,14,64
2024,7,2024-02-24,ÍA,Dalvík/Reynir,6,0,2174,8,7,93,85,0,57,4
2024,7,2024-02-24,Víkingur R.,KA,1,1,2175,8,8,107,102,0,49,19
2024,7,2024-02-24,ÍH,Haukar,1,2,2176,8,7,80,85,0,59,16
2024,7,2024-02-24,Selfoss,Augnablik,2,2,2177,7,8,82,82,0,40,2
2024,7,2024-02-24,Víkingur Ó.,Þróttur V.,1,1,2178,7,7,82,83,0,50,63
2024,7,2024-02-24,KFK,Sindri,4,3,2179,8,7,22,83,0,23,41
2024,7,2024-02-24,Hvíti riddarinn,Ægir,1,3,2180,7,8,33,85,0,17,56
2024,7,2024-02-24,Völsungur,Kormákur/Hvöt,2,2,2181,7,6,82,53,0,52,29
2024,7,2024-02-25,Víðir,Reynir S.,3,2,2182,8,8,82,82,0,51,39
2024,7,2024-02-25,Magni,KFA,1,2,2183,7,8,82,54,0,36,21
2024,7,2024-02-25,KF,Höttur/Huginn,3,3,2184,8,8,82,79,0,20,18
2024,7,2024-02-26,FH,Keflavík,1,4,2185,6,10,100,95,0,7,28
2024,7,2024-02-27,Kári,KFG,2,1,2186,11,11,85,82,0,32,22
2024,7,2024-02-28,ÍA,Víkingur R.,1,1,2187,4,4,94,108,0,57,49
2024,7,2024-02-28,ÍH,Selfoss,2,4,2188,4,4,81,83,0,59,40
2024,7,2024-02-29,Fylkir,Þróttur R.,3,0,2189,5,5,92,87,0,11,62
2024,7,2024-02-29,Njarðvík,Fjölnir,0,3,2190,8,7,91,86,0,37,9
2024,7,2024-02-29,Stjarnan,HK,0,3,2191,7,5,95,95,0,43,14
2024,7,2024-03-01,Keflavík,Grindavík,3,3,2192,4,6,96,90,0,28,12
2024,7,2024-03-01,ÍR,Valur,3,6,2193,6,6,92,99,0,60,46
2024,7,2024-03-01,Haukar,Víðir,4,2,2194,6,5,86,83,0,16,51
2024,7,2024-03-02,FH,Grótta,1,0,2195,5,8,101,87,0,7,13
2024,7,2024-03-02,Fram,ÍBV,2,2,2196,7,7,95,94,0,10,58
2024,7,2024-03-02,Þór,KR,4,0,2197,7,10,88,99,0,64,26
2024,7,2024-03-02,Dalvík/Reynir,Víkingur R.,0,5,2198,7,3,86,109,0,4,49
2024,7,2024-03-02,Víkingur Ó.,Elliði,2,2,2199,7,8,83,82,0,50,6
2024,7,2024-03-02,Kormákur/Hvöt,KF,2,2,2200,7,6,54,83,0,29,20
2024,7,2024-03-02,Höttur/Huginn,Magni,1,1,2201,6,6,80,83,0,18,36
2024,7,2024-03-02,KFA,Völsungur,6,2,2202,6,7,55,83,0,21,52
2024,7,2024-03-03,Breiðablik,Vestri,1,1,2203,9,8,98,87,0,3,47
2024,7,2024-03-03,Leiknir R.,ÍA,1,2,2204,9,4,88,95,0,35,57
2024,7,2024-03-03,Árbær,Þróttur V.,2,6,2205,9,8,33,84,0,55,63
2024,7,2024-03-03,KV,Vængir Júpiters,2,1,2206,9,9,82,50,0,27,48
2024,7,2024-03-05,Stjarnan,Njarðvík,1,1,2207,5,5,96,92,0,43,37
2024,7,2024-03-06,Kári,Hvíti riddarinn,4,1,2208,8,11,86,34,0,32,17
2024,7,2024-03-07,Breiðablik,Keflavík,4,0,2209,4,6,99,97,0,3,28
2024,7,2024-03-07,Haukar,Selfoss,3,2,2210,6,8,87,84,0,16,40
2024,7,2024-03-07,ÍH,Reynir S.,2,4,2211,8,11,82,83,0,59,39
2024,7,2024-03-08,KR,Stjarnan,1,1,2212,6,3,100,97,0,26,43
2024,7,2024-03-08,Augnablik,Víðir,3,3,2213,13,7,83,84,0,2,51
2024,7,2024-03-08,KFG,KFK,6,0,2214,10,13,83,23,0,22,23
2024,7,2024-03-09,Þróttur R.,Fram,1,1,2215,9,7,88,96,0,62,10
2024,7,2024-03-09,ÍR,ÍBV,2,5,2216,8,7,93,95,0,60,58
2024,7,2024-03-09,Afturelding,Dalvík/Reynir,7,0,2217,15,7,85,87,0,1,4
2024,7,2024-03-09,Leiknir R.,KA,0,3,2218,6,14,89,103,0,35,19
2024,7,2024-03-10,Þór,Fjölnir,1,1,2219,8,10,89,87,0,64,9
2024,7,2024-03-10,Ægir,Sindri,5,2,2220,15,15,86,84,0,56,41
2024,7,2024-03-14,Þór,Breiðablik,0,1,2221,4,7,90,100,0,64,3
2024,7,2024-03-14,Selfoss,Reynir S.,2,1,2222,7,7,85,84,0,40,39
2024,7,2024-03-14,Vængir Júpiters,Þróttur V.,2,3,2223,11,11,51,85,0,48,63
2024,7,2024-03-15,Augnablik,Haukar,2,2,2224,7,8,84,88,0,2,16
2024,7,2024-03-15,KFG,Hvíti riddarinn,7,0,2225,7,9,84,35,0,22,17
2024,7,2024-03-15,KFK,Ægir,0,2,2226,7,5,24,87,0,23,56
2024,7,2024-03-15,Höttur/Huginn,Völsungur,2,2,2227,13,13,81,84,0,18,52
2024,7,2024-03-16,Elliði,KV,1,0,2228,14,13,83,83,0,6,27
2024,7,2024-03-16,Víkingur Ó.,Árbær,4,2,2229,14,13,84,34,0,50,55
2024,7,2024-03-16,Kári,Sindri,5,0,2230,10,6,87,85,0,32,41
2024,7,2024-03-17,Kormákur/Hvöt,KFA,0,3,2231,15,15,55,56,0,29,21
2024,7,2024-03-17,KF,Magni,3,2,2232,15,15,84,84,0,20,36
2024,7,2024-03-20,Valur,ÍA,1,1,2233,19,17,100,96,0,46,57
2024,7,2024-03-22,Elliði,Þróttur V.,0,3,2234,6,8,84,86,0,6,63
2024,7,2024-03-22,KFK,Hvíti riddarinn,0,6,2235,7,7,25,36,0,23,17
2024,7,2024-03-22,KFG,Sindri,3,1,2236,7,6,85,86,0,22,41
2024,7,2024-03-23,Árbær,Vængir Júpiters,1,2,2237,7,9,35,52,0,55,48
2024,7,2024-03-23,KV,Víkingur Ó.,2,1,2238,7,7,84,85,0,27,50
2024,7,2024-03-23,Kári,Ægir,2,1,2239,7,8,88,88,0,32,56
2024,7,2024-03-24,Víðir,ÍH,1,1,2240,16,17,85,83,0,51,59
2024,7,2024-03-24,Reynir S.,Augnablik,1,4,2241,10,9,85,85,0,39,2
2024,7,2024-03-25,Grótta,Vestri,3,0,2242,23,22,88,88,0,13,47
2024,7,2024-03-25,Völsungur,Magni,2,1,2243,10,8,85,85,0,52,36
2024,7,2024-03-27,Breiðablik,ÍA,4,1,2244,13,7,101,97,0,3,57
2024,7,2024-03-28,KFA,KF,1,1,2245,11,11,57,85,0,21,20
2024,6,2024-04-04,Elliði,Víkingur Ó.,0,3,2246,13,12,85,86,0,6,50
2024,6,2024-04-05,KH,Reynir S.,5,1,2247,100,12,50,86,1,25,39
2024,6,2024-04-05,Hamar,Hvíti riddarinn,2,5,2248,100,14,21,37,1,15,17
2024,1,2024-04-06,Víkingur R.,Stjarnan,2,0,2249,35,29,110,98,0,49,43
2024,6,2024-04-06,KV,KFS,3,0,2250,14,100,85,83,0,27,24
2024,6,2024-04-06,Víðir,Sindri,2,1,2251,13,15,86,87,0,51,41
2024,6,2024-04-06,Þróttur V.,KÁ,1,3,2252,15,100,87,22,0,63,31
2024,6,2024-04-06,Skallagrímur,Ægir,1,3,2253,100,14,20,89,1,42,56
2024,1,2024-04-07,Fram,Vestri,2,0,2254,29,13,97,89,0,10,47
2024,1,2024-04-07,KA,HK,1,1,2255,29,38,104,96,0,19,14
2024,1,2024-04-07,Valur,ÍA,2,0,2256,18,11,101,98,0,46,57
2024,1,2024-04-07,Fylkir,KR,3,4,2257,38,30,93,101,0,11,26
2024,1,2024-04-08,Breiðablik,FH,2,0,2258,12,37,102,102,0,3,7
2024,6,2024-04-10,Víkingur Ó.,Keflavík,2,3,2259,6,34,87,98,0,50,28
2024,1,2024-04-12,Stjarnan,KR,1,3,2260,6,5,99,102,0,43,26
2024,6,2024-04-12,Selfoss,Kári,3,1,2261,29,20,86,89,0,40,32
2024,6,2024-04-12,Hvíti riddarinn,Grindavík,0,3,2262,7,42,38,91,0,17,12
2024,6,2024-04-12,Dalvík/Reynir,KF,2,0,2263,34,15,88,86,0,4,20
2024,6,2024-04-12,ÍH,Ýmir,3,3,2264,19,100,84,31,0,59,61
2024,1,2024-04-13,Breiðablik,Vestri,4,0,2265,5,6,103,90,0,3,47
2024,1,2024-04-13,KA,FH,2,3,2266,6,5,105,103,0,19,7
2024,6,2024-04-13,Tindastóll,Magni,1,1,2267,100,19,44,86,1,44,36
2024,6,2024-04-13,Árborg,Árbær,1,2,2268,100,21,23,36,1,54,55
2024,6,2024-04-13,Leiknir R.,Afturelding,1,4,2269,35,35,90,86,0,35,1
2024,6,2024-04-13,KÁ,RB,6,3,2270,7,100,23,4,0,31,38
2024,6,2024-04-13,ÍBV,KFG,5,1,2271,35,22,96,86,0,58,22
2024,6,2024-04-13,Grótta,Njarðvík,3,2,2272,19,39,89,93,0,13,37
2024,6,2024-04-13,Vængir Júpiters,Þróttur R.,1,7,2273,21,35,53,89,0,48,62
2024,6,2024-04-13,KH,Fjölnir,2,4,2274,8,34,51,88,0,25,9
2024,6,2024-04-13,KV,ÍR,1,7,2275,7,35,86,94,0,27,60
2024,6,2024-04-13,Höttur/Huginn,Völsungur,2,0,2276,29,19,82,86,0,18,52
2024,6,2024-04-13,Ægir,Haukar,2,3,2277,7,29,90,89,0,56,16
2024,1,2024-04-14,HK,ÍA,0,4,2278,7,7,97,99,0,14,57
2024,1,2024-04-14,Fylkir,Valur,0,0,2279,7,7,94,102,0,11,46
2024,6,2024-04-14,Augnablik,Kormákur/Hvöt,5,2,2280,21,28,86,56,0,2,29
2024,6,2024-04-14,Þór,KFA,5,1,2281,31,17,91,58,0,64,21
2024,6,2024-04-14,KFK,Víðir,0,3,2282,23,8,26,87,0,23,51
2024,1,2024-04-15,Fram,Víkingur R.,0,1,2283,8,9,98,111,0,10,49
2024,7,2024-04-18,Kári,Þróttur V.,1,2,2284,6,12,90,88,0,32,63
2024,1,2024-04-19,Stjarnan,Valur,1,0,2285,7,5,100,103,0,43,46
2024,1,2024-04-20,HK,FH,0,2,2286,6,7,98,104,0,14,7
2024,1,2024-04-20,KR,Fram,0,1,2287,8,5,103,99,0,26,10
2024,7,2024-04-20,KFA,Haukar,1,3,2288,6,7,59,90,0,21,16
2024,1,2024-04-21,KA,Vestri,0,1,2289,8,8,106,91,0,19,47
2024,1,2024-04-21,ÍA,Fylkir,5,1,2290,7,7,100,95,0,57,11
2024,1,2024-04-21,Víkingur R.,Breiðablik,4,1,2291,6,8,112,104,0,49,3
2024,6,2024-04-23,Fjölnir,Selfoss,4,2,2292,10,11,89,87,0,9,40
2024,6,2024-04-24,Þróttur R.,HK,1,2,2293,11,4,90,99,0,62,14
2024,6,2024-04-24,Valur,FH,3,0,2294,5,4,104,105,0,46,7
2024,6,2024-04-24,KÁ,KR,2,9,2295,11,4,24,104,0,31,26
2024,6,2024-04-24,Augnablik,Stjarnan,1,2,2296,10,5,87,101,0,2,43
2024,6,2024-04-25,Haukar,Vestri,2,4,2297,5,4,91,92,0,16,47
2024,6,2024-04-25,Árbær,Fram,0,3,2298,12,5,37,100,0,55,10
2024,6,2024-04-25,Höttur/Huginn,Fylkir,0,1,2299,12,4,83,96,0,18,11
2024,6,2024-04-25,ÍBV,Grindavík,1,2,2300,12,13,97,92,0,58,12
2024,6,2024-04-25,Grótta,Þór,0,3,2301,12,11,90,92,0,13,64
2024,6,2024-04-25,Afturelding,Dalvík/Reynir,4,1,2302,12,13,87,89,0,1,4
2024,6,2024-04-25,ÍA,Tindastóll,3,0,2303,4,12,101,45,0,57,44
2024,6,2024-04-25,KA,ÍR,2,1,2304,4,12,107,95,0,19,60
2024,6,2024-04-25,Víkingur R.,Víðir,4,1,2305,4,11,113,88,0,49,51
2024,6,2024-04-25,Keflavík,Breiðablik,2,1,2306,15,4,99,105,0,28,3
2024,1,2024-04-28,ÍA,FH,1,2,2307,3,4,102,106,0,57,7
2024,1,2024-04-28,Vestri,HK,1,0,2308,3,4,93,100,0,47,14
2024,1,2024-04-28,Víkingur R.,KA,4,2,2309,3,3,114,108,0,49,19
2024,1,2024-04-28,KR,Breiðablik,2,3,2310,4,3,105,106,0,26,3
2024,1,2024-04-29,Valur,Fram,1,1,2311,5,4,105,101,0,46,10
2024,1,2024-04-29,Fylkir,Stjarnan,0,1,2312,4,5,97,102,0,11,43
2024,7,2024-04-29,Haukar,Þróttur V.,2,3,2313,4,11,92,89,0,16,63
2024,2,2024-05-01,Grindavík,Fjölnir,2,3,2314,6,8,93,90,0,12,9
2024,2,2024-05-03,Þróttur R.,Þór,1,1,2315,9,8,91,93,0,62,64
2024,2,2024-05-03,Keflavík,ÍR,1,2,2316,8,8,100,96,0,28,60
2024,2,2024-05-03,Afturelding,Grótta,1,1,2317,8,8,88,91,0,1,13
2024,2,2024-05-03,Leiknir R.,Njarðvík,1,2,2318,20,20,91,94,0,35,37
2024,4,2024-05-03,Kári,Elliði,4,0,2319,15,29,91,86,0,32,6
2024,4,2024-05-03,Augnablik,Vængir Júpiters,3,1,2320,9,20,88,54,0,2,48
2024,1,2024-05-04,FH,Vestri,3,2,2321,6,6,107,94,0,7,47
2024,2,2024-05-04,Dalvík/Reynir,ÍBV,3,1,2322,9,9,90,98,0,4,58
2024,3,2024-05-04,Selfoss,Kormákur/Hvöt,1,0,2323,11,20,88,57,0,40,29
2024,3,2024-05-04,Haukar,Höttur/Huginn,4,0,2324,5,9,93,84,0,16,18
2024,3,2024-05-04,Reynir S.,Ægir,0,3,2325,29,21,87,91,0,39,56
2024,3,2024-05-04,KFA,Þróttur V.,2,0,2326,14,5,60,90,0,21,63
2024,3,2024-05-04,KFG,KF,2,0,2327,21,22,87,87,0,22,20
2024,3,2024-05-04,Víkingur Ó.,Völsungur,3,0,2328,24,21,88,87,0,50,52
2024,4,2024-05-04,Árbær,Víðir,2,2,2329,9,9,38,89,0,55,51
2024,4,2024-05-04,ÍH,KV,2,3,2330,22,21,85,87,0,59,27
2024,4,2024-05-04,Sindri,KFK,1,2,2331,28,20,88,27,0,41,23
2024,4,2024-05-04,Magni,Hvíti riddarinn,2,1,2332,21,22,87,39,0,36,17
2024,1,2024-05-05,KA,KR,1,1,2333,7,7,109,106,0,19,26
2024,1,2024-05-05,Stjarnan,ÍA,4,1,2334,6,7,103,103,0,43,57
2024,1,2024-05-05,Fram,Fylkir,2,1,2335,6,6,102,98,0,10,11
2024,1,2024-05-05,HK,Víkingur R.,3,1,2336,7,7,101,115,0,14,49
2024,1,2024-05-06,Breiðablik,Valur,2,3,2337,8,7,107,106,0,3,46
2024,5,2024-05-08,Árborg,KFS,5,4,2338,25,32,24,84,0,54,24
2024,2,2024-05-09,Þór,Afturelding,4,2,2339,6,6,94,89,0,64,1
2024,2,2024-05-09,Njarðvík,Dalvík/Reynir,3,0,2340,6,5,95,91,0,37,4
2024,5,2024-05-09,Ýmir,KH,5,3,2341,27,26,32,52,0,61,25
2024,5,2024-05-09,Kría,KÁ,2,1,2342,100,15,3,25,1,30,31
2024,5,2024-05-09,RB,Hamar,2,3,2343,26,34,5,22,0,38,15
2024,1,2024-05-10,Stjarnan,Fram,1,1,2344,5,5,104,103,0,43,10
2024,2,2024-05-10,Fjölnir,Leiknir R.,1,0,2345,9,7,91,92,0,9,35
2024,2,2024-05-10,ÍBV,Þróttur R.,4,2,2346,6,7,99,92,0,58,62
2024,2,2024-05-10,Grótta,Keflavík,1,0,2347,7,7,92,101,0,13,28
2024,2,2024-05-10,Grindavík,ÍR,1,1,2348,9,7,94,97,0,12,60
2024,4,2024-05-10,Víðir,Kári,0,2,2349,6,7,90,92,0,51,32
2024,4,2024-05-10,Elliði,ÍH,3,5,2350,7,6,87,86,0,6,59
2024,4,2024-05-10,Hvíti riddarinn,Augnablik,1,4,2351,6,7,40,89,0,17,2
2024,1,2024-05-11,ÍA,Vestri,3,0,2352,6,7,104,95,0,57,47
2024,1,2024-05-11,Valur,KA,3,1,2353,5,6,107,110,0,46,19
2024,3,2024-05-11,KFG,Haukar,0,1,2354,7,7,88,94,0,22,16
2024,3,2024-05-11,KFA,Víkingur Ó.,2,2,2355,7,7,61,89,0,21,50
2024,3,2024-05-11,Völsungur,Selfoss,0,1,2356,7,7,88,89,0,52,40
2024,3,2024-05-11,Þróttur V.,Höttur/Huginn,1,1,2357,7,7,91,85,0,63,18
2024,3,2024-05-11,Kormákur/Hvöt,Reynir S.,1,3,2358,7,7,58,88,0,29,39
2024,3,2024-05-11,Ægir,KF,3,1,2359,7,7,92,88,0,56,20
2024,4,2024-05-11,Vængir Júpiters,Árbær,3,6,2360,8,7,55,39,0,48,55
2024,4,2024-05-11,KFK,Magni,3,0,2361,7,7,28,88,0,23,36
2024,4,2024-05-11,KV,Sindri,3,4,2362,7,7,88,89,0,27,41
2024,1,2024-05-12,KR,HK,1,2,2363,7,7,107,102,0,26,14
2024,1,2024-05-12,Víkingur R.,FH,2,0,2364,7,8,116,108,0,49,7
2024,1,2024-05-12,Fylkir,Breiðablik,0,3,2365,7,6,99,108,0,11,3
2024,5,2024-05-12,KFS,Tindastóll,1,3,2366,4,17,85,46,0,24,44
2024,6,2024-05-14,Fjölnir,Þór,0,2,2367,4,5,92,95,0,9,64
2024,5,2024-05-15,KÁ,Skallagrímur,3,0,2368,6,39,26,21,0,31,42
2024,6,2024-05-15,KA,Vestri,3,1,2369,4,4,111,96,0,19,47
2024,4,2024-05-16,Augnablik,KFK,4,1,2370,6,5,90,29,0,2,23
2024,5,2024-05-16,KH,RB,10,1,2371,7,7,53,6,0,25,38
2024,5,2024-05-16,Hamar,Árborg,3,1,2372,7,8,23,25,0,15,54
2024,5,2024-05-16,Kría,Ýmir,3,4,2373,7,7,4,33,0,30,61
2024,6,2024-05-16,Keflavík,ÍA,3,1,2374,6,5,102,105,0,28,57
2024,6,2024-05-16,Grindavík,Víkingur R.,1,4,2375,6,4,95,117,0,12,49
2024,6,2024-05-16,Fylkir,HK,3,1,2376,4,4,100,103,0,11,14
2024,6,2024-05-16,Stjarnan,KR,5,3,2377,6,4,105,108,0,43,26
2024,3,2024-05-17,KF,Kormákur/Hvöt,0,3,2378,6,6,89,59,0,20,29
2024,3,2024-05-17,Haukar,Ægir,1,1,2379,6,6,95,93,0,16,56
2024,4,2024-05-17,Kári,Vængir Júpiters,5,5,2380,7,6,93,56,0,32,48
2024,4,2024-05-17,Víðir,Elliði,7,1,2381,7,7,91,88,0,51,6
2024,4,2024-05-17,Árbær,Hvíti riddarinn,1,2,2382,6,7,40,41,0,55,17
2024,6,2024-05-17,Fram,ÍH,3,0,2383,7,7,104,87,0,10,59
2024,6,2024-05-17,Afturelding,Valur,1,3,2384,8,6,90,108,0,1,46
2024,2,2024-05-18,Leiknir R.,ÍR,1,0,2385,8,8,93,98,0,35,60
2024,2,2024-05-18,Þróttur R.,Njarðvík,0,1,2386,8,9,93,96,0,62,37
2024,2,2024-05-18,Dalvík/Reynir,Fjölnir,0,0,2387,9,4,92,93,0,4,9
2024,3,2024-05-18,Selfoss,KFA,2,1,2388,7,7,90,62,0,40,21
2024,3,2024-05-18,Víkingur Ó.,Þróttur V.,2,0,2389,7,7,90,92,0,50,63
2024,3,2024-05-18,Höttur/Huginn,KFG,3,2,2390,7,7,86,89,0,18,22
2024,3,2024-05-18,Reynir S.,Völsungur,0,5,2391,7,7,89,89,0,39,52
2024,4,2024-05-19,Magni,KV,2,1,2392,8,8,89,89,0,36,27
2024,1,2024-05-20,Vestri,Víkingur R.,1,4,2393,5,4,97,118,0,47,49
2024,1,2024-05-20,KA,Fylkir,4,2,2394,5,4,112,101,0,19,11
2024,1,2024-05-20,FH,KR,1,2,2395,8,4,109,109,0,7,26
2024,2,2024-05-20,Grindavík,Grótta,2,2,2396,4,10,96,93,0,12,13
2024,2,2024-05-20,ÍBV,Þór,1,1,2397,10,6,100,96,0,58,64
2024,4,2024-05-20,Sindri,ÍH,4,1,2398,9,3,90,88,0,41,59
2024,5,2024-05-20,Ýmir,KÁ,1,0,2399,4,5,34,27,0,61,31
2024,5,2024-05-20,Hamar,Tindastóll,3,3,2400,4,8,24,47,0,15,44
2024,1,2024-05-21,Breiðablik,Stjarnan,2,1,2401,9,5,109,106,0,3,43
2024,1,2024-05-21,Fram,ÍA,1,1,2402,4,5,105,106,0,10,57
2024,1,2024-05-21,HK,Valur,1,2,2403,5,4,104,109,0,14,46
2024,2,2024-05-21,Keflavík,Afturelding,3,0,2404,5,4,103,91,0,28,1
2024,5,2024-05-21,Skallagrímur,KFS,2,1,2405,6,9,22,86,0,42,24
2024,5,2024-05-22,Árborg,KH,3,1,2406,6,6,26,54,0,54,25
2024,5,2024-05-22,RB,Kría,0,4,2407,6,6,7,5,0,38,30
2024,2,2024-05-23,Fjölnir,Þróttur R.,3,1,2408,5,5,94,94,0,9,62
2024,3,2024-05-23,Þróttur V.,KFG,1,0,2409,5,5,93,90,0,63,22
2024,3,2024-05-23,Völsungur,KF,4,1,2410,5,6,90,90,0,52,20
2024,4,2024-05-23,KFK,Árbær,1,3,2411,7,6,30,41,0,23,55
2024,4,2024-05-24,KV,Augnablik,0,3,2412,5,8,90,91,0,27,2
2024,4,2024-05-24,Kári,Hvíti riddarinn,1,2,2413,7,7,94,42,0,32,17
2024,4,2024-05-24,Vængir Júpiters,Víðir,1,2,2414,7,7,57,92,0,48,51
2024,1,2024-05-25,KR,Vestri,2,2,2415,5,5,110,98,0,26,47
2024,1,2024-05-25,ÍA,Víkingur R.,0,1,2416,4,5,107,119,0,57,49
2024,1,2024-05-25,Valur,FH,2,2,2417,4,5,110,110,0,46,7
2024,2,2024-05-25,Afturelding,Grindavík,1,1,2418,4,5,92,97,0,1,12
2024,2,2024-05-25,Grótta,Leiknir R.,4,3,2419,5,7,94,94,0,13,35
2024,2,2024-05-25,Þór,Keflavík,1,1,2420,5,4,97,104,0,64,28
2024,2,2024-05-25,ÍR,Dalvík/Reynir,1,1,2421,7,7,99,93,0,60,4
2024,3,2024-05-25,KFA,Reynir S.,7,3,2422,7,7,63,90,0,21,39
2024,3,2024-05-25,Ægir,Höttur/Huginn,2,2,2423,8,7,94,87,0,56,18
2024,3,2024-05-25,Kormákur/Hvöt,Haukar,1,1,2424,8,8,60,96,0,29,16
2024,4,2024-05-25,Elliði,Sindri,3,2,2425,8,5,89,91,0,6,41
2024,4,2024-05-25,ÍH,Magni,1,2,2426,5,6,89,90,0,59,36
2024,1,2024-05-26,Fram,Breiðablik,1,4,2427,5,5,106,110,0,10,3
2024,1,2024-05-26,Stjarnan,KA,5,0,2428,5,6,107,113,0,43,19
2024,2,2024-05-26,Njarðvík,ÍBV,0,0,2429,8,6,97,101,0,37,58
2024,5,2024-05-26,KÁ,KFS,5,2,2430,6,5,28,87,0,31,24
2024,1,2024-05-27,Fylkir,HK,3,1,2431,7,6,102,105,0,11,14
2024,3,2024-05-27,Víkingur Ó.,Selfoss,2,2,2432,9,9,91,91,0,50,40
2024,5,2024-05-27,KH,Tindastóll,3,2,2433,5,7,55,48,0,25,44
2024,5,2024-05-27,Hamar,Skallagrímur,5,1,2434,7,6,25,23,0,15,42
2024,5,2024-05-27,Kría,Árborg,3,3,2435,5,5,6,27,0,30,54
2024,5,2024-05-28,Ýmir,RB,7,2,2436,8,6,35,8,0,61,38
2024,1,2024-05-30,Valur,Stjarnan,5,1,2437,5,4,111,108,0,46,43
2024,1,2024-05-30,Breiðablik,Víkingur R.,1,1,2438,4,5,111,120,0,3,49
2024,4,2024-05-30,Kári,KFK,7,3,2439,6,7,95,31,0,32,23
2024,1,2024-05-31,FH,Fram,3,3,2440,6,5,111,107,0,7,10
2024,2,2024-05-31,Njarðvík,Þór,5,1,2441,5,6,98,98,0,37,64
2024,2,2024-05-31,Leiknir R.,Afturelding,0,1,2442,6,6,95,93,0,35,1
2024,2,2024-05-31,Þróttur R.,ÍR,5,0,2443,8,6,95,100,0,62,60
2024,2,2024-05-31,Grindavík,Keflavík,2,2,2444,6,6,98,105,0,12,28
2024,3,2024-05-31,Selfoss,Þróttur V.,6,1,2445,4,8,92,94,0,40,63
2024,3,2024-05-31,KF,KFA,4,0,2446,8,6,91,64,0,20,21
2024,3,2024-05-31,Reynir S.,Víkingur Ó.,1,1,2447,6,4,91,92,0,39,50
2024,3,2024-05-31,KFG,Ægir,1,2,2448,8,6,91,95,0,22,56
2024,4,2024-05-31,Magni,Sindri,3,1,2449,6,6,91,92,0,36,41
2024,4,2024-05-31,Augnablik,ÍH,3,5,2450,7,6,92,90,0,2,59
2024,4,2024-05-31,Vængir Júpiters,Elliði,0,2,2451,7,6,58,90,0,48,6
2024,5,2024-05-31,KFS,Hamar,2,3,2452,5,4,88,26,0,24,15
2024,5,2024-05-31,Skallagrímur,KH,1,2,2453,4,4,24,56,0,42,25
2024,5,2024-05-31,RB,KÁ,2,5,2454,3,5,9,29,0,38,31
2024,5,2024-05-31,Árborg,Ýmir,0,3,2455,4,3,28,36,0,54,61
2024,1,2024-06-01,KA,ÍA,2,3,2456,6,7,114,108,0,19,57
2024,2,2024-06-01,Dalvík/Reynir,Grótta,2,2,2457,7,7,94,95,0,4,13
2024,2,2024-06-01,ÍBV,Fjölnir,2,2,2458,6,9,102,95,0,58,9
2024,3,2024-06-01,Haukar,Völsungur,1,3,2459,7,9,97,91,0,16,52
2024,3,2024-06-01,Höttur/Huginn,Kormákur/Hvöt,3,1,2460,7,7,88,61,0,18,29
2024,4,2024-06-01,Árbær,KV,1,0,2461,9,8,42,91,0,55,27
2024,4,2024-06-01,Víðir,Hvíti riddarinn,6,1,2462,8,8,93,43,0,51,17
2024,5,2024-06-01,Kría,Tindastóll,1,2,2463,5,5,7,49,0,30,44
2024,1,2024-06-02,Vestri,Stjarnan,4,2,2464,8,3,99,109,0,47,43
2024,1,2024-06-02,Víkingur R.,Fylkir,5,2,2465,3,6,121,103,0,49,11
2024,1,2024-06-02,HK,Breiðablik,0,2,2466,6,3,106,112,0,14,3
2024,1,2024-06-03,KR,Valur,3,5,2467,9,4,111,112,0,26,46
2024,2,2024-06-05,Keflavík,Leiknir R.,5,0,2468,5,5,106,96,0,28,35
2024,2,2024-06-06,Fjölnir,Njarðvík,4,2,2469,5,6,96,99,0,9,37
2024,3,2024-06-06,Selfoss,Reynir S.,2,1,2470,6,6,93,92,0,40,39
2024,4,2024-06-06,KFK,Víðir,2,3,2471,7,5,32,94,0,23,51
2024,4,2024-06-06,KV,Kári,0,2,2472,5,7,92,96,0,27,32
2024,4,2024-06-06,ÍH,Árbær,2,3,2473,6,5,91,43,0,59,55
2024,5,2024-06-06,KÁ,Hamar,3,3,2474,6,6,30,27,0,31,15
2024,5,2024-06-06,RB,Árborg,2,2,2475,6,6,10,29,0,38,54
2024,2,2024-06-07,ÍR,ÍBV,2,2,2476,7,6,101,103,0,60,58
2024,2,2024-06-07,Grótta,Þróttur R.,1,1,2477,6,7,96,96,0,13,62
2024,3,2024-06-07,Ægir,Þróttur V.,2,3,2478,7,7,96,95,0,56,63
2024,3,2024-06-07,Völsungur,Höttur/Huginn,2,2,2479,6,6,92,89,0,52,18
2024,4,2024-06-07,Hvíti riddarinn,Vængir Júpiters,2,3,2480,6,7,44,59,0,17,48
2024,5,2024-06-07,KH,KFS,3,4,2481,7,7,57,89,0,25,24
2024,2,2024-06-08,Afturelding,Dalvík/Reynir,4,3,2482,8,7,94,95,0,1,4
2024,3,2024-06-08,KFA,Haukar,3,1,2483,8,7,65,98,0,21,16
2024,3,2024-06-08,Kormákur/Hvöt,KFG,1,0,2484,7,8,62,92,0,29,22
2024,3,2024-06-08,Víkingur Ó.,KF,2,0,2485,8,8,93,92,0,50,20
2024,4,2024-06-08,Sindri,Augnablik,0,3,2486,8,8,93,93,0,41,2
2024,4,2024-06-08,Elliði,Magni,1,1,2487,8,8,91,92,0,6,36
2024,5,2024-06-08,Kría,Skallagrímur,2,1,2488,7,8,8,25,0,30,42
2024,5,2024-06-08,Ýmir,Tindastóll,0,0,2489,8,7,37,50,0,61,44
2024,6,2024-06-09,Keflavík,Valur,2,2,2490,4,6,107,113,0,28,46
2024,6,2024-06-12,Þór,Stjarnan,0,1,2491,12,10,99,110,0,64,43
2024,2,2024-06-13,Grótta,ÍBV,0,3,2492,6,6,97,104,0,13,58
2024,2,2024-06-13,Þróttur R.,Afturelding,1,2,2493,6,5,97,95,0,62,1
2024,2,2024-06-13,Njarðvík,ÍR,3,0,2494,7,6,100,102,0,37,60
2024,3,2024-06-13,Haukar,Víkingur Ó.,0,3,2495,5,5,99,94,0,16,50
2024,3,2024-06-13,Höttur/Huginn,KFA,3,4,2496,6,5,90,66,0,18,21
2024,3,2024-06-13,Reynir S.,Þróttur V.,0,2,2497,7,6,93,96,0,39,63
2024,4,2024-06-13,Kári,ÍH,5,2,2498,7,7,97,92,0,32,59
2024,4,2024-06-13,Hvíti riddarinn,Elliði,1,3,2499,6,5,45,92,0,17,6
2024,4,2024-06-13,Vængir Júpiters,KFK,2,3,2500,6,7,60,33,0,48,23
2024,5,2024-06-13,Hamar,KH,2,1,2501,7,6,28,58,0,15,25
2024,5,2024-06-13,Skallagrímur,Ýmir,0,1,2502,5,5,26,38,0,42,61
2024,5,2024-06-13,Árborg,KÁ,3,2,2503,7,7,30,31,0,54,31
2024,6,2024-06-13,KA,Fram,3,0,2504,12,13,115,108,0,19,10
2024,6,2024-06-13,Víkingur R.,Fylkir,3,1,2505,11,11,122,104,0,49,11
2024,3,2024-06-14,Ægir,Kormákur/Hvöt,0,0,2506,7,6,97,63,0,56,29
2024,4,2024-06-14,Víðir,KV,8,0,2507,8,8,95,93,0,51,27
2024,2,2024-06-15,Leiknir R.,Grindavík,2,3,2508,10,15,97,99,0,35,12
2024,2,2024-06-15,Dalvík/Reynir,Keflavík,0,0,2509,7,6,96,108,0,4,28
2024,2,2024-06-15,Fjölnir,Þór,1,0,2510,9,3,97,100,0,9,64
2024,3,2024-06-15,KF,Selfoss,1,3,2511,7,9,93,94,0,20,40
2024,3,2024-06-15,KFG,Völsungur,1,2,2512,7,8,93,93,0,22,52
2024,4,2024-06-15,Augnablik,Magni,2,0,2513,7,7,94,93,0,2,36
2024,4,2024-06-15,Árbær,Sindri,1,5,2514,9,7,44,94,0,55,41
2024,5,2024-06-15,Tindastóll,RB,2,0,2515,7,9,51,11,0,44,38
2024,5,2024-06-17,KFS,Kría,6,1,2516,10,9,90,9,0,24,30
2024,1,2024-06-18,Fylkir,Vestri,3,2,2517,5,16,105,100,0,11,47
2024,1,2024-06-18,Fram,HK,1,2,2518,5,16,109,107,0,10,14
2024,1,2024-06-18,Stjarnan,FH,4,2,2519,6,18,111,112,0,43,7
2024,1,2024-06-18,ÍA,KR,2,1,2520,17,15,109,112,0,57,26
2024,1,2024-06-18,Valur,Víkingur R.,2,2,2521,9,5,114,123,0,46,49
2024,1,2024-06-19,Breiðablik,KA,2,1,2522,17,6,113,116,0,3,19
2024,2,2024-06-19,Grótta,Njarðvík,2,3,2523,6,6,98,101,0,13,37
2024,2,2024-06-20,Afturelding,ÍBV,0,3,2524,7,7,96,105,0,1,58
2024,2,2024-06-20,ÍR,Fjölnir,3,1,2525,7,5,103,98,0,60,9
2024,2,2024-06-20,Keflavík,Þróttur R.,1,1,2526,5,7,109,98,0,28,62
2024,1,2024-06-22,Vestri,Valur,1,5,2527,4,4,101,115,0,47,46
2024,1,2024-06-22,HK,Stjarnan,4,3,2528,4,4,108,112,0,14,43
2024,1,2024-06-22,Víkingur R.,KR,1,1,2529,4,4,124,113,0,49,26
2024,2,2024-06-22,Þór,Leiknir R.,1,2,2530,7,7,101,98,0,64,35
2024,2,2024-06-22,Grindavík,Dalvík/Reynir,3,1,2531,7,7,100,97,0,12,4
2024,4,2024-06-22,KV,Vængir Júpiters,2,5,2532,8,9,94,61,0,27,48
2024,4,2024-06-22,Magni,Árbær,1,1,2533,7,7,94,45,0,36,55
2024,1,2024-06-23,KA,Fram,3,2,2534,4,5,117,110,0,19,10
2024,1,2024-06-23,Breiðablik,ÍA,1,1,2535,4,5,114,110,0,3,57
2024,1,2024-06-23,FH,Fylkir,3,1,2536,5,5,113,106,0,7,11
2024,3,2024-06-23,KFA,KFG,1,2,2537,10,8,67,94,0,21,22
2024,3,2024-06-23,Völsungur,Ægir,1,2,2538,8,9,94,98,0,52,56
2024,3,2024-06-23,Víkingur Ó.,Höttur/Huginn,4,2,2539,10,10,95,91,0,50,18
2024,3,2024-06-23,Þróttur V.,Kormákur/Hvöt,0,1,2540,10,9,97,64,0,63,29
2024,3,2024-06-23,Reynir S.,KF,1,1,2541,10,8,94,94,0,39,20
2024,4,2024-06-23,KFK,Hvíti riddarinn,1,2,2542,10,10,34,46,0,23,17
2024,4,2024-06-23,ÍH,Víðir,3,3,2543,10,9,93,96,0,59,51
2024,4,2024-06-23,Sindri,Kári,1,2,2544,8,10,95,98,0,41,32
2024,4,2024-06-23,Elliði,Augnablik,1,0,2545,10,8,93,95,0,6,2
2024,5,2024-06-23,Árborg,Tindastóll,1,1,2546,10,8,31,52,0,54,44
2024,3,2024-06-24,Selfoss,Haukar,1,2,2547,9,11,95,100,0,40,16
2024,5,2024-06-24,Ýmir,KFS,5,2,2548,11,7,39,91,0,61,24
2024,5,2024-06-24,RB,Skallagrímur,1,10,2549,9,11,12,27,0,38,42
2024,5,2024-06-24,KÁ,KH,2,2,2550,11,11,32,59,0,31,25
2024,5,2024-06-24,Kría,Hamar,5,2,2551,7,11,10,29,0,30,15
2024,2,2024-06-26,Keflavík,Njarðvík,1,1,2552,6,7,110,102,0,28,37
2024,2,2024-06-26,Grindavík,ÍBV,3,1,2553,4,6,101,106,0,12,58
2024,2,2024-06-26,Grótta,ÍR,1,3,2554,7,6,99,104,0,13,60
2024,2,2024-06-26,Dalvík/Reynir,Þór,1,3,2555,4,4,98,102,0,4,64
2024,2,2024-06-26,Leiknir R.,Þróttur R.,3,1,2556,4,6,99,99,0,35,62
2024,2,2024-06-26,Afturelding,Fjölnir,0,1,2557,6,6,97,99,0,1,9
2024,1,2024-06-27,Vestri,Fram,1,3,2558,5,4,102,111,0,47,10
2024,1,2024-06-27,Stjarnan,Víkingur R.,0,4,2559,5,5,113,125,0,43,49
2024,1,2024-06-27,KR,Fylkir,2,2,2560,5,4,114,107,0,26,11
2024,4,2024-06-27,Víðir,Sindri,1,1,2561,4,4,97,96,0,51,41
2024,1,2024-06-28,HK,KA,1,2,2562,6,5,109,118,0,14,19
2024,1,2024-06-28,FH,Breiðablik,1,0,2563,5,5,114,115,0,7,3
2024,1,2024-06-28,ÍA,Valur,3,2,2564,5,6,111,116,0,57,46
2024,3,2024-06-28,Kormákur/Hvöt,Völsungur,1,3,2565,5,5,65,95,0,29,52
2024,3,2024-06-28,Haukar,Reynir S.,3,2,2566,4,5,101,95,0,16,39
2024,4,2024-06-28,KFK,Elliði,2,1,2567,5,5,35,94,0,23,6
2024,4,2024-06-28,Árbær,Augnablik,2,1,2568,6,5,46,96,0,55,2
2024,4,2024-06-28,Vængir Júpiters,ÍH,1,2,2569,6,5,62,94,0,48,59
2024,4,2024-06-28,Hvíti riddarinn,KV,0,3,2570,5,6,47,95,0,17,27
2024,5,2024-06-28,Hamar,Ýmir,5,2,2571,4,4,30,40,0,15,61
2024,5,2024-06-28,Skallagrímur,Árborg,0,2,2572,4,5,28,32,0,42,54
2024,3,2024-06-29,Höttur/Huginn,Selfoss,0,1,2573,6,5,92,96,0,18,40
2024,3,2024-06-29,KFG,Víkingur Ó.,4,4,2574,6,6,95,96,0,22,50
2024,3,2024-06-29,Ægir,KFA,0,1,2575,6,6,99,68,0,56,21
2024,3,2024-06-29,KF,Þróttur V.,0,5,2576,6,6,95,98,0,20,63
2024,4,2024-06-29,Kári,Magni,1,1,2577,6,7,99,95,0,32,36
2024,5,2024-06-29,Tindastóll,KÁ,1,1,2578,6,5,53,33,0,44,31
2024,5,2024-06-29,KH,Kría,4,2,2579,5,5,60,11,0,25,30
2024,5,2024-06-29,KFS,RB,1,2,2580,5,5,92,13,0,24,38
2024,1,2024-06-30,Víkingur R.,Fram,2,1,2581,3,3,126,112,0,49,10
2024,2,2024-06-30,Fjölnir,Grótta,5,2,2582,4,4,100,100,0,9,13
2024,2,2024-06-30,Dalvík/Reynir,Leiknir R.,0,1,2583,4,4,99,100,0,4,35
2024,2,2024-06-30,ÍR,Þór,1,1,2584,4,4,105,103,0,60,64
2024,2,2024-06-30,ÍBV,Keflavík,5,0,2585,4,4,107,111,0,58,28
2024,2,2024-06-30,Njarðvík,Afturelding,2,5,2586,4,4,103,98,0,37,1
2024,2,2024-06-30,Þróttur R.,Grindavík,1,0,2587,4,4,100,102,0,62,12
2024,4,2024-07-02,Árbær,Elliði,3,1,2588,4,4,47,95,0,55,6
2024,6,2024-07-02,KA,Valur,3,2,2589,4,4,119,117,0,19,46
2024,3,2024-07-03,Höttur/Huginn,KF,1,0,2590,4,4,93,96,0,18,20
2024,3,2024-07-03,Völsungur,KFA,0,2,2591,5,4,96,69,0,52,21
2024,3,2024-07-03,Ægir,Selfoss,1,2,2592,4,4,100,97,0,56,40
2024,3,2024-07-03,Kormákur/Hvöt,Víkingur Ó.,1,1,2593,5,4,66,97,0,29,50
2024,3,2024-07-03,KFG,Reynir S.,5,4,2594,4,5,96,96,0,22,39
2024,3,2024-07-03,Haukar,Þróttur V.,3,5,2595,5,4,102,99,0,16,63
2024,4,2024-07-03,Magni,Víðir,0,1,2596,4,6,96,98,0,36,51
2024,4,2024-07-03,Sindri,Vængir Júpiters,0,1,2597,6,5,97,63,0,41,48
2024,4,2024-07-03,ÍH,Hvíti riddarinn,2,2,2598,5,5,95,48,0,59,17
2024,4,2024-07-03,Augnablik,Kári,2,5,2599,5,4,97,100,0,2,32
2024,4,2024-07-03,KV,KFK,1,3,2600,5,5,96,36,0,27,23
2024,6,2024-07-03,Víkingur R.,Stjarnan,1,1,2601,3,6,127,114,0,49,43
2024,2,2024-07-04,Þór,Grótta,3,1,2602,4,4,104,101,0,64,13
2024,2,2024-07-04,Fjölnir,Keflavík,0,0,2603,4,4,101,112,0,9,28
2024,2,2024-07-04,ÍR,Afturelding,3,0,2604,4,4,106,99,0,60,1
2024,2,2024-07-04,Njarðvík,Grindavík,0,1,2605,4,4,104,103,0,37,12
2024,5,2024-07-04,Skallagrímur,Tindastóll,1,3,2606,6,5,29,54,0,42,44
2024,5,2024-07-05,KFS,Árborg,2,2,2607,6,7,93,33,0,24,54
2024,5,2024-07-05,KH,Ýmir,2,1,2608,6,7,61,41,0,25,61
2024,5,2024-07-05,Hamar,RB,0,1,2609,7,6,31,14,0,15,38
2024,5,2024-07-05,KÁ,Kría,2,2,2610,6,6,34,12,0,31,30
2024,1,2024-07-06,KR,Stjarnan,1,1,2611,9,3,115,115,0,26,43
2024,1,2024-07-06,Vestri,Breiðablik,2,2,2612,9,8,103,116,0,47,3
2024,1,2024-07-06,ÍA,HK,8,0,2613,8,8,112,110,0,57,14
2024,1,2024-07-06,Valur,Fylkir,4,0,2614,4,9,118,108,0,46,11
2024,2,2024-07-06,ÍBV,Leiknir R.,1,0,2615,6,6,108,101,0,58,35
2024,2,2024-07-06,Þróttur R.,Dalvík/Reynir,4,1,2616,6,6,101,100,0,62,4
2024,3,2024-07-07,KFA,Kormákur/Hvöt,3,0,2617,4,4,70,67,0,21,29
2024,3,2024-07-07,Reynir S.,Höttur/Huginn,0,3,2618,4,4,97,94,0,39,18
2024,3,2024-07-07,Þróttur V.,Völsungur,5,0,2619,4,4,100,97,0,63,52
2024,3,2024-07-07,Víkingur Ó.,Ægir,3,1,2620,4,4,98,101,0,50,56
2024,3,2024-07-07,KF,Haukar,2,0,2621,4,4,97,103,0,20,16
2024,4,2024-07-07,Hvíti riddarinn,Sindri,1,1,2622,4,4,49,98,0,17,41
2024,4,2024-07-07,Vængir Júpiters,Magni,3,1,2623,4,4,64,97,0,48,36
2024,1,2024-07-08,FH,KA,1,1,2624,10,6,115,120,0,7,19
2024,2,2024-07-08,Þór,Grindavík,2,2,2625,4,4,105,104,0,64,12
2024,3,2024-07-08,Selfoss,KFG,2,2,2626,5,5,98,97,0,40,22
2024,4,2024-07-08,Víðir,Augnablik,3,0,2627,5,5,99,98,0,51,2
2024,4,2024-07-08,KFK,ÍH,3,8,2628,5,5,37,96,0,23,59
2024,4,2024-07-08,Elliði,KV,3,2,2629,6,5,96,97,0,6,27
2024,5,2024-07-08,Tindastóll,Skallagrímur,2,0,2630,4,4,55,30,0,44,42
2024,4,2024-07-09,Kári,Árbær,3,0,2631,6,7,101,48,0,32,55
2024,5,2024-07-10,RB,KH,1,4,2632,5,5,15,62,0,38,25
2024,1,2024-07-11,Fram,KR,1,0,2633,11,5,113,116,0,10,26
2024,2,2024-07-11,Þróttur R.,ÍBV,2,1,2634,5,5,102,109,0,62,58
2024,2,2024-07-11,Leiknir R.,Fjölnir,0,1,2635,5,7,102,102,0,35,9
2024,2,2024-07-11,Keflavík,Grótta,2,1,2636,7,7,113,102,0,28,13
2024,3,2024-07-11,Ægir,Reynir S.,1,2,2637,4,4,102,98,0,56,39
2024,5,2024-07-11,Skallagrímur,KÁ,2,2,2638,3,6,31,35,0,42,31
2024,5,2024-07-11,Ýmir,Kría,7,0,2639,6,6,42,13,0,61,30
2024,5,2024-07-11,Árborg,Hamar,3,1,2640,6,6,34,32,0,54,15
2024,2,2024-07-12,ÍR,Grindavík,3,0,2641,8,4,107,105,0,60,12
2024,4,2024-07-12,Augnablik,Hvíti riddarinn,2,1,2642,4,5,99,50,0,2,17
2024,4,2024-07-12,ÍH,Elliði,6,3,2643,4,4,97,97,0,59,6
2024,5,2024-07-12,Tindastóll,KFS,4,1,2644,4,7,56,94,0,44,24
2024,2,2024-07-13,Dalvík/Reynir,Njarðvík,0,0,2645,7,9,101,105,0,4,37
2024,2,2024-07-13,Afturelding,Þór,0,3,2646,9,5,100,106,0,1,64
2024,3,2024-07-13,Höttur/Huginn,Haukar,1,3,2647,6,6,95,104,0,18,16
2024,3,2024-07-13,Þróttur V.,KFA,2,3,2648,6,6,101,71,0,63,21
2024,3,2024-07-13,Kormákur/Hvöt,Selfoss,0,2,2649,6,5,68,99,0,29,40
2024,3,2024-07-13,KF,KFG,1,1,2650,6,5,98,98,0,20,22
2024,3,2024-07-13,Völsungur,Víkingur Ó.,1,0,2651,6,6,98,99,0,52,50
2024,4,2024-07-13,Kári,Víðir,1,1,2652,4,5,102,100,0,32,51
2024,4,2024-07-13,Árbær,Vængir Júpiters,1,0,2653,4,6,49,65,0,55,48
2024,4,2024-07-13,Magni,KFK,1,1,2654,6,5,98,38,0,36,23
2024,4,2024-07-13,Sindri,KV,1,4,2655,6,5,99,98,0,41,27
2024,1,2024-07-14,Vestri,KA,0,2,2656,8,6,104,121,0,47,19
2024,1,2024-07-15,Fylkir,ÍA,3,0,2657,9,9,109,113,0,11,57
2024,1,2024-07-15,FH,HK,3,1,2658,7,9,116,111,0,7,14
2024,2,2024-07-18,Fjölnir,Grindavík,5,1,2659,7,6,103,106,0,9,12
2024,2,2024-07-18,Njarðvík,Leiknir R.,3,2,2660,5,7,106,103,0,37,35
2024,2,2024-07-18,ÍR,Keflavík,0,1,2661,6,7,108,114,0,60,28
2024,2,2024-07-18,Grótta,Afturelding,1,4,2662,7,5,103,101,0,13,1
2024,3,2024-07-19,Reynir S.,Kormákur/Hvöt,0,1,2663,8,6,99,69,0,39,29
2024,4,2024-07-19,KV,ÍH,2,1,2664,6,7,99,98,0,27,59
2024,1,2024-07-20,HK,Vestri,1,1,2665,5,6,112,105,0,14,47
2024,1,2024-07-20,KA,Víkingur R.,1,0,2666,6,17,122,128,0,19,49
2024,2,2024-07-20,ÍBV,Dalvík/Reynir,1,0,2667,9,7,110,102,0,58,4
2024,2,2024-07-20,Þór,Þróttur R.,0,1,2668,7,9,107,103,0,64,62
2024,1,2024-07-21,Breiðablik,KR,4,2,2669,15,10,117,117,0,3,26
2024,1,2024-07-21,Stjarnan,Fylkir,2,0,2670,15,6,116,110,0,43,11
2024,3,2024-07-21,Víkingur Ó.,KFA,2,0,2671,8,8,100,72,0,50,21
2024,3,2024-07-21,Haukar,KFG,0,4,2672,8,8,105,99,0,16,22
2024,3,2024-07-21,KF,Ægir,2,0,2673,8,10,99,103,0,20,56
2024,3,2024-07-21,Höttur/Huginn,Þróttur V.,4,1,2674,8,8,96,102,0,18,63
2024,3,2024-07-21,Selfoss,Völsungur,3,4,2675,8,8,100,99,0,40,52
2024,4,2024-07-21,Elliði,Kári,0,3,2676,9,8,98,103,0,6,32
2024,4,2024-07-21,Víðir,Árbær,1,2,2677,8,8,101,50,0,51,55
2024,4,2024-07-21,Vængir Júpiters,Augnablik,1,3,2678,8,9,66,100,0,48,2
2024,4,2024-07-21,KFK,Sindri,3,0,2679,8,8,39,100,0,23,41
2024,4,2024-07-21,Hvíti riddarinn,Magni,1,2,2680,9,8,51,99,0,17,36
2024,5,2024-07-21,Tindastóll,Hamar,4,0,2681,9,10,57,33,0,44,15
2024,5,2024-07-21,KFS,Skallagrímur,4,0,2682,9,10,95,32,0,24,42
2024,1,2024-07-22,FH,ÍA,1,1,2683,7,7,117,114,0,7,57
2024,5,2024-07-23,KÁ,Ýmir,3,3,2684,12,12,36,43,0,31,61
2024,5,2024-07-23,KH,Árborg,0,2,2685,13,12,63,35,0,25,54
2024,5,2024-07-23,Kría,RB,5,4,2686,12,13,14,16,0,30,38
2024,2,2024-07-25,Njarðvík,Þróttur R.,1,1,2687,7,5,107,104,0,37,62
2024,2,2024-07-25,Afturelding,Keflavík,1,3,2688,7,7,102,115,0,1,28
2024,2,2024-07-25,Grótta,Grindavík,3,1,2689,7,7,104,107,0,13,12
2024,2,2024-07-25,ÍR,Leiknir R.,1,0,2690,7,7,109,104,0,60,35
2024,3,2024-07-25,KFG,Höttur/Huginn,2,5,2691,4,4,100,97,0,22,18
2024,2,2024-07-26,Fjölnir,Dalvík/Reynir,1,1,2692,8,6,104,103,0,9,4
2024,3,2024-07-26,Þróttur V.,Víkingur Ó.,3,2,2693,5,5,103,101,0,63,50
2024,4,2024-07-26,KFK,Augnablik,0,2,2694,5,5,40,101,0,23,2
2024,4,2024-07-26,Vængir Júpiters,Kári,0,4,2695,5,5,67,104,0,48,32
2024,4,2024-07-26,Elliði,Víðir,1,2,2696,5,5,99,102,0,6,51
2024,4,2024-07-26,Hvíti riddarinn,Árbær,2,3,2697,5,5,52,51,0,17,55
2024,2,2024-07-27,Þór,ÍBV,0,3,2698,7,7,108,111,0,64,58
2024,3,2024-07-27,KFA,Selfoss,0,1,2699,6,6,73,101,0,21,40
2024,3,2024-07-27,Ægir,Haukar,2,4,2700,6,6,104,106,0,56,16
2024,3,2024-07-27,Völsungur,Reynir S.,4,0,2701,6,8,100,100,0,52,39
2024,3,2024-07-27,Kormákur/Hvöt,KF,3,1,2702,8,6,70,100,0,29,20
2024,4,2024-07-27,ÍH,Sindri,1,3,2703,8,6,99,101,0,59,41
2024,4,2024-07-27,KV,Magni,2,3,2704,8,6,100,100,0,27,36
2024,5,2024-07-27,Tindastóll,KH,4,1,2705,6,4,58,64,0,44,25
2024,1,2024-07-28,Vestri,FH,0,2,2706,8,6,106,118,0,47,7
2024,1,2024-07-28,ÍA,Stjarnan,1,3,2707,6,7,115,117,0,57,43
2024,1,2024-07-28,Fram,Valur,4,1,2708,17,22,114,119,0,10,46
2024,1,2024-07-28,Víkingur R.,HK,5,1,2709,8,8,129,113,0,49,14
2024,1,2024-07-29,KR,KA,2,2,2710,8,9,118,123,0,26,19
2024,5,2024-07-29,RB,Ýmir,1,2,2711,6,6,17,44,0,38,61
2024,5,2024-07-29,Skallagrímur,Hamar,0,3,2712,8,8,33,34,0,42,15
2024,5,2024-07-29,Árborg,Kría,9,1,2713,6,6,36,15,0,54,30
2024,2,2024-07-30,Leiknir R.,Grótta,3,1,2714,5,5,105,105,0,35,13
2024,2,2024-07-30,Grindavík,Afturelding,0,3,2715,5,5,108,103,0,12,1
2024,4,2024-07-30,Víðir,Vængir Júpiters,1,1,2716,4,4,103,68,0,51,48
2024,4,2024-07-30,Hvíti riddarinn,Kári,0,2,2717,4,4,53,105,0,17,32
2024,1,2024-07-31,Fylkir,Fram,0,0,2718,10,3,111,115,0,11,10
2024,2,2024-07-31,Dalvík/Reynir,ÍR,1,1,2719,5,6,104,110,0,4,60
2024,2,2024-07-31,Keflavík,Þór,3,2,2720,6,4,116,109,0,28,64
2024,2,2024-07-31,Þróttur R.,Fjölnir,0,0,2721,6,5,105,105,0,62,9
2024,3,2024-07-31,Höttur/Huginn,Ægir,2,0,2722,6,4,98,105,0,18,56
2024,3,2024-07-31,KFG,Þróttur V.,3,3,2723,6,5,101,104,0,22,63
2024,3,2024-07-31,Haukar,Kormákur/Hvöt,5,1,2724,4,4,107,71,0,16,29
2024,3,2024-07-31,KF,Völsungur,1,1,2725,4,4,101,101,0,20,52
2024,4,2024-07-31,Sindri,Elliði,4,2,2726,4,5,102,100,0,41,6
2024,4,2024-07-31,Magni,ÍH,2,2,2727,4,4,101,100,0,36,59
2024,4,2024-07-31,Augnablik,KV,2,0,2728,5,4,102,101,0,2,27
2024,4,2024-07-31,Árbær,KFK,1,2,2729,5,5,52,41,0,55,23
2024,3,2024-08-01,Selfoss,Víkingur Ó.,2,1,2730,5,6,102,102,0,40,50
2024,3,2024-08-01,Reynir S.,KFA,3,1,2731,5,5,101,74,0,39,21
2024,5,2024-08-01,KFS,KÁ,4,0,2732,11,9,96,37,0,24,31
2024,2,2024-08-03,ÍBV,Njarðvík,2,1,2733,7,9,112,108,0,58,37
2024,1,2024-08-05,FH,Víkingur R.,2,3,2734,8,8,119,130,0,7,49
2024,1,2024-08-06,KA,Valur,1,0,2735,8,9,124,120,0,19,46
2024,1,2024-08-06,Fram,Stjarnan,2,1,2736,6,9,116,118,0,10,43
2024,1,2024-08-06,Breiðablik,Fylkir,3,0,2737,16,6,118,112,0,3,11
2024,1,2024-08-07,Vestri,ÍA,0,0,2738,10,10,107,116,0,47,57
2024,2,2024-08-08,Afturelding,Leiknir R.,1,1,2739,9,9,104,106,0,1,35
2024,2,2024-08-08,Keflavík,Grindavík,2,1,2740,8,9,117,109,0,28,12
2024,2,2024-08-09,Fjölnir,ÍBV,1,5,2741,9,6,106,113,0,9,58
2024,2,2024-08-09,ÍR,Þróttur R.,1,0,2742,9,9,111,106,0,60,62
2024,3,2024-08-09,Ægir,KFG,1,0,2743,9,9,106,102,0,56,22
2024,3,2024-08-09,Þróttur V.,Selfoss,4,1,2744,9,8,105,103,0,63,40
2024,5,2024-08-09,Tindastóll,Kría,5,0,2745,13,11,59,16,0,44,30
2024,2,2024-08-10,Grótta,Dalvík/Reynir,2,3,2746,11,10,106,105,0,13,4
2024,2,2024-08-10,Þór,Njarðvík,2,2,2747,10,7,110,109,0,64,37
2024,3,2024-08-10,Völsungur,Haukar,3,0,2748,10,10,102,108,0,52,16
2024,3,2024-08-10,Kormákur/Hvöt,Höttur/Huginn,1,2,2749,10,10,72,99,0,29,18
2024,3,2024-08-10,Víkingur Ó.,Reynir S.,2,1,2750,9,9,103,102,0,50,39
2024,3,2024-08-10,KFA,KF,3,0,2751,9,10,75,102,0,21,20
2024,4,2024-08-10,Hvíti riddarinn,Víðir,0,1,2752,11,11,54,104,0,17,51
2024,4,2024-08-10,KFK,Kári,0,3,2753,10,11,42,106,0,23,32
2024,4,2024-08-10,Sindri,Magni,2,3,2754,10,10,103,102,0,41,36
2024,4,2024-08-10,Elliði,Vængir Júpiters,1,0,2755,10,11,101,69,0,6,48
2024,4,2024-08-10,ÍH,Augnablik,2,3,2756,10,10,101,103,0,59,2
2024,4,2024-08-10,KV,Árbær,2,0,2757,10,10,102,53,0,27,55
2024,5,2024-08-10,Hamar,KFS,2,1,2758,12,9,35,97,0,15,24
2024,5,2024-08-10,KH,Skallagrímur,2,5,2759,14,12,65,34,0,25,42
2024,5,2024-08-10,KÁ,RB,3,3,2760,9,12,38,18,0,31,38
2024,1,2024-08-11,Víkingur R.,Vestri,1,1,2761,6,4,131,108,0,49,47
2024,1,2024-08-11,Fylkir,KA,1,1,2762,5,5,113,125,0,11,19
2024,1,2024-08-11,Valur,HK,5,1,2763,5,14,121,114,0,46,14
2024,1,2024-08-11,Stjarnan,Breiðablik,2,2,2764,5,5,119,119,0,43,3
2024,1,2024-08-12,ÍA,Fram,1,0,2765,5,6,117,117,0,57,10
2024,1,2024-08-12,KR,FH,1,0,2766,14,7,119,120,0,26,7
2024,2,2024-08-14,Dalvík/Reynir,Afturelding,1,3,2767,4,6,106,105,0,4,1
2024,2,2024-08-14,Grindavík,Þór,3,0,2768,6,4,110,111,0,12,64
2024,2,2024-08-14,ÍBV,ÍR,2,2,2769,5,5,114,112,0,58,60
2024,2,2024-08-14,Leiknir R.,Keflavík,0,0,2770,6,6,107,118,0,35,28
2024,2,2024-08-14,Njarðvík,Fjölnir,0,0,2771,4,5,110,107,0,37,9
2024,2,2024-08-14,Þróttur R.,Grótta,3,1,2772,5,4,107,107,0,62,13
2024,1,2024-08-15,Valur,Breiðablik,0,2,2773,4,4,122,120,0,46,3
2024,4,2024-08-15,Víðir,KFK,3,2,2774,5,5,105,43,0,51,23
2024,5,2024-08-15,Árborg,RB,4,0,2775,17,5,37,19,0,54,38
2024,5,2024-08-15,Hamar,KÁ,2,4,2776,5,5,36,39,0,15,31
2024,5,2024-08-15,Skallagrímur,Kría,3,1,2777,5,6,35,17,0,42,30
2024,3,2024-08-16,Reynir S.,Selfoss,1,4,2778,6,7,103,104,0,39,40
2024,3,2024-08-16,Þróttur V.,Ægir,3,0,2779,7,7,106,107,0,63,56
2024,3,2024-08-16,Höttur/Huginn,Völsungur,0,1,2780,6,6,100,103,0,18,52
2024,4,2024-08-16,Kári,KV,4,0,2781,6,6,107,103,0,32,27
2024,4,2024-08-16,Árbær,ÍH,4,2,2782,6,6,54,102,0,55,59
2024,4,2024-08-16,Vængir Júpiters,Hvíti riddarinn,1,5,2783,6,6,70,55,0,48,17
2024,5,2024-08-16,KFS,KH,6,1,2784,6,6,98,66,0,24,25
2024,1,2024-08-17,Vestri,KR,2,0,2785,6,5,109,120,0,47,26
2024,3,2024-08-17,KFG,Kormákur/Hvöt,1,1,2786,8,7,103,73,0,22,29
2024,3,2024-08-17,Haukar,KFA,3,1,2787,7,7,109,76,0,16,21
2024,3,2024-08-17,KF,Víkingur Ó.,4,1,2788,7,7,103,104,0,20,50
2024,4,2024-08-17,Magni,Elliði,1,1,2789,7,7,103,102,0,36,6
2024,4,2024-08-17,Augnablik,Sindri,2,2,2790,7,7,104,104,0,2,41
2024,5,2024-08-17,Tindastóll,Ýmir,3,1,2791,8,19,60,45,0,44,61
2024,1,2024-08-18,KA,Stjarnan,1,1,2792,7,7,126,120,0,19,43
2024,1,2024-08-18,HK,Fylkir,0,2,2793,7,7,115,114,0,14,11
2024,2,2024-08-18,ÍR,Njarðvík,1,1,2794,4,4,113,111,0,60,37
2024,2,2024-08-18,Keflavík,Dalvík/Reynir,3,1,2795,4,4,119,107,0,28,4
2024,2,2024-08-18,Grindavík,Leiknir R.,3,3,2796,4,4,111,108,0,12,35
2024,2,2024-08-18,Þór,Fjölnir,1,1,2797,4,4,112,108,0,64,9
2024,2,2024-08-18,ÍBV,Grótta,2,1,2798,4,4,115,108,0,58,13
2024,1,2024-08-19,FH,Valur,2,2,2799,7,4,121,123,0,7,46
2024,1,2024-08-19,Breiðablik,Fram,3,1,2800,4,7,121,118,0,3,10
2024,1,2024-08-19,Víkingur R.,ÍA,1,2,2801,8,7,132,118,0,49,57
2024,2,2024-08-19,Afturelding,Þróttur R.,1,0,2802,5,5,106,108,0,1,62
2024,5,2024-08-20,Ýmir,Skallagrímur,1,1,2803,3,5,46,36,0,61,42
2024,3,2024-08-21,KFA,Höttur/Huginn,8,2,2804,4,5,77,101,0,21,18
2024,3,2024-08-21,Selfoss,KF,3,2,2805,5,4,105,104,0,40,20
2024,3,2024-08-21,Kormákur/Hvöt,Ægir,0,1,2806,4,5,74,108,0,29,56
2024,3,2024-08-21,Völsungur,KFG,2,1,2807,5,4,104,104,0,52,22
2024,3,2024-08-21,Þróttur V.,Reynir S.,4,1,2808,5,5,107,104,0,63,39
2024,3,2024-08-21,Víkingur Ó.,Haukar,3,2,2809,4,4,105,110,0,50,16
2024,4,2024-08-21,Sindri,Árbær,0,3,2810,4,5,105,55,0,41,55
2024,4,2024-08-21,Magni,Augnablik,2,1,2811,4,4,104,105,0,36,2
2024,4,2024-08-21,KV,Víðir,1,0,2812,5,6,104,106,0,27,51
2024,4,2024-08-21,KFK,Vængir Júpiters,1,4,2813,6,5,44,71,0,23,48
2024,4,2024-08-21,Elliði,Hvíti riddarinn,3,4,2814,4,5,103,56,0,6,17
2024,4,2024-08-21,ÍH,Kári,3,3,2815,5,5,103,108,0,59,32
2024,1,2024-08-22,HK,KR,3,2,2816,4,5,116,121,0,14,26
2024,2,2024-08-22,Njarðvík,Grótta,1,0,2817,4,4,112,109,0,37,13
2024,2,2024-08-22,Fjölnir,ÍR,1,2,2818,4,4,109,114,0,9,60
2024,5,2024-08-22,Kría,KFS,3,1,2819,7,6,18,99,0,30,24
2024,5,2024-08-22,KÁ,Árborg,1,2,2820,7,7,40,38,0,31,54
2024,5,2024-08-22,KH,Hamar,4,5,2821,6,7,67,37,0,25,15
2024,2,2024-08-24,ÍBV,Afturelding,2,3,2822,6,5,116,107,0,58,1
2024,2,2024-08-24,Þróttur R.,Keflavík,3,2,2823,5,6,109,120,0,62,28
2024,2,2024-08-24,Leiknir R.,Þór,5,1,2824,6,6,109,113,0,35,64
2024,2,2024-08-24,Dalvík/Reynir,Grindavík,1,7,2825,6,6,108,112,0,4,12
2024,3,2024-08-24,KFG,KFA,4,1,2826,3,3,105,78,0,22,21
2024,5,2024-08-24,RB,Tindastóll,0,5,2827,9,7,20,61,0,38,44
2024,1,2024-08-25,Valur,Vestri,3,1,2828,6,8,124,110,0,46,47
2024,1,2024-08-25,Fram,KA,1,2,2829,6,7,119,127,0,10,19
2024,1,2024-08-25,ÍA,Breiðablik,1,2,2830,6,6,119,122,0,57,3
2024,1,2024-08-25,Fylkir,FH,2,3,2831,7,6,115,122,0,11,7
2024,3,2024-08-25,Höttur/Huginn,Víkingur Ó.,1,3,2832,4,4,102,106,0,18,50
2024,3,2024-08-25,KF,Reynir S.,2,1,2833,4,4,105,105,0,20,39
2024,3,2024-08-25,Kormákur/Hvöt,Þróttur V.,0,5,2834,4,4,75,108,0,29,63
2024,3,2024-08-25,Ægir,Völsungur,0,0,2835,4,4,109,105,0,56,52
2024,4,2024-08-25,Kári,Sindri,0,1,2836,4,4,109,106,0,32,41
2024,4,2024-08-25,Augnablik,Elliði,3,0,2837,4,4,106,104,0,2,6
2024,4,2024-08-25,Vængir Júpiters,KV,2,2,2838,4,4,72,105,0,48,27
2024,4,2024-08-25,Víðir,ÍH,4,3,2839,4,4,107,104,0,51,59
2024,4,2024-08-25,Hvíti riddarinn,KFK,5,0,2840,4,4,57,45,0,17,23
2024,4,2024-08-25,Árbær,Magni,5,0,2841,4,4,56,105,0,55,36
2024,1,2024-08-26,Stjarnan,HK,2,0,2842,8,4,121,117,0,43,14
2024,3,2024-08-26,Haukar,Selfoss,1,2,2843,5,5,111,106,0,16,40
2024,5,2024-08-26,Ýmir,Árborg,1,1,2844,6,4,47,39,0,61,54
2024,2,2024-08-29,Grindavík,Þróttur R.,2,2,2845,5,5,113,110,0,12,62
2024,5,2024-08-29,Hamar,Kría,1,1,2846,7,7,38,19,0,15,30
2024,5,2024-08-29,KH,KÁ,2,4,2847,7,7,68,41,0,25,31
2024,2,2024-08-30,Keflavík,ÍBV,3,2,2848,6,6,121,117,0,28,58
2024,2,2024-08-30,Afturelding,Njarðvík,4,1,2849,6,8,108,113,0,1,37
2024,4,2024-08-30,Magni,Kári,0,4,2850,5,5,106,110,0,36,32
2024,4,2024-08-30,Augnablik,Árbær,1,1,2851,5,5,107,57,0,2,55
2024,4,2024-08-30,ÍH,Vængir Júpiters,4,1,2852,5,5,105,73,0,59,48
2024,4,2024-08-30,Elliði,KFK,2,1,2853,5,5,105,46,0,6,23
2024,2,2024-08-31,Grótta,Fjölnir,2,1,2854,9,9,110,110,0,13,9
2024,2,2024-08-31,Þór,ÍR,1,1,2855,7,9,114,115,0,64,60
2024,2,2024-08-31,Leiknir R.,Dalvík/Reynir,2,1,2856,7,7,110,109,0,35,4
2024,3,2024-08-31,Völsungur,Kormákur/Hvöt,4,0,2857,6,6,106,76,0,52,29
2024,3,2024-08-31,Selfoss,Höttur/Huginn,5,0,2858,5,6,107,103,0,40,18
2024,3,2024-08-31,Reynir S.,Haukar,0,0,2859,6,5,106,112,0,39,16
2024,3,2024-08-31,Þróttur V.,KF,5,0,2860,6,6,109,106,0,63,20
2024,4,2024-08-31,KV,Hvíti riddarinn,0,2,2861,6,6,106,58,0,27,17
2024,4,2024-08-31,Sindri,Víðir,0,2,2862,6,6,107,108,0,41,51
2024,5,2024-08-31,Tindastóll,Árborg,1,0,2863,7,5,62,40,0,44,54
2024,5,2024-08-31,KFS,Ýmir,1,3,2864,9,5,100,48,0,24,61
2024,5,2024-08-31,Skallagrímur,RB,5,2,2865,11,7,37,21,0,42,38
2024,1,2024-09-01,Vestri,Fylkir,0,0,2866,7,7,111,116,0,47,11
2024,1,2024-09-01,KA,Breiðablik,2,3,2867,7,7,128,123,0,19,3
2024,1,2024-09-01,FH,Stjarnan,0,3,2868,7,6,123,122,0,7,43
2024,1,2024-09-01,KR,ÍA,4,2,2869,10,7,122,120,0,26,57
2024,1,2024-09-01,Víkingur R.,Valur,3,2,2870,13,7,133,125,0,49,46
2024,1,2024-09-01,HK,Fram,1,0,2871,6,7,118,120,0,14,10
2024,3,2024-09-01,KFA,Ægir,3,3,2872,8,7,79,110,0,21,56
2024,3,2024-09-01,Víkingur Ó.,KFG,4,0,2873,7,8,107,106,0,50,22
2024,5,2024-09-05,Árborg,Skallagrímur,3,2,2874,5,5,41,38,0,54,42
2024,2,2024-09-07,Njarðvík,Keflavík,0,0,2875,8,8,114,122,0,37,28
2024,4,2024-09-07,Víðir,Magni,2,0,2876,7,8,109,107,0,51,36
2024,4,2024-09-07,Vængir Júpiters,Sindri,1,3,2877,8,7,74,108,0,48,41
2024,4,2024-09-07,Elliði,Árbær,0,1,2878,8,8,106,58,0,6,55
2024,4,2024-09-07,Hvíti riddarinn,ÍH,3,4,2879,7,8,59,106,0,17,59
2024,4,2024-09-07,KFK,KV,2,6,2880,8,7,47,107,0,23,27
2024,4,2024-09-07,Kári,Augnablik,1,1,2881,8,8,111,108,0,32,2
2024,5,2024-09-07,Kría,KH,2,5,2882,9,9,20,69,0,30,25
2024,5,2024-09-07,KÁ,Tindastóll,0,3,2883,9,7,42,63,0,31,44
2024,5,2024-09-07,RB,KFS,2,2,2884,7,7,22,101,0,38,24
2024,5,2024-09-07,Ýmir,Hamar,3,2,2885,7,9,49,39,0,61,15
2024,2,2024-09-08,ÍBV,Grindavík,6,0,2886,9,10,118,114,0,58,12
2024,2,2024-09-08,Fjölnir,Afturelding,2,0,2887,8,9,111,109,0,9,1
2024,2,2024-09-08,Þór,Dalvík/Reynir,2,0,2888,8,8,115,110,0,64,4
2024,2,2024-09-08,Þróttur R.,Leiknir R.,2,3,2889,10,8,111,111,0,62,35
2024,2,2024-09-08,ÍR,Grótta,2,1,2890,8,8,116,111,0,60,13
2024,3,2024-09-08,Ægir,Víkingur Ó.,2,2,2891,7,7,111,108,0,56,50
2024,3,2024-09-08,Haukar,KF,5,1,2892,8,8,113,107,0,16,20
2024,3,2024-09-08,Höttur/Huginn,Reynir S.,1,3,2893,8,8,104,107,0,18,39
2024,3,2024-09-08,Kormákur/Hvöt,KFA,1,3,2894,8,7,77,80,0,29,21
2024,3,2024-09-08,KFG,Selfoss,1,3,2895,7,8,107,108,0,22,40
2024,3,2024-09-08,Völsungur,Þróttur V.,2,2,2896,8,8,107,110,0,52,63
2024,1,2024-09-13,KR,Víkingur R.,0,3,2897,12,12,123,134,0,26,49
2024,4,2024-09-13,Sindri,Hvíti riddarinn,4,7,2898,6,6,109,60,0,41,17
2024,2,2024-09-14,Dalvík/Reynir,Þróttur R.,2,5,2899,6,6,111,112,0,4,62
2024,2,2024-09-14,Leiknir R.,ÍBV,1,1,2900,6,6,112,119,0,35,58
2024,2,2024-09-14,Afturelding,ÍR,3,0,2901,6,6,110,117,0,1,60
2024,2,2024-09-14,Keflavík,Fjölnir,4,0,2902,7,6,123,112,0,28,9
2024,2,2024-09-14,Grindavík,Njarðvík,2,2,2903,6,7,115,115,0,12,37
2024,2,2024-09-14,Grótta,Þór,1,2,2904,6,6,112,116,0,13,64
2024,3,2024-09-14,KF,Höttur/Huginn,2,3,2905,6,6,108,105,0,20,18
2024,3,2024-09-14,Víkingur Ó.,Kormákur/Hvöt,3,1,2906,6,6,109,78,0,50,29
2024,3,2024-09-14,Selfoss,Ægir,2,2,2907,6,6,109,112,0,40,56
2024,3,2024-09-14,Þróttur V.,Haukar,3,0,2908,6,6,111,114,0,63,16
2024,3,2024-09-14,Reynir S.,KFG,1,2,2909,6,6,108,108,0,39,22
2024,3,2024-09-14,KFA,Völsungur,3,8,2910,6,6,81,108,0,21,52
2024,4,2024-09-14,Magni,Vængir Júpiters,8,1,2911,7,7,108,75,0,36,48
2024,4,2024-09-14,ÍH,KFK,0,3,2912,7,7,107,48,0,59,23
2024,4,2024-09-14,Augnablik,Víðir,1,1,2913,7,7,109,110,0,2,51
2024,4,2024-09-14,Árbær,Kári,3,1,2914,7,7,59,112,0,55,32
2024,4,2024-09-14,KV,Elliði,2,0,2915,7,7,108,107,0,27,6
2024,1,2024-09-15,Fram,FH,3,3,2916,14,14,121,124,0,10,7
2024,1,2024-09-15,ÍA,KA,1,0,2917,14,14,121,129,0,57,19
2024,1,2024-09-15,Stjarnan,Vestri,1,0,2918,14,14,123,112,0,43,47
2024,1,2024-09-15,Breiðablik,HK,5,3,2919,14,14,124,119,0,3,14
2024,1,2024-09-16,Fylkir,Víkingur R.,0,6,2920,15,3,117,135,0,11,49
2024,1,2024-09-16,Valur,KR,4,1,2921,15,3,126,124,0,46,26
2024,6,2024-09-21,KA,Víkingur R.,2,0,2922,6,5,130,136,0,19,49
2024,1,2024-09-22,KR,Vestri,2,2,2923,6,7,125,113,0,26,47
2024,1,2024-09-22,Fram,Fylkir,2,0,2924,7,6,122,118,0,10,11
2024,1,2024-09-23,Breiðablik,ÍA,2,0,2925,8,8,125,122,0,3,57
2024,1,2024-09-23,Valur,Stjarnan,2,2,2926,7,8,127,124,0,46,43
2024,1,2024-09-25,KA,HK,3,3,2927,4,10,131,120,0,19,14
2024,1,2024-09-25,Víkingur R.,FH,3,0,2928,4,10,137,125,0,49,7
2024,1,2024-09-29,KR,Fram,7,1,2929,7,7,126,123,0,26,10
2024,1,2024-09-29,Vestri,HK,2,1,2930,7,4,114,121,0,47,14
2024,1,2024-09-29,Fylkir,KA,1,3,2931,7,4,119,132,0,11,19
2024,1,2024-09-29,FH,Breiðablik,0,1,2932,4,6,126,126,0,7,3
2024,1,2024-09-29,Valur,Víkingur R.,2,3,2933,6,4,128,138,0,46,49
2024,1,2024-09-30,Stjarnan,ÍA,3,0,2934,7,7,125,123,0,43,57
2024,1,2024-10-05,Fram,Vestri,2,4,2935,6,6,124,115,0,10,47
2024,1,2024-10-06,KA,KR,0,4,2936,7,7,133,127,0,19,26
2024,1,2024-10-06,HK,Fylkir,2,2,2937,7,7,122,120,0,14,11
2024,1,2024-10-06,ÍA,FH,4,1,2938,6,7,124,127,0,57,7
2024,1,2024-10-06,Víkingur R.,Stjarnan,2,2,2939,7,6,139,126,0,49,43
2024,1,2024-10-06,Breiðablik,Valur,2,2,2940,7,7,127,129,0,3,46
2024,1,2024-10-19,KA,Vestri,2,1,2941,13,14,134,116,0,19,47
2024,1,2024-10-19,ÍA,Víkingur R.,3,4,2942,13,13,125,140,0,57,49
2024,1,2024-10-19,FH,Valur,1,1,2943,13,13,128,130,0,7,46
2024,1,2024-10-19,Breiðablik,Stjarnan,2,1,2944,13,13,128,127,0,3,43
2024,1,2024-10-20,Fylkir,KR,0,1,2945,14,14,121,128,0,11,26
2024,1,2024-10-20,HK,Fram,2,1,2946,14,15,123,125,0,14,10
2024,1,2024-10-26,KR,HK,7,0,2947,6,6,129,124,0,26,14
2024,1,2024-10-26,Fram,KA,1,4,2948,6,7,126,135,0,10,19
2024,1,2024-10-26,Vestri,Fylkir,1,3,2949,7,6,117,122,0,47,11
2024,1,2024-10-26,Stjarnan,FH,3,2,2950,7,7,128,129,0,43,7
2024,1,2024-10-26,Valur,ÍA,6,1,2951,7,7,131,126,0,46,57
2024,1,2024-10-27,Víkingur R.,Breiðablik,0,3,2952,8,8,141,129,0,49,3
2025,7,2025-02-01,KA,Völsungur,1,1,2953,98,100,136,109,1,19,52
2025,7,2025-02-03,KR,Keflavík,2,0,2954,100,100,130,124,1,26,28
2025,7,2025-02-04,Breiðablik,Fram,1,3,2955,100,100,130,127,1,3,10
2025,7,2025-02-06,Víkingur R.,HK,2,0,2956,100,100,142,125,1,49,14
2025,7,2025-02-06,Selfoss,Leiknir R.,5,5,2957,100,100,110,113,1,40,35
2025,7,2025-02-07,FH,ÍR,0,1,2958,100,100,130,118,1,7,60
2025,7,2025-02-08,Valur,Fjölnir,4,0,2959,100,100,132,113,1,46,9
2025,7,2025-02-08,Þróttur R.,Grindavík,3,2,2960,100,100,113,116,1,62,12
2025,7,2025-02-08,ÍA,Vestri,2,2,2961,100,100,127,118,1,57,47
2025,7,2025-02-08,Breiðablik,Fylkir,1,1,2962,4,100,131,123,0,3,11
2025,7,2025-02-08,Fram,Völsungur,3,1,2963,4,7,128,110,0,10,52
2025,7,2025-02-08,Afturelding,Þór,4,0,2964,100,100,111,117,1,1,64
2025,7,2025-02-08,Stjarnan,ÍBV,3,2,2965,100,100,129,120,1,43,58
2025,7,2025-02-08,Dalvík/Reynir,Tindastóll,2,1,2966,100,100,112,64,1,4,44
2025,7,2025-02-09,Njarðvík,KA,0,1,2967,100,8,116,137,1,37,19
2025,7,2025-02-11,Selfoss,Stjarnan,0,6,2968,5,3,111,130,0,40,43
2025,7,2025-02-14,Þróttur R.,Fjölnir,3,1,2969,6,6,114,114,0,62,9
2025,7,2025-02-14,Fylkir,Fram,1,0,2970,6,6,124,129,0,11,10
2025,7,2025-02-14,FH,Afturelding,3,6,2971,7,6,131,112,0,7,1
2025,7,2025-02-14,Ýmir,Víkingur Ó.,6,0,2972,100,100,50,110,1,61,50
2025,7,2025-02-14,Augnablik,Ægir,1,4,2973,100,100,110,113,1,2,56
2025,7,2025-02-14,Haukar,ÍH,1,1,2974,100,100,115,108,1,16,59
2025,7,2025-02-14,Kári,Árbær,5,2,2975,100,100,113,60,1,32,55
2025,7,2025-02-15,ÍA,Valur,1,1,2976,7,7,128,133,0,57,46
2025,7,2025-02-15,Grindavík,Vestri,4,3,2977,7,7,117,119,0,12,47
2025,7,2025-02-15,KA,Breiðablik,0,5,2978,6,7,138,132,0,19,3
2025,7,2025-02-15,Þór,HK,4,1,2979,7,9,118,126,0,64,14
2025,7,2025-02-15,Keflavík,ÍBV,1,0,2980,12,7,125,121,0,28,58
2025,7,2025-02-15,KFG,Kormákur/Hvöt,4,1,2981,100,100,109,79,1,22,29
2025,7,2025-02-15,Hvíti riddarinn,Þróttur V.,2,2,2982,100,100,61,112,1,17,63
2025,7,2025-02-15,KV,Reynir S.,2,0,2983,100,100,109,109,1,27,39
2025,7,2025-02-15,Árborg,Víðir,0,3,2984,100,100,42,111,1,54,51
2025,7,2025-02-15,Magni,KFA,2,0,2985,100,100,109,82,1,36,21
2025,7,2025-02-16,KF,Höttur/Huginn,1,2,2986,100,100,109,106,1,20,18
2025,7,2025-02-19,Leiknir R.,KR,1,6,2987,13,16,114,131,0,35,26
2025,7,2025-02-20,Þróttur R.,Valur,1,3,2988,6,5,115,134,0,62,46
2025,7,2025-02-20,ÍA,Grindavík,3,0,2989,5,5,129,118,0,57,12
2025,7,2025-02-20,KFG,KV,4,3,2990,5,5,110,110,0,22,27
2025,7,2025-02-21,HK,FH,0,3,2991,6,7,127,132,0,14,7
2025,7,2025-02-21,ÍR,Afturelding,3,1,2992,14,7,119,113,0,60,1
2025,7,2025-02-21,Árborg,Augnablik,1,4,2993,6,7,43,111,0,54,2
2025,7,2025-02-21,Haukar,Grótta,1,1,2994,7,100,116,113,0,16,13
2025,7,2025-02-21,ÍH,Kári,0,7,2995,7,7,109,114,0,59,32
2025,7,2025-02-22,Fjölnir,Vestri,1,3,2996,8,7,115,120,0,9,47
2025,7,2025-02-22,Fram,Njarðvík,1,2,2997,8,13,130,117,0,10,37
2025,7,2025-02-22,Fylkir,KA,1,1,2998,8,7,125,139,0,11,19
2025,7,2025-02-22,Breiðablik,Völsungur,6,0,2999,7,14,133,111,0,3,52
2025,7,2025-02-22,Kormákur/Hvöt,Þróttur V.,0,3,3000,7,7,80,113,0,29,63
2025,7,2025-02-22,Reynir S.,Hvíti riddarinn,1,3,3001,7,7,110,62,0,39,17
2025,7,2025-02-22,Ægir,Ýmir,3,1,3002,8,8,114,51,0,56,61
2025,7,2025-02-22,Árbær,Sindri,8,2,3003,8,100,61,110,0,55,41
2025,7,2025-02-22,Höttur/Huginn,KFA,1,1,3004,6,7,107,83,0,18,21
2025,7,2025-02-22,Dalvík/Reynir,Magni,5,0,3005,14,7,113,110,0,4,36
2025,7,2025-02-23,KR,Selfoss,4,1,3006,4,12,132,112,0,26,40
2025,7,2025-02-23,Leiknir R.,ÍBV,2,3,3007,4,8,115,122,0,35,58
2025,7,2025-02-23,Víðir,Víkingur Ó.,1,0,3008,8,9,112,111,0,51,50
2025,7,2025-02-24,Valur,Grindavík,6,0,3009,4,4,135,119,0,46,12
2025,7,2025-02-25,Stjarnan,Keflavík,1,4,3010,14,10,131,126,0,43,28
2025,7,2025-02-26,Fjölnir,ÍA,3,4,3011,4,6,116,130,0,9,57
2025,7,2025-02-27,KA,Fram,2,5,3012,5,5,140,131,0,19,10
2025,7,2025-02-27,Njarðvík,Breiðablik,2,3,3013,5,5,118,134,0,37,3
2025,7,2025-02-28,Keflavík,Selfoss,3,0,3014,3,5,127,113,0,28,40
2025,7,2025-02-28,Augnablik,Víðir,1,1,3015,7,5,112,113,0,2,51
2025,7,2025-02-28,Ýmir,Árborg,0,4,3016,6,7,52,44,0,61,54
2025,7,2025-02-28,Víkingur Ó.,Ægir,1,3,3017,5,6,112,115,0,50,56
2025,7,2025-02-28,Tindastóll,KF,5,0,3018,20,12,65,110,0,44,20
2025,7,2025-03-01,Völsungur,Fylkir,0,6,3019,7,7,112,126,0,52,11
2025,7,2025-03-01,Þór,ÍR,1,0,3020,14,8,119,120,0,64,60
2025,7,2025-03-01,Leiknir R.,Stjarnan,1,1,3021,6,4,116,132,0,35,43
2025,7,2025-03-01,KV,Kormákur/Hvöt,8,1,3022,9,7,111,81,0,27,29
2025,7,2025-03-01,Grótta,Sindri,2,0,3023,8,7,114,111,0,13,41
2025,7,2025-03-01,Höttur/Huginn,Dalvík/Reynir,3,1,3024,7,7,108,114,0,18,4
2025,7,2025-03-02,Vestri,Valur,1,2,3025,8,6,121,136,0,47,46
2025,7,2025-03-02,Þróttur R.,ÍA,3,4,3026,10,4,116,131,0,62,57
2025,7,2025-03-02,Þróttur V.,Reynir S.,5,3,3027,8,8,114,111,0,63,39
2025,7,2025-03-02,Haukar,Árbær,8,1,3028,9,8,117,62,0,16,55
2025,7,2025-03-05,Fjölnir,Grindavík,2,3,3029,7,9,117,120,0,9,12
2025,7,2025-03-05,Fylkir,Njarðvík,3,0,3030,4,6,127,119,0,11,37
2025,7,2025-03-06,HK,ÍR,1,1,3031,13,5,128,121,0,14,60
2025,7,2025-03-06,KR,ÍBV,6,3,3032,11,11,133,123,0,26,58
2025,7,2025-03-07,Keflavík,Leiknir R.,5,4,3033,7,6,128,117,0,28,35
2025,7,2025-03-07,Hvíti riddarinn,KFG,1,2,3034,13,15,63,111,0,17,22
2025,7,2025-03-07,Víðir,Ægir,1,0,3035,7,7,114,116,0,51,56
2025,7,2025-03-07,Kári,Grótta,3,2,3036,14,6,115,115,0,32,13
2025,7,2025-03-08,Völsungur,Njarðvík,1,1,3037,7,3,113,120,0,52,37
2025,7,2025-03-08,Selfoss,ÍBV,1,1,3038,8,2,114,124,0,40,58
2025,7,2025-03-08,Haukar,Sindri,5,0,3039,6,7,118,112,0,16,41
2025,7,2025-03-08,Árbær,ÍH,5,0,3040,6,15,63,110,0,55,59
2025,7,2025-03-08,Tindastóll,Magni,0,1,3041,8,14,66,111,0,44,36
2025,7,2025-03-08,KFA,KF,2,0,3042,14,8,84,111,0,21,20
2025,7,2025-03-09,Afturelding,HK,1,2,3043,16,3,114,129,0,1,14
2025,7,2025-03-09,Stjarnan,KR,1,3,3044,8,3,133,134,0,43,26
2025,7,2025-03-11,Þór,FH,2,2,3045,10,18,120,133,0,64,7
2025,7,2025-03-12,Höttur/Huginn,Magni,4,1,3046,11,4,109,112,0,18,36
2025,7,2025-03-12,Dalvík/Reynir,KF,3,1,3047,11,4,115,112,0,4,20
2025,7,2025-03-13,KFG,Þróttur V.,2,1,3048,6,11,112,115,0,22,63
2025,7,2025-03-14,Fylkir,KR,2,1,3049,9,5,128,135,0,11,26
2025,7,2025-03-14,KV,Hvíti riddarinn,3,3,3050,13,7,112,64,0,27,17
2025,7,2025-03-14,Augnablik,Ýmir,2,0,3051,14,14,113,53,0,2,61
2025,7,2025-03-14,Haukar,Kári,1,4,3052,6,7,119,116,0,16,32
2025,7,2025-03-15,Víkingur Ó.,Árborg,2,1,3053,15,15,113,45,0,50,54
2025,7,2025-03-15,ÍH,Sindri,1,5,3054,7,7,111,113,0,59,41
2025,7,2025-03-15,Grótta,Árbær,3,1,3055,8,7,116,64,0,13,55
2025,7,2025-03-15,Dalvík/Reynir,KFA,2,1,3056,3,7,116,85,0,4,21
2025,7,2025-03-15,Tindastóll,Höttur/Huginn,3,4,3057,7,3,67,110,0,44,18
2025,7,2025-03-16,Magni,KF,5,1,3058,4,4,113,113,0,36,20
2025,7,2025-03-18,Valur,ÍR,2,2,3059,16,12,137,122,0,46,60
2025,7,2025-03-19,Árborg,Ægir,5,4,3060,4,12,46,117,0,54,56
2025,7,2025-03-21,Ýmir,Víðir,2,2,3061,7,14,54,115,0,61,51
2025,7,2025-03-21,ÍH,Grótta,1,6,3062,6,6,112,117,0,59,13
2025,7,2025-03-22,Fylkir,Valur,2,3,3063,8,4,129,138,0,11,46
2025,7,2025-03-22,Þróttur V.,KV,3,0,3064,9,8,116,113,0,63,27
2025,7,2025-03-22,Hvíti riddarinn,Kormákur/Hvöt,1,0,3065,8,21,65,82,0,17,29
2025,7,2025-03-22,Reynir S.,KFG,2,2,3066,20,9,112,113,0,39,22
2025,7,2025-03-22,Víkingur Ó.,Augnablik,1,0,3067,7,8,114,114,0,50,2
2025,7,2025-03-22,Kári,Sindri,3,2,3068,8,7,117,114,0,32,41
2025,7,2025-03-22,KFA,Tindastóll,0,2,3069,7,7,86,68,0,21,44
2025,7,2025-03-25,Þróttur R.,Vestri,0,1,3070,23,23,117,122,0,62,47
2025,6,2025-03-28,KFK,Elliði,1,5,3071,100,100,49,108,1,23,6
2025,6,2025-03-28,Vængir Júpiters,KÁ,1,2,3072,100,100,76,43,1,48,31
2025,6,2025-03-28,Árborg,Augnablik,0,4,3073,9,6,47,115,0,54,2
2025,6,2025-03-29,Ægir,KV,2,2,3074,10,7,118,114,0,56,27
2025,6,2025-03-29,Kári,KFS,7,1,3075,7,100,118,102,0,32,24
2025,6,2025-03-29,ÍH,KH,4,1,3076,8,100,113,70,0,59,25
2025,6,2025-03-29,KF,Tindastóll,3,5,3077,13,7,114,69,0,20,44
2025,6,2025-03-29,KFG,Reynir S.,2,3,3078,7,7,114,113,0,22,39
2025,6,2025-03-30,Hamar,Skallagrímur,1,3,3079,100,100,40,39,1,15,42
2025,6,2025-03-30,Magni,Kormákur/Hvöt,2,2,3080,14,8,114,83,0,36,29
2025,6,2025-04-01,Völsungur,Dalvík/Reynir,4,2,3081,24,17,114,117,0,52,4
2025,6,2025-04-03,HK,Hvíti riddarinn,4,0,3082,25,12,130,66,0,14,17
2025,6,2025-04-03,Elliði,Haukar,1,3,3083,6,20,109,120,0,6,16
2025,6,2025-04-03,Þór,Magni,7,0,3084,23,4,121,115,0,64,36
2025,6,2025-04-04,Reynir S.,Grindavík,0,5,3085,6,30,114,121,0,39,12
2025,6,2025-04-04,Kári,Árbær,8,1,3086,6,20,119,65,0,32,55
2025,1,2025-04-05,Breiðablik,Afturelding,2,0,3087,37,27,135,115,0,3,1
2025,6,2025-04-05,KV,Fylkir,1,6,3088,7,14,115,130,0,27,11
2025,1,2025-04-06,Valur,Vestri,1,1,3089,15,12,139,123,0,46,47
2025,1,2025-04-06,KA,KR,2,2,3090,38,23,141,136,0,19,26
2025,1,2025-04-06,Fram,ÍA,0,1,3091,38,35,132,132,0,10,57
2025,6,2025-04-06,Keflavík,Þróttur V.,6,0,3092,30,15,129,117,0,28,63
2025,6,2025-04-06,Höttur/Huginn,Sindri,1,0,3093,22,15,111,115,0,18,41
2025,6,2025-04-06,Leiknir R.,Kría,5,0,3094,30,100,118,21,0,35,30
2025,1,2025-04-07,Víkingur R.,ÍBV,2,0,3095,60,30,143,125,0,49,58
2025,1,2025-04-07,Stjarnan,FH,2,1,3096,29,27,134,134,0,43,7
2025,6,2025-04-10,ÍH,Selfoss,2,5,3097,12,33,114,115,0,59,40
2025,6,2025-04-11,Grótta,Víðir,2,1,3098,21,21,118,116,0,13,51
2025,6,2025-04-11,Augnablik,ÍR,0,5,3099,14,24,116,123,0,2,60
2025,6,2025-04-12,Tindastóll,Völsungur,1,1,3100,14,11,70,115,0,44,52
2025,7,2025-04-12,Höttur/Huginn,KFG,3,1,3101,6,14,112,115,0,18,22
2025,1,2025-04-13,Vestri,FH,1,0,3102,7,6,124,135,0,47,7
2025,1,2025-04-13,Afturelding,ÍBV,0,0,3103,8,6,116,126,0,1,58
2025,1,2025-04-13,Víkingur R.,KA,4,0,3104,6,7,144,142,0,49,19
2025,1,2025-04-13,Fram,Breiðablik,4,2,3105,7,8,133,136,0,10,3
2025,7,2025-04-13,Kormákur/Hvöt,Reynir S.,3,2,3106,14,9,84,115,0,29,39
2025,1,2025-04-14,KR,Valur,3,3,3107,8,8,137,140,0,26,46
2025,1,2025-04-14,Stjarnan,ÍA,2,1,3108,7,8,135,133,0,43,57
2025,6,2025-04-14,RB,Fjölnir,0,4,3109,100,40,23,118,1,38,9
2025,6,2025-04-17,Afturelding,Höttur/Huginn,5,0,3110,4,5,117,113,0,1,18
2025,6,2025-04-17,Kári,Fylkir,2,1,3111,13,12,120,131,0,32,11
2025,6,2025-04-17,Keflavík,Leiknir R.,1,0,3112,11,11,130,119,0,28,35
2025,6,2025-04-17,ÍBV,Víkingur R.,3,0,3113,4,4,127,145,0,58,49
2025,6,2025-04-18,Grótta,ÍA,1,4,3114,7,4,119,134,0,13,57
2025,6,2025-04-18,Völsungur,Þróttur R.,2,3,3115,6,24,116,118,0,52,62
2025,6,2025-04-18,Selfoss,Haukar,4,0,3116,8,15,116,121,0,40,16
2025,6,2025-04-18,Vestri,HK,3,3,3117,5,15,125,131,0,47,14
2025,6,2025-04-18,Stjarnan,Njarðvík,5,3,3118,4,41,136,121,0,43,37
2025,6,2025-04-18,Breiðablik,Fjölnir,5,0,3119,5,4,137,119,0,3,9
2025,6,2025-04-18,KA,KFA,4,0,3120,5,27,143,87,0,19,21
2025,6,2025-04-19,KR,KÁ,11,0,3121,5,22,138,44,0,26,31
2025,6,2025-04-19,Grindavík,Valur,1,3,3122,15,5,122,141,0,12,46
2025,6,2025-04-19,Þór,ÍR,3,1,3123,16,8,122,124,0,64,60
2025,6,2025-04-19,Fram,FH,1,0,3124,6,6,134,136,0,10,7
2025,7,2025-04-21,Kári,Víðir,2,2,3125,4,10,121,117,0,32,51
2025,1,2025-04-23,Valur,KA,3,1,3126,4,5,142,144,0,46,19
2025,1,2025-04-23,FH,KR,2,2,3127,4,4,137,139,0,7,26
2025,1,2025-04-23,ÍA,Vestri,0,2,3128,5,5,135,126,0,57,47
2025,1,2025-04-23,Breiðablik,Stjarnan,2,1,3129,5,5,138,137,0,3,43
2025,1,2025-04-24,ÍBV,Fram,3,1,3130,7,5,128,135,0,58,10
2025,1,2025-04-24,Afturelding,Víkingur R.,1,0,3131,7,7,118,146,0,1,49
2025,7,2025-04-26,Víðir,Höttur/Huginn,2,2,3132,5,9,118,114,0,51,18
2025,1,2025-04-27,Vestri,Breiðablik,0,1,3133,4,4,127,139,0,47,3
2025,1,2025-04-27,KA,FH,3,2,3134,4,4,145,138,0,19,7
2025,1,2025-04-27,KR,ÍA,5,0,3135,4,4,140,136,0,26,57
2025,1,2025-04-28,Stjarnan,ÍBV,2,3,3136,5,4,138,129,0,43,58
2025,1,2025-04-28,Fram,Afturelding,3,0,3137,4,4,136,119,0,10,1
2025,1,2025-04-28,Valur,Víkingur R.,1,1,3138,5,4,143,147,0,46,49
2025,1,2025-05-04,ÍBV,Vestri,0,2,3139,6,7,130,128,0,58,47
2025,1,2025-05-04,ÍA,KA,3,0,3140,7,7,137,146,0,57,19
2025,1,2025-05-04,FH,Valur,3,0,3141,7,6,139,144,0,7,46
2025,1,2025-05-05,Breiðablik,KR,3,3,3142,8,8,140,141,0,3,26
2025,1,2025-05-05,Afturelding,Stjarnan,3,0,3143,7,7,120,139,0,1,43
2025,1,2025-05-05,Víkingur R.,Fram,3,2,3144,7,7,148,137,0,49,10
2025,1,2025-05-10,Vestri,Afturelding,2,0,3145,6,5,129,121,0,47,1
2025,1,2025-05-10,KR,ÍBV,4,1,3146,5,6,142,131,0,26,58
2025,1,2025-05-10,Valur,ÍA,6,1,3147,6,6,145,138,0,46,57
2025,1,2025-05-10,Stjarnan,Fram,2,0,3148,5,5,140,138,0,43,10
2025,1,2025-05-11,KA,Breiðablik,0,1,3149,7,6,147,141,0,19,3
2025,1,2025-05-11,Víkingur R.,FH,3,1,3150,6,7,149,140,0,49,7
2025,6,2025-05-13,Selfoss,Þór,1,4,3151,25,24,117,123,0,40,64
2025,6,2025-05-14,ÍA,Afturelding,0,1,3152,4,4,139,122,0,57,1
2025,6,2025-05-14,Keflavík,Víkingur Ó.,5,2,3153,27,53,131,115,0,28,50
2025,6,2025-05-14,KR,ÍBV,2,4,3154,4,4,143,132,0,26,58
2025,6,2025-05-14,Valur,Þróttur R.,2,1,3155,4,26,146,119,0,46,62
2025,6,2025-05-14,Kári,Stjarnan,1,1,3156,23,4,122,141,0,32,43
2025,6,2025-05-15,KA,Fram,2,4,3157,4,5,148,139,0,19,10
2025,6,2025-05-15,Breiðablik,Vestri,1,2,3158,4,5,142,130,0,3,47
2025,1,2025-05-18,Fram,Vestri,1,0,3159,3,3,140,131,0,10,47
2025,1,2025-05-18,ÍBV,KA,0,0,3160,4,3,133,149,0,58,19
2025,1,2025-05-18,Afturelding,KR,4,3,3161,4,4,123,144,0,1,26
2025,1,2025-05-19,Stjarnan,Víkingur R.,2,2,3162,5,8,142,150,0,43,49
2025,1,2025-05-19,Breiðablik,Valur,2,1,3163,4,5,143,147,0,3,46
2025,1,2025-05-19,ÍA,FH,1,3,3164,5,8,140,141,0,57,7
2025,1,2025-05-23,KR,Fram,2,3,3165,5,5,145,141,0,26,10
2025,1,2025-05-24,Valur,ÍBV,3,0,3166,5,6,148,134,0,46,58
2025,1,2025-05-24,KA,Afturelding,1,0,3167,6,6,150,124,0,19,1
2025,1,2025-05-24,Víkingur R.,ÍA,2,1,3168,5,5,151,141,0,49,57
2025,1,2025-05-24,Vestri,Stjarnan,3,1,3169,6,5,132,143,0,47,43
2025,1,2025-05-25,FH,Breiðablik,2,0,3170,6,6,142,144,0,7,3
2025,1,2025-05-29,Vestri,Víkingur R.,0,1,3171,5,5,133,152,0,47,49
2025,1,2025-05-29,Afturelding,Valur,0,2,3172,5,5,125,149,0,1,46
2025,1,2025-05-29,ÍBV,FH,2,1,3173,5,4,135,143,0,58,7
2025,1,2025-05-29,Breiðablik,ÍA,1,4,3174,4,5,145,142,0,3,57
2025,1,2025-05-29,Fram,KA,1,2,3175,6,5,142,151,0,10,19
2025,1,2025-05-29,Stjarnan,KR,4,2,3176,5,6,144,146,0,43,26
2025,1,2025-06-01,KR,Vestri,2,1,3177,3,3,147,134,0,26,47
2025,1,2025-06-01,KA,Stjarnan,1,1,3178,3,3,152,145,0,19,43
2025,1,2025-06-01,FH,Afturelding,0,0,3179,3,3,144,126,0,7,1
2025,1,2025-06-01,ÍA,ÍBV,0,3,3180,3,3,143,136,0,57,58
2025,1,2025-06-01,Breiðablik,Víkingur R.,3,1,3181,3,3,146,153,0,3,49
2025,1,2025-06-02,Valur,Fram,2,1,3182,4,4,150,143,0,46,10
2025,1,2025-06-14,Stjarnan,Valur,3,2,3183,13,12,146,151,0,43,46
2025,1,2025-06-15,Vestri,KA,1,0,3184,14,14,135,153,0,47,19
2025,1,2025-06-15,ÍBV,Breiðablik,0,2,3185,14,14,137,147,0,58,3
2025,1,2025-06-15,Afturelding,ÍA,4,1,3186,14,14,127,144,0,1,57
2025,1,2025-06-15,Fram,FH,2,0,3187,13,14,144,145,0,10,7
2025,1,2025-06-16,Víkingur R.,KR,3,2,3188,15,15,154,148,0,49,26
2025,6,2025-06-18,Vestri,Þór,2,0,3189,3,36,136,124,0,47,64
2025,6,2025-06-18,Stjarnan,Keflavík,4,2,3190,4,35,147,132,0,43,28
2025,6,2025-06-19,ÍBV,Valur,0,1,3191,4,5,138,152,0,58,46
2025,6,2025-06-19,Afturelding,Fram,0,1,3192,4,4,128,145,0,1,10
2025,1,2025-06-22,FH,Vestri,2,0,3193,7,4,146,137,0,7,47
2025,1,2025-06-22,KA,Víkingur R.,0,2,3194,7,6,154,155,0,19,49
2025,1,2025-06-22,ÍA,Stjarnan,0,3,3195,7,4,145,148,0,57,43
2025,1,2025-06-23,ÍBV,Afturelding,1,2,3196,4,4,139,129,0,58,1
2025,1,2025-06-23,Breiðablik,Fram,1,1,3197,8,4,148,146,0,3,10
2025,1,2025-06-23,Valur,KR,6,1,3198,4,7,153,149,0,46,26
2025,1,2025-06-27,KA,Valur,2,5,3199,5,4,155,154,0,19,46
2025,1,2025-06-27,Stjarnan,Breiðablik,1,4,3200,5,4,149,149,0,43,3
2025,1,2025-06-29,Vestri,ÍA,0,2,3201,7,7,138,146,0,47,57
2025,1,2025-06-29,Fram,ÍBV,2,0,3202,6,6,147,140,0,10,58
2025,1,2025-06-29,KR,FH,3,2,3203,6,7,150,147,0,26,7
2025,1,2025-06-29,Víkingur R.,Afturelding,2,1,3204,7,6,156,130,0,49,1
2025,6,2025-07-01,Valur,Stjarnan,3,1,3205,4,4,155,150,0,46,43
2025,1,2025-07-03,Afturelding,Breiðablik,2,2,3206,4,6,131,150,0,1,3
2025,1,2025-07-05,Vestri,Valur,0,2,3207,6,4,139,156,0,47,46
2025,1,2025-07-05,ÍA,Fram,0,1,3208,6,6,147,148,0,57,10
2025,1,2025-07-05,ÍBV,Víkingur R.,0,0,3209,6,6,141,157,0,58,49
2025,1,2025-07-06,KR,KA,1,2,3210,7,9,151,156,0,26,19
2025,1,2025-07-07,FH,Stjarnan,1,1,3211,8,6,148,151,0,7,43
2025,6,2025-07-12,Vestri,Fram,0,0,3212,7,7,140,149,0,47,10
2025,1,2025-07-13,FH,KA,5,0,3213,6,7,149,157,0,7,19
2025,1,2025-07-14,ÍBV,Stjarnan,1,0,3214,9,7,142,152,0,58,43
2025,1,2025-07-14,ÍA,KR,1,0,3215,9,8,148,152,0,57,26
2025,1,2025-07-17,Afturelding,Fram,1,1,3216,14,5,132,150,0,1,10
2025,1,2025-07-19,Breiðablik,Vestri,1,0,3217,16,7,151,141,0,3,47
2025,1,2025-07-19,KA,ÍA,2,0,3218,6,5,158,149,0,19,57
2025,1,2025-07-20,Víkingur R.,Valur,1,2,3219,15,15,158,157,0,49,46
2025,1,2025-07-26,KR,Breiðablik,1,1,3220,12,7,153,152,0,26,3
2025,1,2025-07-27,Vestri,ÍBV,2,0,3221,8,13,142,143,0,47,58
2025,1,2025-07-27,Fram,Víkingur R.,2,2,3222,10,7,151,159,0,10,49
2025,1,2025-07-27,Valur,FH,3,1,3223,7,14,158,150,0,46,7
2025,1,2025-07-28,Stjarnan,Afturelding,4,1,3224,14,11,153,133,0,43,1
2025,1,2025-08-02,ÍBV,KR,2,1,3225,6,7,144,154,0,58,26
2025,1,2025-08-03,Breiðablik,KA,1,1,3226,8,15,153,159,0,3,19
2025,1,2025-08-03,FH,Víkingur R.,2,2,3227,7,7,151,160,0,7,49
2025,1,2025-08-05,ÍA,Valur,2,2,3228,17,9,150,159,0,57,46
2025,1,2025-08-06,Afturelding,Vestri,1,1,3229,9,10,134,143,0,1,47
2025,1,2025-08-06,Fram,Stjarnan,1,1,3230,10,9,152,154,0,10,43
2025,1,2025-08-10,Vestri,Fram,3,2,3231,4,4,144,153,0,47,10
2025,1,2025-08-10,KA,ÍBV,1,0,3232,7,8,160,145,0,19,58
2025,1,2025-08-10,Víkingur R.,Stjarnan,2,4,3233,7,4,161,155,0,49,43
2025,1,2025-08-10,Valur,Breiðablik,2,1,3234,5,7,160,154,0,46,3
2025,1,2025-08-11,FH,ÍA,3,2,3235,8,6,152,151,0,7,57
2025,1,2025-08-11,KR,Afturelding,2,1,3236,9,5,155,135,0,26,1
2025,1,2025-08-17,Stjarnan,Vestri,2,1,3237,7,7,156,145,0,43,47
2025,1,2025-08-17,ÍBV,Valur,4,1,3238,7,7,146,161,0,58,46
2025,1,2025-08-17,Afturelding,KA,3,3,3239,6,7,136,161,0,1,19
2025,1,2025-08-17,ÍA,Víkingur R.,0,1,3240,6,7,152,162,0,57,49
2025,1,2025-08-17,Breiðablik,FH,4,5,3241,7,6,155,153,0,3,7
2025,1,2025-08-18,Fram,KR,0,1,3242,8,7,154,156,0,10,26
