date,division,home,away,home_goals,away_goals,n,p
2025-08-21,1,Stjarnan,FH,0,0,173,0.04325
2025-08-21,1,Stjarnan,FH,0,1,242,0.0605
2025-08-21,1,Stjarnan,FH,0,2,250,0.0625
2025-08-21,1,Stjarnan,FH,0,3,172,0.043
2025-08-21,1,Stjarnan,FH,0,4,112,0.028
2025-08-21,1,Stjarnan,FH,0,5,51,0.01275
2025-08-21,1,Stjarnan,FH,0,6,24,0.006
2025-08-21,1,Stjarnan,FH,0,7,11,0.00275
2025-08-21,1,Stjarnan,FH,0,8,1,2.5e-4
2025-08-21,1,Stjarnan,FH,0,9,1,2.5e-4
2025-08-21,1,Stjarnan,FH,0,11,1,2.5e-4
2025-08-21,1,Stjarnan,FH,1,0,170,0.0425
2025-08-21,1,Stjarnan,FH,1,1,359,0.08975
2025-08-21,1,Stjarnan,FH,1,2,350,0.0875
2025-08-21,1,Stjarnan,FH,1,3,224,0.056
2025-08-21,1,Stjarnan,FH,1,4,125,0.03125
2025-08-21,1,Stjarnan,FH,1,5,62,0.0155
2025-08-21,1,Stjarnan,FH,1,6,30,0.0075
2025-08-21,1,Stjarnan,FH,1,7,8,0.002
2025-08-21,1,Stjarnan,FH,1,8,8,0.002
2025-08-21,1,Stjarnan,FH,1,17,1,2.5e-4
2025-08-21,1,Stjarnan,FH,2,0,112,0.028
2025-08-21,1,Stjarnan,FH,2,1,226,0.0565
2025-08-21,1,Stjarnan,FH,2,2,225,0.05625
2025-08-21,1,Stjarnan,FH,2,3,163,0.04075
2025-08-21,1,Stjarnan,FH,2,4,89,0.02225
2025-08-21,1,Stjarnan,FH,2,5,51,0.01275
2025-08-21,1,Stjarnan,FH,2,6,28,0.007
2025-08-21,1,Stjarnan,FH,2,7,13,0.00325
2025-08-21,1,Stjarnan,FH,2,8,3,7.5e-4
2025-08-21,1,Stjarnan,FH,3,0,56,0.014
2025-08-21,1,Stjarnan,FH,3,1,124,0.031
2025-08-21,1,Stjarnan,FH,3,2,105,0.02625
2025-08-21,1,Stjarnan,FH,3,3,75,0.01875
2025-08-21,1,Stjarnan,FH,3,4,45,0.01125
2025-08-21,1,Stjarnan,FH,3,5,20,0.005
2025-08-21,1,Stjarnan,FH,3,6,14,0.0035
2025-08-21,1,Stjarnan,FH,3,7,5,0.00125
2025-08-21,1,Stjarnan,FH,3,8,3,7.5e-4
2025-08-21,1,Stjarnan,FH,3,9,1,2.5e-4
2025-08-21,1,Stjarnan,FH,4,0,18,0.0045
2025-08-21,1,Stjarnan,FH,4,1,39,0.00975
2025-08-21,1,Stjarnan,FH,4,2,51,0.01275
2025-08-21,1,Stjarnan,FH,4,3,21,0.00525
2025-08-21,1,Stjarnan,FH,4,4,27,0.00675
2025-08-21,1,Stjarnan,FH,4,5,11,0.00275
2025-08-21,1,Stjarnan,FH,4,6,2,5e-4
2025-08-21,1,Stjarnan,FH,4,7,1,2.5e-4
2025-08-21,1,Stjarnan,FH,4,8,1,2.5e-4
2025-08-21,1,Stjarnan,FH,5,0,11,0.00275
2025-08-21,1,Stjarnan,FH,5,1,15,0.00375
2025-08-21,1,Stjarnan,FH,5,2,9,0.00225
2025-08-21,1,Stjarnan,FH,5,3,12,0.003
2025-08-21,1,Stjarnan,FH,5,4,7,0.00175
2025-08-21,1,Stjarnan,FH,5,5,4,0.001
2025-08-21,1,Stjarnan,FH,5,7,4,0.001
2025-08-21,1,Stjarnan,FH,6,0,5,0.00125
2025-08-21,1,Stjarnan,FH,6,1,4,0.001
2025-08-21,1,Stjarnan,FH,6,2,5,0.00125
2025-08-21,1,Stjarnan,FH,6,3,2,5e-4
2025-08-21,1,Stjarnan,FH,6,4,3,7.5e-4
2025-08-21,1,Stjarnan,FH,6,5,3,7.5e-4
2025-08-21,1,Stjarnan,FH,6,6,2,5e-4
2025-08-21,1,Stjarnan,FH,6,7,1,2.5e-4
2025-08-21,1,Stjarnan,FH,7,0,1,2.5e-4
2025-08-21,1,Stjarnan,FH,7,2,2,5e-4
2025-08-21,1,Stjarnan,FH,7,3,1,2.5e-4
2025-08-21,1,Stjarnan,FH,7,4,1,2.5e-4
2025-08-21,1,Stjarnan,FH,7,6,1,2.5e-4
2025-08-21,1,Stjarnan,FH,8,3,1,2.5e-4
2025-08-21,1,Stjarnan,FH,8,5,1,2.5e-4
2025-08-21,1,Stjarnan,FH,9,4,1,2.5e-4
2025-08-21,1,Þór/KA,FHL,0,0,94,0.0235
2025-08-21,1,Þór/KA,FHL,0,1,52,0.013
2025-08-21,1,Þór/KA,FHL,0,2,13,0.00325
2025-08-21,1,Þór/KA,FHL,0,3,2,5e-4
2025-08-21,1,Þór/KA,FHL,1,0,281,0.07025
2025-08-21,1,Þór/KA,FHL,1,1,140,0.035
2025-08-21,1,Þór/KA,FHL,1,2,38,0.0095
2025-08-21,1,Þór/KA,FHL,1,3,7,0.00175
2025-08-21,1,Þór/KA,FHL,1,4,2,5e-4
2025-08-21,1,Þór/KA,FHL,2,0,415,0.10375
2025-08-21,1,Þór/KA,FHL,2,1,203,0.05075
2025-08-21,1,Þór/KA,FHL,2,2,56,0.014
2025-08-21,1,Þór/KA,FHL,2,3,9,0.00225
2025-08-21,1,Þór/KA,FHL,2,4,1,2.5e-4
2025-08-21,1,Þór/KA,FHL,3,0,450,0.1125
2025-08-21,1,Þór/KA,FHL,3,1,242,0.0605
2025-08-21,1,Þór/KA,FHL,3,2,67,0.01675
2025-08-21,1,Þór/KA,FHL,3,3,16,0.004
2025-08-21,1,Þór/KA,FHL,3,4,2,5e-4
2025-08-21,1,Þór/KA,FHL,4,0,416,0.104
2025-08-21,1,Þór/KA,FHL,4,1,181,0.04525
2025-08-21,1,Þór/KA,FHL,4,2,71,0.01775
2025-08-21,1,Þór/KA,FHL,4,3,9,0.00225
2025-08-21,1,Þór/KA,FHL,4,4,4,0.001
2025-08-21,1,Þór/KA,FHL,5,0,302,0.0755
2025-08-21,1,Þór/KA,FHL,5,1,144,0.036
2025-08-21,1,Þór/KA,FHL,5,2,45,0.01125
2025-08-21,1,Þór/KA,FHL,5,3,3,7.5e-4
2025-08-21,1,Þór/KA,FHL,5,4,2,5e-4
2025-08-21,1,Þór/KA,FHL,5,6,1,2.5e-4
2025-08-21,1,Þór/KA,FHL,6,0,183,0.04575
2025-08-21,1,Þór/KA,FHL,6,1,100,0.025
2025-08-21,1,Þór/KA,FHL,6,2,27,0.00675
2025-08-21,1,Þór/KA,FHL,6,3,9,0.00225
2025-08-21,1,Þór/KA,FHL,6,4,1,2.5e-4
2025-08-21,1,Þór/KA,FHL,6,5,1,2.5e-4
2025-08-21,1,Þór/KA,FHL,7,0,128,0.032
2025-08-21,1,Þór/KA,FHL,7,1,73,0.01825
2025-08-21,1,Þór/KA,FHL,7,2,16,0.004
2025-08-21,1,Þór/KA,FHL,7,3,4,0.001
2025-08-21,1,Þór/KA,FHL,8,0,46,0.0115
2025-08-21,1,Þór/KA,FHL,8,1,31,0.00775
2025-08-21,1,Þór/KA,FHL,8,2,5,0.00125
2025-08-21,1,Þór/KA,FHL,8,3,3,7.5e-4
2025-08-21,1,Þór/KA,FHL,9,0,39,0.00975
2025-08-21,1,Þór/KA,FHL,9,1,15,0.00375
2025-08-21,1,Þór/KA,FHL,9,2,6,0.0015
2025-08-21,1,Þór/KA,FHL,9,3,5,0.00125
2025-08-21,1,Þór/KA,FHL,10,0,14,0.0035
2025-08-21,1,Þór/KA,FHL,10,1,4,0.001
2025-08-21,1,Þór/KA,FHL,11,0,10,0.0025
2025-08-21,1,Þór/KA,FHL,11,1,1,2.5e-4
2025-08-21,1,Þór/KA,FHL,11,3,1,2.5e-4
2025-08-21,1,Þór/KA,FHL,12,0,1,2.5e-4
2025-08-21,1,Þór/KA,FHL,12,1,1,2.5e-4
2025-08-21,1,Þór/KA,FHL,13,0,2,5e-4
2025-08-21,1,Þór/KA,FHL,13,1,1,2.5e-4
2025-08-21,1,Þór/KA,FHL,13,2,2,5e-4
2025-08-21,1,Þór/KA,FHL,14,0,1,2.5e-4
2025-08-21,1,Þór/KA,FHL,14,1,1,2.5e-4
2025-08-21,1,Þór/KA,FHL,15,0,1,2.5e-4
2025-08-21,2,Fylkir,Keflavík,0,0,203,0.05075
2025-08-21,2,Fylkir,Keflavík,0,1,349,0.08725
2025-08-21,2,Fylkir,Keflavík,0,2,279,0.06975
2025-08-21,2,Fylkir,Keflavík,0,3,216,0.054
2025-08-21,2,Fylkir,Keflavík,0,4,104,0.026
2025-08-21,2,Fylkir,Keflavík,0,5,68,0.017
2025-08-21,2,Fylkir,Keflavík,0,6,31,0.00775
2025-08-21,2,Fylkir,Keflavík,0,7,7,0.00175
2025-08-21,2,Fylkir,Keflavík,0,8,3,7.5e-4
2025-08-21,2,Fylkir,Keflavík,0,9,1,2.5e-4
2025-08-21,2,Fylkir,Keflavík,1,0,249,0.06225
2025-08-21,2,Fylkir,Keflavík,1,1,346,0.0865
2025-08-21,2,Fylkir,Keflavík,1,2,329,0.08225
2025-08-21,2,Fylkir,Keflavík,1,3,228,0.057
2025-08-21,2,Fylkir,Keflavík,1,4,115,0.02875
2025-08-21,2,Fylkir,Keflavík,1,5,47,0.01175
2025-08-21,2,Fylkir,Keflavík,1,6,22,0.0055
2025-08-21,2,Fylkir,Keflavík,1,7,13,0.00325
2025-08-21,2,Fylkir,Keflavík,1,8,4,0.001
2025-08-21,2,Fylkir,Keflavík,1,9,2,5e-4
2025-08-21,2,Fylkir,Keflavík,1,10,1,2.5e-4
2025-08-21,2,Fylkir,Keflavík,2,0,123,0.03075
2025-08-21,2,Fylkir,Keflavík,2,1,206,0.0515
2025-08-21,2,Fylkir,Keflavík,2,2,197,0.04925
2025-08-21,2,Fylkir,Keflavík,2,3,126,0.0315
2025-08-21,2,Fylkir,Keflavík,2,4,69,0.01725
2025-08-21,2,Fylkir,Keflavík,2,5,35,0.00875
2025-08-21,2,Fylkir,Keflavík,2,6,21,0.00525
2025-08-21,2,Fylkir,Keflavík,2,7,4,0.001
2025-08-21,2,Fylkir,Keflavík,2,8,2,5e-4
2025-08-21,2,Fylkir,Keflavík,3,0,50,0.0125
2025-08-21,2,Fylkir,Keflavík,3,1,94,0.0235
2025-08-21,2,Fylkir,Keflavík,3,2,87,0.02175
2025-08-21,2,Fylkir,Keflavík,3,3,76,0.019
2025-08-21,2,Fylkir,Keflavík,3,4,31,0.00775
2025-08-21,2,Fylkir,Keflavík,3,5,13,0.00325
2025-08-21,2,Fylkir,Keflavík,3,6,10,0.0025
2025-08-21,2,Fylkir,Keflavík,3,7,4,0.001
2025-08-21,2,Fylkir,Keflavík,3,8,5,0.00125
2025-08-21,2,Fylkir,Keflavík,4,0,27,0.00675
2025-08-21,2,Fylkir,Keflavík,4,1,36,0.009
2025-08-21,2,Fylkir,Keflavík,4,2,37,0.00925
2025-08-21,2,Fylkir,Keflavík,4,3,24,0.006
2025-08-21,2,Fylkir,Keflavík,4,4,17,0.00425
2025-08-21,2,Fylkir,Keflavík,4,5,9,0.00225
2025-08-21,2,Fylkir,Keflavík,4,6,4,0.001
2025-08-21,2,Fylkir,Keflavík,4,7,2,5e-4
2025-08-21,2,Fylkir,Keflavík,4,8,1,2.5e-4
2025-08-21,2,Fylkir,Keflavík,5,0,6,0.0015
2025-08-21,2,Fylkir,Keflavík,5,1,9,0.00225
2025-08-21,2,Fylkir,Keflavík,5,2,19,0.00475
2025-08-21,2,Fylkir,Keflavík,5,3,9,0.00225
2025-08-21,2,Fylkir,Keflavík,5,4,5,0.00125
2025-08-21,2,Fylkir,Keflavík,5,5,1,2.5e-4
2025-08-21,2,Fylkir,Keflavík,5,6,3,7.5e-4
2025-08-21,2,Fylkir,Keflavík,5,7,1,2.5e-4
2025-08-21,2,Fylkir,Keflavík,6,0,1,2.5e-4
2025-08-21,2,Fylkir,Keflavík,6,1,2,5e-4
2025-08-21,2,Fylkir,Keflavík,6,2,3,7.5e-4
2025-08-21,2,Fylkir,Keflavík,6,3,2,5e-4
2025-08-21,2,Fylkir,Keflavík,6,4,3,7.5e-4
2025-08-21,2,Fylkir,Keflavík,7,1,2,5e-4
2025-08-21,2,Fylkir,Keflavík,7,3,2,5e-4
2025-08-21,2,Fylkir,Keflavík,7,6,1,2.5e-4
2025-08-21,2,Fylkir,Keflavík,8,0,1,2.5e-4
2025-08-21,2,Fylkir,Keflavík,8,2,2,5e-4
2025-08-21,2,Fylkir,Keflavík,9,3,1,2.5e-4
2025-08-21,2,Grindavík/ Njarðvík,Afturelding,0,0,18,0.0045
2025-08-21,2,Grindavík/ Njarðvík,Afturelding,0,1,20,0.005
2025-08-21,2,Grindavík/ Njarðvík,Afturelding,0,2,13,0.00325
2025-08-21,2,Grindavík/ Njarðvík,Afturelding,0,3,6,0.0015
2025-08-21,2,Grindavík/ Njarðvík,Afturelding,0,4,4,0.001
2025-08-21,2,Grindavík/ Njarðvík,Afturelding,0,5,3,7.5e-4
2025-08-21,2,Grindavík/ Njarðvík,Afturelding,0,6,1,2.5e-4
2025-08-21,2,Grindavík/ Njarðvík,Afturelding,1,0,41,0.01025
2025-08-21,2,Grindavík/ Njarðvík,Afturelding,1,1,70,0.0175
2025-08-21,2,Grindavík/ Njarðvík,Afturelding,1,2,58,0.0145
2025-08-21,2,Grindavík/ Njarðvík,Afturelding,1,3,27,0.00675
2025-08-21,2,Grindavík/ Njarðvík,Afturelding,1,4,11,0.00275
2025-08-21,2,Grindavík/ Njarðvík,Afturelding,1,5,2,5e-4
2025-08-21,2,Grindavík/ Njarðvík,Afturelding,1,6,1,2.5e-4
2025-08-21,2,Grindavík/ Njarðvík,Afturelding,1,7,1,2.5e-4
2025-08-21,2,Grindavík/ Njarðvík,Afturelding,2,0,79,0.01975
2025-08-21,2,Grindavík/ Njarðvík,Afturelding,2,1,114,0.0285
2025-08-21,2,Grindavík/ Njarðvík,Afturelding,2,2,95,0.02375
2025-08-21,2,Grindavík/ Njarðvík,Afturelding,2,3,44,0.011
2025-08-21,2,Grindavík/ Njarðvík,Afturelding,2,4,26,0.0065
2025-08-21,2,Grindavík/ Njarðvík,Afturelding,2,5,7,0.00175
2025-08-21,2,Grindavík/ Njarðvík,Afturelding,2,7,1,2.5e-4
2025-08-21,2,Grindavík/ Njarðvík,Afturelding,2,8,1,2.5e-4
2025-08-21,2,Grindavík/ Njarðvík,Afturelding,3,0,113,0.02825
2025-08-21,2,Grindavík/ Njarðvík,Afturelding,3,1,178,0.0445
2025-08-21,2,Grindavík/ Njarðvík,Afturelding,3,2,132,0.033
2025-08-21,2,Grindavík/ Njarðvík,Afturelding,3,3,75,0.01875
2025-08-21,2,Grindavík/ Njarðvík,Afturelding,3,4,45,0.01125
2025-08-21,2,Grindavík/ Njarðvík,Afturelding,3,5,15,0.00375
2025-08-21,2,Grindavík/ Njarðvík,Afturelding,3,6,5,0.00125
2025-08-21,2,Grindavík/ Njarðvík,Afturelding,4,0,124,0.031
2025-08-21,2,Grindavík/ Njarðvík,Afturelding,4,1,179,0.04475
2025-08-21,2,Grindavík/ Njarðvík,Afturelding,4,2,107,0.02675
2025-08-21,2,Grindavík/ Njarðvík,Afturelding,4,3,74,0.0185
2025-08-21,2,Grindavík/ Njarðvík,Afturelding,4,4,26,0.0065
2025-08-21,2,Grindavík/ Njarðvík,Afturelding,4,5,13,0.00325
2025-08-21,2,Grindavík/ Njarðvík,Afturelding,4,6,11,0.00275
2025-08-21,2,Grindavík/ Njarðvík,Afturelding,4,7,4,0.001
2025-08-21,2,Grindavík/ Njarðvík,Afturelding,4,8,1,2.5e-4
2025-08-21,2,Grindavík/ Njarðvík,Afturelding,4,9,1,2.5e-4
2025-08-21,2,Grindavík/ Njarðvík,Afturelding,5,0,125,0.03125
2025-08-21,2,Grindavík/ Njarðvík,Afturelding,5,1,177,0.04425
2025-08-21,2,Grindavík/ Njarðvík,Afturelding,5,2,110,0.0275
2025-08-21,2,Grindavík/ Njarðvík,Afturelding,5,3,67,0.01675
2025-08-21,2,Grindavík/ Njarðvík,Afturelding,5,4,31,0.00775
2025-08-21,2,Grindavík/ Njarðvík,Afturelding,5,5,18,0.0045
2025-08-21,2,Grindavík/ Njarðvík,Afturelding,5,6,3,7.5e-4
2025-08-21,2,Grindavík/ Njarðvík,Afturelding,5,7,2,5e-4
2025-08-21,2,Grindavík/ Njarðvík,Afturelding,5,8,1,2.5e-4
2025-08-21,2,Grindavík/ Njarðvík,Afturelding,6,0,102,0.0255
2025-08-21,2,Grindavík/ Njarðvík,Afturelding,6,1,127,0.03175
2025-08-21,2,Grindavík/ Njarðvík,Afturelding,6,2,109,0.02725
2025-08-21,2,Grindavík/ Njarðvík,Afturelding,6,3,65,0.01625
2025-08-21,2,Grindavík/ Njarðvík,Afturelding,6,4,29,0.00725
2025-08-21,2,Grindavík/ Njarðvík,Afturelding,6,5,18,0.0045
2025-08-21,2,Grindavík/ Njarðvík,Afturelding,6,6,9,0.00225
2025-08-21,2,Grindavík/ Njarðvík,Afturelding,6,7,2,5e-4
2025-08-21,2,Grindavík/ Njarðvík,Afturelding,6,8,3,7.5e-4
2025-08-21,2,Grindavík/ Njarðvík,Afturelding,6,9,2,5e-4
2025-08-21,2,Grindavík/ Njarðvík,Afturelding,7,0,70,0.0175
2025-08-21,2,Grindavík/ Njarðvík,Afturelding,7,1,107,0.02675
2025-08-21,2,Grindavík/ Njarðvík,Afturelding,7,2,81,0.02025
2025-08-21,2,Grindavík/ Njarðvík,Afturelding,7,3,55,0.01375
2025-08-21,2,Grindavík/ Njarðvík,Afturelding,7,4,24,0.006
2025-08-21,2,Grindavík/ Njarðvík,Afturelding,7,5,9,0.00225
2025-08-21,2,Grindavík/ Njarðvík,Afturelding,7,6,6,0.0015
2025-08-21,2,Grindavík/ Njarðvík,Afturelding,7,7,5,0.00125
2025-08-21,2,Grindavík/ Njarðvík,Afturelding,7,8,1,2.5e-4
2025-08-21,2,Grindavík/ Njarðvík,Afturelding,7,12,1,2.5e-4
2025-08-21,2,Grindavík/ Njarðvík,Afturelding,8,0,71,0.01775
2025-08-21,2,Grindavík/ Njarðvík,Afturelding,8,1,86,0.0215
2025-08-21,2,Grindavík/ Njarðvík,Afturelding,8,2,60,0.015
2025-08-21,2,Grindavík/ Njarðvík,Afturelding,8,3,38,0.0095
2025-08-21,2,Grindavík/ Njarðvík,Afturelding,8,4,15,0.00375
2025-08-21,2,Grindavík/ Njarðvík,Afturelding,8,5,3,7.5e-4
2025-08-21,2,Grindavík/ Njarðvík,Afturelding,8,6,4,0.001
2025-08-21,2,Grindavík/ Njarðvík,Afturelding,8,7,1,2.5e-4
2025-08-21,2,Grindavík/ Njarðvík,Afturelding,9,0,37,0.00925
2025-08-21,2,Grindavík/ Njarðvík,Afturelding,9,1,72,0.018
2025-08-21,2,Grindavík/ Njarðvík,Afturelding,9,2,58,0.0145
2025-08-21,2,Grindavík/ Njarðvík,Afturelding,9,3,29,0.00725
2025-08-21,2,Grindavík/ Njarðvík,Afturelding,9,4,13,0.00325
2025-08-21,2,Grindavík/ Njarðvík,Afturelding,9,5,7,0.00175
2025-08-21,2,Grindavík/ Njarðvík,Afturelding,9,6,2,5e-4
2025-08-21,2,Grindavík/ Njarðvík,Afturelding,9,7,2,5e-4
2025-08-21,2,Grindavík/ Njarðvík,Afturelding,9,8,1,2.5e-4
2025-08-21,2,Grindavík/ Njarðvík,Afturelding,10,0,39,0.00975
2025-08-21,2,Grindavík/ Njarðvík,Afturelding,10,1,32,0.008
2025-08-21,2,Grindavík/ Njarðvík,Afturelding,10,2,29,0.00725
2025-08-21,2,Grindavík/ Njarðvík,Afturelding,10,3,23,0.00575
2025-08-21,2,Grindavík/ Njarðvík,Afturelding,10,4,11,0.00275
2025-08-21,2,Grindavík/ Njarðvík,Afturelding,10,5,2,5e-4
2025-08-21,2,Grindavík/ Njarðvík,Afturelding,11,0,24,0.006
2025-08-21,2,Grindavík/ Njarðvík,Afturelding,11,1,25,0.00625
2025-08-21,2,Grindavík/ Njarðvík,Afturelding,11,2,26,0.0065
2025-08-21,2,Grindavík/ Njarðvík,Afturelding,11,3,9,0.00225
2025-08-21,2,Grindavík/ Njarðvík,Afturelding,11,4,9,0.00225
2025-08-21,2,Grindavík/ Njarðvík,Afturelding,11,5,3,7.5e-4
2025-08-21,2,Grindavík/ Njarðvík,Afturelding,11,9,1,2.5e-4
2025-08-21,2,Grindavík/ Njarðvík,Afturelding,12,0,12,0.003
2025-08-21,2,Grindavík/ Njarðvík,Afturelding,12,1,16,0.004
2025-08-21,2,Grindavík/ Njarðvík,Afturelding,12,2,23,0.00575
2025-08-21,2,Grindavík/ Njarðvík,Afturelding,12,3,8,0.002
2025-08-21,2,Grindavík/ Njarðvík,Afturelding,12,4,3,7.5e-4
2025-08-21,2,Grindavík/ Njarðvík,Afturelding,12,5,3,7.5e-4
2025-08-21,2,Grindavík/ Njarðvík,Afturelding,13,0,9,0.00225
2025-08-21,2,Grindavík/ Njarðvík,Afturelding,13,1,8,0.002
2025-08-21,2,Grindavík/ Njarðvík,Afturelding,13,2,14,0.0035
2025-08-21,2,Grindavík/ Njarðvík,Afturelding,13,3,3,7.5e-4
2025-08-21,2,Grindavík/ Njarðvík,Afturelding,13,4,2,5e-4
2025-08-21,2,Grindavík/ Njarðvík,Afturelding,13,5,2,5e-4
2025-08-21,2,Grindavík/ Njarðvík,Afturelding,14,0,7,0.00175
2025-08-21,2,Grindavík/ Njarðvík,Afturelding,14,1,9,0.00225
2025-08-21,2,Grindavík/ Njarðvík,Afturelding,14,2,5,0.00125
2025-08-21,2,Grindavík/ Njarðvík,Afturelding,14,3,3,7.5e-4
2025-08-21,2,Grindavík/ Njarðvík,Afturelding,14,4,1,2.5e-4
2025-08-21,2,Grindavík/ Njarðvík,Afturelding,14,6,1,2.5e-4
2025-08-21,2,Grindavík/ Njarðvík,Afturelding,14,7,1,2.5e-4
2025-08-21,2,Grindavík/ Njarðvík,Afturelding,15,0,1,2.5e-4
2025-08-21,2,Grindavík/ Njarðvík,Afturelding,15,1,4,0.001
2025-08-21,2,Grindavík/ Njarðvík,Afturelding,15,2,5,0.00125
2025-08-21,2,Grindavík/ Njarðvík,Afturelding,15,3,1,2.5e-4
2025-08-21,2,Grindavík/ Njarðvík,Afturelding,15,4,1,2.5e-4
2025-08-21,2,Grindavík/ Njarðvík,Afturelding,16,1,3,7.5e-4
2025-08-21,2,Grindavík/ Njarðvík,Afturelding,16,2,1,2.5e-4
2025-08-21,2,Grindavík/ Njarðvík,Afturelding,16,3,2,5e-4
2025-08-21,2,Grindavík/ Njarðvík,Afturelding,17,0,3,7.5e-4
2025-08-21,2,Grindavík/ Njarðvík,Afturelding,17,1,1,2.5e-4
2025-08-21,2,Grindavík/ Njarðvík,Afturelding,17,4,1,2.5e-4
2025-08-21,2,Grindavík/ Njarðvík,Afturelding,18,1,2,5e-4
2025-08-21,2,Grindavík/ Njarðvík,Afturelding,19,0,1,2.5e-4
2025-08-21,2,Grindavík/ Njarðvík,Afturelding,19,2,1,2.5e-4
2025-08-21,2,Grindavík/ Njarðvík,Afturelding,20,2,2,5e-4
2025-08-21,2,Grindavík/ Njarðvík,Afturelding,21,5,1,2.5e-4
2025-08-21,2,Grindavík/ Njarðvík,Afturelding,23,0,1,2.5e-4
2025-08-21,2,Grindavík/ Njarðvík,Afturelding,24,24,1,2.5e-4
2025-08-21,2,Grindavík/ Njarðvík,Afturelding,25,2,1,2.5e-4
2025-08-21,2,Grótta,KR,0,0,68,0.017
2025-08-21,2,Grótta,KR,0,1,76,0.019
2025-08-21,2,Grótta,KR,0,2,68,0.017
2025-08-21,2,Grótta,KR,0,3,39,0.00975
2025-08-21,2,Grótta,KR,0,4,25,0.00625
2025-08-21,2,Grótta,KR,0,5,12,0.003
2025-08-21,2,Grótta,KR,0,6,5,0.00125
2025-08-21,2,Grótta,KR,0,7,5,0.00125
2025-08-21,2,Grótta,KR,0,9,1,2.5e-4
2025-08-21,2,Grótta,KR,1,0,82,0.0205
2025-08-21,2,Grótta,KR,1,1,183,0.04575
2025-08-21,2,Grótta,KR,1,2,162,0.0405
2025-08-21,2,Grótta,KR,1,3,102,0.0255
2025-08-21,2,Grótta,KR,1,4,60,0.015
2025-08-21,2,Grótta,KR,1,5,32,0.008
2025-08-21,2,Grótta,KR,1,6,16,0.004
2025-08-21,2,Grótta,KR,1,7,7,0.00175
2025-08-21,2,Grótta,KR,1,8,5,0.00125
2025-08-21,2,Grótta,KR,1,9,2,5e-4
2025-08-21,2,Grótta,KR,1,10,1,2.5e-4
2025-08-21,2,Grótta,KR,2,0,123,0.03075
2025-08-21,2,Grótta,KR,2,1,221,0.05525
2025-08-21,2,Grótta,KR,2,2,226,0.0565
2025-08-21,2,Grótta,KR,2,3,132,0.033
2025-08-21,2,Grótta,KR,2,4,76,0.019
2025-08-21,2,Grótta,KR,2,5,35,0.00875
2025-08-21,2,Grótta,KR,2,6,17,0.00425
2025-08-21,2,Grótta,KR,2,7,7,0.00175
2025-08-21,2,Grótta,KR,2,8,7,0.00175
2025-08-21,2,Grótta,KR,2,9,2,5e-4
2025-08-21,2,Grótta,KR,2,10,2,5e-4
2025-08-21,2,Grótta,KR,3,0,119,0.02975
2025-08-21,2,Grótta,KR,3,1,183,0.04575
2025-08-21,2,Grótta,KR,3,2,214,0.0535
2025-08-21,2,Grótta,KR,3,3,139,0.03475
2025-08-21,2,Grótta,KR,3,4,74,0.0185
2025-08-21,2,Grótta,KR,3,5,37,0.00925
2025-08-21,2,Grótta,KR,3,6,19,0.00475
2025-08-21,2,Grótta,KR,3,7,7,0.00175
2025-08-21,2,Grótta,KR,3,8,2,5e-4
2025-08-21,2,Grótta,KR,3,9,1,2.5e-4
2025-08-21,2,Grótta,KR,4,0,87,0.02175
2025-08-21,2,Grótta,KR,4,1,159,0.03975
2025-08-21,2,Grótta,KR,4,2,142,0.0355
2025-08-21,2,Grótta,KR,4,3,105,0.02625
2025-08-21,2,Grótta,KR,4,4,58,0.0145
2025-08-21,2,Grótta,KR,4,5,29,0.00725
2025-08-21,2,Grótta,KR,4,6,16,0.004
2025-08-21,2,Grótta,KR,4,7,10,0.0025
2025-08-21,2,Grótta,KR,4,8,2,5e-4
2025-08-21,2,Grótta,KR,4,9,1,2.5e-4
2025-08-21,2,Grótta,KR,4,10,1,2.5e-4
2025-08-21,2,Grótta,KR,5,0,63,0.01575
2025-08-21,2,Grótta,KR,5,1,85,0.02125
2025-08-21,2,Grótta,KR,5,2,87,0.02175
2025-08-21,2,Grótta,KR,5,3,67,0.01675
2025-08-21,2,Grótta,KR,5,4,40,0.01
2025-08-21,2,Grótta,KR,5,5,30,0.0075
2025-08-21,2,Grótta,KR,5,6,12,0.003
2025-08-21,2,Grótta,KR,5,7,3,7.5e-4
2025-08-21,2,Grótta,KR,5,9,2,5e-4
2025-08-21,2,Grótta,KR,6,0,25,0.00625
2025-08-21,2,Grótta,KR,6,1,47,0.01175
2025-08-21,2,Grótta,KR,6,2,47,0.01175
2025-08-21,2,Grótta,KR,6,3,49,0.01225
2025-08-21,2,Grótta,KR,6,4,24,0.006
2025-08-21,2,Grótta,KR,6,5,12,0.003
2025-08-21,2,Grótta,KR,6,6,9,0.00225
2025-08-21,2,Grótta,KR,6,7,3,7.5e-4
2025-08-21,2,Grótta,KR,6,9,1,2.5e-4
2025-08-21,2,Grótta,KR,7,0,14,0.0035
2025-08-21,2,Grótta,KR,7,1,29,0.00725
2025-08-21,2,Grótta,KR,7,2,26,0.0065
2025-08-21,2,Grótta,KR,7,3,10,0.0025
2025-08-21,2,Grótta,KR,7,4,11,0.00275
2025-08-21,2,Grótta,KR,7,5,7,0.00175
2025-08-21,2,Grótta,KR,7,6,1,2.5e-4
2025-08-21,2,Grótta,KR,8,0,4,0.001
2025-08-21,2,Grótta,KR,8,1,13,0.00325
2025-08-21,2,Grótta,KR,8,2,10,0.0025
2025-08-21,2,Grótta,KR,8,3,11,0.00275
2025-08-21,2,Grótta,KR,8,4,7,0.00175
2025-08-21,2,Grótta,KR,8,5,2,5e-4
2025-08-21,2,Grótta,KR,8,7,2,5e-4
2025-08-21,2,Grótta,KR,9,0,2,5e-4
2025-08-21,2,Grótta,KR,9,1,11,0.00275
2025-08-21,2,Grótta,KR,9,2,8,0.002
2025-08-21,2,Grótta,KR,9,3,2,5e-4
2025-08-21,2,Grótta,KR,9,4,1,2.5e-4
2025-08-21,2,Grótta,KR,9,5,2,5e-4
2025-08-21,2,Grótta,KR,9,6,1,2.5e-4
2025-08-21,2,Grótta,KR,9,8,1,2.5e-4
2025-08-21,2,Grótta,KR,10,0,1,2.5e-4
2025-08-21,2,Grótta,KR,10,1,1,2.5e-4
2025-08-21,2,Grótta,KR,10,2,1,2.5e-4
2025-08-21,2,Grótta,KR,10,3,1,2.5e-4
2025-08-21,2,Grótta,KR,10,4,1,2.5e-4
2025-08-21,2,Grótta,KR,10,5,3,7.5e-4
2025-08-21,2,Grótta,KR,11,1,1,2.5e-4
2025-08-21,2,Grótta,KR,11,2,2,5e-4
2025-08-21,2,Grótta,KR,12,2,2,5e-4
2025-08-21,2,Grótta,KR,12,5,1,2.5e-4
2025-08-21,2,Grótta,KR,14,0,1,2.5e-4
2025-08-21,2,ÍA,Haukar,0,0,47,0.01175
2025-08-21,2,ÍA,Haukar,0,1,49,0.01225
2025-08-21,2,ÍA,Haukar,0,2,19,0.00475
2025-08-21,2,ÍA,Haukar,0,3,10,0.0025
2025-08-21,2,ÍA,Haukar,0,4,5,0.00125
2025-08-21,2,ÍA,Haukar,0,5,1,2.5e-4
2025-08-21,2,ÍA,Haukar,1,0,92,0.023
2025-08-21,2,ÍA,Haukar,1,1,131,0.03275
2025-08-21,2,ÍA,Haukar,1,2,79,0.01975
2025-08-21,2,ÍA,Haukar,1,3,28,0.007
2025-08-21,2,ÍA,Haukar,1,4,14,0.0035
2025-08-21,2,ÍA,Haukar,1,5,6,0.0015
2025-08-21,2,ÍA,Haukar,1,6,3,7.5e-4
2025-08-21,2,ÍA,Haukar,2,0,193,0.04825
2025-08-21,2,ÍA,Haukar,2,1,181,0.04525
2025-08-21,2,ÍA,Haukar,2,2,145,0.03625
2025-08-21,2,ÍA,Haukar,2,3,59,0.01475
2025-08-21,2,ÍA,Haukar,2,4,19,0.00475
2025-08-21,2,ÍA,Haukar,2,5,11,0.00275
2025-08-21,2,ÍA,Haukar,2,6,4,0.001
2025-08-21,2,ÍA,Haukar,3,0,203,0.05075
2025-08-21,2,ÍA,Haukar,3,1,236,0.059
2025-08-21,2,ÍA,Haukar,3,2,140,0.035
2025-08-21,2,ÍA,Haukar,3,3,63,0.01575
2025-08-21,2,ÍA,Haukar,3,4,24,0.006
2025-08-21,2,ÍA,Haukar,3,5,6,0.0015
2025-08-21,2,ÍA,Haukar,3,6,3,7.5e-4
2025-08-21,2,ÍA,Haukar,4,0,210,0.0525
2025-08-21,2,ÍA,Haukar,4,1,209,0.05225
2025-08-21,2,ÍA,Haukar,4,2,129,0.03225
2025-08-21,2,ÍA,Haukar,4,3,53,0.01325
2025-08-21,2,ÍA,Haukar,4,4,32,0.008
2025-08-21,2,ÍA,Haukar,4,5,9,0.00225
2025-08-21,2,ÍA,Haukar,4,6,2,5e-4
2025-08-21,2,ÍA,Haukar,4,7,2,5e-4
2025-08-21,2,ÍA,Haukar,4,8,2,5e-4
2025-08-21,2,ÍA,Haukar,4,9,1,2.5e-4
2025-08-21,2,ÍA,Haukar,5,0,163,0.04075
2025-08-21,2,ÍA,Haukar,5,1,188,0.047
2025-08-21,2,ÍA,Haukar,5,2,121,0.03025
2025-08-21,2,ÍA,Haukar,5,3,49,0.01225
2025-08-21,2,ÍA,Haukar,5,4,17,0.00425
2025-08-21,2,ÍA,Haukar,5,5,10,0.0025
2025-08-21,2,ÍA,Haukar,5,6,4,0.001
2025-08-21,2,ÍA,Haukar,5,7,1,2.5e-4
2025-08-21,2,ÍA,Haukar,6,0,115,0.02875
2025-08-21,2,ÍA,Haukar,6,1,134,0.0335
2025-08-21,2,ÍA,Haukar,6,2,86,0.0215
2025-08-21,2,ÍA,Haukar,6,3,46,0.0115
2025-08-21,2,ÍA,Haukar,6,4,15,0.00375
2025-08-21,2,ÍA,Haukar,6,5,6,0.0015
2025-08-21,2,ÍA,Haukar,6,6,6,0.0015
2025-08-21,2,ÍA,Haukar,7,0,66,0.0165
2025-08-21,2,ÍA,Haukar,7,1,87,0.02175
2025-08-21,2,ÍA,Haukar,7,2,55,0.01375
2025-08-21,2,ÍA,Haukar,7,3,27,0.00675
2025-08-21,2,ÍA,Haukar,7,4,10,0.0025
2025-08-21,2,ÍA,Haukar,7,5,2,5e-4
2025-08-21,2,ÍA,Haukar,7,6,1,2.5e-4
2025-08-21,2,ÍA,Haukar,8,0,42,0.0105
2025-08-21,2,ÍA,Haukar,8,1,53,0.01325
2025-08-21,2,ÍA,Haukar,8,2,40,0.01
2025-08-21,2,ÍA,Haukar,8,3,16,0.004
2025-08-21,2,ÍA,Haukar,8,4,5,0.00125
2025-08-21,2,ÍA,Haukar,8,5,4,0.001
2025-08-21,2,ÍA,Haukar,8,6,1,2.5e-4
2025-08-21,2,ÍA,Haukar,9,0,25,0.00625
2025-08-21,2,ÍA,Haukar,9,1,31,0.00775
2025-08-21,2,ÍA,Haukar,9,2,20,0.005
2025-08-21,2,ÍA,Haukar,9,3,9,0.00225
2025-08-21,2,ÍA,Haukar,9,4,4,0.001
2025-08-21,2,ÍA,Haukar,10,0,16,0.004
2025-08-21,2,ÍA,Haukar,10,1,14,0.0035
2025-08-21,2,ÍA,Haukar,10,2,20,0.005
2025-08-21,2,ÍA,Haukar,10,3,5,0.00125
2025-08-21,2,ÍA,Haukar,10,4,3,7.5e-4
2025-08-21,2,ÍA,Haukar,10,5,1,2.5e-4
2025-08-21,2,ÍA,Haukar,10,6,1,2.5e-4
2025-08-21,2,ÍA,Haukar,11,0,6,0.0015
2025-08-21,2,ÍA,Haukar,11,1,9,0.00225
2025-08-21,2,ÍA,Haukar,11,2,3,7.5e-4
2025-08-21,2,ÍA,Haukar,11,3,3,7.5e-4
2025-08-21,2,ÍA,Haukar,11,5,1,2.5e-4
2025-08-21,2,ÍA,Haukar,11,6,1,2.5e-4
2025-08-21,2,ÍA,Haukar,12,0,2,5e-4
2025-08-21,2,ÍA,Haukar,12,1,5,0.00125
2025-08-21,2,ÍA,Haukar,12,2,4,0.001
2025-08-21,2,ÍA,Haukar,12,3,2,5e-4
2025-08-21,2,ÍA,Haukar,12,7,1,2.5e-4
2025-08-21,2,ÍA,Haukar,13,0,2,5e-4
2025-08-21,2,ÍA,Haukar,13,1,3,7.5e-4
2025-08-21,2,ÍA,Haukar,13,2,3,7.5e-4
2025-08-21,2,ÍA,Haukar,13,3,1,2.5e-4
2025-08-21,2,ÍA,Haukar,13,4,1,2.5e-4
2025-08-21,2,ÍA,Haukar,14,0,2,5e-4
2025-08-21,2,ÍA,Haukar,14,1,3,7.5e-4
2025-08-21,2,ÍA,Haukar,14,2,2,5e-4
2025-08-21,2,ÍA,Haukar,14,3,1,2.5e-4
2025-08-21,2,ÍA,Haukar,15,1,3,7.5e-4
2025-08-21,2,ÍA,Haukar,17,1,1,2.5e-4
2025-08-21,2,ÍA,Haukar,18,1,1,2.5e-4
2025-08-21,2,ÍA,Haukar,21,1,1,2.5e-4
2025-08-21,2,ÍBV,HK,0,0,184,0.046
2025-08-21,2,ÍBV,HK,0,1,199,0.04975
2025-08-21,2,ÍBV,HK,0,2,127,0.03175
2025-08-21,2,ÍBV,HK,0,3,57,0.01425
2025-08-21,2,ÍBV,HK,0,4,22,0.0055
2025-08-21,2,ÍBV,HK,0,5,12,0.003
2025-08-21,2,ÍBV,HK,0,6,3,7.5e-4
2025-08-21,2,ÍBV,HK,0,7,1,2.5e-4
2025-08-21,2,ÍBV,HK,1,0,274,0.0685
2025-08-21,2,ÍBV,HK,1,1,339,0.08475
2025-08-21,2,ÍBV,HK,1,2,200,0.05
2025-08-21,2,ÍBV,HK,1,3,104,0.026
2025-08-21,2,ÍBV,HK,1,4,43,0.01075
2025-08-21,2,ÍBV,HK,1,5,18,0.0045
2025-08-21,2,ÍBV,HK,1,6,11,0.00275
2025-08-21,2,ÍBV,HK,1,7,2,5e-4
2025-08-21,2,ÍBV,HK,1,8,1,2.5e-4
2025-08-21,2,ÍBV,HK,2,0,250,0.0625
2025-08-21,2,ÍBV,HK,2,1,319,0.07975
2025-08-21,2,ÍBV,HK,2,2,194,0.0485
2025-08-21,2,ÍBV,HK,2,3,98,0.0245
2025-08-21,2,ÍBV,HK,2,4,43,0.01075
2025-08-21,2,ÍBV,HK,2,5,18,0.0045
2025-08-21,2,ÍBV,HK,2,6,14,0.0035
2025-08-21,2,ÍBV,HK,2,7,3,7.5e-4
2025-08-21,2,ÍBV,HK,2,8,1,2.5e-4
2025-08-21,2,ÍBV,HK,2,10,1,2.5e-4
2025-08-21,2,ÍBV,HK,3,0,183,0.04575
2025-08-21,2,ÍBV,HK,3,1,247,0.06175
2025-08-21,2,ÍBV,HK,3,2,143,0.03575
2025-08-21,2,ÍBV,HK,3,3,94,0.0235
2025-08-21,2,ÍBV,HK,3,4,30,0.0075
2025-08-21,2,ÍBV,HK,3,5,12,0.003
2025-08-21,2,ÍBV,HK,3,6,2,5e-4
2025-08-21,2,ÍBV,HK,3,7,1,2.5e-4
2025-08-21,2,ÍBV,HK,4,0,111,0.02775
2025-08-21,2,ÍBV,HK,4,1,121,0.03025
2025-08-21,2,ÍBV,HK,4,2,88,0.022
2025-08-21,2,ÍBV,HK,4,3,51,0.01275
2025-08-21,2,ÍBV,HK,4,4,19,0.00475
2025-08-21,2,ÍBV,HK,4,5,4,0.001
2025-08-21,2,ÍBV,HK,4,6,2,5e-4
2025-08-21,2,ÍBV,HK,4,8,1,2.5e-4
2025-08-21,2,ÍBV,HK,5,0,42,0.0105
2025-08-21,2,ÍBV,HK,5,1,63,0.01575
2025-08-21,2,ÍBV,HK,5,2,52,0.013
2025-08-21,2,ÍBV,HK,5,3,21,0.00525
2025-08-21,2,ÍBV,HK,5,4,9,0.00225
2025-08-21,2,ÍBV,HK,5,5,3,7.5e-4
2025-08-21,2,ÍBV,HK,5,6,2,5e-4
2025-08-21,2,ÍBV,HK,5,8,2,5e-4
2025-08-21,2,ÍBV,HK,5,10,1,2.5e-4
2025-08-21,2,ÍBV,HK,6,0,21,0.00525
2025-08-21,2,ÍBV,HK,6,1,33,0.00825
2025-08-21,2,ÍBV,HK,6,2,17,0.00425
2025-08-21,2,ÍBV,HK,6,3,10,0.0025
2025-08-21,2,ÍBV,HK,6,4,6,0.0015
2025-08-21,2,ÍBV,HK,6,5,5,0.00125
2025-08-21,2,ÍBV,HK,7,0,6,0.0015
2025-08-21,2,ÍBV,HK,7,1,18,0.0045
2025-08-21,2,ÍBV,HK,7,2,10,0.0025
2025-08-21,2,ÍBV,HK,7,3,4,0.001
2025-08-21,2,ÍBV,HK,7,5,1,2.5e-4
2025-08-21,2,ÍBV,HK,7,6,1,2.5e-4
2025-08-21,2,ÍBV,HK,8,0,3,7.5e-4
2025-08-21,2,ÍBV,HK,8,1,6,0.0015
2025-08-21,2,ÍBV,HK,8,2,2,5e-4
2025-08-21,2,ÍBV,HK,8,3,1,2.5e-4
2025-08-21,2,ÍBV,HK,9,0,2,5e-4
2025-08-21,2,ÍBV,HK,9,1,4,0.001
2025-08-21,2,ÍBV,HK,9,2,2,5e-4
2025-08-21,2,ÍBV,HK,10,1,2,5e-4
2025-08-21,2,ÍBV,HK,11,0,2,5e-4
2025-08-21,2,ÍBV,HK,12,1,1,2.5e-4
2025-08-21,2,ÍBV,HK,13,2,1,2.5e-4
2025-08-22,1,Breiðablik,Tindastóll,0,0,38,0.0095
2025-08-22,1,Breiðablik,Tindastóll,0,1,30,0.0075
2025-08-22,1,Breiðablik,Tindastóll,0,2,4,0.001
2025-08-22,1,Breiðablik,Tindastóll,1,0,104,0.026
2025-08-22,1,Breiðablik,Tindastóll,1,1,83,0.02075
2025-08-22,1,Breiðablik,Tindastóll,1,2,22,0.0055
2025-08-22,1,Breiðablik,Tindastóll,1,3,7,0.00175
2025-08-22,1,Breiðablik,Tindastóll,2,0,203,0.05075
2025-08-22,1,Breiðablik,Tindastóll,2,1,126,0.0315
2025-08-22,1,Breiðablik,Tindastóll,2,2,35,0.00875
2025-08-22,1,Breiðablik,Tindastóll,2,3,10,0.0025
2025-08-22,1,Breiðablik,Tindastóll,2,4,2,5e-4
2025-08-22,1,Breiðablik,Tindastóll,3,0,318,0.0795
2025-08-22,1,Breiðablik,Tindastóll,3,1,209,0.05225
2025-08-22,1,Breiðablik,Tindastóll,3,2,54,0.0135
2025-08-22,1,Breiðablik,Tindastóll,3,3,6,0.0015
2025-08-22,1,Breiðablik,Tindastóll,3,4,2,5e-4
2025-08-22,1,Breiðablik,Tindastóll,4,0,364,0.091
2025-08-22,1,Breiðablik,Tindastóll,4,1,170,0.0425
2025-08-22,1,Breiðablik,Tindastóll,4,2,61,0.01525
2025-08-22,1,Breiðablik,Tindastóll,4,3,13,0.00325
2025-08-22,1,Breiðablik,Tindastóll,4,4,2,5e-4
2025-08-22,1,Breiðablik,Tindastóll,4,5,1,2.5e-4
2025-08-22,1,Breiðablik,Tindastóll,5,0,328,0.082
2025-08-22,1,Breiðablik,Tindastóll,5,1,190,0.0475
2025-08-22,1,Breiðablik,Tindastóll,5,2,61,0.01525
2025-08-22,1,Breiðablik,Tindastóll,5,3,15,0.00375
2025-08-22,1,Breiðablik,Tindastóll,5,4,4,0.001
2025-08-22,1,Breiðablik,Tindastóll,6,0,309,0.07725
2025-08-22,1,Breiðablik,Tindastóll,6,1,119,0.02975
2025-08-22,1,Breiðablik,Tindastóll,6,2,35,0.00875
2025-08-22,1,Breiðablik,Tindastóll,6,3,4,0.001
2025-08-22,1,Breiðablik,Tindastóll,7,0,198,0.0495
2025-08-22,1,Breiðablik,Tindastóll,7,1,110,0.0275
2025-08-22,1,Breiðablik,Tindastóll,7,2,35,0.00875
2025-08-22,1,Breiðablik,Tindastóll,7,3,11,0.00275
2025-08-22,1,Breiðablik,Tindastóll,7,4,1,2.5e-4
2025-08-22,1,Breiðablik,Tindastóll,8,0,150,0.0375
2025-08-22,1,Breiðablik,Tindastóll,8,1,98,0.0245
2025-08-22,1,Breiðablik,Tindastóll,8,2,27,0.00675
2025-08-22,1,Breiðablik,Tindastóll,8,3,6,0.0015
2025-08-22,1,Breiðablik,Tindastóll,8,4,1,2.5e-4
2025-08-22,1,Breiðablik,Tindastóll,8,5,1,2.5e-4
2025-08-22,1,Breiðablik,Tindastóll,9,0,91,0.02275
2025-08-22,1,Breiðablik,Tindastóll,9,1,61,0.01525
2025-08-22,1,Breiðablik,Tindastóll,9,2,15,0.00375
2025-08-22,1,Breiðablik,Tindastóll,9,3,3,7.5e-4
2025-08-22,1,Breiðablik,Tindastóll,10,0,63,0.01575
2025-08-22,1,Breiðablik,Tindastóll,10,1,39,0.00975
2025-08-22,1,Breiðablik,Tindastóll,10,2,8,0.002
2025-08-22,1,Breiðablik,Tindastóll,10,3,3,7.5e-4
2025-08-22,1,Breiðablik,Tindastóll,11,0,36,0.009
2025-08-22,1,Breiðablik,Tindastóll,11,1,26,0.0065
2025-08-22,1,Breiðablik,Tindastóll,11,2,6,0.0015
2025-08-22,1,Breiðablik,Tindastóll,11,3,2,5e-4
2025-08-22,1,Breiðablik,Tindastóll,12,0,20,0.005
2025-08-22,1,Breiðablik,Tindastóll,12,1,9,0.00225
2025-08-22,1,Breiðablik,Tindastóll,12,2,3,7.5e-4
2025-08-22,1,Breiðablik,Tindastóll,13,0,15,0.00375
2025-08-22,1,Breiðablik,Tindastóll,13,1,7,0.00175
2025-08-22,1,Breiðablik,Tindastóll,13,3,1,2.5e-4
2025-08-22,1,Breiðablik,Tindastóll,14,0,6,0.0015
2025-08-22,1,Breiðablik,Tindastóll,14,1,5,0.00125
2025-08-22,1,Breiðablik,Tindastóll,15,0,1,2.5e-4
2025-08-22,1,Breiðablik,Tindastóll,15,1,1,2.5e-4
2025-08-22,1,Breiðablik,Tindastóll,15,2,2,5e-4
2025-08-22,1,Breiðablik,Tindastóll,16,0,5,0.00125
2025-08-22,1,Breiðablik,Tindastóll,16,1,2,5e-4
2025-08-22,1,Breiðablik,Tindastóll,17,0,2,5e-4
2025-08-22,1,Breiðablik,Tindastóll,23,1,1,2.5e-4
2025-08-28,1,FH,Þróttur R.,0,0,187,0.04675
2025-08-28,1,FH,Þróttur R.,0,1,240,0.06
2025-08-28,1,FH,Þróttur R.,0,2,170,0.0425
2025-08-28,1,FH,Þróttur R.,0,3,84,0.021
2025-08-28,1,FH,Þróttur R.,0,4,31,0.00775
2025-08-28,1,FH,Þróttur R.,0,5,7,0.00175
2025-08-28,1,FH,Þróttur R.,0,6,3,7.5e-4
2025-08-28,1,FH,Þróttur R.,0,9,3,7.5e-4
2025-08-28,1,FH,Þróttur R.,1,0,300,0.075
2025-08-28,1,FH,Þróttur R.,1,1,369,0.09225
2025-08-28,1,FH,Þróttur R.,1,2,249,0.06225
2025-08-28,1,FH,Þróttur R.,1,3,133,0.03325
2025-08-28,1,FH,Þróttur R.,1,4,53,0.01325
2025-08-28,1,FH,Þróttur R.,1,5,23,0.00575
2025-08-28,1,FH,Þróttur R.,1,6,6,0.0015
2025-08-28,1,FH,Þróttur R.,1,7,1,2.5e-4
2025-08-28,1,FH,Þróttur R.,2,0,243,0.06075
2025-08-28,1,FH,Þróttur R.,2,1,326,0.0815
2025-08-28,1,FH,Þróttur R.,2,2,267,0.06675
2025-08-28,1,FH,Þróttur R.,2,3,119,0.02975
2025-08-28,1,FH,Þróttur R.,2,4,43,0.01075
2025-08-28,1,FH,Þróttur R.,2,5,11,0.00275
2025-08-28,1,FH,Þróttur R.,2,6,8,0.002
2025-08-28,1,FH,Þróttur R.,2,7,2,5e-4
2025-08-28,1,FH,Þróttur R.,2,10,1,2.5e-4
2025-08-28,1,FH,Þróttur R.,3,0,120,0.03
2025-08-28,1,FH,Þróttur R.,3,1,215,0.05375
2025-08-28,1,FH,Þróttur R.,3,2,130,0.0325
2025-08-28,1,FH,Þróttur R.,3,3,90,0.0225
2025-08-28,1,FH,Þróttur R.,3,4,40,0.01
2025-08-28,1,FH,Þróttur R.,3,5,8,0.002
2025-08-28,1,FH,Þróttur R.,3,6,2,5e-4
2025-08-28,1,FH,Þróttur R.,3,7,2,5e-4
2025-08-28,1,FH,Þróttur R.,4,0,57,0.01425
2025-08-28,1,FH,Þróttur R.,4,1,105,0.02625
2025-08-28,1,FH,Þróttur R.,4,2,77,0.01925
2025-08-28,1,FH,Þróttur R.,4,3,29,0.00725
2025-08-28,1,FH,Þróttur R.,4,4,27,0.00675
2025-08-28,1,FH,Þróttur R.,4,5,5,0.00125
2025-08-28,1,FH,Þróttur R.,4,6,1,2.5e-4
2025-08-28,1,FH,Þróttur R.,4,7,1,2.5e-4
2025-08-28,1,FH,Þróttur R.,5,0,40,0.01
2025-08-28,1,FH,Þróttur R.,5,1,47,0.01175
2025-08-28,1,FH,Þróttur R.,5,2,22,0.0055
2025-08-28,1,FH,Þróttur R.,5,3,12,0.003
2025-08-28,1,FH,Þróttur R.,5,4,5,0.00125
2025-08-28,1,FH,Þróttur R.,5,5,3,7.5e-4
2025-08-28,1,FH,Þróttur R.,5,6,4,0.001
2025-08-28,1,FH,Þróttur R.,6,0,7,0.00175
2025-08-28,1,FH,Þróttur R.,6,1,11,0.00275
2025-08-28,1,FH,Þróttur R.,6,2,17,0.00425
2025-08-28,1,FH,Þróttur R.,6,3,5,0.00125
2025-08-28,1,FH,Þróttur R.,6,4,5,0.00125
2025-08-28,1,FH,Þróttur R.,6,5,2,5e-4
2025-08-28,1,FH,Þróttur R.,7,0,4,0.001
2025-08-28,1,FH,Þróttur R.,7,1,5,0.00125
2025-08-28,1,FH,Þróttur R.,7,2,4,0.001
2025-08-28,1,FH,Þróttur R.,7,3,1,2.5e-4
2025-08-28,1,FH,Þróttur R.,8,0,1,2.5e-4
2025-08-28,1,FH,Þróttur R.,8,1,2,5e-4
2025-08-28,1,FH,Þróttur R.,8,2,3,7.5e-4
2025-08-28,1,FH,Þróttur R.,8,3,3,7.5e-4
2025-08-28,1,FH,Þróttur R.,8,4,1,2.5e-4
2025-08-28,1,FH,Þróttur R.,9,1,2,5e-4
2025-08-28,1,FH,Þróttur R.,9,2,1,2.5e-4
2025-08-28,1,FH,Þróttur R.,9,3,2,5e-4
2025-08-28,1,FH,Þróttur R.,10,1,1,2.5e-4
2025-08-28,1,FH,Þróttur R.,11,1,1,2.5e-4
2025-08-28,1,FH,Þróttur R.,11,2,1,2.5e-4
2025-08-28,1,Tindastóll,Víkingur R.,0,0,139,0.03475
2025-08-28,1,Tindastóll,Víkingur R.,0,1,208,0.052
2025-08-28,1,Tindastóll,Víkingur R.,0,2,196,0.049
2025-08-28,1,Tindastóll,Víkingur R.,0,3,116,0.029
2025-08-28,1,Tindastóll,Víkingur R.,0,4,69,0.01725
2025-08-28,1,Tindastóll,Víkingur R.,0,5,27,0.00675
2025-08-28,1,Tindastóll,Víkingur R.,0,6,25,0.00625
2025-08-28,1,Tindastóll,Víkingur R.,0,7,6,0.0015
2025-08-28,1,Tindastóll,Víkingur R.,0,8,2,5e-4
2025-08-28,1,Tindastóll,Víkingur R.,1,0,163,0.04075
2025-08-28,1,Tindastóll,Víkingur R.,1,1,280,0.07
2025-08-28,1,Tindastóll,Víkingur R.,1,2,286,0.0715
2025-08-28,1,Tindastóll,Víkingur R.,1,3,206,0.0515
2025-08-28,1,Tindastóll,Víkingur R.,1,4,106,0.0265
2025-08-28,1,Tindastóll,Víkingur R.,1,5,51,0.01275
2025-08-28,1,Tindastóll,Víkingur R.,1,6,20,0.005
2025-08-28,1,Tindastóll,Víkingur R.,1,7,8,0.002
2025-08-28,1,Tindastóll,Víkingur R.,1,8,2,5e-4
2025-08-28,1,Tindastóll,Víkingur R.,1,9,1,2.5e-4
2025-08-28,1,Tindastóll,Víkingur R.,2,0,137,0.03425
2025-08-28,1,Tindastóll,Víkingur R.,2,1,258,0.0645
2025-08-28,1,Tindastóll,Víkingur R.,2,2,247,0.06175
2025-08-28,1,Tindastóll,Víkingur R.,2,3,155,0.03875
2025-08-28,1,Tindastóll,Víkingur R.,2,4,80,0.02
2025-08-28,1,Tindastóll,Víkingur R.,2,5,62,0.0155
2025-08-28,1,Tindastóll,Víkingur R.,2,6,25,0.00625
2025-08-28,1,Tindastóll,Víkingur R.,2,7,4,0.001
2025-08-28,1,Tindastóll,Víkingur R.,2,8,3,7.5e-4
2025-08-28,1,Tindastóll,Víkingur R.,2,9,2,5e-4
2025-08-28,1,Tindastóll,Víkingur R.,3,0,82,0.0205
2025-08-28,1,Tindastóll,Víkingur R.,3,1,142,0.0355
2025-08-28,1,Tindastóll,Víkingur R.,3,2,145,0.03625
2025-08-28,1,Tindastóll,Víkingur R.,3,3,122,0.0305
2025-08-28,1,Tindastóll,Víkingur R.,3,4,71,0.01775
2025-08-28,1,Tindastóll,Víkingur R.,3,5,37,0.00925
2025-08-28,1,Tindastóll,Víkingur R.,3,6,20,0.005
2025-08-28,1,Tindastóll,Víkingur R.,3,7,6,0.0015
2025-08-28,1,Tindastóll,Víkingur R.,3,8,1,2.5e-4
2025-08-28,1,Tindastóll,Víkingur R.,3,9,1,2.5e-4
2025-08-28,1,Tindastóll,Víkingur R.,3,10,1,2.5e-4
2025-08-28,1,Tindastóll,Víkingur R.,4,0,27,0.00675
2025-08-28,1,Tindastóll,Víkingur R.,4,1,59,0.01475
2025-08-28,1,Tindastóll,Víkingur R.,4,2,75,0.01875
2025-08-28,1,Tindastóll,Víkingur R.,4,3,57,0.01425
2025-08-28,1,Tindastóll,Víkingur R.,4,4,29,0.00725
2025-08-28,1,Tindastóll,Víkingur R.,4,5,21,0.00525
2025-08-28,1,Tindastóll,Víkingur R.,4,6,6,0.0015
2025-08-28,1,Tindastóll,Víkingur R.,4,7,1,2.5e-4
2025-08-28,1,Tindastóll,Víkingur R.,4,9,1,2.5e-4
2025-08-28,1,Tindastóll,Víkingur R.,5,0,22,0.0055
2025-08-28,1,Tindastóll,Víkingur R.,5,1,23,0.00575
2025-08-28,1,Tindastóll,Víkingur R.,5,2,39,0.00975
2025-08-28,1,Tindastóll,Víkingur R.,5,3,24,0.006
2025-08-28,1,Tindastóll,Víkingur R.,5,4,20,0.005
2025-08-28,1,Tindastóll,Víkingur R.,5,5,6,0.0015
2025-08-28,1,Tindastóll,Víkingur R.,5,6,1,2.5e-4
2025-08-28,1,Tindastóll,Víkingur R.,5,7,2,5e-4
2025-08-28,1,Tindastóll,Víkingur R.,6,0,7,0.00175
2025-08-28,1,Tindastóll,Víkingur R.,6,1,6,0.0015
2025-08-28,1,Tindastóll,Víkingur R.,6,2,6,0.0015
2025-08-28,1,Tindastóll,Víkingur R.,6,3,11,0.00275
2025-08-28,1,Tindastóll,Víkingur R.,6,4,7,0.00175
2025-08-28,1,Tindastóll,Víkingur R.,6,5,5,0.00125
2025-08-28,1,Tindastóll,Víkingur R.,6,6,1,2.5e-4
2025-08-28,1,Tindastóll,Víkingur R.,7,0,4,0.001
2025-08-28,1,Tindastóll,Víkingur R.,7,1,5,0.00125
2025-08-28,1,Tindastóll,Víkingur R.,7,2,5,0.00125
2025-08-28,1,Tindastóll,Víkingur R.,7,3,4,0.001
2025-08-28,1,Tindastóll,Víkingur R.,7,4,1,2.5e-4
2025-08-28,1,Tindastóll,Víkingur R.,7,5,1,2.5e-4
2025-08-28,1,Tindastóll,Víkingur R.,7,6,2,5e-4
2025-08-28,1,Tindastóll,Víkingur R.,8,0,1,2.5e-4
2025-08-28,1,Tindastóll,Víkingur R.,8,1,3,7.5e-4
2025-08-28,1,Tindastóll,Víkingur R.,8,2,1,2.5e-4
2025-08-28,1,Tindastóll,Víkingur R.,8,3,3,7.5e-4
2025-08-28,1,Tindastóll,Víkingur R.,8,4,2,5e-4
2025-08-28,2,Afturelding,Grótta,0,0,110,0.0275
2025-08-28,2,Afturelding,Grótta,0,1,223,0.05575
2025-08-28,2,Afturelding,Grótta,0,2,307,0.07675
2025-08-28,2,Afturelding,Grótta,0,3,240,0.06
2025-08-28,2,Afturelding,Grótta,0,4,185,0.04625
2025-08-28,2,Afturelding,Grótta,0,5,108,0.027
2025-08-28,2,Afturelding,Grótta,0,6,56,0.014
2025-08-28,2,Afturelding,Grótta,0,7,31,0.00775
2025-08-28,2,Afturelding,Grótta,0,8,13,0.00325
2025-08-28,2,Afturelding,Grótta,0,9,7,0.00175
2025-08-28,2,Afturelding,Grótta,0,10,3,7.5e-4
2025-08-28,2,Afturelding,Grótta,0,11,1,2.5e-4
2025-08-28,2,Afturelding,Grótta,1,0,105,0.02625
2025-08-28,2,Afturelding,Grótta,1,1,238,0.0595
2025-08-28,2,Afturelding,Grótta,1,2,308,0.077
2025-08-28,2,Afturelding,Grótta,1,3,292,0.073
2025-08-28,2,Afturelding,Grótta,1,4,181,0.04525
2025-08-28,2,Afturelding,Grótta,1,5,132,0.033
2025-08-28,2,Afturelding,Grótta,1,6,56,0.014
2025-08-28,2,Afturelding,Grótta,1,7,41,0.01025
2025-08-28,2,Afturelding,Grótta,1,8,18,0.0045
2025-08-28,2,Afturelding,Grótta,1,9,8,0.002
2025-08-28,2,Afturelding,Grótta,1,10,3,7.5e-4
2025-08-28,2,Afturelding,Grótta,1,11,1,2.5e-4
2025-08-28,2,Afturelding,Grótta,2,0,58,0.0145
2025-08-28,2,Afturelding,Grótta,2,1,134,0.0335
2025-08-28,2,Afturelding,Grótta,2,2,175,0.04375
2025-08-28,2,Afturelding,Grótta,2,3,172,0.043
2025-08-28,2,Afturelding,Grótta,2,4,132,0.033
2025-08-28,2,Afturelding,Grótta,2,5,74,0.0185
2025-08-28,2,Afturelding,Grótta,2,6,38,0.0095
2025-08-28,2,Afturelding,Grótta,2,7,22,0.0055
2025-08-28,2,Afturelding,Grótta,2,8,4,0.001
2025-08-28,2,Afturelding,Grótta,2,9,8,0.002
2025-08-28,2,Afturelding,Grótta,2,10,1,2.5e-4
2025-08-28,2,Afturelding,Grótta,2,11,2,5e-4
2025-08-28,2,Afturelding,Grótta,2,13,1,2.5e-4
2025-08-28,2,Afturelding,Grótta,3,0,27,0.00675
2025-08-28,2,Afturelding,Grótta,3,1,51,0.01275
2025-08-28,2,Afturelding,Grótta,3,2,74,0.0185
2025-08-28,2,Afturelding,Grótta,3,3,71,0.01775
2025-08-28,2,Afturelding,Grótta,3,4,35,0.00875
2025-08-28,2,Afturelding,Grótta,3,5,38,0.0095
2025-08-28,2,Afturelding,Grótta,3,6,10,0.0025
2025-08-28,2,Afturelding,Grótta,3,7,13,0.00325
2025-08-28,2,Afturelding,Grótta,3,8,7,0.00175
2025-08-28,2,Afturelding,Grótta,3,9,4,0.001
2025-08-28,2,Afturelding,Grótta,4,0,12,0.003
2025-08-28,2,Afturelding,Grótta,4,1,19,0.00475
2025-08-28,2,Afturelding,Grótta,4,2,30,0.0075
2025-08-28,2,Afturelding,Grótta,4,3,28,0.007
2025-08-28,2,Afturelding,Grótta,4,4,17,0.00425
2025-08-28,2,Afturelding,Grótta,4,5,14,0.0035
2025-08-28,2,Afturelding,Grótta,4,6,6,0.0015
2025-08-28,2,Afturelding,Grótta,4,7,3,7.5e-4
2025-08-28,2,Afturelding,Grótta,4,8,1,2.5e-4
2025-08-28,2,Afturelding,Grótta,4,9,1,2.5e-4
2025-08-28,2,Afturelding,Grótta,5,0,1,2.5e-4
2025-08-28,2,Afturelding,Grótta,5,1,5,0.00125
2025-08-28,2,Afturelding,Grótta,5,2,7,0.00175
2025-08-28,2,Afturelding,Grótta,5,3,8,0.002
2025-08-28,2,Afturelding,Grótta,5,4,3,7.5e-4
2025-08-28,2,Afturelding,Grótta,5,5,7,0.00175
2025-08-28,2,Afturelding,Grótta,5,7,1,2.5e-4
2025-08-28,2,Afturelding,Grótta,5,8,1,2.5e-4
2025-08-28,2,Afturelding,Grótta,5,9,1,2.5e-4
2025-08-28,2,Afturelding,Grótta,6,0,2,5e-4
2025-08-28,2,Afturelding,Grótta,6,1,2,5e-4
2025-08-28,2,Afturelding,Grótta,6,2,1,2.5e-4
2025-08-28,2,Afturelding,Grótta,6,3,5,0.00125
2025-08-28,2,Afturelding,Grótta,6,5,2,5e-4
2025-08-28,2,Afturelding,Grótta,6,6,2,5e-4
2025-08-28,2,Afturelding,Grótta,7,4,1,2.5e-4
2025-08-28,2,Afturelding,Grótta,7,5,1,2.5e-4
2025-08-28,2,Afturelding,Grótta,8,8,1,2.5e-4
2025-08-28,2,HK,Fylkir,0,0,209,0.05225
2025-08-28,2,HK,Fylkir,0,1,198,0.0495
2025-08-28,2,HK,Fylkir,0,2,128,0.032
2025-08-28,2,HK,Fylkir,0,3,36,0.009
2025-08-28,2,HK,Fylkir,0,4,20,0.005
2025-08-28,2,HK,Fylkir,0,5,12,0.003
2025-08-28,2,HK,Fylkir,1,0,328,0.082
2025-08-28,2,HK,Fylkir,1,1,343,0.08575
2025-08-28,2,HK,Fylkir,1,2,181,0.04525
2025-08-28,2,HK,Fylkir,1,3,85,0.02125
2025-08-28,2,HK,Fylkir,1,4,30,0.0075
2025-08-28,2,HK,Fylkir,1,5,15,0.00375
2025-08-28,2,HK,Fylkir,1,6,4,0.001
2025-08-28,2,HK,Fylkir,1,9,2,5e-4
2025-08-28,2,HK,Fylkir,2,0,302,0.0755
2025-08-28,2,HK,Fylkir,2,1,334,0.0835
2025-08-28,2,HK,Fylkir,2,2,218,0.0545
2025-08-28,2,HK,Fylkir,2,3,94,0.0235
2025-08-28,2,HK,Fylkir,2,4,40,0.01
2025-08-28,2,HK,Fylkir,2,5,19,0.00475
2025-08-28,2,HK,Fylkir,2,6,3,7.5e-4
2025-08-28,2,HK,Fylkir,2,7,1,2.5e-4
2025-08-28,2,HK,Fylkir,3,0,175,0.04375
2025-08-28,2,HK,Fylkir,3,1,228,0.057
2025-08-28,2,HK,Fylkir,3,2,139,0.03475
2025-08-28,2,HK,Fylkir,3,3,59,0.01475
2025-08-28,2,HK,Fylkir,3,4,24,0.006
2025-08-28,2,HK,Fylkir,3,5,17,0.00425
2025-08-28,2,HK,Fylkir,3,6,1,2.5e-4
2025-08-28,2,HK,Fylkir,3,7,1,2.5e-4
2025-08-28,2,HK,Fylkir,3,8,1,2.5e-4
2025-08-28,2,HK,Fylkir,4,0,118,0.0295
2025-08-28,2,HK,Fylkir,4,1,145,0.03625
2025-08-28,2,HK,Fylkir,4,2,83,0.02075
2025-08-28,2,HK,Fylkir,4,3,43,0.01075
2025-08-28,2,HK,Fylkir,4,4,12,0.003
2025-08-28,2,HK,Fylkir,4,5,4,0.001
2025-08-28,2,HK,Fylkir,4,6,2,5e-4
2025-08-28,2,HK,Fylkir,4,7,2,5e-4
2025-08-28,2,HK,Fylkir,5,0,61,0.01525
2025-08-28,2,HK,Fylkir,5,1,58,0.0145
2025-08-28,2,HK,Fylkir,5,2,41,0.01025
2025-08-28,2,HK,Fylkir,5,3,15,0.00375
2025-08-28,2,HK,Fylkir,5,4,7,0.00175
2025-08-28,2,HK,Fylkir,5,5,4,0.001
2025-08-28,2,HK,Fylkir,5,6,1,2.5e-4
2025-08-28,2,HK,Fylkir,6,0,25,0.00625
2025-08-28,2,HK,Fylkir,6,1,39,0.00975
2025-08-28,2,HK,Fylkir,6,2,18,0.0045
2025-08-28,2,HK,Fylkir,6,3,10,0.0025
2025-08-28,2,HK,Fylkir,6,4,2,5e-4
2025-08-28,2,HK,Fylkir,7,0,11,0.00275
2025-08-28,2,HK,Fylkir,7,1,9,0.00225
2025-08-28,2,HK,Fylkir,7,2,6,0.0015
2025-08-28,2,HK,Fylkir,7,3,6,0.0015
2025-08-28,2,HK,Fylkir,7,4,3,7.5e-4
2025-08-28,2,HK,Fylkir,7,5,1,2.5e-4
2025-08-28,2,HK,Fylkir,7,6,1,2.5e-4
2025-08-28,2,HK,Fylkir,8,0,2,5e-4
2025-08-28,2,HK,Fylkir,8,1,9,0.00225
2025-08-28,2,HK,Fylkir,8,2,5,0.00125
2025-08-28,2,HK,Fylkir,8,3,2,5e-4
2025-08-28,2,HK,Fylkir,8,4,1,2.5e-4
2025-08-28,2,HK,Fylkir,9,0,1,2.5e-4
2025-08-28,2,HK,Fylkir,9,1,3,7.5e-4
2025-08-28,2,HK,Fylkir,9,7,1,2.5e-4
2025-08-28,2,HK,Fylkir,10,3,1,2.5e-4
2025-08-28,2,HK,Fylkir,11,2,1,2.5e-4
2025-08-28,2,KR,Haukar,0,0,21,0.00525
2025-08-28,2,KR,Haukar,0,1,27,0.00675
2025-08-28,2,KR,Haukar,0,2,18,0.0045
2025-08-28,2,KR,Haukar,0,3,11,0.00275
2025-08-28,2,KR,Haukar,0,4,9,0.00225
2025-08-28,2,KR,Haukar,0,7,1,2.5e-4
2025-08-28,2,KR,Haukar,1,0,33,0.00825
2025-08-28,2,KR,Haukar,1,1,72,0.018
2025-08-28,2,KR,Haukar,1,2,67,0.01675
2025-08-28,2,KR,Haukar,1,3,57,0.01425
2025-08-28,2,KR,Haukar,1,4,30,0.0075
2025-08-28,2,KR,Haukar,1,5,8,0.002
2025-08-28,2,KR,Haukar,1,6,9,0.00225
2025-08-28,2,KR,Haukar,1,7,4,0.001
2025-08-28,2,KR,Haukar,1,10,1,2.5e-4
2025-08-28,2,KR,Haukar,2,0,81,0.02025
2025-08-28,2,KR,Haukar,2,1,121,0.03025
2025-08-28,2,KR,Haukar,2,2,138,0.0345
2025-08-28,2,KR,Haukar,2,3,84,0.021
2025-08-28,2,KR,Haukar,2,4,53,0.01325
2025-08-28,2,KR,Haukar,2,5,28,0.007
2025-08-28,2,KR,Haukar,2,6,13,0.00325
2025-08-28,2,KR,Haukar,2,7,4,0.001
2025-08-28,2,KR,Haukar,2,8,2,5e-4
2025-08-28,2,KR,Haukar,2,9,1,2.5e-4
2025-08-28,2,KR,Haukar,2,10,1,2.5e-4
2025-08-28,2,KR,Haukar,3,0,78,0.0195
2025-08-28,2,KR,Haukar,3,1,129,0.03225
2025-08-28,2,KR,Haukar,3,2,146,0.0365
2025-08-28,2,KR,Haukar,3,3,115,0.02875
2025-08-28,2,KR,Haukar,3,4,62,0.0155
2025-08-28,2,KR,Haukar,3,5,34,0.0085
2025-08-28,2,KR,Haukar,3,6,18,0.0045
2025-08-28,2,KR,Haukar,3,7,9,0.00225
2025-08-28,2,KR,Haukar,3,8,2,5e-4
2025-08-28,2,KR,Haukar,3,9,1,2.5e-4
2025-08-28,2,KR,Haukar,4,0,87,0.02175
2025-08-28,2,KR,Haukar,4,1,160,0.04
2025-08-28,2,KR,Haukar,4,2,155,0.03875
2025-08-28,2,KR,Haukar,4,3,125,0.03125
2025-08-28,2,KR,Haukar,4,4,68,0.017
2025-08-28,2,KR,Haukar,4,5,50,0.0125
2025-08-28,2,KR,Haukar,4,6,16,0.004
2025-08-28,2,KR,Haukar,4,7,12,0.003
2025-08-28,2,KR,Haukar,4,8,2,5e-4
2025-08-28,2,KR,Haukar,4,9,1,2.5e-4
2025-08-28,2,KR,Haukar,5,0,78,0.0195
2025-08-28,2,KR,Haukar,5,1,128,0.032
2025-08-28,2,KR,Haukar,5,2,120,0.03
2025-08-28,2,KR,Haukar,5,3,95,0.02375
2025-08-28,2,KR,Haukar,5,4,56,0.014
2025-08-28,2,KR,Haukar,5,5,31,0.00775
2025-08-28,2,KR,Haukar,5,6,12,0.003
2025-08-28,2,KR,Haukar,5,7,9,0.00225
2025-08-28,2,KR,Haukar,5,8,2,5e-4
2025-08-28,2,KR,Haukar,5,9,1,2.5e-4
2025-08-28,2,KR,Haukar,5,10,1,2.5e-4
2025-08-28,2,KR,Haukar,6,0,52,0.013
2025-08-28,2,KR,Haukar,6,1,103,0.02575
2025-08-28,2,KR,Haukar,6,2,116,0.029
2025-08-28,2,KR,Haukar,6,3,85,0.02125
2025-08-28,2,KR,Haukar,6,4,51,0.01275
2025-08-28,2,KR,Haukar,6,5,44,0.011
2025-08-28,2,KR,Haukar,6,6,16,0.004
2025-08-28,2,KR,Haukar,6,7,4,0.001
2025-08-28,2,KR,Haukar,6,8,1,2.5e-4
2025-08-28,2,KR,Haukar,6,9,1,2.5e-4
2025-08-28,2,KR,Haukar,6,10,1,2.5e-4
2025-08-28,2,KR,Haukar,7,0,33,0.00825
2025-08-28,2,KR,Haukar,7,1,69,0.01725
2025-08-28,2,KR,Haukar,7,2,79,0.01975
2025-08-28,2,KR,Haukar,7,3,54,0.0135
2025-08-28,2,KR,Haukar,7,4,41,0.01025
2025-08-28,2,KR,Haukar,7,5,16,0.004
2025-08-28,2,KR,Haukar,7,6,10,0.0025
2025-08-28,2,KR,Haukar,7,7,4,0.001
2025-08-28,2,KR,Haukar,7,8,1,2.5e-4
2025-08-28,2,KR,Haukar,7,9,1,2.5e-4
2025-08-28,2,KR,Haukar,8,0,16,0.004
2025-08-28,2,KR,Haukar,8,1,53,0.01325
2025-08-28,2,KR,Haukar,8,2,46,0.0115
2025-08-28,2,KR,Haukar,8,3,38,0.0095
2025-08-28,2,KR,Haukar,8,4,22,0.0055
2025-08-28,2,KR,Haukar,8,5,15,0.00375
2025-08-28,2,KR,Haukar,8,6,5,0.00125
2025-08-28,2,KR,Haukar,8,7,1,2.5e-4
2025-08-28,2,KR,Haukar,9,0,10,0.0025
2025-08-28,2,KR,Haukar,9,1,28,0.007
2025-08-28,2,KR,Haukar,9,2,29,0.00725
2025-08-28,2,KR,Haukar,9,3,29,0.00725
2025-08-28,2,KR,Haukar,9,4,16,0.004
2025-08-28,2,KR,Haukar,9,5,5,0.00125
2025-08-28,2,KR,Haukar,9,6,7,0.00175
2025-08-28,2,KR,Haukar,9,8,1,2.5e-4
2025-08-28,2,KR,Haukar,10,0,10,0.0025
2025-08-28,2,KR,Haukar,10,1,14,0.0035
2025-08-28,2,KR,Haukar,10,2,34,0.0085
2025-08-28,2,KR,Haukar,10,3,18,0.0045
2025-08-28,2,KR,Haukar,10,4,12,0.003
2025-08-28,2,KR,Haukar,10,5,4,0.001
2025-08-28,2,KR,Haukar,10,6,1,2.5e-4
2025-08-28,2,KR,Haukar,10,7,1,2.5e-4
2025-08-28,2,KR,Haukar,10,8,1,2.5e-4
2025-08-28,2,KR,Haukar,11,0,4,0.001
2025-08-28,2,KR,Haukar,11,1,14,0.0035
2025-08-28,2,KR,Haukar,11,2,16,0.004
2025-08-28,2,KR,Haukar,11,3,10,0.0025
2025-08-28,2,KR,Haukar,11,4,7,0.00175
2025-08-28,2,KR,Haukar,11,5,4,0.001
2025-08-28,2,KR,Haukar,11,6,4,0.001
2025-08-28,2,KR,Haukar,11,7,2,5e-4
2025-08-28,2,KR,Haukar,12,0,5,0.00125
2025-08-28,2,KR,Haukar,12,1,5,0.00125
2025-08-28,2,KR,Haukar,12,2,3,7.5e-4
2025-08-28,2,KR,Haukar,12,3,2,5e-4
2025-08-28,2,KR,Haukar,12,4,2,5e-4
2025-08-28,2,KR,Haukar,12,5,1,2.5e-4
2025-08-28,2,KR,Haukar,12,6,1,2.5e-4
2025-08-28,2,KR,Haukar,13,1,5,0.00125
2025-08-28,2,KR,Haukar,13,3,3,7.5e-4
2025-08-28,2,KR,Haukar,13,4,2,5e-4
2025-08-28,2,KR,Haukar,14,0,1,2.5e-4
2025-08-28,2,KR,Haukar,14,1,1,2.5e-4
2025-08-28,2,KR,Haukar,14,2,1,2.5e-4
2025-08-28,2,KR,Haukar,14,3,1,2.5e-4
2025-08-28,2,KR,Haukar,14,4,1,2.5e-4
2025-08-28,2,KR,Haukar,15,2,2,5e-4
2025-08-28,2,KR,Haukar,16,2,2,5e-4
2025-08-28,2,KR,Haukar,16,3,2,5e-4
2025-08-28,2,KR,Haukar,17,5,1,2.5e-4
2025-08-28,2,KR,Haukar,17,12,1,2.5e-4
2025-08-28,2,KR,Haukar,18,2,1,2.5e-4
2025-08-28,2,KR,Haukar,19,5,1,2.5e-4
2025-08-28,2,ÍBV,ÍA,0,0,137,0.03425
2025-08-28,2,ÍBV,ÍA,0,1,161,0.04025
2025-08-28,2,ÍBV,ÍA,0,2,122,0.0305
2025-08-28,2,ÍBV,ÍA,0,3,41,0.01025
2025-08-28,2,ÍBV,ÍA,0,4,19,0.00475
2025-08-28,2,ÍBV,ÍA,0,5,6,0.0015
2025-08-28,2,ÍBV,ÍA,0,6,2,5e-4
2025-08-28,2,ÍBV,ÍA,0,7,1,2.5e-4
2025-08-28,2,ÍBV,ÍA,0,8,1,2.5e-4
2025-08-28,2,ÍBV,ÍA,1,0,219,0.05475
2025-08-28,2,ÍBV,ÍA,1,1,294,0.0735
2025-08-28,2,ÍBV,ÍA,1,2,203,0.05075
2025-08-28,2,ÍBV,ÍA,1,3,82,0.0205
2025-08-28,2,ÍBV,ÍA,1,4,47,0.01175
2025-08-28,2,ÍBV,ÍA,1,5,12,0.003
2025-08-28,2,ÍBV,ÍA,1,6,7,0.00175
2025-08-28,2,ÍBV,ÍA,1,7,3,7.5e-4
2025-08-28,2,ÍBV,ÍA,1,8,1,2.5e-4
2025-08-28,2,ÍBV,ÍA,2,0,222,0.0555
2025-08-28,2,ÍBV,ÍA,2,1,361,0.09025
2025-08-28,2,ÍBV,ÍA,2,2,230,0.0575
2025-08-28,2,ÍBV,ÍA,2,3,123,0.03075
2025-08-28,2,ÍBV,ÍA,2,4,62,0.0155
2025-08-28,2,ÍBV,ÍA,2,5,26,0.0065
2025-08-28,2,ÍBV,ÍA,2,6,5,0.00125
2025-08-28,2,ÍBV,ÍA,2,7,2,5e-4
2025-08-28,2,ÍBV,ÍA,3,0,169,0.04225
2025-08-28,2,ÍBV,ÍA,3,1,211,0.05275
2025-08-28,2,ÍBV,ÍA,3,2,151,0.03775
2025-08-28,2,ÍBV,ÍA,3,3,76,0.019
2025-08-28,2,ÍBV,ÍA,3,4,37,0.00925
2025-08-28,2,ÍBV,ÍA,3,5,17,0.00425
2025-08-28,2,ÍBV,ÍA,3,6,13,0.00325
2025-08-28,2,ÍBV,ÍA,3,7,1,2.5e-4
2025-08-28,2,ÍBV,ÍA,3,8,1,2.5e-4
2025-08-28,2,ÍBV,ÍA,4,0,86,0.0215
2025-08-28,2,ÍBV,ÍA,4,1,136,0.034
2025-08-28,2,ÍBV,ÍA,4,2,106,0.0265
2025-08-28,2,ÍBV,ÍA,4,3,64,0.016
2025-08-28,2,ÍBV,ÍA,4,4,27,0.00675
2025-08-28,2,ÍBV,ÍA,4,5,9,0.00225
2025-08-28,2,ÍBV,ÍA,4,6,4,0.001
2025-08-28,2,ÍBV,ÍA,4,8,1,2.5e-4
2025-08-28,2,ÍBV,ÍA,5,0,59,0.01475
2025-08-28,2,ÍBV,ÍA,5,1,76,0.019
2025-08-28,2,ÍBV,ÍA,5,2,66,0.0165
2025-08-28,2,ÍBV,ÍA,5,3,28,0.007
2025-08-28,2,ÍBV,ÍA,5,4,13,0.00325
2025-08-28,2,ÍBV,ÍA,5,5,5,0.00125
2025-08-28,2,ÍBV,ÍA,5,6,3,7.5e-4
2025-08-28,2,ÍBV,ÍA,6,0,31,0.00775
2025-08-28,2,ÍBV,ÍA,6,1,43,0.01075
2025-08-28,2,ÍBV,ÍA,6,2,43,0.01075
2025-08-28,2,ÍBV,ÍA,6,3,15,0.00375
2025-08-28,2,ÍBV,ÍA,6,4,6,0.0015
2025-08-28,2,ÍBV,ÍA,6,5,2,5e-4
2025-08-28,2,ÍBV,ÍA,6,6,1,2.5e-4
2025-08-28,2,ÍBV,ÍA,7,0,12,0.003
2025-08-28,2,ÍBV,ÍA,7,1,18,0.0045
2025-08-28,2,ÍBV,ÍA,7,2,11,0.00275
2025-08-28,2,ÍBV,ÍA,7,3,12,0.003
2025-08-28,2,ÍBV,ÍA,7,4,3,7.5e-4
2025-08-28,2,ÍBV,ÍA,7,5,3,7.5e-4
2025-08-28,2,ÍBV,ÍA,8,0,6,0.0015
2025-08-28,2,ÍBV,ÍA,8,1,10,0.0025
2025-08-28,2,ÍBV,ÍA,8,2,5,0.00125
2025-08-28,2,ÍBV,ÍA,8,3,6,0.0015
2025-08-28,2,ÍBV,ÍA,8,4,2,5e-4
2025-08-28,2,ÍBV,ÍA,9,0,2,5e-4
2025-08-28,2,ÍBV,ÍA,9,1,5,0.00125
2025-08-28,2,ÍBV,ÍA,9,2,3,7.5e-4
2025-08-28,2,ÍBV,ÍA,9,3,3,7.5e-4
2025-08-28,2,ÍBV,ÍA,9,5,1,2.5e-4
2025-08-28,2,ÍBV,ÍA,10,0,3,7.5e-4
2025-08-28,2,ÍBV,ÍA,10,1,1,2.5e-4
2025-08-28,2,ÍBV,ÍA,10,2,1,2.5e-4
2025-08-28,2,ÍBV,ÍA,10,3,1,2.5e-4
2025-08-28,2,ÍBV,ÍA,11,0,1,2.5e-4
2025-08-28,2,ÍBV,ÍA,11,2,1,2.5e-4
2025-08-28,2,ÍBV,ÍA,13,1,1,2.5e-4
2025-08-30,1,FHL,Stjarnan,0,0,227,0.05675
2025-08-30,1,FHL,Stjarnan,0,1,373,0.09325
2025-08-30,1,FHL,Stjarnan,0,2,402,0.1005
2025-08-30,1,FHL,Stjarnan,0,3,310,0.0775
2025-08-30,1,FHL,Stjarnan,0,4,154,0.0385
2025-08-30,1,FHL,Stjarnan,0,5,87,0.02175
2025-08-30,1,FHL,Stjarnan,0,6,39,0.00975
2025-08-30,1,FHL,Stjarnan,0,7,18,0.0045
2025-08-30,1,FHL,Stjarnan,0,8,6,0.0015
2025-08-30,1,FHL,Stjarnan,0,9,2,5e-4
2025-08-30,1,FHL,Stjarnan,0,10,3,7.5e-4
2025-08-30,1,FHL,Stjarnan,1,0,151,0.03775
2025-08-30,1,FHL,Stjarnan,1,1,348,0.087
2025-08-30,1,FHL,Stjarnan,1,2,339,0.08475
2025-08-30,1,FHL,Stjarnan,1,3,237,0.05925
2025-08-30,1,FHL,Stjarnan,1,4,127,0.03175
2025-08-30,1,FHL,Stjarnan,1,5,80,0.02
2025-08-30,1,FHL,Stjarnan,1,6,31,0.00775
2025-08-30,1,FHL,Stjarnan,1,7,14,0.0035
2025-08-30,1,FHL,Stjarnan,1,8,4,0.001
2025-08-30,1,FHL,Stjarnan,1,9,2,5e-4
2025-08-30,1,FHL,Stjarnan,1,10,1,2.5e-4
2025-08-30,1,FHL,Stjarnan,2,0,75,0.01875
2025-08-30,1,FHL,Stjarnan,2,1,154,0.0385
2025-08-30,1,FHL,Stjarnan,2,2,180,0.045
2025-08-30,1,FHL,Stjarnan,2,3,125,0.03125
2025-08-30,1,FHL,Stjarnan,2,4,73,0.01825
2025-08-30,1,FHL,Stjarnan,2,5,31,0.00775
2025-08-30,1,FHL,Stjarnan,2,6,13,0.00325
2025-08-30,1,FHL,Stjarnan,2,7,7,0.00175
2025-08-30,1,FHL,Stjarnan,2,8,4,0.001
2025-08-30,1,FHL,Stjarnan,2,11,1,2.5e-4
2025-08-30,1,FHL,Stjarnan,3,0,30,0.0075
2025-08-30,1,FHL,Stjarnan,3,1,65,0.01625
2025-08-30,1,FHL,Stjarnan,3,2,72,0.018
2025-08-30,1,FHL,Stjarnan,3,3,49,0.01225
2025-08-30,1,FHL,Stjarnan,3,4,26,0.0065
2025-08-30,1,FHL,Stjarnan,3,5,22,0.0055
2025-08-30,1,FHL,Stjarnan,3,6,5,0.00125
2025-08-30,1,FHL,Stjarnan,3,9,2,5e-4
2025-08-30,1,FHL,Stjarnan,3,13,1,2.5e-4
2025-08-30,1,FHL,Stjarnan,4,0,7,0.00175
2025-08-30,1,FHL,Stjarnan,4,1,20,0.005
2025-08-30,1,FHL,Stjarnan,4,2,22,0.0055
2025-08-30,1,FHL,Stjarnan,4,3,17,0.00425
2025-08-30,1,FHL,Stjarnan,4,4,7,0.00175
2025-08-30,1,FHL,Stjarnan,4,5,8,0.002
2025-08-30,1,FHL,Stjarnan,4,6,4,0.001
2025-08-30,1,FHL,Stjarnan,4,7,1,2.5e-4
2025-08-30,1,FHL,Stjarnan,4,13,1,2.5e-4
2025-08-30,1,FHL,Stjarnan,5,0,3,7.5e-4
2025-08-30,1,FHL,Stjarnan,5,1,3,7.5e-4
2025-08-30,1,FHL,Stjarnan,5,2,5,0.00125
2025-08-30,1,FHL,Stjarnan,5,3,2,5e-4
2025-08-30,1,FHL,Stjarnan,5,5,1,2.5e-4
2025-08-30,1,FHL,Stjarnan,6,1,3,7.5e-4
2025-08-30,1,FHL,Stjarnan,6,2,2,5e-4
2025-08-30,1,FHL,Stjarnan,6,3,1,2.5e-4
2025-08-30,1,FHL,Stjarnan,6,4,2,5e-4
2025-08-30,1,FHL,Stjarnan,7,2,1,2.5e-4
2025-08-30,1,Þór/KA,Fram,0,0,76,0.019
2025-08-30,1,Þór/KA,Fram,0,1,67,0.01675
2025-08-30,1,Þór/KA,Fram,0,2,30,0.0075
2025-08-30,1,Þór/KA,Fram,0,3,11,0.00275
2025-08-30,1,Þór/KA,Fram,0,4,4,0.001
2025-08-30,1,Þór/KA,Fram,0,5,2,5e-4
2025-08-30,1,Þór/KA,Fram,1,0,169,0.04225
2025-08-30,1,Þór/KA,Fram,1,1,159,0.03975
2025-08-30,1,Þór/KA,Fram,1,2,85,0.02125
2025-08-30,1,Þór/KA,Fram,1,3,33,0.00825
2025-08-30,1,Þór/KA,Fram,1,4,7,0.00175
2025-08-30,1,Þór/KA,Fram,1,5,4,0.001
2025-08-30,1,Þór/KA,Fram,2,0,253,0.06325
2025-08-30,1,Þór/KA,Fram,2,1,214,0.0535
2025-08-30,1,Þór/KA,Fram,2,2,125,0.03125
2025-08-30,1,Þór/KA,Fram,2,3,47,0.01175
2025-08-30,1,Þór/KA,Fram,2,4,9,0.00225
2025-08-30,1,Þór/KA,Fram,2,5,3,7.5e-4
2025-08-30,1,Þór/KA,Fram,2,6,3,7.5e-4
2025-08-30,1,Þór/KA,Fram,2,7,1,2.5e-4
2025-08-30,1,Þór/KA,Fram,3,0,262,0.0655
2025-08-30,1,Þór/KA,Fram,3,1,266,0.0665
2025-08-30,1,Þór/KA,Fram,3,2,144,0.036
2025-08-30,1,Þór/KA,Fram,3,3,61,0.01525
2025-08-30,1,Þór/KA,Fram,3,4,24,0.006
2025-08-30,1,Þór/KA,Fram,3,5,3,7.5e-4
2025-08-30,1,Þór/KA,Fram,3,6,1,2.5e-4
2025-08-30,1,Þór/KA,Fram,4,0,234,0.0585
2025-08-30,1,Þór/KA,Fram,4,1,239,0.05975
2025-08-30,1,Þór/KA,Fram,4,2,134,0.0335
2025-08-30,1,Þór/KA,Fram,4,3,40,0.01
2025-08-30,1,Þór/KA,Fram,4,4,16,0.004
2025-08-30,1,Þór/KA,Fram,4,5,7,0.00175
2025-08-30,1,Þór/KA,Fram,4,6,2,5e-4
2025-08-30,1,Þór/KA,Fram,5,0,201,0.05025
2025-08-30,1,Þór/KA,Fram,5,1,166,0.0415
2025-08-30,1,Þór/KA,Fram,5,2,72,0.018
2025-08-30,1,Þór/KA,Fram,5,3,31,0.00775
2025-08-30,1,Þór/KA,Fram,5,4,11,0.00275
2025-08-30,1,Þór/KA,Fram,5,5,3,7.5e-4
2025-08-30,1,Þór/KA,Fram,5,8,1,2.5e-4
2025-08-30,1,Þór/KA,Fram,6,0,130,0.0325
2025-08-30,1,Þór/KA,Fram,6,1,113,0.02825
2025-08-30,1,Þór/KA,Fram,6,2,54,0.0135
2025-08-30,1,Þór/KA,Fram,6,3,29,0.00725
2025-08-30,1,Þór/KA,Fram,6,4,12,0.003
2025-08-30,1,Þór/KA,Fram,6,5,3,7.5e-4
2025-08-30,1,Þór/KA,Fram,7,0,68,0.017
2025-08-30,1,Þór/KA,Fram,7,1,71,0.01775
2025-08-30,1,Þór/KA,Fram,7,2,37,0.00925
2025-08-30,1,Þór/KA,Fram,7,3,8,0.002
2025-08-30,1,Þór/KA,Fram,7,4,5,0.00125
2025-08-30,1,Þór/KA,Fram,7,5,2,5e-4
2025-08-30,1,Þór/KA,Fram,7,7,1,2.5e-4
2025-08-30,1,Þór/KA,Fram,8,0,47,0.01175
2025-08-30,1,Þór/KA,Fram,8,1,37,0.00925
2025-08-30,1,Þór/KA,Fram,8,2,25,0.00625
2025-08-30,1,Þór/KA,Fram,8,3,9,0.00225
2025-08-30,1,Þór/KA,Fram,8,4,3,7.5e-4
2025-08-30,1,Þór/KA,Fram,8,10,1,2.5e-4
2025-08-30,1,Þór/KA,Fram,9,0,26,0.0065
2025-08-30,1,Þór/KA,Fram,9,1,24,0.006
2025-08-30,1,Þór/KA,Fram,9,2,15,0.00375
2025-08-30,1,Þór/KA,Fram,9,3,6,0.0015
2025-08-30,1,Þór/KA,Fram,9,4,2,5e-4
2025-08-30,1,Þór/KA,Fram,10,0,6,0.0015
2025-08-30,1,Þór/KA,Fram,10,1,10,0.0025
2025-08-30,1,Þór/KA,Fram,10,2,5,0.00125
2025-08-30,1,Þór/KA,Fram,10,7,1,2.5e-4
2025-08-30,1,Þór/KA,Fram,11,0,8,0.002
2025-08-30,1,Þór/KA,Fram,11,1,9,0.00225
2025-08-30,1,Þór/KA,Fram,11,2,2,5e-4
2025-08-30,1,Þór/KA,Fram,12,0,3,7.5e-4
2025-08-30,1,Þór/KA,Fram,12,2,2,5e-4
2025-08-30,1,Þór/KA,Fram,13,0,2,5e-4
2025-08-30,1,Þór/KA,Fram,13,3,1,2.5e-4
2025-08-30,1,Þór/KA,Fram,14,1,1,2.5e-4
2025-08-30,1,Þór/KA,Fram,14,2,1,2.5e-4
2025-08-30,1,Þór/KA,Fram,16,0,1,2.5e-4
2025-08-30,2,Keflavík,Grindavík/ Njarðvík,0,0,63,0.01575
2025-08-30,2,Keflavík,Grindavík/ Njarðvík,0,1,35,0.00875
2025-08-30,2,Keflavík,Grindavík/ Njarðvík,0,2,15,0.00375
2025-08-30,2,Keflavík,Grindavík/ Njarðvík,0,3,5,0.00125
2025-08-30,2,Keflavík,Grindavík/ Njarðvík,0,4,1,2.5e-4
2025-08-30,2,Keflavík,Grindavík/ Njarðvík,0,5,1,2.5e-4
2025-08-30,2,Keflavík,Grindavík/ Njarðvík,1,0,144,0.036
2025-08-30,2,Keflavík,Grindavík/ Njarðvík,1,1,103,0.02575
2025-08-30,2,Keflavík,Grindavík/ Njarðvík,1,2,39,0.00975
2025-08-30,2,Keflavík,Grindavík/ Njarðvík,1,3,9,0.00225
2025-08-30,2,Keflavík,Grindavík/ Njarðvík,1,4,2,5e-4
2025-08-30,2,Keflavík,Grindavík/ Njarðvík,2,0,239,0.05975
2025-08-30,2,Keflavík,Grindavík/ Njarðvík,2,1,169,0.04225
2025-08-30,2,Keflavík,Grindavík/ Njarðvík,2,2,85,0.02125
2025-08-30,2,Keflavík,Grindavík/ Njarðvík,2,3,24,0.006
2025-08-30,2,Keflavík,Grindavík/ Njarðvík,2,4,7,0.00175
2025-08-30,2,Keflavík,Grindavík/ Njarðvík,2,5,3,7.5e-4
2025-08-30,2,Keflavík,Grindavík/ Njarðvík,2,8,1,2.5e-4
2025-08-30,2,Keflavík,Grindavík/ Njarðvík,3,0,310,0.0775
2025-08-30,2,Keflavík,Grindavík/ Njarðvík,3,1,209,0.05225
2025-08-30,2,Keflavík,Grindavík/ Njarðvík,3,2,95,0.02375
2025-08-30,2,Keflavík,Grindavík/ Njarðvík,3,3,26,0.0065
2025-08-30,2,Keflavík,Grindavík/ Njarðvík,3,4,5,0.00125
2025-08-30,2,Keflavík,Grindavík/ Njarðvík,3,5,4,0.001
2025-08-30,2,Keflavík,Grindavík/ Njarðvík,4,0,278,0.0695
2025-08-30,2,Keflavík,Grindavík/ Njarðvík,4,1,208,0.052
2025-08-30,2,Keflavík,Grindavík/ Njarðvík,4,2,89,0.02225
2025-08-30,2,Keflavík,Grindavík/ Njarðvík,4,3,34,0.0085
2025-08-30,2,Keflavík,Grindavík/ Njarðvík,4,4,9,0.00225
2025-08-30,2,Keflavík,Grindavík/ Njarðvík,4,5,2,5e-4
2025-08-30,2,Keflavík,Grindavík/ Njarðvík,4,6,1,2.5e-4
2025-08-30,2,Keflavík,Grindavík/ Njarðvík,5,0,219,0.05475
2025-08-30,2,Keflavík,Grindavík/ Njarðvík,5,1,177,0.04425
2025-08-30,2,Keflavík,Grindavík/ Njarðvík,5,2,77,0.01925
2025-08-30,2,Keflavík,Grindavík/ Njarðvík,5,3,32,0.008
2025-08-30,2,Keflavík,Grindavík/ Njarðvík,5,4,7,0.00175
2025-08-30,2,Keflavík,Grindavík/ Njarðvík,6,0,208,0.052
2025-08-30,2,Keflavík,Grindavík/ Njarðvík,6,1,139,0.03475
2025-08-30,2,Keflavík,Grindavík/ Njarðvík,6,2,47,0.01175
2025-08-30,2,Keflavík,Grindavík/ Njarðvík,6,3,15,0.00375
2025-08-30,2,Keflavík,Grindavík/ Njarðvík,6,4,5,0.00125
2025-08-30,2,Keflavík,Grindavík/ Njarðvík,6,5,1,2.5e-4
2025-08-30,2,Keflavík,Grindavík/ Njarðvík,7,0,142,0.0355
2025-08-30,2,Keflavík,Grindavík/ Njarðvík,7,1,85,0.02125
2025-08-30,2,Keflavík,Grindavík/ Njarðvík,7,2,35,0.00875
2025-08-30,2,Keflavík,Grindavík/ Njarðvík,7,3,15,0.00375
2025-08-30,2,Keflavík,Grindavík/ Njarðvík,7,4,5,0.00125
2025-08-30,2,Keflavík,Grindavík/ Njarðvík,7,5,1,2.5e-4
2025-08-30,2,Keflavík,Grindavík/ Njarðvík,7,6,3,7.5e-4
2025-08-30,2,Keflavík,Grindavík/ Njarðvík,8,0,95,0.02375
2025-08-30,2,Keflavík,Grindavík/ Njarðvík,8,1,68,0.017
2025-08-30,2,Keflavík,Grindavík/ Njarðvík,8,2,25,0.00625
2025-08-30,2,Keflavík,Grindavík/ Njarðvík,8,3,12,0.003
2025-08-30,2,Keflavík,Grindavík/ Njarðvík,8,4,1,2.5e-4
2025-08-30,2,Keflavík,Grindavík/ Njarðvík,9,0,58,0.0145
2025-08-30,2,Keflavík,Grindavík/ Njarðvík,9,1,45,0.01125
2025-08-30,2,Keflavík,Grindavík/ Njarðvík,9,2,21,0.00525
2025-08-30,2,Keflavík,Grindavík/ Njarðvík,9,3,7,0.00175
2025-08-30,2,Keflavík,Grindavík/ Njarðvík,9,4,2,5e-4
2025-08-30,2,Keflavík,Grindavík/ Njarðvík,9,5,1,2.5e-4
2025-08-30,2,Keflavík,Grindavík/ Njarðvík,10,0,57,0.01425
2025-08-30,2,Keflavík,Grindavík/ Njarðvík,10,1,24,0.006
2025-08-30,2,Keflavík,Grindavík/ Njarðvík,10,2,14,0.0035
2025-08-30,2,Keflavík,Grindavík/ Njarðvík,10,3,4,0.001
2025-08-30,2,Keflavík,Grindavík/ Njarðvík,10,4,1,2.5e-4
2025-08-30,2,Keflavík,Grindavík/ Njarðvík,10,5,1,2.5e-4
2025-08-30,2,Keflavík,Grindavík/ Njarðvík,11,0,25,0.00625
2025-08-30,2,Keflavík,Grindavík/ Njarðvík,11,1,21,0.00525
2025-08-30,2,Keflavík,Grindavík/ Njarðvík,11,2,14,0.0035
2025-08-30,2,Keflavík,Grindavík/ Njarðvík,11,3,1,2.5e-4
2025-08-30,2,Keflavík,Grindavík/ Njarðvík,12,0,14,0.0035
2025-08-30,2,Keflavík,Grindavík/ Njarðvík,12,1,14,0.0035
2025-08-30,2,Keflavík,Grindavík/ Njarðvík,12,2,6,0.0015
2025-08-30,2,Keflavík,Grindavík/ Njarðvík,12,3,2,5e-4
2025-08-30,2,Keflavík,Grindavík/ Njarðvík,13,0,7,0.00175
2025-08-30,2,Keflavík,Grindavík/ Njarðvík,13,1,6,0.0015
2025-08-30,2,Keflavík,Grindavík/ Njarðvík,13,2,5,0.00125
2025-08-30,2,Keflavík,Grindavík/ Njarðvík,13,3,1,2.5e-4
2025-08-30,2,Keflavík,Grindavík/ Njarðvík,14,0,5,0.00125
2025-08-30,2,Keflavík,Grindavík/ Njarðvík,14,1,2,5e-4
2025-08-30,2,Keflavík,Grindavík/ Njarðvík,14,2,1,2.5e-4
2025-08-30,2,Keflavík,Grindavík/ Njarðvík,15,1,3,7.5e-4
2025-08-30,2,Keflavík,Grindavík/ Njarðvík,15,3,1,2.5e-4
2025-08-30,2,Keflavík,Grindavík/ Njarðvík,16,2,1,2.5e-4
2025-08-30,2,Keflavík,Grindavík/ Njarðvík,16,4,1,2.5e-4
2025-08-30,2,Keflavík,Grindavík/ Njarðvík,17,0,1,2.5e-4
2025-08-30,2,Keflavík,Grindavík/ Njarðvík,19,0,1,2.5e-4
2025-08-30,2,Keflavík,Grindavík/ Njarðvík,21,0,3,7.5e-4
2025-08-30,2,Keflavík,Grindavík/ Njarðvík,24,1,1,2.5e-4
2025-09-04,1,Breiðablik,FH,0,0,103,0.02575
2025-09-04,1,Breiðablik,FH,0,1,85,0.02125
2025-09-04,1,Breiðablik,FH,0,2,39,0.00975
2025-09-04,1,Breiðablik,FH,0,3,17,0.00425
2025-09-04,1,Breiðablik,FH,0,4,5,0.00125
2025-09-04,1,Breiðablik,FH,0,5,2,5e-4
2025-09-04,1,Breiðablik,FH,1,0,201,0.05025
2025-09-04,1,Breiðablik,FH,1,1,209,0.05225
2025-09-04,1,Breiðablik,FH,1,2,117,0.02925
2025-09-04,1,Breiðablik,FH,1,3,37,0.00925
2025-09-04,1,Breiðablik,FH,1,4,15,0.00375
2025-09-04,1,Breiðablik,FH,1,5,7,0.00175
2025-09-04,1,Breiðablik,FH,1,6,2,5e-4
2025-09-04,1,Breiðablik,FH,2,0,273,0.06825
2025-09-04,1,Breiðablik,FH,2,1,289,0.07225
2025-09-04,1,Breiðablik,FH,2,2,175,0.04375
2025-09-04,1,Breiðablik,FH,2,3,68,0.017
2025-09-04,1,Breiðablik,FH,2,4,22,0.0055
2025-09-04,1,Breiðablik,FH,2,5,7,0.00175
2025-09-04,1,Breiðablik,FH,2,6,5,0.00125
2025-09-04,1,Breiðablik,FH,3,0,278,0.0695
2025-09-04,1,Breiðablik,FH,3,1,267,0.06675
2025-09-04,1,Breiðablik,FH,3,2,176,0.044
2025-09-04,1,Breiðablik,FH,3,3,66,0.0165
2025-09-04,1,Breiðablik,FH,3,4,20,0.005
2025-09-04,1,Breiðablik,FH,3,5,3,7.5e-4
2025-09-04,1,Breiðablik,FH,3,6,3,7.5e-4
2025-09-04,1,Breiðablik,FH,3,8,1,2.5e-4
2025-09-04,1,Breiðablik,FH,4,0,225,0.05625
2025-09-04,1,Breiðablik,FH,4,1,213,0.05325
2025-09-04,1,Breiðablik,FH,4,2,134,0.0335
2025-09-04,1,Breiðablik,FH,4,3,45,0.01125
2025-09-04,1,Breiðablik,FH,4,4,24,0.006
2025-09-04,1,Breiðablik,FH,4,5,12,0.003
2025-09-04,1,Breiðablik,FH,4,6,3,7.5e-4
2025-09-04,1,Breiðablik,FH,4,7,1,2.5e-4
2025-09-04,1,Breiðablik,FH,5,0,136,0.034
2025-09-04,1,Breiðablik,FH,5,1,134,0.0335
2025-09-04,1,Breiðablik,FH,5,2,74,0.0185
2025-09-04,1,Breiðablik,FH,5,3,34,0.0085
2025-09-04,1,Breiðablik,FH,5,4,15,0.00375
2025-09-04,1,Breiðablik,FH,5,5,9,0.00225
2025-09-04,1,Breiðablik,FH,5,6,1,2.5e-4
2025-09-04,1,Breiðablik,FH,6,0,81,0.02025
2025-09-04,1,Breiðablik,FH,6,1,83,0.02075
2025-09-04,1,Breiðablik,FH,6,2,46,0.0115
2025-09-04,1,Breiðablik,FH,6,3,18,0.0045
2025-09-04,1,Breiðablik,FH,6,4,3,7.5e-4
2025-09-04,1,Breiðablik,FH,6,5,4,0.001
2025-09-04,1,Breiðablik,FH,6,6,2,5e-4
2025-09-04,1,Breiðablik,FH,7,0,38,0.0095
2025-09-04,1,Breiðablik,FH,7,1,40,0.01
2025-09-04,1,Breiðablik,FH,7,2,20,0.005
2025-09-04,1,Breiðablik,FH,7,3,7,0.00175
2025-09-04,1,Breiðablik,FH,7,4,2,5e-4
2025-09-04,1,Breiðablik,FH,8,0,20,0.005
2025-09-04,1,Breiðablik,FH,8,1,19,0.00475
2025-09-04,1,Breiðablik,FH,8,2,13,0.00325
2025-09-04,1,Breiðablik,FH,8,3,7,0.00175
2025-09-04,1,Breiðablik,FH,8,4,2,5e-4
2025-09-04,1,Breiðablik,FH,9,0,3,7.5e-4
2025-09-04,1,Breiðablik,FH,9,1,11,0.00275
2025-09-04,1,Breiðablik,FH,9,2,5,0.00125
2025-09-04,1,Breiðablik,FH,9,3,3,7.5e-4
2025-09-04,1,Breiðablik,FH,10,0,5,0.00125
2025-09-04,1,Breiðablik,FH,10,1,5,0.00125
2025-09-04,1,Breiðablik,FH,10,2,2,5e-4
2025-09-04,1,Breiðablik,FH,10,3,1,2.5e-4
2025-09-04,1,Breiðablik,FH,11,0,3,7.5e-4
2025-09-04,1,Breiðablik,FH,11,1,1,2.5e-4
2025-09-04,1,Breiðablik,FH,12,0,1,2.5e-4
2025-09-04,1,Breiðablik,FH,13,0,1,2.5e-4
2025-09-04,1,Breiðablik,FH,13,2,1,2.5e-4
2025-09-04,1,Breiðablik,FH,14,2,1,2.5e-4
2025-09-04,1,Tindastóll,Fram,0,0,156,0.039
2025-09-04,1,Tindastóll,Fram,0,1,183,0.04575
2025-09-04,1,Tindastóll,Fram,0,2,94,0.0235
2025-09-04,1,Tindastóll,Fram,0,3,37,0.00925
2025-09-04,1,Tindastóll,Fram,0,4,19,0.00475
2025-09-04,1,Tindastóll,Fram,0,5,7,0.00175
2025-09-04,1,Tindastóll,Fram,0,6,2,5e-4
2025-09-04,1,Tindastóll,Fram,1,0,286,0.0715
2025-09-04,1,Tindastóll,Fram,1,1,283,0.07075
2025-09-04,1,Tindastóll,Fram,1,2,166,0.0415
2025-09-04,1,Tindastóll,Fram,1,3,81,0.02025
2025-09-04,1,Tindastóll,Fram,1,4,34,0.0085
2025-09-04,1,Tindastóll,Fram,1,5,11,0.00275
2025-09-04,1,Tindastóll,Fram,1,6,1,2.5e-4
2025-09-04,1,Tindastóll,Fram,1,7,2,5e-4
2025-09-04,1,Tindastóll,Fram,1,8,1,2.5e-4
2025-09-04,1,Tindastóll,Fram,2,0,286,0.0715
2025-09-04,1,Tindastóll,Fram,2,1,284,0.071
2025-09-04,1,Tindastóll,Fram,2,2,234,0.0585
2025-09-04,1,Tindastóll,Fram,2,3,94,0.0235
2025-09-04,1,Tindastóll,Fram,2,4,40,0.01
2025-09-04,1,Tindastóll,Fram,2,5,19,0.00475
2025-09-04,1,Tindastóll,Fram,2,6,4,0.001
2025-09-04,1,Tindastóll,Fram,3,0,213,0.05325
2025-09-04,1,Tindastóll,Fram,3,1,257,0.06425
2025-09-04,1,Tindastóll,Fram,3,2,162,0.0405
2025-09-04,1,Tindastóll,Fram,3,3,85,0.02125
2025-09-04,1,Tindastóll,Fram,3,4,31,0.00775
2025-09-04,1,Tindastóll,Fram,3,5,11,0.00275
2025-09-04,1,Tindastóll,Fram,3,6,5,0.00125
2025-09-04,1,Tindastóll,Fram,4,0,117,0.02925
2025-09-04,1,Tindastóll,Fram,4,1,148,0.037
2025-09-04,1,Tindastóll,Fram,4,2,105,0.02625
2025-09-04,1,Tindastóll,Fram,4,3,46,0.0115
2025-09-04,1,Tindastóll,Fram,4,4,19,0.00475
2025-09-04,1,Tindastóll,Fram,4,5,8,0.002
2025-09-04,1,Tindastóll,Fram,4,6,6,0.0015
2025-09-04,1,Tindastóll,Fram,4,8,1,2.5e-4
2025-09-04,1,Tindastóll,Fram,5,0,65,0.01625
2025-09-04,1,Tindastóll,Fram,5,1,89,0.02225
2025-09-04,1,Tindastóll,Fram,5,2,54,0.0135
2025-09-04,1,Tindastóll,Fram,5,3,25,0.00625
2025-09-04,1,Tindastóll,Fram,5,4,10,0.0025
2025-09-04,1,Tindastóll,Fram,5,5,5,0.00125
2025-09-04,1,Tindastóll,Fram,5,6,3,7.5e-4
2025-09-04,1,Tindastóll,Fram,6,0,31,0.00775
2025-09-04,1,Tindastóll,Fram,6,1,35,0.00875
2025-09-04,1,Tindastóll,Fram,6,2,26,0.0065
2025-09-04,1,Tindastóll,Fram,6,3,10,0.0025
2025-09-04,1,Tindastóll,Fram,6,4,8,0.002
2025-09-04,1,Tindastóll,Fram,6,6,1,2.5e-4
2025-09-04,1,Tindastóll,Fram,7,0,14,0.0035
2025-09-04,1,Tindastóll,Fram,7,1,18,0.0045
2025-09-04,1,Tindastóll,Fram,7,2,13,0.00325
2025-09-04,1,Tindastóll,Fram,7,3,8,0.002
2025-09-04,1,Tindastóll,Fram,7,4,5,0.00125
2025-09-04,1,Tindastóll,Fram,7,5,2,5e-4
2025-09-04,1,Tindastóll,Fram,8,0,7,0.00175
2025-09-04,1,Tindastóll,Fram,8,1,8,0.002
2025-09-04,1,Tindastóll,Fram,8,2,3,7.5e-4
2025-09-04,1,Tindastóll,Fram,8,3,4,0.001
2025-09-04,1,Tindastóll,Fram,8,4,1,2.5e-4
2025-09-04,1,Tindastóll,Fram,8,6,1,2.5e-4
2025-09-04,1,Tindastóll,Fram,9,0,3,7.5e-4
2025-09-04,1,Tindastóll,Fram,9,1,4,0.001
2025-09-04,1,Tindastóll,Fram,9,2,1,2.5e-4
2025-09-04,1,Tindastóll,Fram,9,3,1,2.5e-4
2025-09-04,1,Tindastóll,Fram,9,4,1,2.5e-4
2025-09-04,1,Tindastóll,Fram,10,0,1,2.5e-4
2025-09-04,1,Tindastóll,Fram,10,3,1,2.5e-4
2025-09-04,1,Tindastóll,Fram,11,1,1,2.5e-4
2025-09-04,1,Tindastóll,Fram,12,1,2,5e-4
2025-09-04,1,Tindastóll,Fram,13,4,1,2.5e-4
2025-09-04,1,Víkingur R.,Valur,0,0,147,0.03675
2025-09-04,1,Víkingur R.,Valur,0,1,298,0.0745
2025-09-04,1,Víkingur R.,Valur,0,2,264,0.066
2025-09-04,1,Víkingur R.,Valur,0,3,156,0.039
2025-09-04,1,Víkingur R.,Valur,0,4,85,0.02125
2025-09-04,1,Víkingur R.,Valur,0,5,34,0.0085
2025-09-04,1,Víkingur R.,Valur,0,6,21,0.00525
2025-09-04,1,Víkingur R.,Valur,0,7,4,0.001
2025-09-04,1,Víkingur R.,Valur,0,8,3,7.5e-4
2025-09-04,1,Víkingur R.,Valur,1,0,183,0.04575
2025-09-04,1,Víkingur R.,Valur,1,1,352,0.088
2025-09-04,1,Víkingur R.,Valur,1,2,307,0.07675
2025-09-04,1,Víkingur R.,Valur,1,3,204,0.051
2025-09-04,1,Víkingur R.,Valur,1,4,106,0.0265
2025-09-04,1,Víkingur R.,Valur,1,5,55,0.01375
2025-09-04,1,Víkingur R.,Valur,1,6,17,0.00425
2025-09-04,1,Víkingur R.,Valur,1,7,8,0.002
2025-09-04,1,Víkingur R.,Valur,1,8,5,0.00125
2025-09-04,1,Víkingur R.,Valur,1,9,1,2.5e-4
2025-09-04,1,Víkingur R.,Valur,2,0,119,0.02975
2025-09-04,1,Víkingur R.,Valur,2,1,234,0.0585
2025-09-04,1,Víkingur R.,Valur,2,2,264,0.066
2025-09-04,1,Víkingur R.,Valur,2,3,144,0.036
2025-09-04,1,Víkingur R.,Valur,2,4,91,0.02275
2025-09-04,1,Víkingur R.,Valur,2,5,26,0.0065
2025-09-04,1,Víkingur R.,Valur,2,6,20,0.005
2025-09-04,1,Víkingur R.,Valur,2,7,10,0.0025
2025-09-04,1,Víkingur R.,Valur,2,8,2,5e-4
2025-09-04,1,Víkingur R.,Valur,2,9,1,2.5e-4
2025-09-04,1,Víkingur R.,Valur,3,0,73,0.01825
2025-09-04,1,Víkingur R.,Valur,3,1,128,0.032
2025-09-04,1,Víkingur R.,Valur,3,2,130,0.0325
2025-09-04,1,Víkingur R.,Valur,3,3,86,0.0215
2025-09-04,1,Víkingur R.,Valur,3,4,38,0.0095
2025-09-04,1,Víkingur R.,Valur,3,5,27,0.00675
2025-09-04,1,Víkingur R.,Valur,3,6,17,0.00425
2025-09-04,1,Víkingur R.,Valur,3,7,8,0.002
2025-09-04,1,Víkingur R.,Valur,3,8,2,5e-4
2025-09-04,1,Víkingur R.,Valur,4,0,30,0.0075
2025-09-04,1,Víkingur R.,Valur,4,1,62,0.0155
2025-09-04,1,Víkingur R.,Valur,4,2,45,0.01125
2025-09-04,1,Víkingur R.,Valur,4,3,36,0.009
2025-09-04,1,Víkingur R.,Valur,4,4,16,0.004
2025-09-04,1,Víkingur R.,Valur,4,5,13,0.00325
2025-09-04,1,Víkingur R.,Valur,4,6,4,0.001
2025-09-04,1,Víkingur R.,Valur,4,7,1,2.5e-4
2025-09-04,1,Víkingur R.,Valur,5,0,7,0.00175
2025-09-04,1,Víkingur R.,Valur,5,1,24,0.006
2025-09-04,1,Víkingur R.,Valur,5,2,24,0.006
2025-09-04,1,Víkingur R.,Valur,5,3,14,0.0035
2025-09-04,1,Víkingur R.,Valur,5,4,4,0.001
2025-09-04,1,Víkingur R.,Valur,5,5,9,0.00225
2025-09-04,1,Víkingur R.,Valur,5,6,2,5e-4
2025-09-04,1,Víkingur R.,Valur,5,7,1,2.5e-4
2025-09-04,1,Víkingur R.,Valur,6,0,3,7.5e-4
2025-09-04,1,Víkingur R.,Valur,6,1,4,0.001
2025-09-04,1,Víkingur R.,Valur,6,2,7,0.00175
2025-09-04,1,Víkingur R.,Valur,6,3,7,0.00175
2025-09-04,1,Víkingur R.,Valur,6,4,1,2.5e-4
2025-09-04,1,Víkingur R.,Valur,6,6,1,2.5e-4
2025-09-04,1,Víkingur R.,Valur,6,7,1,2.5e-4
2025-09-04,1,Víkingur R.,Valur,7,0,2,5e-4
2025-09-04,1,Víkingur R.,Valur,7,1,2,5e-4
2025-09-04,1,Víkingur R.,Valur,7,2,3,7.5e-4
2025-09-04,1,Víkingur R.,Valur,7,3,2,5e-4
2025-09-04,1,Víkingur R.,Valur,7,4,1,2.5e-4
2025-09-04,1,Víkingur R.,Valur,7,5,3,7.5e-4
2025-09-04,1,Víkingur R.,Valur,10,2,1,2.5e-4
2025-09-04,2,Fylkir,ÍBV,0,0,167,0.04175
2025-09-04,2,Fylkir,ÍBV,0,1,244,0.061
2025-09-04,2,Fylkir,ÍBV,0,2,202,0.0505
2025-09-04,2,Fylkir,ÍBV,0,3,138,0.0345
2025-09-04,2,Fylkir,ÍBV,0,4,89,0.02225
2025-09-04,2,Fylkir,ÍBV,0,5,64,0.016
2025-09-04,2,Fylkir,ÍBV,0,6,20,0.005
2025-09-04,2,Fylkir,ÍBV,0,7,8,0.002
2025-09-04,2,Fylkir,ÍBV,0,8,4,0.001
2025-09-04,2,Fylkir,ÍBV,0,10,1,2.5e-4
2025-09-04,2,Fylkir,ÍBV,1,0,172,0.043
2025-09-04,2,Fylkir,ÍBV,1,1,342,0.0855
2025-09-04,2,Fylkir,ÍBV,1,2,279,0.06975
2025-09-04,2,Fylkir,ÍBV,1,3,204,0.051
2025-09-04,2,Fylkir,ÍBV,1,4,106,0.0265
2025-09-04,2,Fylkir,ÍBV,1,5,49,0.01225
2025-09-04,2,Fylkir,ÍBV,1,6,30,0.0075
2025-09-04,2,Fylkir,ÍBV,1,7,16,0.004
2025-09-04,2,Fylkir,ÍBV,1,8,3,7.5e-4
2025-09-04,2,Fylkir,ÍBV,2,0,141,0.03525
2025-09-04,2,Fylkir,ÍBV,2,1,227,0.05675
2025-09-04,2,Fylkir,ÍBV,2,2,212,0.053
2025-09-04,2,Fylkir,ÍBV,2,3,150,0.0375
2025-09-04,2,Fylkir,ÍBV,2,4,91,0.02275
2025-09-04,2,Fylkir,ÍBV,2,5,46,0.0115
2025-09-04,2,Fylkir,ÍBV,2,6,29,0.00725
2025-09-04,2,Fylkir,ÍBV,2,7,9,0.00225
2025-09-04,2,Fylkir,ÍBV,2,8,8,0.002
2025-09-04,2,Fylkir,ÍBV,2,9,2,5e-4
2025-09-04,2,Fylkir,ÍBV,2,10,1,2.5e-4
2025-09-04,2,Fylkir,ÍBV,2,12,1,2.5e-4
2025-09-04,2,Fylkir,ÍBV,3,0,68,0.017
2025-09-04,2,Fylkir,ÍBV,3,1,101,0.02525
2025-09-04,2,Fylkir,ÍBV,3,2,129,0.03225
2025-09-04,2,Fylkir,ÍBV,3,3,95,0.02375
2025-09-04,2,Fylkir,ÍBV,3,4,55,0.01375
2025-09-04,2,Fylkir,ÍBV,3,5,35,0.00875
2025-09-04,2,Fylkir,ÍBV,3,6,15,0.00375
2025-09-04,2,Fylkir,ÍBV,3,7,5,0.00125
2025-09-04,2,Fylkir,ÍBV,3,8,2,5e-4
2025-09-04,2,Fylkir,ÍBV,3,9,2,5e-4
2025-09-04,2,Fylkir,ÍBV,3,10,1,2.5e-4
2025-09-04,2,Fylkir,ÍBV,4,0,40,0.01
2025-09-04,2,Fylkir,ÍBV,4,1,59,0.01475
2025-09-04,2,Fylkir,ÍBV,4,2,69,0.01725
2025-09-04,2,Fylkir,ÍBV,4,3,33,0.00825
2025-09-04,2,Fylkir,ÍBV,4,4,31,0.00775
2025-09-04,2,Fylkir,ÍBV,4,5,16,0.004
2025-09-04,2,Fylkir,ÍBV,4,6,6,0.0015
2025-09-04,2,Fylkir,ÍBV,4,7,6,0.0015
2025-09-04,2,Fylkir,ÍBV,4,8,1,2.5e-4
2025-09-04,2,Fylkir,ÍBV,5,0,9,0.00225
2025-09-04,2,Fylkir,ÍBV,5,1,22,0.0055
2025-09-04,2,Fylkir,ÍBV,5,2,26,0.0065
2025-09-04,2,Fylkir,ÍBV,5,3,21,0.00525
2025-09-04,2,Fylkir,ÍBV,5,4,11,0.00275
2025-09-04,2,Fylkir,ÍBV,5,5,3,7.5e-4
2025-09-04,2,Fylkir,ÍBV,5,6,1,2.5e-4
2025-09-04,2,Fylkir,ÍBV,5,7,3,7.5e-4
2025-09-04,2,Fylkir,ÍBV,6,0,5,0.00125
2025-09-04,2,Fylkir,ÍBV,6,1,10,0.0025
2025-09-04,2,Fylkir,ÍBV,6,2,11,0.00275
2025-09-04,2,Fylkir,ÍBV,6,3,10,0.0025
2025-09-04,2,Fylkir,ÍBV,6,4,5,0.00125
2025-09-04,2,Fylkir,ÍBV,6,5,3,7.5e-4
2025-09-04,2,Fylkir,ÍBV,6,6,5,0.00125
2025-09-04,2,Fylkir,ÍBV,7,0,2,5e-4
2025-09-04,2,Fylkir,ÍBV,7,1,5,0.00125
2025-09-04,2,Fylkir,ÍBV,7,2,3,7.5e-4
2025-09-04,2,Fylkir,ÍBV,7,3,4,0.001
2025-09-04,2,Fylkir,ÍBV,7,4,2,5e-4
2025-09-04,2,Fylkir,ÍBV,7,5,1,2.5e-4
2025-09-04,2,Fylkir,ÍBV,7,6,1,2.5e-4
2025-09-04,2,Fylkir,ÍBV,8,0,2,5e-4
2025-09-04,2,Fylkir,ÍBV,8,1,1,2.5e-4
2025-09-04,2,Fylkir,ÍBV,8,2,2,5e-4
2025-09-04,2,Fylkir,ÍBV,8,3,2,5e-4
2025-09-04,2,Fylkir,ÍBV,8,5,1,2.5e-4
2025-09-04,2,Fylkir,ÍBV,9,3,2,5e-4
2025-09-04,2,Fylkir,ÍBV,9,4,1,2.5e-4
2025-09-04,2,Fylkir,ÍBV,10,2,1,2.5e-4
2025-09-04,2,Fylkir,ÍBV,10,5,1,2.5e-4
2025-09-04,2,Grindavík/ Njarðvík,HK,0,0,66,0.0165
2025-09-04,2,Grindavík/ Njarðvík,HK,0,1,96,0.024
2025-09-04,2,Grindavík/ Njarðvík,HK,0,2,120,0.03
2025-09-04,2,Grindavík/ Njarðvík,HK,0,3,89,0.02225
2025-09-04,2,Grindavík/ Njarðvík,HK,0,4,69,0.01725
2025-09-04,2,Grindavík/ Njarðvík,HK,0,5,53,0.01325
2025-09-04,2,Grindavík/ Njarðvík,HK,0,6,21,0.00525
2025-09-04,2,Grindavík/ Njarðvík,HK,0,7,18,0.0045
2025-09-04,2,Grindavík/ Njarðvík,HK,0,8,8,0.002
2025-09-04,2,Grindavík/ Njarðvík,HK,0,9,1,2.5e-4
2025-09-04,2,Grindavík/ Njarðvík,HK,0,10,3,7.5e-4
2025-09-04,2,Grindavík/ Njarðvík,HK,0,11,1,2.5e-4
2025-09-04,2,Grindavík/ Njarðvík,HK,1,0,67,0.01675
2025-09-04,2,Grindavík/ Njarðvík,HK,1,1,178,0.0445
2025-09-04,2,Grindavík/ Njarðvík,HK,1,2,166,0.0415
2025-09-04,2,Grindavík/ Njarðvík,HK,1,3,174,0.0435
2025-09-04,2,Grindavík/ Njarðvík,HK,1,4,150,0.0375
2025-09-04,2,Grindavík/ Njarðvík,HK,1,5,87,0.02175
2025-09-04,2,Grindavík/ Njarðvík,HK,1,6,51,0.01275
2025-09-04,2,Grindavík/ Njarðvík,HK,1,7,20,0.005
2025-09-04,2,Grindavík/ Njarðvík,HK,1,8,13,0.00325
2025-09-04,2,Grindavík/ Njarðvík,HK,1,9,9,0.00225
2025-09-04,2,Grindavík/ Njarðvík,HK,1,10,5,0.00125
2025-09-04,2,Grindavík/ Njarðvík,HK,1,11,1,2.5e-4
2025-09-04,2,Grindavík/ Njarðvík,HK,2,0,68,0.017
2025-09-04,2,Grindavík/ Njarðvík,HK,2,1,160,0.04
2025-09-04,2,Grindavík/ Njarðvík,HK,2,2,215,0.05375
2025-09-04,2,Grindavík/ Njarðvík,HK,2,3,190,0.0475
2025-09-04,2,Grindavík/ Njarðvík,HK,2,4,119,0.02975
2025-09-04,2,Grindavík/ Njarðvík,HK,2,5,90,0.0225
2025-09-04,2,Grindavík/ Njarðvík,HK,2,6,52,0.013
2025-09-04,2,Grindavík/ Njarðvík,HK,2,7,27,0.00675
2025-09-04,2,Grindavík/ Njarðvík,HK,2,8,13,0.00325
2025-09-04,2,Grindavík/ Njarðvík,HK,2,9,2,5e-4
2025-09-04,2,Grindavík/ Njarðvík,HK,2,11,2,5e-4
2025-09-04,2,Grindavík/ Njarðvík,HK,3,0,50,0.0125
2025-09-04,2,Grindavík/ Njarðvík,HK,3,1,107,0.02675
2025-09-04,2,Grindavík/ Njarðvík,HK,3,2,147,0.03675
2025-09-04,2,Grindavík/ Njarðvík,HK,3,3,146,0.0365
2025-09-04,2,Grindavík/ Njarðvík,HK,3,4,94,0.0235
2025-09-04,2,Grindavík/ Njarðvík,HK,3,5,83,0.02075
2025-09-04,2,Grindavík/ Njarðvík,HK,3,6,47,0.01175
2025-09-04,2,Grindavík/ Njarðvík,HK,3,7,22,0.0055
2025-09-04,2,Grindavík/ Njarðvík,HK,3,8,14,0.0035
2025-09-04,2,Grindavík/ Njarðvík,HK,3,9,9,0.00225
2025-09-04,2,Grindavík/ Njarðvík,HK,3,10,5,0.00125
2025-09-04,2,Grindavík/ Njarðvík,HK,3,11,1,2.5e-4
2025-09-04,2,Grindavík/ Njarðvík,HK,3,12,1,2.5e-4
2025-09-04,2,Grindavík/ Njarðvík,HK,4,0,26,0.0065
2025-09-04,2,Grindavík/ Njarðvík,HK,4,1,69,0.01725
2025-09-04,2,Grindavík/ Njarðvík,HK,4,2,82,0.0205
2025-09-04,2,Grindavík/ Njarðvík,HK,4,3,80,0.02
2025-09-04,2,Grindavík/ Njarðvík,HK,4,4,61,0.01525
2025-09-04,2,Grindavík/ Njarðvík,HK,4,5,43,0.01075
2025-09-04,2,Grindavík/ Njarðvík,HK,4,6,25,0.00625
2025-09-04,2,Grindavík/ Njarðvík,HK,4,7,14,0.0035
2025-09-04,2,Grindavík/ Njarðvík,HK,4,8,3,7.5e-4
2025-09-04,2,Grindavík/ Njarðvík,HK,4,10,4,0.001
2025-09-04,2,Grindavík/ Njarðvík,HK,4,11,1,2.5e-4
2025-09-04,2,Grindavík/ Njarðvík,HK,4,15,1,2.5e-4
2025-09-04,2,Grindavík/ Njarðvík,HK,5,0,9,0.00225
2025-09-04,2,Grindavík/ Njarðvík,HK,5,1,35,0.00875
2025-09-04,2,Grindavík/ Njarðvík,HK,5,2,47,0.01175
2025-09-04,2,Grindavík/ Njarðvík,HK,5,3,43,0.01075
2025-09-04,2,Grindavík/ Njarðvík,HK,5,4,32,0.008
2025-09-04,2,Grindavík/ Njarðvík,HK,5,5,34,0.0085
2025-09-04,2,Grindavík/ Njarðvík,HK,5,6,15,0.00375
2025-09-04,2,Grindavík/ Njarðvík,HK,5,7,5,0.00125
2025-09-04,2,Grindavík/ Njarðvík,HK,5,8,7,0.00175
2025-09-04,2,Grindavík/ Njarðvík,HK,5,9,3,7.5e-4
2025-09-04,2,Grindavík/ Njarðvík,HK,5,10,1,2.5e-4
2025-09-04,2,Grindavík/ Njarðvík,HK,5,11,1,2.5e-4
2025-09-04,2,Grindavík/ Njarðvík,HK,5,14,1,2.5e-4
2025-09-04,2,Grindavík/ Njarðvík,HK,6,0,7,0.00175
2025-09-04,2,Grindavík/ Njarðvík,HK,6,1,31,0.00775
2025-09-04,2,Grindavík/ Njarðvík,HK,6,2,23,0.00575
2025-09-04,2,Grindavík/ Njarðvík,HK,6,3,24,0.006
2025-09-04,2,Grindavík/ Njarðvík,HK,6,4,18,0.0045
2025-09-04,2,Grindavík/ Njarðvík,HK,6,5,9,0.00225
2025-09-04,2,Grindavík/ Njarðvík,HK,6,6,8,0.002
2025-09-04,2,Grindavík/ Njarðvík,HK,6,7,4,0.001
2025-09-04,2,Grindavík/ Njarðvík,HK,6,8,1,2.5e-4
2025-09-04,2,Grindavík/ Njarðvík,HK,6,10,1,2.5e-4
2025-09-04,2,Grindavík/ Njarðvík,HK,7,0,3,7.5e-4
2025-09-04,2,Grindavík/ Njarðvík,HK,7,1,10,0.0025
2025-09-04,2,Grindavík/ Njarðvík,HK,7,2,14,0.0035
2025-09-04,2,Grindavík/ Njarðvík,HK,7,3,12,0.003
2025-09-04,2,Grindavík/ Njarðvík,HK,7,4,6,0.0015
2025-09-04,2,Grindavík/ Njarðvík,HK,7,5,6,0.0015
2025-09-04,2,Grindavík/ Njarðvík,HK,7,6,5,0.00125
2025-09-04,2,Grindavík/ Njarðvík,HK,7,7,3,7.5e-4
2025-09-04,2,Grindavík/ Njarðvík,HK,7,8,2,5e-4
2025-09-04,2,Grindavík/ Njarðvík,HK,7,11,1,2.5e-4
2025-09-04,2,Grindavík/ Njarðvík,HK,8,1,6,0.0015
2025-09-04,2,Grindavík/ Njarðvík,HK,8,2,5,0.00125
2025-09-04,2,Grindavík/ Njarðvík,HK,8,3,9,0.00225
2025-09-04,2,Grindavík/ Njarðvík,HK,8,4,3,7.5e-4
2025-09-04,2,Grindavík/ Njarðvík,HK,8,5,3,7.5e-4
2025-09-04,2,Grindavík/ Njarðvík,HK,8,6,2,5e-4
2025-09-04,2,Grindavík/ Njarðvík,HK,8,8,1,2.5e-4
2025-09-04,2,Grindavík/ Njarðvík,HK,9,1,1,2.5e-4
2025-09-04,2,Grindavík/ Njarðvík,HK,9,2,1,2.5e-4
2025-09-04,2,Grindavík/ Njarðvík,HK,9,3,2,5e-4
2025-09-04,2,Grindavík/ Njarðvík,HK,9,4,1,2.5e-4
2025-09-04,2,Grindavík/ Njarðvík,HK,9,6,1,2.5e-4
2025-09-04,2,Grindavík/ Njarðvík,HK,9,8,2,5e-4
2025-09-04,2,Grindavík/ Njarðvík,HK,10,3,1,2.5e-4
2025-09-04,2,Grindavík/ Njarðvík,HK,10,6,1,2.5e-4
2025-09-04,2,Grindavík/ Njarðvík,HK,11,4,1,2.5e-4
2025-09-04,2,Grótta,Keflavík,0,0,253,0.06325
2025-09-04,2,Grótta,Keflavík,0,1,360,0.09
2025-09-04,2,Grótta,Keflavík,0,2,321,0.08025
2025-09-04,2,Grótta,Keflavík,0,3,196,0.049
2025-09-04,2,Grótta,Keflavík,0,4,97,0.02425
2025-09-04,2,Grótta,Keflavík,0,5,70,0.0175
2025-09-04,2,Grótta,Keflavík,0,6,25,0.00625
2025-09-04,2,Grótta,Keflavík,0,7,8,0.002
2025-09-04,2,Grótta,Keflavík,0,8,5,0.00125
2025-09-04,2,Grótta,Keflavík,0,9,2,5e-4
2025-09-04,2,Grótta,Keflavík,1,0,204,0.051
2025-09-04,2,Grótta,Keflavík,1,1,364,0.091
2025-09-04,2,Grótta,Keflavík,1,2,353,0.08825
2025-09-04,2,Grótta,Keflavík,1,3,210,0.0525
2025-09-04,2,Grótta,Keflavík,1,4,107,0.02675
2025-09-04,2,Grótta,Keflavík,1,5,77,0.01925
2025-09-04,2,Grótta,Keflavík,1,6,25,0.00625
2025-09-04,2,Grótta,Keflavík,1,7,8,0.002
2025-09-04,2,Grótta,Keflavík,1,8,2,5e-4
2025-09-04,2,Grótta,Keflavík,1,9,1,2.5e-4
2025-09-04,2,Grótta,Keflavík,1,10,1,2.5e-4
2025-09-04,2,Grótta,Keflavík,2,0,135,0.03375
2025-09-04,2,Grótta,Keflavík,2,1,205,0.05125
2025-09-04,2,Grótta,Keflavík,2,2,216,0.054
2025-09-04,2,Grótta,Keflavík,2,3,137,0.03425
2025-09-04,2,Grótta,Keflavík,2,4,64,0.016
2025-09-04,2,Grótta,Keflavík,2,5,28,0.007
2025-09-04,2,Grótta,Keflavík,2,6,14,0.0035
2025-09-04,2,Grótta,Keflavík,2,7,7,0.00175
2025-09-04,2,Grótta,Keflavík,2,8,2,5e-4
2025-09-04,2,Grótta,Keflavík,2,9,1,2.5e-4
2025-09-04,2,Grótta,Keflavík,3,0,52,0.013
2025-09-04,2,Grótta,Keflavík,3,1,88,0.022
2025-09-04,2,Grótta,Keflavík,3,2,84,0.021
2025-09-04,2,Grótta,Keflavík,3,3,53,0.01325
2025-09-04,2,Grótta,Keflavík,3,4,29,0.00725
2025-09-04,2,Grótta,Keflavík,3,5,17,0.00425
2025-09-04,2,Grótta,Keflavík,3,6,4,0.001
2025-09-04,2,Grótta,Keflavík,3,7,1,2.5e-4
2025-09-04,2,Grótta,Keflavík,4,0,24,0.006
2025-09-04,2,Grótta,Keflavík,4,1,31,0.00775
2025-09-04,2,Grótta,Keflavík,4,2,29,0.00725
2025-09-04,2,Grótta,Keflavík,4,3,11,0.00275
2025-09-04,2,Grótta,Keflavík,4,4,14,0.0035
2025-09-04,2,Grótta,Keflavík,4,5,6,0.0015
2025-09-04,2,Grótta,Keflavík,4,6,3,7.5e-4
2025-09-04,2,Grótta,Keflavík,4,7,1,2.5e-4
2025-09-04,2,Grótta,Keflavík,5,0,2,5e-4
2025-09-04,2,Grótta,Keflavík,5,1,12,0.003
2025-09-04,2,Grótta,Keflavík,5,2,11,0.00275
2025-09-04,2,Grótta,Keflavík,5,3,6,0.0015
2025-09-04,2,Grótta,Keflavík,5,4,5,0.00125
2025-09-04,2,Grótta,Keflavík,5,5,3,7.5e-4
2025-09-04,2,Grótta,Keflavík,5,6,2,5e-4
2025-09-04,2,Grótta,Keflavík,6,1,3,7.5e-4
2025-09-04,2,Grótta,Keflavík,6,2,4,0.001
2025-09-04,2,Grótta,Keflavík,6,3,3,7.5e-4
2025-09-04,2,Grótta,Keflavík,6,4,1,2.5e-4
2025-09-04,2,Grótta,Keflavík,6,6,1,2.5e-4
2025-09-04,2,Grótta,Keflavík,7,2,2,5e-4
2025-09-04,2,Haukar,Afturelding,0,0,35,0.00875
2025-09-04,2,Haukar,Afturelding,0,1,41,0.01025
2025-09-04,2,Haukar,Afturelding,0,2,26,0.0065
2025-09-04,2,Haukar,Afturelding,0,3,16,0.004
2025-09-04,2,Haukar,Afturelding,0,4,7,0.00175
2025-09-04,2,Haukar,Afturelding,0,5,5,0.00125
2025-09-04,2,Haukar,Afturelding,0,6,2,5e-4
2025-09-04,2,Haukar,Afturelding,1,0,80,0.02
2025-09-04,2,Haukar,Afturelding,1,1,123,0.03075
2025-09-04,2,Haukar,Afturelding,1,2,85,0.02125
2025-09-04,2,Haukar,Afturelding,1,3,49,0.01225
2025-09-04,2,Haukar,Afturelding,1,4,34,0.0085
2025-09-04,2,Haukar,Afturelding,1,5,18,0.0045
2025-09-04,2,Haukar,Afturelding,1,6,4,0.001
2025-09-04,2,Haukar,Afturelding,1,8,1,2.5e-4
2025-09-04,2,Haukar,Afturelding,1,9,1,2.5e-4
2025-09-04,2,Haukar,Afturelding,2,0,141,0.03525
2025-09-04,2,Haukar,Afturelding,2,1,165,0.04125
2025-09-04,2,Haukar,Afturelding,2,2,144,0.036
2025-09-04,2,Haukar,Afturelding,2,3,84,0.021
2025-09-04,2,Haukar,Afturelding,2,4,45,0.01125
2025-09-04,2,Haukar,Afturelding,2,5,26,0.0065
2025-09-04,2,Haukar,Afturelding,2,6,7,0.00175
2025-09-04,2,Haukar,Afturelding,3,0,134,0.0335
2025-09-04,2,Haukar,Afturelding,3,1,232,0.058
2025-09-04,2,Haukar,Afturelding,3,2,194,0.0485
2025-09-04,2,Haukar,Afturelding,3,3,138,0.0345
2025-09-04,2,Haukar,Afturelding,3,4,59,0.01475
2025-09-04,2,Haukar,Afturelding,3,5,18,0.0045
2025-09-04,2,Haukar,Afturelding,3,6,7,0.00175
2025-09-04,2,Haukar,Afturelding,3,7,3,7.5e-4
2025-09-04,2,Haukar,Afturelding,3,10,1,2.5e-4
2025-09-04,2,Haukar,Afturelding,4,0,144,0.036
2025-09-04,2,Haukar,Afturelding,4,1,196,0.049
2025-09-04,2,Haukar,Afturelding,4,2,154,0.0385
2025-09-04,2,Haukar,Afturelding,4,3,93,0.02325
2025-09-04,2,Haukar,Afturelding,4,4,58,0.0145
2025-09-04,2,Haukar,Afturelding,4,5,23,0.00575
2025-09-04,2,Haukar,Afturelding,4,6,11,0.00275
2025-09-04,2,Haukar,Afturelding,4,7,3,7.5e-4
2025-09-04,2,Haukar,Afturelding,4,8,2,5e-4
2025-09-04,2,Haukar,Afturelding,5,0,91,0.02275
2025-09-04,2,Haukar,Afturelding,5,1,133,0.03325
2025-09-04,2,Haukar,Afturelding,5,2,133,0.03325
2025-09-04,2,Haukar,Afturelding,5,3,84,0.021
2025-09-04,2,Haukar,Afturelding,5,4,38,0.0095
2025-09-04,2,Haukar,Afturelding,5,5,29,0.00725
2025-09-04,2,Haukar,Afturelding,5,6,3,7.5e-4
2025-09-04,2,Haukar,Afturelding,5,7,2,5e-4
2025-09-04,2,Haukar,Afturelding,5,8,1,2.5e-4
2025-09-04,2,Haukar,Afturelding,5,10,1,2.5e-4
2025-09-04,2,Haukar,Afturelding,6,0,63,0.01575
2025-09-04,2,Haukar,Afturelding,6,1,110,0.0275
2025-09-04,2,Haukar,Afturelding,6,2,79,0.01975
2025-09-04,2,Haukar,Afturelding,6,3,54,0.0135
2025-09-04,2,Haukar,Afturelding,6,4,30,0.0075
2025-09-04,2,Haukar,Afturelding,6,5,12,0.003
2025-09-04,2,Haukar,Afturelding,6,6,5,0.00125
2025-09-04,2,Haukar,Afturelding,6,7,2,5e-4
2025-09-04,2,Haukar,Afturelding,6,8,1,2.5e-4
2025-09-04,2,Haukar,Afturelding,7,0,39,0.00975
2025-09-04,2,Haukar,Afturelding,7,1,63,0.01575
2025-09-04,2,Haukar,Afturelding,7,2,60,0.015
2025-09-04,2,Haukar,Afturelding,7,3,28,0.007
2025-09-04,2,Haukar,Afturelding,7,4,27,0.00675
2025-09-04,2,Haukar,Afturelding,7,5,6,0.0015
2025-09-04,2,Haukar,Afturelding,7,6,2,5e-4
2025-09-04,2,Haukar,Afturelding,7,7,1,2.5e-4
2025-09-04,2,Haukar,Afturelding,8,0,32,0.008
2025-09-04,2,Haukar,Afturelding,8,1,32,0.008
2025-09-04,2,Haukar,Afturelding,8,2,35,0.00875
2025-09-04,2,Haukar,Afturelding,8,3,18,0.0045
2025-09-04,2,Haukar,Afturelding,8,4,14,0.0035
2025-09-04,2,Haukar,Afturelding,8,5,8,0.002
2025-09-04,2,Haukar,Afturelding,8,6,3,7.5e-4
2025-09-04,2,Haukar,Afturelding,8,8,2,5e-4
2025-09-04,2,Haukar,Afturelding,9,0,13,0.00325
2025-09-04,2,Haukar,Afturelding,9,1,21,0.00525
2025-09-04,2,Haukar,Afturelding,9,2,12,0.003
2025-09-04,2,Haukar,Afturelding,9,3,14,0.0035
2025-09-04,2,Haukar,Afturelding,9,4,6,0.0015
2025-09-04,2,Haukar,Afturelding,9,5,4,0.001
2025-09-04,2,Haukar,Afturelding,9,6,2,5e-4
2025-09-04,2,Haukar,Afturelding,9,7,1,2.5e-4
2025-09-04,2,Haukar,Afturelding,9,8,2,5e-4
2025-09-04,2,Haukar,Afturelding,10,0,6,0.0015
2025-09-04,2,Haukar,Afturelding,10,1,6,0.0015
2025-09-04,2,Haukar,Afturelding,10,2,6,0.0015
2025-09-04,2,Haukar,Afturelding,10,3,5,0.00125
2025-09-04,2,Haukar,Afturelding,10,4,4,0.001
2025-09-04,2,Haukar,Afturelding,10,5,3,7.5e-4
2025-09-04,2,Haukar,Afturelding,11,0,1,2.5e-4
2025-09-04,2,Haukar,Afturelding,11,1,3,7.5e-4
2025-09-04,2,Haukar,Afturelding,11,2,5,0.00125
2025-09-04,2,Haukar,Afturelding,11,3,2,5e-4
2025-09-04,2,Haukar,Afturelding,11,4,5,0.00125
2025-09-04,2,Haukar,Afturelding,12,0,1,2.5e-4
2025-09-04,2,Haukar,Afturelding,12,1,7,0.00175
2025-09-04,2,Haukar,Afturelding,12,2,3,7.5e-4
2025-09-04,2,Haukar,Afturelding,12,3,1,2.5e-4
2025-09-04,2,Haukar,Afturelding,12,4,3,7.5e-4
2025-09-04,2,Haukar,Afturelding,12,5,1,2.5e-4
2025-09-04,2,Haukar,Afturelding,13,2,1,2.5e-4
2025-09-04,2,Haukar,Afturelding,13,3,3,7.5e-4
2025-09-04,2,Haukar,Afturelding,13,5,1,2.5e-4
2025-09-04,2,Haukar,Afturelding,14,4,1,2.5e-4
2025-09-04,2,Haukar,Afturelding,15,1,2,5e-4
2025-09-04,2,Haukar,Afturelding,15,2,1,2.5e-4
2025-09-04,2,Haukar,Afturelding,15,3,1,2.5e-4
2025-09-04,2,Haukar,Afturelding,15,4,2,5e-4
2025-09-04,2,Haukar,Afturelding,16,1,1,2.5e-4
2025-09-04,2,ÍA,KR,0,0,48,0.012
2025-09-04,2,ÍA,KR,0,1,42,0.0105
2025-09-04,2,ÍA,KR,0,2,33,0.00825
2025-09-04,2,ÍA,KR,0,3,20,0.005
2025-09-04,2,ÍA,KR,0,4,11,0.00275
2025-09-04,2,ÍA,KR,0,5,4,0.001
2025-09-04,2,ÍA,KR,0,6,1,2.5e-4
2025-09-04,2,ÍA,KR,0,8,1,2.5e-4
2025-09-04,2,ÍA,KR,1,0,85,0.02125
2025-09-04,2,ÍA,KR,1,1,138,0.0345
2025-09-04,2,ÍA,KR,1,2,104,0.026
2025-09-04,2,ÍA,KR,1,3,56,0.014
2025-09-04,2,ÍA,KR,1,4,31,0.00775
2025-09-04,2,ÍA,KR,1,5,15,0.00375
2025-09-04,2,ÍA,KR,1,6,3,7.5e-4
2025-09-04,2,ÍA,KR,1,7,4,0.001
2025-09-04,2,ÍA,KR,1,8,1,2.5e-4
2025-09-04,2,ÍA,KR,2,0,133,0.03325
2025-09-04,2,ÍA,KR,2,1,193,0.04825
2025-09-04,2,ÍA,KR,2,2,172,0.043
2025-09-04,2,ÍA,KR,2,3,99,0.02475
2025-09-04,2,ÍA,KR,2,4,38,0.0095
2025-09-04,2,ÍA,KR,2,5,22,0.0055
2025-09-04,2,ÍA,KR,2,6,9,0.00225
2025-09-04,2,ÍA,KR,2,7,1,2.5e-4
2025-09-04,2,ÍA,KR,2,10,1,2.5e-4
2025-09-04,2,ÍA,KR,3,0,138,0.0345
2025-09-04,2,ÍA,KR,3,1,220,0.055
2025-09-04,2,ÍA,KR,3,2,170,0.0425
2025-09-04,2,ÍA,KR,3,3,124,0.031
2025-09-04,2,ÍA,KR,3,4,60,0.015
2025-09-04,2,ÍA,KR,3,5,23,0.00575
2025-09-04,2,ÍA,KR,3,6,6,0.0015
2025-09-04,2,ÍA,KR,3,7,11,0.00275
2025-09-04,2,ÍA,KR,3,8,4,0.001
2025-09-04,2,ÍA,KR,4,0,110,0.0275
2025-09-04,2,ÍA,KR,4,1,190,0.0475
2025-09-04,2,ÍA,KR,4,2,164,0.041
2025-09-04,2,ÍA,KR,4,3,97,0.02425
2025-09-04,2,ÍA,KR,4,4,54,0.0135
2025-09-04,2,ÍA,KR,4,5,25,0.00625
2025-09-04,2,ÍA,KR,4,6,9,0.00225
2025-09-04,2,ÍA,KR,4,7,4,0.001
2025-09-04,2,ÍA,KR,4,8,1,2.5e-4
2025-09-04,2,ÍA,KR,5,0,95,0.02375
2025-09-04,2,ÍA,KR,5,1,150,0.0375
2025-09-04,2,ÍA,KR,5,2,122,0.0305
2025-09-04,2,ÍA,KR,5,3,69,0.01725
2025-09-04,2,ÍA,KR,5,4,43,0.01075
2025-09-04,2,ÍA,KR,5,5,27,0.00675
2025-09-04,2,ÍA,KR,5,6,9,0.00225
2025-09-04,2,ÍA,KR,5,7,4,0.001
2025-09-04,2,ÍA,KR,5,8,1,2.5e-4
2025-09-04,2,ÍA,KR,6,0,69,0.01725
2025-09-04,2,ÍA,KR,6,1,93,0.02325
2025-09-04,2,ÍA,KR,6,2,99,0.02475
2025-09-04,2,ÍA,KR,6,3,56,0.014
2025-09-04,2,ÍA,KR,6,4,18,0.0045
2025-09-04,2,ÍA,KR,6,5,9,0.00225
2025-09-04,2,ÍA,KR,6,6,2,5e-4
2025-09-04,2,ÍA,KR,6,7,3,7.5e-4
2025-09-04,2,ÍA,KR,6,8,1,2.5e-4
2025-09-04,2,ÍA,KR,7,0,35,0.00875
2025-09-04,2,ÍA,KR,7,1,53,0.01325
2025-09-04,2,ÍA,KR,7,2,59,0.01475
2025-09-04,2,ÍA,KR,7,3,37,0.00925
2025-09-04,2,ÍA,KR,7,4,11,0.00275
2025-09-04,2,ÍA,KR,7,5,7,0.00175
2025-09-04,2,ÍA,KR,7,6,6,0.0015
2025-09-04,2,ÍA,KR,7,7,2,5e-4
2025-09-04,2,ÍA,KR,7,8,1,2.5e-4
2025-09-04,2,ÍA,KR,7,10,1,2.5e-4
2025-09-04,2,ÍA,KR,8,0,21,0.00525
2025-09-04,2,ÍA,KR,8,1,30,0.0075
2025-09-04,2,ÍA,KR,8,2,24,0.006
2025-09-04,2,ÍA,KR,8,3,20,0.005
2025-09-04,2,ÍA,KR,8,4,6,0.0015
2025-09-04,2,ÍA,KR,8,5,5,0.00125
2025-09-04,2,ÍA,KR,8,6,1,2.5e-4
2025-09-04,2,ÍA,KR,8,7,2,5e-4
2025-09-04,2,ÍA,KR,8,8,1,2.5e-4
2025-09-04,2,ÍA,KR,8,10,1,2.5e-4
2025-09-04,2,ÍA,KR,9,0,13,0.00325
2025-09-04,2,ÍA,KR,9,1,21,0.00525
2025-09-04,2,ÍA,KR,9,2,10,0.0025
2025-09-04,2,ÍA,KR,9,3,12,0.003
2025-09-04,2,ÍA,KR,9,4,9,0.00225
2025-09-04,2,ÍA,KR,9,5,2,5e-4
2025-09-04,2,ÍA,KR,9,6,1,2.5e-4
2025-09-04,2,ÍA,KR,10,0,7,0.00175
2025-09-04,2,ÍA,KR,10,1,9,0.00225
2025-09-04,2,ÍA,KR,10,2,7,0.00175
2025-09-04,2,ÍA,KR,10,3,4,0.001
2025-09-04,2,ÍA,KR,10,4,2,5e-4
2025-09-04,2,ÍA,KR,10,5,3,7.5e-4
2025-09-04,2,ÍA,KR,10,6,2,5e-4
2025-09-04,2,ÍA,KR,10,7,2,5e-4
2025-09-04,2,ÍA,KR,11,0,5,0.00125
2025-09-04,2,ÍA,KR,11,1,7,0.00175
2025-09-04,2,ÍA,KR,11,2,3,7.5e-4
2025-09-04,2,ÍA,KR,11,3,1,2.5e-4
2025-09-04,2,ÍA,KR,12,0,1,2.5e-4
2025-09-04,2,ÍA,KR,12,1,2,5e-4
2025-09-04,2,ÍA,KR,12,2,3,7.5e-4
2025-09-04,2,ÍA,KR,12,3,1,2.5e-4
2025-09-04,2,ÍA,KR,12,5,1,2.5e-4
2025-09-04,2,ÍA,KR,12,6,1,2.5e-4
2025-09-04,2,ÍA,KR,13,1,1,2.5e-4
2025-09-04,2,ÍA,KR,13,2,1,2.5e-4
2025-09-04,2,ÍA,KR,13,3,1,2.5e-4
2025-09-06,1,Stjarnan,Þór/KA,0,0,190,0.0475
2025-09-06,1,Stjarnan,Þór/KA,0,1,227,0.05675
2025-09-06,1,Stjarnan,Þór/KA,0,2,182,0.0455
2025-09-06,1,Stjarnan,Þór/KA,0,3,87,0.02175
2025-09-06,1,Stjarnan,Þór/KA,0,4,50,0.0125
2025-09-06,1,Stjarnan,Þór/KA,0,5,21,0.00525
2025-09-06,1,Stjarnan,Þór/KA,0,6,8,0.002
2025-09-06,1,Stjarnan,Þór/KA,0,7,2,5e-4
2025-09-06,1,Stjarnan,Þór/KA,0,8,1,2.5e-4
2025-09-06,1,Stjarnan,Þór/KA,1,0,240,0.06
2025-09-06,1,Stjarnan,Þór/KA,1,1,370,0.0925
2025-09-06,1,Stjarnan,Þór/KA,1,2,315,0.07875
2025-09-06,1,Stjarnan,Þór/KA,1,3,185,0.04625
2025-09-06,1,Stjarnan,Þór/KA,1,4,109,0.02725
2025-09-06,1,Stjarnan,Þór/KA,1,5,31,0.00775
2025-09-06,1,Stjarnan,Þór/KA,1,6,12,0.003
2025-09-06,1,Stjarnan,Þór/KA,1,7,3,7.5e-4
2025-09-06,1,Stjarnan,Þór/KA,1,8,1,2.5e-4
2025-09-06,1,Stjarnan,Þór/KA,1,11,1,2.5e-4
2025-09-06,1,Stjarnan,Þór/KA,2,0,176,0.044
2025-09-06,1,Stjarnan,Þór/KA,2,1,283,0.07075
2025-09-06,1,Stjarnan,Þór/KA,2,2,235,0.05875
2025-09-06,1,Stjarnan,Þór/KA,2,3,168,0.042
2025-09-06,1,Stjarnan,Þór/KA,2,4,71,0.01775
2025-09-06,1,Stjarnan,Þór/KA,2,5,21,0.00525
2025-09-06,1,Stjarnan,Þór/KA,2,6,8,0.002
2025-09-06,1,Stjarnan,Þór/KA,2,7,1,2.5e-4
2025-09-06,1,Stjarnan,Þór/KA,2,8,1,2.5e-4
2025-09-06,1,Stjarnan,Þór/KA,3,0,101,0.02525
2025-09-06,1,Stjarnan,Þór/KA,3,1,147,0.03675
2025-09-06,1,Stjarnan,Þór/KA,3,2,147,0.03675
2025-09-06,1,Stjarnan,Þór/KA,3,3,84,0.021
2025-09-06,1,Stjarnan,Þór/KA,3,4,37,0.00925
2025-09-06,1,Stjarnan,Þór/KA,3,5,16,0.004
2025-09-06,1,Stjarnan,Þór/KA,3,6,4,0.001
2025-09-06,1,Stjarnan,Þór/KA,3,7,4,0.001
2025-09-06,1,Stjarnan,Þór/KA,4,0,58,0.0145
2025-09-06,1,Stjarnan,Þór/KA,4,1,72,0.018
2025-09-06,1,Stjarnan,Þór/KA,4,2,68,0.017
2025-09-06,1,Stjarnan,Þór/KA,4,3,49,0.01225
2025-09-06,1,Stjarnan,Þór/KA,4,4,26,0.0065
2025-09-06,1,Stjarnan,Þór/KA,4,5,6,0.0015
2025-09-06,1,Stjarnan,Þór/KA,4,6,6,0.0015
2025-09-06,1,Stjarnan,Þór/KA,4,7,2,5e-4
2025-09-06,1,Stjarnan,Þór/KA,5,0,14,0.0035
2025-09-06,1,Stjarnan,Þór/KA,5,1,31,0.00775
2025-09-06,1,Stjarnan,Þór/KA,5,2,29,0.00725
2025-09-06,1,Stjarnan,Þór/KA,5,3,17,0.00425
2025-09-06,1,Stjarnan,Þór/KA,5,4,10,0.0025
2025-09-06,1,Stjarnan,Þór/KA,5,5,2,5e-4
2025-09-06,1,Stjarnan,Þór/KA,5,6,1,2.5e-4
2025-09-06,1,Stjarnan,Þór/KA,5,7,1,2.5e-4
2025-09-06,1,Stjarnan,Þór/KA,6,0,5,0.00125
2025-09-06,1,Stjarnan,Þór/KA,6,1,7,0.00175
2025-09-06,1,Stjarnan,Þór/KA,6,2,10,0.0025
2025-09-06,1,Stjarnan,Þór/KA,6,3,12,0.003
2025-09-06,1,Stjarnan,Þór/KA,6,4,4,0.001
2025-09-06,1,Stjarnan,Þór/KA,6,5,3,7.5e-4
2025-09-06,1,Stjarnan,Þór/KA,6,6,1,2.5e-4
2025-09-06,1,Stjarnan,Þór/KA,7,0,2,5e-4
2025-09-06,1,Stjarnan,Þór/KA,7,1,8,0.002
2025-09-06,1,Stjarnan,Þór/KA,7,2,5,0.00125
2025-09-06,1,Stjarnan,Þór/KA,7,3,3,7.5e-4
2025-09-06,1,Stjarnan,Þór/KA,7,5,1,2.5e-4
2025-09-06,1,Stjarnan,Þór/KA,8,0,3,7.5e-4
2025-09-06,1,Stjarnan,Þór/KA,8,1,1,2.5e-4
2025-09-06,1,Stjarnan,Þór/KA,9,1,3,7.5e-4
2025-09-06,1,Stjarnan,Þór/KA,9,2,1,2.5e-4
2025-09-07,1,Þróttur R.,FHL,0,0,137,0.03425
2025-09-07,1,Þróttur R.,FHL,0,1,38,0.0095
2025-09-07,1,Þróttur R.,FHL,0,2,12,0.003
2025-09-07,1,Þróttur R.,FHL,1,0,333,0.08325
2025-09-07,1,Þróttur R.,FHL,1,1,143,0.03575
2025-09-07,1,Þróttur R.,FHL,1,2,29,0.00725
2025-09-07,1,Þróttur R.,FHL,1,3,6,0.0015
2025-09-07,1,Þróttur R.,FHL,1,4,1,2.5e-4
2025-09-07,1,Þróttur R.,FHL,2,0,493,0.12325
2025-09-07,1,Þróttur R.,FHL,2,1,174,0.0435
2025-09-07,1,Þróttur R.,FHL,2,2,46,0.0115
2025-09-07,1,Þróttur R.,FHL,2,3,12,0.003
2025-09-07,1,Þróttur R.,FHL,2,4,1,2.5e-4
2025-09-07,1,Þróttur R.,FHL,3,0,508,0.127
2025-09-07,1,Þróttur R.,FHL,3,1,191,0.04775
2025-09-07,1,Þróttur R.,FHL,3,2,35,0.00875
2025-09-07,1,Þróttur R.,FHL,3,3,10,0.0025
2025-09-07,1,Þróttur R.,FHL,3,4,1,2.5e-4
2025-09-07,1,Þróttur R.,FHL,4,0,483,0.12075
2025-09-07,1,Þróttur R.,FHL,4,1,160,0.04
2025-09-07,1,Þróttur R.,FHL,4,2,43,0.01075
2025-09-07,1,Þróttur R.,FHL,4,3,3,7.5e-4
2025-09-07,1,Þróttur R.,FHL,4,5,1,2.5e-4
2025-09-07,1,Þróttur R.,FHL,5,0,317,0.07925
2025-09-07,1,Þróttur R.,FHL,5,1,110,0.0275
2025-09-07,1,Þróttur R.,FHL,5,2,22,0.0055
2025-09-07,1,Þróttur R.,FHL,5,3,3,7.5e-4
2025-09-07,1,Þróttur R.,FHL,6,0,210,0.0525
2025-09-07,1,Þróttur R.,FHL,6,1,76,0.019
2025-09-07,1,Þróttur R.,FHL,6,2,19,0.00475
2025-09-07,1,Þróttur R.,FHL,6,3,3,7.5e-4
2025-09-07,1,Þróttur R.,FHL,7,0,137,0.03425
2025-09-07,1,Þróttur R.,FHL,7,1,42,0.0105
2025-09-07,1,Þróttur R.,FHL,7,2,11,0.00275
2025-09-07,1,Þróttur R.,FHL,7,3,1,2.5e-4
2025-09-07,1,Þróttur R.,FHL,8,0,62,0.0155
2025-09-07,1,Þróttur R.,FHL,8,1,29,0.00725
2025-09-07,1,Þróttur R.,FHL,8,2,8,0.002
2025-09-07,1,Þróttur R.,FHL,8,3,1,2.5e-4
2025-09-07,1,Þróttur R.,FHL,9,0,35,0.00875
2025-09-07,1,Þróttur R.,FHL,9,1,7,0.00175
2025-09-07,1,Þróttur R.,FHL,9,2,3,7.5e-4
2025-09-07,1,Þróttur R.,FHL,10,0,16,0.004
2025-09-07,1,Þróttur R.,FHL,10,1,5,0.00125
2025-09-07,1,Þróttur R.,FHL,11,0,10,0.0025
2025-09-07,1,Þróttur R.,FHL,11,1,3,7.5e-4
2025-09-07,1,Þróttur R.,FHL,12,0,1,2.5e-4
2025-09-07,1,Þróttur R.,FHL,12,1,2,5e-4
2025-09-07,1,Þróttur R.,FHL,12,2,1,2.5e-4
2025-09-07,1,Þróttur R.,FHL,13,0,2,5e-4
2025-09-07,1,Þróttur R.,FHL,13,1,2,5e-4
2025-09-07,1,Þróttur R.,FHL,14,0,2,5e-4
2025-09-12,1,FH,Víkingur R.,0,0,85,0.02125
2025-09-12,1,FH,Víkingur R.,0,1,84,0.021
2025-09-12,1,FH,Víkingur R.,0,2,70,0.0175
2025-09-12,1,FH,Víkingur R.,0,3,21,0.00525
2025-09-12,1,FH,Víkingur R.,0,4,8,0.002
2025-09-12,1,FH,Víkingur R.,0,5,2,5e-4
2025-09-12,1,FH,Víkingur R.,0,6,3,7.5e-4
2025-09-12,1,FH,Víkingur R.,1,0,156,0.039
2025-09-12,1,FH,Víkingur R.,1,1,225,0.05625
2025-09-12,1,FH,Víkingur R.,1,2,127,0.03175
2025-09-12,1,FH,Víkingur R.,1,3,60,0.015
2025-09-12,1,FH,Víkingur R.,1,4,18,0.0045
2025-09-12,1,FH,Víkingur R.,1,5,6,0.0015
2025-09-12,1,FH,Víkingur R.,1,6,4,0.001
2025-09-12,1,FH,Víkingur R.,1,7,1,2.5e-4
2025-09-12,1,FH,Víkingur R.,2,0,228,0.057
2025-09-12,1,FH,Víkingur R.,2,1,292,0.073
2025-09-12,1,FH,Víkingur R.,2,2,194,0.0485
2025-09-12,1,FH,Víkingur R.,2,3,85,0.02125
2025-09-12,1,FH,Víkingur R.,2,4,33,0.00825
2025-09-12,1,FH,Víkingur R.,2,5,14,0.0035
2025-09-12,1,FH,Víkingur R.,2,6,4,0.001
2025-09-12,1,FH,Víkingur R.,3,0,191,0.04775
2025-09-12,1,FH,Víkingur R.,3,1,246,0.0615
2025-09-12,1,FH,Víkingur R.,3,2,169,0.04225
2025-09-12,1,FH,Víkingur R.,3,3,122,0.0305
2025-09-12,1,FH,Víkingur R.,3,4,30,0.0075
2025-09-12,1,FH,Víkingur R.,3,5,18,0.0045
2025-09-12,1,FH,Víkingur R.,3,6,6,0.0015
2025-09-12,1,FH,Víkingur R.,3,7,3,7.5e-4
2025-09-12,1,FH,Víkingur R.,4,0,165,0.04125
2025-09-12,1,FH,Víkingur R.,4,1,203,0.05075
2025-09-12,1,FH,Víkingur R.,4,2,133,0.03325
2025-09-12,1,FH,Víkingur R.,4,3,72,0.018
2025-09-12,1,FH,Víkingur R.,4,4,28,0.007
2025-09-12,1,FH,Víkingur R.,4,5,11,0.00275
2025-09-12,1,FH,Víkingur R.,4,6,5,0.00125
2025-09-12,1,FH,Víkingur R.,5,0,111,0.02775
2025-09-12,1,FH,Víkingur R.,5,1,131,0.03275
2025-09-12,1,FH,Víkingur R.,5,2,77,0.01925
2025-09-12,1,FH,Víkingur R.,5,3,51,0.01275
2025-09-12,1,FH,Víkingur R.,5,4,20,0.005
2025-09-12,1,FH,Víkingur R.,5,5,7,0.00175
2025-09-12,1,FH,Víkingur R.,5,6,2,5e-4
2025-09-12,1,FH,Víkingur R.,5,7,2,5e-4
2025-09-12,1,FH,Víkingur R.,5,8,1,2.5e-4
2025-09-12,1,FH,Víkingur R.,6,0,65,0.01625
2025-09-12,1,FH,Víkingur R.,6,1,88,0.022
2025-09-12,1,FH,Víkingur R.,6,2,53,0.01325
2025-09-12,1,FH,Víkingur R.,6,3,19,0.00475
2025-09-12,1,FH,Víkingur R.,6,4,8,0.002
2025-09-12,1,FH,Víkingur R.,6,5,3,7.5e-4
2025-09-12,1,FH,Víkingur R.,6,6,3,7.5e-4
2025-09-12,1,FH,Víkingur R.,7,0,34,0.0085
2025-09-12,1,FH,Víkingur R.,7,1,40,0.01
2025-09-12,1,FH,Víkingur R.,7,2,34,0.0085
2025-09-12,1,FH,Víkingur R.,7,3,10,0.0025
2025-09-12,1,FH,Víkingur R.,7,4,4,0.001
2025-09-12,1,FH,Víkingur R.,7,5,2,5e-4
2025-09-12,1,FH,Víkingur R.,7,6,2,5e-4
2025-09-12,1,FH,Víkingur R.,7,7,1,2.5e-4
2025-09-12,1,FH,Víkingur R.,8,0,11,0.00275
2025-09-12,1,FH,Víkingur R.,8,1,15,0.00375
2025-09-12,1,FH,Víkingur R.,8,2,15,0.00375
2025-09-12,1,FH,Víkingur R.,8,3,6,0.0015
2025-09-12,1,FH,Víkingur R.,8,4,3,7.5e-4
2025-09-12,1,FH,Víkingur R.,9,0,9,0.00225
2025-09-12,1,FH,Víkingur R.,9,1,10,0.0025
2025-09-12,1,FH,Víkingur R.,9,2,10,0.0025
2025-09-12,1,FH,Víkingur R.,9,3,4,0.001
2025-09-12,1,FH,Víkingur R.,9,4,3,7.5e-4
2025-09-12,1,FH,Víkingur R.,9,5,2,5e-4
2025-09-12,1,FH,Víkingur R.,9,8,1,2.5e-4
2025-09-12,1,FH,Víkingur R.,10,0,3,7.5e-4
2025-09-12,1,FH,Víkingur R.,10,1,5,0.00125
2025-09-12,1,FH,Víkingur R.,10,2,2,5e-4
2025-09-12,1,FH,Víkingur R.,10,3,2,5e-4
2025-09-12,1,FH,Víkingur R.,11,1,1,2.5e-4
2025-09-12,1,FH,Víkingur R.,11,2,3,7.5e-4
2025-09-12,1,FH,Víkingur R.,12,1,1,2.5e-4
2025-09-12,1,FH,Víkingur R.,12,2,1,2.5e-4
2025-09-12,1,FH,Víkingur R.,13,1,1,2.5e-4
2025-09-12,1,FH,Víkingur R.,13,3,2,5e-4
2025-09-12,1,Stjarnan,Fram,0,0,125,0.03125
2025-09-12,1,Stjarnan,Fram,0,1,103,0.02575
2025-09-12,1,Stjarnan,Fram,0,2,53,0.01325
2025-09-12,1,Stjarnan,Fram,0,3,30,0.0075
2025-09-12,1,Stjarnan,Fram,0,4,3,7.5e-4
2025-09-12,1,Stjarnan,Fram,1,0,259,0.06475
2025-09-12,1,Stjarnan,Fram,1,1,239,0.05975
2025-09-12,1,Stjarnan,Fram,1,2,150,0.0375
2025-09-12,1,Stjarnan,Fram,1,3,55,0.01375
2025-09-12,1,Stjarnan,Fram,1,4,17,0.00425
2025-09-12,1,Stjarnan,Fram,1,5,4,0.001
2025-09-12,1,Stjarnan,Fram,2,0,325,0.08125
2025-09-12,1,Stjarnan,Fram,2,1,298,0.0745
2025-09-12,1,Stjarnan,Fram,2,2,185,0.04625
2025-09-12,1,Stjarnan,Fram,2,3,80,0.02
2025-09-12,1,Stjarnan,Fram,2,4,30,0.0075
2025-09-12,1,Stjarnan,Fram,2,5,4,0.001
2025-09-12,1,Stjarnan,Fram,2,6,1,2.5e-4
2025-09-12,1,Stjarnan,Fram,2,7,2,5e-4
2025-09-12,1,Stjarnan,Fram,3,0,242,0.0605
2025-09-12,1,Stjarnan,Fram,3,1,268,0.067
2025-09-12,1,Stjarnan,Fram,3,2,159,0.03975
2025-09-12,1,Stjarnan,Fram,3,3,41,0.01025
2025-09-12,1,Stjarnan,Fram,3,4,26,0.0065
2025-09-12,1,Stjarnan,Fram,3,5,6,0.0015
2025-09-12,1,Stjarnan,Fram,3,6,2,5e-4
2025-09-12,1,Stjarnan,Fram,3,7,1,2.5e-4
2025-09-12,1,Stjarnan,Fram,4,0,199,0.04975
2025-09-12,1,Stjarnan,Fram,4,1,212,0.053
2025-09-12,1,Stjarnan,Fram,4,2,98,0.0245
2025-09-12,1,Stjarnan,Fram,4,3,47,0.01175
2025-09-12,1,Stjarnan,Fram,4,4,11,0.00275
2025-09-12,1,Stjarnan,Fram,4,5,6,0.0015
2025-09-12,1,Stjarnan,Fram,4,6,3,7.5e-4
2025-09-12,1,Stjarnan,Fram,5,0,121,0.03025
2025-09-12,1,Stjarnan,Fram,5,1,122,0.0305
2025-09-12,1,Stjarnan,Fram,5,2,61,0.01525
2025-09-12,1,Stjarnan,Fram,5,3,27,0.00675
2025-09-12,1,Stjarnan,Fram,5,4,7,0.00175
2025-09-12,1,Stjarnan,Fram,5,5,5,0.00125
2025-09-12,1,Stjarnan,Fram,5,6,1,2.5e-4
2025-09-12,1,Stjarnan,Fram,5,7,1,2.5e-4
2025-09-12,1,Stjarnan,Fram,6,0,64,0.016
2025-09-12,1,Stjarnan,Fram,6,1,62,0.0155
2025-09-12,1,Stjarnan,Fram,6,2,35,0.00875
2025-09-12,1,Stjarnan,Fram,6,3,19,0.00475
2025-09-12,1,Stjarnan,Fram,6,4,5,0.00125
2025-09-12,1,Stjarnan,Fram,6,5,1,2.5e-4
2025-09-12,1,Stjarnan,Fram,6,6,2,5e-4
2025-09-12,1,Stjarnan,Fram,7,0,42,0.0105
2025-09-12,1,Stjarnan,Fram,7,1,29,0.00725
2025-09-12,1,Stjarnan,Fram,7,2,18,0.0045
2025-09-12,1,Stjarnan,Fram,7,3,9,0.00225
2025-09-12,1,Stjarnan,Fram,7,4,6,0.0015
2025-09-12,1,Stjarnan,Fram,7,5,2,5e-4
2025-09-12,1,Stjarnan,Fram,8,0,14,0.0035
2025-09-12,1,Stjarnan,Fram,8,1,9,0.00225
2025-09-12,1,Stjarnan,Fram,8,2,12,0.003
2025-09-12,1,Stjarnan,Fram,8,3,5,0.00125
2025-09-12,1,Stjarnan,Fram,8,4,2,5e-4
2025-09-12,1,Stjarnan,Fram,9,0,8,0.002
2025-09-12,1,Stjarnan,Fram,9,1,3,7.5e-4
2025-09-12,1,Stjarnan,Fram,9,2,2,5e-4
2025-09-12,1,Stjarnan,Fram,9,3,5,0.00125
2025-09-12,1,Stjarnan,Fram,9,4,2,5e-4
2025-09-12,1,Stjarnan,Fram,10,0,1,2.5e-4
2025-09-12,1,Stjarnan,Fram,10,1,4,0.001
2025-09-12,1,Stjarnan,Fram,10,2,2,5e-4
2025-09-12,1,Stjarnan,Fram,11,0,2,5e-4
2025-09-12,1,Stjarnan,Fram,11,2,2,5e-4
2025-09-12,1,Stjarnan,Fram,12,1,2,5e-4
2025-09-12,1,Stjarnan,Fram,13,1,2,5e-4
2025-09-12,1,Þór/KA,Þróttur R.,0,0,219,0.05475
2025-09-12,1,Þór/KA,Þróttur R.,0,1,275,0.06875
2025-09-12,1,Þór/KA,Þróttur R.,0,2,226,0.0565
2025-09-12,1,Þór/KA,Þróttur R.,0,3,112,0.028
2025-09-12,1,Þór/KA,Þróttur R.,0,4,46,0.0115
2025-09-12,1,Þór/KA,Þróttur R.,0,5,26,0.0065
2025-09-12,1,Þór/KA,Þróttur R.,0,6,10,0.0025
2025-09-12,1,Þór/KA,Þróttur R.,0,7,2,5e-4
2025-09-12,1,Þór/KA,Þróttur R.,0,8,1,2.5e-4
2025-09-12,1,Þór/KA,Þróttur R.,0,10,2,5e-4
2025-09-12,1,Þór/KA,Þróttur R.,1,0,242,0.0605
2025-09-12,1,Þór/KA,Þróttur R.,1,1,409,0.10225
2025-09-12,1,Þór/KA,Þróttur R.,1,2,281,0.07025
2025-09-12,1,Þór/KA,Þróttur R.,1,3,170,0.0425
2025-09-12,1,Þór/KA,Þróttur R.,1,4,76,0.019
2025-09-12,1,Þór/KA,Þróttur R.,1,5,29,0.00725
2025-09-12,1,Þór/KA,Þróttur R.,1,6,9,0.00225
2025-09-12,1,Þór/KA,Þróttur R.,1,7,7,0.00175
2025-09-12,1,Þór/KA,Þróttur R.,1,8,2,5e-4
2025-09-12,1,Þór/KA,Þróttur R.,2,0,163,0.04075
2025-09-12,1,Þór/KA,Þróttur R.,2,1,292,0.073
2025-09-12,1,Þór/KA,Þróttur R.,2,2,247,0.06175
2025-09-12,1,Þór/KA,Þróttur R.,2,3,160,0.04
2025-09-12,1,Þór/KA,Þróttur R.,2,4,65,0.01625
2025-09-12,1,Þór/KA,Þróttur R.,2,5,29,0.00725
2025-09-12,1,Þór/KA,Þróttur R.,2,6,12,0.003
2025-09-12,1,Þór/KA,Þróttur R.,2,7,3,7.5e-4
2025-09-12,1,Þór/KA,Þróttur R.,2,8,1,2.5e-4
2025-09-12,1,Þór/KA,Þróttur R.,3,0,87,0.02175
2025-09-12,1,Þór/KA,Þróttur R.,3,1,156,0.039
2025-09-12,1,Þór/KA,Þróttur R.,3,2,127,0.03175
2025-09-12,1,Þór/KA,Þróttur R.,3,3,77,0.01925
2025-09-12,1,Þór/KA,Þróttur R.,3,4,40,0.01
2025-09-12,1,Þór/KA,Þróttur R.,3,5,10,0.0025
2025-09-12,1,Þór/KA,Þróttur R.,3,6,6,0.0015
2025-09-12,1,Þór/KA,Þróttur R.,3,7,1,2.5e-4
2025-09-12,1,Þór/KA,Þróttur R.,4,0,37,0.00925
2025-09-12,1,Þór/KA,Þróttur R.,4,1,66,0.0165
2025-09-12,1,Þór/KA,Þróttur R.,4,2,65,0.01625
2025-09-12,1,Þór/KA,Þróttur R.,4,3,27,0.00675
2025-09-12,1,Þór/KA,Þróttur R.,4,4,25,0.00625
2025-09-12,1,Þór/KA,Þróttur R.,4,5,4,0.001
2025-09-12,1,Þór/KA,Þróttur R.,4,6,3,7.5e-4
2025-09-12,1,Þór/KA,Þróttur R.,4,7,2,5e-4
2025-09-12,1,Þór/KA,Þróttur R.,4,8,1,2.5e-4
2025-09-12,1,Þór/KA,Þróttur R.,5,0,18,0.0045
2025-09-12,1,Þór/KA,Þróttur R.,5,1,37,0.00925
2025-09-12,1,Þór/KA,Þróttur R.,5,2,22,0.0055
2025-09-12,1,Þór/KA,Þróttur R.,5,3,15,0.00375
2025-09-12,1,Þór/KA,Þróttur R.,5,4,9,0.00225
2025-09-12,1,Þór/KA,Þróttur R.,5,5,4,0.001
2025-09-12,1,Þór/KA,Þróttur R.,6,0,5,0.00125
2025-09-12,1,Þór/KA,Þróttur R.,6,1,11,0.00275
2025-09-12,1,Þór/KA,Þróttur R.,6,2,11,0.00275
2025-09-12,1,Þór/KA,Þróttur R.,6,3,2,5e-4
2025-09-12,1,Þór/KA,Þróttur R.,6,4,1,2.5e-4
2025-09-12,1,Þór/KA,Þróttur R.,6,5,1,2.5e-4
2025-09-12,1,Þór/KA,Þróttur R.,7,0,3,7.5e-4
2025-09-12,1,Þór/KA,Þróttur R.,7,1,2,5e-4
2025-09-12,1,Þór/KA,Þróttur R.,7,2,2,5e-4
2025-09-12,1,Þór/KA,Þróttur R.,7,3,4,0.001
2025-09-12,1,Þór/KA,Þróttur R.,7,4,2,5e-4
2025-09-12,1,Þór/KA,Þróttur R.,7,5,1,2.5e-4
2025-09-14,1,FHL,Breiðablik,0,0,25,0.00625
2025-09-14,1,FHL,Breiðablik,0,1,126,0.0315
2025-09-14,1,FHL,Breiðablik,0,2,250,0.0625
2025-09-14,1,FHL,Breiðablik,0,3,367,0.09175
2025-09-14,1,FHL,Breiðablik,0,4,399,0.09975
2025-09-14,1,FHL,Breiðablik,0,5,331,0.08275
2025-09-14,1,FHL,Breiðablik,0,6,315,0.07875
2025-09-14,1,FHL,Breiðablik,0,7,227,0.05675
2025-09-14,1,FHL,Breiðablik,0,8,154,0.0385
2025-09-14,1,FHL,Breiðablik,0,9,99,0.02475
2025-09-14,1,FHL,Breiðablik,0,10,68,0.017
2025-09-14,1,FHL,Breiðablik,0,11,41,0.01025
2025-09-14,1,FHL,Breiðablik,0,12,26,0.0065
2025-09-14,1,FHL,Breiðablik,0,13,14,0.0035
2025-09-14,1,FHL,Breiðablik,0,14,1,2.5e-4
2025-09-14,1,FHL,Breiðablik,0,15,1,2.5e-4
2025-09-14,1,FHL,Breiðablik,0,16,1,2.5e-4
2025-09-14,1,FHL,Breiðablik,1,0,10,0.0025
2025-09-14,1,FHL,Breiðablik,1,1,54,0.0135
2025-09-14,1,FHL,Breiðablik,1,2,115,0.02875
2025-09-14,1,FHL,Breiðablik,1,3,167,0.04175
2025-09-14,1,FHL,Breiðablik,1,4,202,0.0505
2025-09-14,1,FHL,Breiðablik,1,5,183,0.04575
2025-09-14,1,FHL,Breiðablik,1,6,149,0.03725
2025-09-14,1,FHL,Breiðablik,1,7,116,0.029
2025-09-14,1,FHL,Breiðablik,1,8,75,0.01875
2025-09-14,1,FHL,Breiðablik,1,9,58,0.0145
2025-09-14,1,FHL,Breiðablik,1,10,32,0.008
2025-09-14,1,FHL,Breiðablik,1,11,14,0.0035
2025-09-14,1,FHL,Breiðablik,1,12,14,0.0035
2025-09-14,1,FHL,Breiðablik,1,13,3,7.5e-4
2025-09-14,1,FHL,Breiðablik,1,14,1,2.5e-4
2025-09-14,1,FHL,Breiðablik,1,15,1,2.5e-4
2025-09-14,1,FHL,Breiðablik,1,16,3,7.5e-4
2025-09-14,1,FHL,Breiðablik,2,0,5,0.00125
2025-09-14,1,FHL,Breiðablik,2,1,8,0.002
2025-09-14,1,FHL,Breiðablik,2,2,30,0.0075
2025-09-14,1,FHL,Breiðablik,2,3,46,0.0115
2025-09-14,1,FHL,Breiðablik,2,4,44,0.011
2025-09-14,1,FHL,Breiðablik,2,5,46,0.0115
2025-09-14,1,FHL,Breiðablik,2,6,37,0.00925
2025-09-14,1,FHL,Breiðablik,2,7,36,0.009
2025-09-14,1,FHL,Breiðablik,2,8,19,0.00475
2025-09-14,1,FHL,Breiðablik,2,9,16,0.004
2025-09-14,1,FHL,Breiðablik,2,10,10,0.0025
2025-09-14,1,FHL,Breiðablik,2,11,3,7.5e-4
2025-09-14,1,FHL,Breiðablik,2,12,2,5e-4
2025-09-14,1,FHL,Breiðablik,2,13,2,5e-4
2025-09-14,1,FHL,Breiðablik,2,14,1,2.5e-4
2025-09-14,1,FHL,Breiðablik,3,0,1,2.5e-4
2025-09-14,1,FHL,Breiðablik,3,1,2,5e-4
2025-09-14,1,FHL,Breiðablik,3,2,4,0.001
2025-09-14,1,FHL,Breiðablik,3,3,4,0.001
2025-09-14,1,FHL,Breiðablik,3,4,8,0.002
2025-09-14,1,FHL,Breiðablik,3,5,6,0.0015
2025-09-14,1,FHL,Breiðablik,3,6,1,2.5e-4
2025-09-14,1,FHL,Breiðablik,3,7,5,0.00125
2025-09-14,1,FHL,Breiðablik,3,8,3,7.5e-4
2025-09-14,1,FHL,Breiðablik,3,10,4,0.001
2025-09-14,1,FHL,Breiðablik,3,11,1,2.5e-4
2025-09-14,1,FHL,Breiðablik,3,13,2,5e-4
2025-09-14,1,FHL,Breiðablik,4,2,2,5e-4
2025-09-14,1,FHL,Breiðablik,4,3,1,2.5e-4
2025-09-14,1,FHL,Breiðablik,4,4,4,0.001
2025-09-14,1,FHL,Breiðablik,4,5,1,2.5e-4
2025-09-14,1,FHL,Breiðablik,4,8,2,5e-4
2025-09-14,1,FHL,Breiðablik,5,3,1,2.5e-4
2025-09-14,1,FHL,Breiðablik,5,4,1,2.5e-4
2025-09-14,1,Valur,Tindastóll,0,0,195,0.04875
2025-09-14,1,Valur,Tindastóll,0,1,98,0.0245
2025-09-14,1,Valur,Tindastóll,0,2,43,0.01075
2025-09-14,1,Valur,Tindastóll,0,3,14,0.0035
2025-09-14,1,Valur,Tindastóll,0,4,2,5e-4
2025-09-14,1,Valur,Tindastóll,1,0,325,0.08125
2025-09-14,1,Valur,Tindastóll,1,1,285,0.07125
2025-09-14,1,Valur,Tindastóll,1,2,111,0.02775
2025-09-14,1,Valur,Tindastóll,1,3,22,0.0055
2025-09-14,1,Valur,Tindastóll,1,4,8,0.002
2025-09-14,1,Valur,Tindastóll,1,6,1,2.5e-4
2025-09-14,1,Valur,Tindastóll,2,0,445,0.11125
2025-09-14,1,Valur,Tindastóll,2,1,294,0.0735
2025-09-14,1,Valur,Tindastóll,2,2,137,0.03425
2025-09-14,1,Valur,Tindastóll,2,3,22,0.0055
2025-09-14,1,Valur,Tindastóll,2,4,9,0.00225
2025-09-14,1,Valur,Tindastóll,2,5,1,2.5e-4
2025-09-14,1,Valur,Tindastóll,2,6,1,2.5e-4
2025-09-14,1,Valur,Tindastóll,3,0,385,0.09625
2025-09-14,1,Valur,Tindastóll,3,1,273,0.06825
2025-09-14,1,Valur,Tindastóll,3,2,94,0.0235
2025-09-14,1,Valur,Tindastóll,3,3,30,0.0075
2025-09-14,1,Valur,Tindastóll,3,4,11,0.00275
2025-09-14,1,Valur,Tindastóll,3,5,2,5e-4
2025-09-14,1,Valur,Tindastóll,4,0,246,0.0615
2025-09-14,1,Valur,Tindastóll,4,1,203,0.05075
2025-09-14,1,Valur,Tindastóll,4,2,69,0.01725
2025-09-14,1,Valur,Tindastóll,4,3,23,0.00575
2025-09-14,1,Valur,Tindastóll,4,4,5,0.00125
2025-09-14,1,Valur,Tindastóll,4,6,1,2.5e-4
2025-09-14,1,Valur,Tindastóll,5,0,149,0.03725
2025-09-14,1,Valur,Tindastóll,5,1,101,0.02525
2025-09-14,1,Valur,Tindastóll,5,2,43,0.01075
2025-09-14,1,Valur,Tindastóll,5,3,11,0.00275
2025-09-14,1,Valur,Tindastóll,5,4,3,7.5e-4
2025-09-14,1,Valur,Tindastóll,6,0,98,0.0245
2025-09-14,1,Valur,Tindastóll,6,1,60,0.015
2025-09-14,1,Valur,Tindastóll,6,2,27,0.00675
2025-09-14,1,Valur,Tindastóll,6,3,8,0.002
2025-09-14,1,Valur,Tindastóll,6,4,4,0.001
2025-09-14,1,Valur,Tindastóll,6,5,1,2.5e-4
2025-09-14,1,Valur,Tindastóll,7,0,37,0.00925
2025-09-14,1,Valur,Tindastóll,7,1,25,0.00625
2025-09-14,1,Valur,Tindastóll,7,2,8,0.002
2025-09-14,1,Valur,Tindastóll,8,0,11,0.00275
2025-09-14,1,Valur,Tindastóll,8,1,14,0.0035
2025-09-14,1,Valur,Tindastóll,8,2,7,0.00175
2025-09-14,1,Valur,Tindastóll,8,3,1,2.5e-4
2025-09-14,1,Valur,Tindastóll,9,0,14,0.0035
2025-09-14,1,Valur,Tindastóll,9,1,7,0.00175
2025-09-14,1,Valur,Tindastóll,9,2,2,5e-4
2025-09-14,1,Valur,Tindastóll,10,0,6,0.0015
2025-09-14,1,Valur,Tindastóll,10,1,2,5e-4
2025-09-14,1,Valur,Tindastóll,11,0,1,2.5e-4
2025-09-14,1,Valur,Tindastóll,11,1,2,5e-4
2025-09-14,1,Valur,Tindastóll,11,4,1,2.5e-4
2025-09-14,1,Valur,Tindastóll,12,0,2,5e-4
2025-09-20,1,Breiðablik,Þór/KA,0,0,67,0.01675
2025-09-20,1,Breiðablik,Þór/KA,0,1,49,0.01225
2025-09-20,1,Breiðablik,Þór/KA,0,2,22,0.0055
2025-09-20,1,Breiðablik,Þór/KA,0,3,6,0.0015
2025-09-20,1,Breiðablik,Þór/KA,0,4,1,2.5e-4
2025-09-20,1,Breiðablik,Þór/KA,1,0,186,0.0465
2025-09-20,1,Breiðablik,Þór/KA,1,1,158,0.0395
2025-09-20,1,Breiðablik,Þór/KA,1,2,75,0.01875
2025-09-20,1,Breiðablik,Þór/KA,1,3,15,0.00375
2025-09-20,1,Breiðablik,Þór/KA,1,4,7,0.00175
2025-09-20,1,Breiðablik,Þór/KA,1,5,1,2.5e-4
2025-09-20,1,Breiðablik,Þór/KA,1,6,1,2.5e-4
2025-09-20,1,Breiðablik,Þór/KA,2,0,275,0.06875
2025-09-20,1,Breiðablik,Þór/KA,2,1,221,0.05525
2025-09-20,1,Breiðablik,Þór/KA,2,2,108,0.027
2025-09-20,1,Breiðablik,Þór/KA,2,3,32,0.008
2025-09-20,1,Breiðablik,Þór/KA,2,4,17,0.00425
2025-09-20,1,Breiðablik,Þór/KA,2,5,1,2.5e-4
2025-09-20,1,Breiðablik,Þór/KA,2,6,2,5e-4
2025-09-20,1,Breiðablik,Þór/KA,3,0,349,0.08725
2025-09-20,1,Breiðablik,Þór/KA,3,1,247,0.06175
2025-09-20,1,Breiðablik,Þór/KA,3,2,121,0.03025
2025-09-20,1,Breiðablik,Þór/KA,3,3,40,0.01
2025-09-20,1,Breiðablik,Þór/KA,3,4,12,0.003
2025-09-20,1,Breiðablik,Þór/KA,3,5,2,5e-4
2025-09-20,1,Breiðablik,Þór/KA,4,0,278,0.0695
2025-09-20,1,Breiðablik,Þór/KA,4,1,226,0.0565
2025-09-20,1,Breiðablik,Þór/KA,4,2,101,0.02525
2025-09-20,1,Breiðablik,Þór/KA,4,3,35,0.00875
2025-09-20,1,Breiðablik,Þór/KA,4,4,12,0.003
2025-09-20,1,Breiðablik,Þór/KA,4,5,1,2.5e-4
2025-09-20,1,Breiðablik,Þór/KA,5,0,228,0.057
2025-09-20,1,Breiðablik,Þór/KA,5,1,169,0.04225
2025-09-20,1,Breiðablik,Þór/KA,5,2,72,0.018
2025-09-20,1,Breiðablik,Þór/KA,5,3,24,0.006
2025-09-20,1,Breiðablik,Þór/KA,5,4,6,0.0015
2025-09-20,1,Breiðablik,Þór/KA,5,5,4,0.001
2025-09-20,1,Breiðablik,Þór/KA,5,6,2,5e-4
2025-09-20,1,Breiðablik,Þór/KA,6,0,153,0.03825
2025-09-20,1,Breiðablik,Þór/KA,6,1,99,0.02475
2025-09-20,1,Breiðablik,Þór/KA,6,2,43,0.01075
2025-09-20,1,Breiðablik,Þór/KA,6,3,25,0.00625
2025-09-20,1,Breiðablik,Þór/KA,6,4,7,0.00175
2025-09-20,1,Breiðablik,Þór/KA,6,5,2,5e-4
2025-09-20,1,Breiðablik,Þór/KA,6,6,2,5e-4
2025-09-20,1,Breiðablik,Þór/KA,6,9,1,2.5e-4
2025-09-20,1,Breiðablik,Þór/KA,7,0,100,0.025
2025-09-20,1,Breiðablik,Þór/KA,7,1,85,0.02125
2025-09-20,1,Breiðablik,Þór/KA,7,2,34,0.0085
2025-09-20,1,Breiðablik,Þór/KA,7,3,13,0.00325
2025-09-20,1,Breiðablik,Þór/KA,7,4,4,0.001
2025-09-20,1,Breiðablik,Þór/KA,7,5,1,2.5e-4
2025-09-20,1,Breiðablik,Þór/KA,8,0,56,0.014
2025-09-20,1,Breiðablik,Þór/KA,8,1,48,0.012
2025-09-20,1,Breiðablik,Þór/KA,8,2,20,0.005
2025-09-20,1,Breiðablik,Þór/KA,8,3,7,0.00175
2025-09-20,1,Breiðablik,Þór/KA,8,5,1,2.5e-4
2025-09-20,1,Breiðablik,Þór/KA,9,0,25,0.00625
2025-09-20,1,Breiðablik,Þór/KA,9,1,24,0.006
2025-09-20,1,Breiðablik,Þór/KA,9,2,10,0.0025
2025-09-20,1,Breiðablik,Þór/KA,9,3,3,7.5e-4
2025-09-20,1,Breiðablik,Þór/KA,9,4,1,2.5e-4
2025-09-20,1,Breiðablik,Þór/KA,10,0,15,0.00375
2025-09-20,1,Breiðablik,Þór/KA,10,1,14,0.0035
2025-09-20,1,Breiðablik,Þór/KA,10,2,5,0.00125
2025-09-20,1,Breiðablik,Þór/KA,10,3,3,7.5e-4
2025-09-20,1,Breiðablik,Þór/KA,10,4,1,2.5e-4
2025-09-20,1,Breiðablik,Þór/KA,11,0,8,0.002
2025-09-20,1,Breiðablik,Þór/KA,11,1,2,5e-4
2025-09-20,1,Breiðablik,Þór/KA,11,2,2,5e-4
2025-09-20,1,Breiðablik,Þór/KA,11,3,2,5e-4
2025-09-20,1,Breiðablik,Þór/KA,12,0,4,0.001
2025-09-20,1,Breiðablik,Þór/KA,12,1,3,7.5e-4
2025-09-20,1,Breiðablik,Þór/KA,13,0,1,2.5e-4
2025-09-20,1,Breiðablik,Þór/KA,13,3,1,2.5e-4
2025-09-20,1,Breiðablik,Þór/KA,15,0,1,2.5e-4
2025-09-20,1,Breiðablik,Þór/KA,15,2,1,2.5e-4
2025-09-20,1,Fram,Valur,0,0,130,0.0325
2025-09-20,1,Fram,Valur,0,1,246,0.0615
2025-09-20,1,Fram,Valur,0,2,307,0.07675
2025-09-20,1,Fram,Valur,0,3,262,0.0655
2025-09-20,1,Fram,Valur,0,4,169,0.04225
2025-09-20,1,Fram,Valur,0,5,118,0.0295
2025-09-20,1,Fram,Valur,0,6,59,0.01475
2025-09-20,1,Fram,Valur,0,7,32,0.008
2025-09-20,1,Fram,Valur,0,8,12,0.003
2025-09-20,1,Fram,Valur,0,9,8,0.002
2025-09-20,1,Fram,Valur,0,10,2,5e-4
2025-09-20,1,Fram,Valur,0,11,2,5e-4
2025-09-20,1,Fram,Valur,0,13,1,2.5e-4
2025-09-20,1,Fram,Valur,1,0,90,0.0225
2025-09-20,1,Fram,Valur,1,1,271,0.06775
2025-09-20,1,Fram,Valur,1,2,313,0.07825
2025-09-20,1,Fram,Valur,1,3,226,0.0565
2025-09-20,1,Fram,Valur,1,4,190,0.0475
2025-09-20,1,Fram,Valur,1,5,111,0.02775
2025-09-20,1,Fram,Valur,1,6,73,0.01825
2025-09-20,1,Fram,Valur,1,7,29,0.00725
2025-09-20,1,Fram,Valur,1,8,14,0.0035
2025-09-20,1,Fram,Valur,1,9,10,0.0025
2025-09-20,1,Fram,Valur,1,10,5,0.00125
2025-09-20,1,Fram,Valur,1,12,1,2.5e-4
2025-09-20,1,Fram,Valur,2,0,63,0.01575
2025-09-20,1,Fram,Valur,2,1,148,0.037
2025-09-20,1,Fram,Valur,2,2,193,0.04825
2025-09-20,1,Fram,Valur,2,3,176,0.044
2025-09-20,1,Fram,Valur,2,4,109,0.02725
2025-09-20,1,Fram,Valur,2,5,58,0.0145
2025-09-20,1,Fram,Valur,2,6,36,0.009
2025-09-20,1,Fram,Valur,2,7,17,0.00425
2025-09-20,1,Fram,Valur,2,8,9,0.00225
2025-09-20,1,Fram,Valur,2,9,4,0.001
2025-09-20,1,Fram,Valur,2,10,1,2.5e-4
2025-09-20,1,Fram,Valur,2,11,2,5e-4
2025-09-20,1,Fram,Valur,2,12,1,2.5e-4
2025-09-20,1,Fram,Valur,3,0,26,0.0065
2025-09-20,1,Fram,Valur,3,1,39,0.00975
2025-09-20,1,Fram,Valur,3,2,85,0.02125
2025-09-20,1,Fram,Valur,3,3,83,0.02075
2025-09-20,1,Fram,Valur,3,4,56,0.014
2025-09-20,1,Fram,Valur,3,5,22,0.0055
2025-09-20,1,Fram,Valur,3,6,15,0.00375
2025-09-20,1,Fram,Valur,3,7,7,0.00175
2025-09-20,1,Fram,Valur,3,8,4,0.001
2025-09-20,1,Fram,Valur,4,0,4,0.001
2025-09-20,1,Fram,Valur,4,1,24,0.006
2025-09-20,1,Fram,Valur,4,2,23,0.00575
2025-09-20,1,Fram,Valur,4,3,22,0.0055
2025-09-20,1,Fram,Valur,4,4,14,0.0035
2025-09-20,1,Fram,Valur,4,5,11,0.00275
2025-09-20,1,Fram,Valur,4,6,6,0.0015
2025-09-20,1,Fram,Valur,4,7,1,2.5e-4
2025-09-20,1,Fram,Valur,4,9,2,5e-4
2025-09-20,1,Fram,Valur,5,0,5,0.00125
2025-09-20,1,Fram,Valur,5,1,6,0.0015
2025-09-20,1,Fram,Valur,5,2,9,0.00225
2025-09-20,1,Fram,Valur,5,3,8,0.002
2025-09-20,1,Fram,Valur,5,4,5,0.00125
2025-09-20,1,Fram,Valur,5,5,2,5e-4
2025-09-20,1,Fram,Valur,5,6,3,7.5e-4
2025-09-20,1,Fram,Valur,6,0,2,5e-4
2025-09-20,1,Fram,Valur,6,1,1,2.5e-4
2025-09-20,1,Fram,Valur,6,2,6,0.0015
2025-09-20,1,Fram,Valur,6,3,4,0.001
2025-09-20,1,Fram,Valur,6,4,2,5e-4
2025-09-20,1,Fram,Valur,6,5,1,2.5e-4
2025-09-20,1,Fram,Valur,6,8,1,2.5e-4
2025-09-20,1,Fram,Valur,7,1,1,2.5e-4
2025-09-20,1,Fram,Valur,7,2,1,2.5e-4
2025-09-20,1,Fram,Valur,8,5,1,2.5e-4
2025-09-20,1,Tindastóll,FH,0,0,112,0.028
2025-09-20,1,Tindastóll,FH,0,1,261,0.06525
2025-09-20,1,Tindastóll,FH,0,2,320,0.08
2025-09-20,1,Tindastóll,FH,0,3,269,0.06725
2025-09-20,1,Tindastóll,FH,0,4,163,0.04075
2025-09-20,1,Tindastóll,FH,0,5,96,0.024
2025-09-20,1,Tindastóll,FH,0,6,40,0.01
2025-09-20,1,Tindastóll,FH,0,7,28,0.007
2025-09-20,1,Tindastóll,FH,0,8,10,0.0025
2025-09-20,1,Tindastóll,FH,0,9,4,0.001
2025-09-20,1,Tindastóll,FH,0,10,2,5e-4
2025-09-20,1,Tindastóll,FH,0,11,1,2.5e-4
2025-09-20,1,Tindastóll,FH,0,12,2,5e-4
2025-09-20,1,Tindastóll,FH,1,0,118,0.0295
2025-09-20,1,Tindastóll,FH,1,1,278,0.0695
2025-09-20,1,Tindastóll,FH,1,2,286,0.0715
2025-09-20,1,Tindastóll,FH,1,3,271,0.06775
2025-09-20,1,Tindastóll,FH,1,4,175,0.04375
2025-09-20,1,Tindastóll,FH,1,5,87,0.02175
2025-09-20,1,Tindastóll,FH,1,6,50,0.0125
2025-09-20,1,Tindastóll,FH,1,7,30,0.0075
2025-09-20,1,Tindastóll,FH,1,8,11,0.00275
2025-09-20,1,Tindastóll,FH,1,9,7,0.00175
2025-09-20,1,Tindastóll,FH,1,11,2,5e-4
2025-09-20,1,Tindastóll,FH,2,0,69,0.01725
2025-09-20,1,Tindastóll,FH,2,1,168,0.042
2025-09-20,1,Tindastóll,FH,2,2,198,0.0495
2025-09-20,1,Tindastóll,FH,2,3,164,0.041
2025-09-20,1,Tindastóll,FH,2,4,101,0.02525
2025-09-20,1,Tindastóll,FH,2,5,64,0.016
2025-09-20,1,Tindastóll,FH,2,6,25,0.00625
2025-09-20,1,Tindastóll,FH,2,7,19,0.00475
2025-09-20,1,Tindastóll,FH,2,8,8,0.002
2025-09-20,1,Tindastóll,FH,2,9,1,2.5e-4
2025-09-20,1,Tindastóll,FH,3,0,24,0.006
2025-09-20,1,Tindastóll,FH,3,1,78,0.0195
2025-09-20,1,Tindastóll,FH,3,2,89,0.02225
2025-09-20,1,Tindastóll,FH,3,3,82,0.0205
2025-09-20,1,Tindastóll,FH,3,4,40,0.01
2025-09-20,1,Tindastóll,FH,3,5,23,0.00575
2025-09-20,1,Tindastóll,FH,3,6,20,0.005
2025-09-20,1,Tindastóll,FH,3,7,10,0.0025
2025-09-20,1,Tindastóll,FH,3,9,1,2.5e-4
2025-09-20,1,Tindastóll,FH,4,0,10,0.0025
2025-09-20,1,Tindastóll,FH,4,1,23,0.00575
2025-09-20,1,Tindastóll,FH,4,2,36,0.009
2025-09-20,1,Tindastóll,FH,4,3,24,0.006
2025-09-20,1,Tindastóll,FH,4,4,27,0.00675
2025-09-20,1,Tindastóll,FH,4,5,7,0.00175
2025-09-20,1,Tindastóll,FH,4,6,6,0.0015
2025-09-20,1,Tindastóll,FH,4,7,4,0.001
2025-09-20,1,Tindastóll,FH,4,8,1,2.5e-4
2025-09-20,1,Tindastóll,FH,4,9,1,2.5e-4
2025-09-20,1,Tindastóll,FH,4,12,1,2.5e-4
2025-09-20,1,Tindastóll,FH,5,0,3,7.5e-4
2025-09-20,1,Tindastóll,FH,5,1,6,0.0015
2025-09-20,1,Tindastóll,FH,5,2,11,0.00275
2025-09-20,1,Tindastóll,FH,5,3,2,5e-4
2025-09-20,1,Tindastóll,FH,5,4,4,0.001
2025-09-20,1,Tindastóll,FH,5,5,5,0.00125
2025-09-20,1,Tindastóll,FH,5,6,2,5e-4
2025-09-20,1,Tindastóll,FH,5,7,2,5e-4
2025-09-20,1,Tindastóll,FH,5,9,1,2.5e-4
2025-09-20,1,Tindastóll,FH,6,0,2,5e-4
2025-09-20,1,Tindastóll,FH,6,1,2,5e-4
2025-09-20,1,Tindastóll,FH,6,2,3,7.5e-4
2025-09-20,1,Tindastóll,FH,6,3,2,5e-4
2025-09-20,1,Tindastóll,FH,6,4,2,5e-4
2025-09-20,1,Tindastóll,FH,6,6,1,2.5e-4
2025-09-20,1,Tindastóll,FH,6,7,1,2.5e-4
2025-09-20,1,Tindastóll,FH,7,2,1,2.5e-4
2025-09-20,1,Tindastóll,FH,7,3,1,2.5e-4
2025-09-20,1,Tindastóll,FH,7,6,1,2.5e-4
2025-09-20,1,Tindastóll,FH,8,5,1,2.5e-4
2025-09-20,1,Víkingur R.,FHL,0,0,112,0.028
2025-09-20,1,Víkingur R.,FHL,0,1,62,0.0155
2025-09-20,1,Víkingur R.,FHL,0,2,18,0.0045
2025-09-20,1,Víkingur R.,FHL,0,3,7,0.00175
2025-09-20,1,Víkingur R.,FHL,0,4,1,2.5e-4
2025-09-20,1,Víkingur R.,FHL,1,0,309,0.07725
2025-09-20,1,Víkingur R.,FHL,1,1,183,0.04575
2025-09-20,1,Víkingur R.,FHL,1,2,60,0.015
2025-09-20,1,Víkingur R.,FHL,1,3,16,0.004
2025-09-20,1,Víkingur R.,FHL,1,4,2,5e-4
2025-09-20,1,Víkingur R.,FHL,1,5,2,5e-4
2025-09-20,1,Víkingur R.,FHL,2,0,402,0.1005
2025-09-20,1,Víkingur R.,FHL,2,1,275,0.06875
2025-09-20,1,Víkingur R.,FHL,2,2,90,0.0225
2025-09-20,1,Víkingur R.,FHL,2,3,16,0.004
2025-09-20,1,Víkingur R.,FHL,2,4,6,0.0015
2025-09-20,1,Víkingur R.,FHL,2,7,1,2.5e-4
2025-09-20,1,Víkingur R.,FHL,3,0,378,0.0945
2025-09-20,1,Víkingur R.,FHL,3,1,267,0.06675
2025-09-20,1,Víkingur R.,FHL,3,2,92,0.023
2025-09-20,1,Víkingur R.,FHL,3,3,20,0.005
2025-09-20,1,Víkingur R.,FHL,3,4,6,0.0015
2025-09-20,1,Víkingur R.,FHL,3,5,1,2.5e-4
2025-09-20,1,Víkingur R.,FHL,4,0,333,0.08325
2025-09-20,1,Víkingur R.,FHL,4,1,226,0.0565
2025-09-20,1,Víkingur R.,FHL,4,2,63,0.01575
2025-09-20,1,Víkingur R.,FHL,4,3,23,0.00575
2025-09-20,1,Víkingur R.,FHL,4,4,1,2.5e-4
2025-09-20,1,Víkingur R.,FHL,4,5,1,2.5e-4
2025-09-20,1,Víkingur R.,FHL,5,0,223,0.05575
2025-09-20,1,Víkingur R.,FHL,5,1,135,0.03375
2025-09-20,1,Víkingur R.,FHL,5,2,47,0.01175
2025-09-20,1,Víkingur R.,FHL,5,3,21,0.00525
2025-09-20,1,Víkingur R.,FHL,5,4,4,0.001
2025-09-20,1,Víkingur R.,FHL,5,5,2,5e-4
2025-09-20,1,Víkingur R.,FHL,5,6,1,2.5e-4
2025-09-20,1,Víkingur R.,FHL,6,0,129,0.03225
2025-09-20,1,Víkingur R.,FHL,6,1,85,0.02125
2025-09-20,1,Víkingur R.,FHL,6,2,31,0.00775
2025-09-20,1,Víkingur R.,FHL,6,3,13,0.00325
2025-09-20,1,Víkingur R.,FHL,6,4,4,0.001
2025-09-20,1,Víkingur R.,FHL,6,5,1,2.5e-4
2025-09-20,1,Víkingur R.,FHL,6,8,1,2.5e-4
2025-09-20,1,Víkingur R.,FHL,7,0,78,0.0195
2025-09-20,1,Víkingur R.,FHL,7,1,56,0.014
2025-09-20,1,Víkingur R.,FHL,7,2,24,0.006
2025-09-20,1,Víkingur R.,FHL,7,3,4,0.001
2025-09-20,1,Víkingur R.,FHL,7,4,2,5e-4
2025-09-20,1,Víkingur R.,FHL,8,0,44,0.011
2025-09-20,1,Víkingur R.,FHL,8,1,27,0.00675
2025-09-20,1,Víkingur R.,FHL,8,2,9,0.00225
2025-09-20,1,Víkingur R.,FHL,8,3,2,5e-4
2025-09-20,1,Víkingur R.,FHL,8,4,2,5e-4
2025-09-20,1,Víkingur R.,FHL,9,0,19,0.00475
2025-09-20,1,Víkingur R.,FHL,9,1,15,0.00375
2025-09-20,1,Víkingur R.,FHL,9,2,7,0.00175
2025-09-20,1,Víkingur R.,FHL,9,3,5,0.00125
2025-09-20,1,Víkingur R.,FHL,10,0,12,0.003
2025-09-20,1,Víkingur R.,FHL,10,1,4,0.001
2025-09-20,1,Víkingur R.,FHL,10,2,3,7.5e-4
2025-09-20,1,Víkingur R.,FHL,10,4,1,2.5e-4
2025-09-20,1,Víkingur R.,FHL,11,0,4,0.001
2025-09-20,1,Víkingur R.,FHL,11,1,5,0.00125
2025-09-20,1,Víkingur R.,FHL,11,2,1,2.5e-4
2025-09-20,1,Víkingur R.,FHL,12,0,1,2.5e-4
2025-09-20,1,Víkingur R.,FHL,12,1,2,5e-4
2025-09-20,1,Víkingur R.,FHL,12,2,1,2.5e-4
2025-09-20,1,Víkingur R.,FHL,12,5,1,2.5e-4
2025-09-20,1,Víkingur R.,FHL,14,1,1,2.5e-4
2025-09-20,1,Þróttur R.,Stjarnan,0,0,229,0.05725
2025-09-20,1,Þróttur R.,Stjarnan,0,1,187,0.04675
2025-09-20,1,Þróttur R.,Stjarnan,0,2,66,0.0165
2025-09-20,1,Þróttur R.,Stjarnan,0,3,35,0.00875
2025-09-20,1,Þróttur R.,Stjarnan,0,4,7,0.00175
2025-09-20,1,Þróttur R.,Stjarnan,0,5,1,2.5e-4
2025-09-20,1,Þróttur R.,Stjarnan,1,0,414,0.1035
2025-09-20,1,Þróttur R.,Stjarnan,1,1,350,0.0875
2025-09-20,1,Þróttur R.,Stjarnan,1,2,149,0.03725
2025-09-20,1,Þróttur R.,Stjarnan,1,3,49,0.01225
2025-09-20,1,Þróttur R.,Stjarnan,1,4,11,0.00275
2025-09-20,1,Þróttur R.,Stjarnan,1,5,3,7.5e-4
2025-09-20,1,Þróttur R.,Stjarnan,1,7,1,2.5e-4
2025-09-20,1,Þróttur R.,Stjarnan,2,0,394,0.0985
2025-09-20,1,Þróttur R.,Stjarnan,2,1,341,0.08525
2025-09-20,1,Þróttur R.,Stjarnan,2,2,166,0.0415
2025-09-20,1,Þróttur R.,Stjarnan,2,3,53,0.01325
2025-09-20,1,Þróttur R.,Stjarnan,2,4,17,0.00425
2025-09-20,1,Þróttur R.,Stjarnan,2,5,5,0.00125
2025-09-20,1,Þróttur R.,Stjarnan,2,6,2,5e-4
2025-09-20,1,Þróttur R.,Stjarnan,3,0,320,0.08
2025-09-20,1,Þróttur R.,Stjarnan,3,1,256,0.064
2025-09-20,1,Þróttur R.,Stjarnan,3,2,112,0.028
2025-09-20,1,Þróttur R.,Stjarnan,3,3,45,0.01125
2025-09-20,1,Þróttur R.,Stjarnan,3,4,14,0.0035
2025-09-20,1,Þróttur R.,Stjarnan,3,5,1,2.5e-4
2025-09-20,1,Þróttur R.,Stjarnan,4,0,162,0.0405
2025-09-20,1,Þróttur R.,Stjarnan,4,1,147,0.03675
2025-09-20,1,Þróttur R.,Stjarnan,4,2,58,0.0145
2025-09-20,1,Þróttur R.,Stjarnan,4,3,18,0.0045
2025-09-20,1,Þróttur R.,Stjarnan,4,4,10,0.0025
2025-09-20,1,Þróttur R.,Stjarnan,4,5,1,2.5e-4
2025-09-20,1,Þróttur R.,Stjarnan,4,7,1,2.5e-4
2025-09-20,1,Þróttur R.,Stjarnan,5,0,95,0.02375
2025-09-20,1,Þróttur R.,Stjarnan,5,1,74,0.0185
2025-09-20,1,Þróttur R.,Stjarnan,5,2,33,0.00825
2025-09-20,1,Þróttur R.,Stjarnan,5,3,11,0.00275
2025-09-20,1,Þróttur R.,Stjarnan,5,4,4,0.001
2025-09-20,1,Þróttur R.,Stjarnan,5,5,1,2.5e-4
2025-09-20,1,Þróttur R.,Stjarnan,5,6,1,2.5e-4
2025-09-20,1,Þróttur R.,Stjarnan,6,0,50,0.0125
2025-09-20,1,Þróttur R.,Stjarnan,6,1,27,0.00675
2025-09-20,1,Þróttur R.,Stjarnan,6,2,14,0.0035
2025-09-20,1,Þróttur R.,Stjarnan,6,3,4,0.001
2025-09-20,1,Þróttur R.,Stjarnan,6,4,4,0.001
2025-09-20,1,Þróttur R.,Stjarnan,7,0,13,0.00325
2025-09-20,1,Þróttur R.,Stjarnan,7,1,13,0.00325
2025-09-20,1,Þróttur R.,Stjarnan,7,2,10,0.0025
2025-09-20,1,Þróttur R.,Stjarnan,7,3,3,7.5e-4
2025-09-20,1,Þróttur R.,Stjarnan,8,0,4,0.001
2025-09-20,1,Þróttur R.,Stjarnan,8,1,2,5e-4
2025-09-20,1,Þróttur R.,Stjarnan,8,2,2,5e-4
2025-09-20,1,Þróttur R.,Stjarnan,8,3,1,2.5e-4
2025-09-20,1,Þróttur R.,Stjarnan,9,0,1,2.5e-4
2025-09-20,1,Þróttur R.,Stjarnan,9,1,3,7.5e-4
2025-09-20,1,Þróttur R.,Stjarnan,9,2,1,2.5e-4
2025-09-20,1,Þróttur R.,Stjarnan,10,1,1,2.5e-4
2025-09-20,1,Þróttur R.,Stjarnan,11,1,1,2.5e-4
2025-09-20,1,Þróttur R.,Stjarnan,11,2,1,2.5e-4
2025-09-20,1,Þróttur R.,Stjarnan,13,1,1,2.5e-4
