date,division,home,away,home_goals,away_goals,n,p
2025-07-14,1,Afturelding,Fram,0,0,288,0.072
2025-07-14,1,Afturelding,Fram,0,1,279,0.06975
2025-07-14,1,Afturelding,Fram,0,2,205,0.05125
2025-07-14,1,Afturelding,Fram,0,3,88,0.022
2025-07-14,1,Afturelding,Fram,0,4,25,0.00625
2025-07-14,1,Afturelding,Fram,0,5,9,0.00225
2025-07-14,1,Afturelding,Fram,0,6,3,7.5e-4
2025-07-14,1,Afturelding,Fram,1,0,333,0.08325
2025-07-14,1,Afturelding,Fram,1,1,478,0.1195
2025-07-14,1,Afturelding,Fram,1,2,269,0.06725
2025-07-14,1,Afturelding,Fram,1,3,131,0.03275
2025-07-14,1,Afturelding,Fram,1,4,39,0.00975
2025-07-14,1,Afturelding,Fram,1,5,13,0.00325
2025-07-14,1,Afturelding,Fram,1,6,3,7.5e-4
2025-07-14,1,Afturelding,Fram,2,0,267,0.06675
2025-07-14,1,Afturelding,Fram,2,1,367,0.09175
2025-07-14,1,Afturelding,Fram,2,2,219,0.05475
2025-07-14,1,Afturelding,Fram,2,3,99,0.02475
2025-07-14,1,Afturelding,Fram,2,4,41,0.01025
2025-07-14,1,Afturelding,Fram,2,5,8,0.002
2025-07-14,1,Afturelding,Fram,2,6,3,7.5e-4
2025-07-14,1,Afturelding,Fram,2,7,4,0.001
2025-07-14,1,Afturelding,Fram,3,0,147,0.03675
2025-07-14,1,Afturelding,Fram,3,1,164,0.041
2025-07-14,1,Afturelding,Fram,3,2,128,0.032
2025-07-14,1,Afturelding,Fram,3,3,61,0.01525
2025-07-14,1,Afturelding,Fram,3,4,14,0.0035
2025-07-14,1,Afturelding,Fram,3,5,10,0.0025
2025-07-14,1,Afturelding,Fram,3,6,1,2.5e-4
2025-07-14,1,Afturelding,Fram,4,0,48,0.012
2025-07-14,1,Afturelding,Fram,4,1,78,0.0195
2025-07-14,1,Afturelding,Fram,4,2,32,0.008
2025-07-14,1,Afturelding,Fram,4,3,21,0.00525
2025-07-14,1,Afturelding,Fram,4,4,11,0.00275
2025-07-14,1,Afturelding,Fram,4,8,1,2.5e-4
2025-07-14,1,Afturelding,Fram,5,0,26,0.0065
2025-07-14,1,Afturelding,Fram,5,1,21,0.00525
2025-07-14,1,Afturelding,Fram,5,2,23,0.00575
2025-07-14,1,Afturelding,Fram,5,3,7,0.00175
2025-07-14,1,Afturelding,Fram,5,4,3,7.5e-4
2025-07-14,1,Afturelding,Fram,5,5,1,2.5e-4
2025-07-14,1,Afturelding,Fram,6,0,9,0.00225
2025-07-14,1,Afturelding,Fram,6,1,10,0.0025
2025-07-14,1,Afturelding,Fram,6,2,4,0.001
2025-07-14,1,Afturelding,Fram,6,3,1,2.5e-4
2025-07-14,1,Afturelding,Fram,7,0,3,7.5e-4
2025-07-14,1,Afturelding,Fram,7,1,1,2.5e-4
2025-07-14,1,Afturelding,Fram,7,2,2,5e-4
2025-07-14,1,Afturelding,Fram,7,3,1,2.5e-4
2025-07-14,1,Afturelding,Fram,8,0,1,2.5e-4
2025-07-14,1,ÍA,KR,0,0,52,0.013
2025-07-14,1,ÍA,KR,0,1,89,0.02225
2025-07-14,1,ÍA,KR,0,2,97,0.02425
2025-07-14,1,ÍA,KR,0,3,83,0.02075
2025-07-14,1,ÍA,KR,0,4,38,0.0095
2025-07-14,1,ÍA,KR,0,5,18,0.0045
2025-07-14,1,ÍA,KR,0,6,6,0.0015
2025-07-14,1,ÍA,KR,0,7,3,7.5e-4
2025-07-14,1,ÍA,KR,1,0,78,0.0195
2025-07-14,1,ÍA,KR,1,1,196,0.049
2025-07-14,1,ÍA,KR,1,2,225,0.05625
2025-07-14,1,ÍA,KR,1,3,176,0.044
2025-07-14,1,ÍA,KR,1,4,116,0.029
2025-07-14,1,ÍA,KR,1,5,61,0.01525
2025-07-14,1,ÍA,KR,1,6,19,0.00475
2025-07-14,1,ÍA,KR,1,7,8,0.002
2025-07-14,1,ÍA,KR,1,8,2,5e-4
2025-07-14,1,ÍA,KR,1,9,3,7.5e-4
2025-07-14,1,ÍA,KR,1,10,1,2.5e-4
2025-07-14,1,ÍA,KR,2,0,95,0.02375
2025-07-14,1,ÍA,KR,2,1,236,0.059
2025-07-14,1,ÍA,KR,2,2,293,0.07325
2025-07-14,1,ÍA,KR,2,3,186,0.0465
2025-07-14,1,ÍA,KR,2,4,147,0.03675
2025-07-14,1,ÍA,KR,2,5,64,0.016
2025-07-14,1,ÍA,KR,2,6,25,0.00625
2025-07-14,1,ÍA,KR,2,7,16,0.004
2025-07-14,1,ÍA,KR,2,8,1,2.5e-4
2025-07-14,1,ÍA,KR,2,10,1,2.5e-4
2025-07-14,1,ÍA,KR,3,0,80,0.02
2025-07-14,1,ÍA,KR,3,1,162,0.0405
2025-07-14,1,ÍA,KR,3,2,191,0.04775
2025-07-14,1,ÍA,KR,3,3,175,0.04375
2025-07-14,1,ÍA,KR,3,4,116,0.029
2025-07-14,1,ÍA,KR,3,5,57,0.01425
2025-07-14,1,ÍA,KR,3,6,29,0.00725
2025-07-14,1,ÍA,KR,3,7,8,0.002
2025-07-14,1,ÍA,KR,3,8,5,0.00125
2025-07-14,1,ÍA,KR,3,9,3,7.5e-4
2025-07-14,1,ÍA,KR,4,0,36,0.009
2025-07-14,1,ÍA,KR,4,1,89,0.02225
2025-07-14,1,ÍA,KR,4,2,112,0.028
2025-07-14,1,ÍA,KR,4,3,88,0.022
2025-07-14,1,ÍA,KR,4,4,60,0.015
2025-07-14,1,ÍA,KR,4,5,25,0.00625
2025-07-14,1,ÍA,KR,4,6,19,0.00475
2025-07-14,1,ÍA,KR,4,7,5,0.00125
2025-07-14,1,ÍA,KR,4,8,1,2.5e-4
2025-07-14,1,ÍA,KR,4,9,1,2.5e-4
2025-07-14,1,ÍA,KR,4,10,1,2.5e-4
2025-07-14,1,ÍA,KR,5,0,28,0.007
2025-07-14,1,ÍA,KR,5,1,47,0.01175
2025-07-14,1,ÍA,KR,5,2,77,0.01925
2025-07-14,1,ÍA,KR,5,3,36,0.009
2025-07-14,1,ÍA,KR,5,4,29,0.00725
2025-07-14,1,ÍA,KR,5,5,23,0.00575
2025-07-14,1,ÍA,KR,5,6,7,0.00175
2025-07-14,1,ÍA,KR,5,7,3,7.5e-4
2025-07-14,1,ÍA,KR,5,8,2,5e-4
2025-07-14,1,ÍA,KR,5,9,1,2.5e-4
2025-07-14,1,ÍA,KR,6,0,9,0.00225
2025-07-14,1,ÍA,KR,6,1,21,0.00525
2025-07-14,1,ÍA,KR,6,2,21,0.00525
2025-07-14,1,ÍA,KR,6,3,18,0.0045
2025-07-14,1,ÍA,KR,6,4,11,0.00275
2025-07-14,1,ÍA,KR,6,5,6,0.0015
2025-07-14,1,ÍA,KR,6,6,7,0.00175
2025-07-14,1,ÍA,KR,6,8,1,2.5e-4
2025-07-14,1,ÍA,KR,7,0,2,5e-4
2025-07-14,1,ÍA,KR,7,1,7,0.00175
2025-07-14,1,ÍA,KR,7,2,9,0.00225
2025-07-14,1,ÍA,KR,7,3,6,0.0015
2025-07-14,1,ÍA,KR,7,4,8,0.002
2025-07-14,1,ÍA,KR,7,5,2,5e-4
2025-07-14,1,ÍA,KR,7,6,2,5e-4
2025-07-14,1,ÍA,KR,7,7,1,2.5e-4
2025-07-14,1,ÍA,KR,7,9,1,2.5e-4
2025-07-14,1,ÍA,KR,8,0,1,2.5e-4
2025-07-14,1,ÍA,KR,8,1,4,0.001
2025-07-14,1,ÍA,KR,8,2,2,5e-4
2025-07-14,1,ÍA,KR,8,3,2,5e-4
2025-07-14,1,ÍA,KR,8,4,2,5e-4
2025-07-14,1,ÍA,KR,8,8,1,2.5e-4
2025-07-14,1,ÍA,KR,9,2,1,2.5e-4
2025-07-14,1,ÍA,KR,9,3,1,2.5e-4
2025-07-14,1,ÍA,KR,10,0,1,2.5e-4
2025-07-14,1,ÍA,KR,10,1,1,2.5e-4
2025-07-14,1,ÍA,KR,10,3,1,2.5e-4
2025-07-14,1,ÍBV,Stjarnan,0,0,266,0.0665
2025-07-14,1,ÍBV,Stjarnan,0,1,342,0.0855
2025-07-14,1,ÍBV,Stjarnan,0,2,210,0.0525
2025-07-14,1,ÍBV,Stjarnan,0,3,126,0.0315
2025-07-14,1,ÍBV,Stjarnan,0,4,39,0.00975
2025-07-14,1,ÍBV,Stjarnan,0,5,13,0.00325
2025-07-14,1,ÍBV,Stjarnan,0,6,6,0.0015
2025-07-14,1,ÍBV,Stjarnan,0,7,1,2.5e-4
2025-07-14,1,ÍBV,Stjarnan,1,0,315,0.07875
2025-07-14,1,ÍBV,Stjarnan,1,1,463,0.11575
2025-07-14,1,ÍBV,Stjarnan,1,2,308,0.077
2025-07-14,1,ÍBV,Stjarnan,1,3,139,0.03475
2025-07-14,1,ÍBV,Stjarnan,1,4,60,0.015
2025-07-14,1,ÍBV,Stjarnan,1,5,26,0.0065
2025-07-14,1,ÍBV,Stjarnan,1,6,6,0.0015
2025-07-14,1,ÍBV,Stjarnan,1,7,2,5e-4
2025-07-14,1,ÍBV,Stjarnan,2,0,238,0.0595
2025-07-14,1,ÍBV,Stjarnan,2,1,304,0.076
2025-07-14,1,ÍBV,Stjarnan,2,2,236,0.059
2025-07-14,1,ÍBV,Stjarnan,2,3,113,0.02825
2025-07-14,1,ÍBV,Stjarnan,2,4,35,0.00875
2025-07-14,1,ÍBV,Stjarnan,2,5,23,0.00575
2025-07-14,1,ÍBV,Stjarnan,2,6,2,5e-4
2025-07-14,1,ÍBV,Stjarnan,2,7,2,5e-4
2025-07-14,1,ÍBV,Stjarnan,2,8,2,5e-4
2025-07-14,1,ÍBV,Stjarnan,3,0,112,0.028
2025-07-14,1,ÍBV,Stjarnan,3,1,163,0.04075
2025-07-14,1,ÍBV,Stjarnan,3,2,108,0.027
2025-07-14,1,ÍBV,Stjarnan,3,3,66,0.0165
2025-07-14,1,ÍBV,Stjarnan,3,4,24,0.006
2025-07-14,1,ÍBV,Stjarnan,3,5,8,0.002
2025-07-14,1,ÍBV,Stjarnan,3,6,3,7.5e-4
2025-07-14,1,ÍBV,Stjarnan,4,0,42,0.0105
2025-07-14,1,ÍBV,Stjarnan,4,1,67,0.01675
2025-07-14,1,ÍBV,Stjarnan,4,2,38,0.0095
2025-07-14,1,ÍBV,Stjarnan,4,3,19,0.00475
2025-07-14,1,ÍBV,Stjarnan,4,4,6,0.0015
2025-07-14,1,ÍBV,Stjarnan,4,5,2,5e-4
2025-07-14,1,ÍBV,Stjarnan,5,0,8,0.002
2025-07-14,1,ÍBV,Stjarnan,5,1,17,0.00425
2025-07-14,1,ÍBV,Stjarnan,5,2,10,0.0025
2025-07-14,1,ÍBV,Stjarnan,5,3,9,0.00225
2025-07-14,1,ÍBV,Stjarnan,5,4,1,2.5e-4
2025-07-14,1,ÍBV,Stjarnan,5,5,1,2.5e-4
2025-07-14,1,ÍBV,Stjarnan,6,0,3,7.5e-4
2025-07-14,1,ÍBV,Stjarnan,6,1,4,0.001
2025-07-14,1,ÍBV,Stjarnan,6,2,5,0.00125
2025-07-14,1,ÍBV,Stjarnan,6,3,2,5e-4
2025-07-14,1,ÍBV,Stjarnan,6,6,1,2.5e-4
2025-07-14,1,ÍBV,Stjarnan,7,2,1,2.5e-4
2025-07-14,1,ÍBV,Stjarnan,7,3,2,5e-4
2025-07-14,1,ÍBV,Stjarnan,9,0,1,2.5e-4
2025-07-18,2,Fylkir,Njarðvík,0,0,181,0.04525
2025-07-18,2,Fylkir,Njarðvík,0,1,151,0.03775
2025-07-18,2,Fylkir,Njarðvík,0,2,71,0.01775
2025-07-18,2,Fylkir,Njarðvík,0,3,27,0.00675
2025-07-18,2,Fylkir,Njarðvík,0,4,6,0.0015
2025-07-18,2,Fylkir,Njarðvík,0,5,2,5e-4
2025-07-18,2,Fylkir,Njarðvík,1,0,364,0.091
2025-07-18,2,Fylkir,Njarðvík,1,1,331,0.08275
2025-07-18,2,Fylkir,Njarðvík,1,2,195,0.04875
2025-07-18,2,Fylkir,Njarðvík,1,3,49,0.01225
2025-07-18,2,Fylkir,Njarðvík,1,4,19,0.00475
2025-07-18,2,Fylkir,Njarðvík,1,5,2,5e-4
2025-07-18,2,Fylkir,Njarðvík,1,6,1,2.5e-4
2025-07-18,2,Fylkir,Njarðvík,2,0,390,0.0975
2025-07-18,2,Fylkir,Njarðvík,2,1,323,0.08075
2025-07-18,2,Fylkir,Njarðvík,2,2,146,0.0365
2025-07-18,2,Fylkir,Njarðvík,2,3,57,0.01425
2025-07-18,2,Fylkir,Njarðvík,2,4,15,0.00375
2025-07-18,2,Fylkir,Njarðvík,2,5,6,0.0015
2025-07-18,2,Fylkir,Njarðvík,3,0,308,0.077
2025-07-18,2,Fylkir,Njarðvík,3,1,259,0.06475
2025-07-18,2,Fylkir,Njarðvík,3,2,160,0.04
2025-07-18,2,Fylkir,Njarðvík,3,3,41,0.01025
2025-07-18,2,Fylkir,Njarðvík,3,4,10,0.0025
2025-07-18,2,Fylkir,Njarðvík,3,5,3,7.5e-4
2025-07-18,2,Fylkir,Njarðvík,4,0,175,0.04375
2025-07-18,2,Fylkir,Njarðvík,4,1,169,0.04225
2025-07-18,2,Fylkir,Njarðvík,4,2,90,0.0225
2025-07-18,2,Fylkir,Njarðvík,4,3,34,0.0085
2025-07-18,2,Fylkir,Njarðvík,4,4,10,0.0025
2025-07-18,2,Fylkir,Njarðvík,4,5,1,2.5e-4
2025-07-18,2,Fylkir,Njarðvík,5,0,91,0.02275
2025-07-18,2,Fylkir,Njarðvík,5,1,86,0.0215
2025-07-18,2,Fylkir,Njarðvík,5,2,42,0.0105
2025-07-18,2,Fylkir,Njarðvík,5,3,14,0.0035
2025-07-18,2,Fylkir,Njarðvík,5,4,2,5e-4
2025-07-18,2,Fylkir,Njarðvík,6,0,40,0.01
2025-07-18,2,Fylkir,Njarðvík,6,1,36,0.009
2025-07-18,2,Fylkir,Njarðvík,6,2,17,0.00425
2025-07-18,2,Fylkir,Njarðvík,6,3,5,0.00125
2025-07-18,2,Fylkir,Njarðvík,6,4,2,5e-4
2025-07-18,2,Fylkir,Njarðvík,6,6,1,2.5e-4
2025-07-18,2,Fylkir,Njarðvík,6,7,1,2.5e-4
2025-07-18,2,Fylkir,Njarðvík,7,0,17,0.00425
2025-07-18,2,Fylkir,Njarðvík,7,1,18,0.0045
2025-07-18,2,Fylkir,Njarðvík,7,2,9,0.00225
2025-07-18,2,Fylkir,Njarðvík,7,3,5,0.00125
2025-07-18,2,Fylkir,Njarðvík,8,0,4,0.001
2025-07-18,2,Fylkir,Njarðvík,8,1,7,0.00175
2025-07-18,2,Fylkir,Njarðvík,8,2,1,2.5e-4
2025-07-18,2,Fylkir,Njarðvík,9,0,1,2.5e-4
2025-07-18,2,Fylkir,Njarðvík,9,1,2,5e-4
2025-07-18,2,Fylkir,Njarðvík,10,0,1,2.5e-4
2025-07-18,2,Fylkir,Njarðvík,10,2,1,2.5e-4
2025-07-18,2,Fylkir,Njarðvík,11,1,1,2.5e-4
2025-07-18,2,Grindavík,Selfoss,0,0,89,0.02225
2025-07-18,2,Grindavík,Selfoss,0,1,107,0.02675
2025-07-18,2,Grindavík,Selfoss,0,2,76,0.019
2025-07-18,2,Grindavík,Selfoss,0,3,49,0.01225
2025-07-18,2,Grindavík,Selfoss,0,4,25,0.00625
2025-07-18,2,Grindavík,Selfoss,0,5,8,0.002
2025-07-18,2,Grindavík,Selfoss,0,6,2,5e-4
2025-07-18,2,Grindavík,Selfoss,1,0,179,0.04475
2025-07-18,2,Grindavík,Selfoss,1,1,262,0.0655
2025-07-18,2,Grindavík,Selfoss,1,2,184,0.046
2025-07-18,2,Grindavík,Selfoss,1,3,110,0.0275
2025-07-18,2,Grindavík,Selfoss,1,4,49,0.01225
2025-07-18,2,Grindavík,Selfoss,1,5,12,0.003
2025-07-18,2,Grindavík,Selfoss,1,6,4,0.001
2025-07-18,2,Grindavík,Selfoss,1,7,2,5e-4
2025-07-18,2,Grindavík,Selfoss,2,0,193,0.04825
2025-07-18,2,Grindavík,Selfoss,2,1,323,0.08075
2025-07-18,2,Grindavík,Selfoss,2,2,254,0.0635
2025-07-18,2,Grindavík,Selfoss,2,3,123,0.03075
2025-07-18,2,Grindavík,Selfoss,2,4,64,0.016
2025-07-18,2,Grindavík,Selfoss,2,5,25,0.00625
2025-07-18,2,Grindavík,Selfoss,2,6,5,0.00125
2025-07-18,2,Grindavík,Selfoss,3,0,173,0.04325
2025-07-18,2,Grindavík,Selfoss,3,1,269,0.06725
2025-07-18,2,Grindavík,Selfoss,3,2,196,0.049
2025-07-18,2,Grindavík,Selfoss,3,3,112,0.028
2025-07-18,2,Grindavík,Selfoss,3,4,45,0.01125
2025-07-18,2,Grindavík,Selfoss,3,5,22,0.0055
2025-07-18,2,Grindavík,Selfoss,3,6,4,0.001
2025-07-18,2,Grindavík,Selfoss,3,7,1,2.5e-4
2025-07-18,2,Grindavík,Selfoss,3,8,1,2.5e-4
2025-07-18,2,Grindavík,Selfoss,4,0,118,0.0295
2025-07-18,2,Grindavík,Selfoss,4,1,163,0.04075
2025-07-18,2,Grindavík,Selfoss,4,2,122,0.0305
2025-07-18,2,Grindavík,Selfoss,4,3,69,0.01725
2025-07-18,2,Grindavík,Selfoss,4,4,37,0.00925
2025-07-18,2,Grindavík,Selfoss,4,5,9,0.00225
2025-07-18,2,Grindavík,Selfoss,4,6,5,0.00125
2025-07-18,2,Grindavík,Selfoss,4,7,1,2.5e-4
2025-07-18,2,Grindavík,Selfoss,4,9,1,2.5e-4
2025-07-18,2,Grindavík,Selfoss,5,0,66,0.0165
2025-07-18,2,Grindavík,Selfoss,5,1,78,0.0195
2025-07-18,2,Grindavík,Selfoss,5,2,70,0.0175
2025-07-18,2,Grindavík,Selfoss,5,3,33,0.00825
2025-07-18,2,Grindavík,Selfoss,5,4,18,0.0045
2025-07-18,2,Grindavík,Selfoss,5,5,8,0.002
2025-07-18,2,Grindavík,Selfoss,5,6,1,2.5e-4
2025-07-18,2,Grindavík,Selfoss,6,0,29,0.00725
2025-07-18,2,Grindavík,Selfoss,6,1,42,0.0105
2025-07-18,2,Grindavík,Selfoss,6,2,30,0.0075
2025-07-18,2,Grindavík,Selfoss,6,3,18,0.0045
2025-07-18,2,Grindavík,Selfoss,6,4,12,0.003
2025-07-18,2,Grindavík,Selfoss,6,5,4,0.001
2025-07-18,2,Grindavík,Selfoss,6,6,1,2.5e-4
2025-07-18,2,Grindavík,Selfoss,7,0,10,0.0025
2025-07-18,2,Grindavík,Selfoss,7,1,27,0.00675
2025-07-18,2,Grindavík,Selfoss,7,2,16,0.004
2025-07-18,2,Grindavík,Selfoss,7,3,13,0.00325
2025-07-18,2,Grindavík,Selfoss,7,4,4,0.001
2025-07-18,2,Grindavík,Selfoss,8,0,9,0.00225
2025-07-18,2,Grindavík,Selfoss,8,1,2,5e-4
2025-07-18,2,Grindavík,Selfoss,8,2,6,0.0015
2025-07-18,2,Grindavík,Selfoss,8,3,1,2.5e-4
2025-07-18,2,Grindavík,Selfoss,8,4,1,2.5e-4
2025-07-18,2,Grindavík,Selfoss,8,5,1,2.5e-4
2025-07-18,2,Grindavík,Selfoss,9,0,1,2.5e-4
2025-07-18,2,Grindavík,Selfoss,9,1,2,5e-4
2025-07-18,2,Grindavík,Selfoss,9,2,2,5e-4
2025-07-18,2,Grindavík,Selfoss,10,0,1,2.5e-4
2025-07-18,2,Grindavík,Selfoss,11,2,1,2.5e-4
2025-07-18,2,HK,Þór,0,0,181,0.04525
2025-07-18,2,HK,Þór,0,1,190,0.0475
2025-07-18,2,HK,Þór,0,2,119,0.02975
2025-07-18,2,HK,Þór,0,3,47,0.01175
2025-07-18,2,HK,Þór,0,4,20,0.005
2025-07-18,2,HK,Þór,0,5,3,7.5e-4
2025-07-18,2,HK,Þór,0,6,2,5e-4
2025-07-18,2,HK,Þór,1,0,301,0.07525
2025-07-18,2,HK,Þór,1,1,367,0.09175
2025-07-18,2,HK,Þór,1,2,244,0.061
2025-07-18,2,HK,Þór,1,3,109,0.02725
2025-07-18,2,HK,Þór,1,4,36,0.009
2025-07-18,2,HK,Þór,1,5,10,0.0025
2025-07-18,2,HK,Þór,1,6,1,2.5e-4
2025-07-18,2,HK,Þór,1,8,1,2.5e-4
2025-07-18,2,HK,Þór,1,9,1,2.5e-4
2025-07-18,2,HK,Þór,2,0,279,0.06975
2025-07-18,2,HK,Þór,2,1,354,0.0885
2025-07-18,2,HK,Þór,2,2,247,0.06175
2025-07-18,2,HK,Þór,2,3,89,0.02225
2025-07-18,2,HK,Þór,2,4,38,0.0095
2025-07-18,2,HK,Þór,2,5,5,0.00125
2025-07-18,2,HK,Þór,2,6,2,5e-4
2025-07-18,2,HK,Þór,2,7,3,7.5e-4
2025-07-18,2,HK,Þór,3,0,201,0.05025
2025-07-18,2,HK,Þór,3,1,235,0.05875
2025-07-18,2,HK,Þór,3,2,156,0.039
2025-07-18,2,HK,Þór,3,3,73,0.01825
2025-07-18,2,HK,Þór,3,4,32,0.008
2025-07-18,2,HK,Þór,3,5,10,0.0025
2025-07-18,2,HK,Þór,3,6,3,7.5e-4
2025-07-18,2,HK,Þór,4,0,119,0.02975
2025-07-18,2,HK,Þór,4,1,133,0.03325
2025-07-18,2,HK,Þór,4,2,68,0.017
2025-07-18,2,HK,Þór,4,3,40,0.01
2025-07-18,2,HK,Þór,4,4,16,0.004
2025-07-18,2,HK,Þór,4,5,5,0.00125
2025-07-18,2,HK,Þór,5,0,45,0.01125
2025-07-18,2,HK,Þór,5,1,68,0.017
2025-07-18,2,HK,Þór,5,2,45,0.01125
2025-07-18,2,HK,Þór,5,3,18,0.0045
2025-07-18,2,HK,Þór,5,4,5,0.00125
2025-07-18,2,HK,Þór,5,5,2,5e-4
2025-07-18,2,HK,Þór,6,0,11,0.00275
2025-07-18,2,HK,Þór,6,1,20,0.005
2025-07-18,2,HK,Þór,6,2,9,0.00225
2025-07-18,2,HK,Þór,6,3,7,0.00175
2025-07-18,2,HK,Þór,6,7,2,5e-4
2025-07-18,2,HK,Þór,7,0,6,0.0015
2025-07-18,2,HK,Þór,7,1,9,0.00225
2025-07-18,2,HK,Þór,7,2,4,0.001
2025-07-18,2,HK,Þór,7,3,1,2.5e-4
2025-07-18,2,HK,Þór,7,4,1,2.5e-4
2025-07-18,2,HK,Þór,8,0,4,0.001
2025-07-18,2,HK,Þór,8,1,1,2.5e-4
2025-07-18,2,HK,Þór,8,2,1,2.5e-4
2025-07-18,2,HK,Þór,9,1,1,2.5e-4
2025-07-18,2,Keflavík,Fjölnir,0,0,157,0.03925
2025-07-18,2,Keflavík,Fjölnir,0,1,141,0.03525
2025-07-18,2,Keflavík,Fjölnir,0,2,88,0.022
2025-07-18,2,Keflavík,Fjölnir,0,3,31,0.00775
2025-07-18,2,Keflavík,Fjölnir,0,4,8,0.002
2025-07-18,2,Keflavík,Fjölnir,1,0,317,0.07925
2025-07-18,2,Keflavík,Fjölnir,1,1,310,0.0775
2025-07-18,2,Keflavík,Fjölnir,1,2,172,0.043
2025-07-18,2,Keflavík,Fjölnir,1,3,57,0.01425
2025-07-18,2,Keflavík,Fjölnir,1,4,17,0.00425
2025-07-18,2,Keflavík,Fjölnir,1,5,4,0.001
2025-07-18,2,Keflavík,Fjölnir,1,6,1,2.5e-4
2025-07-18,2,Keflavík,Fjölnir,2,0,362,0.0905
2025-07-18,2,Keflavík,Fjölnir,2,1,352,0.088
2025-07-18,2,Keflavík,Fjölnir,2,2,215,0.05375
2025-07-18,2,Keflavík,Fjölnir,2,3,78,0.0195
2025-07-18,2,Keflavík,Fjölnir,2,4,27,0.00675
2025-07-18,2,Keflavík,Fjölnir,2,5,4,0.001
2025-07-18,2,Keflavík,Fjölnir,2,6,2,5e-4
2025-07-18,2,Keflavík,Fjölnir,3,0,233,0.05825
2025-07-18,2,Keflavík,Fjölnir,3,1,290,0.0725
2025-07-18,2,Keflavík,Fjölnir,3,2,157,0.03925
2025-07-18,2,Keflavík,Fjölnir,3,3,70,0.0175
2025-07-18,2,Keflavík,Fjölnir,3,4,15,0.00375
2025-07-18,2,Keflavík,Fjölnir,3,5,4,0.001
2025-07-18,2,Keflavík,Fjölnir,3,6,1,2.5e-4
2025-07-18,2,Keflavík,Fjölnir,4,0,134,0.0335
2025-07-18,2,Keflavík,Fjölnir,4,1,163,0.04075
2025-07-18,2,Keflavík,Fjölnir,4,2,121,0.03025
2025-07-18,2,Keflavík,Fjölnir,4,3,39,0.00975
2025-07-18,2,Keflavík,Fjölnir,4,4,11,0.00275
2025-07-18,2,Keflavík,Fjölnir,4,5,4,0.001
2025-07-18,2,Keflavík,Fjölnir,5,0,89,0.02225
2025-07-18,2,Keflavík,Fjölnir,5,1,84,0.021
2025-07-18,2,Keflavík,Fjölnir,5,2,44,0.011
2025-07-18,2,Keflavík,Fjölnir,5,3,24,0.006
2025-07-18,2,Keflavík,Fjölnir,5,4,2,5e-4
2025-07-18,2,Keflavík,Fjölnir,5,5,2,5e-4
2025-07-18,2,Keflavík,Fjölnir,6,0,26,0.0065
2025-07-18,2,Keflavík,Fjölnir,6,1,43,0.01075
2025-07-18,2,Keflavík,Fjölnir,6,2,14,0.0035
2025-07-18,2,Keflavík,Fjölnir,6,3,11,0.00275
2025-07-18,2,Keflavík,Fjölnir,6,6,2,5e-4
2025-07-18,2,Keflavík,Fjölnir,7,0,13,0.00325
2025-07-18,2,Keflavík,Fjölnir,7,1,20,0.005
2025-07-18,2,Keflavík,Fjölnir,7,2,12,0.003
2025-07-18,2,Keflavík,Fjölnir,7,3,3,7.5e-4
2025-07-18,2,Keflavík,Fjölnir,7,4,2,5e-4
2025-07-18,2,Keflavík,Fjölnir,8,0,5,0.00125
2025-07-18,2,Keflavík,Fjölnir,8,1,8,0.002
2025-07-18,2,Keflavík,Fjölnir,8,2,6,0.0015
2025-07-18,2,Keflavík,Fjölnir,8,3,2,5e-4
2025-07-18,2,Keflavík,Fjölnir,9,0,2,5e-4
2025-07-18,2,Keflavík,Fjölnir,9,1,1,2.5e-4
2025-07-18,2,Leiknir R.,Þróttur R.,0,0,135,0.03375
2025-07-18,2,Leiknir R.,Þróttur R.,0,1,173,0.04325
2025-07-18,2,Leiknir R.,Þróttur R.,0,2,151,0.03775
2025-07-18,2,Leiknir R.,Þróttur R.,0,3,78,0.0195
2025-07-18,2,Leiknir R.,Þróttur R.,0,4,42,0.0105
2025-07-18,2,Leiknir R.,Þróttur R.,0,5,13,0.00325
2025-07-18,2,Leiknir R.,Þróttur R.,0,6,5,0.00125
2025-07-18,2,Leiknir R.,Þróttur R.,0,7,2,5e-4
2025-07-18,2,Leiknir R.,Þróttur R.,0,8,1,2.5e-4
2025-07-18,2,Leiknir R.,Þróttur R.,1,0,211,0.05275
2025-07-18,2,Leiknir R.,Þróttur R.,1,1,310,0.0775
2025-07-18,2,Leiknir R.,Þróttur R.,1,2,266,0.0665
2025-07-18,2,Leiknir R.,Þróttur R.,1,3,139,0.03475
2025-07-18,2,Leiknir R.,Þróttur R.,1,4,73,0.01825
2025-07-18,2,Leiknir R.,Þróttur R.,1,5,22,0.0055
2025-07-18,2,Leiknir R.,Þróttur R.,1,6,10,0.0025
2025-07-18,2,Leiknir R.,Þróttur R.,1,7,1,2.5e-4
2025-07-18,2,Leiknir R.,Þróttur R.,2,0,182,0.0455
2025-07-18,2,Leiknir R.,Þróttur R.,2,1,272,0.068
2025-07-18,2,Leiknir R.,Þróttur R.,2,2,283,0.07075
2025-07-18,2,Leiknir R.,Þróttur R.,2,3,144,0.036
2025-07-18,2,Leiknir R.,Þróttur R.,2,4,85,0.02125
2025-07-18,2,Leiknir R.,Þróttur R.,2,5,26,0.0065
2025-07-18,2,Leiknir R.,Þróttur R.,2,6,8,0.002
2025-07-18,2,Leiknir R.,Þróttur R.,2,7,3,7.5e-4
2025-07-18,2,Leiknir R.,Þróttur R.,2,8,1,2.5e-4
2025-07-18,2,Leiknir R.,Þróttur R.,2,10,2,5e-4
2025-07-18,2,Leiknir R.,Þróttur R.,3,0,116,0.029
2025-07-18,2,Leiknir R.,Þróttur R.,3,1,189,0.04725
2025-07-18,2,Leiknir R.,Þróttur R.,3,2,176,0.044
2025-07-18,2,Leiknir R.,Þróttur R.,3,3,116,0.029
2025-07-18,2,Leiknir R.,Þróttur R.,3,4,44,0.011
2025-07-18,2,Leiknir R.,Þróttur R.,3,5,20,0.005
2025-07-18,2,Leiknir R.,Þróttur R.,3,6,8,0.002
2025-07-18,2,Leiknir R.,Þróttur R.,3,7,2,5e-4
2025-07-18,2,Leiknir R.,Þróttur R.,4,0,77,0.01925
2025-07-18,2,Leiknir R.,Þróttur R.,4,1,122,0.0305
2025-07-18,2,Leiknir R.,Þróttur R.,4,2,103,0.02575
2025-07-18,2,Leiknir R.,Þróttur R.,4,3,66,0.0165
2025-07-18,2,Leiknir R.,Þróttur R.,4,4,30,0.0075
2025-07-18,2,Leiknir R.,Þróttur R.,4,5,14,0.0035
2025-07-18,2,Leiknir R.,Þróttur R.,4,6,3,7.5e-4
2025-07-18,2,Leiknir R.,Þróttur R.,4,7,1,2.5e-4
2025-07-18,2,Leiknir R.,Þróttur R.,5,0,38,0.0095
2025-07-18,2,Leiknir R.,Þróttur R.,5,1,46,0.0115
2025-07-18,2,Leiknir R.,Þróttur R.,5,2,44,0.011
2025-07-18,2,Leiknir R.,Þróttur R.,5,3,18,0.0045
2025-07-18,2,Leiknir R.,Þróttur R.,5,4,15,0.00375
2025-07-18,2,Leiknir R.,Þróttur R.,5,5,7,0.00175
2025-07-18,2,Leiknir R.,Þróttur R.,5,6,1,2.5e-4
2025-07-18,2,Leiknir R.,Þróttur R.,5,7,1,2.5e-4
2025-07-18,2,Leiknir R.,Þróttur R.,6,0,10,0.0025
2025-07-18,2,Leiknir R.,Þróttur R.,6,1,15,0.00375
2025-07-18,2,Leiknir R.,Þróttur R.,6,2,17,0.00425
2025-07-18,2,Leiknir R.,Þróttur R.,6,3,16,0.004
2025-07-18,2,Leiknir R.,Þróttur R.,6,4,5,0.00125
2025-07-18,2,Leiknir R.,Þróttur R.,6,5,3,7.5e-4
2025-07-18,2,Leiknir R.,Þróttur R.,6,6,1,2.5e-4
2025-07-18,2,Leiknir R.,Þróttur R.,6,8,1,2.5e-4
2025-07-18,2,Leiknir R.,Þróttur R.,7,0,3,7.5e-4
2025-07-18,2,Leiknir R.,Þróttur R.,7,1,9,0.00225
2025-07-18,2,Leiknir R.,Þróttur R.,7,2,7,0.00175
2025-07-18,2,Leiknir R.,Þróttur R.,7,3,4,0.001
2025-07-18,2,Leiknir R.,Þróttur R.,7,4,1,2.5e-4
2025-07-18,2,Leiknir R.,Þróttur R.,8,0,1,2.5e-4
2025-07-18,2,Leiknir R.,Þróttur R.,8,1,3,7.5e-4
2025-07-18,2,Leiknir R.,Þróttur R.,8,2,2,5e-4
2025-07-18,2,Leiknir R.,Þróttur R.,8,3,3,7.5e-4
2025-07-18,2,Leiknir R.,Þróttur R.,9,1,1,2.5e-4
2025-07-18,2,Leiknir R.,Þróttur R.,9,3,1,2.5e-4
2025-07-18,2,Leiknir R.,Þróttur R.,10,2,1,2.5e-4
2025-07-18,2,Leiknir R.,Þróttur R.,11,0,1,2.5e-4
2025-07-18,4,KFK,KF,0,0,75,0.01875
2025-07-18,4,KFK,KF,0,1,139,0.03475
2025-07-18,4,KFK,KF,0,2,150,0.0375
2025-07-18,4,KFK,KF,0,3,79,0.01975
2025-07-18,4,KFK,KF,0,4,38,0.0095
2025-07-18,4,KFK,KF,0,5,24,0.006
2025-07-18,4,KFK,KF,0,6,7,0.00175
2025-07-18,4,KFK,KF,0,7,5,0.00125
2025-07-18,4,KFK,KF,1,0,129,0.03225
2025-07-18,4,KFK,KF,1,1,266,0.0665
2025-07-18,4,KFK,KF,1,2,241,0.06025
2025-07-18,4,KFK,KF,1,3,173,0.04325
2025-07-18,4,KFK,KF,1,4,100,0.025
2025-07-18,4,KFK,KF,1,5,40,0.01
2025-07-18,4,KFK,KF,1,6,21,0.00525
2025-07-18,4,KFK,KF,1,7,7,0.00175
2025-07-18,4,KFK,KF,1,8,2,5e-4
2025-07-18,4,KFK,KF,1,9,1,2.5e-4
2025-07-18,4,KFK,KF,2,0,159,0.03975
2025-07-18,4,KFK,KF,2,1,266,0.0665
2025-07-18,4,KFK,KF,2,2,264,0.066
2025-07-18,4,KFK,KF,2,3,197,0.04925
2025-07-18,4,KFK,KF,2,4,101,0.02525
2025-07-18,4,KFK,KF,2,5,48,0.012
2025-07-18,4,KFK,KF,2,6,18,0.0045
2025-07-18,4,KFK,KF,2,7,12,0.003
2025-07-18,4,KFK,KF,2,8,2,5e-4
2025-07-18,4,KFK,KF,3,0,98,0.0245
2025-07-18,4,KFK,KF,3,1,167,0.04175
2025-07-18,4,KFK,KF,3,2,200,0.05
2025-07-18,4,KFK,KF,3,3,152,0.038
2025-07-18,4,KFK,KF,3,4,79,0.01975
2025-07-18,4,KFK,KF,3,5,42,0.0105
2025-07-18,4,KFK,KF,3,6,12,0.003
2025-07-18,4,KFK,KF,3,7,5,0.00125
2025-07-18,4,KFK,KF,3,8,4,0.001
2025-07-18,4,KFK,KF,3,9,1,2.5e-4
2025-07-18,4,KFK,KF,4,0,52,0.013
2025-07-18,4,KFK,KF,4,1,105,0.02625
2025-07-18,4,KFK,KF,4,2,91,0.02275
2025-07-18,4,KFK,KF,4,3,70,0.0175
2025-07-18,4,KFK,KF,4,4,65,0.01625
2025-07-18,4,KFK,KF,4,5,20,0.005
2025-07-18,4,KFK,KF,4,6,8,0.002
2025-07-18,4,KFK,KF,4,7,1,2.5e-4
2025-07-18,4,KFK,KF,5,0,17,0.00425
2025-07-18,4,KFK,KF,5,1,38,0.0095
2025-07-18,4,KFK,KF,5,2,42,0.0105
2025-07-18,4,KFK,KF,5,3,35,0.00875
2025-07-18,4,KFK,KF,5,4,19,0.00475
2025-07-18,4,KFK,KF,5,5,6,0.0015
2025-07-18,4,KFK,KF,5,6,2,5e-4
2025-07-18,4,KFK,KF,5,7,1,2.5e-4
2025-07-18,4,KFK,KF,5,8,1,2.5e-4
2025-07-18,4,KFK,KF,6,0,6,0.0015
2025-07-18,4,KFK,KF,6,1,15,0.00375
2025-07-18,4,KFK,KF,6,2,16,0.004
2025-07-18,4,KFK,KF,6,3,13,0.00325
2025-07-18,4,KFK,KF,6,4,4,0.001
2025-07-18,4,KFK,KF,6,5,2,5e-4
2025-07-18,4,KFK,KF,6,6,2,5e-4
2025-07-18,4,KFK,KF,7,0,3,7.5e-4
2025-07-18,4,KFK,KF,7,1,9,0.00225
2025-07-18,4,KFK,KF,7,2,7,0.00175
2025-07-18,4,KFK,KF,7,3,7,0.00175
2025-07-18,4,KFK,KF,7,4,2,5e-4
2025-07-18,4,KFK,KF,7,5,3,7.5e-4
2025-07-18,4,KFK,KF,7,7,1,2.5e-4
2025-07-18,4,KFK,KF,8,0,1,2.5e-4
2025-07-18,4,KFK,KF,8,1,2,5e-4
2025-07-18,4,KFK,KF,8,2,1,2.5e-4
2025-07-18,4,KFK,KF,8,3,1,2.5e-4
2025-07-18,4,KFK,KF,8,4,3,7.5e-4
2025-07-18,4,KFK,KF,9,1,2,5e-4
2025-07-18,4,KFK,KF,9,4,1,2.5e-4
2025-07-18,4,KFK,KF,10,3,1,2.5e-4
2025-07-18,4,KFK,KF,11,1,1,2.5e-4
2025-07-19,1,Breiðablik,Vestri,0,0,306,0.0765
2025-07-19,1,Breiðablik,Vestri,0,1,183,0.04575
2025-07-19,1,Breiðablik,Vestri,0,2,56,0.014
2025-07-19,1,Breiðablik,Vestri,0,3,21,0.00525
2025-07-19,1,Breiðablik,Vestri,0,4,6,0.0015
2025-07-19,1,Breiðablik,Vestri,0,6,1,2.5e-4
2025-07-19,1,Breiðablik,Vestri,1,0,559,0.13975
2025-07-19,1,Breiðablik,Vestri,1,1,369,0.09225
2025-07-19,1,Breiðablik,Vestri,1,2,142,0.0355
2025-07-19,1,Breiðablik,Vestri,1,3,44,0.011
2025-07-19,1,Breiðablik,Vestri,1,4,6,0.0015
2025-07-19,1,Breiðablik,Vestri,2,0,481,0.12025
2025-07-19,1,Breiðablik,Vestri,2,1,358,0.0895
2025-07-19,1,Breiðablik,Vestri,2,2,135,0.03375
2025-07-19,1,Breiðablik,Vestri,2,3,32,0.008
2025-07-19,1,Breiðablik,Vestri,2,4,9,0.00225
2025-07-19,1,Breiðablik,Vestri,3,0,327,0.08175
2025-07-19,1,Breiðablik,Vestri,3,1,239,0.05975
2025-07-19,1,Breiðablik,Vestri,3,2,87,0.02175
2025-07-19,1,Breiðablik,Vestri,3,3,26,0.0065
2025-07-19,1,Breiðablik,Vestri,3,4,3,7.5e-4
2025-07-19,1,Breiðablik,Vestri,3,5,1,2.5e-4
2025-07-19,1,Breiðablik,Vestri,4,0,171,0.04275
2025-07-19,1,Breiðablik,Vestri,4,1,125,0.03125
2025-07-19,1,Breiðablik,Vestri,4,2,55,0.01375
2025-07-19,1,Breiðablik,Vestri,4,3,15,0.00375
2025-07-19,1,Breiðablik,Vestri,4,4,5,0.00125
2025-07-19,1,Breiðablik,Vestri,5,0,77,0.01925
2025-07-19,1,Breiðablik,Vestri,5,1,45,0.01125
2025-07-19,1,Breiðablik,Vestri,5,2,24,0.006
2025-07-19,1,Breiðablik,Vestri,5,3,5,0.00125
2025-07-19,1,Breiðablik,Vestri,6,0,30,0.0075
2025-07-19,1,Breiðablik,Vestri,6,1,15,0.00375
2025-07-19,1,Breiðablik,Vestri,6,2,8,0.002
2025-07-19,1,Breiðablik,Vestri,6,3,1,2.5e-4
2025-07-19,1,Breiðablik,Vestri,7,0,14,0.0035
2025-07-19,1,Breiðablik,Vestri,7,1,8,0.002
2025-07-19,1,Breiðablik,Vestri,7,2,1,2.5e-4
2025-07-19,1,Breiðablik,Vestri,7,3,2,5e-4
2025-07-19,1,Breiðablik,Vestri,8,0,2,5e-4
2025-07-19,1,Breiðablik,Vestri,8,1,3,7.5e-4
2025-07-19,1,Breiðablik,Vestri,8,2,1,2.5e-4
2025-07-19,1,Breiðablik,Vestri,8,4,1,2.5e-4
2025-07-19,1,Breiðablik,Vestri,11,1,1,2.5e-4
2025-07-19,2,Völsungur,ÍR,0,0,249,0.06225
2025-07-19,2,Völsungur,ÍR,0,1,470,0.1175
2025-07-19,2,Völsungur,ÍR,0,2,364,0.091
2025-07-19,2,Völsungur,ÍR,0,3,225,0.05625
2025-07-19,2,Völsungur,ÍR,0,4,111,0.02775
2025-07-19,2,Völsungur,ÍR,0,5,56,0.014
2025-07-19,2,Völsungur,ÍR,0,6,13,0.00325
2025-07-19,2,Völsungur,ÍR,0,7,4,0.001
2025-07-19,2,Völsungur,ÍR,0,8,2,5e-4
2025-07-19,2,Völsungur,ÍR,1,0,264,0.066
2025-07-19,2,Völsungur,ÍR,1,1,420,0.105
2025-07-19,2,Völsungur,ÍR,1,2,328,0.082
2025-07-19,2,Völsungur,ÍR,1,3,227,0.05675
2025-07-19,2,Völsungur,ÍR,1,4,120,0.03
2025-07-19,2,Völsungur,ÍR,1,5,53,0.01325
2025-07-19,2,Völsungur,ÍR,1,6,13,0.00325
2025-07-19,2,Völsungur,ÍR,1,7,2,5e-4
2025-07-19,2,Völsungur,ÍR,1,8,2,5e-4
2025-07-19,2,Völsungur,ÍR,1,9,1,2.5e-4
2025-07-19,2,Völsungur,ÍR,2,0,124,0.031
2025-07-19,2,Völsungur,ÍR,2,1,204,0.051
2025-07-19,2,Völsungur,ÍR,2,2,194,0.0485
2025-07-19,2,Völsungur,ÍR,2,3,99,0.02475
2025-07-19,2,Völsungur,ÍR,2,4,50,0.0125
2025-07-19,2,Völsungur,ÍR,2,5,31,0.00775
2025-07-19,2,Völsungur,ÍR,2,6,12,0.003
2025-07-19,2,Völsungur,ÍR,2,7,6,0.0015
2025-07-19,2,Völsungur,ÍR,2,8,3,7.5e-4
2025-07-19,2,Völsungur,ÍR,3,0,51,0.01275
2025-07-19,2,Völsungur,ÍR,3,1,70,0.0175
2025-07-19,2,Völsungur,ÍR,3,2,66,0.0165
2025-07-19,2,Völsungur,ÍR,3,3,46,0.0115
2025-07-19,2,Völsungur,ÍR,3,4,22,0.0055
2025-07-19,2,Völsungur,ÍR,3,5,8,0.002
2025-07-19,2,Völsungur,ÍR,3,6,2,5e-4
2025-07-19,2,Völsungur,ÍR,3,7,1,2.5e-4
2025-07-19,2,Völsungur,ÍR,4,0,12,0.003
2025-07-19,2,Völsungur,ÍR,4,1,9,0.00225
2025-07-19,2,Völsungur,ÍR,4,2,22,0.0055
2025-07-19,2,Völsungur,ÍR,4,3,16,0.004
2025-07-19,2,Völsungur,ÍR,4,4,9,0.00225
2025-07-19,2,Völsungur,ÍR,4,5,1,2.5e-4
2025-07-19,2,Völsungur,ÍR,5,0,3,7.5e-4
2025-07-19,2,Völsungur,ÍR,5,1,5,0.00125
2025-07-19,2,Völsungur,ÍR,5,2,3,7.5e-4
2025-07-19,2,Völsungur,ÍR,5,4,1,2.5e-4
2025-07-19,2,Völsungur,ÍR,5,5,1,2.5e-4
2025-07-19,2,Völsungur,ÍR,6,0,3,7.5e-4
2025-07-19,2,Völsungur,ÍR,6,1,1,2.5e-4
2025-07-19,2,Völsungur,ÍR,6,2,1,2.5e-4
2025-07-19,3,Kormákur/Hvöt,KFA,0,0,212,0.053
2025-07-19,3,Kormákur/Hvöt,KFA,0,1,350,0.0875
2025-07-19,3,Kormákur/Hvöt,KFA,0,2,290,0.0725
2025-07-19,3,Kormákur/Hvöt,KFA,0,3,173,0.04325
2025-07-19,3,Kormákur/Hvöt,KFA,0,4,75,0.01875
2025-07-19,3,Kormákur/Hvöt,KFA,0,5,22,0.0055
2025-07-19,3,Kormákur/Hvöt,KFA,0,6,14,0.0035
2025-07-19,3,Kormákur/Hvöt,KFA,0,7,9,0.00225
2025-07-19,3,Kormákur/Hvöt,KFA,0,9,3,7.5e-4
2025-07-19,3,Kormákur/Hvöt,KFA,1,0,229,0.05725
2025-07-19,3,Kormákur/Hvöt,KFA,1,1,409,0.10225
2025-07-19,3,Kormákur/Hvöt,KFA,1,2,376,0.094
2025-07-19,3,Kormákur/Hvöt,KFA,1,3,160,0.04
2025-07-19,3,Kormákur/Hvöt,KFA,1,4,89,0.02225
2025-07-19,3,Kormákur/Hvöt,KFA,1,5,42,0.0105
2025-07-19,3,Kormákur/Hvöt,KFA,1,6,13,0.00325
2025-07-19,3,Kormákur/Hvöt,KFA,1,7,3,7.5e-4
2025-07-19,3,Kormákur/Hvöt,KFA,1,8,2,5e-4
2025-07-19,3,Kormákur/Hvöt,KFA,1,9,1,2.5e-4
2025-07-19,3,Kormákur/Hvöt,KFA,1,10,1,2.5e-4
2025-07-19,3,Kormákur/Hvöt,KFA,2,0,161,0.04025
2025-07-19,3,Kormákur/Hvöt,KFA,2,1,240,0.06
2025-07-19,3,Kormákur/Hvöt,KFA,2,2,243,0.06075
2025-07-19,3,Kormákur/Hvöt,KFA,2,3,142,0.0355
2025-07-19,3,Kormákur/Hvöt,KFA,2,4,61,0.01525
2025-07-19,3,Kormákur/Hvöt,KFA,2,5,25,0.00625
2025-07-19,3,Kormákur/Hvöt,KFA,2,6,21,0.00525
2025-07-19,3,Kormákur/Hvöt,KFA,2,7,5,0.00125
2025-07-19,3,Kormákur/Hvöt,KFA,2,8,1,2.5e-4
2025-07-19,3,Kormákur/Hvöt,KFA,3,0,72,0.018
2025-07-19,3,Kormákur/Hvöt,KFA,3,1,108,0.027
2025-07-19,3,Kormákur/Hvöt,KFA,3,2,100,0.025
2025-07-19,3,Kormákur/Hvöt,KFA,3,3,67,0.01675
2025-07-19,3,Kormákur/Hvöt,KFA,3,4,42,0.0105
2025-07-19,3,Kormákur/Hvöt,KFA,3,5,16,0.004
2025-07-19,3,Kormákur/Hvöt,KFA,3,6,6,0.0015
2025-07-19,3,Kormákur/Hvöt,KFA,3,7,2,5e-4
2025-07-19,3,Kormákur/Hvöt,KFA,4,0,22,0.0055
2025-07-19,3,Kormákur/Hvöt,KFA,4,1,46,0.0115
2025-07-19,3,Kormákur/Hvöt,KFA,4,2,30,0.0075
2025-07-19,3,Kormákur/Hvöt,KFA,4,3,24,0.006
2025-07-19,3,Kormákur/Hvöt,KFA,4,4,13,0.00325
2025-07-19,3,Kormákur/Hvöt,KFA,4,5,3,7.5e-4
2025-07-19,3,Kormákur/Hvöt,KFA,4,6,1,2.5e-4
2025-07-19,3,Kormákur/Hvöt,KFA,4,7,1,2.5e-4
2025-07-19,3,Kormákur/Hvöt,KFA,5,0,8,0.002
2025-07-19,3,Kormákur/Hvöt,KFA,5,1,13,0.00325
2025-07-19,3,Kormákur/Hvöt,KFA,5,2,12,0.003
2025-07-19,3,Kormákur/Hvöt,KFA,5,3,14,0.0035
2025-07-19,3,Kormákur/Hvöt,KFA,5,4,13,0.00325
2025-07-19,3,Kormákur/Hvöt,KFA,5,5,2,5e-4
2025-07-19,3,Kormákur/Hvöt,KFA,6,1,4,0.001
2025-07-19,3,Kormákur/Hvöt,KFA,6,2,3,7.5e-4
2025-07-19,3,Kormákur/Hvöt,KFA,6,3,1,2.5e-4
2025-07-19,3,Kormákur/Hvöt,KFA,6,4,1,2.5e-4
2025-07-19,3,Kormákur/Hvöt,KFA,6,5,1,2.5e-4
2025-07-19,3,Kormákur/Hvöt,KFA,7,0,1,2.5e-4
2025-07-19,3,Kormákur/Hvöt,KFA,7,1,1,2.5e-4
2025-07-19,3,Kormákur/Hvöt,KFA,7,2,1,2.5e-4
2025-07-19,5,Hafnir,Elliði,0,0,34,0.0085
2025-07-19,5,Hafnir,Elliði,0,1,45,0.01125
2025-07-19,5,Hafnir,Elliði,0,2,49,0.01225
2025-07-19,5,Hafnir,Elliði,0,3,44,0.011
2025-07-19,5,Hafnir,Elliði,0,4,16,0.004
2025-07-19,5,Hafnir,Elliði,0,5,14,0.0035
2025-07-19,5,Hafnir,Elliði,0,6,8,0.002
2025-07-19,5,Hafnir,Elliði,0,7,1,2.5e-4
2025-07-19,5,Hafnir,Elliði,0,8,1,2.5e-4
2025-07-19,5,Hafnir,Elliði,1,0,87,0.02175
2025-07-19,5,Hafnir,Elliði,1,1,162,0.0405
2025-07-19,5,Hafnir,Elliði,1,2,154,0.0385
2025-07-19,5,Hafnir,Elliði,1,3,109,0.02725
2025-07-19,5,Hafnir,Elliði,1,4,48,0.012
2025-07-19,5,Hafnir,Elliði,1,5,28,0.007
2025-07-19,5,Hafnir,Elliði,1,6,19,0.00475
2025-07-19,5,Hafnir,Elliði,1,8,1,2.5e-4
2025-07-19,5,Hafnir,Elliði,1,9,1,2.5e-4
2025-07-19,5,Hafnir,Elliði,2,0,104,0.026
2025-07-19,5,Hafnir,Elliði,2,1,216,0.054
2025-07-19,5,Hafnir,Elliði,2,2,220,0.055
2025-07-19,5,Hafnir,Elliði,2,3,174,0.0435
2025-07-19,5,Hafnir,Elliði,2,4,107,0.02675
2025-07-19,5,Hafnir,Elliði,2,5,42,0.0105
2025-07-19,5,Hafnir,Elliði,2,6,16,0.004
2025-07-19,5,Hafnir,Elliði,2,7,8,0.002
2025-07-19,5,Hafnir,Elliði,2,8,5,0.00125
2025-07-19,5,Hafnir,Elliði,3,0,106,0.0265
2025-07-19,5,Hafnir,Elliði,3,1,219,0.05475
2025-07-19,5,Hafnir,Elliði,3,2,212,0.053
2025-07-19,5,Hafnir,Elliði,3,3,145,0.03625
2025-07-19,5,Hafnir,Elliði,3,4,78,0.0195
2025-07-19,5,Hafnir,Elliði,3,5,36,0.009
2025-07-19,5,Hafnir,Elliði,3,6,21,0.00525
2025-07-19,5,Hafnir,Elliði,3,7,10,0.0025
2025-07-19,5,Hafnir,Elliði,3,8,3,7.5e-4
2025-07-19,5,Hafnir,Elliði,4,0,70,0.0175
2025-07-19,5,Hafnir,Elliði,4,1,165,0.04125
2025-07-19,5,Hafnir,Elliði,4,2,161,0.04025
2025-07-19,5,Hafnir,Elliði,4,3,114,0.0285
2025-07-19,5,Hafnir,Elliði,4,4,68,0.017
2025-07-19,5,Hafnir,Elliði,4,5,36,0.009
2025-07-19,5,Hafnir,Elliði,4,6,9,0.00225
2025-07-19,5,Hafnir,Elliði,4,7,7,0.00175
2025-07-19,5,Hafnir,Elliði,4,8,2,5e-4
2025-07-19,5,Hafnir,Elliði,5,0,46,0.0115
2025-07-19,5,Hafnir,Elliði,5,1,94,0.0235
2025-07-19,5,Hafnir,Elliði,5,2,93,0.02325
2025-07-19,5,Hafnir,Elliði,5,3,89,0.02225
2025-07-19,5,Hafnir,Elliði,5,4,56,0.014
2025-07-19,5,Hafnir,Elliði,5,5,21,0.00525
2025-07-19,5,Hafnir,Elliði,5,6,11,0.00275
2025-07-19,5,Hafnir,Elliði,5,7,3,7.5e-4
2025-07-19,5,Hafnir,Elliði,5,8,1,2.5e-4
2025-07-19,5,Hafnir,Elliði,5,9,1,2.5e-4
2025-07-19,5,Hafnir,Elliði,6,0,24,0.006
2025-07-19,5,Hafnir,Elliði,6,1,56,0.014
2025-07-19,5,Hafnir,Elliði,6,2,64,0.016
2025-07-19,5,Hafnir,Elliði,6,3,32,0.008
2025-07-19,5,Hafnir,Elliði,6,4,28,0.007
2025-07-19,5,Hafnir,Elliði,6,5,10,0.0025
2025-07-19,5,Hafnir,Elliði,6,6,9,0.00225
2025-07-19,5,Hafnir,Elliði,6,7,2,5e-4
2025-07-19,5,Hafnir,Elliði,7,0,12,0.003
2025-07-19,5,Hafnir,Elliði,7,1,34,0.0085
2025-07-19,5,Hafnir,Elliði,7,2,28,0.007
2025-07-19,5,Hafnir,Elliði,7,3,25,0.00625
2025-07-19,5,Hafnir,Elliði,7,4,11,0.00275
2025-07-19,5,Hafnir,Elliði,7,5,6,0.0015
2025-07-19,5,Hafnir,Elliði,7,6,5,0.00125
2025-07-19,5,Hafnir,Elliði,7,8,1,2.5e-4
2025-07-19,5,Hafnir,Elliði,7,9,1,2.5e-4
2025-07-19,5,Hafnir,Elliði,8,0,7,0.00175
2025-07-19,5,Hafnir,Elliði,8,1,4,0.001
2025-07-19,5,Hafnir,Elliði,8,2,9,0.00225
2025-07-19,5,Hafnir,Elliði,8,3,10,0.0025
2025-07-19,5,Hafnir,Elliði,8,4,7,0.00175
2025-07-19,5,Hafnir,Elliði,8,5,1,2.5e-4
2025-07-19,5,Hafnir,Elliði,8,7,1,2.5e-4
2025-07-19,5,Hafnir,Elliði,8,8,1,2.5e-4
2025-07-19,5,Hafnir,Elliði,9,0,2,5e-4
2025-07-19,5,Hafnir,Elliði,9,1,7,0.00175
2025-07-19,5,Hafnir,Elliði,9,2,2,5e-4
2025-07-19,5,Hafnir,Elliði,9,3,2,5e-4
2025-07-19,5,Hafnir,Elliði,9,4,3,7.5e-4
2025-07-19,5,Hafnir,Elliði,9,5,2,5e-4
2025-07-19,5,Hafnir,Elliði,9,6,1,2.5e-4
2025-07-19,5,Hafnir,Elliði,9,7,1,2.5e-4
2025-07-19,5,Hafnir,Elliði,10,2,1,2.5e-4
2025-07-19,5,Hafnir,Elliði,10,3,1,2.5e-4
2025-07-19,5,KH,KFS,0,0,35,0.00875
2025-07-19,5,KH,KFS,0,1,51,0.01275
2025-07-19,5,KH,KFS,0,2,37,0.00925
2025-07-19,5,KH,KFS,0,3,30,0.0075
2025-07-19,5,KH,KFS,0,4,23,0.00575
2025-07-19,5,KH,KFS,0,5,14,0.0035
2025-07-19,5,KH,KFS,0,6,1,2.5e-4
2025-07-19,5,KH,KFS,0,7,3,7.5e-4
2025-07-19,5,KH,KFS,0,8,2,5e-4
2025-07-19,5,KH,KFS,1,0,58,0.0145
2025-07-19,5,KH,KFS,1,1,156,0.039
2025-07-19,5,KH,KFS,1,2,153,0.03825
2025-07-19,5,KH,KFS,1,3,91,0.02275
2025-07-19,5,KH,KFS,1,4,59,0.01475
2025-07-19,5,KH,KFS,1,5,16,0.004
2025-07-19,5,KH,KFS,1,6,7,0.00175
2025-07-19,5,KH,KFS,1,7,1,2.5e-4
2025-07-19,5,KH,KFS,1,8,1,2.5e-4
2025-07-19,5,KH,KFS,1,10,1,2.5e-4
2025-07-19,5,KH,KFS,2,0,115,0.02875
2025-07-19,5,KH,KFS,2,1,208,0.052
2025-07-19,5,KH,KFS,2,2,219,0.05475
2025-07-19,5,KH,KFS,2,3,148,0.037
2025-07-19,5,KH,KFS,2,4,74,0.0185
2025-07-19,5,KH,KFS,2,5,31,0.00775
2025-07-19,5,KH,KFS,2,6,12,0.003
2025-07-19,5,KH,KFS,2,7,8,0.002
2025-07-19,5,KH,KFS,2,8,1,2.5e-4
2025-07-19,5,KH,KFS,3,0,105,0.02625
2025-07-19,5,KH,KFS,3,1,205,0.05125
2025-07-19,5,KH,KFS,3,2,189,0.04725
2025-07-19,5,KH,KFS,3,3,164,0.041
2025-07-19,5,KH,KFS,3,4,100,0.025
2025-07-19,5,KH,KFS,3,5,45,0.01125
2025-07-19,5,KH,KFS,3,6,16,0.004
2025-07-19,5,KH,KFS,3,7,9,0.00225
2025-07-19,5,KH,KFS,3,8,5,0.00125
2025-07-19,5,KH,KFS,3,9,1,2.5e-4
2025-07-19,5,KH,KFS,4,0,78,0.0195
2025-07-19,5,KH,KFS,4,1,178,0.0445
2025-07-19,5,KH,KFS,4,2,186,0.0465
2025-07-19,5,KH,KFS,4,3,139,0.03475
2025-07-19,5,KH,KFS,4,4,71,0.01775
2025-07-19,5,KH,KFS,4,5,33,0.00825
2025-07-19,5,KH,KFS,4,6,17,0.00425
2025-07-19,5,KH,KFS,4,7,8,0.002
2025-07-19,5,KH,KFS,4,8,2,5e-4
2025-07-19,5,KH,KFS,4,12,1,2.5e-4
2025-07-19,5,KH,KFS,5,0,45,0.01125
2025-07-19,5,KH,KFS,5,1,97,0.02425
2025-07-19,5,KH,KFS,5,2,121,0.03025
2025-07-19,5,KH,KFS,5,3,82,0.0205
2025-07-19,5,KH,KFS,5,4,48,0.012
2025-07-19,5,KH,KFS,5,5,18,0.0045
2025-07-19,5,KH,KFS,5,6,6,0.0015
2025-07-19,5,KH,KFS,5,7,3,7.5e-4
2025-07-19,5,KH,KFS,5,8,1,2.5e-4
2025-07-19,5,KH,KFS,6,0,25,0.00625
2025-07-19,5,KH,KFS,6,1,62,0.0155
2025-07-19,5,KH,KFS,6,2,60,0.015
2025-07-19,5,KH,KFS,6,3,53,0.01325
2025-07-19,5,KH,KFS,6,4,32,0.008
2025-07-19,5,KH,KFS,6,5,10,0.0025
2025-07-19,5,KH,KFS,6,6,9,0.00225
2025-07-19,5,KH,KFS,6,7,3,7.5e-4
2025-07-19,5,KH,KFS,6,8,2,5e-4
2025-07-19,5,KH,KFS,7,0,17,0.00425
2025-07-19,5,KH,KFS,7,1,34,0.0085
2025-07-19,5,KH,KFS,7,2,26,0.0065
2025-07-19,5,KH,KFS,7,3,26,0.0065
2025-07-19,5,KH,KFS,7,4,22,0.0055
2025-07-19,5,KH,KFS,7,5,1,2.5e-4
2025-07-19,5,KH,KFS,7,6,2,5e-4
2025-07-19,5,KH,KFS,7,7,1,2.5e-4
2025-07-19,5,KH,KFS,8,0,7,0.00175
2025-07-19,5,KH,KFS,8,1,18,0.0045
2025-07-19,5,KH,KFS,8,2,10,0.0025
2025-07-19,5,KH,KFS,8,3,8,0.002
2025-07-19,5,KH,KFS,8,4,7,0.00175
2025-07-19,5,KH,KFS,8,5,4,0.001
2025-07-19,5,KH,KFS,8,6,1,2.5e-4
2025-07-19,5,KH,KFS,9,0,2,5e-4
2025-07-19,5,KH,KFS,9,1,3,7.5e-4
2025-07-19,5,KH,KFS,9,2,5,0.00125
2025-07-19,5,KH,KFS,9,3,5,0.00125
2025-07-19,5,KH,KFS,9,4,3,7.5e-4
2025-07-19,5,KH,KFS,9,5,3,7.5e-4
2025-07-19,5,KH,KFS,10,1,4,0.001
2025-07-19,5,KH,KFS,10,2,1,2.5e-4
2025-07-19,5,KH,KFS,11,1,2,5e-4
2025-07-19,5,KH,KFS,11,2,1,2.5e-4
2025-07-19,5,KH,KFS,11,3,1,2.5e-4
2025-07-19,5,KH,KFS,12,0,1,2.5e-4
2025-07-19,5,KH,KFS,13,5,1,2.5e-4
2025-07-19,5,Kría,Vængir Júpiters,0,0,22,0.0055
2025-07-19,5,Kría,Vængir Júpiters,0,1,59,0.01475
2025-07-19,5,Kría,Vængir Júpiters,0,2,72,0.018
2025-07-19,5,Kría,Vængir Júpiters,0,3,82,0.0205
2025-07-19,5,Kría,Vængir Júpiters,0,4,60,0.015
2025-07-19,5,Kría,Vængir Júpiters,0,5,36,0.009
2025-07-19,5,Kría,Vængir Júpiters,0,6,26,0.0065
2025-07-19,5,Kría,Vængir Júpiters,0,7,10,0.0025
2025-07-19,5,Kría,Vængir Júpiters,0,8,5,0.00125
2025-07-19,5,Kría,Vængir Júpiters,0,9,4,0.001
2025-07-19,5,Kría,Vængir Júpiters,0,10,1,2.5e-4
2025-07-19,5,Kría,Vængir Júpiters,0,11,2,5e-4
2025-07-19,5,Kría,Vængir Júpiters,1,0,49,0.01225
2025-07-19,5,Kría,Vængir Júpiters,1,1,129,0.03225
2025-07-19,5,Kría,Vængir Júpiters,1,2,182,0.0455
2025-07-19,5,Kría,Vængir Júpiters,1,3,180,0.045
2025-07-19,5,Kría,Vængir Júpiters,1,4,124,0.031
2025-07-19,5,Kría,Vængir Júpiters,1,5,90,0.0225
2025-07-19,5,Kría,Vængir Júpiters,1,6,57,0.01425
2025-07-19,5,Kría,Vængir Júpiters,1,7,24,0.006
2025-07-19,5,Kría,Vængir Júpiters,1,8,9,0.00225
2025-07-19,5,Kría,Vængir Júpiters,1,9,5,0.00125
2025-07-19,5,Kría,Vængir Júpiters,1,10,1,2.5e-4
2025-07-19,5,Kría,Vængir Júpiters,1,11,1,2.5e-4
2025-07-19,5,Kría,Vængir Júpiters,2,0,54,0.0135
2025-07-19,5,Kría,Vængir Júpiters,2,1,143,0.03575
2025-07-19,5,Kría,Vængir Júpiters,2,2,224,0.056
2025-07-19,5,Kría,Vængir Júpiters,2,3,197,0.04925
2025-07-19,5,Kría,Vængir Júpiters,2,4,162,0.0405
2025-07-19,5,Kría,Vængir Júpiters,2,5,101,0.02525
2025-07-19,5,Kría,Vængir Júpiters,2,6,57,0.01425
2025-07-19,5,Kría,Vængir Júpiters,2,7,33,0.00825
2025-07-19,5,Kría,Vængir Júpiters,2,8,13,0.00325
2025-07-19,5,Kría,Vængir Júpiters,2,9,2,5e-4
2025-07-19,5,Kría,Vængir Júpiters,2,10,5,0.00125
2025-07-19,5,Kría,Vængir Júpiters,2,11,1,2.5e-4
2025-07-19,5,Kría,Vængir Júpiters,3,0,36,0.009
2025-07-19,5,Kría,Vængir Júpiters,3,1,124,0.031
2025-07-19,5,Kría,Vængir Júpiters,3,2,160,0.04
2025-07-19,5,Kría,Vængir Júpiters,3,3,165,0.04125
2025-07-19,5,Kría,Vængir Júpiters,3,4,123,0.03075
2025-07-19,5,Kría,Vængir Júpiters,3,5,99,0.02475
2025-07-19,5,Kría,Vængir Júpiters,3,6,43,0.01075
2025-07-19,5,Kría,Vængir Júpiters,3,7,15,0.00375
2025-07-19,5,Kría,Vængir Júpiters,3,8,18,0.0045
2025-07-19,5,Kría,Vængir Júpiters,3,9,5,0.00125
2025-07-19,5,Kría,Vængir Júpiters,3,11,1,2.5e-4
2025-07-19,5,Kría,Vængir Júpiters,4,0,22,0.0055
2025-07-19,5,Kría,Vængir Júpiters,4,1,74,0.0185
2025-07-19,5,Kría,Vængir Júpiters,4,2,90,0.0225
2025-07-19,5,Kría,Vængir Júpiters,4,3,109,0.02725
2025-07-19,5,Kría,Vængir Júpiters,4,4,102,0.0255
2025-07-19,5,Kría,Vængir Júpiters,4,5,61,0.01525
2025-07-19,5,Kría,Vængir Júpiters,4,6,30,0.0075
2025-07-19,5,Kría,Vængir Júpiters,4,7,16,0.004
2025-07-19,5,Kría,Vængir Júpiters,4,8,8,0.002
2025-07-19,5,Kría,Vængir Júpiters,4,9,4,0.001
2025-07-19,5,Kría,Vængir Júpiters,4,10,1,2.5e-4
2025-07-19,5,Kría,Vængir Júpiters,5,0,12,0.003
2025-07-19,5,Kría,Vængir Júpiters,5,1,31,0.00775
2025-07-19,5,Kría,Vængir Júpiters,5,2,52,0.013
2025-07-19,5,Kría,Vængir Júpiters,5,3,59,0.01475
2025-07-19,5,Kría,Vængir Júpiters,5,4,39,0.00975
2025-07-19,5,Kría,Vængir Júpiters,5,5,28,0.007
2025-07-19,5,Kría,Vængir Júpiters,5,6,16,0.004
2025-07-19,5,Kría,Vængir Júpiters,5,7,13,0.00325
2025-07-19,5,Kría,Vængir Júpiters,5,8,6,0.0015
2025-07-19,5,Kría,Vængir Júpiters,5,9,4,0.001
2025-07-19,5,Kría,Vængir Júpiters,6,0,5,0.00125
2025-07-19,5,Kría,Vængir Júpiters,6,1,14,0.0035
2025-07-19,5,Kría,Vængir Júpiters,6,2,29,0.00725
2025-07-19,5,Kría,Vængir Júpiters,6,3,23,0.00575
2025-07-19,5,Kría,Vængir Júpiters,6,4,27,0.00675
2025-07-19,5,Kría,Vængir Júpiters,6,5,15,0.00375
2025-07-19,5,Kría,Vængir Júpiters,6,6,8,0.002
2025-07-19,5,Kría,Vængir Júpiters,6,7,5,0.00125
2025-07-19,5,Kría,Vængir Júpiters,6,8,3,7.5e-4
2025-07-19,5,Kría,Vængir Júpiters,6,9,3,7.5e-4
2025-07-19,5,Kría,Vængir Júpiters,7,0,3,7.5e-4
2025-07-19,5,Kría,Vængir Júpiters,7,1,5,0.00125
2025-07-19,5,Kría,Vængir Júpiters,7,2,10,0.0025
2025-07-19,5,Kría,Vængir Júpiters,7,3,17,0.00425
2025-07-19,5,Kría,Vængir Júpiters,7,4,9,0.00225
2025-07-19,5,Kría,Vængir Júpiters,7,5,4,0.001
2025-07-19,5,Kría,Vængir Júpiters,7,6,3,7.5e-4
2025-07-19,5,Kría,Vængir Júpiters,7,7,2,5e-4
2025-07-19,5,Kría,Vængir Júpiters,7,10,1,2.5e-4
2025-07-19,5,Kría,Vængir Júpiters,8,0,1,2.5e-4
2025-07-19,5,Kría,Vængir Júpiters,8,1,1,2.5e-4
2025-07-19,5,Kría,Vængir Júpiters,8,2,3,7.5e-4
2025-07-19,5,Kría,Vængir Júpiters,8,3,1,2.5e-4
2025-07-19,5,Kría,Vængir Júpiters,8,4,2,5e-4
2025-07-19,5,Kría,Vængir Júpiters,8,6,2,5e-4
2025-07-19,5,Kría,Vængir Júpiters,8,7,2,5e-4
2025-07-19,5,Kría,Vængir Júpiters,9,2,1,2.5e-4
2025-07-19,5,Kría,Vængir Júpiters,9,3,2,5e-4
2025-07-19,5,Kría,Vængir Júpiters,9,4,3,7.5e-4
2025-07-19,5,Kría,Vængir Júpiters,9,5,2,5e-4
2025-07-19,5,Kría,Vængir Júpiters,9,6,1,2.5e-4
2025-07-19,5,Kría,Vængir Júpiters,9,7,1,2.5e-4
2025-07-19,5,Kría,Vængir Júpiters,9,8,1,2.5e-4
2025-07-19,5,Kría,Vængir Júpiters,10,2,1,2.5e-4
2025-07-19,5,Kría,Vængir Júpiters,10,3,1,2.5e-4
2025-07-19,5,Kría,Vængir Júpiters,11,6,1,2.5e-4
2025-07-19,5,KÁ,Hamar,0,0,183,0.04575
2025-07-19,5,KÁ,Hamar,0,1,198,0.0495
2025-07-19,5,KÁ,Hamar,0,2,96,0.024
2025-07-19,5,KÁ,Hamar,0,3,37,0.00925
2025-07-19,5,KÁ,Hamar,0,4,20,0.005
2025-07-19,5,KÁ,Hamar,0,5,5,0.00125
2025-07-19,5,KÁ,Hamar,0,6,1,2.5e-4
2025-07-19,5,KÁ,Hamar,1,0,329,0.08225
2025-07-19,5,KÁ,Hamar,1,1,399,0.09975
2025-07-19,5,KÁ,Hamar,1,2,209,0.05225
2025-07-19,5,KÁ,Hamar,1,3,80,0.02
2025-07-19,5,KÁ,Hamar,1,4,28,0.007
2025-07-19,5,KÁ,Hamar,1,5,4,0.001
2025-07-19,5,KÁ,Hamar,1,6,2,5e-4
2025-07-19,5,KÁ,Hamar,1,7,1,2.5e-4
2025-07-19,5,KÁ,Hamar,2,0,309,0.07725
2025-07-19,5,KÁ,Hamar,2,1,361,0.09025
2025-07-19,5,KÁ,Hamar,2,2,205,0.05125
2025-07-19,5,KÁ,Hamar,2,3,84,0.021
2025-07-19,5,KÁ,Hamar,2,4,36,0.009
2025-07-19,5,KÁ,Hamar,2,5,9,0.00225
2025-07-19,5,KÁ,Hamar,2,6,1,2.5e-4
2025-07-19,5,KÁ,Hamar,3,0,247,0.06175
2025-07-19,5,KÁ,Hamar,3,1,275,0.06875
2025-07-19,5,KÁ,Hamar,3,2,142,0.0355
2025-07-19,5,KÁ,Hamar,3,3,75,0.01875
2025-07-19,5,KÁ,Hamar,3,4,16,0.004
2025-07-19,5,KÁ,Hamar,3,5,5,0.00125
2025-07-19,5,KÁ,Hamar,3,6,1,2.5e-4
2025-07-19,5,KÁ,Hamar,4,0,117,0.02925
2025-07-19,5,KÁ,Hamar,4,1,137,0.03425
2025-07-19,5,KÁ,Hamar,4,2,77,0.01925
2025-07-19,5,KÁ,Hamar,4,3,40,0.01
2025-07-19,5,KÁ,Hamar,4,4,12,0.003
2025-07-19,5,KÁ,Hamar,4,5,5,0.00125
2025-07-19,5,KÁ,Hamar,5,0,46,0.0115
2025-07-19,5,KÁ,Hamar,5,1,51,0.01275
2025-07-19,5,KÁ,Hamar,5,2,37,0.00925
2025-07-19,5,KÁ,Hamar,5,3,12,0.003
2025-07-19,5,KÁ,Hamar,5,4,12,0.003
2025-07-19,5,KÁ,Hamar,5,5,1,2.5e-4
2025-07-19,5,KÁ,Hamar,6,0,15,0.00375
2025-07-19,5,KÁ,Hamar,6,1,17,0.00425
2025-07-19,5,KÁ,Hamar,6,2,19,0.00475
2025-07-19,5,KÁ,Hamar,6,3,11,0.00275
2025-07-19,5,KÁ,Hamar,7,0,6,0.0015
2025-07-19,5,KÁ,Hamar,7,1,12,0.003
2025-07-19,5,KÁ,Hamar,7,2,6,0.0015
2025-07-19,5,KÁ,Hamar,7,3,3,7.5e-4
2025-07-19,5,KÁ,Hamar,7,5,1,2.5e-4
2025-07-19,5,KÁ,Hamar,8,0,2,5e-4
2025-07-19,5,KÁ,Hamar,8,1,1,2.5e-4
2025-07-19,5,KÁ,Hamar,9,1,2,5e-4
2025-07-19,5,Árborg,Álftanes,0,0,60,0.015
2025-07-19,5,Árborg,Álftanes,0,1,24,0.006
2025-07-19,5,Árborg,Álftanes,0,2,13,0.00325
2025-07-19,5,Árborg,Álftanes,0,3,2,5e-4
2025-07-19,5,Árborg,Álftanes,0,4,1,2.5e-4
2025-07-19,5,Árborg,Álftanes,1,0,194,0.0485
2025-07-19,5,Árborg,Álftanes,1,1,117,0.02925
2025-07-19,5,Árborg,Álftanes,1,2,43,0.01075
2025-07-19,5,Árborg,Álftanes,1,3,7,0.00175
2025-07-19,5,Árborg,Álftanes,1,4,2,5e-4
2025-07-19,5,Árborg,Álftanes,2,0,308,0.077
2025-07-19,5,Árborg,Álftanes,2,1,167,0.04175
2025-07-19,5,Árborg,Álftanes,2,2,59,0.01475
2025-07-19,5,Árborg,Álftanes,2,3,14,0.0035
2025-07-19,5,Árborg,Álftanes,2,4,5,0.00125
2025-07-19,5,Árborg,Álftanes,2,5,1,2.5e-4
2025-07-19,5,Árborg,Álftanes,3,0,383,0.09575
2025-07-19,5,Árborg,Álftanes,3,1,244,0.061
2025-07-19,5,Árborg,Álftanes,3,2,80,0.02
2025-07-19,5,Árborg,Álftanes,3,3,14,0.0035
2025-07-19,5,Árborg,Álftanes,3,4,4,0.001
2025-07-19,5,Árborg,Álftanes,4,0,376,0.094
2025-07-19,5,Árborg,Álftanes,4,1,226,0.0565
2025-07-19,5,Árborg,Álftanes,4,2,78,0.0195
2025-07-19,5,Árborg,Álftanes,4,3,15,0.00375
2025-07-19,5,Árborg,Álftanes,4,4,3,7.5e-4
2025-07-19,5,Árborg,Álftanes,5,0,325,0.08125
2025-07-19,5,Árborg,Álftanes,5,1,162,0.0405
2025-07-19,5,Árborg,Álftanes,5,2,53,0.01325
2025-07-19,5,Árborg,Álftanes,5,3,17,0.00425
2025-07-19,5,Árborg,Álftanes,5,4,2,5e-4
2025-07-19,5,Árborg,Álftanes,6,0,221,0.05525
2025-07-19,5,Árborg,Álftanes,6,1,136,0.034
2025-07-19,5,Árborg,Álftanes,6,2,45,0.01125
2025-07-19,5,Árborg,Álftanes,6,3,9,0.00225
2025-07-19,5,Árborg,Álftanes,6,4,5,0.00125
2025-07-19,5,Árborg,Álftanes,7,0,134,0.0335
2025-07-19,5,Árborg,Álftanes,7,1,88,0.022
2025-07-19,5,Árborg,Álftanes,7,2,32,0.008
2025-07-19,5,Árborg,Álftanes,7,3,6,0.0015
2025-07-19,5,Árborg,Álftanes,8,0,91,0.02275
2025-07-19,5,Árborg,Álftanes,8,1,45,0.01125
2025-07-19,5,Árborg,Álftanes,8,2,15,0.00375
2025-07-19,5,Árborg,Álftanes,8,3,2,5e-4
2025-07-19,5,Árborg,Álftanes,9,0,49,0.01225
2025-07-19,5,Árborg,Álftanes,9,1,28,0.007
2025-07-19,5,Árborg,Álftanes,9,2,11,0.00275
2025-07-19,5,Árborg,Álftanes,9,3,4,0.001
2025-07-19,5,Árborg,Álftanes,9,4,1,2.5e-4
2025-07-19,5,Árborg,Álftanes,10,0,21,0.00525
2025-07-19,5,Árborg,Álftanes,10,1,14,0.0035
2025-07-19,5,Árborg,Álftanes,10,2,5,0.00125
2025-07-19,5,Árborg,Álftanes,10,3,2,5e-4
2025-07-19,5,Árborg,Álftanes,11,0,11,0.00275
2025-07-19,5,Árborg,Álftanes,11,1,9,0.00225
2025-07-19,5,Árborg,Álftanes,11,2,1,2.5e-4
2025-07-19,5,Árborg,Álftanes,12,0,5,0.00125
2025-07-19,5,Árborg,Álftanes,12,1,4,0.001
2025-07-19,5,Árborg,Álftanes,12,2,1,2.5e-4
2025-07-19,5,Árborg,Álftanes,13,0,2,5e-4
2025-07-19,5,Árborg,Álftanes,13,1,1,2.5e-4
2025-07-19,5,Árborg,Álftanes,14,0,1,2.5e-4
2025-07-19,5,Árborg,Álftanes,15,0,1,2.5e-4
2025-07-19,5,Árborg,Álftanes,17,1,1,2.5e-4
2025-07-20,1,FH,KA,0,0,132,0.033
2025-07-20,1,FH,KA,0,1,161,0.04025
2025-07-20,1,FH,KA,0,2,152,0.038
2025-07-20,1,FH,KA,0,3,71,0.01775
2025-07-20,1,FH,KA,0,4,38,0.0095
2025-07-20,1,FH,KA,0,5,5,0.00125
2025-07-20,1,FH,KA,0,6,2,5e-4
2025-07-20,1,FH,KA,1,0,219,0.05475
2025-07-20,1,FH,KA,1,1,373,0.09325
2025-07-20,1,FH,KA,1,2,273,0.06825
2025-07-20,1,FH,KA,1,3,130,0.0325
2025-07-20,1,FH,KA,1,4,54,0.0135
2025-07-20,1,FH,KA,1,5,17,0.00425
2025-07-20,1,FH,KA,1,6,6,0.0015
2025-07-20,1,FH,KA,1,7,2,5e-4
2025-07-20,1,FH,KA,1,8,1,2.5e-4
2025-07-20,1,FH,KA,2,0,232,0.058
2025-07-20,1,FH,KA,2,1,295,0.07375
2025-07-20,1,FH,KA,2,2,280,0.07
2025-07-20,1,FH,KA,2,3,157,0.03925
2025-07-20,1,FH,KA,2,4,60,0.015
2025-07-20,1,FH,KA,2,5,13,0.00325
2025-07-20,1,FH,KA,2,6,3,7.5e-4
2025-07-20,1,FH,KA,2,7,3,7.5e-4
2025-07-20,1,FH,KA,2,9,1,2.5e-4
2025-07-20,1,FH,KA,3,0,167,0.04175
2025-07-20,1,FH,KA,3,1,226,0.0565
2025-07-20,1,FH,KA,3,2,165,0.04125
2025-07-20,1,FH,KA,3,3,98,0.0245
2025-07-20,1,FH,KA,3,4,35,0.00875
2025-07-20,1,FH,KA,3,5,15,0.00375
2025-07-20,1,FH,KA,3,6,3,7.5e-4
2025-07-20,1,FH,KA,3,7,1,2.5e-4
2025-07-20,1,FH,KA,4,0,68,0.017
2025-07-20,1,FH,KA,4,1,131,0.03275
2025-07-20,1,FH,KA,4,2,99,0.02475
2025-07-20,1,FH,KA,4,3,44,0.011
2025-07-20,1,FH,KA,4,4,34,0.0085
2025-07-20,1,FH,KA,4,5,4,0.001
2025-07-20,1,FH,KA,4,6,3,7.5e-4
2025-07-20,1,FH,KA,4,7,2,5e-4
2025-07-20,1,FH,KA,5,0,36,0.009
2025-07-20,1,FH,KA,5,1,31,0.00775
2025-07-20,1,FH,KA,5,2,34,0.0085
2025-07-20,1,FH,KA,5,3,22,0.0055
2025-07-20,1,FH,KA,5,4,13,0.00325
2025-07-20,1,FH,KA,5,5,3,7.5e-4
2025-07-20,1,FH,KA,6,0,11,0.00275
2025-07-20,1,FH,KA,6,1,24,0.006
2025-07-20,1,FH,KA,6,2,14,0.0035
2025-07-20,1,FH,KA,6,3,4,0.001
2025-07-20,1,FH,KA,6,4,4,0.001
2025-07-20,1,FH,KA,7,0,7,0.00175
2025-07-20,1,FH,KA,7,1,5,0.00125
2025-07-20,1,FH,KA,7,2,3,7.5e-4
2025-07-20,1,FH,KA,7,3,5,0.00125
2025-07-20,1,FH,KA,7,4,1,2.5e-4
2025-07-20,1,FH,KA,7,5,1,2.5e-4
2025-07-20,1,FH,KA,7,7,1,2.5e-4
2025-07-20,1,FH,KA,8,1,2,5e-4
2025-07-20,1,FH,KA,8,2,2,5e-4
2025-07-20,1,FH,KA,8,3,1,2.5e-4
2025-07-20,1,FH,KA,9,1,1,2.5e-4
2025-07-20,1,Víkingur R.,Valur,0,0,262,0.0655
2025-07-20,1,Víkingur R.,Valur,0,1,307,0.07675
2025-07-20,1,Víkingur R.,Valur,0,2,175,0.04375
2025-07-20,1,Víkingur R.,Valur,0,3,96,0.024
2025-07-20,1,Víkingur R.,Valur,0,4,34,0.0085
2025-07-20,1,Víkingur R.,Valur,0,5,5,0.00125
2025-07-20,1,Víkingur R.,Valur,0,6,3,7.5e-4
2025-07-20,1,Víkingur R.,Valur,1,0,361,0.09025
2025-07-20,1,Víkingur R.,Valur,1,1,424,0.106
2025-07-20,1,Víkingur R.,Valur,1,2,278,0.0695
2025-07-20,1,Víkingur R.,Valur,1,3,126,0.0315
2025-07-20,1,Víkingur R.,Valur,1,4,55,0.01375
2025-07-20,1,Víkingur R.,Valur,1,5,9,0.00225
2025-07-20,1,Víkingur R.,Valur,1,6,5,0.00125
2025-07-20,1,Víkingur R.,Valur,1,8,1,2.5e-4
2025-07-20,1,Víkingur R.,Valur,2,0,281,0.07025
2025-07-20,1,Víkingur R.,Valur,2,1,308,0.077
2025-07-20,1,Víkingur R.,Valur,2,2,237,0.05925
2025-07-20,1,Víkingur R.,Valur,2,3,105,0.02625
2025-07-20,1,Víkingur R.,Valur,2,4,32,0.008
2025-07-20,1,Víkingur R.,Valur,2,5,15,0.00375
2025-07-20,1,Víkingur R.,Valur,2,6,5,0.00125
2025-07-20,1,Víkingur R.,Valur,3,0,145,0.03625
2025-07-20,1,Víkingur R.,Valur,3,1,156,0.039
2025-07-20,1,Víkingur R.,Valur,3,2,128,0.032
2025-07-20,1,Víkingur R.,Valur,3,3,67,0.01675
2025-07-20,1,Víkingur R.,Valur,3,4,27,0.00675
2025-07-20,1,Víkingur R.,Valur,3,5,4,0.001
2025-07-20,1,Víkingur R.,Valur,3,6,1,2.5e-4
2025-07-20,1,Víkingur R.,Valur,4,0,49,0.01225
2025-07-20,1,Víkingur R.,Valur,4,1,83,0.02075
2025-07-20,1,Víkingur R.,Valur,4,2,50,0.0125
2025-07-20,1,Víkingur R.,Valur,4,3,26,0.0065
2025-07-20,1,Víkingur R.,Valur,4,4,11,0.00275
2025-07-20,1,Víkingur R.,Valur,4,5,9,0.00225
2025-07-20,1,Víkingur R.,Valur,5,0,15,0.00375
2025-07-20,1,Víkingur R.,Valur,5,1,25,0.00625
2025-07-20,1,Víkingur R.,Valur,5,2,29,0.00725
2025-07-20,1,Víkingur R.,Valur,5,3,9,0.00225
2025-07-20,1,Víkingur R.,Valur,5,4,3,7.5e-4
2025-07-20,1,Víkingur R.,Valur,5,5,2,5e-4
2025-07-20,1,Víkingur R.,Valur,6,0,4,0.001
2025-07-20,1,Víkingur R.,Valur,6,1,6,0.0015
2025-07-20,1,Víkingur R.,Valur,6,2,9,0.00225
2025-07-20,1,Víkingur R.,Valur,6,3,5,0.00125
2025-07-20,1,Víkingur R.,Valur,6,4,1,2.5e-4
2025-07-20,1,Víkingur R.,Valur,7,0,4,0.001
2025-07-20,1,Víkingur R.,Valur,7,1,4,0.001
2025-07-20,1,Víkingur R.,Valur,7,2,2,5e-4
2025-07-20,1,Víkingur R.,Valur,7,7,1,2.5e-4
2025-07-20,1,Víkingur R.,Valur,8,0,1,2.5e-4
2025-07-20,3,Haukar,Dalvík/Reynir,0,0,33,0.00825
2025-07-20,3,Haukar,Dalvík/Reynir,0,1,36,0.009
2025-07-20,3,Haukar,Dalvík/Reynir,0,2,62,0.0155
2025-07-20,3,Haukar,Dalvík/Reynir,0,3,52,0.013
2025-07-20,3,Haukar,Dalvík/Reynir,0,4,46,0.0115
2025-07-20,3,Haukar,Dalvík/Reynir,0,5,19,0.00475
2025-07-20,3,Haukar,Dalvík/Reynir,0,6,12,0.003
2025-07-20,3,Haukar,Dalvík/Reynir,0,7,5,0.00125
2025-07-20,3,Haukar,Dalvík/Reynir,0,8,3,7.5e-4
2025-07-20,3,Haukar,Dalvík/Reynir,0,9,1,2.5e-4
2025-07-20,3,Haukar,Dalvík/Reynir,1,0,56,0.014
2025-07-20,3,Haukar,Dalvík/Reynir,1,1,141,0.03525
2025-07-20,3,Haukar,Dalvík/Reynir,1,2,161,0.04025
2025-07-20,3,Haukar,Dalvík/Reynir,1,3,153,0.03825
2025-07-20,3,Haukar,Dalvík/Reynir,1,4,105,0.02625
2025-07-20,3,Haukar,Dalvík/Reynir,1,5,62,0.0155
2025-07-20,3,Haukar,Dalvík/Reynir,1,6,31,0.00775
2025-07-20,3,Haukar,Dalvík/Reynir,1,7,12,0.003
2025-07-20,3,Haukar,Dalvík/Reynir,1,8,5,0.00125
2025-07-20,3,Haukar,Dalvík/Reynir,1,9,1,2.5e-4
2025-07-20,3,Haukar,Dalvík/Reynir,2,0,65,0.01625
2025-07-20,3,Haukar,Dalvík/Reynir,2,1,146,0.0365
2025-07-20,3,Haukar,Dalvík/Reynir,2,2,232,0.058
2025-07-20,3,Haukar,Dalvík/Reynir,2,3,205,0.05125
2025-07-20,3,Haukar,Dalvík/Reynir,2,4,129,0.03225
2025-07-20,3,Haukar,Dalvík/Reynir,2,5,80,0.02
2025-07-20,3,Haukar,Dalvík/Reynir,2,6,30,0.0075
2025-07-20,3,Haukar,Dalvík/Reynir,2,7,19,0.00475
2025-07-20,3,Haukar,Dalvík/Reynir,2,8,6,0.0015
2025-07-20,3,Haukar,Dalvík/Reynir,2,9,4,0.001
2025-07-20,3,Haukar,Dalvík/Reynir,2,10,2,5e-4
2025-07-20,3,Haukar,Dalvík/Reynir,3,0,45,0.01125
2025-07-20,3,Haukar,Dalvík/Reynir,3,1,168,0.042
2025-07-20,3,Haukar,Dalvík/Reynir,3,2,200,0.05
2025-07-20,3,Haukar,Dalvík/Reynir,3,3,164,0.041
2025-07-20,3,Haukar,Dalvík/Reynir,3,4,123,0.03075
2025-07-20,3,Haukar,Dalvík/Reynir,3,5,78,0.0195
2025-07-20,3,Haukar,Dalvík/Reynir,3,6,46,0.0115
2025-07-20,3,Haukar,Dalvík/Reynir,3,7,12,0.003
2025-07-20,3,Haukar,Dalvík/Reynir,3,8,6,0.0015
2025-07-20,3,Haukar,Dalvík/Reynir,3,10,2,5e-4
2025-07-20,3,Haukar,Dalvík/Reynir,4,0,34,0.0085
2025-07-20,3,Haukar,Dalvík/Reynir,4,1,83,0.02075
2025-07-20,3,Haukar,Dalvík/Reynir,4,2,145,0.03625
2025-07-20,3,Haukar,Dalvík/Reynir,4,3,110,0.0275
2025-07-20,3,Haukar,Dalvík/Reynir,4,4,88,0.022
2025-07-20,3,Haukar,Dalvík/Reynir,4,5,48,0.012
2025-07-20,3,Haukar,Dalvík/Reynir,4,6,37,0.00925
2025-07-20,3,Haukar,Dalvík/Reynir,4,7,10,0.0025
2025-07-20,3,Haukar,Dalvík/Reynir,4,8,8,0.002
2025-07-20,3,Haukar,Dalvík/Reynir,4,9,3,7.5e-4
2025-07-20,3,Haukar,Dalvík/Reynir,4,10,1,2.5e-4
2025-07-20,3,Haukar,Dalvík/Reynir,5,0,22,0.0055
2025-07-20,3,Haukar,Dalvík/Reynir,5,1,68,0.017
2025-07-20,3,Haukar,Dalvík/Reynir,5,2,96,0.024
2025-07-20,3,Haukar,Dalvík/Reynir,5,3,72,0.018
2025-07-20,3,Haukar,Dalvík/Reynir,5,4,58,0.0145
2025-07-20,3,Haukar,Dalvík/Reynir,5,5,33,0.00825
2025-07-20,3,Haukar,Dalvík/Reynir,5,6,15,0.00375
2025-07-20,3,Haukar,Dalvík/Reynir,5,7,9,0.00225
2025-07-20,3,Haukar,Dalvík/Reynir,5,8,3,7.5e-4
2025-07-20,3,Haukar,Dalvík/Reynir,5,9,1,2.5e-4
2025-07-20,3,Haukar,Dalvík/Reynir,5,10,1,2.5e-4
2025-07-20,3,Haukar,Dalvík/Reynir,5,11,1,2.5e-4
2025-07-20,3,Haukar,Dalvík/Reynir,5,12,1,2.5e-4
2025-07-20,3,Haukar,Dalvík/Reynir,6,0,11,0.00275
2025-07-20,3,Haukar,Dalvík/Reynir,6,1,31,0.00775
2025-07-20,3,Haukar,Dalvík/Reynir,6,2,39,0.00975
2025-07-20,3,Haukar,Dalvík/Reynir,6,3,34,0.0085
2025-07-20,3,Haukar,Dalvík/Reynir,6,4,27,0.00675
2025-07-20,3,Haukar,Dalvík/Reynir,6,5,17,0.00425
2025-07-20,3,Haukar,Dalvík/Reynir,6,6,11,0.00275
2025-07-20,3,Haukar,Dalvík/Reynir,6,7,1,2.5e-4
2025-07-20,3,Haukar,Dalvík/Reynir,6,8,1,2.5e-4
2025-07-20,3,Haukar,Dalvík/Reynir,6,9,1,2.5e-4
2025-07-20,3,Haukar,Dalvík/Reynir,7,0,7,0.00175
2025-07-20,3,Haukar,Dalvík/Reynir,7,1,17,0.00425
2025-07-20,3,Haukar,Dalvík/Reynir,7,2,19,0.00475
2025-07-20,3,Haukar,Dalvík/Reynir,7,3,15,0.00375
2025-07-20,3,Haukar,Dalvík/Reynir,7,4,10,0.0025
2025-07-20,3,Haukar,Dalvík/Reynir,7,5,12,0.003
2025-07-20,3,Haukar,Dalvík/Reynir,7,6,4,0.001
2025-07-20,3,Haukar,Dalvík/Reynir,7,7,3,7.5e-4
2025-07-20,3,Haukar,Dalvík/Reynir,7,10,1,2.5e-4
2025-07-20,3,Haukar,Dalvík/Reynir,8,1,4,0.001
2025-07-20,3,Haukar,Dalvík/Reynir,8,2,5,0.00125
2025-07-20,3,Haukar,Dalvík/Reynir,8,3,5,0.00125
2025-07-20,3,Haukar,Dalvík/Reynir,8,4,3,7.5e-4
2025-07-20,3,Haukar,Dalvík/Reynir,8,5,1,2.5e-4
2025-07-20,3,Haukar,Dalvík/Reynir,8,6,3,7.5e-4
2025-07-20,3,Haukar,Dalvík/Reynir,8,7,1,2.5e-4
2025-07-20,3,Haukar,Dalvík/Reynir,9,1,1,2.5e-4
2025-07-20,3,Haukar,Dalvík/Reynir,9,2,3,7.5e-4
2025-07-20,3,Haukar,Dalvík/Reynir,9,4,1,2.5e-4
2025-07-20,3,Haukar,Dalvík/Reynir,9,5,1,2.5e-4
2025-07-20,3,Haukar,Dalvík/Reynir,9,6,1,2.5e-4
2025-07-20,3,Haukar,Dalvík/Reynir,10,3,2,5e-4
2025-07-20,3,Haukar,Dalvík/Reynir,10,4,1,2.5e-4
2025-07-20,3,Haukar,Dalvík/Reynir,11,5,1,2.5e-4
2025-07-20,3,Haukar,Dalvík/Reynir,12,3,1,2.5e-4
2025-07-20,3,Höttur/Huginn,Grótta,0,0,160,0.04
2025-07-20,3,Höttur/Huginn,Grótta,0,1,202,0.0505
2025-07-20,3,Höttur/Huginn,Grótta,0,2,141,0.03525
2025-07-20,3,Höttur/Huginn,Grótta,0,3,59,0.01475
2025-07-20,3,Höttur/Huginn,Grótta,0,4,33,0.00825
2025-07-20,3,Höttur/Huginn,Grótta,0,5,6,0.0015
2025-07-20,3,Höttur/Huginn,Grótta,0,6,4,0.001
2025-07-20,3,Höttur/Huginn,Grótta,1,0,265,0.06625
2025-07-20,3,Höttur/Huginn,Grótta,1,1,394,0.0985
2025-07-20,3,Höttur/Huginn,Grótta,1,2,244,0.061
2025-07-20,3,Höttur/Huginn,Grótta,1,3,116,0.029
2025-07-20,3,Höttur/Huginn,Grótta,1,4,37,0.00925
2025-07-20,3,Höttur/Huginn,Grótta,1,5,13,0.00325
2025-07-20,3,Höttur/Huginn,Grótta,1,6,6,0.0015
2025-07-20,3,Höttur/Huginn,Grótta,1,7,1,2.5e-4
2025-07-20,3,Höttur/Huginn,Grótta,1,8,1,2.5e-4
2025-07-20,3,Höttur/Huginn,Grótta,2,0,274,0.0685
2025-07-20,3,Höttur/Huginn,Grótta,2,1,331,0.08275
2025-07-20,3,Höttur/Huginn,Grótta,2,2,273,0.06825
2025-07-20,3,Höttur/Huginn,Grótta,2,3,99,0.02475
2025-07-20,3,Höttur/Huginn,Grótta,2,4,55,0.01375
2025-07-20,3,Höttur/Huginn,Grótta,2,5,17,0.00425
2025-07-20,3,Höttur/Huginn,Grótta,2,6,1,2.5e-4
2025-07-20,3,Höttur/Huginn,Grótta,3,0,168,0.042
2025-07-20,3,Höttur/Huginn,Grótta,3,1,233,0.05825
2025-07-20,3,Höttur/Huginn,Grótta,3,2,169,0.04225
2025-07-20,3,Höttur/Huginn,Grótta,3,3,70,0.0175
2025-07-20,3,Höttur/Huginn,Grótta,3,4,31,0.00775
2025-07-20,3,Höttur/Huginn,Grótta,3,5,7,0.00175
2025-07-20,3,Höttur/Huginn,Grótta,3,6,3,7.5e-4
2025-07-20,3,Höttur/Huginn,Grótta,4,0,92,0.023
2025-07-20,3,Höttur/Huginn,Grótta,4,1,123,0.03075
2025-07-20,3,Höttur/Huginn,Grótta,4,2,89,0.02225
2025-07-20,3,Höttur/Huginn,Grótta,4,3,34,0.0085
2025-07-20,3,Höttur/Huginn,Grótta,4,4,22,0.0055
2025-07-20,3,Höttur/Huginn,Grótta,4,5,5,0.00125
2025-07-20,3,Höttur/Huginn,Grótta,4,6,1,2.5e-4
2025-07-20,3,Höttur/Huginn,Grótta,5,0,32,0.008
2025-07-20,3,Höttur/Huginn,Grótta,5,1,36,0.009
2025-07-20,3,Höttur/Huginn,Grótta,5,2,39,0.00975
2025-07-20,3,Höttur/Huginn,Grótta,5,3,22,0.0055
2025-07-20,3,Höttur/Huginn,Grótta,5,4,6,0.0015
2025-07-20,3,Höttur/Huginn,Grótta,5,5,3,7.5e-4
2025-07-20,3,Höttur/Huginn,Grótta,6,0,17,0.00425
2025-07-20,3,Höttur/Huginn,Grótta,6,1,15,0.00375
2025-07-20,3,Höttur/Huginn,Grótta,6,2,14,0.0035
2025-07-20,3,Höttur/Huginn,Grótta,6,3,3,7.5e-4
2025-07-20,3,Höttur/Huginn,Grótta,6,4,2,5e-4
2025-07-20,3,Höttur/Huginn,Grótta,6,5,2,5e-4
2025-07-20,3,Höttur/Huginn,Grótta,7,0,8,0.002
2025-07-20,3,Höttur/Huginn,Grótta,7,1,5,0.00125
2025-07-20,3,Höttur/Huginn,Grótta,7,2,6,0.0015
2025-07-20,3,Höttur/Huginn,Grótta,7,3,1,2.5e-4
2025-07-20,3,Höttur/Huginn,Grótta,7,5,1,2.5e-4
2025-07-20,3,Höttur/Huginn,Grótta,8,0,1,2.5e-4
2025-07-20,3,Höttur/Huginn,Grótta,8,1,5,0.00125
2025-07-20,3,Höttur/Huginn,Grótta,8,2,2,5e-4
2025-07-20,3,Höttur/Huginn,Grótta,8,3,1,2.5e-4
2025-07-20,3,Víkingur Ó.,Víðir,0,0,194,0.0485
2025-07-20,3,Víkingur Ó.,Víðir,0,1,282,0.0705
2025-07-20,3,Víkingur Ó.,Víðir,0,2,214,0.0535
2025-07-20,3,Víkingur Ó.,Víðir,0,3,125,0.03125
2025-07-20,3,Víkingur Ó.,Víðir,0,4,60,0.015
2025-07-20,3,Víkingur Ó.,Víðir,0,5,18,0.0045
2025-07-20,3,Víkingur Ó.,Víðir,0,6,7,0.00175
2025-07-20,3,Víkingur Ó.,Víðir,0,7,1,2.5e-4
2025-07-20,3,Víkingur Ó.,Víðir,1,0,252,0.063
2025-07-20,3,Víkingur Ó.,Víðir,1,1,361,0.09025
2025-07-20,3,Víkingur Ó.,Víðir,1,2,341,0.08525
2025-07-20,3,Víkingur Ó.,Víðir,1,3,199,0.04975
2025-07-20,3,Víkingur Ó.,Víðir,1,4,80,0.02
2025-07-20,3,Víkingur Ó.,Víðir,1,5,39,0.00975
2025-07-20,3,Víkingur Ó.,Víðir,1,6,11,0.00275
2025-07-20,3,Víkingur Ó.,Víðir,1,7,2,5e-4
2025-07-20,3,Víkingur Ó.,Víðir,1,8,1,2.5e-4
2025-07-20,3,Víkingur Ó.,Víðir,1,9,1,2.5e-4
2025-07-20,3,Víkingur Ó.,Víðir,2,0,186,0.0465
2025-07-20,3,Víkingur Ó.,Víðir,2,1,298,0.0745
2025-07-20,3,Víkingur Ó.,Víðir,2,2,269,0.06725
2025-07-20,3,Víkingur Ó.,Víðir,2,3,142,0.0355
2025-07-20,3,Víkingur Ó.,Víðir,2,4,64,0.016
2025-07-20,3,Víkingur Ó.,Víðir,2,5,30,0.0075
2025-07-20,3,Víkingur Ó.,Víðir,2,6,4,0.001
2025-07-20,3,Víkingur Ó.,Víðir,2,7,3,7.5e-4
2025-07-20,3,Víkingur Ó.,Víðir,2,9,1,2.5e-4
2025-07-20,3,Víkingur Ó.,Víðir,3,0,85,0.02125
2025-07-20,3,Víkingur Ó.,Víðir,3,1,138,0.0345
2025-07-20,3,Víkingur Ó.,Víðir,3,2,138,0.0345
2025-07-20,3,Víkingur Ó.,Víðir,3,3,82,0.0205
2025-07-20,3,Víkingur Ó.,Víðir,3,4,38,0.0095
2025-07-20,3,Víkingur Ó.,Víðir,3,5,16,0.004
2025-07-20,3,Víkingur Ó.,Víðir,3,6,7,0.00175
2025-07-20,3,Víkingur Ó.,Víðir,3,7,1,2.5e-4
2025-07-20,3,Víkingur Ó.,Víðir,4,0,33,0.00825
2025-07-20,3,Víkingur Ó.,Víðir,4,1,60,0.015
2025-07-20,3,Víkingur Ó.,Víðir,4,2,58,0.0145
2025-07-20,3,Víkingur Ó.,Víðir,4,3,24,0.006
2025-07-20,3,Víkingur Ó.,Víðir,4,4,18,0.0045
2025-07-20,3,Víkingur Ó.,Víðir,4,5,7,0.00175
2025-07-20,3,Víkingur Ó.,Víðir,4,6,4,0.001
2025-07-20,3,Víkingur Ó.,Víðir,5,0,14,0.0035
2025-07-20,3,Víkingur Ó.,Víðir,5,1,20,0.005
2025-07-20,3,Víkingur Ó.,Víðir,5,2,15,0.00375
2025-07-20,3,Víkingur Ó.,Víðir,5,3,13,0.00325
2025-07-20,3,Víkingur Ó.,Víðir,5,4,6,0.0015
2025-07-20,3,Víkingur Ó.,Víðir,5,5,3,7.5e-4
2025-07-20,3,Víkingur Ó.,Víðir,5,6,1,2.5e-4
2025-07-20,3,Víkingur Ó.,Víðir,6,0,5,0.00125
2025-07-20,3,Víkingur Ó.,Víðir,6,1,9,0.00225
2025-07-20,3,Víkingur Ó.,Víðir,6,2,5,0.00125
2025-07-20,3,Víkingur Ó.,Víðir,6,3,5,0.00125
2025-07-20,3,Víkingur Ó.,Víðir,6,4,5,0.00125
2025-07-20,3,Víkingur Ó.,Víðir,6,5,1,2.5e-4
2025-07-20,3,Víkingur Ó.,Víðir,7,2,2,5e-4
2025-07-20,3,Víkingur Ó.,Víðir,7,3,1,2.5e-4
2025-07-20,3,Víkingur Ó.,Víðir,9,4,1,2.5e-4
2025-07-20,3,Ægir,KFG,0,0,140,0.035
2025-07-20,3,Ægir,KFG,0,1,185,0.04625
2025-07-20,3,Ægir,KFG,0,2,117,0.02925
2025-07-20,3,Ægir,KFG,0,3,43,0.01075
2025-07-20,3,Ægir,KFG,0,4,16,0.004
2025-07-20,3,Ægir,KFG,0,5,4,0.001
2025-07-20,3,Ægir,KFG,0,6,3,7.5e-4
2025-07-20,3,Ægir,KFG,1,0,292,0.073
2025-07-20,3,Ægir,KFG,1,1,323,0.08075
2025-07-20,3,Ægir,KFG,1,2,227,0.05675
2025-07-20,3,Ægir,KFG,1,3,108,0.027
2025-07-20,3,Ægir,KFG,1,4,33,0.00825
2025-07-20,3,Ægir,KFG,1,5,12,0.003
2025-07-20,3,Ægir,KFG,1,6,5,0.00125
2025-07-20,3,Ægir,KFG,1,7,3,7.5e-4
2025-07-20,3,Ægir,KFG,2,0,253,0.06325
2025-07-20,3,Ægir,KFG,2,1,343,0.08575
2025-07-20,3,Ægir,KFG,2,2,234,0.0585
2025-07-20,3,Ægir,KFG,2,3,110,0.0275
2025-07-20,3,Ægir,KFG,2,4,43,0.01075
2025-07-20,3,Ægir,KFG,2,5,15,0.00375
2025-07-20,3,Ægir,KFG,2,6,2,5e-4
2025-07-20,3,Ægir,KFG,2,8,1,2.5e-4
2025-07-20,3,Ægir,KFG,3,0,200,0.05
2025-07-20,3,Ægir,KFG,3,1,251,0.06275
2025-07-20,3,Ægir,KFG,3,2,144,0.036
2025-07-20,3,Ægir,KFG,3,3,106,0.0265
2025-07-20,3,Ægir,KFG,3,4,31,0.00775
2025-07-20,3,Ægir,KFG,3,5,6,0.0015
2025-07-20,3,Ægir,KFG,3,6,5,0.00125
2025-07-20,3,Ægir,KFG,3,7,2,5e-4
2025-07-20,3,Ægir,KFG,4,0,95,0.02375
2025-07-20,3,Ægir,KFG,4,1,156,0.039
2025-07-20,3,Ægir,KFG,4,2,94,0.0235
2025-07-20,3,Ægir,KFG,4,3,36,0.009
2025-07-20,3,Ægir,KFG,4,4,22,0.0055
2025-07-20,3,Ægir,KFG,4,5,5,0.00125
2025-07-20,3,Ægir,KFG,4,7,1,2.5e-4
2025-07-20,3,Ægir,KFG,5,0,59,0.01475
2025-07-20,3,Ægir,KFG,5,1,67,0.01675
2025-07-20,3,Ægir,KFG,5,2,42,0.0105
2025-07-20,3,Ægir,KFG,5,3,28,0.007
2025-07-20,3,Ægir,KFG,5,4,11,0.00275
2025-07-20,3,Ægir,KFG,5,5,4,0.001
2025-07-20,3,Ægir,KFG,6,0,17,0.00425
2025-07-20,3,Ægir,KFG,6,1,23,0.00575
2025-07-20,3,Ægir,KFG,6,2,17,0.00425
2025-07-20,3,Ægir,KFG,6,3,8,0.002
2025-07-20,3,Ægir,KFG,6,4,1,2.5e-4
2025-07-20,3,Ægir,KFG,6,6,2,5e-4
2025-07-20,3,Ægir,KFG,7,0,12,0.003
2025-07-20,3,Ægir,KFG,7,1,12,0.003
2025-07-20,3,Ægir,KFG,7,2,12,0.003
2025-07-20,3,Ægir,KFG,7,3,5,0.00125
2025-07-20,3,Ægir,KFG,7,4,2,5e-4
2025-07-20,3,Ægir,KFG,7,6,1,2.5e-4
2025-07-20,3,Ægir,KFG,8,0,1,2.5e-4
2025-07-20,3,Ægir,KFG,8,1,2,5e-4
2025-07-20,3,Ægir,KFG,8,2,2,5e-4
2025-07-20,3,Ægir,KFG,8,3,2,5e-4
2025-07-20,3,Ægir,KFG,10,5,1,2.5e-4
2025-07-20,3,Ægir,KFG,11,1,2,5e-4
2025-07-20,3,Ægir,KFG,11,2,1,2.5e-4
2025-07-20,3,Þróttur V.,Kári,0,0,152,0.038
2025-07-20,3,Þróttur V.,Kári,0,1,206,0.0515
2025-07-20,3,Þróttur V.,Kári,0,2,135,0.03375
2025-07-20,3,Þróttur V.,Kári,0,3,68,0.017
2025-07-20,3,Þróttur V.,Kári,0,4,33,0.00825
2025-07-20,3,Þróttur V.,Kári,0,5,9,0.00225
2025-07-20,3,Þróttur V.,Kári,0,6,2,5e-4
2025-07-20,3,Þróttur V.,Kári,0,7,1,2.5e-4
2025-07-20,3,Þróttur V.,Kári,0,8,1,2.5e-4
2025-07-20,3,Þróttur V.,Kári,1,0,269,0.06725
2025-07-20,3,Þróttur V.,Kári,1,1,322,0.0805
2025-07-20,3,Þróttur V.,Kári,1,2,222,0.0555
2025-07-20,3,Þróttur V.,Kári,1,3,159,0.03975
2025-07-20,3,Þróttur V.,Kári,1,4,53,0.01325
2025-07-20,3,Þróttur V.,Kári,1,5,18,0.0045
2025-07-20,3,Þróttur V.,Kári,1,6,5,0.00125
2025-07-20,3,Þróttur V.,Kári,1,7,2,5e-4
2025-07-20,3,Þróttur V.,Kári,1,8,2,5e-4
2025-07-20,3,Þróttur V.,Kári,2,0,236,0.059
2025-07-20,3,Þróttur V.,Kári,2,1,346,0.0865
2025-07-20,3,Þróttur V.,Kári,2,2,244,0.061
2025-07-20,3,Þróttur V.,Kári,2,3,135,0.03375
2025-07-20,3,Þróttur V.,Kári,2,4,71,0.01775
2025-07-20,3,Þróttur V.,Kári,2,5,16,0.004
2025-07-20,3,Þróttur V.,Kári,2,6,7,0.00175
2025-07-20,3,Þróttur V.,Kári,2,8,3,7.5e-4
2025-07-20,3,Þróttur V.,Kári,3,0,162,0.0405
2025-07-20,3,Þróttur V.,Kári,3,1,193,0.04825
2025-07-20,3,Þróttur V.,Kári,3,2,182,0.0455
2025-07-20,3,Þróttur V.,Kári,3,3,88,0.022
2025-07-20,3,Þróttur V.,Kári,3,4,42,0.0105
2025-07-20,3,Þróttur V.,Kári,3,5,16,0.004
2025-07-20,3,Þróttur V.,Kári,3,6,3,7.5e-4
2025-07-20,3,Þróttur V.,Kári,4,0,70,0.0175
2025-07-20,3,Þróttur V.,Kári,4,1,106,0.0265
2025-07-20,3,Þróttur V.,Kári,4,2,86,0.0215
2025-07-20,3,Þróttur V.,Kári,4,3,53,0.01325
2025-07-20,3,Þróttur V.,Kári,4,4,29,0.00725
2025-07-20,3,Þróttur V.,Kári,4,5,5,0.00125
2025-07-20,3,Þróttur V.,Kári,4,6,1,2.5e-4
2025-07-20,3,Þróttur V.,Kári,5,0,37,0.00925
2025-07-20,3,Þróttur V.,Kári,5,1,50,0.0125
2025-07-20,3,Þróttur V.,Kári,5,2,36,0.009
2025-07-20,3,Þróttur V.,Kári,5,3,23,0.00575
2025-07-20,3,Þróttur V.,Kári,5,4,14,0.0035
2025-07-20,3,Þróttur V.,Kári,5,5,10,0.0025
2025-07-20,3,Þróttur V.,Kári,5,6,1,2.5e-4
2025-07-20,3,Þróttur V.,Kári,6,0,14,0.0035
2025-07-20,3,Þróttur V.,Kári,6,1,14,0.0035
2025-07-20,3,Þróttur V.,Kári,6,2,14,0.0035
2025-07-20,3,Þróttur V.,Kári,6,3,6,0.0015
2025-07-20,3,Þróttur V.,Kári,6,4,3,7.5e-4
2025-07-20,3,Þróttur V.,Kári,6,6,1,2.5e-4
2025-07-20,3,Þróttur V.,Kári,7,0,3,7.5e-4
2025-07-20,3,Þróttur V.,Kári,7,1,8,0.002
2025-07-20,3,Þróttur V.,Kári,7,2,3,7.5e-4
2025-07-20,3,Þróttur V.,Kári,7,3,2,5e-4
2025-07-20,3,Þróttur V.,Kári,7,4,4,0.001
2025-07-20,3,Þróttur V.,Kári,8,0,1,2.5e-4
2025-07-20,3,Þróttur V.,Kári,8,4,2,5e-4
2025-07-20,3,Þróttur V.,Kári,9,5,1,2.5e-4
2025-07-20,4,KV,Hvíti riddarinn,0,0,48,0.012
2025-07-20,4,KV,Hvíti riddarinn,0,1,69,0.01725
2025-07-20,4,KV,Hvíti riddarinn,0,2,61,0.01525
2025-07-20,4,KV,Hvíti riddarinn,0,3,32,0.008
2025-07-20,4,KV,Hvíti riddarinn,0,4,18,0.0045
2025-07-20,4,KV,Hvíti riddarinn,0,5,7,0.00175
2025-07-20,4,KV,Hvíti riddarinn,0,6,1,2.5e-4
2025-07-20,4,KV,Hvíti riddarinn,1,0,103,0.02575
2025-07-20,4,KV,Hvíti riddarinn,1,1,181,0.04525
2025-07-20,4,KV,Hvíti riddarinn,1,2,126,0.0315
2025-07-20,4,KV,Hvíti riddarinn,1,3,83,0.02075
2025-07-20,4,KV,Hvíti riddarinn,1,4,43,0.01075
2025-07-20,4,KV,Hvíti riddarinn,1,5,11,0.00275
2025-07-20,4,KV,Hvíti riddarinn,1,6,7,0.00175
2025-07-20,4,KV,Hvíti riddarinn,1,7,2,5e-4
2025-07-20,4,KV,Hvíti riddarinn,2,0,178,0.0445
2025-07-20,4,KV,Hvíti riddarinn,2,1,226,0.0565
2025-07-20,4,KV,Hvíti riddarinn,2,2,234,0.0585
2025-07-20,4,KV,Hvíti riddarinn,2,3,120,0.03
2025-07-20,4,KV,Hvíti riddarinn,2,4,54,0.0135
2025-07-20,4,KV,Hvíti riddarinn,2,5,22,0.0055
2025-07-20,4,KV,Hvíti riddarinn,2,6,8,0.002
2025-07-20,4,KV,Hvíti riddarinn,2,7,2,5e-4
2025-07-20,4,KV,Hvíti riddarinn,2,11,1,2.5e-4
2025-07-20,4,KV,Hvíti riddarinn,3,0,156,0.039
2025-07-20,4,KV,Hvíti riddarinn,3,1,216,0.054
2025-07-20,4,KV,Hvíti riddarinn,3,2,214,0.0535
2025-07-20,4,KV,Hvíti riddarinn,3,3,136,0.034
2025-07-20,4,KV,Hvíti riddarinn,3,4,58,0.0145
2025-07-20,4,KV,Hvíti riddarinn,3,5,15,0.00375
2025-07-20,4,KV,Hvíti riddarinn,3,6,10,0.0025
2025-07-20,4,KV,Hvíti riddarinn,3,7,1,2.5e-4
2025-07-20,4,KV,Hvíti riddarinn,3,9,1,2.5e-4
2025-07-20,4,KV,Hvíti riddarinn,4,0,132,0.033
2025-07-20,4,KV,Hvíti riddarinn,4,1,196,0.049
2025-07-20,4,KV,Hvíti riddarinn,4,2,174,0.0435
2025-07-20,4,KV,Hvíti riddarinn,4,3,111,0.02775
2025-07-20,4,KV,Hvíti riddarinn,4,4,47,0.01175
2025-07-20,4,KV,Hvíti riddarinn,4,5,22,0.0055
2025-07-20,4,KV,Hvíti riddarinn,4,6,11,0.00275
2025-07-20,4,KV,Hvíti riddarinn,4,7,1,2.5e-4
2025-07-20,4,KV,Hvíti riddarinn,5,0,86,0.0215
2025-07-20,4,KV,Hvíti riddarinn,5,1,118,0.0295
2025-07-20,4,KV,Hvíti riddarinn,5,2,104,0.026
2025-07-20,4,KV,Hvíti riddarinn,5,3,74,0.0185
2025-07-20,4,KV,Hvíti riddarinn,5,4,29,0.00725
2025-07-20,4,KV,Hvíti riddarinn,5,5,13,0.00325
2025-07-20,4,KV,Hvíti riddarinn,5,6,7,0.00175
2025-07-20,4,KV,Hvíti riddarinn,6,0,47,0.01175
2025-07-20,4,KV,Hvíti riddarinn,6,1,52,0.013
2025-07-20,4,KV,Hvíti riddarinn,6,2,62,0.0155
2025-07-20,4,KV,Hvíti riddarinn,6,3,30,0.0075
2025-07-20,4,KV,Hvíti riddarinn,6,4,15,0.00375
2025-07-20,4,KV,Hvíti riddarinn,6,5,7,0.00175
2025-07-20,4,KV,Hvíti riddarinn,6,6,2,5e-4
2025-07-20,4,KV,Hvíti riddarinn,7,0,17,0.00425
2025-07-20,4,KV,Hvíti riddarinn,7,1,45,0.01125
2025-07-20,4,KV,Hvíti riddarinn,7,2,18,0.0045
2025-07-20,4,KV,Hvíti riddarinn,7,3,15,0.00375
2025-07-20,4,KV,Hvíti riddarinn,7,4,15,0.00375
2025-07-20,4,KV,Hvíti riddarinn,7,5,4,0.001
2025-07-20,4,KV,Hvíti riddarinn,7,6,3,7.5e-4
2025-07-20,4,KV,Hvíti riddarinn,7,7,1,2.5e-4
2025-07-20,4,KV,Hvíti riddarinn,8,0,10,0.0025
2025-07-20,4,KV,Hvíti riddarinn,8,1,16,0.004
2025-07-20,4,KV,Hvíti riddarinn,8,2,13,0.00325
2025-07-20,4,KV,Hvíti riddarinn,8,3,13,0.00325
2025-07-20,4,KV,Hvíti riddarinn,8,4,5,0.00125
2025-07-20,4,KV,Hvíti riddarinn,8,6,1,2.5e-4
2025-07-20,4,KV,Hvíti riddarinn,9,0,6,0.0015
2025-07-20,4,KV,Hvíti riddarinn,9,1,6,0.0015
2025-07-20,4,KV,Hvíti riddarinn,9,2,6,0.0015
2025-07-20,4,KV,Hvíti riddarinn,9,3,4,0.001
2025-07-20,4,KV,Hvíti riddarinn,9,4,3,7.5e-4
2025-07-20,4,KV,Hvíti riddarinn,9,5,3,7.5e-4
2025-07-20,4,KV,Hvíti riddarinn,10,0,2,5e-4
2025-07-20,4,KV,Hvíti riddarinn,10,1,2,5e-4
2025-07-20,4,KV,Hvíti riddarinn,10,2,2,5e-4
2025-07-20,4,KV,Hvíti riddarinn,10,3,1,2.5e-4
2025-07-20,4,KV,Hvíti riddarinn,10,5,1,2.5e-4
2025-07-20,4,KV,Hvíti riddarinn,10,6,1,2.5e-4
2025-07-20,4,KV,Hvíti riddarinn,11,0,1,2.5e-4
2025-07-20,4,KV,Hvíti riddarinn,12,0,1,2.5e-4
2025-07-20,4,KV,Hvíti riddarinn,13,0,1,2.5e-4
2025-07-20,4,Magni,Augnablik,0,0,163,0.04075
2025-07-20,4,Magni,Augnablik,0,1,214,0.0535
2025-07-20,4,Magni,Augnablik,0,2,155,0.03875
2025-07-20,4,Magni,Augnablik,0,3,89,0.02225
2025-07-20,4,Magni,Augnablik,0,4,49,0.01225
2025-07-20,4,Magni,Augnablik,0,5,13,0.00325
2025-07-20,4,Magni,Augnablik,0,6,4,0.001
2025-07-20,4,Magni,Augnablik,0,7,1,2.5e-4
2025-07-20,4,Magni,Augnablik,1,0,239,0.05975
2025-07-20,4,Magni,Augnablik,1,1,409,0.10225
2025-07-20,4,Magni,Augnablik,1,2,273,0.06825
2025-07-20,4,Magni,Augnablik,1,3,138,0.0345
2025-07-20,4,Magni,Augnablik,1,4,92,0.023
2025-07-20,4,Magni,Augnablik,1,5,27,0.00675
2025-07-20,4,Magni,Augnablik,1,6,11,0.00275
2025-07-20,4,Magni,Augnablik,1,7,2,5e-4
2025-07-20,4,Magni,Augnablik,1,9,2,5e-4
2025-07-20,4,Magni,Augnablik,2,0,195,0.04875
2025-07-20,4,Magni,Augnablik,2,1,341,0.08525
2025-07-20,4,Magni,Augnablik,2,2,272,0.068
2025-07-20,4,Magni,Augnablik,2,3,150,0.0375
2025-07-20,4,Magni,Augnablik,2,4,62,0.0155
2025-07-20,4,Magni,Augnablik,2,5,16,0.004
2025-07-20,4,Magni,Augnablik,2,6,8,0.002
2025-07-20,4,Magni,Augnablik,2,8,2,5e-4
2025-07-20,4,Magni,Augnablik,3,0,132,0.033
2025-07-20,4,Magni,Augnablik,3,1,171,0.04275
2025-07-20,4,Magni,Augnablik,3,2,145,0.03625
2025-07-20,4,Magni,Augnablik,3,3,103,0.02575
2025-07-20,4,Magni,Augnablik,3,4,30,0.0075
2025-07-20,4,Magni,Augnablik,3,5,13,0.00325
2025-07-20,4,Magni,Augnablik,3,6,2,5e-4
2025-07-20,4,Magni,Augnablik,3,7,1,2.5e-4
2025-07-20,4,Magni,Augnablik,3,8,2,5e-4
2025-07-20,4,Magni,Augnablik,4,0,58,0.0145
2025-07-20,4,Magni,Augnablik,4,1,80,0.02
2025-07-20,4,Magni,Augnablik,4,2,77,0.01925
2025-07-20,4,Magni,Augnablik,4,3,45,0.01125
2025-07-20,4,Magni,Augnablik,4,4,24,0.006
2025-07-20,4,Magni,Augnablik,4,5,5,0.00125
2025-07-20,4,Magni,Augnablik,4,6,3,7.5e-4
2025-07-20,4,Magni,Augnablik,4,7,2,5e-4
2025-07-20,4,Magni,Augnablik,5,0,22,0.0055
2025-07-20,4,Magni,Augnablik,5,1,32,0.008
2025-07-20,4,Magni,Augnablik,5,2,33,0.00825
2025-07-20,4,Magni,Augnablik,5,3,20,0.005
2025-07-20,4,Magni,Augnablik,5,4,9,0.00225
2025-07-20,4,Magni,Augnablik,5,5,5,0.00125
2025-07-20,4,Magni,Augnablik,5,7,1,2.5e-4
2025-07-20,4,Magni,Augnablik,6,0,6,0.0015
2025-07-20,4,Magni,Augnablik,6,1,10,0.0025
2025-07-20,4,Magni,Augnablik,6,2,12,0.003
2025-07-20,4,Magni,Augnablik,6,3,5,0.00125
2025-07-20,4,Magni,Augnablik,6,4,3,7.5e-4
2025-07-20,4,Magni,Augnablik,6,5,2,5e-4
2025-07-20,4,Magni,Augnablik,7,0,3,7.5e-4
2025-07-20,4,Magni,Augnablik,7,1,6,0.0015
2025-07-20,4,Magni,Augnablik,7,2,5,0.00125
2025-07-20,4,Magni,Augnablik,7,3,1,2.5e-4
2025-07-20,4,Magni,Augnablik,7,5,2,5e-4
2025-07-20,4,Magni,Augnablik,8,0,1,2.5e-4
2025-07-20,4,Magni,Augnablik,8,1,2,5e-4
2025-07-20,4,Árbær,Reynir S.,0,0,207,0.05175
2025-07-20,4,Árbær,Reynir S.,0,1,283,0.07075
2025-07-20,4,Árbær,Reynir S.,0,2,213,0.05325
2025-07-20,4,Árbær,Reynir S.,0,3,147,0.03675
2025-07-20,4,Árbær,Reynir S.,0,4,51,0.01275
2025-07-20,4,Árbær,Reynir S.,0,5,28,0.007
2025-07-20,4,Árbær,Reynir S.,0,6,11,0.00275
2025-07-20,4,Árbær,Reynir S.,0,8,2,5e-4
2025-07-20,4,Árbær,Reynir S.,1,0,286,0.0715
2025-07-20,4,Árbær,Reynir S.,1,1,405,0.10125
2025-07-20,4,Árbær,Reynir S.,1,2,291,0.07275
2025-07-20,4,Árbær,Reynir S.,1,3,188,0.047
2025-07-20,4,Árbær,Reynir S.,1,4,69,0.01725
2025-07-20,4,Árbær,Reynir S.,1,5,25,0.00625
2025-07-20,4,Árbær,Reynir S.,1,6,12,0.003
2025-07-20,4,Árbær,Reynir S.,1,7,4,0.001
2025-07-20,4,Árbær,Reynir S.,2,0,195,0.04875
2025-07-20,4,Árbær,Reynir S.,2,1,313,0.07825
2025-07-20,4,Árbær,Reynir S.,2,2,218,0.0545
2025-07-20,4,Árbær,Reynir S.,2,3,125,0.03125
2025-07-20,4,Árbær,Reynir S.,2,4,58,0.0145
2025-07-20,4,Árbær,Reynir S.,2,5,25,0.00625
2025-07-20,4,Árbær,Reynir S.,2,6,5,0.00125
2025-07-20,4,Árbær,Reynir S.,2,7,1,2.5e-4
2025-07-20,4,Árbær,Reynir S.,2,8,2,5e-4
2025-07-20,4,Árbær,Reynir S.,3,0,108,0.027
2025-07-20,4,Árbær,Reynir S.,3,1,158,0.0395
2025-07-20,4,Árbær,Reynir S.,3,2,121,0.03025
2025-07-20,4,Árbær,Reynir S.,3,3,79,0.01975
2025-07-20,4,Árbær,Reynir S.,3,4,31,0.00775
2025-07-20,4,Árbær,Reynir S.,3,5,6,0.0015
2025-07-20,4,Árbær,Reynir S.,3,6,7,0.00175
2025-07-20,4,Árbær,Reynir S.,3,8,1,2.5e-4
2025-07-20,4,Árbær,Reynir S.,4,0,45,0.01125
2025-07-20,4,Árbær,Reynir S.,4,1,57,0.01425
2025-07-20,4,Árbær,Reynir S.,4,2,49,0.01225
2025-07-20,4,Árbær,Reynir S.,4,3,41,0.01025
2025-07-20,4,Árbær,Reynir S.,4,4,18,0.0045
2025-07-20,4,Árbær,Reynir S.,4,5,4,0.001
2025-07-20,4,Árbær,Reynir S.,4,6,4,0.001
2025-07-20,4,Árbær,Reynir S.,4,7,1,2.5e-4
2025-07-20,4,Árbær,Reynir S.,5,0,8,0.002
2025-07-20,4,Árbær,Reynir S.,5,1,23,0.00575
2025-07-20,4,Árbær,Reynir S.,5,2,17,0.00425
2025-07-20,4,Árbær,Reynir S.,5,3,9,0.00225
2025-07-20,4,Árbær,Reynir S.,5,4,5,0.00125
2025-07-20,4,Árbær,Reynir S.,5,5,5,0.00125
2025-07-20,4,Árbær,Reynir S.,5,6,1,2.5e-4
2025-07-20,4,Árbær,Reynir S.,6,0,6,0.0015
2025-07-20,4,Árbær,Reynir S.,6,1,3,7.5e-4
2025-07-20,4,Árbær,Reynir S.,6,2,12,0.003
2025-07-20,4,Árbær,Reynir S.,6,3,9,0.00225
2025-07-20,4,Árbær,Reynir S.,7,0,1,2.5e-4
2025-07-20,4,Árbær,Reynir S.,7,1,1,2.5e-4
2025-07-20,4,Árbær,Reynir S.,7,2,1,2.5e-4
2025-07-20,4,Árbær,Reynir S.,7,3,1,2.5e-4
2025-07-20,4,Árbær,Reynir S.,7,7,1,2.5e-4
2025-07-20,4,Árbær,Reynir S.,8,2,1,2.5e-4
2025-07-20,4,Árbær,Reynir S.,9,0,1,2.5e-4
2025-07-20,4,Árbær,Reynir S.,9,2,1,2.5e-4
2025-07-20,4,ÍH,Sindri,0,0,115,0.02875
2025-07-20,4,ÍH,Sindri,0,1,134,0.0335
2025-07-20,4,ÍH,Sindri,0,2,133,0.03325
2025-07-20,4,ÍH,Sindri,0,3,65,0.01625
2025-07-20,4,ÍH,Sindri,0,4,46,0.0115
2025-07-20,4,ÍH,Sindri,0,5,16,0.004
2025-07-20,4,ÍH,Sindri,0,6,7,0.00175
2025-07-20,4,ÍH,Sindri,0,7,3,7.5e-4
2025-07-20,4,ÍH,Sindri,0,9,1,2.5e-4
2025-07-20,4,ÍH,Sindri,1,0,147,0.03675
2025-07-20,4,ÍH,Sindri,1,1,310,0.0775
2025-07-20,4,ÍH,Sindri,1,2,248,0.062
2025-07-20,4,ÍH,Sindri,1,3,139,0.03475
2025-07-20,4,ÍH,Sindri,1,4,87,0.02175
2025-07-20,4,ÍH,Sindri,1,5,31,0.00775
2025-07-20,4,ÍH,Sindri,1,6,11,0.00275
2025-07-20,4,ÍH,Sindri,1,7,6,0.0015
2025-07-20,4,ÍH,Sindri,1,9,1,2.5e-4
2025-07-20,4,ÍH,Sindri,2,0,167,0.04175
2025-07-20,4,ÍH,Sindri,2,1,270,0.0675
2025-07-20,4,ÍH,Sindri,2,2,269,0.06725
2025-07-20,4,ÍH,Sindri,2,3,170,0.0425
2025-07-20,4,ÍH,Sindri,2,4,74,0.0185
2025-07-20,4,ÍH,Sindri,2,5,22,0.0055
2025-07-20,4,ÍH,Sindri,2,6,7,0.00175
2025-07-20,4,ÍH,Sindri,2,7,1,2.5e-4
2025-07-20,4,ÍH,Sindri,2,8,2,5e-4
2025-07-20,4,ÍH,Sindri,3,0,99,0.02475
2025-07-20,4,ÍH,Sindri,3,1,213,0.05325
2025-07-20,4,ÍH,Sindri,3,2,199,0.04975
2025-07-20,4,ÍH,Sindri,3,3,120,0.03
2025-07-20,4,ÍH,Sindri,3,4,70,0.0175
2025-07-20,4,ÍH,Sindri,3,5,21,0.00525
2025-07-20,4,ÍH,Sindri,3,6,12,0.003
2025-07-20,4,ÍH,Sindri,3,7,2,5e-4
2025-07-20,4,ÍH,Sindri,4,0,61,0.01525
2025-07-20,4,ÍH,Sindri,4,1,126,0.0315
2025-07-20,4,ÍH,Sindri,4,2,99,0.02475
2025-07-20,4,ÍH,Sindri,4,3,60,0.015
2025-07-20,4,ÍH,Sindri,4,4,41,0.01025
2025-07-20,4,ÍH,Sindri,4,5,12,0.003
2025-07-20,4,ÍH,Sindri,4,6,4,0.001
2025-07-20,4,ÍH,Sindri,4,7,4,0.001
2025-07-20,4,ÍH,Sindri,5,0,40,0.01
2025-07-20,4,ÍH,Sindri,5,1,43,0.01075
2025-07-20,4,ÍH,Sindri,5,2,71,0.01775
2025-07-20,4,ÍH,Sindri,5,3,49,0.01225
2025-07-20,4,ÍH,Sindri,5,4,25,0.00625
2025-07-20,4,ÍH,Sindri,5,5,12,0.003
2025-07-20,4,ÍH,Sindri,5,7,1,2.5e-4
2025-07-20,4,ÍH,Sindri,6,0,15,0.00375
2025-07-20,4,ÍH,Sindri,6,1,22,0.0055
2025-07-20,4,ÍH,Sindri,6,2,20,0.005
2025-07-20,4,ÍH,Sindri,6,3,15,0.00375
2025-07-20,4,ÍH,Sindri,6,4,5,0.00125
2025-07-20,4,ÍH,Sindri,6,5,6,0.0015
2025-07-20,4,ÍH,Sindri,7,0,7,0.00175
2025-07-20,4,ÍH,Sindri,7,1,10,0.0025
2025-07-20,4,ÍH,Sindri,7,2,7,0.00175
2025-07-20,4,ÍH,Sindri,7,3,6,0.0015
2025-07-20,4,ÍH,Sindri,7,4,3,7.5e-4
2025-07-20,4,ÍH,Sindri,7,7,1,2.5e-4
2025-07-20,4,ÍH,Sindri,8,0,1,2.5e-4
2025-07-20,4,ÍH,Sindri,8,1,3,7.5e-4
2025-07-20,4,ÍH,Sindri,8,2,3,7.5e-4
2025-07-20,4,ÍH,Sindri,8,3,2,5e-4
2025-07-20,4,ÍH,Sindri,8,4,3,7.5e-4
2025-07-20,4,ÍH,Sindri,8,5,1,2.5e-4
2025-07-20,4,ÍH,Sindri,8,6,1,2.5e-4
2025-07-20,4,ÍH,Sindri,9,1,1,2.5e-4
2025-07-20,4,ÍH,Sindri,9,3,2,5e-4
2025-07-20,4,Ýmir,Tindastóll,0,0,251,0.06275
2025-07-20,4,Ýmir,Tindastóll,0,1,339,0.08475
2025-07-20,4,Ýmir,Tindastóll,0,2,225,0.05625
2025-07-20,4,Ýmir,Tindastóll,0,3,95,0.02375
2025-07-20,4,Ýmir,Tindastóll,0,4,28,0.007
2025-07-20,4,Ýmir,Tindastóll,0,5,15,0.00375
2025-07-20,4,Ýmir,Tindastóll,0,6,3,7.5e-4
2025-07-20,4,Ýmir,Tindastóll,1,0,363,0.09075
2025-07-20,4,Ýmir,Tindastóll,1,1,474,0.1185
2025-07-20,4,Ýmir,Tindastóll,1,2,287,0.07175
2025-07-20,4,Ýmir,Tindastóll,1,3,146,0.0365
2025-07-20,4,Ýmir,Tindastóll,1,4,53,0.01325
2025-07-20,4,Ýmir,Tindastóll,1,5,13,0.00325
2025-07-20,4,Ýmir,Tindastóll,1,6,4,0.001
2025-07-20,4,Ýmir,Tindastóll,1,7,1,2.5e-4
2025-07-20,4,Ýmir,Tindastóll,2,0,247,0.06175
2025-07-20,4,Ýmir,Tindastóll,2,1,314,0.0785
2025-07-20,4,Ýmir,Tindastóll,2,2,230,0.0575
2025-07-20,4,Ýmir,Tindastóll,2,3,82,0.0205
2025-07-20,4,Ýmir,Tindastóll,2,4,30,0.0075
2025-07-20,4,Ýmir,Tindastóll,2,5,11,0.00275
2025-07-20,4,Ýmir,Tindastóll,2,6,3,7.5e-4
2025-07-20,4,Ýmir,Tindastóll,2,7,1,2.5e-4
2025-07-20,4,Ýmir,Tindastóll,3,0,141,0.03525
2025-07-20,4,Ýmir,Tindastóll,3,1,157,0.03925
2025-07-20,4,Ýmir,Tindastóll,3,2,119,0.02975
2025-07-20,4,Ýmir,Tindastóll,3,3,57,0.01425
2025-07-20,4,Ýmir,Tindastóll,3,4,21,0.00525
2025-07-20,4,Ýmir,Tindastóll,3,5,7,0.00175
2025-07-20,4,Ýmir,Tindastóll,3,6,5,0.00125
2025-07-20,4,Ýmir,Tindastóll,3,8,1,2.5e-4
2025-07-20,4,Ýmir,Tindastóll,4,0,47,0.01175
2025-07-20,4,Ýmir,Tindastóll,4,1,68,0.017
2025-07-20,4,Ýmir,Tindastóll,4,2,38,0.0095
2025-07-20,4,Ýmir,Tindastóll,4,3,29,0.00725
2025-07-20,4,Ýmir,Tindastóll,4,4,9,0.00225
2025-07-20,4,Ýmir,Tindastóll,4,5,2,5e-4
2025-07-20,4,Ýmir,Tindastóll,4,6,2,5e-4
2025-07-20,4,Ýmir,Tindastóll,5,0,10,0.0025
2025-07-20,4,Ýmir,Tindastóll,5,1,12,0.003
2025-07-20,4,Ýmir,Tindastóll,5,2,14,0.0035
2025-07-20,4,Ýmir,Tindastóll,5,3,7,0.00175
2025-07-20,4,Ýmir,Tindastóll,5,4,3,7.5e-4
2025-07-20,4,Ýmir,Tindastóll,5,5,1,2.5e-4
2025-07-20,4,Ýmir,Tindastóll,6,0,10,0.0025
2025-07-20,4,Ýmir,Tindastóll,6,1,8,0.002
2025-07-20,4,Ýmir,Tindastóll,6,2,5,0.00125
2025-07-20,4,Ýmir,Tindastóll,6,3,4,0.001
2025-07-20,4,Ýmir,Tindastóll,6,4,1,2.5e-4
2025-07-20,4,Ýmir,Tindastóll,6,5,1,2.5e-4
2025-07-20,4,Ýmir,Tindastóll,7,1,2,5e-4
2025-07-20,4,Ýmir,Tindastóll,7,2,2,5e-4
2025-07-20,4,Ýmir,Tindastóll,7,3,1,2.5e-4
2025-07-20,4,Ýmir,Tindastóll,9,1,1,2.5e-4
2025-07-23,5,Elliði,Árborg,0,0,256,0.064
2025-07-23,5,Elliði,Árborg,0,1,214,0.0535
2025-07-23,5,Elliði,Árborg,0,2,99,0.02475
2025-07-23,5,Elliði,Árborg,0,3,26,0.0065
2025-07-23,5,Elliði,Árborg,0,4,11,0.00275
2025-07-23,5,Elliði,Árborg,0,5,1,2.5e-4
2025-07-23,5,Elliði,Árborg,0,6,1,2.5e-4
2025-07-23,5,Elliði,Árborg,0,7,1,2.5e-4
2025-07-23,5,Elliði,Árborg,1,0,397,0.09925
2025-07-23,5,Elliði,Árborg,1,1,405,0.10125
2025-07-23,5,Elliði,Árborg,1,2,202,0.0505
2025-07-23,5,Elliði,Árborg,1,3,65,0.01625
2025-07-23,5,Elliði,Árborg,1,4,13,0.00325
2025-07-23,5,Elliði,Árborg,1,5,6,0.0015
2025-07-23,5,Elliði,Árborg,1,6,3,7.5e-4
2025-07-23,5,Elliði,Árborg,2,0,403,0.10075
2025-07-23,5,Elliði,Árborg,2,1,377,0.09425
2025-07-23,5,Elliði,Árborg,2,2,192,0.048
2025-07-23,5,Elliði,Árborg,2,3,60,0.015
2025-07-23,5,Elliði,Árborg,2,4,18,0.0045
2025-07-23,5,Elliði,Árborg,2,5,4,0.001
2025-07-23,5,Elliði,Árborg,2,6,1,2.5e-4
2025-07-23,5,Elliði,Árborg,3,0,260,0.065
2025-07-23,5,Elliði,Árborg,3,1,249,0.06225
2025-07-23,5,Elliði,Árborg,3,2,117,0.02925
2025-07-23,5,Elliði,Árborg,3,3,43,0.01075
2025-07-23,5,Elliði,Árborg,3,4,13,0.00325
2025-07-23,5,Elliði,Árborg,3,5,2,5e-4
2025-07-23,5,Elliði,Árborg,3,6,2,5e-4
2025-07-23,5,Elliði,Árborg,4,0,142,0.0355
2025-07-23,5,Elliði,Árborg,4,1,118,0.0295
2025-07-23,5,Elliði,Árborg,4,2,50,0.0125
2025-07-23,5,Elliði,Árborg,4,3,19,0.00475
2025-07-23,5,Elliði,Árborg,4,4,2,5e-4
2025-07-23,5,Elliði,Árborg,4,5,2,5e-4
2025-07-23,5,Elliði,Árborg,5,0,50,0.0125
2025-07-23,5,Elliði,Árborg,5,1,50,0.0125
2025-07-23,5,Elliði,Árborg,5,2,28,0.007
2025-07-23,5,Elliði,Árborg,5,3,11,0.00275
2025-07-23,5,Elliði,Árborg,5,4,2,5e-4
2025-07-23,5,Elliði,Árborg,5,5,2,5e-4
2025-07-23,5,Elliði,Árborg,6,0,23,0.00575
2025-07-23,5,Elliði,Árborg,6,1,21,0.00525
2025-07-23,5,Elliði,Árborg,6,2,13,0.00325
2025-07-23,5,Elliði,Árborg,6,3,4,0.001
2025-07-23,5,Elliði,Árborg,7,0,5,0.00125
2025-07-23,5,Elliði,Árborg,7,1,5,0.00125
2025-07-23,5,Elliði,Árborg,7,2,3,7.5e-4
2025-07-23,5,Elliði,Árborg,7,4,2,5e-4
2025-07-23,5,Elliði,Árborg,7,5,1,2.5e-4
2025-07-23,5,Elliði,Árborg,8,0,3,7.5e-4
2025-07-23,5,Elliði,Árborg,8,1,2,5e-4
2025-07-23,5,Elliði,Árborg,9,0,1,2.5e-4
2025-07-24,3,Þróttur V.,Víðir,0,0,44,0.011
2025-07-24,3,Þróttur V.,Víðir,0,1,57,0.01425
2025-07-24,3,Þróttur V.,Víðir,0,2,64,0.016
2025-07-24,3,Þróttur V.,Víðir,0,3,44,0.011
2025-07-24,3,Þróttur V.,Víðir,0,4,16,0.004
2025-07-24,3,Þróttur V.,Víðir,0,5,10,0.0025
2025-07-24,3,Þróttur V.,Víðir,0,6,4,0.001
2025-07-24,3,Þróttur V.,Víðir,0,7,1,2.5e-4
2025-07-24,3,Þróttur V.,Víðir,1,0,77,0.01925
2025-07-24,3,Þróttur V.,Víðir,1,1,165,0.04125
2025-07-24,3,Þróttur V.,Víðir,1,2,169,0.04225
2025-07-24,3,Þróttur V.,Víðir,1,3,114,0.0285
2025-07-24,3,Þróttur V.,Víðir,1,4,61,0.01525
2025-07-24,3,Þróttur V.,Víðir,1,5,23,0.00575
2025-07-24,3,Þróttur V.,Víðir,1,6,10,0.0025
2025-07-24,3,Þróttur V.,Víðir,1,7,3,7.5e-4
2025-07-24,3,Þróttur V.,Víðir,1,8,2,5e-4
2025-07-24,3,Þróttur V.,Víðir,1,9,1,2.5e-4
2025-07-24,3,Þróttur V.,Víðir,2,0,105,0.02625
2025-07-24,3,Þróttur V.,Víðir,2,1,209,0.05225
2025-07-24,3,Þróttur V.,Víðir,2,2,240,0.06
2025-07-24,3,Þróttur V.,Víðir,2,3,148,0.037
2025-07-24,3,Þróttur V.,Víðir,2,4,83,0.02075
2025-07-24,3,Þróttur V.,Víðir,2,5,37,0.00925
2025-07-24,3,Þróttur V.,Víðir,2,6,17,0.00425
2025-07-24,3,Þróttur V.,Víðir,2,7,4,0.001
2025-07-24,3,Þróttur V.,Víðir,2,8,2,5e-4
2025-07-24,3,Þróttur V.,Víðir,2,9,1,2.5e-4
2025-07-24,3,Þróttur V.,Víðir,3,0,96,0.024
2025-07-24,3,Þróttur V.,Víðir,3,1,221,0.05525
2025-07-24,3,Þróttur V.,Víðir,3,2,221,0.05525
2025-07-24,3,Þróttur V.,Víðir,3,3,168,0.042
2025-07-24,3,Þróttur V.,Víðir,3,4,89,0.02225
2025-07-24,3,Þróttur V.,Víðir,3,5,44,0.011
2025-07-24,3,Þróttur V.,Víðir,3,6,20,0.005
2025-07-24,3,Þróttur V.,Víðir,3,7,8,0.002
2025-07-24,3,Þróttur V.,Víðir,3,8,4,0.001
2025-07-24,3,Þróttur V.,Víðir,3,9,1,2.5e-4
2025-07-24,3,Þróttur V.,Víðir,4,0,91,0.02275
2025-07-24,3,Þróttur V.,Víðir,4,1,146,0.0365
2025-07-24,3,Þróttur V.,Víðir,4,2,156,0.039
2025-07-24,3,Þróttur V.,Víðir,4,3,102,0.0255
2025-07-24,3,Þróttur V.,Víðir,4,4,84,0.021
2025-07-24,3,Þróttur V.,Víðir,4,5,20,0.005
2025-07-24,3,Þróttur V.,Víðir,4,6,9,0.00225
2025-07-24,3,Þróttur V.,Víðir,4,7,2,5e-4
2025-07-24,3,Þróttur V.,Víðir,4,8,3,7.5e-4
2025-07-24,3,Þróttur V.,Víðir,4,9,1,2.5e-4
2025-07-24,3,Þróttur V.,Víðir,5,0,58,0.0145
2025-07-24,3,Þróttur V.,Víðir,5,1,107,0.02675
2025-07-24,3,Þróttur V.,Víðir,5,2,100,0.025
2025-07-24,3,Þróttur V.,Víðir,5,3,76,0.019
2025-07-24,3,Þróttur V.,Víðir,5,4,33,0.00825
2025-07-24,3,Þróttur V.,Víðir,5,5,19,0.00475
2025-07-24,3,Þróttur V.,Víðir,5,6,6,0.0015
2025-07-24,3,Þróttur V.,Víðir,5,7,2,5e-4
2025-07-24,3,Þróttur V.,Víðir,5,8,3,7.5e-4
2025-07-24,3,Þróttur V.,Víðir,5,9,1,2.5e-4
2025-07-24,3,Þróttur V.,Víðir,6,0,21,0.00525
2025-07-24,3,Þróttur V.,Víðir,6,1,60,0.015
2025-07-24,3,Þróttur V.,Víðir,6,2,55,0.01375
2025-07-24,3,Þróttur V.,Víðir,6,3,37,0.00925
2025-07-24,3,Þróttur V.,Víðir,6,4,22,0.0055
2025-07-24,3,Þróttur V.,Víðir,6,5,7,0.00175
2025-07-24,3,Þróttur V.,Víðir,6,6,9,0.00225
2025-07-24,3,Þróttur V.,Víðir,6,7,2,5e-4
2025-07-24,3,Þróttur V.,Víðir,6,8,1,2.5e-4
2025-07-24,3,Þróttur V.,Víðir,6,9,1,2.5e-4
2025-07-24,3,Þróttur V.,Víðir,7,0,17,0.00425
2025-07-24,3,Þróttur V.,Víðir,7,1,22,0.0055
2025-07-24,3,Þróttur V.,Víðir,7,2,31,0.00775
2025-07-24,3,Þróttur V.,Víðir,7,3,14,0.0035
2025-07-24,3,Þróttur V.,Víðir,7,4,13,0.00325
2025-07-24,3,Þróttur V.,Víðir,7,5,6,0.0015
2025-07-24,3,Þróttur V.,Víðir,7,6,3,7.5e-4
2025-07-24,3,Þróttur V.,Víðir,7,7,1,2.5e-4
2025-07-24,3,Þróttur V.,Víðir,7,8,2,5e-4
2025-07-24,3,Þróttur V.,Víðir,8,0,2,5e-4
2025-07-24,3,Þróttur V.,Víðir,8,1,11,0.00275
2025-07-24,3,Þróttur V.,Víðir,8,2,9,0.00225
2025-07-24,3,Þróttur V.,Víðir,8,3,9,0.00225
2025-07-24,3,Þróttur V.,Víðir,8,4,4,0.001
2025-07-24,3,Þróttur V.,Víðir,8,5,1,2.5e-4
2025-07-24,3,Þróttur V.,Víðir,8,6,1,2.5e-4
2025-07-24,3,Þróttur V.,Víðir,8,8,1,2.5e-4
2025-07-24,3,Þróttur V.,Víðir,9,0,2,5e-4
2025-07-24,3,Þróttur V.,Víðir,9,1,6,0.0015
2025-07-24,3,Þróttur V.,Víðir,9,2,1,2.5e-4
2025-07-24,3,Þróttur V.,Víðir,9,3,4,0.001
2025-07-24,3,Þróttur V.,Víðir,9,4,3,7.5e-4
2025-07-24,3,Þróttur V.,Víðir,9,5,1,2.5e-4
2025-07-24,3,Þróttur V.,Víðir,9,7,1,2.5e-4
2025-07-24,3,Þróttur V.,Víðir,10,0,1,2.5e-4
2025-07-24,3,Þróttur V.,Víðir,10,1,4,0.001
2025-07-24,3,Þróttur V.,Víðir,10,2,3,7.5e-4
2025-07-24,3,Þróttur V.,Víðir,10,3,2,5e-4
2025-07-24,3,Þróttur V.,Víðir,10,4,1,2.5e-4
2025-07-24,3,Þróttur V.,Víðir,11,1,1,2.5e-4
2025-07-24,3,Þróttur V.,Víðir,11,2,1,2.5e-4
2025-07-24,3,Þróttur V.,Víðir,11,3,1,2.5e-4
2025-07-24,3,Þróttur V.,Víðir,11,4,2,5e-4
2025-07-24,3,Þróttur V.,Víðir,11,5,2,5e-4
2025-07-24,5,Hamar,KH,0,0,187,0.04675
2025-07-24,5,Hamar,KH,0,1,158,0.0395
2025-07-24,5,Hamar,KH,0,2,74,0.0185
2025-07-24,5,Hamar,KH,0,3,28,0.007
2025-07-24,5,Hamar,KH,0,4,6,0.0015
2025-07-24,5,Hamar,KH,0,5,2,5e-4
2025-07-24,5,Hamar,KH,1,0,370,0.0925
2025-07-24,5,Hamar,KH,1,1,309,0.07725
2025-07-24,5,Hamar,KH,1,2,153,0.03825
2025-07-24,5,Hamar,KH,1,3,54,0.0135
2025-07-24,5,Hamar,KH,1,4,15,0.00375
2025-07-24,5,Hamar,KH,1,5,3,7.5e-4
2025-07-24,5,Hamar,KH,1,6,1,2.5e-4
2025-07-24,5,Hamar,KH,2,0,374,0.0935
2025-07-24,5,Hamar,KH,2,1,345,0.08625
2025-07-24,5,Hamar,KH,2,2,174,0.0435
2025-07-24,5,Hamar,KH,2,3,62,0.0155
2025-07-24,5,Hamar,KH,2,4,13,0.00325
2025-07-24,5,Hamar,KH,2,5,3,7.5e-4
2025-07-24,5,Hamar,KH,2,6,1,2.5e-4
2025-07-24,5,Hamar,KH,3,0,315,0.07875
2025-07-24,5,Hamar,KH,3,1,286,0.0715
2025-07-24,5,Hamar,KH,3,2,128,0.032
2025-07-24,5,Hamar,KH,3,3,49,0.01225
2025-07-24,5,Hamar,KH,3,4,11,0.00275
2025-07-24,5,Hamar,KH,3,5,3,7.5e-4
2025-07-24,5,Hamar,KH,4,0,164,0.041
2025-07-24,5,Hamar,KH,4,1,170,0.0425
2025-07-24,5,Hamar,KH,4,2,103,0.02575
2025-07-24,5,Hamar,KH,4,3,25,0.00625
2025-07-24,5,Hamar,KH,4,4,8,0.002
2025-07-24,5,Hamar,KH,4,5,1,2.5e-4
2025-07-24,5,Hamar,KH,5,0,91,0.02275
2025-07-24,5,Hamar,KH,5,1,84,0.021
2025-07-24,5,Hamar,KH,5,2,40,0.01
2025-07-24,5,Hamar,KH,5,3,13,0.00325
2025-07-24,5,Hamar,KH,5,4,5,0.00125
2025-07-24,5,Hamar,KH,5,5,2,5e-4
2025-07-24,5,Hamar,KH,6,0,38,0.0095
2025-07-24,5,Hamar,KH,6,1,35,0.00875
2025-07-24,5,Hamar,KH,6,2,20,0.005
2025-07-24,5,Hamar,KH,6,3,11,0.00275
2025-07-24,5,Hamar,KH,6,4,1,2.5e-4
2025-07-24,5,Hamar,KH,6,5,2,5e-4
2025-07-24,5,Hamar,KH,7,0,12,0.003
2025-07-24,5,Hamar,KH,7,1,15,0.00375
2025-07-24,5,Hamar,KH,7,2,6,0.0015
2025-07-24,5,Hamar,KH,7,3,1,2.5e-4
2025-07-24,5,Hamar,KH,7,4,2,5e-4
2025-07-24,5,Hamar,KH,7,5,1,2.5e-4
2025-07-24,5,Hamar,KH,8,0,4,0.001
2025-07-24,5,Hamar,KH,8,1,6,0.0015
2025-07-24,5,Hamar,KH,8,2,2,5e-4
2025-07-24,5,Hamar,KH,8,3,2,5e-4
2025-07-24,5,Hamar,KH,9,0,5,0.00125
2025-07-24,5,Hamar,KH,9,1,3,7.5e-4
2025-07-24,5,Hamar,KH,9,2,1,2.5e-4
2025-07-24,5,Hamar,KH,10,0,1,2.5e-4
2025-07-24,5,Hamar,KH,10,2,1,2.5e-4
2025-07-24,5,Hamar,KH,10,3,1,2.5e-4
2025-07-24,5,Kría,Hafnir,0,0,189,0.04725
2025-07-24,5,Kría,Hafnir,0,1,286,0.0715
2025-07-24,5,Kría,Hafnir,0,2,261,0.06525
2025-07-24,5,Kría,Hafnir,0,3,203,0.05075
2025-07-24,5,Kría,Hafnir,0,4,86,0.0215
2025-07-24,5,Kría,Hafnir,0,5,46,0.0115
2025-07-24,5,Kría,Hafnir,0,6,9,0.00225
2025-07-24,5,Kría,Hafnir,0,7,2,5e-4
2025-07-24,5,Kría,Hafnir,0,8,2,5e-4
2025-07-24,5,Kría,Hafnir,1,0,193,0.04825
2025-07-24,5,Kría,Hafnir,1,1,377,0.09425
2025-07-24,5,Kría,Hafnir,1,2,339,0.08475
2025-07-24,5,Kría,Hafnir,1,3,245,0.06125
2025-07-24,5,Kría,Hafnir,1,4,121,0.03025
2025-07-24,5,Kría,Hafnir,1,5,45,0.01125
2025-07-24,5,Kría,Hafnir,1,6,22,0.0055
2025-07-24,5,Kría,Hafnir,1,7,4,0.001
2025-07-24,5,Kría,Hafnir,1,8,3,7.5e-4
2025-07-24,5,Kría,Hafnir,1,10,1,2.5e-4
2025-07-24,5,Kría,Hafnir,2,0,149,0.03725
2025-07-24,5,Kría,Hafnir,2,1,243,0.06075
2025-07-24,5,Kría,Hafnir,2,2,217,0.05425
2025-07-24,5,Kría,Hafnir,2,3,137,0.03425
2025-07-24,5,Kría,Hafnir,2,4,72,0.018
2025-07-24,5,Kría,Hafnir,2,5,42,0.0105
2025-07-24,5,Kría,Hafnir,2,6,15,0.00375
2025-07-24,5,Kría,Hafnir,2,7,5,0.00125
2025-07-24,5,Kría,Hafnir,2,8,1,2.5e-4
2025-07-24,5,Kría,Hafnir,3,0,62,0.0155
2025-07-24,5,Kría,Hafnir,3,1,83,0.02075
2025-07-24,5,Kría,Hafnir,3,2,116,0.029
2025-07-24,5,Kría,Hafnir,3,3,81,0.02025
2025-07-24,5,Kría,Hafnir,3,4,41,0.01025
2025-07-24,5,Kría,Hafnir,3,5,21,0.00525
2025-07-24,5,Kría,Hafnir,3,6,7,0.00175
2025-07-24,5,Kría,Hafnir,3,7,4,0.001
2025-07-24,5,Kría,Hafnir,3,8,2,5e-4
2025-07-24,5,Kría,Hafnir,4,0,29,0.00725
2025-07-24,5,Kría,Hafnir,4,1,55,0.01375
2025-07-24,5,Kría,Hafnir,4,2,37,0.00925
2025-07-24,5,Kría,Hafnir,4,3,34,0.0085
2025-07-24,5,Kría,Hafnir,4,4,16,0.004
2025-07-24,5,Kría,Hafnir,4,5,10,0.0025
2025-07-24,5,Kría,Hafnir,4,6,4,0.001
2025-07-24,5,Kría,Hafnir,4,7,3,7.5e-4
2025-07-24,5,Kría,Hafnir,4,9,1,2.5e-4
2025-07-24,5,Kría,Hafnir,5,0,12,0.003
2025-07-24,5,Kría,Hafnir,5,1,11,0.00275
2025-07-24,5,Kría,Hafnir,5,2,10,0.0025
2025-07-24,5,Kría,Hafnir,5,3,15,0.00375
2025-07-24,5,Kría,Hafnir,5,4,7,0.00175
2025-07-24,5,Kría,Hafnir,5,5,4,0.001
2025-07-24,5,Kría,Hafnir,5,6,1,2.5e-4
2025-07-24,5,Kría,Hafnir,6,0,2,5e-4
2025-07-24,5,Kría,Hafnir,6,1,2,5e-4
2025-07-24,5,Kría,Hafnir,6,2,1,2.5e-4
2025-07-24,5,Kría,Hafnir,6,3,2,5e-4
2025-07-24,5,Kría,Hafnir,6,4,1,2.5e-4
2025-07-24,5,Kría,Hafnir,7,0,1,2.5e-4
2025-07-24,5,Kría,Hafnir,7,1,2,5e-4
2025-07-24,5,Kría,Hafnir,7,2,1,2.5e-4
2025-07-24,5,Kría,Hafnir,7,3,1,2.5e-4
2025-07-24,5,Kría,Hafnir,7,4,1,2.5e-4
2025-07-24,5,Kría,Hafnir,7,8,1,2.5e-4
2025-07-24,5,Kría,Hafnir,8,0,1,2.5e-4
2025-07-24,5,Kría,Hafnir,8,2,1,2.5e-4
2025-07-24,5,Kría,Hafnir,8,3,2,5e-4
2025-07-24,5,Álftanes,KÁ,0,0,122,0.0305
2025-07-24,5,Álftanes,KÁ,0,1,145,0.03625
2025-07-24,5,Álftanes,KÁ,0,2,156,0.039
2025-07-24,5,Álftanes,KÁ,0,3,89,0.02225
2025-07-24,5,Álftanes,KÁ,0,4,41,0.01025
2025-07-24,5,Álftanes,KÁ,0,5,11,0.00275
2025-07-24,5,Álftanes,KÁ,0,6,7,0.00175
2025-07-24,5,Álftanes,KÁ,0,7,5,0.00125
2025-07-24,5,Álftanes,KÁ,1,0,189,0.04725
2025-07-24,5,Álftanes,KÁ,1,1,320,0.08
2025-07-24,5,Álftanes,KÁ,1,2,256,0.064
2025-07-24,5,Álftanes,KÁ,1,3,171,0.04275
2025-07-24,5,Álftanes,KÁ,1,4,84,0.021
2025-07-24,5,Álftanes,KÁ,1,5,34,0.0085
2025-07-24,5,Álftanes,KÁ,1,6,18,0.0045
2025-07-24,5,Álftanes,KÁ,1,7,6,0.0015
2025-07-24,5,Álftanes,KÁ,1,8,1,2.5e-4
2025-07-24,5,Álftanes,KÁ,2,0,173,0.04325
2025-07-24,5,Álftanes,KÁ,2,1,311,0.07775
2025-07-24,5,Álftanes,KÁ,2,2,272,0.068
2025-07-24,5,Álftanes,KÁ,2,3,169,0.04225
2025-07-24,5,Álftanes,KÁ,2,4,73,0.01825
2025-07-24,5,Álftanes,KÁ,2,5,31,0.00775
2025-07-24,5,Álftanes,KÁ,2,6,11,0.00275
2025-07-24,5,Álftanes,KÁ,2,7,2,5e-4
2025-07-24,5,Álftanes,KÁ,2,8,4,0.001
2025-07-24,5,Álftanes,KÁ,3,0,103,0.02575
2025-07-24,5,Álftanes,KÁ,3,1,184,0.046
2025-07-24,5,Álftanes,KÁ,3,2,149,0.03725
2025-07-24,5,Álftanes,KÁ,3,3,103,0.02575
2025-07-24,5,Álftanes,KÁ,3,4,51,0.01275
2025-07-24,5,Álftanes,KÁ,3,5,26,0.0065
2025-07-24,5,Álftanes,KÁ,3,6,12,0.003
2025-07-24,5,Álftanes,KÁ,4,0,64,0.016
2025-07-24,5,Álftanes,KÁ,4,1,100,0.025
2025-07-24,5,Álftanes,KÁ,4,2,97,0.02425
2025-07-24,5,Álftanes,KÁ,4,3,62,0.0155
2025-07-24,5,Álftanes,KÁ,4,4,31,0.00775
2025-07-24,5,Álftanes,KÁ,4,5,13,0.00325
2025-07-24,5,Álftanes,KÁ,4,6,5,0.00125
2025-07-24,5,Álftanes,KÁ,4,7,1,2.5e-4
2025-07-24,5,Álftanes,KÁ,5,0,25,0.00625
2025-07-24,5,Álftanes,KÁ,5,1,42,0.0105
2025-07-24,5,Álftanes,KÁ,5,2,62,0.0155
2025-07-24,5,Álftanes,KÁ,5,3,27,0.00675
2025-07-24,5,Álftanes,KÁ,5,4,18,0.0045
2025-07-24,5,Álftanes,KÁ,5,5,7,0.00175
2025-07-24,5,Álftanes,KÁ,5,6,2,5e-4
2025-07-24,5,Álftanes,KÁ,5,7,2,5e-4
2025-07-24,5,Álftanes,KÁ,6,0,10,0.0025
2025-07-24,5,Álftanes,KÁ,6,1,17,0.00425
2025-07-24,5,Álftanes,KÁ,6,2,24,0.006
2025-07-24,5,Álftanes,KÁ,6,3,11,0.00275
2025-07-24,5,Álftanes,KÁ,6,4,3,7.5e-4
2025-07-24,5,Álftanes,KÁ,6,5,4,0.001
2025-07-24,5,Álftanes,KÁ,6,6,4,0.001
2025-07-24,5,Álftanes,KÁ,7,0,4,0.001
2025-07-24,5,Álftanes,KÁ,7,1,8,0.002
2025-07-24,5,Álftanes,KÁ,7,2,7,0.00175
2025-07-24,5,Álftanes,KÁ,7,3,4,0.001
2025-07-24,5,Álftanes,KÁ,7,4,2,5e-4
2025-07-24,5,Álftanes,KÁ,7,5,1,2.5e-4
2025-07-24,5,Álftanes,KÁ,7,6,1,2.5e-4
2025-07-24,5,Álftanes,KÁ,8,0,1,2.5e-4
2025-07-24,5,Álftanes,KÁ,8,2,5,0.00125
2025-07-24,5,Álftanes,KÁ,8,3,4,0.001
2025-07-24,5,Álftanes,KÁ,8,4,2,5e-4
2025-07-24,5,Álftanes,KÁ,9,0,1,2.5e-4
2025-07-25,2,Fylkir,Fjölnir,0,0,103,0.02575
2025-07-25,2,Fylkir,Fjölnir,0,1,144,0.036
2025-07-25,2,Fylkir,Fjölnir,0,2,108,0.027
2025-07-25,2,Fylkir,Fjölnir,0,3,56,0.014
2025-07-25,2,Fylkir,Fjölnir,0,4,18,0.0045
2025-07-25,2,Fylkir,Fjölnir,0,5,3,7.5e-4
2025-07-25,2,Fylkir,Fjölnir,0,6,1,2.5e-4
2025-07-25,2,Fylkir,Fjölnir,1,0,201,0.05025
2025-07-25,2,Fylkir,Fjölnir,1,1,301,0.07525
2025-07-25,2,Fylkir,Fjölnir,1,2,212,0.053
2025-07-25,2,Fylkir,Fjölnir,1,3,96,0.024
2025-07-25,2,Fylkir,Fjölnir,1,4,32,0.008
2025-07-25,2,Fylkir,Fjölnir,1,5,17,0.00425
2025-07-25,2,Fylkir,Fjölnir,1,6,7,0.00175
2025-07-25,2,Fylkir,Fjölnir,1,7,1,2.5e-4
2025-07-25,2,Fylkir,Fjölnir,1,8,1,2.5e-4
2025-07-25,2,Fylkir,Fjölnir,2,0,223,0.05575
2025-07-25,2,Fylkir,Fjölnir,2,1,379,0.09475
2025-07-25,2,Fylkir,Fjölnir,2,2,252,0.063
2025-07-25,2,Fylkir,Fjölnir,2,3,122,0.0305
2025-07-25,2,Fylkir,Fjölnir,2,4,45,0.01125
2025-07-25,2,Fylkir,Fjölnir,2,5,24,0.006
2025-07-25,2,Fylkir,Fjölnir,2,6,7,0.00175
2025-07-25,2,Fylkir,Fjölnir,2,8,1,2.5e-4
2025-07-25,2,Fylkir,Fjölnir,3,0,151,0.03775
2025-07-25,2,Fylkir,Fjölnir,3,1,241,0.06025
2025-07-25,2,Fylkir,Fjölnir,3,2,222,0.0555
2025-07-25,2,Fylkir,Fjölnir,3,3,101,0.02525
2025-07-25,2,Fylkir,Fjölnir,3,4,49,0.01225
2025-07-25,2,Fylkir,Fjölnir,3,5,16,0.004
2025-07-25,2,Fylkir,Fjölnir,3,6,7,0.00175
2025-07-25,2,Fylkir,Fjölnir,3,7,3,7.5e-4
2025-07-25,2,Fylkir,Fjölnir,4,0,112,0.028
2025-07-25,2,Fylkir,Fjölnir,4,1,155,0.03875
2025-07-25,2,Fylkir,Fjölnir,4,2,113,0.02825
2025-07-25,2,Fylkir,Fjölnir,4,3,57,0.01425
2025-07-25,2,Fylkir,Fjölnir,4,4,31,0.00775
2025-07-25,2,Fylkir,Fjölnir,4,5,10,0.0025
2025-07-25,2,Fylkir,Fjölnir,4,6,2,5e-4
2025-07-25,2,Fylkir,Fjölnir,4,7,1,2.5e-4
2025-07-25,2,Fylkir,Fjölnir,5,0,44,0.011
2025-07-25,2,Fylkir,Fjölnir,5,1,64,0.016
2025-07-25,2,Fylkir,Fjölnir,5,2,66,0.0165
2025-07-25,2,Fylkir,Fjölnir,5,3,31,0.00775
2025-07-25,2,Fylkir,Fjölnir,5,4,18,0.0045
2025-07-25,2,Fylkir,Fjölnir,5,5,6,0.0015
2025-07-25,2,Fylkir,Fjölnir,5,6,3,7.5e-4
2025-07-25,2,Fylkir,Fjölnir,5,9,1,2.5e-4
2025-07-25,2,Fylkir,Fjölnir,6,0,16,0.004
2025-07-25,2,Fylkir,Fjölnir,6,1,33,0.00825
2025-07-25,2,Fylkir,Fjölnir,6,2,19,0.00475
2025-07-25,2,Fylkir,Fjölnir,6,3,11,0.00275
2025-07-25,2,Fylkir,Fjölnir,6,4,8,0.002
2025-07-25,2,Fylkir,Fjölnir,6,6,1,2.5e-4
2025-07-25,2,Fylkir,Fjölnir,6,7,1,2.5e-4
2025-07-25,2,Fylkir,Fjölnir,7,0,9,0.00225
2025-07-25,2,Fylkir,Fjölnir,7,1,15,0.00375
2025-07-25,2,Fylkir,Fjölnir,7,2,4,0.001
2025-07-25,2,Fylkir,Fjölnir,7,3,3,7.5e-4
2025-07-25,2,Fylkir,Fjölnir,7,4,3,7.5e-4
2025-07-25,2,Fylkir,Fjölnir,7,5,2,5e-4
2025-07-25,2,Fylkir,Fjölnir,7,6,1,2.5e-4
2025-07-25,2,Fylkir,Fjölnir,8,0,4,0.001
2025-07-25,2,Fylkir,Fjölnir,8,1,1,2.5e-4
2025-07-25,2,Fylkir,Fjölnir,8,3,2,5e-4
2025-07-25,2,Fylkir,Fjölnir,8,4,2,5e-4
2025-07-25,2,Fylkir,Fjölnir,9,0,1,2.5e-4
2025-07-25,2,Fylkir,Fjölnir,9,1,2,5e-4
2025-07-25,2,Fylkir,Fjölnir,9,3,1,2.5e-4
2025-07-25,2,Fylkir,Fjölnir,9,4,1,2.5e-4
2025-07-25,2,Fylkir,Fjölnir,10,1,1,2.5e-4
2025-07-25,2,Fylkir,Fjölnir,10,2,1,2.5e-4
2025-07-25,2,Grindavík,Þróttur R.,0,0,104,0.026
2025-07-25,2,Grindavík,Þróttur R.,0,1,149,0.03725
2025-07-25,2,Grindavík,Þróttur R.,0,2,113,0.02825
2025-07-25,2,Grindavík,Þróttur R.,0,3,64,0.016
2025-07-25,2,Grindavík,Þróttur R.,0,4,28,0.007
2025-07-25,2,Grindavík,Þróttur R.,0,5,12,0.003
2025-07-25,2,Grindavík,Þróttur R.,0,6,4,0.001
2025-07-25,2,Grindavík,Þróttur R.,0,7,1,2.5e-4
2025-07-25,2,Grindavík,Þróttur R.,1,0,183,0.04575
2025-07-25,2,Grindavík,Þróttur R.,1,1,239,0.05975
2025-07-25,2,Grindavík,Þróttur R.,1,2,222,0.0555
2025-07-25,2,Grindavík,Þróttur R.,1,3,106,0.0265
2025-07-25,2,Grindavík,Þróttur R.,1,4,58,0.0145
2025-07-25,2,Grindavík,Þróttur R.,1,5,16,0.004
2025-07-25,2,Grindavík,Þróttur R.,1,6,6,0.0015
2025-07-25,2,Grindavík,Þróttur R.,1,7,2,5e-4
2025-07-25,2,Grindavík,Þróttur R.,1,10,1,2.5e-4
2025-07-25,2,Grindavík,Þróttur R.,2,0,207,0.05175
2025-07-25,2,Grindavík,Þróttur R.,2,1,337,0.08425
2025-07-25,2,Grindavík,Þróttur R.,2,2,252,0.063
2025-07-25,2,Grindavík,Þróttur R.,2,3,140,0.035
2025-07-25,2,Grindavík,Þróttur R.,2,4,62,0.0155
2025-07-25,2,Grindavík,Þróttur R.,2,5,37,0.00925
2025-07-25,2,Grindavík,Þróttur R.,2,6,14,0.0035
2025-07-25,2,Grindavík,Þróttur R.,2,9,1,2.5e-4
2025-07-25,2,Grindavík,Þróttur R.,3,0,148,0.037
2025-07-25,2,Grindavík,Þróttur R.,3,1,225,0.05625
2025-07-25,2,Grindavík,Þróttur R.,3,2,191,0.04775
2025-07-25,2,Grindavík,Þróttur R.,3,3,125,0.03125
2025-07-25,2,Grindavík,Þróttur R.,3,4,57,0.01425
2025-07-25,2,Grindavík,Þróttur R.,3,5,27,0.00675
2025-07-25,2,Grindavík,Þróttur R.,3,6,5,0.00125
2025-07-25,2,Grindavík,Þróttur R.,3,7,2,5e-4
2025-07-25,2,Grindavík,Þróttur R.,4,0,78,0.0195
2025-07-25,2,Grindavík,Þróttur R.,4,1,147,0.03675
2025-07-25,2,Grindavík,Þróttur R.,4,2,121,0.03025
2025-07-25,2,Grindavík,Þróttur R.,4,3,72,0.018
2025-07-25,2,Grindavík,Þróttur R.,4,4,36,0.009
2025-07-25,2,Grindavík,Þróttur R.,4,5,8,0.002
2025-07-25,2,Grindavík,Þróttur R.,5,0,48,0.012
2025-07-25,2,Grindavík,Þróttur R.,5,1,75,0.01875
2025-07-25,2,Grindavík,Þróttur R.,5,2,51,0.01275
2025-07-25,2,Grindavík,Þróttur R.,5,3,40,0.01
2025-07-25,2,Grindavík,Þróttur R.,5,4,20,0.005
2025-07-25,2,Grindavík,Þróttur R.,5,5,11,0.00275
2025-07-25,2,Grindavík,Þróttur R.,5,6,1,2.5e-4
2025-07-25,2,Grindavík,Þróttur R.,5,7,2,5e-4
2025-07-25,2,Grindavík,Þróttur R.,6,0,12,0.003
2025-07-25,2,Grindavík,Þróttur R.,6,1,34,0.0085
2025-07-25,2,Grindavík,Þróttur R.,6,2,29,0.00725
2025-07-25,2,Grindavík,Þróttur R.,6,3,15,0.00375
2025-07-25,2,Grindavík,Þróttur R.,6,4,4,0.001
2025-07-25,2,Grindavík,Þróttur R.,6,5,1,2.5e-4
2025-07-25,2,Grindavík,Þróttur R.,6,6,1,2.5e-4
2025-07-25,2,Grindavík,Þróttur R.,7,0,5,0.00125
2025-07-25,2,Grindavík,Þróttur R.,7,1,14,0.0035
2025-07-25,2,Grindavík,Þróttur R.,7,2,10,0.0025
2025-07-25,2,Grindavík,Þróttur R.,7,3,5,0.00125
2025-07-25,2,Grindavík,Þróttur R.,7,4,2,5e-4
2025-07-25,2,Grindavík,Þróttur R.,7,6,2,5e-4
2025-07-25,2,Grindavík,Þróttur R.,8,0,2,5e-4
2025-07-25,2,Grindavík,Þróttur R.,8,1,3,7.5e-4
2025-07-25,2,Grindavík,Þróttur R.,8,2,5,0.00125
2025-07-25,2,Grindavík,Þróttur R.,8,3,2,5e-4
2025-07-25,2,Grindavík,Þróttur R.,8,4,1,2.5e-4
2025-07-25,2,Grindavík,Þróttur R.,9,0,1,2.5e-4
2025-07-25,2,Grindavík,Þróttur R.,9,1,2,5e-4
2025-07-25,2,Grindavík,Þróttur R.,9,4,1,2.5e-4
2025-07-25,2,Grindavík,Þróttur R.,10,3,1,2.5e-4
2025-07-25,2,HK,Leiknir R.,0,0,103,0.02575
2025-07-25,2,HK,Leiknir R.,0,1,131,0.03275
2025-07-25,2,HK,Leiknir R.,0,2,85,0.02125
2025-07-25,2,HK,Leiknir R.,0,3,48,0.012
2025-07-25,2,HK,Leiknir R.,0,4,10,0.0025
2025-07-25,2,HK,Leiknir R.,0,5,4,0.001
2025-07-25,2,HK,Leiknir R.,0,6,2,5e-4
2025-07-25,2,HK,Leiknir R.,0,7,1,2.5e-4
2025-07-25,2,HK,Leiknir R.,1,0,223,0.05575
2025-07-25,2,HK,Leiknir R.,1,1,298,0.0745
2025-07-25,2,HK,Leiknir R.,1,2,166,0.0415
2025-07-25,2,HK,Leiknir R.,1,3,91,0.02275
2025-07-25,2,HK,Leiknir R.,1,4,23,0.00575
2025-07-25,2,HK,Leiknir R.,1,5,13,0.00325
2025-07-25,2,HK,Leiknir R.,1,6,3,7.5e-4
2025-07-25,2,HK,Leiknir R.,2,0,225,0.05625
2025-07-25,2,HK,Leiknir R.,2,1,339,0.08475
2025-07-25,2,HK,Leiknir R.,2,2,248,0.062
2025-07-25,2,HK,Leiknir R.,2,3,89,0.02225
2025-07-25,2,HK,Leiknir R.,2,4,38,0.0095
2025-07-25,2,HK,Leiknir R.,2,5,15,0.00375
2025-07-25,2,HK,Leiknir R.,2,6,1,2.5e-4
2025-07-25,2,HK,Leiknir R.,2,7,3,7.5e-4
2025-07-25,2,HK,Leiknir R.,3,0,204,0.051
2025-07-25,2,HK,Leiknir R.,3,1,255,0.06375
2025-07-25,2,HK,Leiknir R.,3,2,199,0.04975
2025-07-25,2,HK,Leiknir R.,3,3,94,0.0235
2025-07-25,2,HK,Leiknir R.,3,4,41,0.01025
2025-07-25,2,HK,Leiknir R.,3,5,11,0.00275
2025-07-25,2,HK,Leiknir R.,3,7,1,2.5e-4
2025-07-25,2,HK,Leiknir R.,4,0,140,0.035
2025-07-25,2,HK,Leiknir R.,4,1,166,0.0415
2025-07-25,2,HK,Leiknir R.,4,2,135,0.03375
2025-07-25,2,HK,Leiknir R.,4,3,56,0.014
2025-07-25,2,HK,Leiknir R.,4,4,23,0.00575
2025-07-25,2,HK,Leiknir R.,4,5,9,0.00225
2025-07-25,2,HK,Leiknir R.,4,6,3,7.5e-4
2025-07-25,2,HK,Leiknir R.,5,0,64,0.016
2025-07-25,2,HK,Leiknir R.,5,1,92,0.023
2025-07-25,2,HK,Leiknir R.,5,2,70,0.0175
2025-07-25,2,HK,Leiknir R.,5,3,32,0.008
2025-07-25,2,HK,Leiknir R.,5,4,11,0.00275
2025-07-25,2,HK,Leiknir R.,5,5,6,0.0015
2025-07-25,2,HK,Leiknir R.,5,6,1,2.5e-4
2025-07-25,2,HK,Leiknir R.,6,0,36,0.009
2025-07-25,2,HK,Leiknir R.,6,1,48,0.012
2025-07-25,2,HK,Leiknir R.,6,2,31,0.00775
2025-07-25,2,HK,Leiknir R.,6,3,14,0.0035
2025-07-25,2,HK,Leiknir R.,6,4,3,7.5e-4
2025-07-25,2,HK,Leiknir R.,6,5,1,2.5e-4
2025-07-25,2,HK,Leiknir R.,6,6,3,7.5e-4
2025-07-25,2,HK,Leiknir R.,7,0,18,0.0045
2025-07-25,2,HK,Leiknir R.,7,1,17,0.00425
2025-07-25,2,HK,Leiknir R.,7,2,17,0.00425
2025-07-25,2,HK,Leiknir R.,7,3,5,0.00125
2025-07-25,2,HK,Leiknir R.,7,4,3,7.5e-4
2025-07-25,2,HK,Leiknir R.,7,5,1,2.5e-4
2025-07-25,2,HK,Leiknir R.,8,0,8,0.002
2025-07-25,2,HK,Leiknir R.,8,1,5,0.00125
2025-07-25,2,HK,Leiknir R.,8,2,3,7.5e-4
2025-07-25,2,HK,Leiknir R.,8,3,6,0.0015
2025-07-25,2,HK,Leiknir R.,8,4,1,2.5e-4
2025-07-25,2,HK,Leiknir R.,9,0,1,2.5e-4
2025-07-25,2,HK,Leiknir R.,9,1,1,2.5e-4
2025-07-25,2,HK,Leiknir R.,9,4,1,2.5e-4
2025-07-25,2,HK,Leiknir R.,10,0,2,5e-4
2025-07-25,2,HK,Leiknir R.,10,1,1,2.5e-4
2025-07-25,2,HK,Leiknir R.,10,2,1,2.5e-4
2025-07-25,2,HK,Leiknir R.,10,4,1,2.5e-4
2025-07-25,2,Keflavík,Þór,0,0,257,0.06425
2025-07-25,2,Keflavík,Þór,0,1,221,0.05525
2025-07-25,2,Keflavík,Þór,0,2,122,0.0305
2025-07-25,2,Keflavík,Þór,0,3,45,0.01125
2025-07-25,2,Keflavík,Þór,0,4,9,0.00225
2025-07-25,2,Keflavík,Þór,0,5,3,7.5e-4
2025-07-25,2,Keflavík,Þór,0,6,2,5e-4
2025-07-25,2,Keflavík,Þór,1,0,462,0.1155
2025-07-25,2,Keflavík,Þór,1,1,436,0.109
2025-07-25,2,Keflavík,Þór,1,2,238,0.0595
2025-07-25,2,Keflavík,Þór,1,3,75,0.01875
2025-07-25,2,Keflavík,Þór,1,4,19,0.00475
2025-07-25,2,Keflavík,Þór,1,5,4,0.001
2025-07-25,2,Keflavík,Þór,1,6,3,7.5e-4
2025-07-25,2,Keflavík,Þór,2,0,370,0.0925
2025-07-25,2,Keflavík,Þór,2,1,348,0.087
2025-07-25,2,Keflavík,Þór,2,2,188,0.047
2025-07-25,2,Keflavík,Þór,2,3,56,0.014
2025-07-25,2,Keflavík,Þór,2,4,14,0.0035
2025-07-25,2,Keflavík,Þór,2,5,3,7.5e-4
2025-07-25,2,Keflavík,Þór,2,8,1,2.5e-4
2025-07-25,2,Keflavík,Þór,3,0,238,0.0595
2025-07-25,2,Keflavík,Þór,3,1,194,0.0485
2025-07-25,2,Keflavík,Þór,3,2,112,0.028
2025-07-25,2,Keflavík,Þór,3,3,50,0.0125
2025-07-25,2,Keflavík,Þór,3,4,18,0.0045
2025-07-25,2,Keflavík,Þór,3,5,6,0.0015
2025-07-25,2,Keflavík,Þór,4,0,110,0.0275
2025-07-25,2,Keflavík,Þór,4,1,105,0.02625
2025-07-25,2,Keflavík,Þór,4,2,60,0.015
2025-07-25,2,Keflavík,Þór,4,3,18,0.0045
2025-07-25,2,Keflavík,Þór,4,4,14,0.0035
2025-07-25,2,Keflavík,Þór,4,6,1,2.5e-4
2025-07-25,2,Keflavík,Þór,5,0,43,0.01075
2025-07-25,2,Keflavík,Þór,5,1,48,0.012
2025-07-25,2,Keflavík,Þór,5,2,22,0.0055
2025-07-25,2,Keflavík,Þór,5,3,8,0.002
2025-07-25,2,Keflavík,Þór,5,4,1,2.5e-4
2025-07-25,2,Keflavík,Þór,5,5,5,0.00125
2025-07-25,2,Keflavík,Þór,6,0,21,0.00525
2025-07-25,2,Keflavík,Þór,6,1,15,0.00375
2025-07-25,2,Keflavík,Þór,6,2,10,0.0025
2025-07-25,2,Keflavík,Þór,6,3,4,0.001
2025-07-25,2,Keflavík,Þór,7,0,2,5e-4
2025-07-25,2,Keflavík,Þór,7,1,4,0.001
2025-07-25,2,Keflavík,Þór,7,2,2,5e-4
2025-07-25,2,Keflavík,Þór,7,3,1,2.5e-4
2025-07-25,2,Keflavík,Þór,8,0,5,0.00125
2025-07-25,2,Keflavík,Þór,8,1,2,5e-4
2025-07-25,2,Keflavík,Þór,8,2,1,2.5e-4
2025-07-25,2,Keflavík,Þór,8,3,1,2.5e-4
2025-07-25,2,Keflavík,Þór,8,4,1,2.5e-4
2025-07-25,2,Keflavík,Þór,9,1,1,2.5e-4
2025-07-25,2,Keflavík,Þór,9,2,1,2.5e-4
2025-07-25,2,ÍR,Njarðvík,0,0,133,0.03325
2025-07-25,2,ÍR,Njarðvík,0,1,159,0.03975
2025-07-25,2,ÍR,Njarðvík,0,2,92,0.023
2025-07-25,2,ÍR,Njarðvík,0,3,26,0.0065
2025-07-25,2,ÍR,Njarðvík,0,4,8,0.002
2025-07-25,2,ÍR,Njarðvík,0,5,1,2.5e-4
2025-07-25,2,ÍR,Njarðvík,1,0,286,0.0715
2025-07-25,2,ÍR,Njarðvík,1,1,308,0.077
2025-07-25,2,ÍR,Njarðvík,1,2,175,0.04375
2025-07-25,2,ÍR,Njarðvík,1,3,85,0.02125
2025-07-25,2,ÍR,Njarðvík,1,4,19,0.00475
2025-07-25,2,ÍR,Njarðvík,1,5,9,0.00225
2025-07-25,2,ÍR,Njarðvík,1,6,3,7.5e-4
2025-07-25,2,ÍR,Njarðvík,2,0,334,0.0835
2025-07-25,2,ÍR,Njarðvík,2,1,338,0.0845
2025-07-25,2,ÍR,Njarðvík,2,2,215,0.05375
2025-07-25,2,ÍR,Njarðvík,2,3,83,0.02075
2025-07-25,2,ÍR,Njarðvík,2,4,26,0.0065
2025-07-25,2,ÍR,Njarðvík,2,5,5,0.00125
2025-07-25,2,ÍR,Njarðvík,2,6,2,5e-4
2025-07-25,2,ÍR,Njarðvík,2,7,2,5e-4
2025-07-25,2,ÍR,Njarðvík,3,0,238,0.0595
2025-07-25,2,ÍR,Njarðvík,3,1,270,0.0675
2025-07-25,2,ÍR,Njarðvík,3,2,144,0.036
2025-07-25,2,ÍR,Njarðvík,3,3,77,0.01925
2025-07-25,2,ÍR,Njarðvík,3,4,21,0.00525
2025-07-25,2,ÍR,Njarðvík,3,5,8,0.002
2025-07-25,2,ÍR,Njarðvík,3,6,1,2.5e-4
2025-07-25,2,ÍR,Njarðvík,4,0,167,0.04175
2025-07-25,2,ÍR,Njarðvík,4,1,154,0.0385
2025-07-25,2,ÍR,Njarðvík,4,2,105,0.02625
2025-07-25,2,ÍR,Njarðvík,4,3,37,0.00925
2025-07-25,2,ÍR,Njarðvík,4,4,13,0.00325
2025-07-25,2,ÍR,Njarðvík,4,5,2,5e-4
2025-07-25,2,ÍR,Njarðvík,5,0,74,0.0185
2025-07-25,2,ÍR,Njarðvík,5,1,83,0.02075
2025-07-25,2,ÍR,Njarðvík,5,2,64,0.016
2025-07-25,2,ÍR,Njarðvík,5,3,23,0.00575
2025-07-25,2,ÍR,Njarðvík,5,4,8,0.002
2025-07-25,2,ÍR,Njarðvík,5,5,1,2.5e-4
2025-07-25,2,ÍR,Njarðvík,5,6,1,2.5e-4
2025-07-25,2,ÍR,Njarðvík,6,0,31,0.00775
2025-07-25,2,ÍR,Njarðvík,6,1,38,0.0095
2025-07-25,2,ÍR,Njarðvík,6,2,29,0.00725
2025-07-25,2,ÍR,Njarðvík,6,3,10,0.0025
2025-07-25,2,ÍR,Njarðvík,6,4,1,2.5e-4
2025-07-25,2,ÍR,Njarðvík,6,5,1,2.5e-4
2025-07-25,2,ÍR,Njarðvík,7,0,16,0.004
2025-07-25,2,ÍR,Njarðvík,7,1,20,0.005
2025-07-25,2,ÍR,Njarðvík,7,2,8,0.002
2025-07-25,2,ÍR,Njarðvík,7,3,6,0.0015
2025-07-25,2,ÍR,Njarðvík,7,5,1,2.5e-4
2025-07-25,2,ÍR,Njarðvík,8,0,8,0.002
2025-07-25,2,ÍR,Njarðvík,8,1,4,0.001
2025-07-25,2,ÍR,Njarðvík,8,2,7,0.00175
2025-07-25,2,ÍR,Njarðvík,8,3,3,7.5e-4
2025-07-25,2,ÍR,Njarðvík,9,0,3,7.5e-4
2025-07-25,2,ÍR,Njarðvík,9,1,5,0.00125
2025-07-25,2,ÍR,Njarðvík,9,2,4,0.001
2025-07-25,2,ÍR,Njarðvík,9,3,2,5e-4
2025-07-25,2,ÍR,Njarðvík,10,4,1,2.5e-4
2025-07-25,2,ÍR,Njarðvík,11,0,1,2.5e-4
2025-07-25,2,ÍR,Njarðvík,12,0,1,2.5e-4
2025-07-25,3,Grótta,Kári,0,0,155,0.03875
2025-07-25,3,Grótta,Kári,0,1,200,0.05
2025-07-25,3,Grótta,Kári,0,2,155,0.03875
2025-07-25,3,Grótta,Kári,0,3,85,0.02125
2025-07-25,3,Grótta,Kári,0,4,38,0.0095
2025-07-25,3,Grótta,Kári,0,5,16,0.004
2025-07-25,3,Grótta,Kári,0,6,3,7.5e-4
2025-07-25,3,Grótta,Kári,1,0,263,0.06575
2025-07-25,3,Grótta,Kári,1,1,366,0.0915
2025-07-25,3,Grótta,Kári,1,2,270,0.0675
2025-07-25,3,Grótta,Kári,1,3,155,0.03875
2025-07-25,3,Grótta,Kári,1,4,50,0.0125
2025-07-25,3,Grótta,Kári,1,5,22,0.0055
2025-07-25,3,Grótta,Kári,1,6,5,0.00125
2025-07-25,3,Grótta,Kári,2,0,236,0.059
2025-07-25,3,Grótta,Kári,2,1,321,0.08025
2025-07-25,3,Grótta,Kári,2,2,237,0.05925
2025-07-25,3,Grótta,Kári,2,3,152,0.038
2025-07-25,3,Grótta,Kári,2,4,50,0.0125
2025-07-25,3,Grótta,Kári,2,5,21,0.00525
2025-07-25,3,Grótta,Kári,2,6,9,0.00225
2025-07-25,3,Grótta,Kári,2,7,1,2.5e-4
2025-07-25,3,Grótta,Kári,2,8,1,2.5e-4
2025-07-25,3,Grótta,Kári,2,9,1,2.5e-4
2025-07-25,3,Grótta,Kári,2,10,1,2.5e-4
2025-07-25,3,Grótta,Kári,3,0,153,0.03825
2025-07-25,3,Grótta,Kári,3,1,215,0.05375
2025-07-25,3,Grótta,Kári,3,2,158,0.0395
2025-07-25,3,Grótta,Kári,3,3,87,0.02175
2025-07-25,3,Grótta,Kári,3,4,38,0.0095
2025-07-25,3,Grótta,Kári,3,5,16,0.004
2025-07-25,3,Grótta,Kári,3,6,3,7.5e-4
2025-07-25,3,Grótta,Kári,4,0,77,0.01925
2025-07-25,3,Grótta,Kári,4,1,118,0.0295
2025-07-25,3,Grótta,Kári,4,2,74,0.0185
2025-07-25,3,Grótta,Kári,4,3,43,0.01075
2025-07-25,3,Grótta,Kári,4,4,16,0.004
2025-07-25,3,Grótta,Kári,4,5,2,5e-4
2025-07-25,3,Grótta,Kári,4,7,1,2.5e-4
2025-07-25,3,Grótta,Kári,5,0,24,0.006
2025-07-25,3,Grótta,Kári,5,1,35,0.00875
2025-07-25,3,Grótta,Kári,5,2,27,0.00675
2025-07-25,3,Grótta,Kári,5,3,12,0.003
2025-07-25,3,Grótta,Kári,5,4,10,0.0025
2025-07-25,3,Grótta,Kári,5,5,2,5e-4
2025-07-25,3,Grótta,Kári,5,6,1,2.5e-4
2025-07-25,3,Grótta,Kári,6,0,19,0.00475
2025-07-25,3,Grótta,Kári,6,1,17,0.00425
2025-07-25,3,Grótta,Kári,6,2,15,0.00375
2025-07-25,3,Grótta,Kári,6,3,3,7.5e-4
2025-07-25,3,Grótta,Kári,6,4,1,2.5e-4
2025-07-25,3,Grótta,Kári,6,5,1,2.5e-4
2025-07-25,3,Grótta,Kári,7,0,2,5e-4
2025-07-25,3,Grótta,Kári,7,1,3,7.5e-4
2025-07-25,3,Grótta,Kári,7,2,5,0.00125
2025-07-25,3,Grótta,Kári,7,3,2,5e-4
2025-07-25,3,Grótta,Kári,7,4,2,5e-4
2025-07-25,3,Grótta,Kári,8,1,2,5e-4
2025-07-25,3,Grótta,Kári,8,4,1,2.5e-4
2025-07-25,3,Grótta,Kári,9,1,1,2.5e-4
2025-07-25,3,Grótta,Kári,9,2,1,2.5e-4
2025-07-25,3,Haukar,KFG,0,0,32,0.008
2025-07-25,3,Haukar,KFG,0,1,35,0.00875
2025-07-25,3,Haukar,KFG,0,2,56,0.014
2025-07-25,3,Haukar,KFG,0,3,60,0.015
2025-07-25,3,Haukar,KFG,0,4,37,0.00925
2025-07-25,3,Haukar,KFG,0,5,32,0.008
2025-07-25,3,Haukar,KFG,0,6,13,0.00325
2025-07-25,3,Haukar,KFG,0,7,12,0.003
2025-07-25,3,Haukar,KFG,0,8,6,0.0015
2025-07-25,3,Haukar,KFG,0,9,2,5e-4
2025-07-25,3,Haukar,KFG,0,11,1,2.5e-4
2025-07-25,3,Haukar,KFG,1,0,50,0.0125
2025-07-25,3,Haukar,KFG,1,1,143,0.03575
2025-07-25,3,Haukar,KFG,1,2,151,0.03775
2025-07-25,3,Haukar,KFG,1,3,153,0.03825
2025-07-25,3,Haukar,KFG,1,4,122,0.0305
2025-07-25,3,Haukar,KFG,1,5,60,0.015
2025-07-25,3,Haukar,KFG,1,6,37,0.00925
2025-07-25,3,Haukar,KFG,1,7,17,0.00425
2025-07-25,3,Haukar,KFG,1,8,3,7.5e-4
2025-07-25,3,Haukar,KFG,1,9,1,2.5e-4
2025-07-25,3,Haukar,KFG,1,10,2,5e-4
2025-07-25,3,Haukar,KFG,2,0,70,0.0175
2025-07-25,3,Haukar,KFG,2,1,153,0.03825
2025-07-25,3,Haukar,KFG,2,2,221,0.05525
2025-07-25,3,Haukar,KFG,2,3,180,0.045
2025-07-25,3,Haukar,KFG,2,4,128,0.032
2025-07-25,3,Haukar,KFG,2,5,86,0.0215
2025-07-25,3,Haukar,KFG,2,6,40,0.01
2025-07-25,3,Haukar,KFG,2,7,20,0.005
2025-07-25,3,Haukar,KFG,2,8,11,0.00275
2025-07-25,3,Haukar,KFG,2,9,5,0.00125
2025-07-25,3,Haukar,KFG,2,10,1,2.5e-4
2025-07-25,3,Haukar,KFG,2,11,1,2.5e-4
2025-07-25,3,Haukar,KFG,3,0,49,0.01225
2025-07-25,3,Haukar,KFG,3,1,149,0.03725
2025-07-25,3,Haukar,KFG,3,2,166,0.0415
2025-07-25,3,Haukar,KFG,3,3,200,0.05
2025-07-25,3,Haukar,KFG,3,4,119,0.02975
2025-07-25,3,Haukar,KFG,3,5,85,0.02125
2025-07-25,3,Haukar,KFG,3,6,40,0.01
2025-07-25,3,Haukar,KFG,3,7,23,0.00575
2025-07-25,3,Haukar,KFG,3,8,11,0.00275
2025-07-25,3,Haukar,KFG,3,9,3,7.5e-4
2025-07-25,3,Haukar,KFG,3,10,1,2.5e-4
2025-07-25,3,Haukar,KFG,3,12,1,2.5e-4
2025-07-25,3,Haukar,KFG,4,0,36,0.009
2025-07-25,3,Haukar,KFG,4,1,100,0.025
2025-07-25,3,Haukar,KFG,4,2,112,0.028
2025-07-25,3,Haukar,KFG,4,3,109,0.02725
2025-07-25,3,Haukar,KFG,4,4,102,0.0255
2025-07-25,3,Haukar,KFG,4,5,57,0.01425
2025-07-25,3,Haukar,KFG,4,6,34,0.0085
2025-07-25,3,Haukar,KFG,4,7,16,0.004
2025-07-25,3,Haukar,KFG,4,8,10,0.0025
2025-07-25,3,Haukar,KFG,4,9,2,5e-4
2025-07-25,3,Haukar,KFG,4,10,1,2.5e-4
2025-07-25,3,Haukar,KFG,5,0,17,0.00425
2025-07-25,3,Haukar,KFG,5,1,45,0.01125
2025-07-25,3,Haukar,KFG,5,2,78,0.0195
2025-07-25,3,Haukar,KFG,5,3,85,0.02125
2025-07-25,3,Haukar,KFG,5,4,49,0.01225
2025-07-25,3,Haukar,KFG,5,5,42,0.0105
2025-07-25,3,Haukar,KFG,5,6,14,0.0035
2025-07-25,3,Haukar,KFG,5,7,8,0.002
2025-07-25,3,Haukar,KFG,5,8,3,7.5e-4
2025-07-25,3,Haukar,KFG,5,9,1,2.5e-4
2025-07-25,3,Haukar,KFG,6,0,8,0.002
2025-07-25,3,Haukar,KFG,6,1,22,0.0055
2025-07-25,3,Haukar,KFG,6,2,29,0.00725
2025-07-25,3,Haukar,KFG,6,3,36,0.009
2025-07-25,3,Haukar,KFG,6,4,26,0.0065
2025-07-25,3,Haukar,KFG,6,5,17,0.00425
2025-07-25,3,Haukar,KFG,6,6,11,0.00275
2025-07-25,3,Haukar,KFG,6,7,9,0.00225
2025-07-25,3,Haukar,KFG,6,8,2,5e-4
2025-07-25,3,Haukar,KFG,6,12,1,2.5e-4
2025-07-25,3,Haukar,KFG,7,0,4,0.001
2025-07-25,3,Haukar,KFG,7,1,15,0.00375
2025-07-25,3,Haukar,KFG,7,2,20,0.005
2025-07-25,3,Haukar,KFG,7,3,14,0.0035
2025-07-25,3,Haukar,KFG,7,4,13,0.00325
2025-07-25,3,Haukar,KFG,7,5,6,0.0015
2025-07-25,3,Haukar,KFG,7,6,5,0.00125
2025-07-25,3,Haukar,KFG,7,7,3,7.5e-4
2025-07-25,3,Haukar,KFG,7,8,1,2.5e-4
2025-07-25,3,Haukar,KFG,8,1,9,0.00225
2025-07-25,3,Haukar,KFG,8,2,5,0.00125
2025-07-25,3,Haukar,KFG,8,3,5,0.00125
2025-07-25,3,Haukar,KFG,8,4,5,0.00125
2025-07-25,3,Haukar,KFG,8,5,2,5e-4
2025-07-25,3,Haukar,KFG,8,6,1,2.5e-4
2025-07-25,3,Haukar,KFG,8,8,1,2.5e-4
2025-07-25,3,Haukar,KFG,8,10,1,2.5e-4
2025-07-25,3,Haukar,KFG,9,0,1,2.5e-4
2025-07-25,3,Haukar,KFG,9,1,2,5e-4
2025-07-25,3,Haukar,KFG,9,2,2,5e-4
2025-07-25,3,Haukar,KFG,9,3,2,5e-4
2025-07-25,3,Haukar,KFG,9,4,2,5e-4
2025-07-25,3,Haukar,KFG,9,5,2,5e-4
2025-07-25,3,Haukar,KFG,10,1,1,2.5e-4
2025-07-25,3,Haukar,KFG,10,2,1,2.5e-4
2025-07-25,3,Haukar,KFG,10,4,1,2.5e-4
2025-07-25,3,Haukar,KFG,10,5,2,5e-4
2025-07-25,3,Haukar,KFG,11,2,1,2.5e-4
2025-07-25,3,Haukar,KFG,11,6,1,2.5e-4
2025-07-25,3,Haukar,KFG,11,7,1,2.5e-4
2025-07-25,3,Haukar,KFG,14,14,1,2.5e-4
2025-07-25,3,Höttur/Huginn,Dalvík/Reynir,0,0,204,0.051
2025-07-25,3,Höttur/Huginn,Dalvík/Reynir,0,1,264,0.066
2025-07-25,3,Höttur/Huginn,Dalvík/Reynir,0,2,217,0.05425
2025-07-25,3,Höttur/Huginn,Dalvík/Reynir,0,3,122,0.0305
2025-07-25,3,Höttur/Huginn,Dalvík/Reynir,0,4,80,0.02
2025-07-25,3,Höttur/Huginn,Dalvík/Reynir,0,5,25,0.00625
2025-07-25,3,Höttur/Huginn,Dalvík/Reynir,0,6,6,0.0015
2025-07-25,3,Höttur/Huginn,Dalvík/Reynir,0,9,1,2.5e-4
2025-07-25,3,Höttur/Huginn,Dalvík/Reynir,0,11,1,2.5e-4
2025-07-25,3,Höttur/Huginn,Dalvík/Reynir,1,0,251,0.06275
2025-07-25,3,Höttur/Huginn,Dalvík/Reynir,1,1,414,0.1035
2025-07-25,3,Höttur/Huginn,Dalvík/Reynir,1,2,349,0.08725
2025-07-25,3,Höttur/Huginn,Dalvík/Reynir,1,3,190,0.0475
2025-07-25,3,Höttur/Huginn,Dalvík/Reynir,1,4,107,0.02675
2025-07-25,3,Höttur/Huginn,Dalvík/Reynir,1,5,31,0.00775
2025-07-25,3,Höttur/Huginn,Dalvík/Reynir,1,6,9,0.00225
2025-07-25,3,Höttur/Huginn,Dalvík/Reynir,1,8,2,5e-4
2025-07-25,3,Höttur/Huginn,Dalvík/Reynir,2,0,189,0.04725
2025-07-25,3,Höttur/Huginn,Dalvík/Reynir,2,1,275,0.06875
2025-07-25,3,Höttur/Huginn,Dalvík/Reynir,2,2,235,0.05875
2025-07-25,3,Höttur/Huginn,Dalvík/Reynir,2,3,140,0.035
2025-07-25,3,Höttur/Huginn,Dalvík/Reynir,2,4,54,0.0135
2025-07-25,3,Höttur/Huginn,Dalvík/Reynir,2,5,24,0.006
2025-07-25,3,Höttur/Huginn,Dalvík/Reynir,2,6,14,0.0035
2025-07-25,3,Höttur/Huginn,Dalvík/Reynir,2,7,2,5e-4
2025-07-25,3,Höttur/Huginn,Dalvík/Reynir,2,8,3,7.5e-4
2025-07-25,3,Höttur/Huginn,Dalvík/Reynir,3,0,88,0.022
2025-07-25,3,Höttur/Huginn,Dalvík/Reynir,3,1,144,0.036
2025-07-25,3,Höttur/Huginn,Dalvík/Reynir,3,2,131,0.03275
2025-07-25,3,Höttur/Huginn,Dalvík/Reynir,3,3,77,0.01925
2025-07-25,3,Höttur/Huginn,Dalvík/Reynir,3,4,32,0.008
2025-07-25,3,Höttur/Huginn,Dalvík/Reynir,3,5,15,0.00375
2025-07-25,3,Höttur/Huginn,Dalvík/Reynir,3,6,3,7.5e-4
2025-07-25,3,Höttur/Huginn,Dalvík/Reynir,3,7,1,2.5e-4
2025-07-25,3,Höttur/Huginn,Dalvík/Reynir,3,10,1,2.5e-4
2025-07-25,3,Höttur/Huginn,Dalvík/Reynir,4,0,38,0.0095
2025-07-25,3,Höttur/Huginn,Dalvík/Reynir,4,1,50,0.0125
2025-07-25,3,Höttur/Huginn,Dalvík/Reynir,4,2,51,0.01275
2025-07-25,3,Höttur/Huginn,Dalvík/Reynir,4,3,26,0.0065
2025-07-25,3,Höttur/Huginn,Dalvík/Reynir,4,4,18,0.0045
2025-07-25,3,Höttur/Huginn,Dalvík/Reynir,4,5,6,0.0015
2025-07-25,3,Höttur/Huginn,Dalvík/Reynir,4,6,2,5e-4
2025-07-25,3,Höttur/Huginn,Dalvík/Reynir,4,7,1,2.5e-4
2025-07-25,3,Höttur/Huginn,Dalvík/Reynir,5,0,11,0.00275
2025-07-25,3,Höttur/Huginn,Dalvík/Reynir,5,1,21,0.00525
2025-07-25,3,Höttur/Huginn,Dalvík/Reynir,5,2,19,0.00475
2025-07-25,3,Höttur/Huginn,Dalvík/Reynir,5,3,7,0.00175
2025-07-25,3,Höttur/Huginn,Dalvík/Reynir,5,4,10,0.0025
2025-07-25,3,Höttur/Huginn,Dalvík/Reynir,5,5,4,0.001
2025-07-25,3,Höttur/Huginn,Dalvík/Reynir,5,6,2,5e-4
2025-07-25,3,Höttur/Huginn,Dalvík/Reynir,6,0,3,7.5e-4
2025-07-25,3,Höttur/Huginn,Dalvík/Reynir,6,1,8,0.002
2025-07-25,3,Höttur/Huginn,Dalvík/Reynir,6,2,9,0.00225
2025-07-25,3,Höttur/Huginn,Dalvík/Reynir,6,3,5,0.00125
2025-07-25,3,Höttur/Huginn,Dalvík/Reynir,6,4,4,0.001
2025-07-25,3,Höttur/Huginn,Dalvík/Reynir,6,7,2,5e-4
2025-07-25,3,Höttur/Huginn,Dalvík/Reynir,7,0,1,2.5e-4
2025-07-25,3,Höttur/Huginn,Dalvík/Reynir,7,3,1,2.5e-4
2025-07-25,4,KV,Augnablik,0,0,151,0.03775
2025-07-25,4,KV,Augnablik,0,1,214,0.0535
2025-07-25,4,KV,Augnablik,0,2,186,0.0465
2025-07-25,4,KV,Augnablik,0,3,120,0.03
2025-07-25,4,KV,Augnablik,0,4,62,0.0155
2025-07-25,4,KV,Augnablik,0,5,19,0.00475
2025-07-25,4,KV,Augnablik,0,6,7,0.00175
2025-07-25,4,KV,Augnablik,0,8,3,7.5e-4
2025-07-25,4,KV,Augnablik,1,0,219,0.05475
2025-07-25,4,KV,Augnablik,1,1,358,0.0895
2025-07-25,4,KV,Augnablik,1,2,308,0.077
2025-07-25,4,KV,Augnablik,1,3,202,0.0505
2025-07-25,4,KV,Augnablik,1,4,93,0.02325
2025-07-25,4,KV,Augnablik,1,5,39,0.00975
2025-07-25,4,KV,Augnablik,1,6,11,0.00275
2025-07-25,4,KV,Augnablik,1,7,3,7.5e-4
2025-07-25,4,KV,Augnablik,2,0,145,0.03625
2025-07-25,4,KV,Augnablik,2,1,288,0.072
2025-07-25,4,KV,Augnablik,2,2,256,0.064
2025-07-25,4,KV,Augnablik,2,3,175,0.04375
2025-07-25,4,KV,Augnablik,2,4,85,0.02125
2025-07-25,4,KV,Augnablik,2,5,30,0.0075
2025-07-25,4,KV,Augnablik,2,6,7,0.00175
2025-07-25,4,KV,Augnablik,2,7,1,2.5e-4
2025-07-25,4,KV,Augnablik,2,8,1,2.5e-4
2025-07-25,4,KV,Augnablik,3,0,90,0.0225
2025-07-25,4,KV,Augnablik,3,1,183,0.04575
2025-07-25,4,KV,Augnablik,3,2,148,0.037
2025-07-25,4,KV,Augnablik,3,3,110,0.0275
2025-07-25,4,KV,Augnablik,3,4,33,0.00825
2025-07-25,4,KV,Augnablik,3,5,15,0.00375
2025-07-25,4,KV,Augnablik,3,6,12,0.003
2025-07-25,4,KV,Augnablik,3,7,3,7.5e-4
2025-07-25,4,KV,Augnablik,4,0,47,0.01175
2025-07-25,4,KV,Augnablik,4,1,71,0.01775
2025-07-25,4,KV,Augnablik,4,2,65,0.01625
2025-07-25,4,KV,Augnablik,4,3,49,0.01225
2025-07-25,4,KV,Augnablik,4,4,21,0.00525
2025-07-25,4,KV,Augnablik,4,5,6,0.0015
2025-07-25,4,KV,Augnablik,4,6,3,7.5e-4
2025-07-25,4,KV,Augnablik,4,8,1,2.5e-4
2025-07-25,4,KV,Augnablik,5,0,15,0.00375
2025-07-25,4,KV,Augnablik,5,1,23,0.00575
2025-07-25,4,KV,Augnablik,5,2,37,0.00925
2025-07-25,4,KV,Augnablik,5,3,17,0.00425
2025-07-25,4,KV,Augnablik,5,4,8,0.002
2025-07-25,4,KV,Augnablik,5,5,5,0.00125
2025-07-25,4,KV,Augnablik,5,7,1,2.5e-4
2025-07-25,4,KV,Augnablik,5,8,1,2.5e-4
2025-07-25,4,KV,Augnablik,6,0,5,0.00125
2025-07-25,4,KV,Augnablik,6,1,12,0.003
2025-07-25,4,KV,Augnablik,6,2,10,0.0025
2025-07-25,4,KV,Augnablik,6,3,11,0.00275
2025-07-25,4,KV,Augnablik,6,4,4,0.001
2025-07-25,4,KV,Augnablik,6,6,1,2.5e-4
2025-07-25,4,KV,Augnablik,7,0,1,2.5e-4
2025-07-25,4,KV,Augnablik,7,1,2,5e-4
2025-07-25,4,KV,Augnablik,7,2,4,0.001
2025-07-25,4,KV,Augnablik,7,4,1,2.5e-4
2025-07-25,4,KV,Augnablik,7,7,1,2.5e-4
2025-07-25,4,KV,Augnablik,8,0,1,2.5e-4
2025-07-25,4,ÍH,Reynir S.,0,0,47,0.01175
2025-07-25,4,ÍH,Reynir S.,0,1,96,0.024
2025-07-25,4,ÍH,Reynir S.,0,2,73,0.01825
2025-07-25,4,ÍH,Reynir S.,0,3,65,0.01625
2025-07-25,4,ÍH,Reynir S.,0,4,32,0.008
2025-07-25,4,ÍH,Reynir S.,0,5,20,0.005
2025-07-25,4,ÍH,Reynir S.,0,6,7,0.00175
2025-07-25,4,ÍH,Reynir S.,0,7,2,5e-4
2025-07-25,4,ÍH,Reynir S.,0,8,2,5e-4
2025-07-25,4,ÍH,Reynir S.,0,11,1,2.5e-4
2025-07-25,4,ÍH,Reynir S.,1,0,132,0.033
2025-07-25,4,ÍH,Reynir S.,1,1,243,0.06075
2025-07-25,4,ÍH,Reynir S.,1,2,237,0.05925
2025-07-25,4,ÍH,Reynir S.,1,3,155,0.03875
2025-07-25,4,ÍH,Reynir S.,1,4,78,0.0195
2025-07-25,4,ÍH,Reynir S.,1,5,42,0.0105
2025-07-25,4,ÍH,Reynir S.,1,6,18,0.0045
2025-07-25,4,ÍH,Reynir S.,1,7,7,0.00175
2025-07-25,4,ÍH,Reynir S.,1,8,7,0.00175
2025-07-25,4,ÍH,Reynir S.,2,0,136,0.034
2025-07-25,4,ÍH,Reynir S.,2,1,241,0.06025
2025-07-25,4,ÍH,Reynir S.,2,2,260,0.065
2025-07-25,4,ÍH,Reynir S.,2,3,155,0.03875
2025-07-25,4,ÍH,Reynir S.,2,4,91,0.02275
2025-07-25,4,ÍH,Reynir S.,2,5,41,0.01025
2025-07-25,4,ÍH,Reynir S.,2,6,14,0.0035
2025-07-25,4,ÍH,Reynir S.,2,7,1,2.5e-4
2025-07-25,4,ÍH,Reynir S.,2,8,2,5e-4
2025-07-25,4,ÍH,Reynir S.,2,9,1,2.5e-4
2025-07-25,4,ÍH,Reynir S.,3,0,97,0.02425
2025-07-25,4,ÍH,Reynir S.,3,1,188,0.047
2025-07-25,4,ÍH,Reynir S.,3,2,211,0.05275
2025-07-25,4,ÍH,Reynir S.,3,3,149,0.03725
2025-07-25,4,ÍH,Reynir S.,3,4,77,0.01925
2025-07-25,4,ÍH,Reynir S.,3,5,45,0.01125
2025-07-25,4,ÍH,Reynir S.,3,6,19,0.00475
2025-07-25,4,ÍH,Reynir S.,3,7,6,0.0015
2025-07-25,4,ÍH,Reynir S.,3,8,3,7.5e-4
2025-07-25,4,ÍH,Reynir S.,4,0,60,0.015
2025-07-25,4,ÍH,Reynir S.,4,1,112,0.028
2025-07-25,4,ÍH,Reynir S.,4,2,129,0.03225
2025-07-25,4,ÍH,Reynir S.,4,3,99,0.02475
2025-07-25,4,ÍH,Reynir S.,4,4,54,0.0135
2025-07-25,4,ÍH,Reynir S.,4,5,28,0.007
2025-07-25,4,ÍH,Reynir S.,4,6,8,0.002
2025-07-25,4,ÍH,Reynir S.,4,7,5,0.00125
2025-07-25,4,ÍH,Reynir S.,4,8,1,2.5e-4
2025-07-25,4,ÍH,Reynir S.,5,0,39,0.00975
2025-07-25,4,ÍH,Reynir S.,5,1,58,0.0145
2025-07-25,4,ÍH,Reynir S.,5,2,77,0.01925
2025-07-25,4,ÍH,Reynir S.,5,3,49,0.01225
2025-07-25,4,ÍH,Reynir S.,5,4,19,0.00475
2025-07-25,4,ÍH,Reynir S.,5,5,14,0.0035
2025-07-25,4,ÍH,Reynir S.,5,6,5,0.00125
2025-07-25,4,ÍH,Reynir S.,5,7,2,5e-4
2025-07-25,4,ÍH,Reynir S.,5,8,1,2.5e-4
2025-07-25,4,ÍH,Reynir S.,5,9,1,2.5e-4
2025-07-25,4,ÍH,Reynir S.,6,0,14,0.0035
2025-07-25,4,ÍH,Reynir S.,6,1,34,0.0085
2025-07-25,4,ÍH,Reynir S.,6,2,44,0.011
2025-07-25,4,ÍH,Reynir S.,6,3,27,0.00675
2025-07-25,4,ÍH,Reynir S.,6,4,15,0.00375
2025-07-25,4,ÍH,Reynir S.,6,5,6,0.0015
2025-07-25,4,ÍH,Reynir S.,6,6,5,0.00125
2025-07-25,4,ÍH,Reynir S.,6,7,1,2.5e-4
2025-07-25,4,ÍH,Reynir S.,7,0,6,0.0015
2025-07-25,4,ÍH,Reynir S.,7,1,15,0.00375
2025-07-25,4,ÍH,Reynir S.,7,2,16,0.004
2025-07-25,4,ÍH,Reynir S.,7,3,10,0.0025
2025-07-25,4,ÍH,Reynir S.,7,4,2,5e-4
2025-07-25,4,ÍH,Reynir S.,7,5,5,0.00125
2025-07-25,4,ÍH,Reynir S.,7,6,3,7.5e-4
2025-07-25,4,ÍH,Reynir S.,7,7,2,5e-4
2025-07-25,4,ÍH,Reynir S.,8,0,3,7.5e-4
2025-07-25,4,ÍH,Reynir S.,8,1,4,0.001
2025-07-25,4,ÍH,Reynir S.,8,2,6,0.0015
2025-07-25,4,ÍH,Reynir S.,8,3,5,0.00125
2025-07-25,4,ÍH,Reynir S.,8,4,3,7.5e-4
2025-07-25,4,ÍH,Reynir S.,8,5,1,2.5e-4
2025-07-25,4,ÍH,Reynir S.,8,8,1,2.5e-4
2025-07-25,4,ÍH,Reynir S.,9,2,2,5e-4
2025-07-25,4,ÍH,Reynir S.,9,3,4,0.001
2025-07-25,4,ÍH,Reynir S.,9,5,1,2.5e-4
2025-07-25,4,ÍH,Reynir S.,9,9,1,2.5e-4
2025-07-25,4,ÍH,Reynir S.,10,0,1,2.5e-4
2025-07-25,4,ÍH,Reynir S.,12,12,1,2.5e-4
2025-07-25,5,KFS,Vængir Júpiters,0,0,145,0.03625
2025-07-25,5,KFS,Vængir Júpiters,0,1,175,0.04375
2025-07-25,5,KFS,Vængir Júpiters,0,2,129,0.03225
2025-07-25,5,KFS,Vængir Júpiters,0,3,45,0.01125
2025-07-25,5,KFS,Vængir Júpiters,0,4,24,0.006
2025-07-25,5,KFS,Vængir Júpiters,0,5,9,0.00225
2025-07-25,5,KFS,Vængir Júpiters,0,6,3,7.5e-4
2025-07-25,5,KFS,Vængir Júpiters,0,7,1,2.5e-4
2025-07-25,5,KFS,Vængir Júpiters,1,0,255,0.06375
2025-07-25,5,KFS,Vængir Júpiters,1,1,365,0.09125
2025-07-25,5,KFS,Vængir Júpiters,1,2,236,0.059
2025-07-25,5,KFS,Vængir Júpiters,1,3,113,0.02825
2025-07-25,5,KFS,Vængir Júpiters,1,4,45,0.01125
2025-07-25,5,KFS,Vængir Júpiters,1,5,8,0.002
2025-07-25,5,KFS,Vængir Júpiters,1,6,3,7.5e-4
2025-07-25,5,KFS,Vængir Júpiters,1,7,2,5e-4
2025-07-25,5,KFS,Vængir Júpiters,2,0,238,0.0595
2025-07-25,5,KFS,Vængir Júpiters,2,1,345,0.08625
2025-07-25,5,KFS,Vængir Júpiters,2,2,227,0.05675
2025-07-25,5,KFS,Vængir Júpiters,2,3,90,0.0225
2025-07-25,5,KFS,Vængir Júpiters,2,4,54,0.0135
2025-07-25,5,KFS,Vængir Júpiters,2,5,16,0.004
2025-07-25,5,KFS,Vængir Júpiters,2,6,6,0.0015
2025-07-25,5,KFS,Vængir Júpiters,2,8,2,5e-4
2025-07-25,5,KFS,Vængir Júpiters,3,0,185,0.04625
2025-07-25,5,KFS,Vængir Júpiters,3,1,248,0.062
2025-07-25,5,KFS,Vængir Júpiters,3,2,178,0.0445
2025-07-25,5,KFS,Vængir Júpiters,3,3,85,0.02125
2025-07-25,5,KFS,Vængir Júpiters,3,4,35,0.00875
2025-07-25,5,KFS,Vængir Júpiters,3,5,12,0.003
2025-07-25,5,KFS,Vængir Júpiters,3,6,4,0.001
2025-07-25,5,KFS,Vængir Júpiters,4,0,112,0.028
2025-07-25,5,KFS,Vængir Júpiters,4,1,125,0.03125
2025-07-25,5,KFS,Vængir Júpiters,4,2,95,0.02375
2025-07-25,5,KFS,Vængir Júpiters,4,3,46,0.0115
2025-07-25,5,KFS,Vængir Júpiters,4,4,24,0.006
2025-07-25,5,KFS,Vængir Júpiters,4,5,7,0.00175
2025-07-25,5,KFS,Vængir Júpiters,4,6,3,7.5e-4
2025-07-25,5,KFS,Vængir Júpiters,5,0,38,0.0095
2025-07-25,5,KFS,Vængir Júpiters,5,1,71,0.01775
2025-07-25,5,KFS,Vængir Júpiters,5,2,50,0.0125
2025-07-25,5,KFS,Vængir Júpiters,5,3,22,0.0055
2025-07-25,5,KFS,Vængir Júpiters,5,4,7,0.00175
2025-07-25,5,KFS,Vængir Júpiters,5,5,5,0.00125
2025-07-25,5,KFS,Vængir Júpiters,5,6,2,5e-4
2025-07-25,5,KFS,Vængir Júpiters,5,7,1,2.5e-4
2025-07-25,5,KFS,Vængir Júpiters,6,0,12,0.003
2025-07-25,5,KFS,Vængir Júpiters,6,1,23,0.00575
2025-07-25,5,KFS,Vængir Júpiters,6,2,17,0.00425
2025-07-25,5,KFS,Vængir Júpiters,6,3,11,0.00275
2025-07-25,5,KFS,Vængir Júpiters,6,4,5,0.00125
2025-07-25,5,KFS,Vængir Júpiters,6,5,1,2.5e-4
2025-07-25,5,KFS,Vængir Júpiters,7,0,10,0.0025
2025-07-25,5,KFS,Vængir Júpiters,7,1,7,0.00175
2025-07-25,5,KFS,Vængir Júpiters,7,2,5,0.00125
2025-07-25,5,KFS,Vængir Júpiters,7,3,3,7.5e-4
2025-07-25,5,KFS,Vængir Júpiters,7,4,1,2.5e-4
2025-07-25,5,KFS,Vængir Júpiters,7,5,2,5e-4
2025-07-25,5,KFS,Vængir Júpiters,7,6,1,2.5e-4
2025-07-25,5,KFS,Vængir Júpiters,8,0,1,2.5e-4
2025-07-25,5,KFS,Vængir Júpiters,8,1,4,0.001
2025-07-25,5,KFS,Vængir Júpiters,8,2,3,7.5e-4
2025-07-25,5,KFS,Vængir Júpiters,8,3,1,2.5e-4
2025-07-25,5,KFS,Vængir Júpiters,8,4,1,2.5e-4
2025-07-25,5,KFS,Vængir Júpiters,10,1,1,2.5e-4
2025-07-26,2,Völsungur,Selfoss,0,0,189,0.04725
2025-07-26,2,Völsungur,Selfoss,0,1,290,0.0725
2025-07-26,2,Völsungur,Selfoss,0,2,312,0.078
2025-07-26,2,Völsungur,Selfoss,0,3,185,0.04625
2025-07-26,2,Völsungur,Selfoss,0,4,86,0.0215
2025-07-26,2,Völsungur,Selfoss,0,5,28,0.007
2025-07-26,2,Völsungur,Selfoss,0,6,20,0.005
2025-07-26,2,Völsungur,Selfoss,0,7,4,0.001
2025-07-26,2,Völsungur,Selfoss,1,0,188,0.047
2025-07-26,2,Völsungur,Selfoss,1,1,383,0.09575
2025-07-26,2,Völsungur,Selfoss,1,2,379,0.09475
2025-07-26,2,Völsungur,Selfoss,1,3,230,0.0575
2025-07-26,2,Völsungur,Selfoss,1,4,117,0.02925
2025-07-26,2,Völsungur,Selfoss,1,5,59,0.01475
2025-07-26,2,Völsungur,Selfoss,1,6,11,0.00275
2025-07-26,2,Völsungur,Selfoss,1,7,4,0.001
2025-07-26,2,Völsungur,Selfoss,1,8,2,5e-4
2025-07-26,2,Völsungur,Selfoss,2,0,153,0.03825
2025-07-26,2,Völsungur,Selfoss,2,1,272,0.068
2025-07-26,2,Völsungur,Selfoss,2,2,211,0.05275
2025-07-26,2,Völsungur,Selfoss,2,3,136,0.034
2025-07-26,2,Völsungur,Selfoss,2,4,76,0.019
2025-07-26,2,Völsungur,Selfoss,2,5,33,0.00825
2025-07-26,2,Völsungur,Selfoss,2,6,14,0.0035
2025-07-26,2,Völsungur,Selfoss,2,7,3,7.5e-4
2025-07-26,2,Völsungur,Selfoss,2,8,2,5e-4
2025-07-26,2,Völsungur,Selfoss,3,0,65,0.01625
2025-07-26,2,Völsungur,Selfoss,3,1,104,0.026
2025-07-26,2,Völsungur,Selfoss,3,2,98,0.0245
2025-07-26,2,Völsungur,Selfoss,3,3,63,0.01575
2025-07-26,2,Völsungur,Selfoss,3,4,43,0.01075
2025-07-26,2,Völsungur,Selfoss,3,5,17,0.00425
2025-07-26,2,Völsungur,Selfoss,3,6,10,0.0025
2025-07-26,2,Völsungur,Selfoss,3,7,2,5e-4
2025-07-26,2,Völsungur,Selfoss,3,8,2,5e-4
2025-07-26,2,Völsungur,Selfoss,4,0,22,0.0055
2025-07-26,2,Völsungur,Selfoss,4,1,36,0.009
2025-07-26,2,Völsungur,Selfoss,4,2,38,0.0095
2025-07-26,2,Völsungur,Selfoss,4,3,22,0.0055
2025-07-26,2,Völsungur,Selfoss,4,4,16,0.004
2025-07-26,2,Völsungur,Selfoss,4,5,5,0.00125
2025-07-26,2,Völsungur,Selfoss,4,7,2,5e-4
2025-07-26,2,Völsungur,Selfoss,5,0,12,0.003
2025-07-26,2,Völsungur,Selfoss,5,1,12,0.003
2025-07-26,2,Völsungur,Selfoss,5,2,12,0.003
2025-07-26,2,Völsungur,Selfoss,5,3,5,0.00125
2025-07-26,2,Völsungur,Selfoss,5,4,4,0.001
2025-07-26,2,Völsungur,Selfoss,5,5,6,0.0015
2025-07-26,2,Völsungur,Selfoss,5,7,2,5e-4
2025-07-26,2,Völsungur,Selfoss,6,0,2,5e-4
2025-07-26,2,Völsungur,Selfoss,6,1,1,2.5e-4
2025-07-26,2,Völsungur,Selfoss,6,2,6,0.0015
2025-07-26,2,Völsungur,Selfoss,6,3,2,5e-4
2025-07-26,2,Völsungur,Selfoss,6,6,1,2.5e-4
2025-07-26,2,Völsungur,Selfoss,7,1,1,2.5e-4
2025-07-26,2,Völsungur,Selfoss,7,2,1,2.5e-4
2025-07-26,2,Völsungur,Selfoss,7,5,1,2.5e-4
2025-07-26,3,Kormákur/Hvöt,Ægir,0,0,71,0.01775
2025-07-26,3,Kormákur/Hvöt,Ægir,0,1,86,0.0215
2025-07-26,3,Kormákur/Hvöt,Ægir,0,2,82,0.0205
2025-07-26,3,Kormákur/Hvöt,Ægir,0,3,32,0.008
2025-07-26,3,Kormákur/Hvöt,Ægir,0,4,9,0.00225
2025-07-26,3,Kormákur/Hvöt,Ægir,0,5,3,7.5e-4
2025-07-26,3,Kormákur/Hvöt,Ægir,0,6,1,2.5e-4
2025-07-26,3,Kormákur/Hvöt,Ægir,1,0,162,0.0405
2025-07-26,3,Kormákur/Hvöt,Ægir,1,1,245,0.06125
2025-07-26,3,Kormákur/Hvöt,Ægir,1,2,160,0.04
2025-07-26,3,Kormákur/Hvöt,Ægir,1,3,83,0.02075
2025-07-26,3,Kormákur/Hvöt,Ægir,1,4,21,0.00525
2025-07-26,3,Kormákur/Hvöt,Ægir,1,5,10,0.0025
2025-07-26,3,Kormákur/Hvöt,Ægir,1,6,1,2.5e-4
2025-07-26,3,Kormákur/Hvöt,Ægir,1,8,2,5e-4
2025-07-26,3,Kormákur/Hvöt,Ægir,2,0,228,0.057
2025-07-26,3,Kormákur/Hvöt,Ægir,2,1,269,0.06725
2025-07-26,3,Kormákur/Hvöt,Ægir,2,2,206,0.0515
2025-07-26,3,Kormákur/Hvöt,Ægir,2,3,110,0.0275
2025-07-26,3,Kormákur/Hvöt,Ægir,2,4,46,0.0115
2025-07-26,3,Kormákur/Hvöt,Ægir,2,5,9,0.00225
2025-07-26,3,Kormákur/Hvöt,Ægir,2,6,2,5e-4
2025-07-26,3,Kormákur/Hvöt,Ægir,3,0,196,0.049
2025-07-26,3,Kormákur/Hvöt,Ægir,3,1,250,0.0625
2025-07-26,3,Kormákur/Hvöt,Ægir,3,2,214,0.0535
2025-07-26,3,Kormákur/Hvöt,Ægir,3,3,95,0.02375
2025-07-26,3,Kormákur/Hvöt,Ægir,3,4,38,0.0095
2025-07-26,3,Kormákur/Hvöt,Ægir,3,5,13,0.00325
2025-07-26,3,Kormákur/Hvöt,Ægir,3,6,3,7.5e-4
2025-07-26,3,Kormákur/Hvöt,Ægir,3,7,1,2.5e-4
2025-07-26,3,Kormákur/Hvöt,Ægir,4,0,138,0.0345
2025-07-26,3,Kormákur/Hvöt,Ægir,4,1,225,0.05625
2025-07-26,3,Kormákur/Hvöt,Ægir,4,2,134,0.0335
2025-07-26,3,Kormákur/Hvöt,Ægir,4,3,58,0.0145
2025-07-26,3,Kormákur/Hvöt,Ægir,4,4,31,0.00775
2025-07-26,3,Kormákur/Hvöt,Ægir,4,5,14,0.0035
2025-07-26,3,Kormákur/Hvöt,Ægir,4,6,3,7.5e-4
2025-07-26,3,Kormákur/Hvöt,Ægir,5,0,88,0.022
2025-07-26,3,Kormákur/Hvöt,Ægir,5,1,125,0.03125
2025-07-26,3,Kormákur/Hvöt,Ægir,5,2,97,0.02425
2025-07-26,3,Kormákur/Hvöt,Ægir,5,3,47,0.01175
2025-07-26,3,Kormákur/Hvöt,Ægir,5,4,27,0.00675
2025-07-26,3,Kormákur/Hvöt,Ægir,5,5,7,0.00175
2025-07-26,3,Kormákur/Hvöt,Ægir,5,6,3,7.5e-4
2025-07-26,3,Kormákur/Hvöt,Ægir,5,8,1,2.5e-4
2025-07-26,3,Kormákur/Hvöt,Ægir,6,0,51,0.01275
2025-07-26,3,Kormákur/Hvöt,Ægir,6,1,57,0.01425
2025-07-26,3,Kormákur/Hvöt,Ægir,6,2,51,0.01275
2025-07-26,3,Kormákur/Hvöt,Ægir,6,3,21,0.00525
2025-07-26,3,Kormákur/Hvöt,Ægir,6,4,5,0.00125
2025-07-26,3,Kormákur/Hvöt,Ægir,6,5,3,7.5e-4
2025-07-26,3,Kormákur/Hvöt,Ægir,6,6,1,2.5e-4
2025-07-26,3,Kormákur/Hvöt,Ægir,7,0,27,0.00675
2025-07-26,3,Kormákur/Hvöt,Ægir,7,1,24,0.006
2025-07-26,3,Kormákur/Hvöt,Ægir,7,2,19,0.00475
2025-07-26,3,Kormákur/Hvöt,Ægir,7,3,16,0.004
2025-07-26,3,Kormákur/Hvöt,Ægir,7,4,8,0.002
2025-07-26,3,Kormákur/Hvöt,Ægir,7,5,3,7.5e-4
2025-07-26,3,Kormákur/Hvöt,Ægir,7,6,1,2.5e-4
2025-07-26,3,Kormákur/Hvöt,Ægir,8,0,13,0.00325
2025-07-26,3,Kormákur/Hvöt,Ægir,8,1,12,0.003
2025-07-26,3,Kormákur/Hvöt,Ægir,8,2,12,0.003
2025-07-26,3,Kormákur/Hvöt,Ægir,8,3,2,5e-4
2025-07-26,3,Kormákur/Hvöt,Ægir,8,4,2,5e-4
2025-07-26,3,Kormákur/Hvöt,Ægir,8,5,1,2.5e-4
2025-07-26,3,Kormákur/Hvöt,Ægir,8,6,2,5e-4
2025-07-26,3,Kormákur/Hvöt,Ægir,9,0,4,0.001
2025-07-26,3,Kormákur/Hvöt,Ægir,9,1,4,0.001
2025-07-26,3,Kormákur/Hvöt,Ægir,9,2,1,2.5e-4
2025-07-26,3,Kormákur/Hvöt,Ægir,9,3,2,5e-4
2025-07-26,3,Kormákur/Hvöt,Ægir,9,4,2,5e-4
2025-07-26,3,Kormákur/Hvöt,Ægir,9,5,1,2.5e-4
2025-07-26,3,Kormákur/Hvöt,Ægir,10,0,4,0.001
2025-07-26,3,Kormákur/Hvöt,Ægir,10,2,1,2.5e-4
2025-07-26,3,Kormákur/Hvöt,Ægir,10,4,1,2.5e-4
2025-07-26,3,Kormákur/Hvöt,Ægir,11,0,1,2.5e-4
2025-07-26,3,Kormákur/Hvöt,Ægir,11,3,1,2.5e-4
2025-07-26,3,Kormákur/Hvöt,Ægir,12,0,1,2.5e-4
2025-07-26,3,Víkingur Ó.,KFA,0,0,94,0.0235
2025-07-26,3,Víkingur Ó.,KFA,0,1,90,0.0225
2025-07-26,3,Víkingur Ó.,KFA,0,2,40,0.01
2025-07-26,3,Víkingur Ó.,KFA,0,3,25,0.00625
2025-07-26,3,Víkingur Ó.,KFA,0,4,6,0.0015
2025-07-26,3,Víkingur Ó.,KFA,0,5,1,2.5e-4
2025-07-26,3,Víkingur Ó.,KFA,1,0,193,0.04825
2025-07-26,3,Víkingur Ó.,KFA,1,1,265,0.06625
2025-07-26,3,Víkingur Ó.,KFA,1,2,152,0.038
2025-07-26,3,Víkingur Ó.,KFA,1,3,61,0.01525
2025-07-26,3,Víkingur Ó.,KFA,1,4,19,0.00475
2025-07-26,3,Víkingur Ó.,KFA,1,5,14,0.0035
2025-07-26,3,Víkingur Ó.,KFA,1,6,3,7.5e-4
2025-07-26,3,Víkingur Ó.,KFA,2,0,248,0.062
2025-07-26,3,Víkingur Ó.,KFA,2,1,297,0.07425
2025-07-26,3,Víkingur Ó.,KFA,2,2,212,0.053
2025-07-26,3,Víkingur Ó.,KFA,2,3,88,0.022
2025-07-26,3,Víkingur Ó.,KFA,2,4,37,0.00925
2025-07-26,3,Víkingur Ó.,KFA,2,5,10,0.0025
2025-07-26,3,Víkingur Ó.,KFA,2,6,3,7.5e-4
2025-07-26,3,Víkingur Ó.,KFA,3,0,277,0.06925
2025-07-26,3,Víkingur Ó.,KFA,3,1,296,0.074
2025-07-26,3,Víkingur Ó.,KFA,3,2,163,0.04075
2025-07-26,3,Víkingur Ó.,KFA,3,3,99,0.02475
2025-07-26,3,Víkingur Ó.,KFA,3,4,33,0.00825
2025-07-26,3,Víkingur Ó.,KFA,3,5,11,0.00275
2025-07-26,3,Víkingur Ó.,KFA,3,6,1,2.5e-4
2025-07-26,3,Víkingur Ó.,KFA,3,7,1,2.5e-4
2025-07-26,3,Víkingur Ó.,KFA,4,0,166,0.0415
2025-07-26,3,Víkingur Ó.,KFA,4,1,226,0.0565
2025-07-26,3,Víkingur Ó.,KFA,4,2,121,0.03025
2025-07-26,3,Víkingur Ó.,KFA,4,3,69,0.01725
2025-07-26,3,Víkingur Ó.,KFA,4,4,27,0.00675
2025-07-26,3,Víkingur Ó.,KFA,4,5,10,0.0025
2025-07-26,3,Víkingur Ó.,KFA,5,0,94,0.0235
2025-07-26,3,Víkingur Ó.,KFA,5,1,106,0.0265
2025-07-26,3,Víkingur Ó.,KFA,5,2,83,0.02075
2025-07-26,3,Víkingur Ó.,KFA,5,3,38,0.0095
2025-07-26,3,Víkingur Ó.,KFA,5,4,11,0.00275
2025-07-26,3,Víkingur Ó.,KFA,5,5,1,2.5e-4
2025-07-26,3,Víkingur Ó.,KFA,5,6,1,2.5e-4
2025-07-26,3,Víkingur Ó.,KFA,6,0,41,0.01025
2025-07-26,3,Víkingur Ó.,KFA,6,1,65,0.01625
2025-07-26,3,Víkingur Ó.,KFA,6,2,46,0.0115
2025-07-26,3,Víkingur Ó.,KFA,6,3,13,0.00325
2025-07-26,3,Víkingur Ó.,KFA,6,4,8,0.002
2025-07-26,3,Víkingur Ó.,KFA,6,5,2,5e-4
2025-07-26,3,Víkingur Ó.,KFA,7,0,30,0.0075
2025-07-26,3,Víkingur Ó.,KFA,7,1,24,0.006
2025-07-26,3,Víkingur Ó.,KFA,7,2,19,0.00475
2025-07-26,3,Víkingur Ó.,KFA,7,3,5,0.00125
2025-07-26,3,Víkingur Ó.,KFA,7,4,2,5e-4
2025-07-26,3,Víkingur Ó.,KFA,7,5,1,2.5e-4
2025-07-26,3,Víkingur Ó.,KFA,7,7,1,2.5e-4
2025-07-26,3,Víkingur Ó.,KFA,8,0,7,0.00175
2025-07-26,3,Víkingur Ó.,KFA,8,1,9,0.00225
2025-07-26,3,Víkingur Ó.,KFA,8,2,8,0.002
2025-07-26,3,Víkingur Ó.,KFA,8,3,6,0.0015
2025-07-26,3,Víkingur Ó.,KFA,8,4,1,2.5e-4
2025-07-26,3,Víkingur Ó.,KFA,9,0,4,0.001
2025-07-26,3,Víkingur Ó.,KFA,9,1,6,0.0015
2025-07-26,3,Víkingur Ó.,KFA,9,2,5,0.00125
2025-07-26,3,Víkingur Ó.,KFA,9,3,1,2.5e-4
2025-07-26,3,Víkingur Ó.,KFA,9,4,2,5e-4
2025-07-26,3,Víkingur Ó.,KFA,10,3,1,2.5e-4
2025-07-26,3,Víkingur Ó.,KFA,11,3,1,2.5e-4
2025-07-26,4,Magni,KFK,0,0,141,0.03525
2025-07-26,4,Magni,KFK,0,1,167,0.04175
2025-07-26,4,Magni,KFK,0,2,116,0.029
2025-07-26,4,Magni,KFK,0,3,40,0.01
2025-07-26,4,Magni,KFK,0,4,19,0.00475
2025-07-26,4,Magni,KFK,0,5,4,0.001
2025-07-26,4,Magni,KFK,1,0,294,0.0735
2025-07-26,4,Magni,KFK,1,1,364,0.091
2025-07-26,4,Magni,KFK,1,2,199,0.04975
2025-07-26,4,Magni,KFK,1,3,94,0.0235
2025-07-26,4,Magni,KFK,1,4,31,0.00775
2025-07-26,4,Magni,KFK,1,5,5,0.00125
2025-07-26,4,Magni,KFK,1,6,5,0.00125
2025-07-26,4,Magni,KFK,2,0,308,0.077
2025-07-26,4,Magni,KFK,2,1,357,0.08925
2025-07-26,4,Magni,KFK,2,2,234,0.0585
2025-07-26,4,Magni,KFK,2,3,90,0.0225
2025-07-26,4,Magni,KFK,2,4,44,0.011
2025-07-26,4,Magni,KFK,2,5,11,0.00275
2025-07-26,4,Magni,KFK,2,6,1,2.5e-4
2025-07-26,4,Magni,KFK,2,7,1,2.5e-4
2025-07-26,4,Magni,KFK,3,0,216,0.054
2025-07-26,4,Magni,KFK,3,1,250,0.0625
2025-07-26,4,Magni,KFK,3,2,148,0.037
2025-07-26,4,Magni,KFK,3,3,71,0.01775
2025-07-26,4,Magni,KFK,3,4,27,0.00675
2025-07-26,4,Magni,KFK,3,5,7,0.00175
2025-07-26,4,Magni,KFK,3,6,1,2.5e-4
2025-07-26,4,Magni,KFK,4,0,132,0.033
2025-07-26,4,Magni,KFK,4,1,147,0.03675
2025-07-26,4,Magni,KFK,4,2,81,0.02025
2025-07-26,4,Magni,KFK,4,3,45,0.01125
2025-07-26,4,Magni,KFK,4,4,24,0.006
2025-07-26,4,Magni,KFK,4,5,3,7.5e-4
2025-07-26,4,Magni,KFK,4,6,1,2.5e-4
2025-07-26,4,Magni,KFK,4,7,1,2.5e-4
2025-07-26,4,Magni,KFK,5,0,54,0.0135
2025-07-26,4,Magni,KFK,5,1,59,0.01475
2025-07-26,4,Magni,KFK,5,2,55,0.01375
2025-07-26,4,Magni,KFK,5,3,14,0.0035
2025-07-26,4,Magni,KFK,5,4,4,0.001
2025-07-26,4,Magni,KFK,5,5,4,0.001
2025-07-26,4,Magni,KFK,6,0,23,0.00575
2025-07-26,4,Magni,KFK,6,1,27,0.00675
2025-07-26,4,Magni,KFK,6,2,18,0.0045
2025-07-26,4,Magni,KFK,6,3,9,0.00225
2025-07-26,4,Magni,KFK,6,4,3,7.5e-4
2025-07-26,4,Magni,KFK,7,0,6,0.0015
2025-07-26,4,Magni,KFK,7,1,13,0.00325
2025-07-26,4,Magni,KFK,7,2,8,0.002
2025-07-26,4,Magni,KFK,7,4,3,7.5e-4
2025-07-26,4,Magni,KFK,8,0,6,0.0015
2025-07-26,4,Magni,KFK,8,1,6,0.0015
2025-07-26,4,Magni,KFK,8,2,4,0.001
2025-07-26,4,Magni,KFK,8,3,1,2.5e-4
2025-07-26,4,Magni,KFK,8,5,1,2.5e-4
2025-07-26,4,Magni,KFK,9,2,2,5e-4
2025-07-26,4,Magni,KFK,10,2,1,2.5e-4
2025-07-26,4,Tindastóll,Hvíti riddarinn,0,0,401,0.10025
2025-07-26,4,Tindastóll,Hvíti riddarinn,0,1,398,0.0995
2025-07-26,4,Tindastóll,Hvíti riddarinn,0,2,193,0.04825
2025-07-26,4,Tindastóll,Hvíti riddarinn,0,3,82,0.0205
2025-07-26,4,Tindastóll,Hvíti riddarinn,0,4,16,0.004
2025-07-26,4,Tindastóll,Hvíti riddarinn,0,5,8,0.002
2025-07-26,4,Tindastóll,Hvíti riddarinn,1,0,496,0.124
2025-07-26,4,Tindastóll,Hvíti riddarinn,1,1,476,0.119
2025-07-26,4,Tindastóll,Hvíti riddarinn,1,2,256,0.064
2025-07-26,4,Tindastóll,Hvíti riddarinn,1,3,92,0.023
2025-07-26,4,Tindastóll,Hvíti riddarinn,1,4,20,0.005
2025-07-26,4,Tindastóll,Hvíti riddarinn,1,5,7,0.00175
2025-07-26,4,Tindastóll,Hvíti riddarinn,2,0,314,0.0785
2025-07-26,4,Tindastóll,Hvíti riddarinn,2,1,323,0.08075
2025-07-26,4,Tindastóll,Hvíti riddarinn,2,2,193,0.04825
2025-07-26,4,Tindastóll,Hvíti riddarinn,2,3,73,0.01825
2025-07-26,4,Tindastóll,Hvíti riddarinn,2,4,25,0.00625
2025-07-26,4,Tindastóll,Hvíti riddarinn,2,5,4,0.001
2025-07-26,4,Tindastóll,Hvíti riddarinn,2,6,1,2.5e-4
2025-07-26,4,Tindastóll,Hvíti riddarinn,3,0,148,0.037
2025-07-26,4,Tindastóll,Hvíti riddarinn,3,1,141,0.03525
2025-07-26,4,Tindastóll,Hvíti riddarinn,3,2,79,0.01975
2025-07-26,4,Tindastóll,Hvíti riddarinn,3,3,27,0.00675
2025-07-26,4,Tindastóll,Hvíti riddarinn,3,4,8,0.002
2025-07-26,4,Tindastóll,Hvíti riddarinn,3,5,2,5e-4
2025-07-26,4,Tindastóll,Hvíti riddarinn,4,0,57,0.01425
2025-07-26,4,Tindastóll,Hvíti riddarinn,4,1,54,0.0135
2025-07-26,4,Tindastóll,Hvíti riddarinn,4,2,28,0.007
2025-07-26,4,Tindastóll,Hvíti riddarinn,4,3,14,0.0035
2025-07-26,4,Tindastóll,Hvíti riddarinn,4,4,6,0.0015
2025-07-26,4,Tindastóll,Hvíti riddarinn,5,0,13,0.00325
2025-07-26,4,Tindastóll,Hvíti riddarinn,5,1,15,0.00375
2025-07-26,4,Tindastóll,Hvíti riddarinn,5,2,13,0.00325
2025-07-26,4,Tindastóll,Hvíti riddarinn,5,3,1,2.5e-4
2025-07-26,4,Tindastóll,Hvíti riddarinn,5,4,3,7.5e-4
2025-07-26,4,Tindastóll,Hvíti riddarinn,6,0,3,7.5e-4
2025-07-26,4,Tindastóll,Hvíti riddarinn,6,1,2,5e-4
2025-07-26,4,Tindastóll,Hvíti riddarinn,6,2,1,2.5e-4
2025-07-26,4,Tindastóll,Hvíti riddarinn,6,3,1,2.5e-4
2025-07-26,4,Tindastóll,Hvíti riddarinn,7,1,3,7.5e-4
2025-07-26,4,Tindastóll,Hvíti riddarinn,8,0,1,2.5e-4
2025-07-26,4,Tindastóll,Hvíti riddarinn,8,3,1,2.5e-4
2025-07-26,4,Tindastóll,Hvíti riddarinn,8,4,1,2.5e-4
2025-07-26,4,Árbær,KF,0,0,79,0.01975
2025-07-26,4,Árbær,KF,0,1,99,0.02475
2025-07-26,4,Árbær,KF,0,2,81,0.02025
2025-07-26,4,Árbær,KF,0,3,61,0.01525
2025-07-26,4,Árbær,KF,0,4,23,0.00575
2025-07-26,4,Árbær,KF,0,5,10,0.0025
2025-07-26,4,Árbær,KF,0,6,3,7.5e-4
2025-07-26,4,Árbær,KF,0,7,1,2.5e-4
2025-07-26,4,Árbær,KF,1,0,154,0.0385
2025-07-26,4,Árbær,KF,1,1,241,0.06025
2025-07-26,4,Árbær,KF,1,2,218,0.0545
2025-07-26,4,Árbær,KF,1,3,129,0.03225
2025-07-26,4,Árbær,KF,1,4,67,0.01675
2025-07-26,4,Árbær,KF,1,5,30,0.0075
2025-07-26,4,Árbær,KF,1,6,8,0.002
2025-07-26,4,Árbær,KF,1,7,2,5e-4
2025-07-26,4,Árbær,KF,1,8,2,5e-4
2025-07-26,4,Árbær,KF,2,0,149,0.03725
2025-07-26,4,Árbær,KF,2,1,272,0.068
2025-07-26,4,Árbær,KF,2,2,237,0.05925
2025-07-26,4,Árbær,KF,2,3,137,0.03425
2025-07-26,4,Árbær,KF,2,4,61,0.01525
2025-07-26,4,Árbær,KF,2,5,26,0.0065
2025-07-26,4,Árbær,KF,2,6,14,0.0035
2025-07-26,4,Árbær,KF,2,7,7,0.00175
2025-07-26,4,Árbær,KF,2,9,1,2.5e-4
2025-07-26,4,Árbær,KF,2,10,1,2.5e-4
2025-07-26,4,Árbær,KF,3,0,145,0.03625
2025-07-26,4,Árbær,KF,3,1,203,0.05075
2025-07-26,4,Árbær,KF,3,2,253,0.06325
2025-07-26,4,Árbær,KF,3,3,138,0.0345
2025-07-26,4,Árbær,KF,3,4,67,0.01675
2025-07-26,4,Árbær,KF,3,5,24,0.006
2025-07-26,4,Árbær,KF,3,6,16,0.004
2025-07-26,4,Árbær,KF,3,7,4,0.001
2025-07-26,4,Árbær,KF,3,8,1,2.5e-4
2025-07-26,4,Árbær,KF,3,10,1,2.5e-4
2025-07-26,4,Árbær,KF,4,0,85,0.02125
2025-07-26,4,Árbær,KF,4,1,152,0.038
2025-07-26,4,Árbær,KF,4,2,153,0.03825
2025-07-26,4,Árbær,KF,4,3,76,0.019
2025-07-26,4,Árbær,KF,4,4,38,0.0095
2025-07-26,4,Árbær,KF,4,5,20,0.005
2025-07-26,4,Árbær,KF,4,6,7,0.00175
2025-07-26,4,Árbær,KF,4,7,2,5e-4
2025-07-26,4,Árbær,KF,5,0,40,0.01
2025-07-26,4,Árbær,KF,5,1,76,0.019
2025-07-26,4,Árbær,KF,5,2,72,0.018
2025-07-26,4,Árbær,KF,5,3,41,0.01025
2025-07-26,4,Árbær,KF,5,4,30,0.0075
2025-07-26,4,Árbær,KF,5,5,11,0.00275
2025-07-26,4,Árbær,KF,5,6,3,7.5e-4
2025-07-26,4,Árbær,KF,6,0,26,0.0065
2025-07-26,4,Árbær,KF,6,1,34,0.0085
2025-07-26,4,Árbær,KF,6,2,31,0.00775
2025-07-26,4,Árbær,KF,6,3,25,0.00625
2025-07-26,4,Árbær,KF,6,4,12,0.003
2025-07-26,4,Árbær,KF,6,5,6,0.0015
2025-07-26,4,Árbær,KF,6,6,4,0.001
2025-07-26,4,Árbær,KF,7,0,6,0.0015
2025-07-26,4,Árbær,KF,7,1,17,0.00425
2025-07-26,4,Árbær,KF,7,2,20,0.005
2025-07-26,4,Árbær,KF,7,3,8,0.002
2025-07-26,4,Árbær,KF,7,4,3,7.5e-4
2025-07-26,4,Árbær,KF,7,6,1,2.5e-4
2025-07-26,4,Árbær,KF,7,7,1,2.5e-4
2025-07-26,4,Árbær,KF,8,0,4,0.001
2025-07-26,4,Árbær,KF,8,1,8,0.002
2025-07-26,4,Árbær,KF,8,2,8,0.002
2025-07-26,4,Árbær,KF,8,3,1,2.5e-4
2025-07-26,4,Árbær,KF,8,4,5,0.00125
2025-07-26,4,Árbær,KF,8,5,1,2.5e-4
2025-07-26,4,Árbær,KF,9,0,1,2.5e-4
2025-07-26,4,Árbær,KF,9,1,2,5e-4
2025-07-26,4,Árbær,KF,9,2,2,5e-4
2025-07-26,4,Árbær,KF,9,3,1,2.5e-4
2025-07-26,4,Árbær,KF,9,5,1,2.5e-4
2025-07-26,4,Árbær,KF,10,1,1,2.5e-4
2025-07-26,4,Ýmir,Sindri,0,0,113,0.02825
2025-07-26,4,Ýmir,Sindri,0,1,96,0.024
2025-07-26,4,Ýmir,Sindri,0,2,57,0.01425
2025-07-26,4,Ýmir,Sindri,0,3,24,0.006
2025-07-26,4,Ýmir,Sindri,0,4,10,0.0025
2025-07-26,4,Ýmir,Sindri,0,5,3,7.5e-4
2025-07-26,4,Ýmir,Sindri,0,6,2,5e-4
2025-07-26,4,Ýmir,Sindri,1,0,268,0.067
2025-07-26,4,Ýmir,Sindri,1,1,274,0.0685
2025-07-26,4,Ýmir,Sindri,1,2,153,0.03825
2025-07-26,4,Ýmir,Sindri,1,3,50,0.0125
2025-07-26,4,Ýmir,Sindri,1,4,10,0.0025
2025-07-26,4,Ýmir,Sindri,1,5,5,0.00125
2025-07-26,4,Ýmir,Sindri,1,6,3,7.5e-4
2025-07-26,4,Ýmir,Sindri,2,0,325,0.08125
2025-07-26,4,Ýmir,Sindri,2,1,342,0.0855
2025-07-26,4,Ýmir,Sindri,2,2,178,0.0445
2025-07-26,4,Ýmir,Sindri,2,3,78,0.0195
2025-07-26,4,Ýmir,Sindri,2,4,26,0.0065
2025-07-26,4,Ýmir,Sindri,2,5,2,5e-4
2025-07-26,4,Ýmir,Sindri,2,6,5,0.00125
2025-07-26,4,Ýmir,Sindri,3,0,274,0.0685
2025-07-26,4,Ýmir,Sindri,3,1,287,0.07175
2025-07-26,4,Ýmir,Sindri,3,2,161,0.04025
2025-07-26,4,Ýmir,Sindri,3,3,61,0.01525
2025-07-26,4,Ýmir,Sindri,3,4,17,0.00425
2025-07-26,4,Ýmir,Sindri,3,5,5,0.00125
2025-07-26,4,Ýmir,Sindri,3,6,1,2.5e-4
2025-07-26,4,Ýmir,Sindri,3,7,1,2.5e-4
2025-07-26,4,Ýmir,Sindri,4,0,199,0.04975
2025-07-26,4,Ýmir,Sindri,4,1,210,0.0525
2025-07-26,4,Ýmir,Sindri,4,2,98,0.0245
2025-07-26,4,Ýmir,Sindri,4,3,43,0.01075
2025-07-26,4,Ýmir,Sindri,4,4,18,0.0045
2025-07-26,4,Ýmir,Sindri,4,5,6,0.0015
2025-07-26,4,Ýmir,Sindri,5,0,99,0.02475
2025-07-26,4,Ýmir,Sindri,5,1,109,0.02725
2025-07-26,4,Ýmir,Sindri,5,2,71,0.01775
2025-07-26,4,Ýmir,Sindri,5,3,24,0.006
2025-07-26,4,Ýmir,Sindri,5,4,11,0.00275
2025-07-26,4,Ýmir,Sindri,5,5,2,5e-4
2025-07-26,4,Ýmir,Sindri,5,6,1,2.5e-4
2025-07-26,4,Ýmir,Sindri,6,0,55,0.01375
2025-07-26,4,Ýmir,Sindri,6,1,63,0.01575
2025-07-26,4,Ýmir,Sindri,6,2,35,0.00875
2025-07-26,4,Ýmir,Sindri,6,3,9,0.00225
2025-07-26,4,Ýmir,Sindri,6,4,7,0.00175
2025-07-26,4,Ýmir,Sindri,6,5,1,2.5e-4
2025-07-26,4,Ýmir,Sindri,6,6,1,2.5e-4
2025-07-26,4,Ýmir,Sindri,7,0,17,0.00425
2025-07-26,4,Ýmir,Sindri,7,1,18,0.0045
2025-07-26,4,Ýmir,Sindri,7,2,15,0.00375
2025-07-26,4,Ýmir,Sindri,7,3,7,0.00175
2025-07-26,4,Ýmir,Sindri,7,5,1,2.5e-4
2025-07-26,4,Ýmir,Sindri,8,0,11,0.00275
2025-07-26,4,Ýmir,Sindri,8,1,16,0.004
2025-07-26,4,Ýmir,Sindri,8,2,5,0.00125
2025-07-26,4,Ýmir,Sindri,8,3,3,7.5e-4
2025-07-26,4,Ýmir,Sindri,8,4,1,2.5e-4
2025-07-26,4,Ýmir,Sindri,9,0,4,0.001
2025-07-26,4,Ýmir,Sindri,9,1,3,7.5e-4
2025-07-26,4,Ýmir,Sindri,9,2,2,5e-4
2025-07-26,4,Ýmir,Sindri,9,3,2,5e-4
2025-07-26,4,Ýmir,Sindri,11,0,2,5e-4
2025-07-27,1,Fram,Víkingur R.,0,0,117,0.02925
2025-07-27,1,Fram,Víkingur R.,0,1,150,0.0375
2025-07-27,1,Fram,Víkingur R.,0,2,141,0.03525
2025-07-27,1,Fram,Víkingur R.,0,3,85,0.02125
2025-07-27,1,Fram,Víkingur R.,0,4,61,0.01525
2025-07-27,1,Fram,Víkingur R.,0,5,22,0.0055
2025-07-27,1,Fram,Víkingur R.,0,6,8,0.002
2025-07-27,1,Fram,Víkingur R.,0,7,3,7.5e-4
2025-07-27,1,Fram,Víkingur R.,0,8,1,2.5e-4
2025-07-27,1,Fram,Víkingur R.,1,0,156,0.039
2025-07-27,1,Fram,Víkingur R.,1,1,294,0.0735
2025-07-27,1,Fram,Víkingur R.,1,2,263,0.06575
2025-07-27,1,Fram,Víkingur R.,1,3,211,0.05275
2025-07-27,1,Fram,Víkingur R.,1,4,98,0.0245
2025-07-27,1,Fram,Víkingur R.,1,5,41,0.01025
2025-07-27,1,Fram,Víkingur R.,1,6,22,0.0055
2025-07-27,1,Fram,Víkingur R.,1,7,3,7.5e-4
2025-07-27,1,Fram,Víkingur R.,1,8,1,2.5e-4
2025-07-27,1,Fram,Víkingur R.,2,0,146,0.0365
2025-07-27,1,Fram,Víkingur R.,2,1,297,0.07425
2025-07-27,1,Fram,Víkingur R.,2,2,298,0.0745
2025-07-27,1,Fram,Víkingur R.,2,3,198,0.0495
2025-07-27,1,Fram,Víkingur R.,2,4,83,0.02075
2025-07-27,1,Fram,Víkingur R.,2,5,42,0.0105
2025-07-27,1,Fram,Víkingur R.,2,6,26,0.0065
2025-07-27,1,Fram,Víkingur R.,2,7,4,0.001
2025-07-27,1,Fram,Víkingur R.,2,8,1,2.5e-4
2025-07-27,1,Fram,Víkingur R.,3,0,103,0.02575
2025-07-27,1,Fram,Víkingur R.,3,1,165,0.04125
2025-07-27,1,Fram,Víkingur R.,3,2,188,0.047
2025-07-27,1,Fram,Víkingur R.,3,3,115,0.02875
2025-07-27,1,Fram,Víkingur R.,3,4,64,0.016
2025-07-27,1,Fram,Víkingur R.,3,5,25,0.00625
2025-07-27,1,Fram,Víkingur R.,3,6,13,0.00325
2025-07-27,1,Fram,Víkingur R.,3,7,4,0.001
2025-07-27,1,Fram,Víkingur R.,4,0,44,0.011
2025-07-27,1,Fram,Víkingur R.,4,1,79,0.01975
2025-07-27,1,Fram,Víkingur R.,4,2,96,0.024
2025-07-27,1,Fram,Víkingur R.,4,3,52,0.013
2025-07-27,1,Fram,Víkingur R.,4,4,30,0.0075
2025-07-27,1,Fram,Víkingur R.,4,5,13,0.00325
2025-07-27,1,Fram,Víkingur R.,4,6,7,0.00175
2025-07-27,1,Fram,Víkingur R.,4,7,1,2.5e-4
2025-07-27,1,Fram,Víkingur R.,4,8,1,2.5e-4
2025-07-27,1,Fram,Víkingur R.,5,0,14,0.0035
2025-07-27,1,Fram,Víkingur R.,5,1,37,0.00925
2025-07-27,1,Fram,Víkingur R.,5,2,32,0.008
2025-07-27,1,Fram,Víkingur R.,5,3,34,0.0085
2025-07-27,1,Fram,Víkingur R.,5,4,18,0.0045
2025-07-27,1,Fram,Víkingur R.,5,5,6,0.0015
2025-07-27,1,Fram,Víkingur R.,5,6,2,5e-4
2025-07-27,1,Fram,Víkingur R.,5,7,2,5e-4
2025-07-27,1,Fram,Víkingur R.,6,0,6,0.0015
2025-07-27,1,Fram,Víkingur R.,6,1,13,0.00325
2025-07-27,1,Fram,Víkingur R.,6,2,17,0.00425
2025-07-27,1,Fram,Víkingur R.,6,3,7,0.00175
2025-07-27,1,Fram,Víkingur R.,6,4,5,0.00125
2025-07-27,1,Fram,Víkingur R.,6,5,3,7.5e-4
2025-07-27,1,Fram,Víkingur R.,6,6,2,5e-4
2025-07-27,1,Fram,Víkingur R.,7,0,3,7.5e-4
2025-07-27,1,Fram,Víkingur R.,7,1,5,0.00125
2025-07-27,1,Fram,Víkingur R.,7,2,5,0.00125
2025-07-27,1,Fram,Víkingur R.,7,3,7,0.00175
2025-07-27,1,Fram,Víkingur R.,7,4,1,2.5e-4
2025-07-27,1,Fram,Víkingur R.,7,7,1,2.5e-4
2025-07-27,1,Fram,Víkingur R.,8,1,1,2.5e-4
2025-07-27,1,Fram,Víkingur R.,8,2,2,5e-4
2025-07-27,1,Fram,Víkingur R.,8,4,2,5e-4
2025-07-27,1,Fram,Víkingur R.,8,5,1,2.5e-4
2025-07-27,1,Fram,Víkingur R.,8,7,1,2.5e-4
2025-07-27,1,Fram,Víkingur R.,9,2,1,2.5e-4
2025-07-27,1,KA,ÍA,0,0,238,0.0595
2025-07-27,1,KA,ÍA,0,1,386,0.0965
2025-07-27,1,KA,ÍA,0,2,338,0.0845
2025-07-27,1,KA,ÍA,0,3,193,0.04825
2025-07-27,1,KA,ÍA,0,4,80,0.02
2025-07-27,1,KA,ÍA,0,5,33,0.00825
2025-07-27,1,KA,ÍA,0,6,11,0.00275
2025-07-27,1,KA,ÍA,0,7,4,0.001
2025-07-27,1,KA,ÍA,0,8,1,2.5e-4
2025-07-27,1,KA,ÍA,1,0,250,0.0625
2025-07-27,1,KA,ÍA,1,1,423,0.10575
2025-07-27,1,KA,ÍA,1,2,336,0.084
2025-07-27,1,KA,ÍA,1,3,220,0.055
2025-07-27,1,KA,ÍA,1,4,92,0.023
2025-07-27,1,KA,ÍA,1,5,48,0.012
2025-07-27,1,KA,ÍA,1,6,6,0.0015
2025-07-27,1,KA,ÍA,1,7,4,0.001
2025-07-27,1,KA,ÍA,1,8,1,2.5e-4
2025-07-27,1,KA,ÍA,1,9,2,5e-4
2025-07-27,1,KA,ÍA,2,0,162,0.0405
2025-07-27,1,KA,ÍA,2,1,251,0.06275
2025-07-27,1,KA,ÍA,2,2,197,0.04925
2025-07-27,1,KA,ÍA,2,3,138,0.0345
2025-07-27,1,KA,ÍA,2,4,48,0.012
2025-07-27,1,KA,ÍA,2,5,19,0.00475
2025-07-27,1,KA,ÍA,2,6,5,0.00125
2025-07-27,1,KA,ÍA,2,7,3,7.5e-4
2025-07-27,1,KA,ÍA,2,8,1,2.5e-4
2025-07-27,1,KA,ÍA,3,0,71,0.01775
2025-07-27,1,KA,ÍA,3,1,101,0.02525
2025-07-27,1,KA,ÍA,3,2,94,0.0235
2025-07-27,1,KA,ÍA,3,3,40,0.01
2025-07-27,1,KA,ÍA,3,4,18,0.0045
2025-07-27,1,KA,ÍA,3,5,13,0.00325
2025-07-27,1,KA,ÍA,3,6,1,2.5e-4
2025-07-27,1,KA,ÍA,3,8,1,2.5e-4
2025-07-27,1,KA,ÍA,4,0,30,0.0075
2025-07-27,1,KA,ÍA,4,1,41,0.01025
2025-07-27,1,KA,ÍA,4,2,28,0.007
2025-07-27,1,KA,ÍA,4,3,15,0.00375
2025-07-27,1,KA,ÍA,4,4,10,0.0025
2025-07-27,1,KA,ÍA,4,6,1,2.5e-4
2025-07-27,1,KA,ÍA,5,0,4,0.001
2025-07-27,1,KA,ÍA,5,1,8,0.002
2025-07-27,1,KA,ÍA,5,2,9,0.00225
2025-07-27,1,KA,ÍA,5,3,4,0.001
2025-07-27,1,KA,ÍA,5,4,4,0.001
2025-07-27,1,KA,ÍA,5,6,1,2.5e-4
2025-07-27,1,KA,ÍA,6,0,4,0.001
2025-07-27,1,KA,ÍA,6,1,4,0.001
2025-07-27,1,KA,ÍA,6,2,1,2.5e-4
2025-07-27,1,KA,ÍA,6,3,3,7.5e-4
2025-07-27,1,KA,ÍA,7,0,1,2.5e-4
2025-07-27,1,KA,ÍA,7,5,1,2.5e-4
2025-07-27,1,KA,ÍA,8,1,1,2.5e-4
2025-07-27,1,KA,ÍA,8,4,1,2.5e-4
2025-07-27,1,KR,Breiðablik,0,0,166,0.0415
2025-07-27,1,KR,Breiðablik,0,1,172,0.043
2025-07-27,1,KR,Breiðablik,0,2,85,0.02125
2025-07-27,1,KR,Breiðablik,0,3,47,0.01175
2025-07-27,1,KR,Breiðablik,0,4,16,0.004
2025-07-27,1,KR,Breiðablik,0,5,4,0.001
2025-07-27,1,KR,Breiðablik,0,6,1,2.5e-4
2025-07-27,1,KR,Breiðablik,0,7,1,2.5e-4
2025-07-27,1,KR,Breiðablik,1,0,258,0.0645
2025-07-27,1,KR,Breiðablik,1,1,304,0.076
2025-07-27,1,KR,Breiðablik,1,2,220,0.055
2025-07-27,1,KR,Breiðablik,1,3,87,0.02175
2025-07-27,1,KR,Breiðablik,1,4,36,0.009
2025-07-27,1,KR,Breiðablik,1,5,13,0.00325
2025-07-27,1,KR,Breiðablik,1,7,1,2.5e-4
2025-07-27,1,KR,Breiðablik,2,0,286,0.0715
2025-07-27,1,KR,Breiðablik,2,1,339,0.08475
2025-07-27,1,KR,Breiðablik,2,2,234,0.0585
2025-07-27,1,KR,Breiðablik,2,3,114,0.0285
2025-07-27,1,KR,Breiðablik,2,4,47,0.01175
2025-07-27,1,KR,Breiðablik,2,5,11,0.00275
2025-07-27,1,KR,Breiðablik,2,6,7,0.00175
2025-07-27,1,KR,Breiðablik,2,7,1,2.5e-4
2025-07-27,1,KR,Breiðablik,3,0,212,0.053
2025-07-27,1,KR,Breiðablik,3,1,237,0.05925
2025-07-27,1,KR,Breiðablik,3,2,164,0.041
2025-07-27,1,KR,Breiðablik,3,3,85,0.02125
2025-07-27,1,KR,Breiðablik,3,4,29,0.00725
2025-07-27,1,KR,Breiðablik,3,5,6,0.0015
2025-07-27,1,KR,Breiðablik,3,6,3,7.5e-4
2025-07-27,1,KR,Breiðablik,3,7,1,2.5e-4
2025-07-27,1,KR,Breiðablik,4,0,106,0.0265
2025-07-27,1,KR,Breiðablik,4,1,163,0.04075
2025-07-27,1,KR,Breiðablik,4,2,101,0.02525
2025-07-27,1,KR,Breiðablik,4,3,52,0.013
2025-07-27,1,KR,Breiðablik,4,4,27,0.00675
2025-07-27,1,KR,Breiðablik,4,5,6,0.0015
2025-07-27,1,KR,Breiðablik,4,6,2,5e-4
2025-07-27,1,KR,Breiðablik,5,0,53,0.01325
2025-07-27,1,KR,Breiðablik,5,1,61,0.01525
2025-07-27,1,KR,Breiðablik,5,2,49,0.01225
2025-07-27,1,KR,Breiðablik,5,3,24,0.006
2025-07-27,1,KR,Breiðablik,5,4,9,0.00225
2025-07-27,1,KR,Breiðablik,5,5,1,2.5e-4
2025-07-27,1,KR,Breiðablik,5,6,2,5e-4
2025-07-27,1,KR,Breiðablik,6,0,26,0.0065
2025-07-27,1,KR,Breiðablik,6,1,36,0.009
2025-07-27,1,KR,Breiðablik,6,2,25,0.00625
2025-07-27,1,KR,Breiðablik,6,3,6,0.0015
2025-07-27,1,KR,Breiðablik,6,4,4,0.001
2025-07-27,1,KR,Breiðablik,6,5,1,2.5e-4
2025-07-27,1,KR,Breiðablik,7,0,8,0.002
2025-07-27,1,KR,Breiðablik,7,1,9,0.00225
2025-07-27,1,KR,Breiðablik,7,2,16,0.004
2025-07-27,1,KR,Breiðablik,7,3,4,0.001
2025-07-27,1,KR,Breiðablik,7,4,1,2.5e-4
2025-07-27,1,KR,Breiðablik,7,6,1,2.5e-4
2025-07-27,1,KR,Breiðablik,8,0,7,0.00175
2025-07-27,1,KR,Breiðablik,8,1,1,2.5e-4
2025-07-27,1,KR,Breiðablik,8,2,1,2.5e-4
2025-07-27,1,KR,Breiðablik,8,3,1,2.5e-4
2025-07-27,1,KR,Breiðablik,9,1,2,5e-4
2025-07-27,1,KR,Breiðablik,9,2,1,2.5e-4
2025-07-27,1,KR,Breiðablik,9,4,1,2.5e-4
2025-07-27,1,KR,Breiðablik,10,1,3,7.5e-4
2025-07-27,1,KR,Breiðablik,10,2,1,2.5e-4
2025-07-27,1,KR,Breiðablik,11,0,1,2.5e-4
2025-07-27,1,KR,Breiðablik,11,1,1,2.5e-4
2025-07-27,1,Valur,FH,0,0,75,0.01875
2025-07-27,1,Valur,FH,0,1,110,0.0275
2025-07-27,1,Valur,FH,0,2,115,0.02875
2025-07-27,1,Valur,FH,0,3,85,0.02125
2025-07-27,1,Valur,FH,0,4,52,0.013
2025-07-27,1,Valur,FH,0,5,29,0.00725
2025-07-27,1,Valur,FH,0,6,16,0.004
2025-07-27,1,Valur,FH,0,7,2,5e-4
2025-07-27,1,Valur,FH,0,8,1,2.5e-4
2025-07-27,1,Valur,FH,1,0,101,0.02525
2025-07-27,1,Valur,FH,1,1,250,0.0625
2025-07-27,1,Valur,FH,1,2,269,0.06725
2025-07-27,1,Valur,FH,1,3,189,0.04725
2025-07-27,1,Valur,FH,1,4,113,0.02825
2025-07-27,1,Valur,FH,1,5,58,0.0145
2025-07-27,1,Valur,FH,1,6,24,0.006
2025-07-27,1,Valur,FH,1,7,8,0.002
2025-07-27,1,Valur,FH,1,9,5,0.00125
2025-07-27,1,Valur,FH,1,11,1,2.5e-4
2025-07-27,1,Valur,FH,2,0,127,0.03175
2025-07-27,1,Valur,FH,2,1,269,0.06725
2025-07-27,1,Valur,FH,2,2,278,0.0695
2025-07-27,1,Valur,FH,2,3,172,0.043
2025-07-27,1,Valur,FH,2,4,117,0.02925
2025-07-27,1,Valur,FH,2,5,44,0.011
2025-07-27,1,Valur,FH,2,6,22,0.0055
2025-07-27,1,Valur,FH,2,7,13,0.00325
2025-07-27,1,Valur,FH,2,8,4,0.001
2025-07-27,1,Valur,FH,3,0,68,0.017
2025-07-27,1,Valur,FH,3,1,206,0.0515
2025-07-27,1,Valur,FH,3,2,176,0.044
2025-07-27,1,Valur,FH,3,3,147,0.03675
2025-07-27,1,Valur,FH,3,4,84,0.021
2025-07-27,1,Valur,FH,3,5,35,0.00875
2025-07-27,1,Valur,FH,3,6,19,0.00475
2025-07-27,1,Valur,FH,3,7,10,0.0025
2025-07-27,1,Valur,FH,3,8,1,2.5e-4
2025-07-27,1,Valur,FH,3,9,2,5e-4
2025-07-27,1,Valur,FH,3,10,1,2.5e-4
2025-07-27,1,Valur,FH,4,0,42,0.0105
2025-07-27,1,Valur,FH,4,1,87,0.02175
2025-07-27,1,Valur,FH,4,2,100,0.025
2025-07-27,1,Valur,FH,4,3,92,0.023
2025-07-27,1,Valur,FH,4,4,53,0.01325
2025-07-27,1,Valur,FH,4,5,22,0.0055
2025-07-27,1,Valur,FH,4,6,11,0.00275
2025-07-27,1,Valur,FH,4,7,8,0.002
2025-07-27,1,Valur,FH,4,8,1,2.5e-4
2025-07-27,1,Valur,FH,5,0,23,0.00575
2025-07-27,1,Valur,FH,5,1,42,0.0105
2025-07-27,1,Valur,FH,5,2,41,0.01025
2025-07-27,1,Valur,FH,5,3,27,0.00675
2025-07-27,1,Valur,FH,5,4,18,0.0045
2025-07-27,1,Valur,FH,5,5,9,0.00225
2025-07-27,1,Valur,FH,5,6,8,0.002
2025-07-27,1,Valur,FH,5,7,1,2.5e-4
2025-07-27,1,Valur,FH,5,8,1,2.5e-4
2025-07-27,1,Valur,FH,6,0,8,0.002
2025-07-27,1,Valur,FH,6,1,22,0.0055
2025-07-27,1,Valur,FH,6,2,16,0.004
2025-07-27,1,Valur,FH,6,3,12,0.003
2025-07-27,1,Valur,FH,6,4,13,0.00325
2025-07-27,1,Valur,FH,6,5,10,0.0025
2025-07-27,1,Valur,FH,6,6,3,7.5e-4
2025-07-27,1,Valur,FH,6,7,2,5e-4
2025-07-27,1,Valur,FH,6,8,1,2.5e-4
2025-07-27,1,Valur,FH,7,0,1,2.5e-4
2025-07-27,1,Valur,FH,7,1,3,7.5e-4
2025-07-27,1,Valur,FH,7,2,4,0.001
2025-07-27,1,Valur,FH,7,3,3,7.5e-4
2025-07-27,1,Valur,FH,7,4,4,0.001
2025-07-27,1,Valur,FH,7,6,2,5e-4
2025-07-27,1,Valur,FH,7,7,1,2.5e-4
2025-07-27,1,Valur,FH,8,0,2,5e-4
2025-07-27,1,Valur,FH,8,1,2,5e-4
2025-07-27,1,Valur,FH,8,2,3,7.5e-4
2025-07-27,1,Valur,FH,8,3,1,2.5e-4
2025-07-27,1,Valur,FH,9,2,1,2.5e-4
2025-07-27,1,Valur,FH,10,1,1,2.5e-4
2025-07-27,1,Valur,FH,12,2,1,2.5e-4
2025-07-27,1,Vestri,ÍBV,0,0,185,0.04625
2025-07-27,1,Vestri,ÍBV,0,1,213,0.05325
2025-07-27,1,Vestri,ÍBV,0,2,155,0.03875
2025-07-27,1,Vestri,ÍBV,0,3,80,0.02
2025-07-27,1,Vestri,ÍBV,0,4,29,0.00725
2025-07-27,1,Vestri,ÍBV,0,5,9,0.00225
2025-07-27,1,Vestri,ÍBV,0,6,3,7.5e-4
2025-07-27,1,Vestri,ÍBV,1,0,288,0.072
2025-07-27,1,Vestri,ÍBV,1,1,380,0.095
2025-07-27,1,Vestri,ÍBV,1,2,274,0.0685
2025-07-27,1,Vestri,ÍBV,1,3,134,0.0335
2025-07-27,1,Vestri,ÍBV,1,4,55,0.01375
2025-07-27,1,Vestri,ÍBV,1,5,20,0.005
2025-07-27,1,Vestri,ÍBV,1,6,5,0.00125
2025-07-27,1,Vestri,ÍBV,1,7,3,7.5e-4
2025-07-27,1,Vestri,ÍBV,2,0,245,0.06125
2025-07-27,1,Vestri,ÍBV,2,1,337,0.08425
2025-07-27,1,Vestri,ÍBV,2,2,238,0.0595
2025-07-27,1,Vestri,ÍBV,2,3,128,0.032
2025-07-27,1,Vestri,ÍBV,2,4,50,0.0125
2025-07-27,1,Vestri,ÍBV,2,5,19,0.00475
2025-07-27,1,Vestri,ÍBV,2,6,5,0.00125
2025-07-27,1,Vestri,ÍBV,2,7,1,2.5e-4
2025-07-27,1,Vestri,ÍBV,3,0,142,0.0355
2025-07-27,1,Vestri,ÍBV,3,1,195,0.04875
2025-07-27,1,Vestri,ÍBV,3,2,147,0.03675
2025-07-27,1,Vestri,ÍBV,3,3,89,0.02225
2025-07-27,1,Vestri,ÍBV,3,4,34,0.0085
2025-07-27,1,Vestri,ÍBV,3,5,20,0.005
2025-07-27,1,Vestri,ÍBV,3,6,7,0.00175
2025-07-27,1,Vestri,ÍBV,4,0,78,0.0195
2025-07-27,1,Vestri,ÍBV,4,1,115,0.02875
2025-07-27,1,Vestri,ÍBV,4,2,69,0.01725
2025-07-27,1,Vestri,ÍBV,4,3,39,0.00975
2025-07-27,1,Vestri,ÍBV,4,4,11,0.00275
2025-07-27,1,Vestri,ÍBV,4,5,6,0.0015
2025-07-27,1,Vestri,ÍBV,4,6,1,2.5e-4
2025-07-27,1,Vestri,ÍBV,4,7,1,2.5e-4
2025-07-27,1,Vestri,ÍBV,4,8,1,2.5e-4
2025-07-27,1,Vestri,ÍBV,5,0,22,0.0055
2025-07-27,1,Vestri,ÍBV,5,1,45,0.01125
2025-07-27,1,Vestri,ÍBV,5,2,16,0.004
2025-07-27,1,Vestri,ÍBV,5,3,11,0.00275
2025-07-27,1,Vestri,ÍBV,5,4,8,0.002
2025-07-27,1,Vestri,ÍBV,5,5,7,0.00175
2025-07-27,1,Vestri,ÍBV,5,6,1,2.5e-4
2025-07-27,1,Vestri,ÍBV,5,7,1,2.5e-4
2025-07-27,1,Vestri,ÍBV,5,8,1,2.5e-4
2025-07-27,1,Vestri,ÍBV,6,0,14,0.0035
2025-07-27,1,Vestri,ÍBV,6,1,25,0.00625
2025-07-27,1,Vestri,ÍBV,6,2,9,0.00225
2025-07-27,1,Vestri,ÍBV,6,3,8,0.002
2025-07-27,1,Vestri,ÍBV,6,4,4,0.001
2025-07-27,1,Vestri,ÍBV,6,5,2,5e-4
2025-07-27,1,Vestri,ÍBV,6,7,1,2.5e-4
2025-07-27,1,Vestri,ÍBV,7,0,1,2.5e-4
2025-07-27,1,Vestri,ÍBV,7,1,2,5e-4
2025-07-27,1,Vestri,ÍBV,7,2,5,0.00125
2025-07-27,1,Vestri,ÍBV,7,3,2,5e-4
2025-07-27,1,Vestri,ÍBV,7,4,1,2.5e-4
2025-07-27,1,Vestri,ÍBV,8,0,1,2.5e-4
2025-07-27,1,Vestri,ÍBV,8,1,1,2.5e-4
2025-07-27,1,Vestri,ÍBV,8,3,1,2.5e-4
2025-07-28,1,Stjarnan,Afturelding,0,0,212,0.053
2025-07-28,1,Stjarnan,Afturelding,0,1,338,0.0845
2025-07-28,1,Stjarnan,Afturelding,0,2,264,0.066
2025-07-28,1,Stjarnan,Afturelding,0,3,183,0.04575
2025-07-28,1,Stjarnan,Afturelding,0,4,85,0.02125
2025-07-28,1,Stjarnan,Afturelding,0,5,26,0.0065
2025-07-28,1,Stjarnan,Afturelding,0,6,19,0.00475
2025-07-28,1,Stjarnan,Afturelding,0,7,3,7.5e-4
2025-07-28,1,Stjarnan,Afturelding,1,0,252,0.063
2025-07-28,1,Stjarnan,Afturelding,1,1,430,0.1075
2025-07-28,1,Stjarnan,Afturelding,1,2,355,0.08875
2025-07-28,1,Stjarnan,Afturelding,1,3,212,0.053
2025-07-28,1,Stjarnan,Afturelding,1,4,116,0.029
2025-07-28,1,Stjarnan,Afturelding,1,5,38,0.0095
2025-07-28,1,Stjarnan,Afturelding,1,6,10,0.0025
2025-07-28,1,Stjarnan,Afturelding,1,7,2,5e-4
2025-07-28,1,Stjarnan,Afturelding,1,8,4,0.001
2025-07-28,1,Stjarnan,Afturelding,2,0,138,0.0345
2025-07-28,1,Stjarnan,Afturelding,2,1,273,0.06825
2025-07-28,1,Stjarnan,Afturelding,2,2,226,0.0565
2025-07-28,1,Stjarnan,Afturelding,2,3,129,0.03225
2025-07-28,1,Stjarnan,Afturelding,2,4,62,0.0155
2025-07-28,1,Stjarnan,Afturelding,2,5,22,0.0055
2025-07-28,1,Stjarnan,Afturelding,2,6,8,0.002
2025-07-28,1,Stjarnan,Afturelding,2,7,4,0.001
2025-07-28,1,Stjarnan,Afturelding,2,8,1,2.5e-4
2025-07-28,1,Stjarnan,Afturelding,2,9,2,5e-4
2025-07-28,1,Stjarnan,Afturelding,3,0,60,0.015
2025-07-28,1,Stjarnan,Afturelding,3,1,109,0.02725
2025-07-28,1,Stjarnan,Afturelding,3,2,92,0.023
2025-07-28,1,Stjarnan,Afturelding,3,3,83,0.02075
2025-07-28,1,Stjarnan,Afturelding,3,4,32,0.008
2025-07-28,1,Stjarnan,Afturelding,3,5,17,0.00425
2025-07-28,1,Stjarnan,Afturelding,3,6,9,0.00225
2025-07-28,1,Stjarnan,Afturelding,3,7,2,5e-4
2025-07-28,1,Stjarnan,Afturelding,4,0,16,0.004
2025-07-28,1,Stjarnan,Afturelding,4,1,43,0.01075
2025-07-28,1,Stjarnan,Afturelding,4,2,33,0.00825
2025-07-28,1,Stjarnan,Afturelding,4,3,19,0.00475
2025-07-28,1,Stjarnan,Afturelding,4,4,8,0.002
2025-07-28,1,Stjarnan,Afturelding,4,5,7,0.00175
2025-07-28,1,Stjarnan,Afturelding,4,6,1,2.5e-4
2025-07-28,1,Stjarnan,Afturelding,4,7,3,7.5e-4
2025-07-28,1,Stjarnan,Afturelding,5,0,9,0.00225
2025-07-28,1,Stjarnan,Afturelding,5,1,14,0.0035
2025-07-28,1,Stjarnan,Afturelding,5,2,10,0.0025
2025-07-28,1,Stjarnan,Afturelding,5,3,4,0.001
2025-07-28,1,Stjarnan,Afturelding,5,4,4,0.001
2025-07-28,1,Stjarnan,Afturelding,5,5,2,5e-4
2025-07-28,1,Stjarnan,Afturelding,6,0,4,0.001
2025-07-28,1,Stjarnan,Afturelding,6,3,4,0.001
2025-07-28,1,Stjarnan,Afturelding,6,5,1,2.5e-4
2025-08-02,1,ÍBV,KR,0,0,84,0.021
2025-08-02,1,ÍBV,KR,0,1,192,0.048
2025-08-02,1,ÍBV,KR,0,2,232,0.058
2025-08-02,1,ÍBV,KR,0,3,161,0.04025
2025-08-02,1,ÍBV,KR,0,4,90,0.0225
2025-08-02,1,ÍBV,KR,0,5,56,0.014
2025-08-02,1,ÍBV,KR,0,6,32,0.008
2025-08-02,1,ÍBV,KR,0,7,5,0.00125
2025-08-02,1,ÍBV,KR,0,8,4,0.001
2025-08-02,1,ÍBV,KR,0,9,2,5e-4
2025-08-02,1,ÍBV,KR,1,0,114,0.0285
2025-08-02,1,ÍBV,KR,1,1,245,0.06125
2025-08-02,1,ÍBV,KR,1,2,304,0.076
2025-08-02,1,ÍBV,KR,1,3,262,0.0655
2025-08-02,1,ÍBV,KR,1,4,183,0.04575
2025-08-02,1,ÍBV,KR,1,5,100,0.025
2025-08-02,1,ÍBV,KR,1,6,41,0.01025
2025-08-02,1,ÍBV,KR,1,7,16,0.004
2025-08-02,1,ÍBV,KR,1,8,6,0.0015
2025-08-02,1,ÍBV,KR,1,9,3,7.5e-4
2025-08-02,1,ÍBV,KR,1,10,1,2.5e-4
2025-08-02,1,ÍBV,KR,2,0,99,0.02475
2025-08-02,1,ÍBV,KR,2,1,203,0.05075
2025-08-02,1,ÍBV,KR,2,2,256,0.064
2025-08-02,1,ÍBV,KR,2,3,185,0.04625
2025-08-02,1,ÍBV,KR,2,4,120,0.03
2025-08-02,1,ÍBV,KR,2,5,71,0.01775
2025-08-02,1,ÍBV,KR,2,6,31,0.00775
2025-08-02,1,ÍBV,KR,2,7,16,0.004
2025-08-02,1,ÍBV,KR,2,8,6,0.0015
2025-08-02,1,ÍBV,KR,2,9,3,7.5e-4
2025-08-02,1,ÍBV,KR,3,0,47,0.01175
2025-08-02,1,ÍBV,KR,3,1,96,0.024
2025-08-02,1,ÍBV,KR,3,2,130,0.0325
2025-08-02,1,ÍBV,KR,3,3,117,0.02925
2025-08-02,1,ÍBV,KR,3,4,75,0.01875
2025-08-02,1,ÍBV,KR,3,5,38,0.0095
2025-08-02,1,ÍBV,KR,3,6,16,0.004
2025-08-02,1,ÍBV,KR,3,7,7,0.00175
2025-08-02,1,ÍBV,KR,3,9,3,7.5e-4
2025-08-02,1,ÍBV,KR,4,0,24,0.006
2025-08-02,1,ÍBV,KR,4,1,49,0.01225
2025-08-02,1,ÍBV,KR,4,2,61,0.01525
2025-08-02,1,ÍBV,KR,4,3,48,0.012
2025-08-02,1,ÍBV,KR,4,4,37,0.00925
2025-08-02,1,ÍBV,KR,4,5,16,0.004
2025-08-02,1,ÍBV,KR,4,6,8,0.002
2025-08-02,1,ÍBV,KR,4,7,4,0.001
2025-08-02,1,ÍBV,KR,4,10,1,2.5e-4
2025-08-02,1,ÍBV,KR,5,0,8,0.002
2025-08-02,1,ÍBV,KR,5,1,12,0.003
2025-08-02,1,ÍBV,KR,5,2,18,0.0045
2025-08-02,1,ÍBV,KR,5,3,13,0.00325
2025-08-02,1,ÍBV,KR,5,4,11,0.00275
2025-08-02,1,ÍBV,KR,5,5,2,5e-4
2025-08-02,1,ÍBV,KR,5,6,2,5e-4
2025-08-02,1,ÍBV,KR,6,0,3,7.5e-4
2025-08-02,1,ÍBV,KR,6,1,3,7.5e-4
2025-08-02,1,ÍBV,KR,6,2,9,0.00225
2025-08-02,1,ÍBV,KR,6,3,4,0.001
2025-08-02,1,ÍBV,KR,6,4,2,5e-4
2025-08-02,1,ÍBV,KR,6,5,3,7.5e-4
2025-08-02,1,ÍBV,KR,6,6,2,5e-4
2025-08-02,1,ÍBV,KR,7,1,2,5e-4
2025-08-02,1,ÍBV,KR,7,2,2,5e-4
2025-08-02,1,ÍBV,KR,7,5,2,5e-4
2025-08-02,1,ÍBV,KR,7,6,1,2.5e-4
2025-08-02,1,ÍBV,KR,8,3,1,2.5e-4
2025-08-05,1,Breiðablik,KA,0,0,212,0.053
2025-08-05,1,Breiðablik,KA,0,1,208,0.052
2025-08-05,1,Breiðablik,KA,0,2,177,0.04425
2025-08-05,1,Breiðablik,KA,0,3,76,0.019
2025-08-05,1,Breiðablik,KA,0,4,32,0.008
2025-08-05,1,Breiðablik,KA,0,5,13,0.00325
2025-08-05,1,Breiðablik,KA,0,6,4,0.001
2025-08-05,1,Breiðablik,KA,0,7,1,2.5e-4
2025-08-05,1,Breiðablik,KA,1,0,302,0.0755
2025-08-05,1,Breiðablik,KA,1,1,436,0.109
2025-08-05,1,Breiðablik,KA,1,2,307,0.07675
2025-08-05,1,Breiðablik,KA,1,3,134,0.0335
2025-08-05,1,Breiðablik,KA,1,4,42,0.0105
2025-08-05,1,Breiðablik,KA,1,5,18,0.0045
2025-08-05,1,Breiðablik,KA,1,6,4,0.001
2025-08-05,1,Breiðablik,KA,1,7,1,2.5e-4
2025-08-05,1,Breiðablik,KA,2,0,253,0.06325
2025-08-05,1,Breiðablik,KA,2,1,317,0.07925
2025-08-05,1,Breiðablik,KA,2,2,284,0.071
2025-08-05,1,Breiðablik,KA,2,3,101,0.02525
2025-08-05,1,Breiðablik,KA,2,4,52,0.013
2025-08-05,1,Breiðablik,KA,2,5,17,0.00425
2025-08-05,1,Breiðablik,KA,2,6,6,0.0015
2025-08-05,1,Breiðablik,KA,2,7,4,0.001
2025-08-05,1,Breiðablik,KA,3,0,149,0.03725
2025-08-05,1,Breiðablik,KA,3,1,197,0.04925
2025-08-05,1,Breiðablik,KA,3,2,120,0.03
2025-08-05,1,Breiðablik,KA,3,3,65,0.01625
2025-08-05,1,Breiðablik,KA,3,4,20,0.005
2025-08-05,1,Breiðablik,KA,3,5,13,0.00325
2025-08-05,1,Breiðablik,KA,3,6,4,0.001
2025-08-05,1,Breiðablik,KA,4,0,74,0.0185
2025-08-05,1,Breiðablik,KA,4,1,98,0.0245
2025-08-05,1,Breiðablik,KA,4,2,62,0.0155
2025-08-05,1,Breiðablik,KA,4,3,30,0.0075
2025-08-05,1,Breiðablik,KA,4,4,14,0.0035
2025-08-05,1,Breiðablik,KA,4,5,7,0.00175
2025-08-05,1,Breiðablik,KA,4,6,2,5e-4
2025-08-05,1,Breiðablik,KA,5,0,28,0.007
2025-08-05,1,Breiðablik,KA,5,1,23,0.00575
2025-08-05,1,Breiðablik,KA,5,2,23,0.00575
2025-08-05,1,Breiðablik,KA,5,3,18,0.0045
2025-08-05,1,Breiðablik,KA,5,4,8,0.002
2025-08-05,1,Breiðablik,KA,5,5,1,2.5e-4
2025-08-05,1,Breiðablik,KA,6,0,3,7.5e-4
2025-08-05,1,Breiðablik,KA,6,1,10,0.0025
2025-08-05,1,Breiðablik,KA,6,2,7,0.00175
2025-08-05,1,Breiðablik,KA,6,3,5,0.00125
2025-08-05,1,Breiðablik,KA,6,4,1,2.5e-4
2025-08-05,1,Breiðablik,KA,6,5,1,2.5e-4
2025-08-05,1,Breiðablik,KA,7,0,3,7.5e-4
2025-08-05,1,Breiðablik,KA,7,1,2,5e-4
2025-08-05,1,Breiðablik,KA,7,2,4,0.001
2025-08-05,1,Breiðablik,KA,7,3,2,5e-4
2025-08-05,1,Breiðablik,KA,8,0,1,2.5e-4
2025-08-05,1,Breiðablik,KA,8,1,1,2.5e-4
2025-08-05,1,Breiðablik,KA,8,2,1,2.5e-4
2025-08-05,1,Breiðablik,KA,8,8,1,2.5e-4
2025-08-05,1,Breiðablik,KA,9,4,1,2.5e-4
2025-08-05,1,FH,Víkingur R.,0,0,162,0.0405
2025-08-05,1,FH,Víkingur R.,0,1,112,0.028
2025-08-05,1,FH,Víkingur R.,0,2,54,0.0135
2025-08-05,1,FH,Víkingur R.,0,3,19,0.00475
2025-08-05,1,FH,Víkingur R.,0,4,6,0.0015
2025-08-05,1,FH,Víkingur R.,0,6,2,5e-4
2025-08-05,1,FH,Víkingur R.,1,0,323,0.08075
2025-08-05,1,FH,Víkingur R.,1,1,294,0.0735
2025-08-05,1,FH,Víkingur R.,1,2,149,0.03725
2025-08-05,1,FH,Víkingur R.,1,3,49,0.01225
2025-08-05,1,FH,Víkingur R.,1,4,11,0.00275
2025-08-05,1,FH,Víkingur R.,1,5,5,0.00125
2025-08-05,1,FH,Víkingur R.,1,6,1,2.5e-4
2025-08-05,1,FH,Víkingur R.,2,0,405,0.10125
2025-08-05,1,FH,Víkingur R.,2,1,364,0.091
2025-08-05,1,FH,Víkingur R.,2,2,160,0.04
2025-08-05,1,FH,Víkingur R.,2,3,46,0.0115
2025-08-05,1,FH,Víkingur R.,2,4,14,0.0035
2025-08-05,1,FH,Víkingur R.,2,5,3,7.5e-4
2025-08-05,1,FH,Víkingur R.,2,6,1,2.5e-4
2025-08-05,1,FH,Víkingur R.,3,0,307,0.07675
2025-08-05,1,FH,Víkingur R.,3,1,277,0.06925
2025-08-05,1,FH,Víkingur R.,3,2,136,0.034
2025-08-05,1,FH,Víkingur R.,3,3,51,0.01275
2025-08-05,1,FH,Víkingur R.,3,4,13,0.00325
2025-08-05,1,FH,Víkingur R.,3,5,4,0.001
2025-08-05,1,FH,Víkingur R.,4,0,220,0.055
2025-08-05,1,FH,Víkingur R.,4,1,205,0.05125
2025-08-05,1,FH,Víkingur R.,4,2,79,0.01975
2025-08-05,1,FH,Víkingur R.,4,3,28,0.007
2025-08-05,1,FH,Víkingur R.,4,4,2,5e-4
2025-08-05,1,FH,Víkingur R.,5,0,92,0.023
2025-08-05,1,FH,Víkingur R.,5,1,105,0.02625
2025-08-05,1,FH,Víkingur R.,5,2,53,0.01325
2025-08-05,1,FH,Víkingur R.,5,3,18,0.0045
2025-08-05,1,FH,Víkingur R.,5,4,4,0.001
2025-08-05,1,FH,Víkingur R.,5,5,2,5e-4
2025-08-05,1,FH,Víkingur R.,6,0,49,0.01225
2025-08-05,1,FH,Víkingur R.,6,1,49,0.01225
2025-08-05,1,FH,Víkingur R.,6,2,18,0.0045
2025-08-05,1,FH,Víkingur R.,6,3,12,0.003
2025-08-05,1,FH,Víkingur R.,6,4,1,2.5e-4
2025-08-05,1,FH,Víkingur R.,7,0,21,0.00525
2025-08-05,1,FH,Víkingur R.,7,1,25,0.00625
2025-08-05,1,FH,Víkingur R.,7,2,9,0.00225
2025-08-05,1,FH,Víkingur R.,7,3,7,0.00175
2025-08-05,1,FH,Víkingur R.,7,4,2,5e-4
2025-08-05,1,FH,Víkingur R.,8,0,8,0.002
2025-08-05,1,FH,Víkingur R.,8,1,3,7.5e-4
2025-08-05,1,FH,Víkingur R.,8,2,4,0.001
2025-08-05,1,FH,Víkingur R.,8,5,1,2.5e-4
2025-08-05,1,FH,Víkingur R.,9,0,5,0.00125
2025-08-05,1,FH,Víkingur R.,9,1,2,5e-4
2025-08-05,1,FH,Víkingur R.,9,2,1,2.5e-4
2025-08-05,1,FH,Víkingur R.,9,3,2,5e-4
2025-08-05,1,FH,Víkingur R.,10,0,1,2.5e-4
2025-08-05,1,FH,Víkingur R.,10,1,1,2.5e-4
2025-08-05,1,FH,Víkingur R.,10,2,2,5e-4
2025-08-05,1,FH,Víkingur R.,11,1,1,2.5e-4
2025-08-05,1,ÍA,Valur,0,0,416,0.104
2025-08-05,1,ÍA,Valur,0,1,329,0.08225
2025-08-05,1,ÍA,Valur,0,2,178,0.0445
2025-08-05,1,ÍA,Valur,0,3,77,0.01925
2025-08-05,1,ÍA,Valur,0,4,15,0.00375
2025-08-05,1,ÍA,Valur,0,5,5,0.00125
2025-08-05,1,ÍA,Valur,0,7,1,2.5e-4
2025-08-05,1,ÍA,Valur,1,0,507,0.12675
2025-08-05,1,ÍA,Valur,1,1,472,0.118
2025-08-05,1,ÍA,Valur,1,2,221,0.05525
2025-08-05,1,ÍA,Valur,1,3,92,0.023
2025-08-05,1,ÍA,Valur,1,4,16,0.004
2025-08-05,1,ÍA,Valur,1,5,4,0.001
2025-08-05,1,ÍA,Valur,1,7,1,2.5e-4
2025-08-05,1,ÍA,Valur,2,0,347,0.08675
2025-08-05,1,ÍA,Valur,2,1,343,0.08575
2025-08-05,1,ÍA,Valur,2,2,190,0.0475
2025-08-05,1,ÍA,Valur,2,3,53,0.01325
2025-08-05,1,ÍA,Valur,2,4,20,0.005
2025-08-05,1,ÍA,Valur,2,5,5,0.00125
2025-08-05,1,ÍA,Valur,3,0,145,0.03625
2025-08-05,1,ÍA,Valur,3,1,151,0.03775
2025-08-05,1,ÍA,Valur,3,2,92,0.023
2025-08-05,1,ÍA,Valur,3,3,34,0.0085
2025-08-05,1,ÍA,Valur,3,4,5,0.00125
2025-08-05,1,ÍA,Valur,3,5,1,2.5e-4
2025-08-05,1,ÍA,Valur,4,0,69,0.01725
2025-08-05,1,ÍA,Valur,4,1,70,0.0175
2025-08-05,1,ÍA,Valur,4,2,35,0.00875
2025-08-05,1,ÍA,Valur,4,3,15,0.00375
2025-08-05,1,ÍA,Valur,4,4,10,0.0025
2025-08-05,1,ÍA,Valur,4,5,1,2.5e-4
2025-08-05,1,ÍA,Valur,5,0,17,0.00425
2025-08-05,1,ÍA,Valur,5,1,21,0.00525
2025-08-05,1,ÍA,Valur,5,2,12,0.003
2025-08-05,1,ÍA,Valur,5,3,7,0.00175
2025-08-05,1,ÍA,Valur,5,4,3,7.5e-4
2025-08-05,1,ÍA,Valur,5,5,1,2.5e-4
2025-08-05,1,ÍA,Valur,6,0,3,7.5e-4
2025-08-05,1,ÍA,Valur,6,1,5,0.00125
2025-08-05,1,ÍA,Valur,6,2,2,5e-4
2025-08-05,1,ÍA,Valur,6,3,2,5e-4
2025-08-05,1,ÍA,Valur,6,4,1,2.5e-4
2025-08-05,1,ÍA,Valur,7,0,1,2.5e-4
2025-08-05,1,ÍA,Valur,7,1,1,2.5e-4
2025-08-05,1,ÍA,Valur,7,2,2,5e-4
2025-08-05,1,ÍA,Valur,8,0,1,2.5e-4
2025-08-05,1,ÍA,Valur,8,2,1,2.5e-4
2025-08-06,1,Afturelding,Vestri,0,0,496,0.124
2025-08-06,1,Afturelding,Vestri,0,1,437,0.10925
2025-08-06,1,Afturelding,Vestri,0,2,243,0.06075
2025-08-06,1,Afturelding,Vestri,0,3,87,0.02175
2025-08-06,1,Afturelding,Vestri,0,4,22,0.0055
2025-08-06,1,Afturelding,Vestri,0,5,6,0.0015
2025-08-06,1,Afturelding,Vestri,0,6,1,2.5e-4
2025-08-06,1,Afturelding,Vestri,0,7,1,2.5e-4
2025-08-06,1,Afturelding,Vestri,1,0,511,0.12775
2025-08-06,1,Afturelding,Vestri,1,1,504,0.126
2025-08-06,1,Afturelding,Vestri,1,2,283,0.07075
2025-08-06,1,Afturelding,Vestri,1,3,104,0.026
2025-08-06,1,Afturelding,Vestri,1,4,21,0.00525
2025-08-06,1,Afturelding,Vestri,1,5,8,0.002
2025-08-06,1,Afturelding,Vestri,1,6,1,2.5e-4
2025-08-06,1,Afturelding,Vestri,2,0,279,0.06975
2025-08-06,1,Afturelding,Vestri,2,1,277,0.06925
2025-08-06,1,Afturelding,Vestri,2,2,185,0.04625
2025-08-06,1,Afturelding,Vestri,2,3,62,0.0155
2025-08-06,1,Afturelding,Vestri,2,4,19,0.00475
2025-08-06,1,Afturelding,Vestri,2,5,5,0.00125
2025-08-06,1,Afturelding,Vestri,3,0,125,0.03125
2025-08-06,1,Afturelding,Vestri,3,1,99,0.02475
2025-08-06,1,Afturelding,Vestri,3,2,76,0.019
2025-08-06,1,Afturelding,Vestri,3,3,20,0.005
2025-08-06,1,Afturelding,Vestri,3,4,8,0.002
2025-08-06,1,Afturelding,Vestri,3,5,2,5e-4
2025-08-06,1,Afturelding,Vestri,3,6,2,5e-4
2025-08-06,1,Afturelding,Vestri,4,0,39,0.00975
2025-08-06,1,Afturelding,Vestri,4,1,20,0.005
2025-08-06,1,Afturelding,Vestri,4,2,14,0.0035
2025-08-06,1,Afturelding,Vestri,4,3,6,0.0015
2025-08-06,1,Afturelding,Vestri,4,4,4,0.001
2025-08-06,1,Afturelding,Vestri,4,5,1,2.5e-4
2025-08-06,1,Afturelding,Vestri,4,6,1,2.5e-4
2025-08-06,1,Afturelding,Vestri,5,0,6,0.0015
2025-08-06,1,Afturelding,Vestri,5,1,3,7.5e-4
2025-08-06,1,Afturelding,Vestri,5,2,7,0.00175
2025-08-06,1,Afturelding,Vestri,5,3,4,0.001
2025-08-06,1,Afturelding,Vestri,5,5,2,5e-4
2025-08-06,1,Afturelding,Vestri,6,0,2,5e-4
2025-08-06,1,Afturelding,Vestri,6,1,2,5e-4
2025-08-06,1,Afturelding,Vestri,6,3,1,2.5e-4
2025-08-06,1,Afturelding,Vestri,7,0,2,5e-4
2025-08-06,1,Afturelding,Vestri,7,2,1,2.5e-4
2025-08-06,1,Afturelding,Vestri,7,7,1,2.5e-4
2025-08-06,1,Fram,Stjarnan,0,0,255,0.06375
2025-08-06,1,Fram,Stjarnan,0,1,301,0.07525
2025-08-06,1,Fram,Stjarnan,0,2,194,0.0485
2025-08-06,1,Fram,Stjarnan,0,3,86,0.0215
2025-08-06,1,Fram,Stjarnan,0,4,34,0.0085
2025-08-06,1,Fram,Stjarnan,0,5,8,0.002
2025-08-06,1,Fram,Stjarnan,0,6,2,5e-4
2025-08-06,1,Fram,Stjarnan,0,8,1,2.5e-4
2025-08-06,1,Fram,Stjarnan,1,0,342,0.0855
2025-08-06,1,Fram,Stjarnan,1,1,431,0.10775
2025-08-06,1,Fram,Stjarnan,1,2,289,0.07225
2025-08-06,1,Fram,Stjarnan,1,3,103,0.02575
2025-08-06,1,Fram,Stjarnan,1,4,56,0.014
2025-08-06,1,Fram,Stjarnan,1,5,14,0.0035
2025-08-06,1,Fram,Stjarnan,1,6,5,0.00125
2025-08-06,1,Fram,Stjarnan,1,7,1,2.5e-4
2025-08-06,1,Fram,Stjarnan,2,0,241,0.06025
2025-08-06,1,Fram,Stjarnan,2,1,335,0.08375
2025-08-06,1,Fram,Stjarnan,2,2,249,0.06225
2025-08-06,1,Fram,Stjarnan,2,3,105,0.02625
2025-08-06,1,Fram,Stjarnan,2,4,44,0.011
2025-08-06,1,Fram,Stjarnan,2,5,14,0.0035
2025-08-06,1,Fram,Stjarnan,2,6,3,7.5e-4
2025-08-06,1,Fram,Stjarnan,2,7,1,2.5e-4
2025-08-06,1,Fram,Stjarnan,3,0,136,0.034
2025-08-06,1,Fram,Stjarnan,3,1,178,0.0445
2025-08-06,1,Fram,Stjarnan,3,2,122,0.0305
2025-08-06,1,Fram,Stjarnan,3,3,62,0.0155
2025-08-06,1,Fram,Stjarnan,3,4,31,0.00775
2025-08-06,1,Fram,Stjarnan,3,5,6,0.0015
2025-08-06,1,Fram,Stjarnan,3,6,3,7.5e-4
2025-08-06,1,Fram,Stjarnan,3,7,1,2.5e-4
2025-08-06,1,Fram,Stjarnan,4,0,61,0.01525
2025-08-06,1,Fram,Stjarnan,4,1,75,0.01875
2025-08-06,1,Fram,Stjarnan,4,2,59,0.01475
2025-08-06,1,Fram,Stjarnan,4,3,28,0.007
2025-08-06,1,Fram,Stjarnan,4,4,18,0.0045
2025-08-06,1,Fram,Stjarnan,4,5,2,5e-4
2025-08-06,1,Fram,Stjarnan,4,8,1,2.5e-4
2025-08-06,1,Fram,Stjarnan,5,0,17,0.00425
2025-08-06,1,Fram,Stjarnan,5,1,29,0.00725
2025-08-06,1,Fram,Stjarnan,5,2,19,0.00475
2025-08-06,1,Fram,Stjarnan,5,3,8,0.002
2025-08-06,1,Fram,Stjarnan,5,4,7,0.00175
2025-08-06,1,Fram,Stjarnan,5,5,1,2.5e-4
2025-08-06,1,Fram,Stjarnan,6,0,5,0.00125
2025-08-06,1,Fram,Stjarnan,6,1,3,7.5e-4
2025-08-06,1,Fram,Stjarnan,6,2,5,0.00125
2025-08-06,1,Fram,Stjarnan,6,3,1,2.5e-4
2025-08-06,1,Fram,Stjarnan,7,0,1,2.5e-4
2025-08-06,1,Fram,Stjarnan,7,1,3,7.5e-4
2025-08-06,1,Fram,Stjarnan,7,2,2,5e-4
2025-08-06,1,Fram,Stjarnan,8,0,1,2.5e-4
2025-08-06,1,Fram,Stjarnan,8,3,1,2.5e-4
2025-08-10,1,KA,ÍBV,0,0,127,0.03175
2025-08-10,1,KA,ÍBV,0,1,148,0.037
2025-08-10,1,KA,ÍBV,0,2,102,0.0255
2025-08-10,1,KA,ÍBV,0,3,46,0.0115
2025-08-10,1,KA,ÍBV,0,4,16,0.004
2025-08-10,1,KA,ÍBV,0,5,4,0.001
2025-08-10,1,KA,ÍBV,0,6,1,2.5e-4
2025-08-10,1,KA,ÍBV,1,0,243,0.06075
2025-08-10,1,KA,ÍBV,1,1,316,0.079
2025-08-10,1,KA,ÍBV,1,2,214,0.0535
2025-08-10,1,KA,ÍBV,1,3,98,0.0245
2025-08-10,1,KA,ÍBV,1,4,34,0.0085
2025-08-10,1,KA,ÍBV,1,5,14,0.0035
2025-08-10,1,KA,ÍBV,1,6,3,7.5e-4
2025-08-10,1,KA,ÍBV,1,8,1,2.5e-4
2025-08-10,1,KA,ÍBV,1,9,1,2.5e-4
2025-08-10,1,KA,ÍBV,2,0,263,0.06575
2025-08-10,1,KA,ÍBV,2,1,326,0.0815
2025-08-10,1,KA,ÍBV,2,2,245,0.06125
2025-08-10,1,KA,ÍBV,2,3,127,0.03175
2025-08-10,1,KA,ÍBV,2,4,44,0.011
2025-08-10,1,KA,ÍBV,2,5,13,0.00325
2025-08-10,1,KA,ÍBV,2,6,3,7.5e-4
2025-08-10,1,KA,ÍBV,2,7,1,2.5e-4
2025-08-10,1,KA,ÍBV,2,8,1,2.5e-4
2025-08-10,1,KA,ÍBV,3,0,199,0.04975
2025-08-10,1,KA,ÍBV,3,1,252,0.063
2025-08-10,1,KA,ÍBV,3,2,205,0.05125
2025-08-10,1,KA,ÍBV,3,3,90,0.0225
2025-08-10,1,KA,ÍBV,3,4,33,0.00825
2025-08-10,1,KA,ÍBV,3,5,14,0.0035
2025-08-10,1,KA,ÍBV,3,6,3,7.5e-4
2025-08-10,1,KA,ÍBV,3,7,3,7.5e-4
2025-08-10,1,KA,ÍBV,4,0,98,0.0245
2025-08-10,1,KA,ÍBV,4,1,142,0.0355
2025-08-10,1,KA,ÍBV,4,2,99,0.02475
2025-08-10,1,KA,ÍBV,4,3,57,0.01425
2025-08-10,1,KA,ÍBV,4,4,23,0.00575
2025-08-10,1,KA,ÍBV,4,5,3,7.5e-4
2025-08-10,1,KA,ÍBV,4,6,2,5e-4
2025-08-10,1,KA,ÍBV,5,0,56,0.014
2025-08-10,1,KA,ÍBV,5,1,60,0.015
2025-08-10,1,KA,ÍBV,5,2,58,0.0145
2025-08-10,1,KA,ÍBV,5,3,22,0.0055
2025-08-10,1,KA,ÍBV,5,4,16,0.004
2025-08-10,1,KA,ÍBV,5,5,5,0.00125
2025-08-10,1,KA,ÍBV,5,6,2,5e-4
2025-08-10,1,KA,ÍBV,6,0,26,0.0065
2025-08-10,1,KA,ÍBV,6,1,35,0.00875
2025-08-10,1,KA,ÍBV,6,2,22,0.0055
2025-08-10,1,KA,ÍBV,6,3,15,0.00375
2025-08-10,1,KA,ÍBV,6,4,5,0.00125
2025-08-10,1,KA,ÍBV,6,6,2,5e-4
2025-08-10,1,KA,ÍBV,7,0,9,0.00225
2025-08-10,1,KA,ÍBV,7,1,15,0.00375
2025-08-10,1,KA,ÍBV,7,2,4,0.001
2025-08-10,1,KA,ÍBV,7,3,8,0.002
2025-08-10,1,KA,ÍBV,7,4,3,7.5e-4
2025-08-10,1,KA,ÍBV,7,5,1,2.5e-4
2025-08-10,1,KA,ÍBV,7,6,2,5e-4
2025-08-10,1,KA,ÍBV,8,0,2,5e-4
2025-08-10,1,KA,ÍBV,8,1,4,0.001
2025-08-10,1,KA,ÍBV,8,2,4,0.001
2025-08-10,1,KA,ÍBV,8,3,2,5e-4
2025-08-10,1,KA,ÍBV,8,4,1,2.5e-4
2025-08-10,1,KA,ÍBV,9,0,1,2.5e-4
2025-08-10,1,KA,ÍBV,9,1,1,2.5e-4
2025-08-10,1,KA,ÍBV,10,0,2,5e-4
2025-08-10,1,KA,ÍBV,10,1,2,5e-4
2025-08-10,1,KA,ÍBV,13,2,1,2.5e-4
2025-08-10,1,Valur,Breiðablik,0,0,72,0.018
2025-08-10,1,Valur,Breiðablik,0,1,81,0.02025
2025-08-10,1,Valur,Breiðablik,0,2,71,0.01775
2025-08-10,1,Valur,Breiðablik,0,3,40,0.01
2025-08-10,1,Valur,Breiðablik,0,4,14,0.0035
2025-08-10,1,Valur,Breiðablik,0,5,4,0.001
2025-08-10,1,Valur,Breiðablik,1,0,130,0.0325
2025-08-10,1,Valur,Breiðablik,1,1,218,0.0545
2025-08-10,1,Valur,Breiðablik,1,2,168,0.042
2025-08-10,1,Valur,Breiðablik,1,3,98,0.0245
2025-08-10,1,Valur,Breiðablik,1,4,52,0.013
2025-08-10,1,Valur,Breiðablik,1,5,14,0.0035
2025-08-10,1,Valur,Breiðablik,1,6,1,2.5e-4
2025-08-10,1,Valur,Breiðablik,2,0,172,0.043
2025-08-10,1,Valur,Breiðablik,2,1,266,0.0665
2025-08-10,1,Valur,Breiðablik,2,2,231,0.05775
2025-08-10,1,Valur,Breiðablik,2,3,124,0.031
2025-08-10,1,Valur,Breiðablik,2,4,69,0.01725
2025-08-10,1,Valur,Breiðablik,2,5,24,0.006
2025-08-10,1,Valur,Breiðablik,2,6,10,0.0025
2025-08-10,1,Valur,Breiðablik,2,7,4,0.001
2025-08-10,1,Valur,Breiðablik,2,8,1,2.5e-4
2025-08-10,1,Valur,Breiðablik,3,0,181,0.04525
2025-08-10,1,Valur,Breiðablik,3,1,270,0.0675
2025-08-10,1,Valur,Breiðablik,3,2,202,0.0505
2025-08-10,1,Valur,Breiðablik,3,3,134,0.0335
2025-08-10,1,Valur,Breiðablik,3,4,59,0.01475
2025-08-10,1,Valur,Breiðablik,3,5,19,0.00475
2025-08-10,1,Valur,Breiðablik,3,6,4,0.001
2025-08-10,1,Valur,Breiðablik,3,7,3,7.5e-4
2025-08-10,1,Valur,Breiðablik,4,0,102,0.0255
2025-08-10,1,Valur,Breiðablik,4,1,168,0.042
2025-08-10,1,Valur,Breiðablik,4,2,151,0.03775
2025-08-10,1,Valur,Breiðablik,4,3,89,0.02225
2025-08-10,1,Valur,Breiðablik,4,4,45,0.01125
2025-08-10,1,Valur,Breiðablik,4,5,22,0.0055
2025-08-10,1,Valur,Breiðablik,4,6,7,0.00175
2025-08-10,1,Valur,Breiðablik,4,7,1,2.5e-4
2025-08-10,1,Valur,Breiðablik,5,0,64,0.016
2025-08-10,1,Valur,Breiðablik,5,1,116,0.029
2025-08-10,1,Valur,Breiðablik,5,2,85,0.02125
2025-08-10,1,Valur,Breiðablik,5,3,55,0.01375
2025-08-10,1,Valur,Breiðablik,5,4,25,0.00625
2025-08-10,1,Valur,Breiðablik,5,5,12,0.003
2025-08-10,1,Valur,Breiðablik,5,6,3,7.5e-4
2025-08-10,1,Valur,Breiðablik,5,7,1,2.5e-4
2025-08-10,1,Valur,Breiðablik,6,0,26,0.0065
2025-08-10,1,Valur,Breiðablik,6,1,58,0.0145
2025-08-10,1,Valur,Breiðablik,6,2,51,0.01275
2025-08-10,1,Valur,Breiðablik,6,3,26,0.0065
2025-08-10,1,Valur,Breiðablik,6,4,14,0.0035
2025-08-10,1,Valur,Breiðablik,6,5,2,5e-4
2025-08-10,1,Valur,Breiðablik,6,6,1,2.5e-4
2025-08-10,1,Valur,Breiðablik,6,7,1,2.5e-4
2025-08-10,1,Valur,Breiðablik,7,0,17,0.00425
2025-08-10,1,Valur,Breiðablik,7,1,19,0.00475
2025-08-10,1,Valur,Breiðablik,7,2,23,0.00575
2025-08-10,1,Valur,Breiðablik,7,3,11,0.00275
2025-08-10,1,Valur,Breiðablik,7,4,3,7.5e-4
2025-08-10,1,Valur,Breiðablik,7,5,1,2.5e-4
2025-08-10,1,Valur,Breiðablik,7,7,1,2.5e-4
2025-08-10,1,Valur,Breiðablik,8,0,7,0.00175
2025-08-10,1,Valur,Breiðablik,8,1,6,0.0015
2025-08-10,1,Valur,Breiðablik,8,2,7,0.00175
2025-08-10,1,Valur,Breiðablik,8,3,7,0.00175
2025-08-10,1,Valur,Breiðablik,8,4,4,0.001
2025-08-10,1,Valur,Breiðablik,8,6,1,2.5e-4
2025-08-10,1,Valur,Breiðablik,9,0,2,5e-4
2025-08-10,1,Valur,Breiðablik,9,1,8,0.002
2025-08-10,1,Valur,Breiðablik,9,2,8,0.002
2025-08-10,1,Valur,Breiðablik,9,3,2,5e-4
2025-08-10,1,Valur,Breiðablik,9,4,1,2.5e-4
2025-08-10,1,Valur,Breiðablik,10,0,2,5e-4
2025-08-10,1,Valur,Breiðablik,10,1,1,2.5e-4
2025-08-10,1,Valur,Breiðablik,10,2,1,2.5e-4
2025-08-10,1,Valur,Breiðablik,10,3,1,2.5e-4
2025-08-10,1,Valur,Breiðablik,10,4,1,2.5e-4
2025-08-10,1,Valur,Breiðablik,11,3,1,2.5e-4
2025-08-10,1,Valur,Breiðablik,12,2,3,7.5e-4
2025-08-10,1,Valur,Breiðablik,15,2,1,2.5e-4
2025-08-10,1,Vestri,Fram,0,0,155,0.03875
2025-08-10,1,Vestri,Fram,0,1,171,0.04275
2025-08-10,1,Vestri,Fram,0,2,86,0.0215
2025-08-10,1,Vestri,Fram,0,3,30,0.0075
2025-08-10,1,Vestri,Fram,0,4,10,0.0025
2025-08-10,1,Vestri,Fram,0,5,1,2.5e-4
2025-08-10,1,Vestri,Fram,0,6,1,2.5e-4
2025-08-10,1,Vestri,Fram,1,0,344,0.086
2025-08-10,1,Vestri,Fram,1,1,368,0.092
2025-08-10,1,Vestri,Fram,1,2,170,0.0425
2025-08-10,1,Vestri,Fram,1,3,87,0.02175
2025-08-10,1,Vestri,Fram,1,4,16,0.004
2025-08-10,1,Vestri,Fram,1,5,1,2.5e-4
2025-08-10,1,Vestri,Fram,2,0,367,0.09175
2025-08-10,1,Vestri,Fram,2,1,353,0.08825
2025-08-10,1,Vestri,Fram,2,2,200,0.05
2025-08-10,1,Vestri,Fram,2,3,60,0.015
2025-08-10,1,Vestri,Fram,2,4,36,0.009
2025-08-10,1,Vestri,Fram,2,5,5,0.00125
2025-08-10,1,Vestri,Fram,2,6,3,7.5e-4
2025-08-10,1,Vestri,Fram,3,0,285,0.07125
2025-08-10,1,Vestri,Fram,3,1,278,0.0695
2025-08-10,1,Vestri,Fram,3,2,152,0.038
2025-08-10,1,Vestri,Fram,3,3,46,0.0115
2025-08-10,1,Vestri,Fram,3,4,21,0.00525
2025-08-10,1,Vestri,Fram,3,5,4,0.001
2025-08-10,1,Vestri,Fram,3,6,2,5e-4
2025-08-10,1,Vestri,Fram,4,0,138,0.0345
2025-08-10,1,Vestri,Fram,4,1,150,0.0375
2025-08-10,1,Vestri,Fram,4,2,79,0.01975
2025-08-10,1,Vestri,Fram,4,3,40,0.01
2025-08-10,1,Vestri,Fram,4,4,9,0.00225
2025-08-10,1,Vestri,Fram,4,5,5,0.00125
2025-08-10,1,Vestri,Fram,4,7,1,2.5e-4
2025-08-10,1,Vestri,Fram,5,0,66,0.0165
2025-08-10,1,Vestri,Fram,5,1,73,0.01825
2025-08-10,1,Vestri,Fram,5,2,41,0.01025
2025-08-10,1,Vestri,Fram,5,3,12,0.003
2025-08-10,1,Vestri,Fram,5,4,5,0.00125
2025-08-10,1,Vestri,Fram,5,5,1,2.5e-4
2025-08-10,1,Vestri,Fram,6,0,26,0.0065
2025-08-10,1,Vestri,Fram,6,1,33,0.00825
2025-08-10,1,Vestri,Fram,6,2,17,0.00425
2025-08-10,1,Vestri,Fram,6,3,3,7.5e-4
2025-08-10,1,Vestri,Fram,6,4,4,0.001
2025-08-10,1,Vestri,Fram,7,0,14,0.0035
2025-08-10,1,Vestri,Fram,7,1,9,0.00225
2025-08-10,1,Vestri,Fram,7,2,4,0.001
2025-08-10,1,Vestri,Fram,7,3,1,2.5e-4
2025-08-10,1,Vestri,Fram,8,0,1,2.5e-4
2025-08-10,1,Vestri,Fram,8,1,3,7.5e-4
2025-08-10,1,Vestri,Fram,8,2,7,0.00175
2025-08-10,1,Vestri,Fram,9,0,3,7.5e-4
2025-08-10,1,Vestri,Fram,9,2,2,5e-4
2025-08-10,1,Vestri,Fram,10,1,1,2.5e-4
2025-08-10,1,Víkingur R.,Stjarnan,0,0,109,0.02725
2025-08-10,1,Víkingur R.,Stjarnan,0,1,143,0.03575
2025-08-10,1,Víkingur R.,Stjarnan,0,2,95,0.02375
2025-08-10,1,Víkingur R.,Stjarnan,0,3,51,0.01275
2025-08-10,1,Víkingur R.,Stjarnan,0,4,17,0.00425
2025-08-10,1,Víkingur R.,Stjarnan,0,5,4,0.001
2025-08-10,1,Víkingur R.,Stjarnan,0,6,2,5e-4
2025-08-10,1,Víkingur R.,Stjarnan,0,7,1,2.5e-4
2025-08-10,1,Víkingur R.,Stjarnan,1,0,248,0.062
2025-08-10,1,Víkingur R.,Stjarnan,1,1,292,0.073
2025-08-10,1,Víkingur R.,Stjarnan,1,2,196,0.049
2025-08-10,1,Víkingur R.,Stjarnan,1,3,79,0.01975
2025-08-10,1,Víkingur R.,Stjarnan,1,4,29,0.00725
2025-08-10,1,Víkingur R.,Stjarnan,1,5,11,0.00275
2025-08-10,1,Víkingur R.,Stjarnan,1,6,1,2.5e-4
2025-08-10,1,Víkingur R.,Stjarnan,1,7,1,2.5e-4
2025-08-10,1,Víkingur R.,Stjarnan,2,0,272,0.068
2025-08-10,1,Víkingur R.,Stjarnan,2,1,351,0.08775
2025-08-10,1,Víkingur R.,Stjarnan,2,2,238,0.0595
2025-08-10,1,Víkingur R.,Stjarnan,2,3,103,0.02575
2025-08-10,1,Víkingur R.,Stjarnan,2,4,36,0.009
2025-08-10,1,Víkingur R.,Stjarnan,2,5,11,0.00275
2025-08-10,1,Víkingur R.,Stjarnan,2,6,4,0.001
2025-08-10,1,Víkingur R.,Stjarnan,3,0,211,0.05275
2025-08-10,1,Víkingur R.,Stjarnan,3,1,251,0.06275
2025-08-10,1,Víkingur R.,Stjarnan,3,2,195,0.04875
2025-08-10,1,Víkingur R.,Stjarnan,3,3,92,0.023
2025-08-10,1,Víkingur R.,Stjarnan,3,4,28,0.007
2025-08-10,1,Víkingur R.,Stjarnan,3,5,7,0.00175
2025-08-10,1,Víkingur R.,Stjarnan,3,6,5,0.00125
2025-08-10,1,Víkingur R.,Stjarnan,4,0,133,0.03325
2025-08-10,1,Víkingur R.,Stjarnan,4,1,182,0.0455
2025-08-10,1,Víkingur R.,Stjarnan,4,2,106,0.0265
2025-08-10,1,Víkingur R.,Stjarnan,4,3,54,0.0135
2025-08-10,1,Víkingur R.,Stjarnan,4,4,24,0.006
2025-08-10,1,Víkingur R.,Stjarnan,4,5,5,0.00125
2025-08-10,1,Víkingur R.,Stjarnan,5,0,64,0.016
2025-08-10,1,Víkingur R.,Stjarnan,5,1,59,0.01475
2025-08-10,1,Víkingur R.,Stjarnan,5,2,67,0.01675
2025-08-10,1,Víkingur R.,Stjarnan,5,3,27,0.00675
2025-08-10,1,Víkingur R.,Stjarnan,5,4,10,0.0025
2025-08-10,1,Víkingur R.,Stjarnan,5,5,1,2.5e-4
2025-08-10,1,Víkingur R.,Stjarnan,6,0,28,0.007
2025-08-10,1,Víkingur R.,Stjarnan,6,1,37,0.00925
2025-08-10,1,Víkingur R.,Stjarnan,6,2,27,0.00675
2025-08-10,1,Víkingur R.,Stjarnan,6,3,10,0.0025
2025-08-10,1,Víkingur R.,Stjarnan,6,4,4,0.001
2025-08-10,1,Víkingur R.,Stjarnan,6,5,2,5e-4
2025-08-10,1,Víkingur R.,Stjarnan,6,6,1,2.5e-4
2025-08-10,1,Víkingur R.,Stjarnan,7,0,12,0.003
2025-08-10,1,Víkingur R.,Stjarnan,7,1,14,0.0035
2025-08-10,1,Víkingur R.,Stjarnan,7,2,14,0.0035
2025-08-10,1,Víkingur R.,Stjarnan,7,3,7,0.00175
2025-08-10,1,Víkingur R.,Stjarnan,7,4,1,2.5e-4
2025-08-10,1,Víkingur R.,Stjarnan,8,0,6,0.0015
2025-08-10,1,Víkingur R.,Stjarnan,8,1,9,0.00225
2025-08-10,1,Víkingur R.,Stjarnan,8,2,1,2.5e-4
2025-08-10,1,Víkingur R.,Stjarnan,8,3,2,5e-4
2025-08-10,1,Víkingur R.,Stjarnan,8,4,1,2.5e-4
2025-08-10,1,Víkingur R.,Stjarnan,9,0,2,5e-4
2025-08-10,1,Víkingur R.,Stjarnan,9,1,1,2.5e-4
2025-08-10,1,Víkingur R.,Stjarnan,9,2,1,2.5e-4
2025-08-10,1,Víkingur R.,Stjarnan,9,3,2,5e-4
2025-08-10,1,Víkingur R.,Stjarnan,10,1,2,5e-4
2025-08-10,1,Víkingur R.,Stjarnan,10,4,1,2.5e-4
2025-08-11,1,FH,ÍA,0,0,328,0.082
2025-08-11,1,FH,ÍA,0,1,243,0.06075
2025-08-11,1,FH,ÍA,0,2,117,0.02925
2025-08-11,1,FH,ÍA,0,3,31,0.00775
2025-08-11,1,FH,ÍA,0,4,10,0.0025
2025-08-11,1,FH,ÍA,0,5,1,2.5e-4
2025-08-11,1,FH,ÍA,1,0,470,0.1175
2025-08-11,1,FH,ÍA,1,1,427,0.10675
2025-08-11,1,FH,ÍA,1,2,211,0.05275
2025-08-11,1,FH,ÍA,1,3,55,0.01375
2025-08-11,1,FH,ÍA,1,4,20,0.005
2025-08-11,1,FH,ÍA,1,5,5,0.00125
2025-08-11,1,FH,ÍA,2,0,420,0.105
2025-08-11,1,FH,ÍA,2,1,338,0.0845
2025-08-11,1,FH,ÍA,2,2,186,0.0465
2025-08-11,1,FH,ÍA,2,3,47,0.01175
2025-08-11,1,FH,ÍA,2,4,9,0.00225
2025-08-11,1,FH,ÍA,2,5,2,5e-4
2025-08-11,1,FH,ÍA,2,6,1,2.5e-4
2025-08-11,1,FH,ÍA,3,0,270,0.0675
2025-08-11,1,FH,ÍA,3,1,197,0.04925
2025-08-11,1,FH,ÍA,3,2,105,0.02625
2025-08-11,1,FH,ÍA,3,3,42,0.0105
2025-08-11,1,FH,ÍA,3,4,9,0.00225
2025-08-11,1,FH,ÍA,3,5,2,5e-4
2025-08-11,1,FH,ÍA,4,0,117,0.02925
2025-08-11,1,FH,ÍA,4,1,104,0.026
2025-08-11,1,FH,ÍA,4,2,48,0.012
2025-08-11,1,FH,ÍA,4,3,13,0.00325
2025-08-11,1,FH,ÍA,4,4,3,7.5e-4
2025-08-11,1,FH,ÍA,4,6,1,2.5e-4
2025-08-11,1,FH,ÍA,5,0,42,0.0105
2025-08-11,1,FH,ÍA,5,1,43,0.01075
2025-08-11,1,FH,ÍA,5,2,14,0.0035
2025-08-11,1,FH,ÍA,5,3,4,0.001
2025-08-11,1,FH,ÍA,5,4,2,5e-4
2025-08-11,1,FH,ÍA,5,5,1,2.5e-4
2025-08-11,1,FH,ÍA,6,0,20,0.005
2025-08-11,1,FH,ÍA,6,1,13,0.00325
2025-08-11,1,FH,ÍA,6,2,6,0.0015
2025-08-11,1,FH,ÍA,6,3,3,7.5e-4
2025-08-11,1,FH,ÍA,7,0,8,0.002
2025-08-11,1,FH,ÍA,7,1,4,0.001
2025-08-11,1,FH,ÍA,8,0,3,7.5e-4
2025-08-11,1,FH,ÍA,8,1,2,5e-4
2025-08-11,1,FH,ÍA,9,1,1,2.5e-4
2025-08-11,1,FH,ÍA,9,3,1,2.5e-4
2025-08-11,1,FH,ÍA,11,2,1,2.5e-4
2025-08-11,1,KR,Afturelding,0,0,192,0.048
2025-08-11,1,KR,Afturelding,0,1,299,0.07475
2025-08-11,1,KR,Afturelding,0,2,293,0.07325
2025-08-11,1,KR,Afturelding,0,3,211,0.05275
2025-08-11,1,KR,Afturelding,0,4,100,0.025
2025-08-11,1,KR,Afturelding,0,5,44,0.011
2025-08-11,1,KR,Afturelding,0,6,23,0.00575
2025-08-11,1,KR,Afturelding,0,7,9,0.00225
2025-08-11,1,KR,Afturelding,0,8,2,5e-4
2025-08-11,1,KR,Afturelding,0,11,1,2.5e-4
2025-08-11,1,KR,Afturelding,1,0,163,0.04075
2025-08-11,1,KR,Afturelding,1,1,381,0.09525
2025-08-11,1,KR,Afturelding,1,2,378,0.0945
2025-08-11,1,KR,Afturelding,1,3,229,0.05725
2025-08-11,1,KR,Afturelding,1,4,130,0.0325
2025-08-11,1,KR,Afturelding,1,5,58,0.0145
2025-08-11,1,KR,Afturelding,1,6,26,0.0065
2025-08-11,1,KR,Afturelding,1,7,12,0.003
2025-08-11,1,KR,Afturelding,1,8,3,7.5e-4
2025-08-11,1,KR,Afturelding,1,9,1,2.5e-4
2025-08-11,1,KR,Afturelding,1,10,1,2.5e-4
2025-08-11,1,KR,Afturelding,2,0,94,0.0235
2025-08-11,1,KR,Afturelding,2,1,240,0.06
2025-08-11,1,KR,Afturelding,2,2,229,0.05725
2025-08-11,1,KR,Afturelding,2,3,153,0.03825
2025-08-11,1,KR,Afturelding,2,4,86,0.0215
2025-08-11,1,KR,Afturelding,2,5,29,0.00725
2025-08-11,1,KR,Afturelding,2,6,13,0.00325
2025-08-11,1,KR,Afturelding,2,7,8,0.002
2025-08-11,1,KR,Afturelding,2,8,1,2.5e-4
2025-08-11,1,KR,Afturelding,3,0,56,0.014
2025-08-11,1,KR,Afturelding,3,1,93,0.02325
2025-08-11,1,KR,Afturelding,3,2,109,0.02725
2025-08-11,1,KR,Afturelding,3,3,71,0.01775
2025-08-11,1,KR,Afturelding,3,4,31,0.00775
2025-08-11,1,KR,Afturelding,3,5,18,0.0045
2025-08-11,1,KR,Afturelding,3,6,7,0.00175
2025-08-11,1,KR,Afturelding,3,7,3,7.5e-4
2025-08-11,1,KR,Afturelding,3,8,3,7.5e-4
2025-08-11,1,KR,Afturelding,4,0,15,0.00375
2025-08-11,1,KR,Afturelding,4,1,34,0.0085
2025-08-11,1,KR,Afturelding,4,2,39,0.00975
2025-08-11,1,KR,Afturelding,4,3,25,0.00625
2025-08-11,1,KR,Afturelding,4,4,21,0.00525
2025-08-11,1,KR,Afturelding,4,5,6,0.0015
2025-08-11,1,KR,Afturelding,4,6,4,0.001
2025-08-11,1,KR,Afturelding,4,7,4,0.001
2025-08-11,1,KR,Afturelding,5,0,11,0.00275
2025-08-11,1,KR,Afturelding,5,1,6,0.0015
2025-08-11,1,KR,Afturelding,5,2,9,0.00225
2025-08-11,1,KR,Afturelding,5,3,6,0.0015
2025-08-11,1,KR,Afturelding,5,4,3,7.5e-4
2025-08-11,1,KR,Afturelding,5,5,2,5e-4
2025-08-11,1,KR,Afturelding,5,6,1,2.5e-4
2025-08-11,1,KR,Afturelding,6,2,2,5e-4
2025-08-11,1,KR,Afturelding,6,3,3,7.5e-4
2025-08-11,1,KR,Afturelding,6,4,1,2.5e-4
2025-08-11,1,KR,Afturelding,6,5,1,2.5e-4
2025-08-11,1,KR,Afturelding,7,1,3,7.5e-4
2025-08-11,1,KR,Afturelding,7,3,1,2.5e-4
2025-08-11,1,KR,Afturelding,7,4,2,5e-4
2025-08-11,1,KR,Afturelding,8,11,1,2.5e-4
2025-08-17,1,Afturelding,KA,0,0,169,0.04225
2025-08-17,1,Afturelding,KA,0,1,157,0.03925
2025-08-17,1,Afturelding,KA,0,2,101,0.02525
2025-08-17,1,Afturelding,KA,0,3,30,0.0075
2025-08-17,1,Afturelding,KA,0,4,13,0.00325
2025-08-17,1,Afturelding,KA,0,5,1,2.5e-4
2025-08-17,1,Afturelding,KA,0,6,1,2.5e-4
2025-08-17,1,Afturelding,KA,0,7,1,2.5e-4
2025-08-17,1,Afturelding,KA,1,0,312,0.078
2025-08-17,1,Afturelding,KA,1,1,320,0.08
2025-08-17,1,Afturelding,KA,1,2,174,0.0435
2025-08-17,1,Afturelding,KA,1,3,76,0.019
2025-08-17,1,Afturelding,KA,1,4,20,0.005
2025-08-17,1,Afturelding,KA,1,5,8,0.002
2025-08-17,1,Afturelding,KA,1,6,1,2.5e-4
2025-08-17,1,Afturelding,KA,1,7,1,2.5e-4
2025-08-17,1,Afturelding,KA,2,0,337,0.08425
2025-08-17,1,Afturelding,KA,2,1,382,0.0955
2025-08-17,1,Afturelding,KA,2,2,191,0.04775
2025-08-17,1,Afturelding,KA,2,3,50,0.0125
2025-08-17,1,Afturelding,KA,2,4,24,0.006
2025-08-17,1,Afturelding,KA,2,5,5,0.00125
2025-08-17,1,Afturelding,KA,2,6,3,7.5e-4
2025-08-17,1,Afturelding,KA,2,8,1,2.5e-4
2025-08-17,1,Afturelding,KA,3,0,282,0.0705
2025-08-17,1,Afturelding,KA,3,1,317,0.07925
2025-08-17,1,Afturelding,KA,3,2,137,0.03425
2025-08-17,1,Afturelding,KA,3,3,54,0.0135
2025-08-17,1,Afturelding,KA,3,4,25,0.00625
2025-08-17,1,Afturelding,KA,3,5,6,0.0015
2025-08-17,1,Afturelding,KA,4,0,148,0.037
2025-08-17,1,Afturelding,KA,4,1,160,0.04
2025-08-17,1,Afturelding,KA,4,2,95,0.02375
2025-08-17,1,Afturelding,KA,4,3,25,0.00625
2025-08-17,1,Afturelding,KA,4,4,10,0.0025
2025-08-17,1,Afturelding,KA,4,5,5,0.00125
2025-08-17,1,Afturelding,KA,4,6,2,5e-4
2025-08-17,1,Afturelding,KA,5,0,69,0.01725
2025-08-17,1,Afturelding,KA,5,1,71,0.01775
2025-08-17,1,Afturelding,KA,5,2,48,0.012
2025-08-17,1,Afturelding,KA,5,3,29,0.00725
2025-08-17,1,Afturelding,KA,5,4,3,7.5e-4
2025-08-17,1,Afturelding,KA,5,5,2,5e-4
2025-08-17,1,Afturelding,KA,6,0,36,0.009
2025-08-17,1,Afturelding,KA,6,1,26,0.0065
2025-08-17,1,Afturelding,KA,6,2,14,0.0035
2025-08-17,1,Afturelding,KA,6,3,7,0.00175
2025-08-17,1,Afturelding,KA,7,0,11,0.00275
2025-08-17,1,Afturelding,KA,7,1,13,0.00325
2025-08-17,1,Afturelding,KA,7,2,2,5e-4
2025-08-17,1,Afturelding,KA,7,3,3,7.5e-4
2025-08-17,1,Afturelding,KA,8,0,6,0.0015
2025-08-17,1,Afturelding,KA,8,1,6,0.0015
2025-08-17,1,Afturelding,KA,8,2,3,7.5e-4
2025-08-17,1,Afturelding,KA,8,3,2,5e-4
2025-08-17,1,Afturelding,KA,8,6,1,2.5e-4
2025-08-17,1,Afturelding,KA,9,2,2,5e-4
2025-08-17,1,Afturelding,KA,10,1,1,2.5e-4
2025-08-17,1,Afturelding,KA,12,0,1,2.5e-4
2025-08-17,1,Breiðablik,FH,0,0,342,0.0855
2025-08-17,1,Breiðablik,FH,0,1,188,0.047
2025-08-17,1,Breiðablik,FH,0,2,81,0.02025
2025-08-17,1,Breiðablik,FH,0,3,16,0.004
2025-08-17,1,Breiðablik,FH,0,4,5,0.00125
2025-08-17,1,Breiðablik,FH,1,0,562,0.1405
2025-08-17,1,Breiðablik,FH,1,1,370,0.0925
2025-08-17,1,Breiðablik,FH,1,2,122,0.0305
2025-08-17,1,Breiðablik,FH,1,3,24,0.006
2025-08-17,1,Breiðablik,FH,1,4,3,7.5e-4
2025-08-17,1,Breiðablik,FH,1,5,1,2.5e-4
2025-08-17,1,Breiðablik,FH,2,0,516,0.129
2025-08-17,1,Breiðablik,FH,2,1,360,0.09
2025-08-17,1,Breiðablik,FH,2,2,138,0.0345
2025-08-17,1,Breiðablik,FH,2,3,20,0.005
2025-08-17,1,Breiðablik,FH,2,4,5,0.00125
2025-08-17,1,Breiðablik,FH,3,0,341,0.08525
2025-08-17,1,Breiðablik,FH,3,1,198,0.0495
2025-08-17,1,Breiðablik,FH,3,2,87,0.02175
2025-08-17,1,Breiðablik,FH,3,3,23,0.00575
2025-08-17,1,Breiðablik,FH,3,4,3,7.5e-4
2025-08-17,1,Breiðablik,FH,3,6,2,5e-4
2025-08-17,1,Breiðablik,FH,4,0,170,0.0425
2025-08-17,1,Breiðablik,FH,4,1,124,0.031
2025-08-17,1,Breiðablik,FH,4,2,41,0.01025
2025-08-17,1,Breiðablik,FH,4,3,15,0.00375
2025-08-17,1,Breiðablik,FH,4,6,1,2.5e-4
2025-08-17,1,Breiðablik,FH,5,0,83,0.02075
2025-08-17,1,Breiðablik,FH,5,1,56,0.014
2025-08-17,1,Breiðablik,FH,5,2,27,0.00675
2025-08-17,1,Breiðablik,FH,5,3,3,7.5e-4
2025-08-17,1,Breiðablik,FH,5,4,2,5e-4
2025-08-17,1,Breiðablik,FH,5,5,1,2.5e-4
2025-08-17,1,Breiðablik,FH,6,0,35,0.00875
2025-08-17,1,Breiðablik,FH,6,1,11,0.00275
2025-08-17,1,Breiðablik,FH,6,2,2,5e-4
2025-08-17,1,Breiðablik,FH,6,3,2,5e-4
2025-08-17,1,Breiðablik,FH,7,0,6,0.0015
2025-08-17,1,Breiðablik,FH,7,1,6,0.0015
2025-08-17,1,Breiðablik,FH,7,2,1,2.5e-4
2025-08-17,1,Breiðablik,FH,7,3,1,2.5e-4
2025-08-17,1,Breiðablik,FH,8,0,2,5e-4
2025-08-17,1,Breiðablik,FH,8,2,1,2.5e-4
2025-08-17,1,Breiðablik,FH,9,0,2,5e-4
2025-08-17,1,Breiðablik,FH,9,1,1,2.5e-4
2025-08-17,1,Stjarnan,Vestri,0,0,212,0.053
2025-08-17,1,Stjarnan,Vestri,0,1,234,0.0585
2025-08-17,1,Stjarnan,Vestri,0,2,143,0.03575
2025-08-17,1,Stjarnan,Vestri,0,3,65,0.01625
2025-08-17,1,Stjarnan,Vestri,0,4,25,0.00625
2025-08-17,1,Stjarnan,Vestri,0,5,9,0.00225
2025-08-17,1,Stjarnan,Vestri,0,6,1,2.5e-4
2025-08-17,1,Stjarnan,Vestri,0,8,1,2.5e-4
2025-08-17,1,Stjarnan,Vestri,0,9,1,2.5e-4
2025-08-17,1,Stjarnan,Vestri,1,0,359,0.08975
2025-08-17,1,Stjarnan,Vestri,1,1,419,0.10475
2025-08-17,1,Stjarnan,Vestri,1,2,262,0.0655
2025-08-17,1,Stjarnan,Vestri,1,3,106,0.0265
2025-08-17,1,Stjarnan,Vestri,1,4,38,0.0095
2025-08-17,1,Stjarnan,Vestri,1,5,16,0.004
2025-08-17,1,Stjarnan,Vestri,1,6,4,0.001
2025-08-17,1,Stjarnan,Vestri,2,0,277,0.06925
2025-08-17,1,Stjarnan,Vestri,2,1,383,0.09575
2025-08-17,1,Stjarnan,Vestri,2,2,185,0.04625
2025-08-17,1,Stjarnan,Vestri,2,3,125,0.03125
2025-08-17,1,Stjarnan,Vestri,2,4,25,0.00625
2025-08-17,1,Stjarnan,Vestri,2,5,13,0.00325
2025-08-17,1,Stjarnan,Vestri,2,6,2,5e-4
2025-08-17,1,Stjarnan,Vestri,3,0,175,0.04375
2025-08-17,1,Stjarnan,Vestri,3,1,229,0.05725
2025-08-17,1,Stjarnan,Vestri,3,2,123,0.03075
2025-08-17,1,Stjarnan,Vestri,3,3,59,0.01475
2025-08-17,1,Stjarnan,Vestri,3,4,22,0.0055
2025-08-17,1,Stjarnan,Vestri,3,5,6,0.0015
2025-08-17,1,Stjarnan,Vestri,3,6,1,2.5e-4
2025-08-17,1,Stjarnan,Vestri,4,0,79,0.01975
2025-08-17,1,Stjarnan,Vestri,4,1,101,0.02525
2025-08-17,1,Stjarnan,Vestri,4,2,78,0.0195
2025-08-17,1,Stjarnan,Vestri,4,3,30,0.0075
2025-08-17,1,Stjarnan,Vestri,4,4,10,0.0025
2025-08-17,1,Stjarnan,Vestri,4,5,3,7.5e-4
2025-08-17,1,Stjarnan,Vestri,4,6,1,2.5e-4
2025-08-17,1,Stjarnan,Vestri,4,7,1,2.5e-4
2025-08-17,1,Stjarnan,Vestri,5,0,38,0.0095
2025-08-17,1,Stjarnan,Vestri,5,1,41,0.01025
2025-08-17,1,Stjarnan,Vestri,5,2,32,0.008
2025-08-17,1,Stjarnan,Vestri,5,3,12,0.003
2025-08-17,1,Stjarnan,Vestri,5,4,2,5e-4
2025-08-17,1,Stjarnan,Vestri,5,5,3,7.5e-4
2025-08-17,1,Stjarnan,Vestri,6,0,10,0.0025
2025-08-17,1,Stjarnan,Vestri,6,1,9,0.00225
2025-08-17,1,Stjarnan,Vestri,6,2,10,0.0025
2025-08-17,1,Stjarnan,Vestri,6,3,3,7.5e-4
2025-08-17,1,Stjarnan,Vestri,6,4,1,2.5e-4
2025-08-17,1,Stjarnan,Vestri,6,6,1,2.5e-4
2025-08-17,1,Stjarnan,Vestri,7,0,2,5e-4
2025-08-17,1,Stjarnan,Vestri,7,1,3,7.5e-4
2025-08-17,1,Stjarnan,Vestri,7,2,3,7.5e-4
2025-08-17,1,Stjarnan,Vestri,7,3,1,2.5e-4
2025-08-17,1,Stjarnan,Vestri,8,0,2,5e-4
2025-08-17,1,Stjarnan,Vestri,8,1,1,2.5e-4
2025-08-17,1,Stjarnan,Vestri,8,3,1,2.5e-4
2025-08-17,1,Stjarnan,Vestri,9,3,1,2.5e-4
2025-08-17,1,Stjarnan,Vestri,10,0,1,2.5e-4
2025-08-17,1,ÍA,Víkingur R.,0,0,67,0.01675
2025-08-17,1,ÍA,Víkingur R.,0,1,118,0.0295
2025-08-17,1,ÍA,Víkingur R.,0,2,105,0.02625
2025-08-17,1,ÍA,Víkingur R.,0,3,73,0.01825
2025-08-17,1,ÍA,Víkingur R.,0,4,40,0.01
2025-08-17,1,ÍA,Víkingur R.,0,5,31,0.00775
2025-08-17,1,ÍA,Víkingur R.,0,6,11,0.00275
2025-08-17,1,ÍA,Víkingur R.,0,7,1,2.5e-4
2025-08-17,1,ÍA,Víkingur R.,1,0,137,0.03425
2025-08-17,1,ÍA,Víkingur R.,1,1,283,0.07075
2025-08-17,1,ÍA,Víkingur R.,1,2,217,0.05425
2025-08-17,1,ÍA,Víkingur R.,1,3,173,0.04325
2025-08-17,1,ÍA,Víkingur R.,1,4,79,0.01975
2025-08-17,1,ÍA,Víkingur R.,1,5,37,0.00925
2025-08-17,1,ÍA,Víkingur R.,1,6,19,0.00475
2025-08-17,1,ÍA,Víkingur R.,1,7,4,0.001
2025-08-17,1,ÍA,Víkingur R.,1,8,3,7.5e-4
2025-08-17,1,ÍA,Víkingur R.,2,0,141,0.03525
2025-08-17,1,ÍA,Víkingur R.,2,1,270,0.0675
2025-08-17,1,ÍA,Víkingur R.,2,2,270,0.0675
2025-08-17,1,ÍA,Víkingur R.,2,3,166,0.0415
2025-08-17,1,ÍA,Víkingur R.,2,4,93,0.02325
2025-08-17,1,ÍA,Víkingur R.,2,5,40,0.01
2025-08-17,1,ÍA,Víkingur R.,2,6,12,0.003
2025-08-17,1,ÍA,Víkingur R.,2,7,5,0.00125
2025-08-17,1,ÍA,Víkingur R.,3,0,90,0.0225
2025-08-17,1,ÍA,Víkingur R.,3,1,210,0.0525
2025-08-17,1,ÍA,Víkingur R.,3,2,190,0.0475
2025-08-17,1,ÍA,Víkingur R.,3,3,149,0.03725
2025-08-17,1,ÍA,Víkingur R.,3,4,79,0.01975
2025-08-17,1,ÍA,Víkingur R.,3,5,32,0.008
2025-08-17,1,ÍA,Víkingur R.,3,6,15,0.00375
2025-08-17,1,ÍA,Víkingur R.,3,7,3,7.5e-4
2025-08-17,1,ÍA,Víkingur R.,3,8,1,2.5e-4
2025-08-17,1,ÍA,Víkingur R.,4,0,64,0.016
2025-08-17,1,ÍA,Víkingur R.,4,1,119,0.02975
2025-08-17,1,ÍA,Víkingur R.,4,2,94,0.0235
2025-08-17,1,ÍA,Víkingur R.,4,3,84,0.021
2025-08-17,1,ÍA,Víkingur R.,4,4,57,0.01425
2025-08-17,1,ÍA,Víkingur R.,4,5,26,0.0065
2025-08-17,1,ÍA,Víkingur R.,4,6,5,0.00125
2025-08-17,1,ÍA,Víkingur R.,4,7,7,0.00175
2025-08-17,1,ÍA,Víkingur R.,4,8,2,5e-4
2025-08-17,1,ÍA,Víkingur R.,5,0,40,0.01
2025-08-17,1,ÍA,Víkingur R.,5,1,57,0.01425
2025-08-17,1,ÍA,Víkingur R.,5,2,61,0.01525
2025-08-17,1,ÍA,Víkingur R.,5,3,27,0.00675
2025-08-17,1,ÍA,Víkingur R.,5,4,24,0.006
2025-08-17,1,ÍA,Víkingur R.,5,5,18,0.0045
2025-08-17,1,ÍA,Víkingur R.,5,6,2,5e-4
2025-08-17,1,ÍA,Víkingur R.,5,7,2,5e-4
2025-08-17,1,ÍA,Víkingur R.,5,8,1,2.5e-4
2025-08-17,1,ÍA,Víkingur R.,6,0,14,0.0035
2025-08-17,1,ÍA,Víkingur R.,6,1,23,0.00575
2025-08-17,1,ÍA,Víkingur R.,6,2,12,0.003
2025-08-17,1,ÍA,Víkingur R.,6,3,12,0.003
2025-08-17,1,ÍA,Víkingur R.,6,4,10,0.0025
2025-08-17,1,ÍA,Víkingur R.,6,5,5,0.00125
2025-08-17,1,ÍA,Víkingur R.,6,6,2,5e-4
2025-08-17,1,ÍA,Víkingur R.,7,0,6,0.0015
2025-08-17,1,ÍA,Víkingur R.,7,1,17,0.00425
2025-08-17,1,ÍA,Víkingur R.,7,2,9,0.00225
2025-08-17,1,ÍA,Víkingur R.,7,3,7,0.00175
2025-08-17,1,ÍA,Víkingur R.,7,4,3,7.5e-4
2025-08-17,1,ÍA,Víkingur R.,7,5,2,5e-4
2025-08-17,1,ÍA,Víkingur R.,7,6,2,5e-4
2025-08-17,1,ÍA,Víkingur R.,7,7,1,2.5e-4
2025-08-17,1,ÍA,Víkingur R.,8,0,1,2.5e-4
2025-08-17,1,ÍA,Víkingur R.,8,1,5,0.00125
2025-08-17,1,ÍA,Víkingur R.,8,2,2,5e-4
2025-08-17,1,ÍA,Víkingur R.,8,3,5,0.00125
2025-08-17,1,ÍA,Víkingur R.,8,4,1,2.5e-4
2025-08-17,1,ÍA,Víkingur R.,8,6,1,2.5e-4
2025-08-17,1,ÍA,Víkingur R.,9,3,3,7.5e-4
2025-08-17,1,ÍA,Víkingur R.,9,7,1,2.5e-4
2025-08-17,1,ÍA,Víkingur R.,10,2,1,2.5e-4
2025-08-17,1,ÍA,Víkingur R.,10,3,1,2.5e-4
2025-08-17,1,ÍBV,Valur,0,0,173,0.04325
2025-08-17,1,ÍBV,Valur,0,1,301,0.07525
2025-08-17,1,ÍBV,Valur,0,2,306,0.0765
2025-08-17,1,ÍBV,Valur,0,3,212,0.053
2025-08-17,1,ÍBV,Valur,0,4,106,0.0265
2025-08-17,1,ÍBV,Valur,0,5,60,0.015
2025-08-17,1,ÍBV,Valur,0,6,16,0.004
2025-08-17,1,ÍBV,Valur,0,7,11,0.00275
2025-08-17,1,ÍBV,Valur,0,11,1,2.5e-4
2025-08-17,1,ÍBV,Valur,1,0,188,0.047
2025-08-17,1,ÍBV,Valur,1,1,385,0.09625
2025-08-17,1,ÍBV,Valur,1,2,369,0.09225
2025-08-17,1,ÍBV,Valur,1,3,270,0.0675
2025-08-17,1,ÍBV,Valur,1,4,134,0.0335
2025-08-17,1,ÍBV,Valur,1,5,56,0.014
2025-08-17,1,ÍBV,Valur,1,6,27,0.00675
2025-08-17,1,ÍBV,Valur,1,7,5,0.00125
2025-08-17,1,ÍBV,Valur,1,9,2,5e-4
2025-08-17,1,ÍBV,Valur,2,0,97,0.02425
2025-08-17,1,ÍBV,Valur,2,1,214,0.0535
2025-08-17,1,ÍBV,Valur,2,2,234,0.0585
2025-08-17,1,ÍBV,Valur,2,3,168,0.042
2025-08-17,1,ÍBV,Valur,2,4,65,0.01625
2025-08-17,1,ÍBV,Valur,2,5,36,0.009
2025-08-17,1,ÍBV,Valur,2,6,15,0.00375
2025-08-17,1,ÍBV,Valur,2,7,7,0.00175
2025-08-17,1,ÍBV,Valur,2,8,2,5e-4
2025-08-17,1,ÍBV,Valur,2,9,1,2.5e-4
2025-08-17,1,ÍBV,Valur,3,0,50,0.0125
2025-08-17,1,ÍBV,Valur,3,1,82,0.0205
2025-08-17,1,ÍBV,Valur,3,2,100,0.025
2025-08-17,1,ÍBV,Valur,3,3,75,0.01875
2025-08-17,1,ÍBV,Valur,3,4,46,0.0115
2025-08-17,1,ÍBV,Valur,3,5,20,0.005
2025-08-17,1,ÍBV,Valur,3,6,9,0.00225
2025-08-17,1,ÍBV,Valur,3,7,2,5e-4
2025-08-17,1,ÍBV,Valur,4,0,11,0.00275
2025-08-17,1,ÍBV,Valur,4,1,31,0.00775
2025-08-17,1,ÍBV,Valur,4,2,27,0.00675
2025-08-17,1,ÍBV,Valur,4,3,22,0.0055
2025-08-17,1,ÍBV,Valur,4,4,14,0.0035
2025-08-17,1,ÍBV,Valur,4,5,2,5e-4
2025-08-17,1,ÍBV,Valur,4,6,2,5e-4
2025-08-17,1,ÍBV,Valur,5,0,5,0.00125
2025-08-17,1,ÍBV,Valur,5,1,12,0.003
2025-08-17,1,ÍBV,Valur,5,2,8,0.002
2025-08-17,1,ÍBV,Valur,5,3,6,0.0015
2025-08-17,1,ÍBV,Valur,5,4,4,0.001
2025-08-17,1,ÍBV,Valur,5,5,1,2.5e-4
2025-08-17,1,ÍBV,Valur,5,6,1,2.5e-4
2025-08-17,1,ÍBV,Valur,6,1,2,5e-4
2025-08-17,1,ÍBV,Valur,6,2,1,2.5e-4
2025-08-17,1,ÍBV,Valur,6,5,1,2.5e-4
2025-08-17,1,ÍBV,Valur,7,1,2,5e-4
2025-08-17,1,ÍBV,Valur,7,2,1,2.5e-4
2025-08-17,1,ÍBV,Valur,7,3,1,2.5e-4
2025-08-17,1,ÍBV,Valur,7,4,1,2.5e-4
2025-08-18,1,Fram,KR,0,0,302,0.0755
2025-08-18,1,Fram,KR,0,1,349,0.08725
2025-08-18,1,Fram,KR,0,2,218,0.0545
2025-08-18,1,Fram,KR,0,3,104,0.026
2025-08-18,1,Fram,KR,0,4,31,0.00775
2025-08-18,1,Fram,KR,0,5,11,0.00275
2025-08-18,1,Fram,KR,0,6,2,5e-4
2025-08-18,1,Fram,KR,0,7,2,5e-4
2025-08-18,1,Fram,KR,1,0,360,0.09
2025-08-18,1,Fram,KR,1,1,493,0.12325
2025-08-18,1,Fram,KR,1,2,310,0.0775
2025-08-18,1,Fram,KR,1,3,163,0.04075
2025-08-18,1,Fram,KR,1,4,56,0.014
2025-08-18,1,Fram,KR,1,5,21,0.00525
2025-08-18,1,Fram,KR,1,6,3,7.5e-4
2025-08-18,1,Fram,KR,1,7,1,2.5e-4
2025-08-18,1,Fram,KR,1,8,1,2.5e-4
2025-08-18,1,Fram,KR,2,0,222,0.0555
2025-08-18,1,Fram,KR,2,1,311,0.07775
2025-08-18,1,Fram,KR,2,2,229,0.05725
2025-08-18,1,Fram,KR,2,3,94,0.0235
2025-08-18,1,Fram,KR,2,4,29,0.00725
2025-08-18,1,Fram,KR,2,5,8,0.002
2025-08-18,1,Fram,KR,2,6,4,0.001
2025-08-18,1,Fram,KR,2,8,1,2.5e-4
2025-08-18,1,Fram,KR,2,9,1,2.5e-4
2025-08-18,1,Fram,KR,3,0,124,0.031
2025-08-18,1,Fram,KR,3,1,153,0.03825
2025-08-18,1,Fram,KR,3,2,114,0.0285
2025-08-18,1,Fram,KR,3,3,59,0.01475
2025-08-18,1,Fram,KR,3,4,16,0.004
2025-08-18,1,Fram,KR,3,5,8,0.002
2025-08-18,1,Fram,KR,3,6,2,5e-4
2025-08-18,1,Fram,KR,3,9,1,2.5e-4
2025-08-18,1,Fram,KR,4,0,30,0.0075
2025-08-18,1,Fram,KR,4,1,53,0.01325
2025-08-18,1,Fram,KR,4,2,28,0.007
2025-08-18,1,Fram,KR,4,3,17,0.00425
2025-08-18,1,Fram,KR,4,4,7,0.00175
2025-08-18,1,Fram,KR,4,5,3,7.5e-4
2025-08-18,1,Fram,KR,5,0,12,0.003
2025-08-18,1,Fram,KR,5,1,19,0.00475
2025-08-18,1,Fram,KR,5,2,8,0.002
2025-08-18,1,Fram,KR,5,3,3,7.5e-4
2025-08-18,1,Fram,KR,5,4,4,0.001
2025-08-18,1,Fram,KR,5,5,3,7.5e-4
2025-08-18,1,Fram,KR,5,6,1,2.5e-4
2025-08-18,1,Fram,KR,6,0,1,2.5e-4
2025-08-18,1,Fram,KR,6,1,2,5e-4
2025-08-18,1,Fram,KR,6,2,2,5e-4
2025-08-18,1,Fram,KR,6,3,1,2.5e-4
2025-08-18,1,Fram,KR,7,1,2,5e-4
2025-08-18,1,Fram,KR,7,4,1,2.5e-4
2025-08-24,1,FH,ÍBV,0,0,104,0.026
2025-08-24,1,FH,ÍBV,0,1,84,0.021
2025-08-24,1,FH,ÍBV,0,2,47,0.01175
2025-08-24,1,FH,ÍBV,0,3,22,0.0055
2025-08-24,1,FH,ÍBV,0,4,4,0.001
2025-08-24,1,FH,ÍBV,0,5,1,2.5e-4
2025-08-24,1,FH,ÍBV,1,0,205,0.05125
2025-08-24,1,FH,ÍBV,1,1,228,0.057
2025-08-24,1,FH,ÍBV,1,2,115,0.02875
2025-08-24,1,FH,ÍBV,1,3,37,0.00925
2025-08-24,1,FH,ÍBV,1,4,12,0.003
2025-08-24,1,FH,ÍBV,1,5,1,2.5e-4
2025-08-24,1,FH,ÍBV,2,0,329,0.08225
2025-08-24,1,FH,ÍBV,2,1,292,0.073
2025-08-24,1,FH,ÍBV,2,2,165,0.04125
2025-08-24,1,FH,ÍBV,2,3,58,0.0145
2025-08-24,1,FH,ÍBV,2,4,16,0.004
2025-08-24,1,FH,ÍBV,2,5,7,0.00175
2025-08-24,1,FH,ÍBV,2,6,3,7.5e-4
2025-08-24,1,FH,ÍBV,3,0,323,0.08075
2025-08-24,1,FH,ÍBV,3,1,290,0.0725
2025-08-24,1,FH,ÍBV,3,2,165,0.04125
2025-08-24,1,FH,ÍBV,3,3,57,0.01425
2025-08-24,1,FH,ÍBV,3,4,14,0.0035
2025-08-24,1,FH,ÍBV,3,5,2,5e-4
2025-08-24,1,FH,ÍBV,4,0,239,0.05975
2025-08-24,1,FH,ÍBV,4,1,208,0.052
2025-08-24,1,FH,ÍBV,4,2,114,0.0285
2025-08-24,1,FH,ÍBV,4,3,45,0.01125
2025-08-24,1,FH,ÍBV,4,4,15,0.00375
2025-08-24,1,FH,ÍBV,4,5,4,0.001
2025-08-24,1,FH,ÍBV,4,6,1,2.5e-4
2025-08-24,1,FH,ÍBV,4,7,1,2.5e-4
2025-08-24,1,FH,ÍBV,5,0,139,0.03475
2025-08-24,1,FH,ÍBV,5,1,138,0.0345
2025-08-24,1,FH,ÍBV,5,2,72,0.018
2025-08-24,1,FH,ÍBV,5,3,24,0.006
2025-08-24,1,FH,ÍBV,5,4,8,0.002
2025-08-24,1,FH,ÍBV,5,5,1,2.5e-4
2025-08-24,1,FH,ÍBV,5,6,1,2.5e-4
2025-08-24,1,FH,ÍBV,6,0,76,0.019
2025-08-24,1,FH,ÍBV,6,1,69,0.01725
2025-08-24,1,FH,ÍBV,6,2,36,0.009
2025-08-24,1,FH,ÍBV,6,3,18,0.0045
2025-08-24,1,FH,ÍBV,6,4,1,2.5e-4
2025-08-24,1,FH,ÍBV,6,5,2,5e-4
2025-08-24,1,FH,ÍBV,7,0,34,0.0085
2025-08-24,1,FH,ÍBV,7,1,41,0.01025
2025-08-24,1,FH,ÍBV,7,2,25,0.00625
2025-08-24,1,FH,ÍBV,7,3,14,0.0035
2025-08-24,1,FH,ÍBV,7,4,3,7.5e-4
2025-08-24,1,FH,ÍBV,8,0,20,0.005
2025-08-24,1,FH,ÍBV,8,1,19,0.00475
2025-08-24,1,FH,ÍBV,8,2,16,0.004
2025-08-24,1,FH,ÍBV,8,3,3,7.5e-4
2025-08-24,1,FH,ÍBV,8,4,1,2.5e-4
2025-08-24,1,FH,ÍBV,9,0,5,0.00125
2025-08-24,1,FH,ÍBV,9,1,8,0.002
2025-08-24,1,FH,ÍBV,9,2,4,0.001
2025-08-24,1,FH,ÍBV,9,4,1,2.5e-4
2025-08-24,1,FH,ÍBV,9,5,1,2.5e-4
2025-08-24,1,FH,ÍBV,10,0,1,2.5e-4
2025-08-24,1,FH,ÍBV,10,1,5,0.00125
2025-08-24,1,FH,ÍBV,10,2,2,5e-4
2025-08-24,1,FH,ÍBV,11,1,2,5e-4
2025-08-24,1,FH,ÍBV,11,2,2,5e-4
2025-08-24,1,KA,Fram,0,0,192,0.048
2025-08-24,1,KA,Fram,0,1,194,0.0485
2025-08-24,1,KA,Fram,0,2,131,0.03275
2025-08-24,1,KA,Fram,0,3,43,0.01075
2025-08-24,1,KA,Fram,0,4,9,0.00225
2025-08-24,1,KA,Fram,0,5,4,0.001
2025-08-24,1,KA,Fram,0,6,3,7.5e-4
2025-08-24,1,KA,Fram,1,0,322,0.0805
2025-08-24,1,KA,Fram,1,1,386,0.0965
2025-08-24,1,KA,Fram,1,2,205,0.05125
2025-08-24,1,KA,Fram,1,3,97,0.02425
2025-08-24,1,KA,Fram,1,4,25,0.00625
2025-08-24,1,KA,Fram,1,5,6,0.0015
2025-08-24,1,KA,Fram,1,6,2,5e-4
2025-08-24,1,KA,Fram,1,7,1,2.5e-4
2025-08-24,1,KA,Fram,2,0,321,0.08025
2025-08-24,1,KA,Fram,2,1,374,0.0935
2025-08-24,1,KA,Fram,2,2,238,0.0595
2025-08-24,1,KA,Fram,2,3,83,0.02075
2025-08-24,1,KA,Fram,2,4,29,0.00725
2025-08-24,1,KA,Fram,2,5,2,5e-4
2025-08-24,1,KA,Fram,2,6,4,0.001
2025-08-24,1,KA,Fram,3,0,198,0.0495
2025-08-24,1,KA,Fram,3,1,245,0.06125
2025-08-24,1,KA,Fram,3,2,132,0.033
2025-08-24,1,KA,Fram,3,3,62,0.0155
2025-08-24,1,KA,Fram,3,4,26,0.0065
2025-08-24,1,KA,Fram,3,5,11,0.00275
2025-08-24,1,KA,Fram,3,6,2,5e-4
2025-08-24,1,KA,Fram,3,7,2,5e-4
2025-08-24,1,KA,Fram,4,0,116,0.029
2025-08-24,1,KA,Fram,4,1,133,0.03325
2025-08-24,1,KA,Fram,4,2,73,0.01825
2025-08-24,1,KA,Fram,4,3,31,0.00775
2025-08-24,1,KA,Fram,4,4,16,0.004
2025-08-24,1,KA,Fram,4,5,5,0.00125
2025-08-24,1,KA,Fram,4,6,1,2.5e-4
2025-08-24,1,KA,Fram,5,0,53,0.01325
2025-08-24,1,KA,Fram,5,1,51,0.01275
2025-08-24,1,KA,Fram,5,2,38,0.0095
2025-08-24,1,KA,Fram,5,3,22,0.0055
2025-08-24,1,KA,Fram,5,4,2,5e-4
2025-08-24,1,KA,Fram,5,5,2,5e-4
2025-08-24,1,KA,Fram,5,7,1,2.5e-4
2025-08-24,1,KA,Fram,6,0,22,0.0055
2025-08-24,1,KA,Fram,6,1,28,0.007
2025-08-24,1,KA,Fram,6,2,18,0.0045
2025-08-24,1,KA,Fram,6,3,7,0.00175
2025-08-24,1,KA,Fram,6,4,3,7.5e-4
2025-08-24,1,KA,Fram,6,5,1,2.5e-4
2025-08-24,1,KA,Fram,7,0,9,0.00225
2025-08-24,1,KA,Fram,7,1,6,0.0015
2025-08-24,1,KA,Fram,7,2,3,7.5e-4
2025-08-24,1,KA,Fram,7,3,1,2.5e-4
2025-08-24,1,KA,Fram,7,4,2,5e-4
2025-08-24,1,KA,Fram,8,0,1,2.5e-4
2025-08-24,1,KA,Fram,8,1,1,2.5e-4
2025-08-24,1,KA,Fram,8,2,2,5e-4
2025-08-24,1,KA,Fram,8,3,1,2.5e-4
2025-08-24,1,KA,Fram,9,1,1,2.5e-4
2025-08-24,1,KA,Fram,9,2,1,2.5e-4
2025-08-24,1,Víkingur R.,Vestri,0,0,139,0.03475
2025-08-24,1,Víkingur R.,Vestri,0,1,247,0.06175
2025-08-24,1,Víkingur R.,Vestri,0,2,266,0.0665
2025-08-24,1,Víkingur R.,Vestri,0,3,166,0.0415
2025-08-24,1,Víkingur R.,Vestri,0,4,99,0.02475
2025-08-24,1,Víkingur R.,Vestri,0,5,30,0.0075
2025-08-24,1,Víkingur R.,Vestri,0,6,14,0.0035
2025-08-24,1,Víkingur R.,Vestri,0,7,5,0.00125
2025-08-24,1,Víkingur R.,Vestri,0,8,2,5e-4
2025-08-24,1,Víkingur R.,Vestri,1,0,159,0.03975
2025-08-24,1,Víkingur R.,Vestri,1,1,364,0.091
2025-08-24,1,Víkingur R.,Vestri,1,2,306,0.0765
2025-08-24,1,Víkingur R.,Vestri,1,3,243,0.06075
2025-08-24,1,Víkingur R.,Vestri,1,4,122,0.0305
2025-08-24,1,Víkingur R.,Vestri,1,5,53,0.01325
2025-08-24,1,Víkingur R.,Vestri,1,6,24,0.006
2025-08-24,1,Víkingur R.,Vestri,1,7,2,5e-4
2025-08-24,1,Víkingur R.,Vestri,1,8,4,0.001
2025-08-24,1,Víkingur R.,Vestri,2,0,119,0.02975
2025-08-24,1,Víkingur R.,Vestri,2,1,256,0.064
2025-08-24,1,Víkingur R.,Vestri,2,2,284,0.071
2025-08-24,1,Víkingur R.,Vestri,2,3,150,0.0375
2025-08-24,1,Víkingur R.,Vestri,2,4,84,0.021
2025-08-24,1,Víkingur R.,Vestri,2,5,46,0.0115
2025-08-24,1,Víkingur R.,Vestri,2,6,12,0.003
2025-08-24,1,Víkingur R.,Vestri,2,7,10,0.0025
2025-08-24,1,Víkingur R.,Vestri,2,8,2,5e-4
2025-08-24,1,Víkingur R.,Vestri,3,0,70,0.0175
2025-08-24,1,Víkingur R.,Vestri,3,1,106,0.0265
2025-08-24,1,Víkingur R.,Vestri,3,2,146,0.0365
2025-08-24,1,Víkingur R.,Vestri,3,3,98,0.0245
2025-08-24,1,Víkingur R.,Vestri,3,4,50,0.0125
2025-08-24,1,Víkingur R.,Vestri,3,5,25,0.00625
2025-08-24,1,Víkingur R.,Vestri,3,6,8,0.002
2025-08-24,1,Víkingur R.,Vestri,3,7,6,0.0015
2025-08-24,1,Víkingur R.,Vestri,3,9,3,7.5e-4
2025-08-24,1,Víkingur R.,Vestri,4,0,23,0.00575
2025-08-24,1,Víkingur R.,Vestri,4,1,53,0.01325
2025-08-24,1,Víkingur R.,Vestri,4,2,56,0.014
2025-08-24,1,Víkingur R.,Vestri,4,3,39,0.00975
2025-08-24,1,Víkingur R.,Vestri,4,4,20,0.005
2025-08-24,1,Víkingur R.,Vestri,4,5,6,0.0015
2025-08-24,1,Víkingur R.,Vestri,4,6,5,0.00125
2025-08-24,1,Víkingur R.,Vestri,4,8,1,2.5e-4
2025-08-24,1,Víkingur R.,Vestri,5,0,6,0.0015
2025-08-24,1,Víkingur R.,Vestri,5,1,10,0.0025
2025-08-24,1,Víkingur R.,Vestri,5,2,15,0.00375
2025-08-24,1,Víkingur R.,Vestri,5,3,9,0.00225
2025-08-24,1,Víkingur R.,Vestri,5,4,8,0.002
2025-08-24,1,Víkingur R.,Vestri,5,5,6,0.0015
2025-08-24,1,Víkingur R.,Vestri,5,6,2,5e-4
2025-08-24,1,Víkingur R.,Vestri,6,0,1,2.5e-4
2025-08-24,1,Víkingur R.,Vestri,6,1,4,0.001
2025-08-24,1,Víkingur R.,Vestri,6,2,4,0.001
2025-08-24,1,Víkingur R.,Vestri,6,3,8,0.002
2025-08-24,1,Víkingur R.,Vestri,6,4,1,2.5e-4
2025-08-24,1,Víkingur R.,Vestri,6,5,1,2.5e-4
2025-08-24,1,Víkingur R.,Vestri,6,6,1,2.5e-4
2025-08-24,1,Víkingur R.,Vestri,8,3,1,2.5e-4
2025-08-24,1,ÍA,Breiðablik,0,0,73,0.01825
2025-08-24,1,ÍA,Breiðablik,0,1,92,0.023
2025-08-24,1,ÍA,Breiðablik,0,2,84,0.021
2025-08-24,1,ÍA,Breiðablik,0,3,50,0.0125
2025-08-24,1,ÍA,Breiðablik,0,4,21,0.00525
2025-08-24,1,ÍA,Breiðablik,0,5,8,0.002
2025-08-24,1,ÍA,Breiðablik,0,6,6,0.0015
2025-08-24,1,ÍA,Breiðablik,0,7,3,7.5e-4
2025-08-24,1,ÍA,Breiðablik,0,8,1,2.5e-4
2025-08-24,1,ÍA,Breiðablik,1,0,136,0.034
2025-08-24,1,ÍA,Breiðablik,1,1,226,0.0565
2025-08-24,1,ÍA,Breiðablik,1,2,225,0.05625
2025-08-24,1,ÍA,Breiðablik,1,3,110,0.0275
2025-08-24,1,ÍA,Breiðablik,1,4,67,0.01675
2025-08-24,1,ÍA,Breiðablik,1,5,22,0.0055
2025-08-24,1,ÍA,Breiðablik,1,6,10,0.0025
2025-08-24,1,ÍA,Breiðablik,1,7,3,7.5e-4
2025-08-24,1,ÍA,Breiðablik,1,9,1,2.5e-4
2025-08-24,1,ÍA,Breiðablik,2,0,167,0.04175
2025-08-24,1,ÍA,Breiðablik,2,1,272,0.068
2025-08-24,1,ÍA,Breiðablik,2,2,217,0.05425
2025-08-24,1,ÍA,Breiðablik,2,3,170,0.0425
2025-08-24,1,ÍA,Breiðablik,2,4,77,0.01925
2025-08-24,1,ÍA,Breiðablik,2,5,41,0.01025
2025-08-24,1,ÍA,Breiðablik,2,6,12,0.003
2025-08-24,1,ÍA,Breiðablik,2,7,4,0.001
2025-08-24,1,ÍA,Breiðablik,2,8,1,2.5e-4
2025-08-24,1,ÍA,Breiðablik,3,0,144,0.036
2025-08-24,1,ÍA,Breiðablik,3,1,209,0.05225
2025-08-24,1,ÍA,Breiðablik,3,2,211,0.05275
2025-08-24,1,ÍA,Breiðablik,3,3,126,0.0315
2025-08-24,1,ÍA,Breiðablik,3,4,93,0.02325
2025-08-24,1,ÍA,Breiðablik,3,5,27,0.00675
2025-08-24,1,ÍA,Breiðablik,3,6,11,0.00275
2025-08-24,1,ÍA,Breiðablik,3,7,2,5e-4
2025-08-24,1,ÍA,Breiðablik,3,8,1,2.5e-4
2025-08-24,1,ÍA,Breiðablik,4,0,80,0.02
2025-08-24,1,ÍA,Breiðablik,4,1,161,0.04025
2025-08-24,1,ÍA,Breiðablik,4,2,147,0.03675
2025-08-24,1,ÍA,Breiðablik,4,3,94,0.0235
2025-08-24,1,ÍA,Breiðablik,4,4,40,0.01
2025-08-24,1,ÍA,Breiðablik,4,5,27,0.00675
2025-08-24,1,ÍA,Breiðablik,4,6,14,0.0035
2025-08-24,1,ÍA,Breiðablik,4,8,1,2.5e-4
2025-08-24,1,ÍA,Breiðablik,5,0,51,0.01275
2025-08-24,1,ÍA,Breiðablik,5,1,81,0.02025
2025-08-24,1,ÍA,Breiðablik,5,2,63,0.01575
2025-08-24,1,ÍA,Breiðablik,5,3,47,0.01175
2025-08-24,1,ÍA,Breiðablik,5,4,25,0.00625
2025-08-24,1,ÍA,Breiðablik,5,5,12,0.003
2025-08-24,1,ÍA,Breiðablik,5,6,5,0.00125
2025-08-24,1,ÍA,Breiðablik,6,0,19,0.00475
2025-08-24,1,ÍA,Breiðablik,6,1,34,0.0085
2025-08-24,1,ÍA,Breiðablik,6,2,52,0.013
2025-08-24,1,ÍA,Breiðablik,6,3,20,0.005
2025-08-24,1,ÍA,Breiðablik,6,4,11,0.00275
2025-08-24,1,ÍA,Breiðablik,6,5,4,0.001
2025-08-24,1,ÍA,Breiðablik,6,6,2,5e-4
2025-08-24,1,ÍA,Breiðablik,6,7,2,5e-4
2025-08-24,1,ÍA,Breiðablik,7,0,8,0.002
2025-08-24,1,ÍA,Breiðablik,7,1,15,0.00375
2025-08-24,1,ÍA,Breiðablik,7,2,11,0.00275
2025-08-24,1,ÍA,Breiðablik,7,3,11,0.00275
2025-08-24,1,ÍA,Breiðablik,7,4,3,7.5e-4
2025-08-24,1,ÍA,Breiðablik,7,5,2,5e-4
2025-08-24,1,ÍA,Breiðablik,8,0,3,7.5e-4
2025-08-24,1,ÍA,Breiðablik,8,1,9,0.00225
2025-08-24,1,ÍA,Breiðablik,8,2,5,0.00125
2025-08-24,1,ÍA,Breiðablik,8,3,3,7.5e-4
2025-08-24,1,ÍA,Breiðablik,8,4,2,5e-4
2025-08-24,1,ÍA,Breiðablik,8,5,3,7.5e-4
2025-08-24,1,ÍA,Breiðablik,9,1,1,2.5e-4
2025-08-24,1,ÍA,Breiðablik,9,2,3,7.5e-4
2025-08-24,1,ÍA,Breiðablik,9,3,3,7.5e-4
2025-08-24,1,ÍA,Breiðablik,9,4,1,2.5e-4
2025-08-24,1,ÍA,Breiðablik,10,8,1,2.5e-4
2025-08-24,1,ÍA,Breiðablik,11,4,1,2.5e-4
2025-08-25,1,KR,Stjarnan,0,0,217,0.05425
2025-08-25,1,KR,Stjarnan,0,1,235,0.05875
2025-08-25,1,KR,Stjarnan,0,2,131,0.03275
2025-08-25,1,KR,Stjarnan,0,3,65,0.01625
2025-08-25,1,KR,Stjarnan,0,4,22,0.0055
2025-08-25,1,KR,Stjarnan,0,5,6,0.0015
2025-08-25,1,KR,Stjarnan,0,6,2,5e-4
2025-08-25,1,KR,Stjarnan,0,7,1,2.5e-4
2025-08-25,1,KR,Stjarnan,0,8,1,2.5e-4
2025-08-25,1,KR,Stjarnan,1,0,360,0.09
2025-08-25,1,KR,Stjarnan,1,1,402,0.1005
2025-08-25,1,KR,Stjarnan,1,2,231,0.05775
2025-08-25,1,KR,Stjarnan,1,3,120,0.03
2025-08-25,1,KR,Stjarnan,1,4,31,0.00775
2025-08-25,1,KR,Stjarnan,1,5,13,0.00325
2025-08-25,1,KR,Stjarnan,1,6,2,5e-4
2025-08-25,1,KR,Stjarnan,1,7,1,2.5e-4
2025-08-25,1,KR,Stjarnan,2,0,281,0.07025
2025-08-25,1,KR,Stjarnan,2,1,370,0.0925
2025-08-25,1,KR,Stjarnan,2,2,257,0.06425
2025-08-25,1,KR,Stjarnan,2,3,91,0.02275
2025-08-25,1,KR,Stjarnan,2,4,35,0.00875
2025-08-25,1,KR,Stjarnan,2,5,10,0.0025
2025-08-25,1,KR,Stjarnan,2,7,2,5e-4
2025-08-25,1,KR,Stjarnan,3,0,187,0.04675
2025-08-25,1,KR,Stjarnan,3,1,215,0.05375
2025-08-25,1,KR,Stjarnan,3,2,148,0.037
2025-08-25,1,KR,Stjarnan,3,3,55,0.01375
2025-08-25,1,KR,Stjarnan,3,4,24,0.006
2025-08-25,1,KR,Stjarnan,3,5,10,0.0025
2025-08-25,1,KR,Stjarnan,3,7,1,2.5e-4
2025-08-25,1,KR,Stjarnan,4,0,79,0.01975
2025-08-25,1,KR,Stjarnan,4,1,103,0.02575
2025-08-25,1,KR,Stjarnan,4,2,66,0.0165
2025-08-25,1,KR,Stjarnan,4,3,24,0.006
2025-08-25,1,KR,Stjarnan,4,4,9,0.00225
2025-08-25,1,KR,Stjarnan,4,5,3,7.5e-4
2025-08-25,1,KR,Stjarnan,5,0,29,0.00725
2025-08-25,1,KR,Stjarnan,5,1,39,0.00975
2025-08-25,1,KR,Stjarnan,5,2,28,0.007
2025-08-25,1,KR,Stjarnan,5,3,13,0.00325
2025-08-25,1,KR,Stjarnan,5,4,10,0.0025
2025-08-25,1,KR,Stjarnan,5,5,2,5e-4
2025-08-25,1,KR,Stjarnan,5,6,2,5e-4
2025-08-25,1,KR,Stjarnan,5,7,1,2.5e-4
2025-08-25,1,KR,Stjarnan,6,0,15,0.00375
2025-08-25,1,KR,Stjarnan,6,1,10,0.0025
2025-08-25,1,KR,Stjarnan,6,2,7,0.00175
2025-08-25,1,KR,Stjarnan,6,3,5,0.00125
2025-08-25,1,KR,Stjarnan,6,4,1,2.5e-4
2025-08-25,1,KR,Stjarnan,6,6,1,2.5e-4
2025-08-25,1,KR,Stjarnan,7,0,1,2.5e-4
2025-08-25,1,KR,Stjarnan,7,1,11,0.00275
2025-08-25,1,KR,Stjarnan,7,2,6,0.0015
2025-08-25,1,KR,Stjarnan,7,3,3,7.5e-4
2025-08-25,1,KR,Stjarnan,7,4,1,2.5e-4
2025-08-25,1,KR,Stjarnan,8,1,1,2.5e-4
2025-08-25,1,KR,Stjarnan,8,2,2,5e-4
2025-08-25,1,KR,Stjarnan,9,4,1,2.5e-4
2025-08-25,1,KR,Stjarnan,12,3,1,2.5e-4
2025-08-25,1,Valur,Afturelding,0,0,142,0.0355
2025-08-25,1,Valur,Afturelding,0,1,262,0.0655
2025-08-25,1,Valur,Afturelding,0,2,238,0.0595
2025-08-25,1,Valur,Afturelding,0,3,139,0.03475
2025-08-25,1,Valur,Afturelding,0,4,58,0.0145
2025-08-25,1,Valur,Afturelding,0,5,18,0.0045
2025-08-25,1,Valur,Afturelding,0,6,2,5e-4
2025-08-25,1,Valur,Afturelding,0,7,1,2.5e-4
2025-08-25,1,Valur,Afturelding,0,8,1,2.5e-4
2025-08-25,1,Valur,Afturelding,0,9,2,5e-4
2025-08-25,1,Valur,Afturelding,1,0,214,0.0535
2025-08-25,1,Valur,Afturelding,1,1,381,0.09525
2025-08-25,1,Valur,Afturelding,1,2,329,0.08225
2025-08-25,1,Valur,Afturelding,1,3,187,0.04675
2025-08-25,1,Valur,Afturelding,1,4,91,0.02275
2025-08-25,1,Valur,Afturelding,1,5,52,0.013
2025-08-25,1,Valur,Afturelding,1,6,13,0.00325
2025-08-25,1,Valur,Afturelding,1,7,1,2.5e-4
2025-08-25,1,Valur,Afturelding,1,8,1,2.5e-4
2025-08-25,1,Valur,Afturelding,1,10,1,2.5e-4
2025-08-25,1,Valur,Afturelding,2,0,155,0.03875
2025-08-25,1,Valur,Afturelding,2,1,281,0.07025
2025-08-25,1,Valur,Afturelding,2,2,262,0.0655
2025-08-25,1,Valur,Afturelding,2,3,148,0.037
2025-08-25,1,Valur,Afturelding,2,4,85,0.02125
2025-08-25,1,Valur,Afturelding,2,5,28,0.007
2025-08-25,1,Valur,Afturelding,2,6,9,0.00225
2025-08-25,1,Valur,Afturelding,2,7,6,0.0015
2025-08-25,1,Valur,Afturelding,3,0,87,0.02175
2025-08-25,1,Valur,Afturelding,3,1,175,0.04375
2025-08-25,1,Valur,Afturelding,3,2,131,0.03275
2025-08-25,1,Valur,Afturelding,3,3,92,0.023
2025-08-25,1,Valur,Afturelding,3,4,43,0.01075
2025-08-25,1,Valur,Afturelding,3,5,25,0.00625
2025-08-25,1,Valur,Afturelding,3,6,5,0.00125
2025-08-25,1,Valur,Afturelding,3,7,2,5e-4
2025-08-25,1,Valur,Afturelding,4,0,36,0.009
2025-08-25,1,Valur,Afturelding,4,1,77,0.01925
2025-08-25,1,Valur,Afturelding,4,2,46,0.0115
2025-08-25,1,Valur,Afturelding,4,3,38,0.0095
2025-08-25,1,Valur,Afturelding,4,4,13,0.00325
2025-08-25,1,Valur,Afturelding,4,5,10,0.0025
2025-08-25,1,Valur,Afturelding,4,6,3,7.5e-4
2025-08-25,1,Valur,Afturelding,4,8,1,2.5e-4
2025-08-25,1,Valur,Afturelding,5,0,11,0.00275
2025-08-25,1,Valur,Afturelding,5,1,21,0.00525
2025-08-25,1,Valur,Afturelding,5,2,20,0.005
2025-08-25,1,Valur,Afturelding,5,3,15,0.00375
2025-08-25,1,Valur,Afturelding,5,4,1,2.5e-4
2025-08-25,1,Valur,Afturelding,5,5,2,5e-4
2025-08-25,1,Valur,Afturelding,5,6,1,2.5e-4
2025-08-25,1,Valur,Afturelding,6,0,5,0.00125
2025-08-25,1,Valur,Afturelding,6,1,6,0.0015
2025-08-25,1,Valur,Afturelding,6,2,7,0.00175
2025-08-25,1,Valur,Afturelding,6,3,6,0.0015
2025-08-25,1,Valur,Afturelding,6,4,2,5e-4
2025-08-25,1,Valur,Afturelding,7,0,1,2.5e-4
2025-08-25,1,Valur,Afturelding,7,1,1,2.5e-4
2025-08-25,1,Valur,Afturelding,7,2,1,2.5e-4
2025-08-25,1,Valur,Afturelding,7,3,1,2.5e-4
2025-08-25,1,Valur,Afturelding,7,4,1,2.5e-4
2025-08-25,1,Valur,Afturelding,7,5,1,2.5e-4
2025-08-25,1,Valur,Afturelding,8,0,1,2.5e-4
2025-08-25,1,Valur,Afturelding,8,1,2,5e-4
2025-08-25,1,Valur,Afturelding,9,2,1,2.5e-4
2025-08-25,1,Valur,Afturelding,10,1,1,2.5e-4
2025-08-25,1,Valur,Afturelding,10,2,1,2.5e-4
2025-08-31,1,Afturelding,FH,0,0,188,0.047
2025-08-31,1,Afturelding,FH,0,1,217,0.05425
2025-08-31,1,Afturelding,FH,0,2,138,0.0345
2025-08-31,1,Afturelding,FH,0,3,58,0.0145
2025-08-31,1,Afturelding,FH,0,4,22,0.0055
2025-08-31,1,Afturelding,FH,0,5,8,0.002
2025-08-31,1,Afturelding,FH,0,6,1,2.5e-4
2025-08-31,1,Afturelding,FH,1,0,326,0.0815
2025-08-31,1,Afturelding,FH,1,1,404,0.101
2025-08-31,1,Afturelding,FH,1,2,261,0.06525
2025-08-31,1,Afturelding,FH,1,3,109,0.02725
2025-08-31,1,Afturelding,FH,1,4,43,0.01075
2025-08-31,1,Afturelding,FH,1,5,11,0.00275
2025-08-31,1,Afturelding,FH,1,7,2,5e-4
2025-08-31,1,Afturelding,FH,2,0,282,0.0705
2025-08-31,1,Afturelding,FH,2,1,370,0.0925
2025-08-31,1,Afturelding,FH,2,2,226,0.0565
2025-08-31,1,Afturelding,FH,2,3,80,0.02
2025-08-31,1,Afturelding,FH,2,4,44,0.011
2025-08-31,1,Afturelding,FH,2,5,11,0.00275
2025-08-31,1,Afturelding,FH,2,6,1,2.5e-4
2025-08-31,1,Afturelding,FH,3,0,186,0.0465
2025-08-31,1,Afturelding,FH,3,1,219,0.05475
2025-08-31,1,Afturelding,FH,3,2,148,0.037
2025-08-31,1,Afturelding,FH,3,3,67,0.01675
2025-08-31,1,Afturelding,FH,3,4,25,0.00625
2025-08-31,1,Afturelding,FH,3,5,1,2.5e-4
2025-08-31,1,Afturelding,FH,3,8,1,2.5e-4
2025-08-31,1,Afturelding,FH,4,0,83,0.02075
2025-08-31,1,Afturelding,FH,4,1,109,0.02725
2025-08-31,1,Afturelding,FH,4,2,78,0.0195
2025-08-31,1,Afturelding,FH,4,3,40,0.01
2025-08-31,1,Afturelding,FH,4,4,17,0.00425
2025-08-31,1,Afturelding,FH,4,5,5,0.00125
2025-08-31,1,Afturelding,FH,4,6,1,2.5e-4
2025-08-31,1,Afturelding,FH,5,0,43,0.01075
2025-08-31,1,Afturelding,FH,5,1,53,0.01325
2025-08-31,1,Afturelding,FH,5,2,39,0.00975
2025-08-31,1,Afturelding,FH,5,3,15,0.00375
2025-08-31,1,Afturelding,FH,5,4,4,0.001
2025-08-31,1,Afturelding,FH,5,5,4,0.001
2025-08-31,1,Afturelding,FH,5,6,1,2.5e-4
2025-08-31,1,Afturelding,FH,6,0,14,0.0035
2025-08-31,1,Afturelding,FH,6,1,17,0.00425
2025-08-31,1,Afturelding,FH,6,2,10,0.0025
2025-08-31,1,Afturelding,FH,6,3,3,7.5e-4
2025-08-31,1,Afturelding,FH,6,4,1,2.5e-4
2025-08-31,1,Afturelding,FH,7,0,4,0.001
2025-08-31,1,Afturelding,FH,7,1,6,0.0015
2025-08-31,1,Afturelding,FH,7,2,1,2.5e-4
2025-08-31,1,Afturelding,FH,8,0,2,5e-4
2025-08-31,1,Afturelding,FH,8,1,1,2.5e-4
2025-08-31,1,Fram,Valur,0,0,111,0.02775
2025-08-31,1,Fram,Valur,0,1,96,0.024
2025-08-31,1,Fram,Valur,0,2,48,0.012
2025-08-31,1,Fram,Valur,0,3,23,0.00575
2025-08-31,1,Fram,Valur,0,4,6,0.0015
2025-08-31,1,Fram,Valur,1,0,259,0.06475
2025-08-31,1,Fram,Valur,1,1,280,0.07
2025-08-31,1,Fram,Valur,1,2,144,0.036
2025-08-31,1,Fram,Valur,1,3,65,0.01625
2025-08-31,1,Fram,Valur,1,4,16,0.004
2025-08-31,1,Fram,Valur,1,5,3,7.5e-4
2025-08-31,1,Fram,Valur,2,0,281,0.07025
2025-08-31,1,Fram,Valur,2,1,293,0.07325
2025-08-31,1,Fram,Valur,2,2,199,0.04975
2025-08-31,1,Fram,Valur,2,3,76,0.019
2025-08-31,1,Fram,Valur,2,4,28,0.007
2025-08-31,1,Fram,Valur,2,5,8,0.002
2025-08-31,1,Fram,Valur,2,8,1,2.5e-4
2025-08-31,1,Fram,Valur,3,0,277,0.06925
2025-08-31,1,Fram,Valur,3,1,299,0.07475
2025-08-31,1,Fram,Valur,3,2,169,0.04225
2025-08-31,1,Fram,Valur,3,3,75,0.01875
2025-08-31,1,Fram,Valur,3,4,19,0.00475
2025-08-31,1,Fram,Valur,3,5,9,0.00225
2025-08-31,1,Fram,Valur,3,6,3,7.5e-4
2025-08-31,1,Fram,Valur,4,0,187,0.04675
2025-08-31,1,Fram,Valur,4,1,214,0.0535
2025-08-31,1,Fram,Valur,4,2,125,0.03125
2025-08-31,1,Fram,Valur,4,3,56,0.014
2025-08-31,1,Fram,Valur,4,4,11,0.00275
2025-08-31,1,Fram,Valur,4,5,2,5e-4
2025-08-31,1,Fram,Valur,4,6,2,5e-4
2025-08-31,1,Fram,Valur,5,0,97,0.02425
2025-08-31,1,Fram,Valur,5,1,93,0.02325
2025-08-31,1,Fram,Valur,5,2,64,0.016
2025-08-31,1,Fram,Valur,5,3,32,0.008
2025-08-31,1,Fram,Valur,5,4,8,0.002
2025-08-31,1,Fram,Valur,5,5,5,0.00125
2025-08-31,1,Fram,Valur,5,7,1,2.5e-4
2025-08-31,1,Fram,Valur,6,0,60,0.015
2025-08-31,1,Fram,Valur,6,1,61,0.01525
2025-08-31,1,Fram,Valur,6,2,44,0.011
2025-08-31,1,Fram,Valur,6,3,15,0.00375
2025-08-31,1,Fram,Valur,6,4,10,0.0025
2025-08-31,1,Fram,Valur,6,5,6,0.0015
2025-08-31,1,Fram,Valur,7,0,23,0.00575
2025-08-31,1,Fram,Valur,7,1,25,0.00625
2025-08-31,1,Fram,Valur,7,2,20,0.005
2025-08-31,1,Fram,Valur,7,3,9,0.00225
2025-08-31,1,Fram,Valur,7,4,1,2.5e-4
2025-08-31,1,Fram,Valur,8,0,7,0.00175
2025-08-31,1,Fram,Valur,8,1,16,0.004
2025-08-31,1,Fram,Valur,8,2,6,0.0015
2025-08-31,1,Fram,Valur,8,3,1,2.5e-4
2025-08-31,1,Fram,Valur,9,0,4,0.001
2025-08-31,1,Fram,Valur,9,1,3,7.5e-4
2025-08-31,1,Fram,Valur,9,2,2,5e-4
2025-08-31,1,Fram,Valur,10,1,1,2.5e-4
2025-08-31,1,Fram,Valur,11,4,1,2.5e-4
2025-08-31,1,Stjarnan,KA,0,0,122,0.0305
2025-08-31,1,Stjarnan,KA,0,1,206,0.0515
2025-08-31,1,Stjarnan,KA,0,2,255,0.06375
2025-08-31,1,Stjarnan,KA,0,3,164,0.041
2025-08-31,1,Stjarnan,KA,0,4,83,0.02075
2025-08-31,1,Stjarnan,KA,0,5,41,0.01025
2025-08-31,1,Stjarnan,KA,0,6,16,0.004
2025-08-31,1,Stjarnan,KA,0,7,3,7.5e-4
2025-08-31,1,Stjarnan,KA,0,8,2,5e-4
2025-08-31,1,Stjarnan,KA,0,9,1,2.5e-4
2025-08-31,1,Stjarnan,KA,1,0,183,0.04575
2025-08-31,1,Stjarnan,KA,1,1,356,0.089
2025-08-31,1,Stjarnan,KA,1,2,293,0.07325
2025-08-31,1,Stjarnan,KA,1,3,221,0.05525
2025-08-31,1,Stjarnan,KA,1,4,132,0.033
2025-08-31,1,Stjarnan,KA,1,5,62,0.0155
2025-08-31,1,Stjarnan,KA,1,6,19,0.00475
2025-08-31,1,Stjarnan,KA,1,7,5,0.00125
2025-08-31,1,Stjarnan,KA,1,8,6,0.0015
2025-08-31,1,Stjarnan,KA,1,9,2,5e-4
2025-08-31,1,Stjarnan,KA,2,0,121,0.03025
2025-08-31,1,Stjarnan,KA,2,1,251,0.06275
2025-08-31,1,Stjarnan,KA,2,2,238,0.0595
2025-08-31,1,Stjarnan,KA,2,3,203,0.05075
2025-08-31,1,Stjarnan,KA,2,4,111,0.02775
2025-08-31,1,Stjarnan,KA,2,5,29,0.00725
2025-08-31,1,Stjarnan,KA,2,6,17,0.00425
2025-08-31,1,Stjarnan,KA,2,7,5,0.00125
2025-08-31,1,Stjarnan,KA,2,8,4,0.001
2025-08-31,1,Stjarnan,KA,3,0,55,0.01375
2025-08-31,1,Stjarnan,KA,3,1,134,0.0335
2025-08-31,1,Stjarnan,KA,3,2,144,0.036
2025-08-31,1,Stjarnan,KA,3,3,98,0.0245
2025-08-31,1,Stjarnan,KA,3,4,56,0.014
2025-08-31,1,Stjarnan,KA,3,5,19,0.00475
2025-08-31,1,Stjarnan,KA,3,6,9,0.00225
2025-08-31,1,Stjarnan,KA,3,7,1,2.5e-4
2025-08-31,1,Stjarnan,KA,3,8,2,5e-4
2025-08-31,1,Stjarnan,KA,4,0,30,0.0075
2025-08-31,1,Stjarnan,KA,4,1,54,0.0135
2025-08-31,1,Stjarnan,KA,4,2,57,0.01425
2025-08-31,1,Stjarnan,KA,4,3,30,0.0075
2025-08-31,1,Stjarnan,KA,4,4,30,0.0075
2025-08-31,1,Stjarnan,KA,4,5,11,0.00275
2025-08-31,1,Stjarnan,KA,4,6,7,0.00175
2025-08-31,1,Stjarnan,KA,4,7,3,7.5e-4
2025-08-31,1,Stjarnan,KA,4,9,1,2.5e-4
2025-08-31,1,Stjarnan,KA,5,0,8,0.002
2025-08-31,1,Stjarnan,KA,5,1,22,0.0055
2025-08-31,1,Stjarnan,KA,5,2,22,0.0055
2025-08-31,1,Stjarnan,KA,5,3,11,0.00275
2025-08-31,1,Stjarnan,KA,5,4,5,0.00125
2025-08-31,1,Stjarnan,KA,5,5,9,0.00225
2025-08-31,1,Stjarnan,KA,5,6,1,2.5e-4
2025-08-31,1,Stjarnan,KA,6,0,1,2.5e-4
2025-08-31,1,Stjarnan,KA,6,1,7,0.00175
2025-08-31,1,Stjarnan,KA,6,2,2,5e-4
2025-08-31,1,Stjarnan,KA,6,3,9,0.00225
2025-08-31,1,Stjarnan,KA,6,4,2,5e-4
2025-08-31,1,Stjarnan,KA,6,5,1,2.5e-4
2025-08-31,1,Stjarnan,KA,6,6,3,7.5e-4
2025-08-31,1,Stjarnan,KA,7,1,2,5e-4
2025-08-31,1,Stjarnan,KA,8,3,2,5e-4
2025-08-31,1,Stjarnan,KA,9,1,1,2.5e-4
2025-08-31,1,Vestri,KR,0,0,158,0.0395
2025-08-31,1,Vestri,KR,0,1,168,0.042
2025-08-31,1,Vestri,KR,0,2,103,0.02575
2025-08-31,1,Vestri,KR,0,3,35,0.00875
2025-08-31,1,Vestri,KR,0,4,15,0.00375
2025-08-31,1,Vestri,KR,0,5,3,7.5e-4
2025-08-31,1,Vestri,KR,0,7,1,2.5e-4
2025-08-31,1,Vestri,KR,1,0,295,0.07375
2025-08-31,1,Vestri,KR,1,1,342,0.0855
2025-08-31,1,Vestri,KR,1,2,206,0.0515
2025-08-31,1,Vestri,KR,1,3,78,0.0195
2025-08-31,1,Vestri,KR,1,4,21,0.00525
2025-08-31,1,Vestri,KR,1,5,11,0.00275
2025-08-31,1,Vestri,KR,1,6,2,5e-4
2025-08-31,1,Vestri,KR,2,0,300,0.075
2025-08-31,1,Vestri,KR,2,1,374,0.0935
2025-08-31,1,Vestri,KR,2,2,221,0.05525
2025-08-31,1,Vestri,KR,2,3,97,0.02425
2025-08-31,1,Vestri,KR,2,4,25,0.00625
2025-08-31,1,Vestri,KR,2,5,4,0.001
2025-08-31,1,Vestri,KR,2,6,2,5e-4
2025-08-31,1,Vestri,KR,2,7,1,2.5e-4
2025-08-31,1,Vestri,KR,3,0,251,0.06275
2025-08-31,1,Vestri,KR,3,1,258,0.0645
2025-08-31,1,Vestri,KR,3,2,160,0.04
2025-08-31,1,Vestri,KR,3,3,71,0.01775
2025-08-31,1,Vestri,KR,3,4,21,0.00525
2025-08-31,1,Vestri,KR,3,5,5,0.00125
2025-08-31,1,Vestri,KR,3,6,1,2.5e-4
2025-08-31,1,Vestri,KR,4,0,125,0.03125
2025-08-31,1,Vestri,KR,4,1,149,0.03725
2025-08-31,1,Vestri,KR,4,2,85,0.02125
2025-08-31,1,Vestri,KR,4,3,47,0.01175
2025-08-31,1,Vestri,KR,4,4,15,0.00375
2025-08-31,1,Vestri,KR,4,5,3,7.5e-4
2025-08-31,1,Vestri,KR,4,6,1,2.5e-4
2025-08-31,1,Vestri,KR,4,7,1,2.5e-4
2025-08-31,1,Vestri,KR,5,0,70,0.0175
2025-08-31,1,Vestri,KR,5,1,67,0.01675
2025-08-31,1,Vestri,KR,5,2,41,0.01025
2025-08-31,1,Vestri,KR,5,3,17,0.00425
2025-08-31,1,Vestri,KR,5,4,5,0.00125
2025-08-31,1,Vestri,KR,5,5,4,0.001
2025-08-31,1,Vestri,KR,5,6,1,2.5e-4
2025-08-31,1,Vestri,KR,6,0,28,0.007
2025-08-31,1,Vestri,KR,6,1,35,0.00875
2025-08-31,1,Vestri,KR,6,2,16,0.004
2025-08-31,1,Vestri,KR,6,3,5,0.00125
2025-08-31,1,Vestri,KR,6,4,1,2.5e-4
2025-08-31,1,Vestri,KR,6,5,1,2.5e-4
2025-08-31,1,Vestri,KR,7,0,14,0.0035
2025-08-31,1,Vestri,KR,7,1,13,0.00325
2025-08-31,1,Vestri,KR,7,2,5,0.00125
2025-08-31,1,Vestri,KR,7,3,3,7.5e-4
2025-08-31,1,Vestri,KR,7,4,1,2.5e-4
2025-08-31,1,Vestri,KR,8,0,3,7.5e-4
2025-08-31,1,Vestri,KR,8,1,5,0.00125
2025-08-31,1,Vestri,KR,8,2,4,0.001
2025-08-31,1,Vestri,KR,8,3,1,2.5e-4
2025-08-31,1,Vestri,KR,8,8,1,2.5e-4
2025-08-31,1,Vestri,KR,9,0,2,5e-4
2025-08-31,1,Vestri,KR,9,1,1,2.5e-4
2025-08-31,1,Vestri,KR,10,0,1,2.5e-4
2025-08-31,1,Víkingur R.,Breiðablik,0,0,419,0.10475
2025-08-31,1,Víkingur R.,Breiðablik,0,1,406,0.1015
2025-08-31,1,Víkingur R.,Breiðablik,0,2,207,0.05175
2025-08-31,1,Víkingur R.,Breiðablik,0,3,81,0.02025
2025-08-31,1,Víkingur R.,Breiðablik,0,4,26,0.0065
2025-08-31,1,Víkingur R.,Breiðablik,0,5,5,0.00125
2025-08-31,1,Víkingur R.,Breiðablik,0,6,1,2.5e-4
2025-08-31,1,Víkingur R.,Breiðablik,1,0,484,0.121
2025-08-31,1,Víkingur R.,Breiðablik,1,1,524,0.131
2025-08-31,1,Víkingur R.,Breiðablik,1,2,266,0.0665
2025-08-31,1,Víkingur R.,Breiðablik,1,3,100,0.025
2025-08-31,1,Víkingur R.,Breiðablik,1,4,25,0.00625
2025-08-31,1,Víkingur R.,Breiðablik,1,5,6,0.0015
2025-08-31,1,Víkingur R.,Breiðablik,2,0,326,0.0815
2025-08-31,1,Víkingur R.,Breiðablik,2,1,267,0.06675
2025-08-31,1,Víkingur R.,Breiðablik,2,2,182,0.0455
2025-08-31,1,Víkingur R.,Breiðablik,2,3,65,0.01625
2025-08-31,1,Víkingur R.,Breiðablik,2,4,14,0.0035
2025-08-31,1,Víkingur R.,Breiðablik,2,5,4,0.001
2025-08-31,1,Víkingur R.,Breiðablik,2,7,2,5e-4
2025-08-31,1,Víkingur R.,Breiðablik,2,8,1,2.5e-4
2025-08-31,1,Víkingur R.,Breiðablik,3,0,148,0.037
2025-08-31,1,Víkingur R.,Breiðablik,3,1,137,0.03425
2025-08-31,1,Víkingur R.,Breiðablik,3,2,79,0.01975
2025-08-31,1,Víkingur R.,Breiðablik,3,3,36,0.009
2025-08-31,1,Víkingur R.,Breiðablik,3,4,5,0.00125
2025-08-31,1,Víkingur R.,Breiðablik,3,5,1,2.5e-4
2025-08-31,1,Víkingur R.,Breiðablik,3,7,1,2.5e-4
2025-08-31,1,Víkingur R.,Breiðablik,4,0,46,0.0115
2025-08-31,1,Víkingur R.,Breiðablik,4,1,50,0.0125
2025-08-31,1,Víkingur R.,Breiðablik,4,2,27,0.00675
2025-08-31,1,Víkingur R.,Breiðablik,4,3,3,7.5e-4
2025-08-31,1,Víkingur R.,Breiðablik,4,4,5,0.00125
2025-08-31,1,Víkingur R.,Breiðablik,4,5,2,5e-4
2025-08-31,1,Víkingur R.,Breiðablik,4,6,2,5e-4
2025-08-31,1,Víkingur R.,Breiðablik,5,0,8,0.002
2025-08-31,1,Víkingur R.,Breiðablik,5,1,16,0.004
2025-08-31,1,Víkingur R.,Breiðablik,5,2,5,0.00125
2025-08-31,1,Víkingur R.,Breiðablik,5,3,4,0.001
2025-08-31,1,Víkingur R.,Breiðablik,5,4,2,5e-4
2025-08-31,1,Víkingur R.,Breiðablik,5,5,1,2.5e-4
2025-08-31,1,Víkingur R.,Breiðablik,6,0,3,7.5e-4
2025-08-31,1,Víkingur R.,Breiðablik,6,1,3,7.5e-4
2025-08-31,1,Víkingur R.,Breiðablik,6,2,2,5e-4
2025-08-31,1,Víkingur R.,Breiðablik,6,3,1,2.5e-4
2025-08-31,1,Víkingur R.,Breiðablik,7,2,1,2.5e-4
2025-08-31,1,Víkingur R.,Breiðablik,7,3,1,2.5e-4
2025-08-31,1,ÍBV,ÍA,0,0,206,0.0515
2025-08-31,1,ÍBV,ÍA,0,1,275,0.06875
2025-08-31,1,ÍBV,ÍA,0,2,203,0.05075
2025-08-31,1,ÍBV,ÍA,0,3,89,0.02225
2025-08-31,1,ÍBV,ÍA,0,4,35,0.00875
2025-08-31,1,ÍBV,ÍA,0,5,13,0.00325
2025-08-31,1,ÍBV,ÍA,0,6,4,0.001
2025-08-31,1,ÍBV,ÍA,0,7,1,2.5e-4
2025-08-31,1,ÍBV,ÍA,1,0,271,0.06775
2025-08-31,1,ÍBV,ÍA,1,1,432,0.108
2025-08-31,1,ÍBV,ÍA,1,2,285,0.07125
2025-08-31,1,ÍBV,ÍA,1,3,156,0.039
2025-08-31,1,ÍBV,ÍA,1,4,67,0.01675
2025-08-31,1,ÍBV,ÍA,1,5,23,0.00575
2025-08-31,1,ÍBV,ÍA,1,6,12,0.003
2025-08-31,1,ÍBV,ÍA,1,7,1,2.5e-4
2025-08-31,1,ÍBV,ÍA,2,0,227,0.05675
2025-08-31,1,ÍBV,ÍA,2,1,329,0.08225
2025-08-31,1,ÍBV,ÍA,2,2,253,0.06325
2025-08-31,1,ÍBV,ÍA,2,3,127,0.03175
2025-08-31,1,ÍBV,ÍA,2,4,41,0.01025
2025-08-31,1,ÍBV,ÍA,2,5,17,0.00425
2025-08-31,1,ÍBV,ÍA,2,6,1,2.5e-4
2025-08-31,1,ÍBV,ÍA,2,7,1,2.5e-4
2025-08-31,1,ÍBV,ÍA,3,0,141,0.03525
2025-08-31,1,ÍBV,ÍA,3,1,188,0.047
2025-08-31,1,ÍBV,ÍA,3,2,119,0.02975
2025-08-31,1,ÍBV,ÍA,3,3,80,0.02
2025-08-31,1,ÍBV,ÍA,3,4,30,0.0075
2025-08-31,1,ÍBV,ÍA,3,5,4,0.001
2025-08-31,1,ÍBV,ÍA,3,6,2,5e-4
2025-08-31,1,ÍBV,ÍA,4,0,54,0.0135
2025-08-31,1,ÍBV,ÍA,4,1,90,0.0225
2025-08-31,1,ÍBV,ÍA,4,2,62,0.0155
2025-08-31,1,ÍBV,ÍA,4,3,40,0.01
2025-08-31,1,ÍBV,ÍA,4,4,8,0.002
2025-08-31,1,ÍBV,ÍA,4,5,2,5e-4
2025-08-31,1,ÍBV,ÍA,4,6,1,2.5e-4
2025-08-31,1,ÍBV,ÍA,5,0,15,0.00375
2025-08-31,1,ÍBV,ÍA,5,1,25,0.00625
2025-08-31,1,ÍBV,ÍA,5,2,21,0.00525
2025-08-31,1,ÍBV,ÍA,5,3,8,0.002
2025-08-31,1,ÍBV,ÍA,5,4,4,0.001
2025-08-31,1,ÍBV,ÍA,5,5,3,7.5e-4
2025-08-31,1,ÍBV,ÍA,6,0,4,0.001
2025-08-31,1,ÍBV,ÍA,6,1,8,0.002
2025-08-31,1,ÍBV,ÍA,6,2,7,0.00175
2025-08-31,1,ÍBV,ÍA,6,3,2,5e-4
2025-08-31,1,ÍBV,ÍA,6,4,3,7.5e-4
2025-08-31,1,ÍBV,ÍA,6,5,2,5e-4
2025-08-31,1,ÍBV,ÍA,6,6,1,2.5e-4
2025-08-31,1,ÍBV,ÍA,7,1,2,5e-4
2025-08-31,1,ÍBV,ÍA,7,3,3,7.5e-4
2025-08-31,1,ÍBV,ÍA,8,1,1,2.5e-4
2025-08-31,1,ÍBV,ÍA,9,2,1,2.5e-4
2025-09-14,1,FH,Fram,0,0,134,0.0335
2025-09-14,1,FH,Fram,0,1,116,0.029
2025-09-14,1,FH,Fram,0,2,54,0.0135
2025-09-14,1,FH,Fram,0,3,34,0.0085
2025-09-14,1,FH,Fram,0,4,5,0.00125
2025-09-14,1,FH,Fram,0,5,1,2.5e-4
2025-09-14,1,FH,Fram,1,0,317,0.07925
2025-09-14,1,FH,Fram,1,1,299,0.07475
2025-09-14,1,FH,Fram,1,2,139,0.03475
2025-09-14,1,FH,Fram,1,3,41,0.01025
2025-09-14,1,FH,Fram,1,4,9,0.00225
2025-09-14,1,FH,Fram,1,5,2,5e-4
2025-09-14,1,FH,Fram,1,6,2,5e-4
2025-09-14,1,FH,Fram,2,0,382,0.0955
2025-09-14,1,FH,Fram,2,1,358,0.0895
2025-09-14,1,FH,Fram,2,2,177,0.04425
2025-09-14,1,FH,Fram,2,3,56,0.014
2025-09-14,1,FH,Fram,2,4,17,0.00425
2025-09-14,1,FH,Fram,2,5,2,5e-4
2025-09-14,1,FH,Fram,3,0,322,0.0805
2025-09-14,1,FH,Fram,3,1,293,0.07325
2025-09-14,1,FH,Fram,3,2,145,0.03625
2025-09-14,1,FH,Fram,3,3,51,0.01275
2025-09-14,1,FH,Fram,3,4,10,0.0025
2025-09-14,1,FH,Fram,3,5,5,0.00125
2025-09-14,1,FH,Fram,4,0,197,0.04925
2025-09-14,1,FH,Fram,4,1,202,0.0505
2025-09-14,1,FH,Fram,4,2,78,0.0195
2025-09-14,1,FH,Fram,4,3,36,0.009
2025-09-14,1,FH,Fram,4,4,11,0.00275
2025-09-14,1,FH,Fram,4,5,1,2.5e-4
2025-09-14,1,FH,Fram,4,6,3,7.5e-4
2025-09-14,1,FH,Fram,5,0,102,0.0255
2025-09-14,1,FH,Fram,5,1,115,0.02875
2025-09-14,1,FH,Fram,5,2,44,0.011
2025-09-14,1,FH,Fram,5,3,13,0.00325
2025-09-14,1,FH,Fram,5,4,6,0.0015
2025-09-14,1,FH,Fram,5,5,1,2.5e-4
2025-09-14,1,FH,Fram,5,6,1,2.5e-4
2025-09-14,1,FH,Fram,6,0,46,0.0115
2025-09-14,1,FH,Fram,6,1,53,0.01325
2025-09-14,1,FH,Fram,6,2,18,0.0045
2025-09-14,1,FH,Fram,6,3,11,0.00275
2025-09-14,1,FH,Fram,6,4,2,5e-4
2025-09-14,1,FH,Fram,7,0,23,0.00575
2025-09-14,1,FH,Fram,7,1,12,0.003
2025-09-14,1,FH,Fram,7,2,15,0.00375
2025-09-14,1,FH,Fram,7,3,3,7.5e-4
2025-09-14,1,FH,Fram,7,5,1,2.5e-4
2025-09-14,1,FH,Fram,8,0,11,0.00275
2025-09-14,1,FH,Fram,8,1,6,0.0015
2025-09-14,1,FH,Fram,8,2,4,0.001
2025-09-14,1,FH,Fram,8,3,2,5e-4
2025-09-14,1,FH,Fram,9,0,4,0.001
2025-09-14,1,FH,Fram,9,1,1,2.5e-4
2025-09-14,1,FH,Fram,9,2,4,0.001
2025-09-14,1,FH,Fram,10,1,1,2.5e-4
2025-09-14,1,FH,Fram,11,2,1,2.5e-4
2025-09-14,1,FH,Fram,12,3,1,2.5e-4
2025-09-14,1,KA,Vestri,0,0,218,0.0545
2025-09-14,1,KA,Vestri,0,1,257,0.06425
2025-09-14,1,KA,Vestri,0,2,136,0.034
2025-09-14,1,KA,Vestri,0,3,78,0.0195
2025-09-14,1,KA,Vestri,0,4,15,0.00375
2025-09-14,1,KA,Vestri,0,5,2,5e-4
2025-09-14,1,KA,Vestri,0,6,2,5e-4
2025-09-14,1,KA,Vestri,0,7,1,2.5e-4
2025-09-14,1,KA,Vestri,1,0,347,0.08675
2025-09-14,1,KA,Vestri,1,1,443,0.11075
2025-09-14,1,KA,Vestri,1,2,242,0.0605
2025-09-14,1,KA,Vestri,1,3,91,0.02275
2025-09-14,1,KA,Vestri,1,4,33,0.00825
2025-09-14,1,KA,Vestri,1,5,7,0.00175
2025-09-14,1,KA,Vestri,1,6,6,0.0015
2025-09-14,1,KA,Vestri,1,7,1,2.5e-4
2025-09-14,1,KA,Vestri,2,0,310,0.0775
2025-09-14,1,KA,Vestri,2,1,338,0.0845
2025-09-14,1,KA,Vestri,2,2,248,0.062
2025-09-14,1,KA,Vestri,2,3,93,0.02325
2025-09-14,1,KA,Vestri,2,4,26,0.0065
2025-09-14,1,KA,Vestri,2,5,14,0.0035
2025-09-14,1,KA,Vestri,2,6,1,2.5e-4
2025-09-14,1,KA,Vestri,3,0,183,0.04575
2025-09-14,1,KA,Vestri,3,1,198,0.0495
2025-09-14,1,KA,Vestri,3,2,123,0.03075
2025-09-14,1,KA,Vestri,3,3,86,0.0215
2025-09-14,1,KA,Vestri,3,4,19,0.00475
2025-09-14,1,KA,Vestri,3,5,9,0.00225
2025-09-14,1,KA,Vestri,3,6,2,5e-4
2025-09-14,1,KA,Vestri,4,0,95,0.02375
2025-09-14,1,KA,Vestri,4,1,88,0.022
2025-09-14,1,KA,Vestri,4,2,67,0.01675
2025-09-14,1,KA,Vestri,4,3,30,0.0075
2025-09-14,1,KA,Vestri,4,4,18,0.0045
2025-09-14,1,KA,Vestri,4,5,7,0.00175
2025-09-14,1,KA,Vestri,5,0,33,0.00825
2025-09-14,1,KA,Vestri,5,1,31,0.00775
2025-09-14,1,KA,Vestri,5,2,26,0.0065
2025-09-14,1,KA,Vestri,5,3,7,0.00175
2025-09-14,1,KA,Vestri,5,4,6,0.0015
2025-09-14,1,KA,Vestri,5,5,1,2.5e-4
2025-09-14,1,KA,Vestri,5,6,1,2.5e-4
2025-09-14,1,KA,Vestri,6,0,12,0.003
2025-09-14,1,KA,Vestri,6,1,20,0.005
2025-09-14,1,KA,Vestri,6,2,7,0.00175
2025-09-14,1,KA,Vestri,6,3,2,5e-4
2025-09-14,1,KA,Vestri,6,4,2,5e-4
2025-09-14,1,KA,Vestri,7,0,3,7.5e-4
2025-09-14,1,KA,Vestri,7,1,6,0.0015
2025-09-14,1,KA,Vestri,7,2,3,7.5e-4
2025-09-14,1,KA,Vestri,7,3,1,2.5e-4
2025-09-14,1,KA,Vestri,7,4,1,2.5e-4
2025-09-14,1,KA,Vestri,8,0,1,2.5e-4
2025-09-14,1,KA,Vestri,8,1,2,5e-4
2025-09-14,1,KA,Vestri,8,6,1,2.5e-4
2025-09-14,1,Valur,Stjarnan,0,0,158,0.0395
2025-09-14,1,Valur,Stjarnan,0,1,209,0.05225
2025-09-14,1,Valur,Stjarnan,0,2,107,0.02675
2025-09-14,1,Valur,Stjarnan,0,3,82,0.0205
2025-09-14,1,Valur,Stjarnan,0,4,32,0.008
2025-09-14,1,Valur,Stjarnan,0,5,9,0.00225
2025-09-14,1,Valur,Stjarnan,0,6,2,5e-4
2025-09-14,1,Valur,Stjarnan,0,7,1,2.5e-4
2025-09-14,1,Valur,Stjarnan,1,0,244,0.061
2025-09-14,1,Valur,Stjarnan,1,1,366,0.0915
2025-09-14,1,Valur,Stjarnan,1,2,259,0.06475
2025-09-14,1,Valur,Stjarnan,1,3,119,0.02975
2025-09-14,1,Valur,Stjarnan,1,4,57,0.01425
2025-09-14,1,Valur,Stjarnan,1,5,23,0.00575
2025-09-14,1,Valur,Stjarnan,1,6,6,0.0015
2025-09-14,1,Valur,Stjarnan,2,0,188,0.047
2025-09-14,1,Valur,Stjarnan,2,1,351,0.08775
2025-09-14,1,Valur,Stjarnan,2,2,230,0.0575
2025-09-14,1,Valur,Stjarnan,2,3,162,0.0405
2025-09-14,1,Valur,Stjarnan,2,4,59,0.01475
2025-09-14,1,Valur,Stjarnan,2,5,15,0.00375
2025-09-14,1,Valur,Stjarnan,2,6,6,0.0015
2025-09-14,1,Valur,Stjarnan,2,11,1,2.5e-4
2025-09-14,1,Valur,Stjarnan,3,0,173,0.04325
2025-09-14,1,Valur,Stjarnan,3,1,227,0.05675
2025-09-14,1,Valur,Stjarnan,3,2,156,0.039
2025-09-14,1,Valur,Stjarnan,3,3,99,0.02475
2025-09-14,1,Valur,Stjarnan,3,4,43,0.01075
2025-09-14,1,Valur,Stjarnan,3,5,14,0.0035
2025-09-14,1,Valur,Stjarnan,3,6,2,5e-4
2025-09-14,1,Valur,Stjarnan,3,8,1,2.5e-4
2025-09-14,1,Valur,Stjarnan,4,0,86,0.0215
2025-09-14,1,Valur,Stjarnan,4,1,106,0.0265
2025-09-14,1,Valur,Stjarnan,4,2,87,0.02175
2025-09-14,1,Valur,Stjarnan,4,3,51,0.01275
2025-09-14,1,Valur,Stjarnan,4,4,25,0.00625
2025-09-14,1,Valur,Stjarnan,4,5,5,0.00125
2025-09-14,1,Valur,Stjarnan,4,6,3,7.5e-4
2025-09-14,1,Valur,Stjarnan,5,0,38,0.0095
2025-09-14,1,Valur,Stjarnan,5,1,45,0.01125
2025-09-14,1,Valur,Stjarnan,5,2,38,0.0095
2025-09-14,1,Valur,Stjarnan,5,3,13,0.00325
2025-09-14,1,Valur,Stjarnan,5,4,8,0.002
2025-09-14,1,Valur,Stjarnan,5,5,6,0.0015
2025-09-14,1,Valur,Stjarnan,5,6,2,5e-4
2025-09-14,1,Valur,Stjarnan,6,0,9,0.00225
2025-09-14,1,Valur,Stjarnan,6,1,18,0.0045
2025-09-14,1,Valur,Stjarnan,6,2,20,0.005
2025-09-14,1,Valur,Stjarnan,6,3,10,0.0025
2025-09-14,1,Valur,Stjarnan,6,4,4,0.001
2025-09-14,1,Valur,Stjarnan,6,5,1,2.5e-4
2025-09-14,1,Valur,Stjarnan,6,7,1,2.5e-4
2025-09-14,1,Valur,Stjarnan,7,0,2,5e-4
2025-09-14,1,Valur,Stjarnan,7,1,4,0.001
2025-09-14,1,Valur,Stjarnan,7,2,2,5e-4
2025-09-14,1,Valur,Stjarnan,7,3,3,7.5e-4
2025-09-14,1,Valur,Stjarnan,7,4,3,7.5e-4
2025-09-14,1,Valur,Stjarnan,7,5,1,2.5e-4
2025-09-14,1,Valur,Stjarnan,8,0,1,2.5e-4
2025-09-14,1,Valur,Stjarnan,8,1,2,5e-4
2025-09-14,1,Valur,Stjarnan,8,2,1,2.5e-4
2025-09-14,1,Valur,Stjarnan,8,3,2,5e-4
2025-09-14,1,Valur,Stjarnan,9,2,1,2.5e-4
2025-09-14,1,Valur,Stjarnan,10,0,1,2.5e-4
2025-09-14,1,ÍA,Afturelding,0,0,98,0.0245
2025-09-14,1,ÍA,Afturelding,0,1,156,0.039
2025-09-14,1,ÍA,Afturelding,0,2,166,0.0415
2025-09-14,1,ÍA,Afturelding,0,3,137,0.03425
2025-09-14,1,ÍA,Afturelding,0,4,68,0.017
2025-09-14,1,ÍA,Afturelding,0,5,45,0.01125
2025-09-14,1,ÍA,Afturelding,0,6,13,0.00325
2025-09-14,1,ÍA,Afturelding,0,7,7,0.00175
2025-09-14,1,ÍA,Afturelding,0,8,3,7.5e-4
2025-09-14,1,ÍA,Afturelding,1,0,139,0.03475
2025-09-14,1,ÍA,Afturelding,1,1,300,0.075
2025-09-14,1,ÍA,Afturelding,1,2,306,0.0765
2025-09-14,1,ÍA,Afturelding,1,3,231,0.05775
2025-09-14,1,ÍA,Afturelding,1,4,137,0.03425
2025-09-14,1,ÍA,Afturelding,1,5,74,0.0185
2025-09-14,1,ÍA,Afturelding,1,6,31,0.00775
2025-09-14,1,ÍA,Afturelding,1,7,15,0.00375
2025-09-14,1,ÍA,Afturelding,1,8,2,5e-4
2025-09-14,1,ÍA,Afturelding,1,9,1,2.5e-4
2025-09-14,1,ÍA,Afturelding,2,0,109,0.02725
2025-09-14,1,ÍA,Afturelding,2,1,225,0.05625
2025-09-14,1,ÍA,Afturelding,2,2,257,0.06425
2025-09-14,1,ÍA,Afturelding,2,3,220,0.055
2025-09-14,1,ÍA,Afturelding,2,4,123,0.03075
2025-09-14,1,ÍA,Afturelding,2,5,62,0.0155
2025-09-14,1,ÍA,Afturelding,2,6,24,0.006
2025-09-14,1,ÍA,Afturelding,2,7,12,0.003
2025-09-14,1,ÍA,Afturelding,2,8,7,0.00175
2025-09-14,1,ÍA,Afturelding,2,9,1,2.5e-4
2025-09-14,1,ÍA,Afturelding,3,0,58,0.0145
2025-09-14,1,ÍA,Afturelding,3,1,144,0.036
2025-09-14,1,ÍA,Afturelding,3,2,158,0.0395
2025-09-14,1,ÍA,Afturelding,3,3,124,0.031
2025-09-14,1,ÍA,Afturelding,3,4,75,0.01875
2025-09-14,1,ÍA,Afturelding,3,5,33,0.00825
2025-09-14,1,ÍA,Afturelding,3,6,9,0.00225
2025-09-14,1,ÍA,Afturelding,3,7,7,0.00175
2025-09-14,1,ÍA,Afturelding,3,8,3,7.5e-4
2025-09-14,1,ÍA,Afturelding,3,9,3,7.5e-4
2025-09-14,1,ÍA,Afturelding,4,0,26,0.0065
2025-09-14,1,ÍA,Afturelding,4,1,62,0.0155
2025-09-14,1,ÍA,Afturelding,4,2,75,0.01875
2025-09-14,1,ÍA,Afturelding,4,3,37,0.00925
2025-09-14,1,ÍA,Afturelding,4,4,33,0.00825
2025-09-14,1,ÍA,Afturelding,4,5,11,0.00275
2025-09-14,1,ÍA,Afturelding,4,6,2,5e-4
2025-09-14,1,ÍA,Afturelding,4,7,3,7.5e-4
2025-09-14,1,ÍA,Afturelding,4,8,1,2.5e-4
2025-09-14,1,ÍA,Afturelding,4,10,1,2.5e-4
2025-09-14,1,ÍA,Afturelding,5,0,7,0.00175
2025-09-14,1,ÍA,Afturelding,5,1,34,0.0085
2025-09-14,1,ÍA,Afturelding,5,2,28,0.007
2025-09-14,1,ÍA,Afturelding,5,3,20,0.005
2025-09-14,1,ÍA,Afturelding,5,4,9,0.00225
2025-09-14,1,ÍA,Afturelding,5,5,9,0.00225
2025-09-14,1,ÍA,Afturelding,5,6,3,7.5e-4
2025-09-14,1,ÍA,Afturelding,5,7,1,2.5e-4
2025-09-14,1,ÍA,Afturelding,5,8,1,2.5e-4
2025-09-14,1,ÍA,Afturelding,6,0,2,5e-4
2025-09-14,1,ÍA,Afturelding,6,1,11,0.00275
2025-09-14,1,ÍA,Afturelding,6,2,11,0.00275
2025-09-14,1,ÍA,Afturelding,6,3,9,0.00225
2025-09-14,1,ÍA,Afturelding,6,4,1,2.5e-4
2025-09-14,1,ÍA,Afturelding,6,5,4,0.001
2025-09-14,1,ÍA,Afturelding,6,6,2,5e-4
2025-09-14,1,ÍA,Afturelding,6,8,1,2.5e-4
2025-09-14,1,ÍA,Afturelding,7,0,2,5e-4
2025-09-14,1,ÍA,Afturelding,7,1,1,2.5e-4
2025-09-14,1,ÍA,Afturelding,7,2,2,5e-4
2025-09-14,1,ÍA,Afturelding,7,3,1,2.5e-4
2025-09-14,1,ÍA,Afturelding,7,4,3,7.5e-4
2025-09-14,1,ÍA,Afturelding,8,0,2,5e-4
2025-09-14,1,ÍA,Afturelding,8,5,1,2.5e-4
2025-09-14,1,ÍA,Afturelding,9,2,1,2.5e-4
