date,division,home,away,home_goals,away_goals,n,p
2025-06-22,1,Breiðablik,Fram,0,0,171,0.04275
2025-06-22,1,Breiðablik,Fram,0,1,131,0.03275
2025-06-22,1,Breiðablik,Fram,0,2,70,0.0175
2025-06-22,1,Breiðablik,Fram,0,3,18,0.0045
2025-06-22,1,Breiðablik,Fram,0,4,8,0.002
2025-06-22,1,Breiðablik,Fram,0,5,3,7.5e-4
2025-06-22,1,Breiðablik,Fram,1,0,352,0.088
2025-06-22,1,Breiðablik,Fram,1,1,303,0.07575
2025-06-22,1,Breiðablik,Fram,1,2,171,0.04275
2025-06-22,1,Breiðablik,Fram,1,3,57,0.01425
2025-06-22,1,Breiðablik,Fram,1,4,18,0.0045
2025-06-22,1,Breiðablik,Fram,1,5,1,2.5e-4
2025-06-22,1,Breiðablik,Fram,2,0,395,0.09875
2025-06-22,1,Breiðablik,Fram,2,1,352,0.088
2025-06-22,1,Breiðablik,Fram,2,2,182,0.0455
2025-06-22,1,Breiðablik,Fram,2,3,57,0.01425
2025-06-22,1,Breiðablik,Fram,2,4,13,0.00325
2025-06-22,1,Breiðablik,Fram,2,5,5,0.00125
2025-06-22,1,Breiðablik,Fram,2,6,2,5e-4
2025-06-22,1,Breiðablik,Fram,3,0,293,0.07325
2025-06-22,1,Breiðablik,Fram,3,1,261,0.06525
2025-06-22,1,Breiðablik,Fram,3,2,142,0.0355
2025-06-22,1,Breiðablik,Fram,3,3,44,0.011
2025-06-22,1,Breiðablik,Fram,3,4,16,0.004
2025-06-22,1,Breiðablik,Fram,3,5,4,0.001
2025-06-22,1,Breiðablik,Fram,4,0,197,0.04925
2025-06-22,1,Breiðablik,Fram,4,1,179,0.04475
2025-06-22,1,Breiðablik,Fram,4,2,82,0.0205
2025-06-22,1,Breiðablik,Fram,4,3,22,0.0055
2025-06-22,1,Breiðablik,Fram,4,4,9,0.00225
2025-06-22,1,Breiðablik,Fram,4,5,2,5e-4
2025-06-22,1,Breiðablik,Fram,4,6,1,2.5e-4
2025-06-22,1,Breiðablik,Fram,5,0,108,0.027
2025-06-22,1,Breiðablik,Fram,5,1,94,0.0235
2025-06-22,1,Breiðablik,Fram,5,2,42,0.0105
2025-06-22,1,Breiðablik,Fram,5,3,14,0.0035
2025-06-22,1,Breiðablik,Fram,5,4,3,7.5e-4
2025-06-22,1,Breiðablik,Fram,5,5,2,5e-4
2025-06-22,1,Breiðablik,Fram,6,0,45,0.01125
2025-06-22,1,Breiðablik,Fram,6,1,39,0.00975
2025-06-22,1,Breiðablik,Fram,6,2,21,0.00525
2025-06-22,1,Breiðablik,Fram,6,3,7,0.00175
2025-06-22,1,Breiðablik,Fram,7,0,14,0.0035
2025-06-22,1,Breiðablik,Fram,7,1,17,0.00425
2025-06-22,1,Breiðablik,Fram,7,2,11,0.00275
2025-06-22,1,Breiðablik,Fram,7,3,2,5e-4
2025-06-22,1,Breiðablik,Fram,7,4,1,2.5e-4
2025-06-22,1,Breiðablik,Fram,8,0,4,0.001
2025-06-22,1,Breiðablik,Fram,8,1,6,0.0015
2025-06-22,1,Breiðablik,Fram,8,2,5,0.00125
2025-06-22,1,Breiðablik,Fram,9,0,1,2.5e-4
2025-06-22,1,Breiðablik,Fram,9,1,1,2.5e-4
2025-06-22,1,Breiðablik,Fram,10,0,1,2.5e-4
2025-06-22,1,Breiðablik,Fram,11,0,1,2.5e-4
2025-06-22,1,FH,Vestri,0,0,400,0.1
2025-06-22,1,FH,Vestri,0,1,323,0.08075
2025-06-22,1,FH,Vestri,0,2,171,0.04275
2025-06-22,1,FH,Vestri,0,3,52,0.013
2025-06-22,1,FH,Vestri,0,4,15,0.00375
2025-06-22,1,FH,Vestri,0,5,2,5e-4
2025-06-22,1,FH,Vestri,0,6,1,2.5e-4
2025-06-22,1,FH,Vestri,1,0,512,0.128
2025-06-22,1,FH,Vestri,1,1,456,0.114
2025-06-22,1,FH,Vestri,1,2,231,0.05775
2025-06-22,1,FH,Vestri,1,3,88,0.022
2025-06-22,1,FH,Vestri,1,4,20,0.005
2025-06-22,1,FH,Vestri,1,5,4,0.001
2025-06-22,1,FH,Vestri,1,6,1,2.5e-4
2025-06-22,1,FH,Vestri,2,0,358,0.0895
2025-06-22,1,FH,Vestri,2,1,315,0.07875
2025-06-22,1,FH,Vestri,2,2,208,0.052
2025-06-22,1,FH,Vestri,2,3,50,0.0125
2025-06-22,1,FH,Vestri,2,4,16,0.004
2025-06-22,1,FH,Vestri,2,5,5,0.00125
2025-06-22,1,FH,Vestri,2,6,1,2.5e-4
2025-06-22,1,FH,Vestri,3,0,182,0.0455
2025-06-22,1,FH,Vestri,3,1,171,0.04275
2025-06-22,1,FH,Vestri,3,2,76,0.019
2025-06-22,1,FH,Vestri,3,3,30,0.0075
2025-06-22,1,FH,Vestri,3,4,9,0.00225
2025-06-22,1,FH,Vestri,3,5,2,5e-4
2025-06-22,1,FH,Vestri,3,6,1,2.5e-4
2025-06-22,1,FH,Vestri,3,8,1,2.5e-4
2025-06-22,1,FH,Vestri,4,0,63,0.01575
2025-06-22,1,FH,Vestri,4,1,83,0.02075
2025-06-22,1,FH,Vestri,4,2,40,0.01
2025-06-22,1,FH,Vestri,4,3,14,0.0035
2025-06-22,1,FH,Vestri,4,4,3,7.5e-4
2025-06-22,1,FH,Vestri,4,5,1,2.5e-4
2025-06-22,1,FH,Vestri,5,0,20,0.005
2025-06-22,1,FH,Vestri,5,1,26,0.0065
2025-06-22,1,FH,Vestri,5,2,17,0.00425
2025-06-22,1,FH,Vestri,5,3,6,0.0015
2025-06-22,1,FH,Vestri,6,0,9,0.00225
2025-06-22,1,FH,Vestri,6,1,7,0.00175
2025-06-22,1,FH,Vestri,6,2,4,0.001
2025-06-22,1,FH,Vestri,6,3,1,2.5e-4
2025-06-22,1,FH,Vestri,7,1,1,2.5e-4
2025-06-22,1,FH,Vestri,7,2,1,2.5e-4
2025-06-22,1,FH,Vestri,8,0,1,2.5e-4
2025-06-22,1,FH,Vestri,8,2,1,2.5e-4
2025-06-22,1,FH,Vestri,9,0,1,2.5e-4
2025-06-22,1,KA,Víkingur R.,0,0,251,0.06275
2025-06-22,1,KA,Víkingur R.,0,1,435,0.10875
2025-06-22,1,KA,Víkingur R.,0,2,380,0.095
2025-06-22,1,KA,Víkingur R.,0,3,244,0.061
2025-06-22,1,KA,Víkingur R.,0,4,148,0.037
2025-06-22,1,KA,Víkingur R.,0,5,53,0.01325
2025-06-22,1,KA,Víkingur R.,0,6,22,0.0055
2025-06-22,1,KA,Víkingur R.,0,7,7,0.00175
2025-06-22,1,KA,Víkingur R.,0,8,3,7.5e-4
2025-06-22,1,KA,Víkingur R.,1,0,182,0.0455
2025-06-22,1,KA,Víkingur R.,1,1,377,0.09425
2025-06-22,1,KA,Víkingur R.,1,2,371,0.09275
2025-06-22,1,KA,Víkingur R.,1,3,248,0.062
2025-06-22,1,KA,Víkingur R.,1,4,155,0.03875
2025-06-22,1,KA,Víkingur R.,1,5,46,0.0115
2025-06-22,1,KA,Víkingur R.,1,6,18,0.0045
2025-06-22,1,KA,Víkingur R.,1,7,8,0.002
2025-06-22,1,KA,Víkingur R.,1,8,1,2.5e-4
2025-06-22,1,KA,Víkingur R.,2,0,104,0.026
2025-06-22,1,KA,Víkingur R.,2,1,200,0.05
2025-06-22,1,KA,Víkingur R.,2,2,188,0.047
2025-06-22,1,KA,Víkingur R.,2,3,110,0.0275
2025-06-22,1,KA,Víkingur R.,2,4,68,0.017
2025-06-22,1,KA,Víkingur R.,2,5,29,0.00725
2025-06-22,1,KA,Víkingur R.,2,6,15,0.00375
2025-06-22,1,KA,Víkingur R.,2,7,3,7.5e-4
2025-06-22,1,KA,Víkingur R.,3,0,22,0.0055
2025-06-22,1,KA,Víkingur R.,3,1,64,0.016
2025-06-22,1,KA,Víkingur R.,3,2,77,0.01925
2025-06-22,1,KA,Víkingur R.,3,3,56,0.014
2025-06-22,1,KA,Víkingur R.,3,4,22,0.0055
2025-06-22,1,KA,Víkingur R.,3,5,11,0.00275
2025-06-22,1,KA,Víkingur R.,3,6,2,5e-4
2025-06-22,1,KA,Víkingur R.,3,7,2,5e-4
2025-06-22,1,KA,Víkingur R.,4,0,8,0.002
2025-06-22,1,KA,Víkingur R.,4,1,18,0.0045
2025-06-22,1,KA,Víkingur R.,4,2,12,0.003
2025-06-22,1,KA,Víkingur R.,4,3,13,0.00325
2025-06-22,1,KA,Víkingur R.,4,4,3,7.5e-4
2025-06-22,1,KA,Víkingur R.,4,5,2,5e-4
2025-06-22,1,KA,Víkingur R.,4,6,1,2.5e-4
2025-06-22,1,KA,Víkingur R.,4,7,2,5e-4
2025-06-22,1,KA,Víkingur R.,4,9,1,2.5e-4
2025-06-22,1,KA,Víkingur R.,5,1,2,5e-4
2025-06-22,1,KA,Víkingur R.,5,2,4,0.001
2025-06-22,1,KA,Víkingur R.,5,3,4,0.001
2025-06-22,1,KA,Víkingur R.,5,4,1,2.5e-4
2025-06-22,1,KA,Víkingur R.,5,5,1,2.5e-4
2025-06-22,1,KA,Víkingur R.,5,9,1,2.5e-4
2025-06-22,1,KA,Víkingur R.,6,1,2,5e-4
2025-06-22,1,KA,Víkingur R.,6,2,1,2.5e-4
2025-06-22,1,KA,Víkingur R.,6,3,1,2.5e-4
2025-06-22,1,KA,Víkingur R.,6,4,1,2.5e-4
2025-06-22,1,ÍA,Stjarnan,0,0,145,0.03625
2025-06-22,1,ÍA,Stjarnan,0,1,203,0.05075
2025-06-22,1,ÍA,Stjarnan,0,2,189,0.04725
2025-06-22,1,ÍA,Stjarnan,0,3,96,0.024
2025-06-22,1,ÍA,Stjarnan,0,4,43,0.01075
2025-06-22,1,ÍA,Stjarnan,0,5,19,0.00475
2025-06-22,1,ÍA,Stjarnan,0,6,6,0.0015
2025-06-22,1,ÍA,Stjarnan,1,0,197,0.04925
2025-06-22,1,ÍA,Stjarnan,1,1,361,0.09025
2025-06-22,1,ÍA,Stjarnan,1,2,272,0.068
2025-06-22,1,ÍA,Stjarnan,1,3,195,0.04875
2025-06-22,1,ÍA,Stjarnan,1,4,89,0.02225
2025-06-22,1,ÍA,Stjarnan,1,5,27,0.00675
2025-06-22,1,ÍA,Stjarnan,1,6,15,0.00375
2025-06-22,1,ÍA,Stjarnan,1,7,7,0.00175
2025-06-22,1,ÍA,Stjarnan,2,0,183,0.04575
2025-06-22,1,ÍA,Stjarnan,2,1,316,0.079
2025-06-22,1,ÍA,Stjarnan,2,2,292,0.073
2025-06-22,1,ÍA,Stjarnan,2,3,152,0.038
2025-06-22,1,ÍA,Stjarnan,2,4,77,0.01925
2025-06-22,1,ÍA,Stjarnan,2,5,32,0.008
2025-06-22,1,ÍA,Stjarnan,2,6,11,0.00275
2025-06-22,1,ÍA,Stjarnan,2,7,5,0.00125
2025-06-22,1,ÍA,Stjarnan,2,8,2,5e-4
2025-06-22,1,ÍA,Stjarnan,2,9,1,2.5e-4
2025-06-22,1,ÍA,Stjarnan,3,0,83,0.02075
2025-06-22,1,ÍA,Stjarnan,3,1,179,0.04475
2025-06-22,1,ÍA,Stjarnan,3,2,180,0.045
2025-06-22,1,ÍA,Stjarnan,3,3,106,0.0265
2025-06-22,1,ÍA,Stjarnan,3,4,37,0.00925
2025-06-22,1,ÍA,Stjarnan,3,5,12,0.003
2025-06-22,1,ÍA,Stjarnan,3,6,6,0.0015
2025-06-22,1,ÍA,Stjarnan,3,7,1,2.5e-4
2025-06-22,1,ÍA,Stjarnan,4,0,49,0.01225
2025-06-22,1,ÍA,Stjarnan,4,1,90,0.0225
2025-06-22,1,ÍA,Stjarnan,4,2,75,0.01875
2025-06-22,1,ÍA,Stjarnan,4,3,35,0.00875
2025-06-22,1,ÍA,Stjarnan,4,4,33,0.00825
2025-06-22,1,ÍA,Stjarnan,4,5,9,0.00225
2025-06-22,1,ÍA,Stjarnan,4,6,2,5e-4
2025-06-22,1,ÍA,Stjarnan,4,8,1,2.5e-4
2025-06-22,1,ÍA,Stjarnan,5,0,13,0.00325
2025-06-22,1,ÍA,Stjarnan,5,1,28,0.007
2025-06-22,1,ÍA,Stjarnan,5,2,35,0.00875
2025-06-22,1,ÍA,Stjarnan,5,3,19,0.00475
2025-06-22,1,ÍA,Stjarnan,5,4,11,0.00275
2025-06-22,1,ÍA,Stjarnan,5,5,3,7.5e-4
2025-06-22,1,ÍA,Stjarnan,6,0,6,0.0015
2025-06-22,1,ÍA,Stjarnan,6,1,16,0.004
2025-06-22,1,ÍA,Stjarnan,6,2,5,0.00125
2025-06-22,1,ÍA,Stjarnan,6,3,7,0.00175
2025-06-22,1,ÍA,Stjarnan,6,4,4,0.001
2025-06-22,1,ÍA,Stjarnan,6,5,4,0.001
2025-06-22,1,ÍA,Stjarnan,6,6,1,2.5e-4
2025-06-22,1,ÍA,Stjarnan,6,7,1,2.5e-4
2025-06-22,1,ÍA,Stjarnan,7,0,1,2.5e-4
2025-06-22,1,ÍA,Stjarnan,7,1,2,5e-4
2025-06-22,1,ÍA,Stjarnan,7,2,2,5e-4
2025-06-22,1,ÍA,Stjarnan,7,3,4,0.001
2025-06-22,1,ÍA,Stjarnan,7,5,1,2.5e-4
2025-06-22,1,ÍA,Stjarnan,8,0,1,2.5e-4
2025-06-22,1,ÍA,Stjarnan,8,1,1,2.5e-4
2025-06-22,1,ÍA,Stjarnan,8,3,1,2.5e-4
2025-06-22,1,ÍA,Stjarnan,9,0,1,2.5e-4
2025-06-23,1,Valur,KR,0,0,45,0.01125
2025-06-23,1,Valur,KR,0,1,66,0.0165
2025-06-23,1,Valur,KR,0,2,52,0.013
2025-06-23,1,Valur,KR,0,3,25,0.00625
2025-06-23,1,Valur,KR,0,4,6,0.0015
2025-06-23,1,Valur,KR,0,5,6,0.0015
2025-06-23,1,Valur,KR,0,6,3,7.5e-4
2025-06-23,1,Valur,KR,1,0,109,0.02725
2025-06-23,1,Valur,KR,1,1,178,0.0445
2025-06-23,1,Valur,KR,1,2,133,0.03325
2025-06-23,1,Valur,KR,1,3,92,0.023
2025-06-23,1,Valur,KR,1,4,37,0.00925
2025-06-23,1,Valur,KR,1,5,25,0.00625
2025-06-23,1,Valur,KR,1,6,3,7.5e-4
2025-06-23,1,Valur,KR,1,7,1,2.5e-4
2025-06-23,1,Valur,KR,2,0,157,0.03925
2025-06-23,1,Valur,KR,2,1,253,0.06325
2025-06-23,1,Valur,KR,2,2,219,0.05475
2025-06-23,1,Valur,KR,2,3,128,0.032
2025-06-23,1,Valur,KR,2,4,53,0.01325
2025-06-23,1,Valur,KR,2,5,20,0.005
2025-06-23,1,Valur,KR,2,6,12,0.003
2025-06-23,1,Valur,KR,2,7,2,5e-4
2025-06-23,1,Valur,KR,2,8,2,5e-4
2025-06-23,1,Valur,KR,3,0,159,0.03975
2025-06-23,1,Valur,KR,3,1,278,0.0695
2025-06-23,1,Valur,KR,3,2,190,0.0475
2025-06-23,1,Valur,KR,3,3,127,0.03175
2025-06-23,1,Valur,KR,3,4,72,0.018
2025-06-23,1,Valur,KR,3,5,21,0.00525
2025-06-23,1,Valur,KR,3,6,13,0.00325
2025-06-23,1,Valur,KR,3,7,1,2.5e-4
2025-06-23,1,Valur,KR,3,8,2,5e-4
2025-06-23,1,Valur,KR,4,0,101,0.02525
2025-06-23,1,Valur,KR,4,1,178,0.0445
2025-06-23,1,Valur,KR,4,2,173,0.04325
2025-06-23,1,Valur,KR,4,3,83,0.02075
2025-06-23,1,Valur,KR,4,4,59,0.01475
2025-06-23,1,Valur,KR,4,5,22,0.0055
2025-06-23,1,Valur,KR,4,6,8,0.002
2025-06-23,1,Valur,KR,4,7,2,5e-4
2025-06-23,1,Valur,KR,5,0,73,0.01825
2025-06-23,1,Valur,KR,5,1,107,0.02675
2025-06-23,1,Valur,KR,5,2,136,0.034
2025-06-23,1,Valur,KR,5,3,74,0.0185
2025-06-23,1,Valur,KR,5,4,31,0.00775
2025-06-23,1,Valur,KR,5,5,16,0.004
2025-06-23,1,Valur,KR,5,6,8,0.002
2025-06-23,1,Valur,KR,5,7,1,2.5e-4
2025-06-23,1,Valur,KR,6,0,27,0.00675
2025-06-23,1,Valur,KR,6,1,70,0.0175
2025-06-23,1,Valur,KR,6,2,56,0.014
2025-06-23,1,Valur,KR,6,3,39,0.00975
2025-06-23,1,Valur,KR,6,4,27,0.00675
2025-06-23,1,Valur,KR,6,5,8,0.002
2025-06-23,1,Valur,KR,6,6,4,0.001
2025-06-23,1,Valur,KR,6,7,1,2.5e-4
2025-06-23,1,Valur,KR,7,0,19,0.00475
2025-06-23,1,Valur,KR,7,1,29,0.00725
2025-06-23,1,Valur,KR,7,2,37,0.00925
2025-06-23,1,Valur,KR,7,3,11,0.00275
2025-06-23,1,Valur,KR,7,4,8,0.002
2025-06-23,1,Valur,KR,7,5,1,2.5e-4
2025-06-23,1,Valur,KR,7,6,1,2.5e-4
2025-06-23,1,Valur,KR,7,7,1,2.5e-4
2025-06-23,1,Valur,KR,8,0,17,0.00425
2025-06-23,1,Valur,KR,8,1,18,0.0045
2025-06-23,1,Valur,KR,8,2,18,0.0045
2025-06-23,1,Valur,KR,8,3,6,0.0015
2025-06-23,1,Valur,KR,8,4,2,5e-4
2025-06-23,1,Valur,KR,8,5,2,5e-4
2025-06-23,1,Valur,KR,8,7,1,2.5e-4
2025-06-23,1,Valur,KR,8,8,1,2.5e-4
2025-06-23,1,Valur,KR,9,0,4,0.001
2025-06-23,1,Valur,KR,9,1,6,0.0015
2025-06-23,1,Valur,KR,9,2,5,0.00125
2025-06-23,1,Valur,KR,9,3,2,5e-4
2025-06-23,1,Valur,KR,9,4,3,7.5e-4
2025-06-23,1,Valur,KR,9,5,1,2.5e-4
2025-06-23,1,Valur,KR,10,0,2,5e-4
2025-06-23,1,Valur,KR,10,1,1,2.5e-4
2025-06-23,1,Valur,KR,10,2,2,5e-4
2025-06-23,1,Valur,KR,10,3,2,5e-4
2025-06-23,1,Valur,KR,10,4,1,2.5e-4
2025-06-23,1,Valur,KR,11,1,1,2.5e-4
2025-06-23,1,Valur,KR,11,2,1,2.5e-4
2025-06-23,1,Valur,KR,11,3,1,2.5e-4
2025-06-23,1,Valur,KR,12,1,1,2.5e-4
2025-06-23,1,Valur,KR,13,1,1,2.5e-4
2025-06-23,1,ÍBV,Afturelding,0,0,228,0.057
2025-06-23,1,ÍBV,Afturelding,0,1,268,0.067
2025-06-23,1,ÍBV,Afturelding,0,2,136,0.034
2025-06-23,1,ÍBV,Afturelding,0,3,76,0.019
2025-06-23,1,ÍBV,Afturelding,0,4,25,0.00625
2025-06-23,1,ÍBV,Afturelding,0,5,6,0.0015
2025-06-23,1,ÍBV,Afturelding,0,6,4,0.001
2025-06-23,1,ÍBV,Afturelding,1,0,350,0.0875
2025-06-23,1,ÍBV,Afturelding,1,1,412,0.103
2025-06-23,1,ÍBV,Afturelding,1,2,233,0.05825
2025-06-23,1,ÍBV,Afturelding,1,3,131,0.03275
2025-06-23,1,ÍBV,Afturelding,1,4,33,0.00825
2025-06-23,1,ÍBV,Afturelding,1,5,7,0.00175
2025-06-23,1,ÍBV,Afturelding,1,6,1,2.5e-4
2025-06-23,1,ÍBV,Afturelding,1,7,1,2.5e-4
2025-06-23,1,ÍBV,Afturelding,1,8,1,2.5e-4
2025-06-23,1,ÍBV,Afturelding,2,0,294,0.0735
2025-06-23,1,ÍBV,Afturelding,2,1,385,0.09625
2025-06-23,1,ÍBV,Afturelding,2,2,246,0.0615
2025-06-23,1,ÍBV,Afturelding,2,3,97,0.02425
2025-06-23,1,ÍBV,Afturelding,2,4,45,0.01125
2025-06-23,1,ÍBV,Afturelding,2,5,9,0.00225
2025-06-23,1,ÍBV,Afturelding,2,6,4,0.001
2025-06-23,1,ÍBV,Afturelding,3,0,162,0.0405
2025-06-23,1,ÍBV,Afturelding,3,1,208,0.052
2025-06-23,1,ÍBV,Afturelding,3,2,123,0.03075
2025-06-23,1,ÍBV,Afturelding,3,3,55,0.01375
2025-06-23,1,ÍBV,Afturelding,3,4,15,0.00375
2025-06-23,1,ÍBV,Afturelding,3,5,7,0.00175
2025-06-23,1,ÍBV,Afturelding,4,0,59,0.01475
2025-06-23,1,ÍBV,Afturelding,4,1,94,0.0235
2025-06-23,1,ÍBV,Afturelding,4,2,58,0.0145
2025-06-23,1,ÍBV,Afturelding,4,3,36,0.009
2025-06-23,1,ÍBV,Afturelding,4,4,17,0.00425
2025-06-23,1,ÍBV,Afturelding,4,5,4,0.001
2025-06-23,1,ÍBV,Afturelding,4,6,4,0.001
2025-06-23,1,ÍBV,Afturelding,5,0,26,0.0065
2025-06-23,1,ÍBV,Afturelding,5,1,39,0.00975
2025-06-23,1,ÍBV,Afturelding,5,2,21,0.00525
2025-06-23,1,ÍBV,Afturelding,5,3,8,0.002
2025-06-23,1,ÍBV,Afturelding,5,5,1,2.5e-4
2025-06-23,1,ÍBV,Afturelding,5,7,1,2.5e-4
2025-06-23,1,ÍBV,Afturelding,6,0,13,0.00325
2025-06-23,1,ÍBV,Afturelding,6,1,10,0.0025
2025-06-23,1,ÍBV,Afturelding,6,2,13,0.00325
2025-06-23,1,ÍBV,Afturelding,6,3,6,0.0015
2025-06-23,1,ÍBV,Afturelding,6,4,1,2.5e-4
2025-06-23,1,ÍBV,Afturelding,7,0,4,0.001
2025-06-23,1,ÍBV,Afturelding,7,1,2,5e-4
2025-06-23,1,ÍBV,Afturelding,7,2,6,0.0015
2025-06-23,1,ÍBV,Afturelding,7,3,2,5e-4
2025-06-23,1,ÍBV,Afturelding,7,4,2,5e-4
2025-06-23,1,ÍBV,Afturelding,8,0,3,7.5e-4
2025-06-23,1,ÍBV,Afturelding,8,1,1,2.5e-4
2025-06-23,1,ÍBV,Afturelding,8,2,1,2.5e-4
2025-06-23,1,ÍBV,Afturelding,8,3,3,7.5e-4
2025-06-23,1,ÍBV,Afturelding,8,6,1,2.5e-4
2025-06-23,1,ÍBV,Afturelding,9,0,2,5e-4
2025-06-26,1,Stjarnan,Breiðablik,0,0,163,0.04075
2025-06-26,1,Stjarnan,Breiðablik,0,1,246,0.0615
2025-06-26,1,Stjarnan,Breiðablik,0,2,171,0.04275
2025-06-26,1,Stjarnan,Breiðablik,0,3,87,0.02175
2025-06-26,1,Stjarnan,Breiðablik,0,4,63,0.01575
2025-06-26,1,Stjarnan,Breiðablik,0,5,19,0.00475
2025-06-26,1,Stjarnan,Breiðablik,0,6,3,7.5e-4
2025-06-26,1,Stjarnan,Breiðablik,0,7,3,7.5e-4
2025-06-26,1,Stjarnan,Breiðablik,1,0,243,0.06075
2025-06-26,1,Stjarnan,Breiðablik,1,1,358,0.0895
2025-06-26,1,Stjarnan,Breiðablik,1,2,299,0.07475
2025-06-26,1,Stjarnan,Breiðablik,1,3,173,0.04325
2025-06-26,1,Stjarnan,Breiðablik,1,4,65,0.01625
2025-06-26,1,Stjarnan,Breiðablik,1,5,29,0.00725
2025-06-26,1,Stjarnan,Breiðablik,1,6,1,2.5e-4
2025-06-26,1,Stjarnan,Breiðablik,1,9,1,2.5e-4
2025-06-26,1,Stjarnan,Breiðablik,2,0,194,0.0485
2025-06-26,1,Stjarnan,Breiðablik,2,1,296,0.074
2025-06-26,1,Stjarnan,Breiðablik,2,2,267,0.06675
2025-06-26,1,Stjarnan,Breiðablik,2,3,137,0.03425
2025-06-26,1,Stjarnan,Breiðablik,2,4,59,0.01475
2025-06-26,1,Stjarnan,Breiðablik,2,5,29,0.00725
2025-06-26,1,Stjarnan,Breiðablik,2,6,6,0.0015
2025-06-26,1,Stjarnan,Breiðablik,2,8,1,2.5e-4
2025-06-26,1,Stjarnan,Breiðablik,3,0,102,0.0255
2025-06-26,1,Stjarnan,Breiðablik,3,1,195,0.04875
2025-06-26,1,Stjarnan,Breiðablik,3,2,167,0.04175
2025-06-26,1,Stjarnan,Breiðablik,3,3,87,0.02175
2025-06-26,1,Stjarnan,Breiðablik,3,4,37,0.00925
2025-06-26,1,Stjarnan,Breiðablik,3,5,27,0.00675
2025-06-26,1,Stjarnan,Breiðablik,3,6,6,0.0015
2025-06-26,1,Stjarnan,Breiðablik,3,7,1,2.5e-4
2025-06-26,1,Stjarnan,Breiðablik,3,8,2,5e-4
2025-06-26,1,Stjarnan,Breiðablik,3,9,1,2.5e-4
2025-06-26,1,Stjarnan,Breiðablik,4,0,46,0.0115
2025-06-26,1,Stjarnan,Breiðablik,4,1,101,0.02525
2025-06-26,1,Stjarnan,Breiðablik,4,2,63,0.01575
2025-06-26,1,Stjarnan,Breiðablik,4,3,43,0.01075
2025-06-26,1,Stjarnan,Breiðablik,4,4,29,0.00725
2025-06-26,1,Stjarnan,Breiðablik,4,5,6,0.0015
2025-06-26,1,Stjarnan,Breiðablik,4,6,1,2.5e-4
2025-06-26,1,Stjarnan,Breiðablik,4,8,1,2.5e-4
2025-06-26,1,Stjarnan,Breiðablik,5,0,11,0.00275
2025-06-26,1,Stjarnan,Breiðablik,5,1,44,0.011
2025-06-26,1,Stjarnan,Breiðablik,5,2,39,0.00975
2025-06-26,1,Stjarnan,Breiðablik,5,3,15,0.00375
2025-06-26,1,Stjarnan,Breiðablik,5,4,7,0.00175
2025-06-26,1,Stjarnan,Breiðablik,5,5,4,0.001
2025-06-26,1,Stjarnan,Breiðablik,5,6,1,2.5e-4
2025-06-26,1,Stjarnan,Breiðablik,6,0,7,0.00175
2025-06-26,1,Stjarnan,Breiðablik,6,1,15,0.00375
2025-06-26,1,Stjarnan,Breiðablik,6,2,13,0.00325
2025-06-26,1,Stjarnan,Breiðablik,6,3,4,0.001
2025-06-26,1,Stjarnan,Breiðablik,6,4,2,5e-4
2025-06-26,1,Stjarnan,Breiðablik,6,6,1,2.5e-4
2025-06-26,1,Stjarnan,Breiðablik,7,0,1,2.5e-4
2025-06-26,1,Stjarnan,Breiðablik,7,1,3,7.5e-4
2025-06-26,1,Stjarnan,Breiðablik,7,2,4,0.001
2025-06-26,1,Stjarnan,Breiðablik,8,1,1,2.5e-4
2025-06-26,2,Njarðvík,Keflavík,0,0,260,0.065
2025-06-26,2,Njarðvík,Keflavík,0,1,362,0.0905
2025-06-26,2,Njarðvík,Keflavík,0,2,264,0.066
2025-06-26,2,Njarðvík,Keflavík,0,3,141,0.03525
2025-06-26,2,Njarðvík,Keflavík,0,4,56,0.014
2025-06-26,2,Njarðvík,Keflavík,0,5,13,0.00325
2025-06-26,2,Njarðvík,Keflavík,0,6,5,0.00125
2025-06-26,2,Njarðvík,Keflavík,0,7,2,5e-4
2025-06-26,2,Njarðvík,Keflavík,1,0,279,0.06975
2025-06-26,2,Njarðvík,Keflavík,1,1,441,0.11025
2025-06-26,2,Njarðvík,Keflavík,1,2,340,0.085
2025-06-26,2,Njarðvík,Keflavík,1,3,163,0.04075
2025-06-26,2,Njarðvík,Keflavík,1,4,76,0.019
2025-06-26,2,Njarðvík,Keflavík,1,5,19,0.00475
2025-06-26,2,Njarðvík,Keflavík,1,6,11,0.00275
2025-06-26,2,Njarðvík,Keflavík,1,7,1,2.5e-4
2025-06-26,2,Njarðvík,Keflavík,1,8,1,2.5e-4
2025-06-26,2,Njarðvík,Keflavík,2,0,196,0.049
2025-06-26,2,Njarðvík,Keflavík,2,1,302,0.0755
2025-06-26,2,Njarðvík,Keflavík,2,2,242,0.0605
2025-06-26,2,Njarðvík,Keflavík,2,3,144,0.036
2025-06-26,2,Njarðvík,Keflavík,2,4,53,0.01325
2025-06-26,2,Njarðvík,Keflavík,2,5,15,0.00375
2025-06-26,2,Njarðvík,Keflavík,2,6,4,0.001
2025-06-26,2,Njarðvík,Keflavík,2,7,2,5e-4
2025-06-26,2,Njarðvík,Keflavík,3,0,92,0.023
2025-06-26,2,Njarðvík,Keflavík,3,1,122,0.0305
2025-06-26,2,Njarðvík,Keflavík,3,2,98,0.0245
2025-06-26,2,Njarðvík,Keflavík,3,3,48,0.012
2025-06-26,2,Njarðvík,Keflavík,3,4,23,0.00575
2025-06-26,2,Njarðvík,Keflavík,3,5,6,0.0015
2025-06-26,2,Njarðvík,Keflavík,3,6,3,7.5e-4
2025-06-26,2,Njarðvík,Keflavík,3,7,2,5e-4
2025-06-26,2,Njarðvík,Keflavík,4,0,27,0.00675
2025-06-26,2,Njarðvík,Keflavík,4,1,43,0.01075
2025-06-26,2,Njarðvík,Keflavík,4,2,29,0.00725
2025-06-26,2,Njarðvík,Keflavík,4,3,19,0.00475
2025-06-26,2,Njarðvík,Keflavík,4,4,11,0.00275
2025-06-26,2,Njarðvík,Keflavík,4,5,6,0.0015
2025-06-26,2,Njarðvík,Keflavík,4,6,2,5e-4
2025-06-26,2,Njarðvík,Keflavík,5,0,8,0.002
2025-06-26,2,Njarðvík,Keflavík,5,1,19,0.00475
2025-06-26,2,Njarðvík,Keflavík,5,2,12,0.003
2025-06-26,2,Njarðvík,Keflavík,5,3,8,0.002
2025-06-26,2,Njarðvík,Keflavík,5,4,2,5e-4
2025-06-26,2,Njarðvík,Keflavík,5,5,3,7.5e-4
2025-06-26,2,Njarðvík,Keflavík,5,6,2,5e-4
2025-06-26,2,Njarðvík,Keflavík,6,0,4,0.001
2025-06-26,2,Njarðvík,Keflavík,6,1,1,2.5e-4
2025-06-26,2,Njarðvík,Keflavík,6,2,5,0.00125
2025-06-26,2,Njarðvík,Keflavík,6,3,2,5e-4
2025-06-26,2,Njarðvík,Keflavík,6,4,1,2.5e-4
2025-06-26,2,Njarðvík,Keflavík,6,5,2,5e-4
2025-06-26,2,Njarðvík,Keflavík,7,0,2,5e-4
2025-06-26,2,Njarðvík,Keflavík,7,2,4,0.001
2025-06-26,2,Njarðvík,Keflavík,7,4,1,2.5e-4
2025-06-26,2,Njarðvík,Keflavík,7,7,1,2.5e-4
2025-06-27,2,Fjölnir,Þór,0,0,151,0.03775
2025-06-27,2,Fjölnir,Þór,0,1,164,0.041
2025-06-27,2,Fjölnir,Þór,0,2,125,0.03125
2025-06-27,2,Fjölnir,Þór,0,3,57,0.01425
2025-06-27,2,Fjölnir,Þór,0,4,17,0.00425
2025-06-27,2,Fjölnir,Þór,0,5,4,0.001
2025-06-27,2,Fjölnir,Þór,0,6,2,5e-4
2025-06-27,2,Fjölnir,Þór,0,9,1,2.5e-4
2025-06-27,2,Fjölnir,Þór,1,0,274,0.0685
2025-06-27,2,Fjölnir,Þór,1,1,363,0.09075
2025-06-27,2,Fjölnir,Þór,1,2,240,0.06
2025-06-27,2,Fjölnir,Þór,1,3,111,0.02775
2025-06-27,2,Fjölnir,Þór,1,4,38,0.0095
2025-06-27,2,Fjölnir,Þór,1,5,12,0.003
2025-06-27,2,Fjölnir,Þór,1,6,1,2.5e-4
2025-06-27,2,Fjölnir,Þór,1,7,1,2.5e-4
2025-06-27,2,Fjölnir,Þór,2,0,304,0.076
2025-06-27,2,Fjölnir,Þór,2,1,356,0.089
2025-06-27,2,Fjölnir,Þór,2,2,243,0.06075
2025-06-27,2,Fjölnir,Þór,2,3,118,0.0295
2025-06-27,2,Fjölnir,Þór,2,4,51,0.01275
2025-06-27,2,Fjölnir,Þór,2,5,19,0.00475
2025-06-27,2,Fjölnir,Þór,2,6,1,2.5e-4
2025-06-27,2,Fjölnir,Þór,2,7,1,2.5e-4
2025-06-27,2,Fjölnir,Þór,2,8,1,2.5e-4
2025-06-27,2,Fjölnir,Þór,3,0,202,0.0505
2025-06-27,2,Fjölnir,Þór,3,1,260,0.065
2025-06-27,2,Fjölnir,Þór,3,2,139,0.03475
2025-06-27,2,Fjölnir,Þór,3,3,69,0.01725
2025-06-27,2,Fjölnir,Þór,3,4,32,0.008
2025-06-27,2,Fjölnir,Þór,3,5,5,0.00125
2025-06-27,2,Fjölnir,Þór,3,6,4,0.001
2025-06-27,2,Fjölnir,Þór,4,0,102,0.0255
2025-06-27,2,Fjölnir,Þór,4,1,139,0.03475
2025-06-27,2,Fjölnir,Þór,4,2,84,0.021
2025-06-27,2,Fjölnir,Þór,4,3,30,0.0075
2025-06-27,2,Fjölnir,Þór,4,4,14,0.0035
2025-06-27,2,Fjölnir,Þór,4,5,1,2.5e-4
2025-06-27,2,Fjölnir,Þór,4,6,2,5e-4
2025-06-27,2,Fjölnir,Þór,4,7,1,2.5e-4
2025-06-27,2,Fjölnir,Þór,5,0,38,0.0095
2025-06-27,2,Fjölnir,Þór,5,1,51,0.01275
2025-06-27,2,Fjölnir,Þór,5,2,51,0.01275
2025-06-27,2,Fjölnir,Þór,5,3,18,0.0045
2025-06-27,2,Fjölnir,Þór,5,4,7,0.00175
2025-06-27,2,Fjölnir,Þór,5,5,5,0.00125
2025-06-27,2,Fjölnir,Þór,5,6,1,2.5e-4
2025-06-27,2,Fjölnir,Þór,6,0,6,0.0015
2025-06-27,2,Fjölnir,Þór,6,1,24,0.006
2025-06-27,2,Fjölnir,Þór,6,2,16,0.004
2025-06-27,2,Fjölnir,Þór,6,3,7,0.00175
2025-06-27,2,Fjölnir,Þór,6,4,2,5e-4
2025-06-27,2,Fjölnir,Þór,7,0,3,7.5e-4
2025-06-27,2,Fjölnir,Þór,7,1,9,0.00225
2025-06-27,2,Fjölnir,Þór,7,2,8,0.002
2025-06-27,2,Fjölnir,Þór,7,3,2,5e-4
2025-06-27,2,Fjölnir,Þór,7,4,2,5e-4
2025-06-27,2,Fjölnir,Þór,7,6,1,2.5e-4
2025-06-27,2,Fjölnir,Þór,8,0,1,2.5e-4
2025-06-27,2,Fjölnir,Þór,8,1,1,2.5e-4
2025-06-27,2,Fjölnir,Þór,8,2,4,0.001
2025-06-27,2,Fjölnir,Þór,8,3,2,5e-4
2025-06-27,2,Fjölnir,Þór,9,0,1,2.5e-4
2025-06-27,2,Fjölnir,Þór,9,1,1,2.5e-4
2025-06-27,2,Selfoss,Leiknir R.,0,0,80,0.02
2025-06-27,2,Selfoss,Leiknir R.,0,1,154,0.0385
2025-06-27,2,Selfoss,Leiknir R.,0,2,138,0.0345
2025-06-27,2,Selfoss,Leiknir R.,0,3,137,0.03425
2025-06-27,2,Selfoss,Leiknir R.,0,4,57,0.01425
2025-06-27,2,Selfoss,Leiknir R.,0,5,34,0.0085
2025-06-27,2,Selfoss,Leiknir R.,0,6,11,0.00275
2025-06-27,2,Selfoss,Leiknir R.,0,7,9,0.00225
2025-06-27,2,Selfoss,Leiknir R.,0,8,1,2.5e-4
2025-06-27,2,Selfoss,Leiknir R.,0,11,1,2.5e-4
2025-06-27,2,Selfoss,Leiknir R.,1,0,129,0.03225
2025-06-27,2,Selfoss,Leiknir R.,1,1,268,0.067
2025-06-27,2,Selfoss,Leiknir R.,1,2,278,0.0695
2025-06-27,2,Selfoss,Leiknir R.,1,3,210,0.0525
2025-06-27,2,Selfoss,Leiknir R.,1,4,125,0.03125
2025-06-27,2,Selfoss,Leiknir R.,1,5,69,0.01725
2025-06-27,2,Selfoss,Leiknir R.,1,6,34,0.0085
2025-06-27,2,Selfoss,Leiknir R.,1,7,14,0.0035
2025-06-27,2,Selfoss,Leiknir R.,1,8,6,0.0015
2025-06-27,2,Selfoss,Leiknir R.,2,0,101,0.02525
2025-06-27,2,Selfoss,Leiknir R.,2,1,246,0.0615
2025-06-27,2,Selfoss,Leiknir R.,2,2,247,0.06175
2025-06-27,2,Selfoss,Leiknir R.,2,3,186,0.0465
2025-06-27,2,Selfoss,Leiknir R.,2,4,134,0.0335
2025-06-27,2,Selfoss,Leiknir R.,2,5,73,0.01825
2025-06-27,2,Selfoss,Leiknir R.,2,6,32,0.008
2025-06-27,2,Selfoss,Leiknir R.,2,7,8,0.002
2025-06-27,2,Selfoss,Leiknir R.,2,8,3,7.5e-4
2025-06-27,2,Selfoss,Leiknir R.,2,10,1,2.5e-4
2025-06-27,2,Selfoss,Leiknir R.,3,0,71,0.01775
2025-06-27,2,Selfoss,Leiknir R.,3,1,149,0.03725
2025-06-27,2,Selfoss,Leiknir R.,3,2,168,0.042
2025-06-27,2,Selfoss,Leiknir R.,3,3,131,0.03275
2025-06-27,2,Selfoss,Leiknir R.,3,4,75,0.01875
2025-06-27,2,Selfoss,Leiknir R.,3,5,38,0.0095
2025-06-27,2,Selfoss,Leiknir R.,3,6,17,0.00425
2025-06-27,2,Selfoss,Leiknir R.,3,7,6,0.0015
2025-06-27,2,Selfoss,Leiknir R.,3,8,1,2.5e-4
2025-06-27,2,Selfoss,Leiknir R.,4,0,39,0.00975
2025-06-27,2,Selfoss,Leiknir R.,4,1,68,0.017
2025-06-27,2,Selfoss,Leiknir R.,4,2,71,0.01775
2025-06-27,2,Selfoss,Leiknir R.,4,3,70,0.0175
2025-06-27,2,Selfoss,Leiknir R.,4,4,50,0.0125
2025-06-27,2,Selfoss,Leiknir R.,4,5,17,0.00425
2025-06-27,2,Selfoss,Leiknir R.,4,6,6,0.0015
2025-06-27,2,Selfoss,Leiknir R.,4,7,5,0.00125
2025-06-27,2,Selfoss,Leiknir R.,4,9,2,5e-4
2025-06-27,2,Selfoss,Leiknir R.,4,10,1,2.5e-4
2025-06-27,2,Selfoss,Leiknir R.,4,11,1,2.5e-4
2025-06-27,2,Selfoss,Leiknir R.,5,0,13,0.00325
2025-06-27,2,Selfoss,Leiknir R.,5,1,39,0.00975
2025-06-27,2,Selfoss,Leiknir R.,5,2,38,0.0095
2025-06-27,2,Selfoss,Leiknir R.,5,3,31,0.00775
2025-06-27,2,Selfoss,Leiknir R.,5,4,17,0.00425
2025-06-27,2,Selfoss,Leiknir R.,5,5,7,0.00175
2025-06-27,2,Selfoss,Leiknir R.,5,6,4,0.001
2025-06-27,2,Selfoss,Leiknir R.,5,7,3,7.5e-4
2025-06-27,2,Selfoss,Leiknir R.,5,8,2,5e-4
2025-06-27,2,Selfoss,Leiknir R.,5,9,1,2.5e-4
2025-06-27,2,Selfoss,Leiknir R.,6,0,5,0.00125
2025-06-27,2,Selfoss,Leiknir R.,6,1,13,0.00325
2025-06-27,2,Selfoss,Leiknir R.,6,2,13,0.00325
2025-06-27,2,Selfoss,Leiknir R.,6,3,7,0.00175
2025-06-27,2,Selfoss,Leiknir R.,6,4,3,7.5e-4
2025-06-27,2,Selfoss,Leiknir R.,6,5,3,7.5e-4
2025-06-27,2,Selfoss,Leiknir R.,6,6,3,7.5e-4
2025-06-27,2,Selfoss,Leiknir R.,7,0,3,7.5e-4
2025-06-27,2,Selfoss,Leiknir R.,7,1,2,5e-4
2025-06-27,2,Selfoss,Leiknir R.,7,2,6,0.0015
2025-06-27,2,Selfoss,Leiknir R.,7,3,3,7.5e-4
2025-06-27,2,Selfoss,Leiknir R.,7,4,3,7.5e-4
2025-06-27,2,Selfoss,Leiknir R.,7,6,1,2.5e-4
2025-06-27,2,Selfoss,Leiknir R.,7,7,1,2.5e-4
2025-06-27,2,Selfoss,Leiknir R.,8,2,3,7.5e-4
2025-06-27,2,Selfoss,Leiknir R.,8,4,2,5e-4
2025-06-27,2,Selfoss,Leiknir R.,8,5,1,2.5e-4
2025-06-27,2,Selfoss,Leiknir R.,9,5,1,2.5e-4
2025-06-27,2,ÍR,Grindavík,0,0,125,0.03125
2025-06-27,2,ÍR,Grindavík,0,1,163,0.04075
2025-06-27,2,ÍR,Grindavík,0,2,93,0.02325
2025-06-27,2,ÍR,Grindavík,0,3,42,0.0105
2025-06-27,2,ÍR,Grindavík,0,4,12,0.003
2025-06-27,2,ÍR,Grindavík,0,5,5,0.00125
2025-06-27,2,ÍR,Grindavík,0,7,1,2.5e-4
2025-06-27,2,ÍR,Grindavík,1,0,269,0.06725
2025-06-27,2,ÍR,Grindavík,1,1,314,0.0785
2025-06-27,2,ÍR,Grindavík,1,2,222,0.0555
2025-06-27,2,ÍR,Grindavík,1,3,80,0.02
2025-06-27,2,ÍR,Grindavík,1,4,39,0.00975
2025-06-27,2,ÍR,Grindavík,1,5,13,0.00325
2025-06-27,2,ÍR,Grindavík,1,6,2,5e-4
2025-06-27,2,ÍR,Grindavík,1,7,1,2.5e-4
2025-06-27,2,ÍR,Grindavík,2,0,291,0.07275
2025-06-27,2,ÍR,Grindavík,2,1,331,0.08275
2025-06-27,2,ÍR,Grindavík,2,2,221,0.05525
2025-06-27,2,ÍR,Grindavík,2,3,101,0.02525
2025-06-27,2,ÍR,Grindavík,2,4,48,0.012
2025-06-27,2,ÍR,Grindavík,2,5,9,0.00225
2025-06-27,2,ÍR,Grindavík,2,6,3,7.5e-4
2025-06-27,2,ÍR,Grindavík,2,7,1,2.5e-4
2025-06-27,2,ÍR,Grindavík,3,0,198,0.0495
2025-06-27,2,ÍR,Grindavík,3,1,254,0.0635
2025-06-27,2,ÍR,Grindavík,3,2,160,0.04
2025-06-27,2,ÍR,Grindavík,3,3,87,0.02175
2025-06-27,2,ÍR,Grindavík,3,4,21,0.00525
2025-06-27,2,ÍR,Grindavík,3,5,10,0.0025
2025-06-27,2,ÍR,Grindavík,3,6,3,7.5e-4
2025-06-27,2,ÍR,Grindavík,4,0,147,0.03675
2025-06-27,2,ÍR,Grindavík,4,1,164,0.041
2025-06-27,2,ÍR,Grindavík,4,2,110,0.0275
2025-06-27,2,ÍR,Grindavík,4,3,49,0.01225
2025-06-27,2,ÍR,Grindavík,4,4,16,0.004
2025-06-27,2,ÍR,Grindavík,4,5,5,0.00125
2025-06-27,2,ÍR,Grindavík,4,6,2,5e-4
2025-06-27,2,ÍR,Grindavík,5,0,62,0.0155
2025-06-27,2,ÍR,Grindavík,5,1,63,0.01575
2025-06-27,2,ÍR,Grindavík,5,2,62,0.0155
2025-06-27,2,ÍR,Grindavík,5,3,30,0.0075
2025-06-27,2,ÍR,Grindavík,5,4,7,0.00175
2025-06-27,2,ÍR,Grindavík,5,5,1,2.5e-4
2025-06-27,2,ÍR,Grindavík,6,0,25,0.00625
2025-06-27,2,ÍR,Grindavík,6,1,41,0.01025
2025-06-27,2,ÍR,Grindavík,6,2,21,0.00525
2025-06-27,2,ÍR,Grindavík,6,3,12,0.003
2025-06-27,2,ÍR,Grindavík,6,4,6,0.0015
2025-06-27,2,ÍR,Grindavík,6,5,2,5e-4
2025-06-27,2,ÍR,Grindavík,6,6,1,2.5e-4
2025-06-27,2,ÍR,Grindavík,7,0,6,0.0015
2025-06-27,2,ÍR,Grindavík,7,1,16,0.004
2025-06-27,2,ÍR,Grindavík,7,2,6,0.0015
2025-06-27,2,ÍR,Grindavík,7,3,5,0.00125
2025-06-27,2,ÍR,Grindavík,7,4,2,5e-4
2025-06-27,2,ÍR,Grindavík,8,0,5,0.00125
2025-06-27,2,ÍR,Grindavík,8,1,4,0.001
2025-06-27,2,ÍR,Grindavík,8,2,1,2.5e-4
2025-06-27,2,ÍR,Grindavík,8,3,2,5e-4
2025-06-27,2,ÍR,Grindavík,8,5,1,2.5e-4
2025-06-27,2,ÍR,Grindavík,9,0,2,5e-4
2025-06-27,2,ÍR,Grindavík,9,1,1,2.5e-4
2025-06-27,2,ÍR,Grindavík,9,2,2,5e-4
2025-06-27,2,ÍR,Grindavík,9,3,1,2.5e-4
2025-06-27,2,ÍR,Grindavík,10,1,1,2.5e-4
2025-06-27,2,Þróttur R.,HK,0,0,126,0.0315
2025-06-27,2,Þróttur R.,HK,0,1,158,0.0395
2025-06-27,2,Þróttur R.,HK,0,2,104,0.026
2025-06-27,2,Þróttur R.,HK,0,3,67,0.01675
2025-06-27,2,Þróttur R.,HK,0,4,19,0.00475
2025-06-27,2,Þróttur R.,HK,0,5,7,0.00175
2025-06-27,2,Þróttur R.,HK,0,6,5,0.00125
2025-06-27,2,Þróttur R.,HK,0,8,1,2.5e-4
2025-06-27,2,Þróttur R.,HK,1,0,253,0.06325
2025-06-27,2,Þróttur R.,HK,1,1,305,0.07625
2025-06-27,2,Þróttur R.,HK,1,2,209,0.05225
2025-06-27,2,Þróttur R.,HK,1,3,120,0.03
2025-06-27,2,Þróttur R.,HK,1,4,60,0.015
2025-06-27,2,Þróttur R.,HK,1,5,21,0.00525
2025-06-27,2,Þróttur R.,HK,1,6,5,0.00125
2025-06-27,2,Þróttur R.,HK,1,7,2,5e-4
2025-06-27,2,Þróttur R.,HK,1,8,1,2.5e-4
2025-06-27,2,Þróttur R.,HK,1,9,1,2.5e-4
2025-06-27,2,Þróttur R.,HK,2,0,208,0.052
2025-06-27,2,Þróttur R.,HK,2,1,342,0.0855
2025-06-27,2,Þróttur R.,HK,2,2,251,0.06275
2025-06-27,2,Þróttur R.,HK,2,3,130,0.0325
2025-06-27,2,Þróttur R.,HK,2,4,59,0.01475
2025-06-27,2,Þróttur R.,HK,2,5,16,0.004
2025-06-27,2,Þróttur R.,HK,2,6,6,0.0015
2025-06-27,2,Þróttur R.,HK,2,7,1,2.5e-4
2025-06-27,2,Þróttur R.,HK,3,0,174,0.0435
2025-06-27,2,Þróttur R.,HK,3,1,244,0.061
2025-06-27,2,Þróttur R.,HK,3,2,181,0.04525
2025-06-27,2,Þróttur R.,HK,3,3,100,0.025
2025-06-27,2,Þróttur R.,HK,3,4,37,0.00925
2025-06-27,2,Þróttur R.,HK,3,5,15,0.00375
2025-06-27,2,Þróttur R.,HK,3,6,4,0.001
2025-06-27,2,Þróttur R.,HK,3,7,2,5e-4
2025-06-27,2,Þróttur R.,HK,4,0,100,0.025
2025-06-27,2,Þróttur R.,HK,4,1,139,0.03475
2025-06-27,2,Þróttur R.,HK,4,2,89,0.02225
2025-06-27,2,Þróttur R.,HK,4,3,59,0.01475
2025-06-27,2,Þróttur R.,HK,4,4,32,0.008
2025-06-27,2,Þróttur R.,HK,4,5,8,0.002
2025-06-27,2,Þróttur R.,HK,4,6,2,5e-4
2025-06-27,2,Þróttur R.,HK,4,8,1,2.5e-4
2025-06-27,2,Þróttur R.,HK,5,0,49,0.01225
2025-06-27,2,Þróttur R.,HK,5,1,60,0.015
2025-06-27,2,Þróttur R.,HK,5,2,53,0.01325
2025-06-27,2,Þróttur R.,HK,5,3,27,0.00675
2025-06-27,2,Þróttur R.,HK,5,4,7,0.00175
2025-06-27,2,Þróttur R.,HK,5,5,3,7.5e-4
2025-06-27,2,Þróttur R.,HK,5,6,2,5e-4
2025-06-27,2,Þróttur R.,HK,6,0,18,0.0045
2025-06-27,2,Þróttur R.,HK,6,1,32,0.008
2025-06-27,2,Þróttur R.,HK,6,2,19,0.00475
2025-06-27,2,Þróttur R.,HK,6,3,11,0.00275
2025-06-27,2,Þróttur R.,HK,6,4,3,7.5e-4
2025-06-27,2,Þróttur R.,HK,6,6,4,0.001
2025-06-27,2,Þróttur R.,HK,6,8,1,2.5e-4
2025-06-27,2,Þróttur R.,HK,7,0,4,0.001
2025-06-27,2,Þróttur R.,HK,7,1,10,0.0025
2025-06-27,2,Þróttur R.,HK,7,2,9,0.00225
2025-06-27,2,Þróttur R.,HK,7,3,7,0.00175
2025-06-27,2,Þróttur R.,HK,7,4,5,0.00125
2025-06-27,2,Þróttur R.,HK,8,0,1,2.5e-4
2025-06-27,2,Þróttur R.,HK,8,1,3,7.5e-4
2025-06-27,2,Þróttur R.,HK,8,2,2,5e-4
2025-06-27,2,Þróttur R.,HK,8,3,1,2.5e-4
2025-06-27,2,Þróttur R.,HK,9,0,1,2.5e-4
2025-06-27,2,Þróttur R.,HK,9,1,1,2.5e-4
2025-06-27,2,Þróttur R.,HK,9,5,1,2.5e-4
2025-06-27,2,Þróttur R.,HK,11,2,1,2.5e-4
2025-06-27,2,Þróttur R.,HK,12,1,1,2.5e-4
2025-06-28,1,KA,Valur,0,0,155,0.03875
2025-06-28,1,KA,Valur,0,1,284,0.071
2025-06-28,1,KA,Valur,0,2,308,0.077
2025-06-28,1,KA,Valur,0,3,174,0.0435
2025-06-28,1,KA,Valur,0,4,116,0.029
2025-06-28,1,KA,Valur,0,5,52,0.013
2025-06-28,1,KA,Valur,0,6,14,0.0035
2025-06-28,1,KA,Valur,0,7,4,0.001
2025-06-28,1,KA,Valur,0,9,1,2.5e-4
2025-06-28,1,KA,Valur,1,0,183,0.04575
2025-06-28,1,KA,Valur,1,1,388,0.097
2025-06-28,1,KA,Valur,1,2,327,0.08175
2025-06-28,1,KA,Valur,1,3,244,0.061
2025-06-28,1,KA,Valur,1,4,140,0.035
2025-06-28,1,KA,Valur,1,5,57,0.01425
2025-06-28,1,KA,Valur,1,6,20,0.005
2025-06-28,1,KA,Valur,1,7,9,0.00225
2025-06-28,1,KA,Valur,1,8,1,2.5e-4
2025-06-28,1,KA,Valur,1,9,1,2.5e-4
2025-06-28,1,KA,Valur,2,0,114,0.0285
2025-06-28,1,KA,Valur,2,1,219,0.05475
2025-06-28,1,KA,Valur,2,2,250,0.0625
2025-06-28,1,KA,Valur,2,3,173,0.04325
2025-06-28,1,KA,Valur,2,4,84,0.021
2025-06-28,1,KA,Valur,2,5,43,0.01075
2025-06-28,1,KA,Valur,2,6,20,0.005
2025-06-28,1,KA,Valur,2,7,2,5e-4
2025-06-28,1,KA,Valur,2,8,1,2.5e-4
2025-06-28,1,KA,Valur,3,0,48,0.012
2025-06-28,1,KA,Valur,3,1,105,0.02625
2025-06-28,1,KA,Valur,3,2,114,0.0285
2025-06-28,1,KA,Valur,3,3,79,0.01975
2025-06-28,1,KA,Valur,3,4,28,0.007
2025-06-28,1,KA,Valur,3,5,21,0.00525
2025-06-28,1,KA,Valur,3,6,12,0.003
2025-06-28,1,KA,Valur,3,7,1,2.5e-4
2025-06-28,1,KA,Valur,4,0,23,0.00575
2025-06-28,1,KA,Valur,4,1,25,0.00625
2025-06-28,1,KA,Valur,4,2,39,0.00975
2025-06-28,1,KA,Valur,4,3,27,0.00675
2025-06-28,1,KA,Valur,4,4,20,0.005
2025-06-28,1,KA,Valur,4,5,6,0.0015
2025-06-28,1,KA,Valur,4,6,1,2.5e-4
2025-06-28,1,KA,Valur,4,7,1,2.5e-4
2025-06-28,1,KA,Valur,5,0,7,0.00175
2025-06-28,1,KA,Valur,5,1,10,0.0025
2025-06-28,1,KA,Valur,5,2,9,0.00225
2025-06-28,1,KA,Valur,5,3,10,0.0025
2025-06-28,1,KA,Valur,5,4,5,0.00125
2025-06-28,1,KA,Valur,5,5,5,0.00125
2025-06-28,1,KA,Valur,5,6,1,2.5e-4
2025-06-28,1,KA,Valur,6,0,2,5e-4
2025-06-28,1,KA,Valur,6,1,3,7.5e-4
2025-06-28,1,KA,Valur,6,2,5,0.00125
2025-06-28,1,KA,Valur,6,3,4,0.001
2025-06-28,1,KA,Valur,6,5,1,2.5e-4
2025-06-28,1,KA,Valur,6,6,1,2.5e-4
2025-06-28,1,KA,Valur,7,0,2,5e-4
2025-06-28,1,KA,Valur,7,1,1,2.5e-4
2025-06-28,2,Völsungur,Fylkir,0,0,180,0.045
2025-06-28,2,Völsungur,Fylkir,0,1,370,0.0925
2025-06-28,2,Völsungur,Fylkir,0,2,390,0.0975
2025-06-28,2,Völsungur,Fylkir,0,3,323,0.08075
2025-06-28,2,Völsungur,Fylkir,0,4,178,0.0445
2025-06-28,2,Völsungur,Fylkir,0,5,84,0.021
2025-06-28,2,Völsungur,Fylkir,0,6,37,0.00925
2025-06-28,2,Völsungur,Fylkir,0,7,11,0.00275
2025-06-28,2,Völsungur,Fylkir,0,8,6,0.0015
2025-06-28,2,Völsungur,Fylkir,0,10,1,2.5e-4
2025-06-28,2,Völsungur,Fylkir,1,0,165,0.04125
2025-06-28,2,Völsungur,Fylkir,1,1,357,0.08925
2025-06-28,2,Völsungur,Fylkir,1,2,397,0.09925
2025-06-28,2,Völsungur,Fylkir,1,3,266,0.0665
2025-06-28,2,Völsungur,Fylkir,1,4,163,0.04075
2025-06-28,2,Völsungur,Fylkir,1,5,79,0.01975
2025-06-28,2,Völsungur,Fylkir,1,6,22,0.0055
2025-06-28,2,Völsungur,Fylkir,1,7,14,0.0035
2025-06-28,2,Völsungur,Fylkir,1,8,3,7.5e-4
2025-06-28,2,Völsungur,Fylkir,1,9,1,2.5e-4
2025-06-28,2,Völsungur,Fylkir,1,10,1,2.5e-4
2025-06-28,2,Völsungur,Fylkir,2,0,75,0.01875
2025-06-28,2,Völsungur,Fylkir,2,1,165,0.04125
2025-06-28,2,Völsungur,Fylkir,2,2,149,0.03725
2025-06-28,2,Völsungur,Fylkir,2,3,131,0.03275
2025-06-28,2,Völsungur,Fylkir,2,4,70,0.0175
2025-06-28,2,Völsungur,Fylkir,2,5,34,0.0085
2025-06-28,2,Völsungur,Fylkir,2,6,15,0.00375
2025-06-28,2,Völsungur,Fylkir,2,7,8,0.002
2025-06-28,2,Völsungur,Fylkir,2,8,3,7.5e-4
2025-06-28,2,Völsungur,Fylkir,2,9,2,5e-4
2025-06-28,2,Völsungur,Fylkir,3,0,30,0.0075
2025-06-28,2,Völsungur,Fylkir,3,1,44,0.011
2025-06-28,2,Völsungur,Fylkir,3,2,48,0.012
2025-06-28,2,Völsungur,Fylkir,3,3,54,0.0135
2025-06-28,2,Völsungur,Fylkir,3,4,16,0.004
2025-06-28,2,Völsungur,Fylkir,3,5,16,0.004
2025-06-28,2,Völsungur,Fylkir,3,6,8,0.002
2025-06-28,2,Völsungur,Fylkir,3,7,1,2.5e-4
2025-06-28,2,Völsungur,Fylkir,3,10,1,2.5e-4
2025-06-28,2,Völsungur,Fylkir,4,0,7,0.00175
2025-06-28,2,Völsungur,Fylkir,4,1,14,0.0035
2025-06-28,2,Völsungur,Fylkir,4,2,15,0.00375
2025-06-28,2,Völsungur,Fylkir,4,3,13,0.00325
2025-06-28,2,Völsungur,Fylkir,4,4,7,0.00175
2025-06-28,2,Völsungur,Fylkir,4,5,3,7.5e-4
2025-06-28,2,Völsungur,Fylkir,4,6,1,2.5e-4
2025-06-28,2,Völsungur,Fylkir,4,7,2,5e-4
2025-06-28,2,Völsungur,Fylkir,5,0,2,5e-4
2025-06-28,2,Völsungur,Fylkir,5,1,2,5e-4
2025-06-28,2,Völsungur,Fylkir,5,2,6,0.0015
2025-06-28,2,Völsungur,Fylkir,5,3,2,5e-4
2025-06-28,2,Völsungur,Fylkir,5,4,4,0.001
2025-06-28,2,Völsungur,Fylkir,5,5,1,2.5e-4
2025-06-28,2,Völsungur,Fylkir,5,7,1,2.5e-4
2025-06-28,2,Völsungur,Fylkir,6,2,1,2.5e-4
2025-06-28,2,Völsungur,Fylkir,6,4,1,2.5e-4
2025-06-28,5,Elliði,Hamar,0,0,59,0.01475
2025-06-28,5,Elliði,Hamar,0,1,92,0.023
2025-06-28,5,Elliði,Hamar,0,2,67,0.01675
2025-06-28,5,Elliði,Hamar,0,3,45,0.01125
2025-06-28,5,Elliði,Hamar,0,4,23,0.00575
2025-06-28,5,Elliði,Hamar,0,5,1,2.5e-4
2025-06-28,5,Elliði,Hamar,0,6,3,7.5e-4
2025-06-28,5,Elliði,Hamar,1,0,162,0.0405
2025-06-28,5,Elliði,Hamar,1,1,194,0.0485
2025-06-28,5,Elliði,Hamar,1,2,167,0.04175
2025-06-28,5,Elliði,Hamar,1,3,79,0.01975
2025-06-28,5,Elliði,Hamar,1,4,37,0.00925
2025-06-28,5,Elliði,Hamar,1,5,13,0.00325
2025-06-28,5,Elliði,Hamar,1,6,4,0.001
2025-06-28,5,Elliði,Hamar,1,9,1,2.5e-4
2025-06-28,5,Elliði,Hamar,2,0,192,0.048
2025-06-28,5,Elliði,Hamar,2,1,263,0.06575
2025-06-28,5,Elliði,Hamar,2,2,246,0.0615
2025-06-28,5,Elliði,Hamar,2,3,128,0.032
2025-06-28,5,Elliði,Hamar,2,4,56,0.014
2025-06-28,5,Elliði,Hamar,2,5,11,0.00275
2025-06-28,5,Elliði,Hamar,2,6,2,5e-4
2025-06-28,5,Elliði,Hamar,2,7,1,2.5e-4
2025-06-28,5,Elliði,Hamar,3,0,191,0.04775
2025-06-28,5,Elliði,Hamar,3,1,290,0.0725
2025-06-28,5,Elliði,Hamar,3,2,215,0.05375
2025-06-28,5,Elliði,Hamar,3,3,112,0.028
2025-06-28,5,Elliði,Hamar,3,4,44,0.011
2025-06-28,5,Elliði,Hamar,3,5,15,0.00375
2025-06-28,5,Elliði,Hamar,3,6,8,0.002
2025-06-28,5,Elliði,Hamar,3,7,1,2.5e-4
2025-06-28,5,Elliði,Hamar,4,0,122,0.0305
2025-06-28,5,Elliði,Hamar,4,1,206,0.0515
2025-06-28,5,Elliði,Hamar,4,2,130,0.0325
2025-06-28,5,Elliði,Hamar,4,3,86,0.0215
2025-06-28,5,Elliði,Hamar,4,4,32,0.008
2025-06-28,5,Elliði,Hamar,4,5,15,0.00375
2025-06-28,5,Elliði,Hamar,4,6,1,2.5e-4
2025-06-28,5,Elliði,Hamar,4,7,1,2.5e-4
2025-06-28,5,Elliði,Hamar,5,0,77,0.01925
2025-06-28,5,Elliði,Hamar,5,1,110,0.0275
2025-06-28,5,Elliði,Hamar,5,2,97,0.02425
2025-06-28,5,Elliði,Hamar,5,3,49,0.01225
2025-06-28,5,Elliði,Hamar,5,4,15,0.00375
2025-06-28,5,Elliði,Hamar,5,5,9,0.00225
2025-06-28,5,Elliði,Hamar,5,6,2,5e-4
2025-06-28,5,Elliði,Hamar,5,7,3,7.5e-4
2025-06-28,5,Elliði,Hamar,6,0,36,0.009
2025-06-28,5,Elliði,Hamar,6,1,45,0.01125
2025-06-28,5,Elliði,Hamar,6,2,36,0.009
2025-06-28,5,Elliði,Hamar,6,3,30,0.0075
2025-06-28,5,Elliði,Hamar,6,4,9,0.00225
2025-06-28,5,Elliði,Hamar,6,5,9,0.00225
2025-06-28,5,Elliði,Hamar,6,6,2,5e-4
2025-06-28,5,Elliði,Hamar,7,0,17,0.00425
2025-06-28,5,Elliði,Hamar,7,1,29,0.00725
2025-06-28,5,Elliði,Hamar,7,2,27,0.00675
2025-06-28,5,Elliði,Hamar,7,3,14,0.0035
2025-06-28,5,Elliði,Hamar,7,4,6,0.0015
2025-06-28,5,Elliði,Hamar,7,5,3,7.5e-4
2025-06-28,5,Elliði,Hamar,7,6,1,2.5e-4
2025-06-28,5,Elliði,Hamar,8,0,5,0.00125
2025-06-28,5,Elliði,Hamar,8,1,12,0.003
2025-06-28,5,Elliði,Hamar,8,2,11,0.00275
2025-06-28,5,Elliði,Hamar,8,3,3,7.5e-4
2025-06-28,5,Elliði,Hamar,8,4,3,7.5e-4
2025-06-28,5,Elliði,Hamar,8,8,1,2.5e-4
2025-06-28,5,Elliði,Hamar,9,0,5,0.00125
2025-06-28,5,Elliði,Hamar,9,1,6,0.0015
2025-06-28,5,Elliði,Hamar,9,2,6,0.0015
2025-06-28,5,Elliði,Hamar,9,3,1,2.5e-4
2025-06-28,5,Elliði,Hamar,9,4,1,2.5e-4
2025-06-28,5,Elliði,Hamar,10,0,1,2.5e-4
2025-06-28,5,Elliði,Hamar,10,2,1,2.5e-4
2025-06-28,5,Elliði,Hamar,10,4,1,2.5e-4
2025-06-28,5,Elliði,Hamar,11,0,1,2.5e-4
2025-06-28,5,Elliði,Hamar,11,2,1,2.5e-4
2025-06-28,5,Hafnir,KFS,0,0,296,0.074
2025-06-28,5,Hafnir,KFS,0,1,309,0.07725
2025-06-28,5,Hafnir,KFS,0,2,138,0.0345
2025-06-28,5,Hafnir,KFS,0,3,53,0.01325
2025-06-28,5,Hafnir,KFS,0,4,15,0.00375
2025-06-28,5,Hafnir,KFS,0,5,5,0.00125
2025-06-28,5,Hafnir,KFS,0,6,4,0.001
2025-06-28,5,Hafnir,KFS,1,0,397,0.09925
2025-06-28,5,Hafnir,KFS,1,1,417,0.10425
2025-06-28,5,Hafnir,KFS,1,2,233,0.05825
2025-06-28,5,Hafnir,KFS,1,3,92,0.023
2025-06-28,5,Hafnir,KFS,1,4,38,0.0095
2025-06-28,5,Hafnir,KFS,1,5,6,0.0015
2025-06-28,5,Hafnir,KFS,1,6,2,5e-4
2025-06-28,5,Hafnir,KFS,2,0,307,0.07675
2025-06-28,5,Hafnir,KFS,2,1,355,0.08875
2025-06-28,5,Hafnir,KFS,2,2,213,0.05325
2025-06-28,5,Hafnir,KFS,2,3,79,0.01975
2025-06-28,5,Hafnir,KFS,2,4,31,0.00775
2025-06-28,5,Hafnir,KFS,2,5,7,0.00175
2025-06-28,5,Hafnir,KFS,3,0,185,0.04625
2025-06-28,5,Hafnir,KFS,3,1,206,0.0515
2025-06-28,5,Hafnir,KFS,3,2,132,0.033
2025-06-28,5,Hafnir,KFS,3,3,47,0.01175
2025-06-28,5,Hafnir,KFS,3,4,18,0.0045
2025-06-28,5,Hafnir,KFS,3,5,6,0.0015
2025-06-28,5,Hafnir,KFS,4,0,77,0.01925
2025-06-28,5,Hafnir,KFS,4,1,86,0.0215
2025-06-28,5,Hafnir,KFS,4,2,62,0.0155
2025-06-28,5,Hafnir,KFS,4,3,18,0.0045
2025-06-28,5,Hafnir,KFS,4,4,6,0.0015
2025-06-28,5,Hafnir,KFS,4,5,4,0.001
2025-06-28,5,Hafnir,KFS,4,7,1,2.5e-4
2025-06-28,5,Hafnir,KFS,5,0,29,0.00725
2025-06-28,5,Hafnir,KFS,5,1,39,0.00975
2025-06-28,5,Hafnir,KFS,5,2,19,0.00475
2025-06-28,5,Hafnir,KFS,5,3,9,0.00225
2025-06-28,5,Hafnir,KFS,5,4,3,7.5e-4
2025-06-28,5,Hafnir,KFS,5,5,1,2.5e-4
2025-06-28,5,Hafnir,KFS,6,0,8,0.002
2025-06-28,5,Hafnir,KFS,6,1,14,0.0035
2025-06-28,5,Hafnir,KFS,6,2,10,0.0025
2025-06-28,5,Hafnir,KFS,6,3,3,7.5e-4
2025-06-28,5,Hafnir,KFS,6,4,4,0.001
2025-06-28,5,Hafnir,KFS,6,5,1,2.5e-4
2025-06-28,5,Hafnir,KFS,7,0,3,7.5e-4
2025-06-28,5,Hafnir,KFS,7,1,2,5e-4
2025-06-28,5,Hafnir,KFS,7,2,4,0.001
2025-06-28,5,Hafnir,KFS,7,4,1,2.5e-4
2025-06-28,5,Hafnir,KFS,8,0,1,2.5e-4
2025-06-28,5,Hafnir,KFS,8,1,1,2.5e-4
2025-06-28,5,Hafnir,KFS,8,2,2,5e-4
2025-06-28,5,Hafnir,KFS,8,3,1,2.5e-4
2025-06-28,5,KÁ,KH,0,0,25,0.00625
2025-06-28,5,KÁ,KH,0,1,54,0.0135
2025-06-28,5,KÁ,KH,0,2,63,0.01575
2025-06-28,5,KÁ,KH,0,3,43,0.01075
2025-06-28,5,KÁ,KH,0,4,24,0.006
2025-06-28,5,KÁ,KH,0,5,12,0.003
2025-06-28,5,KÁ,KH,0,6,2,5e-4
2025-06-28,5,KÁ,KH,0,7,1,2.5e-4
2025-06-28,5,KÁ,KH,0,8,1,2.5e-4
2025-06-28,5,KÁ,KH,0,12,1,2.5e-4
2025-06-28,5,KÁ,KH,1,0,61,0.01525
2025-06-28,5,KÁ,KH,1,1,128,0.032
2025-06-28,5,KÁ,KH,1,2,132,0.033
2025-06-28,5,KÁ,KH,1,3,109,0.02725
2025-06-28,5,KÁ,KH,1,4,82,0.0205
2025-06-28,5,KÁ,KH,1,5,37,0.00925
2025-06-28,5,KÁ,KH,1,6,15,0.00375
2025-06-28,5,KÁ,KH,1,7,10,0.0025
2025-06-28,5,KÁ,KH,1,8,1,2.5e-4
2025-06-28,5,KÁ,KH,1,9,1,2.5e-4
2025-06-28,5,KÁ,KH,2,0,91,0.02275
2025-06-28,5,KÁ,KH,2,1,186,0.0465
2025-06-28,5,KÁ,KH,2,2,235,0.05875
2025-06-28,5,KÁ,KH,2,3,171,0.04275
2025-06-28,5,KÁ,KH,2,4,115,0.02875
2025-06-28,5,KÁ,KH,2,5,57,0.01425
2025-06-28,5,KÁ,KH,2,6,22,0.0055
2025-06-28,5,KÁ,KH,2,7,5,0.00125
2025-06-28,5,KÁ,KH,2,8,3,7.5e-4
2025-06-28,5,KÁ,KH,2,9,1,2.5e-4
2025-06-28,5,KÁ,KH,3,0,105,0.02625
2025-06-28,5,KÁ,KH,3,1,173,0.04325
2025-06-28,5,KÁ,KH,3,2,202,0.0505
2025-06-28,5,KÁ,KH,3,3,163,0.04075
2025-06-28,5,KÁ,KH,3,4,95,0.02375
2025-06-28,5,KÁ,KH,3,5,54,0.0135
2025-06-28,5,KÁ,KH,3,6,25,0.00625
2025-06-28,5,KÁ,KH,3,7,17,0.00425
2025-06-28,5,KÁ,KH,3,8,3,7.5e-4
2025-06-28,5,KÁ,KH,4,0,66,0.0165
2025-06-28,5,KÁ,KH,4,1,132,0.033
2025-06-28,5,KÁ,KH,4,2,160,0.04
2025-06-28,5,KÁ,KH,4,3,120,0.03
2025-06-28,5,KÁ,KH,4,4,78,0.0195
2025-06-28,5,KÁ,KH,4,5,38,0.0095
2025-06-28,5,KÁ,KH,4,6,17,0.00425
2025-06-28,5,KÁ,KH,4,7,6,0.0015
2025-06-28,5,KÁ,KH,4,8,2,5e-4
2025-06-28,5,KÁ,KH,4,11,1,2.5e-4
2025-06-28,5,KÁ,KH,5,0,41,0.01025
2025-06-28,5,KÁ,KH,5,1,85,0.02125
2025-06-28,5,KÁ,KH,5,2,104,0.026
2025-06-28,5,KÁ,KH,5,3,73,0.01825
2025-06-28,5,KÁ,KH,5,4,58,0.0145
2025-06-28,5,KÁ,KH,5,5,30,0.0075
2025-06-28,5,KÁ,KH,5,6,13,0.00325
2025-06-28,5,KÁ,KH,5,7,4,0.001
2025-06-28,5,KÁ,KH,5,8,2,5e-4
2025-06-28,5,KÁ,KH,5,10,1,2.5e-4
2025-06-28,5,KÁ,KH,6,0,24,0.006
2025-06-28,5,KÁ,KH,6,1,54,0.0135
2025-06-28,5,KÁ,KH,6,2,53,0.01325
2025-06-28,5,KÁ,KH,6,3,40,0.01
2025-06-28,5,KÁ,KH,6,4,32,0.008
2025-06-28,5,KÁ,KH,6,5,14,0.0035
2025-06-28,5,KÁ,KH,6,6,3,7.5e-4
2025-06-28,5,KÁ,KH,6,8,1,2.5e-4
2025-06-28,5,KÁ,KH,6,10,2,5e-4
2025-06-28,5,KÁ,KH,7,0,20,0.005
2025-06-28,5,KÁ,KH,7,1,24,0.006
2025-06-28,5,KÁ,KH,7,2,23,0.00575
2025-06-28,5,KÁ,KH,7,3,29,0.00725
2025-06-28,5,KÁ,KH,7,4,17,0.00425
2025-06-28,5,KÁ,KH,7,5,2,5e-4
2025-06-28,5,KÁ,KH,7,6,2,5e-4
2025-06-28,5,KÁ,KH,7,7,3,7.5e-4
2025-06-28,5,KÁ,KH,7,8,1,2.5e-4
2025-06-28,5,KÁ,KH,8,0,4,0.001
2025-06-28,5,KÁ,KH,8,1,18,0.0045
2025-06-28,5,KÁ,KH,8,2,12,0.003
2025-06-28,5,KÁ,KH,8,3,15,0.00375
2025-06-28,5,KÁ,KH,8,4,9,0.00225
2025-06-28,5,KÁ,KH,8,5,8,0.002
2025-06-28,5,KÁ,KH,8,8,1,2.5e-4
2025-06-28,5,KÁ,KH,9,0,4,0.001
2025-06-28,5,KÁ,KH,9,1,4,0.001
2025-06-28,5,KÁ,KH,9,2,2,5e-4
2025-06-28,5,KÁ,KH,9,3,3,7.5e-4
2025-06-28,5,KÁ,KH,9,4,3,7.5e-4
2025-06-28,5,KÁ,KH,9,5,1,2.5e-4
2025-06-28,5,KÁ,KH,9,6,1,2.5e-4
2025-06-28,5,KÁ,KH,9,7,1,2.5e-4
2025-06-28,5,KÁ,KH,10,0,1,2.5e-4
2025-06-28,5,KÁ,KH,10,1,1,2.5e-4
2025-06-28,5,KÁ,KH,10,2,1,2.5e-4
2025-06-28,5,KÁ,KH,10,3,2,5e-4
2025-06-28,5,KÁ,KH,10,4,3,7.5e-4
2025-06-28,5,KÁ,KH,10,8,1,2.5e-4
2025-06-28,5,KÁ,KH,11,0,1,2.5e-4
2025-06-28,5,KÁ,KH,11,1,2,5e-4
2025-06-28,5,KÁ,KH,11,2,2,5e-4
2025-06-28,5,Árborg,Vængir Júpiters,0,0,74,0.0185
2025-06-28,5,Árborg,Vængir Júpiters,0,1,101,0.02525
2025-06-28,5,Árborg,Vængir Júpiters,0,2,61,0.01525
2025-06-28,5,Árborg,Vængir Júpiters,0,3,34,0.0085
2025-06-28,5,Árborg,Vængir Júpiters,0,4,14,0.0035
2025-06-28,5,Árborg,Vængir Júpiters,0,5,7,0.00175
2025-06-28,5,Árborg,Vængir Júpiters,0,6,1,2.5e-4
2025-06-28,5,Árborg,Vængir Júpiters,0,7,1,2.5e-4
2025-06-28,5,Árborg,Vængir Júpiters,1,0,122,0.0305
2025-06-28,5,Árborg,Vængir Júpiters,1,1,212,0.053
2025-06-28,5,Árborg,Vængir Júpiters,1,2,167,0.04175
2025-06-28,5,Árborg,Vængir Júpiters,1,3,107,0.02675
2025-06-28,5,Árborg,Vængir Júpiters,1,4,41,0.01025
2025-06-28,5,Árborg,Vængir Júpiters,1,5,12,0.003
2025-06-28,5,Árborg,Vængir Júpiters,1,6,5,0.00125
2025-06-28,5,Árborg,Vængir Júpiters,1,7,2,5e-4
2025-06-28,5,Árborg,Vængir Júpiters,2,0,157,0.03925
2025-06-28,5,Árborg,Vængir Júpiters,2,1,272,0.068
2025-06-28,5,Árborg,Vængir Júpiters,2,2,213,0.05325
2025-06-28,5,Árborg,Vængir Júpiters,2,3,150,0.0375
2025-06-28,5,Árborg,Vængir Júpiters,2,4,61,0.01525
2025-06-28,5,Árborg,Vængir Júpiters,2,5,26,0.0065
2025-06-28,5,Árborg,Vængir Júpiters,2,6,6,0.0015
2025-06-28,5,Árborg,Vængir Júpiters,2,7,1,2.5e-4
2025-06-28,5,Árborg,Vængir Júpiters,3,0,186,0.0465
2025-06-28,5,Árborg,Vængir Júpiters,3,1,269,0.06725
2025-06-28,5,Árborg,Vængir Júpiters,3,2,209,0.05225
2025-06-28,5,Árborg,Vængir Júpiters,3,3,129,0.03225
2025-06-28,5,Árborg,Vængir Júpiters,3,4,50,0.0125
2025-06-28,5,Árborg,Vængir Júpiters,3,5,18,0.0045
2025-06-28,5,Árborg,Vængir Júpiters,3,6,5,0.00125
2025-06-28,5,Árborg,Vængir Júpiters,3,7,1,2.5e-4
2025-06-28,5,Árborg,Vængir Júpiters,3,8,1,2.5e-4
2025-06-28,5,Árborg,Vængir Júpiters,4,0,134,0.0335
2025-06-28,5,Árborg,Vængir Júpiters,4,1,179,0.04475
2025-06-28,5,Árborg,Vængir Júpiters,4,2,158,0.0395
2025-06-28,5,Árborg,Vængir Júpiters,4,3,88,0.022
2025-06-28,5,Árborg,Vængir Júpiters,4,4,33,0.00825
2025-06-28,5,Árborg,Vængir Júpiters,4,5,7,0.00175
2025-06-28,5,Árborg,Vængir Júpiters,4,6,4,0.001
2025-06-28,5,Árborg,Vængir Júpiters,4,7,2,5e-4
2025-06-28,5,Árborg,Vængir Júpiters,5,0,63,0.01575
2025-06-28,5,Árborg,Vængir Júpiters,5,1,110,0.0275
2025-06-28,5,Árborg,Vængir Júpiters,5,2,88,0.022
2025-06-28,5,Árborg,Vængir Júpiters,5,3,51,0.01275
2025-06-28,5,Árborg,Vængir Júpiters,5,4,20,0.005
2025-06-28,5,Árborg,Vængir Júpiters,5,5,11,0.00275
2025-06-28,5,Árborg,Vængir Júpiters,5,6,3,7.5e-4
2025-06-28,5,Árborg,Vængir Júpiters,5,7,2,5e-4
2025-06-28,5,Árborg,Vængir Júpiters,6,0,37,0.00925
2025-06-28,5,Árborg,Vængir Júpiters,6,1,55,0.01375
2025-06-28,5,Árborg,Vængir Júpiters,6,2,43,0.01075
2025-06-28,5,Árborg,Vængir Júpiters,6,3,29,0.00725
2025-06-28,5,Árborg,Vængir Júpiters,6,4,17,0.00425
2025-06-28,5,Árborg,Vængir Júpiters,6,5,2,5e-4
2025-06-28,5,Árborg,Vængir Júpiters,6,6,1,2.5e-4
2025-06-28,5,Árborg,Vængir Júpiters,7,0,12,0.003
2025-06-28,5,Árborg,Vængir Júpiters,7,1,24,0.006
2025-06-28,5,Árborg,Vængir Júpiters,7,2,24,0.006
2025-06-28,5,Árborg,Vængir Júpiters,7,3,16,0.004
2025-06-28,5,Árborg,Vængir Júpiters,7,4,12,0.003
2025-06-28,5,Árborg,Vængir Júpiters,7,5,7,0.00175
2025-06-28,5,Árborg,Vængir Júpiters,7,6,1,2.5e-4
2025-06-28,5,Árborg,Vængir Júpiters,8,0,2,5e-4
2025-06-28,5,Árborg,Vængir Júpiters,8,1,7,0.00175
2025-06-28,5,Árborg,Vængir Júpiters,8,2,6,0.0015
2025-06-28,5,Árborg,Vængir Júpiters,8,3,10,0.0025
2025-06-28,5,Árborg,Vængir Júpiters,8,4,3,7.5e-4
2025-06-28,5,Árborg,Vængir Júpiters,8,5,1,2.5e-4
2025-06-28,5,Árborg,Vængir Júpiters,9,0,2,5e-4
2025-06-28,5,Árborg,Vængir Júpiters,9,1,5,0.00125
2025-06-28,5,Árborg,Vængir Júpiters,9,2,2,5e-4
2025-06-28,5,Árborg,Vængir Júpiters,9,3,2,5e-4
2025-06-28,5,Árborg,Vængir Júpiters,9,4,1,2.5e-4
2025-06-28,5,Árborg,Vængir Júpiters,10,0,1,2.5e-4
2025-06-28,5,Árborg,Vængir Júpiters,10,1,5,0.00125
2025-06-28,5,Árborg,Vængir Júpiters,10,2,3,7.5e-4
2025-06-28,5,Árborg,Vængir Júpiters,10,3,1,2.5e-4
2025-06-28,5,Árborg,Vængir Júpiters,11,4,1,2.5e-4
2025-06-29,1,Fram,ÍBV,0,0,106,0.0265
2025-06-29,1,Fram,ÍBV,0,1,103,0.02575
2025-06-29,1,Fram,ÍBV,0,2,42,0.0105
2025-06-29,1,Fram,ÍBV,0,3,14,0.0035
2025-06-29,1,Fram,ÍBV,0,4,6,0.0015
2025-06-29,1,Fram,ÍBV,0,5,1,2.5e-4
2025-06-29,1,Fram,ÍBV,1,0,303,0.07575
2025-06-29,1,Fram,ÍBV,1,1,276,0.069
2025-06-29,1,Fram,ÍBV,1,2,122,0.0305
2025-06-29,1,Fram,ÍBV,1,3,40,0.01
2025-06-29,1,Fram,ÍBV,1,4,11,0.00275
2025-06-29,1,Fram,ÍBV,1,5,1,2.5e-4
2025-06-29,1,Fram,ÍBV,2,0,360,0.09
2025-06-29,1,Fram,ÍBV,2,1,377,0.09425
2025-06-29,1,Fram,ÍBV,2,2,146,0.0365
2025-06-29,1,Fram,ÍBV,2,3,60,0.015
2025-06-29,1,Fram,ÍBV,2,4,16,0.004
2025-06-29,1,Fram,ÍBV,2,5,4,0.001
2025-06-29,1,Fram,ÍBV,3,0,339,0.08475
2025-06-29,1,Fram,ÍBV,3,1,287,0.07175
2025-06-29,1,Fram,ÍBV,3,2,114,0.0285
2025-06-29,1,Fram,ÍBV,3,3,39,0.00975
2025-06-29,1,Fram,ÍBV,3,4,7,0.00175
2025-06-29,1,Fram,ÍBV,3,5,1,2.5e-4
2025-06-29,1,Fram,ÍBV,3,6,1,2.5e-4
2025-06-29,1,Fram,ÍBV,4,0,241,0.06025
2025-06-29,1,Fram,ÍBV,4,1,221,0.05525
2025-06-29,1,Fram,ÍBV,4,2,88,0.022
2025-06-29,1,Fram,ÍBV,4,3,35,0.00875
2025-06-29,1,Fram,ÍBV,4,4,12,0.003
2025-06-29,1,Fram,ÍBV,4,5,1,2.5e-4
2025-06-29,1,Fram,ÍBV,4,6,1,2.5e-4
2025-06-29,1,Fram,ÍBV,4,7,1,2.5e-4
2025-06-29,1,Fram,ÍBV,5,0,127,0.03175
2025-06-29,1,Fram,ÍBV,5,1,120,0.03
2025-06-29,1,Fram,ÍBV,5,2,50,0.0125
2025-06-29,1,Fram,ÍBV,5,3,15,0.00375
2025-06-29,1,Fram,ÍBV,5,4,5,0.00125
2025-06-29,1,Fram,ÍBV,5,5,3,7.5e-4
2025-06-29,1,Fram,ÍBV,6,0,63,0.01575
2025-06-29,1,Fram,ÍBV,6,1,67,0.01675
2025-06-29,1,Fram,ÍBV,6,2,26,0.0065
2025-06-29,1,Fram,ÍBV,6,3,9,0.00225
2025-06-29,1,Fram,ÍBV,6,4,3,7.5e-4
2025-06-29,1,Fram,ÍBV,6,7,1,2.5e-4
2025-06-29,1,Fram,ÍBV,7,0,29,0.00725
2025-06-29,1,Fram,ÍBV,7,1,33,0.00825
2025-06-29,1,Fram,ÍBV,7,2,10,0.0025
2025-06-29,1,Fram,ÍBV,7,3,1,2.5e-4
2025-06-29,1,Fram,ÍBV,7,4,3,7.5e-4
2025-06-29,1,Fram,ÍBV,7,5,1,2.5e-4
2025-06-29,1,Fram,ÍBV,8,0,13,0.00325
2025-06-29,1,Fram,ÍBV,8,1,15,0.00375
2025-06-29,1,Fram,ÍBV,8,2,7,0.00175
2025-06-29,1,Fram,ÍBV,8,3,1,2.5e-4
2025-06-29,1,Fram,ÍBV,8,4,1,2.5e-4
2025-06-29,1,Fram,ÍBV,9,0,5,0.00125
2025-06-29,1,Fram,ÍBV,9,1,7,0.00175
2025-06-29,1,Fram,ÍBV,9,2,1,2.5e-4
2025-06-29,1,Fram,ÍBV,10,0,3,7.5e-4
2025-06-29,1,Fram,ÍBV,10,1,2,5e-4
2025-06-29,1,Fram,ÍBV,10,3,1,2.5e-4
2025-06-29,1,Fram,ÍBV,11,0,1,2.5e-4
2025-06-29,1,Fram,ÍBV,11,2,1,2.5e-4
2025-06-29,1,KR,FH,0,0,92,0.023
2025-06-29,1,KR,FH,0,1,59,0.01475
2025-06-29,1,KR,FH,0,2,37,0.00925
2025-06-29,1,KR,FH,0,3,6,0.0015
2025-06-29,1,KR,FH,0,4,2,5e-4
2025-06-29,1,KR,FH,0,5,1,2.5e-4
2025-06-29,1,KR,FH,1,0,223,0.05575
2025-06-29,1,KR,FH,1,1,211,0.05275
2025-06-29,1,KR,FH,1,2,85,0.02125
2025-06-29,1,KR,FH,1,3,36,0.009
2025-06-29,1,KR,FH,1,4,10,0.0025
2025-06-29,1,KR,FH,1,5,2,5e-4
2025-06-29,1,KR,FH,2,0,307,0.07675
2025-06-29,1,KR,FH,2,1,276,0.069
2025-06-29,1,KR,FH,2,2,155,0.03875
2025-06-29,1,KR,FH,2,3,47,0.01175
2025-06-29,1,KR,FH,2,4,16,0.004
2025-06-29,1,KR,FH,2,5,3,7.5e-4
2025-06-29,1,KR,FH,2,6,2,5e-4
2025-06-29,1,KR,FH,3,0,303,0.07575
2025-06-29,1,KR,FH,3,1,328,0.082
2025-06-29,1,KR,FH,3,2,145,0.03625
2025-06-29,1,KR,FH,3,3,47,0.01175
2025-06-29,1,KR,FH,3,4,15,0.00375
2025-06-29,1,KR,FH,3,5,2,5e-4
2025-06-29,1,KR,FH,4,0,252,0.063
2025-06-29,1,KR,FH,4,1,235,0.05875
2025-06-29,1,KR,FH,4,2,100,0.025
2025-06-29,1,KR,FH,4,3,61,0.01525
2025-06-29,1,KR,FH,4,4,10,0.0025
2025-06-29,1,KR,FH,4,5,3,7.5e-4
2025-06-29,1,KR,FH,5,0,168,0.042
2025-06-29,1,KR,FH,5,1,152,0.038
2025-06-29,1,KR,FH,5,2,83,0.02075
2025-06-29,1,KR,FH,5,3,24,0.006
2025-06-29,1,KR,FH,5,4,11,0.00275
2025-06-29,1,KR,FH,5,5,1,2.5e-4
2025-06-29,1,KR,FH,6,0,101,0.02525
2025-06-29,1,KR,FH,6,1,85,0.02125
2025-06-29,1,KR,FH,6,2,39,0.00975
2025-06-29,1,KR,FH,6,3,15,0.00375
2025-06-29,1,KR,FH,6,4,7,0.00175
2025-06-29,1,KR,FH,6,5,1,2.5e-4
2025-06-29,1,KR,FH,7,0,50,0.0125
2025-06-29,1,KR,FH,7,1,39,0.00975
2025-06-29,1,KR,FH,7,2,21,0.00525
2025-06-29,1,KR,FH,7,3,6,0.0015
2025-06-29,1,KR,FH,7,4,1,2.5e-4
2025-06-29,1,KR,FH,7,5,1,2.5e-4
2025-06-29,1,KR,FH,8,0,31,0.00775
2025-06-29,1,KR,FH,8,1,27,0.00675
2025-06-29,1,KR,FH,8,2,13,0.00325
2025-06-29,1,KR,FH,8,3,6,0.0015
2025-06-29,1,KR,FH,9,0,9,0.00225
2025-06-29,1,KR,FH,9,1,17,0.00425
2025-06-29,1,KR,FH,9,2,4,0.001
2025-06-29,1,KR,FH,10,0,3,7.5e-4
2025-06-29,1,KR,FH,10,1,2,5e-4
2025-06-29,1,KR,FH,10,2,2,5e-4
2025-06-29,1,KR,FH,10,3,2,5e-4
2025-06-29,1,KR,FH,11,0,1,2.5e-4
2025-06-29,1,KR,FH,11,1,2,5e-4
2025-06-29,1,KR,FH,11,2,1,2.5e-4
2025-06-29,1,KR,FH,12,0,1,2.5e-4
2025-06-29,1,KR,FH,12,2,1,2.5e-4
2025-06-29,1,KR,FH,13,0,1,2.5e-4
2025-06-29,1,KR,FH,15,0,1,2.5e-4
2025-06-29,1,Vestri,ÍA,0,0,177,0.04425
2025-06-29,1,Vestri,ÍA,0,1,202,0.0505
2025-06-29,1,Vestri,ÍA,0,2,144,0.036
2025-06-29,1,Vestri,ÍA,0,3,60,0.015
2025-06-29,1,Vestri,ÍA,0,4,23,0.00575
2025-06-29,1,Vestri,ÍA,0,5,7,0.00175
2025-06-29,1,Vestri,ÍA,0,6,1,2.5e-4
2025-06-29,1,Vestri,ÍA,0,8,1,2.5e-4
2025-06-29,1,Vestri,ÍA,1,0,281,0.07025
2025-06-29,1,Vestri,ÍA,1,1,407,0.10175
2025-06-29,1,Vestri,ÍA,1,2,233,0.05825
2025-06-29,1,Vestri,ÍA,1,3,118,0.0295
2025-06-29,1,Vestri,ÍA,1,4,44,0.011
2025-06-29,1,Vestri,ÍA,1,5,12,0.003
2025-06-29,1,Vestri,ÍA,1,6,6,0.0015
2025-06-29,1,Vestri,ÍA,1,7,3,7.5e-4
2025-06-29,1,Vestri,ÍA,2,0,280,0.07
2025-06-29,1,Vestri,ÍA,2,1,341,0.08525
2025-06-29,1,Vestri,ÍA,2,2,242,0.0605
2025-06-29,1,Vestri,ÍA,2,3,103,0.02575
2025-06-29,1,Vestri,ÍA,2,4,45,0.01125
2025-06-29,1,Vestri,ÍA,2,5,11,0.00275
2025-06-29,1,Vestri,ÍA,2,6,6,0.0015
2025-06-29,1,Vestri,ÍA,2,7,1,2.5e-4
2025-06-29,1,Vestri,ÍA,3,0,148,0.037
2025-06-29,1,Vestri,ÍA,3,1,221,0.05525
2025-06-29,1,Vestri,ÍA,3,2,168,0.042
2025-06-29,1,Vestri,ÍA,3,3,95,0.02375
2025-06-29,1,Vestri,ÍA,3,4,29,0.00725
2025-06-29,1,Vestri,ÍA,3,5,12,0.003
2025-06-29,1,Vestri,ÍA,3,6,3,7.5e-4
2025-06-29,1,Vestri,ÍA,3,7,1,2.5e-4
2025-06-29,1,Vestri,ÍA,4,0,76,0.019
2025-06-29,1,Vestri,ÍA,4,1,114,0.0285
2025-06-29,1,Vestri,ÍA,4,2,85,0.02125
2025-06-29,1,Vestri,ÍA,4,3,46,0.0115
2025-06-29,1,Vestri,ÍA,4,4,15,0.00375
2025-06-29,1,Vestri,ÍA,4,5,4,0.001
2025-06-29,1,Vestri,ÍA,4,7,1,2.5e-4
2025-06-29,1,Vestri,ÍA,5,0,40,0.01
2025-06-29,1,Vestri,ÍA,5,1,44,0.011
2025-06-29,1,Vestri,ÍA,5,2,37,0.00925
2025-06-29,1,Vestri,ÍA,5,3,11,0.00275
2025-06-29,1,Vestri,ÍA,5,4,3,7.5e-4
2025-06-29,1,Vestri,ÍA,5,5,2,5e-4
2025-06-29,1,Vestri,ÍA,6,0,15,0.00375
2025-06-29,1,Vestri,ÍA,6,1,20,0.005
2025-06-29,1,Vestri,ÍA,6,2,19,0.00475
2025-06-29,1,Vestri,ÍA,6,3,7,0.00175
2025-06-29,1,Vestri,ÍA,6,4,4,0.001
2025-06-29,1,Vestri,ÍA,6,5,1,2.5e-4
2025-06-29,1,Vestri,ÍA,7,0,5,0.00125
2025-06-29,1,Vestri,ÍA,7,1,7,0.00175
2025-06-29,1,Vestri,ÍA,7,2,5,0.00125
2025-06-29,1,Vestri,ÍA,7,3,6,0.0015
2025-06-29,1,Vestri,ÍA,7,4,1,2.5e-4
2025-06-29,1,Vestri,ÍA,8,0,1,2.5e-4
2025-06-29,1,Vestri,ÍA,8,1,1,2.5e-4
2025-06-29,1,Vestri,ÍA,8,2,3,7.5e-4
2025-06-29,1,Vestri,ÍA,8,4,1,2.5e-4
2025-06-29,1,Vestri,ÍA,9,0,1,2.5e-4
2025-06-29,1,Víkingur R.,Afturelding,0,0,64,0.016
2025-06-29,1,Víkingur R.,Afturelding,0,1,107,0.02675
2025-06-29,1,Víkingur R.,Afturelding,0,2,76,0.019
2025-06-29,1,Víkingur R.,Afturelding,0,3,50,0.0125
2025-06-29,1,Víkingur R.,Afturelding,0,4,9,0.00225
2025-06-29,1,Víkingur R.,Afturelding,0,5,5,0.00125
2025-06-29,1,Víkingur R.,Afturelding,0,6,1,2.5e-4
2025-06-29,1,Víkingur R.,Afturelding,1,0,144,0.036
2025-06-29,1,Víkingur R.,Afturelding,1,1,254,0.0635
2025-06-29,1,Víkingur R.,Afturelding,1,2,168,0.042
2025-06-29,1,Víkingur R.,Afturelding,1,3,93,0.02325
2025-06-29,1,Víkingur R.,Afturelding,1,4,30,0.0075
2025-06-29,1,Víkingur R.,Afturelding,1,5,12,0.003
2025-06-29,1,Víkingur R.,Afturelding,1,6,2,5e-4
2025-06-29,1,Víkingur R.,Afturelding,2,0,204,0.051
2025-06-29,1,Víkingur R.,Afturelding,2,1,295,0.07375
2025-06-29,1,Víkingur R.,Afturelding,2,2,279,0.06975
2025-06-29,1,Víkingur R.,Afturelding,2,3,132,0.033
2025-06-29,1,Víkingur R.,Afturelding,2,4,48,0.012
2025-06-29,1,Víkingur R.,Afturelding,2,5,28,0.007
2025-06-29,1,Víkingur R.,Afturelding,2,6,4,0.001
2025-06-29,1,Víkingur R.,Afturelding,3,0,182,0.0455
2025-06-29,1,Víkingur R.,Afturelding,3,1,253,0.06325
2025-06-29,1,Víkingur R.,Afturelding,3,2,193,0.04825
2025-06-29,1,Víkingur R.,Afturelding,3,3,106,0.0265
2025-06-29,1,Víkingur R.,Afturelding,3,4,32,0.008
2025-06-29,1,Víkingur R.,Afturelding,3,5,20,0.005
2025-06-29,1,Víkingur R.,Afturelding,3,6,4,0.001
2025-06-29,1,Víkingur R.,Afturelding,3,7,2,5e-4
2025-06-29,1,Víkingur R.,Afturelding,3,8,1,2.5e-4
2025-06-29,1,Víkingur R.,Afturelding,3,9,1,2.5e-4
2025-06-29,1,Víkingur R.,Afturelding,4,0,126,0.0315
2025-06-29,1,Víkingur R.,Afturelding,4,1,194,0.0485
2025-06-29,1,Víkingur R.,Afturelding,4,2,143,0.03575
2025-06-29,1,Víkingur R.,Afturelding,4,3,67,0.01675
2025-06-29,1,Víkingur R.,Afturelding,4,4,43,0.01075
2025-06-29,1,Víkingur R.,Afturelding,4,5,13,0.00325
2025-06-29,1,Víkingur R.,Afturelding,4,6,5,0.00125
2025-06-29,1,Víkingur R.,Afturelding,4,7,2,5e-4
2025-06-29,1,Víkingur R.,Afturelding,5,0,77,0.01925
2025-06-29,1,Víkingur R.,Afturelding,5,1,95,0.02375
2025-06-29,1,Víkingur R.,Afturelding,5,2,70,0.0175
2025-06-29,1,Víkingur R.,Afturelding,5,3,46,0.0115
2025-06-29,1,Víkingur R.,Afturelding,5,4,21,0.00525
2025-06-29,1,Víkingur R.,Afturelding,5,5,8,0.002
2025-06-29,1,Víkingur R.,Afturelding,5,6,3,7.5e-4
2025-06-29,1,Víkingur R.,Afturelding,6,0,42,0.0105
2025-06-29,1,Víkingur R.,Afturelding,6,1,53,0.01325
2025-06-29,1,Víkingur R.,Afturelding,6,2,48,0.012
2025-06-29,1,Víkingur R.,Afturelding,6,3,20,0.005
2025-06-29,1,Víkingur R.,Afturelding,6,4,9,0.00225
2025-06-29,1,Víkingur R.,Afturelding,6,5,4,0.001
2025-06-29,1,Víkingur R.,Afturelding,6,6,2,5e-4
2025-06-29,1,Víkingur R.,Afturelding,7,0,14,0.0035
2025-06-29,1,Víkingur R.,Afturelding,7,1,20,0.005
2025-06-29,1,Víkingur R.,Afturelding,7,2,14,0.0035
2025-06-29,1,Víkingur R.,Afturelding,7,3,9,0.00225
2025-06-29,1,Víkingur R.,Afturelding,7,4,5,0.00125
2025-06-29,1,Víkingur R.,Afturelding,7,5,1,2.5e-4
2025-06-29,1,Víkingur R.,Afturelding,8,0,5,0.00125
2025-06-29,1,Víkingur R.,Afturelding,8,1,12,0.003
2025-06-29,1,Víkingur R.,Afturelding,8,2,8,0.002
2025-06-29,1,Víkingur R.,Afturelding,8,3,5,0.00125
2025-06-29,1,Víkingur R.,Afturelding,8,5,2,5e-4
2025-06-29,1,Víkingur R.,Afturelding,9,0,2,5e-4
2025-06-29,1,Víkingur R.,Afturelding,9,1,2,5e-4
2025-06-29,1,Víkingur R.,Afturelding,9,2,3,7.5e-4
2025-06-29,1,Víkingur R.,Afturelding,9,3,1,2.5e-4
2025-06-29,1,Víkingur R.,Afturelding,9,4,1,2.5e-4
2025-06-29,1,Víkingur R.,Afturelding,10,0,1,2.5e-4
2025-06-29,1,Víkingur R.,Afturelding,10,1,1,2.5e-4
2025-06-29,1,Víkingur R.,Afturelding,10,2,1,2.5e-4
2025-06-29,1,Víkingur R.,Afturelding,10,3,1,2.5e-4
2025-06-29,1,Víkingur R.,Afturelding,11,0,1,2.5e-4
2025-06-29,1,Víkingur R.,Afturelding,11,4,1,2.5e-4
2025-06-29,3,Dalvík/Reynir,Ægir,0,0,84,0.021
2025-06-29,3,Dalvík/Reynir,Ægir,0,1,177,0.04425
2025-06-29,3,Dalvík/Reynir,Ægir,0,2,187,0.04675
2025-06-29,3,Dalvík/Reynir,Ægir,0,3,113,0.02825
2025-06-29,3,Dalvík/Reynir,Ægir,0,4,60,0.015
2025-06-29,3,Dalvík/Reynir,Ægir,0,5,27,0.00675
2025-06-29,3,Dalvík/Reynir,Ægir,0,6,9,0.00225
2025-06-29,3,Dalvík/Reynir,Ægir,0,7,3,7.5e-4
2025-06-29,3,Dalvík/Reynir,Ægir,0,8,2,5e-4
2025-06-29,3,Dalvík/Reynir,Ægir,0,9,1,2.5e-4
2025-06-29,3,Dalvík/Reynir,Ægir,0,11,1,2.5e-4
2025-06-29,3,Dalvík/Reynir,Ægir,1,0,169,0.04225
2025-06-29,3,Dalvík/Reynir,Ægir,1,1,295,0.07375
2025-06-29,3,Dalvík/Reynir,Ægir,1,2,299,0.07475
2025-06-29,3,Dalvík/Reynir,Ægir,1,3,200,0.05
2025-06-29,3,Dalvík/Reynir,Ægir,1,4,128,0.032
2025-06-29,3,Dalvík/Reynir,Ægir,1,5,44,0.011
2025-06-29,3,Dalvík/Reynir,Ægir,1,6,25,0.00625
2025-06-29,3,Dalvík/Reynir,Ægir,1,7,8,0.002
2025-06-29,3,Dalvík/Reynir,Ægir,1,8,2,5e-4
2025-06-29,3,Dalvík/Reynir,Ægir,1,9,1,2.5e-4
2025-06-29,3,Dalvík/Reynir,Ægir,1,10,1,2.5e-4
2025-06-29,3,Dalvík/Reynir,Ægir,2,0,140,0.035
2025-06-29,3,Dalvík/Reynir,Ægir,2,1,257,0.06425
2025-06-29,3,Dalvík/Reynir,Ægir,2,2,254,0.0635
2025-06-29,3,Dalvík/Reynir,Ægir,2,3,169,0.04225
2025-06-29,3,Dalvík/Reynir,Ægir,2,4,120,0.03
2025-06-29,3,Dalvík/Reynir,Ægir,2,5,44,0.011
2025-06-29,3,Dalvík/Reynir,Ægir,2,6,18,0.0045
2025-06-29,3,Dalvík/Reynir,Ægir,2,7,5,0.00125
2025-06-29,3,Dalvík/Reynir,Ægir,2,8,2,5e-4
2025-06-29,3,Dalvík/Reynir,Ægir,2,9,1,2.5e-4
2025-06-29,3,Dalvík/Reynir,Ægir,3,0,66,0.0165
2025-06-29,3,Dalvík/Reynir,Ægir,3,1,175,0.04375
2025-06-29,3,Dalvík/Reynir,Ægir,3,2,175,0.04375
2025-06-29,3,Dalvík/Reynir,Ægir,3,3,124,0.031
2025-06-29,3,Dalvík/Reynir,Ægir,3,4,64,0.016
2025-06-29,3,Dalvík/Reynir,Ægir,3,5,34,0.0085
2025-06-29,3,Dalvík/Reynir,Ægir,3,6,18,0.0045
2025-06-29,3,Dalvík/Reynir,Ægir,3,7,5,0.00125
2025-06-29,3,Dalvík/Reynir,Ægir,4,0,44,0.011
2025-06-29,3,Dalvík/Reynir,Ægir,4,1,63,0.01575
2025-06-29,3,Dalvík/Reynir,Ægir,4,2,86,0.0215
2025-06-29,3,Dalvík/Reynir,Ægir,4,3,56,0.014
2025-06-29,3,Dalvík/Reynir,Ægir,4,4,33,0.00825
2025-06-29,3,Dalvík/Reynir,Ægir,4,5,18,0.0045
2025-06-29,3,Dalvík/Reynir,Ægir,4,6,5,0.00125
2025-06-29,3,Dalvík/Reynir,Ægir,5,0,15,0.00375
2025-06-29,3,Dalvík/Reynir,Ægir,5,1,25,0.00625
2025-06-29,3,Dalvík/Reynir,Ægir,5,2,30,0.0075
2025-06-29,3,Dalvík/Reynir,Ægir,5,3,21,0.00525
2025-06-29,3,Dalvík/Reynir,Ægir,5,4,16,0.004
2025-06-29,3,Dalvík/Reynir,Ægir,5,5,8,0.002
2025-06-29,3,Dalvík/Reynir,Ægir,5,6,8,0.002
2025-06-29,3,Dalvík/Reynir,Ægir,5,7,1,2.5e-4
2025-06-29,3,Dalvík/Reynir,Ægir,6,0,3,7.5e-4
2025-06-29,3,Dalvík/Reynir,Ægir,6,1,7,0.00175
2025-06-29,3,Dalvík/Reynir,Ægir,6,2,15,0.00375
2025-06-29,3,Dalvík/Reynir,Ægir,6,3,10,0.0025
2025-06-29,3,Dalvík/Reynir,Ægir,6,4,3,7.5e-4
2025-06-29,3,Dalvík/Reynir,Ægir,6,5,2,5e-4
2025-06-29,3,Dalvík/Reynir,Ægir,6,6,3,7.5e-4
2025-06-29,3,Dalvík/Reynir,Ægir,7,0,1,2.5e-4
2025-06-29,3,Dalvík/Reynir,Ægir,7,1,2,5e-4
2025-06-29,3,Dalvík/Reynir,Ægir,7,2,3,7.5e-4
2025-06-29,3,Dalvík/Reynir,Ægir,7,3,4,0.001
2025-06-29,3,Dalvík/Reynir,Ægir,7,4,3,7.5e-4
2025-06-29,3,Dalvík/Reynir,Ægir,7,5,1,2.5e-4
2025-06-29,3,Dalvík/Reynir,Ægir,8,3,3,7.5e-4
2025-06-29,3,Dalvík/Reynir,Ægir,8,5,2,5e-4
2025-06-29,3,Dalvík/Reynir,Ægir,9,0,1,2.5e-4
2025-06-29,3,Dalvík/Reynir,Ægir,9,4,1,2.5e-4
2025-06-29,3,Höttur/Huginn,Þróttur V.,0,0,92,0.023
2025-06-29,3,Höttur/Huginn,Þróttur V.,0,1,136,0.034
2025-06-29,3,Höttur/Huginn,Þróttur V.,0,2,108,0.027
2025-06-29,3,Höttur/Huginn,Þróttur V.,0,3,73,0.01825
2025-06-29,3,Höttur/Huginn,Þróttur V.,0,4,37,0.00925
2025-06-29,3,Höttur/Huginn,Þróttur V.,0,5,21,0.00525
2025-06-29,3,Höttur/Huginn,Þróttur V.,0,6,4,0.001
2025-06-29,3,Höttur/Huginn,Þróttur V.,0,7,3,7.5e-4
2025-06-29,3,Höttur/Huginn,Þróttur V.,1,0,155,0.03875
2025-06-29,3,Höttur/Huginn,Þróttur V.,1,1,287,0.07175
2025-06-29,3,Höttur/Huginn,Þróttur V.,1,2,249,0.06225
2025-06-29,3,Höttur/Huginn,Þróttur V.,1,3,127,0.03175
2025-06-29,3,Höttur/Huginn,Þróttur V.,1,4,67,0.01675
2025-06-29,3,Höttur/Huginn,Þróttur V.,1,5,29,0.00725
2025-06-29,3,Höttur/Huginn,Þróttur V.,1,6,10,0.0025
2025-06-29,3,Höttur/Huginn,Þróttur V.,1,7,4,0.001
2025-06-29,3,Höttur/Huginn,Þróttur V.,2,0,162,0.0405
2025-06-29,3,Höttur/Huginn,Þróttur V.,2,1,302,0.0755
2025-06-29,3,Höttur/Huginn,Þróttur V.,2,2,263,0.06575
2025-06-29,3,Höttur/Huginn,Þróttur V.,2,3,173,0.04325
2025-06-29,3,Höttur/Huginn,Þróttur V.,2,4,74,0.0185
2025-06-29,3,Höttur/Huginn,Þróttur V.,2,5,26,0.0065
2025-06-29,3,Höttur/Huginn,Þróttur V.,2,6,11,0.00275
2025-06-29,3,Höttur/Huginn,Þróttur V.,2,7,3,7.5e-4
2025-06-29,3,Höttur/Huginn,Þróttur V.,3,0,143,0.03575
2025-06-29,3,Höttur/Huginn,Þróttur V.,3,1,246,0.0615
2025-06-29,3,Höttur/Huginn,Þróttur V.,3,2,181,0.04525
2025-06-29,3,Höttur/Huginn,Þróttur V.,3,3,130,0.0325
2025-06-29,3,Höttur/Huginn,Þróttur V.,3,4,58,0.0145
2025-06-29,3,Höttur/Huginn,Þróttur V.,3,5,27,0.00675
2025-06-29,3,Höttur/Huginn,Þróttur V.,3,6,3,7.5e-4
2025-06-29,3,Höttur/Huginn,Þróttur V.,3,7,5,0.00125
2025-06-29,3,Höttur/Huginn,Þróttur V.,3,8,1,2.5e-4
2025-06-29,3,Höttur/Huginn,Þróttur V.,4,0,84,0.021
2025-06-29,3,Höttur/Huginn,Þróttur V.,4,1,108,0.027
2025-06-29,3,Höttur/Huginn,Þróttur V.,4,2,101,0.02525
2025-06-29,3,Höttur/Huginn,Þróttur V.,4,3,70,0.0175
2025-06-29,3,Höttur/Huginn,Þróttur V.,4,4,35,0.00875
2025-06-29,3,Höttur/Huginn,Þróttur V.,4,5,17,0.00425
2025-06-29,3,Höttur/Huginn,Þróttur V.,4,6,4,0.001
2025-06-29,3,Höttur/Huginn,Þróttur V.,4,7,2,5e-4
2025-06-29,3,Höttur/Huginn,Þróttur V.,5,0,41,0.01025
2025-06-29,3,Höttur/Huginn,Þróttur V.,5,1,66,0.0165
2025-06-29,3,Höttur/Huginn,Þróttur V.,5,2,52,0.013
2025-06-29,3,Höttur/Huginn,Þróttur V.,5,3,31,0.00775
2025-06-29,3,Höttur/Huginn,Þróttur V.,5,4,14,0.0035
2025-06-29,3,Höttur/Huginn,Þróttur V.,5,5,7,0.00175
2025-06-29,3,Höttur/Huginn,Þróttur V.,5,6,2,5e-4
2025-06-29,3,Höttur/Huginn,Þróttur V.,5,7,3,7.5e-4
2025-06-29,3,Höttur/Huginn,Þróttur V.,6,0,20,0.005
2025-06-29,3,Höttur/Huginn,Þróttur V.,6,1,22,0.0055
2025-06-29,3,Höttur/Huginn,Þróttur V.,6,2,24,0.006
2025-06-29,3,Höttur/Huginn,Þróttur V.,6,3,12,0.003
2025-06-29,3,Höttur/Huginn,Þróttur V.,6,4,7,0.00175
2025-06-29,3,Höttur/Huginn,Þróttur V.,6,5,5,0.00125
2025-06-29,3,Höttur/Huginn,Þróttur V.,6,6,1,2.5e-4
2025-06-29,3,Höttur/Huginn,Þróttur V.,7,0,8,0.002
2025-06-29,3,Höttur/Huginn,Þróttur V.,7,1,13,0.00325
2025-06-29,3,Höttur/Huginn,Þróttur V.,7,2,10,0.0025
2025-06-29,3,Höttur/Huginn,Þróttur V.,7,3,8,0.002
2025-06-29,3,Höttur/Huginn,Þróttur V.,7,4,8,0.002
2025-06-29,3,Höttur/Huginn,Þróttur V.,8,0,1,2.5e-4
2025-06-29,3,Höttur/Huginn,Þróttur V.,8,1,4,0.001
2025-06-29,3,Höttur/Huginn,Þróttur V.,8,2,3,7.5e-4
2025-06-29,3,Höttur/Huginn,Þróttur V.,8,3,1,2.5e-4
2025-06-29,3,Höttur/Huginn,Þróttur V.,9,0,2,5e-4
2025-06-29,3,Höttur/Huginn,Þróttur V.,9,2,2,5e-4
2025-06-29,3,Höttur/Huginn,Þróttur V.,10,1,1,2.5e-4
2025-06-29,3,Höttur/Huginn,Þróttur V.,11,0,1,2.5e-4
2025-06-29,3,KFG,Kormákur/Hvöt,0,0,232,0.058
2025-06-29,3,KFG,Kormákur/Hvöt,0,1,239,0.05975
2025-06-29,3,KFG,Kormákur/Hvöt,0,2,121,0.03025
2025-06-29,3,KFG,Kormákur/Hvöt,0,3,61,0.01525
2025-06-29,3,KFG,Kormákur/Hvöt,0,4,11,0.00275
2025-06-29,3,KFG,Kormákur/Hvöt,0,5,1,2.5e-4
2025-06-29,3,KFG,Kormákur/Hvöt,1,0,405,0.10125
2025-06-29,3,KFG,Kormákur/Hvöt,1,1,436,0.109
2025-06-29,3,KFG,Kormákur/Hvöt,1,2,228,0.057
2025-06-29,3,KFG,Kormákur/Hvöt,1,3,94,0.0235
2025-06-29,3,KFG,Kormákur/Hvöt,1,4,19,0.00475
2025-06-29,3,KFG,Kormákur/Hvöt,1,5,3,7.5e-4
2025-06-29,3,KFG,Kormákur/Hvöt,2,0,335,0.08375
2025-06-29,3,KFG,Kormákur/Hvöt,2,1,363,0.09075
2025-06-29,3,KFG,Kormákur/Hvöt,2,2,219,0.05475
2025-06-29,3,KFG,Kormákur/Hvöt,2,3,84,0.021
2025-06-29,3,KFG,Kormákur/Hvöt,2,4,17,0.00425
2025-06-29,3,KFG,Kormákur/Hvöt,2,5,10,0.0025
2025-06-29,3,KFG,Kormákur/Hvöt,2,6,3,7.5e-4
2025-06-29,3,KFG,Kormákur/Hvöt,3,0,187,0.04675
2025-06-29,3,KFG,Kormákur/Hvöt,3,1,230,0.0575
2025-06-29,3,KFG,Kormákur/Hvöt,3,2,137,0.03425
2025-06-29,3,KFG,Kormákur/Hvöt,3,3,63,0.01575
2025-06-29,3,KFG,Kormákur/Hvöt,3,4,19,0.00475
2025-06-29,3,KFG,Kormákur/Hvöt,3,5,7,0.00175
2025-06-29,3,KFG,Kormákur/Hvöt,3,8,1,2.5e-4
2025-06-29,3,KFG,Kormákur/Hvöt,4,0,76,0.019
2025-06-29,3,KFG,Kormákur/Hvöt,4,1,106,0.0265
2025-06-29,3,KFG,Kormákur/Hvöt,4,2,62,0.0155
2025-06-29,3,KFG,Kormákur/Hvöt,4,3,24,0.006
2025-06-29,3,KFG,Kormákur/Hvöt,4,4,13,0.00325
2025-06-29,3,KFG,Kormákur/Hvöt,4,5,2,5e-4
2025-06-29,3,KFG,Kormákur/Hvöt,4,6,2,5e-4
2025-06-29,3,KFG,Kormákur/Hvöt,5,0,40,0.01
2025-06-29,3,KFG,Kormákur/Hvöt,5,1,41,0.01025
2025-06-29,3,KFG,Kormákur/Hvöt,5,2,36,0.009
2025-06-29,3,KFG,Kormákur/Hvöt,5,3,8,0.002
2025-06-29,3,KFG,Kormákur/Hvöt,5,4,3,7.5e-4
2025-06-29,3,KFG,Kormákur/Hvöt,5,5,1,2.5e-4
2025-06-29,3,KFG,Kormákur/Hvöt,6,0,7,0.00175
2025-06-29,3,KFG,Kormákur/Hvöt,6,1,12,0.003
2025-06-29,3,KFG,Kormákur/Hvöt,6,2,12,0.003
2025-06-29,3,KFG,Kormákur/Hvöt,6,3,6,0.0015
2025-06-29,3,KFG,Kormákur/Hvöt,6,4,2,5e-4
2025-06-29,3,KFG,Kormákur/Hvöt,6,5,2,5e-4
2025-06-29,3,KFG,Kormákur/Hvöt,7,0,4,0.001
2025-06-29,3,KFG,Kormákur/Hvöt,7,1,6,0.0015
2025-06-29,3,KFG,Kormákur/Hvöt,7,2,6,0.0015
2025-06-29,3,KFG,Kormákur/Hvöt,7,3,1,2.5e-4
2025-06-29,3,KFG,Kormákur/Hvöt,7,5,1,2.5e-4
2025-06-29,3,KFG,Kormákur/Hvöt,8,1,2,5e-4
2025-06-29,3,Kári,Víkingur Ó.,0,0,128,0.032
2025-06-29,3,Kári,Víkingur Ó.,0,1,183,0.04575
2025-06-29,3,Kári,Víkingur Ó.,0,2,91,0.02275
2025-06-29,3,Kári,Víkingur Ó.,0,3,54,0.0135
2025-06-29,3,Kári,Víkingur Ó.,0,4,14,0.0035
2025-06-29,3,Kári,Víkingur Ó.,0,5,3,7.5e-4
2025-06-29,3,Kári,Víkingur Ó.,0,6,2,5e-4
2025-06-29,3,Kári,Víkingur Ó.,0,7,1,2.5e-4
2025-06-29,3,Kári,Víkingur Ó.,1,0,303,0.07575
2025-06-29,3,Kári,Víkingur Ó.,1,1,339,0.08475
2025-06-29,3,Kári,Víkingur Ó.,1,2,216,0.054
2025-06-29,3,Kári,Víkingur Ó.,1,3,91,0.02275
2025-06-29,3,Kári,Víkingur Ó.,1,4,26,0.0065
2025-06-29,3,Kári,Víkingur Ó.,1,5,6,0.0015
2025-06-29,3,Kári,Víkingur Ó.,1,6,2,5e-4
2025-06-29,3,Kári,Víkingur Ó.,1,7,1,2.5e-4
2025-06-29,3,Kári,Víkingur Ó.,2,0,263,0.06575
2025-06-29,3,Kári,Víkingur Ó.,2,1,357,0.08925
2025-06-29,3,Kári,Víkingur Ó.,2,2,230,0.0575
2025-06-29,3,Kári,Víkingur Ó.,2,3,83,0.02075
2025-06-29,3,Kári,Víkingur Ó.,2,4,36,0.009
2025-06-29,3,Kári,Víkingur Ó.,2,5,16,0.004
2025-06-29,3,Kári,Víkingur Ó.,2,8,1,2.5e-4
2025-06-29,3,Kári,Víkingur Ó.,3,0,208,0.052
2025-06-29,3,Kári,Víkingur Ó.,3,1,274,0.0685
2025-06-29,3,Kári,Víkingur Ó.,3,2,179,0.04475
2025-06-29,3,Kári,Víkingur Ó.,3,3,72,0.018
2025-06-29,3,Kári,Víkingur Ó.,3,4,37,0.00925
2025-06-29,3,Kári,Víkingur Ó.,3,5,10,0.0025
2025-06-29,3,Kári,Víkingur Ó.,3,6,3,7.5e-4
2025-06-29,3,Kári,Víkingur Ó.,3,7,1,2.5e-4
2025-06-29,3,Kári,Víkingur Ó.,4,0,120,0.03
2025-06-29,3,Kári,Víkingur Ó.,4,1,138,0.0345
2025-06-29,3,Kári,Víkingur Ó.,4,2,96,0.024
2025-06-29,3,Kári,Víkingur Ó.,4,3,43,0.01075
2025-06-29,3,Kári,Víkingur Ó.,4,4,20,0.005
2025-06-29,3,Kári,Víkingur Ó.,4,5,6,0.0015
2025-06-29,3,Kári,Víkingur Ó.,4,6,2,5e-4
2025-06-29,3,Kári,Víkingur Ó.,4,7,1,2.5e-4
2025-06-29,3,Kári,Víkingur Ó.,5,0,56,0.014
2025-06-29,3,Kári,Víkingur Ó.,5,1,65,0.01625
2025-06-29,3,Kári,Víkingur Ó.,5,2,59,0.01475
2025-06-29,3,Kári,Víkingur Ó.,5,3,27,0.00675
2025-06-29,3,Kári,Víkingur Ó.,5,4,5,0.00125
2025-06-29,3,Kári,Víkingur Ó.,5,5,4,0.001
2025-06-29,3,Kári,Víkingur Ó.,6,0,27,0.00675
2025-06-29,3,Kári,Víkingur Ó.,6,1,27,0.00675
2025-06-29,3,Kári,Víkingur Ó.,6,2,13,0.00325
2025-06-29,3,Kári,Víkingur Ó.,6,3,8,0.002
2025-06-29,3,Kári,Víkingur Ó.,6,4,2,5e-4
2025-06-29,3,Kári,Víkingur Ó.,6,5,3,7.5e-4
2025-06-29,3,Kári,Víkingur Ó.,6,6,1,2.5e-4
2025-06-29,3,Kári,Víkingur Ó.,7,0,8,0.002
2025-06-29,3,Kári,Víkingur Ó.,7,1,6,0.0015
2025-06-29,3,Kári,Víkingur Ó.,7,2,9,0.00225
2025-06-29,3,Kári,Víkingur Ó.,7,3,3,7.5e-4
2025-06-29,3,Kári,Víkingur Ó.,7,4,1,2.5e-4
2025-06-29,3,Kári,Víkingur Ó.,8,0,2,5e-4
2025-06-29,3,Kári,Víkingur Ó.,8,1,5,0.00125
2025-06-29,3,Kári,Víkingur Ó.,8,2,1,2.5e-4
2025-06-29,3,Kári,Víkingur Ó.,8,3,1,2.5e-4
2025-06-29,3,Kári,Víkingur Ó.,9,0,2,5e-4
2025-06-29,3,Kári,Víkingur Ó.,9,1,2,5e-4
2025-06-29,3,Kári,Víkingur Ó.,9,2,1,2.5e-4
2025-06-29,3,Kári,Víkingur Ó.,9,9,1,2.5e-4
2025-06-29,3,Kári,Víkingur Ó.,10,0,1,2.5e-4
2025-06-29,3,Kári,Víkingur Ó.,10,4,1,2.5e-4
2025-06-29,3,Kári,Víkingur Ó.,11,0,1,2.5e-4
2025-06-29,3,Kári,Víkingur Ó.,11,4,1,2.5e-4
2025-06-29,3,Kári,Víkingur Ó.,12,3,1,2.5e-4
2025-06-29,3,Víðir,KFA,0,0,118,0.0295
2025-06-29,3,Víðir,KFA,0,1,117,0.02925
2025-06-29,3,Víðir,KFA,0,2,74,0.0185
2025-06-29,3,Víðir,KFA,0,3,42,0.0105
2025-06-29,3,Víðir,KFA,0,4,14,0.0035
2025-06-29,3,Víðir,KFA,0,5,3,7.5e-4
2025-06-29,3,Víðir,KFA,0,6,2,5e-4
2025-06-29,3,Víðir,KFA,1,0,245,0.06125
2025-06-29,3,Víðir,KFA,1,1,291,0.07275
2025-06-29,3,Víðir,KFA,1,2,200,0.05
2025-06-29,3,Víðir,KFA,1,3,89,0.02225
2025-06-29,3,Víðir,KFA,1,4,41,0.01025
2025-06-29,3,Víðir,KFA,1,5,14,0.0035
2025-06-29,3,Víðir,KFA,1,6,4,0.001
2025-06-29,3,Víðir,KFA,1,7,3,7.5e-4
2025-06-29,3,Víðir,KFA,2,0,279,0.06975
2025-06-29,3,Víðir,KFA,2,1,337,0.08425
2025-06-29,3,Víðir,KFA,2,2,236,0.059
2025-06-29,3,Víðir,KFA,2,3,106,0.0265
2025-06-29,3,Víðir,KFA,2,4,45,0.01125
2025-06-29,3,Víðir,KFA,2,5,13,0.00325
2025-06-29,3,Víðir,KFA,2,6,1,2.5e-4
2025-06-29,3,Víðir,KFA,3,0,185,0.04625
2025-06-29,3,Víðir,KFA,3,1,268,0.067
2025-06-29,3,Víðir,KFA,3,2,195,0.04875
2025-06-29,3,Víðir,KFA,3,3,74,0.0185
2025-06-29,3,Víðir,KFA,3,4,43,0.01075
2025-06-29,3,Víðir,KFA,3,5,5,0.00125
2025-06-29,3,Víðir,KFA,3,6,4,0.001
2025-06-29,3,Víðir,KFA,3,7,2,5e-4
2025-06-29,3,Víðir,KFA,3,8,1,2.5e-4
2025-06-29,3,Víðir,KFA,4,0,130,0.0325
2025-06-29,3,Víðir,KFA,4,1,163,0.04075
2025-06-29,3,Víðir,KFA,4,2,142,0.0355
2025-06-29,3,Víðir,KFA,4,3,63,0.01575
2025-06-29,3,Víðir,KFA,4,4,23,0.00575
2025-06-29,3,Víðir,KFA,4,5,7,0.00175
2025-06-29,3,Víðir,KFA,4,6,3,7.5e-4
2025-06-29,3,Víðir,KFA,4,7,1,2.5e-4
2025-06-29,3,Víðir,KFA,4,8,1,2.5e-4
2025-06-29,3,Víðir,KFA,5,0,65,0.01625
2025-06-29,3,Víðir,KFA,5,1,89,0.02225
2025-06-29,3,Víðir,KFA,5,2,49,0.01225
2025-06-29,3,Víðir,KFA,5,3,32,0.008
2025-06-29,3,Víðir,KFA,5,4,9,0.00225
2025-06-29,3,Víðir,KFA,5,5,5,0.00125
2025-06-29,3,Víðir,KFA,5,6,1,2.5e-4
2025-06-29,3,Víðir,KFA,6,0,32,0.008
2025-06-29,3,Víðir,KFA,6,1,27,0.00675
2025-06-29,3,Víðir,KFA,6,2,21,0.00525
2025-06-29,3,Víðir,KFA,6,3,12,0.003
2025-06-29,3,Víðir,KFA,6,4,3,7.5e-4
2025-06-29,3,Víðir,KFA,6,5,1,2.5e-4
2025-06-29,3,Víðir,KFA,7,0,17,0.00425
2025-06-29,3,Víðir,KFA,7,1,10,0.0025
2025-06-29,3,Víðir,KFA,7,2,13,0.00325
2025-06-29,3,Víðir,KFA,7,3,5,0.00125
2025-06-29,3,Víðir,KFA,7,4,2,5e-4
2025-06-29,3,Víðir,KFA,7,5,1,2.5e-4
2025-06-29,3,Víðir,KFA,8,0,4,0.001
2025-06-29,3,Víðir,KFA,8,1,8,0.002
2025-06-29,3,Víðir,KFA,8,2,1,2.5e-4
2025-06-29,3,Víðir,KFA,8,3,1,2.5e-4
2025-06-29,3,Víðir,KFA,9,1,2,5e-4
2025-06-29,3,Víðir,KFA,9,2,1,2.5e-4
2025-06-29,3,Víðir,KFA,9,3,1,2.5e-4
2025-06-29,3,Víðir,KFA,9,4,1,2.5e-4
2025-06-29,3,Víðir,KFA,9,6,1,2.5e-4
2025-06-29,3,Víðir,KFA,10,1,1,2.5e-4
2025-06-29,3,Víðir,KFA,10,2,1,2.5e-4
2025-06-29,4,Augnablik,KFK,0,0,149,0.03725
2025-06-29,4,Augnablik,KFK,0,1,224,0.056
2025-06-29,4,Augnablik,KFK,0,2,161,0.04025
2025-06-29,4,Augnablik,KFK,0,3,88,0.022
2025-06-29,4,Augnablik,KFK,0,4,30,0.0075
2025-06-29,4,Augnablik,KFK,0,5,18,0.0045
2025-06-29,4,Augnablik,KFK,0,6,3,7.5e-4
2025-06-29,4,Augnablik,KFK,0,7,1,2.5e-4
2025-06-29,4,Augnablik,KFK,0,8,1,2.5e-4
2025-06-29,4,Augnablik,KFK,1,0,253,0.06325
2025-06-29,4,Augnablik,KFK,1,1,383,0.09575
2025-06-29,4,Augnablik,KFK,1,2,292,0.073
2025-06-29,4,Augnablik,KFK,1,3,154,0.0385
2025-06-29,4,Augnablik,KFK,1,4,60,0.015
2025-06-29,4,Augnablik,KFK,1,5,19,0.00475
2025-06-29,4,Augnablik,KFK,1,6,10,0.0025
2025-06-29,4,Augnablik,KFK,1,7,1,2.5e-4
2025-06-29,4,Augnablik,KFK,2,0,229,0.05725
2025-06-29,4,Augnablik,KFK,2,1,323,0.08075
2025-06-29,4,Augnablik,KFK,2,2,249,0.06225
2025-06-29,4,Augnablik,KFK,2,3,141,0.03525
2025-06-29,4,Augnablik,KFK,2,4,60,0.015
2025-06-29,4,Augnablik,KFK,2,5,23,0.00575
2025-06-29,4,Augnablik,KFK,2,6,11,0.00275
2025-06-29,4,Augnablik,KFK,2,7,3,7.5e-4
2025-06-29,4,Augnablik,KFK,2,9,1,2.5e-4
2025-06-29,4,Augnablik,KFK,3,0,134,0.0335
2025-06-29,4,Augnablik,KFK,3,1,204,0.051
2025-06-29,4,Augnablik,KFK,3,2,169,0.04225
2025-06-29,4,Augnablik,KFK,3,3,97,0.02425
2025-06-29,4,Augnablik,KFK,3,4,31,0.00775
2025-06-29,4,Augnablik,KFK,3,5,17,0.00425
2025-06-29,4,Augnablik,KFK,3,6,2,5e-4
2025-06-29,4,Augnablik,KFK,3,7,1,2.5e-4
2025-06-29,4,Augnablik,KFK,4,0,58,0.0145
2025-06-29,4,Augnablik,KFK,4,1,84,0.021
2025-06-29,4,Augnablik,KFK,4,2,64,0.016
2025-06-29,4,Augnablik,KFK,4,3,42,0.0105
2025-06-29,4,Augnablik,KFK,4,4,15,0.00375
2025-06-29,4,Augnablik,KFK,4,5,6,0.0015
2025-06-29,4,Augnablik,KFK,4,6,4,0.001
2025-06-29,4,Augnablik,KFK,5,0,21,0.00525
2025-06-29,4,Augnablik,KFK,5,1,31,0.00775
2025-06-29,4,Augnablik,KFK,5,2,25,0.00625
2025-06-29,4,Augnablik,KFK,5,3,21,0.00525
2025-06-29,4,Augnablik,KFK,5,4,10,0.0025
2025-06-29,4,Augnablik,KFK,5,5,6,0.0015
2025-06-29,4,Augnablik,KFK,6,0,12,0.003
2025-06-29,4,Augnablik,KFK,6,1,18,0.0045
2025-06-29,4,Augnablik,KFK,6,2,9,0.00225
2025-06-29,4,Augnablik,KFK,6,3,5,0.00125
2025-06-29,4,Augnablik,KFK,6,4,5,0.00125
2025-06-29,4,Augnablik,KFK,6,5,1,2.5e-4
2025-06-29,4,Augnablik,KFK,6,6,1,2.5e-4
2025-06-29,4,Augnablik,KFK,7,0,2,5e-4
2025-06-29,4,Augnablik,KFK,7,1,3,7.5e-4
2025-06-29,4,Augnablik,KFK,7,2,7,0.00175
2025-06-29,4,Augnablik,KFK,7,3,2,5e-4
2025-06-29,4,Augnablik,KFK,7,6,1,2.5e-4
2025-06-29,4,Augnablik,KFK,8,1,2,5e-4
2025-06-29,4,Augnablik,KFK,8,5,1,2.5e-4
2025-06-29,4,Augnablik,KFK,9,2,1,2.5e-4
2025-06-29,4,Augnablik,KFK,11,3,1,2.5e-4
2025-06-29,4,Hvíti riddarinn,Magni,0,0,65,0.01625
2025-06-29,4,Hvíti riddarinn,Magni,0,1,141,0.03525
2025-06-29,4,Hvíti riddarinn,Magni,0,2,120,0.03
2025-06-29,4,Hvíti riddarinn,Magni,0,3,88,0.022
2025-06-29,4,Hvíti riddarinn,Magni,0,4,64,0.016
2025-06-29,4,Hvíti riddarinn,Magni,0,5,26,0.0065
2025-06-29,4,Hvíti riddarinn,Magni,0,6,9,0.00225
2025-06-29,4,Hvíti riddarinn,Magni,0,7,4,0.001
2025-06-29,4,Hvíti riddarinn,Magni,0,8,5,0.00125
2025-06-29,4,Hvíti riddarinn,Magni,0,9,2,5e-4
2025-06-29,4,Hvíti riddarinn,Magni,1,0,103,0.02575
2025-06-29,4,Hvíti riddarinn,Magni,1,1,258,0.0645
2025-06-29,4,Hvíti riddarinn,Magni,1,2,282,0.0705
2025-06-29,4,Hvíti riddarinn,Magni,1,3,182,0.0455
2025-06-29,4,Hvíti riddarinn,Magni,1,4,124,0.031
2025-06-29,4,Hvíti riddarinn,Magni,1,5,59,0.01475
2025-06-29,4,Hvíti riddarinn,Magni,1,6,20,0.005
2025-06-29,4,Hvíti riddarinn,Magni,1,7,10,0.0025
2025-06-29,4,Hvíti riddarinn,Magni,1,8,5,0.00125
2025-06-29,4,Hvíti riddarinn,Magni,1,9,3,7.5e-4
2025-06-29,4,Hvíti riddarinn,Magni,1,10,1,2.5e-4
2025-06-29,4,Hvíti riddarinn,Magni,2,0,94,0.0235
2025-06-29,4,Hvíti riddarinn,Magni,2,1,215,0.05375
2025-06-29,4,Hvíti riddarinn,Magni,2,2,271,0.06775
2025-06-29,4,Hvíti riddarinn,Magni,2,3,180,0.045
2025-06-29,4,Hvíti riddarinn,Magni,2,4,117,0.02925
2025-06-29,4,Hvíti riddarinn,Magni,2,5,60,0.015
2025-06-29,4,Hvíti riddarinn,Magni,2,6,27,0.00675
2025-06-29,4,Hvíti riddarinn,Magni,2,7,13,0.00325
2025-06-29,4,Hvíti riddarinn,Magni,2,8,4,0.001
2025-06-29,4,Hvíti riddarinn,Magni,2,10,2,5e-4
2025-06-29,4,Hvíti riddarinn,Magni,3,0,75,0.01875
2025-06-29,4,Hvíti riddarinn,Magni,3,1,157,0.03925
2025-06-29,4,Hvíti riddarinn,Magni,3,2,180,0.045
2025-06-29,4,Hvíti riddarinn,Magni,3,3,149,0.03725
2025-06-29,4,Hvíti riddarinn,Magni,3,4,79,0.01975
2025-06-29,4,Hvíti riddarinn,Magni,3,5,55,0.01375
2025-06-29,4,Hvíti riddarinn,Magni,3,6,22,0.0055
2025-06-29,4,Hvíti riddarinn,Magni,3,7,9,0.00225
2025-06-29,4,Hvíti riddarinn,Magni,3,8,2,5e-4
2025-06-29,4,Hvíti riddarinn,Magni,3,10,1,2.5e-4
2025-06-29,4,Hvíti riddarinn,Magni,4,0,50,0.0125
2025-06-29,4,Hvíti riddarinn,Magni,4,1,90,0.0225
2025-06-29,4,Hvíti riddarinn,Magni,4,2,100,0.025
2025-06-29,4,Hvíti riddarinn,Magni,4,3,77,0.01925
2025-06-29,4,Hvíti riddarinn,Magni,4,4,55,0.01375
2025-06-29,4,Hvíti riddarinn,Magni,4,5,29,0.00725
2025-06-29,4,Hvíti riddarinn,Magni,4,6,9,0.00225
2025-06-29,4,Hvíti riddarinn,Magni,4,7,4,0.001
2025-06-29,4,Hvíti riddarinn,Magni,4,10,1,2.5e-4
2025-06-29,4,Hvíti riddarinn,Magni,5,0,21,0.00525
2025-06-29,4,Hvíti riddarinn,Magni,5,1,36,0.009
2025-06-29,4,Hvíti riddarinn,Magni,5,2,41,0.01025
2025-06-29,4,Hvíti riddarinn,Magni,5,3,42,0.0105
2025-06-29,4,Hvíti riddarinn,Magni,5,4,24,0.006
2025-06-29,4,Hvíti riddarinn,Magni,5,5,11,0.00275
2025-06-29,4,Hvíti riddarinn,Magni,5,6,2,5e-4
2025-06-29,4,Hvíti riddarinn,Magni,5,7,2,5e-4
2025-06-29,4,Hvíti riddarinn,Magni,6,0,7,0.00175
2025-06-29,4,Hvíti riddarinn,Magni,6,1,18,0.0045
2025-06-29,4,Hvíti riddarinn,Magni,6,2,15,0.00375
2025-06-29,4,Hvíti riddarinn,Magni,6,3,17,0.00425
2025-06-29,4,Hvíti riddarinn,Magni,6,4,15,0.00375
2025-06-29,4,Hvíti riddarinn,Magni,6,5,2,5e-4
2025-06-29,4,Hvíti riddarinn,Magni,6,6,3,7.5e-4
2025-06-29,4,Hvíti riddarinn,Magni,6,9,1,2.5e-4
2025-06-29,4,Hvíti riddarinn,Magni,7,0,1,2.5e-4
2025-06-29,4,Hvíti riddarinn,Magni,7,1,7,0.00175
2025-06-29,4,Hvíti riddarinn,Magni,7,2,9,0.00225
2025-06-29,4,Hvíti riddarinn,Magni,7,3,2,5e-4
2025-06-29,4,Hvíti riddarinn,Magni,7,4,5,0.00125
2025-06-29,4,Hvíti riddarinn,Magni,7,5,3,7.5e-4
2025-06-29,4,Hvíti riddarinn,Magni,7,6,1,2.5e-4
2025-06-29,4,Hvíti riddarinn,Magni,7,7,1,2.5e-4
2025-06-29,4,Hvíti riddarinn,Magni,8,0,2,5e-4
2025-06-29,4,Hvíti riddarinn,Magni,8,2,4,0.001
2025-06-29,4,Hvíti riddarinn,Magni,8,3,3,7.5e-4
2025-06-29,4,Hvíti riddarinn,Magni,8,5,1,2.5e-4
2025-06-29,4,Hvíti riddarinn,Magni,8,8,1,2.5e-4
2025-06-29,4,Hvíti riddarinn,Magni,9,0,1,2.5e-4
2025-06-29,4,Hvíti riddarinn,Magni,9,1,2,5e-4
2025-06-29,4,Hvíti riddarinn,Magni,10,2,1,2.5e-4
2025-06-29,4,Hvíti riddarinn,Magni,10,5,1,2.5e-4
2025-06-29,4,Reynir S.,KF,0,0,58,0.0145
2025-06-29,4,Reynir S.,KF,0,1,56,0.014
2025-06-29,4,Reynir S.,KF,0,2,23,0.00575
2025-06-29,4,Reynir S.,KF,0,3,15,0.00375
2025-06-29,4,Reynir S.,KF,0,4,7,0.00175
2025-06-29,4,Reynir S.,KF,0,5,1,2.5e-4
2025-06-29,4,Reynir S.,KF,1,0,141,0.03525
2025-06-29,4,Reynir S.,KF,1,1,180,0.045
2025-06-29,4,Reynir S.,KF,1,2,90,0.0225
2025-06-29,4,Reynir S.,KF,1,3,31,0.00775
2025-06-29,4,Reynir S.,KF,1,4,14,0.0035
2025-06-29,4,Reynir S.,KF,1,5,5,0.00125
2025-06-29,4,Reynir S.,KF,1,6,1,2.5e-4
2025-06-29,4,Reynir S.,KF,2,0,243,0.06075
2025-06-29,4,Reynir S.,KF,2,1,261,0.06525
2025-06-29,4,Reynir S.,KF,2,2,159,0.03975
2025-06-29,4,Reynir S.,KF,2,3,66,0.0165
2025-06-29,4,Reynir S.,KF,2,4,17,0.00425
2025-06-29,4,Reynir S.,KF,2,5,5,0.00125
2025-06-29,4,Reynir S.,KF,2,6,1,2.5e-4
2025-06-29,4,Reynir S.,KF,2,7,1,2.5e-4
2025-06-29,4,Reynir S.,KF,3,0,244,0.061
2025-06-29,4,Reynir S.,KF,3,1,241,0.06025
2025-06-29,4,Reynir S.,KF,3,2,125,0.03125
2025-06-29,4,Reynir S.,KF,3,3,80,0.02
2025-06-29,4,Reynir S.,KF,3,4,16,0.004
2025-06-29,4,Reynir S.,KF,3,5,8,0.002
2025-06-29,4,Reynir S.,KF,3,6,1,2.5e-4
2025-06-29,4,Reynir S.,KF,3,7,1,2.5e-4
2025-06-29,4,Reynir S.,KF,4,0,208,0.052
2025-06-29,4,Reynir S.,KF,4,1,228,0.057
2025-06-29,4,Reynir S.,KF,4,2,158,0.0395
2025-06-29,4,Reynir S.,KF,4,3,56,0.014
2025-06-29,4,Reynir S.,KF,4,4,18,0.0045
2025-06-29,4,Reynir S.,KF,4,5,8,0.002
2025-06-29,4,Reynir S.,KF,5,0,178,0.0445
2025-06-29,4,Reynir S.,KF,5,1,166,0.0415
2025-06-29,4,Reynir S.,KF,5,2,107,0.02675
2025-06-29,4,Reynir S.,KF,5,3,35,0.00875
2025-06-29,4,Reynir S.,KF,5,4,19,0.00475
2025-06-29,4,Reynir S.,KF,5,5,4,0.001
2025-06-29,4,Reynir S.,KF,5,6,1,2.5e-4
2025-06-29,4,Reynir S.,KF,6,0,93,0.02325
2025-06-29,4,Reynir S.,KF,6,1,114,0.0285
2025-06-29,4,Reynir S.,KF,6,2,74,0.0185
2025-06-29,4,Reynir S.,KF,6,3,38,0.0095
2025-06-29,4,Reynir S.,KF,6,4,9,0.00225
2025-06-29,4,Reynir S.,KF,6,5,7,0.00175
2025-06-29,4,Reynir S.,KF,6,6,1,2.5e-4
2025-06-29,4,Reynir S.,KF,7,0,56,0.014
2025-06-29,4,Reynir S.,KF,7,1,70,0.0175
2025-06-29,4,Reynir S.,KF,7,2,37,0.00925
2025-06-29,4,Reynir S.,KF,7,3,14,0.0035
2025-06-29,4,Reynir S.,KF,7,4,7,0.00175
2025-06-29,4,Reynir S.,KF,7,5,1,2.5e-4
2025-06-29,4,Reynir S.,KF,8,0,27,0.00675
2025-06-29,4,Reynir S.,KF,8,1,32,0.008
2025-06-29,4,Reynir S.,KF,8,2,22,0.0055
2025-06-29,4,Reynir S.,KF,8,3,10,0.0025
2025-06-29,4,Reynir S.,KF,8,4,1,2.5e-4
2025-06-29,4,Reynir S.,KF,8,5,1,2.5e-4
2025-06-29,4,Reynir S.,KF,8,6,2,5e-4
2025-06-29,4,Reynir S.,KF,9,0,21,0.00525
2025-06-29,4,Reynir S.,KF,9,1,20,0.005
2025-06-29,4,Reynir S.,KF,9,2,12,0.003
2025-06-29,4,Reynir S.,KF,9,3,6,0.0015
2025-06-29,4,Reynir S.,KF,9,4,1,2.5e-4
2025-06-29,4,Reynir S.,KF,9,5,1,2.5e-4
2025-06-29,4,Reynir S.,KF,10,0,8,0.002
2025-06-29,4,Reynir S.,KF,10,1,5,0.00125
2025-06-29,4,Reynir S.,KF,10,2,6,0.0015
2025-06-29,4,Reynir S.,KF,10,3,3,7.5e-4
2025-06-29,4,Reynir S.,KF,11,0,6,0.0015
2025-06-29,4,Reynir S.,KF,11,1,2,5e-4
2025-06-29,4,Reynir S.,KF,11,2,2,5e-4
2025-06-29,4,Reynir S.,KF,12,0,2,5e-4
2025-06-29,4,Reynir S.,KF,12,1,5,0.00125
2025-06-29,4,Reynir S.,KF,12,2,2,5e-4
2025-06-29,4,Reynir S.,KF,12,3,1,2.5e-4
2025-06-29,4,Reynir S.,KF,13,0,1,2.5e-4
2025-06-29,4,Reynir S.,KF,13,1,1,2.5e-4
2025-06-29,4,Reynir S.,KF,13,2,1,2.5e-4
2025-06-29,4,Reynir S.,KF,15,1,1,2.5e-4
2025-06-29,4,Sindri,Árbær,0,0,55,0.01375
2025-06-29,4,Sindri,Árbær,0,1,71,0.01775
2025-06-29,4,Sindri,Árbær,0,2,37,0.00925
2025-06-29,4,Sindri,Árbær,0,3,16,0.004
2025-06-29,4,Sindri,Árbær,0,4,9,0.00225
2025-06-29,4,Sindri,Árbær,0,5,3,7.5e-4
2025-06-29,4,Sindri,Árbær,1,0,146,0.0365
2025-06-29,4,Sindri,Árbær,1,1,185,0.04625
2025-06-29,4,Sindri,Árbær,1,2,127,0.03175
2025-06-29,4,Sindri,Árbær,1,3,52,0.013
2025-06-29,4,Sindri,Árbær,1,4,16,0.004
2025-06-29,4,Sindri,Árbær,1,5,4,0.001
2025-06-29,4,Sindri,Árbær,1,6,1,2.5e-4
2025-06-29,4,Sindri,Árbær,2,0,244,0.061
2025-06-29,4,Sindri,Árbær,2,1,298,0.0745
2025-06-29,4,Sindri,Árbær,2,2,186,0.0465
2025-06-29,4,Sindri,Árbær,2,3,80,0.02
2025-06-29,4,Sindri,Árbær,2,4,35,0.00875
2025-06-29,4,Sindri,Árbær,2,5,8,0.002
2025-06-29,4,Sindri,Árbær,2,6,1,2.5e-4
2025-06-29,4,Sindri,Árbær,2,7,1,2.5e-4
2025-06-29,4,Sindri,Árbær,3,0,224,0.056
2025-06-29,4,Sindri,Árbær,3,1,284,0.071
2025-06-29,4,Sindri,Árbær,3,2,177,0.04425
2025-06-29,4,Sindri,Árbær,3,3,87,0.02175
2025-06-29,4,Sindri,Árbær,3,4,38,0.0095
2025-06-29,4,Sindri,Árbær,3,5,7,0.00175
2025-06-29,4,Sindri,Árbær,3,6,1,2.5e-4
2025-06-29,4,Sindri,Árbær,3,7,1,2.5e-4
2025-06-29,4,Sindri,Árbær,4,0,195,0.04875
2025-06-29,4,Sindri,Árbær,4,1,264,0.066
2025-06-29,4,Sindri,Árbær,4,2,133,0.03325
2025-06-29,4,Sindri,Árbær,4,3,53,0.01325
2025-06-29,4,Sindri,Árbær,4,4,21,0.00525
2025-06-29,4,Sindri,Árbær,4,5,6,0.0015
2025-06-29,4,Sindri,Árbær,4,6,2,5e-4
2025-06-29,4,Sindri,Árbær,5,0,124,0.031
2025-06-29,4,Sindri,Árbær,5,1,165,0.04125
2025-06-29,4,Sindri,Árbær,5,2,104,0.026
2025-06-29,4,Sindri,Árbær,5,3,42,0.0105
2025-06-29,4,Sindri,Árbær,5,4,15,0.00375
2025-06-29,4,Sindri,Árbær,5,5,3,7.5e-4
2025-06-29,4,Sindri,Árbær,6,0,63,0.01575
2025-06-29,4,Sindri,Árbær,6,1,77,0.01925
2025-06-29,4,Sindri,Árbær,6,2,69,0.01725
2025-06-29,4,Sindri,Árbær,6,3,26,0.0065
2025-06-29,4,Sindri,Árbær,6,4,9,0.00225
2025-06-29,4,Sindri,Árbær,6,6,2,5e-4
2025-06-29,4,Sindri,Árbær,7,0,37,0.00925
2025-06-29,4,Sindri,Árbær,7,1,48,0.012
2025-06-29,4,Sindri,Árbær,7,2,22,0.0055
2025-06-29,4,Sindri,Árbær,7,3,11,0.00275
2025-06-29,4,Sindri,Árbær,7,4,5,0.00125
2025-06-29,4,Sindri,Árbær,7,6,2,5e-4
2025-06-29,4,Sindri,Árbær,8,0,16,0.004
2025-06-29,4,Sindri,Árbær,8,1,30,0.0075
2025-06-29,4,Sindri,Árbær,8,2,9,0.00225
2025-06-29,4,Sindri,Árbær,8,3,4,0.001
2025-06-29,4,Sindri,Árbær,8,4,2,5e-4
2025-06-29,4,Sindri,Árbær,8,5,1,2.5e-4
2025-06-29,4,Sindri,Árbær,9,0,4,0.001
2025-06-29,4,Sindri,Árbær,9,1,6,0.0015
2025-06-29,4,Sindri,Árbær,9,2,6,0.0015
2025-06-29,4,Sindri,Árbær,9,3,6,0.0015
2025-06-29,4,Sindri,Árbær,9,4,1,2.5e-4
2025-06-29,4,Sindri,Árbær,10,0,3,7.5e-4
2025-06-29,4,Sindri,Árbær,10,1,6,0.0015
2025-06-29,4,Sindri,Árbær,10,2,2,5e-4
2025-06-29,4,Sindri,Árbær,10,3,3,7.5e-4
2025-06-29,4,Sindri,Árbær,11,0,2,5e-4
2025-06-29,4,Sindri,Árbær,11,1,1,2.5e-4
2025-06-29,4,Sindri,Árbær,11,2,2,5e-4
2025-06-29,4,Sindri,Árbær,11,3,2,5e-4
2025-06-29,4,Sindri,Árbær,12,2,1,2.5e-4
2025-06-29,4,Sindri,Árbær,13,2,1,2.5e-4
2025-06-29,4,Tindastóll,ÍH,0,0,108,0.027
2025-06-29,4,Tindastóll,ÍH,0,1,140,0.035
2025-06-29,4,Tindastóll,ÍH,0,2,86,0.0215
2025-06-29,4,Tindastóll,ÍH,0,3,40,0.01
2025-06-29,4,Tindastóll,ÍH,0,4,17,0.00425
2025-06-29,4,Tindastóll,ÍH,0,5,6,0.0015
2025-06-29,4,Tindastóll,ÍH,0,8,2,5e-4
2025-06-29,4,Tindastóll,ÍH,1,0,226,0.0565
2025-06-29,4,Tindastóll,ÍH,1,1,314,0.0785
2025-06-29,4,Tindastóll,ÍH,1,2,199,0.04975
2025-06-29,4,Tindastóll,ÍH,1,3,105,0.02625
2025-06-29,4,Tindastóll,ÍH,1,4,30,0.0075
2025-06-29,4,Tindastóll,ÍH,1,5,15,0.00375
2025-06-29,4,Tindastóll,ÍH,1,6,5,0.00125
2025-06-29,4,Tindastóll,ÍH,1,7,2,5e-4
2025-06-29,4,Tindastóll,ÍH,2,0,241,0.06025
2025-06-29,4,Tindastóll,ÍH,2,1,327,0.08175
2025-06-29,4,Tindastóll,ÍH,2,2,258,0.0645
2025-06-29,4,Tindastóll,ÍH,2,3,105,0.02625
2025-06-29,4,Tindastóll,ÍH,2,4,53,0.01325
2025-06-29,4,Tindastóll,ÍH,2,5,16,0.004
2025-06-29,4,Tindastóll,ÍH,2,6,5,0.00125
2025-06-29,4,Tindastóll,ÍH,2,7,4,0.001
2025-06-29,4,Tindastóll,ÍH,3,0,193,0.04825
2025-06-29,4,Tindastóll,ÍH,3,1,254,0.0635
2025-06-29,4,Tindastóll,ÍH,3,2,168,0.042
2025-06-29,4,Tindastóll,ÍH,3,3,93,0.02325
2025-06-29,4,Tindastóll,ÍH,3,4,37,0.00925
2025-06-29,4,Tindastóll,ÍH,3,5,9,0.00225
2025-06-29,4,Tindastóll,ÍH,3,6,8,0.002
2025-06-29,4,Tindastóll,ÍH,3,7,1,2.5e-4
2025-06-29,4,Tindastóll,ÍH,4,0,102,0.0255
2025-06-29,4,Tindastóll,ÍH,4,1,154,0.0385
2025-06-29,4,Tindastóll,ÍH,4,2,138,0.0345
2025-06-29,4,Tindastóll,ÍH,4,3,51,0.01275
2025-06-29,4,Tindastóll,ÍH,4,4,27,0.00675
2025-06-29,4,Tindastóll,ÍH,4,5,10,0.0025
2025-06-29,4,Tindastóll,ÍH,4,7,1,2.5e-4
2025-06-29,4,Tindastóll,ÍH,4,8,1,2.5e-4
2025-06-29,4,Tindastóll,ÍH,5,0,40,0.01
2025-06-29,4,Tindastóll,ÍH,5,1,78,0.0195
2025-06-29,4,Tindastóll,ÍH,5,2,75,0.01875
2025-06-29,4,Tindastóll,ÍH,5,3,29,0.00725
2025-06-29,4,Tindastóll,ÍH,5,4,18,0.0045
2025-06-29,4,Tindastóll,ÍH,5,5,6,0.0015
2025-06-29,4,Tindastóll,ÍH,5,7,1,2.5e-4
2025-06-29,4,Tindastóll,ÍH,6,0,21,0.00525
2025-06-29,4,Tindastóll,ÍH,6,1,41,0.01025
2025-06-29,4,Tindastóll,ÍH,6,2,25,0.00625
2025-06-29,4,Tindastóll,ÍH,6,3,11,0.00275
2025-06-29,4,Tindastóll,ÍH,6,4,6,0.0015
2025-06-29,4,Tindastóll,ÍH,6,5,6,0.0015
2025-06-29,4,Tindastóll,ÍH,6,6,3,7.5e-4
2025-06-29,4,Tindastóll,ÍH,6,7,1,2.5e-4
2025-06-29,4,Tindastóll,ÍH,7,0,11,0.00275
2025-06-29,4,Tindastóll,ÍH,7,1,27,0.00675
2025-06-29,4,Tindastóll,ÍH,7,2,10,0.0025
2025-06-29,4,Tindastóll,ÍH,7,3,7,0.00175
2025-06-29,4,Tindastóll,ÍH,7,4,3,7.5e-4
2025-06-29,4,Tindastóll,ÍH,7,5,1,2.5e-4
2025-06-29,4,Tindastóll,ÍH,7,6,1,2.5e-4
2025-06-29,4,Tindastóll,ÍH,8,0,6,0.0015
2025-06-29,4,Tindastóll,ÍH,8,1,7,0.00175
2025-06-29,4,Tindastóll,ÍH,8,2,3,7.5e-4
2025-06-29,4,Tindastóll,ÍH,8,3,2,5e-4
2025-06-29,4,Tindastóll,ÍH,8,4,3,7.5e-4
2025-06-29,4,Tindastóll,ÍH,8,5,1,2.5e-4
2025-06-29,4,Tindastóll,ÍH,9,0,2,5e-4
2025-06-29,4,Tindastóll,ÍH,9,1,2,5e-4
2025-06-29,4,Tindastóll,ÍH,9,2,1,2.5e-4
2025-06-29,4,Tindastóll,ÍH,10,2,1,2.5e-4
2025-06-29,4,Ýmir,KV,0,0,74,0.0185
2025-06-29,4,Ýmir,KV,0,1,65,0.01625
2025-06-29,4,Ýmir,KV,0,2,39,0.00975
2025-06-29,4,Ýmir,KV,0,3,19,0.00475
2025-06-29,4,Ýmir,KV,0,4,8,0.002
2025-06-29,4,Ýmir,KV,1,0,205,0.05125
2025-06-29,4,Ýmir,KV,1,1,195,0.04875
2025-06-29,4,Ýmir,KV,1,2,92,0.023
2025-06-29,4,Ýmir,KV,1,3,58,0.0145
2025-06-29,4,Ýmir,KV,1,4,10,0.0025
2025-06-29,4,Ýmir,KV,1,5,8,0.002
2025-06-29,4,Ýmir,KV,1,6,3,7.5e-4
2025-06-29,4,Ýmir,KV,2,0,276,0.069
2025-06-29,4,Ýmir,KV,2,1,250,0.0625
2025-06-29,4,Ýmir,KV,2,2,166,0.0415
2025-06-29,4,Ýmir,KV,2,3,59,0.01475
2025-06-29,4,Ýmir,KV,2,4,13,0.00325
2025-06-29,4,Ýmir,KV,2,5,8,0.002
2025-06-29,4,Ýmir,KV,2,6,3,7.5e-4
2025-06-29,4,Ýmir,KV,2,7,1,2.5e-4
2025-06-29,4,Ýmir,KV,3,0,295,0.07375
2025-06-29,4,Ýmir,KV,3,1,308,0.077
2025-06-29,4,Ýmir,KV,3,2,187,0.04675
2025-06-29,4,Ýmir,KV,3,3,80,0.02
2025-06-29,4,Ýmir,KV,3,4,25,0.00625
2025-06-29,4,Ýmir,KV,3,5,6,0.0015
2025-06-29,4,Ýmir,KV,3,6,1,2.5e-4
2025-06-29,4,Ýmir,KV,4,0,240,0.06
2025-06-29,4,Ýmir,KV,4,1,252,0.063
2025-06-29,4,Ýmir,KV,4,2,127,0.03175
2025-06-29,4,Ýmir,KV,4,3,58,0.0145
2025-06-29,4,Ýmir,KV,4,4,21,0.00525
2025-06-29,4,Ýmir,KV,4,5,7,0.00175
2025-06-29,4,Ýmir,KV,5,0,117,0.02925
2025-06-29,4,Ýmir,KV,5,1,151,0.03775
2025-06-29,4,Ýmir,KV,5,2,75,0.01875
2025-06-29,4,Ýmir,KV,5,3,25,0.00625
2025-06-29,4,Ýmir,KV,5,4,11,0.00275
2025-06-29,4,Ýmir,KV,5,6,1,2.5e-4
2025-06-29,4,Ýmir,KV,6,0,74,0.0185
2025-06-29,4,Ýmir,KV,6,1,86,0.0215
2025-06-29,4,Ýmir,KV,6,2,48,0.012
2025-06-29,4,Ýmir,KV,6,3,22,0.0055
2025-06-29,4,Ýmir,KV,6,4,6,0.0015
2025-06-29,4,Ýmir,KV,6,5,2,5e-4
2025-06-29,4,Ýmir,KV,7,0,45,0.01125
2025-06-29,4,Ýmir,KV,7,1,45,0.01125
2025-06-29,4,Ýmir,KV,7,2,20,0.005
2025-06-29,4,Ýmir,KV,7,3,9,0.00225
2025-06-29,4,Ýmir,KV,7,4,4,0.001
2025-06-29,4,Ýmir,KV,7,6,2,5e-4
2025-06-29,4,Ýmir,KV,8,0,16,0.004
2025-06-29,4,Ýmir,KV,8,1,20,0.005
2025-06-29,4,Ýmir,KV,8,2,13,0.00325
2025-06-29,4,Ýmir,KV,8,3,8,0.002
2025-06-29,4,Ýmir,KV,8,4,1,2.5e-4
2025-06-29,4,Ýmir,KV,9,0,6,0.0015
2025-06-29,4,Ýmir,KV,9,1,10,0.0025
2025-06-29,4,Ýmir,KV,9,2,2,5e-4
2025-06-29,4,Ýmir,KV,9,3,3,7.5e-4
2025-06-29,4,Ýmir,KV,9,4,2,5e-4
2025-06-29,4,Ýmir,KV,10,0,2,5e-4
2025-06-29,4,Ýmir,KV,10,1,4,0.001
2025-06-29,4,Ýmir,KV,10,2,3,7.5e-4
2025-06-29,4,Ýmir,KV,11,0,1,2.5e-4
2025-06-29,4,Ýmir,KV,11,1,2,5e-4
2025-06-29,4,Ýmir,KV,11,3,1,2.5e-4
2025-06-29,4,Ýmir,KV,12,0,2,5e-4
2025-06-29,4,Ýmir,KV,12,1,1,2.5e-4
2025-06-29,4,Ýmir,KV,13,0,1,2.5e-4
2025-06-29,5,Kría,Álftanes,0,0,76,0.019
2025-06-29,5,Kría,Álftanes,0,1,106,0.0265
2025-06-29,5,Kría,Álftanes,0,2,64,0.016
2025-06-29,5,Kría,Álftanes,0,3,28,0.007
2025-06-29,5,Kría,Álftanes,0,4,15,0.00375
2025-06-29,5,Kría,Álftanes,0,5,1,2.5e-4
2025-06-29,5,Kría,Álftanes,0,6,2,5e-4
2025-06-29,5,Kría,Álftanes,1,0,205,0.05125
2025-06-29,5,Kría,Álftanes,1,1,265,0.06625
2025-06-29,5,Kría,Álftanes,1,2,144,0.036
2025-06-29,5,Kría,Álftanes,1,3,85,0.02125
2025-06-29,5,Kría,Álftanes,1,4,25,0.00625
2025-06-29,5,Kría,Álftanes,1,5,9,0.00225
2025-06-29,5,Kría,Álftanes,1,6,1,2.5e-4
2025-06-29,5,Kría,Álftanes,2,0,238,0.0595
2025-06-29,5,Kría,Álftanes,2,1,320,0.08
2025-06-29,5,Kría,Álftanes,2,2,198,0.0495
2025-06-29,5,Kría,Álftanes,2,3,109,0.02725
2025-06-29,5,Kría,Álftanes,2,4,35,0.00875
2025-06-29,5,Kría,Álftanes,2,5,17,0.00425
2025-06-29,5,Kría,Álftanes,2,6,2,5e-4
2025-06-29,5,Kría,Álftanes,2,7,1,2.5e-4
2025-06-29,5,Kría,Álftanes,3,0,229,0.05725
2025-06-29,5,Kría,Álftanes,3,1,299,0.07475
2025-06-29,5,Kría,Álftanes,3,2,181,0.04525
2025-06-29,5,Kría,Álftanes,3,3,76,0.019
2025-06-29,5,Kría,Álftanes,3,4,28,0.007
2025-06-29,5,Kría,Álftanes,3,5,8,0.002
2025-06-29,5,Kría,Álftanes,3,6,5,0.00125
2025-06-29,5,Kría,Álftanes,3,7,1,2.5e-4
2025-06-29,5,Kría,Álftanes,3,9,1,2.5e-4
2025-06-29,5,Kría,Álftanes,4,0,181,0.04525
2025-06-29,5,Kría,Álftanes,4,1,205,0.05125
2025-06-29,5,Kría,Álftanes,4,2,130,0.0325
2025-06-29,5,Kría,Álftanes,4,3,63,0.01575
2025-06-29,5,Kría,Álftanes,4,4,17,0.00425
2025-06-29,5,Kría,Álftanes,4,5,7,0.00175
2025-06-29,5,Kría,Álftanes,4,7,1,2.5e-4
2025-06-29,5,Kría,Álftanes,5,0,92,0.023
2025-06-29,5,Kría,Álftanes,5,1,106,0.0265
2025-06-29,5,Kría,Álftanes,5,2,82,0.0205
2025-06-29,5,Kría,Álftanes,5,3,29,0.00725
2025-06-29,5,Kría,Álftanes,5,4,11,0.00275
2025-06-29,5,Kría,Álftanes,5,5,2,5e-4
2025-06-29,5,Kría,Álftanes,5,7,1,2.5e-4
2025-06-29,5,Kría,Álftanes,6,0,46,0.0115
2025-06-29,5,Kría,Álftanes,6,1,48,0.012
2025-06-29,5,Kría,Álftanes,6,2,38,0.0095
2025-06-29,5,Kría,Álftanes,6,3,13,0.00325
2025-06-29,5,Kría,Álftanes,6,4,2,5e-4
2025-06-29,5,Kría,Álftanes,6,5,2,5e-4
2025-06-29,5,Kría,Álftanes,6,7,1,2.5e-4
2025-06-29,5,Kría,Álftanes,7,0,26,0.0065
2025-06-29,5,Kría,Álftanes,7,1,34,0.0085
2025-06-29,5,Kría,Álftanes,7,2,15,0.00375
2025-06-29,5,Kría,Álftanes,7,3,8,0.002
2025-06-29,5,Kría,Álftanes,7,4,5,0.00125
2025-06-29,5,Kría,Álftanes,8,0,13,0.00325
2025-06-29,5,Kría,Álftanes,8,1,9,0.00225
2025-06-29,5,Kría,Álftanes,8,2,10,0.0025
2025-06-29,5,Kría,Álftanes,8,3,5,0.00125
2025-06-29,5,Kría,Álftanes,8,4,2,5e-4
2025-06-29,5,Kría,Álftanes,9,0,5,0.00125
2025-06-29,5,Kría,Álftanes,9,1,5,0.00125
2025-06-29,5,Kría,Álftanes,9,3,1,2.5e-4
2025-06-29,5,Kría,Álftanes,9,4,1,2.5e-4
2025-06-29,5,Kría,Álftanes,9,9,1,2.5e-4
2025-06-29,5,Kría,Álftanes,10,0,1,2.5e-4
2025-06-29,5,Kría,Álftanes,10,1,1,2.5e-4
2025-06-29,5,Kría,Álftanes,10,2,1,2.5e-4
2025-06-29,5,Kría,Álftanes,10,3,1,2.5e-4
2025-06-29,5,Kría,Álftanes,11,0,2,5e-4
2025-06-29,5,Kría,Álftanes,11,1,1,2.5e-4
2025-06-29,5,Kría,Álftanes,11,4,1,2.5e-4
2025-06-29,5,Kría,Álftanes,13,1,1,2.5e-4
2025-06-30,3,Grótta,Haukar,0,0,207,0.05175
2025-06-30,3,Grótta,Haukar,0,1,303,0.07575
2025-06-30,3,Grótta,Haukar,0,2,283,0.07075
2025-06-30,3,Grótta,Haukar,0,3,181,0.04525
2025-06-30,3,Grótta,Haukar,0,4,88,0.022
2025-06-30,3,Grótta,Haukar,0,5,39,0.00975
2025-06-30,3,Grótta,Haukar,0,6,15,0.00375
2025-06-30,3,Grótta,Haukar,0,7,5,0.00125
2025-06-30,3,Grótta,Haukar,0,8,2,5e-4
2025-06-30,3,Grótta,Haukar,1,0,206,0.0515
2025-06-30,3,Grótta,Haukar,1,1,350,0.0875
2025-06-30,3,Grótta,Haukar,1,2,349,0.08725
2025-06-30,3,Grótta,Haukar,1,3,227,0.05675
2025-06-30,3,Grótta,Haukar,1,4,94,0.0235
2025-06-30,3,Grótta,Haukar,1,5,40,0.01
2025-06-30,3,Grótta,Haukar,1,6,39,0.00975
2025-06-30,3,Grótta,Haukar,1,7,7,0.00175
2025-06-30,3,Grótta,Haukar,1,8,2,5e-4
2025-06-30,3,Grótta,Haukar,1,11,1,2.5e-4
2025-06-30,3,Grótta,Haukar,2,0,141,0.03525
2025-06-30,3,Grótta,Haukar,2,1,258,0.0645
2025-06-30,3,Grótta,Haukar,2,2,246,0.0615
2025-06-30,3,Grótta,Haukar,2,3,149,0.03725
2025-06-30,3,Grótta,Haukar,2,4,75,0.01875
2025-06-30,3,Grótta,Haukar,2,5,38,0.0095
2025-06-30,3,Grótta,Haukar,2,6,16,0.004
2025-06-30,3,Grótta,Haukar,2,7,1,2.5e-4
2025-06-30,3,Grótta,Haukar,2,9,1,2.5e-4
2025-06-30,3,Grótta,Haukar,3,0,49,0.01225
2025-06-30,3,Grótta,Haukar,3,1,114,0.0285
2025-06-30,3,Grótta,Haukar,3,2,105,0.02625
2025-06-30,3,Grótta,Haukar,3,3,76,0.019
2025-06-30,3,Grótta,Haukar,3,4,35,0.00875
2025-06-30,3,Grótta,Haukar,3,5,17,0.00425
2025-06-30,3,Grótta,Haukar,3,6,9,0.00225
2025-06-30,3,Grótta,Haukar,3,7,2,5e-4
2025-06-30,3,Grótta,Haukar,3,8,2,5e-4
2025-06-30,3,Grótta,Haukar,4,0,28,0.007
2025-06-30,3,Grótta,Haukar,4,1,38,0.0095
2025-06-30,3,Grótta,Haukar,4,2,40,0.01
2025-06-30,3,Grótta,Haukar,4,3,25,0.00625
2025-06-30,3,Grótta,Haukar,4,4,23,0.00575
2025-06-30,3,Grótta,Haukar,4,5,3,7.5e-4
2025-06-30,3,Grótta,Haukar,4,6,1,2.5e-4
2025-06-30,3,Grótta,Haukar,4,7,3,7.5e-4
2025-06-30,3,Grótta,Haukar,4,8,1,2.5e-4
2025-06-30,3,Grótta,Haukar,5,0,7,0.00175
2025-06-30,3,Grótta,Haukar,5,1,12,0.003
2025-06-30,3,Grótta,Haukar,5,2,14,0.0035
2025-06-30,3,Grótta,Haukar,5,3,9,0.00225
2025-06-30,3,Grótta,Haukar,5,4,2,5e-4
2025-06-30,3,Grótta,Haukar,5,5,3,7.5e-4
2025-06-30,3,Grótta,Haukar,5,6,1,2.5e-4
2025-06-30,3,Grótta,Haukar,6,0,2,5e-4
2025-06-30,3,Grótta,Haukar,6,1,1,2.5e-4
2025-06-30,3,Grótta,Haukar,6,2,2,5e-4
2025-06-30,3,Grótta,Haukar,6,3,4,0.001
2025-06-30,3,Grótta,Haukar,6,4,3,7.5e-4
2025-06-30,3,Grótta,Haukar,6,6,2,5e-4
2025-06-30,3,Grótta,Haukar,7,2,1,2.5e-4
2025-06-30,3,Grótta,Haukar,7,4,2,5e-4
2025-06-30,3,Grótta,Haukar,8,1,1,2.5e-4
2025-07-03,1,Afturelding,Breiðablik,0,0,226,0.0565
2025-07-03,1,Afturelding,Breiðablik,0,1,216,0.054
2025-07-03,1,Afturelding,Breiðablik,0,2,126,0.0315
2025-07-03,1,Afturelding,Breiðablik,0,3,59,0.01475
2025-07-03,1,Afturelding,Breiðablik,0,4,17,0.00425
2025-07-03,1,Afturelding,Breiðablik,0,5,1,2.5e-4
2025-07-03,1,Afturelding,Breiðablik,0,6,1,2.5e-4
2025-07-03,1,Afturelding,Breiðablik,0,7,1,2.5e-4
2025-07-03,1,Afturelding,Breiðablik,1,0,356,0.089
2025-07-03,1,Afturelding,Breiðablik,1,1,417,0.10425
2025-07-03,1,Afturelding,Breiðablik,1,2,233,0.05825
2025-07-03,1,Afturelding,Breiðablik,1,3,86,0.0215
2025-07-03,1,Afturelding,Breiðablik,1,4,29,0.00725
2025-07-03,1,Afturelding,Breiðablik,1,5,5,0.00125
2025-07-03,1,Afturelding,Breiðablik,1,6,2,5e-4
2025-07-03,1,Afturelding,Breiðablik,2,0,328,0.082
2025-07-03,1,Afturelding,Breiðablik,2,1,332,0.083
2025-07-03,1,Afturelding,Breiðablik,2,2,213,0.05325
2025-07-03,1,Afturelding,Breiðablik,2,3,92,0.023
2025-07-03,1,Afturelding,Breiðablik,2,4,32,0.008
2025-07-03,1,Afturelding,Breiðablik,2,5,9,0.00225
2025-07-03,1,Afturelding,Breiðablik,2,6,2,5e-4
2025-07-03,1,Afturelding,Breiðablik,3,0,211,0.05275
2025-07-03,1,Afturelding,Breiðablik,3,1,242,0.0605
2025-07-03,1,Afturelding,Breiðablik,3,2,147,0.03675
2025-07-03,1,Afturelding,Breiðablik,3,3,43,0.01075
2025-07-03,1,Afturelding,Breiðablik,3,4,19,0.00475
2025-07-03,1,Afturelding,Breiðablik,3,5,5,0.00125
2025-07-03,1,Afturelding,Breiðablik,4,0,99,0.02475
2025-07-03,1,Afturelding,Breiðablik,4,1,115,0.02875
2025-07-03,1,Afturelding,Breiðablik,4,2,61,0.01525
2025-07-03,1,Afturelding,Breiðablik,4,3,21,0.00525
2025-07-03,1,Afturelding,Breiðablik,4,4,12,0.003
2025-07-03,1,Afturelding,Breiðablik,4,5,5,0.00125
2025-07-03,1,Afturelding,Breiðablik,4,6,1,2.5e-4
2025-07-03,1,Afturelding,Breiðablik,5,0,48,0.012
2025-07-03,1,Afturelding,Breiðablik,5,1,48,0.012
2025-07-03,1,Afturelding,Breiðablik,5,2,25,0.00625
2025-07-03,1,Afturelding,Breiðablik,5,3,9,0.00225
2025-07-03,1,Afturelding,Breiðablik,5,4,6,0.0015
2025-07-03,1,Afturelding,Breiðablik,5,5,1,2.5e-4
2025-07-03,1,Afturelding,Breiðablik,5,6,1,2.5e-4
2025-07-03,1,Afturelding,Breiðablik,6,0,15,0.00375
2025-07-03,1,Afturelding,Breiðablik,6,1,18,0.0045
2025-07-03,1,Afturelding,Breiðablik,6,2,13,0.00325
2025-07-03,1,Afturelding,Breiðablik,6,3,7,0.00175
2025-07-03,1,Afturelding,Breiðablik,6,4,2,5e-4
2025-07-03,1,Afturelding,Breiðablik,6,5,1,2.5e-4
2025-07-03,1,Afturelding,Breiðablik,7,0,7,0.00175
2025-07-03,1,Afturelding,Breiðablik,7,1,10,0.0025
2025-07-03,1,Afturelding,Breiðablik,7,2,5,0.00125
2025-07-03,1,Afturelding,Breiðablik,7,3,4,0.001
2025-07-03,1,Afturelding,Breiðablik,7,4,1,2.5e-4
2025-07-03,1,Afturelding,Breiðablik,7,5,1,2.5e-4
2025-07-03,1,Afturelding,Breiðablik,8,0,3,7.5e-4
2025-07-03,1,Afturelding,Breiðablik,8,1,1,2.5e-4
2025-07-03,1,Afturelding,Breiðablik,8,2,4,0.001
2025-07-03,1,Afturelding,Breiðablik,8,4,1,2.5e-4
2025-07-03,1,Afturelding,Breiðablik,9,0,2,5e-4
2025-07-03,1,Afturelding,Breiðablik,9,1,2,5e-4
2025-07-03,1,Afturelding,Breiðablik,9,6,1,2.5e-4
2025-07-03,2,Grindavík,Njarðvík,0,0,64,0.016
2025-07-03,2,Grindavík,Njarðvík,0,1,78,0.0195
2025-07-03,2,Grindavík,Njarðvík,0,2,65,0.01625
2025-07-03,2,Grindavík,Njarðvík,0,3,39,0.00975
2025-07-03,2,Grindavík,Njarðvík,0,4,12,0.003
2025-07-03,2,Grindavík,Njarðvík,0,5,6,0.0015
2025-07-03,2,Grindavík,Njarðvík,0,6,2,5e-4
2025-07-03,2,Grindavík,Njarðvík,0,8,1,2.5e-4
2025-07-03,2,Grindavík,Njarðvík,1,0,126,0.0315
2025-07-03,2,Grindavík,Njarðvík,1,1,217,0.05425
2025-07-03,2,Grindavík,Njarðvík,1,2,171,0.04275
2025-07-03,2,Grindavík,Njarðvík,1,3,99,0.02475
2025-07-03,2,Grindavík,Njarðvík,1,4,37,0.00925
2025-07-03,2,Grindavík,Njarðvík,1,5,15,0.00375
2025-07-03,2,Grindavík,Njarðvík,1,6,6,0.0015
2025-07-03,2,Grindavík,Njarðvík,1,7,1,2.5e-4
2025-07-03,2,Grindavík,Njarðvík,2,0,183,0.04575
2025-07-03,2,Grindavík,Njarðvík,2,1,283,0.07075
2025-07-03,2,Grindavík,Njarðvík,2,2,245,0.06125
2025-07-03,2,Grindavík,Njarðvík,2,3,109,0.02725
2025-07-03,2,Grindavík,Njarðvík,2,4,54,0.0135
2025-07-03,2,Grindavík,Njarðvík,2,5,20,0.005
2025-07-03,2,Grindavík,Njarðvík,2,6,9,0.00225
2025-07-03,2,Grindavík,Njarðvík,3,0,155,0.03875
2025-07-03,2,Grindavík,Njarðvík,3,1,242,0.0605
2025-07-03,2,Grindavík,Njarðvík,3,2,213,0.05325
2025-07-03,2,Grindavík,Njarðvík,3,3,128,0.032
2025-07-03,2,Grindavík,Njarðvík,3,4,61,0.01525
2025-07-03,2,Grindavík,Njarðvík,3,5,22,0.0055
2025-07-03,2,Grindavík,Njarðvík,3,6,11,0.00275
2025-07-03,2,Grindavík,Njarðvík,3,7,3,7.5e-4
2025-07-03,2,Grindavík,Njarðvík,4,0,135,0.03375
2025-07-03,2,Grindavík,Njarðvík,4,1,170,0.0425
2025-07-03,2,Grindavík,Njarðvík,4,2,129,0.03225
2025-07-03,2,Grindavík,Njarðvík,4,3,81,0.02025
2025-07-03,2,Grindavík,Njarðvík,4,4,34,0.0085
2025-07-03,2,Grindavík,Njarðvík,4,5,20,0.005
2025-07-03,2,Grindavík,Njarðvík,4,6,7,0.00175
2025-07-03,2,Grindavík,Njarðvík,4,7,2,5e-4
2025-07-03,2,Grindavík,Njarðvík,4,8,1,2.5e-4
2025-07-03,2,Grindavík,Njarðvík,4,9,1,2.5e-4
2025-07-03,2,Grindavík,Njarðvík,5,0,66,0.0165
2025-07-03,2,Grindavík,Njarðvík,5,1,99,0.02475
2025-07-03,2,Grindavík,Njarðvík,5,2,114,0.0285
2025-07-03,2,Grindavík,Njarðvík,5,3,61,0.01525
2025-07-03,2,Grindavík,Njarðvík,5,4,24,0.006
2025-07-03,2,Grindavík,Njarðvík,5,5,12,0.003
2025-07-03,2,Grindavík,Njarðvík,5,8,1,2.5e-4
2025-07-03,2,Grindavík,Njarðvík,6,0,31,0.00775
2025-07-03,2,Grindavík,Njarðvík,6,1,68,0.017
2025-07-03,2,Grindavík,Njarðvík,6,2,51,0.01275
2025-07-03,2,Grindavík,Njarðvík,6,3,33,0.00825
2025-07-03,2,Grindavík,Njarðvík,6,4,12,0.003
2025-07-03,2,Grindavík,Njarðvík,6,5,10,0.0025
2025-07-03,2,Grindavík,Njarðvík,6,6,4,0.001
2025-07-03,2,Grindavík,Njarðvík,7,0,16,0.004
2025-07-03,2,Grindavík,Njarðvík,7,1,22,0.0055
2025-07-03,2,Grindavík,Njarðvík,7,2,23,0.00575
2025-07-03,2,Grindavík,Njarðvík,7,3,14,0.0035
2025-07-03,2,Grindavík,Njarðvík,7,4,10,0.0025
2025-07-03,2,Grindavík,Njarðvík,7,5,2,5e-4
2025-07-03,2,Grindavík,Njarðvík,7,6,3,7.5e-4
2025-07-03,2,Grindavík,Njarðvík,7,7,1,2.5e-4
2025-07-03,2,Grindavík,Njarðvík,8,0,2,5e-4
2025-07-03,2,Grindavík,Njarðvík,8,1,17,0.00425
2025-07-03,2,Grindavík,Njarðvík,8,2,12,0.003
2025-07-03,2,Grindavík,Njarðvík,8,3,4,0.001
2025-07-03,2,Grindavík,Njarðvík,8,4,3,7.5e-4
2025-07-03,2,Grindavík,Njarðvík,8,8,1,2.5e-4
2025-07-03,2,Grindavík,Njarðvík,9,0,3,7.5e-4
2025-07-03,2,Grindavík,Njarðvík,9,1,7,0.00175
2025-07-03,2,Grindavík,Njarðvík,9,2,2,5e-4
2025-07-03,2,Grindavík,Njarðvík,9,3,2,5e-4
2025-07-03,2,Grindavík,Njarðvík,9,4,1,2.5e-4
2025-07-03,2,Grindavík,Njarðvík,10,2,3,7.5e-4
2025-07-03,2,Grindavík,Njarðvík,10,3,1,2.5e-4
2025-07-03,2,Grindavík,Njarðvík,10,4,1,2.5e-4
2025-07-03,2,Grindavík,Njarðvík,11,1,3,7.5e-4
2025-07-03,2,Grindavík,Njarðvík,11,2,2,5e-4
2025-07-03,2,Grindavík,Njarðvík,12,1,1,2.5e-4
2025-07-03,2,Grindavík,Njarðvík,15,4,1,2.5e-4
2025-07-03,2,Keflavík,Selfoss,0,0,147,0.03675
2025-07-03,2,Keflavík,Selfoss,0,1,199,0.04975
2025-07-03,2,Keflavík,Selfoss,0,2,129,0.03225
2025-07-03,2,Keflavík,Selfoss,0,3,77,0.01925
2025-07-03,2,Keflavík,Selfoss,0,4,31,0.00775
2025-07-03,2,Keflavík,Selfoss,0,5,8,0.002
2025-07-03,2,Keflavík,Selfoss,0,6,3,7.5e-4
2025-07-03,2,Keflavík,Selfoss,1,0,258,0.0645
2025-07-03,2,Keflavík,Selfoss,1,1,373,0.09325
2025-07-03,2,Keflavík,Selfoss,1,2,276,0.069
2025-07-03,2,Keflavík,Selfoss,1,3,127,0.03175
2025-07-03,2,Keflavík,Selfoss,1,4,65,0.01625
2025-07-03,2,Keflavík,Selfoss,1,5,23,0.00575
2025-07-03,2,Keflavík,Selfoss,1,6,8,0.002
2025-07-03,2,Keflavík,Selfoss,1,7,3,7.5e-4
2025-07-03,2,Keflavík,Selfoss,1,8,1,2.5e-4
2025-07-03,2,Keflavík,Selfoss,1,9,1,2.5e-4
2025-07-03,2,Keflavík,Selfoss,2,0,236,0.059
2025-07-03,2,Keflavík,Selfoss,2,1,346,0.0865
2025-07-03,2,Keflavík,Selfoss,2,2,264,0.066
2025-07-03,2,Keflavík,Selfoss,2,3,121,0.03025
2025-07-03,2,Keflavík,Selfoss,2,4,62,0.0155
2025-07-03,2,Keflavík,Selfoss,2,5,24,0.006
2025-07-03,2,Keflavík,Selfoss,2,6,2,5e-4
2025-07-03,2,Keflavík,Selfoss,2,7,2,5e-4
2025-07-03,2,Keflavík,Selfoss,3,0,127,0.03175
2025-07-03,2,Keflavík,Selfoss,3,1,200,0.05
2025-07-03,2,Keflavík,Selfoss,3,2,146,0.0365
2025-07-03,2,Keflavík,Selfoss,3,3,104,0.026
2025-07-03,2,Keflavík,Selfoss,3,4,39,0.00975
2025-07-03,2,Keflavík,Selfoss,3,5,19,0.00475
2025-07-03,2,Keflavík,Selfoss,3,6,10,0.0025
2025-07-03,2,Keflavík,Selfoss,3,7,1,2.5e-4
2025-07-03,2,Keflavík,Selfoss,4,0,63,0.01575
2025-07-03,2,Keflavík,Selfoss,4,1,102,0.0255
2025-07-03,2,Keflavík,Selfoss,4,2,75,0.01875
2025-07-03,2,Keflavík,Selfoss,4,3,49,0.01225
2025-07-03,2,Keflavík,Selfoss,4,4,27,0.00675
2025-07-03,2,Keflavík,Selfoss,4,5,11,0.00275
2025-07-03,2,Keflavík,Selfoss,5,0,34,0.0085
2025-07-03,2,Keflavík,Selfoss,5,1,45,0.01125
2025-07-03,2,Keflavík,Selfoss,5,2,50,0.0125
2025-07-03,2,Keflavík,Selfoss,5,3,22,0.0055
2025-07-03,2,Keflavík,Selfoss,5,4,2,5e-4
2025-07-03,2,Keflavík,Selfoss,5,5,4,0.001
2025-07-03,2,Keflavík,Selfoss,5,6,1,2.5e-4
2025-07-03,2,Keflavík,Selfoss,5,7,1,2.5e-4
2025-07-03,2,Keflavík,Selfoss,6,0,8,0.002
2025-07-03,2,Keflavík,Selfoss,6,1,12,0.003
2025-07-03,2,Keflavík,Selfoss,6,2,14,0.0035
2025-07-03,2,Keflavík,Selfoss,6,3,8,0.002
2025-07-03,2,Keflavík,Selfoss,6,4,4,0.001
2025-07-03,2,Keflavík,Selfoss,6,5,2,5e-4
2025-07-03,2,Keflavík,Selfoss,6,6,1,2.5e-4
2025-07-03,2,Keflavík,Selfoss,6,7,1,2.5e-4
2025-07-03,2,Keflavík,Selfoss,7,0,4,0.001
2025-07-03,2,Keflavík,Selfoss,7,1,6,0.0015
2025-07-03,2,Keflavík,Selfoss,7,2,7,0.00175
2025-07-03,2,Keflavík,Selfoss,7,3,3,7.5e-4
2025-07-03,2,Keflavík,Selfoss,7,4,1,2.5e-4
2025-07-03,2,Keflavík,Selfoss,7,5,2,5e-4
2025-07-03,2,Keflavík,Selfoss,7,6,1,2.5e-4
2025-07-03,2,Keflavík,Selfoss,8,0,2,5e-4
2025-07-03,2,Keflavík,Selfoss,8,3,3,7.5e-4
2025-07-03,2,Keflavík,Selfoss,8,5,1,2.5e-4
2025-07-03,2,Keflavík,Selfoss,10,1,1,2.5e-4
2025-07-03,2,Keflavík,Selfoss,10,2,1,2.5e-4
2025-07-03,2,Þór,Þróttur R.,0,0,93,0.02325
2025-07-03,2,Þór,Þróttur R.,0,1,74,0.0185
2025-07-03,2,Þór,Þróttur R.,0,2,49,0.01225
2025-07-03,2,Þór,Þróttur R.,0,3,20,0.005
2025-07-03,2,Þór,Þróttur R.,1,0,241,0.06025
2025-07-03,2,Þór,Þróttur R.,1,1,237,0.05925
2025-07-03,2,Þór,Þróttur R.,1,2,111,0.02775
2025-07-03,2,Þór,Þróttur R.,1,3,38,0.0095
2025-07-03,2,Þór,Þróttur R.,1,4,7,0.00175
2025-07-03,2,Þór,Þróttur R.,1,5,3,7.5e-4
2025-07-03,2,Þór,Þróttur R.,2,0,331,0.08275
2025-07-03,2,Þór,Þróttur R.,2,1,287,0.07175
2025-07-03,2,Þór,Þróttur R.,2,2,161,0.04025
2025-07-03,2,Þór,Þróttur R.,2,3,52,0.013
2025-07-03,2,Þór,Þróttur R.,2,4,13,0.00325
2025-07-03,2,Þór,Þróttur R.,2,5,2,5e-4
2025-07-03,2,Þór,Þróttur R.,2,6,1,2.5e-4
2025-07-03,2,Þór,Þróttur R.,3,0,307,0.07675
2025-07-03,2,Þór,Þróttur R.,3,1,303,0.07575
2025-07-03,2,Þór,Þróttur R.,3,2,131,0.03275
2025-07-03,2,Þór,Þróttur R.,3,3,39,0.00975
2025-07-03,2,Þór,Þróttur R.,3,4,17,0.00425
2025-07-03,2,Þór,Þróttur R.,3,5,3,7.5e-4
2025-07-03,2,Þór,Þróttur R.,3,6,2,5e-4
2025-07-03,2,Þór,Þróttur R.,4,0,261,0.06525
2025-07-03,2,Þór,Þróttur R.,4,1,246,0.0615
2025-07-03,2,Þór,Þróttur R.,4,2,118,0.0295
2025-07-03,2,Þór,Þróttur R.,4,3,49,0.01225
2025-07-03,2,Þór,Þróttur R.,4,4,14,0.0035
2025-07-03,2,Þór,Þróttur R.,4,5,7,0.00175
2025-07-03,2,Þór,Þróttur R.,5,0,146,0.0365
2025-07-03,2,Þór,Þróttur R.,5,1,148,0.037
2025-07-03,2,Þór,Þróttur R.,5,2,80,0.02
2025-07-03,2,Þór,Þróttur R.,5,3,20,0.005
2025-07-03,2,Þór,Þróttur R.,5,4,2,5e-4
2025-07-03,2,Þór,Þróttur R.,5,5,3,7.5e-4
2025-07-03,2,Þór,Þróttur R.,6,0,69,0.01725
2025-07-03,2,Þór,Þróttur R.,6,1,85,0.02125
2025-07-03,2,Þór,Þróttur R.,6,2,36,0.009
2025-07-03,2,Þór,Þróttur R.,6,3,17,0.00425
2025-07-03,2,Þór,Þróttur R.,6,4,2,5e-4
2025-07-03,2,Þór,Þróttur R.,7,0,39,0.00975
2025-07-03,2,Þór,Þróttur R.,7,1,30,0.0075
2025-07-03,2,Þór,Þróttur R.,7,2,19,0.00475
2025-07-03,2,Þór,Þróttur R.,7,3,9,0.00225
2025-07-03,2,Þór,Þróttur R.,8,0,16,0.004
2025-07-03,2,Þór,Þróttur R.,8,1,18,0.0045
2025-07-03,2,Þór,Þróttur R.,8,2,6,0.0015
2025-07-03,2,Þór,Þróttur R.,8,3,6,0.0015
2025-07-03,2,Þór,Þróttur R.,9,0,4,0.001
2025-07-03,2,Þór,Þróttur R.,9,1,8,0.002
2025-07-03,2,Þór,Þróttur R.,9,2,3,7.5e-4
2025-07-03,2,Þór,Þróttur R.,9,3,2,5e-4
2025-07-03,2,Þór,Þróttur R.,10,0,4,0.001
2025-07-03,2,Þór,Þróttur R.,10,1,4,0.001
2025-07-03,2,Þór,Þróttur R.,10,2,1,2.5e-4
2025-07-03,2,Þór,Þróttur R.,10,3,2,5e-4
2025-07-03,2,Þór,Þróttur R.,11,0,1,2.5e-4
2025-07-03,2,Þór,Þróttur R.,11,1,2,5e-4
2025-07-03,2,Þór,Þróttur R.,11,2,1,2.5e-4
2025-07-03,4,Árbær,Hvíti riddarinn,0,0,124,0.031
2025-07-03,4,Árbær,Hvíti riddarinn,0,1,183,0.04575
2025-07-03,4,Árbær,Hvíti riddarinn,0,2,175,0.04375
2025-07-03,4,Árbær,Hvíti riddarinn,0,3,105,0.02625
2025-07-03,4,Árbær,Hvíti riddarinn,0,4,52,0.013
2025-07-03,4,Árbær,Hvíti riddarinn,0,5,16,0.004
2025-07-03,4,Árbær,Hvíti riddarinn,0,6,7,0.00175
2025-07-03,4,Árbær,Hvíti riddarinn,1,0,209,0.05225
2025-07-03,4,Árbær,Hvíti riddarinn,1,1,359,0.08975
2025-07-03,4,Árbær,Hvíti riddarinn,1,2,274,0.0685
2025-07-03,4,Árbær,Hvíti riddarinn,1,3,167,0.04175
2025-07-03,4,Árbær,Hvíti riddarinn,1,4,89,0.02225
2025-07-03,4,Árbær,Hvíti riddarinn,1,5,45,0.01125
2025-07-03,4,Árbær,Hvíti riddarinn,1,6,15,0.00375
2025-07-03,4,Árbær,Hvíti riddarinn,1,7,4,0.001
2025-07-03,4,Árbær,Hvíti riddarinn,1,8,2,5e-4
2025-07-03,4,Árbær,Hvíti riddarinn,2,0,127,0.03175
2025-07-03,4,Árbær,Hvíti riddarinn,2,1,272,0.068
2025-07-03,4,Árbær,Hvíti riddarinn,2,2,276,0.069
2025-07-03,4,Árbær,Hvíti riddarinn,2,3,165,0.04125
2025-07-03,4,Árbær,Hvíti riddarinn,2,4,92,0.023
2025-07-03,4,Árbær,Hvíti riddarinn,2,5,40,0.01
2025-07-03,4,Árbær,Hvíti riddarinn,2,6,13,0.00325
2025-07-03,4,Árbær,Hvíti riddarinn,2,7,8,0.002
2025-07-03,4,Árbær,Hvíti riddarinn,2,8,1,2.5e-4
2025-07-03,4,Árbær,Hvíti riddarinn,2,9,1,2.5e-4
2025-07-03,4,Árbær,Hvíti riddarinn,3,0,91,0.02275
2025-07-03,4,Árbær,Hvíti riddarinn,3,1,182,0.0455
2025-07-03,4,Árbær,Hvíti riddarinn,3,2,165,0.04125
2025-07-03,4,Árbær,Hvíti riddarinn,3,3,110,0.0275
2025-07-03,4,Árbær,Hvíti riddarinn,3,4,37,0.00925
2025-07-03,4,Árbær,Hvíti riddarinn,3,5,27,0.00675
2025-07-03,4,Árbær,Hvíti riddarinn,3,6,6,0.0015
2025-07-03,4,Árbær,Hvíti riddarinn,3,7,4,0.001
2025-07-03,4,Árbær,Hvíti riddarinn,3,8,2,5e-4
2025-07-03,4,Árbær,Hvíti riddarinn,4,0,41,0.01025
2025-07-03,4,Árbær,Hvíti riddarinn,4,1,109,0.02725
2025-07-03,4,Árbær,Hvíti riddarinn,4,2,75,0.01875
2025-07-03,4,Árbær,Hvíti riddarinn,4,3,63,0.01575
2025-07-03,4,Árbær,Hvíti riddarinn,4,4,28,0.007
2025-07-03,4,Árbær,Hvíti riddarinn,4,5,12,0.003
2025-07-03,4,Árbær,Hvíti riddarinn,4,6,8,0.002
2025-07-03,4,Árbær,Hvíti riddarinn,5,0,19,0.00475
2025-07-03,4,Árbær,Hvíti riddarinn,5,1,46,0.0115
2025-07-03,4,Árbær,Hvíti riddarinn,5,2,38,0.0095
2025-07-03,4,Árbær,Hvíti riddarinn,5,3,17,0.00425
2025-07-03,4,Árbær,Hvíti riddarinn,5,4,10,0.0025
2025-07-03,4,Árbær,Hvíti riddarinn,5,5,6,0.0015
2025-07-03,4,Árbær,Hvíti riddarinn,5,6,5,0.00125
2025-07-03,4,Árbær,Hvíti riddarinn,5,7,1,2.5e-4
2025-07-03,4,Árbær,Hvíti riddarinn,6,0,11,0.00275
2025-07-03,4,Árbær,Hvíti riddarinn,6,1,13,0.00325
2025-07-03,4,Árbær,Hvíti riddarinn,6,2,11,0.00275
2025-07-03,4,Árbær,Hvíti riddarinn,6,3,11,0.00275
2025-07-03,4,Árbær,Hvíti riddarinn,6,4,4,0.001
2025-07-03,4,Árbær,Hvíti riddarinn,6,5,1,2.5e-4
2025-07-03,4,Árbær,Hvíti riddarinn,6,6,2,5e-4
2025-07-03,4,Árbær,Hvíti riddarinn,6,7,1,2.5e-4
2025-07-03,4,Árbær,Hvíti riddarinn,7,1,5,0.00125
2025-07-03,4,Árbær,Hvíti riddarinn,7,2,8,0.002
2025-07-03,4,Árbær,Hvíti riddarinn,7,3,2,5e-4
2025-07-03,4,Árbær,Hvíti riddarinn,8,0,1,2.5e-4
2025-07-03,4,Árbær,Hvíti riddarinn,8,1,1,2.5e-4
2025-07-03,4,Árbær,Hvíti riddarinn,8,2,1,2.5e-4
2025-07-03,4,Árbær,Hvíti riddarinn,8,3,2,5e-4
2025-07-03,4,Árbær,Hvíti riddarinn,8,4,1,2.5e-4
2025-07-03,4,Árbær,Hvíti riddarinn,10,0,1,2.5e-4
2025-07-03,4,Árbær,Hvíti riddarinn,10,3,1,2.5e-4
2025-07-03,5,KFS,Árborg,0,0,237,0.05925
2025-07-03,5,KFS,Árborg,0,1,208,0.052
2025-07-03,5,KFS,Árborg,0,2,94,0.0235
2025-07-03,5,KFS,Árborg,0,3,42,0.0105
2025-07-03,5,KFS,Árborg,0,4,7,0.00175
2025-07-03,5,KFS,Árborg,0,5,3,7.5e-4
2025-07-03,5,KFS,Árborg,0,6,2,5e-4
2025-07-03,5,KFS,Árborg,1,0,455,0.11375
2025-07-03,5,KFS,Árborg,1,1,419,0.10475
2025-07-03,5,KFS,Árborg,1,2,206,0.0515
2025-07-03,5,KFS,Árborg,1,3,79,0.01975
2025-07-03,5,KFS,Árborg,1,4,26,0.0065
2025-07-03,5,KFS,Árborg,1,5,1,2.5e-4
2025-07-03,5,KFS,Árborg,1,6,1,2.5e-4
2025-07-03,5,KFS,Árborg,2,0,384,0.096
2025-07-03,5,KFS,Árborg,2,1,337,0.08425
2025-07-03,5,KFS,Árborg,2,2,181,0.04525
2025-07-03,5,KFS,Árborg,2,3,61,0.01525
2025-07-03,5,KFS,Árborg,2,4,23,0.00575
2025-07-03,5,KFS,Árborg,2,5,5,0.00125
2025-07-03,5,KFS,Árborg,2,6,3,7.5e-4
2025-07-03,5,KFS,Árborg,3,0,253,0.06325
2025-07-03,5,KFS,Árborg,3,1,240,0.06
2025-07-03,5,KFS,Árborg,3,2,121,0.03025
2025-07-03,5,KFS,Árborg,3,3,40,0.01
2025-07-03,5,KFS,Árborg,3,4,13,0.00325
2025-07-03,5,KFS,Árborg,3,5,3,7.5e-4
2025-07-03,5,KFS,Árborg,4,0,116,0.029
2025-07-03,5,KFS,Árborg,4,1,116,0.029
2025-07-03,5,KFS,Árborg,4,2,61,0.01525
2025-07-03,5,KFS,Árborg,4,3,21,0.00525
2025-07-03,5,KFS,Árborg,4,4,4,0.001
2025-07-03,5,KFS,Árborg,4,5,3,7.5e-4
2025-07-03,5,KFS,Árborg,5,0,60,0.015
2025-07-03,5,KFS,Árborg,5,1,62,0.0155
2025-07-03,5,KFS,Árborg,5,2,18,0.0045
2025-07-03,5,KFS,Árborg,5,3,11,0.00275
2025-07-03,5,KFS,Árborg,5,4,3,7.5e-4
2025-07-03,5,KFS,Árborg,5,5,2,5e-4
2025-07-03,5,KFS,Árborg,6,0,14,0.0035
2025-07-03,5,KFS,Árborg,6,1,20,0.005
2025-07-03,5,KFS,Árborg,6,2,15,0.00375
2025-07-03,5,KFS,Árborg,6,3,6,0.0015
2025-07-03,5,KFS,Árborg,6,4,1,2.5e-4
2025-07-03,5,KFS,Árborg,7,0,7,0.00175
2025-07-03,5,KFS,Árborg,7,1,2,5e-4
2025-07-03,5,KFS,Árborg,7,2,2,5e-4
2025-07-03,5,KFS,Árborg,7,3,1,2.5e-4
2025-07-03,5,KFS,Árborg,8,0,3,7.5e-4
2025-07-03,5,KFS,Árborg,8,1,3,7.5e-4
2025-07-03,5,KFS,Árborg,8,2,2,5e-4
2025-07-03,5,KFS,Árborg,8,5,1,2.5e-4
2025-07-03,5,KFS,Árborg,9,1,1,2.5e-4
2025-07-03,5,KFS,Árborg,10,3,1,2.5e-4
2025-07-04,2,Fylkir,ÍR,0,0,124,0.031
2025-07-04,2,Fylkir,ÍR,0,1,185,0.04625
2025-07-04,2,Fylkir,ÍR,0,2,131,0.03275
2025-07-04,2,Fylkir,ÍR,0,3,77,0.01925
2025-07-04,2,Fylkir,ÍR,0,4,32,0.008
2025-07-04,2,Fylkir,ÍR,0,5,13,0.00325
2025-07-04,2,Fylkir,ÍR,0,6,3,7.5e-4
2025-07-04,2,Fylkir,ÍR,0,7,1,2.5e-4
2025-07-04,2,Fylkir,ÍR,1,0,207,0.05175
2025-07-04,2,Fylkir,ÍR,1,1,328,0.082
2025-07-04,2,Fylkir,ÍR,1,2,256,0.064
2025-07-04,2,Fylkir,ÍR,1,3,140,0.035
2025-07-04,2,Fylkir,ÍR,1,4,86,0.0215
2025-07-04,2,Fylkir,ÍR,1,5,25,0.00625
2025-07-04,2,Fylkir,ÍR,1,6,9,0.00225
2025-07-04,2,Fylkir,ÍR,1,7,3,7.5e-4
2025-07-04,2,Fylkir,ÍR,1,8,2,5e-4
2025-07-04,2,Fylkir,ÍR,2,0,194,0.0485
2025-07-04,2,Fylkir,ÍR,2,1,304,0.076
2025-07-04,2,Fylkir,ÍR,2,2,269,0.06725
2025-07-04,2,Fylkir,ÍR,2,3,137,0.03425
2025-07-04,2,Fylkir,ÍR,2,4,68,0.017
2025-07-04,2,Fylkir,ÍR,2,5,25,0.00625
2025-07-04,2,Fylkir,ÍR,2,6,5,0.00125
2025-07-04,2,Fylkir,ÍR,2,8,1,2.5e-4
2025-07-04,2,Fylkir,ÍR,2,9,1,2.5e-4
2025-07-04,2,Fylkir,ÍR,3,0,138,0.0345
2025-07-04,2,Fylkir,ÍR,3,1,220,0.055
2025-07-04,2,Fylkir,ÍR,3,2,188,0.047
2025-07-04,2,Fylkir,ÍR,3,3,127,0.03175
2025-07-04,2,Fylkir,ÍR,3,4,46,0.0115
2025-07-04,2,Fylkir,ÍR,3,5,19,0.00475
2025-07-04,2,Fylkir,ÍR,3,6,4,0.001
2025-07-04,2,Fylkir,ÍR,3,7,2,5e-4
2025-07-04,2,Fylkir,ÍR,3,8,1,2.5e-4
2025-07-04,2,Fylkir,ÍR,4,0,70,0.0175
2025-07-04,2,Fylkir,ÍR,4,1,119,0.02975
2025-07-04,2,Fylkir,ÍR,4,2,92,0.023
2025-07-04,2,Fylkir,ÍR,4,3,71,0.01775
2025-07-04,2,Fylkir,ÍR,4,4,28,0.007
2025-07-04,2,Fylkir,ÍR,4,5,9,0.00225
2025-07-04,2,Fylkir,ÍR,4,6,3,7.5e-4
2025-07-04,2,Fylkir,ÍR,5,0,33,0.00825
2025-07-04,2,Fylkir,ÍR,5,1,36,0.009
2025-07-04,2,Fylkir,ÍR,5,2,31,0.00775
2025-07-04,2,Fylkir,ÍR,5,3,16,0.004
2025-07-04,2,Fylkir,ÍR,5,4,9,0.00225
2025-07-04,2,Fylkir,ÍR,5,5,4,0.001
2025-07-04,2,Fylkir,ÍR,5,6,3,7.5e-4
2025-07-04,2,Fylkir,ÍR,6,0,9,0.00225
2025-07-04,2,Fylkir,ÍR,6,1,16,0.004
2025-07-04,2,Fylkir,ÍR,6,2,25,0.00625
2025-07-04,2,Fylkir,ÍR,6,3,7,0.00175
2025-07-04,2,Fylkir,ÍR,6,4,2,5e-4
2025-07-04,2,Fylkir,ÍR,6,5,1,2.5e-4
2025-07-04,2,Fylkir,ÍR,6,6,2,5e-4
2025-07-04,2,Fylkir,ÍR,7,0,6,0.0015
2025-07-04,2,Fylkir,ÍR,7,1,7,0.00175
2025-07-04,2,Fylkir,ÍR,7,2,8,0.002
2025-07-04,2,Fylkir,ÍR,7,3,5,0.00125
2025-07-04,2,Fylkir,ÍR,7,4,1,2.5e-4
2025-07-04,2,Fylkir,ÍR,7,5,1,2.5e-4
2025-07-04,2,Fylkir,ÍR,8,0,5,0.00125
2025-07-04,2,Fylkir,ÍR,8,1,1,2.5e-4
2025-07-04,2,Fylkir,ÍR,8,2,1,2.5e-4
2025-07-04,2,Fylkir,ÍR,8,3,2,5e-4
2025-07-04,2,Fylkir,ÍR,9,0,2,5e-4
2025-07-04,2,Fylkir,ÍR,9,1,1,2.5e-4
2025-07-04,2,Fylkir,ÍR,9,4,1,2.5e-4
2025-07-04,2,Fylkir,ÍR,10,3,1,2.5e-4
2025-07-04,2,Fylkir,ÍR,10,4,1,2.5e-4
2025-07-04,2,Leiknir R.,Fjölnir,0,0,237,0.05925
2025-07-04,2,Leiknir R.,Fjölnir,0,1,255,0.06375
2025-07-04,2,Leiknir R.,Fjölnir,0,2,131,0.03275
2025-07-04,2,Leiknir R.,Fjölnir,0,3,72,0.018
2025-07-04,2,Leiknir R.,Fjölnir,0,4,20,0.005
2025-07-04,2,Leiknir R.,Fjölnir,0,5,7,0.00175
2025-07-04,2,Leiknir R.,Fjölnir,0,6,5,0.00125
2025-07-04,2,Leiknir R.,Fjölnir,1,0,350,0.0875
2025-07-04,2,Leiknir R.,Fjölnir,1,1,439,0.10975
2025-07-04,2,Leiknir R.,Fjölnir,1,2,241,0.06025
2025-07-04,2,Leiknir R.,Fjölnir,1,3,97,0.02425
2025-07-04,2,Leiknir R.,Fjölnir,1,4,39,0.00975
2025-07-04,2,Leiknir R.,Fjölnir,1,5,8,0.002
2025-07-04,2,Leiknir R.,Fjölnir,1,6,5,0.00125
2025-07-04,2,Leiknir R.,Fjölnir,1,7,1,2.5e-4
2025-07-04,2,Leiknir R.,Fjölnir,2,0,287,0.07175
2025-07-04,2,Leiknir R.,Fjölnir,2,1,360,0.09
2025-07-04,2,Leiknir R.,Fjölnir,2,2,219,0.05475
2025-07-04,2,Leiknir R.,Fjölnir,2,3,90,0.0225
2025-07-04,2,Leiknir R.,Fjölnir,2,4,37,0.00925
2025-07-04,2,Leiknir R.,Fjölnir,2,5,16,0.004
2025-07-04,2,Leiknir R.,Fjölnir,3,0,161,0.04025
2025-07-04,2,Leiknir R.,Fjölnir,3,1,191,0.04775
2025-07-04,2,Leiknir R.,Fjölnir,3,2,152,0.038
2025-07-04,2,Leiknir R.,Fjölnir,3,3,49,0.01225
2025-07-04,2,Leiknir R.,Fjölnir,3,4,25,0.00625
2025-07-04,2,Leiknir R.,Fjölnir,3,5,5,0.00125
2025-07-04,2,Leiknir R.,Fjölnir,3,6,1,2.5e-4
2025-07-04,2,Leiknir R.,Fjölnir,4,0,102,0.0255
2025-07-04,2,Leiknir R.,Fjölnir,4,1,96,0.024
2025-07-04,2,Leiknir R.,Fjölnir,4,2,58,0.0145
2025-07-04,2,Leiknir R.,Fjölnir,4,3,28,0.007
2025-07-04,2,Leiknir R.,Fjölnir,4,4,15,0.00375
2025-07-04,2,Leiknir R.,Fjölnir,4,5,7,0.00175
2025-07-04,2,Leiknir R.,Fjölnir,5,0,34,0.0085
2025-07-04,2,Leiknir R.,Fjölnir,5,1,45,0.01125
2025-07-04,2,Leiknir R.,Fjölnir,5,2,31,0.00775
2025-07-04,2,Leiknir R.,Fjölnir,5,3,12,0.003
2025-07-04,2,Leiknir R.,Fjölnir,5,4,2,5e-4
2025-07-04,2,Leiknir R.,Fjölnir,5,5,1,2.5e-4
2025-07-04,2,Leiknir R.,Fjölnir,6,0,13,0.00325
2025-07-04,2,Leiknir R.,Fjölnir,6,1,16,0.004
2025-07-04,2,Leiknir R.,Fjölnir,6,2,9,0.00225
2025-07-04,2,Leiknir R.,Fjölnir,6,3,5,0.00125
2025-07-04,2,Leiknir R.,Fjölnir,6,4,1,2.5e-4
2025-07-04,2,Leiknir R.,Fjölnir,7,0,8,0.002
2025-07-04,2,Leiknir R.,Fjölnir,7,1,5,0.00125
2025-07-04,2,Leiknir R.,Fjölnir,7,2,5,0.00125
2025-07-04,2,Leiknir R.,Fjölnir,8,0,1,2.5e-4
2025-07-04,2,Leiknir R.,Fjölnir,8,1,1,2.5e-4
2025-07-04,2,Leiknir R.,Fjölnir,8,2,2,5e-4
2025-07-04,2,Leiknir R.,Fjölnir,9,0,1,2.5e-4
2025-07-04,2,Leiknir R.,Fjölnir,9,1,1,2.5e-4
2025-07-04,2,Leiknir R.,Fjölnir,12,0,1,2.5e-4
2025-07-04,3,Haukar,Kári,0,0,32,0.008
2025-07-04,3,Haukar,Kári,0,1,50,0.0125
2025-07-04,3,Haukar,Kári,0,2,67,0.01675
2025-07-04,3,Haukar,Kári,0,3,53,0.01325
2025-07-04,3,Haukar,Kári,0,4,29,0.00725
2025-07-04,3,Haukar,Kári,0,5,16,0.004
2025-07-04,3,Haukar,Kári,0,6,7,0.00175
2025-07-04,3,Haukar,Kári,0,7,3,7.5e-4
2025-07-04,3,Haukar,Kári,1,0,50,0.0125
2025-07-04,3,Haukar,Kári,1,1,159,0.03975
2025-07-04,3,Haukar,Kári,1,2,170,0.0425
2025-07-04,3,Haukar,Kári,1,3,127,0.03175
2025-07-04,3,Haukar,Kári,1,4,75,0.01875
2025-07-04,3,Haukar,Kári,1,5,41,0.01025
2025-07-04,3,Haukar,Kári,1,6,18,0.0045
2025-07-04,3,Haukar,Kári,1,7,7,0.00175
2025-07-04,3,Haukar,Kári,1,8,3,7.5e-4
2025-07-04,3,Haukar,Kári,1,10,1,2.5e-4
2025-07-04,3,Haukar,Kári,2,0,87,0.02175
2025-07-04,3,Haukar,Kári,2,1,187,0.04675
2025-07-04,3,Haukar,Kári,2,2,225,0.05625
2025-07-04,3,Haukar,Kári,2,3,175,0.04375
2025-07-04,3,Haukar,Kári,2,4,121,0.03025
2025-07-04,3,Haukar,Kári,2,5,69,0.01725
2025-07-04,3,Haukar,Kári,2,6,19,0.00475
2025-07-04,3,Haukar,Kári,2,7,10,0.0025
2025-07-04,3,Haukar,Kári,2,8,6,0.0015
2025-07-04,3,Haukar,Kári,2,9,2,5e-4
2025-07-04,3,Haukar,Kári,3,0,65,0.01625
2025-07-04,3,Haukar,Kári,3,1,147,0.03675
2025-07-04,3,Haukar,Kári,3,2,201,0.05025
2025-07-04,3,Haukar,Kári,3,3,170,0.0425
2025-07-04,3,Haukar,Kári,3,4,105,0.02625
2025-07-04,3,Haukar,Kári,3,5,58,0.0145
2025-07-04,3,Haukar,Kári,3,6,36,0.009
2025-07-04,3,Haukar,Kári,3,7,11,0.00275
2025-07-04,3,Haukar,Kári,3,8,5,0.00125
2025-07-04,3,Haukar,Kári,3,9,1,2.5e-4
2025-07-04,3,Haukar,Kári,3,10,5,0.00125
2025-07-04,3,Haukar,Kári,4,0,54,0.0135
2025-07-04,3,Haukar,Kári,4,1,131,0.03275
2025-07-04,3,Haukar,Kári,4,2,137,0.03425
2025-07-04,3,Haukar,Kári,4,3,112,0.028
2025-07-04,3,Haukar,Kári,4,4,86,0.0215
2025-07-04,3,Haukar,Kári,4,5,47,0.01175
2025-07-04,3,Haukar,Kári,4,6,26,0.0065
2025-07-04,3,Haukar,Kári,4,7,6,0.0015
2025-07-04,3,Haukar,Kári,4,8,10,0.0025
2025-07-04,3,Haukar,Kári,4,9,1,2.5e-4
2025-07-04,3,Haukar,Kári,4,10,2,5e-4
2025-07-04,3,Haukar,Kári,4,11,1,2.5e-4
2025-07-04,3,Haukar,Kári,5,0,39,0.00975
2025-07-04,3,Haukar,Kári,5,1,76,0.019
2025-07-04,3,Haukar,Kári,5,2,89,0.02225
2025-07-04,3,Haukar,Kári,5,3,78,0.0195
2025-07-04,3,Haukar,Kári,5,4,51,0.01275
2025-07-04,3,Haukar,Kári,5,5,25,0.00625
2025-07-04,3,Haukar,Kári,5,6,14,0.0035
2025-07-04,3,Haukar,Kári,5,7,7,0.00175
2025-07-04,3,Haukar,Kári,5,8,3,7.5e-4
2025-07-04,3,Haukar,Kári,6,0,11,0.00275
2025-07-04,3,Haukar,Kári,6,1,45,0.01125
2025-07-04,3,Haukar,Kári,6,2,48,0.012
2025-07-04,3,Haukar,Kári,6,3,43,0.01075
2025-07-04,3,Haukar,Kári,6,4,36,0.009
2025-07-04,3,Haukar,Kári,6,5,15,0.00375
2025-07-04,3,Haukar,Kári,6,6,8,0.002
2025-07-04,3,Haukar,Kári,6,7,3,7.5e-4
2025-07-04,3,Haukar,Kári,6,8,3,7.5e-4
2025-07-04,3,Haukar,Kári,7,0,6,0.0015
2025-07-04,3,Haukar,Kári,7,1,21,0.00525
2025-07-04,3,Haukar,Kári,7,2,16,0.004
2025-07-04,3,Haukar,Kári,7,3,11,0.00275
2025-07-04,3,Haukar,Kári,7,4,14,0.0035
2025-07-04,3,Haukar,Kári,7,5,13,0.00325
2025-07-04,3,Haukar,Kári,7,6,2,5e-4
2025-07-04,3,Haukar,Kári,7,7,1,2.5e-4
2025-07-04,3,Haukar,Kári,7,8,1,2.5e-4
2025-07-04,3,Haukar,Kári,8,0,6,0.0015
2025-07-04,3,Haukar,Kári,8,1,12,0.003
2025-07-04,3,Haukar,Kári,8,2,21,0.00525
2025-07-04,3,Haukar,Kári,8,3,10,0.0025
2025-07-04,3,Haukar,Kári,8,4,3,7.5e-4
2025-07-04,3,Haukar,Kári,8,5,5,0.00125
2025-07-04,3,Haukar,Kári,8,6,3,7.5e-4
2025-07-04,3,Haukar,Kári,8,7,1,2.5e-4
2025-07-04,3,Haukar,Kári,9,0,3,7.5e-4
2025-07-04,3,Haukar,Kári,9,1,5,0.00125
2025-07-04,3,Haukar,Kári,9,2,1,2.5e-4
2025-07-04,3,Haukar,Kári,9,3,6,0.0015
2025-07-04,3,Haukar,Kári,9,5,3,7.5e-4
2025-07-04,3,Haukar,Kári,9,6,1,2.5e-4
2025-07-04,3,Haukar,Kári,9,8,1,2.5e-4
2025-07-04,3,Haukar,Kári,10,0,1,2.5e-4
2025-07-04,3,Haukar,Kári,10,1,2,5e-4
2025-07-04,3,Haukar,Kári,10,5,1,2.5e-4
2025-07-04,3,Haukar,Kári,10,10,2,5e-4
2025-07-04,3,Haukar,Kári,11,2,3,7.5e-4
2025-07-04,3,Haukar,Kári,11,3,2,5e-4
2025-07-04,3,Haukar,Kári,12,1,1,2.5e-4
2025-07-04,3,Haukar,Kári,12,5,1,2.5e-4
2025-07-04,3,Haukar,Kári,14,5,1,2.5e-4
2025-07-04,3,Ægir,Víðir,0,0,117,0.02925
2025-07-04,3,Ægir,Víðir,0,1,152,0.038
2025-07-04,3,Ægir,Víðir,0,2,169,0.04225
2025-07-04,3,Ægir,Víðir,0,3,98,0.0245
2025-07-04,3,Ægir,Víðir,0,4,54,0.0135
2025-07-04,3,Ægir,Víðir,0,5,21,0.00525
2025-07-04,3,Ægir,Víðir,0,6,5,0.00125
2025-07-04,3,Ægir,Víðir,0,7,3,7.5e-4
2025-07-04,3,Ægir,Víðir,1,0,178,0.0445
2025-07-04,3,Ægir,Víðir,1,1,332,0.083
2025-07-04,3,Ægir,Víðir,1,2,275,0.06875
2025-07-04,3,Ægir,Víðir,1,3,186,0.0465
2025-07-04,3,Ægir,Víðir,1,4,73,0.01825
2025-07-04,3,Ægir,Víðir,1,5,46,0.0115
2025-07-04,3,Ægir,Víðir,1,6,9,0.00225
2025-07-04,3,Ægir,Víðir,1,7,6,0.0015
2025-07-04,3,Ægir,Víðir,1,8,1,2.5e-4
2025-07-04,3,Ægir,Víðir,2,0,171,0.04275
2025-07-04,3,Ægir,Víðir,2,1,272,0.068
2025-07-04,3,Ægir,Víðir,2,2,263,0.06575
2025-07-04,3,Ægir,Víðir,2,3,176,0.044
2025-07-04,3,Ægir,Víðir,2,4,94,0.0235
2025-07-04,3,Ægir,Víðir,2,5,43,0.01075
2025-07-04,3,Ægir,Víðir,2,6,20,0.005
2025-07-04,3,Ægir,Víðir,2,7,5,0.00125
2025-07-04,3,Ægir,Víðir,2,9,1,2.5e-4
2025-07-04,3,Ægir,Víðir,3,0,94,0.0235
2025-07-04,3,Ægir,Víðir,3,1,177,0.04425
2025-07-04,3,Ægir,Víðir,3,2,159,0.03975
2025-07-04,3,Ægir,Víðir,3,3,130,0.0325
2025-07-04,3,Ægir,Víðir,3,4,69,0.01725
2025-07-04,3,Ægir,Víðir,3,5,31,0.00775
2025-07-04,3,Ægir,Víðir,3,6,10,0.0025
2025-07-04,3,Ægir,Víðir,3,7,1,2.5e-4
2025-07-04,3,Ægir,Víðir,3,8,1,2.5e-4
2025-07-04,3,Ægir,Víðir,4,0,45,0.01125
2025-07-04,3,Ægir,Víðir,4,1,89,0.02225
2025-07-04,3,Ægir,Víðir,4,2,90,0.0225
2025-07-04,3,Ægir,Víðir,4,3,67,0.01675
2025-07-04,3,Ægir,Víðir,4,4,27,0.00675
2025-07-04,3,Ægir,Víðir,4,5,14,0.0035
2025-07-04,3,Ægir,Víðir,4,6,5,0.00125
2025-07-04,3,Ægir,Víðir,4,7,1,2.5e-4
2025-07-04,3,Ægir,Víðir,5,0,27,0.00675
2025-07-04,3,Ægir,Víðir,5,1,29,0.00725
2025-07-04,3,Ægir,Víðir,5,2,30,0.0075
2025-07-04,3,Ægir,Víðir,5,3,22,0.0055
2025-07-04,3,Ægir,Víðir,5,4,20,0.005
2025-07-04,3,Ægir,Víðir,5,5,7,0.00175
2025-07-04,3,Ægir,Víðir,5,6,1,2.5e-4
2025-07-04,3,Ægir,Víðir,5,7,1,2.5e-4
2025-07-04,3,Ægir,Víðir,6,0,7,0.00175
2025-07-04,3,Ægir,Víðir,6,1,17,0.00425
2025-07-04,3,Ægir,Víðir,6,2,18,0.0045
2025-07-04,3,Ægir,Víðir,6,3,8,0.002
2025-07-04,3,Ægir,Víðir,6,4,4,0.001
2025-07-04,3,Ægir,Víðir,6,5,3,7.5e-4
2025-07-04,3,Ægir,Víðir,6,6,1,2.5e-4
2025-07-04,3,Ægir,Víðir,7,0,1,2.5e-4
2025-07-04,3,Ægir,Víðir,7,1,6,0.0015
2025-07-04,3,Ægir,Víðir,7,2,2,5e-4
2025-07-04,3,Ægir,Víðir,7,3,5,0.00125
2025-07-04,3,Ægir,Víðir,7,4,1,2.5e-4
2025-07-04,3,Ægir,Víðir,8,1,2,5e-4
2025-07-04,3,Ægir,Víðir,8,2,3,7.5e-4
2025-07-04,3,Ægir,Víðir,8,4,1,2.5e-4
2025-07-04,3,Ægir,Víðir,8,5,1,2.5e-4
2025-07-04,3,Ægir,Víðir,9,3,1,2.5e-4
2025-07-04,3,Ægir,Víðir,9,6,1,2.5e-4
2025-07-04,3,Ægir,Víðir,10,1,1,2.5e-4
2025-07-04,3,Þróttur V.,Grótta,0,0,316,0.079
2025-07-04,3,Þróttur V.,Grótta,0,1,341,0.08525
2025-07-04,3,Þróttur V.,Grótta,0,2,219,0.05475
2025-07-04,3,Þróttur V.,Grótta,0,3,86,0.0215
2025-07-04,3,Þróttur V.,Grótta,0,4,27,0.00675
2025-07-04,3,Þróttur V.,Grótta,0,5,6,0.0015
2025-07-04,3,Þróttur V.,Grótta,0,6,1,2.5e-4
2025-07-04,3,Þróttur V.,Grótta,1,0,392,0.098
2025-07-04,3,Þróttur V.,Grótta,1,1,482,0.1205
2025-07-04,3,Þróttur V.,Grótta,1,2,298,0.0745
2025-07-04,3,Þróttur V.,Grótta,1,3,128,0.032
2025-07-04,3,Þróttur V.,Grótta,1,4,37,0.00925
2025-07-04,3,Þróttur V.,Grótta,1,5,10,0.0025
2025-07-04,3,Þróttur V.,Grótta,1,6,2,5e-4
2025-07-04,3,Þróttur V.,Grótta,2,0,283,0.07075
2025-07-04,3,Þróttur V.,Grótta,2,1,325,0.08125
2025-07-04,3,Þróttur V.,Grótta,2,2,211,0.05275
2025-07-04,3,Þróttur V.,Grótta,2,3,84,0.021
2025-07-04,3,Þróttur V.,Grótta,2,4,27,0.00675
2025-07-04,3,Þróttur V.,Grótta,2,5,10,0.0025
2025-07-04,3,Þróttur V.,Grótta,2,6,4,0.001
2025-07-04,3,Þróttur V.,Grótta,2,7,1,2.5e-4
2025-07-04,3,Þróttur V.,Grótta,3,0,117,0.02925
2025-07-04,3,Þróttur V.,Grótta,3,1,170,0.0425
2025-07-04,3,Þróttur V.,Grótta,3,2,95,0.02375
2025-07-04,3,Þróttur V.,Grótta,3,3,47,0.01175
2025-07-04,3,Þróttur V.,Grótta,3,4,12,0.003
2025-07-04,3,Þróttur V.,Grótta,3,5,3,7.5e-4
2025-07-04,3,Þróttur V.,Grótta,3,6,1,2.5e-4
2025-07-04,3,Þróttur V.,Grótta,4,0,49,0.01225
2025-07-04,3,Þróttur V.,Grótta,4,1,69,0.01725
2025-07-04,3,Þróttur V.,Grótta,4,2,45,0.01125
2025-07-04,3,Þróttur V.,Grótta,4,3,18,0.0045
2025-07-04,3,Þróttur V.,Grótta,4,4,7,0.00175
2025-07-04,3,Þróttur V.,Grótta,4,5,2,5e-4
2025-07-04,3,Þróttur V.,Grótta,4,6,1,2.5e-4
2025-07-04,3,Þróttur V.,Grótta,4,7,1,2.5e-4
2025-07-04,3,Þróttur V.,Grótta,5,0,7,0.00175
2025-07-04,3,Þróttur V.,Grótta,5,1,23,0.00575
2025-07-04,3,Þróttur V.,Grótta,5,2,14,0.0035
2025-07-04,3,Þróttur V.,Grótta,5,3,3,7.5e-4
2025-07-04,3,Þróttur V.,Grótta,5,5,2,5e-4
2025-07-04,3,Þróttur V.,Grótta,5,6,1,2.5e-4
2025-07-04,3,Þróttur V.,Grótta,6,0,4,0.001
2025-07-04,3,Þróttur V.,Grótta,6,1,7,0.00175
2025-07-04,3,Þróttur V.,Grótta,6,2,3,7.5e-4
2025-07-04,3,Þróttur V.,Grótta,6,3,5,0.00125
2025-07-04,3,Þróttur V.,Grótta,6,8,1,2.5e-4
2025-07-04,3,Þróttur V.,Grótta,7,0,1,2.5e-4
2025-07-04,3,Þróttur V.,Grótta,7,4,1,2.5e-4
2025-07-04,3,Þróttur V.,Grótta,8,1,1,2.5e-4
2025-07-04,4,KFK,Tindastóll,0,0,220,0.055
2025-07-04,4,KFK,Tindastóll,0,1,339,0.08475
2025-07-04,4,KFK,Tindastóll,0,2,298,0.0745
2025-07-04,4,KFK,Tindastóll,0,3,202,0.0505
2025-07-04,4,KFK,Tindastóll,0,4,115,0.02875
2025-07-04,4,KFK,Tindastóll,0,5,40,0.01
2025-07-04,4,KFK,Tindastóll,0,6,9,0.00225
2025-07-04,4,KFK,Tindastóll,0,7,6,0.0015
2025-07-04,4,KFK,Tindastóll,0,9,1,2.5e-4
2025-07-04,4,KFK,Tindastóll,1,0,220,0.055
2025-07-04,4,KFK,Tindastóll,1,1,408,0.102
2025-07-04,4,KFK,Tindastóll,1,2,382,0.0955
2025-07-04,4,KFK,Tindastóll,1,3,247,0.06175
2025-07-04,4,KFK,Tindastóll,1,4,128,0.032
2025-07-04,4,KFK,Tindastóll,1,5,50,0.0125
2025-07-04,4,KFK,Tindastóll,1,6,21,0.00525
2025-07-04,4,KFK,Tindastóll,1,7,8,0.002
2025-07-04,4,KFK,Tindastóll,1,8,3,7.5e-4
2025-07-04,4,KFK,Tindastóll,2,0,131,0.03275
2025-07-04,4,KFK,Tindastóll,2,1,204,0.051
2025-07-04,4,KFK,Tindastóll,2,2,222,0.0555
2025-07-04,4,KFK,Tindastóll,2,3,145,0.03625
2025-07-04,4,KFK,Tindastóll,2,4,67,0.01675
2025-07-04,4,KFK,Tindastóll,2,5,46,0.0115
2025-07-04,4,KFK,Tindastóll,2,6,20,0.005
2025-07-04,4,KFK,Tindastóll,2,7,5,0.00125
2025-07-04,4,KFK,Tindastóll,2,8,2,5e-4
2025-07-04,4,KFK,Tindastóll,2,9,2,5e-4
2025-07-04,4,KFK,Tindastóll,3,0,54,0.0135
2025-07-04,4,KFK,Tindastóll,3,1,94,0.0235
2025-07-04,4,KFK,Tindastóll,3,2,84,0.021
2025-07-04,4,KFK,Tindastóll,3,3,42,0.0105
2025-07-04,4,KFK,Tindastóll,3,4,31,0.00775
2025-07-04,4,KFK,Tindastóll,3,5,10,0.0025
2025-07-04,4,KFK,Tindastóll,3,6,3,7.5e-4
2025-07-04,4,KFK,Tindastóll,3,7,3,7.5e-4
2025-07-04,4,KFK,Tindastóll,3,8,1,2.5e-4
2025-07-04,4,KFK,Tindastóll,3,10,1,2.5e-4
2025-07-04,4,KFK,Tindastóll,4,0,8,0.002
2025-07-04,4,KFK,Tindastóll,4,1,27,0.00675
2025-07-04,4,KFK,Tindastóll,4,2,28,0.007
2025-07-04,4,KFK,Tindastóll,4,3,18,0.0045
2025-07-04,4,KFK,Tindastóll,4,4,10,0.0025
2025-07-04,4,KFK,Tindastóll,4,5,6,0.0015
2025-07-04,4,KFK,Tindastóll,4,6,1,2.5e-4
2025-07-04,4,KFK,Tindastóll,5,0,8,0.002
2025-07-04,4,KFK,Tindastóll,5,1,5,0.00125
2025-07-04,4,KFK,Tindastóll,5,2,6,0.0015
2025-07-04,4,KFK,Tindastóll,5,3,1,2.5e-4
2025-07-04,4,KFK,Tindastóll,5,4,2,5e-4
2025-07-04,4,KFK,Tindastóll,5,5,2,5e-4
2025-07-04,4,KFK,Tindastóll,6,0,3,7.5e-4
2025-07-04,4,KFK,Tindastóll,6,1,1,2.5e-4
2025-07-04,4,KFK,Tindastóll,6,2,4,0.001
2025-07-04,4,KFK,Tindastóll,6,3,2,5e-4
2025-07-04,4,KFK,Tindastóll,7,0,1,2.5e-4
2025-07-04,4,KFK,Tindastóll,7,1,2,5e-4
2025-07-04,4,KFK,Tindastóll,8,1,1,2.5e-4
2025-07-04,4,ÍH,Ýmir,0,0,144,0.036
2025-07-04,4,ÍH,Ýmir,0,1,285,0.07125
2025-07-04,4,ÍH,Ýmir,0,2,220,0.055
2025-07-04,4,ÍH,Ýmir,0,3,169,0.04225
2025-07-04,4,ÍH,Ýmir,0,4,120,0.03
2025-07-04,4,ÍH,Ýmir,0,5,46,0.0115
2025-07-04,4,ÍH,Ýmir,0,6,16,0.004
2025-07-04,4,ÍH,Ýmir,0,7,6,0.0015
2025-07-04,4,ÍH,Ýmir,0,8,6,0.0015
2025-07-04,4,ÍH,Ýmir,1,0,186,0.0465
2025-07-04,4,ÍH,Ýmir,1,1,348,0.087
2025-07-04,4,ÍH,Ýmir,1,2,306,0.0765
2025-07-04,4,ÍH,Ýmir,1,3,226,0.0565
2025-07-04,4,ÍH,Ýmir,1,4,113,0.02825
2025-07-04,4,ÍH,Ýmir,1,5,63,0.01575
2025-07-04,4,ÍH,Ýmir,1,6,31,0.00775
2025-07-04,4,ÍH,Ýmir,1,7,8,0.002
2025-07-04,4,ÍH,Ýmir,1,9,2,5e-4
2025-07-04,4,ÍH,Ýmir,2,0,138,0.0345
2025-07-04,4,ÍH,Ýmir,2,1,237,0.05925
2025-07-04,4,ÍH,Ýmir,2,2,245,0.06125
2025-07-04,4,ÍH,Ýmir,2,3,172,0.043
2025-07-04,4,ÍH,Ýmir,2,4,85,0.02125
2025-07-04,4,ÍH,Ýmir,2,5,43,0.01075
2025-07-04,4,ÍH,Ýmir,2,6,20,0.005
2025-07-04,4,ÍH,Ýmir,2,7,10,0.0025
2025-07-04,4,ÍH,Ýmir,2,10,1,2.5e-4
2025-07-04,4,ÍH,Ýmir,3,0,63,0.01575
2025-07-04,4,ÍH,Ýmir,3,1,135,0.03375
2025-07-04,4,ÍH,Ýmir,3,2,134,0.0335
2025-07-04,4,ÍH,Ýmir,3,3,97,0.02425
2025-07-04,4,ÍH,Ýmir,3,4,43,0.01075
2025-07-04,4,ÍH,Ýmir,3,5,15,0.00375
2025-07-04,4,ÍH,Ýmir,3,6,3,7.5e-4
2025-07-04,4,ÍH,Ýmir,3,7,6,0.0015
2025-07-04,4,ÍH,Ýmir,4,0,15,0.00375
2025-07-04,4,ÍH,Ýmir,4,1,40,0.01
2025-07-04,4,ÍH,Ýmir,4,2,54,0.0135
2025-07-04,4,ÍH,Ýmir,4,3,30,0.0075
2025-07-04,4,ÍH,Ýmir,4,4,16,0.004
2025-07-04,4,ÍH,Ýmir,4,5,16,0.004
2025-07-04,4,ÍH,Ýmir,4,6,2,5e-4
2025-07-04,4,ÍH,Ýmir,4,7,1,2.5e-4
2025-07-04,4,ÍH,Ýmir,4,8,1,2.5e-4
2025-07-04,4,ÍH,Ýmir,5,0,8,0.002
2025-07-04,4,ÍH,Ýmir,5,1,18,0.0045
2025-07-04,4,ÍH,Ýmir,5,2,21,0.00525
2025-07-04,4,ÍH,Ýmir,5,3,3,7.5e-4
2025-07-04,4,ÍH,Ýmir,5,4,7,0.00175
2025-07-04,4,ÍH,Ýmir,5,5,1,2.5e-4
2025-07-04,4,ÍH,Ýmir,6,0,3,7.5e-4
2025-07-04,4,ÍH,Ýmir,6,1,3,7.5e-4
2025-07-04,4,ÍH,Ýmir,6,2,3,7.5e-4
2025-07-04,4,ÍH,Ýmir,6,3,4,0.001
2025-07-04,4,ÍH,Ýmir,6,4,4,0.001
2025-07-04,4,ÍH,Ýmir,7,0,2,5e-4
2025-07-04,4,ÍH,Ýmir,7,1,3,7.5e-4
2025-07-04,4,ÍH,Ýmir,7,5,1,2.5e-4
2025-07-04,4,ÍH,Ýmir,7,6,1,2.5e-4
2025-07-04,4,ÍH,Ýmir,8,0,1,2.5e-4
2025-07-04,5,Hamar,Hafnir,0,0,278,0.0695
2025-07-04,5,Hamar,Hafnir,0,1,381,0.09525
2025-07-04,5,Hamar,Hafnir,0,2,310,0.0775
2025-07-04,5,Hamar,Hafnir,0,3,184,0.046
2025-07-04,5,Hamar,Hafnir,0,4,89,0.02225
2025-07-04,5,Hamar,Hafnir,0,5,22,0.0055
2025-07-04,5,Hamar,Hafnir,0,6,8,0.002
2025-07-04,5,Hamar,Hafnir,0,7,2,5e-4
2025-07-04,5,Hamar,Hafnir,1,0,265,0.06625
2025-07-04,5,Hamar,Hafnir,1,1,456,0.114
2025-07-04,5,Hamar,Hafnir,1,2,320,0.08
2025-07-04,5,Hamar,Hafnir,1,3,213,0.05325
2025-07-04,5,Hamar,Hafnir,1,4,115,0.02875
2025-07-04,5,Hamar,Hafnir,1,5,34,0.0085
2025-07-04,5,Hamar,Hafnir,1,6,7,0.00175
2025-07-04,5,Hamar,Hafnir,1,7,2,5e-4
2025-07-04,5,Hamar,Hafnir,2,0,168,0.042
2025-07-04,5,Hamar,Hafnir,2,1,246,0.0615
2025-07-04,5,Hamar,Hafnir,2,2,202,0.0505
2025-07-04,5,Hamar,Hafnir,2,3,129,0.03225
2025-07-04,5,Hamar,Hafnir,2,4,51,0.01275
2025-07-04,5,Hamar,Hafnir,2,5,17,0.00425
2025-07-04,5,Hamar,Hafnir,2,6,10,0.0025
2025-07-04,5,Hamar,Hafnir,2,7,1,2.5e-4
2025-07-04,5,Hamar,Hafnir,3,0,61,0.01525
2025-07-04,5,Hamar,Hafnir,3,1,94,0.0235
2025-07-04,5,Hamar,Hafnir,3,2,108,0.027
2025-07-04,5,Hamar,Hafnir,3,3,47,0.01175
2025-07-04,5,Hamar,Hafnir,3,4,21,0.00525
2025-07-04,5,Hamar,Hafnir,3,5,2,5e-4
2025-07-04,5,Hamar,Hafnir,3,6,1,2.5e-4
2025-07-04,5,Hamar,Hafnir,3,7,1,2.5e-4
2025-07-04,5,Hamar,Hafnir,3,8,1,2.5e-4
2025-07-04,5,Hamar,Hafnir,4,0,21,0.00525
2025-07-04,5,Hamar,Hafnir,4,1,28,0.007
2025-07-04,5,Hamar,Hafnir,4,2,22,0.0055
2025-07-04,5,Hamar,Hafnir,4,3,18,0.0045
2025-07-04,5,Hamar,Hafnir,4,4,8,0.002
2025-07-04,5,Hamar,Hafnir,4,5,5,0.00125
2025-07-04,5,Hamar,Hafnir,4,6,4,0.001
2025-07-04,5,Hamar,Hafnir,5,0,4,0.001
2025-07-04,5,Hamar,Hafnir,5,1,17,0.00425
2025-07-04,5,Hamar,Hafnir,5,2,6,0.0015
2025-07-04,5,Hamar,Hafnir,5,3,5,0.00125
2025-07-04,5,Hamar,Hafnir,5,4,2,5e-4
2025-07-04,5,Hamar,Hafnir,5,5,1,2.5e-4
2025-07-04,5,Hamar,Hafnir,6,0,1,2.5e-4
2025-07-04,5,Hamar,Hafnir,6,1,5,0.00125
2025-07-04,5,Hamar,Hafnir,6,2,3,7.5e-4
2025-07-04,5,Hamar,Hafnir,6,3,1,2.5e-4
2025-07-04,5,Hamar,Hafnir,6,5,1,2.5e-4
2025-07-04,5,Hamar,Hafnir,7,0,1,2.5e-4
2025-07-04,5,Hamar,Hafnir,8,2,1,2.5e-4
2025-07-04,5,KH,Kría,0,0,180,0.045
2025-07-04,5,KH,Kría,0,1,222,0.0555
2025-07-04,5,KH,Kría,0,2,154,0.0385
2025-07-04,5,KH,Kría,0,3,64,0.016
2025-07-04,5,KH,Kría,0,4,25,0.00625
2025-07-04,5,KH,Kría,0,5,7,0.00175
2025-07-04,5,KH,Kría,0,6,4,0.001
2025-07-04,5,KH,Kría,1,0,266,0.0665
2025-07-04,5,KH,Kría,1,1,378,0.0945
2025-07-04,5,KH,Kría,1,2,287,0.07175
2025-07-04,5,KH,Kría,1,3,130,0.0325
2025-07-04,5,KH,Kría,1,4,59,0.01475
2025-07-04,5,KH,Kría,1,5,16,0.004
2025-07-04,5,KH,Kría,1,6,9,0.00225
2025-07-04,5,KH,Kría,1,7,2,5e-4
2025-07-04,5,KH,Kría,1,8,1,2.5e-4
2025-07-04,5,KH,Kría,2,0,247,0.06175
2025-07-04,5,KH,Kría,2,1,340,0.085
2025-07-04,5,KH,Kría,2,2,255,0.06375
2025-07-04,5,KH,Kría,2,3,142,0.0355
2025-07-04,5,KH,Kría,2,4,49,0.01225
2025-07-04,5,KH,Kría,2,5,15,0.00375
2025-07-04,5,KH,Kría,2,6,6,0.0015
2025-07-04,5,KH,Kría,2,7,1,2.5e-4
2025-07-04,5,KH,Kría,3,0,126,0.0315
2025-07-04,5,KH,Kría,3,1,188,0.047
2025-07-04,5,KH,Kría,3,2,165,0.04125
2025-07-04,5,KH,Kría,3,3,75,0.01875
2025-07-04,5,KH,Kría,3,4,37,0.00925
2025-07-04,5,KH,Kría,3,5,13,0.00325
2025-07-04,5,KH,Kría,3,6,2,5e-4
2025-07-04,5,KH,Kría,3,7,2,5e-4
2025-07-04,5,KH,Kría,4,0,82,0.0205
2025-07-04,5,KH,Kría,4,1,105,0.02625
2025-07-04,5,KH,Kría,4,2,79,0.01975
2025-07-04,5,KH,Kría,4,3,46,0.0115
2025-07-04,5,KH,Kría,4,4,14,0.0035
2025-07-04,5,KH,Kría,4,5,6,0.0015
2025-07-04,5,KH,Kría,4,7,2,5e-4
2025-07-04,5,KH,Kría,5,0,25,0.00625
2025-07-04,5,KH,Kría,5,1,41,0.01025
2025-07-04,5,KH,Kría,5,2,27,0.00675
2025-07-04,5,KH,Kría,5,3,18,0.0045
2025-07-04,5,KH,Kría,5,4,11,0.00275
2025-07-04,5,KH,Kría,5,5,4,0.001
2025-07-04,5,KH,Kría,5,8,1,2.5e-4
2025-07-04,5,KH,Kría,6,0,18,0.0045
2025-07-04,5,KH,Kría,6,1,15,0.00375
2025-07-04,5,KH,Kría,6,2,15,0.00375
2025-07-04,5,KH,Kría,6,3,8,0.002
2025-07-04,5,KH,Kría,6,4,1,2.5e-4
2025-07-04,5,KH,Kría,7,0,3,7.5e-4
2025-07-04,5,KH,Kría,7,1,6,0.0015
2025-07-04,5,KH,Kría,7,2,2,5e-4
2025-07-04,5,KH,Kría,7,3,2,5e-4
2025-07-04,5,KH,Kría,8,1,1,2.5e-4
2025-07-04,5,KH,Kría,8,4,1,2.5e-4
2025-07-04,5,Vængir Júpiters,KÁ,0,0,17,0.00425
2025-07-04,5,Vængir Júpiters,KÁ,0,1,20,0.005
2025-07-04,5,Vængir Júpiters,KÁ,0,2,13,0.00325
2025-07-04,5,Vængir Júpiters,KÁ,0,3,6,0.0015
2025-07-04,5,Vængir Júpiters,KÁ,0,4,2,5e-4
2025-07-04,5,Vængir Júpiters,KÁ,0,5,2,5e-4
2025-07-04,5,Vængir Júpiters,KÁ,0,6,2,5e-4
2025-07-04,5,Vængir Júpiters,KÁ,1,0,55,0.01375
2025-07-04,5,Vængir Júpiters,KÁ,1,1,72,0.018
2025-07-04,5,Vængir Júpiters,KÁ,1,2,64,0.016
2025-07-04,5,Vængir Júpiters,KÁ,1,3,38,0.0095
2025-07-04,5,Vængir Júpiters,KÁ,1,4,4,0.001
2025-07-04,5,Vængir Júpiters,KÁ,1,5,5,0.00125
2025-07-04,5,Vængir Júpiters,KÁ,1,6,3,7.5e-4
2025-07-04,5,Vængir Júpiters,KÁ,2,0,104,0.026
2025-07-04,5,Vængir Júpiters,KÁ,2,1,113,0.02825
2025-07-04,5,Vængir Júpiters,KÁ,2,2,116,0.029
2025-07-04,5,Vængir Júpiters,KÁ,2,3,67,0.01675
2025-07-04,5,Vængir Júpiters,KÁ,2,4,18,0.0045
2025-07-04,5,Vængir Júpiters,KÁ,2,5,16,0.004
2025-07-04,5,Vængir Júpiters,KÁ,2,6,1,2.5e-4
2025-07-04,5,Vængir Júpiters,KÁ,3,0,131,0.03275
2025-07-04,5,Vængir Júpiters,KÁ,3,1,198,0.0495
2025-07-04,5,Vængir Júpiters,KÁ,3,2,153,0.03825
2025-07-04,5,Vængir Júpiters,KÁ,3,3,84,0.021
2025-07-04,5,Vængir Júpiters,KÁ,3,4,38,0.0095
2025-07-04,5,Vængir Júpiters,KÁ,3,5,5,0.00125
2025-07-04,5,Vængir Júpiters,KÁ,3,6,7,0.00175
2025-07-04,5,Vængir Júpiters,KÁ,3,9,1,2.5e-4
2025-07-04,5,Vængir Júpiters,KÁ,4,0,162,0.0405
2025-07-04,5,Vængir Júpiters,KÁ,4,1,195,0.04875
2025-07-04,5,Vængir Júpiters,KÁ,4,2,173,0.04325
2025-07-04,5,Vængir Júpiters,KÁ,4,3,94,0.0235
2025-07-04,5,Vængir Júpiters,KÁ,4,4,30,0.0075
2025-07-04,5,Vængir Júpiters,KÁ,4,5,28,0.007
2025-07-04,5,Vængir Júpiters,KÁ,4,6,3,7.5e-4
2025-07-04,5,Vængir Júpiters,KÁ,4,7,1,2.5e-4
2025-07-04,5,Vængir Júpiters,KÁ,4,8,1,2.5e-4
2025-07-04,5,Vængir Júpiters,KÁ,5,0,140,0.035
2025-07-04,5,Vængir Júpiters,KÁ,5,1,181,0.04525
2025-07-04,5,Vængir Júpiters,KÁ,5,2,148,0.037
2025-07-04,5,Vængir Júpiters,KÁ,5,3,85,0.02125
2025-07-04,5,Vængir Júpiters,KÁ,5,4,40,0.01
2025-07-04,5,Vængir Júpiters,KÁ,5,5,16,0.004
2025-07-04,5,Vængir Júpiters,KÁ,5,6,6,0.0015
2025-07-04,5,Vængir Júpiters,KÁ,5,7,3,7.5e-4
2025-07-04,5,Vængir Júpiters,KÁ,6,0,123,0.03075
2025-07-04,5,Vængir Júpiters,KÁ,6,1,140,0.035
2025-07-04,5,Vængir Júpiters,KÁ,6,2,131,0.03275
2025-07-04,5,Vængir Júpiters,KÁ,6,3,65,0.01625
2025-07-04,5,Vængir Júpiters,KÁ,6,4,31,0.00775
2025-07-04,5,Vængir Júpiters,KÁ,6,5,11,0.00275
2025-07-04,5,Vængir Júpiters,KÁ,6,6,8,0.002
2025-07-04,5,Vængir Júpiters,KÁ,7,0,76,0.019
2025-07-04,5,Vængir Júpiters,KÁ,7,1,105,0.02625
2025-07-04,5,Vængir Júpiters,KÁ,7,2,86,0.0215
2025-07-04,5,Vængir Júpiters,KÁ,7,3,48,0.012
2025-07-04,5,Vængir Júpiters,KÁ,7,4,16,0.004
2025-07-04,5,Vængir Júpiters,KÁ,7,5,7,0.00175
2025-07-04,5,Vængir Júpiters,KÁ,7,6,1,2.5e-4
2025-07-04,5,Vængir Júpiters,KÁ,8,0,52,0.013
2025-07-04,5,Vængir Júpiters,KÁ,8,1,65,0.01625
2025-07-04,5,Vængir Júpiters,KÁ,8,2,56,0.014
2025-07-04,5,Vængir Júpiters,KÁ,8,3,32,0.008
2025-07-04,5,Vængir Júpiters,KÁ,8,4,11,0.00275
2025-07-04,5,Vængir Júpiters,KÁ,8,5,3,7.5e-4
2025-07-04,5,Vængir Júpiters,KÁ,8,6,1,2.5e-4
2025-07-04,5,Vængir Júpiters,KÁ,9,0,28,0.007
2025-07-04,5,Vængir Júpiters,KÁ,9,1,39,0.00975
2025-07-04,5,Vængir Júpiters,KÁ,9,2,30,0.0075
2025-07-04,5,Vængir Júpiters,KÁ,9,3,12,0.003
2025-07-04,5,Vængir Júpiters,KÁ,9,4,14,0.0035
2025-07-04,5,Vængir Júpiters,KÁ,9,5,3,7.5e-4
2025-07-04,5,Vængir Júpiters,KÁ,10,0,13,0.00325
2025-07-04,5,Vængir Júpiters,KÁ,10,1,16,0.004
2025-07-04,5,Vængir Júpiters,KÁ,10,2,27,0.00675
2025-07-04,5,Vængir Júpiters,KÁ,10,3,6,0.0015
2025-07-04,5,Vængir Júpiters,KÁ,10,4,3,7.5e-4
2025-07-04,5,Vængir Júpiters,KÁ,10,5,1,2.5e-4
2025-07-04,5,Vængir Júpiters,KÁ,11,0,13,0.00325
2025-07-04,5,Vængir Júpiters,KÁ,11,1,13,0.00325
2025-07-04,5,Vængir Júpiters,KÁ,11,2,15,0.00375
2025-07-04,5,Vængir Júpiters,KÁ,11,3,7,0.00175
2025-07-04,5,Vængir Júpiters,KÁ,11,4,2,5e-4
2025-07-04,5,Vængir Júpiters,KÁ,11,8,1,2.5e-4
2025-07-04,5,Vængir Júpiters,KÁ,12,1,2,5e-4
2025-07-04,5,Vængir Júpiters,KÁ,12,2,4,0.001
2025-07-04,5,Vængir Júpiters,KÁ,12,3,2,5e-4
2025-07-04,5,Vængir Júpiters,KÁ,12,4,1,2.5e-4
2025-07-04,5,Vængir Júpiters,KÁ,13,1,4,0.001
2025-07-04,5,Vængir Júpiters,KÁ,13,2,3,7.5e-4
2025-07-04,5,Vængir Júpiters,KÁ,13,3,1,2.5e-4
2025-07-04,5,Vængir Júpiters,KÁ,13,6,1,2.5e-4
2025-07-04,5,Vængir Júpiters,KÁ,13,11,1,2.5e-4
2025-07-04,5,Vængir Júpiters,KÁ,14,0,3,7.5e-4
2025-07-04,5,Vængir Júpiters,KÁ,14,1,3,7.5e-4
2025-07-04,5,Vængir Júpiters,KÁ,14,2,1,2.5e-4
2025-07-04,5,Vængir Júpiters,KÁ,14,4,1,2.5e-4
2025-07-04,5,Vængir Júpiters,KÁ,15,4,1,2.5e-4
2025-07-04,5,Álftanes,Elliði,0,0,50,0.0125
2025-07-04,5,Álftanes,Elliði,0,1,58,0.0145
2025-07-04,5,Álftanes,Elliði,0,2,74,0.0185
2025-07-04,5,Álftanes,Elliði,0,3,49,0.01225
2025-07-04,5,Álftanes,Elliði,0,4,28,0.007
2025-07-04,5,Álftanes,Elliði,0,5,11,0.00275
2025-07-04,5,Álftanes,Elliði,0,6,1,2.5e-4
2025-07-04,5,Álftanes,Elliði,0,7,2,5e-4
2025-07-04,5,Álftanes,Elliði,1,0,75,0.01875
2025-07-04,5,Álftanes,Elliði,1,1,165,0.04125
2025-07-04,5,Álftanes,Elliði,1,2,170,0.0425
2025-07-04,5,Álftanes,Elliði,1,3,107,0.02675
2025-07-04,5,Álftanes,Elliði,1,4,69,0.01725
2025-07-04,5,Álftanes,Elliði,1,5,29,0.00725
2025-07-04,5,Álftanes,Elliði,1,6,14,0.0035
2025-07-04,5,Álftanes,Elliði,1,7,3,7.5e-4
2025-07-04,5,Álftanes,Elliði,1,8,3,7.5e-4
2025-07-04,5,Álftanes,Elliði,2,0,122,0.0305
2025-07-04,5,Álftanes,Elliði,2,1,257,0.06425
2025-07-04,5,Álftanes,Elliði,2,2,232,0.058
2025-07-04,5,Álftanes,Elliði,2,3,129,0.03225
2025-07-04,5,Álftanes,Elliði,2,4,85,0.02125
2025-07-04,5,Álftanes,Elliði,2,5,38,0.0095
2025-07-04,5,Álftanes,Elliði,2,6,20,0.005
2025-07-04,5,Álftanes,Elliði,2,7,6,0.0015
2025-07-04,5,Álftanes,Elliði,2,8,2,5e-4
2025-07-04,5,Álftanes,Elliði,3,0,124,0.031
2025-07-04,5,Álftanes,Elliði,3,1,234,0.0585
2025-07-04,5,Álftanes,Elliði,3,2,204,0.051
2025-07-04,5,Álftanes,Elliði,3,3,152,0.038
2025-07-04,5,Álftanes,Elliði,3,4,88,0.022
2025-07-04,5,Álftanes,Elliði,3,5,33,0.00825
2025-07-04,5,Álftanes,Elliði,3,6,10,0.0025
2025-07-04,5,Álftanes,Elliði,3,7,3,7.5e-4
2025-07-04,5,Álftanes,Elliði,3,8,2,5e-4
2025-07-04,5,Álftanes,Elliði,3,9,1,2.5e-4
2025-07-04,5,Álftanes,Elliði,4,0,65,0.01625
2025-07-04,5,Álftanes,Elliði,4,1,161,0.04025
2025-07-04,5,Álftanes,Elliði,4,2,145,0.03625
2025-07-04,5,Álftanes,Elliði,4,3,120,0.03
2025-07-04,5,Álftanes,Elliði,4,4,64,0.016
2025-07-04,5,Álftanes,Elliði,4,5,33,0.00825
2025-07-04,5,Álftanes,Elliði,4,6,15,0.00375
2025-07-04,5,Álftanes,Elliði,4,7,4,0.001
2025-07-04,5,Álftanes,Elliði,5,0,54,0.0135
2025-07-04,5,Álftanes,Elliði,5,1,100,0.025
2025-07-04,5,Álftanes,Elliði,5,2,97,0.02425
2025-07-04,5,Álftanes,Elliði,5,3,65,0.01625
2025-07-04,5,Álftanes,Elliði,5,4,32,0.008
2025-07-04,5,Álftanes,Elliði,5,5,21,0.00525
2025-07-04,5,Álftanes,Elliði,5,6,14,0.0035
2025-07-04,5,Álftanes,Elliði,6,0,29,0.00725
2025-07-04,5,Álftanes,Elliði,6,1,47,0.01175
2025-07-04,5,Álftanes,Elliði,6,2,65,0.01625
2025-07-04,5,Álftanes,Elliði,6,3,38,0.0095
2025-07-04,5,Álftanes,Elliði,6,4,21,0.00525
2025-07-04,5,Álftanes,Elliði,6,5,9,0.00225
2025-07-04,5,Álftanes,Elliði,6,6,10,0.0025
2025-07-04,5,Álftanes,Elliði,6,7,2,5e-4
2025-07-04,5,Álftanes,Elliði,7,0,14,0.0035
2025-07-04,5,Álftanes,Elliði,7,1,17,0.00425
2025-07-04,5,Álftanes,Elliði,7,2,21,0.00525
2025-07-04,5,Álftanes,Elliði,7,3,14,0.0035
2025-07-04,5,Álftanes,Elliði,7,4,6,0.0015
2025-07-04,5,Álftanes,Elliði,7,5,2,5e-4
2025-07-04,5,Álftanes,Elliði,7,6,1,2.5e-4
2025-07-04,5,Álftanes,Elliði,7,7,2,5e-4
2025-07-04,5,Álftanes,Elliði,7,12,1,2.5e-4
2025-07-04,5,Álftanes,Elliði,8,0,9,0.00225
2025-07-04,5,Álftanes,Elliði,8,1,6,0.0015
2025-07-04,5,Álftanes,Elliði,8,2,5,0.00125
2025-07-04,5,Álftanes,Elliði,8,3,11,0.00275
2025-07-04,5,Álftanes,Elliði,8,4,2,5e-4
2025-07-04,5,Álftanes,Elliði,8,6,1,2.5e-4
2025-07-04,5,Álftanes,Elliði,8,8,1,2.5e-4
2025-07-04,5,Álftanes,Elliði,9,0,2,5e-4
2025-07-04,5,Álftanes,Elliði,9,1,2,5e-4
2025-07-04,5,Álftanes,Elliði,9,2,3,7.5e-4
2025-07-04,5,Álftanes,Elliði,9,3,3,7.5e-4
2025-07-04,5,Álftanes,Elliði,9,4,1,2.5e-4
2025-07-04,5,Álftanes,Elliði,9,5,1,2.5e-4
2025-07-04,5,Álftanes,Elliði,10,0,1,2.5e-4
2025-07-04,5,Álftanes,Elliði,10,2,1,2.5e-4
2025-07-04,5,Álftanes,Elliði,10,3,4,0.001
2025-07-04,5,Álftanes,Elliði,10,6,2,5e-4
2025-07-04,5,Álftanes,Elliði,11,0,1,2.5e-4
2025-07-04,5,Álftanes,Elliði,11,1,1,2.5e-4
2025-07-04,5,Álftanes,Elliði,11,2,2,5e-4
2025-07-04,5,Álftanes,Elliði,12,3,1,2.5e-4
2025-07-04,5,Álftanes,Elliði,12,5,1,2.5e-4
2025-07-05,1,Vestri,Valur,0,0,236,0.059
2025-07-05,1,Vestri,Valur,0,1,404,0.101
2025-07-05,1,Vestri,Valur,0,2,322,0.0805
2025-07-05,1,Vestri,Valur,0,3,234,0.0585
2025-07-05,1,Vestri,Valur,0,4,111,0.02775
2025-07-05,1,Vestri,Valur,0,5,43,0.01075
2025-07-05,1,Vestri,Valur,0,6,18,0.0045
2025-07-05,1,Vestri,Valur,0,7,6,0.0015
2025-07-05,1,Vestri,Valur,0,8,1,2.5e-4
2025-07-05,1,Vestri,Valur,1,0,217,0.05425
2025-07-05,1,Vestri,Valur,1,1,408,0.102
2025-07-05,1,Vestri,Valur,1,2,381,0.09525
2025-07-05,1,Vestri,Valur,1,3,231,0.05775
2025-07-05,1,Vestri,Valur,1,4,127,0.03175
2025-07-05,1,Vestri,Valur,1,5,69,0.01725
2025-07-05,1,Vestri,Valur,1,6,7,0.00175
2025-07-05,1,Vestri,Valur,1,7,4,0.001
2025-07-05,1,Vestri,Valur,1,8,3,7.5e-4
2025-07-05,1,Vestri,Valur,1,10,1,2.5e-4
2025-07-05,1,Vestri,Valur,2,0,123,0.03075
2025-07-05,1,Vestri,Valur,2,1,214,0.0535
2025-07-05,1,Vestri,Valur,2,2,220,0.055
2025-07-05,1,Vestri,Valur,2,3,123,0.03075
2025-07-05,1,Vestri,Valur,2,4,59,0.01475
2025-07-05,1,Vestri,Valur,2,5,32,0.008
2025-07-05,1,Vestri,Valur,2,6,2,5e-4
2025-07-05,1,Vestri,Valur,2,7,6,0.0015
2025-07-05,1,Vestri,Valur,3,0,50,0.0125
2025-07-05,1,Vestri,Valur,3,1,79,0.01975
2025-07-05,1,Vestri,Valur,3,2,67,0.01675
2025-07-05,1,Vestri,Valur,3,3,47,0.01175
2025-07-05,1,Vestri,Valur,3,4,27,0.00675
2025-07-05,1,Vestri,Valur,3,5,11,0.00275
2025-07-05,1,Vestri,Valur,3,6,5,0.00125
2025-07-05,1,Vestri,Valur,4,0,15,0.00375
2025-07-05,1,Vestri,Valur,4,1,18,0.0045
2025-07-05,1,Vestri,Valur,4,2,24,0.006
2025-07-05,1,Vestri,Valur,4,3,20,0.005
2025-07-05,1,Vestri,Valur,4,4,8,0.002
2025-07-05,1,Vestri,Valur,4,5,1,2.5e-4
2025-07-05,1,Vestri,Valur,5,1,7,0.00175
2025-07-05,1,Vestri,Valur,5,2,3,7.5e-4
2025-07-05,1,Vestri,Valur,5,3,4,0.001
2025-07-05,1,Vestri,Valur,5,4,2,5e-4
2025-07-05,1,Vestri,Valur,5,5,1,2.5e-4
2025-07-05,1,Vestri,Valur,5,6,2,5e-4
2025-07-05,1,Vestri,Valur,6,3,4,0.001
2025-07-05,1,Vestri,Valur,7,2,1,2.5e-4
2025-07-05,1,Vestri,Valur,7,3,1,2.5e-4
2025-07-05,1,Vestri,Valur,7,4,1,2.5e-4
2025-07-05,1,ÍA,Fram,0,0,103,0.02575
2025-07-05,1,ÍA,Fram,0,1,113,0.02825
2025-07-05,1,ÍA,Fram,0,2,51,0.01275
2025-07-05,1,ÍA,Fram,0,3,14,0.0035
2025-07-05,1,ÍA,Fram,0,4,9,0.00225
2025-07-05,1,ÍA,Fram,0,5,2,5e-4
2025-07-05,1,ÍA,Fram,1,0,253,0.06325
2025-07-05,1,ÍA,Fram,1,1,257,0.06425
2025-07-05,1,ÍA,Fram,1,2,103,0.02575
2025-07-05,1,ÍA,Fram,1,3,40,0.01
2025-07-05,1,ÍA,Fram,1,4,12,0.003
2025-07-05,1,ÍA,Fram,1,5,5,0.00125
2025-07-05,1,ÍA,Fram,2,0,355,0.08875
2025-07-05,1,ÍA,Fram,2,1,333,0.08325
2025-07-05,1,ÍA,Fram,2,2,158,0.0395
2025-07-05,1,ÍA,Fram,2,3,66,0.0165
2025-07-05,1,ÍA,Fram,2,4,14,0.0035
2025-07-05,1,ÍA,Fram,2,7,1,2.5e-4
2025-07-05,1,ÍA,Fram,3,0,311,0.07775
2025-07-05,1,ÍA,Fram,3,1,293,0.07325
2025-07-05,1,ÍA,Fram,3,2,146,0.0365
2025-07-05,1,ÍA,Fram,3,3,66,0.0165
2025-07-05,1,ÍA,Fram,3,4,12,0.003
2025-07-05,1,ÍA,Fram,3,5,2,5e-4
2025-07-05,1,ÍA,Fram,3,6,1,2.5e-4
2025-07-05,1,ÍA,Fram,4,0,229,0.05725
2025-07-05,1,ÍA,Fram,4,1,200,0.05
2025-07-05,1,ÍA,Fram,4,2,118,0.0295
2025-07-05,1,ÍA,Fram,4,3,44,0.011
2025-07-05,1,ÍA,Fram,4,4,14,0.0035
2025-07-05,1,ÍA,Fram,4,5,2,5e-4
2025-07-05,1,ÍA,Fram,4,6,2,5e-4
2025-07-05,1,ÍA,Fram,5,0,129,0.03225
2025-07-05,1,ÍA,Fram,5,1,139,0.03475
2025-07-05,1,ÍA,Fram,5,2,65,0.01625
2025-07-05,1,ÍA,Fram,5,3,27,0.00675
2025-07-05,1,ÍA,Fram,5,4,6,0.0015
2025-07-05,1,ÍA,Fram,5,5,1,2.5e-4
2025-07-05,1,ÍA,Fram,6,0,67,0.01675
2025-07-05,1,ÍA,Fram,6,1,59,0.01475
2025-07-05,1,ÍA,Fram,6,2,27,0.00675
2025-07-05,1,ÍA,Fram,6,3,13,0.00325
2025-07-05,1,ÍA,Fram,6,4,6,0.0015
2025-07-05,1,ÍA,Fram,7,0,23,0.00575
2025-07-05,1,ÍA,Fram,7,1,29,0.00725
2025-07-05,1,ÍA,Fram,7,2,16,0.004
2025-07-05,1,ÍA,Fram,7,3,3,7.5e-4
2025-07-05,1,ÍA,Fram,7,4,1,2.5e-4
2025-07-05,1,ÍA,Fram,8,0,13,0.00325
2025-07-05,1,ÍA,Fram,8,1,14,0.0035
2025-07-05,1,ÍA,Fram,8,2,4,0.001
2025-07-05,1,ÍA,Fram,8,3,3,7.5e-4
2025-07-05,1,ÍA,Fram,9,0,7,0.00175
2025-07-05,1,ÍA,Fram,9,1,9,0.00225
2025-07-05,1,ÍA,Fram,9,2,2,5e-4
2025-07-05,1,ÍA,Fram,9,3,1,2.5e-4
2025-07-05,1,ÍA,Fram,9,6,1,2.5e-4
2025-07-05,1,ÍA,Fram,10,0,1,2.5e-4
2025-07-05,1,ÍA,Fram,10,1,2,5e-4
2025-07-05,1,ÍA,Fram,10,2,1,2.5e-4
2025-07-05,1,ÍA,Fram,10,3,1,2.5e-4
2025-07-05,1,ÍA,Fram,12,1,1,2.5e-4
2025-07-05,1,ÍBV,Víkingur R.,0,0,110,0.0275
2025-07-05,1,ÍBV,Víkingur R.,0,1,125,0.03125
2025-07-05,1,ÍBV,Víkingur R.,0,2,106,0.0265
2025-07-05,1,ÍBV,Víkingur R.,0,3,44,0.011
2025-07-05,1,ÍBV,Víkingur R.,0,4,12,0.003
2025-07-05,1,ÍBV,Víkingur R.,0,5,9,0.00225
2025-07-05,1,ÍBV,Víkingur R.,0,6,1,2.5e-4
2025-07-05,1,ÍBV,Víkingur R.,0,7,2,5e-4
2025-07-05,1,ÍBV,Víkingur R.,1,0,185,0.04625
2025-07-05,1,ÍBV,Víkingur R.,1,1,281,0.07025
2025-07-05,1,ÍBV,Víkingur R.,1,2,195,0.04875
2025-07-05,1,ÍBV,Víkingur R.,1,3,116,0.029
2025-07-05,1,ÍBV,Víkingur R.,1,4,54,0.0135
2025-07-05,1,ÍBV,Víkingur R.,1,5,20,0.005
2025-07-05,1,ÍBV,Víkingur R.,1,6,4,0.001
2025-07-05,1,ÍBV,Víkingur R.,1,7,2,5e-4
2025-07-05,1,ÍBV,Víkingur R.,2,0,222,0.0555
2025-07-05,1,ÍBV,Víkingur R.,2,1,297,0.07425
2025-07-05,1,ÍBV,Víkingur R.,2,2,268,0.067
2025-07-05,1,ÍBV,Víkingur R.,2,3,131,0.03275
2025-07-05,1,ÍBV,Víkingur R.,2,4,61,0.01525
2025-07-05,1,ÍBV,Víkingur R.,2,5,17,0.00425
2025-07-05,1,ÍBV,Víkingur R.,2,6,9,0.00225
2025-07-05,1,ÍBV,Víkingur R.,2,7,4,0.001
2025-07-05,1,ÍBV,Víkingur R.,3,0,174,0.0435
2025-07-05,1,ÍBV,Víkingur R.,3,1,254,0.0635
2025-07-05,1,ÍBV,Víkingur R.,3,2,184,0.046
2025-07-05,1,ÍBV,Víkingur R.,3,3,105,0.02625
2025-07-05,1,ÍBV,Víkingur R.,3,4,38,0.0095
2025-07-05,1,ÍBV,Víkingur R.,3,5,14,0.0035
2025-07-05,1,ÍBV,Víkingur R.,3,6,7,0.00175
2025-07-05,1,ÍBV,Víkingur R.,3,7,1,2.5e-4
2025-07-05,1,ÍBV,Víkingur R.,4,0,100,0.025
2025-07-05,1,ÍBV,Víkingur R.,4,1,149,0.03725
2025-07-05,1,ÍBV,Víkingur R.,4,2,121,0.03025
2025-07-05,1,ÍBV,Víkingur R.,4,3,77,0.01925
2025-07-05,1,ÍBV,Víkingur R.,4,4,26,0.0065
2025-07-05,1,ÍBV,Víkingur R.,4,5,7,0.00175
2025-07-05,1,ÍBV,Víkingur R.,4,6,3,7.5e-4
2025-07-05,1,ÍBV,Víkingur R.,4,7,1,2.5e-4
2025-07-05,1,ÍBV,Víkingur R.,5,0,56,0.014
2025-07-05,1,ÍBV,Víkingur R.,5,1,100,0.025
2025-07-05,1,ÍBV,Víkingur R.,5,2,48,0.012
2025-07-05,1,ÍBV,Víkingur R.,5,3,38,0.0095
2025-07-05,1,ÍBV,Víkingur R.,5,4,16,0.004
2025-07-05,1,ÍBV,Víkingur R.,5,5,5,0.00125
2025-07-05,1,ÍBV,Víkingur R.,5,6,1,2.5e-4
2025-07-05,1,ÍBV,Víkingur R.,6,0,24,0.006
2025-07-05,1,ÍBV,Víkingur R.,6,1,32,0.008
2025-07-05,1,ÍBV,Víkingur R.,6,2,27,0.00675
2025-07-05,1,ÍBV,Víkingur R.,6,3,24,0.006
2025-07-05,1,ÍBV,Víkingur R.,6,4,9,0.00225
2025-07-05,1,ÍBV,Víkingur R.,6,5,1,2.5e-4
2025-07-05,1,ÍBV,Víkingur R.,7,0,11,0.00275
2025-07-05,1,ÍBV,Víkingur R.,7,1,14,0.0035
2025-07-05,1,ÍBV,Víkingur R.,7,2,16,0.004
2025-07-05,1,ÍBV,Víkingur R.,7,3,8,0.002
2025-07-05,1,ÍBV,Víkingur R.,7,4,1,2.5e-4
2025-07-05,1,ÍBV,Víkingur R.,7,6,1,2.5e-4
2025-07-05,1,ÍBV,Víkingur R.,7,9,1,2.5e-4
2025-07-05,1,ÍBV,Víkingur R.,8,0,2,5e-4
2025-07-05,1,ÍBV,Víkingur R.,8,1,8,0.002
2025-07-05,1,ÍBV,Víkingur R.,8,2,6,0.0015
2025-07-05,1,ÍBV,Víkingur R.,8,3,2,5e-4
2025-07-05,1,ÍBV,Víkingur R.,8,4,1,2.5e-4
2025-07-05,1,ÍBV,Víkingur R.,8,5,2,5e-4
2025-07-05,1,ÍBV,Víkingur R.,9,0,2,5e-4
2025-07-05,1,ÍBV,Víkingur R.,9,1,3,7.5e-4
2025-07-05,1,ÍBV,Víkingur R.,9,3,1,2.5e-4
2025-07-05,1,ÍBV,Víkingur R.,9,5,1,2.5e-4
2025-07-05,1,ÍBV,Víkingur R.,10,0,1,2.5e-4
2025-07-05,1,ÍBV,Víkingur R.,10,4,1,2.5e-4
2025-07-05,1,ÍBV,Víkingur R.,11,4,1,2.5e-4
2025-07-05,2,HK,Völsungur,0,0,203,0.05075
2025-07-05,2,HK,Völsungur,0,1,206,0.0515
2025-07-05,2,HK,Völsungur,0,2,169,0.04225
2025-07-05,2,HK,Völsungur,0,3,68,0.017
2025-07-05,2,HK,Völsungur,0,4,32,0.008
2025-07-05,2,HK,Völsungur,0,5,14,0.0035
2025-07-05,2,HK,Völsungur,0,6,4,0.001
2025-07-05,2,HK,Völsungur,0,9,1,2.5e-4
2025-07-05,2,HK,Völsungur,1,0,310,0.0775
2025-07-05,2,HK,Völsungur,1,1,400,0.1
2025-07-05,2,HK,Völsungur,1,2,253,0.06325
2025-07-05,2,HK,Völsungur,1,3,138,0.0345
2025-07-05,2,HK,Völsungur,1,4,42,0.0105
2025-07-05,2,HK,Völsungur,1,5,10,0.0025
2025-07-05,2,HK,Völsungur,1,6,3,7.5e-4
2025-07-05,2,HK,Völsungur,1,7,4,0.001
2025-07-05,2,HK,Völsungur,1,8,1,2.5e-4
2025-07-05,2,HK,Völsungur,2,0,251,0.06275
2025-07-05,2,HK,Völsungur,2,1,350,0.0875
2025-07-05,2,HK,Völsungur,2,2,252,0.063
2025-07-05,2,HK,Völsungur,2,3,136,0.034
2025-07-05,2,HK,Völsungur,2,4,32,0.008
2025-07-05,2,HK,Völsungur,2,5,12,0.003
2025-07-05,2,HK,Völsungur,2,6,8,0.002
2025-07-05,2,HK,Völsungur,2,7,3,7.5e-4
2025-07-05,2,HK,Völsungur,3,0,163,0.04075
2025-07-05,2,HK,Völsungur,3,1,201,0.05025
2025-07-05,2,HK,Völsungur,3,2,135,0.03375
2025-07-05,2,HK,Völsungur,3,3,83,0.02075
2025-07-05,2,HK,Völsungur,3,4,31,0.00775
2025-07-05,2,HK,Völsungur,3,5,10,0.0025
2025-07-05,2,HK,Völsungur,3,6,1,2.5e-4
2025-07-05,2,HK,Völsungur,3,7,3,7.5e-4
2025-07-05,2,HK,Völsungur,4,0,71,0.01775
2025-07-05,2,HK,Völsungur,4,1,82,0.0205
2025-07-05,2,HK,Völsungur,4,2,76,0.019
2025-07-05,2,HK,Völsungur,4,3,39,0.00975
2025-07-05,2,HK,Völsungur,4,4,25,0.00625
2025-07-05,2,HK,Völsungur,4,5,7,0.00175
2025-07-05,2,HK,Völsungur,4,6,1,2.5e-4
2025-07-05,2,HK,Völsungur,4,9,1,2.5e-4
2025-07-05,2,HK,Völsungur,5,0,21,0.00525
2025-07-05,2,HK,Völsungur,5,1,32,0.008
2025-07-05,2,HK,Völsungur,5,2,31,0.00775
2025-07-05,2,HK,Völsungur,5,3,19,0.00475
2025-07-05,2,HK,Völsungur,5,4,3,7.5e-4
2025-07-05,2,HK,Völsungur,5,5,1,2.5e-4
2025-07-05,2,HK,Völsungur,5,6,1,2.5e-4
2025-07-05,2,HK,Völsungur,6,0,12,0.003
2025-07-05,2,HK,Völsungur,6,1,17,0.00425
2025-07-05,2,HK,Völsungur,6,2,12,0.003
2025-07-05,2,HK,Völsungur,6,3,7,0.00175
2025-07-05,2,HK,Völsungur,7,0,2,5e-4
2025-07-05,2,HK,Völsungur,7,1,3,7.5e-4
2025-07-05,2,HK,Völsungur,7,2,1,2.5e-4
2025-07-05,2,HK,Völsungur,7,3,1,2.5e-4
2025-07-05,2,HK,Völsungur,7,5,2,5e-4
2025-07-05,2,HK,Völsungur,8,0,2,5e-4
2025-07-05,2,HK,Völsungur,8,2,1,2.5e-4
2025-07-05,2,HK,Völsungur,9,4,1,2.5e-4
2025-07-05,3,KFA,KFG,0,0,146,0.0365
2025-07-05,3,KFA,KFG,0,1,229,0.05725
2025-07-05,3,KFA,KFG,0,2,243,0.06075
2025-07-05,3,KFA,KFG,0,3,172,0.043
2025-07-05,3,KFA,KFG,0,4,107,0.02675
2025-07-05,3,KFA,KFG,0,5,49,0.01225
2025-07-05,3,KFA,KFG,0,6,19,0.00475
2025-07-05,3,KFA,KFG,0,7,4,0.001
2025-07-05,3,KFA,KFG,0,8,2,5e-4
2025-07-05,3,KFA,KFG,0,11,1,2.5e-4
2025-07-05,3,KFA,KFG,1,0,161,0.04025
2025-07-05,3,KFA,KFG,1,1,315,0.07875
2025-07-05,3,KFA,KFG,1,2,333,0.08325
2025-07-05,3,KFA,KFG,1,3,233,0.05825
2025-07-05,3,KFA,KFG,1,4,131,0.03275
2025-07-05,3,KFA,KFG,1,5,65,0.01625
2025-07-05,3,KFA,KFG,1,6,27,0.00675
2025-07-05,3,KFA,KFG,1,7,10,0.0025
2025-07-05,3,KFA,KFG,1,8,3,7.5e-4
2025-07-05,3,KFA,KFG,1,9,1,2.5e-4
2025-07-05,3,KFA,KFG,2,0,107,0.02675
2025-07-05,3,KFA,KFG,2,1,239,0.05975
2025-07-05,3,KFA,KFG,2,2,262,0.0655
2025-07-05,3,KFA,KFG,2,3,166,0.0415
2025-07-05,3,KFA,KFG,2,4,113,0.02825
2025-07-05,3,KFA,KFG,2,5,48,0.012
2025-07-05,3,KFA,KFG,2,6,14,0.0035
2025-07-05,3,KFA,KFG,2,7,8,0.002
2025-07-05,3,KFA,KFG,2,8,3,7.5e-4
2025-07-05,3,KFA,KFG,2,9,1,2.5e-4
2025-07-05,3,KFA,KFG,3,0,62,0.0155
2025-07-05,3,KFA,KFG,3,1,106,0.0265
2025-07-05,3,KFA,KFG,3,2,115,0.02875
2025-07-05,3,KFA,KFG,3,3,98,0.0245
2025-07-05,3,KFA,KFG,3,4,43,0.01075
2025-07-05,3,KFA,KFG,3,5,30,0.0075
2025-07-05,3,KFA,KFG,3,6,13,0.00325
2025-07-05,3,KFA,KFG,3,7,4,0.001
2025-07-05,3,KFA,KFG,3,8,1,2.5e-4
2025-07-05,3,KFA,KFG,3,10,1,2.5e-4
2025-07-05,3,KFA,KFG,4,0,18,0.0045
2025-07-05,3,KFA,KFG,4,1,55,0.01375
2025-07-05,3,KFA,KFG,4,2,45,0.01125
2025-07-05,3,KFA,KFG,4,3,43,0.01075
2025-07-05,3,KFA,KFG,4,4,24,0.006
2025-07-05,3,KFA,KFG,4,5,12,0.003
2025-07-05,3,KFA,KFG,4,6,5,0.00125
2025-07-05,3,KFA,KFG,4,7,2,5e-4
2025-07-05,3,KFA,KFG,4,8,2,5e-4
2025-07-05,3,KFA,KFG,5,0,11,0.00275
2025-07-05,3,KFA,KFG,5,1,15,0.00375
2025-07-05,3,KFA,KFG,5,2,23,0.00575
2025-07-05,3,KFA,KFG,5,3,17,0.00425
2025-07-05,3,KFA,KFG,5,4,10,0.0025
2025-07-05,3,KFA,KFG,5,5,6,0.0015
2025-07-05,3,KFA,KFG,5,6,1,2.5e-4
2025-07-05,3,KFA,KFG,5,7,1,2.5e-4
2025-07-05,3,KFA,KFG,5,8,1,2.5e-4
2025-07-05,3,KFA,KFG,6,0,4,0.001
2025-07-05,3,KFA,KFG,6,1,1,2.5e-4
2025-07-05,3,KFA,KFG,6,2,5,0.00125
2025-07-05,3,KFA,KFG,6,3,3,7.5e-4
2025-07-05,3,KFA,KFG,6,4,1,2.5e-4
2025-07-05,3,KFA,KFG,7,0,2,5e-4
2025-07-05,3,KFA,KFG,7,2,2,5e-4
2025-07-05,3,KFA,KFG,7,3,1,2.5e-4
2025-07-05,3,KFA,KFG,7,4,1,2.5e-4
2025-07-05,3,KFA,KFG,7,5,2,5e-4
2025-07-05,3,KFA,KFG,8,2,1,2.5e-4
2025-07-05,3,KFA,KFG,8,6,1,2.5e-4
2025-07-05,3,Kormákur/Hvöt,Höttur/Huginn,0,0,244,0.061
2025-07-05,3,Kormákur/Hvöt,Höttur/Huginn,0,1,357,0.08925
2025-07-05,3,Kormákur/Hvöt,Höttur/Huginn,0,2,248,0.062
2025-07-05,3,Kormákur/Hvöt,Höttur/Huginn,0,3,139,0.03475
2025-07-05,3,Kormákur/Hvöt,Höttur/Huginn,0,4,42,0.0105
2025-07-05,3,Kormákur/Hvöt,Höttur/Huginn,0,5,17,0.00425
2025-07-05,3,Kormákur/Hvöt,Höttur/Huginn,0,6,1,2.5e-4
2025-07-05,3,Kormákur/Hvöt,Höttur/Huginn,0,7,1,2.5e-4
2025-07-05,3,Kormákur/Hvöt,Höttur/Huginn,1,0,322,0.0805
2025-07-05,3,Kormákur/Hvöt,Höttur/Huginn,1,1,466,0.1165
2025-07-05,3,Kormákur/Hvöt,Höttur/Huginn,1,2,283,0.07075
2025-07-05,3,Kormákur/Hvöt,Höttur/Huginn,1,3,147,0.03675
2025-07-05,3,Kormákur/Hvöt,Höttur/Huginn,1,4,66,0.0165
2025-07-05,3,Kormákur/Hvöt,Höttur/Huginn,1,5,20,0.005
2025-07-05,3,Kormákur/Hvöt,Höttur/Huginn,1,6,8,0.002
2025-07-05,3,Kormákur/Hvöt,Höttur/Huginn,1,7,1,2.5e-4
2025-07-05,3,Kormákur/Hvöt,Höttur/Huginn,2,0,213,0.05325
2025-07-05,3,Kormákur/Hvöt,Höttur/Huginn,2,1,288,0.072
2025-07-05,3,Kormákur/Hvöt,Höttur/Huginn,2,2,234,0.0585
2025-07-05,3,Kormákur/Hvöt,Höttur/Huginn,2,3,119,0.02975
2025-07-05,3,Kormákur/Hvöt,Höttur/Huginn,2,4,47,0.01175
2025-07-05,3,Kormákur/Hvöt,Höttur/Huginn,2,5,10,0.0025
2025-07-05,3,Kormákur/Hvöt,Höttur/Huginn,2,6,4,0.001
2025-07-05,3,Kormákur/Hvöt,Höttur/Huginn,2,7,1,2.5e-4
2025-07-05,3,Kormákur/Hvöt,Höttur/Huginn,3,0,91,0.02275
2025-07-05,3,Kormákur/Hvöt,Höttur/Huginn,3,1,147,0.03675
2025-07-05,3,Kormákur/Hvöt,Höttur/Huginn,3,2,101,0.02525
2025-07-05,3,Kormákur/Hvöt,Höttur/Huginn,3,3,66,0.0165
2025-07-05,3,Kormákur/Hvöt,Höttur/Huginn,3,4,24,0.006
2025-07-05,3,Kormákur/Hvöt,Höttur/Huginn,3,5,7,0.00175
2025-07-05,3,Kormákur/Hvöt,Höttur/Huginn,3,6,2,5e-4
2025-07-05,3,Kormákur/Hvöt,Höttur/Huginn,4,0,41,0.01025
2025-07-05,3,Kormákur/Hvöt,Höttur/Huginn,4,1,66,0.0165
2025-07-05,3,Kormákur/Hvöt,Höttur/Huginn,4,2,41,0.01025
2025-07-05,3,Kormákur/Hvöt,Höttur/Huginn,4,3,24,0.006
2025-07-05,3,Kormákur/Hvöt,Höttur/Huginn,4,4,17,0.00425
2025-07-05,3,Kormákur/Hvöt,Höttur/Huginn,4,5,2,5e-4
2025-07-05,3,Kormákur/Hvöt,Höttur/Huginn,5,0,14,0.0035
2025-07-05,3,Kormákur/Hvöt,Höttur/Huginn,5,1,19,0.00475
2025-07-05,3,Kormákur/Hvöt,Höttur/Huginn,5,2,19,0.00475
2025-07-05,3,Kormákur/Hvöt,Höttur/Huginn,5,3,8,0.002
2025-07-05,3,Kormákur/Hvöt,Höttur/Huginn,5,4,1,2.5e-4
2025-07-05,3,Kormákur/Hvöt,Höttur/Huginn,5,5,1,2.5e-4
2025-07-05,3,Kormákur/Hvöt,Höttur/Huginn,6,0,3,7.5e-4
2025-07-05,3,Kormákur/Hvöt,Höttur/Huginn,6,1,6,0.0015
2025-07-05,3,Kormákur/Hvöt,Höttur/Huginn,6,2,7,0.00175
2025-07-05,3,Kormákur/Hvöt,Höttur/Huginn,6,3,1,2.5e-4
2025-07-05,3,Kormákur/Hvöt,Höttur/Huginn,6,4,1,2.5e-4
2025-07-05,3,Kormákur/Hvöt,Höttur/Huginn,6,5,1,2.5e-4
2025-07-05,3,Kormákur/Hvöt,Höttur/Huginn,6,6,1,2.5e-4
2025-07-05,3,Kormákur/Hvöt,Höttur/Huginn,7,0,1,2.5e-4
2025-07-05,3,Kormákur/Hvöt,Höttur/Huginn,7,1,1,2.5e-4
2025-07-05,3,Kormákur/Hvöt,Höttur/Huginn,7,2,3,7.5e-4
2025-07-05,3,Kormákur/Hvöt,Höttur/Huginn,7,3,1,2.5e-4
2025-07-05,3,Kormákur/Hvöt,Höttur/Huginn,7,4,1,2.5e-4
2025-07-05,3,Kormákur/Hvöt,Höttur/Huginn,8,1,1,2.5e-4
2025-07-05,3,Kormákur/Hvöt,Höttur/Huginn,8,2,1,2.5e-4
2025-07-05,3,Kormákur/Hvöt,Höttur/Huginn,9,1,2,5e-4
2025-07-05,3,Víkingur Ó.,Dalvík/Reynir,0,0,78,0.0195
2025-07-05,3,Víkingur Ó.,Dalvík/Reynir,0,1,102,0.0255
2025-07-05,3,Víkingur Ó.,Dalvík/Reynir,0,2,62,0.0155
2025-07-05,3,Víkingur Ó.,Dalvík/Reynir,0,3,68,0.017
2025-07-05,3,Víkingur Ó.,Dalvík/Reynir,0,4,32,0.008
2025-07-05,3,Víkingur Ó.,Dalvík/Reynir,0,5,13,0.00325
2025-07-05,3,Víkingur Ó.,Dalvík/Reynir,0,6,3,7.5e-4
2025-07-05,3,Víkingur Ó.,Dalvík/Reynir,0,7,3,7.5e-4
2025-07-05,3,Víkingur Ó.,Dalvík/Reynir,1,0,136,0.034
2025-07-05,3,Víkingur Ó.,Dalvík/Reynir,1,1,237,0.05925
2025-07-05,3,Víkingur Ó.,Dalvík/Reynir,1,2,235,0.05875
2025-07-05,3,Víkingur Ó.,Dalvík/Reynir,1,3,135,0.03375
2025-07-05,3,Víkingur Ó.,Dalvík/Reynir,1,4,67,0.01675
2025-07-05,3,Víkingur Ó.,Dalvík/Reynir,1,5,33,0.00825
2025-07-05,3,Víkingur Ó.,Dalvík/Reynir,1,6,8,0.002
2025-07-05,3,Víkingur Ó.,Dalvík/Reynir,1,7,6,0.0015
2025-07-05,3,Víkingur Ó.,Dalvík/Reynir,1,8,1,2.5e-4
2025-07-05,3,Víkingur Ó.,Dalvík/Reynir,2,0,152,0.038
2025-07-05,3,Víkingur Ó.,Dalvík/Reynir,2,1,280,0.07
2025-07-05,3,Víkingur Ó.,Dalvík/Reynir,2,2,270,0.0675
2025-07-05,3,Víkingur Ó.,Dalvík/Reynir,2,3,152,0.038
2025-07-05,3,Víkingur Ó.,Dalvík/Reynir,2,4,66,0.0165
2025-07-05,3,Víkingur Ó.,Dalvík/Reynir,2,5,45,0.01125
2025-07-05,3,Víkingur Ó.,Dalvík/Reynir,2,6,11,0.00275
2025-07-05,3,Víkingur Ó.,Dalvík/Reynir,2,7,1,2.5e-4
2025-07-05,3,Víkingur Ó.,Dalvík/Reynir,2,9,1,2.5e-4
2025-07-05,3,Víkingur Ó.,Dalvík/Reynir,3,0,134,0.0335
2025-07-05,3,Víkingur Ó.,Dalvík/Reynir,3,1,220,0.055
2025-07-05,3,Víkingur Ó.,Dalvík/Reynir,3,2,200,0.05
2025-07-05,3,Víkingur Ó.,Dalvík/Reynir,3,3,142,0.0355
2025-07-05,3,Víkingur Ó.,Dalvík/Reynir,3,4,73,0.01825
2025-07-05,3,Víkingur Ó.,Dalvík/Reynir,3,5,26,0.0065
2025-07-05,3,Víkingur Ó.,Dalvík/Reynir,3,6,4,0.001
2025-07-05,3,Víkingur Ó.,Dalvík/Reynir,3,7,2,5e-4
2025-07-05,3,Víkingur Ó.,Dalvík/Reynir,3,8,2,5e-4
2025-07-05,3,Víkingur Ó.,Dalvík/Reynir,3,9,1,2.5e-4
2025-07-05,3,Víkingur Ó.,Dalvík/Reynir,4,0,83,0.02075
2025-07-05,3,Víkingur Ó.,Dalvík/Reynir,4,1,149,0.03725
2025-07-05,3,Víkingur Ó.,Dalvík/Reynir,4,2,116,0.029
2025-07-05,3,Víkingur Ó.,Dalvík/Reynir,4,3,83,0.02075
2025-07-05,3,Víkingur Ó.,Dalvík/Reynir,4,4,41,0.01025
2025-07-05,3,Víkingur Ó.,Dalvík/Reynir,4,5,14,0.0035
2025-07-05,3,Víkingur Ó.,Dalvík/Reynir,4,6,9,0.00225
2025-07-05,3,Víkingur Ó.,Dalvík/Reynir,4,7,3,7.5e-4
2025-07-05,3,Víkingur Ó.,Dalvík/Reynir,4,9,1,2.5e-4
2025-07-05,3,Víkingur Ó.,Dalvík/Reynir,5,0,41,0.01025
2025-07-05,3,Víkingur Ó.,Dalvík/Reynir,5,1,78,0.0195
2025-07-05,3,Víkingur Ó.,Dalvík/Reynir,5,2,75,0.01875
2025-07-05,3,Víkingur Ó.,Dalvík/Reynir,5,3,45,0.01125
2025-07-05,3,Víkingur Ó.,Dalvík/Reynir,5,4,29,0.00725
2025-07-05,3,Víkingur Ó.,Dalvík/Reynir,5,5,12,0.003
2025-07-05,3,Víkingur Ó.,Dalvík/Reynir,5,6,4,0.001
2025-07-05,3,Víkingur Ó.,Dalvík/Reynir,5,7,4,0.001
2025-07-05,3,Víkingur Ó.,Dalvík/Reynir,6,0,16,0.004
2025-07-05,3,Víkingur Ó.,Dalvík/Reynir,6,1,35,0.00875
2025-07-05,3,Víkingur Ó.,Dalvík/Reynir,6,2,39,0.00975
2025-07-05,3,Víkingur Ó.,Dalvík/Reynir,6,3,25,0.00625
2025-07-05,3,Víkingur Ó.,Dalvík/Reynir,6,4,9,0.00225
2025-07-05,3,Víkingur Ó.,Dalvík/Reynir,6,5,3,7.5e-4
2025-07-05,3,Víkingur Ó.,Dalvík/Reynir,6,6,3,7.5e-4
2025-07-05,3,Víkingur Ó.,Dalvík/Reynir,6,7,1,2.5e-4
2025-07-05,3,Víkingur Ó.,Dalvík/Reynir,6,10,1,2.5e-4
2025-07-05,3,Víkingur Ó.,Dalvík/Reynir,7,0,8,0.002
2025-07-05,3,Víkingur Ó.,Dalvík/Reynir,7,1,12,0.003
2025-07-05,3,Víkingur Ó.,Dalvík/Reynir,7,2,16,0.004
2025-07-05,3,Víkingur Ó.,Dalvík/Reynir,7,3,6,0.0015
2025-07-05,3,Víkingur Ó.,Dalvík/Reynir,7,4,2,5e-4
2025-07-05,3,Víkingur Ó.,Dalvík/Reynir,7,5,2,5e-4
2025-07-05,3,Víkingur Ó.,Dalvík/Reynir,7,7,1,2.5e-4
2025-07-05,3,Víkingur Ó.,Dalvík/Reynir,8,0,2,5e-4
2025-07-05,3,Víkingur Ó.,Dalvík/Reynir,8,1,5,0.00125
2025-07-05,3,Víkingur Ó.,Dalvík/Reynir,8,2,6,0.0015
2025-07-05,3,Víkingur Ó.,Dalvík/Reynir,8,3,2,5e-4
2025-07-05,3,Víkingur Ó.,Dalvík/Reynir,8,4,3,7.5e-4
2025-07-05,3,Víkingur Ó.,Dalvík/Reynir,8,5,1,2.5e-4
2025-07-05,3,Víkingur Ó.,Dalvík/Reynir,8,7,1,2.5e-4
2025-07-05,3,Víkingur Ó.,Dalvík/Reynir,8,8,1,2.5e-4
2025-07-05,3,Víkingur Ó.,Dalvík/Reynir,9,0,2,5e-4
2025-07-05,3,Víkingur Ó.,Dalvík/Reynir,9,3,2,5e-4
2025-07-05,3,Víkingur Ó.,Dalvík/Reynir,10,0,3,7.5e-4
2025-07-05,3,Víkingur Ó.,Dalvík/Reynir,10,1,1,2.5e-4
2025-07-05,3,Víkingur Ó.,Dalvík/Reynir,10,6,1,2.5e-4
2025-07-05,3,Víkingur Ó.,Dalvík/Reynir,11,2,2,5e-4
2025-07-05,3,Víkingur Ó.,Dalvík/Reynir,11,4,1,2.5e-4
2025-07-05,4,KF,Augnablik,0,0,92,0.023
2025-07-05,4,KF,Augnablik,0,1,95,0.02375
2025-07-05,4,KF,Augnablik,0,2,97,0.02425
2025-07-05,4,KF,Augnablik,0,3,44,0.011
2025-07-05,4,KF,Augnablik,0,4,16,0.004
2025-07-05,4,KF,Augnablik,0,5,6,0.0015
2025-07-05,4,KF,Augnablik,0,6,1,2.5e-4
2025-07-05,4,KF,Augnablik,0,7,1,2.5e-4
2025-07-05,4,KF,Augnablik,1,0,208,0.052
2025-07-05,4,KF,Augnablik,1,1,288,0.072
2025-07-05,4,KF,Augnablik,1,2,164,0.041
2025-07-05,4,KF,Augnablik,1,3,83,0.02075
2025-07-05,4,KF,Augnablik,1,4,31,0.00775
2025-07-05,4,KF,Augnablik,1,5,12,0.003
2025-07-05,4,KF,Augnablik,1,6,4,0.001
2025-07-05,4,KF,Augnablik,1,7,2,5e-4
2025-07-05,4,KF,Augnablik,2,0,252,0.063
2025-07-05,4,KF,Augnablik,2,1,297,0.07425
2025-07-05,4,KF,Augnablik,2,2,220,0.055
2025-07-05,4,KF,Augnablik,2,3,116,0.029
2025-07-05,4,KF,Augnablik,2,4,30,0.0075
2025-07-05,4,KF,Augnablik,2,5,18,0.0045
2025-07-05,4,KF,Augnablik,2,6,5,0.00125
2025-07-05,4,KF,Augnablik,2,7,2,5e-4
2025-07-05,4,KF,Augnablik,3,0,206,0.0515
2025-07-05,4,KF,Augnablik,3,1,272,0.068
2025-07-05,4,KF,Augnablik,3,2,183,0.04575
2025-07-05,4,KF,Augnablik,3,3,106,0.0265
2025-07-05,4,KF,Augnablik,3,4,36,0.009
2025-07-05,4,KF,Augnablik,3,5,13,0.00325
2025-07-05,4,KF,Augnablik,3,6,3,7.5e-4
2025-07-05,4,KF,Augnablik,3,7,1,2.5e-4
2025-07-05,4,KF,Augnablik,4,0,144,0.036
2025-07-05,4,KF,Augnablik,4,1,158,0.0395
2025-07-05,4,KF,Augnablik,4,2,139,0.03475
2025-07-05,4,KF,Augnablik,4,3,71,0.01775
2025-07-05,4,KF,Augnablik,4,4,28,0.007
2025-07-05,4,KF,Augnablik,4,5,9,0.00225
2025-07-05,4,KF,Augnablik,4,6,3,7.5e-4
2025-07-05,4,KF,Augnablik,5,0,73,0.01825
2025-07-05,4,KF,Augnablik,5,1,97,0.02425
2025-07-05,4,KF,Augnablik,5,2,82,0.0205
2025-07-05,4,KF,Augnablik,5,3,34,0.0085
2025-07-05,4,KF,Augnablik,5,4,14,0.0035
2025-07-05,4,KF,Augnablik,5,5,3,7.5e-4
2025-07-05,4,KF,Augnablik,5,6,1,2.5e-4
2025-07-05,4,KF,Augnablik,5,7,2,5e-4
2025-07-05,4,KF,Augnablik,6,0,34,0.0085
2025-07-05,4,KF,Augnablik,6,1,35,0.00875
2025-07-05,4,KF,Augnablik,6,2,33,0.00825
2025-07-05,4,KF,Augnablik,6,3,18,0.0045
2025-07-05,4,KF,Augnablik,6,4,8,0.002
2025-07-05,4,KF,Augnablik,6,5,3,7.5e-4
2025-07-05,4,KF,Augnablik,6,6,2,5e-4
2025-07-05,4,KF,Augnablik,6,8,1,2.5e-4
2025-07-05,4,KF,Augnablik,7,0,15,0.00375
2025-07-05,4,KF,Augnablik,7,1,24,0.006
2025-07-05,4,KF,Augnablik,7,2,14,0.0035
2025-07-05,4,KF,Augnablik,7,3,9,0.00225
2025-07-05,4,KF,Augnablik,7,5,1,2.5e-4
2025-07-05,4,KF,Augnablik,8,0,5,0.00125
2025-07-05,4,KF,Augnablik,8,1,11,0.00275
2025-07-05,4,KF,Augnablik,8,2,6,0.0015
2025-07-05,4,KF,Augnablik,8,3,5,0.00125
2025-07-05,4,KF,Augnablik,8,4,2,5e-4
2025-07-05,4,KF,Augnablik,9,0,1,2.5e-4
2025-07-05,4,KF,Augnablik,9,1,3,7.5e-4
2025-07-05,4,KF,Augnablik,9,2,2,5e-4
2025-07-05,4,KF,Augnablik,10,1,1,2.5e-4
2025-07-05,4,KF,Augnablik,10,2,1,2.5e-4
2025-07-05,4,KF,Augnablik,10,3,2,5e-4
2025-07-05,4,KF,Augnablik,11,1,1,2.5e-4
2025-07-05,4,KF,Augnablik,12,3,1,2.5e-4
2025-07-05,4,KV,Sindri,0,0,117,0.02925
2025-07-05,4,KV,Sindri,0,1,123,0.03075
2025-07-05,4,KV,Sindri,0,2,87,0.02175
2025-07-05,4,KV,Sindri,0,3,39,0.00975
2025-07-05,4,KV,Sindri,0,4,15,0.00375
2025-07-05,4,KV,Sindri,0,5,5,0.00125
2025-07-05,4,KV,Sindri,0,6,3,7.5e-4
2025-07-05,4,KV,Sindri,1,0,206,0.0515
2025-07-05,4,KV,Sindri,1,1,297,0.07425
2025-07-05,4,KV,Sindri,1,2,206,0.0515
2025-07-05,4,KV,Sindri,1,3,115,0.02875
2025-07-05,4,KV,Sindri,1,4,43,0.01075
2025-07-05,4,KV,Sindri,1,5,20,0.005
2025-07-05,4,KV,Sindri,1,6,3,7.5e-4
2025-07-05,4,KV,Sindri,1,7,1,2.5e-4
2025-07-05,4,KV,Sindri,2,0,248,0.062
2025-07-05,4,KV,Sindri,2,1,330,0.0825
2025-07-05,4,KV,Sindri,2,2,211,0.05275
2025-07-05,4,KV,Sindri,2,3,114,0.0285
2025-07-05,4,KV,Sindri,2,4,72,0.018
2025-07-05,4,KV,Sindri,2,5,19,0.00475
2025-07-05,4,KV,Sindri,2,6,9,0.00225
2025-07-05,4,KV,Sindri,2,8,1,2.5e-4
2025-07-05,4,KV,Sindri,3,0,163,0.04075
2025-07-05,4,KV,Sindri,3,1,258,0.0645
2025-07-05,4,KV,Sindri,3,2,194,0.0485
2025-07-05,4,KV,Sindri,3,3,111,0.02775
2025-07-05,4,KV,Sindri,3,4,38,0.0095
2025-07-05,4,KV,Sindri,3,5,18,0.0045
2025-07-05,4,KV,Sindri,3,6,4,0.001
2025-07-05,4,KV,Sindri,3,7,1,2.5e-4
2025-07-05,4,KV,Sindri,4,0,85,0.02125
2025-07-05,4,KV,Sindri,4,1,141,0.03525
2025-07-05,4,KV,Sindri,4,2,137,0.03425
2025-07-05,4,KV,Sindri,4,3,72,0.018
2025-07-05,4,KV,Sindri,4,4,26,0.0065
2025-07-05,4,KV,Sindri,4,5,9,0.00225
2025-07-05,4,KV,Sindri,4,6,1,2.5e-4
2025-07-05,4,KV,Sindri,5,0,68,0.017
2025-07-05,4,KV,Sindri,5,1,64,0.016
2025-07-05,4,KV,Sindri,5,2,76,0.019
2025-07-05,4,KV,Sindri,5,3,39,0.00975
2025-07-05,4,KV,Sindri,5,4,13,0.00325
2025-07-05,4,KV,Sindri,5,5,6,0.0015
2025-07-05,4,KV,Sindri,5,6,2,5e-4
2025-07-05,4,KV,Sindri,5,7,2,5e-4
2025-07-05,4,KV,Sindri,6,0,28,0.007
2025-07-05,4,KV,Sindri,6,1,37,0.00925
2025-07-05,4,KV,Sindri,6,2,27,0.00675
2025-07-05,4,KV,Sindri,6,3,17,0.00425
2025-07-05,4,KV,Sindri,6,4,10,0.0025
2025-07-05,4,KV,Sindri,6,5,3,7.5e-4
2025-07-05,4,KV,Sindri,6,6,1,2.5e-4
2025-07-05,4,KV,Sindri,7,0,5,0.00125
2025-07-05,4,KV,Sindri,7,1,16,0.004
2025-07-05,4,KV,Sindri,7,2,13,0.00325
2025-07-05,4,KV,Sindri,7,3,7,0.00175
2025-07-05,4,KV,Sindri,7,4,4,0.001
2025-07-05,4,KV,Sindri,7,5,1,2.5e-4
2025-07-05,4,KV,Sindri,8,0,3,7.5e-4
2025-07-05,4,KV,Sindri,8,1,3,7.5e-4
2025-07-05,4,KV,Sindri,8,3,2,5e-4
2025-07-05,4,KV,Sindri,8,4,1,2.5e-4
2025-07-05,4,KV,Sindri,8,5,1,2.5e-4
2025-07-05,4,KV,Sindri,9,0,3,7.5e-4
2025-07-05,4,KV,Sindri,9,1,4,0.001
2025-07-05,4,KV,Sindri,9,3,1,2.5e-4
2025-07-05,4,KV,Sindri,10,2,1,2.5e-4
2025-07-05,4,Magni,Reynir S.,0,0,185,0.04625
2025-07-05,4,Magni,Reynir S.,0,1,249,0.06225
2025-07-05,4,Magni,Reynir S.,0,2,166,0.0415
2025-07-05,4,Magni,Reynir S.,0,3,92,0.023
2025-07-05,4,Magni,Reynir S.,0,4,31,0.00775
2025-07-05,4,Magni,Reynir S.,0,5,11,0.00275
2025-07-05,4,Magni,Reynir S.,0,6,2,5e-4
2025-07-05,4,Magni,Reynir S.,0,7,3,7.5e-4
2025-07-05,4,Magni,Reynir S.,1,0,283,0.07075
2025-07-05,4,Magni,Reynir S.,1,1,395,0.09875
2025-07-05,4,Magni,Reynir S.,1,2,299,0.07475
2025-07-05,4,Magni,Reynir S.,1,3,156,0.039
2025-07-05,4,Magni,Reynir S.,1,4,70,0.0175
2025-07-05,4,Magni,Reynir S.,1,5,16,0.004
2025-07-05,4,Magni,Reynir S.,1,6,2,5e-4
2025-07-05,4,Magni,Reynir S.,1,7,1,2.5e-4
2025-07-05,4,Magni,Reynir S.,2,0,215,0.05375
2025-07-05,4,Magni,Reynir S.,2,1,322,0.0805
2025-07-05,4,Magni,Reynir S.,2,2,257,0.06425
2025-07-05,4,Magni,Reynir S.,2,3,131,0.03275
2025-07-05,4,Magni,Reynir S.,2,4,71,0.01775
2025-07-05,4,Magni,Reynir S.,2,5,21,0.00525
2025-07-05,4,Magni,Reynir S.,2,6,12,0.003
2025-07-05,4,Magni,Reynir S.,2,7,1,2.5e-4
2025-07-05,4,Magni,Reynir S.,3,0,123,0.03075
2025-07-05,4,Magni,Reynir S.,3,1,191,0.04775
2025-07-05,4,Magni,Reynir S.,3,2,137,0.03425
2025-07-05,4,Magni,Reynir S.,3,3,90,0.0225
2025-07-05,4,Magni,Reynir S.,3,4,33,0.00825
2025-07-05,4,Magni,Reynir S.,3,5,17,0.00425
2025-07-05,4,Magni,Reynir S.,3,6,4,0.001
2025-07-05,4,Magni,Reynir S.,3,7,1,2.5e-4
2025-07-05,4,Magni,Reynir S.,3,8,1,2.5e-4
2025-07-05,4,Magni,Reynir S.,4,0,59,0.01475
2025-07-05,4,Magni,Reynir S.,4,1,81,0.02025
2025-07-05,4,Magni,Reynir S.,4,2,76,0.019
2025-07-05,4,Magni,Reynir S.,4,3,28,0.007
2025-07-05,4,Magni,Reynir S.,4,4,15,0.00375
2025-07-05,4,Magni,Reynir S.,4,5,6,0.0015
2025-07-05,4,Magni,Reynir S.,4,6,1,2.5e-4
2025-07-05,4,Magni,Reynir S.,4,7,1,2.5e-4
2025-07-05,4,Magni,Reynir S.,5,0,28,0.007
2025-07-05,4,Magni,Reynir S.,5,1,38,0.0095
2025-07-05,4,Magni,Reynir S.,5,2,22,0.0055
2025-07-05,4,Magni,Reynir S.,5,3,9,0.00225
2025-07-05,4,Magni,Reynir S.,5,4,6,0.0015
2025-07-05,4,Magni,Reynir S.,5,5,4,0.001
2025-07-05,4,Magni,Reynir S.,6,0,4,0.001
2025-07-05,4,Magni,Reynir S.,6,1,11,0.00275
2025-07-05,4,Magni,Reynir S.,6,2,4,0.001
2025-07-05,4,Magni,Reynir S.,6,3,3,7.5e-4
2025-07-05,4,Magni,Reynir S.,6,4,2,5e-4
2025-07-05,4,Magni,Reynir S.,6,5,1,2.5e-4
2025-07-05,4,Magni,Reynir S.,6,6,1,2.5e-4
2025-07-05,4,Magni,Reynir S.,7,0,3,7.5e-4
2025-07-05,4,Magni,Reynir S.,7,1,3,7.5e-4
2025-07-05,4,Magni,Reynir S.,7,2,2,5e-4
2025-07-05,4,Magni,Reynir S.,7,4,1,2.5e-4
2025-07-05,4,Magni,Reynir S.,8,1,1,2.5e-4
2025-07-05,4,Magni,Reynir S.,8,3,1,2.5e-4
2025-07-05,4,Magni,Reynir S.,10,3,1,2.5e-4
2025-07-06,1,KR,KA,0,0,250,0.0625
2025-07-06,1,KR,KA,0,1,309,0.07725
2025-07-06,1,KR,KA,0,2,228,0.057
2025-07-06,1,KR,KA,0,3,134,0.0335
2025-07-06,1,KR,KA,0,4,41,0.01025
2025-07-06,1,KR,KA,0,5,12,0.003
2025-07-06,1,KR,KA,0,6,3,7.5e-4
2025-07-06,1,KR,KA,0,7,1,2.5e-4
2025-07-06,1,KR,KA,0,8,1,2.5e-4
2025-07-06,1,KR,KA,1,0,294,0.0735
2025-07-06,1,KR,KA,1,1,461,0.11525
2025-07-06,1,KR,KA,1,2,310,0.0775
2025-07-06,1,KR,KA,1,3,176,0.044
2025-07-06,1,KR,KA,1,4,69,0.01725
2025-07-06,1,KR,KA,1,5,18,0.0045
2025-07-06,1,KR,KA,1,6,6,0.0015
2025-07-06,1,KR,KA,1,7,1,2.5e-4
2025-07-06,1,KR,KA,2,0,205,0.05125
2025-07-06,1,KR,KA,2,1,297,0.07425
2025-07-06,1,KR,KA,2,2,234,0.0585
2025-07-06,1,KR,KA,2,3,122,0.0305
2025-07-06,1,KR,KA,2,4,45,0.01125
2025-07-06,1,KR,KA,2,5,17,0.00425
2025-07-06,1,KR,KA,2,6,4,0.001
2025-07-06,1,KR,KA,2,7,1,2.5e-4
2025-07-06,1,KR,KA,2,8,1,2.5e-4
2025-07-06,1,KR,KA,3,0,114,0.0285
2025-07-06,1,KR,KA,3,1,135,0.03375
2025-07-06,1,KR,KA,3,2,123,0.03075
2025-07-06,1,KR,KA,3,3,56,0.014
2025-07-06,1,KR,KA,3,4,19,0.00475
2025-07-06,1,KR,KA,3,5,10,0.0025
2025-07-06,1,KR,KA,3,6,4,0.001
2025-07-06,1,KR,KA,3,7,2,5e-4
2025-07-06,1,KR,KA,4,0,38,0.0095
2025-07-06,1,KR,KA,4,1,68,0.017
2025-07-06,1,KR,KA,4,2,49,0.01225
2025-07-06,1,KR,KA,4,3,33,0.00825
2025-07-06,1,KR,KA,4,4,13,0.00325
2025-07-06,1,KR,KA,4,5,4,0.001
2025-07-06,1,KR,KA,5,0,20,0.005
2025-07-06,1,KR,KA,5,1,13,0.00325
2025-07-06,1,KR,KA,5,2,18,0.0045
2025-07-06,1,KR,KA,5,3,7,0.00175
2025-07-06,1,KR,KA,5,4,4,0.001
2025-07-06,1,KR,KA,5,5,3,7.5e-4
2025-07-06,1,KR,KA,6,0,1,2.5e-4
2025-07-06,1,KR,KA,6,1,4,0.001
2025-07-06,1,KR,KA,6,2,12,0.003
2025-07-06,1,KR,KA,6,3,2,5e-4
2025-07-06,1,KR,KA,6,4,2,5e-4
2025-07-06,1,KR,KA,6,5,1,2.5e-4
2025-07-06,1,KR,KA,7,0,2,5e-4
2025-07-06,1,KR,KA,7,1,1,2.5e-4
2025-07-06,1,KR,KA,7,3,1,2.5e-4
2025-07-06,1,KR,KA,7,4,1,2.5e-4
2025-07-07,1,FH,Stjarnan,0,0,41,0.01025
2025-07-07,1,FH,Stjarnan,0,1,87,0.02175
2025-07-07,1,FH,Stjarnan,0,2,116,0.029
2025-07-07,1,FH,Stjarnan,0,3,106,0.0265
2025-07-07,1,FH,Stjarnan,0,4,57,0.01425
2025-07-07,1,FH,Stjarnan,0,5,24,0.006
2025-07-07,1,FH,Stjarnan,0,6,17,0.00425
2025-07-07,1,FH,Stjarnan,0,7,6,0.0015
2025-07-07,1,FH,Stjarnan,0,8,3,7.5e-4
2025-07-07,1,FH,Stjarnan,0,9,1,2.5e-4
2025-07-07,1,FH,Stjarnan,0,10,1,2.5e-4
2025-07-07,1,FH,Stjarnan,1,0,85,0.02125
2025-07-07,1,FH,Stjarnan,1,1,206,0.0515
2025-07-07,1,FH,Stjarnan,1,2,217,0.05425
2025-07-07,1,FH,Stjarnan,1,3,201,0.05025
2025-07-07,1,FH,Stjarnan,1,4,122,0.0305
2025-07-07,1,FH,Stjarnan,1,5,73,0.01825
2025-07-07,1,FH,Stjarnan,1,6,34,0.0085
2025-07-07,1,FH,Stjarnan,1,7,16,0.004
2025-07-07,1,FH,Stjarnan,1,8,8,0.002
2025-07-07,1,FH,Stjarnan,1,10,2,5e-4
2025-07-07,1,FH,Stjarnan,2,0,88,0.022
2025-07-07,1,FH,Stjarnan,2,1,201,0.05025
2025-07-07,1,FH,Stjarnan,2,2,267,0.06675
2025-07-07,1,FH,Stjarnan,2,3,216,0.054
2025-07-07,1,FH,Stjarnan,2,4,112,0.028
2025-07-07,1,FH,Stjarnan,2,5,80,0.02
2025-07-07,1,FH,Stjarnan,2,6,38,0.0095
2025-07-07,1,FH,Stjarnan,2,7,10,0.0025
2025-07-07,1,FH,Stjarnan,2,8,5,0.00125
2025-07-07,1,FH,Stjarnan,2,10,4,0.001
2025-07-07,1,FH,Stjarnan,3,0,51,0.01275
2025-07-07,1,FH,Stjarnan,3,1,152,0.038
2025-07-07,1,FH,Stjarnan,3,2,194,0.0485
2025-07-07,1,FH,Stjarnan,3,3,163,0.04075
2025-07-07,1,FH,Stjarnan,3,4,91,0.02275
2025-07-07,1,FH,Stjarnan,3,5,63,0.01575
2025-07-07,1,FH,Stjarnan,3,6,27,0.00675
2025-07-07,1,FH,Stjarnan,3,7,11,0.00275
2025-07-07,1,FH,Stjarnan,3,8,2,5e-4
2025-07-07,1,FH,Stjarnan,3,9,2,5e-4
2025-07-07,1,FH,Stjarnan,4,0,40,0.01
2025-07-07,1,FH,Stjarnan,4,1,68,0.017
2025-07-07,1,FH,Stjarnan,4,2,86,0.0215
2025-07-07,1,FH,Stjarnan,4,3,83,0.02075
2025-07-07,1,FH,Stjarnan,4,4,73,0.01825
2025-07-07,1,FH,Stjarnan,4,5,41,0.01025
2025-07-07,1,FH,Stjarnan,4,6,13,0.00325
2025-07-07,1,FH,Stjarnan,4,7,7,0.00175
2025-07-07,1,FH,Stjarnan,4,8,4,0.001
2025-07-07,1,FH,Stjarnan,4,9,1,2.5e-4
2025-07-07,1,FH,Stjarnan,4,10,1,2.5e-4
2025-07-07,1,FH,Stjarnan,5,0,21,0.00525
2025-07-07,1,FH,Stjarnan,5,1,40,0.01
2025-07-07,1,FH,Stjarnan,5,2,57,0.01425
2025-07-07,1,FH,Stjarnan,5,3,50,0.0125
2025-07-07,1,FH,Stjarnan,5,4,29,0.00725
2025-07-07,1,FH,Stjarnan,5,5,23,0.00575
2025-07-07,1,FH,Stjarnan,5,6,8,0.002
2025-07-07,1,FH,Stjarnan,5,7,1,2.5e-4
2025-07-07,1,FH,Stjarnan,5,9,1,2.5e-4
2025-07-07,1,FH,Stjarnan,6,0,3,7.5e-4
2025-07-07,1,FH,Stjarnan,6,1,22,0.0055
2025-07-07,1,FH,Stjarnan,6,2,35,0.00875
2025-07-07,1,FH,Stjarnan,6,3,21,0.00525
2025-07-07,1,FH,Stjarnan,6,4,12,0.003
2025-07-07,1,FH,Stjarnan,6,5,5,0.00125
2025-07-07,1,FH,Stjarnan,6,6,7,0.00175
2025-07-07,1,FH,Stjarnan,6,8,2,5e-4
2025-07-07,1,FH,Stjarnan,6,9,1,2.5e-4
2025-07-07,1,FH,Stjarnan,7,0,2,5e-4
2025-07-07,1,FH,Stjarnan,7,1,8,0.002
2025-07-07,1,FH,Stjarnan,7,2,7,0.00175
2025-07-07,1,FH,Stjarnan,7,3,5,0.00125
2025-07-07,1,FH,Stjarnan,7,4,3,7.5e-4
2025-07-07,1,FH,Stjarnan,7,5,2,5e-4
2025-07-07,1,FH,Stjarnan,7,6,1,2.5e-4
2025-07-07,1,FH,Stjarnan,7,7,1,2.5e-4
2025-07-07,1,FH,Stjarnan,8,1,2,5e-4
2025-07-07,1,FH,Stjarnan,8,2,3,7.5e-4
2025-07-07,1,FH,Stjarnan,8,3,3,7.5e-4
2025-07-07,1,FH,Stjarnan,8,4,1,2.5e-4
2025-07-07,1,FH,Stjarnan,8,5,1,2.5e-4
2025-07-07,1,FH,Stjarnan,8,7,1,2.5e-4
2025-07-07,1,FH,Stjarnan,9,3,2,5e-4
2025-07-07,1,FH,Stjarnan,9,4,1,2.5e-4
2025-07-07,1,FH,Stjarnan,9,5,1,2.5e-4
2025-07-07,1,FH,Stjarnan,10,2,1,2.5e-4
2025-07-14,1,Afturelding,Fram,0,0,243,0.06075
2025-07-14,1,Afturelding,Fram,0,1,261,0.06525
2025-07-14,1,Afturelding,Fram,0,2,164,0.041
2025-07-14,1,Afturelding,Fram,0,3,48,0.012
2025-07-14,1,Afturelding,Fram,0,4,24,0.006
2025-07-14,1,Afturelding,Fram,0,5,4,0.001
2025-07-14,1,Afturelding,Fram,1,0,338,0.0845
2025-07-14,1,Afturelding,Fram,1,1,406,0.1015
2025-07-14,1,Afturelding,Fram,1,2,259,0.06475
2025-07-14,1,Afturelding,Fram,1,3,125,0.03125
2025-07-14,1,Afturelding,Fram,1,4,46,0.0115
2025-07-14,1,Afturelding,Fram,1,5,9,0.00225
2025-07-14,1,Afturelding,Fram,2,0,309,0.07725
2025-07-14,1,Afturelding,Fram,2,1,323,0.08075
2025-07-14,1,Afturelding,Fram,2,2,238,0.0595
2025-07-14,1,Afturelding,Fram,2,3,85,0.02125
2025-07-14,1,Afturelding,Fram,2,4,31,0.00775
2025-07-14,1,Afturelding,Fram,2,5,11,0.00275
2025-07-14,1,Afturelding,Fram,3,0,190,0.0475
2025-07-14,1,Afturelding,Fram,3,1,225,0.05625
2025-07-14,1,Afturelding,Fram,3,2,129,0.03225
2025-07-14,1,Afturelding,Fram,3,3,80,0.02
2025-07-14,1,Afturelding,Fram,3,4,21,0.00525
2025-07-14,1,Afturelding,Fram,3,5,2,5e-4
2025-07-14,1,Afturelding,Fram,3,6,1,2.5e-4
2025-07-14,1,Afturelding,Fram,4,0,72,0.018
2025-07-14,1,Afturelding,Fram,4,1,106,0.0265
2025-07-14,1,Afturelding,Fram,4,2,62,0.0155
2025-07-14,1,Afturelding,Fram,4,3,29,0.00725
2025-07-14,1,Afturelding,Fram,4,4,8,0.002
2025-07-14,1,Afturelding,Fram,4,7,1,2.5e-4
2025-07-14,1,Afturelding,Fram,5,0,26,0.0065
2025-07-14,1,Afturelding,Fram,5,1,33,0.00825
2025-07-14,1,Afturelding,Fram,5,2,28,0.007
2025-07-14,1,Afturelding,Fram,5,3,9,0.00225
2025-07-14,1,Afturelding,Fram,5,4,3,7.5e-4
2025-07-14,1,Afturelding,Fram,5,5,3,7.5e-4
2025-07-14,1,Afturelding,Fram,6,0,13,0.00325
2025-07-14,1,Afturelding,Fram,6,1,8,0.002
2025-07-14,1,Afturelding,Fram,6,2,4,0.001
2025-07-14,1,Afturelding,Fram,6,3,6,0.0015
2025-07-14,1,Afturelding,Fram,6,4,1,2.5e-4
2025-07-14,1,Afturelding,Fram,7,0,2,5e-4
2025-07-14,1,Afturelding,Fram,7,1,3,7.5e-4
2025-07-14,1,Afturelding,Fram,7,2,2,5e-4
2025-07-14,1,Afturelding,Fram,7,3,2,5e-4
2025-07-14,1,Afturelding,Fram,7,4,1,2.5e-4
2025-07-14,1,Afturelding,Fram,8,0,2,5e-4
2025-07-14,1,Afturelding,Fram,8,1,3,7.5e-4
2025-07-14,1,Afturelding,Fram,10,2,1,2.5e-4
2025-07-14,1,ÍA,KR,0,0,300,0.075
2025-07-14,1,ÍA,KR,0,1,212,0.053
2025-07-14,1,ÍA,KR,0,2,90,0.0225
2025-07-14,1,ÍA,KR,0,3,20,0.005
2025-07-14,1,ÍA,KR,0,4,11,0.00275
2025-07-14,1,ÍA,KR,0,5,2,5e-4
2025-07-14,1,ÍA,KR,1,0,539,0.13475
2025-07-14,1,ÍA,KR,1,1,381,0.09525
2025-07-14,1,ÍA,KR,1,2,155,0.03875
2025-07-14,1,ÍA,KR,1,3,32,0.008
2025-07-14,1,ÍA,KR,1,4,6,0.0015
2025-07-14,1,ÍA,KR,1,5,4,0.001
2025-07-14,1,ÍA,KR,2,0,483,0.12075
2025-07-14,1,ÍA,KR,2,1,341,0.08525
2025-07-14,1,ÍA,KR,2,2,140,0.035
2025-07-14,1,ÍA,KR,2,3,40,0.01
2025-07-14,1,ÍA,KR,2,4,9,0.00225
2025-07-14,1,ÍA,KR,2,6,1,2.5e-4
2025-07-14,1,ÍA,KR,3,0,322,0.0805
2025-07-14,1,ÍA,KR,3,1,214,0.0535
2025-07-14,1,ÍA,KR,3,2,97,0.02425
2025-07-14,1,ÍA,KR,3,3,33,0.00825
2025-07-14,1,ÍA,KR,3,4,5,0.00125
2025-07-14,1,ÍA,KR,3,5,2,5e-4
2025-07-14,1,ÍA,KR,4,0,157,0.03925
2025-07-14,1,ÍA,KR,4,1,134,0.0335
2025-07-14,1,ÍA,KR,4,2,41,0.01025
2025-07-14,1,ÍA,KR,4,3,15,0.00375
2025-07-14,1,ÍA,KR,4,4,2,5e-4
2025-07-14,1,ÍA,KR,5,0,67,0.01675
2025-07-14,1,ÍA,KR,5,1,51,0.01275
2025-07-14,1,ÍA,KR,5,2,17,0.00425
2025-07-14,1,ÍA,KR,5,3,6,0.0015
2025-07-14,1,ÍA,KR,5,4,2,5e-4
2025-07-14,1,ÍA,KR,6,0,24,0.006
2025-07-14,1,ÍA,KR,6,1,14,0.0035
2025-07-14,1,ÍA,KR,6,2,7,0.00175
2025-07-14,1,ÍA,KR,6,3,2,5e-4
2025-07-14,1,ÍA,KR,7,0,9,0.00225
2025-07-14,1,ÍA,KR,7,1,4,0.001
2025-07-14,1,ÍA,KR,7,2,3,7.5e-4
2025-07-14,1,ÍA,KR,8,0,3,7.5e-4
2025-07-14,1,ÍA,KR,8,1,1,2.5e-4
2025-07-14,1,ÍA,KR,8,2,1,2.5e-4
2025-07-14,1,ÍA,KR,9,1,1,2.5e-4
2025-07-14,1,ÍBV,Stjarnan,0,0,246,0.0615
2025-07-14,1,ÍBV,Stjarnan,0,1,249,0.06225
2025-07-14,1,ÍBV,Stjarnan,0,2,182,0.0455
2025-07-14,1,ÍBV,Stjarnan,0,3,71,0.01775
2025-07-14,1,ÍBV,Stjarnan,0,4,28,0.007
2025-07-14,1,ÍBV,Stjarnan,0,5,9,0.00225
2025-07-14,1,ÍBV,Stjarnan,0,6,6,0.0015
2025-07-14,1,ÍBV,Stjarnan,1,0,305,0.07625
2025-07-14,1,ÍBV,Stjarnan,1,1,439,0.10975
2025-07-14,1,ÍBV,Stjarnan,1,2,282,0.0705
2025-07-14,1,ÍBV,Stjarnan,1,3,139,0.03475
2025-07-14,1,ÍBV,Stjarnan,1,4,45,0.01125
2025-07-14,1,ÍBV,Stjarnan,1,5,16,0.004
2025-07-14,1,ÍBV,Stjarnan,1,6,2,5e-4
2025-07-14,1,ÍBV,Stjarnan,1,7,4,0.001
2025-07-14,1,ÍBV,Stjarnan,2,0,264,0.066
2025-07-14,1,ÍBV,Stjarnan,2,1,355,0.08875
2025-07-14,1,ÍBV,Stjarnan,2,2,247,0.06175
2025-07-14,1,ÍBV,Stjarnan,2,3,131,0.03275
2025-07-14,1,ÍBV,Stjarnan,2,4,36,0.009
2025-07-14,1,ÍBV,Stjarnan,2,5,18,0.0045
2025-07-14,1,ÍBV,Stjarnan,2,6,3,7.5e-4
2025-07-14,1,ÍBV,Stjarnan,3,0,137,0.03425
2025-07-14,1,ÍBV,Stjarnan,3,1,197,0.04925
2025-07-14,1,ÍBV,Stjarnan,3,2,121,0.03025
2025-07-14,1,ÍBV,Stjarnan,3,3,61,0.01525
2025-07-14,1,ÍBV,Stjarnan,3,4,21,0.00525
2025-07-14,1,ÍBV,Stjarnan,3,5,8,0.002
2025-07-14,1,ÍBV,Stjarnan,3,6,3,7.5e-4
2025-07-14,1,ÍBV,Stjarnan,3,7,1,2.5e-4
2025-07-14,1,ÍBV,Stjarnan,4,0,67,0.01675
2025-07-14,1,ÍBV,Stjarnan,4,1,86,0.0215
2025-07-14,1,ÍBV,Stjarnan,4,2,43,0.01075
2025-07-14,1,ÍBV,Stjarnan,4,3,29,0.00725
2025-07-14,1,ÍBV,Stjarnan,4,4,15,0.00375
2025-07-14,1,ÍBV,Stjarnan,4,5,2,5e-4
2025-07-14,1,ÍBV,Stjarnan,5,0,21,0.00525
2025-07-14,1,ÍBV,Stjarnan,5,1,35,0.00875
2025-07-14,1,ÍBV,Stjarnan,5,2,23,0.00575
2025-07-14,1,ÍBV,Stjarnan,5,3,11,0.00275
2025-07-14,1,ÍBV,Stjarnan,5,4,4,0.001
2025-07-14,1,ÍBV,Stjarnan,5,5,2,5e-4
2025-07-14,1,ÍBV,Stjarnan,6,0,7,0.00175
2025-07-14,1,ÍBV,Stjarnan,6,1,13,0.00325
2025-07-14,1,ÍBV,Stjarnan,6,2,7,0.00175
2025-07-14,1,ÍBV,Stjarnan,6,3,1,2.5e-4
2025-07-14,1,ÍBV,Stjarnan,6,5,2,5e-4
2025-07-14,1,ÍBV,Stjarnan,7,0,2,5e-4
2025-07-14,1,ÍBV,Stjarnan,7,1,1,2.5e-4
2025-07-14,1,ÍBV,Stjarnan,7,2,1,2.5e-4
2025-07-14,1,ÍBV,Stjarnan,7,3,1,2.5e-4
2025-07-14,1,ÍBV,Stjarnan,8,0,1,2.5e-4
2025-07-19,1,Breiðablik,Vestri,0,0,119,0.02975
2025-07-19,1,Breiðablik,Vestri,0,1,173,0.04325
2025-07-19,1,Breiðablik,Vestri,0,2,124,0.031
2025-07-19,1,Breiðablik,Vestri,0,3,47,0.01175
2025-07-19,1,Breiðablik,Vestri,0,4,29,0.00725
2025-07-19,1,Breiðablik,Vestri,0,5,6,0.0015
2025-07-19,1,Breiðablik,Vestri,0,6,2,5e-4
2025-07-19,1,Breiðablik,Vestri,0,8,2,5e-4
2025-07-19,1,Breiðablik,Vestri,1,0,231,0.05775
2025-07-19,1,Breiðablik,Vestri,1,1,333,0.08325
2025-07-19,1,Breiðablik,Vestri,1,2,243,0.06075
2025-07-19,1,Breiðablik,Vestri,1,3,113,0.02825
2025-07-19,1,Breiðablik,Vestri,1,4,39,0.00975
2025-07-19,1,Breiðablik,Vestri,1,5,21,0.00525
2025-07-19,1,Breiðablik,Vestri,1,6,7,0.00175
2025-07-19,1,Breiðablik,Vestri,1,7,4,0.001
2025-07-19,1,Breiðablik,Vestri,2,0,242,0.0605
2025-07-19,1,Breiðablik,Vestri,2,1,322,0.0805
2025-07-19,1,Breiðablik,Vestri,2,2,231,0.05775
2025-07-19,1,Breiðablik,Vestri,2,3,123,0.03075
2025-07-19,1,Breiðablik,Vestri,2,4,29,0.00725
2025-07-19,1,Breiðablik,Vestri,2,5,14,0.0035
2025-07-19,1,Breiðablik,Vestri,2,6,7,0.00175
2025-07-19,1,Breiðablik,Vestri,2,7,1,2.5e-4
2025-07-19,1,Breiðablik,Vestri,3,0,185,0.04625
2025-07-19,1,Breiðablik,Vestri,3,1,265,0.06625
2025-07-19,1,Breiðablik,Vestri,3,2,183,0.04575
2025-07-19,1,Breiðablik,Vestri,3,3,115,0.02875
2025-07-19,1,Breiðablik,Vestri,3,4,25,0.00625
2025-07-19,1,Breiðablik,Vestri,3,5,12,0.003
2025-07-19,1,Breiðablik,Vestri,3,6,4,0.001
2025-07-19,1,Breiðablik,Vestri,3,7,2,5e-4
2025-07-19,1,Breiðablik,Vestri,4,0,107,0.02675
2025-07-19,1,Breiðablik,Vestri,4,1,131,0.03275
2025-07-19,1,Breiðablik,Vestri,4,2,97,0.02425
2025-07-19,1,Breiðablik,Vestri,4,3,65,0.01625
2025-07-19,1,Breiðablik,Vestri,4,4,22,0.0055
2025-07-19,1,Breiðablik,Vestri,4,5,8,0.002
2025-07-19,1,Breiðablik,Vestri,4,6,1,2.5e-4
2025-07-19,1,Breiðablik,Vestri,5,0,47,0.01175
2025-07-19,1,Breiðablik,Vestri,5,1,60,0.015
2025-07-19,1,Breiðablik,Vestri,5,2,51,0.01275
2025-07-19,1,Breiðablik,Vestri,5,3,30,0.0075
2025-07-19,1,Breiðablik,Vestri,5,4,13,0.00325
2025-07-19,1,Breiðablik,Vestri,5,5,3,7.5e-4
2025-07-19,1,Breiðablik,Vestri,5,6,1,2.5e-4
2025-07-19,1,Breiðablik,Vestri,6,0,18,0.0045
2025-07-19,1,Breiðablik,Vestri,6,1,18,0.0045
2025-07-19,1,Breiðablik,Vestri,6,2,17,0.00425
2025-07-19,1,Breiðablik,Vestri,6,3,4,0.001
2025-07-19,1,Breiðablik,Vestri,6,4,5,0.00125
2025-07-19,1,Breiðablik,Vestri,6,5,1,2.5e-4
2025-07-19,1,Breiðablik,Vestri,6,6,2,5e-4
2025-07-19,1,Breiðablik,Vestri,6,7,1,2.5e-4
2025-07-19,1,Breiðablik,Vestri,7,0,8,0.002
2025-07-19,1,Breiðablik,Vestri,7,1,10,0.0025
2025-07-19,1,Breiðablik,Vestri,7,2,7,0.00175
2025-07-19,1,Breiðablik,Vestri,7,3,5,0.00125
2025-07-19,1,Breiðablik,Vestri,7,4,2,5e-4
2025-07-19,1,Breiðablik,Vestri,7,5,1,2.5e-4
2025-07-19,1,Breiðablik,Vestri,8,0,4,0.001
2025-07-19,1,Breiðablik,Vestri,8,1,3,7.5e-4
2025-07-19,1,Breiðablik,Vestri,9,0,1,2.5e-4
2025-07-19,1,Breiðablik,Vestri,9,1,1,2.5e-4
2025-07-19,1,Breiðablik,Vestri,9,2,2,5e-4
2025-07-19,1,Breiðablik,Vestri,10,4,1,2.5e-4
2025-07-20,1,FH,KA,0,0,359,0.08975
2025-07-20,1,FH,KA,0,1,329,0.08225
2025-07-20,1,FH,KA,0,2,191,0.04775
2025-07-20,1,FH,KA,0,3,87,0.02175
2025-07-20,1,FH,KA,0,4,18,0.0045
2025-07-20,1,FH,KA,0,5,7,0.00175
2025-07-20,1,FH,KA,0,6,2,5e-4
2025-07-20,1,FH,KA,1,0,456,0.114
2025-07-20,1,FH,KA,1,1,511,0.12775
2025-07-20,1,FH,KA,1,2,282,0.0705
2025-07-20,1,FH,KA,1,3,85,0.02125
2025-07-20,1,FH,KA,1,4,35,0.00875
2025-07-20,1,FH,KA,1,5,5,0.00125
2025-07-20,1,FH,KA,1,6,1,2.5e-4
2025-07-20,1,FH,KA,2,0,334,0.0835
2025-07-20,1,FH,KA,2,1,332,0.083
2025-07-20,1,FH,KA,2,2,178,0.0445
2025-07-20,1,FH,KA,2,3,70,0.0175
2025-07-20,1,FH,KA,2,4,18,0.0045
2025-07-20,1,FH,KA,2,5,2,5e-4
2025-07-20,1,FH,KA,2,7,1,2.5e-4
2025-07-20,1,FH,KA,3,0,153,0.03825
2025-07-20,1,FH,KA,3,1,147,0.03675
2025-07-20,1,FH,KA,3,2,86,0.0215
2025-07-20,1,FH,KA,3,3,40,0.01
2025-07-20,1,FH,KA,3,4,12,0.003
2025-07-20,1,FH,KA,3,5,3,7.5e-4
2025-07-20,1,FH,KA,3,6,2,5e-4
2025-07-20,1,FH,KA,4,0,55,0.01375
2025-07-20,1,FH,KA,4,1,73,0.01825
2025-07-20,1,FH,KA,4,2,29,0.00725
2025-07-20,1,FH,KA,4,3,14,0.0035
2025-07-20,1,FH,KA,4,4,8,0.002
2025-07-20,1,FH,KA,4,5,2,5e-4
2025-07-20,1,FH,KA,5,0,18,0.0045
2025-07-20,1,FH,KA,5,1,18,0.0045
2025-07-20,1,FH,KA,5,2,14,0.0035
2025-07-20,1,FH,KA,5,3,4,0.001
2025-07-20,1,FH,KA,5,4,3,7.5e-4
2025-07-20,1,FH,KA,6,0,6,0.0015
2025-07-20,1,FH,KA,6,1,5,0.00125
2025-07-20,1,FH,KA,6,2,2,5e-4
2025-07-20,1,FH,KA,6,4,1,2.5e-4
2025-07-20,1,FH,KA,7,0,1,2.5e-4
2025-07-20,1,FH,KA,7,3,1,2.5e-4
2025-07-20,1,Víkingur R.,Valur,0,0,148,0.037
2025-07-20,1,Víkingur R.,Valur,0,1,110,0.0275
2025-07-20,1,Víkingur R.,Valur,0,2,68,0.017
2025-07-20,1,Víkingur R.,Valur,0,3,26,0.0065
2025-07-20,1,Víkingur R.,Valur,0,4,5,0.00125
2025-07-20,1,Víkingur R.,Valur,0,5,2,5e-4
2025-07-20,1,Víkingur R.,Valur,0,6,1,2.5e-4
2025-07-20,1,Víkingur R.,Valur,1,0,291,0.07275
2025-07-20,1,Víkingur R.,Valur,1,1,285,0.07125
2025-07-20,1,Víkingur R.,Valur,1,2,151,0.03775
2025-07-20,1,Víkingur R.,Valur,1,3,69,0.01725
2025-07-20,1,Víkingur R.,Valur,1,4,17,0.00425
2025-07-20,1,Víkingur R.,Valur,1,5,6,0.0015
2025-07-20,1,Víkingur R.,Valur,1,6,1,2.5e-4
2025-07-20,1,Víkingur R.,Valur,2,0,369,0.09225
2025-07-20,1,Víkingur R.,Valur,2,1,330,0.0825
2025-07-20,1,Víkingur R.,Valur,2,2,202,0.0505
2025-07-20,1,Víkingur R.,Valur,2,3,61,0.01525
2025-07-20,1,Víkingur R.,Valur,2,4,17,0.00425
2025-07-20,1,Víkingur R.,Valur,2,5,4,0.001
2025-07-20,1,Víkingur R.,Valur,3,0,289,0.07225
2025-07-20,1,Víkingur R.,Valur,3,1,269,0.06725
2025-07-20,1,Víkingur R.,Valur,3,2,154,0.0385
2025-07-20,1,Víkingur R.,Valur,3,3,61,0.01525
2025-07-20,1,Víkingur R.,Valur,3,4,21,0.00525
2025-07-20,1,Víkingur R.,Valur,3,5,9,0.00225
2025-07-20,1,Víkingur R.,Valur,3,6,1,2.5e-4
2025-07-20,1,Víkingur R.,Valur,4,0,178,0.0445
2025-07-20,1,Víkingur R.,Valur,4,1,194,0.0485
2025-07-20,1,Víkingur R.,Valur,4,2,110,0.0275
2025-07-20,1,Víkingur R.,Valur,4,3,45,0.01125
2025-07-20,1,Víkingur R.,Valur,4,4,9,0.00225
2025-07-20,1,Víkingur R.,Valur,4,5,6,0.0015
2025-07-20,1,Víkingur R.,Valur,4,6,1,2.5e-4
2025-07-20,1,Víkingur R.,Valur,4,8,1,2.5e-4
2025-07-20,1,Víkingur R.,Valur,5,0,104,0.026
2025-07-20,1,Víkingur R.,Valur,5,1,100,0.025
2025-07-20,1,Víkingur R.,Valur,5,2,46,0.0115
2025-07-20,1,Víkingur R.,Valur,5,3,23,0.00575
2025-07-20,1,Víkingur R.,Valur,5,4,7,0.00175
2025-07-20,1,Víkingur R.,Valur,5,5,1,2.5e-4
2025-07-20,1,Víkingur R.,Valur,6,0,41,0.01025
2025-07-20,1,Víkingur R.,Valur,6,1,44,0.011
2025-07-20,1,Víkingur R.,Valur,6,2,24,0.006
2025-07-20,1,Víkingur R.,Valur,6,3,10,0.0025
2025-07-20,1,Víkingur R.,Valur,6,4,3,7.5e-4
2025-07-20,1,Víkingur R.,Valur,6,5,1,2.5e-4
2025-07-20,1,Víkingur R.,Valur,7,0,28,0.007
2025-07-20,1,Víkingur R.,Valur,7,1,14,0.0035
2025-07-20,1,Víkingur R.,Valur,7,2,8,0.002
2025-07-20,1,Víkingur R.,Valur,7,3,3,7.5e-4
2025-07-20,1,Víkingur R.,Valur,7,4,2,5e-4
2025-07-20,1,Víkingur R.,Valur,7,5,1,2.5e-4
2025-07-20,1,Víkingur R.,Valur,8,0,3,7.5e-4
2025-07-20,1,Víkingur R.,Valur,8,1,5,0.00125
2025-07-20,1,Víkingur R.,Valur,8,2,5,0.00125
2025-07-20,1,Víkingur R.,Valur,8,3,1,2.5e-4
2025-07-20,1,Víkingur R.,Valur,8,4,1,2.5e-4
2025-07-20,1,Víkingur R.,Valur,9,0,3,7.5e-4
2025-07-20,1,Víkingur R.,Valur,9,1,5,0.00125
2025-07-20,1,Víkingur R.,Valur,9,2,3,7.5e-4
2025-07-20,1,Víkingur R.,Valur,9,3,1,2.5e-4
2025-07-20,1,Víkingur R.,Valur,10,0,2,5e-4
2025-07-27,1,Fram,Víkingur R.,0,0,91,0.02275
2025-07-27,1,Fram,Víkingur R.,0,1,166,0.0415
2025-07-27,1,Fram,Víkingur R.,0,2,164,0.041
2025-07-27,1,Fram,Víkingur R.,0,3,110,0.0275
2025-07-27,1,Fram,Víkingur R.,0,4,67,0.01675
2025-07-27,1,Fram,Víkingur R.,0,5,35,0.00875
2025-07-27,1,Fram,Víkingur R.,0,6,12,0.003
2025-07-27,1,Fram,Víkingur R.,0,7,2,5e-4
2025-07-27,1,Fram,Víkingur R.,0,8,3,7.5e-4
2025-07-27,1,Fram,Víkingur R.,1,0,132,0.033
2025-07-27,1,Fram,Víkingur R.,1,1,288,0.072
2025-07-27,1,Fram,Víkingur R.,1,2,259,0.06475
2025-07-27,1,Fram,Víkingur R.,1,3,218,0.0545
2025-07-27,1,Fram,Víkingur R.,1,4,111,0.02775
2025-07-27,1,Fram,Víkingur R.,1,5,47,0.01175
2025-07-27,1,Fram,Víkingur R.,1,6,19,0.00475
2025-07-27,1,Fram,Víkingur R.,1,7,14,0.0035
2025-07-27,1,Fram,Víkingur R.,1,8,2,5e-4
2025-07-27,1,Fram,Víkingur R.,1,9,1,2.5e-4
2025-07-27,1,Fram,Víkingur R.,2,0,116,0.029
2025-07-27,1,Fram,Víkingur R.,2,1,251,0.06275
2025-07-27,1,Fram,Víkingur R.,2,2,267,0.06675
2025-07-27,1,Fram,Víkingur R.,2,3,175,0.04375
2025-07-27,1,Fram,Víkingur R.,2,4,90,0.0225
2025-07-27,1,Fram,Víkingur R.,2,5,63,0.01575
2025-07-27,1,Fram,Víkingur R.,2,6,20,0.005
2025-07-27,1,Fram,Víkingur R.,2,7,12,0.003
2025-07-27,1,Fram,Víkingur R.,2,8,2,5e-4
2025-07-27,1,Fram,Víkingur R.,3,0,87,0.02175
2025-07-27,1,Fram,Víkingur R.,3,1,173,0.04325
2025-07-27,1,Fram,Víkingur R.,3,2,153,0.03825
2025-07-27,1,Fram,Víkingur R.,3,3,145,0.03625
2025-07-27,1,Fram,Víkingur R.,3,4,84,0.021
2025-07-27,1,Fram,Víkingur R.,3,5,34,0.0085
2025-07-27,1,Fram,Víkingur R.,3,6,18,0.0045
2025-07-27,1,Fram,Víkingur R.,3,7,3,7.5e-4
2025-07-27,1,Fram,Víkingur R.,3,8,1,2.5e-4
2025-07-27,1,Fram,Víkingur R.,4,0,47,0.01175
2025-07-27,1,Fram,Víkingur R.,4,1,86,0.0215
2025-07-27,1,Fram,Víkingur R.,4,2,78,0.0195
2025-07-27,1,Fram,Víkingur R.,4,3,62,0.0155
2025-07-27,1,Fram,Víkingur R.,4,4,46,0.0115
2025-07-27,1,Fram,Víkingur R.,4,5,24,0.006
2025-07-27,1,Fram,Víkingur R.,4,6,5,0.00125
2025-07-27,1,Fram,Víkingur R.,4,7,1,2.5e-4
2025-07-27,1,Fram,Víkingur R.,4,10,1,2.5e-4
2025-07-27,1,Fram,Víkingur R.,5,0,19,0.00475
2025-07-27,1,Fram,Víkingur R.,5,1,37,0.00925
2025-07-27,1,Fram,Víkingur R.,5,2,38,0.0095
2025-07-27,1,Fram,Víkingur R.,5,3,22,0.0055
2025-07-27,1,Fram,Víkingur R.,5,4,14,0.0035
2025-07-27,1,Fram,Víkingur R.,5,5,8,0.002
2025-07-27,1,Fram,Víkingur R.,5,6,2,5e-4
2025-07-27,1,Fram,Víkingur R.,5,7,1,2.5e-4
2025-07-27,1,Fram,Víkingur R.,5,9,1,2.5e-4
2025-07-27,1,Fram,Víkingur R.,6,0,8,0.002
2025-07-27,1,Fram,Víkingur R.,6,1,11,0.00275
2025-07-27,1,Fram,Víkingur R.,6,2,13,0.00325
2025-07-27,1,Fram,Víkingur R.,6,3,12,0.003
2025-07-27,1,Fram,Víkingur R.,6,4,6,0.0015
2025-07-27,1,Fram,Víkingur R.,6,5,1,2.5e-4
2025-07-27,1,Fram,Víkingur R.,6,6,2,5e-4
2025-07-27,1,Fram,Víkingur R.,7,0,1,2.5e-4
2025-07-27,1,Fram,Víkingur R.,7,1,5,0.00125
2025-07-27,1,Fram,Víkingur R.,7,2,4,0.001
2025-07-27,1,Fram,Víkingur R.,7,3,2,5e-4
2025-07-27,1,Fram,Víkingur R.,7,4,1,2.5e-4
2025-07-27,1,Fram,Víkingur R.,8,0,1,2.5e-4
2025-07-27,1,Fram,Víkingur R.,8,1,2,5e-4
2025-07-27,1,Fram,Víkingur R.,8,2,2,5e-4
2025-07-27,1,Fram,Víkingur R.,8,3,1,2.5e-4
2025-07-27,1,Fram,Víkingur R.,9,3,1,2.5e-4
2025-07-27,1,KA,ÍA,0,0,184,0.046
2025-07-27,1,KA,ÍA,0,1,325,0.08125
2025-07-27,1,KA,ÍA,0,2,283,0.07075
2025-07-27,1,KA,ÍA,0,3,223,0.05575
2025-07-27,1,KA,ÍA,0,4,121,0.03025
2025-07-27,1,KA,ÍA,0,5,45,0.01125
2025-07-27,1,KA,ÍA,0,6,17,0.00425
2025-07-27,1,KA,ÍA,0,7,7,0.00175
2025-07-27,1,KA,ÍA,0,8,1,2.5e-4
2025-07-27,1,KA,ÍA,0,9,1,2.5e-4
2025-07-27,1,KA,ÍA,0,12,1,2.5e-4
2025-07-27,1,KA,ÍA,1,0,187,0.04675
2025-07-27,1,KA,ÍA,1,1,346,0.0865
2025-07-27,1,KA,ÍA,1,2,336,0.084
2025-07-27,1,KA,ÍA,1,3,241,0.06025
2025-07-27,1,KA,ÍA,1,4,144,0.036
2025-07-27,1,KA,ÍA,1,5,64,0.016
2025-07-27,1,KA,ÍA,1,6,24,0.006
2025-07-27,1,KA,ÍA,1,7,9,0.00225
2025-07-27,1,KA,ÍA,1,8,1,2.5e-4
2025-07-27,1,KA,ÍA,1,9,5,0.00125
2025-07-27,1,KA,ÍA,1,10,1,2.5e-4
2025-07-27,1,KA,ÍA,2,0,133,0.03325
2025-07-27,1,KA,ÍA,2,1,244,0.061
2025-07-27,1,KA,ÍA,2,2,218,0.0545
2025-07-27,1,KA,ÍA,2,3,168,0.042
2025-07-27,1,KA,ÍA,2,4,96,0.024
2025-07-27,1,KA,ÍA,2,5,48,0.012
2025-07-27,1,KA,ÍA,2,6,23,0.00575
2025-07-27,1,KA,ÍA,2,7,4,0.001
2025-07-27,1,KA,ÍA,2,8,2,5e-4
2025-07-27,1,KA,ÍA,3,0,37,0.00925
2025-07-27,1,KA,ÍA,3,1,77,0.01925
2025-07-27,1,KA,ÍA,3,2,87,0.02175
2025-07-27,1,KA,ÍA,3,3,73,0.01825
2025-07-27,1,KA,ÍA,3,4,36,0.009
2025-07-27,1,KA,ÍA,3,5,11,0.00275
2025-07-27,1,KA,ÍA,3,6,9,0.00225
2025-07-27,1,KA,ÍA,3,7,1,2.5e-4
2025-07-27,1,KA,ÍA,3,8,2,5e-4
2025-07-27,1,KA,ÍA,4,0,12,0.003
2025-07-27,1,KA,ÍA,4,1,25,0.00625
2025-07-27,1,KA,ÍA,4,2,32,0.008
2025-07-27,1,KA,ÍA,4,3,24,0.006
2025-07-27,1,KA,ÍA,4,4,18,0.0045
2025-07-27,1,KA,ÍA,4,5,14,0.0035
2025-07-27,1,KA,ÍA,4,6,1,2.5e-4
2025-07-27,1,KA,ÍA,5,0,2,5e-4
2025-07-27,1,KA,ÍA,5,1,8,0.002
2025-07-27,1,KA,ÍA,5,2,5,0.00125
2025-07-27,1,KA,ÍA,5,3,6,0.0015
2025-07-27,1,KA,ÍA,5,4,4,0.001
2025-07-27,1,KA,ÍA,5,5,2,5e-4
2025-07-27,1,KA,ÍA,5,6,3,7.5e-4
2025-07-27,1,KA,ÍA,6,0,1,2.5e-4
2025-07-27,1,KA,ÍA,6,1,1,2.5e-4
2025-07-27,1,KA,ÍA,6,2,2,5e-4
2025-07-27,1,KA,ÍA,6,3,3,7.5e-4
2025-07-27,1,KA,ÍA,7,1,1,2.5e-4
2025-07-27,1,KA,ÍA,7,2,1,2.5e-4
2025-07-27,1,KR,Breiðablik,0,0,143,0.03575
2025-07-27,1,KR,Breiðablik,0,1,123,0.03075
2025-07-27,1,KR,Breiðablik,0,2,82,0.0205
2025-07-27,1,KR,Breiðablik,0,3,28,0.007
2025-07-27,1,KR,Breiðablik,0,4,8,0.002
2025-07-27,1,KR,Breiðablik,0,5,3,7.5e-4
2025-07-27,1,KR,Breiðablik,0,6,2,5e-4
2025-07-27,1,KR,Breiðablik,1,0,269,0.06725
2025-07-27,1,KR,Breiðablik,1,1,325,0.08125
2025-07-27,1,KR,Breiðablik,1,2,189,0.04725
2025-07-27,1,KR,Breiðablik,1,3,72,0.018
2025-07-27,1,KR,Breiðablik,1,4,23,0.00575
2025-07-27,1,KR,Breiðablik,1,5,7,0.00175
2025-07-27,1,KR,Breiðablik,1,6,2,5e-4
2025-07-27,1,KR,Breiðablik,2,0,299,0.07475
2025-07-27,1,KR,Breiðablik,2,1,331,0.08275
2025-07-27,1,KR,Breiðablik,2,2,223,0.05575
2025-07-27,1,KR,Breiðablik,2,3,94,0.0235
2025-07-27,1,KR,Breiðablik,2,4,29,0.00725
2025-07-27,1,KR,Breiðablik,2,5,16,0.004
2025-07-27,1,KR,Breiðablik,2,7,1,2.5e-4
2025-07-27,1,KR,Breiðablik,3,0,242,0.0605
2025-07-27,1,KR,Breiðablik,3,1,279,0.06975
2025-07-27,1,KR,Breiðablik,3,2,173,0.04325
2025-07-27,1,KR,Breiðablik,3,3,69,0.01725
2025-07-27,1,KR,Breiðablik,3,4,19,0.00475
2025-07-27,1,KR,Breiðablik,3,5,12,0.003
2025-07-27,1,KR,Breiðablik,4,0,148,0.037
2025-07-27,1,KR,Breiðablik,4,1,166,0.0415
2025-07-27,1,KR,Breiðablik,4,2,122,0.0305
2025-07-27,1,KR,Breiðablik,4,3,36,0.009
2025-07-27,1,KR,Breiðablik,4,4,14,0.0035
2025-07-27,1,KR,Breiðablik,4,5,5,0.00125
2025-07-27,1,KR,Breiðablik,5,0,75,0.01875
2025-07-27,1,KR,Breiðablik,5,1,83,0.02075
2025-07-27,1,KR,Breiðablik,5,2,52,0.013
2025-07-27,1,KR,Breiðablik,5,3,22,0.0055
2025-07-27,1,KR,Breiðablik,5,4,6,0.0015
2025-07-27,1,KR,Breiðablik,5,5,6,0.0015
2025-07-27,1,KR,Breiðablik,5,6,1,2.5e-4
2025-07-27,1,KR,Breiðablik,6,0,33,0.00825
2025-07-27,1,KR,Breiðablik,6,1,35,0.00875
2025-07-27,1,KR,Breiðablik,6,2,27,0.00675
2025-07-27,1,KR,Breiðablik,6,3,19,0.00475
2025-07-27,1,KR,Breiðablik,6,4,3,7.5e-4
2025-07-27,1,KR,Breiðablik,6,5,3,7.5e-4
2025-07-27,1,KR,Breiðablik,6,6,2,5e-4
2025-07-27,1,KR,Breiðablik,7,0,13,0.00325
2025-07-27,1,KR,Breiðablik,7,1,20,0.005
2025-07-27,1,KR,Breiðablik,7,2,10,0.0025
2025-07-27,1,KR,Breiðablik,7,3,4,0.001
2025-07-27,1,KR,Breiðablik,7,4,2,5e-4
2025-07-27,1,KR,Breiðablik,7,5,1,2.5e-4
2025-07-27,1,KR,Breiðablik,8,0,3,7.5e-4
2025-07-27,1,KR,Breiðablik,8,1,6,0.0015
2025-07-27,1,KR,Breiðablik,8,2,6,0.0015
2025-07-27,1,KR,Breiðablik,8,3,3,7.5e-4
2025-07-27,1,KR,Breiðablik,9,0,3,7.5e-4
2025-07-27,1,KR,Breiðablik,9,1,3,7.5e-4
2025-07-27,1,KR,Breiðablik,9,3,1,2.5e-4
2025-07-27,1,KR,Breiðablik,10,3,2,5e-4
2025-07-27,1,KR,Breiðablik,11,0,1,2.5e-4
2025-07-27,1,KR,Breiðablik,11,1,1,2.5e-4
2025-07-27,1,Valur,FH,0,0,67,0.01675
2025-07-27,1,Valur,FH,0,1,121,0.03025
2025-07-27,1,Valur,FH,0,2,138,0.0345
2025-07-27,1,Valur,FH,0,3,82,0.0205
2025-07-27,1,Valur,FH,0,4,44,0.011
2025-07-27,1,Valur,FH,0,5,19,0.00475
2025-07-27,1,Valur,FH,0,6,9,0.00225
2025-07-27,1,Valur,FH,0,7,4,0.001
2025-07-27,1,Valur,FH,1,0,124,0.031
2025-07-27,1,Valur,FH,1,1,281,0.07025
2025-07-27,1,Valur,FH,1,2,250,0.0625
2025-07-27,1,Valur,FH,1,3,156,0.039
2025-07-27,1,Valur,FH,1,4,80,0.02
2025-07-27,1,Valur,FH,1,5,29,0.00725
2025-07-27,1,Valur,FH,1,6,16,0.004
2025-07-27,1,Valur,FH,1,7,7,0.00175
2025-07-27,1,Valur,FH,1,8,2,5e-4
2025-07-27,1,Valur,FH,1,9,1,2.5e-4
2025-07-27,1,Valur,FH,2,0,132,0.033
2025-07-27,1,Valur,FH,2,1,242,0.0605
2025-07-27,1,Valur,FH,2,2,238,0.0595
2025-07-27,1,Valur,FH,2,3,198,0.0495
2025-07-27,1,Valur,FH,2,4,90,0.0225
2025-07-27,1,Valur,FH,2,5,51,0.01275
2025-07-27,1,Valur,FH,2,6,10,0.0025
2025-07-27,1,Valur,FH,2,7,3,7.5e-4
2025-07-27,1,Valur,FH,2,8,2,5e-4
2025-07-27,1,Valur,FH,3,0,108,0.027
2025-07-27,1,Valur,FH,3,1,209,0.05225
2025-07-27,1,Valur,FH,3,2,173,0.04325
2025-07-27,1,Valur,FH,3,3,144,0.036
2025-07-27,1,Valur,FH,3,4,84,0.021
2025-07-27,1,Valur,FH,3,5,29,0.00725
2025-07-27,1,Valur,FH,3,6,21,0.00525
2025-07-27,1,Valur,FH,3,7,6,0.0015
2025-07-27,1,Valur,FH,3,8,3,7.5e-4
2025-07-27,1,Valur,FH,3,9,2,5e-4
2025-07-27,1,Valur,FH,4,0,46,0.0115
2025-07-27,1,Valur,FH,4,1,109,0.02725
2025-07-27,1,Valur,FH,4,2,113,0.02825
2025-07-27,1,Valur,FH,4,3,87,0.02175
2025-07-27,1,Valur,FH,4,4,55,0.01375
2025-07-27,1,Valur,FH,4,5,22,0.0055
2025-07-27,1,Valur,FH,4,6,14,0.0035
2025-07-27,1,Valur,FH,4,7,3,7.5e-4
2025-07-27,1,Valur,FH,4,8,1,2.5e-4
2025-07-27,1,Valur,FH,5,0,22,0.0055
2025-07-27,1,Valur,FH,5,1,42,0.0105
2025-07-27,1,Valur,FH,5,2,66,0.0165
2025-07-27,1,Valur,FH,5,3,43,0.01075
2025-07-27,1,Valur,FH,5,4,22,0.0055
2025-07-27,1,Valur,FH,5,5,12,0.003
2025-07-27,1,Valur,FH,5,6,2,5e-4
2025-07-27,1,Valur,FH,5,7,3,7.5e-4
2025-07-27,1,Valur,FH,6,0,15,0.00375
2025-07-27,1,Valur,FH,6,1,24,0.006
2025-07-27,1,Valur,FH,6,2,30,0.0075
2025-07-27,1,Valur,FH,6,3,12,0.003
2025-07-27,1,Valur,FH,6,4,7,0.00175
2025-07-27,1,Valur,FH,6,5,6,0.0015
2025-07-27,1,Valur,FH,6,6,3,7.5e-4
2025-07-27,1,Valur,FH,6,7,3,7.5e-4
2025-07-27,1,Valur,FH,7,0,3,7.5e-4
2025-07-27,1,Valur,FH,7,1,11,0.00275
2025-07-27,1,Valur,FH,7,2,15,0.00375
2025-07-27,1,Valur,FH,7,3,8,0.002
2025-07-27,1,Valur,FH,7,4,5,0.00125
2025-07-27,1,Valur,FH,7,5,1,2.5e-4
2025-07-27,1,Valur,FH,7,6,2,5e-4
2025-07-27,1,Valur,FH,7,7,1,2.5e-4
2025-07-27,1,Valur,FH,8,0,6,0.0015
2025-07-27,1,Valur,FH,8,1,3,7.5e-4
2025-07-27,1,Valur,FH,8,2,2,5e-4
2025-07-27,1,Valur,FH,8,3,1,2.5e-4
2025-07-27,1,Valur,FH,9,1,1,2.5e-4
2025-07-27,1,Valur,FH,9,3,1,2.5e-4
2025-07-27,1,Valur,FH,9,4,1,2.5e-4
2025-07-27,1,Valur,FH,10,0,1,2.5e-4
2025-07-27,1,Valur,FH,10,3,1,2.5e-4
2025-07-27,1,Vestri,ÍBV,0,0,164,0.041
2025-07-27,1,Vestri,ÍBV,0,1,237,0.05925
2025-07-27,1,Vestri,ÍBV,0,2,131,0.03275
2025-07-27,1,Vestri,ÍBV,0,3,63,0.01575
2025-07-27,1,Vestri,ÍBV,0,4,29,0.00725
2025-07-27,1,Vestri,ÍBV,0,5,7,0.00175
2025-07-27,1,Vestri,ÍBV,0,6,3,7.5e-4
2025-07-27,1,Vestri,ÍBV,1,0,276,0.069
2025-07-27,1,Vestri,ÍBV,1,1,406,0.1015
2025-07-27,1,Vestri,ÍBV,1,2,260,0.065
2025-07-27,1,Vestri,ÍBV,1,3,108,0.027
2025-07-27,1,Vestri,ÍBV,1,4,43,0.01075
2025-07-27,1,Vestri,ÍBV,1,5,4,0.001
2025-07-27,1,Vestri,ÍBV,1,6,3,7.5e-4
2025-07-27,1,Vestri,ÍBV,1,7,1,2.5e-4
2025-07-27,1,Vestri,ÍBV,2,0,268,0.067
2025-07-27,1,Vestri,ÍBV,2,1,340,0.085
2025-07-27,1,Vestri,ÍBV,2,2,252,0.063
2025-07-27,1,Vestri,ÍBV,2,3,120,0.03
2025-07-27,1,Vestri,ÍBV,2,4,38,0.0095
2025-07-27,1,Vestri,ÍBV,2,5,17,0.00425
2025-07-27,1,Vestri,ÍBV,2,6,1,2.5e-4
2025-07-27,1,Vestri,ÍBV,3,0,171,0.04275
2025-07-27,1,Vestri,ÍBV,3,1,230,0.0575
2025-07-27,1,Vestri,ÍBV,3,2,150,0.0375
2025-07-27,1,Vestri,ÍBV,3,3,80,0.02
2025-07-27,1,Vestri,ÍBV,3,4,30,0.0075
2025-07-27,1,Vestri,ÍBV,3,5,16,0.004
2025-07-27,1,Vestri,ÍBV,3,6,4,0.001
2025-07-27,1,Vestri,ÍBV,3,7,2,5e-4
2025-07-27,1,Vestri,ÍBV,3,8,1,2.5e-4
2025-07-27,1,Vestri,ÍBV,4,0,91,0.02275
2025-07-27,1,Vestri,ÍBV,4,1,104,0.026
2025-07-27,1,Vestri,ÍBV,4,2,67,0.01675
2025-07-27,1,Vestri,ÍBV,4,3,45,0.01125
2025-07-27,1,Vestri,ÍBV,4,4,17,0.00425
2025-07-27,1,Vestri,ÍBV,4,5,5,0.00125
2025-07-27,1,Vestri,ÍBV,4,6,5,0.00125
2025-07-27,1,Vestri,ÍBV,4,7,1,2.5e-4
2025-07-27,1,Vestri,ÍBV,5,0,27,0.00675
2025-07-27,1,Vestri,ÍBV,5,1,46,0.0115
2025-07-27,1,Vestri,ÍBV,5,2,28,0.007
2025-07-27,1,Vestri,ÍBV,5,3,16,0.004
2025-07-27,1,Vestri,ÍBV,5,4,11,0.00275
2025-07-27,1,Vestri,ÍBV,5,5,4,0.001
2025-07-27,1,Vestri,ÍBV,5,6,1,2.5e-4
2025-07-27,1,Vestri,ÍBV,6,0,15,0.00375
2025-07-27,1,Vestri,ÍBV,6,1,21,0.00525
2025-07-27,1,Vestri,ÍBV,6,2,13,0.00325
2025-07-27,1,Vestri,ÍBV,6,3,5,0.00125
2025-07-27,1,Vestri,ÍBV,6,4,2,5e-4
2025-07-27,1,Vestri,ÍBV,6,5,1,2.5e-4
2025-07-27,1,Vestri,ÍBV,7,0,4,0.001
2025-07-27,1,Vestri,ÍBV,7,1,5,0.00125
2025-07-27,1,Vestri,ÍBV,7,2,6,0.0015
2025-07-27,1,Vestri,ÍBV,8,1,1,2.5e-4
2025-07-27,1,Vestri,ÍBV,8,2,3,7.5e-4
2025-07-27,1,Vestri,ÍBV,9,3,1,2.5e-4
2025-07-28,1,Stjarnan,Afturelding,0,0,207,0.05175
2025-07-28,1,Stjarnan,Afturelding,0,1,326,0.0815
2025-07-28,1,Stjarnan,Afturelding,0,2,305,0.07625
2025-07-28,1,Stjarnan,Afturelding,0,3,212,0.053
2025-07-28,1,Stjarnan,Afturelding,0,4,99,0.02475
2025-07-28,1,Stjarnan,Afturelding,0,5,44,0.011
2025-07-28,1,Stjarnan,Afturelding,0,6,15,0.00375
2025-07-28,1,Stjarnan,Afturelding,0,7,7,0.00175
2025-07-28,1,Stjarnan,Afturelding,0,9,1,2.5e-4
2025-07-28,1,Stjarnan,Afturelding,1,0,177,0.04425
2025-07-28,1,Stjarnan,Afturelding,1,1,408,0.102
2025-07-28,1,Stjarnan,Afturelding,1,2,361,0.09025
2025-07-28,1,Stjarnan,Afturelding,1,3,245,0.06125
2025-07-28,1,Stjarnan,Afturelding,1,4,128,0.032
2025-07-28,1,Stjarnan,Afturelding,1,5,45,0.01125
2025-07-28,1,Stjarnan,Afturelding,1,6,19,0.00475
2025-07-28,1,Stjarnan,Afturelding,1,7,10,0.0025
2025-07-28,1,Stjarnan,Afturelding,1,8,2,5e-4
2025-07-28,1,Stjarnan,Afturelding,1,9,1,2.5e-4
2025-07-28,1,Stjarnan,Afturelding,2,0,118,0.0295
2025-07-28,1,Stjarnan,Afturelding,2,1,239,0.05975
2025-07-28,1,Stjarnan,Afturelding,2,2,235,0.05875
2025-07-28,1,Stjarnan,Afturelding,2,3,168,0.042
2025-07-28,1,Stjarnan,Afturelding,2,4,71,0.01775
2025-07-28,1,Stjarnan,Afturelding,2,5,40,0.01
2025-07-28,1,Stjarnan,Afturelding,2,6,12,0.003
2025-07-28,1,Stjarnan,Afturelding,2,7,5,0.00125
2025-07-28,1,Stjarnan,Afturelding,2,9,1,2.5e-4
2025-07-28,1,Stjarnan,Afturelding,3,0,48,0.012
2025-07-28,1,Stjarnan,Afturelding,3,1,95,0.02375
2025-07-28,1,Stjarnan,Afturelding,3,2,84,0.021
2025-07-28,1,Stjarnan,Afturelding,3,3,65,0.01625
2025-07-28,1,Stjarnan,Afturelding,3,4,28,0.007
2025-07-28,1,Stjarnan,Afturelding,3,5,15,0.00375
2025-07-28,1,Stjarnan,Afturelding,3,6,3,7.5e-4
2025-07-28,1,Stjarnan,Afturelding,3,7,2,5e-4
2025-07-28,1,Stjarnan,Afturelding,4,0,11,0.00275
2025-07-28,1,Stjarnan,Afturelding,4,1,23,0.00575
2025-07-28,1,Stjarnan,Afturelding,4,2,31,0.00775
2025-07-28,1,Stjarnan,Afturelding,4,3,21,0.00525
2025-07-28,1,Stjarnan,Afturelding,4,4,15,0.00375
2025-07-28,1,Stjarnan,Afturelding,4,5,6,0.0015
2025-07-28,1,Stjarnan,Afturelding,4,6,2,5e-4
2025-07-28,1,Stjarnan,Afturelding,5,0,4,0.001
2025-07-28,1,Stjarnan,Afturelding,5,1,5,0.00125
2025-07-28,1,Stjarnan,Afturelding,5,2,8,0.002
2025-07-28,1,Stjarnan,Afturelding,5,3,4,0.001
2025-07-28,1,Stjarnan,Afturelding,5,4,8,0.002
2025-07-28,1,Stjarnan,Afturelding,5,5,4,0.001
2025-07-28,1,Stjarnan,Afturelding,5,6,1,2.5e-4
2025-07-28,1,Stjarnan,Afturelding,6,0,1,2.5e-4
2025-07-28,1,Stjarnan,Afturelding,6,1,3,7.5e-4
2025-07-28,1,Stjarnan,Afturelding,6,2,6,0.0015
2025-07-28,1,Stjarnan,Afturelding,6,4,1,2.5e-4
2025-07-28,1,Stjarnan,Afturelding,6,6,2,5e-4
2025-07-28,1,Stjarnan,Afturelding,7,2,2,5e-4
2025-07-28,1,Stjarnan,Afturelding,7,7,1,2.5e-4
2025-08-02,1,ÍBV,KR,0,0,89,0.02225
2025-08-02,1,ÍBV,KR,0,1,180,0.045
2025-08-02,1,ÍBV,KR,0,2,176,0.044
2025-08-02,1,ÍBV,KR,0,3,149,0.03725
2025-08-02,1,ÍBV,KR,0,4,84,0.021
2025-08-02,1,ÍBV,KR,0,5,53,0.01325
2025-08-02,1,ÍBV,KR,0,6,15,0.00375
2025-08-02,1,ÍBV,KR,0,7,11,0.00275
2025-08-02,1,ÍBV,KR,0,8,2,5e-4
2025-08-02,1,ÍBV,KR,0,9,1,2.5e-4
2025-08-02,1,ÍBV,KR,0,10,1,2.5e-4
2025-08-02,1,ÍBV,KR,1,0,128,0.032
2025-08-02,1,ÍBV,KR,1,1,297,0.07425
2025-08-02,1,ÍBV,KR,1,2,320,0.08
2025-08-02,1,ÍBV,KR,1,3,247,0.06175
2025-08-02,1,ÍBV,KR,1,4,157,0.03925
2025-08-02,1,ÍBV,KR,1,5,76,0.019
2025-08-02,1,ÍBV,KR,1,6,31,0.00775
2025-08-02,1,ÍBV,KR,1,7,6,0.0015
2025-08-02,1,ÍBV,KR,1,8,5,0.00125
2025-08-02,1,ÍBV,KR,2,0,110,0.0275
2025-08-02,1,ÍBV,KR,2,1,227,0.05675
2025-08-02,1,ÍBV,KR,2,2,254,0.0635
2025-08-02,1,ÍBV,KR,2,3,181,0.04525
2025-08-02,1,ÍBV,KR,2,4,141,0.03525
2025-08-02,1,ÍBV,KR,2,5,65,0.01625
2025-08-02,1,ÍBV,KR,2,6,32,0.008
2025-08-02,1,ÍBV,KR,2,7,6,0.0015
2025-08-02,1,ÍBV,KR,2,8,3,7.5e-4
2025-08-02,1,ÍBV,KR,2,9,1,2.5e-4
2025-08-02,1,ÍBV,KR,3,0,43,0.01075
2025-08-02,1,ÍBV,KR,3,1,121,0.03025
2025-08-02,1,ÍBV,KR,3,2,152,0.038
2025-08-02,1,ÍBV,KR,3,3,108,0.027
2025-08-02,1,ÍBV,KR,3,4,81,0.02025
2025-08-02,1,ÍBV,KR,3,5,35,0.00875
2025-08-02,1,ÍBV,KR,3,6,16,0.004
2025-08-02,1,ÍBV,KR,3,7,2,5e-4
2025-08-02,1,ÍBV,KR,3,8,1,2.5e-4
2025-08-02,1,ÍBV,KR,3,9,2,5e-4
2025-08-02,1,ÍBV,KR,4,0,22,0.0055
2025-08-02,1,ÍBV,KR,4,1,59,0.01475
2025-08-02,1,ÍBV,KR,4,2,67,0.01675
2025-08-02,1,ÍBV,KR,4,3,43,0.01075
2025-08-02,1,ÍBV,KR,4,4,38,0.0095
2025-08-02,1,ÍBV,KR,4,5,14,0.0035
2025-08-02,1,ÍBV,KR,4,6,7,0.00175
2025-08-02,1,ÍBV,KR,4,7,2,5e-4
2025-08-02,1,ÍBV,KR,4,8,1,2.5e-4
2025-08-02,1,ÍBV,KR,4,9,1,2.5e-4
2025-08-02,1,ÍBV,KR,5,0,12,0.003
2025-08-02,1,ÍBV,KR,5,1,15,0.00375
2025-08-02,1,ÍBV,KR,5,2,25,0.00625
2025-08-02,1,ÍBV,KR,5,3,20,0.005
2025-08-02,1,ÍBV,KR,5,4,8,0.002
2025-08-02,1,ÍBV,KR,5,5,5,0.00125
2025-08-02,1,ÍBV,KR,5,6,2,5e-4
2025-08-02,1,ÍBV,KR,5,7,1,2.5e-4
2025-08-02,1,ÍBV,KR,6,0,4,0.001
2025-08-02,1,ÍBV,KR,6,1,8,0.002
2025-08-02,1,ÍBV,KR,6,2,10,0.0025
2025-08-02,1,ÍBV,KR,6,3,13,0.00325
2025-08-02,1,ÍBV,KR,6,4,5,0.00125
2025-08-02,1,ÍBV,KR,6,5,1,2.5e-4
2025-08-02,1,ÍBV,KR,7,1,1,2.5e-4
2025-08-02,1,ÍBV,KR,7,2,1,2.5e-4
2025-08-02,1,ÍBV,KR,7,3,3,7.5e-4
2025-08-02,1,ÍBV,KR,7,4,1,2.5e-4
2025-08-02,1,ÍBV,KR,7,7,1,2.5e-4
2025-08-02,1,ÍBV,KR,8,4,1,2.5e-4
2025-08-05,1,Breiðablik,KA,0,0,193,0.04825
2025-08-05,1,Breiðablik,KA,0,1,236,0.059
2025-08-05,1,Breiðablik,KA,0,2,185,0.04625
2025-08-05,1,Breiðablik,KA,0,3,97,0.02425
2025-08-05,1,Breiðablik,KA,0,4,61,0.01525
2025-08-05,1,Breiðablik,KA,0,5,15,0.00375
2025-08-05,1,Breiðablik,KA,0,6,5,0.00125
2025-08-05,1,Breiðablik,KA,0,8,1,2.5e-4
2025-08-05,1,Breiðablik,KA,1,0,246,0.0615
2025-08-05,1,Breiðablik,KA,1,1,343,0.08575
2025-08-05,1,Breiðablik,KA,1,2,291,0.07275
2025-08-05,1,Breiðablik,KA,1,3,177,0.04425
2025-08-05,1,Breiðablik,KA,1,4,69,0.01725
2025-08-05,1,Breiðablik,KA,1,5,28,0.007
2025-08-05,1,Breiðablik,KA,1,6,4,0.001
2025-08-05,1,Breiðablik,KA,1,7,1,2.5e-4
2025-08-05,1,Breiðablik,KA,2,0,210,0.0525
2025-08-05,1,Breiðablik,KA,2,1,335,0.08375
2025-08-05,1,Breiðablik,KA,2,2,254,0.0635
2025-08-05,1,Breiðablik,KA,2,3,144,0.036
2025-08-05,1,Breiðablik,KA,2,4,66,0.0165
2025-08-05,1,Breiðablik,KA,2,5,27,0.00675
2025-08-05,1,Breiðablik,KA,2,6,3,7.5e-4
2025-08-05,1,Breiðablik,KA,2,7,2,5e-4
2025-08-05,1,Breiðablik,KA,3,0,112,0.028
2025-08-05,1,Breiðablik,KA,3,1,161,0.04025
2025-08-05,1,Breiðablik,KA,3,2,161,0.04025
2025-08-05,1,Breiðablik,KA,3,3,91,0.02275
2025-08-05,1,Breiðablik,KA,3,4,35,0.00875
2025-08-05,1,Breiðablik,KA,3,5,11,0.00275
2025-08-05,1,Breiðablik,KA,3,6,4,0.001
2025-08-05,1,Breiðablik,KA,3,7,1,2.5e-4
2025-08-05,1,Breiðablik,KA,4,0,61,0.01525
2025-08-05,1,Breiðablik,KA,4,1,98,0.0245
2025-08-05,1,Breiðablik,KA,4,2,75,0.01875
2025-08-05,1,Breiðablik,KA,4,3,37,0.00925
2025-08-05,1,Breiðablik,KA,4,4,12,0.003
2025-08-05,1,Breiðablik,KA,4,5,6,0.0015
2025-08-05,1,Breiðablik,KA,4,6,1,2.5e-4
2025-08-05,1,Breiðablik,KA,4,7,1,2.5e-4
2025-08-05,1,Breiðablik,KA,5,0,16,0.004
2025-08-05,1,Breiðablik,KA,5,1,29,0.00725
2025-08-05,1,Breiðablik,KA,5,2,31,0.00775
2025-08-05,1,Breiðablik,KA,5,3,14,0.0035
2025-08-05,1,Breiðablik,KA,5,4,4,0.001
2025-08-05,1,Breiðablik,KA,5,5,4,0.001
2025-08-05,1,Breiðablik,KA,6,0,3,7.5e-4
2025-08-05,1,Breiðablik,KA,6,1,15,0.00375
2025-08-05,1,Breiðablik,KA,6,2,7,0.00175
2025-08-05,1,Breiðablik,KA,6,3,3,7.5e-4
2025-08-05,1,Breiðablik,KA,6,4,4,0.001
2025-08-05,1,Breiðablik,KA,6,6,1,2.5e-4
2025-08-05,1,Breiðablik,KA,7,0,2,5e-4
2025-08-05,1,Breiðablik,KA,7,1,2,5e-4
2025-08-05,1,Breiðablik,KA,7,3,1,2.5e-4
2025-08-05,1,Breiðablik,KA,7,4,1,2.5e-4
2025-08-05,1,Breiðablik,KA,7,5,1,2.5e-4
2025-08-05,1,Breiðablik,KA,8,3,2,5e-4
2025-08-05,1,FH,Víkingur R.,0,0,195,0.04875
2025-08-05,1,FH,Víkingur R.,0,1,159,0.03975
2025-08-05,1,FH,Víkingur R.,0,2,72,0.018
2025-08-05,1,FH,Víkingur R.,0,3,28,0.007
2025-08-05,1,FH,Víkingur R.,0,4,5,0.00125
2025-08-05,1,FH,Víkingur R.,1,0,360,0.09
2025-08-05,1,FH,Víkingur R.,1,1,393,0.09825
2025-08-05,1,FH,Víkingur R.,1,2,132,0.033
2025-08-05,1,FH,Víkingur R.,1,3,52,0.013
2025-08-05,1,FH,Víkingur R.,1,4,15,0.00375
2025-08-05,1,FH,Víkingur R.,1,5,1,2.5e-4
2025-08-05,1,FH,Víkingur R.,2,0,380,0.095
2025-08-05,1,FH,Víkingur R.,2,1,363,0.09075
2025-08-05,1,FH,Víkingur R.,2,2,161,0.04025
2025-08-05,1,FH,Víkingur R.,2,3,64,0.016
2025-08-05,1,FH,Víkingur R.,2,4,18,0.0045
2025-08-05,1,FH,Víkingur R.,2,5,1,2.5e-4
2025-08-05,1,FH,Víkingur R.,3,0,290,0.0725
2025-08-05,1,FH,Víkingur R.,3,1,260,0.065
2025-08-05,1,FH,Víkingur R.,3,2,163,0.04075
2025-08-05,1,FH,Víkingur R.,3,3,44,0.011
2025-08-05,1,FH,Víkingur R.,3,4,17,0.00425
2025-08-05,1,FH,Víkingur R.,3,5,3,7.5e-4
2025-08-05,1,FH,Víkingur R.,3,6,2,5e-4
2025-08-05,1,FH,Víkingur R.,4,0,171,0.04275
2025-08-05,1,FH,Víkingur R.,4,1,158,0.0395
2025-08-05,1,FH,Víkingur R.,4,2,86,0.0215
2025-08-05,1,FH,Víkingur R.,4,3,27,0.00675
2025-08-05,1,FH,Víkingur R.,4,4,5,0.00125
2025-08-05,1,FH,Víkingur R.,4,5,2,5e-4
2025-08-05,1,FH,Víkingur R.,5,0,97,0.02425
2025-08-05,1,FH,Víkingur R.,5,1,76,0.019
2025-08-05,1,FH,Víkingur R.,5,2,37,0.00925
2025-08-05,1,FH,Víkingur R.,5,3,16,0.004
2025-08-05,1,FH,Víkingur R.,5,4,3,7.5e-4
2025-08-05,1,FH,Víkingur R.,5,5,1,2.5e-4
2025-08-05,1,FH,Víkingur R.,5,6,1,2.5e-4
2025-08-05,1,FH,Víkingur R.,6,0,42,0.0105
2025-08-05,1,FH,Víkingur R.,6,1,31,0.00775
2025-08-05,1,FH,Víkingur R.,6,2,10,0.0025
2025-08-05,1,FH,Víkingur R.,6,3,7,0.00175
2025-08-05,1,FH,Víkingur R.,6,4,1,2.5e-4
2025-08-05,1,FH,Víkingur R.,7,0,12,0.003
2025-08-05,1,FH,Víkingur R.,7,1,15,0.00375
2025-08-05,1,FH,Víkingur R.,7,2,2,5e-4
2025-08-05,1,FH,Víkingur R.,7,3,1,2.5e-4
2025-08-05,1,FH,Víkingur R.,7,4,2,5e-4
2025-08-05,1,FH,Víkingur R.,8,0,6,0.0015
2025-08-05,1,FH,Víkingur R.,8,1,1,2.5e-4
2025-08-05,1,FH,Víkingur R.,8,2,3,7.5e-4
2025-08-05,1,FH,Víkingur R.,8,3,2,5e-4
2025-08-05,1,FH,Víkingur R.,8,4,1,2.5e-4
2025-08-05,1,FH,Víkingur R.,9,0,2,5e-4
2025-08-05,1,FH,Víkingur R.,9,1,2,5e-4
2025-08-05,1,FH,Víkingur R.,9,2,1,2.5e-4
2025-08-05,1,FH,Víkingur R.,10,0,1,2.5e-4
2025-08-05,1,ÍA,Valur,0,0,427,0.10675
2025-08-05,1,ÍA,Valur,0,1,363,0.09075
2025-08-05,1,ÍA,Valur,0,2,216,0.054
2025-08-05,1,ÍA,Valur,0,3,79,0.01975
2025-08-05,1,ÍA,Valur,0,4,18,0.0045
2025-08-05,1,ÍA,Valur,0,5,3,7.5e-4
2025-08-05,1,ÍA,Valur,1,0,454,0.1135
2025-08-05,1,ÍA,Valur,1,1,476,0.119
2025-08-05,1,ÍA,Valur,1,2,277,0.06925
2025-08-05,1,ÍA,Valur,1,3,93,0.02325
2025-08-05,1,ÍA,Valur,1,4,25,0.00625
2025-08-05,1,ÍA,Valur,1,5,5,0.00125
2025-08-05,1,ÍA,Valur,2,0,303,0.07575
2025-08-05,1,ÍA,Valur,2,1,342,0.0855
2025-08-05,1,ÍA,Valur,2,2,173,0.04325
2025-08-05,1,ÍA,Valur,2,3,75,0.01875
2025-08-05,1,ÍA,Valur,2,4,21,0.00525
2025-08-05,1,ÍA,Valur,2,5,8,0.002
2025-08-05,1,ÍA,Valur,2,6,2,5e-4
2025-08-05,1,ÍA,Valur,3,0,154,0.0385
2025-08-05,1,ÍA,Valur,3,1,150,0.0375
2025-08-05,1,ÍA,Valur,3,2,63,0.01575
2025-08-05,1,ÍA,Valur,3,3,41,0.01025
2025-08-05,1,ÍA,Valur,3,4,11,0.00275
2025-08-05,1,ÍA,Valur,3,5,1,2.5e-4
2025-08-05,1,ÍA,Valur,3,6,1,2.5e-4
2025-08-05,1,ÍA,Valur,4,0,55,0.01375
2025-08-05,1,ÍA,Valur,4,1,42,0.0105
2025-08-05,1,ÍA,Valur,4,2,30,0.0075
2025-08-05,1,ÍA,Valur,4,3,22,0.0055
2025-08-05,1,ÍA,Valur,4,4,5,0.00125
2025-08-05,1,ÍA,Valur,5,0,11,0.00275
2025-08-05,1,ÍA,Valur,5,1,17,0.00425
2025-08-05,1,ÍA,Valur,5,2,10,0.0025
2025-08-05,1,ÍA,Valur,5,3,6,0.0015
2025-08-05,1,ÍA,Valur,5,4,1,2.5e-4
2025-08-05,1,ÍA,Valur,6,0,6,0.0015
2025-08-05,1,ÍA,Valur,6,1,4,0.001
2025-08-05,1,ÍA,Valur,6,2,4,0.001
2025-08-05,1,ÍA,Valur,6,3,1,2.5e-4
2025-08-05,1,ÍA,Valur,7,0,1,2.5e-4
2025-08-05,1,ÍA,Valur,7,1,2,5e-4
2025-08-05,1,ÍA,Valur,7,3,1,2.5e-4
2025-08-05,1,ÍA,Valur,7,5,1,2.5e-4
2025-08-06,1,Afturelding,Vestri,0,0,478,0.1195
2025-08-06,1,Afturelding,Vestri,0,1,352,0.088
2025-08-06,1,Afturelding,Vestri,0,2,182,0.0455
2025-08-06,1,Afturelding,Vestri,0,3,71,0.01775
2025-08-06,1,Afturelding,Vestri,0,4,22,0.0055
2025-08-06,1,Afturelding,Vestri,0,5,5,0.00125
2025-08-06,1,Afturelding,Vestri,0,7,1,2.5e-4
2025-08-06,1,Afturelding,Vestri,1,0,504,0.126
2025-08-06,1,Afturelding,Vestri,1,1,517,0.12925
2025-08-06,1,Afturelding,Vestri,1,2,216,0.054
2025-08-06,1,Afturelding,Vestri,1,3,91,0.02275
2025-08-06,1,Afturelding,Vestri,1,4,31,0.00775
2025-08-06,1,Afturelding,Vestri,1,5,7,0.00175
2025-08-06,1,Afturelding,Vestri,2,0,314,0.0785
2025-08-06,1,Afturelding,Vestri,2,1,312,0.078
2025-08-06,1,Afturelding,Vestri,2,2,166,0.0415
2025-08-06,1,Afturelding,Vestri,2,3,64,0.016
2025-08-06,1,Afturelding,Vestri,2,4,15,0.00375
2025-08-06,1,Afturelding,Vestri,2,5,5,0.00125
2025-08-06,1,Afturelding,Vestri,2,6,1,2.5e-4
2025-08-06,1,Afturelding,Vestri,2,7,1,2.5e-4
2025-08-06,1,Afturelding,Vestri,3,0,144,0.036
2025-08-06,1,Afturelding,Vestri,3,1,157,0.03925
2025-08-06,1,Afturelding,Vestri,3,2,82,0.0205
2025-08-06,1,Afturelding,Vestri,3,3,32,0.008
2025-08-06,1,Afturelding,Vestri,3,4,5,0.00125
2025-08-06,1,Afturelding,Vestri,3,5,3,7.5e-4
2025-08-06,1,Afturelding,Vestri,3,6,3,7.5e-4
2025-08-06,1,Afturelding,Vestri,4,0,55,0.01375
2025-08-06,1,Afturelding,Vestri,4,1,55,0.01375
2025-08-06,1,Afturelding,Vestri,4,2,32,0.008
2025-08-06,1,Afturelding,Vestri,4,3,14,0.0035
2025-08-06,1,Afturelding,Vestri,4,4,4,0.001
2025-08-06,1,Afturelding,Vestri,4,5,1,2.5e-4
2025-08-06,1,Afturelding,Vestri,5,0,15,0.00375
2025-08-06,1,Afturelding,Vestri,5,1,15,0.00375
2025-08-06,1,Afturelding,Vestri,5,2,9,0.00225
2025-08-06,1,Afturelding,Vestri,5,3,2,5e-4
2025-08-06,1,Afturelding,Vestri,5,5,1,2.5e-4
2025-08-06,1,Afturelding,Vestri,6,0,3,7.5e-4
2025-08-06,1,Afturelding,Vestri,6,1,5,0.00125
2025-08-06,1,Afturelding,Vestri,6,2,4,0.001
2025-08-06,1,Afturelding,Vestri,6,4,1,2.5e-4
2025-08-06,1,Afturelding,Vestri,7,0,1,2.5e-4
2025-08-06,1,Afturelding,Vestri,7,1,1,2.5e-4
2025-08-06,1,Afturelding,Vestri,7,2,1,2.5e-4
2025-08-06,1,Fram,Stjarnan,0,0,242,0.0605
2025-08-06,1,Fram,Stjarnan,0,1,314,0.0785
2025-08-06,1,Fram,Stjarnan,0,2,175,0.04375
2025-08-06,1,Fram,Stjarnan,0,3,74,0.0185
2025-08-06,1,Fram,Stjarnan,0,4,22,0.0055
2025-08-06,1,Fram,Stjarnan,0,5,7,0.00175
2025-08-06,1,Fram,Stjarnan,0,6,2,5e-4
2025-08-06,1,Fram,Stjarnan,0,8,1,2.5e-4
2025-08-06,1,Fram,Stjarnan,1,0,331,0.08275
2025-08-06,1,Fram,Stjarnan,1,1,496,0.124
2025-08-06,1,Fram,Stjarnan,1,2,268,0.067
2025-08-06,1,Fram,Stjarnan,1,3,156,0.039
2025-08-06,1,Fram,Stjarnan,1,4,45,0.01125
2025-08-06,1,Fram,Stjarnan,1,5,8,0.002
2025-08-06,1,Fram,Stjarnan,1,6,4,0.001
2025-08-06,1,Fram,Stjarnan,2,0,271,0.06775
2025-08-06,1,Fram,Stjarnan,2,1,330,0.0825
2025-08-06,1,Fram,Stjarnan,2,2,235,0.05875
2025-08-06,1,Fram,Stjarnan,2,3,102,0.0255
2025-08-06,1,Fram,Stjarnan,2,4,36,0.009
2025-08-06,1,Fram,Stjarnan,2,5,13,0.00325
2025-08-06,1,Fram,Stjarnan,2,6,3,7.5e-4
2025-08-06,1,Fram,Stjarnan,2,7,2,5e-4
2025-08-06,1,Fram,Stjarnan,2,9,1,2.5e-4
2025-08-06,1,Fram,Stjarnan,3,0,142,0.0355
2025-08-06,1,Fram,Stjarnan,3,1,168,0.042
2025-08-06,1,Fram,Stjarnan,3,2,119,0.02975
2025-08-06,1,Fram,Stjarnan,3,3,54,0.0135
2025-08-06,1,Fram,Stjarnan,3,4,24,0.006
2025-08-06,1,Fram,Stjarnan,3,5,9,0.00225
2025-08-06,1,Fram,Stjarnan,3,7,1,2.5e-4
2025-08-06,1,Fram,Stjarnan,4,0,59,0.01475
2025-08-06,1,Fram,Stjarnan,4,1,71,0.01775
2025-08-06,1,Fram,Stjarnan,4,2,48,0.012
2025-08-06,1,Fram,Stjarnan,4,3,25,0.00625
2025-08-06,1,Fram,Stjarnan,4,4,14,0.0035
2025-08-06,1,Fram,Stjarnan,4,5,4,0.001
2025-08-06,1,Fram,Stjarnan,5,0,20,0.005
2025-08-06,1,Fram,Stjarnan,5,1,23,0.00575
2025-08-06,1,Fram,Stjarnan,5,2,21,0.00525
2025-08-06,1,Fram,Stjarnan,5,3,18,0.0045
2025-08-06,1,Fram,Stjarnan,5,4,3,7.5e-4
2025-08-06,1,Fram,Stjarnan,5,5,1,2.5e-4
2025-08-06,1,Fram,Stjarnan,6,0,5,0.00125
2025-08-06,1,Fram,Stjarnan,6,1,11,0.00275
2025-08-06,1,Fram,Stjarnan,6,2,6,0.0015
2025-08-06,1,Fram,Stjarnan,6,3,2,5e-4
2025-08-06,1,Fram,Stjarnan,6,4,4,0.001
2025-08-06,1,Fram,Stjarnan,7,0,3,7.5e-4
2025-08-06,1,Fram,Stjarnan,7,1,4,0.001
2025-08-06,1,Fram,Stjarnan,7,2,1,2.5e-4
2025-08-06,1,Fram,Stjarnan,8,1,1,2.5e-4
2025-08-06,1,Fram,Stjarnan,9,0,1,2.5e-4
2025-08-10,1,KA,ÍBV,0,0,155,0.03875
2025-08-10,1,KA,ÍBV,0,1,160,0.04
2025-08-10,1,KA,ÍBV,0,2,123,0.03075
2025-08-10,1,KA,ÍBV,0,3,67,0.01675
2025-08-10,1,KA,ÍBV,0,4,19,0.00475
2025-08-10,1,KA,ÍBV,0,5,5,0.00125
2025-08-10,1,KA,ÍBV,0,6,2,5e-4
2025-08-10,1,KA,ÍBV,0,7,2,5e-4
2025-08-10,1,KA,ÍBV,1,0,269,0.06725
2025-08-10,1,KA,ÍBV,1,1,372,0.093
2025-08-10,1,KA,ÍBV,1,2,232,0.058
2025-08-10,1,KA,ÍBV,1,3,126,0.0315
2025-08-10,1,KA,ÍBV,1,4,39,0.00975
2025-08-10,1,KA,ÍBV,1,5,12,0.003
2025-08-10,1,KA,ÍBV,1,6,5,0.00125
2025-08-10,1,KA,ÍBV,2,0,244,0.061
2025-08-10,1,KA,ÍBV,2,1,349,0.08725
2025-08-10,1,KA,ÍBV,2,2,241,0.06025
2025-08-10,1,KA,ÍBV,2,3,135,0.03375
2025-08-10,1,KA,ÍBV,2,4,40,0.01
2025-08-10,1,KA,ÍBV,2,5,8,0.002
2025-08-10,1,KA,ÍBV,2,6,3,7.5e-4
2025-08-10,1,KA,ÍBV,2,7,2,5e-4
2025-08-10,1,KA,ÍBV,2,8,1,2.5e-4
2025-08-10,1,KA,ÍBV,3,0,194,0.0485
2025-08-10,1,KA,ÍBV,3,1,219,0.05475
2025-08-10,1,KA,ÍBV,3,2,171,0.04275
2025-08-10,1,KA,ÍBV,3,3,86,0.0215
2025-08-10,1,KA,ÍBV,3,4,27,0.00675
2025-08-10,1,KA,ÍBV,3,5,14,0.0035
2025-08-10,1,KA,ÍBV,4,0,87,0.02175
2025-08-10,1,KA,ÍBV,4,1,130,0.0325
2025-08-10,1,KA,ÍBV,4,2,107,0.02675
2025-08-10,1,KA,ÍBV,4,3,38,0.0095
2025-08-10,1,KA,ÍBV,4,4,27,0.00675
2025-08-10,1,KA,ÍBV,4,5,3,7.5e-4
2025-08-10,1,KA,ÍBV,4,7,1,2.5e-4
2025-08-10,1,KA,ÍBV,5,0,37,0.00925
2025-08-10,1,KA,ÍBV,5,1,67,0.01675
2025-08-10,1,KA,ÍBV,5,2,44,0.011
2025-08-10,1,KA,ÍBV,5,3,23,0.00575
2025-08-10,1,KA,ÍBV,5,4,6,0.0015
2025-08-10,1,KA,ÍBV,5,5,2,5e-4
2025-08-10,1,KA,ÍBV,5,6,2,5e-4
2025-08-10,1,KA,ÍBV,6,0,13,0.00325
2025-08-10,1,KA,ÍBV,6,1,27,0.00675
2025-08-10,1,KA,ÍBV,6,2,14,0.0035
2025-08-10,1,KA,ÍBV,6,3,12,0.003
2025-08-10,1,KA,ÍBV,6,4,5,0.00125
2025-08-10,1,KA,ÍBV,6,5,1,2.5e-4
2025-08-10,1,KA,ÍBV,7,0,2,5e-4
2025-08-10,1,KA,ÍBV,7,1,10,0.0025
2025-08-10,1,KA,ÍBV,7,2,7,0.00175
2025-08-10,1,KA,ÍBV,7,3,3,7.5e-4
2025-08-10,1,KA,ÍBV,7,4,1,2.5e-4
2025-08-10,1,KA,ÍBV,7,5,1,2.5e-4
2025-08-10,1,KA,ÍBV,8,0,1,2.5e-4
2025-08-10,1,KA,ÍBV,8,1,2,5e-4
2025-08-10,1,KA,ÍBV,9,0,1,2.5e-4
2025-08-10,1,KA,ÍBV,9,1,2,5e-4
2025-08-10,1,KA,ÍBV,9,3,1,2.5e-4
2025-08-10,1,KA,ÍBV,10,0,1,2.5e-4
2025-08-10,1,Valur,Breiðablik,0,0,61,0.01525
2025-08-10,1,Valur,Breiðablik,0,1,70,0.0175
2025-08-10,1,Valur,Breiðablik,0,2,59,0.01475
2025-08-10,1,Valur,Breiðablik,0,3,14,0.0035
2025-08-10,1,Valur,Breiðablik,0,4,10,0.0025
2025-08-10,1,Valur,Breiðablik,0,5,3,7.5e-4
2025-08-10,1,Valur,Breiðablik,0,7,1,2.5e-4
2025-08-10,1,Valur,Breiðablik,1,0,157,0.03925
2025-08-10,1,Valur,Breiðablik,1,1,188,0.047
2025-08-10,1,Valur,Breiðablik,1,2,130,0.0325
2025-08-10,1,Valur,Breiðablik,1,3,66,0.0165
2025-08-10,1,Valur,Breiðablik,1,4,35,0.00875
2025-08-10,1,Valur,Breiðablik,1,5,11,0.00275
2025-08-10,1,Valur,Breiðablik,1,6,4,0.001
2025-08-10,1,Valur,Breiðablik,2,0,224,0.056
2025-08-10,1,Valur,Breiðablik,2,1,276,0.069
2025-08-10,1,Valur,Breiðablik,2,2,207,0.05175
2025-08-10,1,Valur,Breiðablik,2,3,114,0.0285
2025-08-10,1,Valur,Breiðablik,2,4,45,0.01125
2025-08-10,1,Valur,Breiðablik,2,5,17,0.00425
2025-08-10,1,Valur,Breiðablik,2,6,9,0.00225
2025-08-10,1,Valur,Breiðablik,2,8,1,2.5e-4
2025-08-10,1,Valur,Breiðablik,3,0,177,0.04425
2025-08-10,1,Valur,Breiðablik,3,1,286,0.0715
2025-08-10,1,Valur,Breiðablik,3,2,186,0.0465
2025-08-10,1,Valur,Breiðablik,3,3,111,0.02775
2025-08-10,1,Valur,Breiðablik,3,4,48,0.012
2025-08-10,1,Valur,Breiðablik,3,5,17,0.00425
2025-08-10,1,Valur,Breiðablik,3,6,6,0.0015
2025-08-10,1,Valur,Breiðablik,3,7,2,5e-4
2025-08-10,1,Valur,Breiðablik,4,0,123,0.03075
2025-08-10,1,Valur,Breiðablik,4,1,202,0.0505
2025-08-10,1,Valur,Breiðablik,4,2,163,0.04075
2025-08-10,1,Valur,Breiðablik,4,3,79,0.01975
2025-08-10,1,Valur,Breiðablik,4,4,25,0.00625
2025-08-10,1,Valur,Breiðablik,4,5,3,7.5e-4
2025-08-10,1,Valur,Breiðablik,4,6,6,0.0015
2025-08-10,1,Valur,Breiðablik,4,7,1,2.5e-4
2025-08-10,1,Valur,Breiðablik,5,0,111,0.02775
2025-08-10,1,Valur,Breiðablik,5,1,122,0.0305
2025-08-10,1,Valur,Breiðablik,5,2,111,0.02775
2025-08-10,1,Valur,Breiðablik,5,3,70,0.0175
2025-08-10,1,Valur,Breiðablik,5,4,23,0.00575
2025-08-10,1,Valur,Breiðablik,5,5,12,0.003
2025-08-10,1,Valur,Breiðablik,5,6,1,2.5e-4
2025-08-10,1,Valur,Breiðablik,5,7,1,2.5e-4
2025-08-10,1,Valur,Breiðablik,6,0,54,0.0135
2025-08-10,1,Valur,Breiðablik,6,1,51,0.01275
2025-08-10,1,Valur,Breiðablik,6,2,66,0.0165
2025-08-10,1,Valur,Breiðablik,6,3,22,0.0055
2025-08-10,1,Valur,Breiðablik,6,4,18,0.0045
2025-08-10,1,Valur,Breiðablik,6,5,8,0.002
2025-08-10,1,Valur,Breiðablik,6,6,1,2.5e-4
2025-08-10,1,Valur,Breiðablik,6,8,1,2.5e-4
2025-08-10,1,Valur,Breiðablik,7,0,16,0.004
2025-08-10,1,Valur,Breiðablik,7,1,43,0.01075
2025-08-10,1,Valur,Breiðablik,7,2,22,0.0055
2025-08-10,1,Valur,Breiðablik,7,3,19,0.00475
2025-08-10,1,Valur,Breiðablik,7,4,5,0.00125
2025-08-10,1,Valur,Breiðablik,7,5,1,2.5e-4
2025-08-10,1,Valur,Breiðablik,7,6,1,2.5e-4
2025-08-10,1,Valur,Breiðablik,8,0,10,0.0025
2025-08-10,1,Valur,Breiðablik,8,1,15,0.00375
2025-08-10,1,Valur,Breiðablik,8,2,16,0.004
2025-08-10,1,Valur,Breiðablik,8,3,3,7.5e-4
2025-08-10,1,Valur,Breiðablik,8,4,1,2.5e-4
2025-08-10,1,Valur,Breiðablik,9,0,7,0.00175
2025-08-10,1,Valur,Breiðablik,9,1,7,0.00175
2025-08-10,1,Valur,Breiðablik,9,2,5,0.00125
2025-08-10,1,Valur,Breiðablik,9,3,4,0.001
2025-08-10,1,Valur,Breiðablik,9,4,2,5e-4
2025-08-10,1,Valur,Breiðablik,10,0,1,2.5e-4
2025-08-10,1,Valur,Breiðablik,10,1,1,2.5e-4
2025-08-10,1,Valur,Breiðablik,10,2,2,5e-4
2025-08-10,1,Valur,Breiðablik,10,4,2,5e-4
2025-08-10,1,Valur,Breiðablik,11,0,3,7.5e-4
2025-08-10,1,Valur,Breiðablik,11,1,2,5e-4
2025-08-10,1,Valur,Breiðablik,11,2,1,2.5e-4
2025-08-10,1,Valur,Breiðablik,11,4,1,2.5e-4
2025-08-10,1,Valur,Breiðablik,13,2,1,2.5e-4
2025-08-10,1,Vestri,Fram,0,0,167,0.04175
2025-08-10,1,Vestri,Fram,0,1,171,0.04275
2025-08-10,1,Vestri,Fram,0,2,85,0.02125
2025-08-10,1,Vestri,Fram,0,3,33,0.00825
2025-08-10,1,Vestri,Fram,0,4,8,0.002
2025-08-10,1,Vestri,Fram,0,7,1,2.5e-4
2025-08-10,1,Vestri,Fram,1,0,309,0.07725
2025-08-10,1,Vestri,Fram,1,1,359,0.08975
2025-08-10,1,Vestri,Fram,1,2,176,0.044
2025-08-10,1,Vestri,Fram,1,3,61,0.01525
2025-08-10,1,Vestri,Fram,1,4,20,0.005
2025-08-10,1,Vestri,Fram,1,5,9,0.00225
2025-08-10,1,Vestri,Fram,2,0,357,0.08925
2025-08-10,1,Vestri,Fram,2,1,362,0.0905
2025-08-10,1,Vestri,Fram,2,2,186,0.0465
2025-08-10,1,Vestri,Fram,2,3,73,0.01825
2025-08-10,1,Vestri,Fram,2,4,28,0.007
2025-08-10,1,Vestri,Fram,2,5,8,0.002
2025-08-10,1,Vestri,Fram,2,6,2,5e-4
2025-08-10,1,Vestri,Fram,3,0,246,0.0615
2025-08-10,1,Vestri,Fram,3,1,285,0.07125
2025-08-10,1,Vestri,Fram,3,2,141,0.03525
2025-08-10,1,Vestri,Fram,3,3,63,0.01575
2025-08-10,1,Vestri,Fram,3,4,15,0.00375
2025-08-10,1,Vestri,Fram,3,5,4,0.001
2025-08-10,1,Vestri,Fram,3,6,1,2.5e-4
2025-08-10,1,Vestri,Fram,4,0,137,0.03425
2025-08-10,1,Vestri,Fram,4,1,178,0.0445
2025-08-10,1,Vestri,Fram,4,2,94,0.0235
2025-08-10,1,Vestri,Fram,4,3,42,0.0105
2025-08-10,1,Vestri,Fram,4,4,12,0.003
2025-08-10,1,Vestri,Fram,4,5,5,0.00125
2025-08-10,1,Vestri,Fram,4,6,1,2.5e-4
2025-08-10,1,Vestri,Fram,4,7,1,2.5e-4
2025-08-10,1,Vestri,Fram,5,0,72,0.018
2025-08-10,1,Vestri,Fram,5,1,78,0.0195
2025-08-10,1,Vestri,Fram,5,2,47,0.01175
2025-08-10,1,Vestri,Fram,5,3,14,0.0035
2025-08-10,1,Vestri,Fram,5,4,8,0.002
2025-08-10,1,Vestri,Fram,5,5,1,2.5e-4
2025-08-10,1,Vestri,Fram,6,0,28,0.007
2025-08-10,1,Vestri,Fram,6,1,35,0.00875
2025-08-10,1,Vestri,Fram,6,2,23,0.00575
2025-08-10,1,Vestri,Fram,6,3,6,0.0015
2025-08-10,1,Vestri,Fram,7,0,9,0.00225
2025-08-10,1,Vestri,Fram,7,1,10,0.0025
2025-08-10,1,Vestri,Fram,7,2,3,7.5e-4
2025-08-10,1,Vestri,Fram,7,3,2,5e-4
2025-08-10,1,Vestri,Fram,7,4,3,7.5e-4
2025-08-10,1,Vestri,Fram,8,0,5,0.00125
2025-08-10,1,Vestri,Fram,8,1,6,0.0015
2025-08-10,1,Vestri,Fram,8,2,3,7.5e-4
2025-08-10,1,Vestri,Fram,8,3,2,5e-4
2025-08-10,1,Vestri,Fram,9,1,1,2.5e-4
2025-08-10,1,Vestri,Fram,9,2,2,5e-4
2025-08-10,1,Vestri,Fram,9,3,1,2.5e-4
2025-08-10,1,Vestri,Fram,10,0,1,2.5e-4
2025-08-10,1,Víkingur R.,Stjarnan,0,0,126,0.0315
2025-08-10,1,Víkingur R.,Stjarnan,0,1,140,0.035
2025-08-10,1,Víkingur R.,Stjarnan,0,2,91,0.02275
2025-08-10,1,Víkingur R.,Stjarnan,0,3,55,0.01375
2025-08-10,1,Víkingur R.,Stjarnan,0,4,11,0.00275
2025-08-10,1,Víkingur R.,Stjarnan,0,5,7,0.00175
2025-08-10,1,Víkingur R.,Stjarnan,0,6,1,2.5e-4
2025-08-10,1,Víkingur R.,Stjarnan,1,0,232,0.058
2025-08-10,1,Víkingur R.,Stjarnan,1,1,270,0.0675
2025-08-10,1,Víkingur R.,Stjarnan,1,2,185,0.04625
2025-08-10,1,Víkingur R.,Stjarnan,1,3,100,0.025
2025-08-10,1,Víkingur R.,Stjarnan,1,4,36,0.009
2025-08-10,1,Víkingur R.,Stjarnan,1,5,10,0.0025
2025-08-10,1,Víkingur R.,Stjarnan,1,6,1,2.5e-4
2025-08-10,1,Víkingur R.,Stjarnan,1,7,1,2.5e-4
2025-08-10,1,Víkingur R.,Stjarnan,2,0,273,0.06825
2025-08-10,1,Víkingur R.,Stjarnan,2,1,377,0.09425
2025-08-10,1,Víkingur R.,Stjarnan,2,2,246,0.0615
2025-08-10,1,Víkingur R.,Stjarnan,2,3,109,0.02725
2025-08-10,1,Víkingur R.,Stjarnan,2,4,35,0.00875
2025-08-10,1,Víkingur R.,Stjarnan,2,5,15,0.00375
2025-08-10,1,Víkingur R.,Stjarnan,2,6,5,0.00125
2025-08-10,1,Víkingur R.,Stjarnan,2,9,1,2.5e-4
2025-08-10,1,Víkingur R.,Stjarnan,3,0,233,0.05825
2025-08-10,1,Víkingur R.,Stjarnan,3,1,249,0.06225
2025-08-10,1,Víkingur R.,Stjarnan,3,2,193,0.04825
2025-08-10,1,Víkingur R.,Stjarnan,3,3,86,0.0215
2025-08-10,1,Víkingur R.,Stjarnan,3,4,31,0.00775
2025-08-10,1,Víkingur R.,Stjarnan,3,5,16,0.004
2025-08-10,1,Víkingur R.,Stjarnan,3,6,5,0.00125
2025-08-10,1,Víkingur R.,Stjarnan,3,8,2,5e-4
2025-08-10,1,Víkingur R.,Stjarnan,4,0,145,0.03625
2025-08-10,1,Víkingur R.,Stjarnan,4,1,137,0.03425
2025-08-10,1,Víkingur R.,Stjarnan,4,2,130,0.0325
2025-08-10,1,Víkingur R.,Stjarnan,4,3,48,0.012
2025-08-10,1,Víkingur R.,Stjarnan,4,4,23,0.00575
2025-08-10,1,Víkingur R.,Stjarnan,4,5,4,0.001
2025-08-10,1,Víkingur R.,Stjarnan,5,0,40,0.01
2025-08-10,1,Víkingur R.,Stjarnan,5,1,81,0.02025
2025-08-10,1,Víkingur R.,Stjarnan,5,2,52,0.013
2025-08-10,1,Víkingur R.,Stjarnan,5,3,18,0.0045
2025-08-10,1,Víkingur R.,Stjarnan,5,4,11,0.00275
2025-08-10,1,Víkingur R.,Stjarnan,5,5,4,0.001
2025-08-10,1,Víkingur R.,Stjarnan,5,7,1,2.5e-4
2025-08-10,1,Víkingur R.,Stjarnan,6,0,21,0.00525
2025-08-10,1,Víkingur R.,Stjarnan,6,1,35,0.00875
2025-08-10,1,Víkingur R.,Stjarnan,6,2,28,0.007
2025-08-10,1,Víkingur R.,Stjarnan,6,3,18,0.0045
2025-08-10,1,Víkingur R.,Stjarnan,6,4,4,0.001
2025-08-10,1,Víkingur R.,Stjarnan,6,5,1,2.5e-4
2025-08-10,1,Víkingur R.,Stjarnan,6,6,3,7.5e-4
2025-08-10,1,Víkingur R.,Stjarnan,7,0,12,0.003
2025-08-10,1,Víkingur R.,Stjarnan,7,1,8,0.002
2025-08-10,1,Víkingur R.,Stjarnan,7,2,7,0.00175
2025-08-10,1,Víkingur R.,Stjarnan,7,3,4,0.001
2025-08-10,1,Víkingur R.,Stjarnan,7,4,2,5e-4
2025-08-10,1,Víkingur R.,Stjarnan,7,5,4,0.001
2025-08-10,1,Víkingur R.,Stjarnan,8,0,4,0.001
2025-08-10,1,Víkingur R.,Stjarnan,8,1,2,5e-4
2025-08-10,1,Víkingur R.,Stjarnan,8,2,2,5e-4
2025-08-10,1,Víkingur R.,Stjarnan,8,3,1,2.5e-4
2025-08-10,1,Víkingur R.,Stjarnan,9,0,1,2.5e-4
2025-08-10,1,Víkingur R.,Stjarnan,9,1,2,5e-4
2025-08-10,1,Víkingur R.,Stjarnan,9,2,2,5e-4
2025-08-10,1,Víkingur R.,Stjarnan,10,1,1,2.5e-4
2025-08-10,1,Víkingur R.,Stjarnan,10,4,1,2.5e-4
2025-08-10,1,Víkingur R.,Stjarnan,11,0,1,2.5e-4
2025-08-11,1,FH,ÍA,0,0,288,0.072
2025-08-11,1,FH,ÍA,0,1,259,0.06475
2025-08-11,1,FH,ÍA,0,2,113,0.02825
2025-08-11,1,FH,ÍA,0,3,33,0.00825
2025-08-11,1,FH,ÍA,0,4,5,0.00125
2025-08-11,1,FH,ÍA,0,5,2,5e-4
2025-08-11,1,FH,ÍA,1,0,475,0.11875
2025-08-11,1,FH,ÍA,1,1,428,0.107
2025-08-11,1,FH,ÍA,1,2,189,0.04725
2025-08-11,1,FH,ÍA,1,3,73,0.01825
2025-08-11,1,FH,ÍA,1,4,16,0.004
2025-08-11,1,FH,ÍA,1,5,2,5e-4
2025-08-11,1,FH,ÍA,2,0,423,0.10575
2025-08-11,1,FH,ÍA,2,1,338,0.0845
2025-08-11,1,FH,ÍA,2,2,157,0.03925
2025-08-11,1,FH,ÍA,2,3,44,0.011
2025-08-11,1,FH,ÍA,2,4,17,0.00425
2025-08-11,1,FH,ÍA,2,5,3,7.5e-4
2025-08-11,1,FH,ÍA,3,0,261,0.06525
2025-08-11,1,FH,ÍA,3,1,222,0.0555
2025-08-11,1,FH,ÍA,3,2,97,0.02425
2025-08-11,1,FH,ÍA,3,3,38,0.0095
2025-08-11,1,FH,ÍA,3,4,11,0.00275
2025-08-11,1,FH,ÍA,3,5,1,2.5e-4
2025-08-11,1,FH,ÍA,4,0,137,0.03425
2025-08-11,1,FH,ÍA,4,1,116,0.029
2025-08-11,1,FH,ÍA,4,2,49,0.01225
2025-08-11,1,FH,ÍA,4,3,17,0.00425
2025-08-11,1,FH,ÍA,4,4,4,0.001
2025-08-11,1,FH,ÍA,4,5,1,2.5e-4
2025-08-11,1,FH,ÍA,5,0,40,0.01
2025-08-11,1,FH,ÍA,5,1,52,0.013
2025-08-11,1,FH,ÍA,5,2,8,0.002
2025-08-11,1,FH,ÍA,5,3,5,0.00125
2025-08-11,1,FH,ÍA,5,4,2,5e-4
2025-08-11,1,FH,ÍA,5,5,1,2.5e-4
2025-08-11,1,FH,ÍA,6,0,19,0.00475
2025-08-11,1,FH,ÍA,6,1,27,0.00675
2025-08-11,1,FH,ÍA,6,2,6,0.0015
2025-08-11,1,FH,ÍA,6,3,2,5e-4
2025-08-11,1,FH,ÍA,6,4,1,2.5e-4
2025-08-11,1,FH,ÍA,7,0,5,0.00125
2025-08-11,1,FH,ÍA,7,1,7,0.00175
2025-08-11,1,FH,ÍA,7,2,1,2.5e-4
2025-08-11,1,FH,ÍA,7,3,2,5e-4
2025-08-11,1,FH,ÍA,8,0,3,7.5e-4
2025-08-11,1,KR,Afturelding,0,0,141,0.03525
2025-08-11,1,KR,Afturelding,0,1,273,0.06825
2025-08-11,1,KR,Afturelding,0,2,247,0.06175
2025-08-11,1,KR,Afturelding,0,3,167,0.04175
2025-08-11,1,KR,Afturelding,0,4,95,0.02375
2025-08-11,1,KR,Afturelding,0,5,48,0.012
2025-08-11,1,KR,Afturelding,0,6,17,0.00425
2025-08-11,1,KR,Afturelding,0,7,6,0.0015
2025-08-11,1,KR,Afturelding,0,8,1,2.5e-4
2025-08-11,1,KR,Afturelding,0,10,1,2.5e-4
2025-08-11,1,KR,Afturelding,1,0,197,0.04925
2025-08-11,1,KR,Afturelding,1,1,351,0.08775
2025-08-11,1,KR,Afturelding,1,2,345,0.08625
2025-08-11,1,KR,Afturelding,1,3,262,0.0655
2025-08-11,1,KR,Afturelding,1,4,113,0.02825
2025-08-11,1,KR,Afturelding,1,5,56,0.014
2025-08-11,1,KR,Afturelding,1,6,14,0.0035
2025-08-11,1,KR,Afturelding,1,7,10,0.0025
2025-08-11,1,KR,Afturelding,1,8,3,7.5e-4
2025-08-11,1,KR,Afturelding,1,9,1,2.5e-4
2025-08-11,1,KR,Afturelding,2,0,144,0.036
2025-08-11,1,KR,Afturelding,2,1,256,0.064
2025-08-11,1,KR,Afturelding,2,2,259,0.06475
2025-08-11,1,KR,Afturelding,2,3,176,0.044
2025-08-11,1,KR,Afturelding,2,4,77,0.01925
2025-08-11,1,KR,Afturelding,2,5,36,0.009
2025-08-11,1,KR,Afturelding,2,6,10,0.0025
2025-08-11,1,KR,Afturelding,2,7,4,0.001
2025-08-11,1,KR,Afturelding,2,9,1,2.5e-4
2025-08-11,1,KR,Afturelding,2,10,1,2.5e-4
2025-08-11,1,KR,Afturelding,3,0,69,0.01725
2025-08-11,1,KR,Afturelding,3,1,106,0.0265
2025-08-11,1,KR,Afturelding,3,2,116,0.029
2025-08-11,1,KR,Afturelding,3,3,93,0.02325
2025-08-11,1,KR,Afturelding,3,4,41,0.01025
2025-08-11,1,KR,Afturelding,3,5,16,0.004
2025-08-11,1,KR,Afturelding,3,6,5,0.00125
2025-08-11,1,KR,Afturelding,3,7,3,7.5e-4
2025-08-11,1,KR,Afturelding,4,0,20,0.005
2025-08-11,1,KR,Afturelding,4,1,38,0.0095
2025-08-11,1,KR,Afturelding,4,2,45,0.01125
2025-08-11,1,KR,Afturelding,4,3,36,0.009
2025-08-11,1,KR,Afturelding,4,4,13,0.00325
2025-08-11,1,KR,Afturelding,4,5,11,0.00275
2025-08-11,1,KR,Afturelding,4,6,8,0.002
2025-08-11,1,KR,Afturelding,5,0,7,0.00175
2025-08-11,1,KR,Afturelding,5,1,9,0.00225
2025-08-11,1,KR,Afturelding,5,2,17,0.00425
2025-08-11,1,KR,Afturelding,5,3,9,0.00225
2025-08-11,1,KR,Afturelding,5,4,10,0.0025
2025-08-11,1,KR,Afturelding,5,5,4,0.001
2025-08-11,1,KR,Afturelding,6,0,1,2.5e-4
2025-08-11,1,KR,Afturelding,6,1,2,5e-4
2025-08-11,1,KR,Afturelding,6,2,1,2.5e-4
2025-08-11,1,KR,Afturelding,7,0,1,2.5e-4
2025-08-11,1,KR,Afturelding,7,1,2,5e-4
2025-08-11,1,KR,Afturelding,7,2,1,2.5e-4
2025-08-11,1,KR,Afturelding,7,5,1,2.5e-4
2025-08-11,1,KR,Afturelding,7,6,1,2.5e-4
2025-08-11,1,KR,Afturelding,8,3,1,2.5e-4
2025-08-11,1,KR,Afturelding,9,2,1,2.5e-4
2025-08-17,1,Afturelding,KA,0,0,181,0.04525
2025-08-17,1,Afturelding,KA,0,1,150,0.0375
2025-08-17,1,Afturelding,KA,0,2,65,0.01625
2025-08-17,1,Afturelding,KA,0,3,28,0.007
2025-08-17,1,Afturelding,KA,0,4,7,0.00175
2025-08-17,1,Afturelding,KA,0,5,1,2.5e-4
2025-08-17,1,Afturelding,KA,1,0,335,0.08375
2025-08-17,1,Afturelding,KA,1,1,322,0.0805
2025-08-17,1,Afturelding,KA,1,2,162,0.0405
2025-08-17,1,Afturelding,KA,1,3,70,0.0175
2025-08-17,1,Afturelding,KA,1,4,20,0.005
2025-08-17,1,Afturelding,KA,1,5,4,0.001
2025-08-17,1,Afturelding,KA,1,6,2,5e-4
2025-08-17,1,Afturelding,KA,2,0,366,0.0915
2025-08-17,1,Afturelding,KA,2,1,346,0.0865
2025-08-17,1,Afturelding,KA,2,2,192,0.048
2025-08-17,1,Afturelding,KA,2,3,69,0.01725
2025-08-17,1,Afturelding,KA,2,4,19,0.00475
2025-08-17,1,Afturelding,KA,2,5,2,5e-4
2025-08-17,1,Afturelding,KA,2,7,1,2.5e-4
2025-08-17,1,Afturelding,KA,3,0,284,0.071
2025-08-17,1,Afturelding,KA,3,1,268,0.067
2025-08-17,1,Afturelding,KA,3,2,146,0.0365
2025-08-17,1,Afturelding,KA,3,3,48,0.012
2025-08-17,1,Afturelding,KA,3,4,22,0.0055
2025-08-17,1,Afturelding,KA,3,5,6,0.0015
2025-08-17,1,Afturelding,KA,3,6,1,2.5e-4
2025-08-17,1,Afturelding,KA,4,0,161,0.04025
2025-08-17,1,Afturelding,KA,4,1,166,0.0415
2025-08-17,1,Afturelding,KA,4,2,84,0.021
2025-08-17,1,Afturelding,KA,4,3,29,0.00725
2025-08-17,1,Afturelding,KA,4,4,14,0.0035
2025-08-17,1,Afturelding,KA,4,5,1,2.5e-4
2025-08-17,1,Afturelding,KA,5,0,90,0.0225
2025-08-17,1,Afturelding,KA,5,1,91,0.02275
2025-08-17,1,Afturelding,KA,5,2,57,0.01425
2025-08-17,1,Afturelding,KA,5,3,16,0.004
2025-08-17,1,Afturelding,KA,5,4,9,0.00225
2025-08-17,1,Afturelding,KA,5,6,1,2.5e-4
2025-08-17,1,Afturelding,KA,5,8,2,5e-4
2025-08-17,1,Afturelding,KA,6,0,37,0.00925
2025-08-17,1,Afturelding,KA,6,1,39,0.00975
2025-08-17,1,Afturelding,KA,6,2,16,0.004
2025-08-17,1,Afturelding,KA,6,3,3,7.5e-4
2025-08-17,1,Afturelding,KA,6,4,2,5e-4
2025-08-17,1,Afturelding,KA,7,0,14,0.0035
2025-08-17,1,Afturelding,KA,7,1,16,0.004
2025-08-17,1,Afturelding,KA,7,2,10,0.0025
2025-08-17,1,Afturelding,KA,7,3,3,7.5e-4
2025-08-17,1,Afturelding,KA,7,4,1,2.5e-4
2025-08-17,1,Afturelding,KA,8,0,5,0.00125
2025-08-17,1,Afturelding,KA,8,1,6,0.0015
2025-08-17,1,Afturelding,KA,8,2,3,7.5e-4
2025-08-17,1,Afturelding,KA,8,3,1,2.5e-4
2025-08-17,1,Afturelding,KA,8,4,1,2.5e-4
2025-08-17,1,Afturelding,KA,9,0,3,7.5e-4
2025-08-17,1,Afturelding,KA,9,2,1,2.5e-4
2025-08-17,1,Afturelding,KA,10,5,1,2.5e-4
2025-08-17,1,Breiðablik,FH,0,0,298,0.0745
2025-08-17,1,Breiðablik,FH,0,1,198,0.0495
2025-08-17,1,Breiðablik,FH,0,2,70,0.0175
2025-08-17,1,Breiðablik,FH,0,3,21,0.00525
2025-08-17,1,Breiðablik,FH,0,4,2,5e-4
2025-08-17,1,Breiðablik,FH,1,0,558,0.1395
2025-08-17,1,Breiðablik,FH,1,1,364,0.091
2025-08-17,1,Breiðablik,FH,1,2,113,0.02825
2025-08-17,1,Breiðablik,FH,1,3,33,0.00825
2025-08-17,1,Breiðablik,FH,1,4,10,0.0025
2025-08-17,1,Breiðablik,FH,1,5,1,2.5e-4
2025-08-17,1,Breiðablik,FH,1,6,2,5e-4
2025-08-17,1,Breiðablik,FH,2,0,516,0.129
2025-08-17,1,Breiðablik,FH,2,1,334,0.0835
2025-08-17,1,Breiðablik,FH,2,2,125,0.03125
2025-08-17,1,Breiðablik,FH,2,3,27,0.00675
2025-08-17,1,Breiðablik,FH,2,4,3,7.5e-4
2025-08-17,1,Breiðablik,FH,2,5,2,5e-4
2025-08-17,1,Breiðablik,FH,3,0,347,0.08675
2025-08-17,1,Breiðablik,FH,3,1,237,0.05925
2025-08-17,1,Breiðablik,FH,3,2,101,0.02525
2025-08-17,1,Breiðablik,FH,3,3,18,0.0045
2025-08-17,1,Breiðablik,FH,3,4,3,7.5e-4
2025-08-17,1,Breiðablik,FH,3,5,1,2.5e-4
2025-08-17,1,Breiðablik,FH,4,0,172,0.043
2025-08-17,1,Breiðablik,FH,4,1,131,0.03275
2025-08-17,1,Breiðablik,FH,4,2,44,0.011
2025-08-17,1,Breiðablik,FH,4,3,12,0.003
2025-08-17,1,Breiðablik,FH,4,4,7,0.00175
2025-08-17,1,Breiðablik,FH,5,0,83,0.02075
2025-08-17,1,Breiðablik,FH,5,1,54,0.0135
2025-08-17,1,Breiðablik,FH,5,2,19,0.00475
2025-08-17,1,Breiðablik,FH,5,3,3,7.5e-4
2025-08-17,1,Breiðablik,FH,6,0,25,0.00625
2025-08-17,1,Breiðablik,FH,6,1,20,0.005
2025-08-17,1,Breiðablik,FH,6,2,8,0.002
2025-08-17,1,Breiðablik,FH,6,3,3,7.5e-4
2025-08-17,1,Breiðablik,FH,6,4,1,2.5e-4
2025-08-17,1,Breiðablik,FH,7,0,12,0.003
2025-08-17,1,Breiðablik,FH,7,1,8,0.002
2025-08-17,1,Breiðablik,FH,7,2,5,0.00125
2025-08-17,1,Breiðablik,FH,7,3,3,7.5e-4
2025-08-17,1,Breiðablik,FH,8,0,3,7.5e-4
2025-08-17,1,Breiðablik,FH,8,1,1,2.5e-4
2025-08-17,1,Breiðablik,FH,9,0,1,2.5e-4
2025-08-17,1,Breiðablik,FH,10,0,1,2.5e-4
2025-08-17,1,Stjarnan,Vestri,0,0,263,0.06575
2025-08-17,1,Stjarnan,Vestri,0,1,289,0.07225
2025-08-17,1,Stjarnan,Vestri,0,2,207,0.05175
2025-08-17,1,Stjarnan,Vestri,0,3,76,0.019
2025-08-17,1,Stjarnan,Vestri,0,4,29,0.00725
2025-08-17,1,Stjarnan,Vestri,0,5,6,0.0015
2025-08-17,1,Stjarnan,Vestri,0,6,2,5e-4
2025-08-17,1,Stjarnan,Vestri,0,7,1,2.5e-4
2025-08-17,1,Stjarnan,Vestri,0,8,1,2.5e-4
2025-08-17,1,Stjarnan,Vestri,1,0,340,0.085
2025-08-17,1,Stjarnan,Vestri,1,1,444,0.111
2025-08-17,1,Stjarnan,Vestri,1,2,283,0.07075
2025-08-17,1,Stjarnan,Vestri,1,3,124,0.031
2025-08-17,1,Stjarnan,Vestri,1,4,58,0.0145
2025-08-17,1,Stjarnan,Vestri,1,5,15,0.00375
2025-08-17,1,Stjarnan,Vestri,1,6,3,7.5e-4
2025-08-17,1,Stjarnan,Vestri,1,7,1,2.5e-4
2025-08-17,1,Stjarnan,Vestri,1,9,1,2.5e-4
2025-08-17,1,Stjarnan,Vestri,2,0,270,0.0675
2025-08-17,1,Stjarnan,Vestri,2,1,362,0.0905
2025-08-17,1,Stjarnan,Vestri,2,2,230,0.0575
2025-08-17,1,Stjarnan,Vestri,2,3,89,0.02225
2025-08-17,1,Stjarnan,Vestri,2,4,37,0.00925
2025-08-17,1,Stjarnan,Vestri,2,5,8,0.002
2025-08-17,1,Stjarnan,Vestri,2,6,1,2.5e-4
2025-08-17,1,Stjarnan,Vestri,2,7,1,2.5e-4
2025-08-17,1,Stjarnan,Vestri,3,0,153,0.03825
2025-08-17,1,Stjarnan,Vestri,3,1,159,0.03975
2025-08-17,1,Stjarnan,Vestri,3,2,105,0.02625
2025-08-17,1,Stjarnan,Vestri,3,3,56,0.014
2025-08-17,1,Stjarnan,Vestri,3,4,25,0.00625
2025-08-17,1,Stjarnan,Vestri,3,5,10,0.0025
2025-08-17,1,Stjarnan,Vestri,3,6,5,0.00125
2025-08-17,1,Stjarnan,Vestri,3,7,1,2.5e-4
2025-08-17,1,Stjarnan,Vestri,4,0,51,0.01275
2025-08-17,1,Stjarnan,Vestri,4,1,75,0.01875
2025-08-17,1,Stjarnan,Vestri,4,2,57,0.01425
2025-08-17,1,Stjarnan,Vestri,4,3,25,0.00625
2025-08-17,1,Stjarnan,Vestri,4,4,16,0.004
2025-08-17,1,Stjarnan,Vestri,4,5,4,0.001
2025-08-17,1,Stjarnan,Vestri,4,6,1,2.5e-4
2025-08-17,1,Stjarnan,Vestri,5,0,21,0.00525
2025-08-17,1,Stjarnan,Vestri,5,1,27,0.00675
2025-08-17,1,Stjarnan,Vestri,5,2,17,0.00425
2025-08-17,1,Stjarnan,Vestri,5,3,9,0.00225
2025-08-17,1,Stjarnan,Vestri,5,4,1,2.5e-4
2025-08-17,1,Stjarnan,Vestri,5,5,2,5e-4
2025-08-17,1,Stjarnan,Vestri,5,6,1,2.5e-4
2025-08-17,1,Stjarnan,Vestri,6,0,3,7.5e-4
2025-08-17,1,Stjarnan,Vestri,6,1,10,0.0025
2025-08-17,1,Stjarnan,Vestri,6,2,5,0.00125
2025-08-17,1,Stjarnan,Vestri,6,3,2,5e-4
2025-08-17,1,Stjarnan,Vestri,6,4,2,5e-4
2025-08-17,1,Stjarnan,Vestri,7,0,2,5e-4
2025-08-17,1,Stjarnan,Vestri,7,1,5,0.00125
2025-08-17,1,Stjarnan,Vestri,7,2,4,0.001
2025-08-17,1,Stjarnan,Vestri,7,3,2,5e-4
2025-08-17,1,Stjarnan,Vestri,8,0,2,5e-4
2025-08-17,1,Stjarnan,Vestri,9,0,1,2.5e-4
2025-08-17,1,ÍA,Víkingur R.,0,0,72,0.018
2025-08-17,1,ÍA,Víkingur R.,0,1,110,0.0275
2025-08-17,1,ÍA,Víkingur R.,0,2,122,0.0305
2025-08-17,1,ÍA,Víkingur R.,0,3,94,0.0235
2025-08-17,1,ÍA,Víkingur R.,0,4,50,0.0125
2025-08-17,1,ÍA,Víkingur R.,0,5,24,0.006
2025-08-17,1,ÍA,Víkingur R.,0,6,13,0.00325
2025-08-17,1,ÍA,Víkingur R.,0,7,4,0.001
2025-08-17,1,ÍA,Víkingur R.,0,8,1,2.5e-4
2025-08-17,1,ÍA,Víkingur R.,1,0,111,0.02775
2025-08-17,1,ÍA,Víkingur R.,1,1,241,0.06025
2025-08-17,1,ÍA,Víkingur R.,1,2,267,0.06675
2025-08-17,1,ÍA,Víkingur R.,1,3,210,0.0525
2025-08-17,1,ÍA,Víkingur R.,1,4,117,0.02925
2025-08-17,1,ÍA,Víkingur R.,1,5,58,0.0145
2025-08-17,1,ÍA,Víkingur R.,1,6,21,0.00525
2025-08-17,1,ÍA,Víkingur R.,1,7,9,0.00225
2025-08-17,1,ÍA,Víkingur R.,1,8,6,0.0015
2025-08-17,1,ÍA,Víkingur R.,1,9,2,5e-4
2025-08-17,1,ÍA,Víkingur R.,2,0,100,0.025
2025-08-17,1,ÍA,Víkingur R.,2,1,255,0.06375
2025-08-17,1,ÍA,Víkingur R.,2,2,282,0.0705
2025-08-17,1,ÍA,Víkingur R.,2,3,192,0.048
2025-08-17,1,ÍA,Víkingur R.,2,4,96,0.024
2025-08-17,1,ÍA,Víkingur R.,2,5,55,0.01375
2025-08-17,1,ÍA,Víkingur R.,2,6,18,0.0045
2025-08-17,1,ÍA,Víkingur R.,2,7,14,0.0035
2025-08-17,1,ÍA,Víkingur R.,2,8,3,7.5e-4
2025-08-17,1,ÍA,Víkingur R.,2,9,1,2.5e-4
2025-08-17,1,ÍA,Víkingur R.,3,0,70,0.0175
2025-08-17,1,ÍA,Víkingur R.,3,1,166,0.0415
2025-08-17,1,ÍA,Víkingur R.,3,2,180,0.045
2025-08-17,1,ÍA,Víkingur R.,3,3,133,0.03325
2025-08-17,1,ÍA,Víkingur R.,3,4,98,0.0245
2025-08-17,1,ÍA,Víkingur R.,3,5,40,0.01
2025-08-17,1,ÍA,Víkingur R.,3,6,22,0.0055
2025-08-17,1,ÍA,Víkingur R.,3,7,9,0.00225
2025-08-17,1,ÍA,Víkingur R.,3,8,1,2.5e-4
2025-08-17,1,ÍA,Víkingur R.,3,9,1,2.5e-4
2025-08-17,1,ÍA,Víkingur R.,3,10,1,2.5e-4
2025-08-17,1,ÍA,Víkingur R.,4,0,42,0.0105
2025-08-17,1,ÍA,Víkingur R.,4,1,92,0.023
2025-08-17,1,ÍA,Víkingur R.,4,2,96,0.024
2025-08-17,1,ÍA,Víkingur R.,4,3,83,0.02075
2025-08-17,1,ÍA,Víkingur R.,4,4,44,0.011
2025-08-17,1,ÍA,Víkingur R.,4,5,24,0.006
2025-08-17,1,ÍA,Víkingur R.,4,6,13,0.00325
2025-08-17,1,ÍA,Víkingur R.,4,7,6,0.0015
2025-08-17,1,ÍA,Víkingur R.,4,8,2,5e-4
2025-08-17,1,ÍA,Víkingur R.,4,10,1,2.5e-4
2025-08-17,1,ÍA,Víkingur R.,5,0,18,0.0045
2025-08-17,1,ÍA,Víkingur R.,5,1,48,0.012
2025-08-17,1,ÍA,Víkingur R.,5,2,55,0.01375
2025-08-17,1,ÍA,Víkingur R.,5,3,34,0.0085
2025-08-17,1,ÍA,Víkingur R.,5,4,25,0.00625
2025-08-17,1,ÍA,Víkingur R.,5,5,11,0.00275
2025-08-17,1,ÍA,Víkingur R.,5,6,6,0.0015
2025-08-17,1,ÍA,Víkingur R.,5,7,4,0.001
2025-08-17,1,ÍA,Víkingur R.,5,8,1,2.5e-4
2025-08-17,1,ÍA,Víkingur R.,5,9,1,2.5e-4
2025-08-17,1,ÍA,Víkingur R.,6,0,7,0.00175
2025-08-17,1,ÍA,Víkingur R.,6,1,17,0.00425
2025-08-17,1,ÍA,Víkingur R.,6,2,23,0.00575
2025-08-17,1,ÍA,Víkingur R.,6,3,15,0.00375
2025-08-17,1,ÍA,Víkingur R.,6,4,7,0.00175
2025-08-17,1,ÍA,Víkingur R.,6,5,5,0.00125
2025-08-17,1,ÍA,Víkingur R.,6,6,1,2.5e-4
2025-08-17,1,ÍA,Víkingur R.,7,0,2,5e-4
2025-08-17,1,ÍA,Víkingur R.,7,1,4,0.001
2025-08-17,1,ÍA,Víkingur R.,7,2,4,0.001
2025-08-17,1,ÍA,Víkingur R.,7,3,9,0.00225
2025-08-17,1,ÍA,Víkingur R.,7,4,8,0.002
2025-08-17,1,ÍA,Víkingur R.,7,5,2,5e-4
2025-08-17,1,ÍA,Víkingur R.,7,6,2,5e-4
2025-08-17,1,ÍA,Víkingur R.,7,7,1,2.5e-4
2025-08-17,1,ÍA,Víkingur R.,8,1,4,0.001
2025-08-17,1,ÍA,Víkingur R.,8,2,2,5e-4
2025-08-17,1,ÍA,Víkingur R.,8,4,2,5e-4
2025-08-17,1,ÍA,Víkingur R.,9,1,1,2.5e-4
2025-08-17,1,ÍA,Víkingur R.,9,2,3,7.5e-4
2025-08-17,1,ÍA,Víkingur R.,9,3,1,2.5e-4
2025-08-17,1,ÍA,Víkingur R.,10,1,1,2.5e-4
2025-08-17,1,ÍA,Víkingur R.,10,3,1,2.5e-4
2025-08-17,1,ÍA,Víkingur R.,11,2,1,2.5e-4
2025-08-17,1,ÍA,Víkingur R.,11,3,1,2.5e-4
2025-08-17,1,ÍA,Víkingur R.,12,4,1,2.5e-4
2025-08-17,1,ÍBV,Valur,0,0,130,0.0325
2025-08-17,1,ÍBV,Valur,0,1,265,0.06625
2025-08-17,1,ÍBV,Valur,0,2,291,0.07275
2025-08-17,1,ÍBV,Valur,0,3,228,0.057
2025-08-17,1,ÍBV,Valur,0,4,134,0.0335
2025-08-17,1,ÍBV,Valur,0,5,55,0.01375
2025-08-17,1,ÍBV,Valur,0,6,25,0.00625
2025-08-17,1,ÍBV,Valur,0,7,11,0.00275
2025-08-17,1,ÍBV,Valur,0,8,5,0.00125
2025-08-17,1,ÍBV,Valur,0,9,2,5e-4
2025-08-17,1,ÍBV,Valur,1,0,148,0.037
2025-08-17,1,ÍBV,Valur,1,1,378,0.0945
2025-08-17,1,ÍBV,Valur,1,2,340,0.085
2025-08-17,1,ÍBV,Valur,1,3,258,0.0645
2025-08-17,1,ÍBV,Valur,1,4,149,0.03725
2025-08-17,1,ÍBV,Valur,1,5,71,0.01775
2025-08-17,1,ÍBV,Valur,1,6,25,0.00625
2025-08-17,1,ÍBV,Valur,1,7,10,0.0025
2025-08-17,1,ÍBV,Valur,1,8,3,7.5e-4
2025-08-17,1,ÍBV,Valur,1,9,3,7.5e-4
2025-08-17,1,ÍBV,Valur,2,0,91,0.02275
2025-08-17,1,ÍBV,Valur,2,1,218,0.0545
2025-08-17,1,ÍBV,Valur,2,2,239,0.05975
2025-08-17,1,ÍBV,Valur,2,3,158,0.0395
2025-08-17,1,ÍBV,Valur,2,4,104,0.026
2025-08-17,1,ÍBV,Valur,2,5,60,0.015
2025-08-17,1,ÍBV,Valur,2,6,24,0.006
2025-08-17,1,ÍBV,Valur,2,7,10,0.0025
2025-08-17,1,ÍBV,Valur,2,8,3,7.5e-4
2025-08-17,1,ÍBV,Valur,2,9,2,5e-4
2025-08-17,1,ÍBV,Valur,3,0,37,0.00925
2025-08-17,1,ÍBV,Valur,3,1,102,0.0255
2025-08-17,1,ÍBV,Valur,3,2,92,0.023
2025-08-17,1,ÍBV,Valur,3,3,79,0.01975
2025-08-17,1,ÍBV,Valur,3,4,45,0.01125
2025-08-17,1,ÍBV,Valur,3,5,8,0.002
2025-08-17,1,ÍBV,Valur,3,6,10,0.0025
2025-08-17,1,ÍBV,Valur,3,8,2,5e-4
2025-08-17,1,ÍBV,Valur,4,0,9,0.00225
2025-08-17,1,ÍBV,Valur,4,1,26,0.0065
2025-08-17,1,ÍBV,Valur,4,2,39,0.00975
2025-08-17,1,ÍBV,Valur,4,3,26,0.0065
2025-08-17,1,ÍBV,Valur,4,4,23,0.00575
2025-08-17,1,ÍBV,Valur,4,5,10,0.0025
2025-08-17,1,ÍBV,Valur,4,6,1,2.5e-4
2025-08-17,1,ÍBV,Valur,5,0,4,0.001
2025-08-17,1,ÍBV,Valur,5,1,9,0.00225
2025-08-17,1,ÍBV,Valur,5,2,7,0.00175
2025-08-17,1,ÍBV,Valur,5,3,5,0.00125
2025-08-17,1,ÍBV,Valur,5,4,8,0.002
2025-08-17,1,ÍBV,Valur,6,0,3,7.5e-4
2025-08-17,1,ÍBV,Valur,6,1,2,5e-4
2025-08-17,1,ÍBV,Valur,6,2,3,7.5e-4
2025-08-17,1,ÍBV,Valur,6,3,6,0.0015
2025-08-17,1,ÍBV,Valur,6,4,1,2.5e-4
2025-08-17,1,ÍBV,Valur,6,5,1,2.5e-4
2025-08-17,1,ÍBV,Valur,7,7,2,5e-4
2025-08-18,1,Fram,KR,0,0,287,0.07175
2025-08-18,1,Fram,KR,0,1,317,0.07925
2025-08-18,1,Fram,KR,0,2,200,0.05
2025-08-18,1,Fram,KR,0,3,79,0.01975
2025-08-18,1,Fram,KR,0,4,21,0.00525
2025-08-18,1,Fram,KR,0,5,9,0.00225
2025-08-18,1,Fram,KR,0,6,3,7.5e-4
2025-08-18,1,Fram,KR,1,0,330,0.0825
2025-08-18,1,Fram,KR,1,1,475,0.11875
2025-08-18,1,Fram,KR,1,2,301,0.07525
2025-08-18,1,Fram,KR,1,3,124,0.031
2025-08-18,1,Fram,KR,1,4,43,0.01075
2025-08-18,1,Fram,KR,1,5,10,0.0025
2025-08-18,1,Fram,KR,1,6,4,0.001
2025-08-18,1,Fram,KR,2,0,280,0.07
2025-08-18,1,Fram,KR,2,1,365,0.09125
2025-08-18,1,Fram,KR,2,2,210,0.0525
2025-08-18,1,Fram,KR,2,3,100,0.025
2025-08-18,1,Fram,KR,2,4,33,0.00825
2025-08-18,1,Fram,KR,2,5,15,0.00375
2025-08-18,1,Fram,KR,2,6,1,2.5e-4
2025-08-18,1,Fram,KR,3,0,135,0.03375
2025-08-18,1,Fram,KR,3,1,179,0.04475
2025-08-18,1,Fram,KR,3,2,124,0.031
2025-08-18,1,Fram,KR,3,3,51,0.01275
2025-08-18,1,Fram,KR,3,4,15,0.00375
2025-08-18,1,Fram,KR,3,5,6,0.0015
2025-08-18,1,Fram,KR,3,6,2,5e-4
2025-08-18,1,Fram,KR,4,0,64,0.016
2025-08-18,1,Fram,KR,4,1,50,0.0125
2025-08-18,1,Fram,KR,4,2,42,0.0105
2025-08-18,1,Fram,KR,4,3,16,0.004
2025-08-18,1,Fram,KR,4,4,11,0.00275
2025-08-18,1,Fram,KR,4,5,1,2.5e-4
2025-08-18,1,Fram,KR,4,7,1,2.5e-4
2025-08-18,1,Fram,KR,5,0,24,0.006
2025-08-18,1,Fram,KR,5,1,16,0.004
2025-08-18,1,Fram,KR,5,2,16,0.004
2025-08-18,1,Fram,KR,5,3,8,0.002
2025-08-18,1,Fram,KR,5,4,2,5e-4
2025-08-18,1,Fram,KR,5,5,3,7.5e-4
2025-08-18,1,Fram,KR,5,8,1,2.5e-4
2025-08-18,1,Fram,KR,6,0,9,0.00225
2025-08-18,1,Fram,KR,6,1,5,0.00125
2025-08-18,1,Fram,KR,6,2,6,0.0015
2025-08-18,1,Fram,KR,6,4,1,2.5e-4
2025-08-18,1,Fram,KR,7,0,2,5e-4
2025-08-18,1,Fram,KR,7,1,2,5e-4
2025-08-18,1,Fram,KR,7,3,1,2.5e-4
2025-08-24,1,FH,ÍBV,0,0,88,0.022
2025-08-24,1,FH,ÍBV,0,1,93,0.02325
2025-08-24,1,FH,ÍBV,0,2,45,0.01125
2025-08-24,1,FH,ÍBV,0,3,15,0.00375
2025-08-24,1,FH,ÍBV,0,4,8,0.002
2025-08-24,1,FH,ÍBV,0,5,2,5e-4
2025-08-24,1,FH,ÍBV,0,6,1,2.5e-4
2025-08-24,1,FH,ÍBV,1,0,229,0.05725
2025-08-24,1,FH,ÍBV,1,1,254,0.0635
2025-08-24,1,FH,ÍBV,1,2,120,0.03
2025-08-24,1,FH,ÍBV,1,3,46,0.0115
2025-08-24,1,FH,ÍBV,1,4,15,0.00375
2025-08-24,1,FH,ÍBV,1,5,2,5e-4
2025-08-24,1,FH,ÍBV,1,6,1,2.5e-4
2025-08-24,1,FH,ÍBV,2,0,346,0.0865
2025-08-24,1,FH,ÍBV,2,1,322,0.0805
2025-08-24,1,FH,ÍBV,2,2,159,0.03975
2025-08-24,1,FH,ÍBV,2,3,48,0.012
2025-08-24,1,FH,ÍBV,2,4,18,0.0045
2025-08-24,1,FH,ÍBV,2,5,6,0.0015
2025-08-24,1,FH,ÍBV,2,6,1,2.5e-4
2025-08-24,1,FH,ÍBV,3,0,283,0.07075
2025-08-24,1,FH,ÍBV,3,1,323,0.08075
2025-08-24,1,FH,ÍBV,3,2,162,0.0405
2025-08-24,1,FH,ÍBV,3,3,60,0.015
2025-08-24,1,FH,ÍBV,3,4,18,0.0045
2025-08-24,1,FH,ÍBV,3,5,7,0.00175
2025-08-24,1,FH,ÍBV,3,7,1,2.5e-4
2025-08-24,1,FH,ÍBV,4,0,209,0.05225
2025-08-24,1,FH,ÍBV,4,1,202,0.0505
2025-08-24,1,FH,ÍBV,4,2,120,0.03
2025-08-24,1,FH,ÍBV,4,3,30,0.0075
2025-08-24,1,FH,ÍBV,4,4,16,0.004
2025-08-24,1,FH,ÍBV,4,5,1,2.5e-4
2025-08-24,1,FH,ÍBV,5,0,143,0.03575
2025-08-24,1,FH,ÍBV,5,1,139,0.03475
2025-08-24,1,FH,ÍBV,5,2,71,0.01775
2025-08-24,1,FH,ÍBV,5,3,30,0.0075
2025-08-24,1,FH,ÍBV,5,4,7,0.00175
2025-08-24,1,FH,ÍBV,5,5,2,5e-4
2025-08-24,1,FH,ÍBV,6,0,62,0.0155
2025-08-24,1,FH,ÍBV,6,1,86,0.0215
2025-08-24,1,FH,ÍBV,6,2,30,0.0075
2025-08-24,1,FH,ÍBV,6,3,9,0.00225
2025-08-24,1,FH,ÍBV,6,4,3,7.5e-4
2025-08-24,1,FH,ÍBV,7,0,32,0.008
2025-08-24,1,FH,ÍBV,7,1,32,0.008
2025-08-24,1,FH,ÍBV,7,2,29,0.00725
2025-08-24,1,FH,ÍBV,7,3,10,0.0025
2025-08-24,1,FH,ÍBV,7,4,4,0.001
2025-08-24,1,FH,ÍBV,8,0,14,0.0035
2025-08-24,1,FH,ÍBV,8,1,10,0.0025
2025-08-24,1,FH,ÍBV,8,2,4,0.001
2025-08-24,1,FH,ÍBV,8,3,2,5e-4
2025-08-24,1,FH,ÍBV,8,4,1,2.5e-4
2025-08-24,1,FH,ÍBV,9,0,6,0.0015
2025-08-24,1,FH,ÍBV,9,1,7,0.00175
2025-08-24,1,FH,ÍBV,9,2,1,2.5e-4
2025-08-24,1,FH,ÍBV,9,3,3,7.5e-4
2025-08-24,1,FH,ÍBV,10,0,4,0.001
2025-08-24,1,FH,ÍBV,10,1,2,5e-4
2025-08-24,1,FH,ÍBV,10,2,1,2.5e-4
2025-08-24,1,FH,ÍBV,10,3,1,2.5e-4
2025-08-24,1,FH,ÍBV,11,1,2,5e-4
2025-08-24,1,FH,ÍBV,12,2,1,2.5e-4
2025-08-24,1,FH,ÍBV,13,0,1,2.5e-4
2025-08-24,1,KA,Fram,0,0,184,0.046
2025-08-24,1,KA,Fram,0,1,177,0.04425
2025-08-24,1,KA,Fram,0,2,127,0.03175
2025-08-24,1,KA,Fram,0,3,46,0.0115
2025-08-24,1,KA,Fram,0,4,20,0.005
2025-08-24,1,KA,Fram,0,5,10,0.0025
2025-08-24,1,KA,Fram,0,6,2,5e-4
2025-08-24,1,KA,Fram,0,7,1,2.5e-4
2025-08-24,1,KA,Fram,1,0,307,0.07675
2025-08-24,1,KA,Fram,1,1,413,0.10325
2025-08-24,1,KA,Fram,1,2,235,0.05875
2025-08-24,1,KA,Fram,1,3,118,0.0295
2025-08-24,1,KA,Fram,1,4,32,0.008
2025-08-24,1,KA,Fram,1,5,7,0.00175
2025-08-24,1,KA,Fram,1,6,4,0.001
2025-08-24,1,KA,Fram,2,0,280,0.07
2025-08-24,1,KA,Fram,2,1,370,0.0925
2025-08-24,1,KA,Fram,2,2,213,0.05325
2025-08-24,1,KA,Fram,2,3,105,0.02625
2025-08-24,1,KA,Fram,2,4,28,0.007
2025-08-24,1,KA,Fram,2,5,10,0.0025
2025-08-24,1,KA,Fram,2,6,4,0.001
2025-08-24,1,KA,Fram,2,7,1,2.5e-4
2025-08-24,1,KA,Fram,3,0,199,0.04975
2025-08-24,1,KA,Fram,3,1,235,0.05875
2025-08-24,1,KA,Fram,3,2,147,0.03675
2025-08-24,1,KA,Fram,3,3,69,0.01725
2025-08-24,1,KA,Fram,3,4,25,0.00625
2025-08-24,1,KA,Fram,3,5,10,0.0025
2025-08-24,1,KA,Fram,3,6,1,2.5e-4
2025-08-24,1,KA,Fram,3,7,3,7.5e-4
2025-08-24,1,KA,Fram,4,0,100,0.025
2025-08-24,1,KA,Fram,4,1,154,0.0385
2025-08-24,1,KA,Fram,4,2,67,0.01675
2025-08-24,1,KA,Fram,4,3,43,0.01075
2025-08-24,1,KA,Fram,4,4,11,0.00275
2025-08-24,1,KA,Fram,4,5,10,0.0025
2025-08-24,1,KA,Fram,5,0,37,0.00925
2025-08-24,1,KA,Fram,5,1,57,0.01425
2025-08-24,1,KA,Fram,5,2,34,0.0085
2025-08-24,1,KA,Fram,5,3,14,0.0035
2025-08-24,1,KA,Fram,5,4,5,0.00125
2025-08-24,1,KA,Fram,6,0,11,0.00275
2025-08-24,1,KA,Fram,6,1,27,0.00675
2025-08-24,1,KA,Fram,6,2,10,0.0025
2025-08-24,1,KA,Fram,6,3,2,5e-4
2025-08-24,1,KA,Fram,6,4,3,7.5e-4
2025-08-24,1,KA,Fram,6,5,1,2.5e-4
2025-08-24,1,KA,Fram,7,0,4,0.001
2025-08-24,1,KA,Fram,7,1,8,0.002
2025-08-24,1,KA,Fram,7,2,5,0.00125
2025-08-24,1,KA,Fram,7,3,3,7.5e-4
2025-08-24,1,KA,Fram,7,4,2,5e-4
2025-08-24,1,KA,Fram,8,0,1,2.5e-4
2025-08-24,1,KA,Fram,8,1,3,7.5e-4
2025-08-24,1,KA,Fram,8,3,2,5e-4
2025-08-24,1,KA,Fram,8,8,1,2.5e-4
2025-08-24,1,KA,Fram,9,1,1,2.5e-4
2025-08-24,1,KA,Fram,10,2,1,2.5e-4
2025-08-24,1,Víkingur R.,Vestri,0,0,131,0.03275
2025-08-24,1,Víkingur R.,Vestri,0,1,225,0.05625
2025-08-24,1,Víkingur R.,Vestri,0,2,224,0.056
2025-08-24,1,Víkingur R.,Vestri,0,3,161,0.04025
2025-08-24,1,Víkingur R.,Vestri,0,4,90,0.0225
2025-08-24,1,Víkingur R.,Vestri,0,5,55,0.01375
2025-08-24,1,Víkingur R.,Vestri,0,6,16,0.004
2025-08-24,1,Víkingur R.,Vestri,0,7,4,0.001
2025-08-24,1,Víkingur R.,Vestri,1,0,181,0.04525
2025-08-24,1,Víkingur R.,Vestri,1,1,369,0.09225
2025-08-24,1,Víkingur R.,Vestri,1,2,340,0.085
2025-08-24,1,Víkingur R.,Vestri,1,3,220,0.055
2025-08-24,1,Víkingur R.,Vestri,1,4,116,0.029
2025-08-24,1,Víkingur R.,Vestri,1,5,64,0.016
2025-08-24,1,Víkingur R.,Vestri,1,6,17,0.00425
2025-08-24,1,Víkingur R.,Vestri,1,7,12,0.003
2025-08-24,1,Víkingur R.,Vestri,1,8,4,0.001
2025-08-24,1,Víkingur R.,Vestri,1,9,2,5e-4
2025-08-24,1,Víkingur R.,Vestri,2,0,135,0.03375
2025-08-24,1,Víkingur R.,Vestri,2,1,248,0.062
2025-08-24,1,Víkingur R.,Vestri,2,2,264,0.066
2025-08-24,1,Víkingur R.,Vestri,2,3,184,0.046
2025-08-24,1,Víkingur R.,Vestri,2,4,90,0.0225
2025-08-24,1,Víkingur R.,Vestri,2,5,55,0.01375
2025-08-24,1,Víkingur R.,Vestri,2,6,30,0.0075
2025-08-24,1,Víkingur R.,Vestri,2,7,8,0.002
2025-08-24,1,Víkingur R.,Vestri,2,8,1,2.5e-4
2025-08-24,1,Víkingur R.,Vestri,3,0,53,0.01325
2025-08-24,1,Víkingur R.,Vestri,3,1,125,0.03125
2025-08-24,1,Víkingur R.,Vestri,3,2,131,0.03275
2025-08-24,1,Víkingur R.,Vestri,3,3,84,0.021
2025-08-24,1,Víkingur R.,Vestri,3,4,54,0.0135
2025-08-24,1,Víkingur R.,Vestri,3,5,25,0.00625
2025-08-24,1,Víkingur R.,Vestri,3,6,7,0.00175
2025-08-24,1,Víkingur R.,Vestri,3,7,1,2.5e-4
2025-08-24,1,Víkingur R.,Vestri,3,8,1,2.5e-4
2025-08-24,1,Víkingur R.,Vestri,4,0,35,0.00875
2025-08-24,1,Víkingur R.,Vestri,4,1,50,0.0125
2025-08-24,1,Víkingur R.,Vestri,4,2,39,0.00975
2025-08-24,1,Víkingur R.,Vestri,4,3,37,0.00925
2025-08-24,1,Víkingur R.,Vestri,4,4,16,0.004
2025-08-24,1,Víkingur R.,Vestri,4,5,10,0.0025
2025-08-24,1,Víkingur R.,Vestri,4,6,2,5e-4
2025-08-24,1,Víkingur R.,Vestri,4,7,4,0.001
2025-08-24,1,Víkingur R.,Vestri,5,0,6,0.0015
2025-08-24,1,Víkingur R.,Vestri,5,1,22,0.0055
2025-08-24,1,Víkingur R.,Vestri,5,2,8,0.002
2025-08-24,1,Víkingur R.,Vestri,5,3,7,0.00175
2025-08-24,1,Víkingur R.,Vestri,5,4,6,0.0015
2025-08-24,1,Víkingur R.,Vestri,5,5,5,0.00125
2025-08-24,1,Víkingur R.,Vestri,5,6,1,2.5e-4
2025-08-24,1,Víkingur R.,Vestri,5,8,1,2.5e-4
2025-08-24,1,Víkingur R.,Vestri,6,0,2,5e-4
2025-08-24,1,Víkingur R.,Vestri,6,1,4,0.001
2025-08-24,1,Víkingur R.,Vestri,6,2,7,0.00175
2025-08-24,1,Víkingur R.,Vestri,6,3,1,2.5e-4
2025-08-24,1,Víkingur R.,Vestri,6,4,2,5e-4
2025-08-24,1,Víkingur R.,Vestri,6,6,1,2.5e-4
2025-08-24,1,Víkingur R.,Vestri,7,0,1,2.5e-4
2025-08-24,1,Víkingur R.,Vestri,7,1,2,5e-4
2025-08-24,1,Víkingur R.,Vestri,7,4,1,2.5e-4
2025-08-24,1,Víkingur R.,Vestri,7,7,1,2.5e-4
2025-08-24,1,Víkingur R.,Vestri,9,1,1,2.5e-4
2025-08-24,1,Víkingur R.,Vestri,9,7,1,2.5e-4
2025-08-24,1,ÍA,Breiðablik,0,0,61,0.01525
2025-08-24,1,ÍA,Breiðablik,0,1,104,0.026
2025-08-24,1,ÍA,Breiðablik,0,2,87,0.02175
2025-08-24,1,ÍA,Breiðablik,0,3,57,0.01425
2025-08-24,1,ÍA,Breiðablik,0,4,27,0.00675
2025-08-24,1,ÍA,Breiðablik,0,5,6,0.0015
2025-08-24,1,ÍA,Breiðablik,0,6,3,7.5e-4
2025-08-24,1,ÍA,Breiðablik,1,0,149,0.03725
2025-08-24,1,ÍA,Breiðablik,1,1,264,0.066
2025-08-24,1,ÍA,Breiðablik,1,2,210,0.0525
2025-08-24,1,ÍA,Breiðablik,1,3,117,0.02925
2025-08-24,1,ÍA,Breiðablik,1,4,56,0.014
2025-08-24,1,ÍA,Breiðablik,1,5,21,0.00525
2025-08-24,1,ÍA,Breiðablik,1,6,8,0.002
2025-08-24,1,ÍA,Breiðablik,1,7,2,5e-4
2025-08-24,1,ÍA,Breiðablik,1,8,2,5e-4
2025-08-24,1,ÍA,Breiðablik,2,0,180,0.045
2025-08-24,1,ÍA,Breiðablik,2,1,270,0.0675
2025-08-24,1,ÍA,Breiðablik,2,2,243,0.06075
2025-08-24,1,ÍA,Breiðablik,2,3,142,0.0355
2025-08-24,1,ÍA,Breiðablik,2,4,63,0.01575
2025-08-24,1,ÍA,Breiðablik,2,5,25,0.00625
2025-08-24,1,ÍA,Breiðablik,2,6,8,0.002
2025-08-24,1,ÍA,Breiðablik,2,7,2,5e-4
2025-08-24,1,ÍA,Breiðablik,2,8,3,7.5e-4
2025-08-24,1,ÍA,Breiðablik,3,0,161,0.04025
2025-08-24,1,ÍA,Breiðablik,3,1,209,0.05225
2025-08-24,1,ÍA,Breiðablik,3,2,203,0.05075
2025-08-24,1,ÍA,Breiðablik,3,3,139,0.03475
2025-08-24,1,ÍA,Breiðablik,3,4,70,0.0175
2025-08-24,1,ÍA,Breiðablik,3,5,18,0.0045
2025-08-24,1,ÍA,Breiðablik,3,6,7,0.00175
2025-08-24,1,ÍA,Breiðablik,3,7,2,5e-4
2025-08-24,1,ÍA,Breiðablik,3,8,2,5e-4
2025-08-24,1,ÍA,Breiðablik,3,9,1,2.5e-4
2025-08-24,1,ÍA,Breiðablik,4,0,99,0.02475
2025-08-24,1,ÍA,Breiðablik,4,1,154,0.0385
2025-08-24,1,ÍA,Breiðablik,4,2,141,0.03525
2025-08-24,1,ÍA,Breiðablik,4,3,75,0.01875
2025-08-24,1,ÍA,Breiðablik,4,4,44,0.011
2025-08-24,1,ÍA,Breiðablik,4,5,18,0.0045
2025-08-24,1,ÍA,Breiðablik,4,6,4,0.001
2025-08-24,1,ÍA,Breiðablik,4,7,2,5e-4
2025-08-24,1,ÍA,Breiðablik,5,0,57,0.01425
2025-08-24,1,ÍA,Breiðablik,5,1,83,0.02075
2025-08-24,1,ÍA,Breiðablik,5,2,71,0.01775
2025-08-24,1,ÍA,Breiðablik,5,3,40,0.01
2025-08-24,1,ÍA,Breiðablik,5,4,20,0.005
2025-08-24,1,ÍA,Breiðablik,5,5,10,0.0025
2025-08-24,1,ÍA,Breiðablik,5,6,2,5e-4
2025-08-24,1,ÍA,Breiðablik,6,0,26,0.0065
2025-08-24,1,ÍA,Breiðablik,6,1,48,0.012
2025-08-24,1,ÍA,Breiðablik,6,2,38,0.0095
2025-08-24,1,ÍA,Breiðablik,6,3,28,0.007
2025-08-24,1,ÍA,Breiðablik,6,4,15,0.00375
2025-08-24,1,ÍA,Breiðablik,6,5,5,0.00125
2025-08-24,1,ÍA,Breiðablik,7,0,11,0.00275
2025-08-24,1,ÍA,Breiðablik,7,1,21,0.00525
2025-08-24,1,ÍA,Breiðablik,7,2,15,0.00375
2025-08-24,1,ÍA,Breiðablik,7,3,7,0.00175
2025-08-24,1,ÍA,Breiðablik,7,4,4,0.001
2025-08-24,1,ÍA,Breiðablik,7,5,2,5e-4
2025-08-24,1,ÍA,Breiðablik,7,6,1,2.5e-4
2025-08-24,1,ÍA,Breiðablik,8,0,1,2.5e-4
2025-08-24,1,ÍA,Breiðablik,8,1,4,0.001
2025-08-24,1,ÍA,Breiðablik,8,2,9,0.00225
2025-08-24,1,ÍA,Breiðablik,8,3,3,7.5e-4
2025-08-24,1,ÍA,Breiðablik,8,4,3,7.5e-4
2025-08-24,1,ÍA,Breiðablik,8,5,1,2.5e-4
2025-08-24,1,ÍA,Breiðablik,8,6,1,2.5e-4
2025-08-24,1,ÍA,Breiðablik,9,1,3,7.5e-4
2025-08-24,1,ÍA,Breiðablik,9,2,3,7.5e-4
2025-08-24,1,ÍA,Breiðablik,9,3,1,2.5e-4
2025-08-24,1,ÍA,Breiðablik,10,1,2,5e-4
2025-08-24,1,ÍA,Breiðablik,10,2,2,5e-4
2025-08-24,1,ÍA,Breiðablik,10,3,2,5e-4
2025-08-24,1,ÍA,Breiðablik,10,4,1,2.5e-4
2025-08-24,1,ÍA,Breiðablik,13,1,1,2.5e-4
2025-08-25,1,KR,Stjarnan,0,0,159,0.03975
2025-08-25,1,KR,Stjarnan,0,1,188,0.047
2025-08-25,1,KR,Stjarnan,0,2,105,0.02625
2025-08-25,1,KR,Stjarnan,0,3,59,0.01475
2025-08-25,1,KR,Stjarnan,0,4,26,0.0065
2025-08-25,1,KR,Stjarnan,0,5,7,0.00175
2025-08-25,1,KR,Stjarnan,0,6,3,7.5e-4
2025-08-25,1,KR,Stjarnan,1,0,279,0.06975
2025-08-25,1,KR,Stjarnan,1,1,348,0.087
2025-08-25,1,KR,Stjarnan,1,2,248,0.062
2025-08-25,1,KR,Stjarnan,1,3,110,0.0275
2025-08-25,1,KR,Stjarnan,1,4,36,0.009
2025-08-25,1,KR,Stjarnan,1,5,14,0.0035
2025-08-25,1,KR,Stjarnan,1,6,4,0.001
2025-08-25,1,KR,Stjarnan,2,0,277,0.06925
2025-08-25,1,KR,Stjarnan,2,1,380,0.095
2025-08-25,1,KR,Stjarnan,2,2,258,0.0645
2025-08-25,1,KR,Stjarnan,2,3,104,0.026
2025-08-25,1,KR,Stjarnan,2,4,37,0.00925
2025-08-25,1,KR,Stjarnan,2,5,11,0.00275
2025-08-25,1,KR,Stjarnan,2,6,3,7.5e-4
2025-08-25,1,KR,Stjarnan,3,0,208,0.052
2025-08-25,1,KR,Stjarnan,3,1,240,0.06
2025-08-25,1,KR,Stjarnan,3,2,185,0.04625
2025-08-25,1,KR,Stjarnan,3,3,79,0.01975
2025-08-25,1,KR,Stjarnan,3,4,28,0.007
2025-08-25,1,KR,Stjarnan,3,5,6,0.0015
2025-08-25,1,KR,Stjarnan,3,6,2,5e-4
2025-08-25,1,KR,Stjarnan,4,0,86,0.0215
2025-08-25,1,KR,Stjarnan,4,1,116,0.029
2025-08-25,1,KR,Stjarnan,4,2,86,0.0215
2025-08-25,1,KR,Stjarnan,4,3,38,0.0095
2025-08-25,1,KR,Stjarnan,4,4,15,0.00375
2025-08-25,1,KR,Stjarnan,4,5,3,7.5e-4
2025-08-25,1,KR,Stjarnan,4,6,1,2.5e-4
2025-08-25,1,KR,Stjarnan,5,0,34,0.0085
2025-08-25,1,KR,Stjarnan,5,1,73,0.01825
2025-08-25,1,KR,Stjarnan,5,2,24,0.006
2025-08-25,1,KR,Stjarnan,5,3,20,0.005
2025-08-25,1,KR,Stjarnan,5,4,8,0.002
2025-08-25,1,KR,Stjarnan,5,5,2,5e-4
2025-08-25,1,KR,Stjarnan,5,6,1,2.5e-4
2025-08-25,1,KR,Stjarnan,5,7,1,2.5e-4
2025-08-25,1,KR,Stjarnan,6,0,16,0.004
2025-08-25,1,KR,Stjarnan,6,1,13,0.00325
2025-08-25,1,KR,Stjarnan,6,2,18,0.0045
2025-08-25,1,KR,Stjarnan,6,3,2,5e-4
2025-08-25,1,KR,Stjarnan,6,4,3,7.5e-4
2025-08-25,1,KR,Stjarnan,6,6,2,5e-4
2025-08-25,1,KR,Stjarnan,7,0,6,0.0015
2025-08-25,1,KR,Stjarnan,7,1,8,0.002
2025-08-25,1,KR,Stjarnan,7,2,5,0.00125
2025-08-25,1,KR,Stjarnan,7,3,4,0.001
2025-08-25,1,KR,Stjarnan,7,4,1,2.5e-4
2025-08-25,1,KR,Stjarnan,7,5,1,2.5e-4
2025-08-25,1,KR,Stjarnan,8,0,2,5e-4
2025-08-25,1,KR,Stjarnan,8,1,2,5e-4
2025-08-25,1,KR,Stjarnan,8,2,1,2.5e-4
2025-08-25,1,KR,Stjarnan,8,3,2,5e-4
2025-08-25,1,KR,Stjarnan,8,5,1,2.5e-4
2025-08-25,1,KR,Stjarnan,9,1,1,2.5e-4
2025-08-25,1,Valur,Afturelding,0,0,146,0.0365
2025-08-25,1,Valur,Afturelding,0,1,263,0.06575
2025-08-25,1,Valur,Afturelding,0,2,241,0.06025
2025-08-25,1,Valur,Afturelding,0,3,120,0.03
2025-08-25,1,Valur,Afturelding,0,4,62,0.0155
2025-08-25,1,Valur,Afturelding,0,5,20,0.005
2025-08-25,1,Valur,Afturelding,0,6,11,0.00275
2025-08-25,1,Valur,Afturelding,0,7,5,0.00125
2025-08-25,1,Valur,Afturelding,1,0,231,0.05775
2025-08-25,1,Valur,Afturelding,1,1,374,0.0935
2025-08-25,1,Valur,Afturelding,1,2,339,0.08475
2025-08-25,1,Valur,Afturelding,1,3,174,0.0435
2025-08-25,1,Valur,Afturelding,1,4,101,0.02525
2025-08-25,1,Valur,Afturelding,1,5,44,0.011
2025-08-25,1,Valur,Afturelding,1,6,14,0.0035
2025-08-25,1,Valur,Afturelding,1,7,3,7.5e-4
2025-08-25,1,Valur,Afturelding,1,8,2,5e-4
2025-08-25,1,Valur,Afturelding,1,11,1,2.5e-4
2025-08-25,1,Valur,Afturelding,2,0,163,0.04075
2025-08-25,1,Valur,Afturelding,2,1,285,0.07125
2025-08-25,1,Valur,Afturelding,2,2,256,0.064
2025-08-25,1,Valur,Afturelding,2,3,142,0.0355
2025-08-25,1,Valur,Afturelding,2,4,76,0.019
2025-08-25,1,Valur,Afturelding,2,5,31,0.00775
2025-08-25,1,Valur,Afturelding,2,6,6,0.0015
2025-08-25,1,Valur,Afturelding,2,7,2,5e-4
2025-08-25,1,Valur,Afturelding,2,8,1,2.5e-4
2025-08-25,1,Valur,Afturelding,3,0,84,0.021
2025-08-25,1,Valur,Afturelding,3,1,142,0.0355
2025-08-25,1,Valur,Afturelding,3,2,157,0.03925
2025-08-25,1,Valur,Afturelding,3,3,98,0.0245
2025-08-25,1,Valur,Afturelding,3,4,36,0.009
2025-08-25,1,Valur,Afturelding,3,5,15,0.00375
2025-08-25,1,Valur,Afturelding,3,6,3,7.5e-4
2025-08-25,1,Valur,Afturelding,3,7,1,2.5e-4
2025-08-25,1,Valur,Afturelding,4,0,34,0.0085
2025-08-25,1,Valur,Afturelding,4,1,62,0.0155
2025-08-25,1,Valur,Afturelding,4,2,57,0.01425
2025-08-25,1,Valur,Afturelding,4,3,40,0.01
2025-08-25,1,Valur,Afturelding,4,4,19,0.00475
2025-08-25,1,Valur,Afturelding,4,5,6,0.0015
2025-08-25,1,Valur,Afturelding,4,6,2,5e-4
2025-08-25,1,Valur,Afturelding,4,7,3,7.5e-4
2025-08-25,1,Valur,Afturelding,5,0,13,0.00325
2025-08-25,1,Valur,Afturelding,5,1,26,0.0065
2025-08-25,1,Valur,Afturelding,5,2,22,0.0055
2025-08-25,1,Valur,Afturelding,5,3,19,0.00475
2025-08-25,1,Valur,Afturelding,5,4,3,7.5e-4
2025-08-25,1,Valur,Afturelding,5,5,4,0.001
2025-08-25,1,Valur,Afturelding,5,6,1,2.5e-4
2025-08-25,1,Valur,Afturelding,5,7,1,2.5e-4
2025-08-25,1,Valur,Afturelding,6,0,4,0.001
2025-08-25,1,Valur,Afturelding,6,1,7,0.00175
2025-08-25,1,Valur,Afturelding,6,2,6,0.0015
2025-08-25,1,Valur,Afturelding,6,3,5,0.00125
2025-08-25,1,Valur,Afturelding,6,4,4,0.001
2025-08-25,1,Valur,Afturelding,7,0,1,2.5e-4
2025-08-25,1,Valur,Afturelding,7,1,3,7.5e-4
2025-08-25,1,Valur,Afturelding,7,2,3,7.5e-4
2025-08-25,1,Valur,Afturelding,7,3,1,2.5e-4
2025-08-25,1,Valur,Afturelding,8,0,1,2.5e-4
2025-08-25,1,Valur,Afturelding,8,1,2,5e-4
2025-08-25,1,Valur,Afturelding,8,2,1,2.5e-4
2025-08-25,1,Valur,Afturelding,8,3,1,2.5e-4
2025-08-31,1,Afturelding,FH,0,0,188,0.047
2025-08-31,1,Afturelding,FH,0,1,195,0.04875
2025-08-31,1,Afturelding,FH,0,2,136,0.034
2025-08-31,1,Afturelding,FH,0,3,62,0.0155
2025-08-31,1,Afturelding,FH,0,4,25,0.00625
2025-08-31,1,Afturelding,FH,0,5,11,0.00275
2025-08-31,1,Afturelding,FH,1,0,284,0.071
2025-08-31,1,Afturelding,FH,1,1,376,0.094
2025-08-31,1,Afturelding,FH,1,2,251,0.06275
2025-08-31,1,Afturelding,FH,1,3,98,0.0245
2025-08-31,1,Afturelding,FH,1,4,39,0.00975
2025-08-31,1,Afturelding,FH,1,5,9,0.00225
2025-08-31,1,Afturelding,FH,1,6,5,0.00125
2025-08-31,1,Afturelding,FH,2,0,309,0.07725
2025-08-31,1,Afturelding,FH,2,1,349,0.08725
2025-08-31,1,Afturelding,FH,2,2,232,0.058
2025-08-31,1,Afturelding,FH,2,3,105,0.02625
2025-08-31,1,Afturelding,FH,2,4,30,0.0075
2025-08-31,1,Afturelding,FH,2,5,18,0.0045
2025-08-31,1,Afturelding,FH,2,6,3,7.5e-4
2025-08-31,1,Afturelding,FH,2,7,2,5e-4
2025-08-31,1,Afturelding,FH,3,0,192,0.048
2025-08-31,1,Afturelding,FH,3,1,226,0.0565
2025-08-31,1,Afturelding,FH,3,2,140,0.035
2025-08-31,1,Afturelding,FH,3,3,72,0.018
2025-08-31,1,Afturelding,FH,3,4,23,0.00575
2025-08-31,1,Afturelding,FH,3,5,6,0.0015
2025-08-31,1,Afturelding,FH,3,6,2,5e-4
2025-08-31,1,Afturelding,FH,4,0,88,0.022
2025-08-31,1,Afturelding,FH,4,1,133,0.03325
2025-08-31,1,Afturelding,FH,4,2,81,0.02025
2025-08-31,1,Afturelding,FH,4,3,41,0.01025
2025-08-31,1,Afturelding,FH,4,4,10,0.0025
2025-08-31,1,Afturelding,FH,4,5,7,0.00175
2025-08-31,1,Afturelding,FH,4,6,2,5e-4
2025-08-31,1,Afturelding,FH,5,0,41,0.01025
2025-08-31,1,Afturelding,FH,5,1,62,0.0155
2025-08-31,1,Afturelding,FH,5,2,37,0.00925
2025-08-31,1,Afturelding,FH,5,3,23,0.00575
2025-08-31,1,Afturelding,FH,5,4,6,0.0015
2025-08-31,1,Afturelding,FH,5,5,1,2.5e-4
2025-08-31,1,Afturelding,FH,5,6,1,2.5e-4
2025-08-31,1,Afturelding,FH,6,0,15,0.00375
2025-08-31,1,Afturelding,FH,6,1,29,0.00725
2025-08-31,1,Afturelding,FH,6,2,5,0.00125
2025-08-31,1,Afturelding,FH,6,3,6,0.0015
2025-08-31,1,Afturelding,FH,6,4,1,2.5e-4
2025-08-31,1,Afturelding,FH,7,0,3,7.5e-4
2025-08-31,1,Afturelding,FH,7,1,8,0.002
2025-08-31,1,Afturelding,FH,7,2,3,7.5e-4
2025-08-31,1,Afturelding,FH,7,3,2,5e-4
2025-08-31,1,Afturelding,FH,8,0,3,7.5e-4
2025-08-31,1,Afturelding,FH,8,2,1,2.5e-4
2025-08-31,1,Afturelding,FH,8,5,1,2.5e-4
2025-08-31,1,Afturelding,FH,9,1,1,2.5e-4
2025-08-31,1,Afturelding,FH,9,2,1,2.5e-4
2025-08-31,1,Fram,Valur,0,0,126,0.0315
2025-08-31,1,Fram,Valur,0,1,132,0.033
2025-08-31,1,Fram,Valur,0,2,80,0.02
2025-08-31,1,Fram,Valur,0,3,28,0.007
2025-08-31,1,Fram,Valur,0,4,5,0.00125
2025-08-31,1,Fram,Valur,0,5,2,5e-4
2025-08-31,1,Fram,Valur,0,6,1,2.5e-4
2025-08-31,1,Fram,Valur,0,9,1,2.5e-4
2025-08-31,1,Fram,Valur,1,0,270,0.0675
2025-08-31,1,Fram,Valur,1,1,297,0.07425
2025-08-31,1,Fram,Valur,1,2,175,0.04375
2025-08-31,1,Fram,Valur,1,3,71,0.01775
2025-08-31,1,Fram,Valur,1,4,29,0.00725
2025-08-31,1,Fram,Valur,1,5,10,0.0025
2025-08-31,1,Fram,Valur,1,6,1,2.5e-4
2025-08-31,1,Fram,Valur,2,0,309,0.07725
2025-08-31,1,Fram,Valur,2,1,358,0.0895
2025-08-31,1,Fram,Valur,2,2,226,0.0565
2025-08-31,1,Fram,Valur,2,3,95,0.02375
2025-08-31,1,Fram,Valur,2,4,26,0.0065
2025-08-31,1,Fram,Valur,2,5,9,0.00225
2025-08-31,1,Fram,Valur,2,6,1,2.5e-4
2025-08-31,1,Fram,Valur,2,7,1,2.5e-4
2025-08-31,1,Fram,Valur,3,0,243,0.06075
2025-08-31,1,Fram,Valur,3,1,289,0.07225
2025-08-31,1,Fram,Valur,3,2,171,0.04275
2025-08-31,1,Fram,Valur,3,3,62,0.0155
2025-08-31,1,Fram,Valur,3,4,23,0.00575
2025-08-31,1,Fram,Valur,3,5,9,0.00225
2025-08-31,1,Fram,Valur,3,6,2,5e-4
2025-08-31,1,Fram,Valur,3,7,2,5e-4
2025-08-31,1,Fram,Valur,4,0,144,0.036
2025-08-31,1,Fram,Valur,4,1,186,0.0465
2025-08-31,1,Fram,Valur,4,2,101,0.02525
2025-08-31,1,Fram,Valur,4,3,51,0.01275
2025-08-31,1,Fram,Valur,4,4,20,0.005
2025-08-31,1,Fram,Valur,4,5,5,0.00125
2025-08-31,1,Fram,Valur,4,6,2,5e-4
2025-08-31,1,Fram,Valur,4,7,1,2.5e-4
2025-08-31,1,Fram,Valur,5,0,61,0.01525
2025-08-31,1,Fram,Valur,5,1,77,0.01925
2025-08-31,1,Fram,Valur,5,2,41,0.01025
2025-08-31,1,Fram,Valur,5,3,29,0.00725
2025-08-31,1,Fram,Valur,5,4,10,0.0025
2025-08-31,1,Fram,Valur,5,5,4,0.001
2025-08-31,1,Fram,Valur,6,0,35,0.00875
2025-08-31,1,Fram,Valur,6,1,50,0.0125
2025-08-31,1,Fram,Valur,6,2,28,0.007
2025-08-31,1,Fram,Valur,6,3,10,0.0025
2025-08-31,1,Fram,Valur,6,4,5,0.00125
2025-08-31,1,Fram,Valur,6,5,1,2.5e-4
2025-08-31,1,Fram,Valur,7,0,14,0.0035
2025-08-31,1,Fram,Valur,7,1,23,0.00575
2025-08-31,1,Fram,Valur,7,2,15,0.00375
2025-08-31,1,Fram,Valur,7,3,4,0.001
2025-08-31,1,Fram,Valur,7,4,2,5e-4
2025-08-31,1,Fram,Valur,7,5,1,2.5e-4
2025-08-31,1,Fram,Valur,7,7,1,2.5e-4
2025-08-31,1,Fram,Valur,8,0,6,0.0015
2025-08-31,1,Fram,Valur,8,1,4,0.001
2025-08-31,1,Fram,Valur,8,2,2,5e-4
2025-08-31,1,Fram,Valur,8,3,1,2.5e-4
2025-08-31,1,Fram,Valur,8,4,1,2.5e-4
2025-08-31,1,Fram,Valur,9,0,3,7.5e-4
2025-08-31,1,Fram,Valur,9,1,5,0.00125
2025-08-31,1,Fram,Valur,9,2,1,2.5e-4
2025-08-31,1,Fram,Valur,9,3,1,2.5e-4
2025-08-31,1,Fram,Valur,10,2,1,2.5e-4
2025-08-31,1,Stjarnan,KA,0,0,109,0.02725
2025-08-31,1,Stjarnan,KA,0,1,211,0.05275
2025-08-31,1,Stjarnan,KA,0,2,206,0.0515
2025-08-31,1,Stjarnan,KA,0,3,140,0.035
2025-08-31,1,Stjarnan,KA,0,4,75,0.01875
2025-08-31,1,Stjarnan,KA,0,5,39,0.00975
2025-08-31,1,Stjarnan,KA,0,6,11,0.00275
2025-08-31,1,Stjarnan,KA,0,7,5,0.00125
2025-08-31,1,Stjarnan,KA,0,8,1,2.5e-4
2025-08-31,1,Stjarnan,KA,1,0,170,0.0425
2025-08-31,1,Stjarnan,KA,1,1,313,0.07825
2025-08-31,1,Stjarnan,KA,1,2,339,0.08475
2025-08-31,1,Stjarnan,KA,1,3,238,0.0595
2025-08-31,1,Stjarnan,KA,1,4,162,0.0405
2025-08-31,1,Stjarnan,KA,1,5,64,0.016
2025-08-31,1,Stjarnan,KA,1,6,29,0.00725
2025-08-31,1,Stjarnan,KA,1,7,6,0.0015
2025-08-31,1,Stjarnan,KA,1,8,5,0.00125
2025-08-31,1,Stjarnan,KA,2,0,109,0.02725
2025-08-31,1,Stjarnan,KA,2,1,237,0.05925
2025-08-31,1,Stjarnan,KA,2,2,259,0.06475
2025-08-31,1,Stjarnan,KA,2,3,185,0.04625
2025-08-31,1,Stjarnan,KA,2,4,108,0.027
2025-08-31,1,Stjarnan,KA,2,5,59,0.01475
2025-08-31,1,Stjarnan,KA,2,6,19,0.00475
2025-08-31,1,Stjarnan,KA,2,7,11,0.00275
2025-08-31,1,Stjarnan,KA,2,8,3,7.5e-4
2025-08-31,1,Stjarnan,KA,3,0,51,0.01275
2025-08-31,1,Stjarnan,KA,3,1,122,0.0305
2025-08-31,1,Stjarnan,KA,3,2,157,0.03925
2025-08-31,1,Stjarnan,KA,3,3,113,0.02825
2025-08-31,1,Stjarnan,KA,3,4,56,0.014
2025-08-31,1,Stjarnan,KA,3,5,23,0.00575
2025-08-31,1,Stjarnan,KA,3,6,10,0.0025
2025-08-31,1,Stjarnan,KA,3,7,6,0.0015
2025-08-31,1,Stjarnan,KA,3,8,1,2.5e-4
2025-08-31,1,Stjarnan,KA,4,0,15,0.00375
2025-08-31,1,Stjarnan,KA,4,1,58,0.0145
2025-08-31,1,Stjarnan,KA,4,2,61,0.01525
2025-08-31,1,Stjarnan,KA,4,3,53,0.01325
2025-08-31,1,Stjarnan,KA,4,4,26,0.0065
2025-08-31,1,Stjarnan,KA,4,5,14,0.0035
2025-08-31,1,Stjarnan,KA,4,6,3,7.5e-4
2025-08-31,1,Stjarnan,KA,4,7,3,7.5e-4
2025-08-31,1,Stjarnan,KA,5,0,11,0.00275
2025-08-31,1,Stjarnan,KA,5,1,16,0.004
2025-08-31,1,Stjarnan,KA,5,2,24,0.006
2025-08-31,1,Stjarnan,KA,5,3,13,0.00325
2025-08-31,1,Stjarnan,KA,5,4,6,0.0015
2025-08-31,1,Stjarnan,KA,5,5,4,0.001
2025-08-31,1,Stjarnan,KA,5,6,4,0.001
2025-08-31,1,Stjarnan,KA,6,0,1,2.5e-4
2025-08-31,1,Stjarnan,KA,6,1,3,7.5e-4
2025-08-31,1,Stjarnan,KA,6,2,8,0.002
2025-08-31,1,Stjarnan,KA,6,3,5,0.00125
2025-08-31,1,Stjarnan,KA,6,4,5,0.00125
2025-08-31,1,Stjarnan,KA,6,5,2,5e-4
2025-08-31,1,Stjarnan,KA,6,6,1,2.5e-4
2025-08-31,1,Stjarnan,KA,6,11,1,2.5e-4
2025-08-31,1,Stjarnan,KA,7,0,1,2.5e-4
2025-08-31,1,Stjarnan,KA,7,1,3,7.5e-4
2025-08-31,1,Stjarnan,KA,7,2,1,2.5e-4
2025-08-31,1,Stjarnan,KA,7,3,2,5e-4
2025-08-31,1,Stjarnan,KA,8,2,1,2.5e-4
2025-08-31,1,Stjarnan,KA,8,3,1,2.5e-4
2025-08-31,1,Stjarnan,KA,10,2,1,2.5e-4
2025-08-31,1,Stjarnan,KA,13,3,1,2.5e-4
2025-08-31,1,Vestri,KR,0,0,191,0.04775
2025-08-31,1,Vestri,KR,0,1,209,0.05225
2025-08-31,1,Vestri,KR,0,2,91,0.02275
2025-08-31,1,Vestri,KR,0,3,41,0.01025
2025-08-31,1,Vestri,KR,0,4,14,0.0035
2025-08-31,1,Vestri,KR,0,5,3,7.5e-4
2025-08-31,1,Vestri,KR,1,0,344,0.086
2025-08-31,1,Vestri,KR,1,1,399,0.09975
2025-08-31,1,Vestri,KR,1,2,200,0.05
2025-08-31,1,Vestri,KR,1,3,69,0.01725
2025-08-31,1,Vestri,KR,1,4,19,0.00475
2025-08-31,1,Vestri,KR,1,5,7,0.00175
2025-08-31,1,Vestri,KR,1,6,4,0.001
2025-08-31,1,Vestri,KR,2,0,329,0.08225
2025-08-31,1,Vestri,KR,2,1,353,0.08825
2025-08-31,1,Vestri,KR,2,2,244,0.061
2025-08-31,1,Vestri,KR,2,3,72,0.018
2025-08-31,1,Vestri,KR,2,4,22,0.0055
2025-08-31,1,Vestri,KR,2,5,14,0.0035
2025-08-31,1,Vestri,KR,2,6,3,7.5e-4
2025-08-31,1,Vestri,KR,2,7,1,2.5e-4
2025-08-31,1,Vestri,KR,3,0,219,0.05475
2025-08-31,1,Vestri,KR,3,1,250,0.0625
2025-08-31,1,Vestri,KR,3,2,152,0.038
2025-08-31,1,Vestri,KR,3,3,56,0.014
2025-08-31,1,Vestri,KR,3,4,18,0.0045
2025-08-31,1,Vestri,KR,3,5,5,0.00125
2025-08-31,1,Vestri,KR,3,6,1,2.5e-4
2025-08-31,1,Vestri,KR,4,0,125,0.03125
2025-08-31,1,Vestri,KR,4,1,125,0.03125
2025-08-31,1,Vestri,KR,4,2,79,0.01975
2025-08-31,1,Vestri,KR,4,3,35,0.00875
2025-08-31,1,Vestri,KR,4,4,9,0.00225
2025-08-31,1,Vestri,KR,4,5,4,0.001
2025-08-31,1,Vestri,KR,4,6,1,2.5e-4
2025-08-31,1,Vestri,KR,5,0,59,0.01475
2025-08-31,1,Vestri,KR,5,1,61,0.01525
2025-08-31,1,Vestri,KR,5,2,41,0.01025
2025-08-31,1,Vestri,KR,5,3,19,0.00475
2025-08-31,1,Vestri,KR,5,4,5,0.00125
2025-08-31,1,Vestri,KR,5,5,2,5e-4
2025-08-31,1,Vestri,KR,6,0,24,0.006
2025-08-31,1,Vestri,KR,6,1,28,0.007
2025-08-31,1,Vestri,KR,6,2,14,0.0035
2025-08-31,1,Vestri,KR,6,3,6,0.0015
2025-08-31,1,Vestri,KR,6,5,2,5e-4
2025-08-31,1,Vestri,KR,6,6,1,2.5e-4
2025-08-31,1,Vestri,KR,7,0,4,0.001
2025-08-31,1,Vestri,KR,7,1,10,0.0025
2025-08-31,1,Vestri,KR,7,2,6,0.0015
2025-08-31,1,Vestri,KR,7,3,2,5e-4
2025-08-31,1,Vestri,KR,8,0,1,2.5e-4
2025-08-31,1,Vestri,KR,8,1,5,0.00125
2025-08-31,1,Vestri,KR,8,2,1,2.5e-4
2025-08-31,1,Vestri,KR,10,0,1,2.5e-4
2025-08-31,1,Víkingur R.,Breiðablik,0,0,492,0.123
2025-08-31,1,Víkingur R.,Breiðablik,0,1,430,0.1075
2025-08-31,1,Víkingur R.,Breiðablik,0,2,225,0.05625
2025-08-31,1,Víkingur R.,Breiðablik,0,3,64,0.016
2025-08-31,1,Víkingur R.,Breiðablik,0,4,21,0.00525
2025-08-31,1,Víkingur R.,Breiðablik,0,5,4,0.001
2025-08-31,1,Víkingur R.,Breiðablik,1,0,552,0.138
2025-08-31,1,Víkingur R.,Breiðablik,1,1,530,0.1325
2025-08-31,1,Víkingur R.,Breiðablik,1,2,239,0.05975
2025-08-31,1,Víkingur R.,Breiðablik,1,3,101,0.02525
2025-08-31,1,Víkingur R.,Breiðablik,1,4,21,0.00525
2025-08-31,1,Víkingur R.,Breiðablik,1,5,2,5e-4
2025-08-31,1,Víkingur R.,Breiðablik,2,0,301,0.07525
2025-08-31,1,Víkingur R.,Breiðablik,2,1,297,0.07425
2025-08-31,1,Víkingur R.,Breiðablik,2,2,157,0.03925
2025-08-31,1,Víkingur R.,Breiðablik,2,3,41,0.01025
2025-08-31,1,Víkingur R.,Breiðablik,2,4,14,0.0035
2025-08-31,1,Víkingur R.,Breiðablik,2,5,2,5e-4
2025-08-31,1,Víkingur R.,Breiðablik,2,6,1,2.5e-4
2025-08-31,1,Víkingur R.,Breiðablik,3,0,125,0.03125
2025-08-31,1,Víkingur R.,Breiðablik,3,1,120,0.03
2025-08-31,1,Víkingur R.,Breiðablik,3,2,55,0.01375
2025-08-31,1,Víkingur R.,Breiðablik,3,3,17,0.00425
2025-08-31,1,Víkingur R.,Breiðablik,3,4,8,0.002
2025-08-31,1,Víkingur R.,Breiðablik,3,5,1,2.5e-4
2025-08-31,1,Víkingur R.,Breiðablik,4,0,50,0.0125
2025-08-31,1,Víkingur R.,Breiðablik,4,1,45,0.01125
2025-08-31,1,Víkingur R.,Breiðablik,4,2,31,0.00775
2025-08-31,1,Víkingur R.,Breiðablik,4,3,8,0.002
2025-08-31,1,Víkingur R.,Breiðablik,4,4,1,2.5e-4
2025-08-31,1,Víkingur R.,Breiðablik,4,5,1,2.5e-4
2025-08-31,1,Víkingur R.,Breiðablik,5,0,14,0.0035
2025-08-31,1,Víkingur R.,Breiðablik,5,1,9,0.00225
2025-08-31,1,Víkingur R.,Breiðablik,5,2,7,0.00175
2025-08-31,1,Víkingur R.,Breiðablik,5,3,4,0.001
2025-08-31,1,Víkingur R.,Breiðablik,5,4,2,5e-4
2025-08-31,1,Víkingur R.,Breiðablik,6,0,4,0.001
2025-08-31,1,Víkingur R.,Breiðablik,6,1,1,2.5e-4
2025-08-31,1,Víkingur R.,Breiðablik,6,2,2,5e-4
2025-08-31,1,Víkingur R.,Breiðablik,6,5,1,2.5e-4
2025-08-31,1,ÍBV,ÍA,0,0,221,0.05525
2025-08-31,1,ÍBV,ÍA,0,1,295,0.07375
2025-08-31,1,ÍBV,ÍA,0,2,187,0.04675
2025-08-31,1,ÍBV,ÍA,0,3,83,0.02075
2025-08-31,1,ÍBV,ÍA,0,4,43,0.01075
2025-08-31,1,ÍBV,ÍA,0,5,7,0.00175
2025-08-31,1,ÍBV,ÍA,0,6,4,0.001
2025-08-31,1,ÍBV,ÍA,1,0,278,0.0695
2025-08-31,1,ÍBV,ÍA,1,1,447,0.11175
2025-08-31,1,ÍBV,ÍA,1,2,273,0.06825
2025-08-31,1,ÍBV,ÍA,1,3,146,0.0365
2025-08-31,1,ÍBV,ÍA,1,4,54,0.0135
2025-08-31,1,ÍBV,ÍA,1,5,19,0.00475
2025-08-31,1,ÍBV,ÍA,1,6,5,0.00125
2025-08-31,1,ÍBV,ÍA,1,8,1,2.5e-4
2025-08-31,1,ÍBV,ÍA,2,0,261,0.06525
2025-08-31,1,ÍBV,ÍA,2,1,330,0.0825
2025-08-31,1,ÍBV,ÍA,2,2,260,0.065
2025-08-31,1,ÍBV,ÍA,2,3,121,0.03025
2025-08-31,1,ÍBV,ÍA,2,4,40,0.01
2025-08-31,1,ÍBV,ÍA,2,5,13,0.00325
2025-08-31,1,ÍBV,ÍA,2,6,3,7.5e-4
2025-08-31,1,ÍBV,ÍA,2,7,3,7.5e-4
2025-08-31,1,ÍBV,ÍA,3,0,135,0.03375
2025-08-31,1,ÍBV,ÍA,3,1,183,0.04575
2025-08-31,1,ÍBV,ÍA,3,2,152,0.038
2025-08-31,1,ÍBV,ÍA,3,3,65,0.01625
2025-08-31,1,ÍBV,ÍA,3,4,30,0.0075
2025-08-31,1,ÍBV,ÍA,3,5,8,0.002
2025-08-31,1,ÍBV,ÍA,3,6,5,0.00125
2025-08-31,1,ÍBV,ÍA,3,7,1,2.5e-4
2025-08-31,1,ÍBV,ÍA,3,8,1,2.5e-4
2025-08-31,1,ÍBV,ÍA,4,0,47,0.01175
2025-08-31,1,ÍBV,ÍA,4,1,61,0.01525
2025-08-31,1,ÍBV,ÍA,4,2,61,0.01525
2025-08-31,1,ÍBV,ÍA,4,3,24,0.006
2025-08-31,1,ÍBV,ÍA,4,4,21,0.00525
2025-08-31,1,ÍBV,ÍA,4,5,2,5e-4
2025-08-31,1,ÍBV,ÍA,4,6,2,5e-4
2025-08-31,1,ÍBV,ÍA,5,0,18,0.0045
2025-08-31,1,ÍBV,ÍA,5,1,23,0.00575
2025-08-31,1,ÍBV,ÍA,5,2,18,0.0045
2025-08-31,1,ÍBV,ÍA,5,3,7,0.00175
2025-08-31,1,ÍBV,ÍA,5,4,5,0.00125
2025-08-31,1,ÍBV,ÍA,5,5,3,7.5e-4
2025-08-31,1,ÍBV,ÍA,6,0,7,0.00175
2025-08-31,1,ÍBV,ÍA,6,1,3,7.5e-4
2025-08-31,1,ÍBV,ÍA,6,2,7,0.00175
2025-08-31,1,ÍBV,ÍA,6,3,5,0.00125
2025-08-31,1,ÍBV,ÍA,6,4,1,2.5e-4
2025-08-31,1,ÍBV,ÍA,6,5,1,2.5e-4
2025-08-31,1,ÍBV,ÍA,6,6,2,5e-4
2025-08-31,1,ÍBV,ÍA,6,7,1,2.5e-4
2025-08-31,1,ÍBV,ÍA,7,0,2,5e-4
2025-08-31,1,ÍBV,ÍA,7,1,2,5e-4
2025-08-31,1,ÍBV,ÍA,7,3,1,2.5e-4
2025-08-31,1,ÍBV,ÍA,8,2,2,5e-4
2025-09-14,1,FH,Fram,0,0,116,0.029
2025-09-14,1,FH,Fram,0,1,136,0.034
2025-09-14,1,FH,Fram,0,2,52,0.013
2025-09-14,1,FH,Fram,0,3,23,0.00575
2025-09-14,1,FH,Fram,0,4,6,0.0015
2025-09-14,1,FH,Fram,0,5,1,2.5e-4
2025-09-14,1,FH,Fram,0,7,1,2.5e-4
2025-09-14,1,FH,Fram,1,0,342,0.0855
2025-09-14,1,FH,Fram,1,1,268,0.067
2025-09-14,1,FH,Fram,1,2,164,0.041
2025-09-14,1,FH,Fram,1,3,53,0.01325
2025-09-14,1,FH,Fram,1,4,11,0.00275
2025-09-14,1,FH,Fram,1,5,1,2.5e-4
2025-09-14,1,FH,Fram,1,6,1,2.5e-4
2025-09-14,1,FH,Fram,2,0,335,0.08375
2025-09-14,1,FH,Fram,2,1,348,0.087
2025-09-14,1,FH,Fram,2,2,182,0.0455
2025-09-14,1,FH,Fram,2,3,64,0.016
2025-09-14,1,FH,Fram,2,4,15,0.00375
2025-09-14,1,FH,Fram,2,5,4,0.001
2025-09-14,1,FH,Fram,2,6,1,2.5e-4
2025-09-14,1,FH,Fram,3,0,271,0.06775
2025-09-14,1,FH,Fram,3,1,300,0.075
2025-09-14,1,FH,Fram,3,2,165,0.04125
2025-09-14,1,FH,Fram,3,3,52,0.013
2025-09-14,1,FH,Fram,3,4,21,0.00525
2025-09-14,1,FH,Fram,3,5,4,0.001
2025-09-14,1,FH,Fram,4,0,190,0.0475
2025-09-14,1,FH,Fram,4,1,177,0.04425
2025-09-14,1,FH,Fram,4,2,109,0.02725
2025-09-14,1,FH,Fram,4,3,40,0.01
2025-09-14,1,FH,Fram,4,4,13,0.00325
2025-09-14,1,FH,Fram,4,5,4,0.001
2025-09-14,1,FH,Fram,4,6,1,2.5e-4
2025-09-14,1,FH,Fram,5,0,117,0.02925
2025-09-14,1,FH,Fram,5,1,89,0.02225
2025-09-14,1,FH,Fram,5,2,69,0.01725
2025-09-14,1,FH,Fram,5,3,15,0.00375
2025-09-14,1,FH,Fram,5,4,5,0.00125
2025-09-14,1,FH,Fram,6,0,48,0.012
2025-09-14,1,FH,Fram,6,1,46,0.0115
2025-09-14,1,FH,Fram,6,2,29,0.00725
2025-09-14,1,FH,Fram,6,3,7,0.00175
2025-09-14,1,FH,Fram,6,4,3,7.5e-4
2025-09-14,1,FH,Fram,6,5,1,2.5e-4
2025-09-14,1,FH,Fram,7,0,17,0.00425
2025-09-14,1,FH,Fram,7,1,24,0.006
2025-09-14,1,FH,Fram,7,2,17,0.00425
2025-09-14,1,FH,Fram,7,3,5,0.00125
2025-09-14,1,FH,Fram,7,4,1,2.5e-4
2025-09-14,1,FH,Fram,8,0,7,0.00175
2025-09-14,1,FH,Fram,8,1,8,0.002
2025-09-14,1,FH,Fram,8,2,7,0.00175
2025-09-14,1,FH,Fram,9,0,7,0.00175
2025-09-14,1,FH,Fram,9,1,6,0.0015
2025-09-14,1,FH,Fram,9,2,1,2.5e-4
2025-09-14,1,KA,Vestri,0,0,200,0.05
2025-09-14,1,KA,Vestri,0,1,230,0.0575
2025-09-14,1,KA,Vestri,0,2,155,0.03875
2025-09-14,1,KA,Vestri,0,3,52,0.013
2025-09-14,1,KA,Vestri,0,4,23,0.00575
2025-09-14,1,KA,Vestri,0,5,3,7.5e-4
2025-09-14,1,KA,Vestri,0,6,1,2.5e-4
2025-09-14,1,KA,Vestri,0,7,2,5e-4
2025-09-14,1,KA,Vestri,1,0,356,0.089
2025-09-14,1,KA,Vestri,1,1,425,0.10625
2025-09-14,1,KA,Vestri,1,2,252,0.063
2025-09-14,1,KA,Vestri,1,3,99,0.02475
2025-09-14,1,KA,Vestri,1,4,48,0.012
2025-09-14,1,KA,Vestri,1,5,7,0.00175
2025-09-14,1,KA,Vestri,1,6,2,5e-4
2025-09-14,1,KA,Vestri,1,8,1,2.5e-4
2025-09-14,1,KA,Vestri,2,0,323,0.08075
2025-09-14,1,KA,Vestri,2,1,371,0.09275
2025-09-14,1,KA,Vestri,2,2,201,0.05025
2025-09-14,1,KA,Vestri,2,3,95,0.02375
2025-09-14,1,KA,Vestri,2,4,29,0.00725
2025-09-14,1,KA,Vestri,2,5,13,0.00325
2025-09-14,1,KA,Vestri,2,6,4,0.001
2025-09-14,1,KA,Vestri,2,7,1,2.5e-4
2025-09-14,1,KA,Vestri,3,0,169,0.04225
2025-09-14,1,KA,Vestri,3,1,216,0.054
2025-09-14,1,KA,Vestri,3,2,139,0.03475
2025-09-14,1,KA,Vestri,3,3,73,0.01825
2025-09-14,1,KA,Vestri,3,4,16,0.004
2025-09-14,1,KA,Vestri,3,5,3,7.5e-4
2025-09-14,1,KA,Vestri,3,6,1,2.5e-4
2025-09-14,1,KA,Vestri,4,0,97,0.02425
2025-09-14,1,KA,Vestri,4,1,96,0.024
2025-09-14,1,KA,Vestri,4,2,58,0.0145
2025-09-14,1,KA,Vestri,4,3,39,0.00975
2025-09-14,1,KA,Vestri,4,4,15,0.00375
2025-09-14,1,KA,Vestri,4,5,2,5e-4
2025-09-14,1,KA,Vestri,4,6,1,2.5e-4
2025-09-14,1,KA,Vestri,5,0,29,0.00725
2025-09-14,1,KA,Vestri,5,1,44,0.011
2025-09-14,1,KA,Vestri,5,2,24,0.006
2025-09-14,1,KA,Vestri,5,3,20,0.005
2025-09-14,1,KA,Vestri,5,4,3,7.5e-4
2025-09-14,1,KA,Vestri,5,5,4,0.001
2025-09-14,1,KA,Vestri,6,0,11,0.00275
2025-09-14,1,KA,Vestri,6,1,21,0.00525
2025-09-14,1,KA,Vestri,6,2,8,0.002
2025-09-14,1,KA,Vestri,6,3,3,7.5e-4
2025-09-14,1,KA,Vestri,6,5,1,2.5e-4
2025-09-14,1,KA,Vestri,6,6,1,2.5e-4
2025-09-14,1,KA,Vestri,7,0,1,2.5e-4
2025-09-14,1,KA,Vestri,7,1,4,0.001
2025-09-14,1,KA,Vestri,7,2,2,5e-4
2025-09-14,1,KA,Vestri,8,0,1,2.5e-4
2025-09-14,1,KA,Vestri,8,1,4,0.001
2025-09-14,1,KA,Vestri,8,2,1,2.5e-4
2025-09-14,1,Valur,Stjarnan,0,0,127,0.03175
2025-09-14,1,Valur,Stjarnan,0,1,176,0.044
2025-09-14,1,Valur,Stjarnan,0,2,138,0.0345
2025-09-14,1,Valur,Stjarnan,0,3,63,0.01575
2025-09-14,1,Valur,Stjarnan,0,4,22,0.0055
2025-09-14,1,Valur,Stjarnan,0,5,8,0.002
2025-09-14,1,Valur,Stjarnan,0,6,5,0.00125
2025-09-14,1,Valur,Stjarnan,0,7,2,5e-4
2025-09-14,1,Valur,Stjarnan,1,0,250,0.0625
2025-09-14,1,Valur,Stjarnan,1,1,376,0.094
2025-09-14,1,Valur,Stjarnan,1,2,231,0.05775
2025-09-14,1,Valur,Stjarnan,1,3,111,0.02775
2025-09-14,1,Valur,Stjarnan,1,4,54,0.0135
2025-09-14,1,Valur,Stjarnan,1,5,19,0.00475
2025-09-14,1,Valur,Stjarnan,1,6,5,0.00125
2025-09-14,1,Valur,Stjarnan,2,0,210,0.0525
2025-09-14,1,Valur,Stjarnan,2,1,314,0.0785
2025-09-14,1,Valur,Stjarnan,2,2,256,0.064
2025-09-14,1,Valur,Stjarnan,2,3,150,0.0375
2025-09-14,1,Valur,Stjarnan,2,4,54,0.0135
2025-09-14,1,Valur,Stjarnan,2,5,17,0.00425
2025-09-14,1,Valur,Stjarnan,2,6,4,0.001
2025-09-14,1,Valur,Stjarnan,2,7,2,5e-4
2025-09-14,1,Valur,Stjarnan,3,0,166,0.0415
2025-09-14,1,Valur,Stjarnan,3,1,215,0.05375
2025-09-14,1,Valur,Stjarnan,3,2,162,0.0405
2025-09-14,1,Valur,Stjarnan,3,3,117,0.02925
2025-09-14,1,Valur,Stjarnan,3,4,33,0.00825
2025-09-14,1,Valur,Stjarnan,3,5,16,0.004
2025-09-14,1,Valur,Stjarnan,3,6,6,0.0015
2025-09-14,1,Valur,Stjarnan,3,7,2,5e-4
2025-09-14,1,Valur,Stjarnan,4,0,70,0.0175
2025-09-14,1,Valur,Stjarnan,4,1,141,0.03525
2025-09-14,1,Valur,Stjarnan,4,2,101,0.02525
2025-09-14,1,Valur,Stjarnan,4,3,56,0.014
2025-09-14,1,Valur,Stjarnan,4,4,22,0.0055
2025-09-14,1,Valur,Stjarnan,4,5,4,0.001
2025-09-14,1,Valur,Stjarnan,4,6,3,7.5e-4
2025-09-14,1,Valur,Stjarnan,5,0,31,0.00775
2025-09-14,1,Valur,Stjarnan,5,1,73,0.01825
2025-09-14,1,Valur,Stjarnan,5,2,44,0.011
2025-09-14,1,Valur,Stjarnan,5,3,24,0.006
2025-09-14,1,Valur,Stjarnan,5,4,12,0.003
2025-09-14,1,Valur,Stjarnan,5,5,6,0.0015
2025-09-14,1,Valur,Stjarnan,6,0,8,0.002
2025-09-14,1,Valur,Stjarnan,6,1,21,0.00525
2025-09-14,1,Valur,Stjarnan,6,2,20,0.005
2025-09-14,1,Valur,Stjarnan,6,3,12,0.003
2025-09-14,1,Valur,Stjarnan,6,4,2,5e-4
2025-09-14,1,Valur,Stjarnan,6,5,3,7.5e-4
2025-09-14,1,Valur,Stjarnan,6,6,1,2.5e-4
2025-09-14,1,Valur,Stjarnan,7,0,6,0.0015
2025-09-14,1,Valur,Stjarnan,7,1,10,0.0025
2025-09-14,1,Valur,Stjarnan,7,2,6,0.0015
2025-09-14,1,Valur,Stjarnan,7,3,3,7.5e-4
2025-09-14,1,Valur,Stjarnan,7,5,1,2.5e-4
2025-09-14,1,Valur,Stjarnan,8,0,1,2.5e-4
2025-09-14,1,Valur,Stjarnan,8,1,2,5e-4
2025-09-14,1,Valur,Stjarnan,8,2,2,5e-4
2025-09-14,1,Valur,Stjarnan,8,3,1,2.5e-4
2025-09-14,1,Valur,Stjarnan,8,5,1,2.5e-4
2025-09-14,1,Valur,Stjarnan,10,1,1,2.5e-4
2025-09-14,1,Valur,Stjarnan,10,3,1,2.5e-4
2025-09-14,1,ÍA,Afturelding,0,0,77,0.01925
2025-09-14,1,ÍA,Afturelding,0,1,159,0.03975
2025-09-14,1,ÍA,Afturelding,0,2,165,0.04125
2025-09-14,1,ÍA,Afturelding,0,3,110,0.0275
2025-09-14,1,ÍA,Afturelding,0,4,60,0.015
2025-09-14,1,ÍA,Afturelding,0,5,35,0.00875
2025-09-14,1,ÍA,Afturelding,0,6,11,0.00275
2025-09-14,1,ÍA,Afturelding,0,7,3,7.5e-4
2025-09-14,1,ÍA,Afturelding,0,8,1,2.5e-4
2025-09-14,1,ÍA,Afturelding,1,0,118,0.0295
2025-09-14,1,ÍA,Afturelding,1,1,284,0.071
2025-09-14,1,ÍA,Afturelding,1,2,297,0.07425
2025-09-14,1,ÍA,Afturelding,1,3,217,0.05425
2025-09-14,1,ÍA,Afturelding,1,4,129,0.03225
2025-09-14,1,ÍA,Afturelding,1,5,70,0.0175
2025-09-14,1,ÍA,Afturelding,1,6,25,0.00625
2025-09-14,1,ÍA,Afturelding,1,7,15,0.00375
2025-09-14,1,ÍA,Afturelding,1,8,2,5e-4
2025-09-14,1,ÍA,Afturelding,2,0,118,0.0295
2025-09-14,1,ÍA,Afturelding,2,1,248,0.062
2025-09-14,1,ÍA,Afturelding,2,2,290,0.0725
2025-09-14,1,ÍA,Afturelding,2,3,189,0.04725
2025-09-14,1,ÍA,Afturelding,2,4,130,0.0325
2025-09-14,1,ÍA,Afturelding,2,5,52,0.013
2025-09-14,1,ÍA,Afturelding,2,6,25,0.00625
2025-09-14,1,ÍA,Afturelding,2,7,13,0.00325
2025-09-14,1,ÍA,Afturelding,2,8,3,7.5e-4
2025-09-14,1,ÍA,Afturelding,2,9,1,2.5e-4
2025-09-14,1,ÍA,Afturelding,2,10,2,5e-4
2025-09-14,1,ÍA,Afturelding,3,0,71,0.01775
2025-09-14,1,ÍA,Afturelding,3,1,156,0.039
2025-09-14,1,ÍA,Afturelding,3,2,146,0.0365
2025-09-14,1,ÍA,Afturelding,3,3,127,0.03175
2025-09-14,1,ÍA,Afturelding,3,4,77,0.01925
2025-09-14,1,ÍA,Afturelding,3,5,27,0.00675
2025-09-14,1,ÍA,Afturelding,3,6,13,0.00325
2025-09-14,1,ÍA,Afturelding,3,7,4,0.001
2025-09-14,1,ÍA,Afturelding,3,8,1,2.5e-4
2025-09-14,1,ÍA,Afturelding,3,9,1,2.5e-4
2025-09-14,1,ÍA,Afturelding,3,11,2,5e-4
2025-09-14,1,ÍA,Afturelding,4,0,28,0.007
2025-09-14,1,ÍA,Afturelding,4,1,84,0.021
2025-09-14,1,ÍA,Afturelding,4,2,73,0.01825
2025-09-14,1,ÍA,Afturelding,4,3,54,0.0135
2025-09-14,1,ÍA,Afturelding,4,4,42,0.0105
2025-09-14,1,ÍA,Afturelding,4,5,25,0.00625
2025-09-14,1,ÍA,Afturelding,4,6,6,0.0015
2025-09-14,1,ÍA,Afturelding,4,7,4,0.001
2025-09-14,1,ÍA,Afturelding,4,8,2,5e-4
2025-09-14,1,ÍA,Afturelding,5,0,12,0.003
2025-09-14,1,ÍA,Afturelding,5,1,25,0.00625
2025-09-14,1,ÍA,Afturelding,5,2,38,0.0095
2025-09-14,1,ÍA,Afturelding,5,3,18,0.0045
2025-09-14,1,ÍA,Afturelding,5,4,21,0.00525
2025-09-14,1,ÍA,Afturelding,5,5,11,0.00275
2025-09-14,1,ÍA,Afturelding,5,6,4,0.001
2025-09-14,1,ÍA,Afturelding,5,7,1,2.5e-4
2025-09-14,1,ÍA,Afturelding,6,0,3,7.5e-4
2025-09-14,1,ÍA,Afturelding,6,1,9,0.00225
2025-09-14,1,ÍA,Afturelding,6,2,16,0.004
2025-09-14,1,ÍA,Afturelding,6,3,7,0.00175
2025-09-14,1,ÍA,Afturelding,6,4,8,0.002
2025-09-14,1,ÍA,Afturelding,6,5,8,0.002
2025-09-14,1,ÍA,Afturelding,6,6,1,2.5e-4
2025-09-14,1,ÍA,Afturelding,7,0,1,2.5e-4
2025-09-14,1,ÍA,Afturelding,7,1,6,0.0015
2025-09-14,1,ÍA,Afturelding,7,2,5,0.00125
2025-09-14,1,ÍA,Afturelding,7,3,7,0.00175
2025-09-14,1,ÍA,Afturelding,7,5,2,5e-4
2025-09-14,1,ÍA,Afturelding,7,6,1,2.5e-4
2025-09-14,1,ÍA,Afturelding,7,7,1,2.5e-4
2025-09-14,1,ÍA,Afturelding,8,0,1,2.5e-4
2025-09-14,1,ÍA,Afturelding,8,2,1,2.5e-4
2025-09-14,1,ÍA,Afturelding,9,2,1,2.5e-4
