date,division,home,away,home_goals,away_goals,n,p
2025-08-07,1,Fram,Breiðablik,0,0,23,0.00575
2025-08-07,1,Fram,Breiðablik,0,1,120,0.03
2025-08-07,1,Fram,Breiðablik,0,2,218,0.0545
2025-08-07,1,Fram,Breiðablik,0,3,312,0.078
2025-08-07,1,Fram,Breiðablik,0,4,326,0.0815
2025-08-07,1,Fram,Breiðablik,0,5,283,0.07075
2025-08-07,1,Fram,Breiðablik,0,6,214,0.0535
2025-08-07,1,Fram,Breiðablik,0,7,182,0.0455
2025-08-07,1,Fram,Breiðablik,0,8,118,0.0295
2025-08-07,1,Fram,Breiðablik,0,9,71,0.01775
2025-08-07,1,Fram,Breiðablik,0,10,34,0.0085
2025-08-07,1,Fram,Breiðablik,0,11,29,0.00725
2025-08-07,1,Fram,Breiðablik,0,12,18,0.0045
2025-08-07,1,Fram,Breiðablik,0,13,6,0.0015
2025-08-07,1,Fram,Breiðablik,0,14,4,0.001
2025-08-07,1,Fram,Breiðablik,0,16,1,2.5e-4
2025-08-07,1,Fram,Breiðablik,1,0,22,0.0055
2025-08-07,1,Fram,Breiðablik,1,1,89,0.02225
2025-08-07,1,Fram,Breiðablik,1,2,142,0.0355
2025-08-07,1,Fram,Breiðablik,1,3,196,0.049
2025-08-07,1,Fram,Breiðablik,1,4,218,0.0545
2025-08-07,1,Fram,Breiðablik,1,5,210,0.0525
2025-08-07,1,Fram,Breiðablik,1,6,179,0.04475
2025-08-07,1,Fram,Breiðablik,1,7,111,0.02775
2025-08-07,1,Fram,Breiðablik,1,8,70,0.0175
2025-08-07,1,Fram,Breiðablik,1,9,48,0.012
2025-08-07,1,Fram,Breiðablik,1,10,20,0.005
2025-08-07,1,Fram,Breiðablik,1,11,24,0.006
2025-08-07,1,Fram,Breiðablik,1,12,6,0.0015
2025-08-07,1,Fram,Breiðablik,1,13,3,7.5e-4
2025-08-07,1,Fram,Breiðablik,1,14,2,5e-4
2025-08-07,1,Fram,Breiðablik,1,15,1,2.5e-4
2025-08-07,1,Fram,Breiðablik,1,16,1,2.5e-4
2025-08-07,1,Fram,Breiðablik,1,17,1,2.5e-4
2025-08-07,1,Fram,Breiðablik,2,0,14,0.0035
2025-08-07,1,Fram,Breiðablik,2,1,17,0.00425
2025-08-07,1,Fram,Breiðablik,2,2,55,0.01375
2025-08-07,1,Fram,Breiðablik,2,3,75,0.01875
2025-08-07,1,Fram,Breiðablik,2,4,80,0.02
2025-08-07,1,Fram,Breiðablik,2,5,69,0.01725
2025-08-07,1,Fram,Breiðablik,2,6,61,0.01525
2025-08-07,1,Fram,Breiðablik,2,7,44,0.011
2025-08-07,1,Fram,Breiðablik,2,8,42,0.0105
2025-08-07,1,Fram,Breiðablik,2,9,20,0.005
2025-08-07,1,Fram,Breiðablik,2,10,8,0.002
2025-08-07,1,Fram,Breiðablik,2,11,9,0.00225
2025-08-07,1,Fram,Breiðablik,2,12,4,0.001
2025-08-07,1,Fram,Breiðablik,2,13,3,7.5e-4
2025-08-07,1,Fram,Breiðablik,2,14,1,2.5e-4
2025-08-07,1,Fram,Breiðablik,2,19,1,2.5e-4
2025-08-07,1,Fram,Breiðablik,3,0,2,5e-4
2025-08-07,1,Fram,Breiðablik,3,1,7,0.00175
2025-08-07,1,Fram,Breiðablik,3,2,12,0.003
2025-08-07,1,Fram,Breiðablik,3,3,28,0.007
2025-08-07,1,Fram,Breiðablik,3,4,22,0.0055
2025-08-07,1,Fram,Breiðablik,3,5,17,0.00425
2025-08-07,1,Fram,Breiðablik,3,6,22,0.0055
2025-08-07,1,Fram,Breiðablik,3,7,9,0.00225
2025-08-07,1,Fram,Breiðablik,3,8,7,0.00175
2025-08-07,1,Fram,Breiðablik,3,9,6,0.0015
2025-08-07,1,Fram,Breiðablik,3,10,2,5e-4
2025-08-07,1,Fram,Breiðablik,3,11,2,5e-4
2025-08-07,1,Fram,Breiðablik,3,12,2,5e-4
2025-08-07,1,Fram,Breiðablik,3,13,2,5e-4
2025-08-07,1,Fram,Breiðablik,4,1,1,2.5e-4
2025-08-07,1,Fram,Breiðablik,4,2,5,0.00125
2025-08-07,1,Fram,Breiðablik,4,3,11,0.00275
2025-08-07,1,Fram,Breiðablik,4,4,9,0.00225
2025-08-07,1,Fram,Breiðablik,4,5,4,0.001
2025-08-07,1,Fram,Breiðablik,4,6,5,0.00125
2025-08-07,1,Fram,Breiðablik,4,7,4,0.001
2025-08-07,1,Fram,Breiðablik,4,8,2,5e-4
2025-08-07,1,Fram,Breiðablik,4,9,2,5e-4
2025-08-07,1,Fram,Breiðablik,4,10,2,5e-4
2025-08-07,1,Fram,Breiðablik,4,12,2,5e-4
2025-08-07,1,Fram,Breiðablik,4,13,1,2.5e-4
2025-08-07,1,Fram,Breiðablik,4,14,1,2.5e-4
2025-08-07,1,Fram,Breiðablik,5,5,1,2.5e-4
2025-08-07,1,Fram,Breiðablik,5,6,1,2.5e-4
2025-08-07,1,Fram,Breiðablik,5,7,3,7.5e-4
2025-08-07,1,Fram,Breiðablik,5,8,1,2.5e-4
2025-08-07,1,Stjarnan,Tindastóll,0,0,232,0.058
2025-08-07,1,Stjarnan,Tindastóll,0,1,176,0.044
2025-08-07,1,Stjarnan,Tindastóll,0,2,86,0.0215
2025-08-07,1,Stjarnan,Tindastóll,0,3,27,0.00675
2025-08-07,1,Stjarnan,Tindastóll,0,4,9,0.00225
2025-08-07,1,Stjarnan,Tindastóll,0,5,3,7.5e-4
2025-08-07,1,Stjarnan,Tindastóll,1,0,340,0.085
2025-08-07,1,Stjarnan,Tindastóll,1,1,306,0.0765
2025-08-07,1,Stjarnan,Tindastóll,1,2,156,0.039
2025-08-07,1,Stjarnan,Tindastóll,1,3,66,0.0165
2025-08-07,1,Stjarnan,Tindastóll,1,4,14,0.0035
2025-08-07,1,Stjarnan,Tindastóll,1,5,2,5e-4
2025-08-07,1,Stjarnan,Tindastóll,1,6,2,5e-4
2025-08-07,1,Stjarnan,Tindastóll,1,7,1,2.5e-4
2025-08-07,1,Stjarnan,Tindastóll,2,0,376,0.094
2025-08-07,1,Stjarnan,Tindastóll,2,1,368,0.092
2025-08-07,1,Stjarnan,Tindastóll,2,2,164,0.041
2025-08-07,1,Stjarnan,Tindastóll,2,3,61,0.01525
2025-08-07,1,Stjarnan,Tindastóll,2,4,19,0.00475
2025-08-07,1,Stjarnan,Tindastóll,2,5,8,0.002
2025-08-07,1,Stjarnan,Tindastóll,2,6,2,5e-4
2025-08-07,1,Stjarnan,Tindastóll,3,0,285,0.07125
2025-08-07,1,Stjarnan,Tindastóll,3,1,213,0.05325
2025-08-07,1,Stjarnan,Tindastóll,3,2,142,0.0355
2025-08-07,1,Stjarnan,Tindastóll,3,3,45,0.01125
2025-08-07,1,Stjarnan,Tindastóll,3,4,6,0.0015
2025-08-07,1,Stjarnan,Tindastóll,3,5,4,0.001
2025-08-07,1,Stjarnan,Tindastóll,3,8,1,2.5e-4
2025-08-07,1,Stjarnan,Tindastóll,4,0,165,0.04125
2025-08-07,1,Stjarnan,Tindastóll,4,1,156,0.039
2025-08-07,1,Stjarnan,Tindastóll,4,2,91,0.02275
2025-08-07,1,Stjarnan,Tindastóll,4,3,27,0.00675
2025-08-07,1,Stjarnan,Tindastóll,4,4,14,0.0035
2025-08-07,1,Stjarnan,Tindastóll,4,5,7,0.00175
2025-08-07,1,Stjarnan,Tindastóll,4,7,1,2.5e-4
2025-08-07,1,Stjarnan,Tindastóll,5,0,68,0.017
2025-08-07,1,Stjarnan,Tindastóll,5,1,83,0.02075
2025-08-07,1,Stjarnan,Tindastóll,5,2,52,0.013
2025-08-07,1,Stjarnan,Tindastóll,5,3,26,0.0065
2025-08-07,1,Stjarnan,Tindastóll,5,4,5,0.00125
2025-08-07,1,Stjarnan,Tindastóll,5,5,2,5e-4
2025-08-07,1,Stjarnan,Tindastóll,6,0,29,0.00725
2025-08-07,1,Stjarnan,Tindastóll,6,1,46,0.0115
2025-08-07,1,Stjarnan,Tindastóll,6,2,26,0.0065
2025-08-07,1,Stjarnan,Tindastóll,6,3,10,0.0025
2025-08-07,1,Stjarnan,Tindastóll,6,4,4,0.001
2025-08-07,1,Stjarnan,Tindastóll,7,0,16,0.004
2025-08-07,1,Stjarnan,Tindastóll,7,1,19,0.00475
2025-08-07,1,Stjarnan,Tindastóll,7,2,6,0.0015
2025-08-07,1,Stjarnan,Tindastóll,7,3,4,0.001
2025-08-07,1,Stjarnan,Tindastóll,8,0,5,0.00125
2025-08-07,1,Stjarnan,Tindastóll,8,1,6,0.0015
2025-08-07,1,Stjarnan,Tindastóll,8,2,4,0.001
2025-08-07,1,Stjarnan,Tindastóll,8,3,1,2.5e-4
2025-08-07,1,Stjarnan,Tindastóll,9,0,3,7.5e-4
2025-08-07,1,Stjarnan,Tindastóll,9,1,5,0.00125
2025-08-07,1,Stjarnan,Tindastóll,9,2,3,7.5e-4
2025-08-07,1,Stjarnan,Tindastóll,10,2,1,2.5e-4
2025-08-07,1,Stjarnan,Tindastóll,11,2,1,2.5e-4
2025-08-07,1,Þór/KA,Valur,0,0,406,0.1015
2025-08-07,1,Þór/KA,Valur,0,1,405,0.10125
2025-08-07,1,Þór/KA,Valur,0,2,238,0.0595
2025-08-07,1,Þór/KA,Valur,0,3,111,0.02775
2025-08-07,1,Þór/KA,Valur,0,4,38,0.0095
2025-08-07,1,Þór/KA,Valur,0,5,6,0.0015
2025-08-07,1,Þór/KA,Valur,0,6,1,2.5e-4
2025-08-07,1,Þór/KA,Valur,1,0,394,0.0985
2025-08-07,1,Þór/KA,Valur,1,1,448,0.112
2025-08-07,1,Þór/KA,Valur,1,2,261,0.06525
2025-08-07,1,Þór/KA,Valur,1,3,134,0.0335
2025-08-07,1,Þór/KA,Valur,1,4,48,0.012
2025-08-07,1,Þór/KA,Valur,1,5,20,0.005
2025-08-07,1,Þór/KA,Valur,1,6,4,0.001
2025-08-07,1,Þór/KA,Valur,1,7,1,2.5e-4
2025-08-07,1,Þór/KA,Valur,2,0,212,0.053
2025-08-07,1,Þór/KA,Valur,2,1,298,0.0745
2025-08-07,1,Þór/KA,Valur,2,2,200,0.05
2025-08-07,1,Þór/KA,Valur,2,3,102,0.0255
2025-08-07,1,Þór/KA,Valur,2,4,36,0.009
2025-08-07,1,Þór/KA,Valur,2,5,12,0.003
2025-08-07,1,Þór/KA,Valur,2,6,2,5e-4
2025-08-07,1,Þór/KA,Valur,2,7,1,2.5e-4
2025-08-07,1,Þór/KA,Valur,2,8,3,7.5e-4
2025-08-07,1,Þór/KA,Valur,3,0,111,0.02775
2025-08-07,1,Þór/KA,Valur,3,1,127,0.03175
2025-08-07,1,Þór/KA,Valur,3,2,90,0.0225
2025-08-07,1,Þór/KA,Valur,3,3,46,0.0115
2025-08-07,1,Þór/KA,Valur,3,4,17,0.00425
2025-08-07,1,Þór/KA,Valur,3,5,9,0.00225
2025-08-07,1,Þór/KA,Valur,4,0,47,0.01175
2025-08-07,1,Þór/KA,Valur,4,1,44,0.011
2025-08-07,1,Þór/KA,Valur,4,2,35,0.00875
2025-08-07,1,Þór/KA,Valur,4,3,15,0.00375
2025-08-07,1,Þór/KA,Valur,4,4,8,0.002
2025-08-07,1,Þór/KA,Valur,4,5,4,0.001
2025-08-07,1,Þór/KA,Valur,5,0,12,0.003
2025-08-07,1,Þór/KA,Valur,5,1,15,0.00375
2025-08-07,1,Þór/KA,Valur,5,2,9,0.00225
2025-08-07,1,Þór/KA,Valur,5,3,5,0.00125
2025-08-07,1,Þór/KA,Valur,5,4,5,0.00125
2025-08-07,1,Þór/KA,Valur,5,5,1,2.5e-4
2025-08-07,1,Þór/KA,Valur,6,0,4,0.001
2025-08-07,1,Þór/KA,Valur,6,1,2,5e-4
2025-08-07,1,Þór/KA,Valur,6,2,5,0.00125
2025-08-07,1,Þór/KA,Valur,6,3,2,5e-4
2025-08-07,1,Þór/KA,Valur,6,4,1,2.5e-4
2025-08-07,1,Þór/KA,Valur,7,0,2,5e-4
2025-08-07,1,Þór/KA,Valur,7,2,2,5e-4
2025-08-07,1,Þór/KA,Valur,8,4,1,2.5e-4
2025-08-07,2,Fylkir,KR,0,0,68,0.017
2025-08-07,2,Fylkir,KR,0,1,86,0.0215
2025-08-07,2,Fylkir,KR,0,2,70,0.0175
2025-08-07,2,Fylkir,KR,0,3,58,0.0145
2025-08-07,2,Fylkir,KR,0,4,30,0.0075
2025-08-07,2,Fylkir,KR,0,5,11,0.00275
2025-08-07,2,Fylkir,KR,0,6,3,7.5e-4
2025-08-07,2,Fylkir,KR,0,7,3,7.5e-4
2025-08-07,2,Fylkir,KR,0,8,1,2.5e-4
2025-08-07,2,Fylkir,KR,1,0,125,0.03125
2025-08-07,2,Fylkir,KR,1,1,215,0.05375
2025-08-07,2,Fylkir,KR,1,2,153,0.03825
2025-08-07,2,Fylkir,KR,1,3,112,0.028
2025-08-07,2,Fylkir,KR,1,4,62,0.0155
2025-08-07,2,Fylkir,KR,1,5,27,0.00675
2025-08-07,2,Fylkir,KR,1,6,11,0.00275
2025-08-07,2,Fylkir,KR,1,7,1,2.5e-4
2025-08-07,2,Fylkir,KR,1,8,2,5e-4
2025-08-07,2,Fylkir,KR,1,10,1,2.5e-4
2025-08-07,2,Fylkir,KR,2,0,131,0.03275
2025-08-07,2,Fylkir,KR,2,1,222,0.0555
2025-08-07,2,Fylkir,KR,2,2,164,0.041
2025-08-07,2,Fylkir,KR,2,3,126,0.0315
2025-08-07,2,Fylkir,KR,2,4,59,0.01475
2025-08-07,2,Fylkir,KR,2,5,34,0.0085
2025-08-07,2,Fylkir,KR,2,6,18,0.0045
2025-08-07,2,Fylkir,KR,2,7,5,0.00125
2025-08-07,2,Fylkir,KR,2,8,3,7.5e-4
2025-08-07,2,Fylkir,KR,2,9,2,5e-4
2025-08-07,2,Fylkir,KR,3,0,120,0.03
2025-08-07,2,Fylkir,KR,3,1,203,0.05075
2025-08-07,2,Fylkir,KR,3,2,190,0.0475
2025-08-07,2,Fylkir,KR,3,3,132,0.033
2025-08-07,2,Fylkir,KR,3,4,48,0.012
2025-08-07,2,Fylkir,KR,3,5,22,0.0055
2025-08-07,2,Fylkir,KR,3,6,6,0.0015
2025-08-07,2,Fylkir,KR,3,7,4,0.001
2025-08-07,2,Fylkir,KR,3,8,1,2.5e-4
2025-08-07,2,Fylkir,KR,3,9,1,2.5e-4
2025-08-07,2,Fylkir,KR,3,10,1,2.5e-4
2025-08-07,2,Fylkir,KR,4,0,87,0.02175
2025-08-07,2,Fylkir,KR,4,1,136,0.034
2025-08-07,2,Fylkir,KR,4,2,142,0.0355
2025-08-07,2,Fylkir,KR,4,3,83,0.02075
2025-08-07,2,Fylkir,KR,4,4,54,0.0135
2025-08-07,2,Fylkir,KR,4,5,30,0.0075
2025-08-07,2,Fylkir,KR,4,6,11,0.00275
2025-08-07,2,Fylkir,KR,4,7,8,0.002
2025-08-07,2,Fylkir,KR,4,8,2,5e-4
2025-08-07,2,Fylkir,KR,4,9,1,2.5e-4
2025-08-07,2,Fylkir,KR,5,0,70,0.0175
2025-08-07,2,Fylkir,KR,5,1,103,0.02575
2025-08-07,2,Fylkir,KR,5,2,87,0.02175
2025-08-07,2,Fylkir,KR,5,3,55,0.01375
2025-08-07,2,Fylkir,KR,5,4,21,0.00525
2025-08-07,2,Fylkir,KR,5,5,21,0.00525
2025-08-07,2,Fylkir,KR,5,6,6,0.0015
2025-08-07,2,Fylkir,KR,5,7,4,0.001
2025-08-07,2,Fylkir,KR,5,8,1,2.5e-4
2025-08-07,2,Fylkir,KR,6,0,34,0.0085
2025-08-07,2,Fylkir,KR,6,1,68,0.017
2025-08-07,2,Fylkir,KR,6,2,57,0.01425
2025-08-07,2,Fylkir,KR,6,3,53,0.01325
2025-08-07,2,Fylkir,KR,6,4,20,0.005
2025-08-07,2,Fylkir,KR,6,5,10,0.0025
2025-08-07,2,Fylkir,KR,6,6,7,0.00175
2025-08-07,2,Fylkir,KR,6,7,2,5e-4
2025-08-07,2,Fylkir,KR,6,8,1,2.5e-4
2025-08-07,2,Fylkir,KR,7,0,25,0.00625
2025-08-07,2,Fylkir,KR,7,1,41,0.01025
2025-08-07,2,Fylkir,KR,7,2,34,0.0085
2025-08-07,2,Fylkir,KR,7,3,18,0.0045
2025-08-07,2,Fylkir,KR,7,4,10,0.0025
2025-08-07,2,Fylkir,KR,7,5,7,0.00175
2025-08-07,2,Fylkir,KR,7,6,2,5e-4
2025-08-07,2,Fylkir,KR,7,7,1,2.5e-4
2025-08-07,2,Fylkir,KR,8,0,20,0.005
2025-08-07,2,Fylkir,KR,8,1,20,0.005
2025-08-07,2,Fylkir,KR,8,2,15,0.00375
2025-08-07,2,Fylkir,KR,8,3,16,0.004
2025-08-07,2,Fylkir,KR,8,4,6,0.0015
2025-08-07,2,Fylkir,KR,8,5,4,0.001
2025-08-07,2,Fylkir,KR,8,6,1,2.5e-4
2025-08-07,2,Fylkir,KR,9,0,6,0.0015
2025-08-07,2,Fylkir,KR,9,1,9,0.00225
2025-08-07,2,Fylkir,KR,9,2,10,0.0025
2025-08-07,2,Fylkir,KR,9,3,4,0.001
2025-08-07,2,Fylkir,KR,9,4,5,0.00125
2025-08-07,2,Fylkir,KR,9,5,1,2.5e-4
2025-08-07,2,Fylkir,KR,9,6,1,2.5e-4
2025-08-07,2,Fylkir,KR,9,8,1,2.5e-4
2025-08-07,2,Fylkir,KR,10,0,3,7.5e-4
2025-08-07,2,Fylkir,KR,10,1,9,0.00225
2025-08-07,2,Fylkir,KR,10,2,4,0.001
2025-08-07,2,Fylkir,KR,10,3,2,5e-4
2025-08-07,2,Fylkir,KR,11,0,2,5e-4
2025-08-07,2,Fylkir,KR,11,2,2,5e-4
2025-08-07,2,Fylkir,KR,11,3,1,2.5e-4
2025-08-07,2,Fylkir,KR,11,4,2,5e-4
2025-08-07,2,Fylkir,KR,12,1,2,5e-4
2025-08-07,2,Fylkir,KR,12,2,1,2.5e-4
2025-08-07,2,Fylkir,KR,12,4,1,2.5e-4
2025-08-07,2,Fylkir,KR,13,1,3,7.5e-4
2025-08-07,2,Fylkir,KR,13,2,1,2.5e-4
2025-08-07,2,Fylkir,KR,13,3,4,0.001
2025-08-07,2,Fylkir,KR,13,7,1,2.5e-4
2025-08-07,2,Grindavík/ Njarðvík,Haukar,0,0,28,0.007
2025-08-07,2,Grindavík/ Njarðvík,Haukar,0,1,27,0.00675
2025-08-07,2,Grindavík/ Njarðvík,Haukar,0,2,22,0.0055
2025-08-07,2,Grindavík/ Njarðvík,Haukar,0,3,18,0.0045
2025-08-07,2,Grindavík/ Njarðvík,Haukar,0,4,9,0.00225
2025-08-07,2,Grindavík/ Njarðvík,Haukar,0,5,5,0.00125
2025-08-07,2,Grindavík/ Njarðvík,Haukar,0,6,1,2.5e-4
2025-08-07,2,Grindavík/ Njarðvík,Haukar,0,9,1,2.5e-4
2025-08-07,2,Grindavík/ Njarðvík,Haukar,1,0,28,0.007
2025-08-07,2,Grindavík/ Njarðvík,Haukar,1,1,72,0.018
2025-08-07,2,Grindavík/ Njarðvík,Haukar,1,2,58,0.0145
2025-08-07,2,Grindavík/ Njarðvík,Haukar,1,3,56,0.014
2025-08-07,2,Grindavík/ Njarðvík,Haukar,1,4,42,0.0105
2025-08-07,2,Grindavík/ Njarðvík,Haukar,1,5,29,0.00725
2025-08-07,2,Grindavík/ Njarðvík,Haukar,1,6,11,0.00275
2025-08-07,2,Grindavík/ Njarðvík,Haukar,1,7,4,0.001
2025-08-07,2,Grindavík/ Njarðvík,Haukar,1,8,3,7.5e-4
2025-08-07,2,Grindavík/ Njarðvík,Haukar,1,9,1,2.5e-4
2025-08-07,2,Grindavík/ Njarðvík,Haukar,1,11,1,2.5e-4
2025-08-07,2,Grindavík/ Njarðvík,Haukar,2,0,47,0.01175
2025-08-07,2,Grindavík/ Njarðvík,Haukar,2,1,116,0.029
2025-08-07,2,Grindavík/ Njarðvík,Haukar,2,2,130,0.0325
2025-08-07,2,Grindavík/ Njarðvík,Haukar,2,3,110,0.0275
2025-08-07,2,Grindavík/ Njarðvík,Haukar,2,4,63,0.01575
2025-08-07,2,Grindavík/ Njarðvík,Haukar,2,5,38,0.0095
2025-08-07,2,Grindavík/ Njarðvík,Haukar,2,6,16,0.004
2025-08-07,2,Grindavík/ Njarðvík,Haukar,2,7,13,0.00325
2025-08-07,2,Grindavík/ Njarðvík,Haukar,2,8,6,0.0015
2025-08-07,2,Grindavík/ Njarðvík,Haukar,2,9,2,5e-4
2025-08-07,2,Grindavík/ Njarðvík,Haukar,2,10,2,5e-4
2025-08-07,2,Grindavík/ Njarðvík,Haukar,2,11,1,2.5e-4
2025-08-07,2,Grindavík/ Njarðvík,Haukar,3,0,58,0.0145
2025-08-07,2,Grindavík/ Njarðvík,Haukar,3,1,122,0.0305
2025-08-07,2,Grindavík/ Njarðvík,Haukar,3,2,163,0.04075
2025-08-07,2,Grindavík/ Njarðvík,Haukar,3,3,123,0.03075
2025-08-07,2,Grindavík/ Njarðvík,Haukar,3,4,80,0.02
2025-08-07,2,Grindavík/ Njarðvík,Haukar,3,5,60,0.015
2025-08-07,2,Grindavík/ Njarðvík,Haukar,3,6,33,0.00825
2025-08-07,2,Grindavík/ Njarðvík,Haukar,3,7,18,0.0045
2025-08-07,2,Grindavík/ Njarðvík,Haukar,3,8,7,0.00175
2025-08-07,2,Grindavík/ Njarðvík,Haukar,3,9,3,7.5e-4
2025-08-07,2,Grindavík/ Njarðvík,Haukar,3,10,2,5e-4
2025-08-07,2,Grindavík/ Njarðvík,Haukar,4,0,44,0.011
2025-08-07,2,Grindavík/ Njarðvík,Haukar,4,1,133,0.03325
2025-08-07,2,Grindavík/ Njarðvík,Haukar,4,2,124,0.031
2025-08-07,2,Grindavík/ Njarðvík,Haukar,4,3,124,0.031
2025-08-07,2,Grindavík/ Njarðvík,Haukar,4,4,75,0.01875
2025-08-07,2,Grindavík/ Njarðvík,Haukar,4,5,60,0.015
2025-08-07,2,Grindavík/ Njarðvík,Haukar,4,6,34,0.0085
2025-08-07,2,Grindavík/ Njarðvík,Haukar,4,7,20,0.005
2025-08-07,2,Grindavík/ Njarðvík,Haukar,4,8,7,0.00175
2025-08-07,2,Grindavík/ Njarðvík,Haukar,4,9,1,2.5e-4
2025-08-07,2,Grindavík/ Njarðvík,Haukar,4,11,1,2.5e-4
2025-08-07,2,Grindavík/ Njarðvík,Haukar,4,13,1,2.5e-4
2025-08-07,2,Grindavík/ Njarðvík,Haukar,5,0,58,0.0145
2025-08-07,2,Grindavík/ Njarðvík,Haukar,5,1,117,0.02925
2025-08-07,2,Grindavík/ Njarðvík,Haukar,5,2,123,0.03075
2025-08-07,2,Grindavík/ Njarðvík,Haukar,5,3,100,0.025
2025-08-07,2,Grindavík/ Njarðvík,Haukar,5,4,75,0.01875
2025-08-07,2,Grindavík/ Njarðvík,Haukar,5,5,50,0.0125
2025-08-07,2,Grindavík/ Njarðvík,Haukar,5,6,28,0.007
2025-08-07,2,Grindavík/ Njarðvík,Haukar,5,7,5,0.00125
2025-08-07,2,Grindavík/ Njarðvík,Haukar,5,8,6,0.0015
2025-08-07,2,Grindavík/ Njarðvík,Haukar,5,9,4,0.001
2025-08-07,2,Grindavík/ Njarðvík,Haukar,5,10,2,5e-4
2025-08-07,2,Grindavík/ Njarðvík,Haukar,5,13,1,2.5e-4
2025-08-07,2,Grindavík/ Njarðvík,Haukar,6,0,33,0.00825
2025-08-07,2,Grindavík/ Njarðvík,Haukar,6,1,87,0.02175
2025-08-07,2,Grindavík/ Njarðvík,Haukar,6,2,87,0.02175
2025-08-07,2,Grindavík/ Njarðvík,Haukar,6,3,80,0.02
2025-08-07,2,Grindavík/ Njarðvík,Haukar,6,4,49,0.01225
2025-08-07,2,Grindavík/ Njarðvík,Haukar,6,5,39,0.00975
2025-08-07,2,Grindavík/ Njarðvík,Haukar,6,6,12,0.003
2025-08-07,2,Grindavík/ Njarðvík,Haukar,6,7,9,0.00225
2025-08-07,2,Grindavík/ Njarðvík,Haukar,6,8,5,0.00125
2025-08-07,2,Grindavík/ Njarðvík,Haukar,6,9,4,0.001
2025-08-07,2,Grindavík/ Njarðvík,Haukar,6,10,1,2.5e-4
2025-08-07,2,Grindavík/ Njarðvík,Haukar,6,11,1,2.5e-4
2025-08-07,2,Grindavík/ Njarðvík,Haukar,7,0,20,0.005
2025-08-07,2,Grindavík/ Njarðvík,Haukar,7,1,51,0.01275
2025-08-07,2,Grindavík/ Njarðvík,Haukar,7,2,65,0.01625
2025-08-07,2,Grindavík/ Njarðvík,Haukar,7,3,70,0.0175
2025-08-07,2,Grindavík/ Njarðvík,Haukar,7,4,32,0.008
2025-08-07,2,Grindavík/ Njarðvík,Haukar,7,5,25,0.00625
2025-08-07,2,Grindavík/ Njarðvík,Haukar,7,6,13,0.00325
2025-08-07,2,Grindavík/ Njarðvík,Haukar,7,7,7,0.00175
2025-08-07,2,Grindavík/ Njarðvík,Haukar,7,8,5,0.00125
2025-08-07,2,Grindavík/ Njarðvík,Haukar,7,9,1,2.5e-4
2025-08-07,2,Grindavík/ Njarðvík,Haukar,7,11,1,2.5e-4
2025-08-07,2,Grindavík/ Njarðvík,Haukar,8,0,14,0.0035
2025-08-07,2,Grindavík/ Njarðvík,Haukar,8,1,35,0.00875
2025-08-07,2,Grindavík/ Njarðvík,Haukar,8,2,45,0.01125
2025-08-07,2,Grindavík/ Njarðvík,Haukar,8,3,44,0.011
2025-08-07,2,Grindavík/ Njarðvík,Haukar,8,4,29,0.00725
2025-08-07,2,Grindavík/ Njarðvík,Haukar,8,5,17,0.00425
2025-08-07,2,Grindavík/ Njarðvík,Haukar,8,6,3,7.5e-4
2025-08-07,2,Grindavík/ Njarðvík,Haukar,8,7,4,0.001
2025-08-07,2,Grindavík/ Njarðvík,Haukar,8,8,1,2.5e-4
2025-08-07,2,Grindavík/ Njarðvík,Haukar,8,9,1,2.5e-4
2025-08-07,2,Grindavík/ Njarðvík,Haukar,8,10,1,2.5e-4
2025-08-07,2,Grindavík/ Njarðvík,Haukar,9,0,13,0.00325
2025-08-07,2,Grindavík/ Njarðvík,Haukar,9,1,24,0.006
2025-08-07,2,Grindavík/ Njarðvík,Haukar,9,2,29,0.00725
2025-08-07,2,Grindavík/ Njarðvík,Haukar,9,3,20,0.005
2025-08-07,2,Grindavík/ Njarðvík,Haukar,9,4,23,0.00575
2025-08-07,2,Grindavík/ Njarðvík,Haukar,9,5,14,0.0035
2025-08-07,2,Grindavík/ Njarðvík,Haukar,9,6,5,0.00125
2025-08-07,2,Grindavík/ Njarðvík,Haukar,9,7,4,0.001
2025-08-07,2,Grindavík/ Njarðvík,Haukar,9,8,2,5e-4
2025-08-07,2,Grindavík/ Njarðvík,Haukar,9,10,1,2.5e-4
2025-08-07,2,Grindavík/ Njarðvík,Haukar,10,0,8,0.002
2025-08-07,2,Grindavík/ Njarðvík,Haukar,10,1,8,0.002
2025-08-07,2,Grindavík/ Njarðvík,Haukar,10,2,16,0.004
2025-08-07,2,Grindavík/ Njarðvík,Haukar,10,3,15,0.00375
2025-08-07,2,Grindavík/ Njarðvík,Haukar,10,4,7,0.00175
2025-08-07,2,Grindavík/ Njarðvík,Haukar,10,5,5,0.00125
2025-08-07,2,Grindavík/ Njarðvík,Haukar,10,6,1,2.5e-4
2025-08-07,2,Grindavík/ Njarðvík,Haukar,10,7,1,2.5e-4
2025-08-07,2,Grindavík/ Njarðvík,Haukar,10,8,1,2.5e-4
2025-08-07,2,Grindavík/ Njarðvík,Haukar,11,0,2,5e-4
2025-08-07,2,Grindavík/ Njarðvík,Haukar,11,1,8,0.002
2025-08-07,2,Grindavík/ Njarðvík,Haukar,11,2,5,0.00125
2025-08-07,2,Grindavík/ Njarðvík,Haukar,11,3,8,0.002
2025-08-07,2,Grindavík/ Njarðvík,Haukar,11,4,3,7.5e-4
2025-08-07,2,Grindavík/ Njarðvík,Haukar,11,5,1,2.5e-4
2025-08-07,2,Grindavík/ Njarðvík,Haukar,11,6,1,2.5e-4
2025-08-07,2,Grindavík/ Njarðvík,Haukar,11,7,2,5e-4
2025-08-07,2,Grindavík/ Njarðvík,Haukar,11,10,1,2.5e-4
2025-08-07,2,Grindavík/ Njarðvík,Haukar,12,0,1,2.5e-4
2025-08-07,2,Grindavík/ Njarðvík,Haukar,12,1,3,7.5e-4
2025-08-07,2,Grindavík/ Njarðvík,Haukar,12,2,6,0.0015
2025-08-07,2,Grindavík/ Njarðvík,Haukar,12,3,2,5e-4
2025-08-07,2,Grindavík/ Njarðvík,Haukar,12,4,4,0.001
2025-08-07,2,Grindavík/ Njarðvík,Haukar,12,5,5,0.00125
2025-08-07,2,Grindavík/ Njarðvík,Haukar,12,6,1,2.5e-4
2025-08-07,2,Grindavík/ Njarðvík,Haukar,12,7,2,5e-4
2025-08-07,2,Grindavík/ Njarðvík,Haukar,13,0,1,2.5e-4
2025-08-07,2,Grindavík/ Njarðvík,Haukar,13,1,3,7.5e-4
2025-08-07,2,Grindavík/ Njarðvík,Haukar,13,2,3,7.5e-4
2025-08-07,2,Grindavík/ Njarðvík,Haukar,13,3,2,5e-4
2025-08-07,2,Grindavík/ Njarðvík,Haukar,13,4,1,2.5e-4
2025-08-07,2,Grindavík/ Njarðvík,Haukar,13,5,1,2.5e-4
2025-08-07,2,Grindavík/ Njarðvík,Haukar,13,7,1,2.5e-4
2025-08-07,2,Grindavík/ Njarðvík,Haukar,13,8,1,2.5e-4
2025-08-07,2,Grindavík/ Njarðvík,Haukar,13,13,1,2.5e-4
2025-08-07,2,Grindavík/ Njarðvík,Haukar,14,0,2,5e-4
2025-08-07,2,Grindavík/ Njarðvík,Haukar,14,1,1,2.5e-4
2025-08-07,2,Grindavík/ Njarðvík,Haukar,14,2,2,5e-4
2025-08-07,2,Grindavík/ Njarðvík,Haukar,14,3,1,2.5e-4
2025-08-07,2,Grindavík/ Njarðvík,Haukar,14,4,3,7.5e-4
2025-08-07,2,Grindavík/ Njarðvík,Haukar,14,6,1,2.5e-4
2025-08-07,2,Grindavík/ Njarðvík,Haukar,15,1,1,2.5e-4
2025-08-07,2,Grindavík/ Njarðvík,Haukar,15,2,2,5e-4
2025-08-07,2,Grindavík/ Njarðvík,Haukar,15,4,2,5e-4
2025-08-07,2,Grindavík/ Njarðvík,Haukar,15,5,2,5e-4
2025-08-07,2,Grindavík/ Njarðvík,Haukar,16,2,1,2.5e-4
2025-08-07,2,Grindavík/ Njarðvík,Haukar,16,5,1,2.5e-4
2025-08-07,2,Grindavík/ Njarðvík,Haukar,19,3,2,5e-4
2025-08-07,2,HK,Keflavík,0,0,277,0.06925
2025-08-07,2,HK,Keflavík,0,1,421,0.10525
2025-08-07,2,HK,Keflavík,0,2,333,0.08325
2025-08-07,2,HK,Keflavík,0,3,217,0.05425
2025-08-07,2,HK,Keflavík,0,4,102,0.0255
2025-08-07,2,HK,Keflavík,0,5,58,0.0145
2025-08-07,2,HK,Keflavík,0,6,16,0.004
2025-08-07,2,HK,Keflavík,0,7,12,0.003
2025-08-07,2,HK,Keflavík,0,8,6,0.0015
2025-08-07,2,HK,Keflavík,0,10,1,2.5e-4
2025-08-07,2,HK,Keflavík,1,0,240,0.06
2025-08-07,2,HK,Keflavík,1,1,383,0.09575
2025-08-07,2,HK,Keflavík,1,2,327,0.08175
2025-08-07,2,HK,Keflavík,1,3,206,0.0515
2025-08-07,2,HK,Keflavík,1,4,107,0.02675
2025-08-07,2,HK,Keflavík,1,5,45,0.01125
2025-08-07,2,HK,Keflavík,1,6,18,0.0045
2025-08-07,2,HK,Keflavík,1,7,9,0.00225
2025-08-07,2,HK,Keflavík,1,8,6,0.0015
2025-08-07,2,HK,Keflavík,1,10,1,2.5e-4
2025-08-07,2,HK,Keflavík,2,0,141,0.03525
2025-08-07,2,HK,Keflavík,2,1,217,0.05425
2025-08-07,2,HK,Keflavík,2,2,212,0.053
2025-08-07,2,HK,Keflavík,2,3,118,0.0295
2025-08-07,2,HK,Keflavík,2,4,53,0.01325
2025-08-07,2,HK,Keflavík,2,5,24,0.006
2025-08-07,2,HK,Keflavík,2,6,12,0.003
2025-08-07,2,HK,Keflavík,2,7,4,0.001
2025-08-07,2,HK,Keflavík,2,8,3,7.5e-4
2025-08-07,2,HK,Keflavík,3,0,38,0.0095
2025-08-07,2,HK,Keflavík,3,1,81,0.02025
2025-08-07,2,HK,Keflavík,3,2,83,0.02075
2025-08-07,2,HK,Keflavík,3,3,48,0.012
2025-08-07,2,HK,Keflavík,3,4,24,0.006
2025-08-07,2,HK,Keflavík,3,5,15,0.00375
2025-08-07,2,HK,Keflavík,3,6,2,5e-4
2025-08-07,2,HK,Keflavík,3,8,1,2.5e-4
2025-08-07,2,HK,Keflavík,3,9,1,2.5e-4
2025-08-07,2,HK,Keflavík,4,0,12,0.003
2025-08-07,2,HK,Keflavík,4,1,23,0.00575
2025-08-07,2,HK,Keflavík,4,2,27,0.00675
2025-08-07,2,HK,Keflavík,4,3,17,0.00425
2025-08-07,2,HK,Keflavík,4,4,14,0.0035
2025-08-07,2,HK,Keflavík,4,5,4,0.001
2025-08-07,2,HK,Keflavík,4,6,4,0.001
2025-08-07,2,HK,Keflavík,5,0,1,2.5e-4
2025-08-07,2,HK,Keflavík,5,1,8,0.002
2025-08-07,2,HK,Keflavík,5,2,6,0.0015
2025-08-07,2,HK,Keflavík,5,3,4,0.001
2025-08-07,2,HK,Keflavík,5,4,4,0.001
2025-08-07,2,HK,Keflavík,5,7,1,2.5e-4
2025-08-07,2,HK,Keflavík,6,0,1,2.5e-4
2025-08-07,2,HK,Keflavík,6,1,4,0.001
2025-08-07,2,HK,Keflavík,6,2,4,0.001
2025-08-07,2,HK,Keflavík,6,3,1,2.5e-4
2025-08-07,2,HK,Keflavík,6,4,1,2.5e-4
2025-08-07,2,HK,Keflavík,7,0,1,2.5e-4
2025-08-07,2,HK,Keflavík,7,2,1,2.5e-4
2025-08-07,2,ÍA,Grótta,0,0,210,0.0525
2025-08-07,2,ÍA,Grótta,0,1,211,0.05275
2025-08-07,2,ÍA,Grótta,0,2,117,0.02925
2025-08-07,2,ÍA,Grótta,0,3,50,0.0125
2025-08-07,2,ÍA,Grótta,0,4,15,0.00375
2025-08-07,2,ÍA,Grótta,0,5,8,0.002
2025-08-07,2,ÍA,Grótta,0,8,1,2.5e-4
2025-08-07,2,ÍA,Grótta,1,0,368,0.092
2025-08-07,2,ÍA,Grótta,1,1,381,0.09525
2025-08-07,2,ÍA,Grótta,1,2,208,0.052
2025-08-07,2,ÍA,Grótta,1,3,65,0.01625
2025-08-07,2,ÍA,Grótta,1,4,32,0.008
2025-08-07,2,ÍA,Grótta,1,5,10,0.0025
2025-08-07,2,ÍA,Grótta,1,6,5,0.00125
2025-08-07,2,ÍA,Grótta,1,7,2,5e-4
2025-08-07,2,ÍA,Grótta,1,8,2,5e-4
2025-08-07,2,ÍA,Grótta,2,0,310,0.0775
2025-08-07,2,ÍA,Grótta,2,1,357,0.08925
2025-08-07,2,ÍA,Grótta,2,2,210,0.0525
2025-08-07,2,ÍA,Grótta,2,3,99,0.02475
2025-08-07,2,ÍA,Grótta,2,4,33,0.00825
2025-08-07,2,ÍA,Grótta,2,5,9,0.00225
2025-08-07,2,ÍA,Grótta,2,6,5,0.00125
2025-08-07,2,ÍA,Grótta,3,0,179,0.04475
2025-08-07,2,ÍA,Grótta,3,1,230,0.0575
2025-08-07,2,ÍA,Grótta,3,2,156,0.039
2025-08-07,2,ÍA,Grótta,3,3,61,0.01525
2025-08-07,2,ÍA,Grótta,3,4,26,0.0065
2025-08-07,2,ÍA,Grótta,3,5,3,7.5e-4
2025-08-07,2,ÍA,Grótta,3,6,1,2.5e-4
2025-08-07,2,ÍA,Grótta,4,0,115,0.02875
2025-08-07,2,ÍA,Grótta,4,1,123,0.03075
2025-08-07,2,ÍA,Grótta,4,2,70,0.0175
2025-08-07,2,ÍA,Grótta,4,3,37,0.00925
2025-08-07,2,ÍA,Grótta,4,4,13,0.00325
2025-08-07,2,ÍA,Grótta,4,5,4,0.001
2025-08-07,2,ÍA,Grótta,4,6,2,5e-4
2025-08-07,2,ÍA,Grótta,5,0,48,0.012
2025-08-07,2,ÍA,Grótta,5,1,39,0.00975
2025-08-07,2,ÍA,Grótta,5,2,43,0.01075
2025-08-07,2,ÍA,Grótta,5,3,13,0.00325
2025-08-07,2,ÍA,Grótta,5,4,9,0.00225
2025-08-07,2,ÍA,Grótta,5,5,7,0.00175
2025-08-07,2,ÍA,Grótta,5,6,1,2.5e-4
2025-08-07,2,ÍA,Grótta,6,0,23,0.00575
2025-08-07,2,ÍA,Grótta,6,1,21,0.00525
2025-08-07,2,ÍA,Grótta,6,2,19,0.00475
2025-08-07,2,ÍA,Grótta,6,3,5,0.00125
2025-08-07,2,ÍA,Grótta,6,4,4,0.001
2025-08-07,2,ÍA,Grótta,6,5,1,2.5e-4
2025-08-07,2,ÍA,Grótta,7,0,5,0.00125
2025-08-07,2,ÍA,Grótta,7,1,11,0.00275
2025-08-07,2,ÍA,Grótta,7,2,5,0.00125
2025-08-07,2,ÍA,Grótta,7,3,4,0.001
2025-08-07,2,ÍA,Grótta,7,5,1,2.5e-4
2025-08-07,2,ÍA,Grótta,7,8,1,2.5e-4
2025-08-07,2,ÍA,Grótta,8,0,1,2.5e-4
2025-08-07,2,ÍA,Grótta,8,1,6,0.0015
2025-08-07,2,ÍA,Grótta,8,2,2,5e-4
2025-08-07,2,ÍA,Grótta,8,3,1,2.5e-4
2025-08-07,2,ÍA,Grótta,9,0,1,2.5e-4
2025-08-07,2,ÍA,Grótta,9,1,1,2.5e-4
2025-08-07,2,ÍBV,Afturelding,0,0,26,0.0065
2025-08-07,2,ÍBV,Afturelding,0,1,26,0.0065
2025-08-07,2,ÍBV,Afturelding,0,2,14,0.0035
2025-08-07,2,ÍBV,Afturelding,0,3,6,0.0015
2025-08-07,2,ÍBV,Afturelding,0,4,2,5e-4
2025-08-07,2,ÍBV,Afturelding,1,0,81,0.02025
2025-08-07,2,ÍBV,Afturelding,1,1,102,0.0255
2025-08-07,2,ÍBV,Afturelding,1,2,57,0.01425
2025-08-07,2,ÍBV,Afturelding,1,3,25,0.00625
2025-08-07,2,ÍBV,Afturelding,1,4,10,0.0025
2025-08-07,2,ÍBV,Afturelding,1,5,2,5e-4
2025-08-07,2,ÍBV,Afturelding,1,6,2,5e-4
2025-08-07,2,ÍBV,Afturelding,2,0,162,0.0405
2025-08-07,2,ÍBV,Afturelding,2,1,159,0.03975
2025-08-07,2,ÍBV,Afturelding,2,2,119,0.02975
2025-08-07,2,ÍBV,Afturelding,2,3,50,0.0125
2025-08-07,2,ÍBV,Afturelding,2,4,18,0.0045
2025-08-07,2,ÍBV,Afturelding,2,5,5,0.00125
2025-08-07,2,ÍBV,Afturelding,2,6,1,2.5e-4
2025-08-07,2,ÍBV,Afturelding,3,0,175,0.04375
2025-08-07,2,ÍBV,Afturelding,3,1,208,0.052
2025-08-07,2,ÍBV,Afturelding,3,2,124,0.031
2025-08-07,2,ÍBV,Afturelding,3,3,77,0.01925
2025-08-07,2,ÍBV,Afturelding,3,4,14,0.0035
2025-08-07,2,ÍBV,Afturelding,3,5,8,0.002
2025-08-07,2,ÍBV,Afturelding,3,6,2,5e-4
2025-08-07,2,ÍBV,Afturelding,3,9,1,2.5e-4
2025-08-07,2,ÍBV,Afturelding,4,0,182,0.0455
2025-08-07,2,ÍBV,Afturelding,4,1,238,0.0595
2025-08-07,2,ÍBV,Afturelding,4,2,146,0.0365
2025-08-07,2,ÍBV,Afturelding,4,3,58,0.0145
2025-08-07,2,ÍBV,Afturelding,4,4,24,0.006
2025-08-07,2,ÍBV,Afturelding,4,5,7,0.00175
2025-08-07,2,ÍBV,Afturelding,4,6,4,0.001
2025-08-07,2,ÍBV,Afturelding,5,0,177,0.04425
2025-08-07,2,ÍBV,Afturelding,5,1,187,0.04675
2025-08-07,2,ÍBV,Afturelding,5,2,110,0.0275
2025-08-07,2,ÍBV,Afturelding,5,3,49,0.01225
2025-08-07,2,ÍBV,Afturelding,5,4,23,0.00575
2025-08-07,2,ÍBV,Afturelding,5,5,5,0.00125
2025-08-07,2,ÍBV,Afturelding,5,6,1,2.5e-4
2025-08-07,2,ÍBV,Afturelding,6,0,123,0.03075
2025-08-07,2,ÍBV,Afturelding,6,1,159,0.03975
2025-08-07,2,ÍBV,Afturelding,6,2,82,0.0205
2025-08-07,2,ÍBV,Afturelding,6,3,36,0.009
2025-08-07,2,ÍBV,Afturelding,6,4,16,0.004
2025-08-07,2,ÍBV,Afturelding,6,5,4,0.001
2025-08-07,2,ÍBV,Afturelding,6,6,2,5e-4
2025-08-07,2,ÍBV,Afturelding,6,7,1,2.5e-4
2025-08-07,2,ÍBV,Afturelding,7,0,105,0.02625
2025-08-07,2,ÍBV,Afturelding,7,1,113,0.02825
2025-08-07,2,ÍBV,Afturelding,7,2,68,0.017
2025-08-07,2,ÍBV,Afturelding,7,3,24,0.006
2025-08-07,2,ÍBV,Afturelding,7,4,9,0.00225
2025-08-07,2,ÍBV,Afturelding,7,5,5,0.00125
2025-08-07,2,ÍBV,Afturelding,7,6,4,0.001
2025-08-07,2,ÍBV,Afturelding,7,8,1,2.5e-4
2025-08-07,2,ÍBV,Afturelding,8,0,72,0.018
2025-08-07,2,ÍBV,Afturelding,8,1,70,0.0175
2025-08-07,2,ÍBV,Afturelding,8,2,41,0.01025
2025-08-07,2,ÍBV,Afturelding,8,3,23,0.00575
2025-08-07,2,ÍBV,Afturelding,8,4,9,0.00225
2025-08-07,2,ÍBV,Afturelding,8,5,2,5e-4
2025-08-07,2,ÍBV,Afturelding,9,0,43,0.01075
2025-08-07,2,ÍBV,Afturelding,9,1,46,0.0115
2025-08-07,2,ÍBV,Afturelding,9,2,22,0.0055
2025-08-07,2,ÍBV,Afturelding,9,3,9,0.00225
2025-08-07,2,ÍBV,Afturelding,9,4,3,7.5e-4
2025-08-07,2,ÍBV,Afturelding,9,5,4,0.001
2025-08-07,2,ÍBV,Afturelding,9,6,1,2.5e-4
2025-08-07,2,ÍBV,Afturelding,10,0,24,0.006
2025-08-07,2,ÍBV,Afturelding,10,1,30,0.0075
2025-08-07,2,ÍBV,Afturelding,10,2,19,0.00475
2025-08-07,2,ÍBV,Afturelding,10,3,15,0.00375
2025-08-07,2,ÍBV,Afturelding,10,4,5,0.00125
2025-08-07,2,ÍBV,Afturelding,10,5,3,7.5e-4
2025-08-07,2,ÍBV,Afturelding,11,0,11,0.00275
2025-08-07,2,ÍBV,Afturelding,11,1,23,0.00575
2025-08-07,2,ÍBV,Afturelding,11,2,8,0.002
2025-08-07,2,ÍBV,Afturelding,11,3,6,0.0015
2025-08-07,2,ÍBV,Afturelding,11,4,2,5e-4
2025-08-07,2,ÍBV,Afturelding,11,5,2,5e-4
2025-08-07,2,ÍBV,Afturelding,12,0,14,0.0035
2025-08-07,2,ÍBV,Afturelding,12,1,7,0.00175
2025-08-07,2,ÍBV,Afturelding,12,2,4,0.001
2025-08-07,2,ÍBV,Afturelding,12,3,1,2.5e-4
2025-08-07,2,ÍBV,Afturelding,12,4,2,5e-4
2025-08-07,2,ÍBV,Afturelding,13,0,2,5e-4
2025-08-07,2,ÍBV,Afturelding,13,1,7,0.00175
2025-08-07,2,ÍBV,Afturelding,13,2,2,5e-4
2025-08-07,2,ÍBV,Afturelding,13,3,4,0.001
2025-08-07,2,ÍBV,Afturelding,13,4,1,2.5e-4
2025-08-07,2,ÍBV,Afturelding,13,5,1,2.5e-4
2025-08-07,2,ÍBV,Afturelding,14,0,2,5e-4
2025-08-07,2,ÍBV,Afturelding,14,1,4,0.001
2025-08-07,2,ÍBV,Afturelding,14,2,1,2.5e-4
2025-08-07,2,ÍBV,Afturelding,14,3,1,2.5e-4
2025-08-07,2,ÍBV,Afturelding,15,0,1,2.5e-4
2025-08-07,2,ÍBV,Afturelding,15,1,4,0.001
2025-08-07,2,ÍBV,Afturelding,15,2,1,2.5e-4
2025-08-07,2,ÍBV,Afturelding,16,1,1,2.5e-4
2025-08-07,2,ÍBV,Afturelding,17,0,3,7.5e-4
2025-08-07,2,ÍBV,Afturelding,17,1,1,2.5e-4
2025-08-07,2,ÍBV,Afturelding,17,2,1,2.5e-4
2025-08-07,2,ÍBV,Afturelding,17,4,1,2.5e-4
2025-08-07,2,ÍBV,Afturelding,18,2,1,2.5e-4
2025-08-07,2,ÍBV,Afturelding,22,0,1,2.5e-4
2025-08-08,1,Þróttur R.,Víkingur R.,0,0,169,0.04225
2025-08-08,1,Þróttur R.,Víkingur R.,0,1,101,0.02525
2025-08-08,1,Þróttur R.,Víkingur R.,0,2,43,0.01075
2025-08-08,1,Þróttur R.,Víkingur R.,0,3,14,0.0035
2025-08-08,1,Þróttur R.,Víkingur R.,0,5,1,2.5e-4
2025-08-08,1,Þróttur R.,Víkingur R.,1,0,326,0.0815
2025-08-08,1,Þróttur R.,Víkingur R.,1,1,246,0.0615
2025-08-08,1,Þróttur R.,Víkingur R.,1,2,83,0.02075
2025-08-08,1,Þróttur R.,Víkingur R.,1,3,34,0.0085
2025-08-08,1,Þróttur R.,Víkingur R.,1,4,6,0.0015
2025-08-08,1,Þróttur R.,Víkingur R.,1,5,3,7.5e-4
2025-08-08,1,Þróttur R.,Víkingur R.,2,0,388,0.097
2025-08-08,1,Þróttur R.,Víkingur R.,2,1,281,0.07025
2025-08-08,1,Þróttur R.,Víkingur R.,2,2,143,0.03575
2025-08-08,1,Þróttur R.,Víkingur R.,2,3,36,0.009
2025-08-08,1,Þróttur R.,Víkingur R.,2,4,14,0.0035
2025-08-08,1,Þróttur R.,Víkingur R.,2,5,3,7.5e-4
2025-08-08,1,Þróttur R.,Víkingur R.,2,6,1,2.5e-4
2025-08-08,1,Þróttur R.,Víkingur R.,3,0,334,0.0835
2025-08-08,1,Þróttur R.,Víkingur R.,3,1,266,0.0665
2025-08-08,1,Þróttur R.,Víkingur R.,3,2,105,0.02625
2025-08-08,1,Þróttur R.,Víkingur R.,3,3,35,0.00875
2025-08-08,1,Þróttur R.,Víkingur R.,3,4,8,0.002
2025-08-08,1,Þróttur R.,Víkingur R.,3,5,2,5e-4
2025-08-08,1,Þróttur R.,Víkingur R.,3,6,1,2.5e-4
2025-08-08,1,Þróttur R.,Víkingur R.,4,0,258,0.0645
2025-08-08,1,Þróttur R.,Víkingur R.,4,1,184,0.046
2025-08-08,1,Þróttur R.,Víkingur R.,4,2,83,0.02075
2025-08-08,1,Þróttur R.,Víkingur R.,4,3,34,0.0085
2025-08-08,1,Þróttur R.,Víkingur R.,4,4,6,0.0015
2025-08-08,1,Þróttur R.,Víkingur R.,4,5,1,2.5e-4
2025-08-08,1,Þróttur R.,Víkingur R.,5,0,162,0.0405
2025-08-08,1,Þróttur R.,Víkingur R.,5,1,103,0.02575
2025-08-08,1,Þróttur R.,Víkingur R.,5,2,55,0.01375
2025-08-08,1,Þróttur R.,Víkingur R.,5,3,20,0.005
2025-08-08,1,Þróttur R.,Víkingur R.,5,4,9,0.00225
2025-08-08,1,Þróttur R.,Víkingur R.,5,5,1,2.5e-4
2025-08-08,1,Þróttur R.,Víkingur R.,6,0,84,0.021
2025-08-08,1,Þróttur R.,Víkingur R.,6,1,69,0.01725
2025-08-08,1,Þróttur R.,Víkingur R.,6,2,35,0.00875
2025-08-08,1,Þróttur R.,Víkingur R.,6,3,15,0.00375
2025-08-08,1,Þróttur R.,Víkingur R.,6,4,3,7.5e-4
2025-08-08,1,Þróttur R.,Víkingur R.,6,5,1,2.5e-4
2025-08-08,1,Þróttur R.,Víkingur R.,6,6,2,5e-4
2025-08-08,1,Þróttur R.,Víkingur R.,7,0,49,0.01225
2025-08-08,1,Þróttur R.,Víkingur R.,7,1,31,0.00775
2025-08-08,1,Þróttur R.,Víkingur R.,7,2,21,0.00525
2025-08-08,1,Þróttur R.,Víkingur R.,7,3,4,0.001
2025-08-08,1,Þróttur R.,Víkingur R.,7,4,3,7.5e-4
2025-08-08,1,Þróttur R.,Víkingur R.,8,0,34,0.0085
2025-08-08,1,Þróttur R.,Víkingur R.,8,1,27,0.00675
2025-08-08,1,Þróttur R.,Víkingur R.,8,2,6,0.0015
2025-08-08,1,Þróttur R.,Víkingur R.,8,3,4,0.001
2025-08-08,1,Þróttur R.,Víkingur R.,9,0,15,0.00375
2025-08-08,1,Þróttur R.,Víkingur R.,9,1,10,0.0025
2025-08-08,1,Þróttur R.,Víkingur R.,9,2,4,0.001
2025-08-08,1,Þróttur R.,Víkingur R.,9,3,2,5e-4
2025-08-08,1,Þróttur R.,Víkingur R.,10,0,7,0.00175
2025-08-08,1,Þróttur R.,Víkingur R.,10,1,3,7.5e-4
2025-08-08,1,Þróttur R.,Víkingur R.,10,2,2,5e-4
2025-08-08,1,Þróttur R.,Víkingur R.,11,0,1,2.5e-4
2025-08-08,1,Þróttur R.,Víkingur R.,11,1,4,0.001
2025-08-08,1,Þróttur R.,Víkingur R.,12,0,1,2.5e-4
2025-08-08,1,Þróttur R.,Víkingur R.,12,1,1,2.5e-4
2025-08-08,1,Þróttur R.,Víkingur R.,13,1,1,2.5e-4
2025-08-08,1,Þróttur R.,Víkingur R.,14,0,1,2.5e-4
2025-08-08,1,Þróttur R.,Víkingur R.,14,1,1,2.5e-4
2025-08-09,1,FHL,FH,0,0,81,0.02025
2025-08-09,1,FHL,FH,0,1,232,0.058
2025-08-09,1,FHL,FH,0,2,360,0.09
2025-08-09,1,FHL,FH,0,3,369,0.09225
2025-08-09,1,FHL,FH,0,4,283,0.07075
2025-08-09,1,FHL,FH,0,5,232,0.058
2025-08-09,1,FHL,FH,0,6,147,0.03675
2025-08-09,1,FHL,FH,0,7,94,0.0235
2025-08-09,1,FHL,FH,0,8,42,0.0105
2025-08-09,1,FHL,FH,0,9,37,0.00925
2025-08-09,1,FHL,FH,0,10,15,0.00375
2025-08-09,1,FHL,FH,0,11,11,0.00275
2025-08-09,1,FHL,FH,0,12,2,5e-4
2025-08-09,1,FHL,FH,0,13,3,7.5e-4
2025-08-09,1,FHL,FH,0,14,2,5e-4
2025-08-09,1,FHL,FH,1,0,58,0.0145
2025-08-09,1,FHL,FH,1,1,152,0.038
2025-08-09,1,FHL,FH,1,2,239,0.05975
2025-08-09,1,FHL,FH,1,3,247,0.06175
2025-08-09,1,FHL,FH,1,4,218,0.0545
2025-08-09,1,FHL,FH,1,5,168,0.042
2025-08-09,1,FHL,FH,1,6,94,0.0235
2025-08-09,1,FHL,FH,1,7,69,0.01725
2025-08-09,1,FHL,FH,1,8,38,0.0095
2025-08-09,1,FHL,FH,1,9,22,0.0055
2025-08-09,1,FHL,FH,1,10,16,0.004
2025-08-09,1,FHL,FH,1,11,5,0.00125
2025-08-09,1,FHL,FH,1,12,2,5e-4
2025-08-09,1,FHL,FH,1,13,1,2.5e-4
2025-08-09,1,FHL,FH,1,14,1,2.5e-4
2025-08-09,1,FHL,FH,2,0,27,0.00675
2025-08-09,1,FHL,FH,2,1,65,0.01625
2025-08-09,1,FHL,FH,2,2,103,0.02575
2025-08-09,1,FHL,FH,2,3,95,0.02375
2025-08-09,1,FHL,FH,2,4,101,0.02525
2025-08-09,1,FHL,FH,2,5,61,0.01525
2025-08-09,1,FHL,FH,2,6,45,0.01125
2025-08-09,1,FHL,FH,2,7,17,0.00425
2025-08-09,1,FHL,FH,2,8,16,0.004
2025-08-09,1,FHL,FH,2,9,5,0.00125
2025-08-09,1,FHL,FH,2,10,3,7.5e-4
2025-08-09,1,FHL,FH,2,12,2,5e-4
2025-08-09,1,FHL,FH,3,0,5,0.00125
2025-08-09,1,FHL,FH,3,1,15,0.00375
2025-08-09,1,FHL,FH,3,2,22,0.0055
2025-08-09,1,FHL,FH,3,3,37,0.00925
2025-08-09,1,FHL,FH,3,4,35,0.00875
2025-08-09,1,FHL,FH,3,5,23,0.00575
2025-08-09,1,FHL,FH,3,6,12,0.003
2025-08-09,1,FHL,FH,3,7,9,0.00225
2025-08-09,1,FHL,FH,3,8,2,5e-4
2025-08-09,1,FHL,FH,3,9,2,5e-4
2025-08-09,1,FHL,FH,4,0,1,2.5e-4
2025-08-09,1,FHL,FH,4,1,8,0.002
2025-08-09,1,FHL,FH,4,2,8,0.002
2025-08-09,1,FHL,FH,4,3,9,0.00225
2025-08-09,1,FHL,FH,4,4,13,0.00325
2025-08-09,1,FHL,FH,4,5,3,7.5e-4
2025-08-09,1,FHL,FH,4,6,1,2.5e-4
2025-08-09,1,FHL,FH,4,7,1,2.5e-4
2025-08-09,1,FHL,FH,5,0,1,2.5e-4
2025-08-09,1,FHL,FH,5,2,2,5e-4
2025-08-09,1,FHL,FH,5,3,2,5e-4
2025-08-09,1,FHL,FH,5,4,1,2.5e-4
2025-08-09,1,FHL,FH,5,6,1,2.5e-4
2025-08-09,1,FHL,FH,5,7,1,2.5e-4
2025-08-09,1,FHL,FH,6,3,2,5e-4
2025-08-09,1,FHL,FH,6,4,2,5e-4
2025-08-09,1,FHL,FH,6,5,1,2.5e-4
2025-08-09,1,FHL,FH,6,7,1,2.5e-4
2025-08-10,2,KR,ÍBV,0,0,46,0.0115
2025-08-10,2,KR,ÍBV,0,1,61,0.01525
2025-08-10,2,KR,ÍBV,0,2,61,0.01525
2025-08-10,2,KR,ÍBV,0,3,43,0.01075
2025-08-10,2,KR,ÍBV,0,4,28,0.007
2025-08-10,2,KR,ÍBV,0,5,24,0.006
2025-08-10,2,KR,ÍBV,0,6,5,0.00125
2025-08-10,2,KR,ÍBV,0,7,1,2.5e-4
2025-08-10,2,KR,ÍBV,0,8,4,0.001
2025-08-10,2,KR,ÍBV,0,9,3,7.5e-4
2025-08-10,2,KR,ÍBV,0,10,1,2.5e-4
2025-08-10,2,KR,ÍBV,0,14,1,2.5e-4
2025-08-10,2,KR,ÍBV,1,0,59,0.01475
2025-08-10,2,KR,ÍBV,1,1,145,0.03625
2025-08-10,2,KR,ÍBV,1,2,144,0.036
2025-08-10,2,KR,ÍBV,1,3,97,0.02425
2025-08-10,2,KR,ÍBV,1,4,62,0.0155
2025-08-10,2,KR,ÍBV,1,5,52,0.013
2025-08-10,2,KR,ÍBV,1,6,25,0.00625
2025-08-10,2,KR,ÍBV,1,7,4,0.001
2025-08-10,2,KR,ÍBV,1,8,3,7.5e-4
2025-08-10,2,KR,ÍBV,1,9,1,2.5e-4
2025-08-10,2,KR,ÍBV,1,11,1,2.5e-4
2025-08-10,2,KR,ÍBV,2,0,86,0.0215
2025-08-10,2,KR,ÍBV,2,1,169,0.04225
2025-08-10,2,KR,ÍBV,2,2,236,0.059
2025-08-10,2,KR,ÍBV,2,3,138,0.0345
2025-08-10,2,KR,ÍBV,2,4,103,0.02575
2025-08-10,2,KR,ÍBV,2,5,62,0.0155
2025-08-10,2,KR,ÍBV,2,6,33,0.00825
2025-08-10,2,KR,ÍBV,2,7,18,0.0045
2025-08-10,2,KR,ÍBV,2,8,7,0.00175
2025-08-10,2,KR,ÍBV,2,9,2,5e-4
2025-08-10,2,KR,ÍBV,2,10,1,2.5e-4
2025-08-10,2,KR,ÍBV,3,0,78,0.0195
2025-08-10,2,KR,ÍBV,3,1,165,0.04125
2025-08-10,2,KR,ÍBV,3,2,179,0.04475
2025-08-10,2,KR,ÍBV,3,3,162,0.0405
2025-08-10,2,KR,ÍBV,3,4,116,0.029
2025-08-10,2,KR,ÍBV,3,5,64,0.016
2025-08-10,2,KR,ÍBV,3,6,35,0.00875
2025-08-10,2,KR,ÍBV,3,7,17,0.00425
2025-08-10,2,KR,ÍBV,3,8,5,0.00125
2025-08-10,2,KR,ÍBV,3,9,4,0.001
2025-08-10,2,KR,ÍBV,4,0,58,0.0145
2025-08-10,2,KR,ÍBV,4,1,102,0.0255
2025-08-10,2,KR,ÍBV,4,2,132,0.033
2025-08-10,2,KR,ÍBV,4,3,122,0.0305
2025-08-10,2,KR,ÍBV,4,4,85,0.02125
2025-08-10,2,KR,ÍBV,4,5,66,0.0165
2025-08-10,2,KR,ÍBV,4,6,31,0.00775
2025-08-10,2,KR,ÍBV,4,7,11,0.00275
2025-08-10,2,KR,ÍBV,4,8,3,7.5e-4
2025-08-10,2,KR,ÍBV,4,10,1,2.5e-4
2025-08-10,2,KR,ÍBV,5,0,35,0.00875
2025-08-10,2,KR,ÍBV,5,1,76,0.019
2025-08-10,2,KR,ÍBV,5,2,84,0.021
2025-08-10,2,KR,ÍBV,5,3,70,0.0175
2025-08-10,2,KR,ÍBV,5,4,44,0.011
2025-08-10,2,KR,ÍBV,5,5,37,0.00925
2025-08-10,2,KR,ÍBV,5,6,19,0.00475
2025-08-10,2,KR,ÍBV,5,7,8,0.002
2025-08-10,2,KR,ÍBV,5,8,7,0.00175
2025-08-10,2,KR,ÍBV,5,9,2,5e-4
2025-08-10,2,KR,ÍBV,6,0,22,0.0055
2025-08-10,2,KR,ÍBV,6,1,44,0.011
2025-08-10,2,KR,ÍBV,6,2,48,0.012
2025-08-10,2,KR,ÍBV,6,3,48,0.012
2025-08-10,2,KR,ÍBV,6,4,23,0.00575
2025-08-10,2,KR,ÍBV,6,5,14,0.0035
2025-08-10,2,KR,ÍBV,6,6,17,0.00425
2025-08-10,2,KR,ÍBV,6,7,7,0.00175
2025-08-10,2,KR,ÍBV,6,8,2,5e-4
2025-08-10,2,KR,ÍBV,7,0,10,0.0025
2025-08-10,2,KR,ÍBV,7,1,22,0.0055
2025-08-10,2,KR,ÍBV,7,2,28,0.007
2025-08-10,2,KR,ÍBV,7,3,22,0.0055
2025-08-10,2,KR,ÍBV,7,4,18,0.0045
2025-08-10,2,KR,ÍBV,7,5,12,0.003
2025-08-10,2,KR,ÍBV,7,6,7,0.00175
2025-08-10,2,KR,ÍBV,7,7,5,0.00125
2025-08-10,2,KR,ÍBV,7,8,2,5e-4
2025-08-10,2,KR,ÍBV,8,0,6,0.0015
2025-08-10,2,KR,ÍBV,8,1,10,0.0025
2025-08-10,2,KR,ÍBV,8,2,11,0.00275
2025-08-10,2,KR,ÍBV,8,3,8,0.002
2025-08-10,2,KR,ÍBV,8,4,8,0.002
2025-08-10,2,KR,ÍBV,8,5,3,7.5e-4
2025-08-10,2,KR,ÍBV,8,6,4,0.001
2025-08-10,2,KR,ÍBV,8,7,1,2.5e-4
2025-08-10,2,KR,ÍBV,8,9,1,2.5e-4
2025-08-10,2,KR,ÍBV,9,0,2,5e-4
2025-08-10,2,KR,ÍBV,9,1,4,0.001
2025-08-10,2,KR,ÍBV,9,2,9,0.00225
2025-08-10,2,KR,ÍBV,9,3,4,0.001
2025-08-10,2,KR,ÍBV,9,4,2,5e-4
2025-08-10,2,KR,ÍBV,9,5,1,2.5e-4
2025-08-10,2,KR,ÍBV,9,6,1,2.5e-4
2025-08-10,2,KR,ÍBV,9,7,1,2.5e-4
2025-08-10,2,KR,ÍBV,10,0,2,5e-4
2025-08-10,2,KR,ÍBV,10,1,3,7.5e-4
2025-08-10,2,KR,ÍBV,10,2,3,7.5e-4
2025-08-10,2,KR,ÍBV,10,3,2,5e-4
2025-08-10,2,KR,ÍBV,10,4,3,7.5e-4
2025-08-10,2,KR,ÍBV,10,5,2,5e-4
2025-08-10,2,KR,ÍBV,11,0,1,2.5e-4
2025-08-10,2,KR,ÍBV,11,1,1,2.5e-4
2025-08-10,2,KR,ÍBV,11,2,1,2.5e-4
2025-08-10,2,KR,ÍBV,11,3,2,5e-4
2025-08-10,2,KR,ÍBV,11,4,1,2.5e-4
2025-08-10,2,KR,ÍBV,11,5,1,2.5e-4
2025-08-10,2,KR,ÍBV,11,7,1,2.5e-4
2025-08-10,2,KR,ÍBV,12,0,1,2.5e-4
2025-08-10,2,KR,ÍBV,12,1,1,2.5e-4
2025-08-10,2,KR,ÍBV,12,3,1,2.5e-4
2025-08-10,2,KR,ÍBV,12,5,1,2.5e-4
2025-08-10,2,KR,ÍBV,13,4,1,2.5e-4
2025-08-10,2,KR,ÍBV,26,26,1,2.5e-4
2025-08-12,1,FH,Þór/KA,0,0,188,0.047
2025-08-12,1,FH,Þór/KA,0,1,205,0.05125
2025-08-12,1,FH,Þór/KA,0,2,118,0.0295
2025-08-12,1,FH,Þór/KA,0,3,46,0.0115
2025-08-12,1,FH,Þór/KA,0,4,19,0.00475
2025-08-12,1,FH,Þór/KA,0,5,5,0.00125
2025-08-12,1,FH,Þór/KA,0,6,2,5e-4
2025-08-12,1,FH,Þór/KA,0,7,1,2.5e-4
2025-08-12,1,FH,Þór/KA,0,8,1,2.5e-4
2025-08-12,1,FH,Þór/KA,1,0,323,0.08075
2025-08-12,1,FH,Þór/KA,1,1,366,0.0915
2025-08-12,1,FH,Þór/KA,1,2,208,0.052
2025-08-12,1,FH,Þór/KA,1,3,86,0.0215
2025-08-12,1,FH,Þór/KA,1,4,32,0.008
2025-08-12,1,FH,Þór/KA,1,5,11,0.00275
2025-08-12,1,FH,Þór/KA,1,6,2,5e-4
2025-08-12,1,FH,Þór/KA,1,7,1,2.5e-4
2025-08-12,1,FH,Þór/KA,1,8,1,2.5e-4
2025-08-12,1,FH,Þór/KA,2,0,329,0.08225
2025-08-12,1,FH,Þór/KA,2,1,342,0.0855
2025-08-12,1,FH,Þór/KA,2,2,197,0.04925
2025-08-12,1,FH,Þór/KA,2,3,79,0.01975
2025-08-12,1,FH,Þór/KA,2,4,37,0.00925
2025-08-12,1,FH,Þór/KA,2,5,13,0.00325
2025-08-12,1,FH,Þór/KA,2,6,3,7.5e-4
2025-08-12,1,FH,Þór/KA,2,7,1,2.5e-4
2025-08-12,1,FH,Þór/KA,3,0,212,0.053
2025-08-12,1,FH,Þór/KA,3,1,221,0.05525
2025-08-12,1,FH,Þór/KA,3,2,130,0.0325
2025-08-12,1,FH,Þór/KA,3,3,81,0.02025
2025-08-12,1,FH,Þór/KA,3,4,26,0.0065
2025-08-12,1,FH,Þór/KA,3,5,8,0.002
2025-08-12,1,FH,Þór/KA,3,6,2,5e-4
2025-08-12,1,FH,Þór/KA,3,8,1,2.5e-4
2025-08-12,1,FH,Þór/KA,4,0,118,0.0295
2025-08-12,1,FH,Þór/KA,4,1,143,0.03575
2025-08-12,1,FH,Þór/KA,4,2,82,0.0205
2025-08-12,1,FH,Þór/KA,4,3,32,0.008
2025-08-12,1,FH,Þór/KA,4,4,18,0.0045
2025-08-12,1,FH,Þór/KA,4,5,11,0.00275
2025-08-12,1,FH,Þór/KA,4,7,1,2.5e-4
2025-08-12,1,FH,Þór/KA,5,0,48,0.012
2025-08-12,1,FH,Þór/KA,5,1,52,0.013
2025-08-12,1,FH,Þór/KA,5,2,40,0.01
2025-08-12,1,FH,Þór/KA,5,3,16,0.004
2025-08-12,1,FH,Þór/KA,5,4,4,0.001
2025-08-12,1,FH,Þór/KA,5,5,3,7.5e-4
2025-08-12,1,FH,Þór/KA,5,6,1,2.5e-4
2025-08-12,1,FH,Þór/KA,6,0,24,0.006
2025-08-12,1,FH,Þór/KA,6,1,24,0.006
2025-08-12,1,FH,Þór/KA,6,2,18,0.0045
2025-08-12,1,FH,Þór/KA,6,3,6,0.0015
2025-08-12,1,FH,Þór/KA,6,4,5,0.00125
2025-08-12,1,FH,Þór/KA,6,5,3,7.5e-4
2025-08-12,1,FH,Þór/KA,6,6,1,2.5e-4
2025-08-12,1,FH,Þór/KA,7,0,12,0.003
2025-08-12,1,FH,Þór/KA,7,1,7,0.00175
2025-08-12,1,FH,Þór/KA,7,2,5,0.00125
2025-08-12,1,FH,Þór/KA,7,3,4,0.001
2025-08-12,1,FH,Þór/KA,7,4,2,5e-4
2025-08-12,1,FH,Þór/KA,7,6,1,2.5e-4
2025-08-12,1,FH,Þór/KA,8,0,5,0.00125
2025-08-12,1,FH,Þór/KA,8,1,6,0.0015
2025-08-12,1,FH,Þór/KA,8,2,2,5e-4
2025-08-12,1,FH,Þór/KA,8,3,1,2.5e-4
2025-08-12,1,FH,Þór/KA,8,4,2,5e-4
2025-08-12,1,FH,Þór/KA,8,5,1,2.5e-4
2025-08-12,1,FH,Þór/KA,9,0,1,2.5e-4
2025-08-12,1,FH,Þór/KA,9,1,1,2.5e-4
2025-08-12,1,FH,Þór/KA,10,0,1,2.5e-4
2025-08-12,1,FH,Þór/KA,10,2,1,2.5e-4
2025-08-12,1,FH,Þór/KA,11,1,1,2.5e-4
2025-08-12,1,FHL,Fram,0,0,191,0.04775
2025-08-12,1,FHL,Fram,0,1,300,0.075
2025-08-12,1,FHL,Fram,0,2,273,0.06825
2025-08-12,1,FHL,Fram,0,3,222,0.0555
2025-08-12,1,FHL,Fram,0,4,100,0.025
2025-08-12,1,FHL,Fram,0,5,46,0.0115
2025-08-12,1,FHL,Fram,0,6,20,0.005
2025-08-12,1,FHL,Fram,0,7,13,0.00325
2025-08-12,1,FHL,Fram,0,8,3,7.5e-4
2025-08-12,1,FHL,Fram,0,15,1,2.5e-4
2025-08-12,1,FHL,Fram,1,0,205,0.05125
2025-08-12,1,FHL,Fram,1,1,353,0.08825
2025-08-12,1,FHL,Fram,1,2,311,0.07775
2025-08-12,1,FHL,Fram,1,3,219,0.05475
2025-08-12,1,FHL,Fram,1,4,115,0.02875
2025-08-12,1,FHL,Fram,1,5,59,0.01475
2025-08-12,1,FHL,Fram,1,6,27,0.00675
2025-08-12,1,FHL,Fram,1,7,14,0.0035
2025-08-12,1,FHL,Fram,1,8,10,0.0025
2025-08-12,1,FHL,Fram,1,9,2,5e-4
2025-08-12,1,FHL,Fram,2,0,128,0.032
2025-08-12,1,FHL,Fram,2,1,196,0.049
2025-08-12,1,FHL,Fram,2,2,205,0.05125
2025-08-12,1,FHL,Fram,2,3,132,0.033
2025-08-12,1,FHL,Fram,2,4,76,0.019
2025-08-12,1,FHL,Fram,2,5,48,0.012
2025-08-12,1,FHL,Fram,2,6,14,0.0035
2025-08-12,1,FHL,Fram,2,7,9,0.00225
2025-08-12,1,FHL,Fram,2,8,5,0.00125
2025-08-12,1,FHL,Fram,2,9,2,5e-4
2025-08-12,1,FHL,Fram,2,12,1,2.5e-4
2025-08-12,1,FHL,Fram,3,0,70,0.0175
2025-08-12,1,FHL,Fram,3,1,110,0.0275
2025-08-12,1,FHL,Fram,3,2,99,0.02475
2025-08-12,1,FHL,Fram,3,3,68,0.017
2025-08-12,1,FHL,Fram,3,4,41,0.01025
2025-08-12,1,FHL,Fram,3,5,19,0.00475
2025-08-12,1,FHL,Fram,3,6,7,0.00175
2025-08-12,1,FHL,Fram,3,7,9,0.00225
2025-08-12,1,FHL,Fram,3,8,2,5e-4
2025-08-12,1,FHL,Fram,3,9,1,2.5e-4
2025-08-12,1,FHL,Fram,4,0,29,0.00725
2025-08-12,1,FHL,Fram,4,1,50,0.0125
2025-08-12,1,FHL,Fram,4,2,47,0.01175
2025-08-12,1,FHL,Fram,4,3,27,0.00675
2025-08-12,1,FHL,Fram,4,4,16,0.004
2025-08-12,1,FHL,Fram,4,5,10,0.0025
2025-08-12,1,FHL,Fram,4,6,2,5e-4
2025-08-12,1,FHL,Fram,4,7,2,5e-4
2025-08-12,1,FHL,Fram,5,0,10,0.0025
2025-08-12,1,FHL,Fram,5,1,9,0.00225
2025-08-12,1,FHL,Fram,5,2,19,0.00475
2025-08-12,1,FHL,Fram,5,3,15,0.00375
2025-08-12,1,FHL,Fram,5,4,8,0.002
2025-08-12,1,FHL,Fram,5,5,1,2.5e-4
2025-08-12,1,FHL,Fram,5,6,2,5e-4
2025-08-12,1,FHL,Fram,5,7,1,2.5e-4
2025-08-12,1,FHL,Fram,6,0,1,2.5e-4
2025-08-12,1,FHL,Fram,6,1,7,0.00175
2025-08-12,1,FHL,Fram,6,2,5,0.00125
2025-08-12,1,FHL,Fram,6,3,6,0.0015
2025-08-12,1,FHL,Fram,6,4,1,2.5e-4
2025-08-12,1,FHL,Fram,6,7,1,2.5e-4
2025-08-12,1,FHL,Fram,7,2,2,5e-4
2025-08-12,1,FHL,Fram,7,3,1,2.5e-4
2025-08-12,1,FHL,Fram,7,6,1,2.5e-4
2025-08-12,1,FHL,Fram,9,4,1,2.5e-4
2025-08-12,1,Víkingur R.,Breiðablik,0,0,51,0.01275
2025-08-12,1,Víkingur R.,Breiðablik,0,1,156,0.039
2025-08-12,1,Víkingur R.,Breiðablik,0,2,265,0.06625
2025-08-12,1,Víkingur R.,Breiðablik,0,3,327,0.08175
2025-08-12,1,Víkingur R.,Breiðablik,0,4,337,0.08425
2025-08-12,1,Víkingur R.,Breiðablik,0,5,244,0.061
2025-08-12,1,Víkingur R.,Breiðablik,0,6,185,0.04625
2025-08-12,1,Víkingur R.,Breiðablik,0,7,141,0.03525
2025-08-12,1,Víkingur R.,Breiðablik,0,8,67,0.01675
2025-08-12,1,Víkingur R.,Breiðablik,0,9,39,0.00975
2025-08-12,1,Víkingur R.,Breiðablik,0,10,31,0.00775
2025-08-12,1,Víkingur R.,Breiðablik,0,11,15,0.00375
2025-08-12,1,Víkingur R.,Breiðablik,0,12,13,0.00325
2025-08-12,1,Víkingur R.,Breiðablik,0,13,2,5e-4
2025-08-12,1,Víkingur R.,Breiðablik,0,14,1,2.5e-4
2025-08-12,1,Víkingur R.,Breiðablik,0,15,2,5e-4
2025-08-12,1,Víkingur R.,Breiðablik,0,16,1,2.5e-4
2025-08-12,1,Víkingur R.,Breiðablik,0,18,1,2.5e-4
2025-08-12,1,Víkingur R.,Breiðablik,1,0,35,0.00875
2025-08-12,1,Víkingur R.,Breiðablik,1,1,122,0.0305
2025-08-12,1,Víkingur R.,Breiðablik,1,2,202,0.0505
2025-08-12,1,Víkingur R.,Breiðablik,1,3,261,0.06525
2025-08-12,1,Víkingur R.,Breiðablik,1,4,232,0.058
2025-08-12,1,Víkingur R.,Breiðablik,1,5,199,0.04975
2025-08-12,1,Víkingur R.,Breiðablik,1,6,131,0.03275
2025-08-12,1,Víkingur R.,Breiðablik,1,7,90,0.0225
2025-08-12,1,Víkingur R.,Breiðablik,1,8,54,0.0135
2025-08-12,1,Víkingur R.,Breiðablik,1,9,29,0.00725
2025-08-12,1,Víkingur R.,Breiðablik,1,10,13,0.00325
2025-08-12,1,Víkingur R.,Breiðablik,1,11,11,0.00275
2025-08-12,1,Víkingur R.,Breiðablik,1,12,5,0.00125
2025-08-12,1,Víkingur R.,Breiðablik,1,13,2,5e-4
2025-08-12,1,Víkingur R.,Breiðablik,1,16,1,2.5e-4
2025-08-12,1,Víkingur R.,Breiðablik,2,0,14,0.0035
2025-08-12,1,Víkingur R.,Breiðablik,2,1,41,0.01025
2025-08-12,1,Víkingur R.,Breiðablik,2,2,73,0.01825
2025-08-12,1,Víkingur R.,Breiðablik,2,3,102,0.0255
2025-08-12,1,Víkingur R.,Breiðablik,2,4,108,0.027
2025-08-12,1,Víkingur R.,Breiðablik,2,5,75,0.01875
2025-08-12,1,Víkingur R.,Breiðablik,2,6,57,0.01425
2025-08-12,1,Víkingur R.,Breiðablik,2,7,34,0.0085
2025-08-12,1,Víkingur R.,Breiðablik,2,8,22,0.0055
2025-08-12,1,Víkingur R.,Breiðablik,2,9,9,0.00225
2025-08-12,1,Víkingur R.,Breiðablik,2,10,6,0.0015
2025-08-12,1,Víkingur R.,Breiðablik,2,11,3,7.5e-4
2025-08-12,1,Víkingur R.,Breiðablik,2,12,3,7.5e-4
2025-08-12,1,Víkingur R.,Breiðablik,2,14,3,7.5e-4
2025-08-12,1,Víkingur R.,Breiðablik,3,0,1,2.5e-4
2025-08-12,1,Víkingur R.,Breiðablik,3,1,11,0.00275
2025-08-12,1,Víkingur R.,Breiðablik,3,2,21,0.00525
2025-08-12,1,Víkingur R.,Breiðablik,3,3,23,0.00575
2025-08-12,1,Víkingur R.,Breiðablik,3,4,17,0.00425
2025-08-12,1,Víkingur R.,Breiðablik,3,5,32,0.008
2025-08-12,1,Víkingur R.,Breiðablik,3,6,16,0.004
2025-08-12,1,Víkingur R.,Breiðablik,3,7,8,0.002
2025-08-12,1,Víkingur R.,Breiðablik,3,8,3,7.5e-4
2025-08-12,1,Víkingur R.,Breiðablik,3,9,4,0.001
2025-08-12,1,Víkingur R.,Breiðablik,3,10,2,5e-4
2025-08-12,1,Víkingur R.,Breiðablik,3,11,1,2.5e-4
2025-08-12,1,Víkingur R.,Breiðablik,4,0,2,5e-4
2025-08-12,1,Víkingur R.,Breiðablik,4,1,3,7.5e-4
2025-08-12,1,Víkingur R.,Breiðablik,4,2,3,7.5e-4
2025-08-12,1,Víkingur R.,Breiðablik,4,3,6,0.0015
2025-08-12,1,Víkingur R.,Breiðablik,4,4,10,0.0025
2025-08-12,1,Víkingur R.,Breiðablik,4,5,3,7.5e-4
2025-08-12,1,Víkingur R.,Breiðablik,4,6,4,0.001
2025-08-12,1,Víkingur R.,Breiðablik,4,7,2,5e-4
2025-08-12,1,Víkingur R.,Breiðablik,4,8,1,2.5e-4
2025-08-12,1,Víkingur R.,Breiðablik,5,2,4,0.001
2025-08-12,1,Víkingur R.,Breiðablik,5,3,1,2.5e-4
2025-08-12,1,Víkingur R.,Breiðablik,5,4,3,7.5e-4
2025-08-12,1,Víkingur R.,Breiðablik,5,5,1,2.5e-4
2025-08-12,1,Víkingur R.,Breiðablik,5,9,1,2.5e-4
2025-08-12,1,Víkingur R.,Breiðablik,5,13,1,2.5e-4
2025-08-12,1,Víkingur R.,Breiðablik,6,8,1,2.5e-4
2025-08-13,1,Valur,Stjarnan,0,0,400,0.1
2025-08-13,1,Valur,Stjarnan,0,1,322,0.0805
2025-08-13,1,Valur,Stjarnan,0,2,108,0.027
2025-08-13,1,Valur,Stjarnan,0,3,21,0.00525
2025-08-13,1,Valur,Stjarnan,0,4,7,0.00175
2025-08-13,1,Valur,Stjarnan,0,5,1,2.5e-4
2025-08-13,1,Valur,Stjarnan,1,0,614,0.1535
2025-08-13,1,Valur,Stjarnan,1,1,428,0.107
2025-08-13,1,Valur,Stjarnan,1,2,138,0.0345
2025-08-13,1,Valur,Stjarnan,1,3,50,0.0125
2025-08-13,1,Valur,Stjarnan,1,4,15,0.00375
2025-08-13,1,Valur,Stjarnan,1,5,1,2.5e-4
2025-08-13,1,Valur,Stjarnan,1,6,1,2.5e-4
2025-08-13,1,Valur,Stjarnan,2,0,459,0.11475
2025-08-13,1,Valur,Stjarnan,2,1,320,0.08
2025-08-13,1,Valur,Stjarnan,2,2,136,0.034
2025-08-13,1,Valur,Stjarnan,2,3,41,0.01025
2025-08-13,1,Valur,Stjarnan,2,4,11,0.00275
2025-08-13,1,Valur,Stjarnan,2,5,2,5e-4
2025-08-13,1,Valur,Stjarnan,3,0,221,0.05525
2025-08-13,1,Valur,Stjarnan,3,1,183,0.04575
2025-08-13,1,Valur,Stjarnan,3,2,79,0.01975
2025-08-13,1,Valur,Stjarnan,3,3,24,0.006
2025-08-13,1,Valur,Stjarnan,3,4,7,0.00175
2025-08-13,1,Valur,Stjarnan,3,5,4,0.001
2025-08-13,1,Valur,Stjarnan,4,0,115,0.02875
2025-08-13,1,Valur,Stjarnan,4,1,78,0.0195
2025-08-13,1,Valur,Stjarnan,4,2,33,0.00825
2025-08-13,1,Valur,Stjarnan,4,3,5,0.00125
2025-08-13,1,Valur,Stjarnan,4,4,3,7.5e-4
2025-08-13,1,Valur,Stjarnan,4,6,1,2.5e-4
2025-08-13,1,Valur,Stjarnan,5,0,48,0.012
2025-08-13,1,Valur,Stjarnan,5,1,39,0.00975
2025-08-13,1,Valur,Stjarnan,5,2,17,0.00425
2025-08-13,1,Valur,Stjarnan,5,3,5,0.00125
2025-08-13,1,Valur,Stjarnan,5,4,3,7.5e-4
2025-08-13,1,Valur,Stjarnan,6,0,27,0.00675
2025-08-13,1,Valur,Stjarnan,6,1,12,0.003
2025-08-13,1,Valur,Stjarnan,6,2,5,0.00125
2025-08-13,1,Valur,Stjarnan,6,3,3,7.5e-4
2025-08-13,1,Valur,Stjarnan,6,4,1,2.5e-4
2025-08-13,1,Valur,Stjarnan,7,0,1,2.5e-4
2025-08-13,1,Valur,Stjarnan,7,1,5,0.00125
2025-08-13,1,Valur,Stjarnan,7,2,2,5e-4
2025-08-13,1,Valur,Stjarnan,8,0,2,5e-4
2025-08-13,1,Valur,Stjarnan,8,1,1,2.5e-4
2025-08-13,1,Valur,Stjarnan,9,0,1,2.5e-4
2025-08-14,1,Tindastóll,Þróttur R.,0,0,166,0.0415
2025-08-14,1,Tindastóll,Þróttur R.,0,1,330,0.0825
2025-08-14,1,Tindastóll,Þróttur R.,0,2,384,0.096
2025-08-14,1,Tindastóll,Þróttur R.,0,3,341,0.08525
2025-08-14,1,Tindastóll,Þróttur R.,0,4,205,0.05125
2025-08-14,1,Tindastóll,Þróttur R.,0,5,157,0.03925
2025-08-14,1,Tindastóll,Þróttur R.,0,6,74,0.0185
2025-08-14,1,Tindastóll,Þróttur R.,0,7,45,0.01125
2025-08-14,1,Tindastóll,Þróttur R.,0,8,10,0.0025
2025-08-14,1,Tindastóll,Þróttur R.,0,9,9,0.00225
2025-08-14,1,Tindastóll,Þróttur R.,0,10,1,2.5e-4
2025-08-14,1,Tindastóll,Þróttur R.,1,0,113,0.02825
2025-08-14,1,Tindastóll,Þróttur R.,1,1,270,0.0675
2025-08-14,1,Tindastóll,Þróttur R.,1,2,289,0.07225
2025-08-14,1,Tindastóll,Þróttur R.,1,3,260,0.065
2025-08-14,1,Tindastóll,Þróttur R.,1,4,184,0.046
2025-08-14,1,Tindastóll,Þróttur R.,1,5,103,0.02575
2025-08-14,1,Tindastóll,Þróttur R.,1,6,58,0.0145
2025-08-14,1,Tindastóll,Þróttur R.,1,7,31,0.00775
2025-08-14,1,Tindastóll,Þróttur R.,1,8,11,0.00275
2025-08-14,1,Tindastóll,Þróttur R.,1,9,5,0.00125
2025-08-14,1,Tindastóll,Þróttur R.,1,10,2,5e-4
2025-08-14,1,Tindastóll,Þróttur R.,1,12,1,2.5e-4
2025-08-14,1,Tindastóll,Þróttur R.,1,16,1,2.5e-4
2025-08-14,1,Tindastóll,Þróttur R.,2,0,50,0.0125
2025-08-14,1,Tindastóll,Þróttur R.,2,1,117,0.02925
2025-08-14,1,Tindastóll,Þróttur R.,2,2,179,0.04475
2025-08-14,1,Tindastóll,Þróttur R.,2,3,122,0.0305
2025-08-14,1,Tindastóll,Þróttur R.,2,4,91,0.02275
2025-08-14,1,Tindastóll,Þróttur R.,2,5,48,0.012
2025-08-14,1,Tindastóll,Þróttur R.,2,6,26,0.0065
2025-08-14,1,Tindastóll,Þróttur R.,2,7,14,0.0035
2025-08-14,1,Tindastóll,Þróttur R.,2,8,7,0.00175
2025-08-14,1,Tindastóll,Þróttur R.,2,9,3,7.5e-4
2025-08-14,1,Tindastóll,Þróttur R.,2,10,6,0.0015
2025-08-14,1,Tindastóll,Þróttur R.,3,0,17,0.00425
2025-08-14,1,Tindastóll,Þróttur R.,3,1,47,0.01175
2025-08-14,1,Tindastóll,Þróttur R.,3,2,57,0.01425
2025-08-14,1,Tindastóll,Þróttur R.,3,3,38,0.0095
2025-08-14,1,Tindastóll,Þróttur R.,3,4,33,0.00825
2025-08-14,1,Tindastóll,Þróttur R.,3,5,9,0.00225
2025-08-14,1,Tindastóll,Þróttur R.,3,6,7,0.00175
2025-08-14,1,Tindastóll,Þróttur R.,3,7,2,5e-4
2025-08-14,1,Tindastóll,Þróttur R.,3,8,1,2.5e-4
2025-08-14,1,Tindastóll,Þróttur R.,3,10,1,2.5e-4
2025-08-14,1,Tindastóll,Þróttur R.,4,0,6,0.0015
2025-08-14,1,Tindastóll,Þróttur R.,4,1,7,0.00175
2025-08-14,1,Tindastóll,Þróttur R.,4,2,12,0.003
2025-08-14,1,Tindastóll,Þróttur R.,4,3,13,0.00325
2025-08-14,1,Tindastóll,Þróttur R.,4,4,8,0.002
2025-08-14,1,Tindastóll,Þróttur R.,4,5,4,0.001
2025-08-14,1,Tindastóll,Þróttur R.,4,6,3,7.5e-4
2025-08-14,1,Tindastóll,Þróttur R.,5,0,2,5e-4
2025-08-14,1,Tindastóll,Þróttur R.,5,1,3,7.5e-4
2025-08-14,1,Tindastóll,Þróttur R.,5,2,2,5e-4
2025-08-14,1,Tindastóll,Þróttur R.,5,3,1,2.5e-4
2025-08-14,1,Tindastóll,Þróttur R.,5,4,4,0.001
2025-08-14,1,Tindastóll,Þróttur R.,5,7,1,2.5e-4
2025-08-14,1,Tindastóll,Þróttur R.,6,1,1,2.5e-4
2025-08-14,1,Tindastóll,Þróttur R.,6,2,1,2.5e-4
2025-08-14,1,Tindastóll,Þróttur R.,6,4,2,5e-4
2025-08-14,1,Tindastóll,Þróttur R.,6,5,2,5e-4
2025-08-14,1,Tindastóll,Þróttur R.,7,1,2,5e-4
2025-08-14,1,Tindastóll,Þróttur R.,7,3,1,2.5e-4
2025-08-14,2,Afturelding,Fylkir,0,0,120,0.03
2025-08-14,2,Afturelding,Fylkir,0,1,217,0.05425
2025-08-14,2,Afturelding,Fylkir,0,2,272,0.068
2025-08-14,2,Afturelding,Fylkir,0,3,225,0.05625
2025-08-14,2,Afturelding,Fylkir,0,4,177,0.04425
2025-08-14,2,Afturelding,Fylkir,0,5,109,0.02725
2025-08-14,2,Afturelding,Fylkir,0,6,84,0.021
2025-08-14,2,Afturelding,Fylkir,0,7,35,0.00875
2025-08-14,2,Afturelding,Fylkir,0,8,27,0.00675
2025-08-14,2,Afturelding,Fylkir,0,9,11,0.00275
2025-08-14,2,Afturelding,Fylkir,0,10,6,0.0015
2025-08-14,2,Afturelding,Fylkir,0,11,8,0.002
2025-08-14,2,Afturelding,Fylkir,0,12,4,0.001
2025-08-14,2,Afturelding,Fylkir,0,13,2,5e-4
2025-08-14,2,Afturelding,Fylkir,0,14,1,2.5e-4
2025-08-14,2,Afturelding,Fylkir,0,15,1,2.5e-4
2025-08-14,2,Afturelding,Fylkir,1,0,101,0.02525
2025-08-14,2,Afturelding,Fylkir,1,1,267,0.06675
2025-08-14,2,Afturelding,Fylkir,1,2,261,0.06525
2025-08-14,2,Afturelding,Fylkir,1,3,234,0.0585
2025-08-14,2,Afturelding,Fylkir,1,4,169,0.04225
2025-08-14,2,Afturelding,Fylkir,1,5,124,0.031
2025-08-14,2,Afturelding,Fylkir,1,6,69,0.01725
2025-08-14,2,Afturelding,Fylkir,1,7,42,0.0105
2025-08-14,2,Afturelding,Fylkir,1,8,29,0.00725
2025-08-14,2,Afturelding,Fylkir,1,9,10,0.0025
2025-08-14,2,Afturelding,Fylkir,1,10,3,7.5e-4
2025-08-14,2,Afturelding,Fylkir,1,11,1,2.5e-4
2025-08-14,2,Afturelding,Fylkir,1,12,1,2.5e-4
2025-08-14,2,Afturelding,Fylkir,1,13,2,5e-4
2025-08-14,2,Afturelding,Fylkir,2,0,80,0.02
2025-08-14,2,Afturelding,Fylkir,2,1,151,0.03775
2025-08-14,2,Afturelding,Fylkir,2,2,178,0.0445
2025-08-14,2,Afturelding,Fylkir,2,3,156,0.039
2025-08-14,2,Afturelding,Fylkir,2,4,110,0.0275
2025-08-14,2,Afturelding,Fylkir,2,5,78,0.0195
2025-08-14,2,Afturelding,Fylkir,2,6,42,0.0105
2025-08-14,2,Afturelding,Fylkir,2,7,23,0.00575
2025-08-14,2,Afturelding,Fylkir,2,8,13,0.00325
2025-08-14,2,Afturelding,Fylkir,2,9,7,0.00175
2025-08-14,2,Afturelding,Fylkir,2,10,3,7.5e-4
2025-08-14,2,Afturelding,Fylkir,2,11,2,5e-4
2025-08-14,2,Afturelding,Fylkir,2,12,2,5e-4
2025-08-14,2,Afturelding,Fylkir,2,13,1,2.5e-4
2025-08-14,2,Afturelding,Fylkir,3,0,33,0.00825
2025-08-14,2,Afturelding,Fylkir,3,1,58,0.0145
2025-08-14,2,Afturelding,Fylkir,3,2,74,0.0185
2025-08-14,2,Afturelding,Fylkir,3,3,60,0.015
2025-08-14,2,Afturelding,Fylkir,3,4,51,0.01275
2025-08-14,2,Afturelding,Fylkir,3,5,29,0.00725
2025-08-14,2,Afturelding,Fylkir,3,6,20,0.005
2025-08-14,2,Afturelding,Fylkir,3,7,16,0.004
2025-08-14,2,Afturelding,Fylkir,3,8,8,0.002
2025-08-14,2,Afturelding,Fylkir,3,9,6,0.0015
2025-08-14,2,Afturelding,Fylkir,3,10,1,2.5e-4
2025-08-14,2,Afturelding,Fylkir,3,12,1,2.5e-4
2025-08-14,2,Afturelding,Fylkir,3,14,1,2.5e-4
2025-08-14,2,Afturelding,Fylkir,4,0,9,0.00225
2025-08-14,2,Afturelding,Fylkir,4,1,15,0.00375
2025-08-14,2,Afturelding,Fylkir,4,2,20,0.005
2025-08-14,2,Afturelding,Fylkir,4,3,21,0.00525
2025-08-14,2,Afturelding,Fylkir,4,4,24,0.006
2025-08-14,2,Afturelding,Fylkir,4,5,14,0.0035
2025-08-14,2,Afturelding,Fylkir,4,6,5,0.00125
2025-08-14,2,Afturelding,Fylkir,4,7,4,0.001
2025-08-14,2,Afturelding,Fylkir,4,8,1,2.5e-4
2025-08-14,2,Afturelding,Fylkir,4,10,2,5e-4
2025-08-14,2,Afturelding,Fylkir,4,12,1,2.5e-4
2025-08-14,2,Afturelding,Fylkir,4,13,1,2.5e-4
2025-08-14,2,Afturelding,Fylkir,5,0,3,7.5e-4
2025-08-14,2,Afturelding,Fylkir,5,1,3,7.5e-4
2025-08-14,2,Afturelding,Fylkir,5,2,7,0.00175
2025-08-14,2,Afturelding,Fylkir,5,3,9,0.00225
2025-08-14,2,Afturelding,Fylkir,5,4,6,0.0015
2025-08-14,2,Afturelding,Fylkir,5,5,8,0.002
2025-08-14,2,Afturelding,Fylkir,5,6,5,0.00125
2025-08-14,2,Afturelding,Fylkir,5,7,3,7.5e-4
2025-08-14,2,Afturelding,Fylkir,5,8,1,2.5e-4
2025-08-14,2,Afturelding,Fylkir,5,11,1,2.5e-4
2025-08-14,2,Afturelding,Fylkir,6,0,2,5e-4
2025-08-14,2,Afturelding,Fylkir,6,1,2,5e-4
2025-08-14,2,Afturelding,Fylkir,6,2,3,7.5e-4
2025-08-14,2,Afturelding,Fylkir,6,3,4,0.001
2025-08-14,2,Afturelding,Fylkir,6,4,1,2.5e-4
2025-08-14,2,Afturelding,Fylkir,6,5,1,2.5e-4
2025-08-14,2,Afturelding,Fylkir,6,6,2,5e-4
2025-08-14,2,Afturelding,Fylkir,7,1,2,5e-4
2025-08-14,2,Afturelding,Fylkir,7,4,1,2.5e-4
2025-08-14,2,Afturelding,Fylkir,8,2,1,2.5e-4
2025-08-14,2,Afturelding,Fylkir,8,4,1,2.5e-4
2025-08-14,2,Afturelding,Fylkir,9,1,1,2.5e-4
2025-08-14,2,HK,ÍA,0,0,229,0.05725
2025-08-14,2,HK,ÍA,0,1,263,0.06575
2025-08-14,2,HK,ÍA,0,2,203,0.05075
2025-08-14,2,HK,ÍA,0,3,98,0.0245
2025-08-14,2,HK,ÍA,0,4,31,0.00775
2025-08-14,2,HK,ÍA,0,5,9,0.00225
2025-08-14,2,HK,ÍA,0,6,3,7.5e-4
2025-08-14,2,HK,ÍA,0,7,1,2.5e-4
2025-08-14,2,HK,ÍA,1,0,247,0.06175
2025-08-14,2,HK,ÍA,1,1,388,0.097
2025-08-14,2,HK,ÍA,1,2,270,0.0675
2025-08-14,2,HK,ÍA,1,3,135,0.03375
2025-08-14,2,HK,ÍA,1,4,67,0.01675
2025-08-14,2,HK,ÍA,1,5,25,0.00625
2025-08-14,2,HK,ÍA,1,6,6,0.0015
2025-08-14,2,HK,ÍA,1,7,8,0.002
2025-08-14,2,HK,ÍA,2,0,222,0.0555
2025-08-14,2,HK,ÍA,2,1,294,0.0735
2025-08-14,2,HK,ÍA,2,2,241,0.06025
2025-08-14,2,HK,ÍA,2,3,111,0.02775
2025-08-14,2,HK,ÍA,2,4,59,0.01475
2025-08-14,2,HK,ÍA,2,5,30,0.0075
2025-08-14,2,HK,ÍA,2,6,6,0.0015
2025-08-14,2,HK,ÍA,2,7,5,0.00125
2025-08-14,2,HK,ÍA,2,8,1,2.5e-4
2025-08-14,2,HK,ÍA,3,0,107,0.02675
2025-08-14,2,HK,ÍA,3,1,197,0.04925
2025-08-14,2,HK,ÍA,3,2,134,0.0335
2025-08-14,2,HK,ÍA,3,3,80,0.02
2025-08-14,2,HK,ÍA,3,4,30,0.0075
2025-08-14,2,HK,ÍA,3,5,19,0.00475
2025-08-14,2,HK,ÍA,3,6,4,0.001
2025-08-14,2,HK,ÍA,3,7,1,2.5e-4
2025-08-14,2,HK,ÍA,4,0,52,0.013
2025-08-14,2,HK,ÍA,4,1,83,0.02075
2025-08-14,2,HK,ÍA,4,2,81,0.02025
2025-08-14,2,HK,ÍA,4,3,42,0.0105
2025-08-14,2,HK,ÍA,4,4,20,0.005
2025-08-14,2,HK,ÍA,4,5,8,0.002
2025-08-14,2,HK,ÍA,4,6,6,0.0015
2025-08-14,2,HK,ÍA,4,7,1,2.5e-4
2025-08-14,2,HK,ÍA,4,8,1,2.5e-4
2025-08-14,2,HK,ÍA,5,0,29,0.00725
2025-08-14,2,HK,ÍA,5,1,25,0.00625
2025-08-14,2,HK,ÍA,5,2,23,0.00575
2025-08-14,2,HK,ÍA,5,3,18,0.0045
2025-08-14,2,HK,ÍA,5,4,12,0.003
2025-08-14,2,HK,ÍA,5,5,8,0.002
2025-08-14,2,HK,ÍA,5,6,2,5e-4
2025-08-14,2,HK,ÍA,5,8,1,2.5e-4
2025-08-14,2,HK,ÍA,6,0,10,0.0025
2025-08-14,2,HK,ÍA,6,1,18,0.0045
2025-08-14,2,HK,ÍA,6,2,10,0.0025
2025-08-14,2,HK,ÍA,6,3,5,0.00125
2025-08-14,2,HK,ÍA,6,5,1,2.5e-4
2025-08-14,2,HK,ÍA,6,6,2,5e-4
2025-08-14,2,HK,ÍA,6,8,1,2.5e-4
2025-08-14,2,HK,ÍA,7,0,2,5e-4
2025-08-14,2,HK,ÍA,7,1,5,0.00125
2025-08-14,2,HK,ÍA,7,2,5,0.00125
2025-08-14,2,HK,ÍA,7,4,1,2.5e-4
2025-08-14,2,HK,ÍA,7,7,1,2.5e-4
2025-08-14,2,HK,ÍA,8,1,3,7.5e-4
2025-08-14,2,Haukar,Grótta,0,0,107,0.02675
2025-08-14,2,Haukar,Grótta,0,1,172,0.043
2025-08-14,2,Haukar,Grótta,0,2,157,0.03925
2025-08-14,2,Haukar,Grótta,0,3,115,0.02875
2025-08-14,2,Haukar,Grótta,0,4,70,0.0175
2025-08-14,2,Haukar,Grótta,0,5,38,0.0095
2025-08-14,2,Haukar,Grótta,0,6,12,0.003
2025-08-14,2,Haukar,Grótta,0,7,2,5e-4
2025-08-14,2,Haukar,Grótta,0,8,5,0.00125
2025-08-14,2,Haukar,Grótta,1,0,142,0.0355
2025-08-14,2,Haukar,Grótta,1,1,288,0.072
2025-08-14,2,Haukar,Grótta,1,2,261,0.06525
2025-08-14,2,Haukar,Grótta,1,3,198,0.0495
2025-08-14,2,Haukar,Grótta,1,4,116,0.029
2025-08-14,2,Haukar,Grótta,1,5,56,0.014
2025-08-14,2,Haukar,Grótta,1,6,28,0.007
2025-08-14,2,Haukar,Grótta,1,7,16,0.004
2025-08-14,2,Haukar,Grótta,1,8,3,7.5e-4
2025-08-14,2,Haukar,Grótta,1,9,2,5e-4
2025-08-14,2,Haukar,Grótta,1,11,2,5e-4
2025-08-14,2,Haukar,Grótta,2,0,117,0.02925
2025-08-14,2,Haukar,Grótta,2,1,217,0.05425
2025-08-14,2,Haukar,Grótta,2,2,236,0.059
2025-08-14,2,Haukar,Grótta,2,3,175,0.04375
2025-08-14,2,Haukar,Grótta,2,4,106,0.0265
2025-08-14,2,Haukar,Grótta,2,5,67,0.01675
2025-08-14,2,Haukar,Grótta,2,6,26,0.0065
2025-08-14,2,Haukar,Grótta,2,7,13,0.00325
2025-08-14,2,Haukar,Grótta,2,8,5,0.00125
2025-08-14,2,Haukar,Grótta,2,9,1,2.5e-4
2025-08-14,2,Haukar,Grótta,3,0,84,0.021
2025-08-14,2,Haukar,Grótta,3,1,140,0.035
2025-08-14,2,Haukar,Grótta,3,2,177,0.04425
2025-08-14,2,Haukar,Grótta,3,3,137,0.03425
2025-08-14,2,Haukar,Grótta,3,4,70,0.0175
2025-08-14,2,Haukar,Grótta,3,5,39,0.00975
2025-08-14,2,Haukar,Grótta,3,6,20,0.005
2025-08-14,2,Haukar,Grótta,3,7,9,0.00225
2025-08-14,2,Haukar,Grótta,3,9,2,5e-4
2025-08-14,2,Haukar,Grótta,3,12,1,2.5e-4
2025-08-14,2,Haukar,Grótta,4,0,30,0.0075
2025-08-14,2,Haukar,Grótta,4,1,67,0.01675
2025-08-14,2,Haukar,Grótta,4,2,86,0.0215
2025-08-14,2,Haukar,Grótta,4,3,63,0.01575
2025-08-14,2,Haukar,Grótta,4,4,41,0.01025
2025-08-14,2,Haukar,Grótta,4,5,23,0.00575
2025-08-14,2,Haukar,Grótta,4,6,8,0.002
2025-08-14,2,Haukar,Grótta,4,7,4,0.001
2025-08-14,2,Haukar,Grótta,4,8,6,0.0015
2025-08-14,2,Haukar,Grótta,4,11,1,2.5e-4
2025-08-14,2,Haukar,Grótta,5,0,11,0.00275
2025-08-14,2,Haukar,Grótta,5,1,28,0.007
2025-08-14,2,Haukar,Grótta,5,2,40,0.01
2025-08-14,2,Haukar,Grótta,5,3,24,0.006
2025-08-14,2,Haukar,Grótta,5,4,22,0.0055
2025-08-14,2,Haukar,Grótta,5,5,8,0.002
2025-08-14,2,Haukar,Grótta,5,6,3,7.5e-4
2025-08-14,2,Haukar,Grótta,5,7,1,2.5e-4
2025-08-14,2,Haukar,Grótta,5,9,1,2.5e-4
2025-08-14,2,Haukar,Grótta,6,0,8,0.002
2025-08-14,2,Haukar,Grótta,6,1,17,0.00425
2025-08-14,2,Haukar,Grótta,6,2,14,0.0035
2025-08-14,2,Haukar,Grótta,6,3,8,0.002
2025-08-14,2,Haukar,Grótta,6,4,5,0.00125
2025-08-14,2,Haukar,Grótta,6,5,4,0.001
2025-08-14,2,Haukar,Grótta,6,6,2,5e-4
2025-08-14,2,Haukar,Grótta,7,0,2,5e-4
2025-08-14,2,Haukar,Grótta,7,1,6,0.0015
2025-08-14,2,Haukar,Grótta,7,2,7,0.00175
2025-08-14,2,Haukar,Grótta,7,3,4,0.001
2025-08-14,2,Haukar,Grótta,7,5,2,5e-4
2025-08-14,2,Haukar,Grótta,7,6,1,2.5e-4
2025-08-14,2,Haukar,Grótta,8,0,3,7.5e-4
2025-08-14,2,Haukar,Grótta,8,1,2,5e-4
2025-08-14,2,Haukar,Grótta,8,2,2,5e-4
2025-08-14,2,Haukar,Grótta,8,3,1,2.5e-4
2025-08-14,2,Haukar,Grótta,8,4,2,5e-4
2025-08-14,2,Haukar,Grótta,8,5,1,2.5e-4
2025-08-14,2,Haukar,Grótta,8,7,1,2.5e-4
2025-08-14,2,Haukar,Grótta,9,1,2,5e-4
2025-08-14,2,Haukar,Grótta,9,2,1,2.5e-4
2025-08-14,2,Haukar,Grótta,9,4,2,5e-4
2025-08-14,2,Haukar,Grótta,9,6,1,2.5e-4
2025-08-14,2,Haukar,Grótta,10,2,1,2.5e-4
2025-08-14,2,Haukar,Grótta,10,4,1,2.5e-4
2025-08-14,2,Haukar,Grótta,10,5,1,2.5e-4
2025-08-14,2,KR,Grindavík/ Njarðvík,0,0,20,0.005
2025-08-14,2,KR,Grindavík/ Njarðvík,0,1,20,0.005
2025-08-14,2,KR,Grindavík/ Njarðvík,0,2,22,0.0055
2025-08-14,2,KR,Grindavík/ Njarðvík,0,3,17,0.00425
2025-08-14,2,KR,Grindavík/ Njarðvík,0,4,7,0.00175
2025-08-14,2,KR,Grindavík/ Njarðvík,0,5,1,2.5e-4
2025-08-14,2,KR,Grindavík/ Njarðvík,0,7,1,2.5e-4
2025-08-14,2,KR,Grindavík/ Njarðvík,0,9,1,2.5e-4
2025-08-14,2,KR,Grindavík/ Njarðvík,0,11,1,2.5e-4
2025-08-14,2,KR,Grindavík/ Njarðvík,1,0,46,0.0115
2025-08-14,2,KR,Grindavík/ Njarðvík,1,1,68,0.017
2025-08-14,2,KR,Grindavík/ Njarðvík,1,2,52,0.013
2025-08-14,2,KR,Grindavík/ Njarðvík,1,3,44,0.011
2025-08-14,2,KR,Grindavík/ Njarðvík,1,4,27,0.00675
2025-08-14,2,KR,Grindavík/ Njarðvík,1,5,8,0.002
2025-08-14,2,KR,Grindavík/ Njarðvík,1,6,4,0.001
2025-08-14,2,KR,Grindavík/ Njarðvík,1,7,5,0.00125
2025-08-14,2,KR,Grindavík/ Njarðvík,1,9,1,2.5e-4
2025-08-14,2,KR,Grindavík/ Njarðvík,2,0,74,0.0185
2025-08-14,2,KR,Grindavík/ Njarðvík,2,1,118,0.0295
2025-08-14,2,KR,Grindavík/ Njarðvík,2,2,106,0.0265
2025-08-14,2,KR,Grindavík/ Njarðvík,2,3,80,0.02
2025-08-14,2,KR,Grindavík/ Njarðvík,2,4,39,0.00975
2025-08-14,2,KR,Grindavík/ Njarðvík,2,5,21,0.00525
2025-08-14,2,KR,Grindavík/ Njarðvík,2,6,14,0.0035
2025-08-14,2,KR,Grindavík/ Njarðvík,2,7,3,7.5e-4
2025-08-14,2,KR,Grindavík/ Njarðvík,2,8,5,0.00125
2025-08-14,2,KR,Grindavík/ Njarðvík,2,11,1,2.5e-4
2025-08-14,2,KR,Grindavík/ Njarðvík,3,0,110,0.0275
2025-08-14,2,KR,Grindavík/ Njarðvík,3,1,166,0.0415
2025-08-14,2,KR,Grindavík/ Njarðvík,3,2,134,0.0335
2025-08-14,2,KR,Grindavík/ Njarðvík,3,3,104,0.026
2025-08-14,2,KR,Grindavík/ Njarðvík,3,4,58,0.0145
2025-08-14,2,KR,Grindavík/ Njarðvík,3,5,35,0.00875
2025-08-14,2,KR,Grindavík/ Njarðvík,3,6,16,0.004
2025-08-14,2,KR,Grindavík/ Njarðvík,3,7,5,0.00125
2025-08-14,2,KR,Grindavík/ Njarðvík,3,8,5,0.00125
2025-08-14,2,KR,Grindavík/ Njarðvík,3,9,2,5e-4
2025-08-14,2,KR,Grindavík/ Njarðvík,4,0,110,0.0275
2025-08-14,2,KR,Grindavík/ Njarðvík,4,1,166,0.0415
2025-08-14,2,KR,Grindavík/ Njarðvík,4,2,131,0.03275
2025-08-14,2,KR,Grindavík/ Njarðvík,4,3,86,0.0215
2025-08-14,2,KR,Grindavík/ Njarðvík,4,4,69,0.01725
2025-08-14,2,KR,Grindavík/ Njarðvík,4,5,31,0.00775
2025-08-14,2,KR,Grindavík/ Njarðvík,4,6,12,0.003
2025-08-14,2,KR,Grindavík/ Njarðvík,4,7,11,0.00275
2025-08-14,2,KR,Grindavík/ Njarðvík,4,8,3,7.5e-4
2025-08-14,2,KR,Grindavík/ Njarðvík,4,10,1,2.5e-4
2025-08-14,2,KR,Grindavík/ Njarðvík,5,0,94,0.0235
2025-08-14,2,KR,Grindavík/ Njarðvík,5,1,129,0.03225
2025-08-14,2,KR,Grindavík/ Njarðvík,5,2,127,0.03175
2025-08-14,2,KR,Grindavík/ Njarðvík,5,3,82,0.0205
2025-08-14,2,KR,Grindavík/ Njarðvík,5,4,59,0.01475
2025-08-14,2,KR,Grindavík/ Njarðvík,5,5,27,0.00675
2025-08-14,2,KR,Grindavík/ Njarðvík,5,6,14,0.0035
2025-08-14,2,KR,Grindavík/ Njarðvík,5,7,8,0.002
2025-08-14,2,KR,Grindavík/ Njarðvík,5,8,1,2.5e-4
2025-08-14,2,KR,Grindavík/ Njarðvík,6,0,67,0.01675
2025-08-14,2,KR,Grindavík/ Njarðvík,6,1,124,0.031
2025-08-14,2,KR,Grindavík/ Njarðvík,6,2,104,0.026
2025-08-14,2,KR,Grindavík/ Njarðvík,6,3,66,0.0165
2025-08-14,2,KR,Grindavík/ Njarðvík,6,4,30,0.0075
2025-08-14,2,KR,Grindavík/ Njarðvík,6,5,26,0.0065
2025-08-14,2,KR,Grindavík/ Njarðvík,6,6,15,0.00375
2025-08-14,2,KR,Grindavík/ Njarðvík,6,7,7,0.00175
2025-08-14,2,KR,Grindavík/ Njarðvík,6,8,1,2.5e-4
2025-08-14,2,KR,Grindavík/ Njarðvík,6,9,1,2.5e-4
2025-08-14,2,KR,Grindavík/ Njarðvík,7,0,48,0.012
2025-08-14,2,KR,Grindavík/ Njarðvík,7,1,87,0.02175
2025-08-14,2,KR,Grindavík/ Njarðvík,7,2,79,0.01975
2025-08-14,2,KR,Grindavík/ Njarðvík,7,3,50,0.0125
2025-08-14,2,KR,Grindavík/ Njarðvík,7,4,32,0.008
2025-08-14,2,KR,Grindavík/ Njarðvík,7,5,16,0.004
2025-08-14,2,KR,Grindavík/ Njarðvík,7,6,11,0.00275
2025-08-14,2,KR,Grindavík/ Njarðvík,7,7,3,7.5e-4
2025-08-14,2,KR,Grindavík/ Njarðvík,7,8,2,5e-4
2025-08-14,2,KR,Grindavík/ Njarðvík,7,9,1,2.5e-4
2025-08-14,2,KR,Grindavík/ Njarðvík,8,0,42,0.0105
2025-08-14,2,KR,Grindavík/ Njarðvík,8,1,62,0.0155
2025-08-14,2,KR,Grindavík/ Njarðvík,8,2,53,0.01325
2025-08-14,2,KR,Grindavík/ Njarðvík,8,3,38,0.0095
2025-08-14,2,KR,Grindavík/ Njarðvík,8,4,19,0.00475
2025-08-14,2,KR,Grindavík/ Njarðvík,8,5,9,0.00225
2025-08-14,2,KR,Grindavík/ Njarðvík,8,6,6,0.0015
2025-08-14,2,KR,Grindavík/ Njarðvík,8,7,5,0.00125
2025-08-14,2,KR,Grindavík/ Njarðvík,8,8,2,5e-4
2025-08-14,2,KR,Grindavík/ Njarðvík,9,0,21,0.00525
2025-08-14,2,KR,Grindavík/ Njarðvík,9,1,29,0.00725
2025-08-14,2,KR,Grindavík/ Njarðvík,9,2,38,0.0095
2025-08-14,2,KR,Grindavík/ Njarðvík,9,3,24,0.006
2025-08-14,2,KR,Grindavík/ Njarðvík,9,4,17,0.00425
2025-08-14,2,KR,Grindavík/ Njarðvík,9,5,10,0.0025
2025-08-14,2,KR,Grindavík/ Njarðvík,9,6,2,5e-4
2025-08-14,2,KR,Grindavík/ Njarðvík,9,7,1,2.5e-4
2025-08-14,2,KR,Grindavík/ Njarðvík,9,8,2,5e-4
2025-08-14,2,KR,Grindavík/ Njarðvík,9,9,2,5e-4
2025-08-14,2,KR,Grindavík/ Njarðvík,10,0,16,0.004
2025-08-14,2,KR,Grindavík/ Njarðvík,10,1,25,0.00625
2025-08-14,2,KR,Grindavík/ Njarðvík,10,2,21,0.00525
2025-08-14,2,KR,Grindavík/ Njarðvík,10,3,20,0.005
2025-08-14,2,KR,Grindavík/ Njarðvík,10,4,12,0.003
2025-08-14,2,KR,Grindavík/ Njarðvík,10,5,2,5e-4
2025-08-14,2,KR,Grindavík/ Njarðvík,10,6,2,5e-4
2025-08-14,2,KR,Grindavík/ Njarðvík,10,7,2,5e-4
2025-08-14,2,KR,Grindavík/ Njarðvík,10,10,1,2.5e-4
2025-08-14,2,KR,Grindavík/ Njarðvík,11,0,5,0.00125
2025-08-14,2,KR,Grindavík/ Njarðvík,11,1,12,0.003
2025-08-14,2,KR,Grindavík/ Njarðvík,11,2,8,0.002
2025-08-14,2,KR,Grindavík/ Njarðvík,11,3,18,0.0045
2025-08-14,2,KR,Grindavík/ Njarðvík,11,4,6,0.0015
2025-08-14,2,KR,Grindavík/ Njarðvík,11,5,4,0.001
2025-08-14,2,KR,Grindavík/ Njarðvík,11,6,3,7.5e-4
2025-08-14,2,KR,Grindavík/ Njarðvík,11,7,1,2.5e-4
2025-08-14,2,KR,Grindavík/ Njarðvík,12,0,6,0.0015
2025-08-14,2,KR,Grindavík/ Njarðvík,12,1,8,0.002
2025-08-14,2,KR,Grindavík/ Njarðvík,12,2,5,0.00125
2025-08-14,2,KR,Grindavík/ Njarðvík,12,3,6,0.0015
2025-08-14,2,KR,Grindavík/ Njarðvík,12,4,4,0.001
2025-08-14,2,KR,Grindavík/ Njarðvík,12,5,3,7.5e-4
2025-08-14,2,KR,Grindavík/ Njarðvík,12,6,2,5e-4
2025-08-14,2,KR,Grindavík/ Njarðvík,12,8,1,2.5e-4
2025-08-14,2,KR,Grindavík/ Njarðvík,13,0,5,0.00125
2025-08-14,2,KR,Grindavík/ Njarðvík,13,1,2,5e-4
2025-08-14,2,KR,Grindavík/ Njarðvík,13,2,5,0.00125
2025-08-14,2,KR,Grindavík/ Njarðvík,13,3,4,0.001
2025-08-14,2,KR,Grindavík/ Njarðvík,13,4,1,2.5e-4
2025-08-14,2,KR,Grindavík/ Njarðvík,13,6,1,2.5e-4
2025-08-14,2,KR,Grindavík/ Njarðvík,14,0,3,7.5e-4
2025-08-14,2,KR,Grindavík/ Njarðvík,14,1,4,0.001
2025-08-14,2,KR,Grindavík/ Njarðvík,14,2,2,5e-4
2025-08-14,2,KR,Grindavík/ Njarðvík,14,3,6,0.0015
2025-08-14,2,KR,Grindavík/ Njarðvík,14,4,1,2.5e-4
2025-08-14,2,KR,Grindavík/ Njarðvík,14,5,1,2.5e-4
2025-08-14,2,KR,Grindavík/ Njarðvík,14,7,1,2.5e-4
2025-08-14,2,KR,Grindavík/ Njarðvík,15,2,1,2.5e-4
2025-08-14,2,KR,Grindavík/ Njarðvík,15,3,2,5e-4
2025-08-14,2,KR,Grindavík/ Njarðvík,15,5,1,2.5e-4
2025-08-14,2,KR,Grindavík/ Njarðvík,16,2,3,7.5e-4
2025-08-14,2,KR,Grindavík/ Njarðvík,16,3,1,2.5e-4
2025-08-14,2,KR,Grindavík/ Njarðvík,16,4,1,2.5e-4
2025-08-14,2,KR,Grindavík/ Njarðvík,17,1,1,2.5e-4
2025-08-14,2,KR,Grindavík/ Njarðvík,17,3,1,2.5e-4
2025-08-14,2,KR,Grindavík/ Njarðvík,17,4,1,2.5e-4
2025-08-14,2,KR,Grindavík/ Njarðvík,17,7,1,2.5e-4
2025-08-14,2,KR,Grindavík/ Njarðvík,18,0,1,2.5e-4
2025-08-14,2,KR,Grindavík/ Njarðvík,18,4,1,2.5e-4
2025-08-14,2,KR,Grindavík/ Njarðvík,23,1,1,2.5e-4
2025-08-14,2,KR,Grindavík/ Njarðvík,24,24,1,2.5e-4
2025-08-14,2,Keflavík,ÍBV,0,0,117,0.02925
2025-08-14,2,Keflavík,ÍBV,0,1,93,0.02325
2025-08-14,2,Keflavík,ÍBV,0,2,31,0.00775
2025-08-14,2,Keflavík,ÍBV,0,3,17,0.00425
2025-08-14,2,Keflavík,ÍBV,0,4,5,0.00125
2025-08-14,2,Keflavík,ÍBV,1,0,240,0.06
2025-08-14,2,Keflavík,ÍBV,1,1,222,0.0555
2025-08-14,2,Keflavík,ÍBV,1,2,117,0.02925
2025-08-14,2,Keflavík,ÍBV,1,3,39,0.00975
2025-08-14,2,Keflavík,ÍBV,1,4,8,0.002
2025-08-14,2,Keflavík,ÍBV,1,5,2,5e-4
2025-08-14,2,Keflavík,ÍBV,2,0,341,0.08525
2025-08-14,2,Keflavík,ÍBV,2,1,273,0.06825
2025-08-14,2,Keflavík,ÍBV,2,2,146,0.0365
2025-08-14,2,Keflavík,ÍBV,2,3,46,0.0115
2025-08-14,2,Keflavík,ÍBV,2,4,19,0.00475
2025-08-14,2,Keflavík,ÍBV,2,5,4,0.001
2025-08-14,2,Keflavík,ÍBV,3,0,322,0.0805
2025-08-14,2,Keflavík,ÍBV,3,1,262,0.0655
2025-08-14,2,Keflavík,ÍBV,3,2,108,0.027
2025-08-14,2,Keflavík,ÍBV,3,3,40,0.01
2025-08-14,2,Keflavík,ÍBV,3,4,12,0.003
2025-08-14,2,Keflavík,ÍBV,3,5,5,0.00125
2025-08-14,2,Keflavík,ÍBV,3,6,1,2.5e-4
2025-08-14,2,Keflavík,ÍBV,4,0,235,0.05875
2025-08-14,2,Keflavík,ÍBV,4,1,178,0.0445
2025-08-14,2,Keflavík,ÍBV,4,2,91,0.02275
2025-08-14,2,Keflavík,ÍBV,4,3,33,0.00825
2025-08-14,2,Keflavík,ÍBV,4,4,12,0.003
2025-08-14,2,Keflavík,ÍBV,4,5,6,0.0015
2025-08-14,2,Keflavík,ÍBV,4,6,1,2.5e-4
2025-08-14,2,Keflavík,ÍBV,5,0,177,0.04425
2025-08-14,2,Keflavík,ÍBV,5,1,126,0.0315
2025-08-14,2,Keflavík,ÍBV,5,2,73,0.01825
2025-08-14,2,Keflavík,ÍBV,5,3,19,0.00475
2025-08-14,2,Keflavík,ÍBV,5,4,7,0.00175
2025-08-14,2,Keflavík,ÍBV,5,5,2,5e-4
2025-08-14,2,Keflavík,ÍBV,6,0,119,0.02975
2025-08-14,2,Keflavík,ÍBV,6,1,84,0.021
2025-08-14,2,Keflavík,ÍBV,6,2,42,0.0105
2025-08-14,2,Keflavík,ÍBV,6,3,13,0.00325
2025-08-14,2,Keflavík,ÍBV,6,4,4,0.001
2025-08-14,2,Keflavík,ÍBV,6,5,1,2.5e-4
2025-08-14,2,Keflavík,ÍBV,6,6,1,2.5e-4
2025-08-14,2,Keflavík,ÍBV,7,0,71,0.01775
2025-08-14,2,Keflavík,ÍBV,7,1,39,0.00975
2025-08-14,2,Keflavík,ÍBV,7,2,16,0.004
2025-08-14,2,Keflavík,ÍBV,7,3,8,0.002
2025-08-14,2,Keflavík,ÍBV,7,4,1,2.5e-4
2025-08-14,2,Keflavík,ÍBV,8,0,38,0.0095
2025-08-14,2,Keflavík,ÍBV,8,1,30,0.0075
2025-08-14,2,Keflavík,ÍBV,8,2,11,0.00275
2025-08-14,2,Keflavík,ÍBV,8,3,5,0.00125
2025-08-14,2,Keflavík,ÍBV,8,4,1,2.5e-4
2025-08-14,2,Keflavík,ÍBV,8,5,1,2.5e-4
2025-08-14,2,Keflavík,ÍBV,9,0,15,0.00375
2025-08-14,2,Keflavík,ÍBV,9,1,14,0.0035
2025-08-14,2,Keflavík,ÍBV,9,2,7,0.00175
2025-08-14,2,Keflavík,ÍBV,9,3,8,0.002
2025-08-14,2,Keflavík,ÍBV,10,0,8,0.002
2025-08-14,2,Keflavík,ÍBV,10,1,10,0.0025
2025-08-14,2,Keflavík,ÍBV,10,2,2,5e-4
2025-08-14,2,Keflavík,ÍBV,10,3,2,5e-4
2025-08-14,2,Keflavík,ÍBV,11,0,2,5e-4
2025-08-14,2,Keflavík,ÍBV,11,1,5,0.00125
2025-08-14,2,Keflavík,ÍBV,11,2,1,2.5e-4
2025-08-14,2,Keflavík,ÍBV,11,3,1,2.5e-4
2025-08-14,2,Keflavík,ÍBV,12,0,3,7.5e-4
2025-08-14,2,Keflavík,ÍBV,13,0,1,2.5e-4
2025-08-14,2,Keflavík,ÍBV,13,1,1,2.5e-4
2025-08-14,2,Keflavík,ÍBV,13,2,1,2.5e-4
2025-08-14,2,Keflavík,ÍBV,14,0,2,5e-4
2025-08-14,2,Keflavík,ÍBV,18,1,1,2.5e-4
2025-08-14,2,Keflavík,ÍBV,24,2,1,2.5e-4
2025-08-16,4,FH,Breiðablik,0,0,143,0.03575
2025-08-16,4,FH,Breiðablik,0,1,289,0.07225
2025-08-16,4,FH,Breiðablik,0,2,327,0.08175
2025-08-16,4,FH,Breiðablik,0,3,301,0.07525
2025-08-16,4,FH,Breiðablik,0,4,220,0.055
2025-08-16,4,FH,Breiðablik,0,5,122,0.0305
2025-08-16,4,FH,Breiðablik,0,6,60,0.015
2025-08-16,4,FH,Breiðablik,0,7,30,0.0075
2025-08-16,4,FH,Breiðablik,0,8,17,0.00425
2025-08-16,4,FH,Breiðablik,0,9,5,0.00125
2025-08-16,4,FH,Breiðablik,0,10,5,0.00125
2025-08-16,4,FH,Breiðablik,0,11,1,2.5e-4
2025-08-16,4,FH,Breiðablik,0,12,1,2.5e-4
2025-08-16,4,FH,Breiðablik,1,0,107,0.02675
2025-08-16,4,FH,Breiðablik,1,1,237,0.05925
2025-08-16,4,FH,Breiðablik,1,2,317,0.07925
2025-08-16,4,FH,Breiðablik,1,3,241,0.06025
2025-08-16,4,FH,Breiðablik,1,4,170,0.0425
2025-08-16,4,FH,Breiðablik,1,5,133,0.03325
2025-08-16,4,FH,Breiðablik,1,6,64,0.016
2025-08-16,4,FH,Breiðablik,1,7,31,0.00775
2025-08-16,4,FH,Breiðablik,1,8,15,0.00375
2025-08-16,4,FH,Breiðablik,1,9,9,0.00225
2025-08-16,4,FH,Breiðablik,1,10,2,5e-4
2025-08-16,4,FH,Breiðablik,1,11,3,7.5e-4
2025-08-16,4,FH,Breiðablik,2,0,59,0.01475
2025-08-16,4,FH,Breiðablik,2,1,141,0.03525
2025-08-16,4,FH,Breiðablik,2,2,166,0.0415
2025-08-16,4,FH,Breiðablik,2,3,141,0.03525
2025-08-16,4,FH,Breiðablik,2,4,99,0.02475
2025-08-16,4,FH,Breiðablik,2,5,60,0.015
2025-08-16,4,FH,Breiðablik,2,6,37,0.00925
2025-08-16,4,FH,Breiðablik,2,7,23,0.00575
2025-08-16,4,FH,Breiðablik,2,8,2,5e-4
2025-08-16,4,FH,Breiðablik,2,9,6,0.0015
2025-08-16,4,FH,Breiðablik,2,10,3,7.5e-4
2025-08-16,4,FH,Breiðablik,2,11,1,2.5e-4
2025-08-16,4,FH,Breiðablik,2,12,1,2.5e-4
2025-08-16,4,FH,Breiðablik,3,0,16,0.004
2025-08-16,4,FH,Breiðablik,3,1,41,0.01025
2025-08-16,4,FH,Breiðablik,3,2,64,0.016
2025-08-16,4,FH,Breiðablik,3,3,67,0.01675
2025-08-16,4,FH,Breiðablik,3,4,50,0.0125
2025-08-16,4,FH,Breiðablik,3,5,24,0.006
2025-08-16,4,FH,Breiðablik,3,6,17,0.00425
2025-08-16,4,FH,Breiðablik,3,7,6,0.0015
2025-08-16,4,FH,Breiðablik,3,8,3,7.5e-4
2025-08-16,4,FH,Breiðablik,4,0,7,0.00175
2025-08-16,4,FH,Breiðablik,4,1,16,0.004
2025-08-16,4,FH,Breiðablik,4,2,13,0.00325
2025-08-16,4,FH,Breiðablik,4,3,17,0.00425
2025-08-16,4,FH,Breiðablik,4,4,23,0.00575
2025-08-16,4,FH,Breiðablik,4,5,7,0.00175
2025-08-16,4,FH,Breiðablik,4,6,4,0.001
2025-08-16,4,FH,Breiðablik,4,7,2,5e-4
2025-08-16,4,FH,Breiðablik,4,9,1,2.5e-4
2025-08-16,4,FH,Breiðablik,5,1,4,0.001
2025-08-16,4,FH,Breiðablik,5,2,4,0.001
2025-08-16,4,FH,Breiðablik,5,3,5,0.00125
2025-08-16,4,FH,Breiðablik,5,4,2,5e-4
2025-08-16,4,FH,Breiðablik,5,5,3,7.5e-4
2025-08-16,4,FH,Breiðablik,5,7,1,2.5e-4
2025-08-16,4,FH,Breiðablik,6,1,4,0.001
2025-08-16,4,FH,Breiðablik,6,2,1,2.5e-4
2025-08-16,4,FH,Breiðablik,6,3,2,5e-4
2025-08-16,4,FH,Breiðablik,6,4,1,2.5e-4
2025-08-16,4,FH,Breiðablik,6,5,1,2.5e-4
2025-08-16,4,FH,Breiðablik,6,9,1,2.5e-4
2025-08-16,4,FH,Breiðablik,7,1,1,2.5e-4
2025-08-16,4,FH,Breiðablik,7,2,1,2.5e-4
2025-08-16,4,FH,Breiðablik,7,3,2,5e-4
2025-08-20,1,Fram,Víkingur R.,0,0,152,0.038
2025-08-20,1,Fram,Víkingur R.,0,1,202,0.0505
2025-08-20,1,Fram,Víkingur R.,0,2,169,0.04225
2025-08-20,1,Fram,Víkingur R.,0,3,124,0.031
2025-08-20,1,Fram,Víkingur R.,0,4,50,0.0125
2025-08-20,1,Fram,Víkingur R.,0,5,28,0.007
2025-08-20,1,Fram,Víkingur R.,0,6,12,0.003
2025-08-20,1,Fram,Víkingur R.,0,7,4,0.001
2025-08-20,1,Fram,Víkingur R.,0,8,1,2.5e-4
2025-08-20,1,Fram,Víkingur R.,1,0,220,0.055
2025-08-20,1,Fram,Víkingur R.,1,1,350,0.0875
2025-08-20,1,Fram,Víkingur R.,1,2,239,0.05975
2025-08-20,1,Fram,Víkingur R.,1,3,166,0.0415
2025-08-20,1,Fram,Víkingur R.,1,4,85,0.02125
2025-08-20,1,Fram,Víkingur R.,1,5,40,0.01
2025-08-20,1,Fram,Víkingur R.,1,6,21,0.00525
2025-08-20,1,Fram,Víkingur R.,1,7,4,0.001
2025-08-20,1,Fram,Víkingur R.,1,8,1,2.5e-4
2025-08-20,1,Fram,Víkingur R.,1,9,1,2.5e-4
2025-08-20,1,Fram,Víkingur R.,2,0,159,0.03975
2025-08-20,1,Fram,Víkingur R.,2,1,263,0.06575
2025-08-20,1,Fram,Víkingur R.,2,2,259,0.06475
2025-08-20,1,Fram,Víkingur R.,2,3,166,0.0415
2025-08-20,1,Fram,Víkingur R.,2,4,91,0.02275
2025-08-20,1,Fram,Víkingur R.,2,5,47,0.01175
2025-08-20,1,Fram,Víkingur R.,2,6,11,0.00275
2025-08-20,1,Fram,Víkingur R.,2,7,4,0.001
2025-08-20,1,Fram,Víkingur R.,2,8,2,5e-4
2025-08-20,1,Fram,Víkingur R.,2,9,2,5e-4
2025-08-20,1,Fram,Víkingur R.,2,10,1,2.5e-4
2025-08-20,1,Fram,Víkingur R.,2,11,1,2.5e-4
2025-08-20,1,Fram,Víkingur R.,3,0,82,0.0205
2025-08-20,1,Fram,Víkingur R.,3,1,149,0.03725
2025-08-20,1,Fram,Víkingur R.,3,2,156,0.039
2025-08-20,1,Fram,Víkingur R.,3,3,112,0.028
2025-08-20,1,Fram,Víkingur R.,3,4,56,0.014
2025-08-20,1,Fram,Víkingur R.,3,5,21,0.00525
2025-08-20,1,Fram,Víkingur R.,3,6,8,0.002
2025-08-20,1,Fram,Víkingur R.,3,7,6,0.0015
2025-08-20,1,Fram,Víkingur R.,3,8,2,5e-4
2025-08-20,1,Fram,Víkingur R.,3,10,1,2.5e-4
2025-08-20,1,Fram,Víkingur R.,4,0,47,0.01175
2025-08-20,1,Fram,Víkingur R.,4,1,58,0.0145
2025-08-20,1,Fram,Víkingur R.,4,2,70,0.0175
2025-08-20,1,Fram,Víkingur R.,4,3,54,0.0135
2025-08-20,1,Fram,Víkingur R.,4,4,29,0.00725
2025-08-20,1,Fram,Víkingur R.,4,5,18,0.0045
2025-08-20,1,Fram,Víkingur R.,4,6,8,0.002
2025-08-20,1,Fram,Víkingur R.,4,7,2,5e-4
2025-08-20,1,Fram,Víkingur R.,5,0,26,0.0065
2025-08-20,1,Fram,Víkingur R.,5,1,32,0.008
2025-08-20,1,Fram,Víkingur R.,5,2,27,0.00675
2025-08-20,1,Fram,Víkingur R.,5,3,28,0.007
2025-08-20,1,Fram,Víkingur R.,5,4,16,0.004
2025-08-20,1,Fram,Víkingur R.,5,5,10,0.0025
2025-08-20,1,Fram,Víkingur R.,5,6,1,2.5e-4
2025-08-20,1,Fram,Víkingur R.,5,7,1,2.5e-4
2025-08-20,1,Fram,Víkingur R.,5,8,1,2.5e-4
2025-08-20,1,Fram,Víkingur R.,5,9,1,2.5e-4
2025-08-20,1,Fram,Víkingur R.,6,0,6,0.0015
2025-08-20,1,Fram,Víkingur R.,6,1,16,0.004
2025-08-20,1,Fram,Víkingur R.,6,2,23,0.00575
2025-08-20,1,Fram,Víkingur R.,6,3,14,0.0035
2025-08-20,1,Fram,Víkingur R.,6,4,5,0.00125
2025-08-20,1,Fram,Víkingur R.,6,6,2,5e-4
2025-08-20,1,Fram,Víkingur R.,7,0,2,5e-4
2025-08-20,1,Fram,Víkingur R.,7,1,5,0.00125
2025-08-20,1,Fram,Víkingur R.,7,2,6,0.0015
2025-08-20,1,Fram,Víkingur R.,7,3,1,2.5e-4
2025-08-20,1,Fram,Víkingur R.,7,4,3,7.5e-4
2025-08-20,1,Fram,Víkingur R.,7,6,1,2.5e-4
2025-08-20,1,Fram,Víkingur R.,7,7,2,5e-4
2025-08-20,1,Fram,Víkingur R.,7,8,1,2.5e-4
2025-08-20,1,Fram,Víkingur R.,8,0,2,5e-4
2025-08-20,1,Fram,Víkingur R.,8,2,1,2.5e-4
2025-08-20,1,Fram,Víkingur R.,8,3,6,0.0015
2025-08-20,1,Fram,Víkingur R.,8,5,1,2.5e-4
2025-08-20,1,Fram,Víkingur R.,9,0,1,2.5e-4
2025-08-20,1,Fram,Víkingur R.,9,1,1,2.5e-4
2025-08-20,1,Fram,Víkingur R.,9,2,1,2.5e-4
2025-08-20,1,Fram,Víkingur R.,9,3,1,2.5e-4
2025-08-20,1,Fram,Víkingur R.,10,0,1,2.5e-4
2025-08-20,1,Fram,Víkingur R.,10,2,1,2.5e-4
2025-08-20,1,Þróttur R.,Valur,0,0,359,0.08975
2025-08-20,1,Þróttur R.,Valur,0,1,291,0.07275
2025-08-20,1,Þróttur R.,Valur,0,2,136,0.034
2025-08-20,1,Þróttur R.,Valur,0,3,34,0.0085
2025-08-20,1,Þróttur R.,Valur,0,4,9,0.00225
2025-08-20,1,Þróttur R.,Valur,0,5,1,2.5e-4
2025-08-20,1,Þróttur R.,Valur,0,6,1,2.5e-4
2025-08-20,1,Þróttur R.,Valur,1,0,530,0.1325
2025-08-20,1,Þróttur R.,Valur,1,1,397,0.09925
2025-08-20,1,Þróttur R.,Valur,1,2,193,0.04825
2025-08-20,1,Þróttur R.,Valur,1,3,44,0.011
2025-08-20,1,Þróttur R.,Valur,1,4,12,0.003
2025-08-20,1,Þróttur R.,Valur,1,5,3,7.5e-4
2025-08-20,1,Þróttur R.,Valur,2,0,415,0.10375
2025-08-20,1,Þróttur R.,Valur,2,1,352,0.088
2025-08-20,1,Þróttur R.,Valur,2,2,139,0.03475
2025-08-20,1,Þróttur R.,Valur,2,3,47,0.01175
2025-08-20,1,Þróttur R.,Valur,2,4,11,0.00275
2025-08-20,1,Þróttur R.,Valur,2,5,4,0.001
2025-08-20,1,Þróttur R.,Valur,2,6,1,2.5e-4
2025-08-20,1,Þróttur R.,Valur,3,0,279,0.06975
2025-08-20,1,Þróttur R.,Valur,3,1,181,0.04525
2025-08-20,1,Þróttur R.,Valur,3,2,80,0.02
2025-08-20,1,Þróttur R.,Valur,3,3,32,0.008
2025-08-20,1,Þróttur R.,Valur,3,4,7,0.00175
2025-08-20,1,Þróttur R.,Valur,3,5,2,5e-4
2025-08-20,1,Þróttur R.,Valur,4,0,92,0.023
2025-08-20,1,Þróttur R.,Valur,4,1,103,0.02575
2025-08-20,1,Þróttur R.,Valur,4,2,41,0.01025
2025-08-20,1,Þróttur R.,Valur,4,3,15,0.00375
2025-08-20,1,Þróttur R.,Valur,4,4,7,0.00175
2025-08-20,1,Þróttur R.,Valur,5,0,56,0.014
2025-08-20,1,Þróttur R.,Valur,5,1,32,0.008
2025-08-20,1,Þróttur R.,Valur,5,2,13,0.00325
2025-08-20,1,Þróttur R.,Valur,5,3,14,0.0035
2025-08-20,1,Þróttur R.,Valur,5,4,3,7.5e-4
2025-08-20,1,Þróttur R.,Valur,5,5,2,5e-4
2025-08-20,1,Þróttur R.,Valur,5,6,1,2.5e-4
2025-08-20,1,Þróttur R.,Valur,6,0,17,0.00425
2025-08-20,1,Þróttur R.,Valur,6,1,12,0.003
2025-08-20,1,Þróttur R.,Valur,6,2,8,0.002
2025-08-20,1,Þróttur R.,Valur,6,3,3,7.5e-4
2025-08-20,1,Þróttur R.,Valur,6,4,1,2.5e-4
2025-08-20,1,Þróttur R.,Valur,7,0,6,0.0015
2025-08-20,1,Þróttur R.,Valur,7,1,6,0.0015
2025-08-20,1,Þróttur R.,Valur,7,2,2,5e-4
2025-08-20,1,Þróttur R.,Valur,7,3,1,2.5e-4
2025-08-20,1,Þróttur R.,Valur,7,4,1,2.5e-4
2025-08-20,1,Þróttur R.,Valur,8,0,2,5e-4
2025-08-20,1,Þróttur R.,Valur,9,0,1,2.5e-4
2025-08-20,1,Þróttur R.,Valur,10,1,1,2.5e-4
2025-08-21,1,Stjarnan,FH,0,0,263,0.06575
2025-08-21,1,Stjarnan,FH,0,1,361,0.09025
2025-08-21,1,Stjarnan,FH,0,2,280,0.07
2025-08-21,1,Stjarnan,FH,0,3,155,0.03875
2025-08-21,1,Stjarnan,FH,0,4,81,0.02025
2025-08-21,1,Stjarnan,FH,0,5,39,0.00975
2025-08-21,1,Stjarnan,FH,0,6,14,0.0035
2025-08-21,1,Stjarnan,FH,0,7,5,0.00125
2025-08-21,1,Stjarnan,FH,0,8,1,2.5e-4
2025-08-21,1,Stjarnan,FH,0,9,1,2.5e-4
2025-08-21,1,Stjarnan,FH,1,0,260,0.065
2025-08-21,1,Stjarnan,FH,1,1,438,0.1095
2025-08-21,1,Stjarnan,FH,1,2,332,0.083
2025-08-21,1,Stjarnan,FH,1,3,191,0.04775
2025-08-21,1,Stjarnan,FH,1,4,83,0.02075
2025-08-21,1,Stjarnan,FH,1,5,35,0.00875
2025-08-21,1,Stjarnan,FH,1,6,16,0.004
2025-08-21,1,Stjarnan,FH,1,7,3,7.5e-4
2025-08-21,1,Stjarnan,FH,1,8,1,2.5e-4
2025-08-21,1,Stjarnan,FH,2,0,146,0.0365
2025-08-21,1,Stjarnan,FH,2,1,219,0.05475
2025-08-21,1,Stjarnan,FH,2,2,177,0.04425
2025-08-21,1,Stjarnan,FH,2,3,122,0.0305
2025-08-21,1,Stjarnan,FH,2,4,67,0.01675
2025-08-21,1,Stjarnan,FH,2,5,28,0.007
2025-08-21,1,Stjarnan,FH,2,6,9,0.00225
2025-08-21,1,Stjarnan,FH,2,7,7,0.00175
2025-08-21,1,Stjarnan,FH,3,0,83,0.02075
2025-08-21,1,Stjarnan,FH,3,1,113,0.02825
2025-08-21,1,Stjarnan,FH,3,2,98,0.0245
2025-08-21,1,Stjarnan,FH,3,3,67,0.01675
2025-08-21,1,Stjarnan,FH,3,4,38,0.0095
2025-08-21,1,Stjarnan,FH,3,5,9,0.00225
2025-08-21,1,Stjarnan,FH,3,6,7,0.00175
2025-08-21,1,Stjarnan,FH,3,7,2,5e-4
2025-08-21,1,Stjarnan,FH,4,0,21,0.00525
2025-08-21,1,Stjarnan,FH,4,1,49,0.01225
2025-08-21,1,Stjarnan,FH,4,2,36,0.009
2025-08-21,1,Stjarnan,FH,4,3,29,0.00725
2025-08-21,1,Stjarnan,FH,4,4,16,0.004
2025-08-21,1,Stjarnan,FH,4,5,9,0.00225
2025-08-21,1,Stjarnan,FH,4,6,5,0.00125
2025-08-21,1,Stjarnan,FH,4,8,2,5e-4
2025-08-21,1,Stjarnan,FH,5,0,9,0.00225
2025-08-21,1,Stjarnan,FH,5,1,17,0.00425
2025-08-21,1,Stjarnan,FH,5,2,17,0.00425
2025-08-21,1,Stjarnan,FH,5,3,8,0.002
2025-08-21,1,Stjarnan,FH,5,4,3,7.5e-4
2025-08-21,1,Stjarnan,FH,5,5,3,7.5e-4
2025-08-21,1,Stjarnan,FH,6,0,1,2.5e-4
2025-08-21,1,Stjarnan,FH,6,1,4,0.001
2025-08-21,1,Stjarnan,FH,6,2,7,0.00175
2025-08-21,1,Stjarnan,FH,6,3,1,2.5e-4
2025-08-21,1,Stjarnan,FH,6,4,1,2.5e-4
2025-08-21,1,Stjarnan,FH,6,5,3,7.5e-4
2025-08-21,1,Stjarnan,FH,7,0,2,5e-4
2025-08-21,1,Stjarnan,FH,7,1,2,5e-4
2025-08-21,1,Stjarnan,FH,7,2,1,2.5e-4
2025-08-21,1,Stjarnan,FH,7,4,2,5e-4
2025-08-21,1,Stjarnan,FH,11,3,1,2.5e-4
2025-08-21,1,Þór/KA,FHL,0,0,88,0.022
2025-08-21,1,Þór/KA,FHL,0,1,41,0.01025
2025-08-21,1,Þór/KA,FHL,0,2,14,0.0035
2025-08-21,1,Þór/KA,FHL,0,3,5,0.00125
2025-08-21,1,Þór/KA,FHL,1,0,273,0.06825
2025-08-21,1,Þór/KA,FHL,1,1,138,0.0345
2025-08-21,1,Þór/KA,FHL,1,2,39,0.00975
2025-08-21,1,Þór/KA,FHL,1,3,7,0.00175
2025-08-21,1,Þór/KA,FHL,1,4,2,5e-4
2025-08-21,1,Þór/KA,FHL,2,0,429,0.10725
2025-08-21,1,Þór/KA,FHL,2,1,215,0.05375
2025-08-21,1,Þór/KA,FHL,2,2,61,0.01525
2025-08-21,1,Þór/KA,FHL,2,3,8,0.002
2025-08-21,1,Þór/KA,FHL,2,4,2,5e-4
2025-08-21,1,Þór/KA,FHL,3,0,444,0.111
2025-08-21,1,Þór/KA,FHL,3,1,234,0.0585
2025-08-21,1,Þór/KA,FHL,3,2,70,0.0175
2025-08-21,1,Þór/KA,FHL,3,3,9,0.00225
2025-08-21,1,Þór/KA,FHL,3,5,1,2.5e-4
2025-08-21,1,Þór/KA,FHL,4,0,394,0.0985
2025-08-21,1,Þór/KA,FHL,4,1,169,0.04225
2025-08-21,1,Þór/KA,FHL,4,2,59,0.01475
2025-08-21,1,Þór/KA,FHL,4,3,15,0.00375
2025-08-21,1,Þór/KA,FHL,4,4,3,7.5e-4
2025-08-21,1,Þór/KA,FHL,4,5,1,2.5e-4
2025-08-21,1,Þór/KA,FHL,5,0,275,0.06875
2025-08-21,1,Þór/KA,FHL,5,1,137,0.03425
2025-08-21,1,Þór/KA,FHL,5,2,42,0.0105
2025-08-21,1,Þór/KA,FHL,5,3,8,0.002
2025-08-21,1,Þór/KA,FHL,6,0,209,0.05225
2025-08-21,1,Þór/KA,FHL,6,1,93,0.02325
2025-08-21,1,Þór/KA,FHL,6,2,26,0.0065
2025-08-21,1,Þór/KA,FHL,6,3,6,0.0015
2025-08-21,1,Þór/KA,FHL,7,0,117,0.02925
2025-08-21,1,Þór/KA,FHL,7,1,64,0.016
2025-08-21,1,Þór/KA,FHL,7,2,27,0.00675
2025-08-21,1,Þór/KA,FHL,7,3,4,0.001
2025-08-21,1,Þór/KA,FHL,7,4,2,5e-4
2025-08-21,1,Þór/KA,FHL,8,0,70,0.0175
2025-08-21,1,Þór/KA,FHL,8,1,36,0.009
2025-08-21,1,Þór/KA,FHL,8,2,14,0.0035
2025-08-21,1,Þór/KA,FHL,9,0,35,0.00875
2025-08-21,1,Þór/KA,FHL,9,1,24,0.006
2025-08-21,1,Þór/KA,FHL,9,2,10,0.0025
2025-08-21,1,Þór/KA,FHL,9,3,3,7.5e-4
2025-08-21,1,Þór/KA,FHL,10,0,28,0.007
2025-08-21,1,Þór/KA,FHL,10,1,15,0.00375
2025-08-21,1,Þór/KA,FHL,10,2,3,7.5e-4
2025-08-21,1,Þór/KA,FHL,10,3,1,2.5e-4
2025-08-21,1,Þór/KA,FHL,11,0,9,0.00225
2025-08-21,1,Þór/KA,FHL,11,1,6,0.0015
2025-08-21,1,Þór/KA,FHL,11,2,2,5e-4
2025-08-21,1,Þór/KA,FHL,12,0,7,0.00175
2025-08-21,1,Þór/KA,FHL,12,1,1,2.5e-4
2025-08-21,1,Þór/KA,FHL,12,2,2,5e-4
2025-08-21,1,Þór/KA,FHL,13,0,1,2.5e-4
2025-08-21,1,Þór/KA,FHL,13,1,1,2.5e-4
2025-08-21,1,Þór/KA,FHL,14,1,1,2.5e-4
2025-08-21,2,Fylkir,Keflavík,0,0,244,0.061
2025-08-21,2,Fylkir,Keflavík,0,1,403,0.10075
2025-08-21,2,Fylkir,Keflavík,0,2,366,0.0915
2025-08-21,2,Fylkir,Keflavík,0,3,247,0.06175
2025-08-21,2,Fylkir,Keflavík,0,4,138,0.0345
2025-08-21,2,Fylkir,Keflavík,0,5,46,0.0115
2025-08-21,2,Fylkir,Keflavík,0,6,21,0.00525
2025-08-21,2,Fylkir,Keflavík,0,7,13,0.00325
2025-08-21,2,Fylkir,Keflavík,0,8,2,5e-4
2025-08-21,2,Fylkir,Keflavík,0,9,2,5e-4
2025-08-21,2,Fylkir,Keflavík,1,0,190,0.0475
2025-08-21,2,Fylkir,Keflavík,1,1,385,0.09625
2025-08-21,2,Fylkir,Keflavík,1,2,348,0.087
2025-08-21,2,Fylkir,Keflavík,1,3,234,0.0585
2025-08-21,2,Fylkir,Keflavík,1,4,114,0.0285
2025-08-21,2,Fylkir,Keflavík,1,5,59,0.01475
2025-08-21,2,Fylkir,Keflavík,1,6,23,0.00575
2025-08-21,2,Fylkir,Keflavík,1,7,10,0.0025
2025-08-21,2,Fylkir,Keflavík,1,8,2,5e-4
2025-08-21,2,Fylkir,Keflavík,1,10,1,2.5e-4
2025-08-21,2,Fylkir,Keflavík,2,0,100,0.025
2025-08-21,2,Fylkir,Keflavík,2,1,194,0.0485
2025-08-21,2,Fylkir,Keflavík,2,2,185,0.04625
2025-08-21,2,Fylkir,Keflavík,2,3,110,0.0275
2025-08-21,2,Fylkir,Keflavík,2,4,77,0.01925
2025-08-21,2,Fylkir,Keflavík,2,5,31,0.00775
2025-08-21,2,Fylkir,Keflavík,2,6,13,0.00325
2025-08-21,2,Fylkir,Keflavík,2,7,7,0.00175
2025-08-21,2,Fylkir,Keflavík,2,8,3,7.5e-4
2025-08-21,2,Fylkir,Keflavík,3,0,43,0.01075
2025-08-21,2,Fylkir,Keflavík,3,1,55,0.01375
2025-08-21,2,Fylkir,Keflavík,3,2,70,0.0175
2025-08-21,2,Fylkir,Keflavík,3,3,66,0.0165
2025-08-21,2,Fylkir,Keflavík,3,4,35,0.00875
2025-08-21,2,Fylkir,Keflavík,3,5,13,0.00325
2025-08-21,2,Fylkir,Keflavík,3,6,4,0.001
2025-08-21,2,Fylkir,Keflavík,3,7,2,5e-4
2025-08-21,2,Fylkir,Keflavík,3,8,2,5e-4
2025-08-21,2,Fylkir,Keflavík,4,0,13,0.00325
2025-08-21,2,Fylkir,Keflavík,4,1,22,0.0055
2025-08-21,2,Fylkir,Keflavík,4,2,25,0.00625
2025-08-21,2,Fylkir,Keflavík,4,3,18,0.0045
2025-08-21,2,Fylkir,Keflavík,4,4,9,0.00225
2025-08-21,2,Fylkir,Keflavík,4,5,2,5e-4
2025-08-21,2,Fylkir,Keflavík,4,6,3,7.5e-4
2025-08-21,2,Fylkir,Keflavík,4,7,1,2.5e-4
2025-08-21,2,Fylkir,Keflavík,5,0,3,7.5e-4
2025-08-21,2,Fylkir,Keflavík,5,1,8,0.002
2025-08-21,2,Fylkir,Keflavík,5,2,10,0.0025
2025-08-21,2,Fylkir,Keflavík,5,3,4,0.001
2025-08-21,2,Fylkir,Keflavík,5,4,3,7.5e-4
2025-08-21,2,Fylkir,Keflavík,5,5,2,5e-4
2025-08-21,2,Fylkir,Keflavík,6,0,2,5e-4
2025-08-21,2,Fylkir,Keflavík,6,1,5,0.00125
2025-08-21,2,Fylkir,Keflavík,6,2,2,5e-4
2025-08-21,2,Fylkir,Keflavík,6,5,2,5e-4
2025-08-21,2,Fylkir,Keflavík,6,6,2,5e-4
2025-08-21,2,Fylkir,Keflavík,6,8,1,2.5e-4
2025-08-21,2,Fylkir,Keflavík,7,1,2,5e-4
2025-08-21,2,Fylkir,Keflavík,7,3,1,2.5e-4
2025-08-21,2,Fylkir,Keflavík,7,7,1,2.5e-4
2025-08-21,2,Fylkir,Keflavík,8,8,1,2.5e-4
2025-08-21,2,Grindavík/ Njarðvík,Afturelding,0,0,8,0.002
2025-08-21,2,Grindavík/ Njarðvík,Afturelding,0,1,13,0.00325
2025-08-21,2,Grindavík/ Njarðvík,Afturelding,0,2,11,0.00275
2025-08-21,2,Grindavík/ Njarðvík,Afturelding,0,3,3,7.5e-4
2025-08-21,2,Grindavík/ Njarðvík,Afturelding,0,4,1,2.5e-4
2025-08-21,2,Grindavík/ Njarðvík,Afturelding,0,5,5,0.00125
2025-08-21,2,Grindavík/ Njarðvík,Afturelding,0,6,1,2.5e-4
2025-08-21,2,Grindavík/ Njarðvík,Afturelding,1,0,46,0.0115
2025-08-21,2,Grindavík/ Njarðvík,Afturelding,1,1,50,0.0125
2025-08-21,2,Grindavík/ Njarðvík,Afturelding,1,2,41,0.01025
2025-08-21,2,Grindavík/ Njarðvík,Afturelding,1,3,21,0.00525
2025-08-21,2,Grindavík/ Njarðvík,Afturelding,1,4,10,0.0025
2025-08-21,2,Grindavík/ Njarðvík,Afturelding,1,5,1,2.5e-4
2025-08-21,2,Grindavík/ Njarðvík,Afturelding,1,6,2,5e-4
2025-08-21,2,Grindavík/ Njarðvík,Afturelding,1,7,1,2.5e-4
2025-08-21,2,Grindavík/ Njarðvík,Afturelding,2,0,53,0.01325
2025-08-21,2,Grindavík/ Njarðvík,Afturelding,2,1,95,0.02375
2025-08-21,2,Grindavík/ Njarðvík,Afturelding,2,2,79,0.01975
2025-08-21,2,Grindavík/ Njarðvík,Afturelding,2,3,60,0.015
2025-08-21,2,Grindavík/ Njarðvík,Afturelding,2,4,10,0.0025
2025-08-21,2,Grindavík/ Njarðvík,Afturelding,2,5,8,0.002
2025-08-21,2,Grindavík/ Njarðvík,Afturelding,2,6,1,2.5e-4
2025-08-21,2,Grindavík/ Njarðvík,Afturelding,2,7,1,2.5e-4
2025-08-21,2,Grindavík/ Njarðvík,Afturelding,2,8,1,2.5e-4
2025-08-21,2,Grindavík/ Njarðvík,Afturelding,2,9,2,5e-4
2025-08-21,2,Grindavík/ Njarðvík,Afturelding,3,0,107,0.02675
2025-08-21,2,Grindavík/ Njarðvík,Afturelding,3,1,136,0.034
2025-08-21,2,Grindavík/ Njarðvík,Afturelding,3,2,103,0.02575
2025-08-21,2,Grindavík/ Njarðvík,Afturelding,3,3,64,0.016
2025-08-21,2,Grindavík/ Njarðvík,Afturelding,3,4,19,0.00475
2025-08-21,2,Grindavík/ Njarðvík,Afturelding,3,5,14,0.0035
2025-08-21,2,Grindavík/ Njarðvík,Afturelding,3,6,9,0.00225
2025-08-21,2,Grindavík/ Njarðvík,Afturelding,3,7,2,5e-4
2025-08-21,2,Grindavík/ Njarðvík,Afturelding,3,8,2,5e-4
2025-08-21,2,Grindavík/ Njarðvík,Afturelding,4,0,108,0.027
2025-08-21,2,Grindavík/ Njarðvík,Afturelding,4,1,141,0.03525
2025-08-21,2,Grindavík/ Njarðvík,Afturelding,4,2,132,0.033
2025-08-21,2,Grindavík/ Njarðvík,Afturelding,4,3,97,0.02425
2025-08-21,2,Grindavík/ Njarðvík,Afturelding,4,4,32,0.008
2025-08-21,2,Grindavík/ Njarðvík,Afturelding,4,5,16,0.004
2025-08-21,2,Grindavík/ Njarðvík,Afturelding,4,6,12,0.003
2025-08-21,2,Grindavík/ Njarðvík,Afturelding,4,7,2,5e-4
2025-08-21,2,Grindavík/ Njarðvík,Afturelding,4,8,1,2.5e-4
2025-08-21,2,Grindavík/ Njarðvík,Afturelding,5,0,122,0.0305
2025-08-21,2,Grindavík/ Njarðvík,Afturelding,5,1,123,0.03075
2025-08-21,2,Grindavík/ Njarðvík,Afturelding,5,2,128,0.032
2025-08-21,2,Grindavík/ Njarðvík,Afturelding,5,3,76,0.019
2025-08-21,2,Grindavík/ Njarðvík,Afturelding,5,4,38,0.0095
2025-08-21,2,Grindavík/ Njarðvík,Afturelding,5,5,14,0.0035
2025-08-21,2,Grindavík/ Njarðvík,Afturelding,5,6,11,0.00275
2025-08-21,2,Grindavík/ Njarðvík,Afturelding,5,8,2,5e-4
2025-08-21,2,Grindavík/ Njarðvík,Afturelding,6,0,99,0.02475
2025-08-21,2,Grindavík/ Njarðvík,Afturelding,6,1,126,0.0315
2025-08-21,2,Grindavík/ Njarðvík,Afturelding,6,2,101,0.02525
2025-08-21,2,Grindavík/ Njarðvík,Afturelding,6,3,67,0.01675
2025-08-21,2,Grindavík/ Njarðvík,Afturelding,6,4,43,0.01075
2025-08-21,2,Grindavík/ Njarðvík,Afturelding,6,5,15,0.00375
2025-08-21,2,Grindavík/ Njarðvík,Afturelding,6,6,8,0.002
2025-08-21,2,Grindavík/ Njarðvík,Afturelding,6,7,3,7.5e-4
2025-08-21,2,Grindavík/ Njarðvík,Afturelding,6,9,1,2.5e-4
2025-08-21,2,Grindavík/ Njarðvík,Afturelding,7,0,93,0.02325
2025-08-21,2,Grindavík/ Njarðvík,Afturelding,7,1,126,0.0315
2025-08-21,2,Grindavík/ Njarðvík,Afturelding,7,2,79,0.01975
2025-08-21,2,Grindavík/ Njarðvík,Afturelding,7,3,56,0.014
2025-08-21,2,Grindavík/ Njarðvík,Afturelding,7,4,30,0.0075
2025-08-21,2,Grindavík/ Njarðvík,Afturelding,7,5,17,0.00425
2025-08-21,2,Grindavík/ Njarðvík,Afturelding,7,6,5,0.00125
2025-08-21,2,Grindavík/ Njarðvík,Afturelding,7,7,3,7.5e-4
2025-08-21,2,Grindavík/ Njarðvík,Afturelding,8,0,73,0.01825
2025-08-21,2,Grindavík/ Njarðvík,Afturelding,8,1,81,0.02025
2025-08-21,2,Grindavík/ Njarðvík,Afturelding,8,2,82,0.0205
2025-08-21,2,Grindavík/ Njarðvík,Afturelding,8,3,49,0.01225
2025-08-21,2,Grindavík/ Njarðvík,Afturelding,8,4,20,0.005
2025-08-21,2,Grindavík/ Njarðvík,Afturelding,8,5,16,0.004
2025-08-21,2,Grindavík/ Njarðvík,Afturelding,8,6,7,0.00175
2025-08-21,2,Grindavík/ Njarðvík,Afturelding,8,7,2,5e-4
2025-08-21,2,Grindavík/ Njarðvík,Afturelding,9,0,41,0.01025
2025-08-21,2,Grindavík/ Njarðvík,Afturelding,9,1,69,0.01725
2025-08-21,2,Grindavík/ Njarðvík,Afturelding,9,2,55,0.01375
2025-08-21,2,Grindavík/ Njarðvík,Afturelding,9,3,44,0.011
2025-08-21,2,Grindavík/ Njarðvík,Afturelding,9,4,11,0.00275
2025-08-21,2,Grindavík/ Njarðvík,Afturelding,9,5,4,0.001
2025-08-21,2,Grindavík/ Njarðvík,Afturelding,9,6,4,0.001
2025-08-21,2,Grindavík/ Njarðvík,Afturelding,9,7,2,5e-4
2025-08-21,2,Grindavík/ Njarðvík,Afturelding,9,8,1,2.5e-4
2025-08-21,2,Grindavík/ Njarðvík,Afturelding,10,0,40,0.01
2025-08-21,2,Grindavík/ Njarðvík,Afturelding,10,1,48,0.012
2025-08-21,2,Grindavík/ Njarðvík,Afturelding,10,2,44,0.011
2025-08-21,2,Grindavík/ Njarðvík,Afturelding,10,3,33,0.00825
2025-08-21,2,Grindavík/ Njarðvík,Afturelding,10,4,16,0.004
2025-08-21,2,Grindavík/ Njarðvík,Afturelding,10,5,3,7.5e-4
2025-08-21,2,Grindavík/ Njarðvík,Afturelding,10,7,1,2.5e-4
2025-08-21,2,Grindavík/ Njarðvík,Afturelding,11,0,20,0.005
2025-08-21,2,Grindavík/ Njarðvík,Afturelding,11,1,26,0.0065
2025-08-21,2,Grindavík/ Njarðvík,Afturelding,11,2,37,0.00925
2025-08-21,2,Grindavík/ Njarðvík,Afturelding,11,3,14,0.0035
2025-08-21,2,Grindavík/ Njarðvík,Afturelding,11,4,9,0.00225
2025-08-21,2,Grindavík/ Njarðvík,Afturelding,11,5,5,0.00125
2025-08-21,2,Grindavík/ Njarðvík,Afturelding,11,6,2,5e-4
2025-08-21,2,Grindavík/ Njarðvík,Afturelding,11,7,1,2.5e-4
2025-08-21,2,Grindavík/ Njarðvík,Afturelding,12,0,12,0.003
2025-08-21,2,Grindavík/ Njarðvík,Afturelding,12,1,11,0.00275
2025-08-21,2,Grindavík/ Njarðvík,Afturelding,12,2,25,0.00625
2025-08-21,2,Grindavík/ Njarðvík,Afturelding,12,3,14,0.0035
2025-08-21,2,Grindavík/ Njarðvík,Afturelding,12,4,5,0.00125
2025-08-21,2,Grindavík/ Njarðvík,Afturelding,12,5,4,0.001
2025-08-21,2,Grindavík/ Njarðvík,Afturelding,12,6,2,5e-4
2025-08-21,2,Grindavík/ Njarðvík,Afturelding,13,0,12,0.003
2025-08-21,2,Grindavík/ Njarðvík,Afturelding,13,1,13,0.00325
2025-08-21,2,Grindavík/ Njarðvík,Afturelding,13,2,13,0.00325
2025-08-21,2,Grindavík/ Njarðvík,Afturelding,13,3,14,0.0035
2025-08-21,2,Grindavík/ Njarðvík,Afturelding,13,4,5,0.00125
2025-08-21,2,Grindavík/ Njarðvík,Afturelding,13,5,2,5e-4
2025-08-21,2,Grindavík/ Njarðvík,Afturelding,13,6,2,5e-4
2025-08-21,2,Grindavík/ Njarðvík,Afturelding,14,0,5,0.00125
2025-08-21,2,Grindavík/ Njarðvík,Afturelding,14,1,7,0.00175
2025-08-21,2,Grindavík/ Njarðvík,Afturelding,14,2,11,0.00275
2025-08-21,2,Grindavík/ Njarðvík,Afturelding,14,3,10,0.0025
2025-08-21,2,Grindavík/ Njarðvík,Afturelding,14,4,1,2.5e-4
2025-08-21,2,Grindavík/ Njarðvík,Afturelding,14,5,2,5e-4
2025-08-21,2,Grindavík/ Njarðvík,Afturelding,15,0,6,0.0015
2025-08-21,2,Grindavík/ Njarðvík,Afturelding,15,1,5,0.00125
2025-08-21,2,Grindavík/ Njarðvík,Afturelding,15,2,6,0.0015
2025-08-21,2,Grindavík/ Njarðvík,Afturelding,15,3,5,0.00125
2025-08-21,2,Grindavík/ Njarðvík,Afturelding,15,4,1,2.5e-4
2025-08-21,2,Grindavík/ Njarðvík,Afturelding,16,0,2,5e-4
2025-08-21,2,Grindavík/ Njarðvík,Afturelding,16,1,2,5e-4
2025-08-21,2,Grindavík/ Njarðvík,Afturelding,16,2,5,0.00125
2025-08-21,2,Grindavík/ Njarðvík,Afturelding,16,3,2,5e-4
2025-08-21,2,Grindavík/ Njarðvík,Afturelding,16,4,2,5e-4
2025-08-21,2,Grindavík/ Njarðvík,Afturelding,17,1,2,5e-4
2025-08-21,2,Grindavík/ Njarðvík,Afturelding,17,2,2,5e-4
2025-08-21,2,Grindavík/ Njarðvík,Afturelding,17,3,2,5e-4
2025-08-21,2,Grindavík/ Njarðvík,Afturelding,17,4,1,2.5e-4
2025-08-21,2,Grindavík/ Njarðvík,Afturelding,18,0,2,5e-4
2025-08-21,2,Grindavík/ Njarðvík,Afturelding,18,2,2,5e-4
2025-08-21,2,Grindavík/ Njarðvík,Afturelding,18,3,2,5e-4
2025-08-21,2,Grindavík/ Njarðvík,Afturelding,18,4,1,2.5e-4
2025-08-21,2,Grindavík/ Njarðvík,Afturelding,19,0,1,2.5e-4
2025-08-21,2,Grindavík/ Njarðvík,Afturelding,19,1,2,5e-4
2025-08-21,2,Grindavík/ Njarðvík,Afturelding,19,3,1,2.5e-4
2025-08-21,2,Grindavík/ Njarðvík,Afturelding,20,0,1,2.5e-4
2025-08-21,2,Grindavík/ Njarðvík,Afturelding,20,2,1,2.5e-4
2025-08-21,2,Grindavík/ Njarðvík,Afturelding,21,1,1,2.5e-4
2025-08-21,2,Grindavík/ Njarðvík,Afturelding,21,2,3,7.5e-4
2025-08-21,2,Grindavík/ Njarðvík,Afturelding,22,2,1,2.5e-4
2025-08-21,2,Grindavík/ Njarðvík,Afturelding,22,4,1,2.5e-4
2025-08-21,2,Grindavík/ Njarðvík,Afturelding,23,0,1,2.5e-4
2025-08-21,2,Grótta,KR,0,0,78,0.0195
2025-08-21,2,Grótta,KR,0,1,105,0.02625
2025-08-21,2,Grótta,KR,0,2,88,0.022
2025-08-21,2,Grótta,KR,0,3,37,0.00925
2025-08-21,2,Grótta,KR,0,4,23,0.00575
2025-08-21,2,Grótta,KR,0,5,10,0.0025
2025-08-21,2,Grótta,KR,0,6,6,0.0015
2025-08-21,2,Grótta,KR,0,7,3,7.5e-4
2025-08-21,2,Grótta,KR,1,0,149,0.03725
2025-08-21,2,Grótta,KR,1,1,276,0.069
2025-08-21,2,Grótta,KR,1,2,191,0.04775
2025-08-21,2,Grótta,KR,1,3,117,0.02925
2025-08-21,2,Grótta,KR,1,4,50,0.0125
2025-08-21,2,Grótta,KR,1,5,26,0.0065
2025-08-21,2,Grótta,KR,1,6,11,0.00275
2025-08-21,2,Grótta,KR,1,7,2,5e-4
2025-08-21,2,Grótta,KR,1,9,1,2.5e-4
2025-08-21,2,Grótta,KR,2,0,168,0.042
2025-08-21,2,Grótta,KR,2,1,252,0.063
2025-08-21,2,Grótta,KR,2,2,227,0.05675
2025-08-21,2,Grótta,KR,2,3,137,0.03425
2025-08-21,2,Grótta,KR,2,4,66,0.0165
2025-08-21,2,Grótta,KR,2,5,31,0.00775
2025-08-21,2,Grótta,KR,2,6,18,0.0045
2025-08-21,2,Grótta,KR,2,7,4,0.001
2025-08-21,2,Grótta,KR,2,8,4,0.001
2025-08-21,2,Grótta,KR,2,9,1,2.5e-4
2025-08-21,2,Grótta,KR,3,0,119,0.02975
2025-08-21,2,Grótta,KR,3,1,197,0.04925
2025-08-21,2,Grótta,KR,3,2,194,0.0485
2025-08-21,2,Grótta,KR,3,3,102,0.0255
2025-08-21,2,Grótta,KR,3,4,56,0.014
2025-08-21,2,Grótta,KR,3,5,26,0.0065
2025-08-21,2,Grótta,KR,3,6,13,0.00325
2025-08-21,2,Grótta,KR,3,7,2,5e-4
2025-08-21,2,Grótta,KR,3,8,1,2.5e-4
2025-08-21,2,Grótta,KR,3,9,2,5e-4
2025-08-21,2,Grótta,KR,4,0,97,0.02425
2025-08-21,2,Grótta,KR,4,1,134,0.0335
2025-08-21,2,Grótta,KR,4,2,125,0.03125
2025-08-21,2,Grótta,KR,4,3,74,0.0185
2025-08-21,2,Grótta,KR,4,4,44,0.011
2025-08-21,2,Grótta,KR,4,5,24,0.006
2025-08-21,2,Grótta,KR,4,6,8,0.002
2025-08-21,2,Grótta,KR,4,7,2,5e-4
2025-08-21,2,Grótta,KR,4,8,1,2.5e-4
2025-08-21,2,Grótta,KR,5,0,49,0.01225
2025-08-21,2,Grótta,KR,5,1,98,0.0245
2025-08-21,2,Grótta,KR,5,2,85,0.02125
2025-08-21,2,Grótta,KR,5,3,44,0.011
2025-08-21,2,Grótta,KR,5,4,31,0.00775
2025-08-21,2,Grótta,KR,5,5,19,0.00475
2025-08-21,2,Grótta,KR,5,6,4,0.001
2025-08-21,2,Grótta,KR,5,7,3,7.5e-4
2025-08-21,2,Grótta,KR,5,8,1,2.5e-4
2025-08-21,2,Grótta,KR,6,0,33,0.00825
2025-08-21,2,Grótta,KR,6,1,59,0.01475
2025-08-21,2,Grótta,KR,6,2,44,0.011
2025-08-21,2,Grótta,KR,6,3,29,0.00725
2025-08-21,2,Grótta,KR,6,4,18,0.0045
2025-08-21,2,Grótta,KR,6,5,8,0.002
2025-08-21,2,Grótta,KR,6,6,1,2.5e-4
2025-08-21,2,Grótta,KR,6,7,1,2.5e-4
2025-08-21,2,Grótta,KR,7,0,13,0.00325
2025-08-21,2,Grótta,KR,7,1,23,0.00575
2025-08-21,2,Grótta,KR,7,2,17,0.00425
2025-08-21,2,Grótta,KR,7,3,10,0.0025
2025-08-21,2,Grótta,KR,7,4,11,0.00275
2025-08-21,2,Grótta,KR,7,5,4,0.001
2025-08-21,2,Grótta,KR,7,6,2,5e-4
2025-08-21,2,Grótta,KR,7,7,1,2.5e-4
2025-08-21,2,Grótta,KR,8,0,8,0.002
2025-08-21,2,Grótta,KR,8,1,4,0.001
2025-08-21,2,Grótta,KR,8,2,15,0.00375
2025-08-21,2,Grótta,KR,8,3,9,0.00225
2025-08-21,2,Grótta,KR,8,4,4,0.001
2025-08-21,2,Grótta,KR,8,5,1,2.5e-4
2025-08-21,2,Grótta,KR,8,6,1,2.5e-4
2025-08-21,2,Grótta,KR,8,7,1,2.5e-4
2025-08-21,2,Grótta,KR,8,8,1,2.5e-4
2025-08-21,2,Grótta,KR,9,0,3,7.5e-4
2025-08-21,2,Grótta,KR,9,1,9,0.00225
2025-08-21,2,Grótta,KR,9,2,3,7.5e-4
2025-08-21,2,Grótta,KR,9,3,2,5e-4
2025-08-21,2,Grótta,KR,9,4,4,0.001
2025-08-21,2,Grótta,KR,9,11,1,2.5e-4
2025-08-21,2,Grótta,KR,10,0,2,5e-4
2025-08-21,2,Grótta,KR,10,1,1,2.5e-4
2025-08-21,2,Grótta,KR,10,2,3,7.5e-4
2025-08-21,2,Grótta,KR,10,4,1,2.5e-4
2025-08-21,2,Grótta,KR,10,6,1,2.5e-4
2025-08-21,2,Grótta,KR,11,0,2,5e-4
2025-08-21,2,Grótta,KR,11,1,1,2.5e-4
2025-08-21,2,Grótta,KR,11,2,3,7.5e-4
2025-08-21,2,Grótta,KR,11,6,1,2.5e-4
2025-08-21,2,Grótta,KR,12,1,5,0.00125
2025-08-21,2,Grótta,KR,12,2,1,2.5e-4
2025-08-21,2,Grótta,KR,13,2,1,2.5e-4
2025-08-21,2,Grótta,KR,14,5,1,2.5e-4
2025-08-21,2,Grótta,KR,15,0,1,2.5e-4
2025-08-21,2,ÍA,Haukar,0,0,63,0.01575
2025-08-21,2,ÍA,Haukar,0,1,58,0.0145
2025-08-21,2,ÍA,Haukar,0,2,27,0.00675
2025-08-21,2,ÍA,Haukar,0,3,14,0.0035
2025-08-21,2,ÍA,Haukar,0,4,4,0.001
2025-08-21,2,ÍA,Haukar,0,5,3,7.5e-4
2025-08-21,2,ÍA,Haukar,1,0,141,0.03525
2025-08-21,2,ÍA,Haukar,1,1,167,0.04175
2025-08-21,2,ÍA,Haukar,1,2,117,0.02925
2025-08-21,2,ÍA,Haukar,1,3,51,0.01275
2025-08-21,2,ÍA,Haukar,1,4,18,0.0045
2025-08-21,2,ÍA,Haukar,1,5,8,0.002
2025-08-21,2,ÍA,Haukar,1,6,3,7.5e-4
2025-08-21,2,ÍA,Haukar,1,7,1,2.5e-4
2025-08-21,2,ÍA,Haukar,2,0,186,0.0465
2025-08-21,2,ÍA,Haukar,2,1,224,0.056
2025-08-21,2,ÍA,Haukar,2,2,170,0.0425
2025-08-21,2,ÍA,Haukar,2,3,56,0.014
2025-08-21,2,ÍA,Haukar,2,4,27,0.00675
2025-08-21,2,ÍA,Haukar,2,5,15,0.00375
2025-08-21,2,ÍA,Haukar,2,6,2,5e-4
2025-08-21,2,ÍA,Haukar,3,0,219,0.05475
2025-08-21,2,ÍA,Haukar,3,1,284,0.071
2025-08-21,2,ÍA,Haukar,3,2,165,0.04125
2025-08-21,2,ÍA,Haukar,3,3,79,0.01975
2025-08-21,2,ÍA,Haukar,3,4,25,0.00625
2025-08-21,2,ÍA,Haukar,3,5,8,0.002
2025-08-21,2,ÍA,Haukar,3,6,6,0.0015
2025-08-21,2,ÍA,Haukar,3,7,3,7.5e-4
2025-08-21,2,ÍA,Haukar,4,0,180,0.045
2025-08-21,2,ÍA,Haukar,4,1,215,0.05375
2025-08-21,2,ÍA,Haukar,4,2,143,0.03575
2025-08-21,2,ÍA,Haukar,4,3,67,0.01675
2025-08-21,2,ÍA,Haukar,4,4,24,0.006
2025-08-21,2,ÍA,Haukar,4,5,10,0.0025
2025-08-21,2,ÍA,Haukar,4,6,1,2.5e-4
2025-08-21,2,ÍA,Haukar,4,8,1,2.5e-4
2025-08-21,2,ÍA,Haukar,5,0,168,0.042
2025-08-21,2,ÍA,Haukar,5,1,152,0.038
2025-08-21,2,ÍA,Haukar,5,2,114,0.0285
2025-08-21,2,ÍA,Haukar,5,3,48,0.012
2025-08-21,2,ÍA,Haukar,5,4,19,0.00475
2025-08-21,2,ÍA,Haukar,5,5,8,0.002
2025-08-21,2,ÍA,Haukar,5,6,1,2.5e-4
2025-08-21,2,ÍA,Haukar,5,7,2,5e-4
2025-08-21,2,ÍA,Haukar,6,0,78,0.0195
2025-08-21,2,ÍA,Haukar,6,1,89,0.02225
2025-08-21,2,ÍA,Haukar,6,2,56,0.014
2025-08-21,2,ÍA,Haukar,6,3,35,0.00875
2025-08-21,2,ÍA,Haukar,6,4,14,0.0035
2025-08-21,2,ÍA,Haukar,6,5,4,0.001
2025-08-21,2,ÍA,Haukar,6,7,1,2.5e-4
2025-08-21,2,ÍA,Haukar,7,0,49,0.01225
2025-08-21,2,ÍA,Haukar,7,1,55,0.01375
2025-08-21,2,ÍA,Haukar,7,2,56,0.014
2025-08-21,2,ÍA,Haukar,7,3,20,0.005
2025-08-21,2,ÍA,Haukar,7,4,10,0.0025
2025-08-21,2,ÍA,Haukar,7,5,2,5e-4
2025-08-21,2,ÍA,Haukar,7,6,1,2.5e-4
2025-08-21,2,ÍA,Haukar,7,8,1,2.5e-4
2025-08-21,2,ÍA,Haukar,8,0,36,0.009
2025-08-21,2,ÍA,Haukar,8,1,43,0.01075
2025-08-21,2,ÍA,Haukar,8,2,27,0.00675
2025-08-21,2,ÍA,Haukar,8,3,13,0.00325
2025-08-21,2,ÍA,Haukar,8,4,5,0.00125
2025-08-21,2,ÍA,Haukar,8,6,1,2.5e-4
2025-08-21,2,ÍA,Haukar,9,0,9,0.00225
2025-08-21,2,ÍA,Haukar,9,1,19,0.00475
2025-08-21,2,ÍA,Haukar,9,2,8,0.002
2025-08-21,2,ÍA,Haukar,9,3,7,0.00175
2025-08-21,2,ÍA,Haukar,9,4,2,5e-4
2025-08-21,2,ÍA,Haukar,9,8,1,2.5e-4
2025-08-21,2,ÍA,Haukar,10,0,10,0.0025
2025-08-21,2,ÍA,Haukar,10,1,8,0.002
2025-08-21,2,ÍA,Haukar,10,2,7,0.00175
2025-08-21,2,ÍA,Haukar,10,3,5,0.00125
2025-08-21,2,ÍA,Haukar,10,4,2,5e-4
2025-08-21,2,ÍA,Haukar,10,5,1,2.5e-4
2025-08-21,2,ÍA,Haukar,11,0,4,0.001
2025-08-21,2,ÍA,Haukar,11,1,2,5e-4
2025-08-21,2,ÍA,Haukar,11,2,5,0.00125
2025-08-21,2,ÍA,Haukar,11,3,1,2.5e-4
2025-08-21,2,ÍA,Haukar,11,4,2,5e-4
2025-08-21,2,ÍA,Haukar,12,0,2,5e-4
2025-08-21,2,ÍA,Haukar,12,1,1,2.5e-4
2025-08-21,2,ÍA,Haukar,12,2,2,5e-4
2025-08-21,2,ÍA,Haukar,12,3,1,2.5e-4
2025-08-21,2,ÍA,Haukar,13,0,1,2.5e-4
2025-08-21,2,ÍA,Haukar,13,1,3,7.5e-4
2025-08-21,2,ÍA,Haukar,14,1,1,2.5e-4
2025-08-21,2,ÍA,Haukar,14,2,3,7.5e-4
2025-08-21,2,ÍBV,HK,0,0,135,0.03375
2025-08-21,2,ÍBV,HK,0,1,185,0.04625
2025-08-21,2,ÍBV,HK,0,2,134,0.0335
2025-08-21,2,ÍBV,HK,0,3,104,0.026
2025-08-21,2,ÍBV,HK,0,4,42,0.0105
2025-08-21,2,ÍBV,HK,0,5,21,0.00525
2025-08-21,2,ÍBV,HK,0,6,10,0.0025
2025-08-21,2,ÍBV,HK,0,7,5,0.00125
2025-08-21,2,ÍBV,HK,1,0,199,0.04975
2025-08-21,2,ÍBV,HK,1,1,333,0.08325
2025-08-21,2,ÍBV,HK,1,2,255,0.06375
2025-08-21,2,ÍBV,HK,1,3,137,0.03425
2025-08-21,2,ÍBV,HK,1,4,60,0.015
2025-08-21,2,ÍBV,HK,1,5,30,0.0075
2025-08-21,2,ÍBV,HK,1,6,18,0.0045
2025-08-21,2,ÍBV,HK,1,7,6,0.0015
2025-08-21,2,ÍBV,HK,1,9,2,5e-4
2025-08-21,2,ÍBV,HK,2,0,171,0.04275
2025-08-21,2,ÍBV,HK,2,1,296,0.074
2025-08-21,2,ÍBV,HK,2,2,253,0.06325
2025-08-21,2,ÍBV,HK,2,3,124,0.031
2025-08-21,2,ÍBV,HK,2,4,67,0.01675
2025-08-21,2,ÍBV,HK,2,5,33,0.00825
2025-08-21,2,ÍBV,HK,2,6,19,0.00475
2025-08-21,2,ÍBV,HK,2,7,2,5e-4
2025-08-21,2,ÍBV,HK,2,8,1,2.5e-4
2025-08-21,2,ÍBV,HK,3,0,114,0.0285
2025-08-21,2,ÍBV,HK,3,1,189,0.04725
2025-08-21,2,ÍBV,HK,3,2,154,0.0385
2025-08-21,2,ÍBV,HK,3,3,123,0.03075
2025-08-21,2,ÍBV,HK,3,4,58,0.0145
2025-08-21,2,ÍBV,HK,3,5,31,0.00775
2025-08-21,2,ÍBV,HK,3,6,11,0.00275
2025-08-21,2,ÍBV,HK,3,7,4,0.001
2025-08-21,2,ÍBV,HK,3,8,2,5e-4
2025-08-21,2,ÍBV,HK,3,11,1,2.5e-4
2025-08-21,2,ÍBV,HK,4,0,67,0.01675
2025-08-21,2,ÍBV,HK,4,1,98,0.0245
2025-08-21,2,ÍBV,HK,4,2,87,0.02175
2025-08-21,2,ÍBV,HK,4,3,54,0.0135
2025-08-21,2,ÍBV,HK,4,4,36,0.009
2025-08-21,2,ÍBV,HK,4,5,14,0.0035
2025-08-21,2,ÍBV,HK,4,6,7,0.00175
2025-08-21,2,ÍBV,HK,4,7,3,7.5e-4
2025-08-21,2,ÍBV,HK,4,9,2,5e-4
2025-08-21,2,ÍBV,HK,5,0,26,0.0065
2025-08-21,2,ÍBV,HK,5,1,51,0.01275
2025-08-21,2,ÍBV,HK,5,2,40,0.01
2025-08-21,2,ÍBV,HK,5,3,23,0.00575
2025-08-21,2,ÍBV,HK,5,4,25,0.00625
2025-08-21,2,ÍBV,HK,5,5,10,0.0025
2025-08-21,2,ÍBV,HK,5,6,3,7.5e-4
2025-08-21,2,ÍBV,HK,6,0,9,0.00225
2025-08-21,2,ÍBV,HK,6,1,30,0.0075
2025-08-21,2,ÍBV,HK,6,2,14,0.0035
2025-08-21,2,ÍBV,HK,6,3,14,0.0035
2025-08-21,2,ÍBV,HK,6,4,7,0.00175
2025-08-21,2,ÍBV,HK,6,5,3,7.5e-4
2025-08-21,2,ÍBV,HK,6,6,4,0.001
2025-08-21,2,ÍBV,HK,6,7,1,2.5e-4
2025-08-21,2,ÍBV,HK,6,8,1,2.5e-4
2025-08-21,2,ÍBV,HK,7,0,9,0.00225
2025-08-21,2,ÍBV,HK,7,1,5,0.00125
2025-08-21,2,ÍBV,HK,7,2,5,0.00125
2025-08-21,2,ÍBV,HK,7,3,7,0.00175
2025-08-21,2,ÍBV,HK,7,4,3,7.5e-4
2025-08-21,2,ÍBV,HK,7,5,1,2.5e-4
2025-08-21,2,ÍBV,HK,8,0,2,5e-4
2025-08-21,2,ÍBV,HK,8,1,4,0.001
2025-08-21,2,ÍBV,HK,8,2,1,2.5e-4
2025-08-21,2,ÍBV,HK,8,3,1,2.5e-4
2025-08-21,2,ÍBV,HK,8,4,1,2.5e-4
2025-08-21,2,ÍBV,HK,8,6,1,2.5e-4
2025-08-21,2,ÍBV,HK,9,2,1,2.5e-4
2025-08-21,2,ÍBV,HK,9,4,1,2.5e-4
2025-08-22,1,Breiðablik,Tindastóll,0,0,19,0.00475
2025-08-22,1,Breiðablik,Tindastóll,0,1,10,0.0025
2025-08-22,1,Breiðablik,Tindastóll,1,0,67,0.01675
2025-08-22,1,Breiðablik,Tindastóll,1,1,23,0.00575
2025-08-22,1,Breiðablik,Tindastóll,1,2,7,0.00175
2025-08-22,1,Breiðablik,Tindastóll,1,3,3,7.5e-4
2025-08-22,1,Breiðablik,Tindastóll,2,0,164,0.041
2025-08-22,1,Breiðablik,Tindastóll,2,1,64,0.016
2025-08-22,1,Breiðablik,Tindastóll,2,2,20,0.005
2025-08-22,1,Breiðablik,Tindastóll,2,3,3,7.5e-4
2025-08-22,1,Breiðablik,Tindastóll,3,0,236,0.059
2025-08-22,1,Breiðablik,Tindastóll,3,1,117,0.02925
2025-08-22,1,Breiðablik,Tindastóll,3,2,22,0.0055
2025-08-22,1,Breiðablik,Tindastóll,3,3,4,0.001
2025-08-22,1,Breiðablik,Tindastóll,4,0,261,0.06525
2025-08-22,1,Breiðablik,Tindastóll,4,1,138,0.0345
2025-08-22,1,Breiðablik,Tindastóll,4,2,30,0.0075
2025-08-22,1,Breiðablik,Tindastóll,4,3,5,0.00125
2025-08-22,1,Breiðablik,Tindastóll,4,4,1,2.5e-4
2025-08-22,1,Breiðablik,Tindastóll,4,5,1,2.5e-4
2025-08-22,1,Breiðablik,Tindastóll,5,0,319,0.07975
2025-08-22,1,Breiðablik,Tindastóll,5,1,158,0.0395
2025-08-22,1,Breiðablik,Tindastóll,5,2,40,0.01
2025-08-22,1,Breiðablik,Tindastóll,5,3,6,0.0015
2025-08-22,1,Breiðablik,Tindastóll,5,4,1,2.5e-4
2025-08-22,1,Breiðablik,Tindastóll,6,0,317,0.07925
2025-08-22,1,Breiðablik,Tindastóll,6,1,145,0.03625
2025-08-22,1,Breiðablik,Tindastóll,6,2,39,0.00975
2025-08-22,1,Breiðablik,Tindastóll,6,3,10,0.0025
2025-08-22,1,Breiðablik,Tindastóll,6,4,1,2.5e-4
2025-08-22,1,Breiðablik,Tindastóll,6,6,1,2.5e-4
2025-08-22,1,Breiðablik,Tindastóll,7,0,298,0.0745
2025-08-22,1,Breiðablik,Tindastóll,7,1,117,0.02925
2025-08-22,1,Breiðablik,Tindastóll,7,2,38,0.0095
2025-08-22,1,Breiðablik,Tindastóll,7,3,4,0.001
2025-08-22,1,Breiðablik,Tindastóll,8,0,233,0.05825
2025-08-22,1,Breiðablik,Tindastóll,8,1,104,0.026
2025-08-22,1,Breiðablik,Tindastóll,8,2,33,0.00825
2025-08-22,1,Breiðablik,Tindastóll,8,3,4,0.001
2025-08-22,1,Breiðablik,Tindastóll,9,0,197,0.04925
2025-08-22,1,Breiðablik,Tindastóll,9,1,83,0.02075
2025-08-22,1,Breiðablik,Tindastóll,9,2,25,0.00625
2025-08-22,1,Breiðablik,Tindastóll,9,3,7,0.00175
2025-08-22,1,Breiðablik,Tindastóll,9,4,3,7.5e-4
2025-08-22,1,Breiðablik,Tindastóll,10,0,122,0.0305
2025-08-22,1,Breiðablik,Tindastóll,10,1,66,0.0165
2025-08-22,1,Breiðablik,Tindastóll,10,2,13,0.00325
2025-08-22,1,Breiðablik,Tindastóll,10,3,2,5e-4
2025-08-22,1,Breiðablik,Tindastóll,11,0,107,0.02675
2025-08-22,1,Breiðablik,Tindastóll,11,1,29,0.00725
2025-08-22,1,Breiðablik,Tindastóll,11,2,8,0.002
2025-08-22,1,Breiðablik,Tindastóll,11,4,1,2.5e-4
2025-08-22,1,Breiðablik,Tindastóll,12,0,57,0.01425
2025-08-22,1,Breiðablik,Tindastóll,12,1,27,0.00675
2025-08-22,1,Breiðablik,Tindastóll,12,2,7,0.00175
2025-08-22,1,Breiðablik,Tindastóll,12,3,2,5e-4
2025-08-22,1,Breiðablik,Tindastóll,13,0,45,0.01125
2025-08-22,1,Breiðablik,Tindastóll,13,1,12,0.003
2025-08-22,1,Breiðablik,Tindastóll,13,2,6,0.0015
2025-08-22,1,Breiðablik,Tindastóll,13,3,3,7.5e-4
2025-08-22,1,Breiðablik,Tindastóll,14,0,30,0.0075
2025-08-22,1,Breiðablik,Tindastóll,14,1,19,0.00475
2025-08-22,1,Breiðablik,Tindastóll,14,2,6,0.0015
2025-08-22,1,Breiðablik,Tindastóll,14,3,2,5e-4
2025-08-22,1,Breiðablik,Tindastóll,15,0,13,0.00325
2025-08-22,1,Breiðablik,Tindastóll,15,1,7,0.00175
2025-08-22,1,Breiðablik,Tindastóll,15,2,3,7.5e-4
2025-08-22,1,Breiðablik,Tindastóll,16,0,6,0.0015
2025-08-22,1,Breiðablik,Tindastóll,16,1,4,0.001
2025-08-22,1,Breiðablik,Tindastóll,17,0,5,0.00125
2025-08-22,1,Breiðablik,Tindastóll,17,1,3,7.5e-4
2025-08-22,1,Breiðablik,Tindastóll,17,2,1,2.5e-4
2025-08-22,1,Breiðablik,Tindastóll,18,0,3,7.5e-4
2025-08-22,1,Breiðablik,Tindastóll,18,1,2,5e-4
2025-08-22,1,Breiðablik,Tindastóll,19,0,3,7.5e-4
2025-08-22,1,Breiðablik,Tindastóll,20,0,1,2.5e-4
2025-08-22,1,Breiðablik,Tindastóll,20,1,1,2.5e-4
2025-08-22,1,Breiðablik,Tindastóll,21,0,1,2.5e-4
2025-08-22,1,Breiðablik,Tindastóll,22,0,1,2.5e-4
2025-08-22,1,Breiðablik,Tindastóll,24,0,1,2.5e-4
2025-08-22,1,Breiðablik,Tindastóll,25,0,1,2.5e-4
2025-08-22,1,Breiðablik,Tindastóll,27,0,2,5e-4
2025-08-28,1,FH,Þróttur R.,0,0,240,0.06
2025-08-28,1,FH,Þróttur R.,0,1,323,0.08075
2025-08-28,1,FH,Þróttur R.,0,2,246,0.0615
2025-08-28,1,FH,Þróttur R.,0,3,145,0.03625
2025-08-28,1,FH,Þróttur R.,0,4,75,0.01875
2025-08-28,1,FH,Þróttur R.,0,5,30,0.0075
2025-08-28,1,FH,Þróttur R.,0,6,11,0.00275
2025-08-28,1,FH,Þróttur R.,0,7,3,7.5e-4
2025-08-28,1,FH,Þróttur R.,0,8,1,2.5e-4
2025-08-28,1,FH,Þróttur R.,1,0,296,0.074
2025-08-28,1,FH,Þróttur R.,1,1,425,0.10625
2025-08-28,1,FH,Þróttur R.,1,2,305,0.07625
2025-08-28,1,FH,Þróttur R.,1,3,183,0.04575
2025-08-28,1,FH,Þróttur R.,1,4,73,0.01825
2025-08-28,1,FH,Þróttur R.,1,5,44,0.011
2025-08-28,1,FH,Þróttur R.,1,6,14,0.0035
2025-08-28,1,FH,Þróttur R.,1,7,6,0.0015
2025-08-28,1,FH,Þróttur R.,1,8,1,2.5e-4
2025-08-28,1,FH,Þróttur R.,1,9,2,5e-4
2025-08-28,1,FH,Þróttur R.,2,0,196,0.049
2025-08-28,1,FH,Þróttur R.,2,1,254,0.0635
2025-08-28,1,FH,Þróttur R.,2,2,232,0.058
2025-08-28,1,FH,Þróttur R.,2,3,108,0.027
2025-08-28,1,FH,Þróttur R.,2,4,60,0.015
2025-08-28,1,FH,Þróttur R.,2,5,18,0.0045
2025-08-28,1,FH,Þróttur R.,2,6,8,0.002
2025-08-28,1,FH,Þróttur R.,2,7,2,5e-4
2025-08-28,1,FH,Þróttur R.,2,8,3,7.5e-4
2025-08-28,1,FH,Þróttur R.,2,11,1,2.5e-4
2025-08-28,1,FH,Þróttur R.,3,0,76,0.019
2025-08-28,1,FH,Þróttur R.,3,1,136,0.034
2025-08-28,1,FH,Þróttur R.,3,2,106,0.0265
2025-08-28,1,FH,Þróttur R.,3,3,68,0.017
2025-08-28,1,FH,Þróttur R.,3,4,20,0.005
2025-08-28,1,FH,Þróttur R.,3,5,10,0.0025
2025-08-28,1,FH,Þróttur R.,3,6,3,7.5e-4
2025-08-28,1,FH,Þróttur R.,3,7,1,2.5e-4
2025-08-28,1,FH,Þróttur R.,3,9,1,2.5e-4
2025-08-28,1,FH,Þróttur R.,3,10,1,2.5e-4
2025-08-28,1,FH,Þróttur R.,4,0,40,0.01
2025-08-28,1,FH,Þróttur R.,4,1,46,0.0115
2025-08-28,1,FH,Þróttur R.,4,2,50,0.0125
2025-08-28,1,FH,Þróttur R.,4,3,16,0.004
2025-08-28,1,FH,Þróttur R.,4,4,13,0.00325
2025-08-28,1,FH,Þróttur R.,4,5,6,0.0015
2025-08-28,1,FH,Þróttur R.,4,6,2,5e-4
2025-08-28,1,FH,Þróttur R.,4,7,1,2.5e-4
2025-08-28,1,FH,Þróttur R.,4,9,1,2.5e-4
2025-08-28,1,FH,Þróttur R.,5,0,8,0.002
2025-08-28,1,FH,Þróttur R.,5,1,15,0.00375
2025-08-28,1,FH,Þróttur R.,5,2,16,0.004
2025-08-28,1,FH,Þróttur R.,5,3,13,0.00325
2025-08-28,1,FH,Þróttur R.,5,4,6,0.0015
2025-08-28,1,FH,Þróttur R.,5,5,1,2.5e-4
2025-08-28,1,FH,Þróttur R.,5,6,2,5e-4
2025-08-28,1,FH,Þróttur R.,6,0,6,0.0015
2025-08-28,1,FH,Þróttur R.,6,1,7,0.00175
2025-08-28,1,FH,Þróttur R.,6,2,4,0.001
2025-08-28,1,FH,Þróttur R.,6,3,7,0.00175
2025-08-28,1,FH,Þróttur R.,6,4,1,2.5e-4
2025-08-28,1,FH,Þróttur R.,6,5,1,2.5e-4
2025-08-28,1,FH,Þróttur R.,7,0,3,7.5e-4
2025-08-28,1,FH,Þróttur R.,7,1,2,5e-4
2025-08-28,1,FH,Þróttur R.,7,2,3,7.5e-4
2025-08-28,1,FH,Þróttur R.,7,5,1,2.5e-4
2025-08-28,1,FH,Þróttur R.,8,0,1,2.5e-4
2025-08-28,1,FH,Þróttur R.,8,2,1,2.5e-4
2025-08-28,1,Tindastóll,Víkingur R.,0,0,199,0.04975
2025-08-28,1,Tindastóll,Víkingur R.,0,1,252,0.063
2025-08-28,1,Tindastóll,Víkingur R.,0,2,196,0.049
2025-08-28,1,Tindastóll,Víkingur R.,0,3,121,0.03025
2025-08-28,1,Tindastóll,Víkingur R.,0,4,64,0.016
2025-08-28,1,Tindastóll,Víkingur R.,0,5,19,0.00475
2025-08-28,1,Tindastóll,Víkingur R.,0,6,5,0.00125
2025-08-28,1,Tindastóll,Víkingur R.,0,7,3,7.5e-4
2025-08-28,1,Tindastóll,Víkingur R.,0,8,1,2.5e-4
2025-08-28,1,Tindastóll,Víkingur R.,1,0,205,0.05125
2025-08-28,1,Tindastóll,Víkingur R.,1,1,324,0.081
2025-08-28,1,Tindastóll,Víkingur R.,1,2,269,0.06725
2025-08-28,1,Tindastóll,Víkingur R.,1,3,189,0.04725
2025-08-28,1,Tindastóll,Víkingur R.,1,4,86,0.0215
2025-08-28,1,Tindastóll,Víkingur R.,1,5,27,0.00675
2025-08-28,1,Tindastóll,Víkingur R.,1,6,16,0.004
2025-08-28,1,Tindastóll,Víkingur R.,1,7,4,0.001
2025-08-28,1,Tindastóll,Víkingur R.,1,8,1,2.5e-4
2025-08-28,1,Tindastóll,Víkingur R.,1,9,1,2.5e-4
2025-08-28,1,Tindastóll,Víkingur R.,2,0,188,0.047
2025-08-28,1,Tindastóll,Víkingur R.,2,1,263,0.06575
2025-08-28,1,Tindastóll,Víkingur R.,2,2,242,0.0605
2025-08-28,1,Tindastóll,Víkingur R.,2,3,143,0.03575
2025-08-28,1,Tindastóll,Víkingur R.,2,4,64,0.016
2025-08-28,1,Tindastóll,Víkingur R.,2,5,44,0.011
2025-08-28,1,Tindastóll,Víkingur R.,2,6,15,0.00375
2025-08-28,1,Tindastóll,Víkingur R.,2,7,5,0.00125
2025-08-28,1,Tindastóll,Víkingur R.,2,8,1,2.5e-4
2025-08-28,1,Tindastóll,Víkingur R.,2,9,1,2.5e-4
2025-08-28,1,Tindastóll,Víkingur R.,3,0,103,0.02575
2025-08-28,1,Tindastóll,Víkingur R.,3,1,142,0.0355
2025-08-28,1,Tindastóll,Víkingur R.,3,2,141,0.03525
2025-08-28,1,Tindastóll,Víkingur R.,3,3,110,0.0275
2025-08-28,1,Tindastóll,Víkingur R.,3,4,46,0.0115
2025-08-28,1,Tindastóll,Víkingur R.,3,5,13,0.00325
2025-08-28,1,Tindastóll,Víkingur R.,3,6,10,0.0025
2025-08-28,1,Tindastóll,Víkingur R.,3,7,4,0.001
2025-08-28,1,Tindastóll,Víkingur R.,3,8,2,5e-4
2025-08-28,1,Tindastóll,Víkingur R.,3,9,1,2.5e-4
2025-08-28,1,Tindastóll,Víkingur R.,4,0,46,0.0115
2025-08-28,1,Tindastóll,Víkingur R.,4,1,80,0.02
2025-08-28,1,Tindastóll,Víkingur R.,4,2,68,0.017
2025-08-28,1,Tindastóll,Víkingur R.,4,3,42,0.0105
2025-08-28,1,Tindastóll,Víkingur R.,4,4,31,0.00775
2025-08-28,1,Tindastóll,Víkingur R.,4,5,9,0.00225
2025-08-28,1,Tindastóll,Víkingur R.,4,6,7,0.00175
2025-08-28,1,Tindastóll,Víkingur R.,4,8,1,2.5e-4
2025-08-28,1,Tindastóll,Víkingur R.,5,0,21,0.00525
2025-08-28,1,Tindastóll,Víkingur R.,5,1,24,0.006
2025-08-28,1,Tindastóll,Víkingur R.,5,2,33,0.00825
2025-08-28,1,Tindastóll,Víkingur R.,5,3,23,0.00575
2025-08-28,1,Tindastóll,Víkingur R.,5,4,9,0.00225
2025-08-28,1,Tindastóll,Víkingur R.,5,5,11,0.00275
2025-08-28,1,Tindastóll,Víkingur R.,6,0,9,0.00225
2025-08-28,1,Tindastóll,Víkingur R.,6,1,8,0.002
2025-08-28,1,Tindastóll,Víkingur R.,6,2,13,0.00325
2025-08-28,1,Tindastóll,Víkingur R.,6,3,7,0.00175
2025-08-28,1,Tindastóll,Víkingur R.,6,4,5,0.00125
2025-08-28,1,Tindastóll,Víkingur R.,6,5,2,5e-4
2025-08-28,1,Tindastóll,Víkingur R.,6,6,1,2.5e-4
2025-08-28,1,Tindastóll,Víkingur R.,6,9,1,2.5e-4
2025-08-28,1,Tindastóll,Víkingur R.,7,0,2,5e-4
2025-08-28,1,Tindastóll,Víkingur R.,7,1,6,0.0015
2025-08-28,1,Tindastóll,Víkingur R.,7,2,5,0.00125
2025-08-28,1,Tindastóll,Víkingur R.,7,3,5,0.00125
2025-08-28,1,Tindastóll,Víkingur R.,7,4,2,5e-4
2025-08-28,1,Tindastóll,Víkingur R.,7,5,1,2.5e-4
2025-08-28,1,Tindastóll,Víkingur R.,8,0,1,2.5e-4
2025-08-28,1,Tindastóll,Víkingur R.,8,2,2,5e-4
2025-08-28,1,Tindastóll,Víkingur R.,8,4,1,2.5e-4
2025-08-28,1,Tindastóll,Víkingur R.,9,1,1,2.5e-4
2025-08-28,1,Tindastóll,Víkingur R.,9,2,1,2.5e-4
2025-08-28,1,Tindastóll,Víkingur R.,10,1,2,5e-4
2025-08-30,1,FHL,Stjarnan,0,0,223,0.05575
2025-08-30,1,FHL,Stjarnan,0,1,383,0.09575
2025-08-30,1,FHL,Stjarnan,0,2,411,0.10275
2025-08-30,1,FHL,Stjarnan,0,3,322,0.0805
2025-08-30,1,FHL,Stjarnan,0,4,180,0.045
2025-08-30,1,FHL,Stjarnan,0,5,89,0.02225
2025-08-30,1,FHL,Stjarnan,0,6,48,0.012
2025-08-30,1,FHL,Stjarnan,0,7,18,0.0045
2025-08-30,1,FHL,Stjarnan,0,8,7,0.00175
2025-08-30,1,FHL,Stjarnan,0,9,6,0.0015
2025-08-30,1,FHL,Stjarnan,0,11,2,5e-4
2025-08-30,1,FHL,Stjarnan,1,0,178,0.0445
2025-08-30,1,FHL,Stjarnan,1,1,310,0.0775
2025-08-30,1,FHL,Stjarnan,1,2,334,0.0835
2025-08-30,1,FHL,Stjarnan,1,3,231,0.05775
2025-08-30,1,FHL,Stjarnan,1,4,157,0.03925
2025-08-30,1,FHL,Stjarnan,1,5,82,0.0205
2025-08-30,1,FHL,Stjarnan,1,6,35,0.00875
2025-08-30,1,FHL,Stjarnan,1,7,16,0.004
2025-08-30,1,FHL,Stjarnan,1,8,3,7.5e-4
2025-08-30,1,FHL,Stjarnan,1,9,3,7.5e-4
2025-08-30,1,FHL,Stjarnan,1,10,2,5e-4
2025-08-30,1,FHL,Stjarnan,2,0,72,0.018
2025-08-30,1,FHL,Stjarnan,2,1,148,0.037
2025-08-30,1,FHL,Stjarnan,2,2,155,0.03875
2025-08-30,1,FHL,Stjarnan,2,3,152,0.038
2025-08-30,1,FHL,Stjarnan,2,4,65,0.01625
2025-08-30,1,FHL,Stjarnan,2,5,46,0.0115
2025-08-30,1,FHL,Stjarnan,2,6,11,0.00275
2025-08-30,1,FHL,Stjarnan,2,7,11,0.00275
2025-08-30,1,FHL,Stjarnan,2,8,7,0.00175
2025-08-30,1,FHL,Stjarnan,2,9,1,2.5e-4
2025-08-30,1,FHL,Stjarnan,3,0,24,0.006
2025-08-30,1,FHL,Stjarnan,3,1,43,0.01075
2025-08-30,1,FHL,Stjarnan,3,2,42,0.0105
2025-08-30,1,FHL,Stjarnan,3,3,49,0.01225
2025-08-30,1,FHL,Stjarnan,3,4,27,0.00675
2025-08-30,1,FHL,Stjarnan,3,5,18,0.0045
2025-08-30,1,FHL,Stjarnan,3,6,7,0.00175
2025-08-30,1,FHL,Stjarnan,3,7,4,0.001
2025-08-30,1,FHL,Stjarnan,3,9,2,5e-4
2025-08-30,1,FHL,Stjarnan,4,0,5,0.00125
2025-08-30,1,FHL,Stjarnan,4,1,9,0.00225
2025-08-30,1,FHL,Stjarnan,4,2,12,0.003
2025-08-30,1,FHL,Stjarnan,4,3,14,0.0035
2025-08-30,1,FHL,Stjarnan,4,4,11,0.00275
2025-08-30,1,FHL,Stjarnan,4,5,3,7.5e-4
2025-08-30,1,FHL,Stjarnan,4,8,1,2.5e-4
2025-08-30,1,FHL,Stjarnan,5,0,2,5e-4
2025-08-30,1,FHL,Stjarnan,5,1,1,2.5e-4
2025-08-30,1,FHL,Stjarnan,5,2,3,7.5e-4
2025-08-30,1,FHL,Stjarnan,5,3,2,5e-4
2025-08-30,1,FHL,Stjarnan,5,4,3,7.5e-4
2025-08-30,1,FHL,Stjarnan,5,5,2,5e-4
2025-08-30,1,FHL,Stjarnan,5,6,1,2.5e-4
2025-08-30,1,FHL,Stjarnan,6,1,1,2.5e-4
2025-08-30,1,FHL,Stjarnan,6,3,1,2.5e-4
2025-08-30,1,FHL,Stjarnan,6,4,2,5e-4
2025-08-30,1,FHL,Stjarnan,6,6,2,5e-4
2025-08-30,1,FHL,Stjarnan,7,2,1,2.5e-4
2025-08-30,1,Þór/KA,Fram,0,0,153,0.03825
2025-08-30,1,Þór/KA,Fram,0,1,115,0.02875
2025-08-30,1,Þór/KA,Fram,0,2,67,0.01675
2025-08-30,1,Þór/KA,Fram,0,3,20,0.005
2025-08-30,1,Þór/KA,Fram,0,4,5,0.00125
2025-08-30,1,Þór/KA,Fram,0,5,2,5e-4
2025-08-30,1,Þór/KA,Fram,0,6,2,5e-4
2025-08-30,1,Þór/KA,Fram,1,0,317,0.07925
2025-08-30,1,Þór/KA,Fram,1,1,263,0.06575
2025-08-30,1,Þór/KA,Fram,1,2,135,0.03375
2025-08-30,1,Þór/KA,Fram,1,3,43,0.01075
2025-08-30,1,Þór/KA,Fram,1,4,19,0.00475
2025-08-30,1,Þór/KA,Fram,1,5,4,0.001
2025-08-30,1,Þór/KA,Fram,2,0,328,0.082
2025-08-30,1,Þór/KA,Fram,2,1,297,0.07425
2025-08-30,1,Þór/KA,Fram,2,2,160,0.04
2025-08-30,1,Þór/KA,Fram,2,3,51,0.01275
2025-08-30,1,Þór/KA,Fram,2,4,14,0.0035
2025-08-30,1,Þór/KA,Fram,2,5,8,0.002
2025-08-30,1,Þór/KA,Fram,2,6,2,5e-4
2025-08-30,1,Þór/KA,Fram,2,7,1,2.5e-4
2025-08-30,1,Þór/KA,Fram,3,0,318,0.0795
2025-08-30,1,Þór/KA,Fram,3,1,263,0.06575
2025-08-30,1,Þór/KA,Fram,3,2,128,0.032
2025-08-30,1,Þór/KA,Fram,3,3,46,0.0115
2025-08-30,1,Þór/KA,Fram,3,4,22,0.0055
2025-08-30,1,Þór/KA,Fram,3,5,6,0.0015
2025-08-30,1,Þór/KA,Fram,3,6,2,5e-4
2025-08-30,1,Þór/KA,Fram,3,8,1,2.5e-4
2025-08-30,1,Þór/KA,Fram,4,0,227,0.05675
2025-08-30,1,Þór/KA,Fram,4,1,175,0.04375
2025-08-30,1,Þór/KA,Fram,4,2,90,0.0225
2025-08-30,1,Þór/KA,Fram,4,3,34,0.0085
2025-08-30,1,Þór/KA,Fram,4,4,9,0.00225
2025-08-30,1,Þór/KA,Fram,4,5,2,5e-4
2025-08-30,1,Þór/KA,Fram,4,6,1,2.5e-4
2025-08-30,1,Þór/KA,Fram,5,0,145,0.03625
2025-08-30,1,Þór/KA,Fram,5,1,110,0.0275
2025-08-30,1,Þór/KA,Fram,5,2,58,0.0145
2025-08-30,1,Þór/KA,Fram,5,3,12,0.003
2025-08-30,1,Þór/KA,Fram,5,4,6,0.0015
2025-08-30,1,Þór/KA,Fram,6,0,79,0.01975
2025-08-30,1,Þór/KA,Fram,6,1,57,0.01425
2025-08-30,1,Þór/KA,Fram,6,2,24,0.006
2025-08-30,1,Þór/KA,Fram,6,3,13,0.00325
2025-08-30,1,Þór/KA,Fram,6,4,8,0.002
2025-08-30,1,Þór/KA,Fram,7,0,30,0.0075
2025-08-30,1,Þór/KA,Fram,7,1,32,0.008
2025-08-30,1,Þór/KA,Fram,7,2,15,0.00375
2025-08-30,1,Þór/KA,Fram,7,3,10,0.0025
2025-08-30,1,Þór/KA,Fram,7,7,1,2.5e-4
2025-08-30,1,Þór/KA,Fram,8,0,21,0.00525
2025-08-30,1,Þór/KA,Fram,8,1,11,0.00275
2025-08-30,1,Þór/KA,Fram,8,2,9,0.00225
2025-08-30,1,Þór/KA,Fram,8,3,1,2.5e-4
2025-08-30,1,Þór/KA,Fram,9,0,4,0.001
2025-08-30,1,Þór/KA,Fram,9,1,4,0.001
2025-08-30,1,Þór/KA,Fram,9,2,3,7.5e-4
2025-08-30,1,Þór/KA,Fram,10,0,4,0.001
2025-08-30,1,Þór/KA,Fram,10,1,4,0.001
2025-08-30,1,Þór/KA,Fram,10,2,1,2.5e-4
2025-08-30,1,Þór/KA,Fram,11,0,3,7.5e-4
2025-08-30,1,Þór/KA,Fram,11,1,2,5e-4
2025-08-30,1,Þór/KA,Fram,11,2,1,2.5e-4
2025-08-30,1,Þór/KA,Fram,12,1,2,5e-4
2025-09-04,1,Breiðablik,FH,0,0,103,0.02575
2025-09-04,1,Breiðablik,FH,0,1,62,0.0155
2025-09-04,1,Breiðablik,FH,0,2,21,0.00525
2025-09-04,1,Breiðablik,FH,0,3,7,0.00175
2025-09-04,1,Breiðablik,FH,1,0,222,0.0555
2025-09-04,1,Breiðablik,FH,1,1,192,0.048
2025-09-04,1,Breiðablik,FH,1,2,66,0.0165
2025-09-04,1,Breiðablik,FH,1,3,22,0.0055
2025-09-04,1,Breiðablik,FH,1,4,4,0.001
2025-09-04,1,Breiðablik,FH,2,0,324,0.081
2025-09-04,1,Breiðablik,FH,2,1,237,0.05925
2025-09-04,1,Breiðablik,FH,2,2,104,0.026
2025-09-04,1,Breiðablik,FH,2,3,39,0.00975
2025-09-04,1,Breiðablik,FH,2,4,6,0.0015
2025-09-04,1,Breiðablik,FH,3,0,316,0.079
2025-09-04,1,Breiðablik,FH,3,1,252,0.063
2025-09-04,1,Breiðablik,FH,3,2,129,0.03225
2025-09-04,1,Breiðablik,FH,3,3,29,0.00725
2025-09-04,1,Breiðablik,FH,3,4,14,0.0035
2025-09-04,1,Breiðablik,FH,3,5,3,7.5e-4
2025-09-04,1,Breiðablik,FH,4,0,288,0.072
2025-09-04,1,Breiðablik,FH,4,1,221,0.05525
2025-09-04,1,Breiðablik,FH,4,2,75,0.01875
2025-09-04,1,Breiðablik,FH,4,3,35,0.00875
2025-09-04,1,Breiðablik,FH,4,4,5,0.00125
2025-09-04,1,Breiðablik,FH,4,5,1,2.5e-4
2025-09-04,1,Breiðablik,FH,5,0,221,0.05525
2025-09-04,1,Breiðablik,FH,5,1,165,0.04125
2025-09-04,1,Breiðablik,FH,5,2,61,0.01525
2025-09-04,1,Breiðablik,FH,5,3,22,0.0055
2025-09-04,1,Breiðablik,FH,5,4,13,0.00325
2025-09-04,1,Breiðablik,FH,5,5,1,2.5e-4
2025-09-04,1,Breiðablik,FH,6,0,159,0.03975
2025-09-04,1,Breiðablik,FH,6,1,90,0.0225
2025-09-04,1,Breiðablik,FH,6,2,43,0.01075
2025-09-04,1,Breiðablik,FH,6,3,10,0.0025
2025-09-04,1,Breiðablik,FH,6,4,5,0.00125
2025-09-04,1,Breiðablik,FH,6,5,3,7.5e-4
2025-09-04,1,Breiðablik,FH,7,0,91,0.02275
2025-09-04,1,Breiðablik,FH,7,1,65,0.01625
2025-09-04,1,Breiðablik,FH,7,2,25,0.00625
2025-09-04,1,Breiðablik,FH,7,3,9,0.00225
2025-09-04,1,Breiðablik,FH,7,4,1,2.5e-4
2025-09-04,1,Breiðablik,FH,7,5,1,2.5e-4
2025-09-04,1,Breiðablik,FH,7,6,1,2.5e-4
2025-09-04,1,Breiðablik,FH,8,0,54,0.0135
2025-09-04,1,Breiðablik,FH,8,1,32,0.008
2025-09-04,1,Breiðablik,FH,8,2,13,0.00325
2025-09-04,1,Breiðablik,FH,8,3,4,0.001
2025-09-04,1,Breiðablik,FH,9,0,26,0.0065
2025-09-04,1,Breiðablik,FH,9,1,23,0.00575
2025-09-04,1,Breiðablik,FH,9,2,9,0.00225
2025-09-04,1,Breiðablik,FH,9,3,3,7.5e-4
2025-09-04,1,Breiðablik,FH,9,4,2,5e-4
2025-09-04,1,Breiðablik,FH,9,5,1,2.5e-4
2025-09-04,1,Breiðablik,FH,10,0,18,0.0045
2025-09-04,1,Breiðablik,FH,10,1,6,0.0015
2025-09-04,1,Breiðablik,FH,10,2,10,0.0025
2025-09-04,1,Breiðablik,FH,10,3,1,2.5e-4
2025-09-04,1,Breiðablik,FH,11,0,16,0.004
2025-09-04,1,Breiðablik,FH,11,1,6,0.0015
2025-09-04,1,Breiðablik,FH,11,3,1,2.5e-4
2025-09-04,1,Breiðablik,FH,11,5,1,2.5e-4
2025-09-04,1,Breiðablik,FH,12,0,3,7.5e-4
2025-09-04,1,Breiðablik,FH,12,1,1,2.5e-4
2025-09-04,1,Breiðablik,FH,13,0,3,7.5e-4
2025-09-04,1,Breiðablik,FH,13,2,1,2.5e-4
2025-09-04,1,Breiðablik,FH,14,0,1,2.5e-4
2025-09-04,1,Breiðablik,FH,14,1,1,2.5e-4
2025-09-04,1,Breiðablik,FH,15,0,1,2.5e-4
2025-09-04,1,Tindastóll,Fram,0,0,228,0.057
2025-09-04,1,Tindastóll,Fram,0,1,186,0.0465
2025-09-04,1,Tindastóll,Fram,0,2,132,0.033
2025-09-04,1,Tindastóll,Fram,0,3,70,0.0175
2025-09-04,1,Tindastóll,Fram,0,4,35,0.00875
2025-09-04,1,Tindastóll,Fram,0,5,7,0.00175
2025-09-04,1,Tindastóll,Fram,0,6,8,0.002
2025-09-04,1,Tindastóll,Fram,0,7,1,2.5e-4
2025-09-04,1,Tindastóll,Fram,0,8,1,2.5e-4
2025-09-04,1,Tindastóll,Fram,1,0,288,0.072
2025-09-04,1,Tindastóll,Fram,1,1,365,0.09125
2025-09-04,1,Tindastóll,Fram,1,2,214,0.0535
2025-09-04,1,Tindastóll,Fram,1,3,103,0.02575
2025-09-04,1,Tindastóll,Fram,1,4,43,0.01075
2025-09-04,1,Tindastóll,Fram,1,5,21,0.00525
2025-09-04,1,Tindastóll,Fram,1,6,7,0.00175
2025-09-04,1,Tindastóll,Fram,1,7,1,2.5e-4
2025-09-04,1,Tindastóll,Fram,2,0,263,0.06575
2025-09-04,1,Tindastóll,Fram,2,1,317,0.07925
2025-09-04,1,Tindastóll,Fram,2,2,221,0.05525
2025-09-04,1,Tindastóll,Fram,2,3,101,0.02525
2025-09-04,1,Tindastóll,Fram,2,4,52,0.013
2025-09-04,1,Tindastóll,Fram,2,5,13,0.00325
2025-09-04,1,Tindastóll,Fram,2,6,8,0.002
2025-09-04,1,Tindastóll,Fram,2,7,2,5e-4
2025-09-04,1,Tindastóll,Fram,2,8,1,2.5e-4
2025-09-04,1,Tindastóll,Fram,3,0,175,0.04375
2025-09-04,1,Tindastóll,Fram,3,1,204,0.051
2025-09-04,1,Tindastóll,Fram,3,2,123,0.03075
2025-09-04,1,Tindastóll,Fram,3,3,81,0.02025
2025-09-04,1,Tindastóll,Fram,3,4,38,0.0095
2025-09-04,1,Tindastóll,Fram,3,5,17,0.00425
2025-09-04,1,Tindastóll,Fram,3,6,7,0.00175
2025-09-04,1,Tindastóll,Fram,3,7,1,2.5e-4
2025-09-04,1,Tindastóll,Fram,4,0,75,0.01875
2025-09-04,1,Tindastóll,Fram,4,1,138,0.0345
2025-09-04,1,Tindastóll,Fram,4,2,86,0.0215
2025-09-04,1,Tindastóll,Fram,4,3,54,0.0135
2025-09-04,1,Tindastóll,Fram,4,4,16,0.004
2025-09-04,1,Tindastóll,Fram,4,5,6,0.0015
2025-09-04,1,Tindastóll,Fram,4,6,2,5e-4
2025-09-04,1,Tindastóll,Fram,4,7,1,2.5e-4
2025-09-04,1,Tindastóll,Fram,5,0,30,0.0075
2025-09-04,1,Tindastóll,Fram,5,1,46,0.0115
2025-09-04,1,Tindastóll,Fram,5,2,46,0.0115
2025-09-04,1,Tindastóll,Fram,5,3,24,0.006
2025-09-04,1,Tindastóll,Fram,5,4,5,0.00125
2025-09-04,1,Tindastóll,Fram,5,5,10,0.0025
2025-09-04,1,Tindastóll,Fram,5,6,1,2.5e-4
2025-09-04,1,Tindastóll,Fram,5,11,1,2.5e-4
2025-09-04,1,Tindastóll,Fram,6,0,17,0.00425
2025-09-04,1,Tindastóll,Fram,6,1,20,0.005
2025-09-04,1,Tindastóll,Fram,6,2,19,0.00475
2025-09-04,1,Tindastóll,Fram,6,3,12,0.003
2025-09-04,1,Tindastóll,Fram,6,4,8,0.002
2025-09-04,1,Tindastóll,Fram,6,5,2,5e-4
2025-09-04,1,Tindastóll,Fram,6,6,1,2.5e-4
2025-09-04,1,Tindastóll,Fram,6,7,1,2.5e-4
2025-09-04,1,Tindastóll,Fram,7,0,9,0.00225
2025-09-04,1,Tindastóll,Fram,7,1,14,0.0035
2025-09-04,1,Tindastóll,Fram,7,2,5,0.00125
2025-09-04,1,Tindastóll,Fram,7,3,3,7.5e-4
2025-09-04,1,Tindastóll,Fram,7,4,1,2.5e-4
2025-09-04,1,Tindastóll,Fram,8,0,2,5e-4
2025-09-04,1,Tindastóll,Fram,8,1,5,0.00125
2025-09-04,1,Tindastóll,Fram,8,2,1,2.5e-4
2025-09-04,1,Tindastóll,Fram,9,0,1,2.5e-4
2025-09-04,1,Tindastóll,Fram,9,1,1,2.5e-4
2025-09-04,1,Tindastóll,Fram,9,2,2,5e-4
2025-09-04,1,Tindastóll,Fram,11,2,1,2.5e-4
2025-09-04,1,Víkingur R.,Valur,0,0,303,0.07575
2025-09-04,1,Víkingur R.,Valur,0,1,425,0.10625
2025-09-04,1,Víkingur R.,Valur,0,2,367,0.09175
2025-09-04,1,Víkingur R.,Valur,0,3,192,0.048
2025-09-04,1,Víkingur R.,Valur,0,4,96,0.024
2025-09-04,1,Víkingur R.,Valur,0,5,24,0.006
2025-09-04,1,Víkingur R.,Valur,0,6,11,0.00275
2025-09-04,1,Víkingur R.,Valur,0,7,2,5e-4
2025-09-04,1,Víkingur R.,Valur,0,10,1,2.5e-4
2025-09-04,1,Víkingur R.,Valur,0,12,1,2.5e-4
2025-09-04,1,Víkingur R.,Valur,1,0,285,0.07125
2025-09-04,1,Víkingur R.,Valur,1,1,417,0.10425
2025-09-04,1,Víkingur R.,Valur,1,2,372,0.093
2025-09-04,1,Víkingur R.,Valur,1,3,169,0.04225
2025-09-04,1,Víkingur R.,Valur,1,4,78,0.0195
2025-09-04,1,Víkingur R.,Valur,1,5,26,0.0065
2025-09-04,1,Víkingur R.,Valur,1,6,19,0.00475
2025-09-04,1,Víkingur R.,Valur,1,7,6,0.0015
2025-09-04,1,Víkingur R.,Valur,1,8,4,0.001
2025-09-04,1,Víkingur R.,Valur,1,9,1,2.5e-4
2025-09-04,1,Víkingur R.,Valur,2,0,145,0.03625
2025-09-04,1,Víkingur R.,Valur,2,1,222,0.0555
2025-09-04,1,Víkingur R.,Valur,2,2,183,0.04575
2025-09-04,1,Víkingur R.,Valur,2,3,114,0.0285
2025-09-04,1,Víkingur R.,Valur,2,4,36,0.009
2025-09-04,1,Víkingur R.,Valur,2,5,20,0.005
2025-09-04,1,Víkingur R.,Valur,2,6,10,0.0025
2025-09-04,1,Víkingur R.,Valur,2,7,2,5e-4
2025-09-04,1,Víkingur R.,Valur,2,8,2,5e-4
2025-09-04,1,Víkingur R.,Valur,3,0,50,0.0125
2025-09-04,1,Víkingur R.,Valur,3,1,101,0.02525
2025-09-04,1,Víkingur R.,Valur,3,2,72,0.018
2025-09-04,1,Víkingur R.,Valur,3,3,46,0.0115
2025-09-04,1,Víkingur R.,Valur,3,4,32,0.008
2025-09-04,1,Víkingur R.,Valur,3,5,12,0.003
2025-09-04,1,Víkingur R.,Valur,3,6,4,0.001
2025-09-04,1,Víkingur R.,Valur,3,7,2,5e-4
2025-09-04,1,Víkingur R.,Valur,4,0,16,0.004
2025-09-04,1,Víkingur R.,Valur,4,1,39,0.00975
2025-09-04,1,Víkingur R.,Valur,4,2,24,0.006
2025-09-04,1,Víkingur R.,Valur,4,3,9,0.00225
2025-09-04,1,Víkingur R.,Valur,4,4,11,0.00275
2025-09-04,1,Víkingur R.,Valur,4,5,5,0.00125
2025-09-04,1,Víkingur R.,Valur,5,0,7,0.00175
2025-09-04,1,Víkingur R.,Valur,5,1,12,0.003
2025-09-04,1,Víkingur R.,Valur,5,2,5,0.00125
2025-09-04,1,Víkingur R.,Valur,5,3,5,0.00125
2025-09-04,1,Víkingur R.,Valur,5,4,2,5e-4
2025-09-04,1,Víkingur R.,Valur,5,5,1,2.5e-4
2025-09-04,1,Víkingur R.,Valur,6,0,4,0.001
2025-09-04,1,Víkingur R.,Valur,6,1,3,7.5e-4
2025-09-04,1,Víkingur R.,Valur,6,2,2,5e-4
2025-09-04,1,Víkingur R.,Valur,7,0,1,2.5e-4
2025-09-04,1,Víkingur R.,Valur,7,1,2,5e-4
2025-09-06,1,Stjarnan,Þór/KA,0,0,292,0.073
2025-09-06,1,Stjarnan,Þór/KA,0,1,317,0.07925
2025-09-06,1,Stjarnan,Þór/KA,0,2,229,0.05725
2025-09-06,1,Stjarnan,Þór/KA,0,3,102,0.0255
2025-09-06,1,Stjarnan,Þór/KA,0,4,36,0.009
2025-09-06,1,Stjarnan,Þór/KA,0,5,19,0.00475
2025-09-06,1,Stjarnan,Þór/KA,0,6,6,0.0015
2025-09-06,1,Stjarnan,Þór/KA,0,7,4,0.001
2025-09-06,1,Stjarnan,Þór/KA,1,0,340,0.085
2025-09-06,1,Stjarnan,Þór/KA,1,1,414,0.1035
2025-09-06,1,Stjarnan,Þór/KA,1,2,279,0.06975
2025-09-06,1,Stjarnan,Þór/KA,1,3,138,0.0345
2025-09-06,1,Stjarnan,Þór/KA,1,4,65,0.01625
2025-09-06,1,Stjarnan,Þór/KA,1,5,23,0.00575
2025-09-06,1,Stjarnan,Þór/KA,1,6,8,0.002
2025-09-06,1,Stjarnan,Þór/KA,1,8,2,5e-4
2025-09-06,1,Stjarnan,Þór/KA,2,0,216,0.054
2025-09-06,1,Stjarnan,Þór/KA,2,1,263,0.06575
2025-09-06,1,Stjarnan,Þór/KA,2,2,228,0.057
2025-09-06,1,Stjarnan,Þór/KA,2,3,120,0.03
2025-09-06,1,Stjarnan,Þór/KA,2,4,41,0.01025
2025-09-06,1,Stjarnan,Þór/KA,2,5,16,0.004
2025-09-06,1,Stjarnan,Þór/KA,2,6,4,0.001
2025-09-06,1,Stjarnan,Þór/KA,2,7,1,2.5e-4
2025-09-06,1,Stjarnan,Þór/KA,3,0,111,0.02775
2025-09-06,1,Stjarnan,Þór/KA,3,1,132,0.033
2025-09-06,1,Stjarnan,Þór/KA,3,2,121,0.03025
2025-09-06,1,Stjarnan,Þór/KA,3,3,72,0.018
2025-09-06,1,Stjarnan,Þór/KA,3,4,23,0.00575
2025-09-06,1,Stjarnan,Þór/KA,3,5,10,0.0025
2025-09-06,1,Stjarnan,Þór/KA,3,6,3,7.5e-4
2025-09-06,1,Stjarnan,Þór/KA,3,7,1,2.5e-4
2025-09-06,1,Stjarnan,Þór/KA,3,8,1,2.5e-4
2025-09-06,1,Stjarnan,Þór/KA,4,0,40,0.01
2025-09-06,1,Stjarnan,Þór/KA,4,1,85,0.02125
2025-09-06,1,Stjarnan,Þór/KA,4,2,44,0.011
2025-09-06,1,Stjarnan,Þór/KA,4,3,32,0.008
2025-09-06,1,Stjarnan,Þór/KA,4,4,12,0.003
2025-09-06,1,Stjarnan,Þór/KA,4,5,4,0.001
2025-09-06,1,Stjarnan,Þór/KA,4,6,3,7.5e-4
2025-09-06,1,Stjarnan,Þór/KA,4,8,1,2.5e-4
2025-09-06,1,Stjarnan,Þór/KA,5,0,22,0.0055
2025-09-06,1,Stjarnan,Þór/KA,5,1,23,0.00575
2025-09-06,1,Stjarnan,Þór/KA,5,2,28,0.007
2025-09-06,1,Stjarnan,Þór/KA,5,3,15,0.00375
2025-09-06,1,Stjarnan,Þór/KA,5,4,3,7.5e-4
2025-09-06,1,Stjarnan,Þór/KA,5,5,2,5e-4
2025-09-06,1,Stjarnan,Þór/KA,6,0,7,0.00175
2025-09-06,1,Stjarnan,Þór/KA,6,1,16,0.004
2025-09-06,1,Stjarnan,Þór/KA,6,2,4,0.001
2025-09-06,1,Stjarnan,Þór/KA,6,3,8,0.002
2025-09-06,1,Stjarnan,Þór/KA,6,4,1,2.5e-4
2025-09-06,1,Stjarnan,Þór/KA,6,5,1,2.5e-4
2025-09-06,1,Stjarnan,Þór/KA,7,0,1,2.5e-4
2025-09-06,1,Stjarnan,Þór/KA,7,1,4,0.001
2025-09-06,1,Stjarnan,Þór/KA,7,2,3,7.5e-4
2025-09-06,1,Stjarnan,Þór/KA,7,6,1,2.5e-4
2025-09-06,1,Stjarnan,Þór/KA,8,1,3,7.5e-4
2025-09-07,1,Þróttur R.,FHL,0,0,61,0.01525
2025-09-07,1,Þróttur R.,FHL,0,1,13,0.00325
2025-09-07,1,Þróttur R.,FHL,0,2,5,0.00125
2025-09-07,1,Þróttur R.,FHL,1,0,168,0.042
2025-09-07,1,Þróttur R.,FHL,1,1,61,0.01525
2025-09-07,1,Þróttur R.,FHL,1,2,14,0.0035
2025-09-07,1,Þróttur R.,FHL,1,3,5,0.00125
2025-09-07,1,Þróttur R.,FHL,1,4,1,2.5e-4
2025-09-07,1,Þróttur R.,FHL,2,0,355,0.08875
2025-09-07,1,Þróttur R.,FHL,2,1,99,0.02475
2025-09-07,1,Þróttur R.,FHL,2,2,20,0.005
2025-09-07,1,Þróttur R.,FHL,2,3,3,7.5e-4
2025-09-07,1,Þróttur R.,FHL,3,0,412,0.103
2025-09-07,1,Þróttur R.,FHL,3,1,138,0.0345
2025-09-07,1,Þróttur R.,FHL,3,2,31,0.00775
2025-09-07,1,Þróttur R.,FHL,3,3,3,7.5e-4
2025-09-07,1,Þróttur R.,FHL,3,4,1,2.5e-4
2025-09-07,1,Þróttur R.,FHL,4,0,453,0.11325
2025-09-07,1,Þróttur R.,FHL,4,1,139,0.03475
2025-09-07,1,Þróttur R.,FHL,4,2,32,0.008
2025-09-07,1,Þróttur R.,FHL,4,3,4,0.001
2025-09-07,1,Þróttur R.,FHL,4,4,1,2.5e-4
2025-09-07,1,Þróttur R.,FHL,5,0,396,0.099
2025-09-07,1,Þróttur R.,FHL,5,1,142,0.0355
2025-09-07,1,Þróttur R.,FHL,5,2,33,0.00825
2025-09-07,1,Þróttur R.,FHL,5,3,5,0.00125
2025-09-07,1,Þróttur R.,FHL,6,0,328,0.082
2025-09-07,1,Þróttur R.,FHL,6,1,124,0.031
2025-09-07,1,Þróttur R.,FHL,6,2,19,0.00475
2025-09-07,1,Þróttur R.,FHL,6,3,5,0.00125
2025-09-07,1,Þróttur R.,FHL,6,4,1,2.5e-4
2025-09-07,1,Þróttur R.,FHL,7,0,239,0.05975
2025-09-07,1,Þróttur R.,FHL,7,1,84,0.021
2025-09-07,1,Þróttur R.,FHL,7,2,13,0.00325
2025-09-07,1,Þróttur R.,FHL,7,3,2,5e-4
2025-09-07,1,Þróttur R.,FHL,7,4,1,2.5e-4
2025-09-07,1,Þróttur R.,FHL,8,0,155,0.03875
2025-09-07,1,Þróttur R.,FHL,8,1,56,0.014
2025-09-07,1,Þróttur R.,FHL,8,2,12,0.003
2025-09-07,1,Þróttur R.,FHL,8,3,2,5e-4
2025-09-07,1,Þróttur R.,FHL,9,0,97,0.02425
2025-09-07,1,Þróttur R.,FHL,9,1,40,0.01
2025-09-07,1,Þróttur R.,FHL,9,2,11,0.00275
2025-09-07,1,Þróttur R.,FHL,9,3,1,2.5e-4
2025-09-07,1,Þróttur R.,FHL,9,4,1,2.5e-4
2025-09-07,1,Þróttur R.,FHL,10,0,51,0.01275
2025-09-07,1,Þróttur R.,FHL,10,1,21,0.00525
2025-09-07,1,Þróttur R.,FHL,10,2,8,0.002
2025-09-07,1,Þróttur R.,FHL,11,0,43,0.01075
2025-09-07,1,Þróttur R.,FHL,11,1,12,0.003
2025-09-07,1,Þróttur R.,FHL,11,2,2,5e-4
2025-09-07,1,Þróttur R.,FHL,11,3,1,2.5e-4
2025-09-07,1,Þróttur R.,FHL,12,0,26,0.0065
2025-09-07,1,Þróttur R.,FHL,12,1,7,0.00175
2025-09-07,1,Þróttur R.,FHL,12,2,2,5e-4
2025-09-07,1,Þróttur R.,FHL,13,0,16,0.004
2025-09-07,1,Þróttur R.,FHL,13,1,4,0.001
2025-09-07,1,Þróttur R.,FHL,14,0,8,0.002
2025-09-07,1,Þróttur R.,FHL,14,1,3,7.5e-4
2025-09-07,1,Þróttur R.,FHL,14,3,1,2.5e-4
2025-09-07,1,Þróttur R.,FHL,15,0,1,2.5e-4
2025-09-07,1,Þróttur R.,FHL,15,1,2,5e-4
2025-09-07,1,Þróttur R.,FHL,15,2,2,5e-4
2025-09-07,1,Þróttur R.,FHL,15,3,1,2.5e-4
2025-09-07,1,Þróttur R.,FHL,16,0,1,2.5e-4
2025-09-07,1,Þróttur R.,FHL,16,1,2,5e-4
2025-09-12,1,FH,Víkingur R.,0,0,142,0.0355
2025-09-12,1,FH,Víkingur R.,0,1,151,0.03775
2025-09-12,1,FH,Víkingur R.,0,2,85,0.02125
2025-09-12,1,FH,Víkingur R.,0,3,29,0.00725
2025-09-12,1,FH,Víkingur R.,0,4,2,5e-4
2025-09-12,1,FH,Víkingur R.,0,5,1,2.5e-4
2025-09-12,1,FH,Víkingur R.,0,6,3,7.5e-4
2025-09-12,1,FH,Víkingur R.,1,0,291,0.07275
2025-09-12,1,FH,Víkingur R.,1,1,309,0.07725
2025-09-12,1,FH,Víkingur R.,1,2,128,0.032
2025-09-12,1,FH,Víkingur R.,1,3,53,0.01325
2025-09-12,1,FH,Víkingur R.,1,4,11,0.00275
2025-09-12,1,FH,Víkingur R.,1,5,3,7.5e-4
2025-09-12,1,FH,Víkingur R.,1,6,1,2.5e-4
2025-09-12,1,FH,Víkingur R.,2,0,332,0.083
2025-09-12,1,FH,Víkingur R.,2,1,321,0.08025
2025-09-12,1,FH,Víkingur R.,2,2,205,0.05125
2025-09-12,1,FH,Víkingur R.,2,3,72,0.018
2025-09-12,1,FH,Víkingur R.,2,4,16,0.004
2025-09-12,1,FH,Víkingur R.,2,5,9,0.00225
2025-09-12,1,FH,Víkingur R.,2,6,2,5e-4
2025-09-12,1,FH,Víkingur R.,2,7,2,5e-4
2025-09-12,1,FH,Víkingur R.,2,8,1,2.5e-4
2025-09-12,1,FH,Víkingur R.,3,0,261,0.06525
2025-09-12,1,FH,Víkingur R.,3,1,263,0.06575
2025-09-12,1,FH,Víkingur R.,3,2,155,0.03875
2025-09-12,1,FH,Víkingur R.,3,3,63,0.01575
2025-09-12,1,FH,Víkingur R.,3,4,25,0.00625
2025-09-12,1,FH,Víkingur R.,3,5,2,5e-4
2025-09-12,1,FH,Víkingur R.,3,6,3,7.5e-4
2025-09-12,1,FH,Víkingur R.,4,0,206,0.0515
2025-09-12,1,FH,Víkingur R.,4,1,171,0.04275
2025-09-12,1,FH,Víkingur R.,4,2,94,0.0235
2025-09-12,1,FH,Víkingur R.,4,3,34,0.0085
2025-09-12,1,FH,Víkingur R.,4,4,16,0.004
2025-09-12,1,FH,Víkingur R.,4,5,8,0.002
2025-09-12,1,FH,Víkingur R.,4,6,2,5e-4
2025-09-12,1,FH,Víkingur R.,5,0,92,0.023
2025-09-12,1,FH,Víkingur R.,5,1,80,0.02
2025-09-12,1,FH,Víkingur R.,5,2,56,0.014
2025-09-12,1,FH,Víkingur R.,5,3,21,0.00525
2025-09-12,1,FH,Víkingur R.,5,4,10,0.0025
2025-09-12,1,FH,Víkingur R.,5,5,4,0.001
2025-09-12,1,FH,Víkingur R.,5,6,1,2.5e-4
2025-09-12,1,FH,Víkingur R.,6,0,52,0.013
2025-09-12,1,FH,Víkingur R.,6,1,58,0.0145
2025-09-12,1,FH,Víkingur R.,6,2,22,0.0055
2025-09-12,1,FH,Víkingur R.,6,3,6,0.0015
2025-09-12,1,FH,Víkingur R.,6,4,4,0.001
2025-09-12,1,FH,Víkingur R.,6,5,2,5e-4
2025-09-12,1,FH,Víkingur R.,7,0,14,0.0035
2025-09-12,1,FH,Víkingur R.,7,1,31,0.00775
2025-09-12,1,FH,Víkingur R.,7,2,9,0.00225
2025-09-12,1,FH,Víkingur R.,7,3,7,0.00175
2025-09-12,1,FH,Víkingur R.,7,4,4,0.001
2025-09-12,1,FH,Víkingur R.,7,6,1,2.5e-4
2025-09-12,1,FH,Víkingur R.,8,0,16,0.004
2025-09-12,1,FH,Víkingur R.,8,1,14,0.0035
2025-09-12,1,FH,Víkingur R.,8,2,6,0.0015
2025-09-12,1,FH,Víkingur R.,8,3,5,0.00125
2025-09-12,1,FH,Víkingur R.,9,0,4,0.001
2025-09-12,1,FH,Víkingur R.,9,1,1,2.5e-4
2025-09-12,1,FH,Víkingur R.,9,2,3,7.5e-4
2025-09-12,1,FH,Víkingur R.,9,3,1,2.5e-4
2025-09-12,1,FH,Víkingur R.,10,0,1,2.5e-4
2025-09-12,1,FH,Víkingur R.,10,1,1,2.5e-4
2025-09-12,1,FH,Víkingur R.,11,2,1,2.5e-4
2025-09-12,1,FH,Víkingur R.,12,1,1,2.5e-4
2025-09-12,1,Stjarnan,Fram,0,0,258,0.0645
2025-09-12,1,Stjarnan,Fram,0,1,182,0.0455
2025-09-12,1,Stjarnan,Fram,0,2,89,0.02225
2025-09-12,1,Stjarnan,Fram,0,3,24,0.006
2025-09-12,1,Stjarnan,Fram,0,4,16,0.004
2025-09-12,1,Stjarnan,Fram,0,5,3,7.5e-4
2025-09-12,1,Stjarnan,Fram,0,6,3,7.5e-4
2025-09-12,1,Stjarnan,Fram,1,0,382,0.0955
2025-09-12,1,Stjarnan,Fram,1,1,349,0.08725
2025-09-12,1,Stjarnan,Fram,1,2,147,0.03675
2025-09-12,1,Stjarnan,Fram,1,3,67,0.01675
2025-09-12,1,Stjarnan,Fram,1,4,23,0.00575
2025-09-12,1,Stjarnan,Fram,1,5,4,0.001
2025-09-12,1,Stjarnan,Fram,1,6,1,2.5e-4
2025-09-12,1,Stjarnan,Fram,1,7,1,2.5e-4
2025-09-12,1,Stjarnan,Fram,2,0,397,0.09925
2025-09-12,1,Stjarnan,Fram,2,1,323,0.08075
2025-09-12,1,Stjarnan,Fram,2,2,159,0.03975
2025-09-12,1,Stjarnan,Fram,2,3,55,0.01375
2025-09-12,1,Stjarnan,Fram,2,4,29,0.00725
2025-09-12,1,Stjarnan,Fram,2,5,9,0.00225
2025-09-12,1,Stjarnan,Fram,2,6,2,5e-4
2025-09-12,1,Stjarnan,Fram,2,7,1,2.5e-4
2025-09-12,1,Stjarnan,Fram,3,0,280,0.07
2025-09-12,1,Stjarnan,Fram,3,1,242,0.0605
2025-09-12,1,Stjarnan,Fram,3,2,128,0.032
2025-09-12,1,Stjarnan,Fram,3,3,45,0.01125
2025-09-12,1,Stjarnan,Fram,3,4,13,0.00325
2025-09-12,1,Stjarnan,Fram,3,5,5,0.00125
2025-09-12,1,Stjarnan,Fram,4,0,147,0.03675
2025-09-12,1,Stjarnan,Fram,4,1,141,0.03525
2025-09-12,1,Stjarnan,Fram,4,2,64,0.016
2025-09-12,1,Stjarnan,Fram,4,3,21,0.00525
2025-09-12,1,Stjarnan,Fram,4,4,7,0.00175
2025-09-12,1,Stjarnan,Fram,4,5,2,5e-4
2025-09-12,1,Stjarnan,Fram,4,6,3,7.5e-4
2025-09-12,1,Stjarnan,Fram,5,0,70,0.0175
2025-09-12,1,Stjarnan,Fram,5,1,78,0.0195
2025-09-12,1,Stjarnan,Fram,5,2,43,0.01075
2025-09-12,1,Stjarnan,Fram,5,3,18,0.0045
2025-09-12,1,Stjarnan,Fram,5,4,2,5e-4
2025-09-12,1,Stjarnan,Fram,5,5,1,2.5e-4
2025-09-12,1,Stjarnan,Fram,6,0,35,0.00875
2025-09-12,1,Stjarnan,Fram,6,1,33,0.00825
2025-09-12,1,Stjarnan,Fram,6,2,19,0.00475
2025-09-12,1,Stjarnan,Fram,6,3,7,0.00175
2025-09-12,1,Stjarnan,Fram,6,4,2,5e-4
2025-09-12,1,Stjarnan,Fram,7,0,18,0.0045
2025-09-12,1,Stjarnan,Fram,7,1,10,0.0025
2025-09-12,1,Stjarnan,Fram,7,2,10,0.0025
2025-09-12,1,Stjarnan,Fram,7,3,1,2.5e-4
2025-09-12,1,Stjarnan,Fram,7,4,1,2.5e-4
2025-09-12,1,Stjarnan,Fram,8,0,5,0.00125
2025-09-12,1,Stjarnan,Fram,8,1,6,0.0015
2025-09-12,1,Stjarnan,Fram,8,2,4,0.001
2025-09-12,1,Stjarnan,Fram,9,0,3,7.5e-4
2025-09-12,1,Stjarnan,Fram,9,1,3,7.5e-4
2025-09-12,1,Stjarnan,Fram,9,2,4,0.001
2025-09-12,1,Stjarnan,Fram,9,3,2,5e-4
2025-09-12,1,Stjarnan,Fram,10,0,2,5e-4
2025-09-12,1,Stjarnan,Fram,13,1,1,2.5e-4
2025-09-12,1,Þór/KA,Þróttur R.,0,0,234,0.0585
2025-09-12,1,Þór/KA,Þróttur R.,0,1,335,0.08375
2025-09-12,1,Þór/KA,Þróttur R.,0,2,259,0.06475
2025-09-12,1,Þór/KA,Þróttur R.,0,3,164,0.041
2025-09-12,1,Þór/KA,Þróttur R.,0,4,99,0.02475
2025-09-12,1,Þór/KA,Þróttur R.,0,5,44,0.011
2025-09-12,1,Þór/KA,Þróttur R.,0,6,19,0.00475
2025-09-12,1,Þór/KA,Þróttur R.,0,7,9,0.00225
2025-09-12,1,Þór/KA,Þróttur R.,0,8,4,0.001
2025-09-12,1,Þór/KA,Þróttur R.,0,9,2,5e-4
2025-09-12,1,Þór/KA,Þróttur R.,1,0,240,0.06
2025-09-12,1,Þór/KA,Þróttur R.,1,1,415,0.10375
2025-09-12,1,Þór/KA,Þróttur R.,1,2,341,0.08525
2025-09-12,1,Þór/KA,Þróttur R.,1,3,222,0.0555
2025-09-12,1,Þór/KA,Þróttur R.,1,4,95,0.02375
2025-09-12,1,Þór/KA,Þróttur R.,1,5,59,0.01475
2025-09-12,1,Þór/KA,Þróttur R.,1,6,13,0.00325
2025-09-12,1,Þór/KA,Þróttur R.,1,7,8,0.002
2025-09-12,1,Þór/KA,Þróttur R.,1,9,2,5e-4
2025-09-12,1,Þór/KA,Þróttur R.,1,10,1,2.5e-4
2025-09-12,1,Þór/KA,Þróttur R.,1,11,1,2.5e-4
2025-09-12,1,Þór/KA,Þróttur R.,2,0,132,0.033
2025-09-12,1,Þór/KA,Þróttur R.,2,1,237,0.05925
2025-09-12,1,Þór/KA,Þróttur R.,2,2,217,0.05425
2025-09-12,1,Þór/KA,Þróttur R.,2,3,145,0.03625
2025-09-12,1,Þór/KA,Þróttur R.,2,4,73,0.01825
2025-09-12,1,Þór/KA,Þróttur R.,2,5,31,0.00775
2025-09-12,1,Þór/KA,Þróttur R.,2,6,9,0.00225
2025-09-12,1,Þór/KA,Þróttur R.,2,7,4,0.001
2025-09-12,1,Þór/KA,Þróttur R.,2,8,1,2.5e-4
2025-09-12,1,Þór/KA,Þróttur R.,3,0,47,0.01175
2025-09-12,1,Þór/KA,Þróttur R.,3,1,101,0.02525
2025-09-12,1,Þór/KA,Þróttur R.,3,2,104,0.026
2025-09-12,1,Þór/KA,Þróttur R.,3,3,51,0.01275
2025-09-12,1,Þór/KA,Þróttur R.,3,4,34,0.0085
2025-09-12,1,Þór/KA,Þróttur R.,3,5,17,0.00425
2025-09-12,1,Þór/KA,Þróttur R.,3,6,7,0.00175
2025-09-12,1,Þór/KA,Þróttur R.,3,7,2,5e-4
2025-09-12,1,Þór/KA,Þróttur R.,3,8,1,2.5e-4
2025-09-12,1,Þór/KA,Þróttur R.,3,10,1,2.5e-4
2025-09-12,1,Þór/KA,Þróttur R.,4,0,22,0.0055
2025-09-12,1,Þór/KA,Þróttur R.,4,1,41,0.01025
2025-09-12,1,Þór/KA,Þróttur R.,4,2,34,0.0085
2025-09-12,1,Þór/KA,Þróttur R.,4,3,28,0.007
2025-09-12,1,Þór/KA,Þróttur R.,4,4,14,0.0035
2025-09-12,1,Þór/KA,Þróttur R.,4,5,6,0.0015
2025-09-12,1,Þór/KA,Þróttur R.,4,6,1,2.5e-4
2025-09-12,1,Þór/KA,Þróttur R.,5,0,10,0.0025
2025-09-12,1,Þór/KA,Þróttur R.,5,1,14,0.0035
2025-09-12,1,Þór/KA,Þróttur R.,5,2,15,0.00375
2025-09-12,1,Þór/KA,Þróttur R.,5,3,10,0.0025
2025-09-12,1,Þór/KA,Þróttur R.,5,5,3,7.5e-4
2025-09-12,1,Þór/KA,Þróttur R.,5,6,1,2.5e-4
2025-09-12,1,Þór/KA,Þróttur R.,6,0,3,7.5e-4
2025-09-12,1,Þór/KA,Þróttur R.,6,1,4,0.001
2025-09-12,1,Þór/KA,Þróttur R.,6,2,2,5e-4
2025-09-12,1,Þór/KA,Þróttur R.,6,3,3,7.5e-4
2025-09-12,1,Þór/KA,Þróttur R.,6,9,1,2.5e-4
2025-09-12,1,Þór/KA,Þróttur R.,7,1,4,0.001
2025-09-12,1,Þór/KA,Þróttur R.,7,2,2,5e-4
2025-09-12,1,Þór/KA,Þróttur R.,7,3,1,2.5e-4
2025-09-12,1,Þór/KA,Þróttur R.,8,3,1,2.5e-4
2025-09-14,1,FHL,Breiðablik,0,0,18,0.0045
2025-09-14,1,FHL,Breiðablik,0,1,40,0.01
2025-09-14,1,FHL,Breiðablik,0,2,117,0.02925
2025-09-14,1,FHL,Breiðablik,0,3,206,0.0515
2025-09-14,1,FHL,Breiðablik,0,4,277,0.06925
2025-09-14,1,FHL,Breiðablik,0,5,324,0.081
2025-09-14,1,FHL,Breiðablik,0,6,340,0.085
2025-09-14,1,FHL,Breiðablik,0,7,307,0.07675
2025-09-14,1,FHL,Breiðablik,0,8,277,0.06925
2025-09-14,1,FHL,Breiðablik,0,9,212,0.053
2025-09-14,1,FHL,Breiðablik,0,10,166,0.0415
2025-09-14,1,FHL,Breiðablik,0,11,108,0.027
2025-09-14,1,FHL,Breiðablik,0,12,78,0.0195
2025-09-14,1,FHL,Breiðablik,0,13,61,0.01525
2025-09-14,1,FHL,Breiðablik,0,14,29,0.00725
2025-09-14,1,FHL,Breiðablik,0,15,24,0.006
2025-09-14,1,FHL,Breiðablik,0,16,11,0.00275
2025-09-14,1,FHL,Breiðablik,0,17,11,0.00275
2025-09-14,1,FHL,Breiðablik,0,18,4,0.001
2025-09-14,1,FHL,Breiðablik,0,19,1,2.5e-4
2025-09-14,1,FHL,Breiðablik,0,21,1,2.5e-4
2025-09-14,1,FHL,Breiðablik,0,23,1,2.5e-4
2025-09-14,1,FHL,Breiðablik,1,0,5,0.00125
2025-09-14,1,FHL,Breiðablik,1,1,19,0.00475
2025-09-14,1,FHL,Breiðablik,1,2,39,0.00975
2025-09-14,1,FHL,Breiðablik,1,3,87,0.02175
2025-09-14,1,FHL,Breiðablik,1,4,115,0.02875
2025-09-14,1,FHL,Breiðablik,1,5,141,0.03525
2025-09-14,1,FHL,Breiðablik,1,6,139,0.03475
2025-09-14,1,FHL,Breiðablik,1,7,110,0.0275
2025-09-14,1,FHL,Breiðablik,1,8,117,0.02925
2025-09-14,1,FHL,Breiðablik,1,9,81,0.02025
2025-09-14,1,FHL,Breiðablik,1,10,59,0.01475
2025-09-14,1,FHL,Breiðablik,1,11,40,0.01
2025-09-14,1,FHL,Breiðablik,1,12,40,0.01
2025-09-14,1,FHL,Breiðablik,1,13,19,0.00475
2025-09-14,1,FHL,Breiðablik,1,14,16,0.004
2025-09-14,1,FHL,Breiðablik,1,15,7,0.00175
2025-09-14,1,FHL,Breiðablik,1,16,5,0.00125
2025-09-14,1,FHL,Breiðablik,1,17,4,0.001
2025-09-14,1,FHL,Breiðablik,1,19,1,2.5e-4
2025-09-14,1,FHL,Breiðablik,2,0,2,5e-4
2025-09-14,1,FHL,Breiðablik,2,1,4,0.001
2025-09-14,1,FHL,Breiðablik,2,2,11,0.00275
2025-09-14,1,FHL,Breiðablik,2,3,26,0.0065
2025-09-14,1,FHL,Breiðablik,2,4,26,0.0065
2025-09-14,1,FHL,Breiðablik,2,5,42,0.0105
2025-09-14,1,FHL,Breiðablik,2,6,21,0.00525
2025-09-14,1,FHL,Breiðablik,2,7,39,0.00975
2025-09-14,1,FHL,Breiðablik,2,8,29,0.00725
2025-09-14,1,FHL,Breiðablik,2,9,18,0.0045
2025-09-14,1,FHL,Breiðablik,2,10,20,0.005
2025-09-14,1,FHL,Breiðablik,2,11,9,0.00225
2025-09-14,1,FHL,Breiðablik,2,12,9,0.00225
2025-09-14,1,FHL,Breiðablik,2,13,6,0.0015
2025-09-14,1,FHL,Breiðablik,2,14,3,7.5e-4
2025-09-14,1,FHL,Breiðablik,2,15,4,0.001
2025-09-14,1,FHL,Breiðablik,2,16,1,2.5e-4
2025-09-14,1,FHL,Breiðablik,2,17,2,5e-4
2025-09-14,1,FHL,Breiðablik,3,1,1,2.5e-4
2025-09-14,1,FHL,Breiðablik,3,2,2,5e-4
2025-09-14,1,FHL,Breiðablik,3,3,3,7.5e-4
2025-09-14,1,FHL,Breiðablik,3,4,8,0.002
2025-09-14,1,FHL,Breiðablik,3,5,7,0.00175
2025-09-14,1,FHL,Breiðablik,3,6,9,0.00225
2025-09-14,1,FHL,Breiðablik,3,7,7,0.00175
2025-09-14,1,FHL,Breiðablik,3,8,7,0.00175
2025-09-14,1,FHL,Breiðablik,3,9,8,0.002
2025-09-14,1,FHL,Breiðablik,3,10,5,0.00125
2025-09-14,1,FHL,Breiðablik,3,13,1,2.5e-4
2025-09-14,1,FHL,Breiðablik,3,18,1,2.5e-4
2025-09-14,1,FHL,Breiðablik,4,4,2,5e-4
2025-09-14,1,FHL,Breiðablik,4,5,3,7.5e-4
2025-09-14,1,FHL,Breiðablik,4,6,3,7.5e-4
2025-09-14,1,FHL,Breiðablik,4,10,2,5e-4
2025-09-14,1,FHL,Breiðablik,4,11,1,2.5e-4
2025-09-14,1,FHL,Breiðablik,4,12,1,2.5e-4
2025-09-14,1,Valur,Tindastóll,0,0,224,0.056
2025-09-14,1,Valur,Tindastóll,0,1,145,0.03625
2025-09-14,1,Valur,Tindastóll,0,2,60,0.015
2025-09-14,1,Valur,Tindastóll,0,3,8,0.002
2025-09-14,1,Valur,Tindastóll,0,4,3,7.5e-4
2025-09-14,1,Valur,Tindastóll,0,5,1,2.5e-4
2025-09-14,1,Valur,Tindastóll,1,0,460,0.115
2025-09-14,1,Valur,Tindastóll,1,1,303,0.07575
2025-09-14,1,Valur,Tindastóll,1,2,96,0.024
2025-09-14,1,Valur,Tindastóll,1,3,25,0.00625
2025-09-14,1,Valur,Tindastóll,1,4,1,2.5e-4
2025-09-14,1,Valur,Tindastóll,1,5,1,2.5e-4
2025-09-14,1,Valur,Tindastóll,2,0,477,0.11925
2025-09-14,1,Valur,Tindastóll,2,1,314,0.0785
2025-09-14,1,Valur,Tindastóll,2,2,115,0.02875
2025-09-14,1,Valur,Tindastóll,2,3,37,0.00925
2025-09-14,1,Valur,Tindastóll,2,4,13,0.00325
2025-09-14,1,Valur,Tindastóll,2,5,1,2.5e-4
2025-09-14,1,Valur,Tindastóll,3,0,367,0.09175
2025-09-14,1,Valur,Tindastóll,3,1,240,0.06
2025-09-14,1,Valur,Tindastóll,3,2,96,0.024
2025-09-14,1,Valur,Tindastóll,3,3,18,0.0045
2025-09-14,1,Valur,Tindastóll,3,4,5,0.00125
2025-09-14,1,Valur,Tindastóll,3,5,2,5e-4
2025-09-14,1,Valur,Tindastóll,4,0,228,0.057
2025-09-14,1,Valur,Tindastóll,4,1,148,0.037
2025-09-14,1,Valur,Tindastóll,4,2,56,0.014
2025-09-14,1,Valur,Tindastóll,4,3,17,0.00425
2025-09-14,1,Valur,Tindastóll,4,4,6,0.0015
2025-09-14,1,Valur,Tindastóll,4,6,1,2.5e-4
2025-09-14,1,Valur,Tindastóll,5,0,125,0.03125
2025-09-14,1,Valur,Tindastóll,5,1,91,0.02275
2025-09-14,1,Valur,Tindastóll,5,2,35,0.00875
2025-09-14,1,Valur,Tindastóll,5,3,11,0.00275
2025-09-14,1,Valur,Tindastóll,5,4,4,0.001
2025-09-14,1,Valur,Tindastóll,5,5,1,2.5e-4
2025-09-14,1,Valur,Tindastóll,6,0,72,0.018
2025-09-14,1,Valur,Tindastóll,6,1,50,0.0125
2025-09-14,1,Valur,Tindastóll,6,2,15,0.00375
2025-09-14,1,Valur,Tindastóll,6,3,4,0.001
2025-09-14,1,Valur,Tindastóll,6,4,1,2.5e-4
2025-09-14,1,Valur,Tindastóll,7,0,38,0.0095
2025-09-14,1,Valur,Tindastóll,7,1,28,0.007
2025-09-14,1,Valur,Tindastóll,7,2,10,0.0025
2025-09-14,1,Valur,Tindastóll,7,3,1,2.5e-4
2025-09-14,1,Valur,Tindastóll,7,4,1,2.5e-4
2025-09-14,1,Valur,Tindastóll,8,0,13,0.00325
2025-09-14,1,Valur,Tindastóll,8,1,9,0.00225
2025-09-14,1,Valur,Tindastóll,8,2,2,5e-4
2025-09-14,1,Valur,Tindastóll,8,4,1,2.5e-4
2025-09-14,1,Valur,Tindastóll,9,0,11,0.00275
2025-09-14,1,Valur,Tindastóll,9,1,2,5e-4
2025-09-14,1,Valur,Tindastóll,9,3,1,2.5e-4
2025-09-14,1,Valur,Tindastóll,10,0,3,7.5e-4
2025-09-14,1,Valur,Tindastóll,10,1,2,5e-4
2025-09-14,1,Valur,Tindastóll,12,1,1,2.5e-4
2025-09-20,1,Breiðablik,Þór/KA,0,0,77,0.01925
2025-09-20,1,Breiðablik,Þór/KA,0,1,42,0.0105
2025-09-20,1,Breiðablik,Þór/KA,0,2,16,0.004
2025-09-20,1,Breiðablik,Þór/KA,0,3,2,5e-4
2025-09-20,1,Breiðablik,Þór/KA,0,4,1,2.5e-4
2025-09-20,1,Breiðablik,Þór/KA,1,0,202,0.0505
2025-09-20,1,Breiðablik,Þór/KA,1,1,127,0.03175
2025-09-20,1,Breiðablik,Þór/KA,1,2,38,0.0095
2025-09-20,1,Breiðablik,Þór/KA,1,3,12,0.003
2025-09-20,1,Breiðablik,Þór/KA,1,4,4,0.001
2025-09-20,1,Breiðablik,Þór/KA,1,5,1,2.5e-4
2025-09-20,1,Breiðablik,Þór/KA,2,0,336,0.084
2025-09-20,1,Breiðablik,Þór/KA,2,1,194,0.0485
2025-09-20,1,Breiðablik,Þór/KA,2,2,79,0.01975
2025-09-20,1,Breiðablik,Þór/KA,2,3,24,0.006
2025-09-20,1,Breiðablik,Þór/KA,2,4,8,0.002
2025-09-20,1,Breiðablik,Þór/KA,2,5,5,0.00125
2025-09-20,1,Breiðablik,Þór/KA,3,0,377,0.09425
2025-09-20,1,Breiðablik,Þór/KA,3,1,215,0.05375
2025-09-20,1,Breiðablik,Þór/KA,3,2,61,0.01525
2025-09-20,1,Breiðablik,Þór/KA,3,3,20,0.005
2025-09-20,1,Breiðablik,Þór/KA,3,4,4,0.001
2025-09-20,1,Breiðablik,Þór/KA,3,6,1,2.5e-4
2025-09-20,1,Breiðablik,Þór/KA,4,0,356,0.089
2025-09-20,1,Breiðablik,Þór/KA,4,1,208,0.052
2025-09-20,1,Breiðablik,Þór/KA,4,2,72,0.018
2025-09-20,1,Breiðablik,Þór/KA,4,3,29,0.00725
2025-09-20,1,Breiðablik,Þór/KA,4,4,4,0.001
2025-09-20,1,Breiðablik,Þór/KA,5,0,244,0.061
2025-09-20,1,Breiðablik,Þór/KA,5,1,174,0.0435
2025-09-20,1,Breiðablik,Þór/KA,5,2,78,0.0195
2025-09-20,1,Breiðablik,Þór/KA,5,3,17,0.00425
2025-09-20,1,Breiðablik,Þór/KA,5,4,5,0.00125
2025-09-20,1,Breiðablik,Þór/KA,5,5,1,2.5e-4
2025-09-20,1,Breiðablik,Þór/KA,6,0,216,0.054
2025-09-20,1,Breiðablik,Þór/KA,6,1,109,0.02725
2025-09-20,1,Breiðablik,Þór/KA,6,2,44,0.011
2025-09-20,1,Breiðablik,Þór/KA,6,3,11,0.00275
2025-09-20,1,Breiðablik,Þór/KA,6,4,2,5e-4
2025-09-20,1,Breiðablik,Þór/KA,7,0,118,0.0295
2025-09-20,1,Breiðablik,Þór/KA,7,1,66,0.0165
2025-09-20,1,Breiðablik,Þór/KA,7,2,46,0.0115
2025-09-20,1,Breiðablik,Þór/KA,7,3,15,0.00375
2025-09-20,1,Breiðablik,Þór/KA,7,4,3,7.5e-4
2025-09-20,1,Breiðablik,Þór/KA,7,5,1,2.5e-4
2025-09-20,1,Breiðablik,Þór/KA,8,0,68,0.017
2025-09-20,1,Breiðablik,Þór/KA,8,1,59,0.01475
2025-09-20,1,Breiðablik,Þór/KA,8,2,17,0.00425
2025-09-20,1,Breiðablik,Þór/KA,8,3,4,0.001
2025-09-20,1,Breiðablik,Þór/KA,8,5,1,2.5e-4
2025-09-20,1,Breiðablik,Þór/KA,9,0,50,0.0125
2025-09-20,1,Breiðablik,Þór/KA,9,1,25,0.00625
2025-09-20,1,Breiðablik,Þór/KA,9,2,7,0.00175
2025-09-20,1,Breiðablik,Þór/KA,9,3,5,0.00125
2025-09-20,1,Breiðablik,Þór/KA,10,0,20,0.005
2025-09-20,1,Breiðablik,Þór/KA,10,1,17,0.00425
2025-09-20,1,Breiðablik,Þór/KA,10,2,2,5e-4
2025-09-20,1,Breiðablik,Þór/KA,10,3,1,2.5e-4
2025-09-20,1,Breiðablik,Þór/KA,10,4,1,2.5e-4
2025-09-20,1,Breiðablik,Þór/KA,11,0,20,0.005
2025-09-20,1,Breiðablik,Þór/KA,11,1,7,0.00175
2025-09-20,1,Breiðablik,Þór/KA,11,2,4,0.001
2025-09-20,1,Breiðablik,Þór/KA,11,4,1,2.5e-4
2025-09-20,1,Breiðablik,Þór/KA,12,0,6,0.0015
2025-09-20,1,Breiðablik,Þór/KA,12,1,4,0.001
2025-09-20,1,Breiðablik,Þór/KA,12,2,4,0.001
2025-09-20,1,Breiðablik,Þór/KA,12,5,1,2.5e-4
2025-09-20,1,Breiðablik,Þór/KA,13,0,4,0.001
2025-09-20,1,Breiðablik,Þór/KA,13,1,3,7.5e-4
2025-09-20,1,Breiðablik,Þór/KA,14,0,3,7.5e-4
2025-09-20,1,Breiðablik,Þór/KA,14,1,1,2.5e-4
2025-09-20,1,Fram,Valur,0,0,280,0.07
2025-09-20,1,Fram,Valur,0,1,370,0.0925
2025-09-20,1,Fram,Valur,0,2,338,0.0845
2025-09-20,1,Fram,Valur,0,3,236,0.059
2025-09-20,1,Fram,Valur,0,4,128,0.032
2025-09-20,1,Fram,Valur,0,5,61,0.01525
2025-09-20,1,Fram,Valur,0,6,20,0.005
2025-09-20,1,Fram,Valur,0,7,10,0.0025
2025-09-20,1,Fram,Valur,0,8,1,2.5e-4
2025-09-20,1,Fram,Valur,0,9,3,7.5e-4
2025-09-20,1,Fram,Valur,1,0,234,0.0585
2025-09-20,1,Fram,Valur,1,1,366,0.0915
2025-09-20,1,Fram,Valur,1,2,376,0.094
2025-09-20,1,Fram,Valur,1,3,193,0.04825
2025-09-20,1,Fram,Valur,1,4,118,0.0295
2025-09-20,1,Fram,Valur,1,5,46,0.0115
2025-09-20,1,Fram,Valur,1,6,15,0.00375
2025-09-20,1,Fram,Valur,1,7,10,0.0025
2025-09-20,1,Fram,Valur,1,8,3,7.5e-4
2025-09-20,1,Fram,Valur,1,9,1,2.5e-4
2025-09-20,1,Fram,Valur,2,0,131,0.03275
2025-09-20,1,Fram,Valur,2,1,182,0.0455
2025-09-20,1,Fram,Valur,2,2,191,0.04775
2025-09-20,1,Fram,Valur,2,3,106,0.0265
2025-09-20,1,Fram,Valur,2,4,72,0.018
2025-09-20,1,Fram,Valur,2,5,29,0.00725
2025-09-20,1,Fram,Valur,2,6,17,0.00425
2025-09-20,1,Fram,Valur,2,7,8,0.002
2025-09-20,1,Fram,Valur,2,8,2,5e-4
2025-09-20,1,Fram,Valur,3,0,44,0.011
2025-09-20,1,Fram,Valur,3,1,56,0.014
2025-09-20,1,Fram,Valur,3,2,74,0.0185
2025-09-20,1,Fram,Valur,3,3,43,0.01075
2025-09-20,1,Fram,Valur,3,4,38,0.0095
2025-09-20,1,Fram,Valur,3,5,20,0.005
2025-09-20,1,Fram,Valur,3,6,6,0.0015
2025-09-20,1,Fram,Valur,3,7,2,5e-4
2025-09-20,1,Fram,Valur,3,8,1,2.5e-4
2025-09-20,1,Fram,Valur,4,0,19,0.00475
2025-09-20,1,Fram,Valur,4,1,31,0.00775
2025-09-20,1,Fram,Valur,4,2,31,0.00775
2025-09-20,1,Fram,Valur,4,3,14,0.0035
2025-09-20,1,Fram,Valur,4,4,15,0.00375
2025-09-20,1,Fram,Valur,4,5,4,0.001
2025-09-20,1,Fram,Valur,4,6,1,2.5e-4
2025-09-20,1,Fram,Valur,4,7,1,2.5e-4
2025-09-20,1,Fram,Valur,5,0,7,0.00175
2025-09-20,1,Fram,Valur,5,1,10,0.0025
2025-09-20,1,Fram,Valur,5,2,3,7.5e-4
2025-09-20,1,Fram,Valur,5,3,4,0.001
2025-09-20,1,Fram,Valur,5,4,5,0.00125
2025-09-20,1,Fram,Valur,5,5,7,0.00175
2025-09-20,1,Fram,Valur,5,6,1,2.5e-4
2025-09-20,1,Fram,Valur,5,7,1,2.5e-4
2025-09-20,1,Fram,Valur,6,0,3,7.5e-4
2025-09-20,1,Fram,Valur,6,1,2,5e-4
2025-09-20,1,Fram,Valur,6,2,2,5e-4
2025-09-20,1,Fram,Valur,6,3,2,5e-4
2025-09-20,1,Fram,Valur,6,8,1,2.5e-4
2025-09-20,1,Fram,Valur,7,1,1,2.5e-4
2025-09-20,1,Fram,Valur,7,2,1,2.5e-4
2025-09-20,1,Fram,Valur,8,0,2,5e-4
2025-09-20,1,Fram,Valur,8,3,1,2.5e-4
2025-09-20,1,Tindastóll,FH,0,0,151,0.03775
2025-09-20,1,Tindastóll,FH,0,1,261,0.06525
2025-09-20,1,Tindastóll,FH,0,2,302,0.0755
2025-09-20,1,Tindastóll,FH,0,3,245,0.06125
2025-09-20,1,Tindastóll,FH,0,4,184,0.046
2025-09-20,1,Tindastóll,FH,0,5,106,0.0265
2025-09-20,1,Tindastóll,FH,0,6,47,0.01175
2025-09-20,1,Tindastóll,FH,0,7,20,0.005
2025-09-20,1,Tindastóll,FH,0,8,8,0.002
2025-09-20,1,Tindastóll,FH,0,9,8,0.002
2025-09-20,1,Tindastóll,FH,0,11,1,2.5e-4
2025-09-20,1,Tindastóll,FH,1,0,116,0.029
2025-09-20,1,Tindastóll,FH,1,1,317,0.07925
2025-09-20,1,Tindastóll,FH,1,2,321,0.08025
2025-09-20,1,Tindastóll,FH,1,3,236,0.059
2025-09-20,1,Tindastóll,FH,1,4,156,0.039
2025-09-20,1,Tindastóll,FH,1,5,86,0.0215
2025-09-20,1,Tindastóll,FH,1,6,44,0.011
2025-09-20,1,Tindastóll,FH,1,7,27,0.00675
2025-09-20,1,Tindastóll,FH,1,8,3,7.5e-4
2025-09-20,1,Tindastóll,FH,1,9,3,7.5e-4
2025-09-20,1,Tindastóll,FH,1,10,2,5e-4
2025-09-20,1,Tindastóll,FH,1,11,1,2.5e-4
2025-09-20,1,Tindastóll,FH,1,13,1,2.5e-4
2025-09-20,1,Tindastóll,FH,2,0,70,0.0175
2025-09-20,1,Tindastóll,FH,2,1,173,0.04325
2025-09-20,1,Tindastóll,FH,2,2,216,0.054
2025-09-20,1,Tindastóll,FH,2,3,164,0.041
2025-09-20,1,Tindastóll,FH,2,4,119,0.02975
2025-09-20,1,Tindastóll,FH,2,5,45,0.01125
2025-09-20,1,Tindastóll,FH,2,6,44,0.011
2025-09-20,1,Tindastóll,FH,2,7,16,0.004
2025-09-20,1,Tindastóll,FH,2,8,4,0.001
2025-09-20,1,Tindastóll,FH,2,9,1,2.5e-4
2025-09-20,1,Tindastóll,FH,2,10,1,2.5e-4
2025-09-20,1,Tindastóll,FH,2,11,1,2.5e-4
2025-09-20,1,Tindastóll,FH,3,0,27,0.00675
2025-09-20,1,Tindastóll,FH,3,1,74,0.0185
2025-09-20,1,Tindastóll,FH,3,2,88,0.022
2025-09-20,1,Tindastóll,FH,3,3,54,0.0135
2025-09-20,1,Tindastóll,FH,3,4,43,0.01075
2025-09-20,1,Tindastóll,FH,3,5,18,0.0045
2025-09-20,1,Tindastóll,FH,3,6,7,0.00175
2025-09-20,1,Tindastóll,FH,3,7,3,7.5e-4
2025-09-20,1,Tindastóll,FH,3,8,6,0.0015
2025-09-20,1,Tindastóll,FH,3,9,2,5e-4
2025-09-20,1,Tindastóll,FH,4,0,10,0.0025
2025-09-20,1,Tindastóll,FH,4,1,30,0.0075
2025-09-20,1,Tindastóll,FH,4,2,20,0.005
2025-09-20,1,Tindastóll,FH,4,3,23,0.00575
2025-09-20,1,Tindastóll,FH,4,4,15,0.00375
2025-09-20,1,Tindastóll,FH,4,5,9,0.00225
2025-09-20,1,Tindastóll,FH,4,6,5,0.00125
2025-09-20,1,Tindastóll,FH,4,7,5,0.00125
2025-09-20,1,Tindastóll,FH,4,9,1,2.5e-4
2025-09-20,1,Tindastóll,FH,5,0,4,0.001
2025-09-20,1,Tindastóll,FH,5,1,12,0.003
2025-09-20,1,Tindastóll,FH,5,2,8,0.002
2025-09-20,1,Tindastóll,FH,5,3,4,0.001
2025-09-20,1,Tindastóll,FH,5,4,8,0.002
2025-09-20,1,Tindastóll,FH,5,5,1,2.5e-4
2025-09-20,1,Tindastóll,FH,5,6,1,2.5e-4
2025-09-20,1,Tindastóll,FH,5,7,1,2.5e-4
2025-09-20,1,Tindastóll,FH,5,8,1,2.5e-4
2025-09-20,1,Tindastóll,FH,6,0,1,2.5e-4
2025-09-20,1,Tindastóll,FH,6,1,2,5e-4
2025-09-20,1,Tindastóll,FH,6,2,5,0.00125
2025-09-20,1,Tindastóll,FH,6,3,2,5e-4
2025-09-20,1,Tindastóll,FH,6,4,1,2.5e-4
2025-09-20,1,Tindastóll,FH,6,6,1,2.5e-4
2025-09-20,1,Tindastóll,FH,6,7,1,2.5e-4
2025-09-20,1,Tindastóll,FH,6,9,1,2.5e-4
2025-09-20,1,Tindastóll,FH,7,3,1,2.5e-4
2025-09-20,1,Tindastóll,FH,7,4,1,2.5e-4
2025-09-20,1,Tindastóll,FH,7,5,1,2.5e-4
2025-09-20,1,Tindastóll,FH,8,1,1,2.5e-4
2025-09-20,1,Tindastóll,FH,10,10,1,2.5e-4
2025-09-20,1,Tindastóll,FH,11,2,1,2.5e-4
2025-09-20,1,Víkingur R.,FHL,0,0,146,0.0365
2025-09-20,1,Víkingur R.,FHL,0,1,82,0.0205
2025-09-20,1,Víkingur R.,FHL,0,2,35,0.00875
2025-09-20,1,Víkingur R.,FHL,0,3,13,0.00325
2025-09-20,1,Víkingur R.,FHL,0,4,3,7.5e-4
2025-09-20,1,Víkingur R.,FHL,1,0,334,0.0835
2025-09-20,1,Víkingur R.,FHL,1,1,208,0.052
2025-09-20,1,Víkingur R.,FHL,1,2,64,0.016
2025-09-20,1,Víkingur R.,FHL,1,3,21,0.00525
2025-09-20,1,Víkingur R.,FHL,1,4,3,7.5e-4
2025-09-20,1,Víkingur R.,FHL,1,5,1,2.5e-4
2025-09-20,1,Víkingur R.,FHL,1,6,1,2.5e-4
2025-09-20,1,Víkingur R.,FHL,2,0,428,0.107
2025-09-20,1,Víkingur R.,FHL,2,1,281,0.07025
2025-09-20,1,Víkingur R.,FHL,2,2,103,0.02575
2025-09-20,1,Víkingur R.,FHL,2,3,35,0.00875
2025-09-20,1,Víkingur R.,FHL,2,4,9,0.00225
2025-09-20,1,Víkingur R.,FHL,2,5,2,5e-4
2025-09-20,1,Víkingur R.,FHL,3,0,444,0.111
2025-09-20,1,Víkingur R.,FHL,3,1,284,0.071
2025-09-20,1,Víkingur R.,FHL,3,2,98,0.0245
2025-09-20,1,Víkingur R.,FHL,3,3,32,0.008
2025-09-20,1,Víkingur R.,FHL,3,4,7,0.00175
2025-09-20,1,Víkingur R.,FHL,3,7,1,2.5e-4
2025-09-20,1,Víkingur R.,FHL,4,0,278,0.0695
2025-09-20,1,Víkingur R.,FHL,4,1,196,0.049
2025-09-20,1,Víkingur R.,FHL,4,2,86,0.0215
2025-09-20,1,Víkingur R.,FHL,4,3,14,0.0035
2025-09-20,1,Víkingur R.,FHL,4,4,7,0.00175
2025-09-20,1,Víkingur R.,FHL,4,5,1,2.5e-4
2025-09-20,1,Víkingur R.,FHL,5,0,178,0.0445
2025-09-20,1,Víkingur R.,FHL,5,1,114,0.0285
2025-09-20,1,Víkingur R.,FHL,5,2,55,0.01375
2025-09-20,1,Víkingur R.,FHL,5,3,16,0.004
2025-09-20,1,Víkingur R.,FHL,5,4,8,0.002
2025-09-20,1,Víkingur R.,FHL,5,5,2,5e-4
2025-09-20,1,Víkingur R.,FHL,6,0,101,0.02525
2025-09-20,1,Víkingur R.,FHL,6,1,69,0.01725
2025-09-20,1,Víkingur R.,FHL,6,2,24,0.006
2025-09-20,1,Víkingur R.,FHL,6,3,8,0.002
2025-09-20,1,Víkingur R.,FHL,6,4,3,7.5e-4
2025-09-20,1,Víkingur R.,FHL,6,6,1,2.5e-4
2025-09-20,1,Víkingur R.,FHL,7,0,64,0.016
2025-09-20,1,Víkingur R.,FHL,7,1,42,0.0105
2025-09-20,1,Víkingur R.,FHL,7,2,15,0.00375
2025-09-20,1,Víkingur R.,FHL,7,4,2,5e-4
2025-09-20,1,Víkingur R.,FHL,8,0,20,0.005
2025-09-20,1,Víkingur R.,FHL,8,1,18,0.0045
2025-09-20,1,Víkingur R.,FHL,8,2,5,0.00125
2025-09-20,1,Víkingur R.,FHL,8,3,1,2.5e-4
2025-09-20,1,Víkingur R.,FHL,8,4,1,2.5e-4
2025-09-20,1,Víkingur R.,FHL,9,0,12,0.003
2025-09-20,1,Víkingur R.,FHL,9,1,4,0.001
2025-09-20,1,Víkingur R.,FHL,9,2,1,2.5e-4
2025-09-20,1,Víkingur R.,FHL,9,3,1,2.5e-4
2025-09-20,1,Víkingur R.,FHL,10,0,6,0.0015
2025-09-20,1,Víkingur R.,FHL,10,1,3,7.5e-4
2025-09-20,1,Víkingur R.,FHL,10,2,1,2.5e-4
2025-09-20,1,Víkingur R.,FHL,11,0,1,2.5e-4
2025-09-20,1,Víkingur R.,FHL,11,1,2,5e-4
2025-09-20,1,Víkingur R.,FHL,11,2,1,2.5e-4
2025-09-20,1,Víkingur R.,FHL,12,0,2,5e-4
2025-09-20,1,Víkingur R.,FHL,12,1,1,2.5e-4
2025-09-20,1,Víkingur R.,FHL,14,0,1,2.5e-4
2025-09-20,1,Þróttur R.,Stjarnan,0,0,256,0.064
2025-09-20,1,Þróttur R.,Stjarnan,0,1,140,0.035
2025-09-20,1,Þróttur R.,Stjarnan,0,2,63,0.01575
2025-09-20,1,Þróttur R.,Stjarnan,0,3,20,0.005
2025-09-20,1,Þróttur R.,Stjarnan,0,4,3,7.5e-4
2025-09-20,1,Þróttur R.,Stjarnan,1,0,454,0.1135
2025-09-20,1,Þróttur R.,Stjarnan,1,1,319,0.07975
2025-09-20,1,Þróttur R.,Stjarnan,1,2,112,0.028
2025-09-20,1,Þróttur R.,Stjarnan,1,3,32,0.008
2025-09-20,1,Þróttur R.,Stjarnan,1,4,11,0.00275
2025-09-20,1,Þróttur R.,Stjarnan,1,5,2,5e-4
2025-09-20,1,Þróttur R.,Stjarnan,2,0,464,0.116
2025-09-20,1,Þróttur R.,Stjarnan,2,1,321,0.08025
2025-09-20,1,Þróttur R.,Stjarnan,2,2,133,0.03325
2025-09-20,1,Þróttur R.,Stjarnan,2,3,44,0.011
2025-09-20,1,Þróttur R.,Stjarnan,2,4,13,0.00325
2025-09-20,1,Þróttur R.,Stjarnan,2,5,2,5e-4
2025-09-20,1,Þróttur R.,Stjarnan,2,7,1,2.5e-4
2025-09-20,1,Þróttur R.,Stjarnan,3,0,339,0.08475
2025-09-20,1,Þróttur R.,Stjarnan,3,1,261,0.06525
2025-09-20,1,Þróttur R.,Stjarnan,3,2,86,0.0215
2025-09-20,1,Þróttur R.,Stjarnan,3,3,39,0.00975
2025-09-20,1,Þróttur R.,Stjarnan,3,4,5,0.00125
2025-09-20,1,Þróttur R.,Stjarnan,4,0,204,0.051
2025-09-20,1,Þróttur R.,Stjarnan,4,1,155,0.03875
2025-09-20,1,Þróttur R.,Stjarnan,4,2,52,0.013
2025-09-20,1,Þróttur R.,Stjarnan,4,3,10,0.0025
2025-09-20,1,Þróttur R.,Stjarnan,4,4,8,0.002
2025-09-20,1,Þróttur R.,Stjarnan,4,5,3,7.5e-4
2025-09-20,1,Þróttur R.,Stjarnan,5,0,130,0.0325
2025-09-20,1,Þróttur R.,Stjarnan,5,1,87,0.02175
2025-09-20,1,Þróttur R.,Stjarnan,5,2,23,0.00575
2025-09-20,1,Þróttur R.,Stjarnan,5,3,12,0.003
2025-09-20,1,Þróttur R.,Stjarnan,5,4,1,2.5e-4
2025-09-20,1,Þróttur R.,Stjarnan,5,5,1,2.5e-4
2025-09-20,1,Þróttur R.,Stjarnan,6,0,61,0.01525
2025-09-20,1,Þróttur R.,Stjarnan,6,1,35,0.00875
2025-09-20,1,Þróttur R.,Stjarnan,6,2,10,0.0025
2025-09-20,1,Þróttur R.,Stjarnan,6,3,4,0.001
2025-09-20,1,Þróttur R.,Stjarnan,7,0,24,0.006
2025-09-20,1,Þróttur R.,Stjarnan,7,1,16,0.004
2025-09-20,1,Þróttur R.,Stjarnan,7,2,5,0.00125
2025-09-20,1,Þróttur R.,Stjarnan,7,3,1,2.5e-4
2025-09-20,1,Þróttur R.,Stjarnan,8,0,11,0.00275
2025-09-20,1,Þróttur R.,Stjarnan,8,1,10,0.0025
2025-09-20,1,Þróttur R.,Stjarnan,8,2,3,7.5e-4
2025-09-20,1,Þróttur R.,Stjarnan,9,0,2,5e-4
2025-09-20,1,Þróttur R.,Stjarnan,9,1,4,0.001
2025-09-20,1,Þróttur R.,Stjarnan,9,2,2,5e-4
2025-09-20,1,Þróttur R.,Stjarnan,9,3,1,2.5e-4
2025-09-20,1,Þróttur R.,Stjarnan,10,0,2,5e-4
2025-09-20,1,Þróttur R.,Stjarnan,10,2,2,5e-4
2025-09-20,1,Þróttur R.,Stjarnan,11,0,1,2.5e-4
