date,division,home,away,home_goals,away_goals,n,p
2025-08-04,1,Valur,Breiðablik,0,0,260,0.065
2025-08-04,1,Valur,Breiðablik,0,1,452,0.113
2025-08-04,1,Valur,Breiðablik,0,2,431,0.10775
2025-08-04,1,Valur,Breiðablik,0,3,358,0.0895
2025-08-04,1,Valur,Breiðablik,0,4,181,0.04525
2025-08-04,1,Valur,Breiðablik,0,5,94,0.0235
2025-08-04,1,Valur,Breiðablik,0,6,40,0.01
2025-08-04,1,Valur,Breiðablik,0,7,8,0.002
2025-08-04,1,Valur,Breiðablik,0,8,6,0.0015
2025-08-04,1,Valur,Breiðablik,0,9,3,7.5e-4
2025-08-04,1,Valur,Breiðablik,0,10,2,5e-4
2025-08-04,1,Valur,Breiðablik,1,0,178,0.0445
2025-08-04,1,Valur,Breiðablik,1,1,378,0.0945
2025-08-04,1,Valur,Breiðablik,1,2,328,0.082
2025-08-04,1,Valur,Breiðablik,1,3,218,0.0545
2025-08-04,1,Valur,Breiðablik,1,4,155,0.03875
2025-08-04,1,Valur,Breiðablik,1,5,70,0.0175
2025-08-04,1,Valur,Breiðablik,1,6,24,0.006
2025-08-04,1,Valur,Breiðablik,1,7,10,0.0025
2025-08-04,1,Valur,Breiðablik,1,8,5,0.00125
2025-08-04,1,Valur,Breiðablik,1,9,1,2.5e-4
2025-08-04,1,Valur,Breiðablik,1,10,1,2.5e-4
2025-08-04,1,Valur,Breiðablik,2,0,59,0.01475
2025-08-04,1,Valur,Breiðablik,2,1,123,0.03075
2025-08-04,1,Valur,Breiðablik,2,2,154,0.0385
2025-08-04,1,Valur,Breiðablik,2,3,103,0.02575
2025-08-04,1,Valur,Breiðablik,2,4,67,0.01675
2025-08-04,1,Valur,Breiðablik,2,5,31,0.00775
2025-08-04,1,Valur,Breiðablik,2,6,13,0.00325
2025-08-04,1,Valur,Breiðablik,2,7,4,0.001
2025-08-04,1,Valur,Breiðablik,2,8,2,5e-4
2025-08-04,1,Valur,Breiðablik,2,10,1,2.5e-4
2025-08-04,1,Valur,Breiðablik,3,0,31,0.00775
2025-08-04,1,Valur,Breiðablik,3,1,36,0.009
2025-08-04,1,Valur,Breiðablik,3,2,44,0.011
2025-08-04,1,Valur,Breiðablik,3,3,30,0.0075
2025-08-04,1,Valur,Breiðablik,3,4,23,0.00575
2025-08-04,1,Valur,Breiðablik,3,5,8,0.002
2025-08-04,1,Valur,Breiðablik,3,6,2,5e-4
2025-08-04,1,Valur,Breiðablik,3,7,3,7.5e-4
2025-08-04,1,Valur,Breiðablik,4,0,6,0.0015
2025-08-04,1,Valur,Breiðablik,4,1,6,0.0015
2025-08-04,1,Valur,Breiðablik,4,2,13,0.00325
2025-08-04,1,Valur,Breiðablik,4,3,9,0.00225
2025-08-04,1,Valur,Breiðablik,4,4,8,0.002
2025-08-04,1,Valur,Breiðablik,4,5,3,7.5e-4
2025-08-04,1,Valur,Breiðablik,4,6,1,2.5e-4
2025-08-04,1,Valur,Breiðablik,4,8,1,2.5e-4
2025-08-04,1,Valur,Breiðablik,5,0,1,2.5e-4
2025-08-04,1,Valur,Breiðablik,5,1,3,7.5e-4
2025-08-04,1,Valur,Breiðablik,5,2,4,0.001
2025-08-04,1,Valur,Breiðablik,5,3,1,2.5e-4
2025-08-04,1,Valur,Breiðablik,5,5,3,7.5e-4
2025-08-04,1,Valur,Breiðablik,5,6,1,2.5e-4
2025-08-04,1,Valur,Breiðablik,6,2,1,2.5e-4
2025-08-04,1,Valur,Breiðablik,6,3,1,2.5e-4
2025-08-04,1,Valur,Breiðablik,6,6,1,2.5e-4
2025-08-07,1,Fram,Breiðablik,0,0,63,0.01575
2025-08-07,1,Fram,Breiðablik,0,1,172,0.043
2025-08-07,1,Fram,Breiðablik,0,2,311,0.07775
2025-08-07,1,Fram,Breiðablik,0,3,341,0.08525
2025-08-07,1,Fram,Breiðablik,0,4,344,0.086
2025-08-07,1,Fram,Breiðablik,0,5,303,0.07575
2025-08-07,1,Fram,Breiðablik,0,6,221,0.05525
2025-08-07,1,Fram,Breiðablik,0,7,132,0.033
2025-08-07,1,Fram,Breiðablik,0,8,96,0.024
2025-08-07,1,Fram,Breiðablik,0,9,60,0.015
2025-08-07,1,Fram,Breiðablik,0,10,34,0.0085
2025-08-07,1,Fram,Breiðablik,0,11,13,0.00325
2025-08-07,1,Fram,Breiðablik,0,12,8,0.002
2025-08-07,1,Fram,Breiðablik,0,13,4,0.001
2025-08-07,1,Fram,Breiðablik,0,14,8,0.002
2025-08-07,1,Fram,Breiðablik,0,17,1,2.5e-4
2025-08-07,1,Fram,Breiðablik,1,0,50,0.0125
2025-08-07,1,Fram,Breiðablik,1,1,104,0.026
2025-08-07,1,Fram,Breiðablik,1,2,167,0.04175
2025-08-07,1,Fram,Breiðablik,1,3,207,0.05175
2025-08-07,1,Fram,Breiðablik,1,4,215,0.05375
2025-08-07,1,Fram,Breiðablik,1,5,189,0.04725
2025-08-07,1,Fram,Breiðablik,1,6,120,0.03
2025-08-07,1,Fram,Breiðablik,1,7,86,0.0215
2025-08-07,1,Fram,Breiðablik,1,8,51,0.01275
2025-08-07,1,Fram,Breiðablik,1,9,31,0.00775
2025-08-07,1,Fram,Breiðablik,1,10,23,0.00575
2025-08-07,1,Fram,Breiðablik,1,11,10,0.0025
2025-08-07,1,Fram,Breiðablik,1,12,14,0.0035
2025-08-07,1,Fram,Breiðablik,1,13,4,0.001
2025-08-07,1,Fram,Breiðablik,1,14,2,5e-4
2025-08-07,1,Fram,Breiðablik,1,15,2,5e-4
2025-08-07,1,Fram,Breiðablik,2,0,13,0.00325
2025-08-07,1,Fram,Breiðablik,2,1,41,0.01025
2025-08-07,1,Fram,Breiðablik,2,2,57,0.01425
2025-08-07,1,Fram,Breiðablik,2,3,76,0.019
2025-08-07,1,Fram,Breiðablik,2,4,68,0.017
2025-08-07,1,Fram,Breiðablik,2,5,69,0.01725
2025-08-07,1,Fram,Breiðablik,2,6,43,0.01075
2025-08-07,1,Fram,Breiðablik,2,7,32,0.008
2025-08-07,1,Fram,Breiðablik,2,8,26,0.0065
2025-08-07,1,Fram,Breiðablik,2,9,11,0.00275
2025-08-07,1,Fram,Breiðablik,2,10,3,7.5e-4
2025-08-07,1,Fram,Breiðablik,2,12,4,0.001
2025-08-07,1,Fram,Breiðablik,2,13,1,2.5e-4
2025-08-07,1,Fram,Breiðablik,2,14,1,2.5e-4
2025-08-07,1,Fram,Breiðablik,3,0,6,0.0015
2025-08-07,1,Fram,Breiðablik,3,1,13,0.00325
2025-08-07,1,Fram,Breiðablik,3,2,23,0.00575
2025-08-07,1,Fram,Breiðablik,3,3,27,0.00675
2025-08-07,1,Fram,Breiðablik,3,4,31,0.00775
2025-08-07,1,Fram,Breiðablik,3,5,14,0.0035
2025-08-07,1,Fram,Breiðablik,3,6,9,0.00225
2025-08-07,1,Fram,Breiðablik,3,7,2,5e-4
2025-08-07,1,Fram,Breiðablik,3,8,3,7.5e-4
2025-08-07,1,Fram,Breiðablik,3,9,2,5e-4
2025-08-07,1,Fram,Breiðablik,3,13,2,5e-4
2025-08-07,1,Fram,Breiðablik,4,0,1,2.5e-4
2025-08-07,1,Fram,Breiðablik,4,1,3,7.5e-4
2025-08-07,1,Fram,Breiðablik,4,2,7,0.00175
2025-08-07,1,Fram,Breiðablik,4,3,6,0.0015
2025-08-07,1,Fram,Breiðablik,4,4,1,2.5e-4
2025-08-07,1,Fram,Breiðablik,4,5,5,0.00125
2025-08-07,1,Fram,Breiðablik,4,6,1,2.5e-4
2025-08-07,1,Fram,Breiðablik,4,7,3,7.5e-4
2025-08-07,1,Fram,Breiðablik,4,8,3,7.5e-4
2025-08-07,1,Fram,Breiðablik,4,13,1,2.5e-4
2025-08-07,1,Fram,Breiðablik,5,2,1,2.5e-4
2025-08-07,1,Fram,Breiðablik,5,3,1,2.5e-4
2025-08-07,1,Fram,Breiðablik,5,4,1,2.5e-4
2025-08-07,1,Fram,Breiðablik,5,8,1,2.5e-4
2025-08-07,1,Fram,Breiðablik,6,4,1,2.5e-4
2025-08-07,1,Fram,Breiðablik,6,6,1,2.5e-4
2025-08-07,1,Stjarnan,Tindastóll,0,0,240,0.06
2025-08-07,1,Stjarnan,Tindastóll,0,1,226,0.0565
2025-08-07,1,Stjarnan,Tindastóll,0,2,113,0.02825
2025-08-07,1,Stjarnan,Tindastóll,0,3,39,0.00975
2025-08-07,1,Stjarnan,Tindastóll,0,4,16,0.004
2025-08-07,1,Stjarnan,Tindastóll,0,5,8,0.002
2025-08-07,1,Stjarnan,Tindastóll,0,6,2,5e-4
2025-08-07,1,Stjarnan,Tindastóll,1,0,344,0.086
2025-08-07,1,Stjarnan,Tindastóll,1,1,377,0.09425
2025-08-07,1,Stjarnan,Tindastóll,1,2,194,0.0485
2025-08-07,1,Stjarnan,Tindastóll,1,3,72,0.018
2025-08-07,1,Stjarnan,Tindastóll,1,4,27,0.00675
2025-08-07,1,Stjarnan,Tindastóll,1,5,10,0.0025
2025-08-07,1,Stjarnan,Tindastóll,1,6,5,0.00125
2025-08-07,1,Stjarnan,Tindastóll,1,7,4,0.001
2025-08-07,1,Stjarnan,Tindastóll,2,0,309,0.07725
2025-08-07,1,Stjarnan,Tindastóll,2,1,310,0.0775
2025-08-07,1,Stjarnan,Tindastóll,2,2,202,0.0505
2025-08-07,1,Stjarnan,Tindastóll,2,3,79,0.01975
2025-08-07,1,Stjarnan,Tindastóll,2,4,27,0.00675
2025-08-07,1,Stjarnan,Tindastóll,2,5,6,0.0015
2025-08-07,1,Stjarnan,Tindastóll,2,6,4,0.001
2025-08-07,1,Stjarnan,Tindastóll,2,7,2,5e-4
2025-08-07,1,Stjarnan,Tindastóll,3,0,219,0.05475
2025-08-07,1,Stjarnan,Tindastóll,3,1,222,0.0555
2025-08-07,1,Stjarnan,Tindastóll,3,2,146,0.0365
2025-08-07,1,Stjarnan,Tindastóll,3,3,58,0.0145
2025-08-07,1,Stjarnan,Tindastóll,3,4,17,0.00425
2025-08-07,1,Stjarnan,Tindastóll,3,5,8,0.002
2025-08-07,1,Stjarnan,Tindastóll,3,6,2,5e-4
2025-08-07,1,Stjarnan,Tindastóll,3,7,2,5e-4
2025-08-07,1,Stjarnan,Tindastóll,4,0,109,0.02725
2025-08-07,1,Stjarnan,Tindastóll,4,1,132,0.033
2025-08-07,1,Stjarnan,Tindastóll,4,2,87,0.02175
2025-08-07,1,Stjarnan,Tindastóll,4,3,39,0.00975
2025-08-07,1,Stjarnan,Tindastóll,4,4,15,0.00375
2025-08-07,1,Stjarnan,Tindastóll,4,5,3,7.5e-4
2025-08-07,1,Stjarnan,Tindastóll,4,6,2,5e-4
2025-08-07,1,Stjarnan,Tindastóll,4,7,1,2.5e-4
2025-08-07,1,Stjarnan,Tindastóll,5,0,60,0.015
2025-08-07,1,Stjarnan,Tindastóll,5,1,66,0.0165
2025-08-07,1,Stjarnan,Tindastóll,5,2,31,0.00775
2025-08-07,1,Stjarnan,Tindastóll,5,3,23,0.00575
2025-08-07,1,Stjarnan,Tindastóll,5,4,8,0.002
2025-08-07,1,Stjarnan,Tindastóll,5,5,6,0.0015
2025-08-07,1,Stjarnan,Tindastóll,6,0,24,0.006
2025-08-07,1,Stjarnan,Tindastóll,6,1,17,0.00425
2025-08-07,1,Stjarnan,Tindastóll,6,2,23,0.00575
2025-08-07,1,Stjarnan,Tindastóll,6,3,7,0.00175
2025-08-07,1,Stjarnan,Tindastóll,6,4,2,5e-4
2025-08-07,1,Stjarnan,Tindastóll,6,5,1,2.5e-4
2025-08-07,1,Stjarnan,Tindastóll,6,6,1,2.5e-4
2025-08-07,1,Stjarnan,Tindastóll,7,0,6,0.0015
2025-08-07,1,Stjarnan,Tindastóll,7,1,13,0.00325
2025-08-07,1,Stjarnan,Tindastóll,7,2,5,0.00125
2025-08-07,1,Stjarnan,Tindastóll,7,3,6,0.0015
2025-08-07,1,Stjarnan,Tindastóll,7,4,1,2.5e-4
2025-08-07,1,Stjarnan,Tindastóll,7,5,2,5e-4
2025-08-07,1,Stjarnan,Tindastóll,7,7,1,2.5e-4
2025-08-07,1,Stjarnan,Tindastóll,8,0,5,0.00125
2025-08-07,1,Stjarnan,Tindastóll,8,1,1,2.5e-4
2025-08-07,1,Stjarnan,Tindastóll,8,2,4,0.001
2025-08-07,1,Stjarnan,Tindastóll,8,3,1,2.5e-4
2025-08-07,1,Stjarnan,Tindastóll,9,0,2,5e-4
2025-08-07,1,Stjarnan,Tindastóll,9,1,2,5e-4
2025-08-07,1,Stjarnan,Tindastóll,9,2,2,5e-4
2025-08-07,1,Stjarnan,Tindastóll,9,4,1,2.5e-4
2025-08-07,1,Stjarnan,Tindastóll,10,1,1,2.5e-4
2025-08-07,1,Þór/KA,Valur,0,0,378,0.0945
2025-08-07,1,Þór/KA,Valur,0,1,320,0.08
2025-08-07,1,Þór/KA,Valur,0,2,194,0.0485
2025-08-07,1,Þór/KA,Valur,0,3,82,0.0205
2025-08-07,1,Þór/KA,Valur,0,4,31,0.00775
2025-08-07,1,Þór/KA,Valur,0,5,5,0.00125
2025-08-07,1,Þór/KA,Valur,0,6,1,2.5e-4
2025-08-07,1,Þór/KA,Valur,0,7,1,2.5e-4
2025-08-07,1,Þór/KA,Valur,1,0,420,0.105
2025-08-07,1,Þór/KA,Valur,1,1,466,0.1165
2025-08-07,1,Þór/KA,Valur,1,2,250,0.0625
2025-08-07,1,Þór/KA,Valur,1,3,108,0.027
2025-08-07,1,Þór/KA,Valur,1,4,37,0.00925
2025-08-07,1,Þór/KA,Valur,1,5,13,0.00325
2025-08-07,1,Þór/KA,Valur,1,6,1,2.5e-4
2025-08-07,1,Þór/KA,Valur,1,7,1,2.5e-4
2025-08-07,1,Þór/KA,Valur,2,0,303,0.07575
2025-08-07,1,Þór/KA,Valur,2,1,286,0.0715
2025-08-07,1,Þór/KA,Valur,2,2,174,0.0435
2025-08-07,1,Þór/KA,Valur,2,3,69,0.01725
2025-08-07,1,Þór/KA,Valur,2,4,21,0.00525
2025-08-07,1,Þór/KA,Valur,2,5,7,0.00175
2025-08-07,1,Þór/KA,Valur,2,6,2,5e-4
2025-08-07,1,Þór/KA,Valur,2,7,1,2.5e-4
2025-08-07,1,Þór/KA,Valur,3,0,155,0.03875
2025-08-07,1,Þór/KA,Valur,3,1,159,0.03975
2025-08-07,1,Þór/KA,Valur,3,2,103,0.02575
2025-08-07,1,Þór/KA,Valur,3,3,51,0.01275
2025-08-07,1,Þór/KA,Valur,3,4,20,0.005
2025-08-07,1,Þór/KA,Valur,3,5,13,0.00325
2025-08-07,1,Þór/KA,Valur,3,6,4,0.001
2025-08-07,1,Þór/KA,Valur,3,9,1,2.5e-4
2025-08-07,1,Þór/KA,Valur,4,0,52,0.013
2025-08-07,1,Þór/KA,Valur,4,1,72,0.018
2025-08-07,1,Þór/KA,Valur,4,2,48,0.012
2025-08-07,1,Þór/KA,Valur,4,3,23,0.00575
2025-08-07,1,Þór/KA,Valur,4,4,13,0.00325
2025-08-07,1,Þór/KA,Valur,4,5,1,2.5e-4
2025-08-07,1,Þór/KA,Valur,4,6,1,2.5e-4
2025-08-07,1,Þór/KA,Valur,4,7,1,2.5e-4
2025-08-07,1,Þór/KA,Valur,5,0,20,0.005
2025-08-07,1,Þór/KA,Valur,5,1,22,0.0055
2025-08-07,1,Þór/KA,Valur,5,2,10,0.0025
2025-08-07,1,Þór/KA,Valur,5,3,11,0.00275
2025-08-07,1,Þór/KA,Valur,5,4,3,7.5e-4
2025-08-07,1,Þór/KA,Valur,6,0,6,0.0015
2025-08-07,1,Þór/KA,Valur,6,1,8,0.002
2025-08-07,1,Þór/KA,Valur,6,2,10,0.0025
2025-08-07,1,Þór/KA,Valur,6,3,3,7.5e-4
2025-08-07,1,Þór/KA,Valur,6,4,1,2.5e-4
2025-08-07,1,Þór/KA,Valur,6,5,1,2.5e-4
2025-08-07,1,Þór/KA,Valur,7,0,2,5e-4
2025-08-07,1,Þór/KA,Valur,7,1,5,0.00125
2025-08-07,1,Þór/KA,Valur,7,2,3,7.5e-4
2025-08-07,1,Þór/KA,Valur,7,3,1,2.5e-4
2025-08-07,1,Þór/KA,Valur,8,0,1,2.5e-4
2025-08-07,1,Þór/KA,Valur,8,1,1,2.5e-4
2025-08-07,1,Þór/KA,Valur,8,2,1,2.5e-4
2025-08-07,1,Þór/KA,Valur,8,3,1,2.5e-4
2025-08-07,1,Þór/KA,Valur,9,0,1,2.5e-4
2025-08-07,1,Þór/KA,Valur,9,1,1,2.5e-4
2025-08-07,2,Fylkir,KR,0,0,72,0.018
2025-08-07,2,Fylkir,KR,0,1,92,0.023
2025-08-07,2,Fylkir,KR,0,2,70,0.0175
2025-08-07,2,Fylkir,KR,0,3,49,0.01225
2025-08-07,2,Fylkir,KR,0,4,21,0.00525
2025-08-07,2,Fylkir,KR,0,5,15,0.00375
2025-08-07,2,Fylkir,KR,0,6,4,0.001
2025-08-07,2,Fylkir,KR,0,7,2,5e-4
2025-08-07,2,Fylkir,KR,0,8,1,2.5e-4
2025-08-07,2,Fylkir,KR,1,0,111,0.02775
2025-08-07,2,Fylkir,KR,1,1,187,0.04675
2025-08-07,2,Fylkir,KR,1,2,171,0.04275
2025-08-07,2,Fylkir,KR,1,3,112,0.028
2025-08-07,2,Fylkir,KR,1,4,53,0.01325
2025-08-07,2,Fylkir,KR,1,5,16,0.004
2025-08-07,2,Fylkir,KR,1,6,11,0.00275
2025-08-07,2,Fylkir,KR,1,7,4,0.001
2025-08-07,2,Fylkir,KR,1,8,1,2.5e-4
2025-08-07,2,Fylkir,KR,2,0,128,0.032
2025-08-07,2,Fylkir,KR,2,1,225,0.05625
2025-08-07,2,Fylkir,KR,2,2,206,0.0515
2025-08-07,2,Fylkir,KR,2,3,129,0.03225
2025-08-07,2,Fylkir,KR,2,4,66,0.0165
2025-08-07,2,Fylkir,KR,2,5,24,0.006
2025-08-07,2,Fylkir,KR,2,6,13,0.00325
2025-08-07,2,Fylkir,KR,2,7,5,0.00125
2025-08-07,2,Fylkir,KR,2,8,1,2.5e-4
2025-08-07,2,Fylkir,KR,2,9,1,2.5e-4
2025-08-07,2,Fylkir,KR,2,10,2,5e-4
2025-08-07,2,Fylkir,KR,3,0,122,0.0305
2025-08-07,2,Fylkir,KR,3,1,205,0.05125
2025-08-07,2,Fylkir,KR,3,2,204,0.051
2025-08-07,2,Fylkir,KR,3,3,112,0.028
2025-08-07,2,Fylkir,KR,3,4,65,0.01625
2025-08-07,2,Fylkir,KR,3,5,16,0.004
2025-08-07,2,Fylkir,KR,3,6,12,0.003
2025-08-07,2,Fylkir,KR,3,7,6,0.0015
2025-08-07,2,Fylkir,KR,3,8,1,2.5e-4
2025-08-07,2,Fylkir,KR,4,0,109,0.02725
2025-08-07,2,Fylkir,KR,4,1,153,0.03825
2025-08-07,2,Fylkir,KR,4,2,130,0.0325
2025-08-07,2,Fylkir,KR,4,3,80,0.02
2025-08-07,2,Fylkir,KR,4,4,60,0.015
2025-08-07,2,Fylkir,KR,4,5,22,0.0055
2025-08-07,2,Fylkir,KR,4,6,17,0.00425
2025-08-07,2,Fylkir,KR,4,7,5,0.00125
2025-08-07,2,Fylkir,KR,4,8,2,5e-4
2025-08-07,2,Fylkir,KR,5,0,61,0.01525
2025-08-07,2,Fylkir,KR,5,1,108,0.027
2025-08-07,2,Fylkir,KR,5,2,93,0.02325
2025-08-07,2,Fylkir,KR,5,3,52,0.013
2025-08-07,2,Fylkir,KR,5,4,35,0.00875
2025-08-07,2,Fylkir,KR,5,5,21,0.00525
2025-08-07,2,Fylkir,KR,5,6,5,0.00125
2025-08-07,2,Fylkir,KR,5,7,2,5e-4
2025-08-07,2,Fylkir,KR,5,11,1,2.5e-4
2025-08-07,2,Fylkir,KR,5,12,1,2.5e-4
2025-08-07,2,Fylkir,KR,6,0,42,0.0105
2025-08-07,2,Fylkir,KR,6,1,74,0.0185
2025-08-07,2,Fylkir,KR,6,2,52,0.013
2025-08-07,2,Fylkir,KR,6,3,34,0.0085
2025-08-07,2,Fylkir,KR,6,4,16,0.004
2025-08-07,2,Fylkir,KR,6,5,11,0.00275
2025-08-07,2,Fylkir,KR,6,6,5,0.00125
2025-08-07,2,Fylkir,KR,6,7,2,5e-4
2025-08-07,2,Fylkir,KR,6,8,2,5e-4
2025-08-07,2,Fylkir,KR,7,0,16,0.004
2025-08-07,2,Fylkir,KR,7,1,36,0.009
2025-08-07,2,Fylkir,KR,7,2,41,0.01025
2025-08-07,2,Fylkir,KR,7,3,17,0.00425
2025-08-07,2,Fylkir,KR,7,4,13,0.00325
2025-08-07,2,Fylkir,KR,7,5,5,0.00125
2025-08-07,2,Fylkir,KR,7,7,1,2.5e-4
2025-08-07,2,Fylkir,KR,8,0,9,0.00225
2025-08-07,2,Fylkir,KR,8,1,14,0.0035
2025-08-07,2,Fylkir,KR,8,2,19,0.00475
2025-08-07,2,Fylkir,KR,8,3,12,0.003
2025-08-07,2,Fylkir,KR,8,4,8,0.002
2025-08-07,2,Fylkir,KR,8,5,3,7.5e-4
2025-08-07,2,Fylkir,KR,8,6,3,7.5e-4
2025-08-07,2,Fylkir,KR,8,8,2,5e-4
2025-08-07,2,Fylkir,KR,9,0,2,5e-4
2025-08-07,2,Fylkir,KR,9,1,12,0.003
2025-08-07,2,Fylkir,KR,9,2,7,0.00175
2025-08-07,2,Fylkir,KR,9,3,6,0.0015
2025-08-07,2,Fylkir,KR,9,4,3,7.5e-4
2025-08-07,2,Fylkir,KR,9,5,1,2.5e-4
2025-08-07,2,Fylkir,KR,9,7,1,2.5e-4
2025-08-07,2,Fylkir,KR,10,0,2,5e-4
2025-08-07,2,Fylkir,KR,10,1,6,0.0015
2025-08-07,2,Fylkir,KR,10,2,3,7.5e-4
2025-08-07,2,Fylkir,KR,10,3,5,0.00125
2025-08-07,2,Fylkir,KR,10,4,3,7.5e-4
2025-08-07,2,Fylkir,KR,11,0,2,5e-4
2025-08-07,2,Fylkir,KR,11,1,2,5e-4
2025-08-07,2,Fylkir,KR,11,2,3,7.5e-4
2025-08-07,2,Fylkir,KR,11,3,3,7.5e-4
2025-08-07,2,Fylkir,KR,11,4,1,2.5e-4
2025-08-07,2,Fylkir,KR,11,5,1,2.5e-4
2025-08-07,2,Fylkir,KR,12,1,1,2.5e-4
2025-08-07,2,Fylkir,KR,12,2,2,5e-4
2025-08-07,2,Fylkir,KR,12,4,1,2.5e-4
2025-08-07,2,Fylkir,KR,13,0,1,2.5e-4
2025-08-07,2,Fylkir,KR,13,1,2,5e-4
2025-08-07,2,Fylkir,KR,16,1,1,2.5e-4
2025-08-07,2,Grindavík/ Njarðvík,Haukar,0,0,25,0.00625
2025-08-07,2,Grindavík/ Njarðvík,Haukar,0,1,24,0.006
2025-08-07,2,Grindavík/ Njarðvík,Haukar,0,2,32,0.008
2025-08-07,2,Grindavík/ Njarðvík,Haukar,0,3,14,0.0035
2025-08-07,2,Grindavík/ Njarðvík,Haukar,0,4,11,0.00275
2025-08-07,2,Grindavík/ Njarðvík,Haukar,0,5,7,0.00175
2025-08-07,2,Grindavík/ Njarðvík,Haukar,0,6,4,0.001
2025-08-07,2,Grindavík/ Njarðvík,Haukar,0,7,2,5e-4
2025-08-07,2,Grindavík/ Njarðvík,Haukar,0,11,1,2.5e-4
2025-08-07,2,Grindavík/ Njarðvík,Haukar,1,0,24,0.006
2025-08-07,2,Grindavík/ Njarðvík,Haukar,1,1,80,0.02
2025-08-07,2,Grindavík/ Njarðvík,Haukar,1,2,91,0.02275
2025-08-07,2,Grindavík/ Njarðvík,Haukar,1,3,55,0.01375
2025-08-07,2,Grindavík/ Njarðvík,Haukar,1,4,37,0.00925
2025-08-07,2,Grindavík/ Njarðvík,Haukar,1,5,26,0.0065
2025-08-07,2,Grindavík/ Njarðvík,Haukar,1,6,16,0.004
2025-08-07,2,Grindavík/ Njarðvík,Haukar,1,7,5,0.00125
2025-08-07,2,Grindavík/ Njarðvík,Haukar,1,8,2,5e-4
2025-08-07,2,Grindavík/ Njarðvík,Haukar,1,9,3,7.5e-4
2025-08-07,2,Grindavík/ Njarðvík,Haukar,2,0,52,0.013
2025-08-07,2,Grindavík/ Njarðvík,Haukar,2,1,115,0.02875
2025-08-07,2,Grindavík/ Njarðvík,Haukar,2,2,130,0.0325
2025-08-07,2,Grindavík/ Njarðvík,Haukar,2,3,85,0.02125
2025-08-07,2,Grindavík/ Njarðvík,Haukar,2,4,69,0.01725
2025-08-07,2,Grindavík/ Njarðvík,Haukar,2,5,47,0.01175
2025-08-07,2,Grindavík/ Njarðvík,Haukar,2,6,31,0.00775
2025-08-07,2,Grindavík/ Njarðvík,Haukar,2,7,9,0.00225
2025-08-07,2,Grindavík/ Njarðvík,Haukar,2,8,8,0.002
2025-08-07,2,Grindavík/ Njarðvík,Haukar,2,9,2,5e-4
2025-08-07,2,Grindavík/ Njarðvík,Haukar,3,0,72,0.018
2025-08-07,2,Grindavík/ Njarðvík,Haukar,3,1,137,0.03425
2025-08-07,2,Grindavík/ Njarðvík,Haukar,3,2,142,0.0355
2025-08-07,2,Grindavík/ Njarðvík,Haukar,3,3,111,0.02775
2025-08-07,2,Grindavík/ Njarðvík,Haukar,3,4,95,0.02375
2025-08-07,2,Grindavík/ Njarðvík,Haukar,3,5,51,0.01275
2025-08-07,2,Grindavík/ Njarðvík,Haukar,3,6,25,0.00625
2025-08-07,2,Grindavík/ Njarðvík,Haukar,3,7,13,0.00325
2025-08-07,2,Grindavík/ Njarðvík,Haukar,3,8,10,0.0025
2025-08-07,2,Grindavík/ Njarðvík,Haukar,3,9,3,7.5e-4
2025-08-07,2,Grindavík/ Njarðvík,Haukar,3,10,1,2.5e-4
2025-08-07,2,Grindavík/ Njarðvík,Haukar,4,0,40,0.01
2025-08-07,2,Grindavík/ Njarðvík,Haukar,4,1,118,0.0295
2025-08-07,2,Grindavík/ Njarðvík,Haukar,4,2,138,0.0345
2025-08-07,2,Grindavík/ Njarðvík,Haukar,4,3,137,0.03425
2025-08-07,2,Grindavík/ Njarðvík,Haukar,4,4,91,0.02275
2025-08-07,2,Grindavík/ Njarðvík,Haukar,4,5,39,0.00975
2025-08-07,2,Grindavík/ Njarðvík,Haukar,4,6,32,0.008
2025-08-07,2,Grindavík/ Njarðvík,Haukar,4,7,8,0.002
2025-08-07,2,Grindavík/ Njarðvík,Haukar,4,8,12,0.003
2025-08-07,2,Grindavík/ Njarðvík,Haukar,4,9,3,7.5e-4
2025-08-07,2,Grindavík/ Njarðvík,Haukar,4,10,3,7.5e-4
2025-08-07,2,Grindavík/ Njarðvík,Haukar,4,11,1,2.5e-4
2025-08-07,2,Grindavík/ Njarðvík,Haukar,5,0,47,0.01175
2025-08-07,2,Grindavík/ Njarðvík,Haukar,5,1,101,0.02525
2025-08-07,2,Grindavík/ Njarðvík,Haukar,5,2,127,0.03175
2025-08-07,2,Grindavík/ Njarðvík,Haukar,5,3,104,0.026
2025-08-07,2,Grindavík/ Njarðvík,Haukar,5,4,65,0.01625
2025-08-07,2,Grindavík/ Njarðvík,Haukar,5,5,60,0.015
2025-08-07,2,Grindavík/ Njarðvík,Haukar,5,6,29,0.00725
2025-08-07,2,Grindavík/ Njarðvík,Haukar,5,7,19,0.00475
2025-08-07,2,Grindavík/ Njarðvík,Haukar,5,8,5,0.00125
2025-08-07,2,Grindavík/ Njarðvík,Haukar,5,9,1,2.5e-4
2025-08-07,2,Grindavík/ Njarðvík,Haukar,5,10,1,2.5e-4
2025-08-07,2,Grindavík/ Njarðvík,Haukar,5,11,3,7.5e-4
2025-08-07,2,Grindavík/ Njarðvík,Haukar,6,0,41,0.01025
2025-08-07,2,Grindavík/ Njarðvík,Haukar,6,1,66,0.0165
2025-08-07,2,Grindavík/ Njarðvík,Haukar,6,2,94,0.0235
2025-08-07,2,Grindavík/ Njarðvík,Haukar,6,3,79,0.01975
2025-08-07,2,Grindavík/ Njarðvík,Haukar,6,4,54,0.0135
2025-08-07,2,Grindavík/ Njarðvík,Haukar,6,5,23,0.00575
2025-08-07,2,Grindavík/ Njarðvík,Haukar,6,6,22,0.0055
2025-08-07,2,Grindavík/ Njarðvík,Haukar,6,7,7,0.00175
2025-08-07,2,Grindavík/ Njarðvík,Haukar,6,8,7,0.00175
2025-08-07,2,Grindavík/ Njarðvík,Haukar,6,9,1,2.5e-4
2025-08-07,2,Grindavík/ Njarðvík,Haukar,7,0,24,0.006
2025-08-07,2,Grindavík/ Njarðvík,Haukar,7,1,57,0.01425
2025-08-07,2,Grindavík/ Njarðvík,Haukar,7,2,68,0.017
2025-08-07,2,Grindavík/ Njarðvík,Haukar,7,3,50,0.0125
2025-08-07,2,Grindavík/ Njarðvík,Haukar,7,4,43,0.01075
2025-08-07,2,Grindavík/ Njarðvík,Haukar,7,5,20,0.005
2025-08-07,2,Grindavík/ Njarðvík,Haukar,7,6,14,0.0035
2025-08-07,2,Grindavík/ Njarðvík,Haukar,7,7,5,0.00125
2025-08-07,2,Grindavík/ Njarðvík,Haukar,7,8,2,5e-4
2025-08-07,2,Grindavík/ Njarðvík,Haukar,7,9,2,5e-4
2025-08-07,2,Grindavík/ Njarðvík,Haukar,7,10,2,5e-4
2025-08-07,2,Grindavík/ Njarðvík,Haukar,7,12,1,2.5e-4
2025-08-07,2,Grindavík/ Njarðvík,Haukar,8,0,15,0.00375
2025-08-07,2,Grindavík/ Njarðvík,Haukar,8,1,32,0.008
2025-08-07,2,Grindavík/ Njarðvík,Haukar,8,2,48,0.012
2025-08-07,2,Grindavík/ Njarðvík,Haukar,8,3,30,0.0075
2025-08-07,2,Grindavík/ Njarðvík,Haukar,8,4,21,0.00525
2025-08-07,2,Grindavík/ Njarðvík,Haukar,8,5,14,0.0035
2025-08-07,2,Grindavík/ Njarðvík,Haukar,8,6,9,0.00225
2025-08-07,2,Grindavík/ Njarðvík,Haukar,8,7,1,2.5e-4
2025-08-07,2,Grindavík/ Njarðvík,Haukar,8,8,5,0.00125
2025-08-07,2,Grindavík/ Njarðvík,Haukar,9,0,9,0.00225
2025-08-07,2,Grindavík/ Njarðvík,Haukar,9,1,13,0.00325
2025-08-07,2,Grindavík/ Njarðvík,Haukar,9,2,25,0.00625
2025-08-07,2,Grindavík/ Njarðvík,Haukar,9,3,25,0.00625
2025-08-07,2,Grindavík/ Njarðvík,Haukar,9,4,16,0.004
2025-08-07,2,Grindavík/ Njarðvík,Haukar,9,5,13,0.00325
2025-08-07,2,Grindavík/ Njarðvík,Haukar,9,6,3,7.5e-4
2025-08-07,2,Grindavík/ Njarðvík,Haukar,9,7,5,0.00125
2025-08-07,2,Grindavík/ Njarðvík,Haukar,9,9,1,2.5e-4
2025-08-07,2,Grindavík/ Njarðvík,Haukar,10,0,7,0.00175
2025-08-07,2,Grindavík/ Njarðvík,Haukar,10,1,12,0.003
2025-08-07,2,Grindavík/ Njarðvík,Haukar,10,2,12,0.003
2025-08-07,2,Grindavík/ Njarðvík,Haukar,10,3,17,0.00425
2025-08-07,2,Grindavík/ Njarðvík,Haukar,10,4,12,0.003
2025-08-07,2,Grindavík/ Njarðvík,Haukar,10,5,6,0.0015
2025-08-07,2,Grindavík/ Njarðvík,Haukar,10,6,4,0.001
2025-08-07,2,Grindavík/ Njarðvík,Haukar,10,7,3,7.5e-4
2025-08-07,2,Grindavík/ Njarðvík,Haukar,10,9,1,2.5e-4
2025-08-07,2,Grindavík/ Njarðvík,Haukar,11,0,1,2.5e-4
2025-08-07,2,Grindavík/ Njarðvík,Haukar,11,1,5,0.00125
2025-08-07,2,Grindavík/ Njarðvík,Haukar,11,2,12,0.003
2025-08-07,2,Grindavík/ Njarðvík,Haukar,11,3,3,7.5e-4
2025-08-07,2,Grindavík/ Njarðvík,Haukar,11,4,7,0.00175
2025-08-07,2,Grindavík/ Njarðvík,Haukar,11,5,3,7.5e-4
2025-08-07,2,Grindavík/ Njarðvík,Haukar,11,6,4,0.001
2025-08-07,2,Grindavík/ Njarðvík,Haukar,11,8,1,2.5e-4
2025-08-07,2,Grindavík/ Njarðvík,Haukar,11,9,1,2.5e-4
2025-08-07,2,Grindavík/ Njarðvík,Haukar,12,0,2,5e-4
2025-08-07,2,Grindavík/ Njarðvík,Haukar,12,1,7,0.00175
2025-08-07,2,Grindavík/ Njarðvík,Haukar,12,2,7,0.00175
2025-08-07,2,Grindavík/ Njarðvík,Haukar,12,3,4,0.001
2025-08-07,2,Grindavík/ Njarðvík,Haukar,12,4,5,0.00125
2025-08-07,2,Grindavík/ Njarðvík,Haukar,12,5,2,5e-4
2025-08-07,2,Grindavík/ Njarðvík,Haukar,12,6,3,7.5e-4
2025-08-07,2,Grindavík/ Njarðvík,Haukar,12,7,2,5e-4
2025-08-07,2,Grindavík/ Njarðvík,Haukar,12,10,1,2.5e-4
2025-08-07,2,Grindavík/ Njarðvík,Haukar,13,1,2,5e-4
2025-08-07,2,Grindavík/ Njarðvík,Haukar,13,2,4,0.001
2025-08-07,2,Grindavík/ Njarðvík,Haukar,13,3,1,2.5e-4
2025-08-07,2,Grindavík/ Njarðvík,Haukar,13,4,1,2.5e-4
2025-08-07,2,Grindavík/ Njarðvík,Haukar,13,6,2,5e-4
2025-08-07,2,Grindavík/ Njarðvík,Haukar,13,9,1,2.5e-4
2025-08-07,2,Grindavík/ Njarðvík,Haukar,14,0,3,7.5e-4
2025-08-07,2,Grindavík/ Njarðvík,Haukar,14,1,3,7.5e-4
2025-08-07,2,Grindavík/ Njarðvík,Haukar,14,2,2,5e-4
2025-08-07,2,Grindavík/ Njarðvík,Haukar,14,4,3,7.5e-4
2025-08-07,2,Grindavík/ Njarðvík,Haukar,14,5,2,5e-4
2025-08-07,2,Grindavík/ Njarðvík,Haukar,14,7,1,2.5e-4
2025-08-07,2,Grindavík/ Njarðvík,Haukar,15,1,1,2.5e-4
2025-08-07,2,Grindavík/ Njarðvík,Haukar,15,2,1,2.5e-4
2025-08-07,2,Grindavík/ Njarðvík,Haukar,15,4,1,2.5e-4
2025-08-07,2,Grindavík/ Njarðvík,Haukar,15,5,2,5e-4
2025-08-07,2,Grindavík/ Njarðvík,Haukar,15,6,1,2.5e-4
2025-08-07,2,Grindavík/ Njarðvík,Haukar,16,0,1,2.5e-4
2025-08-07,2,Grindavík/ Njarðvík,Haukar,16,1,1,2.5e-4
2025-08-07,2,Grindavík/ Njarðvík,Haukar,16,3,1,2.5e-4
2025-08-07,2,Grindavík/ Njarðvík,Haukar,16,16,1,2.5e-4
2025-08-07,2,Grindavík/ Njarðvík,Haukar,17,2,2,5e-4
2025-08-07,2,Grindavík/ Njarðvík,Haukar,24,4,1,2.5e-4
2025-08-07,2,HK,Keflavík,0,0,262,0.0655
2025-08-07,2,HK,Keflavík,0,1,406,0.1015
2025-08-07,2,HK,Keflavík,0,2,317,0.07925
2025-08-07,2,HK,Keflavík,0,3,222,0.0555
2025-08-07,2,HK,Keflavík,0,4,116,0.029
2025-08-07,2,HK,Keflavík,0,5,48,0.012
2025-08-07,2,HK,Keflavík,0,6,23,0.00575
2025-08-07,2,HK,Keflavík,0,7,10,0.0025
2025-08-07,2,HK,Keflavík,0,8,4,0.001
2025-08-07,2,HK,Keflavík,1,0,232,0.058
2025-08-07,2,HK,Keflavík,1,1,379,0.09475
2025-08-07,2,HK,Keflavík,1,2,329,0.08225
2025-08-07,2,HK,Keflavík,1,3,208,0.052
2025-08-07,2,HK,Keflavík,1,4,128,0.032
2025-08-07,2,HK,Keflavík,1,5,45,0.01125
2025-08-07,2,HK,Keflavík,1,6,19,0.00475
2025-08-07,2,HK,Keflavík,1,7,8,0.002
2025-08-07,2,HK,Keflavík,1,8,3,7.5e-4
2025-08-07,2,HK,Keflavík,1,9,3,7.5e-4
2025-08-07,2,HK,Keflavík,1,10,2,5e-4
2025-08-07,2,HK,Keflavík,2,0,143,0.03575
2025-08-07,2,HK,Keflavík,2,1,213,0.05325
2025-08-07,2,HK,Keflavík,2,2,190,0.0475
2025-08-07,2,HK,Keflavík,2,3,145,0.03625
2025-08-07,2,HK,Keflavík,2,4,69,0.01725
2025-08-07,2,HK,Keflavík,2,5,23,0.00575
2025-08-07,2,HK,Keflavík,2,6,7,0.00175
2025-08-07,2,HK,Keflavík,2,7,6,0.0015
2025-08-07,2,HK,Keflavík,2,8,2,5e-4
2025-08-07,2,HK,Keflavík,2,9,1,2.5e-4
2025-08-07,2,HK,Keflavík,3,0,56,0.014
2025-08-07,2,HK,Keflavík,3,1,89,0.02225
2025-08-07,2,HK,Keflavík,3,2,73,0.01825
2025-08-07,2,HK,Keflavík,3,3,42,0.0105
2025-08-07,2,HK,Keflavík,3,4,21,0.00525
2025-08-07,2,HK,Keflavík,3,5,7,0.00175
2025-08-07,2,HK,Keflavík,3,6,4,0.001
2025-08-07,2,HK,Keflavík,3,7,1,2.5e-4
2025-08-07,2,HK,Keflavík,4,0,8,0.002
2025-08-07,2,HK,Keflavík,4,1,31,0.00775
2025-08-07,2,HK,Keflavík,4,2,30,0.0075
2025-08-07,2,HK,Keflavík,4,3,19,0.00475
2025-08-07,2,HK,Keflavík,4,4,7,0.00175
2025-08-07,2,HK,Keflavík,4,5,6,0.0015
2025-08-07,2,HK,Keflavík,5,0,4,0.001
2025-08-07,2,HK,Keflavík,5,1,5,0.00125
2025-08-07,2,HK,Keflavík,5,2,8,0.002
2025-08-07,2,HK,Keflavík,5,3,7,0.00175
2025-08-07,2,HK,Keflavík,5,4,5,0.00125
2025-08-07,2,HK,Keflavík,5,5,3,7.5e-4
2025-08-07,2,HK,Keflavík,6,0,1,2.5e-4
2025-08-07,2,HK,Keflavík,6,1,1,2.5e-4
2025-08-07,2,HK,Keflavík,6,2,3,7.5e-4
2025-08-07,2,HK,Keflavík,6,3,1,2.5e-4
2025-08-07,2,HK,Keflavík,6,4,1,2.5e-4
2025-08-07,2,HK,Keflavík,7,1,1,2.5e-4
2025-08-07,2,HK,Keflavík,7,2,1,2.5e-4
2025-08-07,2,HK,Keflavík,8,0,1,2.5e-4
2025-08-07,2,HK,Keflavík,8,1,1,2.5e-4
2025-08-07,2,ÍA,Grótta,0,0,211,0.05275
2025-08-07,2,ÍA,Grótta,0,1,202,0.0505
2025-08-07,2,ÍA,Grótta,0,2,116,0.029
2025-08-07,2,ÍA,Grótta,0,3,33,0.00825
2025-08-07,2,ÍA,Grótta,0,4,16,0.004
2025-08-07,2,ÍA,Grótta,0,5,4,0.001
2025-08-07,2,ÍA,Grótta,0,8,1,2.5e-4
2025-08-07,2,ÍA,Grótta,1,0,374,0.0935
2025-08-07,2,ÍA,Grótta,1,1,374,0.0935
2025-08-07,2,ÍA,Grótta,1,2,209,0.05225
2025-08-07,2,ÍA,Grótta,1,3,90,0.0225
2025-08-07,2,ÍA,Grótta,1,4,40,0.01
2025-08-07,2,ÍA,Grótta,1,5,4,0.001
2025-08-07,2,ÍA,Grótta,1,6,2,5e-4
2025-08-07,2,ÍA,Grótta,1,7,3,7.5e-4
2025-08-07,2,ÍA,Grótta,1,8,1,2.5e-4
2025-08-07,2,ÍA,Grótta,2,0,334,0.0835
2025-08-07,2,ÍA,Grótta,2,1,343,0.08575
2025-08-07,2,ÍA,Grótta,2,2,184,0.046
2025-08-07,2,ÍA,Grótta,2,3,108,0.027
2025-08-07,2,ÍA,Grótta,2,4,29,0.00725
2025-08-07,2,ÍA,Grótta,2,5,12,0.003
2025-08-07,2,ÍA,Grótta,2,6,1,2.5e-4
2025-08-07,2,ÍA,Grótta,2,7,1,2.5e-4
2025-08-07,2,ÍA,Grótta,3,0,186,0.0465
2025-08-07,2,ÍA,Grótta,3,1,253,0.06325
2025-08-07,2,ÍA,Grótta,3,2,108,0.027
2025-08-07,2,ÍA,Grótta,3,3,61,0.01525
2025-08-07,2,ÍA,Grótta,3,4,25,0.00625
2025-08-07,2,ÍA,Grótta,3,5,6,0.0015
2025-08-07,2,ÍA,Grótta,3,6,4,0.001
2025-08-07,2,ÍA,Grótta,3,7,1,2.5e-4
2025-08-07,2,ÍA,Grótta,4,0,122,0.0305
2025-08-07,2,ÍA,Grótta,4,1,127,0.03175
2025-08-07,2,ÍA,Grótta,4,2,74,0.0185
2025-08-07,2,ÍA,Grótta,4,3,33,0.00825
2025-08-07,2,ÍA,Grótta,4,4,19,0.00475
2025-08-07,2,ÍA,Grótta,4,5,3,7.5e-4
2025-08-07,2,ÍA,Grótta,4,6,2,5e-4
2025-08-07,2,ÍA,Grótta,5,0,53,0.01325
2025-08-07,2,ÍA,Grótta,5,1,58,0.0145
2025-08-07,2,ÍA,Grótta,5,2,37,0.00925
2025-08-07,2,ÍA,Grótta,5,3,21,0.00525
2025-08-07,2,ÍA,Grótta,5,4,3,7.5e-4
2025-08-07,2,ÍA,Grótta,5,5,1,2.5e-4
2025-08-07,2,ÍA,Grótta,6,0,23,0.00575
2025-08-07,2,ÍA,Grótta,6,1,22,0.0055
2025-08-07,2,ÍA,Grótta,6,2,13,0.00325
2025-08-07,2,ÍA,Grótta,6,3,6,0.0015
2025-08-07,2,ÍA,Grótta,6,4,4,0.001
2025-08-07,2,ÍA,Grótta,6,5,2,5e-4
2025-08-07,2,ÍA,Grótta,6,6,1,2.5e-4
2025-08-07,2,ÍA,Grótta,6,8,1,2.5e-4
2025-08-07,2,ÍA,Grótta,7,0,9,0.00225
2025-08-07,2,ÍA,Grótta,7,1,6,0.0015
2025-08-07,2,ÍA,Grótta,7,2,6,0.0015
2025-08-07,2,ÍA,Grótta,7,3,2,5e-4
2025-08-07,2,ÍA,Grótta,8,1,5,0.00125
2025-08-07,2,ÍA,Grótta,8,2,2,5e-4
2025-08-07,2,ÍA,Grótta,8,3,2,5e-4
2025-08-07,2,ÍA,Grótta,9,1,3,7.5e-4
2025-08-07,2,ÍA,Grótta,9,2,1,2.5e-4
2025-08-07,2,ÍA,Grótta,9,3,1,2.5e-4
2025-08-07,2,ÍA,Grótta,10,0,1,2.5e-4
2025-08-07,2,ÍA,Grótta,10,3,1,2.5e-4
2025-08-07,2,ÍBV,Afturelding,0,0,33,0.00825
2025-08-07,2,ÍBV,Afturelding,0,1,21,0.00525
2025-08-07,2,ÍBV,Afturelding,0,2,21,0.00525
2025-08-07,2,ÍBV,Afturelding,0,3,10,0.0025
2025-08-07,2,ÍBV,Afturelding,0,4,2,5e-4
2025-08-07,2,ÍBV,Afturelding,0,5,1,2.5e-4
2025-08-07,2,ÍBV,Afturelding,1,0,83,0.02075
2025-08-07,2,ÍBV,Afturelding,1,1,97,0.02425
2025-08-07,2,ÍBV,Afturelding,1,2,48,0.012
2025-08-07,2,ÍBV,Afturelding,1,3,24,0.006
2025-08-07,2,ÍBV,Afturelding,1,4,9,0.00225
2025-08-07,2,ÍBV,Afturelding,1,5,1,2.5e-4
2025-08-07,2,ÍBV,Afturelding,1,6,2,5e-4
2025-08-07,2,ÍBV,Afturelding,2,0,142,0.0355
2025-08-07,2,ÍBV,Afturelding,2,1,156,0.039
2025-08-07,2,ÍBV,Afturelding,2,2,94,0.0235
2025-08-07,2,ÍBV,Afturelding,2,3,49,0.01225
2025-08-07,2,ÍBV,Afturelding,2,4,13,0.00325
2025-08-07,2,ÍBV,Afturelding,2,5,5,0.00125
2025-08-07,2,ÍBV,Afturelding,2,7,3,7.5e-4
2025-08-07,2,ÍBV,Afturelding,3,0,194,0.0485
2025-08-07,2,ÍBV,Afturelding,3,1,207,0.05175
2025-08-07,2,ÍBV,Afturelding,3,2,137,0.03425
2025-08-07,2,ÍBV,Afturelding,3,3,75,0.01875
2025-08-07,2,ÍBV,Afturelding,3,4,17,0.00425
2025-08-07,2,ÍBV,Afturelding,3,5,5,0.00125
2025-08-07,2,ÍBV,Afturelding,3,6,2,5e-4
2025-08-07,2,ÍBV,Afturelding,3,7,1,2.5e-4
2025-08-07,2,ÍBV,Afturelding,4,0,192,0.048
2025-08-07,2,ÍBV,Afturelding,4,1,209,0.05225
2025-08-07,2,ÍBV,Afturelding,4,2,137,0.03425
2025-08-07,2,ÍBV,Afturelding,4,3,74,0.0185
2025-08-07,2,ÍBV,Afturelding,4,4,22,0.0055
2025-08-07,2,ÍBV,Afturelding,4,5,6,0.0015
2025-08-07,2,ÍBV,Afturelding,4,6,2,5e-4
2025-08-07,2,ÍBV,Afturelding,4,7,1,2.5e-4
2025-08-07,2,ÍBV,Afturelding,4,8,1,2.5e-4
2025-08-07,2,ÍBV,Afturelding,5,0,162,0.0405
2025-08-07,2,ÍBV,Afturelding,5,1,213,0.05325
2025-08-07,2,ÍBV,Afturelding,5,2,109,0.02725
2025-08-07,2,ÍBV,Afturelding,5,3,42,0.0105
2025-08-07,2,ÍBV,Afturelding,5,4,24,0.006
2025-08-07,2,ÍBV,Afturelding,5,5,7,0.00175
2025-08-07,2,ÍBV,Afturelding,5,6,2,5e-4
2025-08-07,2,ÍBV,Afturelding,5,7,2,5e-4
2025-08-07,2,ÍBV,Afturelding,5,9,1,2.5e-4
2025-08-07,2,ÍBV,Afturelding,6,0,143,0.03575
2025-08-07,2,ÍBV,Afturelding,6,1,155,0.03875
2025-08-07,2,ÍBV,Afturelding,6,2,108,0.027
2025-08-07,2,ÍBV,Afturelding,6,3,41,0.01025
2025-08-07,2,ÍBV,Afturelding,6,4,17,0.00425
2025-08-07,2,ÍBV,Afturelding,6,5,3,7.5e-4
2025-08-07,2,ÍBV,Afturelding,6,6,3,7.5e-4
2025-08-07,2,ÍBV,Afturelding,6,7,2,5e-4
2025-08-07,2,ÍBV,Afturelding,7,0,90,0.0225
2025-08-07,2,ÍBV,Afturelding,7,1,122,0.0305
2025-08-07,2,ÍBV,Afturelding,7,2,61,0.01525
2025-08-07,2,ÍBV,Afturelding,7,3,28,0.007
2025-08-07,2,ÍBV,Afturelding,7,4,11,0.00275
2025-08-07,2,ÍBV,Afturelding,7,5,3,7.5e-4
2025-08-07,2,ÍBV,Afturelding,7,6,1,2.5e-4
2025-08-07,2,ÍBV,Afturelding,7,7,1,2.5e-4
2025-08-07,2,ÍBV,Afturelding,8,0,72,0.018
2025-08-07,2,ÍBV,Afturelding,8,1,75,0.01875
2025-08-07,2,ÍBV,Afturelding,8,2,45,0.01125
2025-08-07,2,ÍBV,Afturelding,8,3,16,0.004
2025-08-07,2,ÍBV,Afturelding,8,4,5,0.00125
2025-08-07,2,ÍBV,Afturelding,8,5,1,2.5e-4
2025-08-07,2,ÍBV,Afturelding,8,6,2,5e-4
2025-08-07,2,ÍBV,Afturelding,9,0,39,0.00975
2025-08-07,2,ÍBV,Afturelding,9,1,39,0.00975
2025-08-07,2,ÍBV,Afturelding,9,2,23,0.00575
2025-08-07,2,ÍBV,Afturelding,9,3,15,0.00375
2025-08-07,2,ÍBV,Afturelding,9,4,4,0.001
2025-08-07,2,ÍBV,Afturelding,9,5,4,0.001
2025-08-07,2,ÍBV,Afturelding,9,6,3,7.5e-4
2025-08-07,2,ÍBV,Afturelding,10,0,28,0.007
2025-08-07,2,ÍBV,Afturelding,10,1,38,0.0095
2025-08-07,2,ÍBV,Afturelding,10,2,16,0.004
2025-08-07,2,ÍBV,Afturelding,10,3,4,0.001
2025-08-07,2,ÍBV,Afturelding,10,4,1,2.5e-4
2025-08-07,2,ÍBV,Afturelding,11,0,15,0.00375
2025-08-07,2,ÍBV,Afturelding,11,1,17,0.00425
2025-08-07,2,ÍBV,Afturelding,11,2,9,0.00225
2025-08-07,2,ÍBV,Afturelding,11,3,4,0.001
2025-08-07,2,ÍBV,Afturelding,11,4,2,5e-4
2025-08-07,2,ÍBV,Afturelding,11,5,1,2.5e-4
2025-08-07,2,ÍBV,Afturelding,12,0,8,0.002
2025-08-07,2,ÍBV,Afturelding,12,1,6,0.0015
2025-08-07,2,ÍBV,Afturelding,12,2,7,0.00175
2025-08-07,2,ÍBV,Afturelding,12,3,3,7.5e-4
2025-08-07,2,ÍBV,Afturelding,12,4,2,5e-4
2025-08-07,2,ÍBV,Afturelding,13,0,9,0.00225
2025-08-07,2,ÍBV,Afturelding,13,1,6,0.0015
2025-08-07,2,ÍBV,Afturelding,13,2,1,2.5e-4
2025-08-07,2,ÍBV,Afturelding,13,3,5,0.00125
2025-08-07,2,ÍBV,Afturelding,13,4,2,5e-4
2025-08-07,2,ÍBV,Afturelding,14,0,6,0.0015
2025-08-07,2,ÍBV,Afturelding,14,1,3,7.5e-4
2025-08-07,2,ÍBV,Afturelding,14,2,1,2.5e-4
2025-08-07,2,ÍBV,Afturelding,14,4,1,2.5e-4
2025-08-07,2,ÍBV,Afturelding,15,0,2,5e-4
2025-08-07,2,ÍBV,Afturelding,15,1,4,0.001
2025-08-07,2,ÍBV,Afturelding,15,2,4,0.001
2025-08-07,2,ÍBV,Afturelding,15,3,2,5e-4
2025-08-07,2,ÍBV,Afturelding,16,2,2,5e-4
2025-08-07,2,ÍBV,Afturelding,18,2,1,2.5e-4
2025-08-08,1,Þróttur R.,Víkingur R.,0,0,131,0.03275
2025-08-08,1,Þróttur R.,Víkingur R.,0,1,112,0.028
2025-08-08,1,Þróttur R.,Víkingur R.,0,2,34,0.0085
2025-08-08,1,Þróttur R.,Víkingur R.,0,3,16,0.004
2025-08-08,1,Þróttur R.,Víkingur R.,0,4,2,5e-4
2025-08-08,1,Þróttur R.,Víkingur R.,0,5,1,2.5e-4
2025-08-08,1,Þróttur R.,Víkingur R.,1,0,323,0.08075
2025-08-08,1,Þróttur R.,Víkingur R.,1,1,252,0.063
2025-08-08,1,Þróttur R.,Víkingur R.,1,2,78,0.0195
2025-08-08,1,Þróttur R.,Víkingur R.,1,3,30,0.0075
2025-08-08,1,Þróttur R.,Víkingur R.,1,4,8,0.002
2025-08-08,1,Þróttur R.,Víkingur R.,1,5,3,7.5e-4
2025-08-08,1,Þróttur R.,Víkingur R.,2,0,407,0.10175
2025-08-08,1,Þróttur R.,Víkingur R.,2,1,307,0.07675
2025-08-08,1,Þróttur R.,Víkingur R.,2,2,129,0.03225
2025-08-08,1,Þróttur R.,Víkingur R.,2,3,38,0.0095
2025-08-08,1,Þróttur R.,Víkingur R.,2,4,10,0.0025
2025-08-08,1,Þróttur R.,Víkingur R.,2,5,5,0.00125
2025-08-08,1,Þróttur R.,Víkingur R.,2,6,1,2.5e-4
2025-08-08,1,Þróttur R.,Víkingur R.,3,0,318,0.0795
2025-08-08,1,Þróttur R.,Víkingur R.,3,1,258,0.0645
2025-08-08,1,Þróttur R.,Víkingur R.,3,2,112,0.028
2025-08-08,1,Þróttur R.,Víkingur R.,3,3,29,0.00725
2025-08-08,1,Þróttur R.,Víkingur R.,3,4,8,0.002
2025-08-08,1,Þróttur R.,Víkingur R.,3,5,2,5e-4
2025-08-08,1,Þróttur R.,Víkingur R.,3,6,1,2.5e-4
2025-08-08,1,Þróttur R.,Víkingur R.,3,8,1,2.5e-4
2025-08-08,1,Þróttur R.,Víkingur R.,4,0,265,0.06625
2025-08-08,1,Þróttur R.,Víkingur R.,4,1,232,0.058
2025-08-08,1,Þróttur R.,Víkingur R.,4,2,72,0.018
2025-08-08,1,Þróttur R.,Víkingur R.,4,3,29,0.00725
2025-08-08,1,Þróttur R.,Víkingur R.,4,4,9,0.00225
2025-08-08,1,Þróttur R.,Víkingur R.,4,5,2,5e-4
2025-08-08,1,Þróttur R.,Víkingur R.,4,6,1,2.5e-4
2025-08-08,1,Þróttur R.,Víkingur R.,5,0,158,0.0395
2025-08-08,1,Þróttur R.,Víkingur R.,5,1,134,0.0335
2025-08-08,1,Þróttur R.,Víkingur R.,5,2,61,0.01525
2025-08-08,1,Þróttur R.,Víkingur R.,5,3,15,0.00375
2025-08-08,1,Þróttur R.,Víkingur R.,5,4,2,5e-4
2025-08-08,1,Þróttur R.,Víkingur R.,5,5,2,5e-4
2025-08-08,1,Þróttur R.,Víkingur R.,6,0,83,0.02075
2025-08-08,1,Þróttur R.,Víkingur R.,6,1,71,0.01775
2025-08-08,1,Þróttur R.,Víkingur R.,6,2,26,0.0065
2025-08-08,1,Þróttur R.,Víkingur R.,6,3,7,0.00175
2025-08-08,1,Þróttur R.,Víkingur R.,6,4,2,5e-4
2025-08-08,1,Þróttur R.,Víkingur R.,6,5,1,2.5e-4
2025-08-08,1,Þróttur R.,Víkingur R.,7,0,42,0.0105
2025-08-08,1,Þróttur R.,Víkingur R.,7,1,48,0.012
2025-08-08,1,Þróttur R.,Víkingur R.,7,2,16,0.004
2025-08-08,1,Þróttur R.,Víkingur R.,7,3,4,0.001
2025-08-08,1,Þróttur R.,Víkingur R.,7,4,3,7.5e-4
2025-08-08,1,Þróttur R.,Víkingur R.,8,0,21,0.00525
2025-08-08,1,Þróttur R.,Víkingur R.,8,1,18,0.0045
2025-08-08,1,Þróttur R.,Víkingur R.,8,2,6,0.0015
2025-08-08,1,Þróttur R.,Víkingur R.,8,3,1,2.5e-4
2025-08-08,1,Þróttur R.,Víkingur R.,8,4,2,5e-4
2025-08-08,1,Þróttur R.,Víkingur R.,9,0,10,0.0025
2025-08-08,1,Þróttur R.,Víkingur R.,9,1,10,0.0025
2025-08-08,1,Þróttur R.,Víkingur R.,9,2,2,5e-4
2025-08-08,1,Þróttur R.,Víkingur R.,9,3,3,7.5e-4
2025-08-08,1,Þróttur R.,Víkingur R.,9,4,1,2.5e-4
2025-08-08,1,Þróttur R.,Víkingur R.,10,0,6,0.0015
2025-08-08,1,Þróttur R.,Víkingur R.,10,1,6,0.0015
2025-08-08,1,Þróttur R.,Víkingur R.,10,2,3,7.5e-4
2025-08-08,1,Þróttur R.,Víkingur R.,10,3,2,5e-4
2025-08-08,1,Þróttur R.,Víkingur R.,11,2,1,2.5e-4
2025-08-08,1,Þróttur R.,Víkingur R.,11,3,1,2.5e-4
2025-08-08,1,Þróttur R.,Víkingur R.,12,0,2,5e-4
2025-08-08,1,Þróttur R.,Víkingur R.,12,1,1,2.5e-4
2025-08-08,1,Þróttur R.,Víkingur R.,12,2,1,2.5e-4
2025-08-08,1,Þróttur R.,Víkingur R.,13,1,1,2.5e-4
2025-08-08,1,Þróttur R.,Víkingur R.,14,3,1,2.5e-4
2025-08-09,1,FHL,FH,0,0,81,0.02025
2025-08-09,1,FHL,FH,0,1,220,0.055
2025-08-09,1,FHL,FH,0,2,350,0.0875
2025-08-09,1,FHL,FH,0,3,343,0.08575
2025-08-09,1,FHL,FH,0,4,315,0.07875
2025-08-09,1,FHL,FH,0,5,220,0.055
2025-08-09,1,FHL,FH,0,6,151,0.03775
2025-08-09,1,FHL,FH,0,7,95,0.02375
2025-08-09,1,FHL,FH,0,8,55,0.01375
2025-08-09,1,FHL,FH,0,9,25,0.00625
2025-08-09,1,FHL,FH,0,10,13,0.00325
2025-08-09,1,FHL,FH,0,11,6,0.0015
2025-08-09,1,FHL,FH,0,12,6,0.0015
2025-08-09,1,FHL,FH,0,13,1,2.5e-4
2025-08-09,1,FHL,FH,0,14,2,5e-4
2025-08-09,1,FHL,FH,0,16,1,2.5e-4
2025-08-09,1,FHL,FH,1,0,52,0.013
2025-08-09,1,FHL,FH,1,1,151,0.03775
2025-08-09,1,FHL,FH,1,2,252,0.063
2025-08-09,1,FHL,FH,1,3,258,0.0645
2025-08-09,1,FHL,FH,1,4,230,0.0575
2025-08-09,1,FHL,FH,1,5,140,0.035
2025-08-09,1,FHL,FH,1,6,121,0.03025
2025-08-09,1,FHL,FH,1,7,59,0.01475
2025-08-09,1,FHL,FH,1,8,46,0.0115
2025-08-09,1,FHL,FH,1,9,21,0.00525
2025-08-09,1,FHL,FH,1,10,12,0.003
2025-08-09,1,FHL,FH,1,11,4,0.001
2025-08-09,1,FHL,FH,1,12,1,2.5e-4
2025-08-09,1,FHL,FH,1,13,2,5e-4
2025-08-09,1,FHL,FH,1,14,1,2.5e-4
2025-08-09,1,FHL,FH,1,16,1,2.5e-4
2025-08-09,1,FHL,FH,2,0,21,0.00525
2025-08-09,1,FHL,FH,2,1,76,0.019
2025-08-09,1,FHL,FH,2,2,103,0.02575
2025-08-09,1,FHL,FH,2,3,95,0.02375
2025-08-09,1,FHL,FH,2,4,67,0.01675
2025-08-09,1,FHL,FH,2,5,60,0.015
2025-08-09,1,FHL,FH,2,6,38,0.0095
2025-08-09,1,FHL,FH,2,7,30,0.0075
2025-08-09,1,FHL,FH,2,8,14,0.0035
2025-08-09,1,FHL,FH,2,9,6,0.0015
2025-08-09,1,FHL,FH,2,10,2,5e-4
2025-08-09,1,FHL,FH,2,11,1,2.5e-4
2025-08-09,1,FHL,FH,2,14,1,2.5e-4
2025-08-09,1,FHL,FH,3,0,10,0.0025
2025-08-09,1,FHL,FH,3,1,19,0.00475
2025-08-09,1,FHL,FH,3,2,30,0.0075
2025-08-09,1,FHL,FH,3,3,42,0.0105
2025-08-09,1,FHL,FH,3,4,33,0.00825
2025-08-09,1,FHL,FH,3,5,25,0.00625
2025-08-09,1,FHL,FH,3,6,9,0.00225
2025-08-09,1,FHL,FH,3,7,8,0.002
2025-08-09,1,FHL,FH,3,9,4,0.001
2025-08-09,1,FHL,FH,3,11,4,0.001
2025-08-09,1,FHL,FH,3,12,1,2.5e-4
2025-08-09,1,FHL,FH,4,0,1,2.5e-4
2025-08-09,1,FHL,FH,4,1,4,0.001
2025-08-09,1,FHL,FH,4,2,8,0.002
2025-08-09,1,FHL,FH,4,3,12,0.003
2025-08-09,1,FHL,FH,4,4,10,0.0025
2025-08-09,1,FHL,FH,4,5,4,0.001
2025-08-09,1,FHL,FH,4,6,3,7.5e-4
2025-08-09,1,FHL,FH,4,7,3,7.5e-4
2025-08-09,1,FHL,FH,4,8,3,7.5e-4
2025-08-09,1,FHL,FH,4,10,2,5e-4
2025-08-09,1,FHL,FH,4,11,1,2.5e-4
2025-08-09,1,FHL,FH,5,0,1,2.5e-4
2025-08-09,1,FHL,FH,5,1,2,5e-4
2025-08-09,1,FHL,FH,5,2,3,7.5e-4
2025-08-09,1,FHL,FH,5,3,2,5e-4
2025-08-09,1,FHL,FH,5,4,2,5e-4
2025-08-09,1,FHL,FH,5,5,1,2.5e-4
2025-08-09,1,FHL,FH,5,12,1,2.5e-4
2025-08-09,1,FHL,FH,6,2,1,2.5e-4
2025-08-09,1,FHL,FH,6,5,1,2.5e-4
2025-08-09,1,FHL,FH,7,10,1,2.5e-4
2025-08-10,2,KR,ÍBV,0,0,44,0.011
2025-08-10,2,KR,ÍBV,0,1,61,0.01525
2025-08-10,2,KR,ÍBV,0,2,71,0.01775
2025-08-10,2,KR,ÍBV,0,3,49,0.01225
2025-08-10,2,KR,ÍBV,0,4,31,0.00775
2025-08-10,2,KR,ÍBV,0,5,15,0.00375
2025-08-10,2,KR,ÍBV,0,6,4,0.001
2025-08-10,2,KR,ÍBV,0,7,5,0.00125
2025-08-10,2,KR,ÍBV,0,8,2,5e-4
2025-08-10,2,KR,ÍBV,1,0,68,0.017
2025-08-10,2,KR,ÍBV,1,1,146,0.0365
2025-08-10,2,KR,ÍBV,1,2,151,0.03775
2025-08-10,2,KR,ÍBV,1,3,116,0.029
2025-08-10,2,KR,ÍBV,1,4,83,0.02075
2025-08-10,2,KR,ÍBV,1,5,48,0.012
2025-08-10,2,KR,ÍBV,1,6,12,0.003
2025-08-10,2,KR,ÍBV,1,7,9,0.00225
2025-08-10,2,KR,ÍBV,1,8,9,0.00225
2025-08-10,2,KR,ÍBV,1,9,1,2.5e-4
2025-08-10,2,KR,ÍBV,1,10,2,5e-4
2025-08-10,2,KR,ÍBV,2,0,87,0.02175
2025-08-10,2,KR,ÍBV,2,1,175,0.04375
2025-08-10,2,KR,ÍBV,2,2,192,0.048
2025-08-10,2,KR,ÍBV,2,3,145,0.03625
2025-08-10,2,KR,ÍBV,2,4,104,0.026
2025-08-10,2,KR,ÍBV,2,5,64,0.016
2025-08-10,2,KR,ÍBV,2,6,27,0.00675
2025-08-10,2,KR,ÍBV,2,7,10,0.0025
2025-08-10,2,KR,ÍBV,2,8,5,0.00125
2025-08-10,2,KR,ÍBV,2,9,3,7.5e-4
2025-08-10,2,KR,ÍBV,2,10,1,2.5e-4
2025-08-10,2,KR,ÍBV,2,11,1,2.5e-4
2025-08-10,2,KR,ÍBV,2,12,1,2.5e-4
2025-08-10,2,KR,ÍBV,3,0,44,0.011
2025-08-10,2,KR,ÍBV,3,1,180,0.045
2025-08-10,2,KR,ÍBV,3,2,198,0.0495
2025-08-10,2,KR,ÍBV,3,3,164,0.041
2025-08-10,2,KR,ÍBV,3,4,98,0.0245
2025-08-10,2,KR,ÍBV,3,5,55,0.01375
2025-08-10,2,KR,ÍBV,3,6,44,0.011
2025-08-10,2,KR,ÍBV,3,7,17,0.00425
2025-08-10,2,KR,ÍBV,3,8,3,7.5e-4
2025-08-10,2,KR,ÍBV,3,9,1,2.5e-4
2025-08-10,2,KR,ÍBV,3,10,1,2.5e-4
2025-08-10,2,KR,ÍBV,4,0,52,0.013
2025-08-10,2,KR,ÍBV,4,1,115,0.02875
2025-08-10,2,KR,ÍBV,4,2,117,0.02925
2025-08-10,2,KR,ÍBV,4,3,130,0.0325
2025-08-10,2,KR,ÍBV,4,4,82,0.0205
2025-08-10,2,KR,ÍBV,4,5,56,0.014
2025-08-10,2,KR,ÍBV,4,6,20,0.005
2025-08-10,2,KR,ÍBV,4,7,14,0.0035
2025-08-10,2,KR,ÍBV,4,8,4,0.001
2025-08-10,2,KR,ÍBV,4,9,4,0.001
2025-08-10,2,KR,ÍBV,4,10,1,2.5e-4
2025-08-10,2,KR,ÍBV,4,11,1,2.5e-4
2025-08-10,2,KR,ÍBV,4,12,1,2.5e-4
2025-08-10,2,KR,ÍBV,5,0,26,0.0065
2025-08-10,2,KR,ÍBV,5,1,69,0.01725
2025-08-10,2,KR,ÍBV,5,2,90,0.0225
2025-08-10,2,KR,ÍBV,5,3,90,0.0225
2025-08-10,2,KR,ÍBV,5,4,55,0.01375
2025-08-10,2,KR,ÍBV,5,5,32,0.008
2025-08-10,2,KR,ÍBV,5,6,16,0.004
2025-08-10,2,KR,ÍBV,5,7,5,0.00125
2025-08-10,2,KR,ÍBV,5,8,1,2.5e-4
2025-08-10,2,KR,ÍBV,5,9,1,2.5e-4
2025-08-10,2,KR,ÍBV,5,12,1,2.5e-4
2025-08-10,2,KR,ÍBV,5,13,1,2.5e-4
2025-08-10,2,KR,ÍBV,6,0,18,0.0045
2025-08-10,2,KR,ÍBV,6,1,37,0.00925
2025-08-10,2,KR,ÍBV,6,2,45,0.01125
2025-08-10,2,KR,ÍBV,6,3,41,0.01025
2025-08-10,2,KR,ÍBV,6,4,36,0.009
2025-08-10,2,KR,ÍBV,6,5,24,0.006
2025-08-10,2,KR,ÍBV,6,6,16,0.004
2025-08-10,2,KR,ÍBV,6,7,7,0.00175
2025-08-10,2,KR,ÍBV,6,8,2,5e-4
2025-08-10,2,KR,ÍBV,6,9,1,2.5e-4
2025-08-10,2,KR,ÍBV,6,10,2,5e-4
2025-08-10,2,KR,ÍBV,7,0,9,0.00225
2025-08-10,2,KR,ÍBV,7,1,26,0.0065
2025-08-10,2,KR,ÍBV,7,2,25,0.00625
2025-08-10,2,KR,ÍBV,7,3,29,0.00725
2025-08-10,2,KR,ÍBV,7,4,8,0.002
2025-08-10,2,KR,ÍBV,7,5,15,0.00375
2025-08-10,2,KR,ÍBV,7,6,9,0.00225
2025-08-10,2,KR,ÍBV,7,7,2,5e-4
2025-08-10,2,KR,ÍBV,7,8,1,2.5e-4
2025-08-10,2,KR,ÍBV,7,9,1,2.5e-4
2025-08-10,2,KR,ÍBV,8,0,4,0.001
2025-08-10,2,KR,ÍBV,8,1,13,0.00325
2025-08-10,2,KR,ÍBV,8,2,12,0.003
2025-08-10,2,KR,ÍBV,8,3,11,0.00275
2025-08-10,2,KR,ÍBV,8,4,10,0.0025
2025-08-10,2,KR,ÍBV,8,5,3,7.5e-4
2025-08-10,2,KR,ÍBV,8,6,4,0.001
2025-08-10,2,KR,ÍBV,8,7,1,2.5e-4
2025-08-10,2,KR,ÍBV,8,8,1,2.5e-4
2025-08-10,2,KR,ÍBV,8,9,1,2.5e-4
2025-08-10,2,KR,ÍBV,8,11,1,2.5e-4
2025-08-10,2,KR,ÍBV,8,12,1,2.5e-4
2025-08-10,2,KR,ÍBV,9,0,1,2.5e-4
2025-08-10,2,KR,ÍBV,9,1,8,0.002
2025-08-10,2,KR,ÍBV,9,2,5,0.00125
2025-08-10,2,KR,ÍBV,9,3,7,0.00175
2025-08-10,2,KR,ÍBV,9,5,2,5e-4
2025-08-10,2,KR,ÍBV,9,6,3,7.5e-4
2025-08-10,2,KR,ÍBV,9,8,2,5e-4
2025-08-10,2,KR,ÍBV,9,9,1,2.5e-4
2025-08-10,2,KR,ÍBV,9,12,1,2.5e-4
2025-08-10,2,KR,ÍBV,10,1,2,5e-4
2025-08-10,2,KR,ÍBV,10,2,4,0.001
2025-08-10,2,KR,ÍBV,10,3,3,7.5e-4
2025-08-10,2,KR,ÍBV,10,4,2,5e-4
2025-08-10,2,KR,ÍBV,10,5,1,2.5e-4
2025-08-10,2,KR,ÍBV,10,6,2,5e-4
2025-08-10,2,KR,ÍBV,10,10,1,2.5e-4
2025-08-10,2,KR,ÍBV,11,1,1,2.5e-4
2025-08-10,2,KR,ÍBV,11,2,1,2.5e-4
2025-08-10,2,KR,ÍBV,11,4,1,2.5e-4
2025-08-10,2,KR,ÍBV,12,1,1,2.5e-4
2025-08-10,2,KR,ÍBV,12,2,1,2.5e-4
2025-08-10,2,KR,ÍBV,12,3,1,2.5e-4
2025-08-10,2,KR,ÍBV,12,4,1,2.5e-4
2025-08-10,2,KR,ÍBV,14,1,1,2.5e-4
2025-08-12,1,FH,Þór/KA,0,0,234,0.0585
2025-08-12,1,FH,Þór/KA,0,1,228,0.057
2025-08-12,1,FH,Þór/KA,0,2,115,0.02875
2025-08-12,1,FH,Þór/KA,0,3,52,0.013
2025-08-12,1,FH,Þór/KA,0,4,19,0.00475
2025-08-12,1,FH,Þór/KA,0,5,5,0.00125
2025-08-12,1,FH,Þór/KA,0,6,2,5e-4
2025-08-12,1,FH,Þór/KA,1,0,336,0.084
2025-08-12,1,FH,Þór/KA,1,1,356,0.089
2025-08-12,1,FH,Þór/KA,1,2,196,0.049
2025-08-12,1,FH,Þór/KA,1,3,106,0.0265
2025-08-12,1,FH,Þór/KA,1,4,43,0.01075
2025-08-12,1,FH,Þór/KA,1,5,15,0.00375
2025-08-12,1,FH,Þór/KA,1,6,3,7.5e-4
2025-08-12,1,FH,Þór/KA,2,0,276,0.069
2025-08-12,1,FH,Þór/KA,2,1,298,0.0745
2025-08-12,1,FH,Þór/KA,2,2,231,0.05775
2025-08-12,1,FH,Þór/KA,2,3,93,0.02325
2025-08-12,1,FH,Þór/KA,2,4,40,0.01
2025-08-12,1,FH,Þór/KA,2,5,16,0.004
2025-08-12,1,FH,Þór/KA,2,6,1,2.5e-4
2025-08-12,1,FH,Þór/KA,2,7,1,2.5e-4
2025-08-12,1,FH,Þór/KA,2,8,1,2.5e-4
2025-08-12,1,FH,Þór/KA,3,0,202,0.0505
2025-08-12,1,FH,Þór/KA,3,1,223,0.05575
2025-08-12,1,FH,Þór/KA,3,2,128,0.032
2025-08-12,1,FH,Þór/KA,3,3,80,0.02
2025-08-12,1,FH,Þór/KA,3,4,20,0.005
2025-08-12,1,FH,Þór/KA,3,5,8,0.002
2025-08-12,1,FH,Þór/KA,3,6,3,7.5e-4
2025-08-12,1,FH,Þór/KA,3,7,1,2.5e-4
2025-08-12,1,FH,Þór/KA,4,0,106,0.0265
2025-08-12,1,FH,Þór/KA,4,1,117,0.02925
2025-08-12,1,FH,Þór/KA,4,2,90,0.0225
2025-08-12,1,FH,Þór/KA,4,3,37,0.00925
2025-08-12,1,FH,Þór/KA,4,4,14,0.0035
2025-08-12,1,FH,Þór/KA,4,5,4,0.001
2025-08-12,1,FH,Þór/KA,4,6,1,2.5e-4
2025-08-12,1,FH,Þór/KA,4,8,1,2.5e-4
2025-08-12,1,FH,Þór/KA,5,0,59,0.01475
2025-08-12,1,FH,Þór/KA,5,1,52,0.013
2025-08-12,1,FH,Þór/KA,5,2,46,0.0115
2025-08-12,1,FH,Þór/KA,5,3,18,0.0045
2025-08-12,1,FH,Þór/KA,5,4,5,0.00125
2025-08-12,1,FH,Þór/KA,5,5,1,2.5e-4
2025-08-12,1,FH,Þór/KA,5,6,1,2.5e-4
2025-08-12,1,FH,Þór/KA,5,7,2,5e-4
2025-08-12,1,FH,Þór/KA,6,0,21,0.00525
2025-08-12,1,FH,Þór/KA,6,1,14,0.0035
2025-08-12,1,FH,Þór/KA,6,2,20,0.005
2025-08-12,1,FH,Þór/KA,6,3,2,5e-4
2025-08-12,1,FH,Þór/KA,6,4,5,0.00125
2025-08-12,1,FH,Þór/KA,6,5,1,2.5e-4
2025-08-12,1,FH,Þór/KA,6,6,1,2.5e-4
2025-08-12,1,FH,Þór/KA,7,0,10,0.0025
2025-08-12,1,FH,Þór/KA,7,1,8,0.002
2025-08-12,1,FH,Þór/KA,7,2,9,0.00225
2025-08-12,1,FH,Þór/KA,7,3,4,0.001
2025-08-12,1,FH,Þór/KA,7,4,1,2.5e-4
2025-08-12,1,FH,Þór/KA,7,6,1,2.5e-4
2025-08-12,1,FH,Þór/KA,8,0,2,5e-4
2025-08-12,1,FH,Þór/KA,8,1,5,0.00125
2025-08-12,1,FH,Þór/KA,8,2,1,2.5e-4
2025-08-12,1,FH,Þór/KA,8,4,2,5e-4
2025-08-12,1,FH,Þór/KA,9,0,1,2.5e-4
2025-08-12,1,FH,Þór/KA,9,1,1,2.5e-4
2025-08-12,1,FH,Þór/KA,9,3,1,2.5e-4
2025-08-12,1,FH,Þór/KA,9,4,1,2.5e-4
2025-08-12,1,FH,Þór/KA,10,1,2,5e-4
2025-08-12,1,FH,Þór/KA,11,3,1,2.5e-4
2025-08-12,1,FHL,Fram,0,0,243,0.06075
2025-08-12,1,FHL,Fram,0,1,361,0.09025
2025-08-12,1,FHL,Fram,0,2,328,0.082
2025-08-12,1,FHL,Fram,0,3,177,0.04425
2025-08-12,1,FHL,Fram,0,4,126,0.0315
2025-08-12,1,FHL,Fram,0,5,47,0.01175
2025-08-12,1,FHL,Fram,0,6,18,0.0045
2025-08-12,1,FHL,Fram,0,7,7,0.00175
2025-08-12,1,FHL,Fram,0,8,2,5e-4
2025-08-12,1,FHL,Fram,1,0,230,0.0575
2025-08-12,1,FHL,Fram,1,1,363,0.09075
2025-08-12,1,FHL,Fram,1,2,335,0.08375
2025-08-12,1,FHL,Fram,1,3,199,0.04975
2025-08-12,1,FHL,Fram,1,4,118,0.0295
2025-08-12,1,FHL,Fram,1,5,59,0.01475
2025-08-12,1,FHL,Fram,1,6,24,0.006
2025-08-12,1,FHL,Fram,1,7,11,0.00275
2025-08-12,1,FHL,Fram,1,8,8,0.002
2025-08-12,1,FHL,Fram,1,9,2,5e-4
2025-08-12,1,FHL,Fram,1,10,2,5e-4
2025-08-12,1,FHL,Fram,2,0,116,0.029
2025-08-12,1,FHL,Fram,2,1,203,0.05075
2025-08-12,1,FHL,Fram,2,2,197,0.04925
2025-08-12,1,FHL,Fram,2,3,125,0.03125
2025-08-12,1,FHL,Fram,2,4,66,0.0165
2025-08-12,1,FHL,Fram,2,5,36,0.009
2025-08-12,1,FHL,Fram,2,6,8,0.002
2025-08-12,1,FHL,Fram,2,7,8,0.002
2025-08-12,1,FHL,Fram,2,8,4,0.001
2025-08-12,1,FHL,Fram,2,9,3,7.5e-4
2025-08-12,1,FHL,Fram,3,0,57,0.01425
2025-08-12,1,FHL,Fram,3,1,78,0.0195
2025-08-12,1,FHL,Fram,3,2,76,0.019
2025-08-12,1,FHL,Fram,3,3,76,0.019
2025-08-12,1,FHL,Fram,3,4,29,0.00725
2025-08-12,1,FHL,Fram,3,5,31,0.00775
2025-08-12,1,FHL,Fram,3,6,11,0.00275
2025-08-12,1,FHL,Fram,3,7,3,7.5e-4
2025-08-12,1,FHL,Fram,3,9,1,2.5e-4
2025-08-12,1,FHL,Fram,4,0,20,0.005
2025-08-12,1,FHL,Fram,4,1,40,0.01
2025-08-12,1,FHL,Fram,4,2,33,0.00825
2025-08-12,1,FHL,Fram,4,3,30,0.0075
2025-08-12,1,FHL,Fram,4,4,15,0.00375
2025-08-12,1,FHL,Fram,4,5,7,0.00175
2025-08-12,1,FHL,Fram,4,6,3,7.5e-4
2025-08-12,1,FHL,Fram,4,7,1,2.5e-4
2025-08-12,1,FHL,Fram,4,8,1,2.5e-4
2025-08-12,1,FHL,Fram,5,0,4,0.001
2025-08-12,1,FHL,Fram,5,1,8,0.002
2025-08-12,1,FHL,Fram,5,2,6,0.0015
2025-08-12,1,FHL,Fram,5,3,12,0.003
2025-08-12,1,FHL,Fram,5,4,4,0.001
2025-08-12,1,FHL,Fram,5,5,4,0.001
2025-08-12,1,FHL,Fram,5,6,2,5e-4
2025-08-12,1,FHL,Fram,5,7,1,2.5e-4
2025-08-12,1,FHL,Fram,6,0,3,7.5e-4
2025-08-12,1,FHL,Fram,6,1,4,0.001
2025-08-12,1,FHL,Fram,6,2,3,7.5e-4
2025-08-12,1,FHL,Fram,6,3,3,7.5e-4
2025-08-12,1,FHL,Fram,6,4,1,2.5e-4
2025-08-12,1,FHL,Fram,6,6,1,2.5e-4
2025-08-12,1,FHL,Fram,7,1,1,2.5e-4
2025-08-12,1,FHL,Fram,8,0,1,2.5e-4
2025-08-12,1,FHL,Fram,8,1,1,2.5e-4
2025-08-12,1,FHL,Fram,8,3,2,5e-4
2025-08-12,1,FHL,Fram,8,6,1,2.5e-4
2025-08-12,1,Víkingur R.,Breiðablik,0,0,75,0.01875
2025-08-12,1,Víkingur R.,Breiðablik,0,1,199,0.04975
2025-08-12,1,Víkingur R.,Breiðablik,0,2,299,0.07475
2025-08-12,1,Víkingur R.,Breiðablik,0,3,351,0.08775
2025-08-12,1,Víkingur R.,Breiðablik,0,4,315,0.07875
2025-08-12,1,Víkingur R.,Breiðablik,0,5,263,0.06575
2025-08-12,1,Víkingur R.,Breiðablik,0,6,181,0.04525
2025-08-12,1,Víkingur R.,Breiðablik,0,7,126,0.0315
2025-08-12,1,Víkingur R.,Breiðablik,0,8,82,0.0205
2025-08-12,1,Víkingur R.,Breiðablik,0,9,45,0.01125
2025-08-12,1,Víkingur R.,Breiðablik,0,10,22,0.0055
2025-08-12,1,Víkingur R.,Breiðablik,0,11,16,0.004
2025-08-12,1,Víkingur R.,Breiðablik,0,12,3,7.5e-4
2025-08-12,1,Víkingur R.,Breiðablik,0,13,2,5e-4
2025-08-12,1,Víkingur R.,Breiðablik,0,14,3,7.5e-4
2025-08-12,1,Víkingur R.,Breiðablik,0,15,2,5e-4
2025-08-12,1,Víkingur R.,Breiðablik,0,16,1,2.5e-4
2025-08-12,1,Víkingur R.,Breiðablik,0,17,2,5e-4
2025-08-12,1,Víkingur R.,Breiðablik,0,18,1,2.5e-4
2025-08-12,1,Víkingur R.,Breiðablik,1,0,47,0.01175
2025-08-12,1,Víkingur R.,Breiðablik,1,1,141,0.03525
2025-08-12,1,Víkingur R.,Breiðablik,1,2,196,0.049
2025-08-12,1,Víkingur R.,Breiðablik,1,3,214,0.0535
2025-08-12,1,Víkingur R.,Breiðablik,1,4,228,0.057
2025-08-12,1,Víkingur R.,Breiðablik,1,5,185,0.04625
2025-08-12,1,Víkingur R.,Breiðablik,1,6,127,0.03175
2025-08-12,1,Víkingur R.,Breiðablik,1,7,81,0.02025
2025-08-12,1,Víkingur R.,Breiðablik,1,8,43,0.01075
2025-08-12,1,Víkingur R.,Breiðablik,1,9,27,0.00675
2025-08-12,1,Víkingur R.,Breiðablik,1,10,19,0.00475
2025-08-12,1,Víkingur R.,Breiðablik,1,11,13,0.00325
2025-08-12,1,Víkingur R.,Breiðablik,1,12,10,0.0025
2025-08-12,1,Víkingur R.,Breiðablik,1,13,2,5e-4
2025-08-12,1,Víkingur R.,Breiðablik,1,14,1,2.5e-4
2025-08-12,1,Víkingur R.,Breiðablik,1,15,1,2.5e-4
2025-08-12,1,Víkingur R.,Breiðablik,2,0,17,0.00425
2025-08-12,1,Víkingur R.,Breiðablik,2,1,44,0.011
2025-08-12,1,Víkingur R.,Breiðablik,2,2,80,0.02
2025-08-12,1,Víkingur R.,Breiðablik,2,3,84,0.021
2025-08-12,1,Víkingur R.,Breiðablik,2,4,78,0.0195
2025-08-12,1,Víkingur R.,Breiðablik,2,5,55,0.01375
2025-08-12,1,Víkingur R.,Breiðablik,2,6,51,0.01275
2025-08-12,1,Víkingur R.,Breiðablik,2,7,35,0.00875
2025-08-12,1,Víkingur R.,Breiðablik,2,8,17,0.00425
2025-08-12,1,Víkingur R.,Breiðablik,2,9,9,0.00225
2025-08-12,1,Víkingur R.,Breiðablik,2,10,3,7.5e-4
2025-08-12,1,Víkingur R.,Breiðablik,2,11,5,0.00125
2025-08-12,1,Víkingur R.,Breiðablik,2,12,4,0.001
2025-08-12,1,Víkingur R.,Breiðablik,2,13,1,2.5e-4
2025-08-12,1,Víkingur R.,Breiðablik,2,15,1,2.5e-4
2025-08-12,1,Víkingur R.,Breiðablik,3,0,3,7.5e-4
2025-08-12,1,Víkingur R.,Breiðablik,3,1,13,0.00325
2025-08-12,1,Víkingur R.,Breiðablik,3,2,17,0.00425
2025-08-12,1,Víkingur R.,Breiðablik,3,3,28,0.007
2025-08-12,1,Víkingur R.,Breiðablik,3,4,16,0.004
2025-08-12,1,Víkingur R.,Breiðablik,3,5,25,0.00625
2025-08-12,1,Víkingur R.,Breiðablik,3,6,15,0.00375
2025-08-12,1,Víkingur R.,Breiðablik,3,7,12,0.003
2025-08-12,1,Víkingur R.,Breiðablik,3,8,8,0.002
2025-08-12,1,Víkingur R.,Breiðablik,3,9,6,0.0015
2025-08-12,1,Víkingur R.,Breiðablik,3,10,3,7.5e-4
2025-08-12,1,Víkingur R.,Breiðablik,3,11,2,5e-4
2025-08-12,1,Víkingur R.,Breiðablik,3,12,1,2.5e-4
2025-08-12,1,Víkingur R.,Breiðablik,4,0,1,2.5e-4
2025-08-12,1,Víkingur R.,Breiðablik,4,1,1,2.5e-4
2025-08-12,1,Víkingur R.,Breiðablik,4,2,3,7.5e-4
2025-08-12,1,Víkingur R.,Breiðablik,4,3,3,7.5e-4
2025-08-12,1,Víkingur R.,Breiðablik,4,4,10,0.0025
2025-08-12,1,Víkingur R.,Breiðablik,4,5,7,0.00175
2025-08-12,1,Víkingur R.,Breiðablik,4,6,4,0.001
2025-08-12,1,Víkingur R.,Breiðablik,4,7,3,7.5e-4
2025-08-12,1,Víkingur R.,Breiðablik,4,8,1,2.5e-4
2025-08-12,1,Víkingur R.,Breiðablik,4,9,2,5e-4
2025-08-12,1,Víkingur R.,Breiðablik,5,3,2,5e-4
2025-08-12,1,Víkingur R.,Breiðablik,5,4,1,2.5e-4
2025-08-12,1,Víkingur R.,Breiðablik,5,5,2,5e-4
2025-08-12,1,Víkingur R.,Breiðablik,5,6,1,2.5e-4
2025-08-12,1,Víkingur R.,Breiðablik,5,7,2,5e-4
2025-08-12,1,Víkingur R.,Breiðablik,5,8,1,2.5e-4
2025-08-13,1,Valur,Stjarnan,0,0,427,0.10675
2025-08-13,1,Valur,Stjarnan,0,1,279,0.06975
2025-08-13,1,Valur,Stjarnan,0,2,83,0.02075
2025-08-13,1,Valur,Stjarnan,0,3,24,0.006
2025-08-13,1,Valur,Stjarnan,0,4,9,0.00225
2025-08-13,1,Valur,Stjarnan,0,5,1,2.5e-4
2025-08-13,1,Valur,Stjarnan,0,6,1,2.5e-4
2025-08-13,1,Valur,Stjarnan,1,0,594,0.1485
2025-08-13,1,Valur,Stjarnan,1,1,411,0.10275
2025-08-13,1,Valur,Stjarnan,1,2,144,0.036
2025-08-13,1,Valur,Stjarnan,1,3,38,0.0095
2025-08-13,1,Valur,Stjarnan,1,4,15,0.00375
2025-08-13,1,Valur,Stjarnan,2,0,433,0.10825
2025-08-13,1,Valur,Stjarnan,2,1,353,0.08825
2025-08-13,1,Valur,Stjarnan,2,2,147,0.03675
2025-08-13,1,Valur,Stjarnan,2,3,39,0.00975
2025-08-13,1,Valur,Stjarnan,2,4,7,0.00175
2025-08-13,1,Valur,Stjarnan,2,5,5,0.00125
2025-08-13,1,Valur,Stjarnan,2,6,1,2.5e-4
2025-08-13,1,Valur,Stjarnan,3,0,272,0.068
2025-08-13,1,Valur,Stjarnan,3,1,182,0.0455
2025-08-13,1,Valur,Stjarnan,3,2,86,0.0215
2025-08-13,1,Valur,Stjarnan,3,3,19,0.00475
2025-08-13,1,Valur,Stjarnan,3,4,6,0.0015
2025-08-13,1,Valur,Stjarnan,3,5,1,2.5e-4
2025-08-13,1,Valur,Stjarnan,4,0,117,0.02925
2025-08-13,1,Valur,Stjarnan,4,1,94,0.0235
2025-08-13,1,Valur,Stjarnan,4,2,22,0.0055
2025-08-13,1,Valur,Stjarnan,4,3,14,0.0035
2025-08-13,1,Valur,Stjarnan,4,4,2,5e-4
2025-08-13,1,Valur,Stjarnan,4,5,1,2.5e-4
2025-08-13,1,Valur,Stjarnan,5,0,47,0.01175
2025-08-13,1,Valur,Stjarnan,5,1,31,0.00775
2025-08-13,1,Valur,Stjarnan,5,2,15,0.00375
2025-08-13,1,Valur,Stjarnan,5,3,5,0.00125
2025-08-13,1,Valur,Stjarnan,5,4,1,2.5e-4
2025-08-13,1,Valur,Stjarnan,6,0,18,0.0045
2025-08-13,1,Valur,Stjarnan,6,1,13,0.00325
2025-08-13,1,Valur,Stjarnan,6,2,9,0.00225
2025-08-13,1,Valur,Stjarnan,6,4,2,5e-4
2025-08-13,1,Valur,Stjarnan,7,0,11,0.00275
2025-08-13,1,Valur,Stjarnan,7,1,8,0.002
2025-08-13,1,Valur,Stjarnan,7,2,2,5e-4
2025-08-13,1,Valur,Stjarnan,7,3,2,5e-4
2025-08-13,1,Valur,Stjarnan,8,0,3,7.5e-4
2025-08-13,1,Valur,Stjarnan,8,1,3,7.5e-4
2025-08-13,1,Valur,Stjarnan,9,0,1,2.5e-4
2025-08-13,1,Valur,Stjarnan,9,1,1,2.5e-4
2025-08-13,1,Valur,Stjarnan,11,1,1,2.5e-4
2025-08-14,1,Tindastóll,Þróttur R.,0,0,164,0.041
2025-08-14,1,Tindastóll,Þróttur R.,0,1,320,0.08
2025-08-14,1,Tindastóll,Þróttur R.,0,2,385,0.09625
2025-08-14,1,Tindastóll,Þróttur R.,0,3,320,0.08
2025-08-14,1,Tindastóll,Þróttur R.,0,4,190,0.0475
2025-08-14,1,Tindastóll,Þróttur R.,0,5,116,0.029
2025-08-14,1,Tindastóll,Þróttur R.,0,6,66,0.0165
2025-08-14,1,Tindastóll,Þróttur R.,0,7,28,0.007
2025-08-14,1,Tindastóll,Þróttur R.,0,8,23,0.00575
2025-08-14,1,Tindastóll,Þróttur R.,0,9,7,0.00175
2025-08-14,1,Tindastóll,Þróttur R.,0,10,1,2.5e-4
2025-08-14,1,Tindastóll,Þróttur R.,1,0,125,0.03125
2025-08-14,1,Tindastóll,Þróttur R.,1,1,293,0.07325
2025-08-14,1,Tindastóll,Þróttur R.,1,2,326,0.0815
2025-08-14,1,Tindastóll,Þróttur R.,1,3,253,0.06325
2025-08-14,1,Tindastóll,Þróttur R.,1,4,153,0.03825
2025-08-14,1,Tindastóll,Þróttur R.,1,5,92,0.023
2025-08-14,1,Tindastóll,Þróttur R.,1,6,43,0.01075
2025-08-14,1,Tindastóll,Þróttur R.,1,7,34,0.0085
2025-08-14,1,Tindastóll,Þróttur R.,1,8,16,0.004
2025-08-14,1,Tindastóll,Þróttur R.,1,9,5,0.00125
2025-08-14,1,Tindastóll,Þróttur R.,1,10,1,2.5e-4
2025-08-14,1,Tindastóll,Þróttur R.,1,11,2,5e-4
2025-08-14,1,Tindastóll,Þróttur R.,1,12,1,2.5e-4
2025-08-14,1,Tindastóll,Þróttur R.,2,0,65,0.01625
2025-08-14,1,Tindastóll,Þróttur R.,2,1,139,0.03475
2025-08-14,1,Tindastóll,Þróttur R.,2,2,155,0.03875
2025-08-14,1,Tindastóll,Þróttur R.,2,3,140,0.035
2025-08-14,1,Tindastóll,Þróttur R.,2,4,87,0.02175
2025-08-14,1,Tindastóll,Þróttur R.,2,5,50,0.0125
2025-08-14,1,Tindastóll,Þróttur R.,2,6,33,0.00825
2025-08-14,1,Tindastóll,Þróttur R.,2,7,11,0.00275
2025-08-14,1,Tindastóll,Þróttur R.,2,8,5,0.00125
2025-08-14,1,Tindastóll,Þróttur R.,2,9,3,7.5e-4
2025-08-14,1,Tindastóll,Þróttur R.,2,11,1,2.5e-4
2025-08-14,1,Tindastóll,Þróttur R.,3,0,15,0.00375
2025-08-14,1,Tindastóll,Þróttur R.,3,1,40,0.01
2025-08-14,1,Tindastóll,Þróttur R.,3,2,49,0.01225
2025-08-14,1,Tindastóll,Þróttur R.,3,3,46,0.0115
2025-08-14,1,Tindastóll,Þróttur R.,3,4,39,0.00975
2025-08-14,1,Tindastóll,Þróttur R.,3,5,20,0.005
2025-08-14,1,Tindastóll,Þróttur R.,3,6,13,0.00325
2025-08-14,1,Tindastóll,Þróttur R.,3,7,7,0.00175
2025-08-14,1,Tindastóll,Þróttur R.,3,8,1,2.5e-4
2025-08-14,1,Tindastóll,Þróttur R.,3,9,3,7.5e-4
2025-08-14,1,Tindastóll,Þróttur R.,4,0,4,0.001
2025-08-14,1,Tindastóll,Þróttur R.,4,1,10,0.0025
2025-08-14,1,Tindastóll,Þróttur R.,4,2,23,0.00575
2025-08-14,1,Tindastóll,Þróttur R.,4,3,17,0.00425
2025-08-14,1,Tindastóll,Þróttur R.,4,4,17,0.00425
2025-08-14,1,Tindastóll,Þróttur R.,4,5,7,0.00175
2025-08-14,1,Tindastóll,Þróttur R.,4,6,1,2.5e-4
2025-08-14,1,Tindastóll,Þróttur R.,4,7,1,2.5e-4
2025-08-14,1,Tindastóll,Þróttur R.,4,8,2,5e-4
2025-08-14,1,Tindastóll,Þróttur R.,4,9,1,2.5e-4
2025-08-14,1,Tindastóll,Þróttur R.,5,1,2,5e-4
2025-08-14,1,Tindastóll,Þróttur R.,5,2,6,0.0015
2025-08-14,1,Tindastóll,Þróttur R.,5,3,5,0.00125
2025-08-14,1,Tindastóll,Þróttur R.,5,4,3,7.5e-4
2025-08-14,1,Tindastóll,Þróttur R.,5,5,2,5e-4
2025-08-14,1,Tindastóll,Þróttur R.,5,8,1,2.5e-4
2025-08-14,1,Tindastóll,Þróttur R.,6,0,1,2.5e-4
2025-08-14,1,Tindastóll,Þróttur R.,6,1,4,0.001
2025-08-14,1,Tindastóll,Þróttur R.,6,2,1,2.5e-4
2025-08-14,1,Tindastóll,Þróttur R.,6,3,1,2.5e-4
2025-08-14,1,Tindastóll,Þróttur R.,6,6,2,5e-4
2025-08-14,1,Tindastóll,Þróttur R.,6,9,1,2.5e-4
2025-08-14,1,Tindastóll,Þróttur R.,7,5,1,2.5e-4
2025-08-14,1,Tindastóll,Þróttur R.,7,7,1,2.5e-4
2025-08-14,2,Afturelding,Fylkir,0,0,126,0.0315
2025-08-14,2,Afturelding,Fylkir,0,1,225,0.05625
2025-08-14,2,Afturelding,Fylkir,0,2,253,0.06325
2025-08-14,2,Afturelding,Fylkir,0,3,212,0.053
2025-08-14,2,Afturelding,Fylkir,0,4,168,0.042
2025-08-14,2,Afturelding,Fylkir,0,5,112,0.028
2025-08-14,2,Afturelding,Fylkir,0,6,82,0.0205
2025-08-14,2,Afturelding,Fylkir,0,7,39,0.00975
2025-08-14,2,Afturelding,Fylkir,0,8,25,0.00625
2025-08-14,2,Afturelding,Fylkir,0,9,19,0.00475
2025-08-14,2,Afturelding,Fylkir,0,10,8,0.002
2025-08-14,2,Afturelding,Fylkir,0,11,3,7.5e-4
2025-08-14,2,Afturelding,Fylkir,0,12,1,2.5e-4
2025-08-14,2,Afturelding,Fylkir,0,13,1,2.5e-4
2025-08-14,2,Afturelding,Fylkir,1,0,120,0.03
2025-08-14,2,Afturelding,Fylkir,1,1,258,0.0645
2025-08-14,2,Afturelding,Fylkir,1,2,277,0.06925
2025-08-14,2,Afturelding,Fylkir,1,3,238,0.0595
2025-08-14,2,Afturelding,Fylkir,1,4,208,0.052
2025-08-14,2,Afturelding,Fylkir,1,5,121,0.03025
2025-08-14,2,Afturelding,Fylkir,1,6,82,0.0205
2025-08-14,2,Afturelding,Fylkir,1,7,40,0.01
2025-08-14,2,Afturelding,Fylkir,1,8,34,0.0085
2025-08-14,2,Afturelding,Fylkir,1,9,19,0.00475
2025-08-14,2,Afturelding,Fylkir,1,10,5,0.00125
2025-08-14,2,Afturelding,Fylkir,1,12,2,5e-4
2025-08-14,2,Afturelding,Fylkir,2,0,51,0.01275
2025-08-14,2,Afturelding,Fylkir,2,1,135,0.03375
2025-08-14,2,Afturelding,Fylkir,2,2,162,0.0405
2025-08-14,2,Afturelding,Fylkir,2,3,132,0.033
2025-08-14,2,Afturelding,Fylkir,2,4,104,0.026
2025-08-14,2,Afturelding,Fylkir,2,5,83,0.02075
2025-08-14,2,Afturelding,Fylkir,2,6,50,0.0125
2025-08-14,2,Afturelding,Fylkir,2,7,25,0.00625
2025-08-14,2,Afturelding,Fylkir,2,8,9,0.00225
2025-08-14,2,Afturelding,Fylkir,2,9,6,0.0015
2025-08-14,2,Afturelding,Fylkir,2,10,7,0.00175
2025-08-14,2,Afturelding,Fylkir,2,12,1,2.5e-4
2025-08-14,2,Afturelding,Fylkir,3,0,22,0.0055
2025-08-14,2,Afturelding,Fylkir,3,1,75,0.01875
2025-08-14,2,Afturelding,Fylkir,3,2,60,0.015
2025-08-14,2,Afturelding,Fylkir,3,3,66,0.0165
2025-08-14,2,Afturelding,Fylkir,3,4,45,0.01125
2025-08-14,2,Afturelding,Fylkir,3,5,28,0.007
2025-08-14,2,Afturelding,Fylkir,3,6,25,0.00625
2025-08-14,2,Afturelding,Fylkir,3,7,9,0.00225
2025-08-14,2,Afturelding,Fylkir,3,8,8,0.002
2025-08-14,2,Afturelding,Fylkir,3,9,6,0.0015
2025-08-14,2,Afturelding,Fylkir,3,10,4,0.001
2025-08-14,2,Afturelding,Fylkir,3,12,1,2.5e-4
2025-08-14,2,Afturelding,Fylkir,3,14,2,5e-4
2025-08-14,2,Afturelding,Fylkir,4,0,9,0.00225
2025-08-14,2,Afturelding,Fylkir,4,1,25,0.00625
2025-08-14,2,Afturelding,Fylkir,4,2,41,0.01025
2025-08-14,2,Afturelding,Fylkir,4,3,20,0.005
2025-08-14,2,Afturelding,Fylkir,4,4,20,0.005
2025-08-14,2,Afturelding,Fylkir,4,5,13,0.00325
2025-08-14,2,Afturelding,Fylkir,4,6,4,0.001
2025-08-14,2,Afturelding,Fylkir,4,7,4,0.001
2025-08-14,2,Afturelding,Fylkir,4,9,1,2.5e-4
2025-08-14,2,Afturelding,Fylkir,4,10,1,2.5e-4
2025-08-14,2,Afturelding,Fylkir,4,11,1,2.5e-4
2025-08-14,2,Afturelding,Fylkir,4,15,1,2.5e-4
2025-08-14,2,Afturelding,Fylkir,5,0,2,5e-4
2025-08-14,2,Afturelding,Fylkir,5,1,9,0.00225
2025-08-14,2,Afturelding,Fylkir,5,2,13,0.00325
2025-08-14,2,Afturelding,Fylkir,5,3,12,0.003
2025-08-14,2,Afturelding,Fylkir,5,4,4,0.001
2025-08-14,2,Afturelding,Fylkir,5,5,6,0.0015
2025-08-14,2,Afturelding,Fylkir,5,6,1,2.5e-4
2025-08-14,2,Afturelding,Fylkir,5,7,1,2.5e-4
2025-08-14,2,Afturelding,Fylkir,6,0,3,7.5e-4
2025-08-14,2,Afturelding,Fylkir,6,1,1,2.5e-4
2025-08-14,2,Afturelding,Fylkir,6,2,4,0.001
2025-08-14,2,Afturelding,Fylkir,6,3,1,2.5e-4
2025-08-14,2,Afturelding,Fylkir,6,4,2,5e-4
2025-08-14,2,Afturelding,Fylkir,6,6,2,5e-4
2025-08-14,2,Afturelding,Fylkir,6,7,1,2.5e-4
2025-08-14,2,Afturelding,Fylkir,7,1,1,2.5e-4
2025-08-14,2,Afturelding,Fylkir,7,2,1,2.5e-4
2025-08-14,2,Afturelding,Fylkir,8,4,1,2.5e-4
2025-08-14,2,Afturelding,Fylkir,8,10,1,2.5e-4
2025-08-14,2,HK,ÍA,0,0,233,0.05825
2025-08-14,2,HK,ÍA,0,1,255,0.06375
2025-08-14,2,HK,ÍA,0,2,184,0.046
2025-08-14,2,HK,ÍA,0,3,98,0.0245
2025-08-14,2,HK,ÍA,0,4,44,0.011
2025-08-14,2,HK,ÍA,0,5,19,0.00475
2025-08-14,2,HK,ÍA,0,6,5,0.00125
2025-08-14,2,HK,ÍA,0,7,3,7.5e-4
2025-08-14,2,HK,ÍA,0,9,1,2.5e-4
2025-08-14,2,HK,ÍA,1,0,248,0.062
2025-08-14,2,HK,ÍA,1,1,366,0.0915
2025-08-14,2,HK,ÍA,1,2,263,0.06575
2025-08-14,2,HK,ÍA,1,3,160,0.04
2025-08-14,2,HK,ÍA,1,4,78,0.0195
2025-08-14,2,HK,ÍA,1,5,41,0.01025
2025-08-14,2,HK,ÍA,1,6,10,0.0025
2025-08-14,2,HK,ÍA,1,7,4,0.001
2025-08-14,2,HK,ÍA,1,8,2,5e-4
2025-08-14,2,HK,ÍA,2,0,217,0.05425
2025-08-14,2,HK,ÍA,2,1,304,0.076
2025-08-14,2,HK,ÍA,2,2,260,0.065
2025-08-14,2,HK,ÍA,2,3,138,0.0345
2025-08-14,2,HK,ÍA,2,4,59,0.01475
2025-08-14,2,HK,ÍA,2,5,31,0.00775
2025-08-14,2,HK,ÍA,2,6,6,0.0015
2025-08-14,2,HK,ÍA,2,7,5,0.00125
2025-08-14,2,HK,ÍA,2,8,1,2.5e-4
2025-08-14,2,HK,ÍA,3,0,100,0.025
2025-08-14,2,HK,ÍA,3,1,173,0.04325
2025-08-14,2,HK,ÍA,3,2,141,0.03525
2025-08-14,2,HK,ÍA,3,3,71,0.01775
2025-08-14,2,HK,ÍA,3,4,28,0.007
2025-08-14,2,HK,ÍA,3,5,15,0.00375
2025-08-14,2,HK,ÍA,3,6,10,0.0025
2025-08-14,2,HK,ÍA,3,8,1,2.5e-4
2025-08-14,2,HK,ÍA,4,0,57,0.01425
2025-08-14,2,HK,ÍA,4,1,83,0.02075
2025-08-14,2,HK,ÍA,4,2,64,0.016
2025-08-14,2,HK,ÍA,4,3,35,0.00875
2025-08-14,2,HK,ÍA,4,4,25,0.00625
2025-08-14,2,HK,ÍA,4,5,3,7.5e-4
2025-08-14,2,HK,ÍA,4,6,3,7.5e-4
2025-08-14,2,HK,ÍA,4,7,3,7.5e-4
2025-08-14,2,HK,ÍA,5,0,22,0.0055
2025-08-14,2,HK,ÍA,5,1,34,0.0085
2025-08-14,2,HK,ÍA,5,2,21,0.00525
2025-08-14,2,HK,ÍA,5,3,15,0.00375
2025-08-14,2,HK,ÍA,5,4,10,0.0025
2025-08-14,2,HK,ÍA,5,7,2,5e-4
2025-08-14,2,HK,ÍA,6,0,3,7.5e-4
2025-08-14,2,HK,ÍA,6,1,7,0.00175
2025-08-14,2,HK,ÍA,6,2,12,0.003
2025-08-14,2,HK,ÍA,6,3,5,0.00125
2025-08-14,2,HK,ÍA,6,4,3,7.5e-4
2025-08-14,2,HK,ÍA,6,5,1,2.5e-4
2025-08-14,2,HK,ÍA,7,1,4,0.001
2025-08-14,2,HK,ÍA,7,2,2,5e-4
2025-08-14,2,HK,ÍA,7,3,2,5e-4
2025-08-14,2,HK,ÍA,7,4,1,2.5e-4
2025-08-14,2,HK,ÍA,7,5,1,2.5e-4
2025-08-14,2,HK,ÍA,7,7,1,2.5e-4
2025-08-14,2,HK,ÍA,8,1,1,2.5e-4
2025-08-14,2,HK,ÍA,8,2,1,2.5e-4
2025-08-14,2,HK,ÍA,8,3,1,2.5e-4
2025-08-14,2,HK,ÍA,8,5,1,2.5e-4
2025-08-14,2,HK,ÍA,9,1,1,2.5e-4
2025-08-14,2,HK,ÍA,9,6,1,2.5e-4
2025-08-14,2,HK,ÍA,10,1,1,2.5e-4
2025-08-14,2,Haukar,Grótta,0,0,114,0.0285
2025-08-14,2,Haukar,Grótta,0,1,157,0.03925
2025-08-14,2,Haukar,Grótta,0,2,157,0.03925
2025-08-14,2,Haukar,Grótta,0,3,118,0.0295
2025-08-14,2,Haukar,Grótta,0,4,83,0.02075
2025-08-14,2,Haukar,Grótta,0,5,36,0.009
2025-08-14,2,Haukar,Grótta,0,6,6,0.0015
2025-08-14,2,Haukar,Grótta,0,7,7,0.00175
2025-08-14,2,Haukar,Grótta,0,8,5,0.00125
2025-08-14,2,Haukar,Grótta,0,9,1,2.5e-4
2025-08-14,2,Haukar,Grótta,1,0,142,0.0355
2025-08-14,2,Haukar,Grótta,1,1,255,0.06375
2025-08-14,2,Haukar,Grótta,1,2,291,0.07275
2025-08-14,2,Haukar,Grótta,1,3,193,0.04825
2025-08-14,2,Haukar,Grótta,1,4,123,0.03075
2025-08-14,2,Haukar,Grótta,1,5,54,0.0135
2025-08-14,2,Haukar,Grótta,1,6,26,0.0065
2025-08-14,2,Haukar,Grótta,1,7,9,0.00225
2025-08-14,2,Haukar,Grótta,1,8,6,0.0015
2025-08-14,2,Haukar,Grótta,1,9,2,5e-4
2025-08-14,2,Haukar,Grótta,1,10,3,7.5e-4
2025-08-14,2,Haukar,Grótta,2,0,118,0.0295
2025-08-14,2,Haukar,Grótta,2,1,237,0.05925
2025-08-14,2,Haukar,Grótta,2,2,242,0.0605
2025-08-14,2,Haukar,Grótta,2,3,170,0.0425
2025-08-14,2,Haukar,Grótta,2,4,103,0.02575
2025-08-14,2,Haukar,Grótta,2,5,50,0.0125
2025-08-14,2,Haukar,Grótta,2,6,21,0.00525
2025-08-14,2,Haukar,Grótta,2,7,11,0.00275
2025-08-14,2,Haukar,Grótta,2,8,4,0.001
2025-08-14,2,Haukar,Grótta,2,9,3,7.5e-4
2025-08-14,2,Haukar,Grótta,3,0,82,0.0205
2025-08-14,2,Haukar,Grótta,3,1,130,0.0325
2025-08-14,2,Haukar,Grótta,3,2,151,0.03775
2025-08-14,2,Haukar,Grótta,3,3,101,0.02525
2025-08-14,2,Haukar,Grótta,3,4,68,0.017
2025-08-14,2,Haukar,Grótta,3,5,49,0.01225
2025-08-14,2,Haukar,Grótta,3,6,33,0.00825
2025-08-14,2,Haukar,Grótta,3,7,10,0.0025
2025-08-14,2,Haukar,Grótta,3,8,6,0.0015
2025-08-14,2,Haukar,Grótta,3,9,1,2.5e-4
2025-08-14,2,Haukar,Grótta,3,12,1,2.5e-4
2025-08-14,2,Haukar,Grótta,4,0,32,0.008
2025-08-14,2,Haukar,Grótta,4,1,79,0.01975
2025-08-14,2,Haukar,Grótta,4,2,88,0.022
2025-08-14,2,Haukar,Grótta,4,3,73,0.01825
2025-08-14,2,Haukar,Grótta,4,4,41,0.01025
2025-08-14,2,Haukar,Grótta,4,5,24,0.006
2025-08-14,2,Haukar,Grótta,4,6,8,0.002
2025-08-14,2,Haukar,Grótta,4,7,4,0.001
2025-08-14,2,Haukar,Grótta,4,8,3,7.5e-4
2025-08-14,2,Haukar,Grótta,4,10,1,2.5e-4
2025-08-14,2,Haukar,Grótta,4,12,1,2.5e-4
2025-08-14,2,Haukar,Grótta,5,0,15,0.00375
2025-08-14,2,Haukar,Grótta,5,1,36,0.009
2025-08-14,2,Haukar,Grótta,5,2,41,0.01025
2025-08-14,2,Haukar,Grótta,5,3,29,0.00725
2025-08-14,2,Haukar,Grótta,5,4,17,0.00425
2025-08-14,2,Haukar,Grótta,5,5,9,0.00225
2025-08-14,2,Haukar,Grótta,5,6,3,7.5e-4
2025-08-14,2,Haukar,Grótta,5,7,3,7.5e-4
2025-08-14,2,Haukar,Grótta,6,0,14,0.0035
2025-08-14,2,Haukar,Grótta,6,1,13,0.00325
2025-08-14,2,Haukar,Grótta,6,2,21,0.00525
2025-08-14,2,Haukar,Grótta,6,3,12,0.003
2025-08-14,2,Haukar,Grótta,6,4,5,0.00125
2025-08-14,2,Haukar,Grótta,6,5,2,5e-4
2025-08-14,2,Haukar,Grótta,6,6,1,2.5e-4
2025-08-14,2,Haukar,Grótta,6,7,1,2.5e-4
2025-08-14,2,Haukar,Grótta,7,0,5,0.00125
2025-08-14,2,Haukar,Grótta,7,1,3,7.5e-4
2025-08-14,2,Haukar,Grótta,7,2,5,0.00125
2025-08-14,2,Haukar,Grótta,7,3,6,0.0015
2025-08-14,2,Haukar,Grótta,7,4,5,0.00125
2025-08-14,2,Haukar,Grótta,7,5,1,2.5e-4
2025-08-14,2,Haukar,Grótta,7,6,1,2.5e-4
2025-08-14,2,Haukar,Grótta,7,7,2,5e-4
2025-08-14,2,Haukar,Grótta,8,0,1,2.5e-4
2025-08-14,2,Haukar,Grótta,8,1,3,7.5e-4
2025-08-14,2,Haukar,Grótta,8,2,1,2.5e-4
2025-08-14,2,Haukar,Grótta,8,3,2,5e-4
2025-08-14,2,Haukar,Grótta,8,4,2,5e-4
2025-08-14,2,Haukar,Grótta,8,5,1,2.5e-4
2025-08-14,2,Haukar,Grótta,8,6,1,2.5e-4
2025-08-14,2,Haukar,Grótta,8,7,1,2.5e-4
2025-08-14,2,Haukar,Grótta,9,1,1,2.5e-4
2025-08-14,2,Haukar,Grótta,9,2,2,5e-4
2025-08-14,2,Haukar,Grótta,10,0,1,2.5e-4
2025-08-14,2,Haukar,Grótta,10,6,1,2.5e-4
2025-08-14,2,KR,Grindavík/ Njarðvík,0,0,16,0.004
2025-08-14,2,KR,Grindavík/ Njarðvík,0,1,16,0.004
2025-08-14,2,KR,Grindavík/ Njarðvík,0,2,21,0.00525
2025-08-14,2,KR,Grindavík/ Njarðvík,0,3,11,0.00275
2025-08-14,2,KR,Grindavík/ Njarðvík,0,4,9,0.00225
2025-08-14,2,KR,Grindavík/ Njarðvík,0,5,2,5e-4
2025-08-14,2,KR,Grindavík/ Njarðvík,0,6,2,5e-4
2025-08-14,2,KR,Grindavík/ Njarðvík,0,10,1,2.5e-4
2025-08-14,2,KR,Grindavík/ Njarðvík,1,0,35,0.00875
2025-08-14,2,KR,Grindavík/ Njarðvík,1,1,78,0.0195
2025-08-14,2,KR,Grindavík/ Njarðvík,1,2,63,0.01575
2025-08-14,2,KR,Grindavík/ Njarðvík,1,3,40,0.01
2025-08-14,2,KR,Grindavík/ Njarðvík,1,4,23,0.00575
2025-08-14,2,KR,Grindavík/ Njarðvík,1,5,11,0.00275
2025-08-14,2,KR,Grindavík/ Njarðvík,1,6,5,0.00125
2025-08-14,2,KR,Grindavík/ Njarðvík,1,7,3,7.5e-4
2025-08-14,2,KR,Grindavík/ Njarðvík,2,0,78,0.0195
2025-08-14,2,KR,Grindavík/ Njarðvík,2,1,124,0.031
2025-08-14,2,KR,Grindavík/ Njarðvík,2,2,102,0.0255
2025-08-14,2,KR,Grindavík/ Njarðvík,2,3,75,0.01875
2025-08-14,2,KR,Grindavík/ Njarðvík,2,4,45,0.01125
2025-08-14,2,KR,Grindavík/ Njarðvík,2,5,21,0.00525
2025-08-14,2,KR,Grindavík/ Njarðvík,2,6,13,0.00325
2025-08-14,2,KR,Grindavík/ Njarðvík,2,7,4,0.001
2025-08-14,2,KR,Grindavík/ Njarðvík,2,8,3,7.5e-4
2025-08-14,2,KR,Grindavík/ Njarðvík,2,9,1,2.5e-4
2025-08-14,2,KR,Grindavík/ Njarðvík,3,0,89,0.02225
2025-08-14,2,KR,Grindavík/ Njarðvík,3,1,159,0.03975
2025-08-14,2,KR,Grindavík/ Njarðvík,3,2,158,0.0395
2025-08-14,2,KR,Grindavík/ Njarðvík,3,3,103,0.02575
2025-08-14,2,KR,Grindavík/ Njarðvík,3,4,69,0.01725
2025-08-14,2,KR,Grindavík/ Njarðvík,3,5,22,0.0055
2025-08-14,2,KR,Grindavík/ Njarðvík,3,6,15,0.00375
2025-08-14,2,KR,Grindavík/ Njarðvík,3,7,7,0.00175
2025-08-14,2,KR,Grindavík/ Njarðvík,3,8,6,0.0015
2025-08-14,2,KR,Grindavík/ Njarðvík,3,9,1,2.5e-4
2025-08-14,2,KR,Grindavík/ Njarðvík,3,11,1,2.5e-4
2025-08-14,2,KR,Grindavík/ Njarðvík,4,0,110,0.0275
2025-08-14,2,KR,Grindavík/ Njarðvík,4,1,155,0.03875
2025-08-14,2,KR,Grindavík/ Njarðvík,4,2,127,0.03175
2025-08-14,2,KR,Grindavík/ Njarðvík,4,3,112,0.028
2025-08-14,2,KR,Grindavík/ Njarðvík,4,4,66,0.0165
2025-08-14,2,KR,Grindavík/ Njarðvík,4,5,32,0.008
2025-08-14,2,KR,Grindavík/ Njarðvík,4,6,13,0.00325
2025-08-14,2,KR,Grindavík/ Njarðvík,4,7,10,0.0025
2025-08-14,2,KR,Grindavík/ Njarðvík,4,8,2,5e-4
2025-08-14,2,KR,Grindavík/ Njarðvík,4,9,1,2.5e-4
2025-08-14,2,KR,Grindavík/ Njarðvík,4,10,1,2.5e-4
2025-08-14,2,KR,Grindavík/ Njarðvík,5,0,80,0.02
2025-08-14,2,KR,Grindavík/ Njarðvík,5,1,139,0.03475
2025-08-14,2,KR,Grindavík/ Njarðvík,5,2,122,0.0305
2025-08-14,2,KR,Grindavík/ Njarðvík,5,3,104,0.026
2025-08-14,2,KR,Grindavík/ Njarðvík,5,4,50,0.0125
2025-08-14,2,KR,Grindavík/ Njarðvík,5,5,24,0.006
2025-08-14,2,KR,Grindavík/ Njarðvík,5,6,16,0.004
2025-08-14,2,KR,Grindavík/ Njarðvík,5,7,7,0.00175
2025-08-14,2,KR,Grindavík/ Njarðvík,5,8,4,0.001
2025-08-14,2,KR,Grindavík/ Njarðvík,5,10,1,2.5e-4
2025-08-14,2,KR,Grindavík/ Njarðvík,6,0,80,0.02
2025-08-14,2,KR,Grindavík/ Njarðvík,6,1,96,0.024
2025-08-14,2,KR,Grindavík/ Njarðvík,6,2,113,0.02825
2025-08-14,2,KR,Grindavík/ Njarðvík,6,3,77,0.01925
2025-08-14,2,KR,Grindavík/ Njarðvík,6,4,29,0.00725
2025-08-14,2,KR,Grindavík/ Njarðvík,6,5,27,0.00675
2025-08-14,2,KR,Grindavík/ Njarðvík,6,6,14,0.0035
2025-08-14,2,KR,Grindavík/ Njarðvík,6,7,10,0.0025
2025-08-14,2,KR,Grindavík/ Njarðvík,7,0,58,0.0145
2025-08-14,2,KR,Grindavík/ Njarðvík,7,1,78,0.0195
2025-08-14,2,KR,Grindavík/ Njarðvík,7,2,96,0.024
2025-08-14,2,KR,Grindavík/ Njarðvík,7,3,63,0.01575
2025-08-14,2,KR,Grindavík/ Njarðvík,7,4,30,0.0075
2025-08-14,2,KR,Grindavík/ Njarðvík,7,5,9,0.00225
2025-08-14,2,KR,Grindavík/ Njarðvík,7,6,5,0.00125
2025-08-14,2,KR,Grindavík/ Njarðvík,7,7,2,5e-4
2025-08-14,2,KR,Grindavík/ Njarðvík,7,8,2,5e-4
2025-08-14,2,KR,Grindavík/ Njarðvík,8,0,32,0.008
2025-08-14,2,KR,Grindavík/ Njarðvík,8,1,66,0.0165
2025-08-14,2,KR,Grindavík/ Njarðvík,8,2,55,0.01375
2025-08-14,2,KR,Grindavík/ Njarðvík,8,3,31,0.00775
2025-08-14,2,KR,Grindavík/ Njarðvík,8,4,13,0.00325
2025-08-14,2,KR,Grindavík/ Njarðvík,8,5,11,0.00275
2025-08-14,2,KR,Grindavík/ Njarðvík,8,6,6,0.0015
2025-08-14,2,KR,Grindavík/ Njarðvík,8,7,1,2.5e-4
2025-08-14,2,KR,Grindavík/ Njarðvík,8,9,1,2.5e-4
2025-08-14,2,KR,Grindavík/ Njarðvík,9,0,23,0.00575
2025-08-14,2,KR,Grindavík/ Njarðvík,9,1,38,0.0095
2025-08-14,2,KR,Grindavík/ Njarðvík,9,2,37,0.00925
2025-08-14,2,KR,Grindavík/ Njarðvík,9,3,19,0.00475
2025-08-14,2,KR,Grindavík/ Njarðvík,9,4,18,0.0045
2025-08-14,2,KR,Grindavík/ Njarðvík,9,5,9,0.00225
2025-08-14,2,KR,Grindavík/ Njarðvík,9,6,2,5e-4
2025-08-14,2,KR,Grindavík/ Njarðvík,9,7,1,2.5e-4
2025-08-14,2,KR,Grindavík/ Njarðvík,9,8,1,2.5e-4
2025-08-14,2,KR,Grindavík/ Njarðvík,9,9,2,5e-4
2025-08-14,2,KR,Grindavík/ Njarðvík,10,0,17,0.00425
2025-08-14,2,KR,Grindavík/ Njarðvík,10,1,26,0.0065
2025-08-14,2,KR,Grindavík/ Njarðvík,10,2,19,0.00475
2025-08-14,2,KR,Grindavík/ Njarðvík,10,3,15,0.00375
2025-08-14,2,KR,Grindavík/ Njarðvík,10,4,8,0.002
2025-08-14,2,KR,Grindavík/ Njarðvík,10,5,3,7.5e-4
2025-08-14,2,KR,Grindavík/ Njarðvík,10,6,2,5e-4
2025-08-14,2,KR,Grindavík/ Njarðvík,10,7,2,5e-4
2025-08-14,2,KR,Grindavík/ Njarðvík,10,8,1,2.5e-4
2025-08-14,2,KR,Grindavík/ Njarðvík,10,10,1,2.5e-4
2025-08-14,2,KR,Grindavík/ Njarðvík,11,0,7,0.00175
2025-08-14,2,KR,Grindavík/ Njarðvík,11,1,17,0.00425
2025-08-14,2,KR,Grindavík/ Njarðvík,11,2,9,0.00225
2025-08-14,2,KR,Grindavík/ Njarðvík,11,3,8,0.002
2025-08-14,2,KR,Grindavík/ Njarðvík,11,4,6,0.0015
2025-08-14,2,KR,Grindavík/ Njarðvík,11,5,6,0.0015
2025-08-14,2,KR,Grindavík/ Njarðvík,11,6,1,2.5e-4
2025-08-14,2,KR,Grindavík/ Njarðvík,11,7,2,5e-4
2025-08-14,2,KR,Grindavík/ Njarðvík,11,8,1,2.5e-4
2025-08-14,2,KR,Grindavík/ Njarðvík,11,9,1,2.5e-4
2025-08-14,2,KR,Grindavík/ Njarðvík,11,12,1,2.5e-4
2025-08-14,2,KR,Grindavík/ Njarðvík,12,0,8,0.002
2025-08-14,2,KR,Grindavík/ Njarðvík,12,1,10,0.0025
2025-08-14,2,KR,Grindavík/ Njarðvík,12,2,8,0.002
2025-08-14,2,KR,Grindavík/ Njarðvík,12,3,4,0.001
2025-08-14,2,KR,Grindavík/ Njarðvík,12,4,6,0.0015
2025-08-14,2,KR,Grindavík/ Njarðvík,12,5,1,2.5e-4
2025-08-14,2,KR,Grindavík/ Njarðvík,12,6,2,5e-4
2025-08-14,2,KR,Grindavík/ Njarðvík,13,1,1,2.5e-4
2025-08-14,2,KR,Grindavík/ Njarðvík,13,2,5,0.00125
2025-08-14,2,KR,Grindavík/ Njarðvík,13,3,5,0.00125
2025-08-14,2,KR,Grindavík/ Njarðvík,13,4,3,7.5e-4
2025-08-14,2,KR,Grindavík/ Njarðvík,13,5,1,2.5e-4
2025-08-14,2,KR,Grindavík/ Njarðvík,14,0,1,2.5e-4
2025-08-14,2,KR,Grindavík/ Njarðvík,14,1,2,5e-4
2025-08-14,2,KR,Grindavík/ Njarðvík,14,2,2,5e-4
2025-08-14,2,KR,Grindavík/ Njarðvík,14,3,4,0.001
2025-08-14,2,KR,Grindavík/ Njarðvík,14,4,1,2.5e-4
2025-08-14,2,KR,Grindavík/ Njarðvík,14,6,1,2.5e-4
2025-08-14,2,KR,Grindavík/ Njarðvík,14,7,1,2.5e-4
2025-08-14,2,KR,Grindavík/ Njarðvík,15,0,1,2.5e-4
2025-08-14,2,KR,Grindavík/ Njarðvík,15,1,3,7.5e-4
2025-08-14,2,KR,Grindavík/ Njarðvík,15,2,2,5e-4
2025-08-14,2,KR,Grindavík/ Njarðvík,15,3,2,5e-4
2025-08-14,2,KR,Grindavík/ Njarðvík,15,4,1,2.5e-4
2025-08-14,2,KR,Grindavík/ Njarðvík,16,1,1,2.5e-4
2025-08-14,2,KR,Grindavík/ Njarðvík,16,2,2,5e-4
2025-08-14,2,KR,Grindavík/ Njarðvík,16,3,2,5e-4
2025-08-14,2,KR,Grindavík/ Njarðvík,17,4,1,2.5e-4
2025-08-14,2,KR,Grindavík/ Njarðvík,18,6,1,2.5e-4
2025-08-14,2,KR,Grindavík/ Njarðvík,20,0,1,2.5e-4
2025-08-14,2,KR,Grindavík/ Njarðvík,21,3,1,2.5e-4
2025-08-14,2,Keflavík,ÍBV,0,0,127,0.03175
2025-08-14,2,Keflavík,ÍBV,0,1,100,0.025
2025-08-14,2,Keflavík,ÍBV,0,2,43,0.01075
2025-08-14,2,Keflavík,ÍBV,0,3,17,0.00425
2025-08-14,2,Keflavík,ÍBV,0,4,9,0.00225
2025-08-14,2,Keflavík,ÍBV,0,5,2,5e-4
2025-08-14,2,Keflavík,ÍBV,0,6,1,2.5e-4
2025-08-14,2,Keflavík,ÍBV,1,0,273,0.06825
2025-08-14,2,Keflavík,ÍBV,1,1,208,0.052
2025-08-14,2,Keflavík,ÍBV,1,2,107,0.02675
2025-08-14,2,Keflavík,ÍBV,1,3,32,0.008
2025-08-14,2,Keflavík,ÍBV,1,4,9,0.00225
2025-08-14,2,Keflavík,ÍBV,1,5,2,5e-4
2025-08-14,2,Keflavík,ÍBV,2,0,305,0.07625
2025-08-14,2,Keflavík,ÍBV,2,1,272,0.068
2025-08-14,2,Keflavík,ÍBV,2,2,134,0.0335
2025-08-14,2,Keflavík,ÍBV,2,3,42,0.0105
2025-08-14,2,Keflavík,ÍBV,2,4,14,0.0035
2025-08-14,2,Keflavík,ÍBV,2,5,1,2.5e-4
2025-08-14,2,Keflavík,ÍBV,2,6,1,2.5e-4
2025-08-14,2,Keflavík,ÍBV,2,7,1,2.5e-4
2025-08-14,2,Keflavík,ÍBV,3,0,293,0.07325
2025-08-14,2,Keflavík,ÍBV,3,1,251,0.06275
2025-08-14,2,Keflavík,ÍBV,3,2,133,0.03325
2025-08-14,2,Keflavík,ÍBV,3,3,57,0.01425
2025-08-14,2,Keflavík,ÍBV,3,4,9,0.00225
2025-08-14,2,Keflavík,ÍBV,3,5,4,0.001
2025-08-14,2,Keflavík,ÍBV,3,6,1,2.5e-4
2025-08-14,2,Keflavík,ÍBV,3,8,1,2.5e-4
2025-08-14,2,Keflavík,ÍBV,4,0,231,0.05775
2025-08-14,2,Keflavík,ÍBV,4,1,206,0.0515
2025-08-14,2,Keflavík,ÍBV,4,2,103,0.02575
2025-08-14,2,Keflavík,ÍBV,4,3,38,0.0095
2025-08-14,2,Keflavík,ÍBV,4,4,8,0.002
2025-08-14,2,Keflavík,ÍBV,5,0,170,0.0425
2025-08-14,2,Keflavík,ÍBV,5,1,135,0.03375
2025-08-14,2,Keflavík,ÍBV,5,2,78,0.0195
2025-08-14,2,Keflavík,ÍBV,5,3,29,0.00725
2025-08-14,2,Keflavík,ÍBV,5,4,7,0.00175
2025-08-14,2,Keflavík,ÍBV,5,5,2,5e-4
2025-08-14,2,Keflavík,ÍBV,6,0,98,0.0245
2025-08-14,2,Keflavík,ÍBV,6,1,83,0.02075
2025-08-14,2,Keflavík,ÍBV,6,2,42,0.0105
2025-08-14,2,Keflavík,ÍBV,6,3,15,0.00375
2025-08-14,2,Keflavík,ÍBV,6,4,5,0.00125
2025-08-14,2,Keflavík,ÍBV,6,5,2,5e-4
2025-08-14,2,Keflavík,ÍBV,7,0,57,0.01425
2025-08-14,2,Keflavík,ÍBV,7,1,48,0.012
2025-08-14,2,Keflavík,ÍBV,7,2,29,0.00725
2025-08-14,2,Keflavík,ÍBV,7,3,6,0.0015
2025-08-14,2,Keflavík,ÍBV,7,4,3,7.5e-4
2025-08-14,2,Keflavík,ÍBV,8,0,35,0.00875
2025-08-14,2,Keflavík,ÍBV,8,1,24,0.006
2025-08-14,2,Keflavík,ÍBV,8,2,8,0.002
2025-08-14,2,Keflavík,ÍBV,8,3,4,0.001
2025-08-14,2,Keflavík,ÍBV,8,4,2,5e-4
2025-08-14,2,Keflavík,ÍBV,9,0,15,0.00375
2025-08-14,2,Keflavík,ÍBV,9,1,15,0.00375
2025-08-14,2,Keflavík,ÍBV,9,2,8,0.002
2025-08-14,2,Keflavík,ÍBV,9,3,1,2.5e-4
2025-08-14,2,Keflavík,ÍBV,9,4,1,2.5e-4
2025-08-14,2,Keflavík,ÍBV,10,0,8,0.002
2025-08-14,2,Keflavík,ÍBV,10,1,2,5e-4
2025-08-14,2,Keflavík,ÍBV,10,2,8,0.002
2025-08-14,2,Keflavík,ÍBV,11,0,2,5e-4
2025-08-14,2,Keflavík,ÍBV,11,1,6,0.0015
2025-08-14,2,Keflavík,ÍBV,11,2,2,5e-4
2025-08-14,2,Keflavík,ÍBV,12,0,4,0.001
2025-08-14,2,Keflavík,ÍBV,12,2,2,5e-4
2025-08-14,2,Keflavík,ÍBV,13,0,2,5e-4
2025-08-14,2,Keflavík,ÍBV,13,1,1,2.5e-4
2025-08-14,2,Keflavík,ÍBV,14,0,2,5e-4
2025-08-14,2,Keflavík,ÍBV,14,2,1,2.5e-4
2025-08-14,2,Keflavík,ÍBV,15,0,1,2.5e-4
2025-08-14,2,Keflavík,ÍBV,16,0,1,2.5e-4
2025-08-14,2,Keflavík,ÍBV,24,24,1,2.5e-4
2025-08-16,4,FH,Breiðablik,0,0,158,0.0395
2025-08-16,4,FH,Breiðablik,0,1,308,0.077
2025-08-16,4,FH,Breiðablik,0,2,359,0.08975
2025-08-16,4,FH,Breiðablik,0,3,296,0.074
2025-08-16,4,FH,Breiðablik,0,4,192,0.048
2025-08-16,4,FH,Breiðablik,0,5,128,0.032
2025-08-16,4,FH,Breiðablik,0,6,57,0.01425
2025-08-16,4,FH,Breiðablik,0,7,25,0.00625
2025-08-16,4,FH,Breiðablik,0,8,19,0.00475
2025-08-16,4,FH,Breiðablik,0,9,9,0.00225
2025-08-16,4,FH,Breiðablik,0,10,5,0.00125
2025-08-16,4,FH,Breiðablik,0,11,2,5e-4
2025-08-16,4,FH,Breiðablik,1,0,130,0.0325
2025-08-16,4,FH,Breiðablik,1,1,291,0.07275
2025-08-16,4,FH,Breiðablik,1,2,291,0.07275
2025-08-16,4,FH,Breiðablik,1,3,231,0.05775
2025-08-16,4,FH,Breiðablik,1,4,179,0.04475
2025-08-16,4,FH,Breiðablik,1,5,113,0.02825
2025-08-16,4,FH,Breiðablik,1,6,66,0.0165
2025-08-16,4,FH,Breiðablik,1,7,19,0.00475
2025-08-16,4,FH,Breiðablik,1,8,13,0.00325
2025-08-16,4,FH,Breiðablik,1,9,7,0.00175
2025-08-16,4,FH,Breiðablik,1,10,2,5e-4
2025-08-16,4,FH,Breiðablik,1,11,2,5e-4
2025-08-16,4,FH,Breiðablik,2,0,53,0.01325
2025-08-16,4,FH,Breiðablik,2,1,116,0.029
2025-08-16,4,FH,Breiðablik,2,2,186,0.0465
2025-08-16,4,FH,Breiðablik,2,3,117,0.02925
2025-08-16,4,FH,Breiðablik,2,4,102,0.0255
2025-08-16,4,FH,Breiðablik,2,5,59,0.01475
2025-08-16,4,FH,Breiðablik,2,6,28,0.007
2025-08-16,4,FH,Breiðablik,2,7,14,0.0035
2025-08-16,4,FH,Breiðablik,2,8,6,0.0015
2025-08-16,4,FH,Breiðablik,2,9,2,5e-4
2025-08-16,4,FH,Breiðablik,2,10,1,2.5e-4
2025-08-16,4,FH,Breiðablik,2,11,1,2.5e-4
2025-08-16,4,FH,Breiðablik,2,13,1,2.5e-4
2025-08-16,4,FH,Breiðablik,3,0,14,0.0035
2025-08-16,4,FH,Breiðablik,3,1,43,0.01075
2025-08-16,4,FH,Breiðablik,3,2,71,0.01775
2025-08-16,4,FH,Breiðablik,3,3,57,0.01425
2025-08-16,4,FH,Breiðablik,3,4,43,0.01075
2025-08-16,4,FH,Breiðablik,3,5,27,0.00675
2025-08-16,4,FH,Breiðablik,3,6,9,0.00225
2025-08-16,4,FH,Breiðablik,3,7,5,0.00125
2025-08-16,4,FH,Breiðablik,3,8,4,0.001
2025-08-16,4,FH,Breiðablik,3,9,1,2.5e-4
2025-08-16,4,FH,Breiðablik,3,10,1,2.5e-4
2025-08-16,4,FH,Breiðablik,4,0,9,0.00225
2025-08-16,4,FH,Breiðablik,4,1,13,0.00325
2025-08-16,4,FH,Breiðablik,4,2,23,0.00575
2025-08-16,4,FH,Breiðablik,4,3,20,0.005
2025-08-16,4,FH,Breiðablik,4,4,8,0.002
2025-08-16,4,FH,Breiðablik,4,5,11,0.00275
2025-08-16,4,FH,Breiðablik,4,6,6,0.0015
2025-08-16,4,FH,Breiðablik,4,7,3,7.5e-4
2025-08-16,4,FH,Breiðablik,5,0,1,2.5e-4
2025-08-16,4,FH,Breiðablik,5,1,7,0.00175
2025-08-16,4,FH,Breiðablik,5,2,4,0.001
2025-08-16,4,FH,Breiðablik,5,3,11,0.00275
2025-08-16,4,FH,Breiðablik,5,4,4,0.001
2025-08-16,4,FH,Breiðablik,5,5,3,7.5e-4
2025-08-16,4,FH,Breiðablik,5,6,2,5e-4
2025-08-16,4,FH,Breiðablik,5,7,1,2.5e-4
2025-08-16,4,FH,Breiðablik,6,0,1,2.5e-4
2025-08-16,4,FH,Breiðablik,6,1,1,2.5e-4
2025-08-16,4,FH,Breiðablik,6,3,2,5e-4
2025-08-16,4,FH,Breiðablik,6,4,1,2.5e-4
2025-08-16,4,FH,Breiðablik,6,8,1,2.5e-4
2025-08-16,4,FH,Breiðablik,7,2,1,2.5e-4
2025-08-16,4,FH,Breiðablik,7,5,1,2.5e-4
2025-08-16,4,FH,Breiðablik,8,5,1,2.5e-4
2025-08-16,4,FH,Breiðablik,9,3,1,2.5e-4
2025-08-16,4,FH,Breiðablik,9,4,1,2.5e-4
2025-08-20,1,Fram,Víkingur R.,0,0,180,0.045
2025-08-20,1,Fram,Víkingur R.,0,1,227,0.05675
2025-08-20,1,Fram,Víkingur R.,0,2,171,0.04275
2025-08-20,1,Fram,Víkingur R.,0,3,98,0.0245
2025-08-20,1,Fram,Víkingur R.,0,4,49,0.01225
2025-08-20,1,Fram,Víkingur R.,0,5,19,0.00475
2025-08-20,1,Fram,Víkingur R.,0,6,12,0.003
2025-08-20,1,Fram,Víkingur R.,0,7,2,5e-4
2025-08-20,1,Fram,Víkingur R.,0,8,1,2.5e-4
2025-08-20,1,Fram,Víkingur R.,0,9,2,5e-4
2025-08-20,1,Fram,Víkingur R.,0,11,1,2.5e-4
2025-08-20,1,Fram,Víkingur R.,1,0,221,0.05525
2025-08-20,1,Fram,Víkingur R.,1,1,363,0.09075
2025-08-20,1,Fram,Víkingur R.,1,2,255,0.06375
2025-08-20,1,Fram,Víkingur R.,1,3,160,0.04
2025-08-20,1,Fram,Víkingur R.,1,4,73,0.01825
2025-08-20,1,Fram,Víkingur R.,1,5,27,0.00675
2025-08-20,1,Fram,Víkingur R.,1,6,8,0.002
2025-08-20,1,Fram,Víkingur R.,1,7,3,7.5e-4
2025-08-20,1,Fram,Víkingur R.,1,11,1,2.5e-4
2025-08-20,1,Fram,Víkingur R.,2,0,196,0.049
2025-08-20,1,Fram,Víkingur R.,2,1,293,0.07325
2025-08-20,1,Fram,Víkingur R.,2,2,240,0.06
2025-08-20,1,Fram,Víkingur R.,2,3,150,0.0375
2025-08-20,1,Fram,Víkingur R.,2,4,81,0.02025
2025-08-20,1,Fram,Víkingur R.,2,5,33,0.00825
2025-08-20,1,Fram,Víkingur R.,2,6,11,0.00275
2025-08-20,1,Fram,Víkingur R.,2,7,3,7.5e-4
2025-08-20,1,Fram,Víkingur R.,2,8,3,7.5e-4
2025-08-20,1,Fram,Víkingur R.,2,9,2,5e-4
2025-08-20,1,Fram,Víkingur R.,3,0,108,0.027
2025-08-20,1,Fram,Víkingur R.,3,1,166,0.0415
2025-08-20,1,Fram,Víkingur R.,3,2,140,0.035
2025-08-20,1,Fram,Víkingur R.,3,3,84,0.021
2025-08-20,1,Fram,Víkingur R.,3,4,43,0.01075
2025-08-20,1,Fram,Víkingur R.,3,5,26,0.0065
2025-08-20,1,Fram,Víkingur R.,3,6,9,0.00225
2025-08-20,1,Fram,Víkingur R.,3,7,3,7.5e-4
2025-08-20,1,Fram,Víkingur R.,3,8,1,2.5e-4
2025-08-20,1,Fram,Víkingur R.,3,9,1,2.5e-4
2025-08-20,1,Fram,Víkingur R.,4,0,52,0.013
2025-08-20,1,Fram,Víkingur R.,4,1,91,0.02275
2025-08-20,1,Fram,Víkingur R.,4,2,75,0.01875
2025-08-20,1,Fram,Víkingur R.,4,3,37,0.00925
2025-08-20,1,Fram,Víkingur R.,4,4,24,0.006
2025-08-20,1,Fram,Víkingur R.,4,5,10,0.0025
2025-08-20,1,Fram,Víkingur R.,4,6,6,0.0015
2025-08-20,1,Fram,Víkingur R.,4,7,8,0.002
2025-08-20,1,Fram,Víkingur R.,5,0,24,0.006
2025-08-20,1,Fram,Víkingur R.,5,1,36,0.009
2025-08-20,1,Fram,Víkingur R.,5,2,24,0.006
2025-08-20,1,Fram,Víkingur R.,5,3,18,0.0045
2025-08-20,1,Fram,Víkingur R.,5,4,5,0.00125
2025-08-20,1,Fram,Víkingur R.,5,5,6,0.0015
2025-08-20,1,Fram,Víkingur R.,6,0,7,0.00175
2025-08-20,1,Fram,Víkingur R.,6,1,27,0.00675
2025-08-20,1,Fram,Víkingur R.,6,2,21,0.00525
2025-08-20,1,Fram,Víkingur R.,6,3,12,0.003
2025-08-20,1,Fram,Víkingur R.,6,4,2,5e-4
2025-08-20,1,Fram,Víkingur R.,6,5,1,2.5e-4
2025-08-20,1,Fram,Víkingur R.,6,7,2,5e-4
2025-08-20,1,Fram,Víkingur R.,7,0,5,0.00125
2025-08-20,1,Fram,Víkingur R.,7,1,5,0.00125
2025-08-20,1,Fram,Víkingur R.,7,2,5,0.00125
2025-08-20,1,Fram,Víkingur R.,7,3,6,0.0015
2025-08-20,1,Fram,Víkingur R.,7,4,1,2.5e-4
2025-08-20,1,Fram,Víkingur R.,7,5,2,5e-4
2025-08-20,1,Fram,Víkingur R.,7,7,1,2.5e-4
2025-08-20,1,Fram,Víkingur R.,8,0,4,0.001
2025-08-20,1,Fram,Víkingur R.,8,1,5,0.00125
2025-08-20,1,Fram,Víkingur R.,8,2,3,7.5e-4
2025-08-20,1,Fram,Víkingur R.,8,3,2,5e-4
2025-08-20,1,Fram,Víkingur R.,8,4,2,5e-4
2025-08-20,1,Fram,Víkingur R.,8,6,1,2.5e-4
2025-08-20,1,Fram,Víkingur R.,9,4,1,2.5e-4
2025-08-20,1,Fram,Víkingur R.,10,4,1,2.5e-4
2025-08-20,1,Fram,Víkingur R.,11,6,1,2.5e-4
2025-08-20,1,Fram,Víkingur R.,13,13,1,2.5e-4
2025-08-20,1,Þróttur R.,Valur,0,0,381,0.09525
2025-08-20,1,Þróttur R.,Valur,0,1,264,0.066
2025-08-20,1,Þróttur R.,Valur,0,2,96,0.024
2025-08-20,1,Þróttur R.,Valur,0,3,40,0.01
2025-08-20,1,Þróttur R.,Valur,0,4,3,7.5e-4
2025-08-20,1,Þróttur R.,Valur,0,5,2,5e-4
2025-08-20,1,Þróttur R.,Valur,1,0,480,0.12
2025-08-20,1,Þróttur R.,Valur,1,1,381,0.09525
2025-08-20,1,Þróttur R.,Valur,1,2,131,0.03275
2025-08-20,1,Þróttur R.,Valur,1,3,64,0.016
2025-08-20,1,Þróttur R.,Valur,1,4,19,0.00475
2025-08-20,1,Þróttur R.,Valur,1,5,2,5e-4
2025-08-20,1,Þróttur R.,Valur,1,6,1,2.5e-4
2025-08-20,1,Þróttur R.,Valur,1,7,1,2.5e-4
2025-08-20,1,Þróttur R.,Valur,2,0,428,0.107
2025-08-20,1,Þróttur R.,Valur,2,1,321,0.08025
2025-08-20,1,Þróttur R.,Valur,2,2,146,0.0365
2025-08-20,1,Þróttur R.,Valur,2,3,52,0.013
2025-08-20,1,Þróttur R.,Valur,2,4,12,0.003
2025-08-20,1,Þróttur R.,Valur,2,5,5,0.00125
2025-08-20,1,Þróttur R.,Valur,2,6,3,7.5e-4
2025-08-20,1,Þróttur R.,Valur,3,0,261,0.06525
2025-08-20,1,Þróttur R.,Valur,3,1,209,0.05225
2025-08-20,1,Þróttur R.,Valur,3,2,83,0.02075
2025-08-20,1,Þróttur R.,Valur,3,3,27,0.00675
2025-08-20,1,Þróttur R.,Valur,3,4,8,0.002
2025-08-20,1,Þróttur R.,Valur,3,5,1,2.5e-4
2025-08-20,1,Þróttur R.,Valur,4,0,141,0.03525
2025-08-20,1,Þróttur R.,Valur,4,1,110,0.0275
2025-08-20,1,Þróttur R.,Valur,4,2,51,0.01275
2025-08-20,1,Þróttur R.,Valur,4,3,19,0.00475
2025-08-20,1,Þróttur R.,Valur,4,4,7,0.00175
2025-08-20,1,Þróttur R.,Valur,4,5,2,5e-4
2025-08-20,1,Þróttur R.,Valur,4,6,1,2.5e-4
2025-08-20,1,Þróttur R.,Valur,5,0,65,0.01625
2025-08-20,1,Þróttur R.,Valur,5,1,53,0.01325
2025-08-20,1,Þróttur R.,Valur,5,2,27,0.00675
2025-08-20,1,Þróttur R.,Valur,5,3,11,0.00275
2025-08-20,1,Þróttur R.,Valur,5,4,4,0.001
2025-08-20,1,Þróttur R.,Valur,5,5,2,5e-4
2025-08-20,1,Þróttur R.,Valur,5,6,1,2.5e-4
2025-08-20,1,Þróttur R.,Valur,6,0,30,0.0075
2025-08-20,1,Þróttur R.,Valur,6,1,17,0.00425
2025-08-20,1,Þróttur R.,Valur,6,2,8,0.002
2025-08-20,1,Þróttur R.,Valur,6,3,3,7.5e-4
2025-08-20,1,Þróttur R.,Valur,6,4,2,5e-4
2025-08-20,1,Þróttur R.,Valur,7,0,10,0.0025
2025-08-20,1,Þróttur R.,Valur,7,1,5,0.00125
2025-08-20,1,Þróttur R.,Valur,7,2,2,5e-4
2025-08-20,1,Þróttur R.,Valur,7,3,1,2.5e-4
2025-08-20,1,Þróttur R.,Valur,8,0,3,7.5e-4
2025-08-20,1,Þróttur R.,Valur,8,1,1,2.5e-4
2025-08-20,1,Þróttur R.,Valur,8,2,1,2.5e-4
2025-08-20,1,Þróttur R.,Valur,8,8,1,2.5e-4
2025-08-20,1,Þróttur R.,Valur,10,1,1,2.5e-4
2025-08-21,1,Stjarnan,FH,0,0,262,0.0655
2025-08-21,1,Stjarnan,FH,0,1,392,0.098
2025-08-21,1,Stjarnan,FH,0,2,300,0.075
2025-08-21,1,Stjarnan,FH,0,3,162,0.0405
2025-08-21,1,Stjarnan,FH,0,4,103,0.02575
2025-08-21,1,Stjarnan,FH,0,5,36,0.009
2025-08-21,1,Stjarnan,FH,0,6,15,0.00375
2025-08-21,1,Stjarnan,FH,0,7,5,0.00125
2025-08-21,1,Stjarnan,FH,0,8,1,2.5e-4
2025-08-21,1,Stjarnan,FH,0,10,2,5e-4
2025-08-21,1,Stjarnan,FH,1,0,212,0.053
2025-08-21,1,Stjarnan,FH,1,1,407,0.10175
2025-08-21,1,Stjarnan,FH,1,2,328,0.082
2025-08-21,1,Stjarnan,FH,1,3,193,0.04825
2025-08-21,1,Stjarnan,FH,1,4,81,0.02025
2025-08-21,1,Stjarnan,FH,1,5,53,0.01325
2025-08-21,1,Stjarnan,FH,1,6,21,0.00525
2025-08-21,1,Stjarnan,FH,1,7,7,0.00175
2025-08-21,1,Stjarnan,FH,1,8,3,7.5e-4
2025-08-21,1,Stjarnan,FH,2,0,132,0.033
2025-08-21,1,Stjarnan,FH,2,1,235,0.05875
2025-08-21,1,Stjarnan,FH,2,2,189,0.04725
2025-08-21,1,Stjarnan,FH,2,3,126,0.0315
2025-08-21,1,Stjarnan,FH,2,4,67,0.01675
2025-08-21,1,Stjarnan,FH,2,5,35,0.00875
2025-08-21,1,Stjarnan,FH,2,6,15,0.00375
2025-08-21,1,Stjarnan,FH,2,7,3,7.5e-4
2025-08-21,1,Stjarnan,FH,2,8,3,7.5e-4
2025-08-21,1,Stjarnan,FH,3,0,55,0.01375
2025-08-21,1,Stjarnan,FH,3,1,101,0.02525
2025-08-21,1,Stjarnan,FH,3,2,100,0.025
2025-08-21,1,Stjarnan,FH,3,3,68,0.017
2025-08-21,1,Stjarnan,FH,3,4,28,0.007
2025-08-21,1,Stjarnan,FH,3,5,18,0.0045
2025-08-21,1,Stjarnan,FH,3,6,4,0.001
2025-08-21,1,Stjarnan,FH,3,7,3,7.5e-4
2025-08-21,1,Stjarnan,FH,3,11,1,2.5e-4
2025-08-21,1,Stjarnan,FH,4,0,18,0.0045
2025-08-21,1,Stjarnan,FH,4,1,41,0.01025
2025-08-21,1,Stjarnan,FH,4,2,38,0.0095
2025-08-21,1,Stjarnan,FH,4,3,23,0.00575
2025-08-21,1,Stjarnan,FH,4,4,18,0.0045
2025-08-21,1,Stjarnan,FH,4,5,11,0.00275
2025-08-21,1,Stjarnan,FH,4,6,1,2.5e-4
2025-08-21,1,Stjarnan,FH,4,7,1,2.5e-4
2025-08-21,1,Stjarnan,FH,4,8,1,2.5e-4
2025-08-21,1,Stjarnan,FH,4,9,1,2.5e-4
2025-08-21,1,Stjarnan,FH,4,11,1,2.5e-4
2025-08-21,1,Stjarnan,FH,5,0,10,0.0025
2025-08-21,1,Stjarnan,FH,5,1,23,0.00575
2025-08-21,1,Stjarnan,FH,5,2,15,0.00375
2025-08-21,1,Stjarnan,FH,5,3,6,0.0015
2025-08-21,1,Stjarnan,FH,5,4,2,5e-4
2025-08-21,1,Stjarnan,FH,5,5,4,0.001
2025-08-21,1,Stjarnan,FH,6,0,1,2.5e-4
2025-08-21,1,Stjarnan,FH,6,1,3,7.5e-4
2025-08-21,1,Stjarnan,FH,6,2,5,0.00125
2025-08-21,1,Stjarnan,FH,6,3,1,2.5e-4
2025-08-21,1,Stjarnan,FH,6,4,1,2.5e-4
2025-08-21,1,Stjarnan,FH,6,5,2,5e-4
2025-08-21,1,Stjarnan,FH,7,1,1,2.5e-4
2025-08-21,1,Stjarnan,FH,7,2,3,7.5e-4
2025-08-21,1,Stjarnan,FH,7,5,2,5e-4
2025-08-21,1,Stjarnan,FH,8,2,1,2.5e-4
2025-08-21,1,Þór/KA,FHL,0,0,94,0.0235
2025-08-21,1,Þór/KA,FHL,0,1,49,0.01225
2025-08-21,1,Þór/KA,FHL,0,2,7,0.00175
2025-08-21,1,Þór/KA,FHL,0,3,1,2.5e-4
2025-08-21,1,Þór/KA,FHL,1,0,242,0.0605
2025-08-21,1,Þór/KA,FHL,1,1,120,0.03
2025-08-21,1,Þór/KA,FHL,1,2,28,0.007
2025-08-21,1,Þór/KA,FHL,1,3,4,0.001
2025-08-21,1,Þór/KA,FHL,1,4,2,5e-4
2025-08-21,1,Þór/KA,FHL,2,0,401,0.10025
2025-08-21,1,Þór/KA,FHL,2,1,197,0.04925
2025-08-21,1,Þór/KA,FHL,2,2,28,0.007
2025-08-21,1,Þór/KA,FHL,2,3,12,0.003
2025-08-21,1,Þór/KA,FHL,2,4,1,2.5e-4
2025-08-21,1,Þór/KA,FHL,3,0,452,0.113
2025-08-21,1,Þór/KA,FHL,3,1,186,0.0465
2025-08-21,1,Þór/KA,FHL,3,2,60,0.015
2025-08-21,1,Þór/KA,FHL,3,3,18,0.0045
2025-08-21,1,Þór/KA,FHL,3,4,1,2.5e-4
2025-08-21,1,Þór/KA,FHL,4,0,379,0.09475
2025-08-21,1,Þór/KA,FHL,4,1,201,0.05025
2025-08-21,1,Þór/KA,FHL,4,2,60,0.015
2025-08-21,1,Þór/KA,FHL,4,3,12,0.003
2025-08-21,1,Þór/KA,FHL,4,4,2,5e-4
2025-08-21,1,Þór/KA,FHL,4,6,1,2.5e-4
2025-08-21,1,Þór/KA,FHL,5,0,294,0.0735
2025-08-21,1,Þór/KA,FHL,5,1,150,0.0375
2025-08-21,1,Þór/KA,FHL,5,2,42,0.0105
2025-08-21,1,Þór/KA,FHL,5,3,11,0.00275
2025-08-21,1,Þór/KA,FHL,5,4,1,2.5e-4
2025-08-21,1,Þór/KA,FHL,6,0,247,0.06175
2025-08-21,1,Þór/KA,FHL,6,1,109,0.02725
2025-08-21,1,Þór/KA,FHL,6,2,26,0.0065
2025-08-21,1,Þór/KA,FHL,6,3,7,0.00175
2025-08-21,1,Þór/KA,FHL,6,4,1,2.5e-4
2025-08-21,1,Þór/KA,FHL,7,0,145,0.03625
2025-08-21,1,Þór/KA,FHL,7,1,85,0.02125
2025-08-21,1,Þór/KA,FHL,7,2,18,0.0045
2025-08-21,1,Þór/KA,FHL,7,3,5,0.00125
2025-08-21,1,Þór/KA,FHL,8,0,79,0.01975
2025-08-21,1,Þór/KA,FHL,8,1,37,0.00925
2025-08-21,1,Þór/KA,FHL,8,2,12,0.003
2025-08-21,1,Þór/KA,FHL,8,3,1,2.5e-4
2025-08-21,1,Þór/KA,FHL,8,4,1,2.5e-4
2025-08-21,1,Þór/KA,FHL,9,0,36,0.009
2025-08-21,1,Þór/KA,FHL,9,1,22,0.0055
2025-08-21,1,Þór/KA,FHL,9,2,5,0.00125
2025-08-21,1,Þór/KA,FHL,9,3,1,2.5e-4
2025-08-21,1,Þór/KA,FHL,10,0,30,0.0075
2025-08-21,1,Þór/KA,FHL,10,1,10,0.0025
2025-08-21,1,Þór/KA,FHL,10,2,4,0.001
2025-08-21,1,Þór/KA,FHL,11,0,20,0.005
2025-08-21,1,Þór/KA,FHL,11,1,10,0.0025
2025-08-21,1,Þór/KA,FHL,11,2,2,5e-4
2025-08-21,1,Þór/KA,FHL,12,0,8,0.002
2025-08-21,1,Þór/KA,FHL,12,1,5,0.00125
2025-08-21,1,Þór/KA,FHL,12,2,3,7.5e-4
2025-08-21,1,Þór/KA,FHL,13,0,5,0.00125
2025-08-21,1,Þór/KA,FHL,13,1,4,0.001
2025-08-21,1,Þór/KA,FHL,13,2,1,2.5e-4
2025-08-21,1,Þór/KA,FHL,13,3,1,2.5e-4
2025-08-21,1,Þór/KA,FHL,14,0,1,2.5e-4
2025-08-21,1,Þór/KA,FHL,16,0,1,2.5e-4
2025-08-21,1,Þór/KA,FHL,18,0,1,2.5e-4
2025-08-21,1,Þór/KA,FHL,19,0,1,2.5e-4
2025-08-22,1,Breiðablik,Tindastóll,0,0,25,0.00625
2025-08-22,1,Breiðablik,Tindastóll,0,1,14,0.0035
2025-08-22,1,Breiðablik,Tindastóll,0,2,1,2.5e-4
2025-08-22,1,Breiðablik,Tindastóll,1,0,88,0.022
2025-08-22,1,Breiðablik,Tindastóll,1,1,48,0.012
2025-08-22,1,Breiðablik,Tindastóll,1,2,11,0.00275
2025-08-22,1,Breiðablik,Tindastóll,1,3,1,2.5e-4
2025-08-22,1,Breiðablik,Tindastóll,2,0,205,0.05125
2025-08-22,1,Breiðablik,Tindastóll,2,1,82,0.0205
2025-08-22,1,Breiðablik,Tindastóll,2,2,18,0.0045
2025-08-22,1,Breiðablik,Tindastóll,2,3,5,0.00125
2025-08-22,1,Breiðablik,Tindastóll,3,0,297,0.07425
2025-08-22,1,Breiðablik,Tindastóll,3,1,131,0.03275
2025-08-22,1,Breiðablik,Tindastóll,3,2,36,0.009
2025-08-22,1,Breiðablik,Tindastóll,3,3,8,0.002
2025-08-22,1,Breiðablik,Tindastóll,3,4,1,2.5e-4
2025-08-22,1,Breiðablik,Tindastóll,4,0,337,0.08425
2025-08-22,1,Breiðablik,Tindastóll,4,1,147,0.03675
2025-08-22,1,Breiðablik,Tindastóll,4,2,61,0.01525
2025-08-22,1,Breiðablik,Tindastóll,4,3,8,0.002
2025-08-22,1,Breiðablik,Tindastóll,5,0,358,0.0895
2025-08-22,1,Breiðablik,Tindastóll,5,1,174,0.0435
2025-08-22,1,Breiðablik,Tindastóll,5,2,34,0.0085
2025-08-22,1,Breiðablik,Tindastóll,5,3,13,0.00325
2025-08-22,1,Breiðablik,Tindastóll,5,4,1,2.5e-4
2025-08-22,1,Breiðablik,Tindastóll,5,5,2,5e-4
2025-08-22,1,Breiðablik,Tindastóll,6,0,290,0.0725
2025-08-22,1,Breiðablik,Tindastóll,6,1,143,0.03575
2025-08-22,1,Breiðablik,Tindastóll,6,2,35,0.00875
2025-08-22,1,Breiðablik,Tindastóll,6,3,8,0.002
2025-08-22,1,Breiðablik,Tindastóll,6,4,1,2.5e-4
2025-08-22,1,Breiðablik,Tindastóll,7,0,277,0.06925
2025-08-22,1,Breiðablik,Tindastóll,7,1,121,0.03025
2025-08-22,1,Breiðablik,Tindastóll,7,2,30,0.0075
2025-08-22,1,Breiðablik,Tindastóll,7,3,8,0.002
2025-08-22,1,Breiðablik,Tindastóll,7,4,3,7.5e-4
2025-08-22,1,Breiðablik,Tindastóll,8,0,191,0.04775
2025-08-22,1,Breiðablik,Tindastóll,8,1,93,0.02325
2025-08-22,1,Breiðablik,Tindastóll,8,2,33,0.00825
2025-08-22,1,Breiðablik,Tindastóll,8,3,4,0.001
2025-08-22,1,Breiðablik,Tindastóll,9,0,141,0.03525
2025-08-22,1,Breiðablik,Tindastóll,9,1,66,0.0165
2025-08-22,1,Breiðablik,Tindastóll,9,2,18,0.0045
2025-08-22,1,Breiðablik,Tindastóll,9,3,7,0.00175
2025-08-22,1,Breiðablik,Tindastóll,9,4,2,5e-4
2025-08-22,1,Breiðablik,Tindastóll,9,5,1,2.5e-4
2025-08-22,1,Breiðablik,Tindastóll,10,0,114,0.0285
2025-08-22,1,Breiðablik,Tindastóll,10,1,29,0.00725
2025-08-22,1,Breiðablik,Tindastóll,10,2,13,0.00325
2025-08-22,1,Breiðablik,Tindastóll,10,3,1,2.5e-4
2025-08-22,1,Breiðablik,Tindastóll,10,4,1,2.5e-4
2025-08-22,1,Breiðablik,Tindastóll,11,0,52,0.013
2025-08-22,1,Breiðablik,Tindastóll,11,1,24,0.006
2025-08-22,1,Breiðablik,Tindastóll,11,2,7,0.00175
2025-08-22,1,Breiðablik,Tindastóll,11,3,1,2.5e-4
2025-08-22,1,Breiðablik,Tindastóll,12,0,50,0.0125
2025-08-22,1,Breiðablik,Tindastóll,12,1,27,0.00675
2025-08-22,1,Breiðablik,Tindastóll,12,2,11,0.00275
2025-08-22,1,Breiðablik,Tindastóll,13,0,29,0.00725
2025-08-22,1,Breiðablik,Tindastóll,13,1,10,0.0025
2025-08-22,1,Breiðablik,Tindastóll,14,0,13,0.00325
2025-08-22,1,Breiðablik,Tindastóll,14,1,5,0.00125
2025-08-22,1,Breiðablik,Tindastóll,14,2,1,2.5e-4
2025-08-22,1,Breiðablik,Tindastóll,14,3,3,7.5e-4
2025-08-22,1,Breiðablik,Tindastóll,15,0,4,0.001
2025-08-22,1,Breiðablik,Tindastóll,15,1,4,0.001
2025-08-22,1,Breiðablik,Tindastóll,15,2,2,5e-4
2025-08-22,1,Breiðablik,Tindastóll,16,0,3,7.5e-4
2025-08-22,1,Breiðablik,Tindastóll,16,1,3,7.5e-4
2025-08-22,1,Breiðablik,Tindastóll,16,2,2,5e-4
2025-08-22,1,Breiðablik,Tindastóll,17,0,3,7.5e-4
2025-08-22,1,Breiðablik,Tindastóll,17,1,3,7.5e-4
2025-08-22,1,Breiðablik,Tindastóll,18,0,2,5e-4
2025-08-22,1,Breiðablik,Tindastóll,20,0,1,2.5e-4
2025-08-22,1,Breiðablik,Tindastóll,20,1,1,2.5e-4
2025-08-22,1,Breiðablik,Tindastóll,21,0,1,2.5e-4
2025-08-22,1,Breiðablik,Tindastóll,22,0,1,2.5e-4
2025-08-22,1,Breiðablik,Tindastóll,25,0,1,2.5e-4
2025-08-28,1,FH,Þróttur R.,0,0,253,0.06325
2025-08-28,1,FH,Þróttur R.,0,1,302,0.0755
2025-08-28,1,FH,Þróttur R.,0,2,249,0.06225
2025-08-28,1,FH,Þróttur R.,0,3,130,0.0325
2025-08-28,1,FH,Þróttur R.,0,4,65,0.01625
2025-08-28,1,FH,Þróttur R.,0,5,31,0.00775
2025-08-28,1,FH,Þróttur R.,0,6,10,0.0025
2025-08-28,1,FH,Þróttur R.,0,7,3,7.5e-4
2025-08-28,1,FH,Þróttur R.,0,8,1,2.5e-4
2025-08-28,1,FH,Þróttur R.,0,10,1,2.5e-4
2025-08-28,1,FH,Þróttur R.,1,0,272,0.068
2025-08-28,1,FH,Þróttur R.,1,1,402,0.1005
2025-08-28,1,FH,Þróttur R.,1,2,321,0.08025
2025-08-28,1,FH,Þróttur R.,1,3,184,0.046
2025-08-28,1,FH,Þróttur R.,1,4,71,0.01775
2025-08-28,1,FH,Þróttur R.,1,5,39,0.00975
2025-08-28,1,FH,Þróttur R.,1,6,17,0.00425
2025-08-28,1,FH,Þróttur R.,1,7,5,0.00125
2025-08-28,1,FH,Þróttur R.,1,9,1,2.5e-4
2025-08-28,1,FH,Þróttur R.,2,0,190,0.0475
2025-08-28,1,FH,Þróttur R.,2,1,263,0.06575
2025-08-28,1,FH,Þróttur R.,2,2,197,0.04925
2025-08-28,1,FH,Þróttur R.,2,3,129,0.03225
2025-08-28,1,FH,Þróttur R.,2,4,55,0.01375
2025-08-28,1,FH,Þróttur R.,2,5,40,0.01
2025-08-28,1,FH,Þróttur R.,2,6,7,0.00175
2025-08-28,1,FH,Þróttur R.,2,7,2,5e-4
2025-08-28,1,FH,Þróttur R.,2,8,1,2.5e-4
2025-08-28,1,FH,Þróttur R.,3,0,77,0.01925
2025-08-28,1,FH,Þróttur R.,3,1,139,0.03475
2025-08-28,1,FH,Þróttur R.,3,2,99,0.02475
2025-08-28,1,FH,Þróttur R.,3,3,76,0.019
2025-08-28,1,FH,Þróttur R.,3,4,25,0.00625
2025-08-28,1,FH,Þróttur R.,3,5,17,0.00425
2025-08-28,1,FH,Þróttur R.,3,6,6,0.0015
2025-08-28,1,FH,Þróttur R.,3,7,3,7.5e-4
2025-08-28,1,FH,Þróttur R.,3,8,1,2.5e-4
2025-08-28,1,FH,Þróttur R.,3,9,1,2.5e-4
2025-08-28,1,FH,Þróttur R.,4,0,41,0.01025
2025-08-28,1,FH,Þróttur R.,4,1,54,0.0135
2025-08-28,1,FH,Þróttur R.,4,2,46,0.0115
2025-08-28,1,FH,Þróttur R.,4,3,36,0.009
2025-08-28,1,FH,Þróttur R.,4,4,16,0.004
2025-08-28,1,FH,Þróttur R.,4,5,12,0.003
2025-08-28,1,FH,Þróttur R.,4,6,2,5e-4
2025-08-28,1,FH,Þróttur R.,4,7,3,7.5e-4
2025-08-28,1,FH,Þróttur R.,4,8,1,2.5e-4
2025-08-28,1,FH,Þróttur R.,5,0,8,0.002
2025-08-28,1,FH,Þróttur R.,5,1,21,0.00525
2025-08-28,1,FH,Þróttur R.,5,2,15,0.00375
2025-08-28,1,FH,Þróttur R.,5,3,10,0.0025
2025-08-28,1,FH,Þróttur R.,5,4,7,0.00175
2025-08-28,1,FH,Þróttur R.,5,5,3,7.5e-4
2025-08-28,1,FH,Þróttur R.,5,6,4,0.001
2025-08-28,1,FH,Þróttur R.,5,9,1,2.5e-4
2025-08-28,1,FH,Þróttur R.,6,0,4,0.001
2025-08-28,1,FH,Þróttur R.,6,1,3,7.5e-4
2025-08-28,1,FH,Þróttur R.,6,2,7,0.00175
2025-08-28,1,FH,Þróttur R.,6,3,5,0.00125
2025-08-28,1,FH,Þróttur R.,6,4,3,7.5e-4
2025-08-28,1,FH,Þróttur R.,7,0,1,2.5e-4
2025-08-28,1,FH,Þróttur R.,7,1,2,5e-4
2025-08-28,1,FH,Þróttur R.,7,2,3,7.5e-4
2025-08-28,1,FH,Þróttur R.,7,3,2,5e-4
2025-08-28,1,FH,Þróttur R.,7,8,1,2.5e-4
2025-08-28,1,FH,Þróttur R.,8,1,1,2.5e-4
2025-08-28,1,FH,Þróttur R.,8,2,1,2.5e-4
2025-08-28,1,FH,Þróttur R.,10,0,1,2.5e-4
2025-08-28,1,FH,Þróttur R.,10,5,1,2.5e-4
2025-08-28,1,Tindastóll,Víkingur R.,0,0,202,0.0505
2025-08-28,1,Tindastóll,Víkingur R.,0,1,207,0.05175
2025-08-28,1,Tindastóll,Víkingur R.,0,2,178,0.0445
2025-08-28,1,Tindastóll,Víkingur R.,0,3,109,0.02725
2025-08-28,1,Tindastóll,Víkingur R.,0,4,45,0.01125
2025-08-28,1,Tindastóll,Víkingur R.,0,5,16,0.004
2025-08-28,1,Tindastóll,Víkingur R.,0,6,15,0.00375
2025-08-28,1,Tindastóll,Víkingur R.,0,7,1,2.5e-4
2025-08-28,1,Tindastóll,Víkingur R.,0,8,2,5e-4
2025-08-28,1,Tindastóll,Víkingur R.,1,0,251,0.06275
2025-08-28,1,Tindastóll,Víkingur R.,1,1,367,0.09175
2025-08-28,1,Tindastóll,Víkingur R.,1,2,265,0.06625
2025-08-28,1,Tindastóll,Víkingur R.,1,3,141,0.03525
2025-08-28,1,Tindastóll,Víkingur R.,1,4,79,0.01975
2025-08-28,1,Tindastóll,Víkingur R.,1,5,33,0.00825
2025-08-28,1,Tindastóll,Víkingur R.,1,6,9,0.00225
2025-08-28,1,Tindastóll,Víkingur R.,1,7,1,2.5e-4
2025-08-28,1,Tindastóll,Víkingur R.,2,0,164,0.041
2025-08-28,1,Tindastóll,Víkingur R.,2,1,281,0.07025
2025-08-28,1,Tindastóll,Víkingur R.,2,2,257,0.06425
2025-08-28,1,Tindastóll,Víkingur R.,2,3,118,0.0295
2025-08-28,1,Tindastóll,Víkingur R.,2,4,63,0.01575
2025-08-28,1,Tindastóll,Víkingur R.,2,5,33,0.00825
2025-08-28,1,Tindastóll,Víkingur R.,2,6,15,0.00375
2025-08-28,1,Tindastóll,Víkingur R.,2,7,6,0.0015
2025-08-28,1,Tindastóll,Víkingur R.,2,8,5,0.00125
2025-08-28,1,Tindastóll,Víkingur R.,2,9,1,2.5e-4
2025-08-28,1,Tindastóll,Víkingur R.,2,10,1,2.5e-4
2025-08-28,1,Tindastóll,Víkingur R.,3,0,104,0.026
2025-08-28,1,Tindastóll,Víkingur R.,3,1,191,0.04775
2025-08-28,1,Tindastóll,Víkingur R.,3,2,150,0.0375
2025-08-28,1,Tindastóll,Víkingur R.,3,3,100,0.025
2025-08-28,1,Tindastóll,Víkingur R.,3,4,36,0.009
2025-08-28,1,Tindastóll,Víkingur R.,3,5,16,0.004
2025-08-28,1,Tindastóll,Víkingur R.,3,6,6,0.0015
2025-08-28,1,Tindastóll,Víkingur R.,3,7,3,7.5e-4
2025-08-28,1,Tindastóll,Víkingur R.,3,8,1,2.5e-4
2025-08-28,1,Tindastóll,Víkingur R.,3,11,1,2.5e-4
2025-08-28,1,Tindastóll,Víkingur R.,4,0,52,0.013
2025-08-28,1,Tindastóll,Víkingur R.,4,1,94,0.0235
2025-08-28,1,Tindastóll,Víkingur R.,4,2,76,0.019
2025-08-28,1,Tindastóll,Víkingur R.,4,3,49,0.01225
2025-08-28,1,Tindastóll,Víkingur R.,4,4,22,0.0055
2025-08-28,1,Tindastóll,Víkingur R.,4,5,13,0.00325
2025-08-28,1,Tindastóll,Víkingur R.,4,6,2,5e-4
2025-08-28,1,Tindastóll,Víkingur R.,5,0,30,0.0075
2025-08-28,1,Tindastóll,Víkingur R.,5,1,32,0.008
2025-08-28,1,Tindastóll,Víkingur R.,5,2,35,0.00875
2025-08-28,1,Tindastóll,Víkingur R.,5,3,21,0.00525
2025-08-28,1,Tindastóll,Víkingur R.,5,4,15,0.00375
2025-08-28,1,Tindastóll,Víkingur R.,5,5,4,0.001
2025-08-28,1,Tindastóll,Víkingur R.,5,6,2,5e-4
2025-08-28,1,Tindastóll,Víkingur R.,5,7,1,2.5e-4
2025-08-28,1,Tindastóll,Víkingur R.,6,0,13,0.00325
2025-08-28,1,Tindastóll,Víkingur R.,6,1,10,0.0025
2025-08-28,1,Tindastóll,Víkingur R.,6,2,12,0.003
2025-08-28,1,Tindastóll,Víkingur R.,6,3,7,0.00175
2025-08-28,1,Tindastóll,Víkingur R.,6,4,5,0.00125
2025-08-28,1,Tindastóll,Víkingur R.,6,5,2,5e-4
2025-08-28,1,Tindastóll,Víkingur R.,6,6,3,7.5e-4
2025-08-28,1,Tindastóll,Víkingur R.,7,0,2,5e-4
2025-08-28,1,Tindastóll,Víkingur R.,7,1,4,0.001
2025-08-28,1,Tindastóll,Víkingur R.,7,2,5,0.00125
2025-08-28,1,Tindastóll,Víkingur R.,7,3,2,5e-4
2025-08-28,1,Tindastóll,Víkingur R.,7,4,1,2.5e-4
2025-08-28,1,Tindastóll,Víkingur R.,7,5,1,2.5e-4
2025-08-28,1,Tindastóll,Víkingur R.,8,0,2,5e-4
2025-08-28,1,Tindastóll,Víkingur R.,8,1,3,7.5e-4
2025-08-28,1,Tindastóll,Víkingur R.,8,2,1,2.5e-4
2025-08-28,1,Tindastóll,Víkingur R.,8,4,1,2.5e-4
2025-08-28,1,Tindastóll,Víkingur R.,9,4,1,2.5e-4
2025-08-28,1,Tindastóll,Víkingur R.,10,0,1,2.5e-4
2025-08-28,1,Tindastóll,Víkingur R.,10,1,1,2.5e-4
2025-08-28,1,Tindastóll,Víkingur R.,10,3,1,2.5e-4
2025-08-28,1,Tindastóll,Víkingur R.,11,3,1,2.5e-4
2025-08-30,1,FHL,Stjarnan,0,0,233,0.05825
2025-08-30,1,FHL,Stjarnan,0,1,415,0.10375
2025-08-30,1,FHL,Stjarnan,0,2,397,0.09925
2025-08-30,1,FHL,Stjarnan,0,3,277,0.06925
2025-08-30,1,FHL,Stjarnan,0,4,189,0.04725
2025-08-30,1,FHL,Stjarnan,0,5,96,0.024
2025-08-30,1,FHL,Stjarnan,0,6,36,0.009
2025-08-30,1,FHL,Stjarnan,0,7,19,0.00475
2025-08-30,1,FHL,Stjarnan,0,8,6,0.0015
2025-08-30,1,FHL,Stjarnan,0,9,6,0.0015
2025-08-30,1,FHL,Stjarnan,0,10,1,2.5e-4
2025-08-30,1,FHL,Stjarnan,0,11,1,2.5e-4
2025-08-30,1,FHL,Stjarnan,1,0,164,0.041
2025-08-30,1,FHL,Stjarnan,1,1,329,0.08225
2025-08-30,1,FHL,Stjarnan,1,2,336,0.084
2025-08-30,1,FHL,Stjarnan,1,3,239,0.05975
2025-08-30,1,FHL,Stjarnan,1,4,129,0.03225
2025-08-30,1,FHL,Stjarnan,1,5,80,0.02
2025-08-30,1,FHL,Stjarnan,1,6,29,0.00725
2025-08-30,1,FHL,Stjarnan,1,7,19,0.00475
2025-08-30,1,FHL,Stjarnan,1,8,8,0.002
2025-08-30,1,FHL,Stjarnan,1,9,2,5e-4
2025-08-30,1,FHL,Stjarnan,1,10,1,2.5e-4
2025-08-30,1,FHL,Stjarnan,2,0,82,0.0205
2025-08-30,1,FHL,Stjarnan,2,1,148,0.037
2025-08-30,1,FHL,Stjarnan,2,2,160,0.04
2025-08-30,1,FHL,Stjarnan,2,3,125,0.03125
2025-08-30,1,FHL,Stjarnan,2,4,59,0.01475
2025-08-30,1,FHL,Stjarnan,2,5,39,0.00975
2025-08-30,1,FHL,Stjarnan,2,6,19,0.00475
2025-08-30,1,FHL,Stjarnan,2,7,6,0.0015
2025-08-30,1,FHL,Stjarnan,2,8,3,7.5e-4
2025-08-30,1,FHL,Stjarnan,3,0,30,0.0075
2025-08-30,1,FHL,Stjarnan,3,1,62,0.0155
2025-08-30,1,FHL,Stjarnan,3,2,51,0.01275
2025-08-30,1,FHL,Stjarnan,3,3,54,0.0135
2025-08-30,1,FHL,Stjarnan,3,4,22,0.0055
2025-08-30,1,FHL,Stjarnan,3,5,9,0.00225
2025-08-30,1,FHL,Stjarnan,3,6,1,2.5e-4
2025-08-30,1,FHL,Stjarnan,3,7,7,0.00175
2025-08-30,1,FHL,Stjarnan,3,11,1,2.5e-4
2025-08-30,1,FHL,Stjarnan,4,0,7,0.00175
2025-08-30,1,FHL,Stjarnan,4,1,22,0.0055
2025-08-30,1,FHL,Stjarnan,4,2,25,0.00625
2025-08-30,1,FHL,Stjarnan,4,3,15,0.00375
2025-08-30,1,FHL,Stjarnan,4,4,8,0.002
2025-08-30,1,FHL,Stjarnan,4,5,5,0.00125
2025-08-30,1,FHL,Stjarnan,4,6,2,5e-4
2025-08-30,1,FHL,Stjarnan,5,0,4,0.001
2025-08-30,1,FHL,Stjarnan,5,1,3,7.5e-4
2025-08-30,1,FHL,Stjarnan,5,2,7,0.00175
2025-08-30,1,FHL,Stjarnan,5,3,1,2.5e-4
2025-08-30,1,FHL,Stjarnan,5,4,5,0.00125
2025-08-30,1,FHL,Stjarnan,5,5,1,2.5e-4
2025-08-30,1,FHL,Stjarnan,5,6,2,5e-4
2025-08-30,1,FHL,Stjarnan,6,2,1,2.5e-4
2025-08-30,1,FHL,Stjarnan,7,2,1,2.5e-4
2025-08-30,1,FHL,Stjarnan,8,2,1,2.5e-4
2025-08-30,1,Þór/KA,Fram,0,0,201,0.05025
2025-08-30,1,Þór/KA,Fram,0,1,131,0.03275
2025-08-30,1,Þór/KA,Fram,0,2,58,0.0145
2025-08-30,1,Þór/KA,Fram,0,3,12,0.003
2025-08-30,1,Þór/KA,Fram,0,4,2,5e-4
2025-08-30,1,Þór/KA,Fram,0,5,1,2.5e-4
2025-08-30,1,Þór/KA,Fram,0,7,1,2.5e-4
2025-08-30,1,Þór/KA,Fram,1,0,388,0.097
2025-08-30,1,Þór/KA,Fram,1,1,288,0.072
2025-08-30,1,Þór/KA,Fram,1,2,127,0.03175
2025-08-30,1,Þór/KA,Fram,1,3,40,0.01
2025-08-30,1,Þór/KA,Fram,1,4,13,0.00325
2025-08-30,1,Þór/KA,Fram,1,5,1,2.5e-4
2025-08-30,1,Þór/KA,Fram,1,6,2,5e-4
2025-08-30,1,Þór/KA,Fram,2,0,389,0.09725
2025-08-30,1,Þór/KA,Fram,2,1,296,0.074
2025-08-30,1,Þór/KA,Fram,2,2,144,0.036
2025-08-30,1,Þór/KA,Fram,2,3,56,0.014
2025-08-30,1,Þór/KA,Fram,2,4,11,0.00275
2025-08-30,1,Þór/KA,Fram,2,5,7,0.00175
2025-08-30,1,Þór/KA,Fram,3,0,327,0.08175
2025-08-30,1,Þór/KA,Fram,3,1,261,0.06525
2025-08-30,1,Þór/KA,Fram,3,2,130,0.0325
2025-08-30,1,Þór/KA,Fram,3,3,43,0.01075
2025-08-30,1,Þór/KA,Fram,3,4,10,0.0025
2025-08-30,1,Þór/KA,Fram,3,5,3,7.5e-4
2025-08-30,1,Þór/KA,Fram,3,6,1,2.5e-4
2025-08-30,1,Þór/KA,Fram,4,0,197,0.04925
2025-08-30,1,Þór/KA,Fram,4,1,165,0.04125
2025-08-30,1,Þór/KA,Fram,4,2,71,0.01775
2025-08-30,1,Þór/KA,Fram,4,3,23,0.00575
2025-08-30,1,Þór/KA,Fram,4,4,11,0.00275
2025-08-30,1,Þór/KA,Fram,4,5,3,7.5e-4
2025-08-30,1,Þór/KA,Fram,4,6,1,2.5e-4
2025-08-30,1,Þór/KA,Fram,5,0,110,0.0275
2025-08-30,1,Þór/KA,Fram,5,1,115,0.02875
2025-08-30,1,Þór/KA,Fram,5,2,48,0.012
2025-08-30,1,Þór/KA,Fram,5,3,16,0.004
2025-08-30,1,Þór/KA,Fram,5,4,6,0.0015
2025-08-30,1,Þór/KA,Fram,5,5,4,0.001
2025-08-30,1,Þór/KA,Fram,6,0,66,0.0165
2025-08-30,1,Þór/KA,Fram,6,1,46,0.0115
2025-08-30,1,Þór/KA,Fram,6,2,24,0.006
2025-08-30,1,Þór/KA,Fram,6,3,10,0.0025
2025-08-30,1,Þór/KA,Fram,6,4,3,7.5e-4
2025-08-30,1,Þór/KA,Fram,6,5,1,2.5e-4
2025-08-30,1,Þór/KA,Fram,7,0,31,0.00775
2025-08-30,1,Þór/KA,Fram,7,1,15,0.00375
2025-08-30,1,Þór/KA,Fram,7,2,13,0.00325
2025-08-30,1,Þór/KA,Fram,7,3,5,0.00125
2025-08-30,1,Þór/KA,Fram,8,0,17,0.00425
2025-08-30,1,Þór/KA,Fram,8,1,15,0.00375
2025-08-30,1,Þór/KA,Fram,8,2,3,7.5e-4
2025-08-30,1,Þór/KA,Fram,8,3,3,7.5e-4
2025-08-30,1,Þór/KA,Fram,8,4,2,5e-4
2025-08-30,1,Þór/KA,Fram,9,0,5,0.00125
2025-08-30,1,Þór/KA,Fram,9,1,4,0.001
2025-08-30,1,Þór/KA,Fram,9,2,4,0.001
2025-08-30,1,Þór/KA,Fram,9,3,1,2.5e-4
2025-08-30,1,Þór/KA,Fram,9,4,1,2.5e-4
2025-08-30,1,Þór/KA,Fram,9,7,1,2.5e-4
2025-08-30,1,Þór/KA,Fram,10,0,7,0.00175
2025-08-30,1,Þór/KA,Fram,10,1,5,0.00125
2025-08-30,1,Þór/KA,Fram,10,3,1,2.5e-4
2025-08-30,1,Þór/KA,Fram,11,1,2,5e-4
2025-08-30,1,Þór/KA,Fram,11,2,1,2.5e-4
2025-08-30,1,Þór/KA,Fram,12,1,1,2.5e-4
2025-09-04,1,Breiðablik,FH,0,0,117,0.02925
2025-09-04,1,Breiðablik,FH,0,1,56,0.014
2025-09-04,1,Breiðablik,FH,0,2,31,0.00775
2025-09-04,1,Breiðablik,FH,0,3,7,0.00175
2025-09-04,1,Breiðablik,FH,0,4,5,0.00125
2025-09-04,1,Breiðablik,FH,0,6,1,2.5e-4
2025-09-04,1,Breiðablik,FH,0,7,1,2.5e-4
2025-09-04,1,Breiðablik,FH,1,0,288,0.072
2025-09-04,1,Breiðablik,FH,1,1,193,0.04825
2025-09-04,1,Breiðablik,FH,1,2,70,0.0175
2025-09-04,1,Breiðablik,FH,1,3,13,0.00325
2025-09-04,1,Breiðablik,FH,1,4,10,0.0025
2025-09-04,1,Breiðablik,FH,2,0,342,0.0855
2025-09-04,1,Breiðablik,FH,2,1,240,0.06
2025-09-04,1,Breiðablik,FH,2,2,119,0.02975
2025-09-04,1,Breiðablik,FH,2,3,32,0.008
2025-09-04,1,Breiðablik,FH,2,4,7,0.00175
2025-09-04,1,Breiðablik,FH,2,5,3,7.5e-4
2025-09-04,1,Breiðablik,FH,3,0,351,0.08775
2025-09-04,1,Breiðablik,FH,3,1,250,0.0625
2025-09-04,1,Breiðablik,FH,3,2,97,0.02425
2025-09-04,1,Breiðablik,FH,3,3,37,0.00925
2025-09-04,1,Breiðablik,FH,3,4,8,0.002
2025-09-04,1,Breiðablik,FH,3,5,3,7.5e-4
2025-09-04,1,Breiðablik,FH,4,0,300,0.075
2025-09-04,1,Breiðablik,FH,4,1,197,0.04925
2025-09-04,1,Breiðablik,FH,4,2,83,0.02075
2025-09-04,1,Breiðablik,FH,4,3,25,0.00625
2025-09-04,1,Breiðablik,FH,4,4,7,0.00175
2025-09-04,1,Breiðablik,FH,4,5,1,2.5e-4
2025-09-04,1,Breiðablik,FH,4,6,1,2.5e-4
2025-09-04,1,Breiðablik,FH,5,0,206,0.0515
2025-09-04,1,Breiðablik,FH,5,1,142,0.0355
2025-09-04,1,Breiðablik,FH,5,2,56,0.014
2025-09-04,1,Breiðablik,FH,5,3,21,0.00525
2025-09-04,1,Breiðablik,FH,5,4,6,0.0015
2025-09-04,1,Breiðablik,FH,5,5,2,5e-4
2025-09-04,1,Breiðablik,FH,5,6,1,2.5e-4
2025-09-04,1,Breiðablik,FH,6,0,132,0.033
2025-09-04,1,Breiðablik,FH,6,1,100,0.025
2025-09-04,1,Breiðablik,FH,6,2,40,0.01
2025-09-04,1,Breiðablik,FH,6,3,15,0.00375
2025-09-04,1,Breiðablik,FH,6,4,3,7.5e-4
2025-09-04,1,Breiðablik,FH,6,5,3,7.5e-4
2025-09-04,1,Breiðablik,FH,7,0,81,0.02025
2025-09-04,1,Breiðablik,FH,7,1,52,0.013
2025-09-04,1,Breiðablik,FH,7,2,20,0.005
2025-09-04,1,Breiðablik,FH,7,3,5,0.00125
2025-09-04,1,Breiðablik,FH,7,4,2,5e-4
2025-09-04,1,Breiðablik,FH,7,5,1,2.5e-4
2025-09-04,1,Breiðablik,FH,8,0,48,0.012
2025-09-04,1,Breiðablik,FH,8,1,38,0.0095
2025-09-04,1,Breiðablik,FH,8,2,18,0.0045
2025-09-04,1,Breiðablik,FH,8,3,3,7.5e-4
2025-09-04,1,Breiðablik,FH,8,4,3,7.5e-4
2025-09-04,1,Breiðablik,FH,9,0,24,0.006
2025-09-04,1,Breiðablik,FH,9,1,23,0.00575
2025-09-04,1,Breiðablik,FH,9,2,9,0.00225
2025-09-04,1,Breiðablik,FH,9,4,2,5e-4
2025-09-04,1,Breiðablik,FH,10,0,8,0.002
2025-09-04,1,Breiðablik,FH,10,1,11,0.00275
2025-09-04,1,Breiðablik,FH,10,2,4,0.001
2025-09-04,1,Breiðablik,FH,10,4,1,2.5e-4
2025-09-04,1,Breiðablik,FH,10,5,1,2.5e-4
2025-09-04,1,Breiðablik,FH,11,0,7,0.00175
2025-09-04,1,Breiðablik,FH,11,1,5,0.00125
2025-09-04,1,Breiðablik,FH,11,3,1,2.5e-4
2025-09-04,1,Breiðablik,FH,12,0,3,7.5e-4
2025-09-04,1,Breiðablik,FH,12,1,4,0.001
2025-09-04,1,Breiðablik,FH,12,2,2,5e-4
2025-09-04,1,Breiðablik,FH,13,0,1,2.5e-4
2025-09-04,1,Breiðablik,FH,14,0,1,2.5e-4
2025-09-04,1,Tindastóll,Fram,0,0,220,0.055
2025-09-04,1,Tindastóll,Fram,0,1,234,0.0585
2025-09-04,1,Tindastóll,Fram,0,2,137,0.03425
2025-09-04,1,Tindastóll,Fram,0,3,74,0.0185
2025-09-04,1,Tindastóll,Fram,0,4,29,0.00725
2025-09-04,1,Tindastóll,Fram,0,5,7,0.00175
2025-09-04,1,Tindastóll,Fram,0,6,3,7.5e-4
2025-09-04,1,Tindastóll,Fram,0,7,1,2.5e-4
2025-09-04,1,Tindastóll,Fram,1,0,306,0.0765
2025-09-04,1,Tindastóll,Fram,1,1,350,0.0875
2025-09-04,1,Tindastóll,Fram,1,2,217,0.05425
2025-09-04,1,Tindastóll,Fram,1,3,123,0.03075
2025-09-04,1,Tindastóll,Fram,1,4,45,0.01125
2025-09-04,1,Tindastóll,Fram,1,5,15,0.00375
2025-09-04,1,Tindastóll,Fram,1,6,7,0.00175
2025-09-04,1,Tindastóll,Fram,1,7,3,7.5e-4
2025-09-04,1,Tindastóll,Fram,2,0,267,0.06675
2025-09-04,1,Tindastóll,Fram,2,1,275,0.06875
2025-09-04,1,Tindastóll,Fram,2,2,219,0.05475
2025-09-04,1,Tindastóll,Fram,2,3,94,0.0235
2025-09-04,1,Tindastóll,Fram,2,4,49,0.01225
2025-09-04,1,Tindastóll,Fram,2,5,12,0.003
2025-09-04,1,Tindastóll,Fram,2,6,5,0.00125
2025-09-04,1,Tindastóll,Fram,2,7,1,2.5e-4
2025-09-04,1,Tindastóll,Fram,2,8,2,5e-4
2025-09-04,1,Tindastóll,Fram,2,11,1,2.5e-4
2025-09-04,1,Tindastóll,Fram,3,0,181,0.04525
2025-09-04,1,Tindastóll,Fram,3,1,215,0.05375
2025-09-04,1,Tindastóll,Fram,3,2,133,0.03325
2025-09-04,1,Tindastóll,Fram,3,3,84,0.021
2025-09-04,1,Tindastóll,Fram,3,4,30,0.0075
2025-09-04,1,Tindastóll,Fram,3,5,17,0.00425
2025-09-04,1,Tindastóll,Fram,3,6,4,0.001
2025-09-04,1,Tindastóll,Fram,3,7,2,5e-4
2025-09-04,1,Tindastóll,Fram,4,0,78,0.0195
2025-09-04,1,Tindastóll,Fram,4,1,118,0.0295
2025-09-04,1,Tindastóll,Fram,4,2,82,0.0205
2025-09-04,1,Tindastóll,Fram,4,3,39,0.00975
2025-09-04,1,Tindastóll,Fram,4,4,15,0.00375
2025-09-04,1,Tindastóll,Fram,4,5,7,0.00175
2025-09-04,1,Tindastóll,Fram,4,6,1,2.5e-4
2025-09-04,1,Tindastóll,Fram,4,7,1,2.5e-4
2025-09-04,1,Tindastóll,Fram,4,8,1,2.5e-4
2025-09-04,1,Tindastóll,Fram,5,0,37,0.00925
2025-09-04,1,Tindastóll,Fram,5,1,60,0.015
2025-09-04,1,Tindastóll,Fram,5,2,39,0.00975
2025-09-04,1,Tindastóll,Fram,5,3,15,0.00375
2025-09-04,1,Tindastóll,Fram,5,4,11,0.00275
2025-09-04,1,Tindastóll,Fram,5,5,2,5e-4
2025-09-04,1,Tindastóll,Fram,5,6,2,5e-4
2025-09-04,1,Tindastóll,Fram,6,0,24,0.006
2025-09-04,1,Tindastóll,Fram,6,1,26,0.0065
2025-09-04,1,Tindastóll,Fram,6,2,14,0.0035
2025-09-04,1,Tindastóll,Fram,6,3,8,0.002
2025-09-04,1,Tindastóll,Fram,6,4,4,0.001
2025-09-04,1,Tindastóll,Fram,7,0,11,0.00275
2025-09-04,1,Tindastóll,Fram,7,1,7,0.00175
2025-09-04,1,Tindastóll,Fram,7,2,9,0.00225
2025-09-04,1,Tindastóll,Fram,7,3,2,5e-4
2025-09-04,1,Tindastóll,Fram,8,0,4,0.001
2025-09-04,1,Tindastóll,Fram,8,1,6,0.0015
2025-09-04,1,Tindastóll,Fram,8,2,3,7.5e-4
2025-09-04,1,Tindastóll,Fram,8,3,1,2.5e-4
2025-09-04,1,Tindastóll,Fram,8,5,1,2.5e-4
2025-09-04,1,Tindastóll,Fram,9,0,2,5e-4
2025-09-04,1,Tindastóll,Fram,9,1,1,2.5e-4
2025-09-04,1,Tindastóll,Fram,9,2,1,2.5e-4
2025-09-04,1,Tindastóll,Fram,9,5,1,2.5e-4
2025-09-04,1,Tindastóll,Fram,10,1,1,2.5e-4
2025-09-04,1,Tindastóll,Fram,10,2,2,5e-4
2025-09-04,1,Tindastóll,Fram,10,3,1,2.5e-4
2025-09-04,1,Tindastóll,Fram,18,1,1,2.5e-4
2025-09-04,1,Víkingur R.,Valur,0,0,342,0.0855
2025-09-04,1,Víkingur R.,Valur,0,1,408,0.102
2025-09-04,1,Víkingur R.,Valur,0,2,308,0.077
2025-09-04,1,Víkingur R.,Valur,0,3,167,0.04175
2025-09-04,1,Víkingur R.,Valur,0,4,67,0.01675
2025-09-04,1,Víkingur R.,Valur,0,5,31,0.00775
2025-09-04,1,Víkingur R.,Valur,0,6,11,0.00275
2025-09-04,1,Víkingur R.,Valur,0,7,8,0.002
2025-09-04,1,Víkingur R.,Valur,1,0,310,0.0775
2025-09-04,1,Víkingur R.,Valur,1,1,410,0.1025
2025-09-04,1,Víkingur R.,Valur,1,2,311,0.07775
2025-09-04,1,Víkingur R.,Valur,1,3,183,0.04575
2025-09-04,1,Víkingur R.,Valur,1,4,82,0.0205
2025-09-04,1,Víkingur R.,Valur,1,5,48,0.012
2025-09-04,1,Víkingur R.,Valur,1,6,13,0.00325
2025-09-04,1,Víkingur R.,Valur,1,7,7,0.00175
2025-09-04,1,Víkingur R.,Valur,1,8,2,5e-4
2025-09-04,1,Víkingur R.,Valur,2,0,138,0.0345
2025-09-04,1,Víkingur R.,Valur,2,1,244,0.061
2025-09-04,1,Víkingur R.,Valur,2,2,193,0.04825
2025-09-04,1,Víkingur R.,Valur,2,3,91,0.02275
2025-09-04,1,Víkingur R.,Valur,2,4,51,0.01275
2025-09-04,1,Víkingur R.,Valur,2,5,22,0.0055
2025-09-04,1,Víkingur R.,Valur,2,6,5,0.00125
2025-09-04,1,Víkingur R.,Valur,2,7,3,7.5e-4
2025-09-04,1,Víkingur R.,Valur,3,0,84,0.021
2025-09-04,1,Víkingur R.,Valur,3,1,102,0.0255
2025-09-04,1,Víkingur R.,Valur,3,2,70,0.0175
2025-09-04,1,Víkingur R.,Valur,3,3,67,0.01675
2025-09-04,1,Víkingur R.,Valur,3,4,37,0.00925
2025-09-04,1,Víkingur R.,Valur,3,5,8,0.002
2025-09-04,1,Víkingur R.,Valur,3,6,2,5e-4
2025-09-04,1,Víkingur R.,Valur,3,7,1,2.5e-4
2025-09-04,1,Víkingur R.,Valur,3,8,1,2.5e-4
2025-09-04,1,Víkingur R.,Valur,4,0,29,0.00725
2025-09-04,1,Víkingur R.,Valur,4,1,25,0.00625
2025-09-04,1,Víkingur R.,Valur,4,2,33,0.00825
2025-09-04,1,Víkingur R.,Valur,4,3,15,0.00375
2025-09-04,1,Víkingur R.,Valur,4,4,10,0.0025
2025-09-04,1,Víkingur R.,Valur,4,5,3,7.5e-4
2025-09-04,1,Víkingur R.,Valur,4,7,1,2.5e-4
2025-09-04,1,Víkingur R.,Valur,4,8,1,2.5e-4
2025-09-04,1,Víkingur R.,Valur,4,9,1,2.5e-4
2025-09-04,1,Víkingur R.,Valur,5,0,7,0.00175
2025-09-04,1,Víkingur R.,Valur,5,1,15,0.00375
2025-09-04,1,Víkingur R.,Valur,5,2,10,0.0025
2025-09-04,1,Víkingur R.,Valur,5,3,3,7.5e-4
2025-09-04,1,Víkingur R.,Valur,5,4,5,0.00125
2025-09-04,1,Víkingur R.,Valur,6,0,1,2.5e-4
2025-09-04,1,Víkingur R.,Valur,6,1,5,0.00125
2025-09-04,1,Víkingur R.,Valur,6,2,3,7.5e-4
2025-09-04,1,Víkingur R.,Valur,6,3,1,2.5e-4
2025-09-04,1,Víkingur R.,Valur,6,4,1,2.5e-4
2025-09-04,1,Víkingur R.,Valur,7,0,1,2.5e-4
2025-09-04,1,Víkingur R.,Valur,7,3,1,2.5e-4
2025-09-04,1,Víkingur R.,Valur,8,0,1,2.5e-4
2025-09-04,1,Víkingur R.,Valur,8,6,1,2.5e-4
2025-09-06,1,Stjarnan,Þór/KA,0,0,292,0.073
2025-09-06,1,Stjarnan,Þór/KA,0,1,328,0.082
2025-09-06,1,Stjarnan,Þór/KA,0,2,245,0.06125
2025-09-06,1,Stjarnan,Þór/KA,0,3,157,0.03925
2025-09-06,1,Stjarnan,Þór/KA,0,4,49,0.01225
2025-09-06,1,Stjarnan,Þór/KA,0,5,27,0.00675
2025-09-06,1,Stjarnan,Þór/KA,0,6,7,0.00175
2025-09-06,1,Stjarnan,Þór/KA,0,7,4,0.001
2025-09-06,1,Stjarnan,Þór/KA,0,9,1,2.5e-4
2025-09-06,1,Stjarnan,Þór/KA,1,0,327,0.08175
2025-09-06,1,Stjarnan,Þór/KA,1,1,404,0.101
2025-09-06,1,Stjarnan,Þór/KA,1,2,307,0.07675
2025-09-06,1,Stjarnan,Þór/KA,1,3,170,0.0425
2025-09-06,1,Stjarnan,Þór/KA,1,4,66,0.0165
2025-09-06,1,Stjarnan,Þór/KA,1,5,21,0.00525
2025-09-06,1,Stjarnan,Þór/KA,1,6,17,0.00425
2025-09-06,1,Stjarnan,Þór/KA,1,7,6,0.0015
2025-09-06,1,Stjarnan,Þór/KA,1,9,1,2.5e-4
2025-09-06,1,Stjarnan,Þór/KA,2,0,182,0.0455
2025-09-06,1,Stjarnan,Þór/KA,2,1,288,0.072
2025-09-06,1,Stjarnan,Þór/KA,2,2,213,0.05325
2025-09-06,1,Stjarnan,Þór/KA,2,3,116,0.029
2025-09-06,1,Stjarnan,Þór/KA,2,4,52,0.013
2025-09-06,1,Stjarnan,Þór/KA,2,5,19,0.00475
2025-09-06,1,Stjarnan,Þór/KA,2,6,9,0.00225
2025-09-06,1,Stjarnan,Þór/KA,2,7,2,5e-4
2025-09-06,1,Stjarnan,Þór/KA,3,0,79,0.01975
2025-09-06,1,Stjarnan,Þór/KA,3,1,132,0.033
2025-09-06,1,Stjarnan,Þór/KA,3,2,97,0.02425
2025-09-06,1,Stjarnan,Þór/KA,3,3,66,0.0165
2025-09-06,1,Stjarnan,Þór/KA,3,4,26,0.0065
2025-09-06,1,Stjarnan,Þór/KA,3,5,15,0.00375
2025-09-06,1,Stjarnan,Þór/KA,3,6,5,0.00125
2025-09-06,1,Stjarnan,Þór/KA,3,7,3,7.5e-4
2025-09-06,1,Stjarnan,Þór/KA,4,0,27,0.00675
2025-09-06,1,Stjarnan,Þór/KA,4,1,50,0.0125
2025-09-06,1,Stjarnan,Þór/KA,4,2,45,0.01125
2025-09-06,1,Stjarnan,Þór/KA,4,3,31,0.00775
2025-09-06,1,Stjarnan,Þór/KA,4,4,13,0.00325
2025-09-06,1,Stjarnan,Þór/KA,4,5,7,0.00175
2025-09-06,1,Stjarnan,Þór/KA,4,6,1,2.5e-4
2025-09-06,1,Stjarnan,Þór/KA,4,7,2,5e-4
2025-09-06,1,Stjarnan,Þór/KA,5,0,12,0.003
2025-09-06,1,Stjarnan,Þór/KA,5,1,18,0.0045
2025-09-06,1,Stjarnan,Þór/KA,5,2,19,0.00475
2025-09-06,1,Stjarnan,Þór/KA,5,3,6,0.0015
2025-09-06,1,Stjarnan,Þór/KA,5,4,7,0.00175
2025-09-06,1,Stjarnan,Þór/KA,5,5,1,2.5e-4
2025-09-06,1,Stjarnan,Þór/KA,6,0,6,0.0015
2025-09-06,1,Stjarnan,Þór/KA,6,1,6,0.0015
2025-09-06,1,Stjarnan,Þór/KA,6,2,4,0.001
2025-09-06,1,Stjarnan,Þór/KA,6,3,3,7.5e-4
2025-09-06,1,Stjarnan,Þór/KA,6,4,2,5e-4
2025-09-06,1,Stjarnan,Þór/KA,6,5,1,2.5e-4
2025-09-06,1,Stjarnan,Þór/KA,7,1,2,5e-4
2025-09-06,1,Stjarnan,Þór/KA,7,4,1,2.5e-4
2025-09-06,1,Stjarnan,Þór/KA,7,5,1,2.5e-4
2025-09-06,1,Stjarnan,Þór/KA,9,3,1,2.5e-4
2025-09-06,1,Stjarnan,Þór/KA,10,5,1,2.5e-4
2025-09-07,1,Þróttur R.,FHL,0,0,54,0.0135
2025-09-07,1,Þróttur R.,FHL,0,1,17,0.00425
2025-09-07,1,Þróttur R.,FHL,0,2,1,2.5e-4
2025-09-07,1,Þróttur R.,FHL,1,0,173,0.04325
2025-09-07,1,Þróttur R.,FHL,1,1,54,0.0135
2025-09-07,1,Þróttur R.,FHL,1,2,11,0.00275
2025-09-07,1,Þróttur R.,FHL,1,3,1,2.5e-4
2025-09-07,1,Þróttur R.,FHL,2,0,338,0.0845
2025-09-07,1,Þróttur R.,FHL,2,1,126,0.0315
2025-09-07,1,Þróttur R.,FHL,2,2,32,0.008
2025-09-07,1,Þróttur R.,FHL,2,3,1,2.5e-4
2025-09-07,1,Þróttur R.,FHL,2,4,1,2.5e-4
2025-09-07,1,Þróttur R.,FHL,3,0,409,0.10225
2025-09-07,1,Þróttur R.,FHL,3,1,168,0.042
2025-09-07,1,Þróttur R.,FHL,3,2,32,0.008
2025-09-07,1,Þróttur R.,FHL,3,3,1,2.5e-4
2025-09-07,1,Þróttur R.,FHL,4,0,457,0.11425
2025-09-07,1,Þróttur R.,FHL,4,1,166,0.0415
2025-09-07,1,Þróttur R.,FHL,4,2,29,0.00725
2025-09-07,1,Þróttur R.,FHL,4,3,4,0.001
2025-09-07,1,Þróttur R.,FHL,5,0,409,0.10225
2025-09-07,1,Þróttur R.,FHL,5,1,134,0.0335
2025-09-07,1,Þróttur R.,FHL,5,2,28,0.007
2025-09-07,1,Þróttur R.,FHL,5,3,3,7.5e-4
2025-09-07,1,Þróttur R.,FHL,6,0,317,0.07925
2025-09-07,1,Þróttur R.,FHL,6,1,107,0.02675
2025-09-07,1,Þróttur R.,FHL,6,2,13,0.00325
2025-09-07,1,Þróttur R.,FHL,6,3,6,0.0015
2025-09-07,1,Þróttur R.,FHL,6,4,2,5e-4
2025-09-07,1,Þróttur R.,FHL,7,0,227,0.05675
2025-09-07,1,Þróttur R.,FHL,7,1,82,0.0205
2025-09-07,1,Þróttur R.,FHL,7,2,21,0.00525
2025-09-07,1,Þróttur R.,FHL,7,3,4,0.001
2025-09-07,1,Þróttur R.,FHL,8,0,160,0.04
2025-09-07,1,Þróttur R.,FHL,8,1,60,0.015
2025-09-07,1,Þróttur R.,FHL,8,2,4,0.001
2025-09-07,1,Þróttur R.,FHL,9,0,93,0.02325
2025-09-07,1,Þróttur R.,FHL,9,1,39,0.00975
2025-09-07,1,Þróttur R.,FHL,9,2,10,0.0025
2025-09-07,1,Þróttur R.,FHL,9,3,1,2.5e-4
2025-09-07,1,Þróttur R.,FHL,10,0,56,0.014
2025-09-07,1,Þróttur R.,FHL,10,1,20,0.005
2025-09-07,1,Þróttur R.,FHL,10,2,4,0.001
2025-09-07,1,Þróttur R.,FHL,11,0,42,0.0105
2025-09-07,1,Þróttur R.,FHL,11,1,8,0.002
2025-09-07,1,Þróttur R.,FHL,11,2,3,7.5e-4
2025-09-07,1,Þróttur R.,FHL,12,0,26,0.0065
2025-09-07,1,Þróttur R.,FHL,12,1,4,0.001
2025-09-07,1,Þróttur R.,FHL,12,2,1,2.5e-4
2025-09-07,1,Þróttur R.,FHL,12,3,1,2.5e-4
2025-09-07,1,Þróttur R.,FHL,13,0,16,0.004
2025-09-07,1,Þróttur R.,FHL,13,1,3,7.5e-4
2025-09-07,1,Þróttur R.,FHL,13,2,1,2.5e-4
2025-09-07,1,Þróttur R.,FHL,14,0,9,0.00225
2025-09-07,1,Þróttur R.,FHL,14,1,1,2.5e-4
2025-09-07,1,Þróttur R.,FHL,15,0,6,0.0015
2025-09-07,1,Þróttur R.,FHL,15,1,2,5e-4
2025-09-07,1,Þróttur R.,FHL,17,0,2,5e-4
2025-09-12,1,FH,Víkingur R.,0,0,180,0.045
2025-09-12,1,FH,Víkingur R.,0,1,130,0.0325
2025-09-12,1,FH,Víkingur R.,0,2,73,0.01825
2025-09-12,1,FH,Víkingur R.,0,3,38,0.0095
2025-09-12,1,FH,Víkingur R.,0,4,3,7.5e-4
2025-09-12,1,FH,Víkingur R.,0,5,4,0.001
2025-09-12,1,FH,Víkingur R.,1,0,288,0.072
2025-09-12,1,FH,Víkingur R.,1,1,311,0.07775
2025-09-12,1,FH,Víkingur R.,1,2,163,0.04075
2025-09-12,1,FH,Víkingur R.,1,3,60,0.015
2025-09-12,1,FH,Víkingur R.,1,4,15,0.00375
2025-09-12,1,FH,Víkingur R.,1,5,5,0.00125
2025-09-12,1,FH,Víkingur R.,1,6,2,5e-4
2025-09-12,1,FH,Víkingur R.,2,0,310,0.0775
2025-09-12,1,FH,Víkingur R.,2,1,285,0.07125
2025-09-12,1,FH,Víkingur R.,2,2,169,0.04225
2025-09-12,1,FH,Víkingur R.,2,3,69,0.01725
2025-09-12,1,FH,Víkingur R.,2,4,19,0.00475
2025-09-12,1,FH,Víkingur R.,2,5,9,0.00225
2025-09-12,1,FH,Víkingur R.,3,0,303,0.07575
2025-09-12,1,FH,Víkingur R.,3,1,256,0.064
2025-09-12,1,FH,Víkingur R.,3,2,159,0.03975
2025-09-12,1,FH,Víkingur R.,3,3,57,0.01425
2025-09-12,1,FH,Víkingur R.,3,4,17,0.00425
2025-09-12,1,FH,Víkingur R.,3,5,8,0.002
2025-09-12,1,FH,Víkingur R.,3,6,1,2.5e-4
2025-09-12,1,FH,Víkingur R.,4,0,153,0.03825
2025-09-12,1,FH,Víkingur R.,4,1,169,0.04225
2025-09-12,1,FH,Víkingur R.,4,2,106,0.0265
2025-09-12,1,FH,Víkingur R.,4,3,41,0.01025
2025-09-12,1,FH,Víkingur R.,4,4,19,0.00475
2025-09-12,1,FH,Víkingur R.,4,5,6,0.0015
2025-09-12,1,FH,Víkingur R.,4,6,1,2.5e-4
2025-09-12,1,FH,Víkingur R.,4,7,1,2.5e-4
2025-09-12,1,FH,Víkingur R.,4,8,1,2.5e-4
2025-09-12,1,FH,Víkingur R.,5,0,100,0.025
2025-09-12,1,FH,Víkingur R.,5,1,110,0.0275
2025-09-12,1,FH,Víkingur R.,5,2,61,0.01525
2025-09-12,1,FH,Víkingur R.,5,3,23,0.00575
2025-09-12,1,FH,Víkingur R.,5,4,6,0.0015
2025-09-12,1,FH,Víkingur R.,5,5,9,0.00225
2025-09-12,1,FH,Víkingur R.,5,6,1,2.5e-4
2025-09-12,1,FH,Víkingur R.,6,0,42,0.0105
2025-09-12,1,FH,Víkingur R.,6,1,45,0.01125
2025-09-12,1,FH,Víkingur R.,6,2,26,0.0065
2025-09-12,1,FH,Víkingur R.,6,3,10,0.0025
2025-09-12,1,FH,Víkingur R.,6,4,6,0.0015
2025-09-12,1,FH,Víkingur R.,6,6,2,5e-4
2025-09-12,1,FH,Víkingur R.,7,0,21,0.00525
2025-09-12,1,FH,Víkingur R.,7,1,21,0.00525
2025-09-12,1,FH,Víkingur R.,7,2,17,0.00425
2025-09-12,1,FH,Víkingur R.,7,3,4,0.001
2025-09-12,1,FH,Víkingur R.,7,4,5,0.00125
2025-09-12,1,FH,Víkingur R.,8,0,10,0.0025
2025-09-12,1,FH,Víkingur R.,8,1,12,0.003
2025-09-12,1,FH,Víkingur R.,8,2,6,0.0015
2025-09-12,1,FH,Víkingur R.,8,3,1,2.5e-4
2025-09-12,1,FH,Víkingur R.,8,4,1,2.5e-4
2025-09-12,1,FH,Víkingur R.,8,6,1,2.5e-4
2025-09-12,1,FH,Víkingur R.,9,0,6,0.0015
2025-09-12,1,FH,Víkingur R.,9,1,4,0.001
2025-09-12,1,FH,Víkingur R.,9,2,2,5e-4
2025-09-12,1,FH,Víkingur R.,9,3,1,2.5e-4
2025-09-12,1,FH,Víkingur R.,10,0,6,0.0015
2025-09-12,1,FH,Víkingur R.,10,1,4,0.001
2025-09-12,1,FH,Víkingur R.,10,2,1,2.5e-4
2025-09-12,1,FH,Víkingur R.,10,5,1,2.5e-4
2025-09-12,1,FH,Víkingur R.,11,0,2,5e-4
2025-09-12,1,FH,Víkingur R.,11,1,1,2.5e-4
2025-09-12,1,FH,Víkingur R.,12,4,1,2.5e-4
2025-09-12,1,Stjarnan,Fram,0,0,285,0.07125
2025-09-12,1,Stjarnan,Fram,0,1,233,0.05825
2025-09-12,1,Stjarnan,Fram,0,2,124,0.031
2025-09-12,1,Stjarnan,Fram,0,3,36,0.009
2025-09-12,1,Stjarnan,Fram,0,4,10,0.0025
2025-09-12,1,Stjarnan,Fram,0,5,3,7.5e-4
2025-09-12,1,Stjarnan,Fram,0,6,1,2.5e-4
2025-09-12,1,Stjarnan,Fram,0,7,1,2.5e-4
2025-09-12,1,Stjarnan,Fram,0,8,1,2.5e-4
2025-09-12,1,Stjarnan,Fram,1,0,430,0.1075
2025-09-12,1,Stjarnan,Fram,1,1,395,0.09875
2025-09-12,1,Stjarnan,Fram,1,2,201,0.05025
2025-09-12,1,Stjarnan,Fram,1,3,75,0.01875
2025-09-12,1,Stjarnan,Fram,1,4,24,0.006
2025-09-12,1,Stjarnan,Fram,1,5,5,0.00125
2025-09-12,1,Stjarnan,Fram,1,6,2,5e-4
2025-09-12,1,Stjarnan,Fram,1,7,1,2.5e-4
2025-09-12,1,Stjarnan,Fram,2,0,367,0.09175
2025-09-12,1,Stjarnan,Fram,2,1,303,0.07575
2025-09-12,1,Stjarnan,Fram,2,2,180,0.045
2025-09-12,1,Stjarnan,Fram,2,3,72,0.018
2025-09-12,1,Stjarnan,Fram,2,4,21,0.00525
2025-09-12,1,Stjarnan,Fram,2,5,8,0.002
2025-09-12,1,Stjarnan,Fram,2,6,2,5e-4
2025-09-12,1,Stjarnan,Fram,2,7,2,5e-4
2025-09-12,1,Stjarnan,Fram,3,0,219,0.05475
2025-09-12,1,Stjarnan,Fram,3,1,219,0.05475
2025-09-12,1,Stjarnan,Fram,3,2,99,0.02475
2025-09-12,1,Stjarnan,Fram,3,3,57,0.01425
2025-09-12,1,Stjarnan,Fram,3,4,15,0.00375
2025-09-12,1,Stjarnan,Fram,3,5,5,0.00125
2025-09-12,1,Stjarnan,Fram,4,0,133,0.03325
2025-09-12,1,Stjarnan,Fram,4,1,107,0.02675
2025-09-12,1,Stjarnan,Fram,4,2,66,0.0165
2025-09-12,1,Stjarnan,Fram,4,3,26,0.0065
2025-09-12,1,Stjarnan,Fram,4,4,6,0.0015
2025-09-12,1,Stjarnan,Fram,4,5,1,2.5e-4
2025-09-12,1,Stjarnan,Fram,4,7,1,2.5e-4
2025-09-12,1,Stjarnan,Fram,4,10,1,2.5e-4
2025-09-12,1,Stjarnan,Fram,5,0,55,0.01375
2025-09-12,1,Stjarnan,Fram,5,1,53,0.01325
2025-09-12,1,Stjarnan,Fram,5,2,33,0.00825
2025-09-12,1,Stjarnan,Fram,5,3,11,0.00275
2025-09-12,1,Stjarnan,Fram,5,4,3,7.5e-4
2025-09-12,1,Stjarnan,Fram,5,5,1,2.5e-4
2025-09-12,1,Stjarnan,Fram,6,0,26,0.0065
2025-09-12,1,Stjarnan,Fram,6,1,27,0.00675
2025-09-12,1,Stjarnan,Fram,6,2,6,0.0015
2025-09-12,1,Stjarnan,Fram,6,3,2,5e-4
2025-09-12,1,Stjarnan,Fram,6,4,5,0.00125
2025-09-12,1,Stjarnan,Fram,7,0,9,0.00225
2025-09-12,1,Stjarnan,Fram,7,1,13,0.00325
2025-09-12,1,Stjarnan,Fram,7,2,4,0.001
2025-09-12,1,Stjarnan,Fram,7,3,2,5e-4
2025-09-12,1,Stjarnan,Fram,7,4,1,2.5e-4
2025-09-12,1,Stjarnan,Fram,8,0,3,7.5e-4
2025-09-12,1,Stjarnan,Fram,8,1,1,2.5e-4
2025-09-12,1,Stjarnan,Fram,8,2,1,2.5e-4
2025-09-12,1,Stjarnan,Fram,8,3,1,2.5e-4
2025-09-12,1,Stjarnan,Fram,9,1,2,5e-4
2025-09-12,1,Stjarnan,Fram,9,2,1,2.5e-4
2025-09-12,1,Stjarnan,Fram,9,3,1,2.5e-4
2025-09-12,1,Stjarnan,Fram,10,1,1,2.5e-4
2025-09-12,1,Stjarnan,Fram,10,2,1,2.5e-4
2025-09-12,1,Þór/KA,Þróttur R.,0,0,252,0.063
2025-09-12,1,Þór/KA,Þróttur R.,0,1,314,0.0785
2025-09-12,1,Þór/KA,Þróttur R.,0,2,287,0.07175
2025-09-12,1,Þór/KA,Þróttur R.,0,3,155,0.03875
2025-09-12,1,Þór/KA,Þróttur R.,0,4,69,0.01725
2025-09-12,1,Þór/KA,Þróttur R.,0,5,28,0.007
2025-09-12,1,Þór/KA,Þróttur R.,0,6,12,0.003
2025-09-12,1,Þór/KA,Þróttur R.,0,7,2,5e-4
2025-09-12,1,Þór/KA,Þróttur R.,0,8,1,2.5e-4
2025-09-12,1,Þór/KA,Þróttur R.,1,0,264,0.066
2025-09-12,1,Þór/KA,Þróttur R.,1,1,447,0.11175
2025-09-12,1,Þór/KA,Þróttur R.,1,2,350,0.0875
2025-09-12,1,Þór/KA,Þróttur R.,1,3,219,0.05475
2025-09-12,1,Þór/KA,Þróttur R.,1,4,108,0.027
2025-09-12,1,Þór/KA,Þróttur R.,1,5,46,0.0115
2025-09-12,1,Þór/KA,Þróttur R.,1,6,17,0.00425
2025-09-12,1,Þór/KA,Þróttur R.,1,7,8,0.002
2025-09-12,1,Þór/KA,Þróttur R.,1,8,3,7.5e-4
2025-09-12,1,Þór/KA,Þróttur R.,1,9,1,2.5e-4
2025-09-12,1,Þór/KA,Þróttur R.,2,0,131,0.03275
2025-09-12,1,Þór/KA,Þróttur R.,2,1,223,0.05575
2025-09-12,1,Þór/KA,Þróttur R.,2,2,188,0.047
2025-09-12,1,Þór/KA,Þróttur R.,2,3,121,0.03025
2025-09-12,1,Þór/KA,Þróttur R.,2,4,60,0.015
2025-09-12,1,Þór/KA,Þróttur R.,2,5,30,0.0075
2025-09-12,1,Þór/KA,Þróttur R.,2,6,6,0.0015
2025-09-12,1,Þór/KA,Þróttur R.,2,7,4,0.001
2025-09-12,1,Þór/KA,Þróttur R.,2,8,1,2.5e-4
2025-09-12,1,Þór/KA,Þróttur R.,3,0,70,0.0175
2025-09-12,1,Þór/KA,Þróttur R.,3,1,112,0.028
2025-09-12,1,Þór/KA,Þróttur R.,3,2,106,0.0265
2025-09-12,1,Þór/KA,Þróttur R.,3,3,64,0.016
2025-09-12,1,Þór/KA,Þróttur R.,3,4,41,0.01025
2025-09-12,1,Þór/KA,Þróttur R.,3,5,18,0.0045
2025-09-12,1,Þór/KA,Þróttur R.,3,6,6,0.0015
2025-09-12,1,Þór/KA,Þróttur R.,3,7,2,5e-4
2025-09-12,1,Þór/KA,Þróttur R.,3,8,2,5e-4
2025-09-12,1,Þór/KA,Þróttur R.,4,0,23,0.00575
2025-09-12,1,Þór/KA,Þróttur R.,4,1,39,0.00975
2025-09-12,1,Þór/KA,Þróttur R.,4,2,41,0.01025
2025-09-12,1,Þór/KA,Þróttur R.,4,3,26,0.0065
2025-09-12,1,Þór/KA,Þróttur R.,4,4,18,0.0045
2025-09-12,1,Þór/KA,Þróttur R.,4,5,3,7.5e-4
2025-09-12,1,Þór/KA,Þróttur R.,4,6,1,2.5e-4
2025-09-12,1,Þór/KA,Þróttur R.,4,7,2,5e-4
2025-09-12,1,Þór/KA,Þróttur R.,5,0,10,0.0025
2025-09-12,1,Þór/KA,Þróttur R.,5,1,11,0.00275
2025-09-12,1,Þór/KA,Þróttur R.,5,2,7,0.00175
2025-09-12,1,Þór/KA,Þróttur R.,5,3,11,0.00275
2025-09-12,1,Þór/KA,Þróttur R.,5,4,6,0.0015
2025-09-12,1,Þór/KA,Þróttur R.,5,5,4,0.001
2025-09-12,1,Þór/KA,Þróttur R.,5,6,1,2.5e-4
2025-09-12,1,Þór/KA,Þróttur R.,6,0,2,5e-4
2025-09-12,1,Þór/KA,Þróttur R.,6,1,1,2.5e-4
2025-09-12,1,Þór/KA,Þróttur R.,6,2,5,0.00125
2025-09-12,1,Þór/KA,Þróttur R.,6,3,3,7.5e-4
2025-09-12,1,Þór/KA,Þróttur R.,6,4,2,5e-4
2025-09-12,1,Þór/KA,Þróttur R.,6,5,2,5e-4
2025-09-12,1,Þór/KA,Þróttur R.,6,6,2,5e-4
2025-09-12,1,Þór/KA,Þróttur R.,7,0,1,2.5e-4
2025-09-12,1,Þór/KA,Þróttur R.,7,1,2,5e-4
2025-09-12,1,Þór/KA,Þróttur R.,7,2,1,2.5e-4
2025-09-12,1,Þór/KA,Þróttur R.,7,3,1,2.5e-4
2025-09-12,1,Þór/KA,Þróttur R.,7,6,1,2.5e-4
2025-09-12,1,Þór/KA,Þróttur R.,8,1,2,5e-4
2025-09-12,1,Þór/KA,Þróttur R.,8,2,1,2.5e-4
2025-09-12,1,Þór/KA,Þróttur R.,8,4,1,2.5e-4
2025-09-12,1,Þór/KA,Þróttur R.,9,1,1,2.5e-4
2025-09-12,1,Þór/KA,Þróttur R.,12,0,1,2.5e-4
2025-09-14,1,FHL,Breiðablik,0,0,15,0.00375
2025-09-14,1,FHL,Breiðablik,0,1,54,0.0135
2025-09-14,1,FHL,Breiðablik,0,2,147,0.03675
2025-09-14,1,FHL,Breiðablik,0,3,234,0.0585
2025-09-14,1,FHL,Breiðablik,0,4,312,0.078
2025-09-14,1,FHL,Breiðablik,0,5,329,0.08225
2025-09-14,1,FHL,Breiðablik,0,6,350,0.0875
2025-09-14,1,FHL,Breiðablik,0,7,337,0.08425
2025-09-14,1,FHL,Breiðablik,0,8,243,0.06075
2025-09-14,1,FHL,Breiðablik,0,9,181,0.04525
2025-09-14,1,FHL,Breiðablik,0,10,130,0.0325
2025-09-14,1,FHL,Breiðablik,0,11,113,0.02825
2025-09-14,1,FHL,Breiðablik,0,12,76,0.019
2025-09-14,1,FHL,Breiðablik,0,13,41,0.01025
2025-09-14,1,FHL,Breiðablik,0,14,25,0.00625
2025-09-14,1,FHL,Breiðablik,0,15,17,0.00425
2025-09-14,1,FHL,Breiðablik,0,16,9,0.00225
2025-09-14,1,FHL,Breiðablik,0,17,4,0.001
2025-09-14,1,FHL,Breiðablik,0,18,2,5e-4
2025-09-14,1,FHL,Breiðablik,0,19,3,7.5e-4
2025-09-14,1,FHL,Breiðablik,0,20,1,2.5e-4
2025-09-14,1,FHL,Breiðablik,0,21,4,0.001
2025-09-14,1,FHL,Breiðablik,0,22,1,2.5e-4
2025-09-14,1,FHL,Breiðablik,0,28,1,2.5e-4
2025-09-14,1,FHL,Breiðablik,1,0,4,0.001
2025-09-14,1,FHL,Breiðablik,1,1,21,0.00525
2025-09-14,1,FHL,Breiðablik,1,2,57,0.01425
2025-09-14,1,FHL,Breiðablik,1,3,91,0.02275
2025-09-14,1,FHL,Breiðablik,1,4,124,0.031
2025-09-14,1,FHL,Breiðablik,1,5,141,0.03525
2025-09-14,1,FHL,Breiðablik,1,6,138,0.0345
2025-09-14,1,FHL,Breiðablik,1,7,111,0.02775
2025-09-14,1,FHL,Breiðablik,1,8,111,0.02775
2025-09-14,1,FHL,Breiðablik,1,9,78,0.0195
2025-09-14,1,FHL,Breiðablik,1,10,59,0.01475
2025-09-14,1,FHL,Breiðablik,1,11,39,0.00975
2025-09-14,1,FHL,Breiðablik,1,12,31,0.00775
2025-09-14,1,FHL,Breiðablik,1,13,13,0.00325
2025-09-14,1,FHL,Breiðablik,1,14,9,0.00225
2025-09-14,1,FHL,Breiðablik,1,15,11,0.00275
2025-09-14,1,FHL,Breiðablik,1,16,3,7.5e-4
2025-09-14,1,FHL,Breiðablik,1,17,3,7.5e-4
2025-09-14,1,FHL,Breiðablik,1,19,3,7.5e-4
2025-09-14,1,FHL,Breiðablik,1,21,1,2.5e-4
2025-09-14,1,FHL,Breiðablik,2,0,1,2.5e-4
2025-09-14,1,FHL,Breiðablik,2,1,6,0.0015
2025-09-14,1,FHL,Breiðablik,2,2,16,0.004
2025-09-14,1,FHL,Breiðablik,2,3,26,0.0065
2025-09-14,1,FHL,Breiðablik,2,4,36,0.009
2025-09-14,1,FHL,Breiðablik,2,5,36,0.009
2025-09-14,1,FHL,Breiðablik,2,6,44,0.011
2025-09-14,1,FHL,Breiðablik,2,7,24,0.006
2025-09-14,1,FHL,Breiðablik,2,8,25,0.00625
2025-09-14,1,FHL,Breiðablik,2,9,19,0.00475
2025-09-14,1,FHL,Breiðablik,2,10,11,0.00275
2025-09-14,1,FHL,Breiðablik,2,11,8,0.002
2025-09-14,1,FHL,Breiðablik,2,12,3,7.5e-4
2025-09-14,1,FHL,Breiðablik,2,13,6,0.0015
2025-09-14,1,FHL,Breiðablik,2,14,2,5e-4
2025-09-14,1,FHL,Breiðablik,2,15,1,2.5e-4
2025-09-14,1,FHL,Breiðablik,2,16,1,2.5e-4
2025-09-14,1,FHL,Breiðablik,3,1,1,2.5e-4
2025-09-14,1,FHL,Breiðablik,3,3,3,7.5e-4
2025-09-14,1,FHL,Breiðablik,3,4,7,0.00175
2025-09-14,1,FHL,Breiðablik,3,5,5,0.00125
2025-09-14,1,FHL,Breiðablik,3,6,4,0.001
2025-09-14,1,FHL,Breiðablik,3,7,4,0.001
2025-09-14,1,FHL,Breiðablik,3,8,5,0.00125
2025-09-14,1,FHL,Breiðablik,3,9,6,0.0015
2025-09-14,1,FHL,Breiðablik,3,10,3,7.5e-4
2025-09-14,1,FHL,Breiðablik,3,11,1,2.5e-4
2025-09-14,1,FHL,Breiðablik,3,13,2,5e-4
2025-09-14,1,FHL,Breiðablik,3,14,3,7.5e-4
2025-09-14,1,FHL,Breiðablik,3,18,1,2.5e-4
2025-09-14,1,FHL,Breiðablik,3,20,1,2.5e-4
2025-09-14,1,FHL,Breiðablik,4,2,1,2.5e-4
2025-09-14,1,FHL,Breiðablik,4,3,1,2.5e-4
2025-09-14,1,FHL,Breiðablik,4,4,3,7.5e-4
2025-09-14,1,FHL,Breiðablik,4,6,2,5e-4
2025-09-14,1,FHL,Breiðablik,4,7,1,2.5e-4
2025-09-14,1,FHL,Breiðablik,4,8,1,2.5e-4
2025-09-14,1,FHL,Breiðablik,4,9,1,2.5e-4
2025-09-14,1,FHL,Breiðablik,4,10,1,2.5e-4
2025-09-14,1,FHL,Breiðablik,4,12,1,2.5e-4
2025-09-14,1,Valur,Tindastóll,0,0,257,0.06425
2025-09-14,1,Valur,Tindastóll,0,1,182,0.0455
2025-09-14,1,Valur,Tindastóll,0,2,73,0.01825
2025-09-14,1,Valur,Tindastóll,0,3,22,0.0055
2025-09-14,1,Valur,Tindastóll,0,4,8,0.002
2025-09-14,1,Valur,Tindastóll,1,0,484,0.121
2025-09-14,1,Valur,Tindastóll,1,1,291,0.07275
2025-09-14,1,Valur,Tindastóll,1,2,117,0.02925
2025-09-14,1,Valur,Tindastóll,1,3,44,0.011
2025-09-14,1,Valur,Tindastóll,1,4,8,0.002
2025-09-14,1,Valur,Tindastóll,1,5,1,2.5e-4
2025-09-14,1,Valur,Tindastóll,2,0,429,0.10725
2025-09-14,1,Valur,Tindastóll,2,1,329,0.08225
2025-09-14,1,Valur,Tindastóll,2,2,128,0.032
2025-09-14,1,Valur,Tindastóll,2,3,42,0.0105
2025-09-14,1,Valur,Tindastóll,2,4,8,0.002
2025-09-14,1,Valur,Tindastóll,2,5,4,0.001
2025-09-14,1,Valur,Tindastóll,3,0,332,0.083
2025-09-14,1,Valur,Tindastóll,3,1,222,0.0555
2025-09-14,1,Valur,Tindastóll,3,2,95,0.02375
2025-09-14,1,Valur,Tindastóll,3,3,33,0.00825
2025-09-14,1,Valur,Tindastóll,3,4,10,0.0025
2025-09-14,1,Valur,Tindastóll,3,5,1,2.5e-4
2025-09-14,1,Valur,Tindastóll,4,0,201,0.05025
2025-09-14,1,Valur,Tindastóll,4,1,171,0.04275
2025-09-14,1,Valur,Tindastóll,4,2,65,0.01625
2025-09-14,1,Valur,Tindastóll,4,3,20,0.005
2025-09-14,1,Valur,Tindastóll,4,4,8,0.002
2025-09-14,1,Valur,Tindastóll,5,0,107,0.02675
2025-09-14,1,Valur,Tindastóll,5,1,75,0.01875
2025-09-14,1,Valur,Tindastóll,5,2,24,0.006
2025-09-14,1,Valur,Tindastóll,5,3,11,0.00275
2025-09-14,1,Valur,Tindastóll,5,4,5,0.00125
2025-09-14,1,Valur,Tindastóll,5,5,1,2.5e-4
2025-09-14,1,Valur,Tindastóll,6,0,48,0.012
2025-09-14,1,Valur,Tindastóll,6,1,38,0.0095
2025-09-14,1,Valur,Tindastóll,6,2,8,0.002
2025-09-14,1,Valur,Tindastóll,6,3,6,0.0015
2025-09-14,1,Valur,Tindastóll,7,0,25,0.00625
2025-09-14,1,Valur,Tindastóll,7,1,15,0.00375
2025-09-14,1,Valur,Tindastóll,7,2,10,0.0025
2025-09-14,1,Valur,Tindastóll,7,3,2,5e-4
2025-09-14,1,Valur,Tindastóll,7,4,2,5e-4
2025-09-14,1,Valur,Tindastóll,8,0,16,0.004
2025-09-14,1,Valur,Tindastóll,8,1,1,2.5e-4
2025-09-14,1,Valur,Tindastóll,8,2,4,0.001
2025-09-14,1,Valur,Tindastóll,8,8,1,2.5e-4
2025-09-14,1,Valur,Tindastóll,9,0,4,0.001
2025-09-14,1,Valur,Tindastóll,9,1,5,0.00125
2025-09-14,1,Valur,Tindastóll,10,0,4,0.001
2025-09-14,1,Valur,Tindastóll,10,1,1,2.5e-4
2025-09-14,1,Valur,Tindastóll,12,3,1,2.5e-4
2025-09-14,1,Valur,Tindastóll,13,2,1,2.5e-4
2025-09-20,1,Breiðablik,Þór/KA,0,0,99,0.02475
2025-09-20,1,Breiðablik,Þór/KA,0,1,43,0.01075
2025-09-20,1,Breiðablik,Þór/KA,0,2,19,0.00475
2025-09-20,1,Breiðablik,Þór/KA,0,3,4,0.001
2025-09-20,1,Breiðablik,Þór/KA,0,4,2,5e-4
2025-09-20,1,Breiðablik,Þór/KA,1,0,203,0.05075
2025-09-20,1,Breiðablik,Þór/KA,1,1,154,0.0385
2025-09-20,1,Breiðablik,Þór/KA,1,2,56,0.014
2025-09-20,1,Breiðablik,Þór/KA,1,3,12,0.003
2025-09-20,1,Breiðablik,Þór/KA,1,4,4,0.001
2025-09-20,1,Breiðablik,Þór/KA,2,0,376,0.094
2025-09-20,1,Breiðablik,Þór/KA,2,1,232,0.058
2025-09-20,1,Breiðablik,Þór/KA,2,2,73,0.01825
2025-09-20,1,Breiðablik,Þór/KA,2,3,16,0.004
2025-09-20,1,Breiðablik,Þór/KA,2,4,3,7.5e-4
2025-09-20,1,Breiðablik,Þór/KA,2,5,1,2.5e-4
2025-09-20,1,Breiðablik,Þór/KA,3,0,375,0.09375
2025-09-20,1,Breiðablik,Þór/KA,3,1,236,0.059
2025-09-20,1,Breiðablik,Þór/KA,3,2,87,0.02175
2025-09-20,1,Breiðablik,Þór/KA,3,3,25,0.00625
2025-09-20,1,Breiðablik,Þór/KA,3,4,5,0.00125
2025-09-20,1,Breiðablik,Þór/KA,4,0,364,0.091
2025-09-20,1,Breiðablik,Þór/KA,4,1,182,0.0455
2025-09-20,1,Breiðablik,Þór/KA,4,2,75,0.01875
2025-09-20,1,Breiðablik,Þór/KA,4,3,23,0.00575
2025-09-20,1,Breiðablik,Þór/KA,4,4,5,0.00125
2025-09-20,1,Breiðablik,Þór/KA,4,5,4,0.001
2025-09-20,1,Breiðablik,Þór/KA,5,0,284,0.071
2025-09-20,1,Breiðablik,Þór/KA,5,1,147,0.03675
2025-09-20,1,Breiðablik,Þór/KA,5,2,56,0.014
2025-09-20,1,Breiðablik,Þór/KA,5,3,16,0.004
2025-09-20,1,Breiðablik,Þór/KA,5,4,2,5e-4
2025-09-20,1,Breiðablik,Þór/KA,5,5,1,2.5e-4
2025-09-20,1,Breiðablik,Þór/KA,5,7,1,2.5e-4
2025-09-20,1,Breiðablik,Þór/KA,6,0,182,0.0455
2025-09-20,1,Breiðablik,Þór/KA,6,1,121,0.03025
2025-09-20,1,Breiðablik,Þór/KA,6,2,33,0.00825
2025-09-20,1,Breiðablik,Þór/KA,6,3,8,0.002
2025-09-20,1,Breiðablik,Þór/KA,6,4,2,5e-4
2025-09-20,1,Breiðablik,Þór/KA,6,5,1,2.5e-4
2025-09-20,1,Breiðablik,Þór/KA,7,0,96,0.024
2025-09-20,1,Breiðablik,Þór/KA,7,1,57,0.01425
2025-09-20,1,Breiðablik,Þór/KA,7,2,23,0.00575
2025-09-20,1,Breiðablik,Þór/KA,7,3,7,0.00175
2025-09-20,1,Breiðablik,Þór/KA,8,0,62,0.0155
2025-09-20,1,Breiðablik,Þór/KA,8,1,55,0.01375
2025-09-20,1,Breiðablik,Þór/KA,8,2,17,0.00425
2025-09-20,1,Breiðablik,Þór/KA,8,3,11,0.00275
2025-09-20,1,Breiðablik,Þór/KA,8,4,2,5e-4
2025-09-20,1,Breiðablik,Þór/KA,9,0,33,0.00825
2025-09-20,1,Breiðablik,Þór/KA,9,1,21,0.00525
2025-09-20,1,Breiðablik,Þór/KA,9,2,7,0.00175
2025-09-20,1,Breiðablik,Þór/KA,9,3,3,7.5e-4
2025-09-20,1,Breiðablik,Þór/KA,10,0,22,0.0055
2025-09-20,1,Breiðablik,Þór/KA,10,1,14,0.0035
2025-09-20,1,Breiðablik,Þór/KA,10,2,4,0.001
2025-09-20,1,Breiðablik,Þór/KA,10,3,1,2.5e-4
2025-09-20,1,Breiðablik,Þór/KA,11,0,9,0.00225
2025-09-20,1,Breiðablik,Þór/KA,11,1,4,0.001
2025-09-20,1,Breiðablik,Þór/KA,11,2,1,2.5e-4
2025-09-20,1,Breiðablik,Þór/KA,11,3,1,2.5e-4
2025-09-20,1,Breiðablik,Þór/KA,12,0,6,0.0015
2025-09-20,1,Breiðablik,Þór/KA,12,1,3,7.5e-4
2025-09-20,1,Breiðablik,Þór/KA,13,0,3,7.5e-4
2025-09-20,1,Breiðablik,Þór/KA,14,0,1,2.5e-4
2025-09-20,1,Breiðablik,Þór/KA,14,3,1,2.5e-4
2025-09-20,1,Breiðablik,Þór/KA,15,0,1,2.5e-4
2025-09-20,1,Breiðablik,Þór/KA,15,1,2,5e-4
2025-09-20,1,Breiðablik,Þór/KA,15,4,1,2.5e-4
2025-09-20,1,Fram,Valur,0,0,322,0.0805
2025-09-20,1,Fram,Valur,0,1,413,0.10325
2025-09-20,1,Fram,Valur,0,2,302,0.0755
2025-09-20,1,Fram,Valur,0,3,209,0.05225
2025-09-20,1,Fram,Valur,0,4,89,0.02225
2025-09-20,1,Fram,Valur,0,5,34,0.0085
2025-09-20,1,Fram,Valur,0,6,18,0.0045
2025-09-20,1,Fram,Valur,0,7,5,0.00125
2025-09-20,1,Fram,Valur,0,8,1,2.5e-4
2025-09-20,1,Fram,Valur,1,0,288,0.072
2025-09-20,1,Fram,Valur,1,1,414,0.1035
2025-09-20,1,Fram,Valur,1,2,324,0.081
2025-09-20,1,Fram,Valur,1,3,202,0.0505
2025-09-20,1,Fram,Valur,1,4,106,0.0265
2025-09-20,1,Fram,Valur,1,5,37,0.00925
2025-09-20,1,Fram,Valur,1,6,8,0.002
2025-09-20,1,Fram,Valur,1,7,11,0.00275
2025-09-20,1,Fram,Valur,1,8,1,2.5e-4
2025-09-20,1,Fram,Valur,2,0,139,0.03475
2025-09-20,1,Fram,Valur,2,1,237,0.05925
2025-09-20,1,Fram,Valur,2,2,194,0.0485
2025-09-20,1,Fram,Valur,2,3,99,0.02475
2025-09-20,1,Fram,Valur,2,4,45,0.01125
2025-09-20,1,Fram,Valur,2,5,24,0.006
2025-09-20,1,Fram,Valur,2,6,14,0.0035
2025-09-20,1,Fram,Valur,2,7,2,5e-4
2025-09-20,1,Fram,Valur,2,8,1,2.5e-4
2025-09-20,1,Fram,Valur,2,9,1,2.5e-4
2025-09-20,1,Fram,Valur,3,0,51,0.01275
2025-09-20,1,Fram,Valur,3,1,79,0.01975
2025-09-20,1,Fram,Valur,3,2,93,0.02325
2025-09-20,1,Fram,Valur,3,3,52,0.013
2025-09-20,1,Fram,Valur,3,4,27,0.00675
2025-09-20,1,Fram,Valur,3,5,7,0.00175
2025-09-20,1,Fram,Valur,3,6,5,0.00125
2025-09-20,1,Fram,Valur,3,7,2,5e-4
2025-09-20,1,Fram,Valur,3,8,2,5e-4
2025-09-20,1,Fram,Valur,4,0,17,0.00425
2025-09-20,1,Fram,Valur,4,1,26,0.0065
2025-09-20,1,Fram,Valur,4,2,21,0.00525
2025-09-20,1,Fram,Valur,4,3,19,0.00475
2025-09-20,1,Fram,Valur,4,4,8,0.002
2025-09-20,1,Fram,Valur,4,5,2,5e-4
2025-09-20,1,Fram,Valur,4,6,4,0.001
2025-09-20,1,Fram,Valur,5,0,8,0.002
2025-09-20,1,Fram,Valur,5,1,10,0.0025
2025-09-20,1,Fram,Valur,5,2,9,0.00225
2025-09-20,1,Fram,Valur,5,3,5,0.00125
2025-09-20,1,Fram,Valur,5,4,1,2.5e-4
2025-09-20,1,Fram,Valur,5,5,3,7.5e-4
2025-09-20,1,Fram,Valur,6,0,1,2.5e-4
2025-09-20,1,Fram,Valur,6,1,2,5e-4
2025-09-20,1,Fram,Valur,6,2,2,5e-4
2025-09-20,1,Fram,Valur,6,3,2,5e-4
2025-09-20,1,Fram,Valur,6,5,1,2.5e-4
2025-09-20,1,Fram,Valur,7,3,1,2.5e-4
2025-09-20,1,Tindastóll,FH,0,0,162,0.0405
2025-09-20,1,Tindastóll,FH,0,1,291,0.07275
2025-09-20,1,Tindastóll,FH,0,2,274,0.0685
2025-09-20,1,Tindastóll,FH,0,3,213,0.05325
2025-09-20,1,Tindastóll,FH,0,4,115,0.02875
2025-09-20,1,Tindastóll,FH,0,5,68,0.017
2025-09-20,1,Tindastóll,FH,0,6,42,0.0105
2025-09-20,1,Tindastóll,FH,0,7,14,0.0035
2025-09-20,1,Tindastóll,FH,0,8,8,0.002
2025-09-20,1,Tindastóll,FH,0,9,1,2.5e-4
2025-09-20,1,Tindastóll,FH,0,10,3,7.5e-4
2025-09-20,1,Tindastóll,FH,0,12,1,2.5e-4
2025-09-20,1,Tindastóll,FH,1,0,154,0.0385
2025-09-20,1,Tindastóll,FH,1,1,319,0.07975
2025-09-20,1,Tindastóll,FH,1,2,335,0.08375
2025-09-20,1,Tindastóll,FH,1,3,242,0.0605
2025-09-20,1,Tindastóll,FH,1,4,186,0.0465
2025-09-20,1,Tindastóll,FH,1,5,98,0.0245
2025-09-20,1,Tindastóll,FH,1,6,40,0.01
2025-09-20,1,Tindastóll,FH,1,7,18,0.0045
2025-09-20,1,Tindastóll,FH,1,8,12,0.003
2025-09-20,1,Tindastóll,FH,1,9,1,2.5e-4
2025-09-20,1,Tindastóll,FH,1,10,2,5e-4
2025-09-20,1,Tindastóll,FH,1,11,1,2.5e-4
2025-09-20,1,Tindastóll,FH,1,12,1,2.5e-4
2025-09-20,1,Tindastóll,FH,2,0,94,0.0235
2025-09-20,1,Tindastóll,FH,2,1,166,0.0415
2025-09-20,1,Tindastóll,FH,2,2,200,0.05
2025-09-20,1,Tindastóll,FH,2,3,137,0.03425
2025-09-20,1,Tindastóll,FH,2,4,96,0.024
2025-09-20,1,Tindastóll,FH,2,5,51,0.01275
2025-09-20,1,Tindastóll,FH,2,6,25,0.00625
2025-09-20,1,Tindastóll,FH,2,7,16,0.004
2025-09-20,1,Tindastóll,FH,2,8,7,0.00175
2025-09-20,1,Tindastóll,FH,2,9,1,2.5e-4
2025-09-20,1,Tindastóll,FH,2,10,3,7.5e-4
2025-09-20,1,Tindastóll,FH,2,11,1,2.5e-4
2025-09-20,1,Tindastóll,FH,3,0,28,0.007
2025-09-20,1,Tindastóll,FH,3,1,94,0.0235
2025-09-20,1,Tindastóll,FH,3,2,80,0.02
2025-09-20,1,Tindastóll,FH,3,3,84,0.021
2025-09-20,1,Tindastóll,FH,3,4,41,0.01025
2025-09-20,1,Tindastóll,FH,3,5,24,0.006
2025-09-20,1,Tindastóll,FH,3,6,14,0.0035
2025-09-20,1,Tindastóll,FH,3,7,6,0.0015
2025-09-20,1,Tindastóll,FH,3,8,3,7.5e-4
2025-09-20,1,Tindastóll,FH,4,0,18,0.0045
2025-09-20,1,Tindastóll,FH,4,1,24,0.006
2025-09-20,1,Tindastóll,FH,4,2,40,0.01
2025-09-20,1,Tindastóll,FH,4,3,35,0.00875
2025-09-20,1,Tindastóll,FH,4,4,22,0.0055
2025-09-20,1,Tindastóll,FH,4,5,7,0.00175
2025-09-20,1,Tindastóll,FH,4,6,10,0.0025
2025-09-20,1,Tindastóll,FH,4,7,3,7.5e-4
2025-09-20,1,Tindastóll,FH,4,8,2,5e-4
2025-09-20,1,Tindastóll,FH,5,0,4,0.001
2025-09-20,1,Tindastóll,FH,5,1,7,0.00175
2025-09-20,1,Tindastóll,FH,5,2,9,0.00225
2025-09-20,1,Tindastóll,FH,5,3,12,0.003
2025-09-20,1,Tindastóll,FH,5,4,12,0.003
2025-09-20,1,Tindastóll,FH,5,5,4,0.001
2025-09-20,1,Tindastóll,FH,5,6,2,5e-4
2025-09-20,1,Tindastóll,FH,6,0,2,5e-4
2025-09-20,1,Tindastóll,FH,6,1,3,7.5e-4
2025-09-20,1,Tindastóll,FH,6,2,2,5e-4
2025-09-20,1,Tindastóll,FH,6,3,2,5e-4
2025-09-20,1,Tindastóll,FH,6,4,1,2.5e-4
2025-09-20,1,Tindastóll,FH,6,6,1,2.5e-4
2025-09-20,1,Tindastóll,FH,6,7,1,2.5e-4
2025-09-20,1,Tindastóll,FH,7,0,1,2.5e-4
2025-09-20,1,Tindastóll,FH,7,4,1,2.5e-4
2025-09-20,1,Tindastóll,FH,7,5,1,2.5e-4
2025-09-20,1,Tindastóll,FH,8,0,1,2.5e-4
2025-09-20,1,Tindastóll,FH,9,3,1,2.5e-4
2025-09-20,1,Víkingur R.,FHL,0,0,160,0.04
2025-09-20,1,Víkingur R.,FHL,0,1,83,0.02075
2025-09-20,1,Víkingur R.,FHL,0,2,31,0.00775
2025-09-20,1,Víkingur R.,FHL,0,3,4,0.001
2025-09-20,1,Víkingur R.,FHL,0,4,4,0.001
2025-09-20,1,Víkingur R.,FHL,1,0,361,0.09025
2025-09-20,1,Víkingur R.,FHL,1,1,208,0.052
2025-09-20,1,Víkingur R.,FHL,1,2,68,0.017
2025-09-20,1,Víkingur R.,FHL,1,3,29,0.00725
2025-09-20,1,Víkingur R.,FHL,1,4,4,0.001
2025-09-20,1,Víkingur R.,FHL,1,6,1,2.5e-4
2025-09-20,1,Víkingur R.,FHL,2,0,431,0.10775
2025-09-20,1,Víkingur R.,FHL,2,1,275,0.06875
2025-09-20,1,Víkingur R.,FHL,2,2,106,0.0265
2025-09-20,1,Víkingur R.,FHL,2,3,29,0.00725
2025-09-20,1,Víkingur R.,FHL,2,4,5,0.00125
2025-09-20,1,Víkingur R.,FHL,2,5,1,2.5e-4
2025-09-20,1,Víkingur R.,FHL,2,7,1,2.5e-4
2025-09-20,1,Víkingur R.,FHL,3,0,387,0.09675
2025-09-20,1,Víkingur R.,FHL,3,1,247,0.06175
2025-09-20,1,Víkingur R.,FHL,3,2,95,0.02375
2025-09-20,1,Víkingur R.,FHL,3,3,22,0.0055
2025-09-20,1,Víkingur R.,FHL,3,4,9,0.00225
2025-09-20,1,Víkingur R.,FHL,3,5,1,2.5e-4
2025-09-20,1,Víkingur R.,FHL,3,6,1,2.5e-4
2025-09-20,1,Víkingur R.,FHL,4,0,293,0.07325
2025-09-20,1,Víkingur R.,FHL,4,1,187,0.04675
2025-09-20,1,Víkingur R.,FHL,4,2,77,0.01925
2025-09-20,1,Víkingur R.,FHL,4,3,13,0.00325
2025-09-20,1,Víkingur R.,FHL,4,4,2,5e-4
2025-09-20,1,Víkingur R.,FHL,4,5,3,7.5e-4
2025-09-20,1,Víkingur R.,FHL,5,0,202,0.0505
2025-09-20,1,Víkingur R.,FHL,5,1,150,0.0375
2025-09-20,1,Víkingur R.,FHL,5,2,53,0.01325
2025-09-20,1,Víkingur R.,FHL,5,3,16,0.004
2025-09-20,1,Víkingur R.,FHL,5,4,4,0.001
2025-09-20,1,Víkingur R.,FHL,5,5,1,2.5e-4
2025-09-20,1,Víkingur R.,FHL,6,0,117,0.02925
2025-09-20,1,Víkingur R.,FHL,6,1,67,0.01675
2025-09-20,1,Víkingur R.,FHL,6,2,24,0.006
2025-09-20,1,Víkingur R.,FHL,6,3,9,0.00225
2025-09-20,1,Víkingur R.,FHL,6,4,2,5e-4
2025-09-20,1,Víkingur R.,FHL,6,5,1,2.5e-4
2025-09-20,1,Víkingur R.,FHL,6,6,1,2.5e-4
2025-09-20,1,Víkingur R.,FHL,7,0,52,0.013
2025-09-20,1,Víkingur R.,FHL,7,1,38,0.0095
2025-09-20,1,Víkingur R.,FHL,7,2,10,0.0025
2025-09-20,1,Víkingur R.,FHL,7,3,5,0.00125
2025-09-20,1,Víkingur R.,FHL,8,0,43,0.01075
2025-09-20,1,Víkingur R.,FHL,8,1,17,0.00425
2025-09-20,1,Víkingur R.,FHL,8,2,10,0.0025
2025-09-20,1,Víkingur R.,FHL,8,3,5,0.00125
2025-09-20,1,Víkingur R.,FHL,9,0,12,0.003
2025-09-20,1,Víkingur R.,FHL,9,1,3,7.5e-4
2025-09-20,1,Víkingur R.,FHL,9,2,2,5e-4
2025-09-20,1,Víkingur R.,FHL,9,3,1,2.5e-4
2025-09-20,1,Víkingur R.,FHL,10,0,2,5e-4
2025-09-20,1,Víkingur R.,FHL,10,1,3,7.5e-4
2025-09-20,1,Víkingur R.,FHL,10,2,3,7.5e-4
2025-09-20,1,Víkingur R.,FHL,11,0,4,0.001
2025-09-20,1,Víkingur R.,FHL,11,2,1,2.5e-4
2025-09-20,1,Víkingur R.,FHL,11,3,1,2.5e-4
2025-09-20,1,Víkingur R.,FHL,12,0,1,2.5e-4
2025-09-20,1,Víkingur R.,FHL,12,1,1,2.5e-4
2025-09-20,1,Víkingur R.,FHL,13,1,1,2.5e-4
2025-09-20,1,Þróttur R.,Stjarnan,0,0,219,0.05475
2025-09-20,1,Þróttur R.,Stjarnan,0,1,136,0.034
2025-09-20,1,Þróttur R.,Stjarnan,0,2,49,0.01225
2025-09-20,1,Þróttur R.,Stjarnan,0,3,14,0.0035
2025-09-20,1,Þróttur R.,Stjarnan,0,4,4,0.001
2025-09-20,1,Þróttur R.,Stjarnan,1,0,412,0.103
2025-09-20,1,Þróttur R.,Stjarnan,1,1,303,0.07575
2025-09-20,1,Þróttur R.,Stjarnan,1,2,110,0.0275
2025-09-20,1,Þróttur R.,Stjarnan,1,3,24,0.006
2025-09-20,1,Þróttur R.,Stjarnan,1,4,9,0.00225
2025-09-20,1,Þróttur R.,Stjarnan,1,5,1,2.5e-4
2025-09-20,1,Þróttur R.,Stjarnan,2,0,463,0.11575
2025-09-20,1,Þróttur R.,Stjarnan,2,1,310,0.0775
2025-09-20,1,Þróttur R.,Stjarnan,2,2,140,0.035
2025-09-20,1,Þróttur R.,Stjarnan,2,3,36,0.009
2025-09-20,1,Þróttur R.,Stjarnan,2,4,9,0.00225
2025-09-20,1,Þróttur R.,Stjarnan,3,0,359,0.08975
2025-09-20,1,Þróttur R.,Stjarnan,3,1,229,0.05725
2025-09-20,1,Þróttur R.,Stjarnan,3,2,83,0.02075
2025-09-20,1,Þróttur R.,Stjarnan,3,3,23,0.00575
2025-09-20,1,Þróttur R.,Stjarnan,3,4,4,0.001
2025-09-20,1,Þróttur R.,Stjarnan,3,5,1,2.5e-4
2025-09-20,1,Þróttur R.,Stjarnan,4,0,254,0.0635
2025-09-20,1,Þróttur R.,Stjarnan,4,1,175,0.04375
2025-09-20,1,Þróttur R.,Stjarnan,4,2,62,0.0155
2025-09-20,1,Þróttur R.,Stjarnan,4,3,21,0.00525
2025-09-20,1,Þróttur R.,Stjarnan,4,4,8,0.002
2025-09-20,1,Þróttur R.,Stjarnan,5,0,139,0.03475
2025-09-20,1,Þróttur R.,Stjarnan,5,1,88,0.022
2025-09-20,1,Þróttur R.,Stjarnan,5,2,35,0.00875
2025-09-20,1,Þróttur R.,Stjarnan,5,3,14,0.0035
2025-09-20,1,Þróttur R.,Stjarnan,5,4,3,7.5e-4
2025-09-20,1,Þróttur R.,Stjarnan,6,0,74,0.0185
2025-09-20,1,Þróttur R.,Stjarnan,6,1,44,0.011
2025-09-20,1,Þróttur R.,Stjarnan,6,2,13,0.00325
2025-09-20,1,Þróttur R.,Stjarnan,6,3,7,0.00175
2025-09-20,1,Þróttur R.,Stjarnan,6,4,4,0.001
2025-09-20,1,Þróttur R.,Stjarnan,7,0,38,0.0095
2025-09-20,1,Þróttur R.,Stjarnan,7,1,21,0.00525
2025-09-20,1,Þróttur R.,Stjarnan,7,2,4,0.001
2025-09-20,1,Þróttur R.,Stjarnan,7,3,3,7.5e-4
2025-09-20,1,Þróttur R.,Stjarnan,8,0,16,0.004
2025-09-20,1,Þróttur R.,Stjarnan,8,1,8,0.002
2025-09-20,1,Þróttur R.,Stjarnan,8,2,5,0.00125
2025-09-20,1,Þróttur R.,Stjarnan,8,3,3,7.5e-4
2025-09-20,1,Þróttur R.,Stjarnan,8,5,1,2.5e-4
2025-09-20,1,Þróttur R.,Stjarnan,9,0,6,0.0015
2025-09-20,1,Þróttur R.,Stjarnan,9,1,4,0.001
2025-09-20,1,Þróttur R.,Stjarnan,9,2,2,5e-4
2025-09-20,1,Þróttur R.,Stjarnan,10,0,5,0.00125
2025-09-20,1,Þróttur R.,Stjarnan,11,0,3,7.5e-4
2025-09-20,1,Þróttur R.,Stjarnan,11,1,1,2.5e-4
2025-09-20,1,Þróttur R.,Stjarnan,11,2,1,2.5e-4
