date,division,home,away,home_goals,away_goals,n,p
2025-08-13,1,Valur,Stjarnan,0,0,310,0.0775
2025-08-13,1,Valur,Stjarnan,0,1,233,0.05825
2025-08-13,1,Valur,Stjarnan,0,2,91,0.02275
2025-08-13,1,Valur,Stjarnan,0,3,26,0.0065
2025-08-13,1,Valur,Stjarnan,0,4,7,0.00175
2025-08-13,1,Valur,Stjarnan,1,0,468,0.117
2025-08-13,1,Valur,Stjarnan,1,1,398,0.0995
2025-08-13,1,Valur,Stjarnan,1,2,158,0.0395
2025-08-13,1,Valur,Stjarnan,1,3,43,0.01075
2025-08-13,1,Valur,Stjarnan,1,4,18,0.0045
2025-08-13,1,Valur,Stjarnan,1,5,4,0.001
2025-08-13,1,Valur,Stjarnan,2,0,429,0.10725
2025-08-13,1,Valur,Stjarnan,2,1,315,0.07875
2025-08-13,1,Valur,Stjarnan,2,2,153,0.03825
2025-08-13,1,Valur,Stjarnan,2,3,55,0.01375
2025-08-13,1,Valur,Stjarnan,2,4,12,0.003
2025-08-13,1,Valur,Stjarnan,2,5,3,7.5e-4
2025-08-13,1,Valur,Stjarnan,2,7,1,2.5e-4
2025-08-13,1,Valur,Stjarnan,2,8,1,2.5e-4
2025-08-13,1,Valur,Stjarnan,3,0,286,0.0715
2025-08-13,1,Valur,Stjarnan,3,1,219,0.05475
2025-08-13,1,Valur,Stjarnan,3,2,102,0.0255
2025-08-13,1,Valur,Stjarnan,3,3,39,0.00975
2025-08-13,1,Valur,Stjarnan,3,4,13,0.00325
2025-08-13,1,Valur,Stjarnan,3,5,3,7.5e-4
2025-08-13,1,Valur,Stjarnan,4,0,158,0.0395
2025-08-13,1,Valur,Stjarnan,4,1,116,0.029
2025-08-13,1,Valur,Stjarnan,4,2,59,0.01475
2025-08-13,1,Valur,Stjarnan,4,3,22,0.0055
2025-08-13,1,Valur,Stjarnan,4,4,6,0.0015
2025-08-13,1,Valur,Stjarnan,4,6,2,5e-4
2025-08-13,1,Valur,Stjarnan,5,0,67,0.01675
2025-08-13,1,Valur,Stjarnan,5,1,51,0.01275
2025-08-13,1,Valur,Stjarnan,5,2,33,0.00825
2025-08-13,1,Valur,Stjarnan,5,3,8,0.002
2025-08-13,1,Valur,Stjarnan,5,5,3,7.5e-4
2025-08-13,1,Valur,Stjarnan,6,0,20,0.005
2025-08-13,1,Valur,Stjarnan,6,1,17,0.00425
2025-08-13,1,Valur,Stjarnan,6,2,9,0.00225
2025-08-13,1,Valur,Stjarnan,6,3,3,7.5e-4
2025-08-13,1,Valur,Stjarnan,7,0,9,0.00225
2025-08-13,1,Valur,Stjarnan,7,1,13,0.00325
2025-08-13,1,Valur,Stjarnan,7,2,1,2.5e-4
2025-08-13,1,Valur,Stjarnan,7,3,2,5e-4
2025-08-13,1,Valur,Stjarnan,8,0,3,7.5e-4
2025-08-13,1,Valur,Stjarnan,8,1,2,5e-4
2025-08-13,1,Valur,Stjarnan,8,2,4,0.001
2025-08-13,1,Valur,Stjarnan,8,3,1,2.5e-4
2025-08-13,1,Valur,Stjarnan,9,1,1,2.5e-4
2025-08-13,1,Valur,Stjarnan,10,0,3,7.5e-4
2025-08-14,1,Tindastóll,Þróttur R.,0,0,214,0.0535
2025-08-14,1,Tindastóll,Þróttur R.,0,1,387,0.09675
2025-08-14,1,Tindastóll,Þróttur R.,0,2,375,0.09375
2025-08-14,1,Tindastóll,Þróttur R.,0,3,317,0.07925
2025-08-14,1,Tindastóll,Þróttur R.,0,4,207,0.05175
2025-08-14,1,Tindastóll,Þróttur R.,0,5,124,0.031
2025-08-14,1,Tindastóll,Þróttur R.,0,6,57,0.01425
2025-08-14,1,Tindastóll,Þróttur R.,0,7,24,0.006
2025-08-14,1,Tindastóll,Þróttur R.,0,8,15,0.00375
2025-08-14,1,Tindastóll,Þróttur R.,0,9,7,0.00175
2025-08-14,1,Tindastóll,Þróttur R.,0,10,7,0.00175
2025-08-14,1,Tindastóll,Þróttur R.,1,0,135,0.03375
2025-08-14,1,Tindastóll,Þróttur R.,1,1,279,0.06975
2025-08-14,1,Tindastóll,Þróttur R.,1,2,316,0.079
2025-08-14,1,Tindastóll,Þróttur R.,1,3,271,0.06775
2025-08-14,1,Tindastóll,Þróttur R.,1,4,168,0.042
2025-08-14,1,Tindastóll,Þróttur R.,1,5,80,0.02
2025-08-14,1,Tindastóll,Þróttur R.,1,6,51,0.01275
2025-08-14,1,Tindastóll,Þróttur R.,1,7,28,0.007
2025-08-14,1,Tindastóll,Þróttur R.,1,8,11,0.00275
2025-08-14,1,Tindastóll,Þróttur R.,1,9,4,0.001
2025-08-14,1,Tindastóll,Þróttur R.,1,10,2,5e-4
2025-08-14,1,Tindastóll,Þróttur R.,2,0,65,0.01625
2025-08-14,1,Tindastóll,Þróttur R.,2,1,133,0.03325
2025-08-14,1,Tindastóll,Þróttur R.,2,2,161,0.04025
2025-08-14,1,Tindastóll,Þróttur R.,2,3,121,0.03025
2025-08-14,1,Tindastóll,Þróttur R.,2,4,97,0.02425
2025-08-14,1,Tindastóll,Þróttur R.,2,5,32,0.008
2025-08-14,1,Tindastóll,Þróttur R.,2,6,20,0.005
2025-08-14,1,Tindastóll,Þróttur R.,2,7,12,0.003
2025-08-14,1,Tindastóll,Þróttur R.,2,8,8,0.002
2025-08-14,1,Tindastóll,Þróttur R.,2,9,1,2.5e-4
2025-08-14,1,Tindastóll,Þróttur R.,3,0,28,0.007
2025-08-14,1,Tindastóll,Þróttur R.,3,1,49,0.01225
2025-08-14,1,Tindastóll,Þróttur R.,3,2,50,0.0125
2025-08-14,1,Tindastóll,Þróttur R.,3,3,29,0.00725
2025-08-14,1,Tindastóll,Þróttur R.,3,4,22,0.0055
2025-08-14,1,Tindastóll,Þróttur R.,3,5,11,0.00275
2025-08-14,1,Tindastóll,Þróttur R.,3,6,10,0.0025
2025-08-14,1,Tindastóll,Þróttur R.,3,7,2,5e-4
2025-08-14,1,Tindastóll,Þróttur R.,4,0,8,0.002
2025-08-14,1,Tindastóll,Þróttur R.,4,1,14,0.0035
2025-08-14,1,Tindastóll,Þróttur R.,4,2,10,0.0025
2025-08-14,1,Tindastóll,Þróttur R.,4,3,8,0.002
2025-08-14,1,Tindastóll,Þróttur R.,4,4,6,0.0015
2025-08-14,1,Tindastóll,Þróttur R.,4,5,3,7.5e-4
2025-08-14,1,Tindastóll,Þróttur R.,4,6,2,5e-4
2025-08-14,1,Tindastóll,Þróttur R.,4,7,3,7.5e-4
2025-08-14,1,Tindastóll,Þróttur R.,5,1,2,5e-4
2025-08-14,1,Tindastóll,Þróttur R.,5,2,4,0.001
2025-08-14,1,Tindastóll,Þróttur R.,5,3,3,7.5e-4
2025-08-14,1,Tindastóll,Þróttur R.,5,4,1,2.5e-4
2025-08-14,1,Tindastóll,Þróttur R.,5,9,1,2.5e-4
2025-08-14,1,Tindastóll,Þróttur R.,6,1,1,2.5e-4
2025-08-14,1,Tindastóll,Þróttur R.,6,2,1,2.5e-4
2025-08-14,1,Tindastóll,Þróttur R.,6,3,1,2.5e-4
2025-08-14,1,Tindastóll,Þróttur R.,6,4,1,2.5e-4
2025-08-14,1,Tindastóll,Þróttur R.,6,5,1,2.5e-4
2025-08-14,2,Afturelding,Fylkir,0,0,120,0.03
2025-08-14,2,Afturelding,Fylkir,0,1,243,0.06075
2025-08-14,2,Afturelding,Fylkir,0,2,261,0.06525
2025-08-14,2,Afturelding,Fylkir,0,3,237,0.05925
2025-08-14,2,Afturelding,Fylkir,0,4,165,0.04125
2025-08-14,2,Afturelding,Fylkir,0,5,104,0.026
2025-08-14,2,Afturelding,Fylkir,0,6,75,0.01875
2025-08-14,2,Afturelding,Fylkir,0,7,53,0.01325
2025-08-14,2,Afturelding,Fylkir,0,8,23,0.00575
2025-08-14,2,Afturelding,Fylkir,0,9,14,0.0035
2025-08-14,2,Afturelding,Fylkir,0,10,7,0.00175
2025-08-14,2,Afturelding,Fylkir,0,11,4,0.001
2025-08-14,2,Afturelding,Fylkir,0,12,5,0.00125
2025-08-14,2,Afturelding,Fylkir,0,13,1,2.5e-4
2025-08-14,2,Afturelding,Fylkir,1,0,113,0.02825
2025-08-14,2,Afturelding,Fylkir,1,1,239,0.05975
2025-08-14,2,Afturelding,Fylkir,1,2,243,0.06075
2025-08-14,2,Afturelding,Fylkir,1,3,253,0.06325
2025-08-14,2,Afturelding,Fylkir,1,4,166,0.0415
2025-08-14,2,Afturelding,Fylkir,1,5,117,0.02925
2025-08-14,2,Afturelding,Fylkir,1,6,61,0.01525
2025-08-14,2,Afturelding,Fylkir,1,7,46,0.0115
2025-08-14,2,Afturelding,Fylkir,1,8,29,0.00725
2025-08-14,2,Afturelding,Fylkir,1,9,14,0.0035
2025-08-14,2,Afturelding,Fylkir,1,10,5,0.00125
2025-08-14,2,Afturelding,Fylkir,1,11,4,0.001
2025-08-14,2,Afturelding,Fylkir,1,15,1,2.5e-4
2025-08-14,2,Afturelding,Fylkir,2,0,72,0.018
2025-08-14,2,Afturelding,Fylkir,2,1,159,0.03975
2025-08-14,2,Afturelding,Fylkir,2,2,196,0.049
2025-08-14,2,Afturelding,Fylkir,2,3,151,0.03775
2025-08-14,2,Afturelding,Fylkir,2,4,98,0.0245
2025-08-14,2,Afturelding,Fylkir,2,5,78,0.0195
2025-08-14,2,Afturelding,Fylkir,2,6,37,0.00925
2025-08-14,2,Afturelding,Fylkir,2,7,21,0.00525
2025-08-14,2,Afturelding,Fylkir,2,8,14,0.0035
2025-08-14,2,Afturelding,Fylkir,2,9,7,0.00175
2025-08-14,2,Afturelding,Fylkir,2,10,4,0.001
2025-08-14,2,Afturelding,Fylkir,2,11,2,5e-4
2025-08-14,2,Afturelding,Fylkir,2,12,1,2.5e-4
2025-08-14,2,Afturelding,Fylkir,3,0,23,0.00575
2025-08-14,2,Afturelding,Fylkir,3,1,79,0.01975
2025-08-14,2,Afturelding,Fylkir,3,2,73,0.01825
2025-08-14,2,Afturelding,Fylkir,3,3,63,0.01575
2025-08-14,2,Afturelding,Fylkir,3,4,48,0.012
2025-08-14,2,Afturelding,Fylkir,3,5,34,0.0085
2025-08-14,2,Afturelding,Fylkir,3,6,6,0.0015
2025-08-14,2,Afturelding,Fylkir,3,7,12,0.003
2025-08-14,2,Afturelding,Fylkir,3,8,5,0.00125
2025-08-14,2,Afturelding,Fylkir,3,9,4,0.001
2025-08-14,2,Afturelding,Fylkir,3,10,1,2.5e-4
2025-08-14,2,Afturelding,Fylkir,3,11,1,2.5e-4
2025-08-14,2,Afturelding,Fylkir,3,12,2,5e-4
2025-08-14,2,Afturelding,Fylkir,3,14,1,2.5e-4
2025-08-14,2,Afturelding,Fylkir,4,0,8,0.002
2025-08-14,2,Afturelding,Fylkir,4,1,17,0.00425
2025-08-14,2,Afturelding,Fylkir,4,2,26,0.0065
2025-08-14,2,Afturelding,Fylkir,4,3,22,0.0055
2025-08-14,2,Afturelding,Fylkir,4,4,18,0.0045
2025-08-14,2,Afturelding,Fylkir,4,5,16,0.004
2025-08-14,2,Afturelding,Fylkir,4,6,11,0.00275
2025-08-14,2,Afturelding,Fylkir,4,7,5,0.00125
2025-08-14,2,Afturelding,Fylkir,4,8,4,0.001
2025-08-14,2,Afturelding,Fylkir,5,0,6,0.0015
2025-08-14,2,Afturelding,Fylkir,5,1,9,0.00225
2025-08-14,2,Afturelding,Fylkir,5,2,9,0.00225
2025-08-14,2,Afturelding,Fylkir,5,3,11,0.00275
2025-08-14,2,Afturelding,Fylkir,5,4,10,0.0025
2025-08-14,2,Afturelding,Fylkir,5,5,6,0.0015
2025-08-14,2,Afturelding,Fylkir,5,6,2,5e-4
2025-08-14,2,Afturelding,Fylkir,5,7,1,2.5e-4
2025-08-14,2,Afturelding,Fylkir,5,8,2,5e-4
2025-08-14,2,Afturelding,Fylkir,5,9,1,2.5e-4
2025-08-14,2,Afturelding,Fylkir,5,10,1,2.5e-4
2025-08-14,2,Afturelding,Fylkir,6,1,1,2.5e-4
2025-08-14,2,Afturelding,Fylkir,6,2,7,0.00175
2025-08-14,2,Afturelding,Fylkir,6,3,1,2.5e-4
2025-08-14,2,Afturelding,Fylkir,6,4,2,5e-4
2025-08-14,2,Afturelding,Fylkir,6,5,2,5e-4
2025-08-14,2,Afturelding,Fylkir,6,7,1,2.5e-4
2025-08-14,2,Afturelding,Fylkir,7,3,1,2.5e-4
2025-08-14,2,Afturelding,Fylkir,7,7,1,2.5e-4
2025-08-14,2,Afturelding,Fylkir,7,8,1,2.5e-4
2025-08-14,2,Afturelding,Fylkir,8,1,1,2.5e-4
2025-08-14,2,Afturelding,Fylkir,9,1,1,2.5e-4
2025-08-14,2,Afturelding,Fylkir,9,2,1,2.5e-4
2025-08-14,2,HK,ÍA,0,0,232,0.058
2025-08-14,2,HK,ÍA,0,1,298,0.0745
2025-08-14,2,HK,ÍA,0,2,181,0.04525
2025-08-14,2,HK,ÍA,0,3,88,0.022
2025-08-14,2,HK,ÍA,0,4,49,0.01225
2025-08-14,2,HK,ÍA,0,5,16,0.004
2025-08-14,2,HK,ÍA,0,6,5,0.00125
2025-08-14,2,HK,ÍA,0,7,2,5e-4
2025-08-14,2,HK,ÍA,0,8,1,2.5e-4
2025-08-14,2,HK,ÍA,1,0,252,0.063
2025-08-14,2,HK,ÍA,1,1,380,0.095
2025-08-14,2,HK,ÍA,1,2,306,0.0765
2025-08-14,2,HK,ÍA,1,3,134,0.0335
2025-08-14,2,HK,ÍA,1,4,59,0.01475
2025-08-14,2,HK,ÍA,1,5,33,0.00825
2025-08-14,2,HK,ÍA,1,6,10,0.0025
2025-08-14,2,HK,ÍA,1,7,6,0.0015
2025-08-14,2,HK,ÍA,2,0,207,0.05175
2025-08-14,2,HK,ÍA,2,1,296,0.074
2025-08-14,2,HK,ÍA,2,2,266,0.0665
2025-08-14,2,HK,ÍA,2,3,121,0.03025
2025-08-14,2,HK,ÍA,2,4,56,0.014
2025-08-14,2,HK,ÍA,2,5,23,0.00575
2025-08-14,2,HK,ÍA,2,6,6,0.0015
2025-08-14,2,HK,ÍA,2,7,2,5e-4
2025-08-14,2,HK,ÍA,3,0,110,0.0275
2025-08-14,2,HK,ÍA,3,1,169,0.04225
2025-08-14,2,HK,ÍA,3,2,139,0.03475
2025-08-14,2,HK,ÍA,3,3,81,0.02025
2025-08-14,2,HK,ÍA,3,4,41,0.01025
2025-08-14,2,HK,ÍA,3,5,13,0.00325
2025-08-14,2,HK,ÍA,3,6,3,7.5e-4
2025-08-14,2,HK,ÍA,3,7,3,7.5e-4
2025-08-14,2,HK,ÍA,3,8,2,5e-4
2025-08-14,2,HK,ÍA,4,0,40,0.01
2025-08-14,2,HK,ÍA,4,1,73,0.01825
2025-08-14,2,HK,ÍA,4,2,66,0.0165
2025-08-14,2,HK,ÍA,4,3,35,0.00875
2025-08-14,2,HK,ÍA,4,4,15,0.00375
2025-08-14,2,HK,ÍA,4,5,8,0.002
2025-08-14,2,HK,ÍA,4,6,2,5e-4
2025-08-14,2,HK,ÍA,4,7,1,2.5e-4
2025-08-14,2,HK,ÍA,5,0,19,0.00475
2025-08-14,2,HK,ÍA,5,1,32,0.008
2025-08-14,2,HK,ÍA,5,2,25,0.00625
2025-08-14,2,HK,ÍA,5,3,17,0.00425
2025-08-14,2,HK,ÍA,5,4,7,0.00175
2025-08-14,2,HK,ÍA,5,5,2,5e-4
2025-08-14,2,HK,ÍA,5,6,5,0.00125
2025-08-14,2,HK,ÍA,6,0,10,0.0025
2025-08-14,2,HK,ÍA,6,1,11,0.00275
2025-08-14,2,HK,ÍA,6,2,10,0.0025
2025-08-14,2,HK,ÍA,6,3,3,7.5e-4
2025-08-14,2,HK,ÍA,6,4,1,2.5e-4
2025-08-14,2,HK,ÍA,6,5,2,5e-4
2025-08-14,2,HK,ÍA,7,1,6,0.0015
2025-08-14,2,HK,ÍA,7,2,5,0.00125
2025-08-14,2,HK,ÍA,7,3,4,0.001
2025-08-14,2,HK,ÍA,7,4,3,7.5e-4
2025-08-14,2,HK,ÍA,7,5,1,2.5e-4
2025-08-14,2,HK,ÍA,8,0,2,5e-4
2025-08-14,2,HK,ÍA,8,1,2,5e-4
2025-08-14,2,HK,ÍA,8,2,1,2.5e-4
2025-08-14,2,HK,ÍA,8,3,1,2.5e-4
2025-08-14,2,HK,ÍA,9,4,1,2.5e-4
2025-08-14,2,Haukar,Grótta,0,0,115,0.02875
2025-08-14,2,Haukar,Grótta,0,1,153,0.03825
2025-08-14,2,Haukar,Grótta,0,2,160,0.04
2025-08-14,2,Haukar,Grótta,0,3,127,0.03175
2025-08-14,2,Haukar,Grótta,0,4,66,0.0165
2025-08-14,2,Haukar,Grótta,0,5,31,0.00775
2025-08-14,2,Haukar,Grótta,0,6,19,0.00475
2025-08-14,2,Haukar,Grótta,0,7,6,0.0015
2025-08-14,2,Haukar,Grótta,0,8,2,5e-4
2025-08-14,2,Haukar,Grótta,0,9,2,5e-4
2025-08-14,2,Haukar,Grótta,0,10,1,2.5e-4
2025-08-14,2,Haukar,Grótta,1,0,137,0.03425
2025-08-14,2,Haukar,Grótta,1,1,240,0.06
2025-08-14,2,Haukar,Grótta,1,2,248,0.062
2025-08-14,2,Haukar,Grótta,1,3,233,0.05825
2025-08-14,2,Haukar,Grótta,1,4,117,0.02925
2025-08-14,2,Haukar,Grótta,1,5,63,0.01575
2025-08-14,2,Haukar,Grótta,1,6,24,0.006
2025-08-14,2,Haukar,Grótta,1,7,15,0.00375
2025-08-14,2,Haukar,Grótta,1,8,6,0.0015
2025-08-14,2,Haukar,Grótta,1,9,2,5e-4
2025-08-14,2,Haukar,Grótta,2,0,123,0.03075
2025-08-14,2,Haukar,Grótta,2,1,215,0.05375
2025-08-14,2,Haukar,Grótta,2,2,245,0.06125
2025-08-14,2,Haukar,Grótta,2,3,164,0.041
2025-08-14,2,Haukar,Grótta,2,4,104,0.026
2025-08-14,2,Haukar,Grótta,2,5,73,0.01825
2025-08-14,2,Haukar,Grótta,2,6,20,0.005
2025-08-14,2,Haukar,Grótta,2,7,6,0.0015
2025-08-14,2,Haukar,Grótta,2,8,5,0.00125
2025-08-14,2,Haukar,Grótta,2,10,1,2.5e-4
2025-08-14,2,Haukar,Grótta,2,11,1,2.5e-4
2025-08-14,2,Haukar,Grótta,2,12,1,2.5e-4
2025-08-14,2,Haukar,Grótta,3,0,69,0.01725
2025-08-14,2,Haukar,Grótta,3,1,147,0.03675
2025-08-14,2,Haukar,Grótta,3,2,167,0.04175
2025-08-14,2,Haukar,Grótta,3,3,118,0.0295
2025-08-14,2,Haukar,Grótta,3,4,85,0.02125
2025-08-14,2,Haukar,Grótta,3,5,36,0.009
2025-08-14,2,Haukar,Grótta,3,6,18,0.0045
2025-08-14,2,Haukar,Grótta,3,7,6,0.0015
2025-08-14,2,Haukar,Grótta,3,8,4,0.001
2025-08-14,2,Haukar,Grótta,3,9,2,5e-4
2025-08-14,2,Haukar,Grótta,3,10,1,2.5e-4
2025-08-14,2,Haukar,Grótta,4,0,41,0.01025
2025-08-14,2,Haukar,Grótta,4,1,85,0.02125
2025-08-14,2,Haukar,Grótta,4,2,90,0.0225
2025-08-14,2,Haukar,Grótta,4,3,61,0.01525
2025-08-14,2,Haukar,Grótta,4,4,47,0.01175
2025-08-14,2,Haukar,Grótta,4,5,19,0.00475
2025-08-14,2,Haukar,Grótta,4,6,7,0.00175
2025-08-14,2,Haukar,Grótta,4,7,7,0.00175
2025-08-14,2,Haukar,Grótta,4,8,2,5e-4
2025-08-14,2,Haukar,Grótta,4,9,1,2.5e-4
2025-08-14,2,Haukar,Grótta,4,10,1,2.5e-4
2025-08-14,2,Haukar,Grótta,5,0,9,0.00225
2025-08-14,2,Haukar,Grótta,5,1,33,0.00825
2025-08-14,2,Haukar,Grótta,5,2,41,0.01025
2025-08-14,2,Haukar,Grótta,5,3,26,0.0065
2025-08-14,2,Haukar,Grótta,5,4,17,0.00425
2025-08-14,2,Haukar,Grótta,5,5,8,0.002
2025-08-14,2,Haukar,Grótta,5,6,8,0.002
2025-08-14,2,Haukar,Grótta,5,7,3,7.5e-4
2025-08-14,2,Haukar,Grótta,5,8,2,5e-4
2025-08-14,2,Haukar,Grótta,5,9,1,2.5e-4
2025-08-14,2,Haukar,Grótta,6,0,10,0.0025
2025-08-14,2,Haukar,Grótta,6,1,14,0.0035
2025-08-14,2,Haukar,Grótta,6,2,11,0.00275
2025-08-14,2,Haukar,Grótta,6,3,15,0.00375
2025-08-14,2,Haukar,Grótta,6,4,10,0.0025
2025-08-14,2,Haukar,Grótta,6,5,5,0.00125
2025-08-14,2,Haukar,Grótta,6,6,1,2.5e-4
2025-08-14,2,Haukar,Grótta,6,7,3,7.5e-4
2025-08-14,2,Haukar,Grótta,7,0,4,0.001
2025-08-14,2,Haukar,Grótta,7,1,4,0.001
2025-08-14,2,Haukar,Grótta,7,2,6,0.0015
2025-08-14,2,Haukar,Grótta,7,3,8,0.002
2025-08-14,2,Haukar,Grótta,7,4,1,2.5e-4
2025-08-14,2,Haukar,Grótta,7,5,4,0.001
2025-08-14,2,Haukar,Grótta,7,7,2,5e-4
2025-08-14,2,Haukar,Grótta,8,1,1,2.5e-4
2025-08-14,2,Haukar,Grótta,8,2,5,0.00125
2025-08-14,2,Haukar,Grótta,8,3,1,2.5e-4
2025-08-14,2,Haukar,Grótta,8,4,2,5e-4
2025-08-14,2,Haukar,Grótta,8,6,1,2.5e-4
2025-08-14,2,Haukar,Grótta,8,7,2,5e-4
2025-08-14,2,Haukar,Grótta,9,1,1,2.5e-4
2025-08-14,2,Haukar,Grótta,10,2,1,2.5e-4
2025-08-14,2,Haukar,Grótta,10,3,1,2.5e-4
2025-08-14,2,KR,Grindavík/ Njarðvík,0,0,22,0.0055
2025-08-14,2,KR,Grindavík/ Njarðvík,0,1,23,0.00575
2025-08-14,2,KR,Grindavík/ Njarðvík,0,2,21,0.00525
2025-08-14,2,KR,Grindavík/ Njarðvík,0,3,13,0.00325
2025-08-14,2,KR,Grindavík/ Njarðvík,0,4,5,0.00125
2025-08-14,2,KR,Grindavík/ Njarðvík,0,5,6,0.0015
2025-08-14,2,KR,Grindavík/ Njarðvík,0,6,4,0.001
2025-08-14,2,KR,Grindavík/ Njarðvík,0,8,1,2.5e-4
2025-08-14,2,KR,Grindavík/ Njarðvík,1,0,38,0.0095
2025-08-14,2,KR,Grindavík/ Njarðvík,1,1,65,0.01625
2025-08-14,2,KR,Grindavík/ Njarðvík,1,2,42,0.0105
2025-08-14,2,KR,Grindavík/ Njarðvík,1,3,37,0.00925
2025-08-14,2,KR,Grindavík/ Njarðvík,1,4,30,0.0075
2025-08-14,2,KR,Grindavík/ Njarðvík,1,5,15,0.00375
2025-08-14,2,KR,Grindavík/ Njarðvík,1,6,7,0.00175
2025-08-14,2,KR,Grindavík/ Njarðvík,1,7,4,0.001
2025-08-14,2,KR,Grindavík/ Njarðvík,1,9,1,2.5e-4
2025-08-14,2,KR,Grindavík/ Njarðvík,2,0,84,0.021
2025-08-14,2,KR,Grindavík/ Njarðvík,2,1,122,0.0305
2025-08-14,2,KR,Grindavík/ Njarðvík,2,2,122,0.0305
2025-08-14,2,KR,Grindavík/ Njarðvík,2,3,68,0.017
2025-08-14,2,KR,Grindavík/ Njarðvík,2,4,44,0.011
2025-08-14,2,KR,Grindavík/ Njarðvík,2,5,21,0.00525
2025-08-14,2,KR,Grindavík/ Njarðvík,2,6,10,0.0025
2025-08-14,2,KR,Grindavík/ Njarðvík,2,7,4,0.001
2025-08-14,2,KR,Grindavík/ Njarðvík,2,8,4,0.001
2025-08-14,2,KR,Grindavík/ Njarðvík,3,0,96,0.024
2025-08-14,2,KR,Grindavík/ Njarðvík,3,1,154,0.0385
2025-08-14,2,KR,Grindavík/ Njarðvík,3,2,134,0.0335
2025-08-14,2,KR,Grindavík/ Njarðvík,3,3,104,0.026
2025-08-14,2,KR,Grindavík/ Njarðvík,3,4,61,0.01525
2025-08-14,2,KR,Grindavík/ Njarðvík,3,5,36,0.009
2025-08-14,2,KR,Grindavík/ Njarðvík,3,6,12,0.003
2025-08-14,2,KR,Grindavík/ Njarðvík,3,7,4,0.001
2025-08-14,2,KR,Grindavík/ Njarðvík,3,8,1,2.5e-4
2025-08-14,2,KR,Grindavík/ Njarðvík,3,10,1,2.5e-4
2025-08-14,2,KR,Grindavík/ Njarðvík,3,13,1,2.5e-4
2025-08-14,2,KR,Grindavík/ Njarðvík,4,0,105,0.02625
2025-08-14,2,KR,Grindavík/ Njarðvík,4,1,152,0.038
2025-08-14,2,KR,Grindavík/ Njarðvík,4,2,143,0.03575
2025-08-14,2,KR,Grindavík/ Njarðvík,4,3,122,0.0305
2025-08-14,2,KR,Grindavík/ Njarðvík,4,4,63,0.01575
2025-08-14,2,KR,Grindavík/ Njarðvík,4,5,31,0.00775
2025-08-14,2,KR,Grindavík/ Njarðvík,4,6,9,0.00225
2025-08-14,2,KR,Grindavík/ Njarðvík,4,7,12,0.003
2025-08-14,2,KR,Grindavík/ Njarðvík,4,8,1,2.5e-4
2025-08-14,2,KR,Grindavík/ Njarðvík,4,9,2,5e-4
2025-08-14,2,KR,Grindavík/ Njarðvík,4,10,1,2.5e-4
2025-08-14,2,KR,Grindavík/ Njarðvík,5,0,87,0.02175
2025-08-14,2,KR,Grindavík/ Njarðvík,5,1,139,0.03475
2025-08-14,2,KR,Grindavík/ Njarðvík,5,2,126,0.0315
2025-08-14,2,KR,Grindavík/ Njarðvík,5,3,104,0.026
2025-08-14,2,KR,Grindavík/ Njarðvík,5,4,56,0.014
2025-08-14,2,KR,Grindavík/ Njarðvík,5,5,30,0.0075
2025-08-14,2,KR,Grindavík/ Njarðvík,5,6,16,0.004
2025-08-14,2,KR,Grindavík/ Njarðvík,5,7,9,0.00225
2025-08-14,2,KR,Grindavík/ Njarðvík,5,8,1,2.5e-4
2025-08-14,2,KR,Grindavík/ Njarðvík,5,9,2,5e-4
2025-08-14,2,KR,Grindavík/ Njarðvík,5,10,1,2.5e-4
2025-08-14,2,KR,Grindavík/ Njarðvík,6,0,55,0.01375
2025-08-14,2,KR,Grindavík/ Njarðvík,6,1,129,0.03225
2025-08-14,2,KR,Grindavík/ Njarðvík,6,2,93,0.02325
2025-08-14,2,KR,Grindavík/ Njarðvík,6,3,83,0.02075
2025-08-14,2,KR,Grindavík/ Njarðvík,6,4,45,0.01125
2025-08-14,2,KR,Grindavík/ Njarðvík,6,5,21,0.00525
2025-08-14,2,KR,Grindavík/ Njarðvík,6,6,13,0.00325
2025-08-14,2,KR,Grindavík/ Njarðvík,6,7,8,0.002
2025-08-14,2,KR,Grindavík/ Njarðvík,6,8,2,5e-4
2025-08-14,2,KR,Grindavík/ Njarðvík,6,9,1,2.5e-4
2025-08-14,2,KR,Grindavík/ Njarðvík,6,10,1,2.5e-4
2025-08-14,2,KR,Grindavík/ Njarðvík,7,0,48,0.012
2025-08-14,2,KR,Grindavík/ Njarðvík,7,1,70,0.0175
2025-08-14,2,KR,Grindavík/ Njarðvík,7,2,89,0.02225
2025-08-14,2,KR,Grindavík/ Njarðvík,7,3,45,0.01125
2025-08-14,2,KR,Grindavík/ Njarðvík,7,4,30,0.0075
2025-08-14,2,KR,Grindavík/ Njarðvík,7,5,14,0.0035
2025-08-14,2,KR,Grindavík/ Njarðvík,7,6,5,0.00125
2025-08-14,2,KR,Grindavík/ Njarðvík,7,7,6,0.0015
2025-08-14,2,KR,Grindavík/ Njarðvík,8,0,42,0.0105
2025-08-14,2,KR,Grindavík/ Njarðvík,8,1,67,0.01675
2025-08-14,2,KR,Grindavík/ Njarðvík,8,2,50,0.0125
2025-08-14,2,KR,Grindavík/ Njarðvík,8,3,40,0.01
2025-08-14,2,KR,Grindavík/ Njarðvík,8,4,19,0.00475
2025-08-14,2,KR,Grindavík/ Njarðvík,8,5,18,0.0045
2025-08-14,2,KR,Grindavík/ Njarðvík,8,6,4,0.001
2025-08-14,2,KR,Grindavík/ Njarðvík,8,7,3,7.5e-4
2025-08-14,2,KR,Grindavík/ Njarðvík,8,8,2,5e-4
2025-08-14,2,KR,Grindavík/ Njarðvík,9,0,28,0.007
2025-08-14,2,KR,Grindavík/ Njarðvík,9,1,35,0.00875
2025-08-14,2,KR,Grindavík/ Njarðvík,9,2,34,0.0085
2025-08-14,2,KR,Grindavík/ Njarðvík,9,3,36,0.009
2025-08-14,2,KR,Grindavík/ Njarðvík,9,4,10,0.0025
2025-08-14,2,KR,Grindavík/ Njarðvík,9,5,6,0.0015
2025-08-14,2,KR,Grindavík/ Njarðvík,9,6,5,0.00125
2025-08-14,2,KR,Grindavík/ Njarðvík,9,7,2,5e-4
2025-08-14,2,KR,Grindavík/ Njarðvík,9,8,1,2.5e-4
2025-08-14,2,KR,Grindavík/ Njarðvík,10,0,8,0.002
2025-08-14,2,KR,Grindavík/ Njarðvík,10,1,19,0.00475
2025-08-14,2,KR,Grindavík/ Njarðvík,10,2,23,0.00575
2025-08-14,2,KR,Grindavík/ Njarðvík,10,3,15,0.00375
2025-08-14,2,KR,Grindavík/ Njarðvík,10,4,6,0.0015
2025-08-14,2,KR,Grindavík/ Njarðvík,10,5,8,0.002
2025-08-14,2,KR,Grindavík/ Njarðvík,10,6,2,5e-4
2025-08-14,2,KR,Grindavík/ Njarðvík,10,8,1,2.5e-4
2025-08-14,2,KR,Grindavík/ Njarðvík,11,0,12,0.003
2025-08-14,2,KR,Grindavík/ Njarðvík,11,1,10,0.0025
2025-08-14,2,KR,Grindavík/ Njarðvík,11,2,5,0.00125
2025-08-14,2,KR,Grindavík/ Njarðvík,11,3,18,0.0045
2025-08-14,2,KR,Grindavík/ Njarðvík,11,4,4,0.001
2025-08-14,2,KR,Grindavík/ Njarðvík,11,5,3,7.5e-4
2025-08-14,2,KR,Grindavík/ Njarðvík,11,7,2,5e-4
2025-08-14,2,KR,Grindavík/ Njarðvík,11,8,1,2.5e-4
2025-08-14,2,KR,Grindavík/ Njarðvík,12,0,3,7.5e-4
2025-08-14,2,KR,Grindavík/ Njarðvík,12,1,11,0.00275
2025-08-14,2,KR,Grindavík/ Njarðvík,12,2,6,0.0015
2025-08-14,2,KR,Grindavík/ Njarðvík,12,3,6,0.0015
2025-08-14,2,KR,Grindavík/ Njarðvík,12,4,3,7.5e-4
2025-08-14,2,KR,Grindavík/ Njarðvík,12,5,1,2.5e-4
2025-08-14,2,KR,Grindavík/ Njarðvík,12,6,2,5e-4
2025-08-14,2,KR,Grindavík/ Njarðvík,13,0,2,5e-4
2025-08-14,2,KR,Grindavík/ Njarðvík,13,1,5,0.00125
2025-08-14,2,KR,Grindavík/ Njarðvík,13,2,1,2.5e-4
2025-08-14,2,KR,Grindavík/ Njarðvík,13,3,1,2.5e-4
2025-08-14,2,KR,Grindavík/ Njarðvík,13,4,1,2.5e-4
2025-08-14,2,KR,Grindavík/ Njarðvík,14,0,1,2.5e-4
2025-08-14,2,KR,Grindavík/ Njarðvík,14,1,5,0.00125
2025-08-14,2,KR,Grindavík/ Njarðvík,14,2,2,5e-4
2025-08-14,2,KR,Grindavík/ Njarðvík,14,3,2,5e-4
2025-08-14,2,KR,Grindavík/ Njarðvík,14,4,2,5e-4
2025-08-14,2,KR,Grindavík/ Njarðvík,15,0,1,2.5e-4
2025-08-14,2,KR,Grindavík/ Njarðvík,15,1,2,5e-4
2025-08-14,2,KR,Grindavík/ Njarðvík,15,2,2,5e-4
2025-08-14,2,KR,Grindavík/ Njarðvík,15,3,1,2.5e-4
2025-08-14,2,KR,Grindavík/ Njarðvík,16,1,1,2.5e-4
2025-08-14,2,KR,Grindavík/ Njarðvík,16,4,1,2.5e-4
2025-08-14,2,KR,Grindavík/ Njarðvík,16,5,1,2.5e-4
2025-08-14,2,KR,Grindavík/ Njarðvík,16,16,1,2.5e-4
2025-08-14,2,KR,Grindavík/ Njarðvík,17,0,1,2.5e-4
2025-08-14,2,KR,Grindavík/ Njarðvík,17,2,1,2.5e-4
2025-08-14,2,KR,Grindavík/ Njarðvík,17,3,2,5e-4
2025-08-14,2,KR,Grindavík/ Njarðvík,17,6,1,2.5e-4
2025-08-14,2,KR,Grindavík/ Njarðvík,17,17,1,2.5e-4
2025-08-14,2,KR,Grindavík/ Njarðvík,18,1,1,2.5e-4
2025-08-14,2,KR,Grindavík/ Njarðvík,19,7,1,2.5e-4
2025-08-14,2,KR,Grindavík/ Njarðvík,20,2,1,2.5e-4
2025-08-14,2,KR,Grindavík/ Njarðvík,21,2,1,2.5e-4
2025-08-14,2,Keflavík,ÍBV,0,0,111,0.02775
2025-08-14,2,Keflavík,ÍBV,0,1,95,0.02375
2025-08-14,2,Keflavík,ÍBV,0,2,50,0.0125
2025-08-14,2,Keflavík,ÍBV,0,3,21,0.00525
2025-08-14,2,Keflavík,ÍBV,0,4,1,2.5e-4
2025-08-14,2,Keflavík,ÍBV,0,5,1,2.5e-4
2025-08-14,2,Keflavík,ÍBV,0,6,1,2.5e-4
2025-08-14,2,Keflavík,ÍBV,1,0,244,0.061
2025-08-14,2,Keflavík,ÍBV,1,1,229,0.05725
2025-08-14,2,Keflavík,ÍBV,1,2,102,0.0255
2025-08-14,2,Keflavík,ÍBV,1,3,36,0.009
2025-08-14,2,Keflavík,ÍBV,1,4,14,0.0035
2025-08-14,2,Keflavík,ÍBV,1,5,3,7.5e-4
2025-08-14,2,Keflavík,ÍBV,1,6,1,2.5e-4
2025-08-14,2,Keflavík,ÍBV,2,0,311,0.07775
2025-08-14,2,Keflavík,ÍBV,2,1,275,0.06875
2025-08-14,2,Keflavík,ÍBV,2,2,130,0.0325
2025-08-14,2,Keflavík,ÍBV,2,3,51,0.01275
2025-08-14,2,Keflavík,ÍBV,2,4,24,0.006
2025-08-14,2,Keflavík,ÍBV,2,5,1,2.5e-4
2025-08-14,2,Keflavík,ÍBV,2,6,1,2.5e-4
2025-08-14,2,Keflavík,ÍBV,3,0,317,0.07925
2025-08-14,2,Keflavík,ÍBV,3,1,264,0.066
2025-08-14,2,Keflavík,ÍBV,3,2,113,0.02825
2025-08-14,2,Keflavík,ÍBV,3,3,50,0.0125
2025-08-14,2,Keflavík,ÍBV,3,4,12,0.003
2025-08-14,2,Keflavík,ÍBV,3,5,2,5e-4
2025-08-14,2,Keflavík,ÍBV,3,6,2,5e-4
2025-08-14,2,Keflavík,ÍBV,4,0,231,0.05775
2025-08-14,2,Keflavík,ÍBV,4,1,220,0.055
2025-08-14,2,Keflavík,ÍBV,4,2,104,0.026
2025-08-14,2,Keflavík,ÍBV,4,3,26,0.0065
2025-08-14,2,Keflavík,ÍBV,4,4,10,0.0025
2025-08-14,2,Keflavík,ÍBV,4,5,1,2.5e-4
2025-08-14,2,Keflavík,ÍBV,4,6,2,5e-4
2025-08-14,2,Keflavík,ÍBV,5,0,183,0.04575
2025-08-14,2,Keflavík,ÍBV,5,1,137,0.03425
2025-08-14,2,Keflavík,ÍBV,5,2,75,0.01875
2025-08-14,2,Keflavík,ÍBV,5,3,23,0.00575
2025-08-14,2,Keflavík,ÍBV,5,4,4,0.001
2025-08-14,2,Keflavík,ÍBV,5,5,3,7.5e-4
2025-08-14,2,Keflavík,ÍBV,6,0,92,0.023
2025-08-14,2,Keflavík,ÍBV,6,1,76,0.019
2025-08-14,2,Keflavík,ÍBV,6,2,48,0.012
2025-08-14,2,Keflavík,ÍBV,6,3,5,0.00125
2025-08-14,2,Keflavík,ÍBV,6,4,3,7.5e-4
2025-08-14,2,Keflavík,ÍBV,6,5,4,0.001
2025-08-14,2,Keflavík,ÍBV,6,6,1,2.5e-4
2025-08-14,2,Keflavík,ÍBV,7,0,68,0.017
2025-08-14,2,Keflavík,ÍBV,7,1,60,0.015
2025-08-14,2,Keflavík,ÍBV,7,2,15,0.00375
2025-08-14,2,Keflavík,ÍBV,7,3,5,0.00125
2025-08-14,2,Keflavík,ÍBV,7,4,3,7.5e-4
2025-08-14,2,Keflavík,ÍBV,7,5,1,2.5e-4
2025-08-14,2,Keflavík,ÍBV,8,0,33,0.00825
2025-08-14,2,Keflavík,ÍBV,8,1,29,0.00725
2025-08-14,2,Keflavík,ÍBV,8,2,8,0.002
2025-08-14,2,Keflavík,ÍBV,8,3,1,2.5e-4
2025-08-14,2,Keflavík,ÍBV,8,4,1,2.5e-4
2025-08-14,2,Keflavík,ÍBV,9,0,14,0.0035
2025-08-14,2,Keflavík,ÍBV,9,1,7,0.00175
2025-08-14,2,Keflavík,ÍBV,9,2,10,0.0025
2025-08-14,2,Keflavík,ÍBV,9,3,2,5e-4
2025-08-14,2,Keflavík,ÍBV,9,4,1,2.5e-4
2025-08-14,2,Keflavík,ÍBV,10,0,8,0.002
2025-08-14,2,Keflavík,ÍBV,10,1,5,0.00125
2025-08-14,2,Keflavík,ÍBV,10,2,4,0.001
2025-08-14,2,Keflavík,ÍBV,10,3,2,5e-4
2025-08-14,2,Keflavík,ÍBV,10,4,2,5e-4
2025-08-14,2,Keflavík,ÍBV,11,0,1,2.5e-4
2025-08-14,2,Keflavík,ÍBV,11,1,3,7.5e-4
2025-08-14,2,Keflavík,ÍBV,11,2,2,5e-4
2025-08-14,2,Keflavík,ÍBV,12,0,1,2.5e-4
2025-08-14,2,Keflavík,ÍBV,13,0,2,5e-4
2025-08-14,2,Keflavík,ÍBV,13,3,1,2.5e-4
2025-08-14,2,Keflavík,ÍBV,16,0,1,2.5e-4
2025-08-16,4,FH,Breiðablik,0,0,119,0.02975
2025-08-16,4,FH,Breiðablik,0,1,264,0.066
2025-08-16,4,FH,Breiðablik,0,2,288,0.072
2025-08-16,4,FH,Breiðablik,0,3,262,0.0655
2025-08-16,4,FH,Breiðablik,0,4,181,0.04525
2025-08-16,4,FH,Breiðablik,0,5,123,0.03075
2025-08-16,4,FH,Breiðablik,0,6,69,0.01725
2025-08-16,4,FH,Breiðablik,0,7,32,0.008
2025-08-16,4,FH,Breiðablik,0,8,9,0.00225
2025-08-16,4,FH,Breiðablik,0,9,7,0.00175
2025-08-16,4,FH,Breiðablik,0,10,2,5e-4
2025-08-16,4,FH,Breiðablik,0,11,1,2.5e-4
2025-08-16,4,FH,Breiðablik,0,12,1,2.5e-4
2025-08-16,4,FH,Breiðablik,0,14,1,2.5e-4
2025-08-16,4,FH,Breiðablik,0,16,1,2.5e-4
2025-08-16,4,FH,Breiðablik,1,0,97,0.02425
2025-08-16,4,FH,Breiðablik,1,1,254,0.0635
2025-08-16,4,FH,Breiðablik,1,2,281,0.07025
2025-08-16,4,FH,Breiðablik,1,3,264,0.066
2025-08-16,4,FH,Breiðablik,1,4,188,0.047
2025-08-16,4,FH,Breiðablik,1,5,117,0.02925
2025-08-16,4,FH,Breiðablik,1,6,58,0.0145
2025-08-16,4,FH,Breiðablik,1,7,26,0.0065
2025-08-16,4,FH,Breiðablik,1,8,25,0.00625
2025-08-16,4,FH,Breiðablik,1,9,9,0.00225
2025-08-16,4,FH,Breiðablik,1,10,3,7.5e-4
2025-08-16,4,FH,Breiðablik,1,12,1,2.5e-4
2025-08-16,4,FH,Breiðablik,1,13,1,2.5e-4
2025-08-16,4,FH,Breiðablik,2,0,69,0.01725
2025-08-16,4,FH,Breiðablik,2,1,121,0.03025
2025-08-16,4,FH,Breiðablik,2,2,168,0.042
2025-08-16,4,FH,Breiðablik,2,3,159,0.03975
2025-08-16,4,FH,Breiðablik,2,4,99,0.02475
2025-08-16,4,FH,Breiðablik,2,5,84,0.021
2025-08-16,4,FH,Breiðablik,2,6,46,0.0115
2025-08-16,4,FH,Breiðablik,2,7,18,0.0045
2025-08-16,4,FH,Breiðablik,2,8,13,0.00325
2025-08-16,4,FH,Breiðablik,2,9,5,0.00125
2025-08-16,4,FH,Breiðablik,2,10,1,2.5e-4
2025-08-16,4,FH,Breiðablik,2,11,2,5e-4
2025-08-16,4,FH,Breiðablik,3,0,24,0.006
2025-08-16,4,FH,Breiðablik,3,1,58,0.0145
2025-08-16,4,FH,Breiðablik,3,2,78,0.0195
2025-08-16,4,FH,Breiðablik,3,3,67,0.01675
2025-08-16,4,FH,Breiðablik,3,4,41,0.01025
2025-08-16,4,FH,Breiðablik,3,5,48,0.012
2025-08-16,4,FH,Breiðablik,3,6,17,0.00425
2025-08-16,4,FH,Breiðablik,3,7,8,0.002
2025-08-16,4,FH,Breiðablik,3,8,4,0.001
2025-08-16,4,FH,Breiðablik,3,9,2,5e-4
2025-08-16,4,FH,Breiðablik,3,10,1,2.5e-4
2025-08-16,4,FH,Breiðablik,4,0,5,0.00125
2025-08-16,4,FH,Breiðablik,4,1,14,0.0035
2025-08-16,4,FH,Breiðablik,4,2,17,0.00425
2025-08-16,4,FH,Breiðablik,4,3,23,0.00575
2025-08-16,4,FH,Breiðablik,4,4,16,0.004
2025-08-16,4,FH,Breiðablik,4,5,16,0.004
2025-08-16,4,FH,Breiðablik,4,6,9,0.00225
2025-08-16,4,FH,Breiðablik,4,7,6,0.0015
2025-08-16,4,FH,Breiðablik,4,8,2,5e-4
2025-08-16,4,FH,Breiðablik,4,9,1,2.5e-4
2025-08-16,4,FH,Breiðablik,4,10,1,2.5e-4
2025-08-16,4,FH,Breiðablik,5,0,2,5e-4
2025-08-16,4,FH,Breiðablik,5,1,6,0.0015
2025-08-16,4,FH,Breiðablik,5,2,18,0.0045
2025-08-16,4,FH,Breiðablik,5,3,12,0.003
2025-08-16,4,FH,Breiðablik,5,4,6,0.0015
2025-08-16,4,FH,Breiðablik,5,5,5,0.00125
2025-08-16,4,FH,Breiðablik,5,6,3,7.5e-4
2025-08-16,4,FH,Breiðablik,5,7,5,0.00125
2025-08-16,4,FH,Breiðablik,6,2,4,0.001
2025-08-16,4,FH,Breiðablik,6,3,2,5e-4
2025-08-16,4,FH,Breiðablik,6,4,3,7.5e-4
2025-08-16,4,FH,Breiðablik,6,5,1,2.5e-4
2025-08-16,4,FH,Breiðablik,6,6,1,2.5e-4
2025-08-16,4,FH,Breiðablik,7,1,1,2.5e-4
2025-08-16,4,FH,Breiðablik,7,3,2,5e-4
2025-08-16,4,FH,Breiðablik,7,4,1,2.5e-4
2025-08-16,4,FH,Breiðablik,9,8,1,2.5e-4
2025-08-20,1,Fram,Víkingur R.,0,0,140,0.035
2025-08-20,1,Fram,Víkingur R.,0,1,230,0.0575
2025-08-20,1,Fram,Víkingur R.,0,2,193,0.04825
2025-08-20,1,Fram,Víkingur R.,0,3,153,0.03825
2025-08-20,1,Fram,Víkingur R.,0,4,70,0.0175
2025-08-20,1,Fram,Víkingur R.,0,5,33,0.00825
2025-08-20,1,Fram,Víkingur R.,0,6,13,0.00325
2025-08-20,1,Fram,Víkingur R.,0,7,7,0.00175
2025-08-20,1,Fram,Víkingur R.,0,8,3,7.5e-4
2025-08-20,1,Fram,Víkingur R.,0,9,1,2.5e-4
2025-08-20,1,Fram,Víkingur R.,1,0,161,0.04025
2025-08-20,1,Fram,Víkingur R.,1,1,314,0.0785
2025-08-20,1,Fram,Víkingur R.,1,2,304,0.076
2025-08-20,1,Fram,Víkingur R.,1,3,215,0.05375
2025-08-20,1,Fram,Víkingur R.,1,4,109,0.02725
2025-08-20,1,Fram,Víkingur R.,1,5,45,0.01125
2025-08-20,1,Fram,Víkingur R.,1,6,24,0.006
2025-08-20,1,Fram,Víkingur R.,1,7,8,0.002
2025-08-20,1,Fram,Víkingur R.,1,8,2,5e-4
2025-08-20,1,Fram,Víkingur R.,1,10,1,2.5e-4
2025-08-20,1,Fram,Víkingur R.,2,0,111,0.02775
2025-08-20,1,Fram,Víkingur R.,2,1,241,0.06025
2025-08-20,1,Fram,Víkingur R.,2,2,263,0.06575
2025-08-20,1,Fram,Víkingur R.,2,3,163,0.04075
2025-08-20,1,Fram,Víkingur R.,2,4,98,0.0245
2025-08-20,1,Fram,Víkingur R.,2,5,41,0.01025
2025-08-20,1,Fram,Víkingur R.,2,6,18,0.0045
2025-08-20,1,Fram,Víkingur R.,2,7,10,0.0025
2025-08-20,1,Fram,Víkingur R.,2,8,5,0.00125
2025-08-20,1,Fram,Víkingur R.,2,11,1,2.5e-4
2025-08-20,1,Fram,Víkingur R.,2,13,1,2.5e-4
2025-08-20,1,Fram,Víkingur R.,3,0,65,0.01625
2025-08-20,1,Fram,Víkingur R.,3,1,121,0.03025
2025-08-20,1,Fram,Víkingur R.,3,2,143,0.03575
2025-08-20,1,Fram,Víkingur R.,3,3,103,0.02575
2025-08-20,1,Fram,Víkingur R.,3,4,67,0.01675
2025-08-20,1,Fram,Víkingur R.,3,5,34,0.0085
2025-08-20,1,Fram,Víkingur R.,3,6,11,0.00275
2025-08-20,1,Fram,Víkingur R.,3,7,4,0.001
2025-08-20,1,Fram,Víkingur R.,3,8,4,0.001
2025-08-20,1,Fram,Víkingur R.,4,0,35,0.00875
2025-08-20,1,Fram,Víkingur R.,4,1,77,0.01925
2025-08-20,1,Fram,Víkingur R.,4,2,71,0.01775
2025-08-20,1,Fram,Víkingur R.,4,3,51,0.01275
2025-08-20,1,Fram,Víkingur R.,4,4,26,0.0065
2025-08-20,1,Fram,Víkingur R.,4,5,18,0.0045
2025-08-20,1,Fram,Víkingur R.,4,6,8,0.002
2025-08-20,1,Fram,Víkingur R.,4,7,3,7.5e-4
2025-08-20,1,Fram,Víkingur R.,4,8,1,2.5e-4
2025-08-20,1,Fram,Víkingur R.,5,0,12,0.003
2025-08-20,1,Fram,Víkingur R.,5,1,26,0.0065
2025-08-20,1,Fram,Víkingur R.,5,2,31,0.00775
2025-08-20,1,Fram,Víkingur R.,5,3,23,0.00575
2025-08-20,1,Fram,Víkingur R.,5,4,14,0.0035
2025-08-20,1,Fram,Víkingur R.,5,5,11,0.00275
2025-08-20,1,Fram,Víkingur R.,5,6,3,7.5e-4
2025-08-20,1,Fram,Víkingur R.,5,7,2,5e-4
2025-08-20,1,Fram,Víkingur R.,5,8,1,2.5e-4
2025-08-20,1,Fram,Víkingur R.,5,9,1,2.5e-4
2025-08-20,1,Fram,Víkingur R.,6,0,6,0.0015
2025-08-20,1,Fram,Víkingur R.,6,1,10,0.0025
2025-08-20,1,Fram,Víkingur R.,6,2,9,0.00225
2025-08-20,1,Fram,Víkingur R.,6,3,4,0.001
2025-08-20,1,Fram,Víkingur R.,6,4,1,2.5e-4
2025-08-20,1,Fram,Víkingur R.,6,5,1,2.5e-4
2025-08-20,1,Fram,Víkingur R.,6,6,3,7.5e-4
2025-08-20,1,Fram,Víkingur R.,7,0,1,2.5e-4
2025-08-20,1,Fram,Víkingur R.,7,1,4,0.001
2025-08-20,1,Fram,Víkingur R.,7,2,1,2.5e-4
2025-08-20,1,Fram,Víkingur R.,7,3,3,7.5e-4
2025-08-20,1,Fram,Víkingur R.,7,4,2,5e-4
2025-08-20,1,Fram,Víkingur R.,7,6,1,2.5e-4
2025-08-20,1,Fram,Víkingur R.,7,7,1,2.5e-4
2025-08-20,1,Fram,Víkingur R.,8,1,1,2.5e-4
2025-08-20,1,Fram,Víkingur R.,8,2,1,2.5e-4
2025-08-20,1,Fram,Víkingur R.,8,3,2,5e-4
2025-08-20,1,Fram,Víkingur R.,8,4,1,2.5e-4
2025-08-20,1,Fram,Víkingur R.,9,1,3,7.5e-4
2025-08-20,1,Fram,Víkingur R.,9,4,1,2.5e-4
2025-08-20,1,Þróttur R.,Valur,0,0,363,0.09075
2025-08-20,1,Þróttur R.,Valur,0,1,288,0.072
2025-08-20,1,Þróttur R.,Valur,0,2,132,0.033
2025-08-20,1,Þróttur R.,Valur,0,3,49,0.01225
2025-08-20,1,Þróttur R.,Valur,0,4,22,0.0055
2025-08-20,1,Þróttur R.,Valur,0,5,3,7.5e-4
2025-08-20,1,Þróttur R.,Valur,0,6,2,5e-4
2025-08-20,1,Þróttur R.,Valur,1,0,466,0.1165
2025-08-20,1,Þróttur R.,Valur,1,1,382,0.0955
2025-08-20,1,Þróttur R.,Valur,1,2,190,0.0475
2025-08-20,1,Þróttur R.,Valur,1,3,75,0.01875
2025-08-20,1,Þróttur R.,Valur,1,4,29,0.00725
2025-08-20,1,Þróttur R.,Valur,1,5,2,5e-4
2025-08-20,1,Þróttur R.,Valur,1,8,1,2.5e-4
2025-08-20,1,Þróttur R.,Valur,2,0,354,0.0885
2025-08-20,1,Þróttur R.,Valur,2,1,339,0.08475
2025-08-20,1,Þróttur R.,Valur,2,2,190,0.0475
2025-08-20,1,Þróttur R.,Valur,2,3,44,0.011
2025-08-20,1,Þróttur R.,Valur,2,4,18,0.0045
2025-08-20,1,Þróttur R.,Valur,2,5,7,0.00175
2025-08-20,1,Þróttur R.,Valur,2,6,1,2.5e-4
2025-08-20,1,Þróttur R.,Valur,3,0,245,0.06125
2025-08-20,1,Þróttur R.,Valur,3,1,195,0.04875
2025-08-20,1,Þróttur R.,Valur,3,2,99,0.02475
2025-08-20,1,Þróttur R.,Valur,3,3,34,0.0085
2025-08-20,1,Þróttur R.,Valur,3,4,13,0.00325
2025-08-20,1,Þróttur R.,Valur,3,5,4,0.001
2025-08-20,1,Þróttur R.,Valur,3,6,2,5e-4
2025-08-20,1,Þróttur R.,Valur,4,0,103,0.02575
2025-08-20,1,Þróttur R.,Valur,4,1,108,0.027
2025-08-20,1,Þróttur R.,Valur,4,2,43,0.01075
2025-08-20,1,Þróttur R.,Valur,4,3,15,0.00375
2025-08-20,1,Þróttur R.,Valur,4,4,4,0.001
2025-08-20,1,Þróttur R.,Valur,4,5,1,2.5e-4
2025-08-20,1,Þróttur R.,Valur,5,0,43,0.01075
2025-08-20,1,Þróttur R.,Valur,5,1,37,0.00925
2025-08-20,1,Þróttur R.,Valur,5,2,15,0.00375
2025-08-20,1,Þróttur R.,Valur,5,3,5,0.00125
2025-08-20,1,Þróttur R.,Valur,5,4,2,5e-4
2025-08-20,1,Þróttur R.,Valur,5,5,2,5e-4
2025-08-20,1,Þróttur R.,Valur,6,0,21,0.00525
2025-08-20,1,Þróttur R.,Valur,6,1,15,0.00375
2025-08-20,1,Þróttur R.,Valur,6,2,10,0.0025
2025-08-20,1,Þróttur R.,Valur,6,3,1,2.5e-4
2025-08-20,1,Þróttur R.,Valur,7,0,9,0.00225
2025-08-20,1,Þróttur R.,Valur,7,1,3,7.5e-4
2025-08-20,1,Þróttur R.,Valur,7,2,4,0.001
2025-08-20,1,Þróttur R.,Valur,7,5,1,2.5e-4
2025-08-20,1,Þróttur R.,Valur,8,0,4,0.001
2025-08-20,1,Þróttur R.,Valur,8,1,2,5e-4
2025-08-20,1,Þróttur R.,Valur,8,2,1,2.5e-4
2025-08-20,1,Þróttur R.,Valur,11,1,1,2.5e-4
2025-08-20,1,Þróttur R.,Valur,11,3,1,2.5e-4
2025-08-21,1,Stjarnan,FH,0,0,176,0.044
2025-08-21,1,Stjarnan,FH,0,1,251,0.06275
2025-08-21,1,Stjarnan,FH,0,2,224,0.056
2025-08-21,1,Stjarnan,FH,0,3,156,0.039
2025-08-21,1,Stjarnan,FH,0,4,86,0.0215
2025-08-21,1,Stjarnan,FH,0,5,45,0.01125
2025-08-21,1,Stjarnan,FH,0,6,14,0.0035
2025-08-21,1,Stjarnan,FH,0,7,4,0.001
2025-08-21,1,Stjarnan,FH,0,8,2,5e-4
2025-08-21,1,Stjarnan,FH,0,9,1,2.5e-4
2025-08-21,1,Stjarnan,FH,1,0,219,0.05475
2025-08-21,1,Stjarnan,FH,1,1,377,0.09425
2025-08-21,1,Stjarnan,FH,1,2,315,0.07875
2025-08-21,1,Stjarnan,FH,1,3,199,0.04975
2025-08-21,1,Stjarnan,FH,1,4,102,0.0255
2025-08-21,1,Stjarnan,FH,1,5,46,0.0115
2025-08-21,1,Stjarnan,FH,1,6,16,0.004
2025-08-21,1,Stjarnan,FH,1,7,8,0.002
2025-08-21,1,Stjarnan,FH,1,8,8,0.002
2025-08-21,1,Stjarnan,FH,1,9,2,5e-4
2025-08-21,1,Stjarnan,FH,2,0,150,0.0375
2025-08-21,1,Stjarnan,FH,2,1,218,0.0545
2025-08-21,1,Stjarnan,FH,2,2,242,0.0605
2025-08-21,1,Stjarnan,FH,2,3,142,0.0355
2025-08-21,1,Stjarnan,FH,2,4,82,0.0205
2025-08-21,1,Stjarnan,FH,2,5,33,0.00825
2025-08-21,1,Stjarnan,FH,2,6,21,0.00525
2025-08-21,1,Stjarnan,FH,2,7,7,0.00175
2025-08-21,1,Stjarnan,FH,2,8,1,2.5e-4
2025-08-21,1,Stjarnan,FH,2,10,1,2.5e-4
2025-08-21,1,Stjarnan,FH,3,0,70,0.0175
2025-08-21,1,Stjarnan,FH,3,1,128,0.032
2025-08-21,1,Stjarnan,FH,3,2,143,0.03575
2025-08-21,1,Stjarnan,FH,3,3,87,0.02175
2025-08-21,1,Stjarnan,FH,3,4,47,0.01175
2025-08-21,1,Stjarnan,FH,3,5,20,0.005
2025-08-21,1,Stjarnan,FH,3,6,7,0.00175
2025-08-21,1,Stjarnan,FH,3,8,3,7.5e-4
2025-08-21,1,Stjarnan,FH,3,9,1,2.5e-4
2025-08-21,1,Stjarnan,FH,4,0,23,0.00575
2025-08-21,1,Stjarnan,FH,4,1,49,0.01225
2025-08-21,1,Stjarnan,FH,4,2,66,0.0165
2025-08-21,1,Stjarnan,FH,4,3,49,0.01225
2025-08-21,1,Stjarnan,FH,4,4,27,0.00675
2025-08-21,1,Stjarnan,FH,4,5,10,0.0025
2025-08-21,1,Stjarnan,FH,4,6,4,0.001
2025-08-21,1,Stjarnan,FH,4,7,1,2.5e-4
2025-08-21,1,Stjarnan,FH,5,0,14,0.0035
2025-08-21,1,Stjarnan,FH,5,1,25,0.00625
2025-08-21,1,Stjarnan,FH,5,2,17,0.00425
2025-08-21,1,Stjarnan,FH,5,3,9,0.00225
2025-08-21,1,Stjarnan,FH,5,4,7,0.00175
2025-08-21,1,Stjarnan,FH,5,5,6,0.0015
2025-08-21,1,Stjarnan,FH,5,6,5,0.00125
2025-08-21,1,Stjarnan,FH,6,0,3,7.5e-4
2025-08-21,1,Stjarnan,FH,6,1,9,0.00225
2025-08-21,1,Stjarnan,FH,6,2,5,0.00125
2025-08-21,1,Stjarnan,FH,6,4,3,7.5e-4
2025-08-21,1,Stjarnan,FH,6,6,2,5e-4
2025-08-21,1,Stjarnan,FH,6,8,1,2.5e-4
2025-08-21,1,Stjarnan,FH,7,1,4,0.001
2025-08-21,1,Stjarnan,FH,7,2,2,5e-4
2025-08-21,1,Stjarnan,FH,7,3,1,2.5e-4
2025-08-21,1,Stjarnan,FH,7,7,1,2.5e-4
2025-08-21,1,Stjarnan,FH,8,4,1,2.5e-4
2025-08-21,1,Stjarnan,FH,9,4,1,2.5e-4
2025-08-21,1,Stjarnan,FH,13,4,1,2.5e-4
2025-08-21,1,Þór/KA,FHL,0,0,103,0.02575
2025-08-21,1,Þór/KA,FHL,0,1,44,0.011
2025-08-21,1,Þór/KA,FHL,0,2,20,0.005
2025-08-21,1,Þór/KA,FHL,0,3,5,0.00125
2025-08-21,1,Þór/KA,FHL,0,4,1,2.5e-4
2025-08-21,1,Þór/KA,FHL,1,0,243,0.06075
2025-08-21,1,Þór/KA,FHL,1,1,152,0.038
2025-08-21,1,Þór/KA,FHL,1,2,38,0.0095
2025-08-21,1,Þór/KA,FHL,1,3,14,0.0035
2025-08-21,1,Þór/KA,FHL,1,4,1,2.5e-4
2025-08-21,1,Þór/KA,FHL,2,0,337,0.08425
2025-08-21,1,Þór/KA,FHL,2,1,179,0.04475
2025-08-21,1,Þór/KA,FHL,2,2,57,0.01425
2025-08-21,1,Þór/KA,FHL,2,3,12,0.003
2025-08-21,1,Þór/KA,FHL,2,4,2,5e-4
2025-08-21,1,Þór/KA,FHL,2,5,2,5e-4
2025-08-21,1,Þór/KA,FHL,3,0,431,0.10775
2025-08-21,1,Þór/KA,FHL,3,1,241,0.06025
2025-08-21,1,Þór/KA,FHL,3,2,74,0.0185
2025-08-21,1,Þór/KA,FHL,3,3,15,0.00375
2025-08-21,1,Þór/KA,FHL,3,4,5,0.00125
2025-08-21,1,Þór/KA,FHL,4,0,360,0.09
2025-08-21,1,Þór/KA,FHL,4,1,243,0.06075
2025-08-21,1,Þór/KA,FHL,4,2,69,0.01725
2025-08-21,1,Þór/KA,FHL,4,3,13,0.00325
2025-08-21,1,Þór/KA,FHL,4,4,5,0.00125
2025-08-21,1,Þór/KA,FHL,4,5,1,2.5e-4
2025-08-21,1,Þór/KA,FHL,5,0,262,0.0655
2025-08-21,1,Þór/KA,FHL,5,1,157,0.03925
2025-08-21,1,Þór/KA,FHL,5,2,51,0.01275
2025-08-21,1,Þór/KA,FHL,5,3,10,0.0025
2025-08-21,1,Þór/KA,FHL,5,4,4,0.001
2025-08-21,1,Þór/KA,FHL,5,5,1,2.5e-4
2025-08-21,1,Þór/KA,FHL,6,0,208,0.052
2025-08-21,1,Þór/KA,FHL,6,1,115,0.02875
2025-08-21,1,Þór/KA,FHL,6,2,34,0.0085
2025-08-21,1,Þór/KA,FHL,6,3,11,0.00275
2025-08-21,1,Þór/KA,FHL,6,4,5,0.00125
2025-08-21,1,Þór/KA,FHL,6,5,1,2.5e-4
2025-08-21,1,Þór/KA,FHL,7,0,120,0.03
2025-08-21,1,Þór/KA,FHL,7,1,60,0.015
2025-08-21,1,Þór/KA,FHL,7,2,23,0.00575
2025-08-21,1,Þór/KA,FHL,7,3,9,0.00225
2025-08-21,1,Þór/KA,FHL,7,4,1,2.5e-4
2025-08-21,1,Þór/KA,FHL,8,0,58,0.0145
2025-08-21,1,Þór/KA,FHL,8,1,46,0.0115
2025-08-21,1,Þór/KA,FHL,8,2,6,0.0015
2025-08-21,1,Þór/KA,FHL,8,3,2,5e-4
2025-08-21,1,Þór/KA,FHL,8,4,5,0.00125
2025-08-21,1,Þór/KA,FHL,9,0,32,0.008
2025-08-21,1,Þór/KA,FHL,9,1,26,0.0065
2025-08-21,1,Þór/KA,FHL,9,2,5,0.00125
2025-08-21,1,Þór/KA,FHL,10,0,20,0.005
2025-08-21,1,Þór/KA,FHL,10,1,16,0.004
2025-08-21,1,Þór/KA,FHL,10,2,3,7.5e-4
2025-08-21,1,Þór/KA,FHL,10,3,2,5e-4
2025-08-21,1,Þór/KA,FHL,11,0,9,0.00225
2025-08-21,1,Þór/KA,FHL,11,1,5,0.00125
2025-08-21,1,Þór/KA,FHL,11,2,3,7.5e-4
2025-08-21,1,Þór/KA,FHL,11,3,1,2.5e-4
2025-08-21,1,Þór/KA,FHL,12,0,5,0.00125
2025-08-21,1,Þór/KA,FHL,12,1,7,0.00175
2025-08-21,1,Þór/KA,FHL,13,1,3,7.5e-4
2025-08-21,1,Þór/KA,FHL,13,2,1,2.5e-4
2025-08-21,1,Þór/KA,FHL,14,1,2,5e-4
2025-08-21,1,Þór/KA,FHL,15,0,3,7.5e-4
2025-08-21,1,Þór/KA,FHL,18,1,1,2.5e-4
2025-08-21,2,Fylkir,Keflavík,0,0,266,0.0665
2025-08-21,2,Fylkir,Keflavík,0,1,428,0.107
2025-08-21,2,Fylkir,Keflavík,0,2,361,0.09025
2025-08-21,2,Fylkir,Keflavík,0,3,256,0.064
2025-08-21,2,Fylkir,Keflavík,0,4,120,0.03
2025-08-21,2,Fylkir,Keflavík,0,5,73,0.01825
2025-08-21,2,Fylkir,Keflavík,0,6,27,0.00675
2025-08-21,2,Fylkir,Keflavík,0,7,11,0.00275
2025-08-21,2,Fylkir,Keflavík,0,8,5,0.00125
2025-08-21,2,Fylkir,Keflavík,0,9,3,7.5e-4
2025-08-21,2,Fylkir,Keflavík,1,0,212,0.053
2025-08-21,2,Fylkir,Keflavík,1,1,382,0.0955
2025-08-21,2,Fylkir,Keflavík,1,2,330,0.0825
2025-08-21,2,Fylkir,Keflavík,1,3,228,0.057
2025-08-21,2,Fylkir,Keflavík,1,4,98,0.0245
2025-08-21,2,Fylkir,Keflavík,1,5,53,0.01325
2025-08-21,2,Fylkir,Keflavík,1,6,18,0.0045
2025-08-21,2,Fylkir,Keflavík,1,7,11,0.00275
2025-08-21,2,Fylkir,Keflavík,1,8,5,0.00125
2025-08-21,2,Fylkir,Keflavík,1,9,3,7.5e-4
2025-08-21,2,Fylkir,Keflavík,1,10,1,2.5e-4
2025-08-21,2,Fylkir,Keflavík,2,0,93,0.02325
2025-08-21,2,Fylkir,Keflavík,2,1,192,0.048
2025-08-21,2,Fylkir,Keflavík,2,2,173,0.04325
2025-08-21,2,Fylkir,Keflavík,2,3,116,0.029
2025-08-21,2,Fylkir,Keflavík,2,4,67,0.01675
2025-08-21,2,Fylkir,Keflavík,2,5,40,0.01
2025-08-21,2,Fylkir,Keflavík,2,6,8,0.002
2025-08-21,2,Fylkir,Keflavík,2,7,6,0.0015
2025-08-21,2,Fylkir,Keflavík,2,8,2,5e-4
2025-08-21,2,Fylkir,Keflavík,2,9,1,2.5e-4
2025-08-21,2,Fylkir,Keflavík,2,10,1,2.5e-4
2025-08-21,2,Fylkir,Keflavík,3,0,30,0.0075
2025-08-21,2,Fylkir,Keflavík,3,1,63,0.01575
2025-08-21,2,Fylkir,Keflavík,3,2,75,0.01875
2025-08-21,2,Fylkir,Keflavík,3,3,47,0.01175
2025-08-21,2,Fylkir,Keflavík,3,4,30,0.0075
2025-08-21,2,Fylkir,Keflavík,3,5,10,0.0025
2025-08-21,2,Fylkir,Keflavík,3,6,6,0.0015
2025-08-21,2,Fylkir,Keflavík,3,7,3,7.5e-4
2025-08-21,2,Fylkir,Keflavík,4,0,16,0.004
2025-08-21,2,Fylkir,Keflavík,4,1,27,0.00675
2025-08-21,2,Fylkir,Keflavík,4,2,28,0.007
2025-08-21,2,Fylkir,Keflavík,4,3,17,0.00425
2025-08-21,2,Fylkir,Keflavík,4,4,12,0.003
2025-08-21,2,Fylkir,Keflavík,4,5,2,5e-4
2025-08-21,2,Fylkir,Keflavík,4,6,6,0.0015
2025-08-21,2,Fylkir,Keflavík,4,7,1,2.5e-4
2025-08-21,2,Fylkir,Keflavík,4,8,1,2.5e-4
2025-08-21,2,Fylkir,Keflavík,5,0,5,0.00125
2025-08-21,2,Fylkir,Keflavík,5,1,7,0.00175
2025-08-21,2,Fylkir,Keflavík,5,2,4,0.001
2025-08-21,2,Fylkir,Keflavík,5,3,6,0.0015
2025-08-21,2,Fylkir,Keflavík,5,4,2,5e-4
2025-08-21,2,Fylkir,Keflavík,5,5,2,5e-4
2025-08-21,2,Fylkir,Keflavík,5,6,1,2.5e-4
2025-08-21,2,Fylkir,Keflavík,5,7,1,2.5e-4
2025-08-21,2,Fylkir,Keflavík,6,1,2,5e-4
2025-08-21,2,Fylkir,Keflavík,6,2,1,2.5e-4
2025-08-21,2,Fylkir,Keflavík,6,3,1,2.5e-4
2025-08-21,2,Fylkir,Keflavík,7,1,1,2.5e-4
2025-08-21,2,Fylkir,Keflavík,7,2,2,5e-4
2025-08-21,2,Fylkir,Keflavík,9,5,1,2.5e-4
2025-08-21,2,Grindavík/ Njarðvík,Afturelding,0,0,15,0.00375
2025-08-21,2,Grindavík/ Njarðvík,Afturelding,0,1,12,0.003
2025-08-21,2,Grindavík/ Njarðvík,Afturelding,0,2,12,0.003
2025-08-21,2,Grindavík/ Njarðvík,Afturelding,0,3,3,7.5e-4
2025-08-21,2,Grindavík/ Njarðvík,Afturelding,0,4,5,0.00125
2025-08-21,2,Grindavík/ Njarðvík,Afturelding,0,5,1,2.5e-4
2025-08-21,2,Grindavík/ Njarðvík,Afturelding,1,0,26,0.0065
2025-08-21,2,Grindavík/ Njarðvík,Afturelding,1,1,55,0.01375
2025-08-21,2,Grindavík/ Njarðvík,Afturelding,1,2,39,0.00975
2025-08-21,2,Grindavík/ Njarðvík,Afturelding,1,3,23,0.00575
2025-08-21,2,Grindavík/ Njarðvík,Afturelding,1,4,11,0.00275
2025-08-21,2,Grindavík/ Njarðvík,Afturelding,1,5,6,0.0015
2025-08-21,2,Grindavík/ Njarðvík,Afturelding,1,6,1,2.5e-4
2025-08-21,2,Grindavík/ Njarðvík,Afturelding,1,7,2,5e-4
2025-08-21,2,Grindavík/ Njarðvík,Afturelding,2,0,69,0.01725
2025-08-21,2,Grindavík/ Njarðvík,Afturelding,2,1,96,0.024
2025-08-21,2,Grindavík/ Njarðvík,Afturelding,2,2,78,0.0195
2025-08-21,2,Grindavík/ Njarðvík,Afturelding,2,3,60,0.015
2025-08-21,2,Grindavík/ Njarðvík,Afturelding,2,4,25,0.00625
2025-08-21,2,Grindavík/ Njarðvík,Afturelding,2,5,6,0.0015
2025-08-21,2,Grindavík/ Njarðvík,Afturelding,2,6,2,5e-4
2025-08-21,2,Grindavík/ Njarðvík,Afturelding,3,0,73,0.01825
2025-08-21,2,Grindavík/ Njarðvík,Afturelding,3,1,128,0.032
2025-08-21,2,Grindavík/ Njarðvík,Afturelding,3,2,110,0.0275
2025-08-21,2,Grindavík/ Njarðvík,Afturelding,3,3,49,0.01225
2025-08-21,2,Grindavík/ Njarðvík,Afturelding,3,4,22,0.0055
2025-08-21,2,Grindavík/ Njarðvík,Afturelding,3,5,18,0.0045
2025-08-21,2,Grindavík/ Njarðvík,Afturelding,3,6,5,0.00125
2025-08-21,2,Grindavík/ Njarðvík,Afturelding,3,7,3,7.5e-4
2025-08-21,2,Grindavík/ Njarðvík,Afturelding,3,8,2,5e-4
2025-08-21,2,Grindavík/ Njarðvík,Afturelding,4,0,97,0.02425
2025-08-21,2,Grindavík/ Njarðvík,Afturelding,4,1,140,0.035
2025-08-21,2,Grindavík/ Njarðvík,Afturelding,4,2,116,0.029
2025-08-21,2,Grindavík/ Njarðvík,Afturelding,4,3,87,0.02175
2025-08-21,2,Grindavík/ Njarðvík,Afturelding,4,4,41,0.01025
2025-08-21,2,Grindavík/ Njarðvík,Afturelding,4,5,10,0.0025
2025-08-21,2,Grindavík/ Njarðvík,Afturelding,4,6,6,0.0015
2025-08-21,2,Grindavík/ Njarðvík,Afturelding,4,7,3,7.5e-4
2025-08-21,2,Grindavík/ Njarðvík,Afturelding,4,9,2,5e-4
2025-08-21,2,Grindavík/ Njarðvík,Afturelding,5,0,105,0.02625
2025-08-21,2,Grindavík/ Njarðvík,Afturelding,5,1,161,0.04025
2025-08-21,2,Grindavík/ Njarðvík,Afturelding,5,2,135,0.03375
2025-08-21,2,Grindavík/ Njarðvík,Afturelding,5,3,75,0.01875
2025-08-21,2,Grindavík/ Njarðvík,Afturelding,5,4,36,0.009
2025-08-21,2,Grindavík/ Njarðvík,Afturelding,5,5,20,0.005
2025-08-21,2,Grindavík/ Njarðvík,Afturelding,5,6,7,0.00175
2025-08-21,2,Grindavík/ Njarðvík,Afturelding,5,7,1,2.5e-4
2025-08-21,2,Grindavík/ Njarðvík,Afturelding,6,0,85,0.02125
2025-08-21,2,Grindavík/ Njarðvík,Afturelding,6,1,160,0.04
2025-08-21,2,Grindavík/ Njarðvík,Afturelding,6,2,100,0.025
2025-08-21,2,Grindavík/ Njarðvík,Afturelding,6,3,80,0.02
2025-08-21,2,Grindavík/ Njarðvík,Afturelding,6,4,30,0.0075
2025-08-21,2,Grindavík/ Njarðvík,Afturelding,6,5,21,0.00525
2025-08-21,2,Grindavík/ Njarðvík,Afturelding,6,6,14,0.0035
2025-08-21,2,Grindavík/ Njarðvík,Afturelding,6,7,4,0.001
2025-08-21,2,Grindavík/ Njarðvík,Afturelding,7,0,80,0.02
2025-08-21,2,Grindavík/ Njarðvík,Afturelding,7,1,128,0.032
2025-08-21,2,Grindavík/ Njarðvík,Afturelding,7,2,102,0.0255
2025-08-21,2,Grindavík/ Njarðvík,Afturelding,7,3,64,0.016
2025-08-21,2,Grindavík/ Njarðvík,Afturelding,7,4,28,0.007
2025-08-21,2,Grindavík/ Njarðvík,Afturelding,7,5,13,0.00325
2025-08-21,2,Grindavík/ Njarðvík,Afturelding,7,6,3,7.5e-4
2025-08-21,2,Grindavík/ Njarðvík,Afturelding,7,7,2,5e-4
2025-08-21,2,Grindavík/ Njarðvík,Afturelding,8,0,52,0.013
2025-08-21,2,Grindavík/ Njarðvík,Afturelding,8,1,84,0.021
2025-08-21,2,Grindavík/ Njarðvík,Afturelding,8,2,72,0.018
2025-08-21,2,Grindavík/ Njarðvík,Afturelding,8,3,47,0.01175
2025-08-21,2,Grindavík/ Njarðvík,Afturelding,8,4,31,0.00775
2025-08-21,2,Grindavík/ Njarðvík,Afturelding,8,5,13,0.00325
2025-08-21,2,Grindavík/ Njarðvík,Afturelding,8,6,4,0.001
2025-08-21,2,Grindavík/ Njarðvík,Afturelding,8,7,1,2.5e-4
2025-08-21,2,Grindavík/ Njarðvík,Afturelding,8,8,1,2.5e-4
2025-08-21,2,Grindavík/ Njarðvík,Afturelding,8,9,1,2.5e-4
2025-08-21,2,Grindavík/ Njarðvík,Afturelding,9,0,39,0.00975
2025-08-21,2,Grindavík/ Njarðvík,Afturelding,9,1,68,0.017
2025-08-21,2,Grindavík/ Njarðvík,Afturelding,9,2,61,0.01525
2025-08-21,2,Grindavík/ Njarðvík,Afturelding,9,3,30,0.0075
2025-08-21,2,Grindavík/ Njarðvík,Afturelding,9,4,19,0.00475
2025-08-21,2,Grindavík/ Njarðvík,Afturelding,9,5,10,0.0025
2025-08-21,2,Grindavík/ Njarðvík,Afturelding,9,6,2,5e-4
2025-08-21,2,Grindavík/ Njarðvík,Afturelding,9,7,1,2.5e-4
2025-08-21,2,Grindavík/ Njarðvík,Afturelding,9,9,1,2.5e-4
2025-08-21,2,Grindavík/ Njarðvík,Afturelding,10,0,27,0.00675
2025-08-21,2,Grindavík/ Njarðvík,Afturelding,10,1,47,0.01175
2025-08-21,2,Grindavík/ Njarðvík,Afturelding,10,2,49,0.01225
2025-08-21,2,Grindavík/ Njarðvík,Afturelding,10,3,22,0.0055
2025-08-21,2,Grindavík/ Njarðvík,Afturelding,10,4,16,0.004
2025-08-21,2,Grindavík/ Njarðvík,Afturelding,10,5,3,7.5e-4
2025-08-21,2,Grindavík/ Njarðvík,Afturelding,10,6,1,2.5e-4
2025-08-21,2,Grindavík/ Njarðvík,Afturelding,10,7,1,2.5e-4
2025-08-21,2,Grindavík/ Njarðvík,Afturelding,10,8,1,2.5e-4
2025-08-21,2,Grindavík/ Njarðvík,Afturelding,10,10,2,5e-4
2025-08-21,2,Grindavík/ Njarðvík,Afturelding,11,0,19,0.00475
2025-08-21,2,Grindavík/ Njarðvík,Afturelding,11,1,44,0.011
2025-08-21,2,Grindavík/ Njarðvík,Afturelding,11,2,25,0.00625
2025-08-21,2,Grindavík/ Njarðvík,Afturelding,11,3,23,0.00575
2025-08-21,2,Grindavík/ Njarðvík,Afturelding,11,4,11,0.00275
2025-08-21,2,Grindavík/ Njarðvík,Afturelding,11,5,5,0.00125
2025-08-21,2,Grindavík/ Njarðvík,Afturelding,11,6,2,5e-4
2025-08-21,2,Grindavík/ Njarðvík,Afturelding,12,0,12,0.003
2025-08-21,2,Grindavík/ Njarðvík,Afturelding,12,1,25,0.00625
2025-08-21,2,Grindavík/ Njarðvík,Afturelding,12,2,20,0.005
2025-08-21,2,Grindavík/ Njarðvík,Afturelding,12,3,11,0.00275
2025-08-21,2,Grindavík/ Njarðvík,Afturelding,12,4,3,7.5e-4
2025-08-21,2,Grindavík/ Njarðvík,Afturelding,12,5,4,0.001
2025-08-21,2,Grindavík/ Njarðvík,Afturelding,13,0,7,0.00175
2025-08-21,2,Grindavík/ Njarðvík,Afturelding,13,1,18,0.0045
2025-08-21,2,Grindavík/ Njarðvík,Afturelding,13,2,15,0.00375
2025-08-21,2,Grindavík/ Njarðvík,Afturelding,13,3,9,0.00225
2025-08-21,2,Grindavík/ Njarðvík,Afturelding,13,4,5,0.00125
2025-08-21,2,Grindavík/ Njarðvík,Afturelding,13,5,1,2.5e-4
2025-08-21,2,Grindavík/ Njarðvík,Afturelding,13,6,1,2.5e-4
2025-08-21,2,Grindavík/ Njarðvík,Afturelding,13,8,1,2.5e-4
2025-08-21,2,Grindavík/ Njarðvík,Afturelding,14,0,7,0.00175
2025-08-21,2,Grindavík/ Njarðvík,Afturelding,14,1,12,0.003
2025-08-21,2,Grindavík/ Njarðvík,Afturelding,14,2,8,0.002
2025-08-21,2,Grindavík/ Njarðvík,Afturelding,14,3,4,0.001
2025-08-21,2,Grindavík/ Njarðvík,Afturelding,14,4,8,0.002
2025-08-21,2,Grindavík/ Njarðvík,Afturelding,14,5,1,2.5e-4
2025-08-21,2,Grindavík/ Njarðvík,Afturelding,15,0,1,2.5e-4
2025-08-21,2,Grindavík/ Njarðvík,Afturelding,15,1,5,0.00125
2025-08-21,2,Grindavík/ Njarðvík,Afturelding,15,2,8,0.002
2025-08-21,2,Grindavík/ Njarðvík,Afturelding,15,3,6,0.0015
2025-08-21,2,Grindavík/ Njarðvík,Afturelding,15,4,1,2.5e-4
2025-08-21,2,Grindavík/ Njarðvík,Afturelding,15,5,1,2.5e-4
2025-08-21,2,Grindavík/ Njarðvík,Afturelding,16,0,6,0.0015
2025-08-21,2,Grindavík/ Njarðvík,Afturelding,16,1,7,0.00175
2025-08-21,2,Grindavík/ Njarðvík,Afturelding,16,2,4,0.001
2025-08-21,2,Grindavík/ Njarðvík,Afturelding,16,4,2,5e-4
2025-08-21,2,Grindavík/ Njarðvík,Afturelding,16,5,1,2.5e-4
2025-08-21,2,Grindavík/ Njarðvík,Afturelding,16,6,2,5e-4
2025-08-21,2,Grindavík/ Njarðvík,Afturelding,16,8,1,2.5e-4
2025-08-21,2,Grindavík/ Njarðvík,Afturelding,17,0,5,0.00125
2025-08-21,2,Grindavík/ Njarðvík,Afturelding,17,2,2,5e-4
2025-08-21,2,Grindavík/ Njarðvík,Afturelding,17,3,3,7.5e-4
2025-08-21,2,Grindavík/ Njarðvík,Afturelding,17,5,2,5e-4
2025-08-21,2,Grindavík/ Njarðvík,Afturelding,18,0,2,5e-4
2025-08-21,2,Grindavík/ Njarðvík,Afturelding,18,1,3,7.5e-4
2025-08-21,2,Grindavík/ Njarðvík,Afturelding,18,2,1,2.5e-4
2025-08-21,2,Grindavík/ Njarðvík,Afturelding,18,3,2,5e-4
2025-08-21,2,Grindavík/ Njarðvík,Afturelding,18,4,2,5e-4
2025-08-21,2,Grindavík/ Njarðvík,Afturelding,19,2,2,5e-4
2025-08-21,2,Grindavík/ Njarðvík,Afturelding,19,3,2,5e-4
2025-08-21,2,Grindavík/ Njarðvík,Afturelding,19,5,1,2.5e-4
2025-08-21,2,Grindavík/ Njarðvík,Afturelding,21,2,3,7.5e-4
2025-08-21,2,Grindavík/ Njarðvík,Afturelding,22,2,1,2.5e-4
2025-08-21,2,Grindavík/ Njarðvík,Afturelding,22,3,1,2.5e-4
2025-08-21,2,Grindavík/ Njarðvík,Afturelding,24,2,1,2.5e-4
2025-08-21,2,Grindavík/ Njarðvík,Afturelding,25,2,1,2.5e-4
2025-08-21,2,Grindavík/ Njarðvík,Afturelding,29,0,1,2.5e-4
2025-08-21,2,Grótta,KR,0,0,91,0.02275
2025-08-21,2,Grótta,KR,0,1,93,0.02325
2025-08-21,2,Grótta,KR,0,2,87,0.02175
2025-08-21,2,Grótta,KR,0,3,46,0.0115
2025-08-21,2,Grótta,KR,0,4,43,0.01075
2025-08-21,2,Grótta,KR,0,5,17,0.00425
2025-08-21,2,Grótta,KR,0,6,4,0.001
2025-08-21,2,Grótta,KR,0,7,1,2.5e-4
2025-08-21,2,Grótta,KR,1,0,156,0.039
2025-08-21,2,Grótta,KR,1,1,246,0.0615
2025-08-21,2,Grótta,KR,1,2,184,0.046
2025-08-21,2,Grótta,KR,1,3,120,0.03
2025-08-21,2,Grótta,KR,1,4,48,0.012
2025-08-21,2,Grótta,KR,1,5,17,0.00425
2025-08-21,2,Grótta,KR,1,6,7,0.00175
2025-08-21,2,Grótta,KR,1,7,2,5e-4
2025-08-21,2,Grótta,KR,1,8,2,5e-4
2025-08-21,2,Grótta,KR,2,0,163,0.04075
2025-08-21,2,Grótta,KR,2,1,266,0.0665
2025-08-21,2,Grótta,KR,2,2,201,0.05025
2025-08-21,2,Grótta,KR,2,3,141,0.03525
2025-08-21,2,Grótta,KR,2,4,72,0.018
2025-08-21,2,Grótta,KR,2,5,35,0.00875
2025-08-21,2,Grótta,KR,2,6,17,0.00425
2025-08-21,2,Grótta,KR,2,7,4,0.001
2025-08-21,2,Grótta,KR,2,8,2,5e-4
2025-08-21,2,Grótta,KR,2,9,3,7.5e-4
2025-08-21,2,Grótta,KR,3,0,140,0.035
2025-08-21,2,Grótta,KR,3,1,207,0.05175
2025-08-21,2,Grótta,KR,3,2,204,0.051
2025-08-21,2,Grótta,KR,3,3,119,0.02975
2025-08-21,2,Grótta,KR,3,4,58,0.0145
2025-08-21,2,Grótta,KR,3,5,27,0.00675
2025-08-21,2,Grótta,KR,3,6,8,0.002
2025-08-21,2,Grótta,KR,3,7,2,5e-4
2025-08-21,2,Grótta,KR,3,9,1,2.5e-4
2025-08-21,2,Grótta,KR,4,0,82,0.0205
2025-08-21,2,Grótta,KR,4,1,137,0.03425
2025-08-21,2,Grótta,KR,4,2,123,0.03075
2025-08-21,2,Grótta,KR,4,3,81,0.02025
2025-08-21,2,Grótta,KR,4,4,47,0.01175
2025-08-21,2,Grótta,KR,4,5,29,0.00725
2025-08-21,2,Grótta,KR,4,6,8,0.002
2025-08-21,2,Grótta,KR,4,7,3,7.5e-4
2025-08-21,2,Grótta,KR,4,8,1,2.5e-4
2025-08-21,2,Grótta,KR,4,10,1,2.5e-4
2025-08-21,2,Grótta,KR,5,0,49,0.01225
2025-08-21,2,Grótta,KR,5,1,89,0.02225
2025-08-21,2,Grótta,KR,5,2,72,0.018
2025-08-21,2,Grótta,KR,5,3,54,0.0135
2025-08-21,2,Grótta,KR,5,4,29,0.00725
2025-08-21,2,Grótta,KR,5,5,20,0.005
2025-08-21,2,Grótta,KR,5,6,6,0.0015
2025-08-21,2,Grótta,KR,5,7,2,5e-4
2025-08-21,2,Grótta,KR,5,9,1,2.5e-4
2025-08-21,2,Grótta,KR,6,0,28,0.007
2025-08-21,2,Grótta,KR,6,1,50,0.0125
2025-08-21,2,Grótta,KR,6,2,42,0.0105
2025-08-21,2,Grótta,KR,6,3,26,0.0065
2025-08-21,2,Grótta,KR,6,4,12,0.003
2025-08-21,2,Grótta,KR,6,5,10,0.0025
2025-08-21,2,Grótta,KR,6,6,2,5e-4
2025-08-21,2,Grótta,KR,7,0,13,0.00325
2025-08-21,2,Grótta,KR,7,1,31,0.00775
2025-08-21,2,Grótta,KR,7,2,27,0.00675
2025-08-21,2,Grótta,KR,7,3,9,0.00225
2025-08-21,2,Grótta,KR,7,4,9,0.00225
2025-08-21,2,Grótta,KR,7,5,2,5e-4
2025-08-21,2,Grótta,KR,7,6,2,5e-4
2025-08-21,2,Grótta,KR,7,7,1,2.5e-4
2025-08-21,2,Grótta,KR,8,0,4,0.001
2025-08-21,2,Grótta,KR,8,1,17,0.00425
2025-08-21,2,Grótta,KR,8,2,8,0.002
2025-08-21,2,Grótta,KR,8,3,8,0.002
2025-08-21,2,Grótta,KR,8,4,3,7.5e-4
2025-08-21,2,Grótta,KR,8,5,3,7.5e-4
2025-08-21,2,Grótta,KR,8,6,2,5e-4
2025-08-21,2,Grótta,KR,9,0,3,7.5e-4
2025-08-21,2,Grótta,KR,9,1,5,0.00125
2025-08-21,2,Grótta,KR,9,2,2,5e-4
2025-08-21,2,Grótta,KR,9,3,1,2.5e-4
2025-08-21,2,Grótta,KR,9,5,1,2.5e-4
2025-08-21,2,Grótta,KR,10,0,2,5e-4
2025-08-21,2,Grótta,KR,10,1,2,5e-4
2025-08-21,2,Grótta,KR,10,2,1,2.5e-4
2025-08-21,2,Grótta,KR,10,3,2,5e-4
2025-08-21,2,Grótta,KR,11,1,1,2.5e-4
2025-08-21,2,Grótta,KR,11,4,1,2.5e-4
2025-08-21,2,Grótta,KR,13,1,1,2.5e-4
2025-08-21,2,Grótta,KR,13,2,1,2.5e-4
2025-08-21,2,ÍA,Haukar,0,0,62,0.0155
2025-08-21,2,ÍA,Haukar,0,1,79,0.01975
2025-08-21,2,ÍA,Haukar,0,2,37,0.00925
2025-08-21,2,ÍA,Haukar,0,3,9,0.00225
2025-08-21,2,ÍA,Haukar,0,4,4,0.001
2025-08-21,2,ÍA,Haukar,0,5,6,0.0015
2025-08-21,2,ÍA,Haukar,0,6,1,2.5e-4
2025-08-21,2,ÍA,Haukar,0,7,1,2.5e-4
2025-08-21,2,ÍA,Haukar,1,0,149,0.03725
2025-08-21,2,ÍA,Haukar,1,1,168,0.042
2025-08-21,2,ÍA,Haukar,1,2,109,0.02725
2025-08-21,2,ÍA,Haukar,1,3,45,0.01125
2025-08-21,2,ÍA,Haukar,1,4,20,0.005
2025-08-21,2,ÍA,Haukar,1,5,5,0.00125
2025-08-21,2,ÍA,Haukar,1,6,2,5e-4
2025-08-21,2,ÍA,Haukar,1,7,1,2.5e-4
2025-08-21,2,ÍA,Haukar,1,9,1,2.5e-4
2025-08-21,2,ÍA,Haukar,2,0,209,0.05225
2025-08-21,2,ÍA,Haukar,2,1,217,0.05425
2025-08-21,2,ÍA,Haukar,2,2,164,0.041
2025-08-21,2,ÍA,Haukar,2,3,59,0.01475
2025-08-21,2,ÍA,Haukar,2,4,23,0.00575
2025-08-21,2,ÍA,Haukar,2,5,14,0.0035
2025-08-21,2,ÍA,Haukar,2,6,5,0.00125
2025-08-21,2,ÍA,Haukar,2,9,1,2.5e-4
2025-08-21,2,ÍA,Haukar,3,0,242,0.0605
2025-08-21,2,ÍA,Haukar,3,1,236,0.059
2025-08-21,2,ÍA,Haukar,3,2,158,0.0395
2025-08-21,2,ÍA,Haukar,3,3,74,0.0185
2025-08-21,2,ÍA,Haukar,3,4,25,0.00625
2025-08-21,2,ÍA,Haukar,3,5,7,0.00175
2025-08-21,2,ÍA,Haukar,3,7,3,7.5e-4
2025-08-21,2,ÍA,Haukar,4,0,200,0.05
2025-08-21,2,ÍA,Haukar,4,1,225,0.05625
2025-08-21,2,ÍA,Haukar,4,2,138,0.0345
2025-08-21,2,ÍA,Haukar,4,3,63,0.01575
2025-08-21,2,ÍA,Haukar,4,4,28,0.007
2025-08-21,2,ÍA,Haukar,4,5,10,0.0025
2025-08-21,2,ÍA,Haukar,4,6,3,7.5e-4
2025-08-21,2,ÍA,Haukar,5,0,139,0.03475
2025-08-21,2,ÍA,Haukar,5,1,161,0.04025
2025-08-21,2,ÍA,Haukar,5,2,113,0.02825
2025-08-21,2,ÍA,Haukar,5,3,53,0.01325
2025-08-21,2,ÍA,Haukar,5,4,17,0.00425
2025-08-21,2,ÍA,Haukar,5,5,12,0.003
2025-08-21,2,ÍA,Haukar,5,6,4,0.001
2025-08-21,2,ÍA,Haukar,5,9,1,2.5e-4
2025-08-21,2,ÍA,Haukar,6,0,93,0.02325
2025-08-21,2,ÍA,Haukar,6,1,109,0.02725
2025-08-21,2,ÍA,Haukar,6,2,62,0.0155
2025-08-21,2,ÍA,Haukar,6,3,35,0.00875
2025-08-21,2,ÍA,Haukar,6,4,11,0.00275
2025-08-21,2,ÍA,Haukar,6,5,8,0.002
2025-08-21,2,ÍA,Haukar,6,6,2,5e-4
2025-08-21,2,ÍA,Haukar,7,0,48,0.012
2025-08-21,2,ÍA,Haukar,7,1,46,0.0115
2025-08-21,2,ÍA,Haukar,7,2,45,0.01125
2025-08-21,2,ÍA,Haukar,7,3,17,0.00425
2025-08-21,2,ÍA,Haukar,7,4,5,0.00125
2025-08-21,2,ÍA,Haukar,7,5,4,0.001
2025-08-21,2,ÍA,Haukar,8,0,19,0.00475
2025-08-21,2,ÍA,Haukar,8,1,45,0.01125
2025-08-21,2,ÍA,Haukar,8,2,20,0.005
2025-08-21,2,ÍA,Haukar,8,3,12,0.003
2025-08-21,2,ÍA,Haukar,8,4,6,0.0015
2025-08-21,2,ÍA,Haukar,8,5,1,2.5e-4
2025-08-21,2,ÍA,Haukar,8,6,1,2.5e-4
2025-08-21,2,ÍA,Haukar,9,0,14,0.0035
2025-08-21,2,ÍA,Haukar,9,1,10,0.0025
2025-08-21,2,ÍA,Haukar,9,2,14,0.0035
2025-08-21,2,ÍA,Haukar,9,3,8,0.002
2025-08-21,2,ÍA,Haukar,9,4,1,2.5e-4
2025-08-21,2,ÍA,Haukar,9,5,4,0.001
2025-08-21,2,ÍA,Haukar,10,0,8,0.002
2025-08-21,2,ÍA,Haukar,10,1,10,0.0025
2025-08-21,2,ÍA,Haukar,10,2,10,0.0025
2025-08-21,2,ÍA,Haukar,10,3,3,7.5e-4
2025-08-21,2,ÍA,Haukar,10,6,1,2.5e-4
2025-08-21,2,ÍA,Haukar,11,0,2,5e-4
2025-08-21,2,ÍA,Haukar,11,1,5,0.00125
2025-08-21,2,ÍA,Haukar,11,2,2,5e-4
2025-08-21,2,ÍA,Haukar,11,4,1,2.5e-4
2025-08-21,2,ÍA,Haukar,11,5,1,2.5e-4
2025-08-21,2,ÍA,Haukar,12,0,4,0.001
2025-08-21,2,ÍA,Haukar,12,1,2,5e-4
2025-08-21,2,ÍA,Haukar,12,2,1,2.5e-4
2025-08-21,2,ÍA,Haukar,12,5,1,2.5e-4
2025-08-21,2,ÍA,Haukar,13,0,1,2.5e-4
2025-08-21,2,ÍA,Haukar,13,1,2,5e-4
2025-08-21,2,ÍA,Haukar,14,2,1,2.5e-4
2025-08-21,2,ÍA,Haukar,15,2,1,2.5e-4
2025-08-21,2,ÍA,Haukar,18,0,1,2.5e-4
2025-08-21,2,ÍBV,HK,0,0,167,0.04175
2025-08-21,2,ÍBV,HK,0,1,146,0.0365
2025-08-21,2,ÍBV,HK,0,2,158,0.0395
2025-08-21,2,ÍBV,HK,0,3,94,0.0235
2025-08-21,2,ÍBV,HK,0,4,49,0.01225
2025-08-21,2,ÍBV,HK,0,5,20,0.005
2025-08-21,2,ÍBV,HK,0,6,7,0.00175
2025-08-21,2,ÍBV,HK,0,7,2,5e-4
2025-08-21,2,ÍBV,HK,1,0,201,0.05025
2025-08-21,2,ÍBV,HK,1,1,340,0.085
2025-08-21,2,ÍBV,HK,1,2,236,0.059
2025-08-21,2,ÍBV,HK,1,3,157,0.03925
2025-08-21,2,ÍBV,HK,1,4,92,0.023
2025-08-21,2,ÍBV,HK,1,5,30,0.0075
2025-08-21,2,ÍBV,HK,1,6,17,0.00425
2025-08-21,2,ÍBV,HK,1,7,6,0.0015
2025-08-21,2,ÍBV,HK,1,8,3,7.5e-4
2025-08-21,2,ÍBV,HK,2,0,200,0.05
2025-08-21,2,ÍBV,HK,2,1,273,0.06825
2025-08-21,2,ÍBV,HK,2,2,228,0.057
2025-08-21,2,ÍBV,HK,2,3,145,0.03625
2025-08-21,2,ÍBV,HK,2,4,90,0.0225
2025-08-21,2,ÍBV,HK,2,5,30,0.0075
2025-08-21,2,ÍBV,HK,2,6,16,0.004
2025-08-21,2,ÍBV,HK,2,7,2,5e-4
2025-08-21,2,ÍBV,HK,2,8,2,5e-4
2025-08-21,2,ÍBV,HK,2,9,1,2.5e-4
2025-08-21,2,ÍBV,HK,3,0,109,0.02725
2025-08-21,2,ÍBV,HK,3,1,217,0.05425
2025-08-21,2,ÍBV,HK,3,2,155,0.03875
2025-08-21,2,ÍBV,HK,3,3,107,0.02675
2025-08-21,2,ÍBV,HK,3,4,52,0.013
2025-08-21,2,ÍBV,HK,3,5,18,0.0045
2025-08-21,2,ÍBV,HK,3,6,11,0.00275
2025-08-21,2,ÍBV,HK,3,7,1,2.5e-4
2025-08-21,2,ÍBV,HK,3,8,2,5e-4
2025-08-21,2,ÍBV,HK,4,0,55,0.01375
2025-08-21,2,ÍBV,HK,4,1,89,0.02225
2025-08-21,2,ÍBV,HK,4,2,80,0.02
2025-08-21,2,ÍBV,HK,4,3,53,0.01325
2025-08-21,2,ÍBV,HK,4,4,35,0.00875
2025-08-21,2,ÍBV,HK,4,5,12,0.003
2025-08-21,2,ÍBV,HK,4,6,4,0.001
2025-08-21,2,ÍBV,HK,4,7,3,7.5e-4
2025-08-21,2,ÍBV,HK,4,8,1,2.5e-4
2025-08-21,2,ÍBV,HK,5,0,31,0.00775
2025-08-21,2,ÍBV,HK,5,1,45,0.01125
2025-08-21,2,ÍBV,HK,5,2,44,0.011
2025-08-21,2,ÍBV,HK,5,3,33,0.00825
2025-08-21,2,ÍBV,HK,5,4,9,0.00225
2025-08-21,2,ÍBV,HK,5,5,18,0.0045
2025-08-21,2,ÍBV,HK,5,6,8,0.002
2025-08-21,2,ÍBV,HK,6,0,6,0.0015
2025-08-21,2,ÍBV,HK,6,1,11,0.00275
2025-08-21,2,ÍBV,HK,6,2,14,0.0035
2025-08-21,2,ÍBV,HK,6,3,17,0.00425
2025-08-21,2,ÍBV,HK,6,4,12,0.003
2025-08-21,2,ÍBV,HK,6,5,3,7.5e-4
2025-08-21,2,ÍBV,HK,6,7,1,2.5e-4
2025-08-21,2,ÍBV,HK,7,0,4,0.001
2025-08-21,2,ÍBV,HK,7,1,8,0.002
2025-08-21,2,ÍBV,HK,7,2,3,7.5e-4
2025-08-21,2,ÍBV,HK,7,3,2,5e-4
2025-08-21,2,ÍBV,HK,7,4,4,0.001
2025-08-21,2,ÍBV,HK,7,5,1,2.5e-4
2025-08-21,2,ÍBV,HK,8,0,1,2.5e-4
2025-08-21,2,ÍBV,HK,8,1,1,2.5e-4
2025-08-21,2,ÍBV,HK,8,2,1,2.5e-4
2025-08-21,2,ÍBV,HK,8,3,1,2.5e-4
2025-08-21,2,ÍBV,HK,8,4,3,7.5e-4
2025-08-21,2,ÍBV,HK,8,6,1,2.5e-4
2025-08-21,2,ÍBV,HK,9,5,1,2.5e-4
2025-08-21,2,ÍBV,HK,10,3,1,2.5e-4
2025-08-22,1,Breiðablik,Tindastóll,0,0,21,0.00525
2025-08-22,1,Breiðablik,Tindastóll,0,1,6,0.0015
2025-08-22,1,Breiðablik,Tindastóll,0,2,3,7.5e-4
2025-08-22,1,Breiðablik,Tindastóll,1,0,59,0.01475
2025-08-22,1,Breiðablik,Tindastóll,1,1,40,0.01
2025-08-22,1,Breiðablik,Tindastóll,1,2,8,0.002
2025-08-22,1,Breiðablik,Tindastóll,1,3,7,0.00175
2025-08-22,1,Breiðablik,Tindastóll,1,4,1,2.5e-4
2025-08-22,1,Breiðablik,Tindastóll,2,0,155,0.03875
2025-08-22,1,Breiðablik,Tindastóll,2,1,96,0.024
2025-08-22,1,Breiðablik,Tindastóll,2,2,24,0.006
2025-08-22,1,Breiðablik,Tindastóll,2,3,4,0.001
2025-08-22,1,Breiðablik,Tindastóll,2,4,2,5e-4
2025-08-22,1,Breiðablik,Tindastóll,3,0,242,0.0605
2025-08-22,1,Breiðablik,Tindastóll,3,1,104,0.026
2025-08-22,1,Breiðablik,Tindastóll,3,2,30,0.0075
2025-08-22,1,Breiðablik,Tindastóll,3,3,4,0.001
2025-08-22,1,Breiðablik,Tindastóll,3,4,2,5e-4
2025-08-22,1,Breiðablik,Tindastóll,4,0,326,0.0815
2025-08-22,1,Breiðablik,Tindastóll,4,1,153,0.03825
2025-08-22,1,Breiðablik,Tindastóll,4,2,40,0.01
2025-08-22,1,Breiðablik,Tindastóll,4,3,7,0.00175
2025-08-22,1,Breiðablik,Tindastóll,4,4,3,7.5e-4
2025-08-22,1,Breiðablik,Tindastóll,4,5,2,5e-4
2025-08-22,1,Breiðablik,Tindastóll,5,0,335,0.08375
2025-08-22,1,Breiðablik,Tindastóll,5,1,152,0.038
2025-08-22,1,Breiðablik,Tindastóll,5,2,42,0.0105
2025-08-22,1,Breiðablik,Tindastóll,5,3,15,0.00375
2025-08-22,1,Breiðablik,Tindastóll,5,4,2,5e-4
2025-08-22,1,Breiðablik,Tindastóll,6,0,314,0.0785
2025-08-22,1,Breiðablik,Tindastóll,6,1,143,0.03575
2025-08-22,1,Breiðablik,Tindastóll,6,2,34,0.0085
2025-08-22,1,Breiðablik,Tindastóll,6,3,8,0.002
2025-08-22,1,Breiðablik,Tindastóll,6,4,2,5e-4
2025-08-22,1,Breiðablik,Tindastóll,7,0,252,0.063
2025-08-22,1,Breiðablik,Tindastóll,7,1,131,0.03275
2025-08-22,1,Breiðablik,Tindastóll,7,2,37,0.00925
2025-08-22,1,Breiðablik,Tindastóll,7,3,5,0.00125
2025-08-22,1,Breiðablik,Tindastóll,7,4,1,2.5e-4
2025-08-22,1,Breiðablik,Tindastóll,8,0,249,0.06225
2025-08-22,1,Breiðablik,Tindastóll,8,1,102,0.0255
2025-08-22,1,Breiðablik,Tindastóll,8,2,23,0.00575
2025-08-22,1,Breiðablik,Tindastóll,8,3,7,0.00175
2025-08-22,1,Breiðablik,Tindastóll,8,4,1,2.5e-4
2025-08-22,1,Breiðablik,Tindastóll,9,0,159,0.03975
2025-08-22,1,Breiðablik,Tindastóll,9,1,66,0.0165
2025-08-22,1,Breiðablik,Tindastóll,9,2,22,0.0055
2025-08-22,1,Breiðablik,Tindastóll,9,3,3,7.5e-4
2025-08-22,1,Breiðablik,Tindastóll,9,4,1,2.5e-4
2025-08-22,1,Breiðablik,Tindastóll,9,5,2,5e-4
2025-08-22,1,Breiðablik,Tindastóll,10,0,109,0.02725
2025-08-22,1,Breiðablik,Tindastóll,10,1,65,0.01625
2025-08-22,1,Breiðablik,Tindastóll,10,2,11,0.00275
2025-08-22,1,Breiðablik,Tindastóll,10,3,3,7.5e-4
2025-08-22,1,Breiðablik,Tindastóll,11,0,84,0.021
2025-08-22,1,Breiðablik,Tindastóll,11,1,43,0.01075
2025-08-22,1,Breiðablik,Tindastóll,11,2,11,0.00275
2025-08-22,1,Breiðablik,Tindastóll,11,3,1,2.5e-4
2025-08-22,1,Breiðablik,Tindastóll,12,0,66,0.0165
2025-08-22,1,Breiðablik,Tindastóll,12,1,22,0.0055
2025-08-22,1,Breiðablik,Tindastóll,12,2,8,0.002
2025-08-22,1,Breiðablik,Tindastóll,12,3,2,5e-4
2025-08-22,1,Breiðablik,Tindastóll,13,0,41,0.01025
2025-08-22,1,Breiðablik,Tindastóll,13,1,22,0.0055
2025-08-22,1,Breiðablik,Tindastóll,13,2,6,0.0015
2025-08-22,1,Breiðablik,Tindastóll,13,4,1,2.5e-4
2025-08-22,1,Breiðablik,Tindastóll,14,0,10,0.0025
2025-08-22,1,Breiðablik,Tindastóll,14,1,9,0.00225
2025-08-22,1,Breiðablik,Tindastóll,14,2,1,2.5e-4
2025-08-22,1,Breiðablik,Tindastóll,15,0,6,0.0015
2025-08-22,1,Breiðablik,Tindastóll,15,1,4,0.001
2025-08-22,1,Breiðablik,Tindastóll,15,2,1,2.5e-4
2025-08-22,1,Breiðablik,Tindastóll,16,0,10,0.0025
2025-08-22,1,Breiðablik,Tindastóll,16,1,2,5e-4
2025-08-22,1,Breiðablik,Tindastóll,16,3,2,5e-4
2025-08-22,1,Breiðablik,Tindastóll,17,0,4,0.001
2025-08-22,1,Breiðablik,Tindastóll,18,0,4,0.001
2025-08-22,1,Breiðablik,Tindastóll,19,0,1,2.5e-4
2025-08-22,1,Breiðablik,Tindastóll,20,0,2,5e-4
2025-08-22,1,Breiðablik,Tindastóll,21,1,1,2.5e-4
2025-08-22,1,Breiðablik,Tindastóll,22,1,1,2.5e-4
2025-08-28,1,FH,Þróttur R.,0,0,231,0.05775
2025-08-28,1,FH,Þróttur R.,0,1,345,0.08625
2025-08-28,1,FH,Þróttur R.,0,2,242,0.0605
2025-08-28,1,FH,Þróttur R.,0,3,152,0.038
2025-08-28,1,FH,Þróttur R.,0,4,58,0.0145
2025-08-28,1,FH,Þróttur R.,0,5,32,0.008
2025-08-28,1,FH,Þróttur R.,0,6,13,0.00325
2025-08-28,1,FH,Þróttur R.,0,7,3,7.5e-4
2025-08-28,1,FH,Þróttur R.,1,0,261,0.06525
2025-08-28,1,FH,Þróttur R.,1,1,414,0.1035
2025-08-28,1,FH,Þróttur R.,1,2,332,0.083
2025-08-28,1,FH,Þróttur R.,1,3,179,0.04475
2025-08-28,1,FH,Þróttur R.,1,4,73,0.01825
2025-08-28,1,FH,Þróttur R.,1,5,35,0.00875
2025-08-28,1,FH,Þróttur R.,1,6,8,0.002
2025-08-28,1,FH,Þróttur R.,1,7,4,0.001
2025-08-28,1,FH,Þróttur R.,2,0,169,0.04225
2025-08-28,1,FH,Þróttur R.,2,1,259,0.06475
2025-08-28,1,FH,Þróttur R.,2,2,197,0.04925
2025-08-28,1,FH,Þróttur R.,2,3,133,0.03325
2025-08-28,1,FH,Þróttur R.,2,4,74,0.0185
2025-08-28,1,FH,Þróttur R.,2,5,35,0.00875
2025-08-28,1,FH,Þróttur R.,2,6,12,0.003
2025-08-28,1,FH,Þróttur R.,2,7,4,0.001
2025-08-28,1,FH,Þróttur R.,3,0,87,0.02175
2025-08-28,1,FH,Þróttur R.,3,1,130,0.0325
2025-08-28,1,FH,Þróttur R.,3,2,111,0.02775
2025-08-28,1,FH,Þróttur R.,3,3,74,0.0185
2025-08-28,1,FH,Þróttur R.,3,4,29,0.00725
2025-08-28,1,FH,Þróttur R.,3,5,18,0.0045
2025-08-28,1,FH,Þróttur R.,3,6,2,5e-4
2025-08-28,1,FH,Þróttur R.,3,7,3,7.5e-4
2025-08-28,1,FH,Þróttur R.,3,8,1,2.5e-4
2025-08-28,1,FH,Þróttur R.,4,0,41,0.01025
2025-08-28,1,FH,Þróttur R.,4,1,58,0.0145
2025-08-28,1,FH,Þróttur R.,4,2,28,0.007
2025-08-28,1,FH,Þróttur R.,4,3,35,0.00875
2025-08-28,1,FH,Þróttur R.,4,4,15,0.00375
2025-08-28,1,FH,Þróttur R.,4,5,3,7.5e-4
2025-08-28,1,FH,Þróttur R.,4,6,4,0.001
2025-08-28,1,FH,Þróttur R.,4,7,1,2.5e-4
2025-08-28,1,FH,Þróttur R.,5,0,10,0.0025
2025-08-28,1,FH,Þróttur R.,5,1,23,0.00575
2025-08-28,1,FH,Þróttur R.,5,2,12,0.003
2025-08-28,1,FH,Þróttur R.,5,3,3,7.5e-4
2025-08-28,1,FH,Þróttur R.,5,4,6,0.0015
2025-08-28,1,FH,Þróttur R.,5,5,3,7.5e-4
2025-08-28,1,FH,Þróttur R.,6,0,5,0.00125
2025-08-28,1,FH,Þróttur R.,6,1,8,0.002
2025-08-28,1,FH,Þróttur R.,6,2,8,0.002
2025-08-28,1,FH,Þróttur R.,6,3,3,7.5e-4
2025-08-28,1,FH,Þróttur R.,6,4,2,5e-4
2025-08-28,1,FH,Þróttur R.,7,0,2,5e-4
2025-08-28,1,FH,Þróttur R.,7,1,2,5e-4
2025-08-28,1,FH,Þróttur R.,7,2,3,7.5e-4
2025-08-28,1,FH,Þróttur R.,8,0,1,2.5e-4
2025-08-28,1,FH,Þróttur R.,8,2,2,5e-4
2025-08-28,1,FH,Þróttur R.,8,5,1,2.5e-4
2025-08-28,1,FH,Þróttur R.,10,1,1,2.5e-4
2025-08-28,1,Tindastóll,Víkingur R.,0,0,195,0.04875
2025-08-28,1,Tindastóll,Víkingur R.,0,1,219,0.05475
2025-08-28,1,Tindastóll,Víkingur R.,0,2,200,0.05
2025-08-28,1,Tindastóll,Víkingur R.,0,3,143,0.03575
2025-08-28,1,Tindastóll,Víkingur R.,0,4,66,0.0165
2025-08-28,1,Tindastóll,Víkingur R.,0,5,37,0.00925
2025-08-28,1,Tindastóll,Víkingur R.,0,6,6,0.0015
2025-08-28,1,Tindastóll,Víkingur R.,0,7,5,0.00125
2025-08-28,1,Tindastóll,Víkingur R.,0,8,1,2.5e-4
2025-08-28,1,Tindastóll,Víkingur R.,0,9,2,5e-4
2025-08-28,1,Tindastóll,Víkingur R.,1,0,211,0.05275
2025-08-28,1,Tindastóll,Víkingur R.,1,1,376,0.094
2025-08-28,1,Tindastóll,Víkingur R.,1,2,304,0.076
2025-08-28,1,Tindastóll,Víkingur R.,1,3,201,0.05025
2025-08-28,1,Tindastóll,Víkingur R.,1,4,96,0.024
2025-08-28,1,Tindastóll,Víkingur R.,1,5,43,0.01075
2025-08-28,1,Tindastóll,Víkingur R.,1,6,19,0.00475
2025-08-28,1,Tindastóll,Víkingur R.,1,7,3,7.5e-4
2025-08-28,1,Tindastóll,Víkingur R.,1,9,2,5e-4
2025-08-28,1,Tindastóll,Víkingur R.,1,10,1,2.5e-4
2025-08-28,1,Tindastóll,Víkingur R.,2,0,156,0.039
2025-08-28,1,Tindastóll,Víkingur R.,2,1,264,0.066
2025-08-28,1,Tindastóll,Víkingur R.,2,2,221,0.05525
2025-08-28,1,Tindastóll,Víkingur R.,2,3,163,0.04075
2025-08-28,1,Tindastóll,Víkingur R.,2,4,73,0.01825
2025-08-28,1,Tindastóll,Víkingur R.,2,5,31,0.00775
2025-08-28,1,Tindastóll,Víkingur R.,2,6,15,0.00375
2025-08-28,1,Tindastóll,Víkingur R.,2,7,2,5e-4
2025-08-28,1,Tindastóll,Víkingur R.,2,8,1,2.5e-4
2025-08-28,1,Tindastóll,Víkingur R.,2,9,1,2.5e-4
2025-08-28,1,Tindastóll,Víkingur R.,3,0,102,0.0255
2025-08-28,1,Tindastóll,Víkingur R.,3,1,138,0.0345
2025-08-28,1,Tindastóll,Víkingur R.,3,2,137,0.03425
2025-08-28,1,Tindastóll,Víkingur R.,3,3,83,0.02075
2025-08-28,1,Tindastóll,Víkingur R.,3,4,48,0.012
2025-08-28,1,Tindastóll,Víkingur R.,3,5,20,0.005
2025-08-28,1,Tindastóll,Víkingur R.,3,6,8,0.002
2025-08-28,1,Tindastóll,Víkingur R.,3,7,3,7.5e-4
2025-08-28,1,Tindastóll,Víkingur R.,3,8,1,2.5e-4
2025-08-28,1,Tindastóll,Víkingur R.,4,0,39,0.00975
2025-08-28,1,Tindastóll,Víkingur R.,4,1,60,0.015
2025-08-28,1,Tindastóll,Víkingur R.,4,2,65,0.01625
2025-08-28,1,Tindastóll,Víkingur R.,4,3,45,0.01125
2025-08-28,1,Tindastóll,Víkingur R.,4,4,28,0.007
2025-08-28,1,Tindastóll,Víkingur R.,4,5,7,0.00175
2025-08-28,1,Tindastóll,Víkingur R.,4,6,2,5e-4
2025-08-28,1,Tindastóll,Víkingur R.,4,8,1,2.5e-4
2025-08-28,1,Tindastóll,Víkingur R.,5,0,19,0.00475
2025-08-28,1,Tindastóll,Víkingur R.,5,1,36,0.009
2025-08-28,1,Tindastóll,Víkingur R.,5,2,15,0.00375
2025-08-28,1,Tindastóll,Víkingur R.,5,3,15,0.00375
2025-08-28,1,Tindastóll,Víkingur R.,5,4,6,0.0015
2025-08-28,1,Tindastóll,Víkingur R.,5,5,3,7.5e-4
2025-08-28,1,Tindastóll,Víkingur R.,5,6,1,2.5e-4
2025-08-28,1,Tindastóll,Víkingur R.,5,7,1,2.5e-4
2025-08-28,1,Tindastóll,Víkingur R.,6,0,1,2.5e-4
2025-08-28,1,Tindastóll,Víkingur R.,6,1,16,0.004
2025-08-28,1,Tindastóll,Víkingur R.,6,2,12,0.003
2025-08-28,1,Tindastóll,Víkingur R.,6,3,7,0.00175
2025-08-28,1,Tindastóll,Víkingur R.,6,4,6,0.0015
2025-08-28,1,Tindastóll,Víkingur R.,6,5,1,2.5e-4
2025-08-28,1,Tindastóll,Víkingur R.,6,6,1,2.5e-4
2025-08-28,1,Tindastóll,Víkingur R.,7,0,1,2.5e-4
2025-08-28,1,Tindastóll,Víkingur R.,7,2,5,0.00125
2025-08-28,1,Tindastóll,Víkingur R.,7,3,2,5e-4
2025-08-28,1,Tindastóll,Víkingur R.,7,4,1,2.5e-4
2025-08-28,1,Tindastóll,Víkingur R.,7,5,1,2.5e-4
2025-08-28,1,Tindastóll,Víkingur R.,8,5,1,2.5e-4
2025-08-28,1,Tindastóll,Víkingur R.,10,1,1,2.5e-4
2025-08-28,1,Tindastóll,Víkingur R.,10,5,2,5e-4
2025-08-28,1,Tindastóll,Víkingur R.,11,1,1,2.5e-4
2025-08-28,1,Tindastóll,Víkingur R.,11,5,1,2.5e-4
2025-08-30,1,FHL,Stjarnan,0,0,218,0.0545
2025-08-30,1,FHL,Stjarnan,0,1,347,0.08675
2025-08-30,1,FHL,Stjarnan,0,2,355,0.08875
2025-08-30,1,FHL,Stjarnan,0,3,290,0.0725
2025-08-30,1,FHL,Stjarnan,0,4,150,0.0375
2025-08-30,1,FHL,Stjarnan,0,5,82,0.0205
2025-08-30,1,FHL,Stjarnan,0,6,35,0.00875
2025-08-30,1,FHL,Stjarnan,0,7,21,0.00525
2025-08-30,1,FHL,Stjarnan,0,8,13,0.00325
2025-08-30,1,FHL,Stjarnan,0,9,1,2.5e-4
2025-08-30,1,FHL,Stjarnan,1,0,164,0.041
2025-08-30,1,FHL,Stjarnan,1,1,323,0.08075
2025-08-30,1,FHL,Stjarnan,1,2,330,0.0825
2025-08-30,1,FHL,Stjarnan,1,3,247,0.06175
2025-08-30,1,FHL,Stjarnan,1,4,152,0.038
2025-08-30,1,FHL,Stjarnan,1,5,74,0.0185
2025-08-30,1,FHL,Stjarnan,1,6,52,0.013
2025-08-30,1,FHL,Stjarnan,1,7,21,0.00525
2025-08-30,1,FHL,Stjarnan,1,8,5,0.00125
2025-08-30,1,FHL,Stjarnan,1,9,2,5e-4
2025-08-30,1,FHL,Stjarnan,1,12,1,2.5e-4
2025-08-30,1,FHL,Stjarnan,1,13,1,2.5e-4
2025-08-30,1,FHL,Stjarnan,2,0,77,0.01925
2025-08-30,1,FHL,Stjarnan,2,1,166,0.0415
2025-08-30,1,FHL,Stjarnan,2,2,178,0.0445
2025-08-30,1,FHL,Stjarnan,2,3,137,0.03425
2025-08-30,1,FHL,Stjarnan,2,4,79,0.01975
2025-08-30,1,FHL,Stjarnan,2,5,42,0.0105
2025-08-30,1,FHL,Stjarnan,2,6,16,0.004
2025-08-30,1,FHL,Stjarnan,2,7,11,0.00275
2025-08-30,1,FHL,Stjarnan,2,8,4,0.001
2025-08-30,1,FHL,Stjarnan,2,9,2,5e-4
2025-08-30,1,FHL,Stjarnan,3,0,29,0.00725
2025-08-30,1,FHL,Stjarnan,3,1,70,0.0175
2025-08-30,1,FHL,Stjarnan,3,2,58,0.0145
2025-08-30,1,FHL,Stjarnan,3,3,61,0.01525
2025-08-30,1,FHL,Stjarnan,3,4,29,0.00725
2025-08-30,1,FHL,Stjarnan,3,5,8,0.002
2025-08-30,1,FHL,Stjarnan,3,6,13,0.00325
2025-08-30,1,FHL,Stjarnan,3,7,6,0.0015
2025-08-30,1,FHL,Stjarnan,3,8,2,5e-4
2025-08-30,1,FHL,Stjarnan,3,9,1,2.5e-4
2025-08-30,1,FHL,Stjarnan,3,10,1,2.5e-4
2025-08-30,1,FHL,Stjarnan,4,0,7,0.00175
2025-08-30,1,FHL,Stjarnan,4,1,22,0.0055
2025-08-30,1,FHL,Stjarnan,4,2,22,0.0055
2025-08-30,1,FHL,Stjarnan,4,3,14,0.0035
2025-08-30,1,FHL,Stjarnan,4,4,12,0.003
2025-08-30,1,FHL,Stjarnan,4,5,4,0.001
2025-08-30,1,FHL,Stjarnan,4,6,4,0.001
2025-08-30,1,FHL,Stjarnan,4,7,1,2.5e-4
2025-08-30,1,FHL,Stjarnan,5,0,4,0.001
2025-08-30,1,FHL,Stjarnan,5,1,7,0.00175
2025-08-30,1,FHL,Stjarnan,5,2,3,7.5e-4
2025-08-30,1,FHL,Stjarnan,5,3,9,0.00225
2025-08-30,1,FHL,Stjarnan,5,4,2,5e-4
2025-08-30,1,FHL,Stjarnan,5,5,2,5e-4
2025-08-30,1,FHL,Stjarnan,5,6,1,2.5e-4
2025-08-30,1,FHL,Stjarnan,5,8,1,2.5e-4
2025-08-30,1,FHL,Stjarnan,6,1,3,7.5e-4
2025-08-30,1,FHL,Stjarnan,6,2,5,0.00125
2025-08-30,1,FHL,Stjarnan,6,3,1,2.5e-4
2025-08-30,1,FHL,Stjarnan,6,8,1,2.5e-4
2025-08-30,1,FHL,Stjarnan,8,0,1,2.5e-4
2025-08-30,1,Þór/KA,Fram,0,0,109,0.02725
2025-08-30,1,Þór/KA,Fram,0,1,80,0.02
2025-08-30,1,Þór/KA,Fram,0,2,54,0.0135
2025-08-30,1,Þór/KA,Fram,0,3,18,0.0045
2025-08-30,1,Þór/KA,Fram,0,4,3,7.5e-4
2025-08-30,1,Þór/KA,Fram,0,5,1,2.5e-4
2025-08-30,1,Þór/KA,Fram,1,0,225,0.05625
2025-08-30,1,Þór/KA,Fram,1,1,204,0.051
2025-08-30,1,Þór/KA,Fram,1,2,95,0.02375
2025-08-30,1,Þór/KA,Fram,1,3,58,0.0145
2025-08-30,1,Þór/KA,Fram,1,4,8,0.002
2025-08-30,1,Þór/KA,Fram,1,5,6,0.0015
2025-08-30,1,Þór/KA,Fram,1,6,1,2.5e-4
2025-08-30,1,Þór/KA,Fram,2,0,280,0.07
2025-08-30,1,Þór/KA,Fram,2,1,298,0.0745
2025-08-30,1,Þór/KA,Fram,2,2,151,0.03775
2025-08-30,1,Þór/KA,Fram,2,3,60,0.015
2025-08-30,1,Þór/KA,Fram,2,4,18,0.0045
2025-08-30,1,Þór/KA,Fram,2,5,3,7.5e-4
2025-08-30,1,Þór/KA,Fram,2,6,2,5e-4
2025-08-30,1,Þór/KA,Fram,3,0,293,0.07325
2025-08-30,1,Þór/KA,Fram,3,1,277,0.06925
2025-08-30,1,Þór/KA,Fram,3,2,128,0.032
2025-08-30,1,Þór/KA,Fram,3,3,49,0.01225
2025-08-30,1,Þór/KA,Fram,3,4,14,0.0035
2025-08-30,1,Þór/KA,Fram,3,5,9,0.00225
2025-08-30,1,Þór/KA,Fram,3,6,2,5e-4
2025-08-30,1,Þór/KA,Fram,4,0,220,0.055
2025-08-30,1,Þór/KA,Fram,4,1,197,0.04925
2025-08-30,1,Þór/KA,Fram,4,2,123,0.03075
2025-08-30,1,Þór/KA,Fram,4,3,29,0.00725
2025-08-30,1,Þór/KA,Fram,4,4,11,0.00275
2025-08-30,1,Þór/KA,Fram,4,5,6,0.0015
2025-08-30,1,Þór/KA,Fram,4,6,2,5e-4
2025-08-30,1,Þór/KA,Fram,5,0,159,0.03975
2025-08-30,1,Þór/KA,Fram,5,1,127,0.03175
2025-08-30,1,Þór/KA,Fram,5,2,63,0.01575
2025-08-30,1,Þór/KA,Fram,5,3,40,0.01
2025-08-30,1,Þór/KA,Fram,5,4,9,0.00225
2025-08-30,1,Þór/KA,Fram,5,5,4,0.001
2025-08-30,1,Þór/KA,Fram,5,6,1,2.5e-4
2025-08-30,1,Þór/KA,Fram,6,0,97,0.02425
2025-08-30,1,Þór/KA,Fram,6,1,88,0.022
2025-08-30,1,Þór/KA,Fram,6,2,43,0.01075
2025-08-30,1,Þór/KA,Fram,6,3,23,0.00575
2025-08-30,1,Þór/KA,Fram,6,4,9,0.00225
2025-08-30,1,Þór/KA,Fram,6,6,1,2.5e-4
2025-08-30,1,Þór/KA,Fram,7,0,54,0.0135
2025-08-30,1,Þór/KA,Fram,7,1,64,0.016
2025-08-30,1,Þór/KA,Fram,7,2,19,0.00475
2025-08-30,1,Þór/KA,Fram,7,3,12,0.003
2025-08-30,1,Þór/KA,Fram,7,4,1,2.5e-4
2025-08-30,1,Þór/KA,Fram,7,6,1,2.5e-4
2025-08-30,1,Þór/KA,Fram,8,0,33,0.00825
2025-08-30,1,Þór/KA,Fram,8,1,27,0.00675
2025-08-30,1,Þór/KA,Fram,8,2,24,0.006
2025-08-30,1,Þór/KA,Fram,8,3,4,0.001
2025-08-30,1,Þór/KA,Fram,8,4,1,2.5e-4
2025-08-30,1,Þór/KA,Fram,9,0,9,0.00225
2025-08-30,1,Þór/KA,Fram,9,1,18,0.0045
2025-08-30,1,Þór/KA,Fram,9,2,1,2.5e-4
2025-08-30,1,Þór/KA,Fram,9,3,5,0.00125
2025-08-30,1,Þór/KA,Fram,9,4,2,5e-4
2025-08-30,1,Þór/KA,Fram,10,0,9,0.00225
2025-08-30,1,Þór/KA,Fram,10,1,3,7.5e-4
2025-08-30,1,Þór/KA,Fram,10,2,1,2.5e-4
2025-08-30,1,Þór/KA,Fram,10,3,3,7.5e-4
2025-08-30,1,Þór/KA,Fram,11,0,1,2.5e-4
2025-08-30,1,Þór/KA,Fram,11,1,2,5e-4
2025-08-30,1,Þór/KA,Fram,12,0,3,7.5e-4
2025-08-30,1,Þór/KA,Fram,12,1,2,5e-4
2025-08-30,1,Þór/KA,Fram,12,2,1,2.5e-4
2025-08-30,1,Þór/KA,Fram,13,4,1,2.5e-4
2025-08-30,1,Þór/KA,Fram,15,3,1,2.5e-4
2025-09-04,1,Breiðablik,FH,0,0,97,0.02425
2025-09-04,1,Breiðablik,FH,0,1,56,0.014
2025-09-04,1,Breiðablik,FH,0,2,17,0.00425
2025-09-04,1,Breiðablik,FH,0,3,8,0.002
2025-09-04,1,Breiðablik,FH,0,4,3,7.5e-4
2025-09-04,1,Breiðablik,FH,0,5,1,2.5e-4
2025-09-04,1,Breiðablik,FH,1,0,203,0.05075
2025-09-04,1,Breiðablik,FH,1,1,153,0.03825
2025-09-04,1,Breiðablik,FH,1,2,57,0.01425
2025-09-04,1,Breiðablik,FH,1,3,25,0.00625
2025-09-04,1,Breiðablik,FH,1,4,4,0.001
2025-09-04,1,Breiðablik,FH,1,5,2,5e-4
2025-09-04,1,Breiðablik,FH,2,0,289,0.07225
2025-09-04,1,Breiðablik,FH,2,1,247,0.06175
2025-09-04,1,Breiðablik,FH,2,2,120,0.03
2025-09-04,1,Breiðablik,FH,2,3,44,0.011
2025-09-04,1,Breiðablik,FH,2,4,13,0.00325
2025-09-04,1,Breiðablik,FH,2,5,3,7.5e-4
2025-09-04,1,Breiðablik,FH,2,6,1,2.5e-4
2025-09-04,1,Breiðablik,FH,3,0,341,0.08525
2025-09-04,1,Breiðablik,FH,3,1,270,0.0675
2025-09-04,1,Breiðablik,FH,3,2,114,0.0285
2025-09-04,1,Breiðablik,FH,3,3,33,0.00825
2025-09-04,1,Breiðablik,FH,3,4,10,0.0025
2025-09-04,1,Breiðablik,FH,3,5,5,0.00125
2025-09-04,1,Breiðablik,FH,3,6,1,2.5e-4
2025-09-04,1,Breiðablik,FH,4,0,279,0.06975
2025-09-04,1,Breiðablik,FH,4,1,217,0.05425
2025-09-04,1,Breiðablik,FH,4,2,105,0.02625
2025-09-04,1,Breiðablik,FH,4,3,37,0.00925
2025-09-04,1,Breiðablik,FH,4,4,6,0.0015
2025-09-04,1,Breiðablik,FH,4,5,5,0.00125
2025-09-04,1,Breiðablik,FH,5,0,179,0.04475
2025-09-04,1,Breiðablik,FH,5,1,176,0.044
2025-09-04,1,Breiðablik,FH,5,2,71,0.01775
2025-09-04,1,Breiðablik,FH,5,3,22,0.0055
2025-09-04,1,Breiðablik,FH,5,4,8,0.002
2025-09-04,1,Breiðablik,FH,5,5,4,0.001
2025-09-04,1,Breiðablik,FH,5,6,1,2.5e-4
2025-09-04,1,Breiðablik,FH,6,0,126,0.0315
2025-09-04,1,Breiðablik,FH,6,1,96,0.024
2025-09-04,1,Breiðablik,FH,6,2,53,0.01325
2025-09-04,1,Breiðablik,FH,6,3,27,0.00675
2025-09-04,1,Breiðablik,FH,6,4,4,0.001
2025-09-04,1,Breiðablik,FH,6,5,3,7.5e-4
2025-09-04,1,Breiðablik,FH,7,0,95,0.02375
2025-09-04,1,Breiðablik,FH,7,1,75,0.01875
2025-09-04,1,Breiðablik,FH,7,2,35,0.00875
2025-09-04,1,Breiðablik,FH,7,3,14,0.0035
2025-09-04,1,Breiðablik,FH,7,4,4,0.001
2025-09-04,1,Breiðablik,FH,8,0,47,0.01175
2025-09-04,1,Breiðablik,FH,8,1,38,0.0095
2025-09-04,1,Breiðablik,FH,8,2,21,0.00525
2025-09-04,1,Breiðablik,FH,8,3,5,0.00125
2025-09-04,1,Breiðablik,FH,8,4,2,5e-4
2025-09-04,1,Breiðablik,FH,9,0,31,0.00775
2025-09-04,1,Breiðablik,FH,9,1,20,0.005
2025-09-04,1,Breiðablik,FH,9,2,10,0.0025
2025-09-04,1,Breiðablik,FH,9,3,2,5e-4
2025-09-04,1,Breiðablik,FH,9,4,1,2.5e-4
2025-09-04,1,Breiðablik,FH,10,0,10,0.0025
2025-09-04,1,Breiðablik,FH,10,1,16,0.004
2025-09-04,1,Breiðablik,FH,10,2,5,0.00125
2025-09-04,1,Breiðablik,FH,10,3,1,2.5e-4
2025-09-04,1,Breiðablik,FH,10,4,1,2.5e-4
2025-09-04,1,Breiðablik,FH,10,5,1,2.5e-4
2025-09-04,1,Breiðablik,FH,11,0,6,0.0015
2025-09-04,1,Breiðablik,FH,11,1,5,0.00125
2025-09-04,1,Breiðablik,FH,11,2,6,0.0015
2025-09-04,1,Breiðablik,FH,11,7,1,2.5e-4
2025-09-04,1,Breiðablik,FH,12,0,3,7.5e-4
2025-09-04,1,Breiðablik,FH,12,1,1,2.5e-4
2025-09-04,1,Breiðablik,FH,12,2,1,2.5e-4
2025-09-04,1,Breiðablik,FH,12,3,1,2.5e-4
2025-09-04,1,Breiðablik,FH,13,1,3,7.5e-4
2025-09-04,1,Breiðablik,FH,14,0,3,7.5e-4
2025-09-04,1,Tindastóll,Fram,0,0,197,0.04925
2025-09-04,1,Tindastóll,Fram,0,1,179,0.04475
2025-09-04,1,Tindastóll,Fram,0,2,132,0.033
2025-09-04,1,Tindastóll,Fram,0,3,55,0.01375
2025-09-04,1,Tindastóll,Fram,0,4,20,0.005
2025-09-04,1,Tindastóll,Fram,0,5,7,0.00175
2025-09-04,1,Tindastóll,Fram,0,6,3,7.5e-4
2025-09-04,1,Tindastóll,Fram,0,8,1,2.5e-4
2025-09-04,1,Tindastóll,Fram,1,0,299,0.07475
2025-09-04,1,Tindastóll,Fram,1,1,332,0.083
2025-09-04,1,Tindastóll,Fram,1,2,206,0.0515
2025-09-04,1,Tindastóll,Fram,1,3,108,0.027
2025-09-04,1,Tindastóll,Fram,1,4,45,0.01125
2025-09-04,1,Tindastóll,Fram,1,5,7,0.00175
2025-09-04,1,Tindastóll,Fram,1,6,3,7.5e-4
2025-09-04,1,Tindastóll,Fram,1,7,1,2.5e-4
2025-09-04,1,Tindastóll,Fram,1,10,1,2.5e-4
2025-09-04,1,Tindastóll,Fram,2,0,259,0.06475
2025-09-04,1,Tindastóll,Fram,2,1,333,0.08325
2025-09-04,1,Tindastóll,Fram,2,2,220,0.055
2025-09-04,1,Tindastóll,Fram,2,3,113,0.02825
2025-09-04,1,Tindastóll,Fram,2,4,40,0.01
2025-09-04,1,Tindastóll,Fram,2,5,21,0.00525
2025-09-04,1,Tindastóll,Fram,2,6,7,0.00175
2025-09-04,1,Tindastóll,Fram,2,7,2,5e-4
2025-09-04,1,Tindastóll,Fram,3,0,163,0.04075
2025-09-04,1,Tindastóll,Fram,3,1,228,0.057
2025-09-04,1,Tindastóll,Fram,3,2,139,0.03475
2025-09-04,1,Tindastóll,Fram,3,3,95,0.02375
2025-09-04,1,Tindastóll,Fram,3,4,29,0.00725
2025-09-04,1,Tindastóll,Fram,3,5,15,0.00375
2025-09-04,1,Tindastóll,Fram,3,6,4,0.001
2025-09-04,1,Tindastóll,Fram,4,0,115,0.02875
2025-09-04,1,Tindastóll,Fram,4,1,135,0.03375
2025-09-04,1,Tindastóll,Fram,4,2,73,0.01825
2025-09-04,1,Tindastóll,Fram,4,3,36,0.009
2025-09-04,1,Tindastóll,Fram,4,4,21,0.00525
2025-09-04,1,Tindastóll,Fram,4,5,7,0.00175
2025-09-04,1,Tindastóll,Fram,4,6,3,7.5e-4
2025-09-04,1,Tindastóll,Fram,5,0,38,0.0095
2025-09-04,1,Tindastóll,Fram,5,1,65,0.01625
2025-09-04,1,Tindastóll,Fram,5,2,42,0.0105
2025-09-04,1,Tindastóll,Fram,5,3,28,0.007
2025-09-04,1,Tindastóll,Fram,5,4,10,0.0025
2025-09-04,1,Tindastóll,Fram,5,5,5,0.00125
2025-09-04,1,Tindastóll,Fram,5,6,2,5e-4
2025-09-04,1,Tindastóll,Fram,6,0,26,0.0065
2025-09-04,1,Tindastóll,Fram,6,1,24,0.006
2025-09-04,1,Tindastóll,Fram,6,2,20,0.005
2025-09-04,1,Tindastóll,Fram,6,3,11,0.00275
2025-09-04,1,Tindastóll,Fram,6,4,6,0.0015
2025-09-04,1,Tindastóll,Fram,6,5,2,5e-4
2025-09-04,1,Tindastóll,Fram,6,6,1,2.5e-4
2025-09-04,1,Tindastóll,Fram,6,7,1,2.5e-4
2025-09-04,1,Tindastóll,Fram,7,0,10,0.0025
2025-09-04,1,Tindastóll,Fram,7,1,10,0.0025
2025-09-04,1,Tindastóll,Fram,7,2,12,0.003
2025-09-04,1,Tindastóll,Fram,7,3,6,0.0015
2025-09-04,1,Tindastóll,Fram,7,4,3,7.5e-4
2025-09-04,1,Tindastóll,Fram,7,5,3,7.5e-4
2025-09-04,1,Tindastóll,Fram,8,0,3,7.5e-4
2025-09-04,1,Tindastóll,Fram,8,1,3,7.5e-4
2025-09-04,1,Tindastóll,Fram,8,2,1,2.5e-4
2025-09-04,1,Tindastóll,Fram,8,3,3,7.5e-4
2025-09-04,1,Tindastóll,Fram,8,4,1,2.5e-4
2025-09-04,1,Tindastóll,Fram,9,0,2,5e-4
2025-09-04,1,Tindastóll,Fram,9,1,2,5e-4
2025-09-04,1,Tindastóll,Fram,9,2,1,2.5e-4
2025-09-04,1,Tindastóll,Fram,9,4,1,2.5e-4
2025-09-04,1,Tindastóll,Fram,10,1,1,2.5e-4
2025-09-04,1,Tindastóll,Fram,10,2,1,2.5e-4
2025-09-04,1,Tindastóll,Fram,10,3,1,2.5e-4
2025-09-04,1,Tindastóll,Fram,11,3,1,2.5e-4
2025-09-04,1,Víkingur R.,Valur,0,0,269,0.06725
2025-09-04,1,Víkingur R.,Valur,0,1,334,0.0835
2025-09-04,1,Víkingur R.,Valur,0,2,319,0.07975
2025-09-04,1,Víkingur R.,Valur,0,3,164,0.041
2025-09-04,1,Víkingur R.,Valur,0,4,93,0.02325
2025-09-04,1,Víkingur R.,Valur,0,5,33,0.00825
2025-09-04,1,Víkingur R.,Valur,0,6,16,0.004
2025-09-04,1,Víkingur R.,Valur,0,7,6,0.0015
2025-09-04,1,Víkingur R.,Valur,0,8,1,2.5e-4
2025-09-04,1,Víkingur R.,Valur,1,0,262,0.0655
2025-09-04,1,Víkingur R.,Valur,1,1,403,0.10075
2025-09-04,1,Víkingur R.,Valur,1,2,343,0.08575
2025-09-04,1,Víkingur R.,Valur,1,3,204,0.051
2025-09-04,1,Víkingur R.,Valur,1,4,89,0.02225
2025-09-04,1,Víkingur R.,Valur,1,5,36,0.009
2025-09-04,1,Víkingur R.,Valur,1,6,20,0.005
2025-09-04,1,Víkingur R.,Valur,1,7,5,0.00125
2025-09-04,1,Víkingur R.,Valur,2,0,147,0.03675
2025-09-04,1,Víkingur R.,Valur,2,1,235,0.05875
2025-09-04,1,Víkingur R.,Valur,2,2,219,0.05475
2025-09-04,1,Víkingur R.,Valur,2,3,125,0.03125
2025-09-04,1,Víkingur R.,Valur,2,4,72,0.018
2025-09-04,1,Víkingur R.,Valur,2,5,22,0.0055
2025-09-04,1,Víkingur R.,Valur,2,6,10,0.0025
2025-09-04,1,Víkingur R.,Valur,2,7,4,0.001
2025-09-04,1,Víkingur R.,Valur,2,8,1,2.5e-4
2025-09-04,1,Víkingur R.,Valur,3,0,68,0.017
2025-09-04,1,Víkingur R.,Valur,3,1,115,0.02875
2025-09-04,1,Víkingur R.,Valur,3,2,84,0.021
2025-09-04,1,Víkingur R.,Valur,3,3,55,0.01375
2025-09-04,1,Víkingur R.,Valur,3,4,28,0.007
2025-09-04,1,Víkingur R.,Valur,3,5,14,0.0035
2025-09-04,1,Víkingur R.,Valur,3,6,7,0.00175
2025-09-04,1,Víkingur R.,Valur,3,8,1,2.5e-4
2025-09-04,1,Víkingur R.,Valur,4,0,33,0.00825
2025-09-04,1,Víkingur R.,Valur,4,1,37,0.00925
2025-09-04,1,Víkingur R.,Valur,4,2,32,0.008
2025-09-04,1,Víkingur R.,Valur,4,3,25,0.00625
2025-09-04,1,Víkingur R.,Valur,4,4,7,0.00175
2025-09-04,1,Víkingur R.,Valur,4,5,3,7.5e-4
2025-09-04,1,Víkingur R.,Valur,4,7,2,5e-4
2025-09-04,1,Víkingur R.,Valur,5,0,11,0.00275
2025-09-04,1,Víkingur R.,Valur,5,1,12,0.003
2025-09-04,1,Víkingur R.,Valur,5,2,5,0.00125
2025-09-04,1,Víkingur R.,Valur,5,3,6,0.0015
2025-09-04,1,Víkingur R.,Valur,5,4,2,5e-4
2025-09-04,1,Víkingur R.,Valur,5,5,2,5e-4
2025-09-04,1,Víkingur R.,Valur,5,6,1,2.5e-4
2025-09-04,1,Víkingur R.,Valur,5,7,1,2.5e-4
2025-09-04,1,Víkingur R.,Valur,6,0,1,2.5e-4
2025-09-04,1,Víkingur R.,Valur,6,1,1,2.5e-4
2025-09-04,1,Víkingur R.,Valur,6,2,4,0.001
2025-09-04,1,Víkingur R.,Valur,6,3,3,7.5e-4
2025-09-04,1,Víkingur R.,Valur,6,4,1,2.5e-4
2025-09-04,1,Víkingur R.,Valur,6,5,1,2.5e-4
2025-09-04,1,Víkingur R.,Valur,6,6,1,2.5e-4
2025-09-04,1,Víkingur R.,Valur,7,0,1,2.5e-4
2025-09-04,1,Víkingur R.,Valur,7,2,2,5e-4
2025-09-04,1,Víkingur R.,Valur,8,2,2,5e-4
2025-09-06,1,Stjarnan,Þór/KA,0,0,151,0.03775
2025-09-06,1,Stjarnan,Þór/KA,0,1,237,0.05925
2025-09-06,1,Stjarnan,Þór/KA,0,2,184,0.046
2025-09-06,1,Stjarnan,Þór/KA,0,3,95,0.02375
2025-09-06,1,Stjarnan,Þór/KA,0,4,52,0.013
2025-09-06,1,Stjarnan,Þór/KA,0,5,20,0.005
2025-09-06,1,Stjarnan,Þór/KA,0,6,7,0.00175
2025-09-06,1,Stjarnan,Þór/KA,0,7,1,2.5e-4
2025-09-06,1,Stjarnan,Þór/KA,0,9,1,2.5e-4
2025-09-06,1,Stjarnan,Þór/KA,1,0,231,0.05775
2025-09-06,1,Stjarnan,Þór/KA,1,1,365,0.09125
2025-09-06,1,Stjarnan,Þór/KA,1,2,239,0.05975
2025-09-06,1,Stjarnan,Þór/KA,1,3,162,0.0405
2025-09-06,1,Stjarnan,Þór/KA,1,4,73,0.01825
2025-09-06,1,Stjarnan,Þór/KA,1,5,41,0.01025
2025-09-06,1,Stjarnan,Þór/KA,1,6,12,0.003
2025-09-06,1,Stjarnan,Þór/KA,1,7,6,0.0015
2025-09-06,1,Stjarnan,Þór/KA,1,8,1,2.5e-4
2025-09-06,1,Stjarnan,Þór/KA,2,0,184,0.046
2025-09-06,1,Stjarnan,Þór/KA,2,1,290,0.0725
2025-09-06,1,Stjarnan,Þór/KA,2,2,248,0.062
2025-09-06,1,Stjarnan,Þór/KA,2,3,133,0.03325
2025-09-06,1,Stjarnan,Þór/KA,2,4,62,0.0155
2025-09-06,1,Stjarnan,Þór/KA,2,5,34,0.0085
2025-09-06,1,Stjarnan,Þór/KA,2,6,16,0.004
2025-09-06,1,Stjarnan,Þór/KA,2,7,1,2.5e-4
2025-09-06,1,Stjarnan,Þór/KA,2,8,3,7.5e-4
2025-09-06,1,Stjarnan,Þór/KA,3,0,115,0.02875
2025-09-06,1,Stjarnan,Þór/KA,3,1,211,0.05275
2025-09-06,1,Stjarnan,Þór/KA,3,2,130,0.0325
2025-09-06,1,Stjarnan,Þór/KA,3,3,108,0.027
2025-09-06,1,Stjarnan,Þór/KA,3,4,45,0.01125
2025-09-06,1,Stjarnan,Þór/KA,3,5,13,0.00325
2025-09-06,1,Stjarnan,Þór/KA,3,6,8,0.002
2025-09-06,1,Stjarnan,Þór/KA,3,7,1,2.5e-4
2025-09-06,1,Stjarnan,Þór/KA,4,0,64,0.016
2025-09-06,1,Stjarnan,Þór/KA,4,1,84,0.021
2025-09-06,1,Stjarnan,Þór/KA,4,2,67,0.01675
2025-09-06,1,Stjarnan,Þór/KA,4,3,53,0.01325
2025-09-06,1,Stjarnan,Þór/KA,4,4,27,0.00675
2025-09-06,1,Stjarnan,Þór/KA,4,5,8,0.002
2025-09-06,1,Stjarnan,Þór/KA,4,6,2,5e-4
2025-09-06,1,Stjarnan,Þór/KA,4,7,2,5e-4
2025-09-06,1,Stjarnan,Þór/KA,4,9,1,2.5e-4
2025-09-06,1,Stjarnan,Þór/KA,5,0,23,0.00575
2025-09-06,1,Stjarnan,Þór/KA,5,1,32,0.008
2025-09-06,1,Stjarnan,Þór/KA,5,2,22,0.0055
2025-09-06,1,Stjarnan,Þór/KA,5,3,28,0.007
2025-09-06,1,Stjarnan,Þór/KA,5,4,11,0.00275
2025-09-06,1,Stjarnan,Þór/KA,5,5,8,0.002
2025-09-06,1,Stjarnan,Þór/KA,5,6,3,7.5e-4
2025-09-06,1,Stjarnan,Þór/KA,6,0,11,0.00275
2025-09-06,1,Stjarnan,Þór/KA,6,1,14,0.0035
2025-09-06,1,Stjarnan,Þór/KA,6,2,8,0.002
2025-09-06,1,Stjarnan,Þór/KA,6,3,10,0.0025
2025-09-06,1,Stjarnan,Þór/KA,6,4,5,0.00125
2025-09-06,1,Stjarnan,Þór/KA,6,5,4,0.001
2025-09-06,1,Stjarnan,Þór/KA,6,6,1,2.5e-4
2025-09-06,1,Stjarnan,Þór/KA,7,0,4,0.001
2025-09-06,1,Stjarnan,Þór/KA,7,1,7,0.00175
2025-09-06,1,Stjarnan,Þór/KA,7,2,2,5e-4
2025-09-06,1,Stjarnan,Þór/KA,7,3,4,0.001
2025-09-06,1,Stjarnan,Þór/KA,7,4,1,2.5e-4
2025-09-06,1,Stjarnan,Þór/KA,7,5,1,2.5e-4
2025-09-06,1,Stjarnan,Þór/KA,7,6,1,2.5e-4
2025-09-06,1,Stjarnan,Þór/KA,8,0,3,7.5e-4
2025-09-06,1,Stjarnan,Þór/KA,8,1,1,2.5e-4
2025-09-06,1,Stjarnan,Þór/KA,8,2,1,2.5e-4
2025-09-06,1,Stjarnan,Þór/KA,8,3,2,5e-4
2025-09-06,1,Stjarnan,Þór/KA,8,5,1,2.5e-4
2025-09-06,1,Stjarnan,Þór/KA,9,2,1,2.5e-4
2025-09-06,1,Stjarnan,Þór/KA,9,3,1,2.5e-4
2025-09-06,1,Stjarnan,Þór/KA,10,1,2,5e-4
2025-09-07,1,Þróttur R.,FHL,0,0,99,0.02475
2025-09-07,1,Þróttur R.,FHL,0,1,20,0.005
2025-09-07,1,Þróttur R.,FHL,0,2,8,0.002
2025-09-07,1,Þróttur R.,FHL,0,3,2,5e-4
2025-09-07,1,Þróttur R.,FHL,0,4,2,5e-4
2025-09-07,1,Þróttur R.,FHL,1,0,234,0.0585
2025-09-07,1,Þróttur R.,FHL,1,1,109,0.02725
2025-09-07,1,Þróttur R.,FHL,1,2,25,0.00625
2025-09-07,1,Þróttur R.,FHL,1,3,4,0.001
2025-09-07,1,Þróttur R.,FHL,2,0,425,0.10625
2025-09-07,1,Þróttur R.,FHL,2,1,131,0.03275
2025-09-07,1,Þróttur R.,FHL,2,2,22,0.0055
2025-09-07,1,Þróttur R.,FHL,2,3,10,0.0025
2025-09-07,1,Þróttur R.,FHL,3,0,475,0.11875
2025-09-07,1,Þróttur R.,FHL,3,1,170,0.0425
2025-09-07,1,Þróttur R.,FHL,3,2,28,0.007
2025-09-07,1,Þróttur R.,FHL,3,3,6,0.0015
2025-09-07,1,Þróttur R.,FHL,3,4,1,2.5e-4
2025-09-07,1,Þróttur R.,FHL,4,0,448,0.112
2025-09-07,1,Þróttur R.,FHL,4,1,168,0.042
2025-09-07,1,Þróttur R.,FHL,4,2,29,0.00725
2025-09-07,1,Þróttur R.,FHL,4,3,8,0.002
2025-09-07,1,Þróttur R.,FHL,4,4,1,2.5e-4
2025-09-07,1,Þróttur R.,FHL,5,0,404,0.101
2025-09-07,1,Þróttur R.,FHL,5,1,127,0.03175
2025-09-07,1,Þróttur R.,FHL,5,2,25,0.00625
2025-09-07,1,Þróttur R.,FHL,5,3,6,0.0015
2025-09-07,1,Þróttur R.,FHL,6,0,267,0.06675
2025-09-07,1,Þróttur R.,FHL,6,1,95,0.02375
2025-09-07,1,Þróttur R.,FHL,6,2,17,0.00425
2025-09-07,1,Þróttur R.,FHL,6,3,4,0.001
2025-09-07,1,Þróttur R.,FHL,7,0,177,0.04425
2025-09-07,1,Þróttur R.,FHL,7,1,54,0.0135
2025-09-07,1,Þróttur R.,FHL,7,2,17,0.00425
2025-09-07,1,Þróttur R.,FHL,7,3,4,0.001
2025-09-07,1,Þróttur R.,FHL,8,0,112,0.028
2025-09-07,1,Þróttur R.,FHL,8,1,42,0.0105
2025-09-07,1,Þróttur R.,FHL,8,2,10,0.0025
2025-09-07,1,Þróttur R.,FHL,8,3,2,5e-4
2025-09-07,1,Þróttur R.,FHL,9,0,62,0.0155
2025-09-07,1,Þróttur R.,FHL,9,1,20,0.005
2025-09-07,1,Þróttur R.,FHL,9,2,4,0.001
2025-09-07,1,Þróttur R.,FHL,10,0,43,0.01075
2025-09-07,1,Þróttur R.,FHL,10,1,17,0.00425
2025-09-07,1,Þróttur R.,FHL,10,2,5,0.00125
2025-09-07,1,Þróttur R.,FHL,11,0,24,0.006
2025-09-07,1,Þróttur R.,FHL,11,1,7,0.00175
2025-09-07,1,Þróttur R.,FHL,11,2,1,2.5e-4
2025-09-07,1,Þróttur R.,FHL,11,4,2,5e-4
2025-09-07,1,Þróttur R.,FHL,12,0,7,0.00175
2025-09-07,1,Þróttur R.,FHL,12,1,2,5e-4
2025-09-07,1,Þróttur R.,FHL,12,2,1,2.5e-4
2025-09-07,1,Þróttur R.,FHL,13,0,3,7.5e-4
2025-09-07,1,Þróttur R.,FHL,13,1,4,0.001
2025-09-07,1,Þróttur R.,FHL,14,0,4,0.001
2025-09-07,1,Þróttur R.,FHL,14,1,2,5e-4
2025-09-07,1,Þróttur R.,FHL,16,0,1,2.5e-4
2025-09-07,1,Þróttur R.,FHL,17,0,3,7.5e-4
2025-09-12,1,FH,Víkingur R.,0,0,154,0.0385
2025-09-12,1,FH,Víkingur R.,0,1,139,0.03475
2025-09-12,1,FH,Víkingur R.,0,2,74,0.0185
2025-09-12,1,FH,Víkingur R.,0,3,39,0.00975
2025-09-12,1,FH,Víkingur R.,0,4,14,0.0035
2025-09-12,1,FH,Víkingur R.,0,5,5,0.00125
2025-09-12,1,FH,Víkingur R.,0,6,1,2.5e-4
2025-09-12,1,FH,Víkingur R.,0,9,1,2.5e-4
2025-09-12,1,FH,Víkingur R.,1,0,256,0.064
2025-09-12,1,FH,Víkingur R.,1,1,302,0.0755
2025-09-12,1,FH,Víkingur R.,1,2,192,0.048
2025-09-12,1,FH,Víkingur R.,1,3,80,0.02
2025-09-12,1,FH,Víkingur R.,1,4,22,0.0055
2025-09-12,1,FH,Víkingur R.,1,5,6,0.0015
2025-09-12,1,FH,Víkingur R.,1,6,2,5e-4
2025-09-12,1,FH,Víkingur R.,2,0,305,0.07625
2025-09-12,1,FH,Víkingur R.,2,1,335,0.08375
2025-09-12,1,FH,Víkingur R.,2,2,193,0.04825
2025-09-12,1,FH,Víkingur R.,2,3,69,0.01725
2025-09-12,1,FH,Víkingur R.,2,4,35,0.00875
2025-09-12,1,FH,Víkingur R.,2,5,14,0.0035
2025-09-12,1,FH,Víkingur R.,2,6,1,2.5e-4
2025-09-12,1,FH,Víkingur R.,2,7,3,7.5e-4
2025-09-12,1,FH,Víkingur R.,3,0,240,0.06
2025-09-12,1,FH,Víkingur R.,3,1,261,0.06525
2025-09-12,1,FH,Víkingur R.,3,2,151,0.03775
2025-09-12,1,FH,Víkingur R.,3,3,75,0.01875
2025-09-12,1,FH,Víkingur R.,3,4,23,0.00575
2025-09-12,1,FH,Víkingur R.,3,5,8,0.002
2025-09-12,1,FH,Víkingur R.,3,6,4,0.001
2025-09-12,1,FH,Víkingur R.,4,0,151,0.03775
2025-09-12,1,FH,Víkingur R.,4,1,165,0.04125
2025-09-12,1,FH,Víkingur R.,4,2,114,0.0285
2025-09-12,1,FH,Víkingur R.,4,3,42,0.0105
2025-09-12,1,FH,Víkingur R.,4,4,14,0.0035
2025-09-12,1,FH,Víkingur R.,4,5,8,0.002
2025-09-12,1,FH,Víkingur R.,4,6,2,5e-4
2025-09-12,1,FH,Víkingur R.,4,7,1,2.5e-4
2025-09-12,1,FH,Víkingur R.,5,0,80,0.02
2025-09-12,1,FH,Víkingur R.,5,1,87,0.02175
2025-09-12,1,FH,Víkingur R.,5,2,59,0.01475
2025-09-12,1,FH,Víkingur R.,5,3,30,0.0075
2025-09-12,1,FH,Víkingur R.,5,4,7,0.00175
2025-09-12,1,FH,Víkingur R.,5,5,3,7.5e-4
2025-09-12,1,FH,Víkingur R.,5,6,1,2.5e-4
2025-09-12,1,FH,Víkingur R.,6,0,46,0.0115
2025-09-12,1,FH,Víkingur R.,6,1,34,0.0085
2025-09-12,1,FH,Víkingur R.,6,2,22,0.0055
2025-09-12,1,FH,Víkingur R.,6,3,11,0.00275
2025-09-12,1,FH,Víkingur R.,6,4,6,0.0015
2025-09-12,1,FH,Víkingur R.,6,5,1,2.5e-4
2025-09-12,1,FH,Víkingur R.,6,7,1,2.5e-4
2025-09-12,1,FH,Víkingur R.,7,0,15,0.00375
2025-09-12,1,FH,Víkingur R.,7,1,24,0.006
2025-09-12,1,FH,Víkingur R.,7,2,11,0.00275
2025-09-12,1,FH,Víkingur R.,7,3,8,0.002
2025-09-12,1,FH,Víkingur R.,7,4,4,0.001
2025-09-12,1,FH,Víkingur R.,7,5,1,2.5e-4
2025-09-12,1,FH,Víkingur R.,8,0,8,0.002
2025-09-12,1,FH,Víkingur R.,8,1,8,0.002
2025-09-12,1,FH,Víkingur R.,8,2,8,0.002
2025-09-12,1,FH,Víkingur R.,8,3,1,2.5e-4
2025-09-12,1,FH,Víkingur R.,9,0,1,2.5e-4
2025-09-12,1,FH,Víkingur R.,9,1,7,0.00175
2025-09-12,1,FH,Víkingur R.,9,2,4,0.001
2025-09-12,1,FH,Víkingur R.,9,3,1,2.5e-4
2025-09-12,1,FH,Víkingur R.,10,0,3,7.5e-4
2025-09-12,1,FH,Víkingur R.,10,2,1,2.5e-4
2025-09-12,1,FH,Víkingur R.,11,1,2,5e-4
2025-09-12,1,FH,Víkingur R.,11,2,1,2.5e-4
2025-09-12,1,FH,Víkingur R.,12,2,1,2.5e-4
2025-09-12,1,FH,Víkingur R.,12,3,1,2.5e-4
2025-09-12,1,FH,Víkingur R.,13,1,1,2.5e-4
2025-09-12,1,Stjarnan,Fram,0,0,191,0.04775
2025-09-12,1,Stjarnan,Fram,0,1,139,0.03475
2025-09-12,1,Stjarnan,Fram,0,2,65,0.01625
2025-09-12,1,Stjarnan,Fram,0,3,34,0.0085
2025-09-12,1,Stjarnan,Fram,0,4,4,0.001
2025-09-12,1,Stjarnan,Fram,0,5,3,7.5e-4
2025-09-12,1,Stjarnan,Fram,1,0,310,0.0775
2025-09-12,1,Stjarnan,Fram,1,1,317,0.07925
2025-09-12,1,Stjarnan,Fram,1,2,132,0.033
2025-09-12,1,Stjarnan,Fram,1,3,59,0.01475
2025-09-12,1,Stjarnan,Fram,1,4,10,0.0025
2025-09-12,1,Stjarnan,Fram,1,5,5,0.00125
2025-09-12,1,Stjarnan,Fram,1,6,2,5e-4
2025-09-12,1,Stjarnan,Fram,1,7,2,5e-4
2025-09-12,1,Stjarnan,Fram,2,0,335,0.08375
2025-09-12,1,Stjarnan,Fram,2,1,313,0.07825
2025-09-12,1,Stjarnan,Fram,2,2,171,0.04275
2025-09-12,1,Stjarnan,Fram,2,3,77,0.01925
2025-09-12,1,Stjarnan,Fram,2,4,25,0.00625
2025-09-12,1,Stjarnan,Fram,2,5,4,0.001
2025-09-12,1,Stjarnan,Fram,2,6,2,5e-4
2025-09-12,1,Stjarnan,Fram,2,7,1,2.5e-4
2025-09-12,1,Stjarnan,Fram,3,0,282,0.0705
2025-09-12,1,Stjarnan,Fram,3,1,271,0.06775
2025-09-12,1,Stjarnan,Fram,3,2,133,0.03325
2025-09-12,1,Stjarnan,Fram,3,3,51,0.01275
2025-09-12,1,Stjarnan,Fram,3,4,23,0.00575
2025-09-12,1,Stjarnan,Fram,3,5,4,0.001
2025-09-12,1,Stjarnan,Fram,4,0,185,0.04625
2025-09-12,1,Stjarnan,Fram,4,1,170,0.0425
2025-09-12,1,Stjarnan,Fram,4,2,96,0.024
2025-09-12,1,Stjarnan,Fram,4,3,24,0.006
2025-09-12,1,Stjarnan,Fram,4,4,11,0.00275
2025-09-12,1,Stjarnan,Fram,4,5,3,7.5e-4
2025-09-12,1,Stjarnan,Fram,4,7,2,5e-4
2025-09-12,1,Stjarnan,Fram,5,0,116,0.029
2025-09-12,1,Stjarnan,Fram,5,1,81,0.02025
2025-09-12,1,Stjarnan,Fram,5,2,52,0.013
2025-09-12,1,Stjarnan,Fram,5,3,26,0.0065
2025-09-12,1,Stjarnan,Fram,5,4,8,0.002
2025-09-12,1,Stjarnan,Fram,5,5,1,2.5e-4
2025-09-12,1,Stjarnan,Fram,6,0,53,0.01325
2025-09-12,1,Stjarnan,Fram,6,1,53,0.01325
2025-09-12,1,Stjarnan,Fram,6,2,24,0.006
2025-09-12,1,Stjarnan,Fram,6,3,8,0.002
2025-09-12,1,Stjarnan,Fram,6,4,6,0.0015
2025-09-12,1,Stjarnan,Fram,6,5,2,5e-4
2025-09-12,1,Stjarnan,Fram,7,0,22,0.0055
2025-09-12,1,Stjarnan,Fram,7,1,28,0.007
2025-09-12,1,Stjarnan,Fram,7,2,10,0.0025
2025-09-12,1,Stjarnan,Fram,7,3,5,0.00125
2025-09-12,1,Stjarnan,Fram,7,4,1,2.5e-4
2025-09-12,1,Stjarnan,Fram,7,5,2,5e-4
2025-09-12,1,Stjarnan,Fram,8,0,6,0.0015
2025-09-12,1,Stjarnan,Fram,8,1,11,0.00275
2025-09-12,1,Stjarnan,Fram,8,2,4,0.001
2025-09-12,1,Stjarnan,Fram,8,3,3,7.5e-4
2025-09-12,1,Stjarnan,Fram,9,0,5,0.00125
2025-09-12,1,Stjarnan,Fram,9,1,3,7.5e-4
2025-09-12,1,Stjarnan,Fram,9,2,3,7.5e-4
2025-09-12,1,Stjarnan,Fram,9,3,3,7.5e-4
2025-09-12,1,Stjarnan,Fram,10,0,1,2.5e-4
2025-09-12,1,Stjarnan,Fram,10,2,1,2.5e-4
2025-09-12,1,Stjarnan,Fram,11,1,2,5e-4
2025-09-12,1,Stjarnan,Fram,11,2,1,2.5e-4
2025-09-12,1,Stjarnan,Fram,12,0,1,2.5e-4
2025-09-12,1,Stjarnan,Fram,12,1,1,2.5e-4
2025-09-12,1,Stjarnan,Fram,12,2,1,2.5e-4
2025-09-12,1,Þór/KA,Þróttur R.,0,0,221,0.05525
2025-09-12,1,Þór/KA,Þróttur R.,0,1,307,0.07675
2025-09-12,1,Þór/KA,Þróttur R.,0,2,294,0.0735
2025-09-12,1,Þór/KA,Þróttur R.,0,3,178,0.0445
2025-09-12,1,Þór/KA,Þróttur R.,0,4,102,0.0255
2025-09-12,1,Þór/KA,Þróttur R.,0,5,42,0.0105
2025-09-12,1,Þór/KA,Þróttur R.,0,6,12,0.003
2025-09-12,1,Þór/KA,Þróttur R.,0,7,5,0.00125
2025-09-12,1,Þór/KA,Þróttur R.,0,8,6,0.0015
2025-09-12,1,Þór/KA,Þróttur R.,0,9,1,2.5e-4
2025-09-12,1,Þór/KA,Þróttur R.,0,10,1,2.5e-4
2025-09-12,1,Þór/KA,Þróttur R.,0,11,1,2.5e-4
2025-09-12,1,Þór/KA,Þróttur R.,0,12,1,2.5e-4
2025-09-12,1,Þór/KA,Þróttur R.,1,0,192,0.048
2025-09-12,1,Þór/KA,Þróttur R.,1,1,326,0.0815
2025-09-12,1,Þór/KA,Þróttur R.,1,2,356,0.089
2025-09-12,1,Þór/KA,Þróttur R.,1,3,205,0.05125
2025-09-12,1,Þór/KA,Þróttur R.,1,4,116,0.029
2025-09-12,1,Þór/KA,Þróttur R.,1,5,46,0.0115
2025-09-12,1,Þór/KA,Þróttur R.,1,6,20,0.005
2025-09-12,1,Þór/KA,Þróttur R.,1,7,6,0.0015
2025-09-12,1,Þór/KA,Þróttur R.,1,8,2,5e-4
2025-09-12,1,Þór/KA,Þróttur R.,1,9,2,5e-4
2025-09-12,1,Þór/KA,Þróttur R.,2,0,145,0.03625
2025-09-12,1,Þór/KA,Þróttur R.,2,1,217,0.05425
2025-09-12,1,Þór/KA,Þróttur R.,2,2,210,0.0525
2025-09-12,1,Þór/KA,Þróttur R.,2,3,149,0.03725
2025-09-12,1,Þór/KA,Þróttur R.,2,4,66,0.0165
2025-09-12,1,Þór/KA,Þróttur R.,2,5,32,0.008
2025-09-12,1,Þór/KA,Þróttur R.,2,6,18,0.0045
2025-09-12,1,Þór/KA,Þróttur R.,2,7,5,0.00125
2025-09-12,1,Þór/KA,Þróttur R.,2,8,3,7.5e-4
2025-09-12,1,Þór/KA,Þróttur R.,2,9,3,7.5e-4
2025-09-12,1,Þór/KA,Þróttur R.,3,0,60,0.015
2025-09-12,1,Þór/KA,Þróttur R.,3,1,95,0.02375
2025-09-12,1,Þór/KA,Þróttur R.,3,2,98,0.0245
2025-09-12,1,Þór/KA,Þróttur R.,3,3,76,0.019
2025-09-12,1,Þór/KA,Þróttur R.,3,4,49,0.01225
2025-09-12,1,Þór/KA,Þróttur R.,3,5,19,0.00475
2025-09-12,1,Þór/KA,Þróttur R.,3,6,12,0.003
2025-09-12,1,Þór/KA,Þróttur R.,3,7,2,5e-4
2025-09-12,1,Þór/KA,Þróttur R.,3,13,1,2.5e-4
2025-09-12,1,Þór/KA,Þróttur R.,4,0,35,0.00875
2025-09-12,1,Þór/KA,Þróttur R.,4,1,35,0.00875
2025-09-12,1,Þór/KA,Þróttur R.,4,2,54,0.0135
2025-09-12,1,Þór/KA,Þróttur R.,4,3,32,0.008
2025-09-12,1,Þór/KA,Þróttur R.,4,4,26,0.0065
2025-09-12,1,Þór/KA,Þróttur R.,4,5,11,0.00275
2025-09-12,1,Þór/KA,Þróttur R.,4,6,6,0.0015
2025-09-12,1,Þór/KA,Þróttur R.,5,0,8,0.002
2025-09-12,1,Þór/KA,Þróttur R.,5,1,13,0.00325
2025-09-12,1,Þór/KA,Þróttur R.,5,2,20,0.005
2025-09-12,1,Þór/KA,Þróttur R.,5,3,11,0.00275
2025-09-12,1,Þór/KA,Þróttur R.,5,4,5,0.00125
2025-09-12,1,Þór/KA,Þróttur R.,5,5,6,0.0015
2025-09-12,1,Þór/KA,Þróttur R.,5,6,1,2.5e-4
2025-09-12,1,Þór/KA,Þróttur R.,5,9,1,2.5e-4
2025-09-12,1,Þór/KA,Þróttur R.,6,0,3,7.5e-4
2025-09-12,1,Þór/KA,Þróttur R.,6,1,6,0.0015
2025-09-12,1,Þór/KA,Þróttur R.,6,2,3,7.5e-4
2025-09-12,1,Þór/KA,Þróttur R.,6,3,7,0.00175
2025-09-12,1,Þór/KA,Þróttur R.,6,6,2,5e-4
2025-09-12,1,Þór/KA,Þróttur R.,6,7,1,2.5e-4
2025-09-12,1,Þór/KA,Þróttur R.,7,1,1,2.5e-4
2025-09-12,1,Þór/KA,Þróttur R.,7,2,3,7.5e-4
2025-09-12,1,Þór/KA,Þróttur R.,7,3,1,2.5e-4
2025-09-12,1,Þór/KA,Þróttur R.,7,5,1,2.5e-4
2025-09-12,1,Þór/KA,Þróttur R.,8,0,2,5e-4
2025-09-12,1,Þór/KA,Þróttur R.,8,2,2,5e-4
2025-09-12,1,Þór/KA,Þróttur R.,8,4,1,2.5e-4
2025-09-12,1,Þór/KA,Þróttur R.,10,1,1,2.5e-4
2025-09-14,1,FHL,Breiðablik,0,0,14,0.0035
2025-09-14,1,FHL,Breiðablik,0,1,68,0.017
2025-09-14,1,FHL,Breiðablik,0,2,147,0.03675
2025-09-14,1,FHL,Breiðablik,0,3,249,0.06225
2025-09-14,1,FHL,Breiðablik,0,4,291,0.07275
2025-09-14,1,FHL,Breiðablik,0,5,324,0.081
2025-09-14,1,FHL,Breiðablik,0,6,348,0.087
2025-09-14,1,FHL,Breiðablik,0,7,294,0.0735
2025-09-14,1,FHL,Breiðablik,0,8,222,0.0555
2025-09-14,1,FHL,Breiðablik,0,9,163,0.04075
2025-09-14,1,FHL,Breiðablik,0,10,111,0.02775
2025-09-14,1,FHL,Breiðablik,0,11,72,0.018
2025-09-14,1,FHL,Breiðablik,0,12,57,0.01425
2025-09-14,1,FHL,Breiðablik,0,13,29,0.00725
2025-09-14,1,FHL,Breiðablik,0,14,20,0.005
2025-09-14,1,FHL,Breiðablik,0,15,14,0.0035
2025-09-14,1,FHL,Breiðablik,0,16,9,0.00225
2025-09-14,1,FHL,Breiðablik,0,17,4,0.001
2025-09-14,1,FHL,Breiðablik,0,18,2,5e-4
2025-09-14,1,FHL,Breiðablik,0,19,1,2.5e-4
2025-09-14,1,FHL,Breiðablik,0,20,2,5e-4
2025-09-14,1,FHL,Breiðablik,1,0,7,0.00175
2025-09-14,1,FHL,Breiðablik,1,1,24,0.006
2025-09-14,1,FHL,Breiðablik,1,2,71,0.01775
2025-09-14,1,FHL,Breiðablik,1,3,127,0.03175
2025-09-14,1,FHL,Breiðablik,1,4,157,0.03925
2025-09-14,1,FHL,Breiðablik,1,5,167,0.04175
2025-09-14,1,FHL,Breiðablik,1,6,155,0.03875
2025-09-14,1,FHL,Breiðablik,1,7,125,0.03125
2025-09-14,1,FHL,Breiðablik,1,8,92,0.023
2025-09-14,1,FHL,Breiðablik,1,9,73,0.01825
2025-09-14,1,FHL,Breiðablik,1,10,56,0.014
2025-09-14,1,FHL,Breiðablik,1,11,36,0.009
2025-09-14,1,FHL,Breiðablik,1,12,19,0.00475
2025-09-14,1,FHL,Breiðablik,1,13,18,0.0045
2025-09-14,1,FHL,Breiðablik,1,14,14,0.0035
2025-09-14,1,FHL,Breiðablik,1,15,5,0.00125
2025-09-14,1,FHL,Breiðablik,1,16,4,0.001
2025-09-14,1,FHL,Breiðablik,1,17,1,2.5e-4
2025-09-14,1,FHL,Breiðablik,1,18,1,2.5e-4
2025-09-14,1,FHL,Breiðablik,1,19,2,5e-4
2025-09-14,1,FHL,Breiðablik,1,22,1,2.5e-4
2025-09-14,1,FHL,Breiðablik,2,0,2,5e-4
2025-09-14,1,FHL,Breiðablik,2,1,8,0.002
2025-09-14,1,FHL,Breiðablik,2,2,21,0.00525
2025-09-14,1,FHL,Breiðablik,2,3,37,0.00925
2025-09-14,1,FHL,Breiðablik,2,4,36,0.009
2025-09-14,1,FHL,Breiðablik,2,5,40,0.01
2025-09-14,1,FHL,Breiðablik,2,6,38,0.0095
2025-09-14,1,FHL,Breiðablik,2,7,36,0.009
2025-09-14,1,FHL,Breiðablik,2,8,22,0.0055
2025-09-14,1,FHL,Breiðablik,2,9,23,0.00575
2025-09-14,1,FHL,Breiðablik,2,10,21,0.00525
2025-09-14,1,FHL,Breiðablik,2,11,9,0.00225
2025-09-14,1,FHL,Breiðablik,2,12,6,0.0015
2025-09-14,1,FHL,Breiðablik,2,13,5,0.00125
2025-09-14,1,FHL,Breiðablik,2,14,1,2.5e-4
2025-09-14,1,FHL,Breiðablik,2,15,3,7.5e-4
2025-09-14,1,FHL,Breiðablik,3,0,1,2.5e-4
2025-09-14,1,FHL,Breiðablik,3,1,3,7.5e-4
2025-09-14,1,FHL,Breiðablik,3,2,4,0.001
2025-09-14,1,FHL,Breiðablik,3,3,4,0.001
2025-09-14,1,FHL,Breiðablik,3,4,11,0.00275
2025-09-14,1,FHL,Breiðablik,3,5,10,0.0025
2025-09-14,1,FHL,Breiðablik,3,6,7,0.00175
2025-09-14,1,FHL,Breiðablik,3,7,11,0.00275
2025-09-14,1,FHL,Breiðablik,3,8,5,0.00125
2025-09-14,1,FHL,Breiðablik,3,9,9,0.00225
2025-09-14,1,FHL,Breiðablik,3,10,6,0.0015
2025-09-14,1,FHL,Breiðablik,3,11,3,7.5e-4
2025-09-14,1,FHL,Breiðablik,3,12,1,2.5e-4
2025-09-14,1,FHL,Breiðablik,3,13,1,2.5e-4
2025-09-14,1,FHL,Breiðablik,4,1,2,5e-4
2025-09-14,1,FHL,Breiðablik,4,2,1,2.5e-4
2025-09-14,1,FHL,Breiðablik,4,3,1,2.5e-4
2025-09-14,1,FHL,Breiðablik,4,4,3,7.5e-4
2025-09-14,1,FHL,Breiðablik,4,5,2,5e-4
2025-09-14,1,FHL,Breiðablik,4,6,3,7.5e-4
2025-09-14,1,FHL,Breiðablik,4,7,1,2.5e-4
2025-09-14,1,FHL,Breiðablik,4,10,1,2.5e-4
2025-09-14,1,FHL,Breiðablik,4,12,1,2.5e-4
2025-09-14,1,FHL,Breiðablik,4,16,1,2.5e-4
2025-09-14,1,FHL,Breiðablik,5,2,1,2.5e-4
2025-09-14,1,FHL,Breiðablik,5,12,1,2.5e-4
2025-09-14,1,FHL,Breiðablik,8,8,1,2.5e-4
2025-09-14,1,FHL,Breiðablik,11,11,1,2.5e-4
2025-09-14,1,Valur,Tindastóll,0,0,175,0.04375
2025-09-14,1,Valur,Tindastóll,0,1,98,0.0245
2025-09-14,1,Valur,Tindastóll,0,2,48,0.012
2025-09-14,1,Valur,Tindastóll,0,3,9,0.00225
2025-09-14,1,Valur,Tindastóll,0,4,3,7.5e-4
2025-09-14,1,Valur,Tindastóll,0,5,1,2.5e-4
2025-09-14,1,Valur,Tindastóll,1,0,392,0.098
2025-09-14,1,Valur,Tindastóll,1,1,271,0.06775
2025-09-14,1,Valur,Tindastóll,1,2,107,0.02675
2025-09-14,1,Valur,Tindastóll,1,3,26,0.0065
2025-09-14,1,Valur,Tindastóll,1,4,5,0.00125
2025-09-14,1,Valur,Tindastóll,1,5,2,5e-4
2025-09-14,1,Valur,Tindastóll,1,6,1,2.5e-4
2025-09-14,1,Valur,Tindastóll,2,0,474,0.1185
2025-09-14,1,Valur,Tindastóll,2,1,275,0.06875
2025-09-14,1,Valur,Tindastóll,2,2,133,0.03325
2025-09-14,1,Valur,Tindastóll,2,3,34,0.0085
2025-09-14,1,Valur,Tindastóll,2,4,6,0.0015
2025-09-14,1,Valur,Tindastóll,2,5,1,2.5e-4
2025-09-14,1,Valur,Tindastóll,2,6,1,2.5e-4
2025-09-14,1,Valur,Tindastóll,3,0,352,0.088
2025-09-14,1,Valur,Tindastóll,3,1,243,0.06075
2025-09-14,1,Valur,Tindastóll,3,2,113,0.02825
2025-09-14,1,Valur,Tindastóll,3,3,28,0.007
2025-09-14,1,Valur,Tindastóll,3,4,11,0.00275
2025-09-14,1,Valur,Tindastóll,3,5,1,2.5e-4
2025-09-14,1,Valur,Tindastóll,3,6,1,2.5e-4
2025-09-14,1,Valur,Tindastóll,4,0,265,0.06625
2025-09-14,1,Valur,Tindastóll,4,1,168,0.042
2025-09-14,1,Valur,Tindastóll,4,2,64,0.016
2025-09-14,1,Valur,Tindastóll,4,3,29,0.00725
2025-09-14,1,Valur,Tindastóll,4,4,8,0.002
2025-09-14,1,Valur,Tindastóll,4,5,1,2.5e-4
2025-09-14,1,Valur,Tindastóll,5,0,152,0.038
2025-09-14,1,Valur,Tindastóll,5,1,104,0.026
2025-09-14,1,Valur,Tindastóll,5,2,38,0.0095
2025-09-14,1,Valur,Tindastóll,5,3,8,0.002
2025-09-14,1,Valur,Tindastóll,5,4,2,5e-4
2025-09-14,1,Valur,Tindastóll,5,6,2,5e-4
2025-09-14,1,Valur,Tindastóll,6,0,96,0.024
2025-09-14,1,Valur,Tindastóll,6,1,57,0.01425
2025-09-14,1,Valur,Tindastóll,6,2,20,0.005
2025-09-14,1,Valur,Tindastóll,6,3,12,0.003
2025-09-14,1,Valur,Tindastóll,7,0,48,0.012
2025-09-14,1,Valur,Tindastóll,7,1,28,0.007
2025-09-14,1,Valur,Tindastóll,7,2,24,0.006
2025-09-14,1,Valur,Tindastóll,7,3,3,7.5e-4
2025-09-14,1,Valur,Tindastóll,7,4,1,2.5e-4
2025-09-14,1,Valur,Tindastóll,8,0,14,0.0035
2025-09-14,1,Valur,Tindastóll,8,1,14,0.0035
2025-09-14,1,Valur,Tindastóll,8,2,8,0.002
2025-09-14,1,Valur,Tindastóll,8,3,2,5e-4
2025-09-14,1,Valur,Tindastóll,9,0,3,7.5e-4
2025-09-14,1,Valur,Tindastóll,9,1,5,0.00125
2025-09-14,1,Valur,Tindastóll,9,2,2,5e-4
2025-09-14,1,Valur,Tindastóll,10,0,3,7.5e-4
2025-09-14,1,Valur,Tindastóll,10,1,1,2.5e-4
2025-09-14,1,Valur,Tindastóll,10,2,1,2.5e-4
2025-09-14,1,Valur,Tindastóll,11,0,2,5e-4
2025-09-14,1,Valur,Tindastóll,11,4,1,2.5e-4
2025-09-14,1,Valur,Tindastóll,12,0,1,2.5e-4
2025-09-14,1,Valur,Tindastóll,12,2,1,2.5e-4
2025-09-14,1,Valur,Tindastóll,13,0,1,2.5e-4
2025-09-20,1,Breiðablik,Þór/KA,0,0,50,0.0125
2025-09-20,1,Breiðablik,Þór/KA,0,1,26,0.0065
2025-09-20,1,Breiðablik,Þór/KA,0,2,10,0.0025
2025-09-20,1,Breiðablik,Þór/KA,0,3,3,7.5e-4
2025-09-20,1,Breiðablik,Þór/KA,0,4,1,2.5e-4
2025-09-20,1,Breiðablik,Þór/KA,1,0,139,0.03475
2025-09-20,1,Breiðablik,Þór/KA,1,1,118,0.0295
2025-09-20,1,Breiðablik,Þór/KA,1,2,40,0.01
2025-09-20,1,Breiðablik,Þór/KA,1,3,17,0.00425
2025-09-20,1,Breiðablik,Þór/KA,1,4,1,2.5e-4
2025-09-20,1,Breiðablik,Þór/KA,1,5,1,2.5e-4
2025-09-20,1,Breiðablik,Þór/KA,2,0,256,0.064
2025-09-20,1,Breiðablik,Þór/KA,2,1,174,0.0435
2025-09-20,1,Breiðablik,Þór/KA,2,2,59,0.01475
2025-09-20,1,Breiðablik,Þór/KA,2,3,25,0.00625
2025-09-20,1,Breiðablik,Þór/KA,2,4,3,7.5e-4
2025-09-20,1,Breiðablik,Þór/KA,2,5,3,7.5e-4
2025-09-20,1,Breiðablik,Þór/KA,2,6,1,2.5e-4
2025-09-20,1,Breiðablik,Þór/KA,3,0,310,0.0775
2025-09-20,1,Breiðablik,Þór/KA,3,1,184,0.046
2025-09-20,1,Breiðablik,Þór/KA,3,2,91,0.02275
2025-09-20,1,Breiðablik,Þór/KA,3,3,17,0.00425
2025-09-20,1,Breiðablik,Þór/KA,3,4,5,0.00125
2025-09-20,1,Breiðablik,Þór/KA,3,5,2,5e-4
2025-09-20,1,Breiðablik,Þór/KA,4,0,276,0.069
2025-09-20,1,Breiðablik,Þór/KA,4,1,234,0.0585
2025-09-20,1,Breiðablik,Þór/KA,4,2,77,0.01925
2025-09-20,1,Breiðablik,Þór/KA,4,3,32,0.008
2025-09-20,1,Breiðablik,Þór/KA,4,4,14,0.0035
2025-09-20,1,Breiðablik,Þór/KA,4,5,2,5e-4
2025-09-20,1,Breiðablik,Þór/KA,4,6,2,5e-4
2025-09-20,1,Breiðablik,Þór/KA,5,0,271,0.06775
2025-09-20,1,Breiðablik,Þór/KA,5,1,200,0.05
2025-09-20,1,Breiðablik,Þór/KA,5,2,74,0.0185
2025-09-20,1,Breiðablik,Þór/KA,5,3,18,0.0045
2025-09-20,1,Breiðablik,Þór/KA,5,4,4,0.001
2025-09-20,1,Breiðablik,Þór/KA,5,6,2,5e-4
2025-09-20,1,Breiðablik,Þór/KA,6,0,222,0.0555
2025-09-20,1,Breiðablik,Þór/KA,6,1,149,0.03725
2025-09-20,1,Breiðablik,Þór/KA,6,2,52,0.013
2025-09-20,1,Breiðablik,Þór/KA,6,3,15,0.00375
2025-09-20,1,Breiðablik,Þór/KA,6,4,3,7.5e-4
2025-09-20,1,Breiðablik,Þór/KA,6,5,2,5e-4
2025-09-20,1,Breiðablik,Þór/KA,7,0,157,0.03925
2025-09-20,1,Breiðablik,Þór/KA,7,1,101,0.02525
2025-09-20,1,Breiðablik,Þór/KA,7,2,46,0.0115
2025-09-20,1,Breiðablik,Þór/KA,7,3,11,0.00275
2025-09-20,1,Breiðablik,Þór/KA,7,4,3,7.5e-4
2025-09-20,1,Breiðablik,Þór/KA,7,5,3,7.5e-4
2025-09-20,1,Breiðablik,Þór/KA,8,0,93,0.02325
2025-09-20,1,Breiðablik,Þór/KA,8,1,65,0.01625
2025-09-20,1,Breiðablik,Þór/KA,8,2,29,0.00725
2025-09-20,1,Breiðablik,Þór/KA,8,3,7,0.00175
2025-09-20,1,Breiðablik,Þór/KA,8,5,1,2.5e-4
2025-09-20,1,Breiðablik,Þór/KA,9,0,75,0.01875
2025-09-20,1,Breiðablik,Þór/KA,9,1,36,0.009
2025-09-20,1,Breiðablik,Þór/KA,9,2,24,0.006
2025-09-20,1,Breiðablik,Þór/KA,9,3,6,0.0015
2025-09-20,1,Breiðablik,Þór/KA,10,0,31,0.00775
2025-09-20,1,Breiðablik,Þór/KA,10,1,28,0.007
2025-09-20,1,Breiðablik,Þór/KA,10,2,5,0.00125
2025-09-20,1,Breiðablik,Þór/KA,10,3,3,7.5e-4
2025-09-20,1,Breiðablik,Þór/KA,10,4,2,5e-4
2025-09-20,1,Breiðablik,Þór/KA,11,0,20,0.005
2025-09-20,1,Breiðablik,Þór/KA,11,1,16,0.004
2025-09-20,1,Breiðablik,Þór/KA,11,2,9,0.00225
2025-09-20,1,Breiðablik,Þór/KA,11,3,2,5e-4
2025-09-20,1,Breiðablik,Þór/KA,12,0,10,0.0025
2025-09-20,1,Breiðablik,Þór/KA,12,1,6,0.0015
2025-09-20,1,Breiðablik,Þór/KA,12,2,3,7.5e-4
2025-09-20,1,Breiðablik,Þór/KA,12,3,1,2.5e-4
2025-09-20,1,Breiðablik,Þór/KA,13,0,8,0.002
2025-09-20,1,Breiðablik,Þór/KA,13,2,3,7.5e-4
2025-09-20,1,Breiðablik,Þór/KA,14,0,1,2.5e-4
2025-09-20,1,Breiðablik,Þór/KA,14,1,4,0.001
2025-09-20,1,Breiðablik,Þór/KA,15,0,1,2.5e-4
2025-09-20,1,Breiðablik,Þór/KA,15,1,1,2.5e-4
2025-09-20,1,Breiðablik,Þór/KA,16,0,3,7.5e-4
2025-09-20,1,Breiðablik,Þór/KA,19,1,1,2.5e-4
2025-09-20,1,Fram,Valur,0,0,217,0.05425
2025-09-20,1,Fram,Valur,0,1,341,0.08525
2025-09-20,1,Fram,Valur,0,2,356,0.089
2025-09-20,1,Fram,Valur,0,3,247,0.06175
2025-09-20,1,Fram,Valur,0,4,134,0.0335
2025-09-20,1,Fram,Valur,0,5,94,0.0235
2025-09-20,1,Fram,Valur,0,6,20,0.005
2025-09-20,1,Fram,Valur,0,7,12,0.003
2025-09-20,1,Fram,Valur,0,8,8,0.002
2025-09-20,1,Fram,Valur,0,9,3,7.5e-4
2025-09-20,1,Fram,Valur,0,11,1,2.5e-4
2025-09-20,1,Fram,Valur,1,0,175,0.04375
2025-09-20,1,Fram,Valur,1,1,336,0.084
2025-09-20,1,Fram,Valur,1,2,322,0.0805
2025-09-20,1,Fram,Valur,1,3,235,0.05875
2025-09-20,1,Fram,Valur,1,4,149,0.03725
2025-09-20,1,Fram,Valur,1,5,71,0.01775
2025-09-20,1,Fram,Valur,1,6,42,0.0105
2025-09-20,1,Fram,Valur,1,7,20,0.005
2025-09-20,1,Fram,Valur,1,8,6,0.0015
2025-09-20,1,Fram,Valur,1,9,1,2.5e-4
2025-09-20,1,Fram,Valur,1,10,1,2.5e-4
2025-09-20,1,Fram,Valur,1,11,1,2.5e-4
2025-09-20,1,Fram,Valur,1,12,1,2.5e-4
2025-09-20,1,Fram,Valur,2,0,66,0.0165
2025-09-20,1,Fram,Valur,2,1,193,0.04825
2025-09-20,1,Fram,Valur,2,2,208,0.052
2025-09-20,1,Fram,Valur,2,3,125,0.03125
2025-09-20,1,Fram,Valur,2,4,83,0.02075
2025-09-20,1,Fram,Valur,2,5,47,0.01175
2025-09-20,1,Fram,Valur,2,6,16,0.004
2025-09-20,1,Fram,Valur,2,7,7,0.00175
2025-09-20,1,Fram,Valur,2,8,4,0.001
2025-09-20,1,Fram,Valur,2,11,1,2.5e-4
2025-09-20,1,Fram,Valur,3,0,33,0.00825
2025-09-20,1,Fram,Valur,3,1,68,0.017
2025-09-20,1,Fram,Valur,3,2,70,0.0175
2025-09-20,1,Fram,Valur,3,3,64,0.016
2025-09-20,1,Fram,Valur,3,4,29,0.00725
2025-09-20,1,Fram,Valur,3,5,15,0.00375
2025-09-20,1,Fram,Valur,3,6,16,0.004
2025-09-20,1,Fram,Valur,3,7,8,0.002
2025-09-20,1,Fram,Valur,3,8,2,5e-4
2025-09-20,1,Fram,Valur,4,0,17,0.00425
2025-09-20,1,Fram,Valur,4,1,27,0.00675
2025-09-20,1,Fram,Valur,4,2,23,0.00575
2025-09-20,1,Fram,Valur,4,3,31,0.00775
2025-09-20,1,Fram,Valur,4,4,9,0.00225
2025-09-20,1,Fram,Valur,4,5,10,0.0025
2025-09-20,1,Fram,Valur,4,6,5,0.00125
2025-09-20,1,Fram,Valur,4,11,1,2.5e-4
2025-09-20,1,Fram,Valur,5,0,1,2.5e-4
2025-09-20,1,Fram,Valur,5,1,3,7.5e-4
2025-09-20,1,Fram,Valur,5,2,4,0.001
2025-09-20,1,Fram,Valur,5,3,2,5e-4
2025-09-20,1,Fram,Valur,5,4,4,0.001
2025-09-20,1,Fram,Valur,5,5,1,2.5e-4
2025-09-20,1,Fram,Valur,5,6,1,2.5e-4
2025-09-20,1,Fram,Valur,5,7,1,2.5e-4
2025-09-20,1,Fram,Valur,5,8,1,2.5e-4
2025-09-20,1,Fram,Valur,6,0,1,2.5e-4
2025-09-20,1,Fram,Valur,6,1,3,7.5e-4
2025-09-20,1,Fram,Valur,6,2,1,2.5e-4
2025-09-20,1,Fram,Valur,6,3,2,5e-4
2025-09-20,1,Fram,Valur,6,4,2,5e-4
2025-09-20,1,Fram,Valur,7,2,1,2.5e-4
2025-09-20,1,Fram,Valur,8,2,1,2.5e-4
2025-09-20,1,Tindastóll,FH,0,0,157,0.03925
2025-09-20,1,Tindastóll,FH,0,1,269,0.06725
2025-09-20,1,Tindastóll,FH,0,2,313,0.07825
2025-09-20,1,Tindastóll,FH,0,3,216,0.054
2025-09-20,1,Tindastóll,FH,0,4,137,0.03425
2025-09-20,1,Tindastóll,FH,0,5,100,0.025
2025-09-20,1,Tindastóll,FH,0,6,49,0.01225
2025-09-20,1,Tindastóll,FH,0,7,21,0.00525
2025-09-20,1,Tindastóll,FH,0,8,10,0.0025
2025-09-20,1,Tindastóll,FH,0,9,5,0.00125
2025-09-20,1,Tindastóll,FH,1,0,131,0.03275
2025-09-20,1,Tindastóll,FH,1,1,289,0.07225
2025-09-20,1,Tindastóll,FH,1,2,316,0.079
2025-09-20,1,Tindastóll,FH,1,3,254,0.0635
2025-09-20,1,Tindastóll,FH,1,4,151,0.03775
2025-09-20,1,Tindastóll,FH,1,5,112,0.028
2025-09-20,1,Tindastóll,FH,1,6,36,0.009
2025-09-20,1,Tindastóll,FH,1,7,25,0.00625
2025-09-20,1,Tindastóll,FH,1,8,13,0.00325
2025-09-20,1,Tindastóll,FH,1,9,3,7.5e-4
2025-09-20,1,Tindastóll,FH,1,10,3,7.5e-4
2025-09-20,1,Tindastóll,FH,2,0,89,0.02225
2025-09-20,1,Tindastóll,FH,2,1,171,0.04275
2025-09-20,1,Tindastóll,FH,2,2,192,0.048
2025-09-20,1,Tindastóll,FH,2,3,154,0.0385
2025-09-20,1,Tindastóll,FH,2,4,103,0.02575
2025-09-20,1,Tindastóll,FH,2,5,57,0.01425
2025-09-20,1,Tindastóll,FH,2,6,38,0.0095
2025-09-20,1,Tindastóll,FH,2,7,18,0.0045
2025-09-20,1,Tindastóll,FH,2,8,4,0.001
2025-09-20,1,Tindastóll,FH,2,9,2,5e-4
2025-09-20,1,Tindastóll,FH,2,10,2,5e-4
2025-09-20,1,Tindastóll,FH,3,0,32,0.008
2025-09-20,1,Tindastóll,FH,3,1,65,0.01625
2025-09-20,1,Tindastóll,FH,3,2,87,0.02175
2025-09-20,1,Tindastóll,FH,3,3,73,0.01825
2025-09-20,1,Tindastóll,FH,3,4,53,0.01325
2025-09-20,1,Tindastóll,FH,3,5,27,0.00675
2025-09-20,1,Tindastóll,FH,3,6,14,0.0035
2025-09-20,1,Tindastóll,FH,3,7,5,0.00125
2025-09-20,1,Tindastóll,FH,3,8,2,5e-4
2025-09-20,1,Tindastóll,FH,3,9,2,5e-4
2025-09-20,1,Tindastóll,FH,4,0,10,0.0025
2025-09-20,1,Tindastóll,FH,4,1,37,0.00925
2025-09-20,1,Tindastóll,FH,4,2,34,0.0085
2025-09-20,1,Tindastóll,FH,4,3,29,0.00725
2025-09-20,1,Tindastóll,FH,4,4,14,0.0035
2025-09-20,1,Tindastóll,FH,4,5,6,0.0015
2025-09-20,1,Tindastóll,FH,4,6,5,0.00125
2025-09-20,1,Tindastóll,FH,4,7,1,2.5e-4
2025-09-20,1,Tindastóll,FH,4,8,1,2.5e-4
2025-09-20,1,Tindastóll,FH,5,0,3,7.5e-4
2025-09-20,1,Tindastóll,FH,5,1,9,0.00225
2025-09-20,1,Tindastóll,FH,5,2,8,0.002
2025-09-20,1,Tindastóll,FH,5,3,10,0.0025
2025-09-20,1,Tindastóll,FH,5,4,4,0.001
2025-09-20,1,Tindastóll,FH,5,5,4,0.001
2025-09-20,1,Tindastóll,FH,5,6,2,5e-4
2025-09-20,1,Tindastóll,FH,5,10,1,2.5e-4
2025-09-20,1,Tindastóll,FH,6,0,1,2.5e-4
2025-09-20,1,Tindastóll,FH,6,1,5,0.00125
2025-09-20,1,Tindastóll,FH,6,2,2,5e-4
2025-09-20,1,Tindastóll,FH,6,3,3,7.5e-4
2025-09-20,1,Tindastóll,FH,6,4,4,0.001
2025-09-20,1,Tindastóll,FH,6,5,1,2.5e-4
2025-09-20,1,Tindastóll,FH,6,6,1,2.5e-4
2025-09-20,1,Tindastóll,FH,7,2,1,2.5e-4
2025-09-20,1,Tindastóll,FH,7,3,1,2.5e-4
2025-09-20,1,Tindastóll,FH,7,5,1,2.5e-4
2025-09-20,1,Tindastóll,FH,8,3,1,2.5e-4
2025-09-20,1,Tindastóll,FH,9,8,1,2.5e-4
2025-09-20,1,Víkingur R.,FHL,0,0,182,0.0455
2025-09-20,1,Víkingur R.,FHL,0,1,94,0.0235
2025-09-20,1,Víkingur R.,FHL,0,2,31,0.00775
2025-09-20,1,Víkingur R.,FHL,0,3,6,0.0015
2025-09-20,1,Víkingur R.,FHL,0,5,1,2.5e-4
2025-09-20,1,Víkingur R.,FHL,1,0,333,0.08325
2025-09-20,1,Víkingur R.,FHL,1,1,248,0.062
2025-09-20,1,Víkingur R.,FHL,1,2,72,0.018
2025-09-20,1,Víkingur R.,FHL,1,3,18,0.0045
2025-09-20,1,Víkingur R.,FHL,1,4,6,0.0015
2025-09-20,1,Víkingur R.,FHL,2,0,435,0.10875
2025-09-20,1,Víkingur R.,FHL,2,1,300,0.075
2025-09-20,1,Víkingur R.,FHL,2,2,109,0.02725
2025-09-20,1,Víkingur R.,FHL,2,3,31,0.00775
2025-09-20,1,Víkingur R.,FHL,2,4,7,0.00175
2025-09-20,1,Víkingur R.,FHL,2,6,1,2.5e-4
2025-09-20,1,Víkingur R.,FHL,3,0,417,0.10425
2025-09-20,1,Víkingur R.,FHL,3,1,237,0.05925
2025-09-20,1,Víkingur R.,FHL,3,2,72,0.018
2025-09-20,1,Víkingur R.,FHL,3,3,17,0.00425
2025-09-20,1,Víkingur R.,FHL,3,4,8,0.002
2025-09-20,1,Víkingur R.,FHL,3,5,1,2.5e-4
2025-09-20,1,Víkingur R.,FHL,4,0,292,0.073
2025-09-20,1,Víkingur R.,FHL,4,1,193,0.04825
2025-09-20,1,Víkingur R.,FHL,4,2,64,0.016
2025-09-20,1,Víkingur R.,FHL,4,3,26,0.0065
2025-09-20,1,Víkingur R.,FHL,4,4,9,0.00225
2025-09-20,1,Víkingur R.,FHL,4,5,1,2.5e-4
2025-09-20,1,Víkingur R.,FHL,5,0,176,0.044
2025-09-20,1,Víkingur R.,FHL,5,1,113,0.02825
2025-09-20,1,Víkingur R.,FHL,5,2,42,0.0105
2025-09-20,1,Víkingur R.,FHL,5,3,13,0.00325
2025-09-20,1,Víkingur R.,FHL,5,4,5,0.00125
2025-09-20,1,Víkingur R.,FHL,6,0,109,0.02725
2025-09-20,1,Víkingur R.,FHL,6,1,68,0.017
2025-09-20,1,Víkingur R.,FHL,6,2,26,0.0065
2025-09-20,1,Víkingur R.,FHL,6,3,2,5e-4
2025-09-20,1,Víkingur R.,FHL,6,4,5,0.00125
2025-09-20,1,Víkingur R.,FHL,6,5,1,2.5e-4
2025-09-20,1,Víkingur R.,FHL,7,0,64,0.016
2025-09-20,1,Víkingur R.,FHL,7,1,46,0.0115
2025-09-20,1,Víkingur R.,FHL,7,2,11,0.00275
2025-09-20,1,Víkingur R.,FHL,7,3,5,0.00125
2025-09-20,1,Víkingur R.,FHL,7,6,1,2.5e-4
2025-09-20,1,Víkingur R.,FHL,8,0,31,0.00775
2025-09-20,1,Víkingur R.,FHL,8,1,16,0.004
2025-09-20,1,Víkingur R.,FHL,8,2,9,0.00225
2025-09-20,1,Víkingur R.,FHL,8,3,1,2.5e-4
2025-09-20,1,Víkingur R.,FHL,9,0,7,0.00175
2025-09-20,1,Víkingur R.,FHL,9,1,14,0.0035
2025-09-20,1,Víkingur R.,FHL,9,2,6,0.0015
2025-09-20,1,Víkingur R.,FHL,10,0,5,0.00125
2025-09-20,1,Víkingur R.,FHL,10,1,4,0.001
2025-09-20,1,Víkingur R.,FHL,10,2,1,2.5e-4
2025-09-20,1,Víkingur R.,FHL,10,3,2,5e-4
2025-09-20,1,Víkingur R.,FHL,11,1,4,0.001
2025-09-20,1,Víkingur R.,FHL,11,3,1,2.5e-4
2025-09-20,1,Víkingur R.,FHL,12,0,1,2.5e-4
2025-09-20,1,Þróttur R.,Stjarnan,0,0,217,0.05425
2025-09-20,1,Þróttur R.,Stjarnan,0,1,130,0.0325
2025-09-20,1,Þróttur R.,Stjarnan,0,2,50,0.0125
2025-09-20,1,Þróttur R.,Stjarnan,0,3,21,0.00525
2025-09-20,1,Þróttur R.,Stjarnan,0,4,3,7.5e-4
2025-09-20,1,Þróttur R.,Stjarnan,1,0,412,0.103
2025-09-20,1,Þróttur R.,Stjarnan,1,1,307,0.07675
2025-09-20,1,Þróttur R.,Stjarnan,1,2,119,0.02975
2025-09-20,1,Þróttur R.,Stjarnan,1,3,34,0.0085
2025-09-20,1,Þróttur R.,Stjarnan,1,4,11,0.00275
2025-09-20,1,Þróttur R.,Stjarnan,1,5,3,7.5e-4
2025-09-20,1,Þróttur R.,Stjarnan,2,0,469,0.11725
2025-09-20,1,Þróttur R.,Stjarnan,2,1,284,0.071
2025-09-20,1,Þróttur R.,Stjarnan,2,2,143,0.03575
2025-09-20,1,Þróttur R.,Stjarnan,2,3,52,0.013
2025-09-20,1,Þróttur R.,Stjarnan,2,4,20,0.005
2025-09-20,1,Þróttur R.,Stjarnan,2,5,2,5e-4
2025-09-20,1,Þróttur R.,Stjarnan,3,0,328,0.082
2025-09-20,1,Þróttur R.,Stjarnan,3,1,277,0.06925
2025-09-20,1,Þróttur R.,Stjarnan,3,2,101,0.02525
2025-09-20,1,Þróttur R.,Stjarnan,3,3,32,0.008
2025-09-20,1,Þróttur R.,Stjarnan,3,4,13,0.00325
2025-09-20,1,Þróttur R.,Stjarnan,3,5,2,5e-4
2025-09-20,1,Þróttur R.,Stjarnan,4,0,196,0.049
2025-09-20,1,Þróttur R.,Stjarnan,4,1,160,0.04
2025-09-20,1,Þróttur R.,Stjarnan,4,2,82,0.0205
2025-09-20,1,Þróttur R.,Stjarnan,4,3,20,0.005
2025-09-20,1,Þróttur R.,Stjarnan,4,6,1,2.5e-4
2025-09-20,1,Þróttur R.,Stjarnan,5,0,125,0.03125
2025-09-20,1,Þróttur R.,Stjarnan,5,1,87,0.02175
2025-09-20,1,Þróttur R.,Stjarnan,5,2,32,0.008
2025-09-20,1,Þróttur R.,Stjarnan,5,3,13,0.00325
2025-09-20,1,Þróttur R.,Stjarnan,5,4,5,0.00125
2025-09-20,1,Þróttur R.,Stjarnan,5,5,3,7.5e-4
2025-09-20,1,Þróttur R.,Stjarnan,6,0,66,0.0165
2025-09-20,1,Þróttur R.,Stjarnan,6,1,40,0.01
2025-09-20,1,Þróttur R.,Stjarnan,6,2,14,0.0035
2025-09-20,1,Þróttur R.,Stjarnan,6,3,9,0.00225
2025-09-20,1,Þróttur R.,Stjarnan,6,4,1,2.5e-4
2025-09-20,1,Þróttur R.,Stjarnan,7,0,27,0.00675
2025-09-20,1,Þróttur R.,Stjarnan,7,1,32,0.008
2025-09-20,1,Þróttur R.,Stjarnan,7,2,9,0.00225
2025-09-20,1,Þróttur R.,Stjarnan,7,3,1,2.5e-4
2025-09-20,1,Þróttur R.,Stjarnan,7,4,1,2.5e-4
2025-09-20,1,Þróttur R.,Stjarnan,7,5,1,2.5e-4
2025-09-20,1,Þróttur R.,Stjarnan,8,0,12,0.003
2025-09-20,1,Þróttur R.,Stjarnan,8,1,7,0.00175
2025-09-20,1,Þróttur R.,Stjarnan,8,2,7,0.00175
2025-09-20,1,Þróttur R.,Stjarnan,8,3,2,5e-4
2025-09-20,1,Þróttur R.,Stjarnan,9,0,5,0.00125
2025-09-20,1,Þróttur R.,Stjarnan,9,1,5,0.00125
2025-09-20,1,Þróttur R.,Stjarnan,9,2,1,2.5e-4
2025-09-20,1,Þróttur R.,Stjarnan,9,3,1,2.5e-4
2025-09-20,1,Þróttur R.,Stjarnan,10,0,3,7.5e-4
2025-09-20,1,Þróttur R.,Stjarnan,10,1,2,5e-4
