date,division,home,away,home_goals,away_goals,n,p
2025-08-20,1,Fram,Víkingur R.,0,0,86,0.0215
2025-08-20,1,Fram,Víkingur R.,0,1,110,0.0275
2025-08-20,1,Fram,Víkingur R.,0,2,137,0.03425
2025-08-20,1,Fram,Víkingur R.,0,3,135,0.03375
2025-08-20,1,Fram,Víkingur R.,0,4,76,0.019
2025-08-20,1,Fram,Víkingur R.,0,5,53,0.01325
2025-08-20,1,Fram,Víkingur R.,0,6,35,0.00875
2025-08-20,1,Fram,Víkingur R.,0,7,19,0.00475
2025-08-20,1,Fram,Víkingur R.,0,8,7,0.00175
2025-08-20,1,Fram,Víkingur R.,0,9,1,2.5e-4
2025-08-20,1,Fram,Víkingur R.,0,14,1,2.5e-4
2025-08-20,1,Fram,Víkingur R.,1,0,80,0.02
2025-08-20,1,Fram,Víkingur R.,1,1,209,0.05225
2025-08-20,1,Fram,Víkingur R.,1,2,252,0.063
2025-08-20,1,Fram,Víkingur R.,1,3,211,0.05275
2025-08-20,1,Fram,Víkingur R.,1,4,159,0.03975
2025-08-20,1,Fram,Víkingur R.,1,5,86,0.0215
2025-08-20,1,Fram,Víkingur R.,1,6,65,0.01625
2025-08-20,1,Fram,Víkingur R.,1,7,24,0.006
2025-08-20,1,Fram,Víkingur R.,1,8,11,0.00275
2025-08-20,1,Fram,Víkingur R.,1,9,5,0.00125
2025-08-20,1,Fram,Víkingur R.,1,10,3,7.5e-4
2025-08-20,1,Fram,Víkingur R.,2,0,68,0.017
2025-08-20,1,Fram,Víkingur R.,2,1,181,0.04525
2025-08-20,1,Fram,Víkingur R.,2,2,223,0.05575
2025-08-20,1,Fram,Víkingur R.,2,3,203,0.05075
2025-08-20,1,Fram,Víkingur R.,2,4,150,0.0375
2025-08-20,1,Fram,Víkingur R.,2,5,96,0.024
2025-08-20,1,Fram,Víkingur R.,2,6,61,0.01525
2025-08-20,1,Fram,Víkingur R.,2,7,26,0.0065
2025-08-20,1,Fram,Víkingur R.,2,8,14,0.0035
2025-08-20,1,Fram,Víkingur R.,2,9,4,0.001
2025-08-20,1,Fram,Víkingur R.,2,10,1,2.5e-4
2025-08-20,1,Fram,Víkingur R.,2,11,2,5e-4
2025-08-20,1,Fram,Víkingur R.,2,12,1,2.5e-4
2025-08-20,1,Fram,Víkingur R.,3,0,49,0.01225
2025-08-20,1,Fram,Víkingur R.,3,1,113,0.02825
2025-08-20,1,Fram,Víkingur R.,3,2,131,0.03275
2025-08-20,1,Fram,Víkingur R.,3,3,139,0.03475
2025-08-20,1,Fram,Víkingur R.,3,4,87,0.02175
2025-08-20,1,Fram,Víkingur R.,3,5,55,0.01375
2025-08-20,1,Fram,Víkingur R.,3,6,38,0.0095
2025-08-20,1,Fram,Víkingur R.,3,7,20,0.005
2025-08-20,1,Fram,Víkingur R.,3,8,4,0.001
2025-08-20,1,Fram,Víkingur R.,3,9,4,0.001
2025-08-20,1,Fram,Víkingur R.,3,10,3,7.5e-4
2025-08-20,1,Fram,Víkingur R.,4,0,29,0.00725
2025-08-20,1,Fram,Víkingur R.,4,1,62,0.0155
2025-08-20,1,Fram,Víkingur R.,4,2,55,0.01375
2025-08-20,1,Fram,Víkingur R.,4,3,66,0.0165
2025-08-20,1,Fram,Víkingur R.,4,4,43,0.01075
2025-08-20,1,Fram,Víkingur R.,4,5,28,0.007
2025-08-20,1,Fram,Víkingur R.,4,6,18,0.0045
2025-08-20,1,Fram,Víkingur R.,4,7,10,0.0025
2025-08-20,1,Fram,Víkingur R.,4,8,3,7.5e-4
2025-08-20,1,Fram,Víkingur R.,4,9,2,5e-4
2025-08-20,1,Fram,Víkingur R.,4,10,2,5e-4
2025-08-20,1,Fram,Víkingur R.,5,0,12,0.003
2025-08-20,1,Fram,Víkingur R.,5,1,24,0.006
2025-08-20,1,Fram,Víkingur R.,5,2,29,0.00725
2025-08-20,1,Fram,Víkingur R.,5,3,23,0.00575
2025-08-20,1,Fram,Víkingur R.,5,4,27,0.00675
2025-08-20,1,Fram,Víkingur R.,5,5,13,0.00325
2025-08-20,1,Fram,Víkingur R.,5,6,7,0.00175
2025-08-20,1,Fram,Víkingur R.,5,7,2,5e-4
2025-08-20,1,Fram,Víkingur R.,5,8,1,2.5e-4
2025-08-20,1,Fram,Víkingur R.,6,0,4,0.001
2025-08-20,1,Fram,Víkingur R.,6,1,6,0.0015
2025-08-20,1,Fram,Víkingur R.,6,2,14,0.0035
2025-08-20,1,Fram,Víkingur R.,6,3,18,0.0045
2025-08-20,1,Fram,Víkingur R.,6,4,11,0.00275
2025-08-20,1,Fram,Víkingur R.,6,5,3,7.5e-4
2025-08-20,1,Fram,Víkingur R.,6,6,8,0.002
2025-08-20,1,Fram,Víkingur R.,6,7,2,5e-4
2025-08-20,1,Fram,Víkingur R.,6,8,1,2.5e-4
2025-08-20,1,Fram,Víkingur R.,6,9,1,2.5e-4
2025-08-20,1,Fram,Víkingur R.,6,11,1,2.5e-4
2025-08-20,1,Fram,Víkingur R.,7,0,2,5e-4
2025-08-20,1,Fram,Víkingur R.,7,1,3,7.5e-4
2025-08-20,1,Fram,Víkingur R.,7,2,2,5e-4
2025-08-20,1,Fram,Víkingur R.,7,3,6,0.0015
2025-08-20,1,Fram,Víkingur R.,7,4,6,0.0015
2025-08-20,1,Fram,Víkingur R.,7,5,4,0.001
2025-08-20,1,Fram,Víkingur R.,7,6,2,5e-4
2025-08-20,1,Fram,Víkingur R.,7,7,1,2.5e-4
2025-08-20,1,Fram,Víkingur R.,8,1,1,2.5e-4
2025-08-20,1,Fram,Víkingur R.,8,3,2,5e-4
2025-08-20,1,Fram,Víkingur R.,8,4,4,0.001
2025-08-20,1,Fram,Víkingur R.,8,5,2,5e-4
2025-08-20,1,Fram,Víkingur R.,8,9,1,2.5e-4
2025-08-20,1,Fram,Víkingur R.,10,0,1,2.5e-4
2025-08-20,1,Þróttur R.,Valur,0,0,332,0.083
2025-08-20,1,Þróttur R.,Valur,0,1,336,0.084
2025-08-20,1,Þróttur R.,Valur,0,2,165,0.04125
2025-08-20,1,Þróttur R.,Valur,0,3,82,0.0205
2025-08-20,1,Þróttur R.,Valur,0,4,22,0.0055
2025-08-20,1,Þróttur R.,Valur,0,5,5,0.00125
2025-08-20,1,Þróttur R.,Valur,0,6,4,0.001
2025-08-20,1,Þróttur R.,Valur,0,7,1,2.5e-4
2025-08-20,1,Þróttur R.,Valur,1,0,387,0.09675
2025-08-20,1,Þróttur R.,Valur,1,1,465,0.11625
2025-08-20,1,Þróttur R.,Valur,1,2,230,0.0575
2025-08-20,1,Þróttur R.,Valur,1,3,82,0.0205
2025-08-20,1,Þróttur R.,Valur,1,4,24,0.006
2025-08-20,1,Þróttur R.,Valur,1,5,15,0.00375
2025-08-20,1,Þróttur R.,Valur,1,6,1,2.5e-4
2025-08-20,1,Þróttur R.,Valur,2,0,283,0.07075
2025-08-20,1,Þróttur R.,Valur,2,1,329,0.08225
2025-08-20,1,Þróttur R.,Valur,2,2,206,0.0515
2025-08-20,1,Þróttur R.,Valur,2,3,88,0.022
2025-08-20,1,Þróttur R.,Valur,2,4,37,0.00925
2025-08-20,1,Þróttur R.,Valur,2,5,10,0.0025
2025-08-20,1,Þróttur R.,Valur,2,6,2,5e-4
2025-08-20,1,Þróttur R.,Valur,2,7,1,2.5e-4
2025-08-20,1,Þróttur R.,Valur,3,0,141,0.03525
2025-08-20,1,Þróttur R.,Valur,3,1,180,0.045
2025-08-20,1,Þróttur R.,Valur,3,2,111,0.02775
2025-08-20,1,Þróttur R.,Valur,3,3,61,0.01525
2025-08-20,1,Þróttur R.,Valur,3,4,19,0.00475
2025-08-20,1,Þróttur R.,Valur,3,5,6,0.0015
2025-08-20,1,Þróttur R.,Valur,3,6,2,5e-4
2025-08-20,1,Þróttur R.,Valur,4,0,55,0.01375
2025-08-20,1,Þróttur R.,Valur,4,1,87,0.02175
2025-08-20,1,Þróttur R.,Valur,4,2,53,0.01325
2025-08-20,1,Þróttur R.,Valur,4,3,26,0.0065
2025-08-20,1,Þróttur R.,Valur,4,4,14,0.0035
2025-08-20,1,Þróttur R.,Valur,4,5,3,7.5e-4
2025-08-20,1,Þróttur R.,Valur,5,0,30,0.0075
2025-08-20,1,Þróttur R.,Valur,5,1,24,0.006
2025-08-20,1,Þróttur R.,Valur,5,2,18,0.0045
2025-08-20,1,Þróttur R.,Valur,5,3,10,0.0025
2025-08-20,1,Þróttur R.,Valur,5,4,2,5e-4
2025-08-20,1,Þróttur R.,Valur,6,0,19,0.00475
2025-08-20,1,Þróttur R.,Valur,6,1,9,0.00225
2025-08-20,1,Þróttur R.,Valur,6,2,7,0.00175
2025-08-20,1,Þróttur R.,Valur,6,3,3,7.5e-4
2025-08-20,1,Þróttur R.,Valur,6,4,1,2.5e-4
2025-08-20,1,Þróttur R.,Valur,7,0,4,0.001
2025-08-20,1,Þróttur R.,Valur,7,1,3,7.5e-4
2025-08-20,1,Þróttur R.,Valur,7,2,3,7.5e-4
2025-08-20,1,Þróttur R.,Valur,8,0,1,2.5e-4
2025-08-20,1,Þróttur R.,Valur,8,2,1,2.5e-4
2025-08-21,1,Stjarnan,FH,0,0,165,0.04125
2025-08-21,1,Stjarnan,FH,0,1,236,0.059
2025-08-21,1,Stjarnan,FH,0,2,283,0.07075
2025-08-21,1,Stjarnan,FH,0,3,183,0.04575
2025-08-21,1,Stjarnan,FH,0,4,134,0.0335
2025-08-21,1,Stjarnan,FH,0,5,73,0.01825
2025-08-21,1,Stjarnan,FH,0,6,27,0.00675
2025-08-21,1,Stjarnan,FH,0,7,10,0.0025
2025-08-21,1,Stjarnan,FH,0,8,6,0.0015
2025-08-21,1,Stjarnan,FH,0,9,2,5e-4
2025-08-21,1,Stjarnan,FH,0,10,1,2.5e-4
2025-08-21,1,Stjarnan,FH,1,0,192,0.048
2025-08-21,1,Stjarnan,FH,1,1,341,0.08525
2025-08-21,1,Stjarnan,FH,1,2,331,0.08275
2025-08-21,1,Stjarnan,FH,1,3,237,0.05925
2025-08-21,1,Stjarnan,FH,1,4,127,0.03175
2025-08-21,1,Stjarnan,FH,1,5,71,0.01775
2025-08-21,1,Stjarnan,FH,1,6,26,0.0065
2025-08-21,1,Stjarnan,FH,1,7,20,0.005
2025-08-21,1,Stjarnan,FH,1,8,3,7.5e-4
2025-08-21,1,Stjarnan,FH,1,9,1,2.5e-4
2025-08-21,1,Stjarnan,FH,1,10,1,2.5e-4
2025-08-21,1,Stjarnan,FH,2,0,94,0.0235
2025-08-21,1,Stjarnan,FH,2,1,203,0.05075
2025-08-21,1,Stjarnan,FH,2,2,218,0.0545
2025-08-21,1,Stjarnan,FH,2,3,164,0.041
2025-08-21,1,Stjarnan,FH,2,4,107,0.02675
2025-08-21,1,Stjarnan,FH,2,5,57,0.01425
2025-08-21,1,Stjarnan,FH,2,6,19,0.00475
2025-08-21,1,Stjarnan,FH,2,7,14,0.0035
2025-08-21,1,Stjarnan,FH,2,8,5,0.00125
2025-08-21,1,Stjarnan,FH,2,9,2,5e-4
2025-08-21,1,Stjarnan,FH,2,10,1,2.5e-4
2025-08-21,1,Stjarnan,FH,3,0,46,0.0115
2025-08-21,1,Stjarnan,FH,3,1,80,0.02
2025-08-21,1,Stjarnan,FH,3,2,104,0.026
2025-08-21,1,Stjarnan,FH,3,3,73,0.01825
2025-08-21,1,Stjarnan,FH,3,4,52,0.013
2025-08-21,1,Stjarnan,FH,3,5,28,0.007
2025-08-21,1,Stjarnan,FH,3,6,11,0.00275
2025-08-21,1,Stjarnan,FH,3,7,7,0.00175
2025-08-21,1,Stjarnan,FH,3,8,3,7.5e-4
2025-08-21,1,Stjarnan,FH,4,0,24,0.006
2025-08-21,1,Stjarnan,FH,4,1,35,0.00875
2025-08-21,1,Stjarnan,FH,4,2,33,0.00825
2025-08-21,1,Stjarnan,FH,4,3,35,0.00875
2025-08-21,1,Stjarnan,FH,4,4,13,0.00325
2025-08-21,1,Stjarnan,FH,4,5,9,0.00225
2025-08-21,1,Stjarnan,FH,4,6,5,0.00125
2025-08-21,1,Stjarnan,FH,4,7,3,7.5e-4
2025-08-21,1,Stjarnan,FH,5,0,8,0.002
2025-08-21,1,Stjarnan,FH,5,1,11,0.00275
2025-08-21,1,Stjarnan,FH,5,2,10,0.0025
2025-08-21,1,Stjarnan,FH,5,3,12,0.003
2025-08-21,1,Stjarnan,FH,5,4,6,0.0015
2025-08-21,1,Stjarnan,FH,5,5,4,0.001
2025-08-21,1,Stjarnan,FH,5,6,4,0.001
2025-08-21,1,Stjarnan,FH,5,7,2,5e-4
2025-08-21,1,Stjarnan,FH,5,8,1,2.5e-4
2025-08-21,1,Stjarnan,FH,6,0,5,0.00125
2025-08-21,1,Stjarnan,FH,6,1,3,7.5e-4
2025-08-21,1,Stjarnan,FH,6,2,5,0.00125
2025-08-21,1,Stjarnan,FH,6,3,2,5e-4
2025-08-21,1,Stjarnan,FH,6,5,1,2.5e-4
2025-08-21,1,Stjarnan,FH,6,6,1,2.5e-4
2025-08-21,1,Stjarnan,FH,7,1,1,2.5e-4
2025-08-21,1,Stjarnan,FH,7,2,1,2.5e-4
2025-08-21,1,Stjarnan,FH,7,3,3,7.5e-4
2025-08-21,1,Stjarnan,FH,7,5,2,5e-4
2025-08-21,1,Stjarnan,FH,7,7,1,2.5e-4
2025-08-21,1,Stjarnan,FH,8,3,1,2.5e-4
2025-08-21,1,Stjarnan,FH,8,4,1,2.5e-4
2025-08-21,1,Þór/KA,FHL,0,0,115,0.02875
2025-08-21,1,Þór/KA,FHL,0,1,62,0.0155
2025-08-21,1,Þór/KA,FHL,0,2,16,0.004
2025-08-21,1,Þór/KA,FHL,0,3,8,0.002
2025-08-21,1,Þór/KA,FHL,1,0,293,0.07325
2025-08-21,1,Þór/KA,FHL,1,1,140,0.035
2025-08-21,1,Þór/KA,FHL,1,2,58,0.0145
2025-08-21,1,Þór/KA,FHL,1,3,16,0.004
2025-08-21,1,Þór/KA,FHL,2,0,429,0.10725
2025-08-21,1,Þór/KA,FHL,2,1,208,0.052
2025-08-21,1,Þór/KA,FHL,2,2,70,0.0175
2025-08-21,1,Þór/KA,FHL,2,3,16,0.004
2025-08-21,1,Þór/KA,FHL,2,4,10,0.0025
2025-08-21,1,Þór/KA,FHL,2,5,1,2.5e-4
2025-08-21,1,Þór/KA,FHL,3,0,411,0.10275
2025-08-21,1,Þór/KA,FHL,3,1,241,0.06025
2025-08-21,1,Þór/KA,FHL,3,2,65,0.01625
2025-08-21,1,Þór/KA,FHL,3,3,15,0.00375
2025-08-21,1,Þór/KA,FHL,3,4,1,2.5e-4
2025-08-21,1,Þór/KA,FHL,3,5,1,2.5e-4
2025-08-21,1,Þór/KA,FHL,4,0,380,0.095
2025-08-21,1,Þór/KA,FHL,4,1,194,0.0485
2025-08-21,1,Þór/KA,FHL,4,2,53,0.01325
2025-08-21,1,Þór/KA,FHL,4,3,22,0.0055
2025-08-21,1,Þór/KA,FHL,4,4,1,2.5e-4
2025-08-21,1,Þór/KA,FHL,5,0,255,0.06375
2025-08-21,1,Þór/KA,FHL,5,1,160,0.04
2025-08-21,1,Þór/KA,FHL,5,2,40,0.01
2025-08-21,1,Þór/KA,FHL,5,3,16,0.004
2025-08-21,1,Þór/KA,FHL,5,4,4,0.001
2025-08-21,1,Þór/KA,FHL,5,5,1,2.5e-4
2025-08-21,1,Þór/KA,FHL,6,0,150,0.0375
2025-08-21,1,Þór/KA,FHL,6,1,118,0.0295
2025-08-21,1,Þór/KA,FHL,6,2,32,0.008
2025-08-21,1,Þór/KA,FHL,6,3,9,0.00225
2025-08-21,1,Þór/KA,FHL,6,4,2,5e-4
2025-08-21,1,Þór/KA,FHL,7,0,105,0.02625
2025-08-21,1,Þór/KA,FHL,7,1,55,0.01375
2025-08-21,1,Þór/KA,FHL,7,2,15,0.00375
2025-08-21,1,Þór/KA,FHL,7,3,4,0.001
2025-08-21,1,Þór/KA,FHL,7,4,2,5e-4
2025-08-21,1,Þór/KA,FHL,7,5,1,2.5e-4
2025-08-21,1,Þór/KA,FHL,8,0,51,0.01275
2025-08-21,1,Þór/KA,FHL,8,1,28,0.007
2025-08-21,1,Þór/KA,FHL,8,2,12,0.003
2025-08-21,1,Þór/KA,FHL,8,3,2,5e-4
2025-08-21,1,Þór/KA,FHL,8,4,2,5e-4
2025-08-21,1,Þór/KA,FHL,9,0,29,0.00725
2025-08-21,1,Þór/KA,FHL,9,1,21,0.00525
2025-08-21,1,Þór/KA,FHL,9,2,5,0.00125
2025-08-21,1,Þór/KA,FHL,9,3,3,7.5e-4
2025-08-21,1,Þór/KA,FHL,10,0,12,0.003
2025-08-21,1,Þór/KA,FHL,10,1,8,0.002
2025-08-21,1,Þór/KA,FHL,10,2,2,5e-4
2025-08-21,1,Þór/KA,FHL,10,3,1,2.5e-4
2025-08-21,1,Þór/KA,FHL,11,0,9,0.00225
2025-08-21,1,Þór/KA,FHL,11,1,5,0.00125
2025-08-21,1,Þór/KA,FHL,11,2,1,2.5e-4
2025-08-21,1,Þór/KA,FHL,12,0,3,7.5e-4
2025-08-21,1,Þór/KA,FHL,12,2,2,5e-4
2025-08-21,1,Þór/KA,FHL,13,0,1,2.5e-4
2025-08-21,1,Þór/KA,FHL,13,1,1,2.5e-4
2025-08-21,1,Þór/KA,FHL,14,0,2,5e-4
2025-08-21,1,Þór/KA,FHL,14,1,1,2.5e-4
2025-08-21,1,Þór/KA,FHL,15,1,1,2.5e-4
2025-08-21,1,Þór/KA,FHL,16,0,1,2.5e-4
2025-08-21,1,Þór/KA,FHL,16,5,1,2.5e-4
2025-08-21,1,Þór/KA,FHL,17,1,1,2.5e-4
2025-08-21,2,Fylkir,Keflavík,0,0,261,0.06525
2025-08-21,2,Fylkir,Keflavík,0,1,338,0.0845
2025-08-21,2,Fylkir,Keflavík,0,2,297,0.07425
2025-08-21,2,Fylkir,Keflavík,0,3,196,0.049
2025-08-21,2,Fylkir,Keflavík,0,4,97,0.02425
2025-08-21,2,Fylkir,Keflavík,0,5,38,0.0095
2025-08-21,2,Fylkir,Keflavík,0,6,33,0.00825
2025-08-21,2,Fylkir,Keflavík,0,7,5,0.00125
2025-08-21,2,Fylkir,Keflavík,0,8,5,0.00125
2025-08-21,2,Fylkir,Keflavík,0,9,2,5e-4
2025-08-21,2,Fylkir,Keflavík,1,0,187,0.04675
2025-08-21,2,Fylkir,Keflavík,1,1,376,0.094
2025-08-21,2,Fylkir,Keflavík,1,2,322,0.0805
2025-08-21,2,Fylkir,Keflavík,1,3,224,0.056
2025-08-21,2,Fylkir,Keflavík,1,4,104,0.026
2025-08-21,2,Fylkir,Keflavík,1,5,69,0.01725
2025-08-21,2,Fylkir,Keflavík,1,6,34,0.0085
2025-08-21,2,Fylkir,Keflavík,1,7,8,0.002
2025-08-21,2,Fylkir,Keflavík,1,8,5,0.00125
2025-08-21,2,Fylkir,Keflavík,1,9,3,7.5e-4
2025-08-21,2,Fylkir,Keflavík,1,10,2,5e-4
2025-08-21,2,Fylkir,Keflavík,2,0,130,0.0325
2025-08-21,2,Fylkir,Keflavík,2,1,227,0.05675
2025-08-21,2,Fylkir,Keflavík,2,2,188,0.047
2025-08-21,2,Fylkir,Keflavík,2,3,142,0.0355
2025-08-21,2,Fylkir,Keflavík,2,4,66,0.0165
2025-08-21,2,Fylkir,Keflavík,2,5,43,0.01075
2025-08-21,2,Fylkir,Keflavík,2,6,17,0.00425
2025-08-21,2,Fylkir,Keflavík,2,7,4,0.001
2025-08-21,2,Fylkir,Keflavík,2,8,4,0.001
2025-08-21,2,Fylkir,Keflavík,2,9,1,2.5e-4
2025-08-21,2,Fylkir,Keflavík,2,10,1,2.5e-4
2025-08-21,2,Fylkir,Keflavík,2,11,1,2.5e-4
2025-08-21,2,Fylkir,Keflavík,3,0,58,0.0145
2025-08-21,2,Fylkir,Keflavík,3,1,87,0.02175
2025-08-21,2,Fylkir,Keflavík,3,2,85,0.02125
2025-08-21,2,Fylkir,Keflavík,3,3,63,0.01575
2025-08-21,2,Fylkir,Keflavík,3,4,40,0.01
2025-08-21,2,Fylkir,Keflavík,3,5,11,0.00275
2025-08-21,2,Fylkir,Keflavík,3,6,5,0.00125
2025-08-21,2,Fylkir,Keflavík,3,7,1,2.5e-4
2025-08-21,2,Fylkir,Keflavík,3,10,1,2.5e-4
2025-08-21,2,Fylkir,Keflavík,4,0,32,0.008
2025-08-21,2,Fylkir,Keflavík,4,1,36,0.009
2025-08-21,2,Fylkir,Keflavík,4,2,40,0.01
2025-08-21,2,Fylkir,Keflavík,4,3,21,0.00525
2025-08-21,2,Fylkir,Keflavík,4,4,15,0.00375
2025-08-21,2,Fylkir,Keflavík,4,5,8,0.002
2025-08-21,2,Fylkir,Keflavík,4,6,3,7.5e-4
2025-08-21,2,Fylkir,Keflavík,4,7,3,7.5e-4
2025-08-21,2,Fylkir,Keflavík,4,8,1,2.5e-4
2025-08-21,2,Fylkir,Keflavík,5,0,4,0.001
2025-08-21,2,Fylkir,Keflavík,5,1,5,0.00125
2025-08-21,2,Fylkir,Keflavík,5,2,4,0.001
2025-08-21,2,Fylkir,Keflavík,5,3,13,0.00325
2025-08-21,2,Fylkir,Keflavík,5,4,5,0.00125
2025-08-21,2,Fylkir,Keflavík,5,5,3,7.5e-4
2025-08-21,2,Fylkir,Keflavík,5,6,1,2.5e-4
2025-08-21,2,Fylkir,Keflavík,5,9,1,2.5e-4
2025-08-21,2,Fylkir,Keflavík,6,0,2,5e-4
2025-08-21,2,Fylkir,Keflavík,6,1,2,5e-4
2025-08-21,2,Fylkir,Keflavík,6,2,2,5e-4
2025-08-21,2,Fylkir,Keflavík,6,3,4,0.001
2025-08-21,2,Fylkir,Keflavík,6,4,6,0.0015
2025-08-21,2,Fylkir,Keflavík,7,0,1,2.5e-4
2025-08-21,2,Fylkir,Keflavík,7,1,2,5e-4
2025-08-21,2,Fylkir,Keflavík,7,4,1,2.5e-4
2025-08-21,2,Fylkir,Keflavík,7,6,1,2.5e-4
2025-08-21,2,Fylkir,Keflavík,8,1,1,2.5e-4
2025-08-21,2,Fylkir,Keflavík,8,2,1,2.5e-4
2025-08-21,2,Fylkir,Keflavík,9,1,1,2.5e-4
2025-08-21,2,Grindavík/ Njarðvík,Afturelding,0,0,11,0.00275
2025-08-21,2,Grindavík/ Njarðvík,Afturelding,0,1,18,0.0045
2025-08-21,2,Grindavík/ Njarðvík,Afturelding,0,2,13,0.00325
2025-08-21,2,Grindavík/ Njarðvík,Afturelding,0,3,8,0.002
2025-08-21,2,Grindavík/ Njarðvík,Afturelding,0,5,3,7.5e-4
2025-08-21,2,Grindavík/ Njarðvík,Afturelding,1,0,40,0.01
2025-08-21,2,Grindavík/ Njarðvík,Afturelding,1,1,59,0.01475
2025-08-21,2,Grindavík/ Njarðvík,Afturelding,1,2,38,0.0095
2025-08-21,2,Grindavík/ Njarðvík,Afturelding,1,3,28,0.007
2025-08-21,2,Grindavík/ Njarðvík,Afturelding,1,4,14,0.0035
2025-08-21,2,Grindavík/ Njarðvík,Afturelding,1,5,5,0.00125
2025-08-21,2,Grindavík/ Njarðvík,Afturelding,1,6,2,5e-4
2025-08-21,2,Grindavík/ Njarðvík,Afturelding,1,7,1,2.5e-4
2025-08-21,2,Grindavík/ Njarðvík,Afturelding,2,0,91,0.02275
2025-08-21,2,Grindavík/ Njarðvík,Afturelding,2,1,129,0.03225
2025-08-21,2,Grindavík/ Njarðvík,Afturelding,2,2,73,0.01825
2025-08-21,2,Grindavík/ Njarðvík,Afturelding,2,3,60,0.015
2025-08-21,2,Grindavík/ Njarðvík,Afturelding,2,4,21,0.00525
2025-08-21,2,Grindavík/ Njarðvík,Afturelding,2,5,3,7.5e-4
2025-08-21,2,Grindavík/ Njarðvík,Afturelding,2,6,4,0.001
2025-08-21,2,Grindavík/ Njarðvík,Afturelding,2,7,2,5e-4
2025-08-21,2,Grindavík/ Njarðvík,Afturelding,3,0,105,0.02625
2025-08-21,2,Grindavík/ Njarðvík,Afturelding,3,1,172,0.043
2025-08-21,2,Grindavík/ Njarðvík,Afturelding,3,2,125,0.03125
2025-08-21,2,Grindavík/ Njarðvík,Afturelding,3,3,78,0.0195
2025-08-21,2,Grindavík/ Njarðvík,Afturelding,3,4,39,0.00975
2025-08-21,2,Grindavík/ Njarðvík,Afturelding,3,5,6,0.0015
2025-08-21,2,Grindavík/ Njarðvík,Afturelding,3,6,4,0.001
2025-08-21,2,Grindavík/ Njarðvík,Afturelding,3,7,2,5e-4
2025-08-21,2,Grindavík/ Njarðvík,Afturelding,3,8,1,2.5e-4
2025-08-21,2,Grindavík/ Njarðvík,Afturelding,4,0,132,0.033
2025-08-21,2,Grindavík/ Njarðvík,Afturelding,4,1,169,0.04225
2025-08-21,2,Grindavík/ Njarðvík,Afturelding,4,2,129,0.03225
2025-08-21,2,Grindavík/ Njarðvík,Afturelding,4,3,80,0.02
2025-08-21,2,Grindavík/ Njarðvík,Afturelding,4,4,32,0.008
2025-08-21,2,Grindavík/ Njarðvík,Afturelding,4,5,16,0.004
2025-08-21,2,Grindavík/ Njarðvík,Afturelding,4,6,7,0.00175
2025-08-21,2,Grindavík/ Njarðvík,Afturelding,4,7,2,5e-4
2025-08-21,2,Grindavík/ Njarðvík,Afturelding,4,8,1,2.5e-4
2025-08-21,2,Grindavík/ Njarðvík,Afturelding,4,9,1,2.5e-4
2025-08-21,2,Grindavík/ Njarðvík,Afturelding,5,0,123,0.03075
2025-08-21,2,Grindavík/ Njarðvík,Afturelding,5,1,170,0.0425
2025-08-21,2,Grindavík/ Njarðvík,Afturelding,5,2,118,0.0295
2025-08-21,2,Grindavík/ Njarðvík,Afturelding,5,3,81,0.02025
2025-08-21,2,Grindavík/ Njarðvík,Afturelding,5,4,47,0.01175
2025-08-21,2,Grindavík/ Njarðvík,Afturelding,5,5,8,0.002
2025-08-21,2,Grindavík/ Njarðvík,Afturelding,5,6,7,0.00175
2025-08-21,2,Grindavík/ Njarðvík,Afturelding,5,7,5,0.00125
2025-08-21,2,Grindavík/ Njarðvík,Afturelding,5,10,1,2.5e-4
2025-08-21,2,Grindavík/ Njarðvík,Afturelding,6,0,93,0.02325
2025-08-21,2,Grindavík/ Njarðvík,Afturelding,6,1,119,0.02975
2025-08-21,2,Grindavík/ Njarðvík,Afturelding,6,2,107,0.02675
2025-08-21,2,Grindavík/ Njarðvík,Afturelding,6,3,77,0.01925
2025-08-21,2,Grindavík/ Njarðvík,Afturelding,6,4,32,0.008
2025-08-21,2,Grindavík/ Njarðvík,Afturelding,6,5,13,0.00325
2025-08-21,2,Grindavík/ Njarðvík,Afturelding,6,6,7,0.00175
2025-08-21,2,Grindavík/ Njarðvík,Afturelding,6,7,1,2.5e-4
2025-08-21,2,Grindavík/ Njarðvík,Afturelding,7,0,80,0.02
2025-08-21,2,Grindavík/ Njarðvík,Afturelding,7,1,110,0.0275
2025-08-21,2,Grindavík/ Njarðvík,Afturelding,7,2,85,0.02125
2025-08-21,2,Grindavík/ Njarðvík,Afturelding,7,3,67,0.01675
2025-08-21,2,Grindavík/ Njarðvík,Afturelding,7,4,34,0.0085
2025-08-21,2,Grindavík/ Njarðvík,Afturelding,7,5,11,0.00275
2025-08-21,2,Grindavík/ Njarðvík,Afturelding,7,6,4,0.001
2025-08-21,2,Grindavík/ Njarðvík,Afturelding,7,7,1,2.5e-4
2025-08-21,2,Grindavík/ Njarðvík,Afturelding,7,9,2,5e-4
2025-08-21,2,Grindavík/ Njarðvík,Afturelding,8,0,53,0.01325
2025-08-21,2,Grindavík/ Njarðvík,Afturelding,8,1,88,0.022
2025-08-21,2,Grindavík/ Njarðvík,Afturelding,8,2,69,0.01725
2025-08-21,2,Grindavík/ Njarðvík,Afturelding,8,3,42,0.0105
2025-08-21,2,Grindavík/ Njarðvík,Afturelding,8,4,17,0.00425
2025-08-21,2,Grindavík/ Njarðvík,Afturelding,8,5,12,0.003
2025-08-21,2,Grindavík/ Njarðvík,Afturelding,8,6,2,5e-4
2025-08-21,2,Grindavík/ Njarðvík,Afturelding,8,7,3,7.5e-4
2025-08-21,2,Grindavík/ Njarðvík,Afturelding,8,8,1,2.5e-4
2025-08-21,2,Grindavík/ Njarðvík,Afturelding,9,0,42,0.0105
2025-08-21,2,Grindavík/ Njarðvík,Afturelding,9,1,56,0.014
2025-08-21,2,Grindavík/ Njarðvík,Afturelding,9,2,51,0.01275
2025-08-21,2,Grindavík/ Njarðvík,Afturelding,9,3,30,0.0075
2025-08-21,2,Grindavík/ Njarðvík,Afturelding,9,4,10,0.0025
2025-08-21,2,Grindavík/ Njarðvík,Afturelding,9,5,1,2.5e-4
2025-08-21,2,Grindavík/ Njarðvík,Afturelding,10,0,32,0.008
2025-08-21,2,Grindavík/ Njarðvík,Afturelding,10,1,35,0.00875
2025-08-21,2,Grindavík/ Njarðvík,Afturelding,10,2,41,0.01025
2025-08-21,2,Grindavík/ Njarðvík,Afturelding,10,3,21,0.00525
2025-08-21,2,Grindavík/ Njarðvík,Afturelding,10,4,4,0.001
2025-08-21,2,Grindavík/ Njarðvík,Afturelding,10,5,1,2.5e-4
2025-08-21,2,Grindavík/ Njarðvík,Afturelding,10,6,3,7.5e-4
2025-08-21,2,Grindavík/ Njarðvík,Afturelding,10,10,1,2.5e-4
2025-08-21,2,Grindavík/ Njarðvík,Afturelding,11,0,20,0.005
2025-08-21,2,Grindavík/ Njarðvík,Afturelding,11,1,33,0.00825
2025-08-21,2,Grindavík/ Njarðvík,Afturelding,11,2,14,0.0035
2025-08-21,2,Grindavík/ Njarðvík,Afturelding,11,3,15,0.00375
2025-08-21,2,Grindavík/ Njarðvík,Afturelding,11,4,4,0.001
2025-08-21,2,Grindavík/ Njarðvík,Afturelding,11,5,4,0.001
2025-08-21,2,Grindavík/ Njarðvík,Afturelding,11,6,2,5e-4
2025-08-21,2,Grindavík/ Njarðvík,Afturelding,12,0,17,0.00425
2025-08-21,2,Grindavík/ Njarðvík,Afturelding,12,1,18,0.0045
2025-08-21,2,Grindavík/ Njarðvík,Afturelding,12,2,14,0.0035
2025-08-21,2,Grindavík/ Njarðvík,Afturelding,12,3,4,0.001
2025-08-21,2,Grindavík/ Njarðvík,Afturelding,12,4,6,0.0015
2025-08-21,2,Grindavík/ Njarðvík,Afturelding,12,6,2,5e-4
2025-08-21,2,Grindavík/ Njarðvík,Afturelding,13,0,14,0.0035
2025-08-21,2,Grindavík/ Njarðvík,Afturelding,13,1,13,0.00325
2025-08-21,2,Grindavík/ Njarðvík,Afturelding,13,2,8,0.002
2025-08-21,2,Grindavík/ Njarðvík,Afturelding,13,3,2,5e-4
2025-08-21,2,Grindavík/ Njarðvík,Afturelding,13,4,1,2.5e-4
2025-08-21,2,Grindavík/ Njarðvík,Afturelding,13,5,1,2.5e-4
2025-08-21,2,Grindavík/ Njarðvík,Afturelding,13,8,1,2.5e-4
2025-08-21,2,Grindavík/ Njarðvík,Afturelding,14,0,4,0.001
2025-08-21,2,Grindavík/ Njarðvík,Afturelding,14,1,11,0.00275
2025-08-21,2,Grindavík/ Njarðvík,Afturelding,14,2,4,0.001
2025-08-21,2,Grindavík/ Njarðvík,Afturelding,14,3,3,7.5e-4
2025-08-21,2,Grindavík/ Njarðvík,Afturelding,14,4,2,5e-4
2025-08-21,2,Grindavík/ Njarðvík,Afturelding,14,5,1,2.5e-4
2025-08-21,2,Grindavík/ Njarðvík,Afturelding,14,6,1,2.5e-4
2025-08-21,2,Grindavík/ Njarðvík,Afturelding,15,0,5,0.00125
2025-08-21,2,Grindavík/ Njarðvík,Afturelding,15,1,5,0.00125
2025-08-21,2,Grindavík/ Njarðvík,Afturelding,15,2,5,0.00125
2025-08-21,2,Grindavík/ Njarðvík,Afturelding,15,3,3,7.5e-4
2025-08-21,2,Grindavík/ Njarðvík,Afturelding,15,4,1,2.5e-4
2025-08-21,2,Grindavík/ Njarðvík,Afturelding,16,1,2,5e-4
2025-08-21,2,Grindavík/ Njarðvík,Afturelding,16,2,4,0.001
2025-08-21,2,Grindavík/ Njarðvík,Afturelding,16,4,1,2.5e-4
2025-08-21,2,Grindavík/ Njarðvík,Afturelding,17,0,1,2.5e-4
2025-08-21,2,Grindavík/ Njarðvík,Afturelding,17,1,3,7.5e-4
2025-08-21,2,Grindavík/ Njarðvík,Afturelding,17,2,1,2.5e-4
2025-08-21,2,Grindavík/ Njarðvík,Afturelding,17,4,1,2.5e-4
2025-08-21,2,Grindavík/ Njarðvík,Afturelding,18,0,1,2.5e-4
2025-08-21,2,Grindavík/ Njarðvík,Afturelding,18,3,1,2.5e-4
2025-08-21,2,Grindavík/ Njarðvík,Afturelding,19,1,1,2.5e-4
2025-08-21,2,Grindavík/ Njarðvík,Afturelding,19,4,1,2.5e-4
2025-08-21,2,Grindavík/ Njarðvík,Afturelding,20,2,1,2.5e-4
2025-08-21,2,Grindavík/ Njarðvík,Afturelding,21,3,1,2.5e-4
2025-08-21,2,Grindavík/ Njarðvík,Afturelding,32,1,1,2.5e-4
2025-08-21,2,Grótta,KR,0,0,62,0.0155
2025-08-21,2,Grótta,KR,0,1,80,0.02
2025-08-21,2,Grótta,KR,0,2,63,0.01575
2025-08-21,2,Grótta,KR,0,3,53,0.01325
2025-08-21,2,Grótta,KR,0,4,26,0.0065
2025-08-21,2,Grótta,KR,0,5,13,0.00325
2025-08-21,2,Grótta,KR,0,6,3,7.5e-4
2025-08-21,2,Grótta,KR,0,7,4,0.001
2025-08-21,2,Grótta,KR,0,9,1,2.5e-4
2025-08-21,2,Grótta,KR,0,10,2,5e-4
2025-08-21,2,Grótta,KR,1,0,80,0.02
2025-08-21,2,Grótta,KR,1,1,178,0.0445
2025-08-21,2,Grótta,KR,1,2,142,0.0355
2025-08-21,2,Grótta,KR,1,3,113,0.02825
2025-08-21,2,Grótta,KR,1,4,72,0.018
2025-08-21,2,Grótta,KR,1,5,34,0.0085
2025-08-21,2,Grótta,KR,1,6,11,0.00275
2025-08-21,2,Grótta,KR,1,7,5,0.00125
2025-08-21,2,Grótta,KR,1,8,3,7.5e-4
2025-08-21,2,Grótta,KR,1,9,1,2.5e-4
2025-08-21,2,Grótta,KR,2,0,118,0.0295
2025-08-21,2,Grótta,KR,2,1,195,0.04875
2025-08-21,2,Grótta,KR,2,2,213,0.05325
2025-08-21,2,Grótta,KR,2,3,151,0.03775
2025-08-21,2,Grótta,KR,2,4,94,0.0235
2025-08-21,2,Grótta,KR,2,5,43,0.01075
2025-08-21,2,Grótta,KR,2,6,22,0.0055
2025-08-21,2,Grótta,KR,2,7,11,0.00275
2025-08-21,2,Grótta,KR,2,8,4,0.001
2025-08-21,2,Grótta,KR,2,9,3,7.5e-4
2025-08-21,2,Grótta,KR,2,10,1,2.5e-4
2025-08-21,2,Grótta,KR,3,0,120,0.03
2025-08-21,2,Grótta,KR,3,1,172,0.043
2025-08-21,2,Grótta,KR,3,2,181,0.04525
2025-08-21,2,Grótta,KR,3,3,127,0.03175
2025-08-21,2,Grótta,KR,3,4,89,0.02225
2025-08-21,2,Grótta,KR,3,5,40,0.01
2025-08-21,2,Grótta,KR,3,6,15,0.00375
2025-08-21,2,Grótta,KR,3,7,6,0.0015
2025-08-21,2,Grótta,KR,3,8,1,2.5e-4
2025-08-21,2,Grótta,KR,3,9,1,2.5e-4
2025-08-21,2,Grótta,KR,3,10,1,2.5e-4
2025-08-21,2,Grótta,KR,4,0,96,0.024
2025-08-21,2,Grótta,KR,4,1,156,0.039
2025-08-21,2,Grótta,KR,4,2,159,0.03975
2025-08-21,2,Grótta,KR,4,3,101,0.02525
2025-08-21,2,Grótta,KR,4,4,52,0.013
2025-08-21,2,Grótta,KR,4,5,35,0.00875
2025-08-21,2,Grótta,KR,4,6,15,0.00375
2025-08-21,2,Grótta,KR,4,7,4,0.001
2025-08-21,2,Grótta,KR,4,8,3,7.5e-4
2025-08-21,2,Grótta,KR,4,11,1,2.5e-4
2025-08-21,2,Grótta,KR,5,0,44,0.011
2025-08-21,2,Grótta,KR,5,1,97,0.02425
2025-08-21,2,Grótta,KR,5,2,98,0.0245
2025-08-21,2,Grótta,KR,5,3,64,0.016
2025-08-21,2,Grótta,KR,5,4,39,0.00975
2025-08-21,2,Grótta,KR,5,5,30,0.0075
2025-08-21,2,Grótta,KR,5,6,19,0.00475
2025-08-21,2,Grótta,KR,5,7,5,0.00125
2025-08-21,2,Grótta,KR,5,8,2,5e-4
2025-08-21,2,Grótta,KR,6,0,27,0.00675
2025-08-21,2,Grótta,KR,6,1,64,0.016
2025-08-21,2,Grótta,KR,6,2,35,0.00875
2025-08-21,2,Grótta,KR,6,3,42,0.0105
2025-08-21,2,Grótta,KR,6,4,27,0.00675
2025-08-21,2,Grótta,KR,6,5,11,0.00275
2025-08-21,2,Grótta,KR,6,6,11,0.00275
2025-08-21,2,Grótta,KR,6,7,3,7.5e-4
2025-08-21,2,Grótta,KR,6,9,2,5e-4
2025-08-21,2,Grótta,KR,7,0,19,0.00475
2025-08-21,2,Grótta,KR,7,1,23,0.00575
2025-08-21,2,Grótta,KR,7,2,27,0.00675
2025-08-21,2,Grótta,KR,7,3,15,0.00375
2025-08-21,2,Grótta,KR,7,4,13,0.00325
2025-08-21,2,Grótta,KR,7,5,3,7.5e-4
2025-08-21,2,Grótta,KR,7,6,2,5e-4
2025-08-21,2,Grótta,KR,7,7,2,5e-4
2025-08-21,2,Grótta,KR,7,9,1,2.5e-4
2025-08-21,2,Grótta,KR,7,11,1,2.5e-4
2025-08-21,2,Grótta,KR,8,0,7,0.00175
2025-08-21,2,Grótta,KR,8,1,12,0.003
2025-08-21,2,Grótta,KR,8,2,7,0.00175
2025-08-21,2,Grótta,KR,8,3,9,0.00225
2025-08-21,2,Grótta,KR,8,4,8,0.002
2025-08-21,2,Grótta,KR,8,5,3,7.5e-4
2025-08-21,2,Grótta,KR,8,6,1,2.5e-4
2025-08-21,2,Grótta,KR,9,0,5,0.00125
2025-08-21,2,Grótta,KR,9,1,6,0.0015
2025-08-21,2,Grótta,KR,9,2,4,0.001
2025-08-21,2,Grótta,KR,9,3,2,5e-4
2025-08-21,2,Grótta,KR,9,4,3,7.5e-4
2025-08-21,2,Grótta,KR,9,5,1,2.5e-4
2025-08-21,2,Grótta,KR,9,6,2,5e-4
2025-08-21,2,Grótta,KR,10,0,1,2.5e-4
2025-08-21,2,Grótta,KR,10,1,6,0.0015
2025-08-21,2,Grótta,KR,10,2,2,5e-4
2025-08-21,2,Grótta,KR,10,3,2,5e-4
2025-08-21,2,Grótta,KR,10,4,1,2.5e-4
2025-08-21,2,Grótta,KR,11,1,4,0.001
2025-08-21,2,Grótta,KR,11,2,3,7.5e-4
2025-08-21,2,Grótta,KR,11,3,2,5e-4
2025-08-21,2,Grótta,KR,11,4,1,2.5e-4
2025-08-21,2,Grótta,KR,11,5,1,2.5e-4
2025-08-21,2,Grótta,KR,11,6,1,2.5e-4
2025-08-21,2,Grótta,KR,12,0,1,2.5e-4
2025-08-21,2,Grótta,KR,12,1,2,5e-4
2025-08-21,2,Grótta,KR,16,1,1,2.5e-4
2025-08-21,2,ÍA,Haukar,0,0,45,0.01125
2025-08-21,2,ÍA,Haukar,0,1,46,0.0115
2025-08-21,2,ÍA,Haukar,0,2,25,0.00625
2025-08-21,2,ÍA,Haukar,0,3,7,0.00175
2025-08-21,2,ÍA,Haukar,0,4,2,5e-4
2025-08-21,2,ÍA,Haukar,1,0,105,0.02625
2025-08-21,2,ÍA,Haukar,1,1,103,0.02575
2025-08-21,2,ÍA,Haukar,1,2,76,0.019
2025-08-21,2,ÍA,Haukar,1,3,35,0.00875
2025-08-21,2,ÍA,Haukar,1,4,8,0.002
2025-08-21,2,ÍA,Haukar,1,5,4,0.001
2025-08-21,2,ÍA,Haukar,1,6,3,7.5e-4
2025-08-21,2,ÍA,Haukar,2,0,192,0.048
2025-08-21,2,ÍA,Haukar,2,1,197,0.04925
2025-08-21,2,ÍA,Haukar,2,2,126,0.0315
2025-08-21,2,ÍA,Haukar,2,3,55,0.01375
2025-08-21,2,ÍA,Haukar,2,4,18,0.0045
2025-08-21,2,ÍA,Haukar,2,5,1,2.5e-4
2025-08-21,2,ÍA,Haukar,2,6,1,2.5e-4
2025-08-21,2,ÍA,Haukar,3,0,214,0.0535
2025-08-21,2,ÍA,Haukar,3,1,267,0.06675
2025-08-21,2,ÍA,Haukar,3,2,139,0.03475
2025-08-21,2,ÍA,Haukar,3,3,74,0.0185
2025-08-21,2,ÍA,Haukar,3,4,17,0.00425
2025-08-21,2,ÍA,Haukar,3,5,7,0.00175
2025-08-21,2,ÍA,Haukar,3,6,4,0.001
2025-08-21,2,ÍA,Haukar,3,9,1,2.5e-4
2025-08-21,2,ÍA,Haukar,4,0,185,0.04625
2025-08-21,2,ÍA,Haukar,4,1,242,0.0605
2025-08-21,2,ÍA,Haukar,4,2,149,0.03725
2025-08-21,2,ÍA,Haukar,4,3,57,0.01425
2025-08-21,2,ÍA,Haukar,4,4,24,0.006
2025-08-21,2,ÍA,Haukar,4,5,4,0.001
2025-08-21,2,ÍA,Haukar,4,6,4,0.001
2025-08-21,2,ÍA,Haukar,4,9,1,2.5e-4
2025-08-21,2,ÍA,Haukar,5,0,172,0.043
2025-08-21,2,ÍA,Haukar,5,1,161,0.04025
2025-08-21,2,ÍA,Haukar,5,2,120,0.03
2025-08-21,2,ÍA,Haukar,5,3,53,0.01325
2025-08-21,2,ÍA,Haukar,5,4,23,0.00575
2025-08-21,2,ÍA,Haukar,5,5,5,0.00125
2025-08-21,2,ÍA,Haukar,5,7,1,2.5e-4
2025-08-21,2,ÍA,Haukar,6,0,132,0.033
2025-08-21,2,ÍA,Haukar,6,1,126,0.0315
2025-08-21,2,ÍA,Haukar,6,2,77,0.01925
2025-08-21,2,ÍA,Haukar,6,3,37,0.00925
2025-08-21,2,ÍA,Haukar,6,4,17,0.00425
2025-08-21,2,ÍA,Haukar,6,5,4,0.001
2025-08-21,2,ÍA,Haukar,6,6,5,0.00125
2025-08-21,2,ÍA,Haukar,7,0,78,0.0195
2025-08-21,2,ÍA,Haukar,7,1,90,0.0225
2025-08-21,2,ÍA,Haukar,7,2,71,0.01775
2025-08-21,2,ÍA,Haukar,7,3,26,0.0065
2025-08-21,2,ÍA,Haukar,7,4,9,0.00225
2025-08-21,2,ÍA,Haukar,7,5,6,0.0015
2025-08-21,2,ÍA,Haukar,7,8,1,2.5e-4
2025-08-21,2,ÍA,Haukar,8,0,42,0.0105
2025-08-21,2,ÍA,Haukar,8,1,54,0.0135
2025-08-21,2,ÍA,Haukar,8,2,31,0.00775
2025-08-21,2,ÍA,Haukar,8,3,22,0.0055
2025-08-21,2,ÍA,Haukar,8,4,4,0.001
2025-08-21,2,ÍA,Haukar,8,5,3,7.5e-4
2025-08-21,2,ÍA,Haukar,8,6,1,2.5e-4
2025-08-21,2,ÍA,Haukar,8,8,1,2.5e-4
2025-08-21,2,ÍA,Haukar,9,0,26,0.0065
2025-08-21,2,ÍA,Haukar,9,1,25,0.00625
2025-08-21,2,ÍA,Haukar,9,2,24,0.006
2025-08-21,2,ÍA,Haukar,9,3,8,0.002
2025-08-21,2,ÍA,Haukar,9,4,3,7.5e-4
2025-08-21,2,ÍA,Haukar,9,5,2,5e-4
2025-08-21,2,ÍA,Haukar,10,0,12,0.003
2025-08-21,2,ÍA,Haukar,10,1,7,0.00175
2025-08-21,2,ÍA,Haukar,10,2,15,0.00375
2025-08-21,2,ÍA,Haukar,10,3,3,7.5e-4
2025-08-21,2,ÍA,Haukar,10,4,1,2.5e-4
2025-08-21,2,ÍA,Haukar,11,0,11,0.00275
2025-08-21,2,ÍA,Haukar,11,1,12,0.003
2025-08-21,2,ÍA,Haukar,11,2,9,0.00225
2025-08-21,2,ÍA,Haukar,11,3,2,5e-4
2025-08-21,2,ÍA,Haukar,12,0,5,0.00125
2025-08-21,2,ÍA,Haukar,12,1,4,0.001
2025-08-21,2,ÍA,Haukar,12,2,1,2.5e-4
2025-08-21,2,ÍA,Haukar,13,0,4,0.001
2025-08-21,2,ÍA,Haukar,13,1,2,5e-4
2025-08-21,2,ÍA,Haukar,13,2,3,7.5e-4
2025-08-21,2,ÍA,Haukar,13,3,2,5e-4
2025-08-21,2,ÍA,Haukar,13,4,1,2.5e-4
2025-08-21,2,ÍA,Haukar,14,0,3,7.5e-4
2025-08-21,2,ÍA,Haukar,14,1,1,2.5e-4
2025-08-21,2,ÍA,Haukar,14,2,1,2.5e-4
2025-08-21,2,ÍA,Haukar,16,0,1,2.5e-4
2025-08-21,2,ÍA,Haukar,17,0,1,2.5e-4
2025-08-21,2,ÍA,Haukar,19,0,1,2.5e-4
2025-08-21,2,ÍBV,HK,0,0,180,0.045
2025-08-21,2,ÍBV,HK,0,1,185,0.04625
2025-08-21,2,ÍBV,HK,0,2,115,0.02875
2025-08-21,2,ÍBV,HK,0,3,65,0.01625
2025-08-21,2,ÍBV,HK,0,4,34,0.0085
2025-08-21,2,ÍBV,HK,0,5,6,0.0015
2025-08-21,2,ÍBV,HK,0,6,5,0.00125
2025-08-21,2,ÍBV,HK,0,8,1,2.5e-4
2025-08-21,2,ÍBV,HK,1,0,261,0.06525
2025-08-21,2,ÍBV,HK,1,1,354,0.0885
2025-08-21,2,ÍBV,HK,1,2,229,0.05725
2025-08-21,2,ÍBV,HK,1,3,101,0.02525
2025-08-21,2,ÍBV,HK,1,4,48,0.012
2025-08-21,2,ÍBV,HK,1,5,13,0.00325
2025-08-21,2,ÍBV,HK,1,6,6,0.0015
2025-08-21,2,ÍBV,HK,1,8,1,2.5e-4
2025-08-21,2,ÍBV,HK,2,0,234,0.0585
2025-08-21,2,ÍBV,HK,2,1,313,0.07825
2025-08-21,2,ÍBV,HK,2,2,209,0.05225
2025-08-21,2,ÍBV,HK,2,3,111,0.02775
2025-08-21,2,ÍBV,HK,2,4,46,0.0115
2025-08-21,2,ÍBV,HK,2,5,18,0.0045
2025-08-21,2,ÍBV,HK,2,6,7,0.00175
2025-08-21,2,ÍBV,HK,2,7,2,5e-4
2025-08-21,2,ÍBV,HK,2,8,1,2.5e-4
2025-08-21,2,ÍBV,HK,3,0,161,0.04025
2025-08-21,2,ÍBV,HK,3,1,248,0.062
2025-08-21,2,ÍBV,HK,3,2,122,0.0305
2025-08-21,2,ÍBV,HK,3,3,100,0.025
2025-08-21,2,ÍBV,HK,3,4,31,0.00775
2025-08-21,2,ÍBV,HK,3,5,21,0.00525
2025-08-21,2,ÍBV,HK,3,6,10,0.0025
2025-08-21,2,ÍBV,HK,4,0,103,0.02575
2025-08-21,2,ÍBV,HK,4,1,125,0.03125
2025-08-21,2,ÍBV,HK,4,2,76,0.019
2025-08-21,2,ÍBV,HK,4,3,57,0.01425
2025-08-21,2,ÍBV,HK,4,4,15,0.00375
2025-08-21,2,ÍBV,HK,4,5,4,0.001
2025-08-21,2,ÍBV,HK,4,6,5,0.00125
2025-08-21,2,ÍBV,HK,5,0,48,0.012
2025-08-21,2,ÍBV,HK,5,1,67,0.01675
2025-08-21,2,ÍBV,HK,5,2,42,0.0105
2025-08-21,2,ÍBV,HK,5,3,21,0.00525
2025-08-21,2,ÍBV,HK,5,4,11,0.00275
2025-08-21,2,ÍBV,HK,5,5,10,0.0025
2025-08-21,2,ÍBV,HK,5,6,3,7.5e-4
2025-08-21,2,ÍBV,HK,5,7,1,2.5e-4
2025-08-21,2,ÍBV,HK,6,0,24,0.006
2025-08-21,2,ÍBV,HK,6,1,36,0.009
2025-08-21,2,ÍBV,HK,6,2,21,0.00525
2025-08-21,2,ÍBV,HK,6,3,10,0.0025
2025-08-21,2,ÍBV,HK,6,4,9,0.00225
2025-08-21,2,ÍBV,HK,6,5,1,2.5e-4
2025-08-21,2,ÍBV,HK,7,0,8,0.002
2025-08-21,2,ÍBV,HK,7,1,13,0.00325
2025-08-21,2,ÍBV,HK,7,2,8,0.002
2025-08-21,2,ÍBV,HK,7,3,8,0.002
2025-08-21,2,ÍBV,HK,7,4,4,0.001
2025-08-21,2,ÍBV,HK,7,6,1,2.5e-4
2025-08-21,2,ÍBV,HK,8,0,2,5e-4
2025-08-21,2,ÍBV,HK,8,1,5,0.00125
2025-08-21,2,ÍBV,HK,8,2,6,0.0015
2025-08-21,2,ÍBV,HK,8,3,3,7.5e-4
2025-08-21,2,ÍBV,HK,8,4,2,5e-4
2025-08-21,2,ÍBV,HK,9,0,1,2.5e-4
2025-08-21,2,ÍBV,HK,9,1,2,5e-4
2025-08-21,2,ÍBV,HK,9,2,3,7.5e-4
2025-08-21,2,ÍBV,HK,9,3,2,5e-4
2025-08-21,2,ÍBV,HK,9,4,1,2.5e-4
2025-08-21,2,ÍBV,HK,10,2,1,2.5e-4
2025-08-21,2,ÍBV,HK,10,3,1,2.5e-4
2025-08-21,2,ÍBV,HK,12,1,1,2.5e-4
2025-08-21,2,ÍBV,HK,12,5,1,2.5e-4
2025-08-22,1,Breiðablik,Tindastóll,0,0,47,0.01175
2025-08-22,1,Breiðablik,Tindastóll,0,1,21,0.00525
2025-08-22,1,Breiðablik,Tindastóll,0,2,4,0.001
2025-08-22,1,Breiðablik,Tindastóll,0,3,1,2.5e-4
2025-08-22,1,Breiðablik,Tindastóll,1,0,124,0.031
2025-08-22,1,Breiðablik,Tindastóll,1,1,72,0.018
2025-08-22,1,Breiðablik,Tindastóll,1,2,21,0.00525
2025-08-22,1,Breiðablik,Tindastóll,1,3,3,7.5e-4
2025-08-22,1,Breiðablik,Tindastóll,1,4,3,7.5e-4
2025-08-22,1,Breiðablik,Tindastóll,2,0,237,0.05925
2025-08-22,1,Breiðablik,Tindastóll,2,1,131,0.03275
2025-08-22,1,Breiðablik,Tindastóll,2,2,48,0.012
2025-08-22,1,Breiðablik,Tindastóll,2,3,8,0.002
2025-08-22,1,Breiðablik,Tindastóll,2,4,1,2.5e-4
2025-08-22,1,Breiðablik,Tindastóll,3,0,312,0.078
2025-08-22,1,Breiðablik,Tindastóll,3,1,168,0.042
2025-08-22,1,Breiðablik,Tindastóll,3,2,56,0.014
2025-08-22,1,Breiðablik,Tindastóll,3,3,12,0.003
2025-08-22,1,Breiðablik,Tindastóll,3,4,1,2.5e-4
2025-08-22,1,Breiðablik,Tindastóll,3,6,2,5e-4
2025-08-22,1,Breiðablik,Tindastóll,4,0,386,0.0965
2025-08-22,1,Breiðablik,Tindastóll,4,1,200,0.05
2025-08-22,1,Breiðablik,Tindastóll,4,2,70,0.0175
2025-08-22,1,Breiðablik,Tindastóll,4,3,23,0.00575
2025-08-22,1,Breiðablik,Tindastóll,4,4,3,7.5e-4
2025-08-22,1,Breiðablik,Tindastóll,4,5,1,2.5e-4
2025-08-22,1,Breiðablik,Tindastóll,4,6,1,2.5e-4
2025-08-22,1,Breiðablik,Tindastóll,5,0,319,0.07975
2025-08-22,1,Breiðablik,Tindastóll,5,1,161,0.04025
2025-08-22,1,Breiðablik,Tindastóll,5,2,58,0.0145
2025-08-22,1,Breiðablik,Tindastóll,5,3,17,0.00425
2025-08-22,1,Breiðablik,Tindastóll,5,4,6,0.0015
2025-08-22,1,Breiðablik,Tindastóll,6,0,266,0.0665
2025-08-22,1,Breiðablik,Tindastóll,6,1,162,0.0405
2025-08-22,1,Breiðablik,Tindastóll,6,2,41,0.01025
2025-08-22,1,Breiðablik,Tindastóll,6,3,10,0.0025
2025-08-22,1,Breiðablik,Tindastóll,6,4,3,7.5e-4
2025-08-22,1,Breiðablik,Tindastóll,6,5,1,2.5e-4
2025-08-22,1,Breiðablik,Tindastóll,6,6,1,2.5e-4
2025-08-22,1,Breiðablik,Tindastóll,7,0,209,0.05225
2025-08-22,1,Breiðablik,Tindastóll,7,1,128,0.032
2025-08-22,1,Breiðablik,Tindastóll,7,2,32,0.008
2025-08-22,1,Breiðablik,Tindastóll,7,3,4,0.001
2025-08-22,1,Breiðablik,Tindastóll,7,5,1,2.5e-4
2025-08-22,1,Breiðablik,Tindastóll,8,0,129,0.03225
2025-08-22,1,Breiðablik,Tindastóll,8,1,68,0.017
2025-08-22,1,Breiðablik,Tindastóll,8,2,25,0.00625
2025-08-22,1,Breiðablik,Tindastóll,8,3,4,0.001
2025-08-22,1,Breiðablik,Tindastóll,9,0,96,0.024
2025-08-22,1,Breiðablik,Tindastóll,9,1,48,0.012
2025-08-22,1,Breiðablik,Tindastóll,9,2,16,0.004
2025-08-22,1,Breiðablik,Tindastóll,9,3,6,0.0015
2025-08-22,1,Breiðablik,Tindastóll,9,4,3,7.5e-4
2025-08-22,1,Breiðablik,Tindastóll,9,5,1,2.5e-4
2025-08-22,1,Breiðablik,Tindastóll,10,0,54,0.0135
2025-08-22,1,Breiðablik,Tindastóll,10,1,38,0.0095
2025-08-22,1,Breiðablik,Tindastóll,10,2,5,0.00125
2025-08-22,1,Breiðablik,Tindastóll,10,3,1,2.5e-4
2025-08-22,1,Breiðablik,Tindastóll,11,0,32,0.008
2025-08-22,1,Breiðablik,Tindastóll,11,1,19,0.00475
2025-08-22,1,Breiðablik,Tindastóll,11,2,5,0.00125
2025-08-22,1,Breiðablik,Tindastóll,11,3,2,5e-4
2025-08-22,1,Breiðablik,Tindastóll,11,4,1,2.5e-4
2025-08-22,1,Breiðablik,Tindastóll,12,0,16,0.004
2025-08-22,1,Breiðablik,Tindastóll,12,1,10,0.0025
2025-08-22,1,Breiðablik,Tindastóll,12,3,2,5e-4
2025-08-22,1,Breiðablik,Tindastóll,13,0,8,0.002
2025-08-22,1,Breiðablik,Tindastóll,13,1,8,0.002
2025-08-22,1,Breiðablik,Tindastóll,13,2,3,7.5e-4
2025-08-22,1,Breiðablik,Tindastóll,14,0,5,0.00125
2025-08-22,1,Breiðablik,Tindastóll,14,1,4,0.001
2025-08-22,1,Breiðablik,Tindastóll,15,0,4,0.001
2025-08-22,1,Breiðablik,Tindastóll,15,1,1,2.5e-4
2025-08-22,1,Breiðablik,Tindastóll,16,0,6,0.0015
2025-08-22,1,Breiðablik,Tindastóll,16,1,2,5e-4
2025-08-22,1,Breiðablik,Tindastóll,16,2,1,2.5e-4
2025-08-22,1,Breiðablik,Tindastóll,18,0,1,2.5e-4
2025-08-22,1,Breiðablik,Tindastóll,19,2,1,2.5e-4
2025-08-28,1,FH,Þróttur R.,0,0,214,0.0535
2025-08-28,1,FH,Þróttur R.,0,1,254,0.0635
2025-08-28,1,FH,Þróttur R.,0,2,142,0.0355
2025-08-28,1,FH,Þróttur R.,0,3,78,0.0195
2025-08-28,1,FH,Þróttur R.,0,4,31,0.00775
2025-08-28,1,FH,Þróttur R.,0,5,6,0.0015
2025-08-28,1,FH,Þróttur R.,0,6,4,0.001
2025-08-28,1,FH,Þróttur R.,0,7,1,2.5e-4
2025-08-28,1,FH,Þróttur R.,1,0,332,0.083
2025-08-28,1,FH,Þróttur R.,1,1,384,0.096
2025-08-28,1,FH,Þróttur R.,1,2,239,0.05975
2025-08-28,1,FH,Þróttur R.,1,3,125,0.03125
2025-08-28,1,FH,Þróttur R.,1,4,47,0.01175
2025-08-28,1,FH,Þróttur R.,1,5,9,0.00225
2025-08-28,1,FH,Þróttur R.,1,6,10,0.0025
2025-08-28,1,FH,Þróttur R.,1,7,5,0.00125
2025-08-28,1,FH,Þróttur R.,2,0,237,0.05925
2025-08-28,1,FH,Þróttur R.,2,1,304,0.076
2025-08-28,1,FH,Þróttur R.,2,2,256,0.064
2025-08-28,1,FH,Þróttur R.,2,3,113,0.02825
2025-08-28,1,FH,Þróttur R.,2,4,51,0.01275
2025-08-28,1,FH,Þróttur R.,2,5,13,0.00325
2025-08-28,1,FH,Þróttur R.,2,6,3,7.5e-4
2025-08-28,1,FH,Þróttur R.,2,7,1,2.5e-4
2025-08-28,1,FH,Þróttur R.,3,0,141,0.03525
2025-08-28,1,FH,Þróttur R.,3,1,234,0.0585
2025-08-28,1,FH,Þróttur R.,3,2,133,0.03325
2025-08-28,1,FH,Þróttur R.,3,3,72,0.018
2025-08-28,1,FH,Þróttur R.,3,4,28,0.007
2025-08-28,1,FH,Þróttur R.,3,5,7,0.00175
2025-08-28,1,FH,Þróttur R.,3,6,5,0.00125
2025-08-28,1,FH,Þróttur R.,3,7,1,2.5e-4
2025-08-28,1,FH,Þróttur R.,3,8,1,2.5e-4
2025-08-28,1,FH,Þróttur R.,4,0,77,0.01925
2025-08-28,1,FH,Þróttur R.,4,1,104,0.026
2025-08-28,1,FH,Þróttur R.,4,2,71,0.01775
2025-08-28,1,FH,Þróttur R.,4,3,38,0.0095
2025-08-28,1,FH,Þróttur R.,4,4,18,0.0045
2025-08-28,1,FH,Þróttur R.,4,5,5,0.00125
2025-08-28,1,FH,Þróttur R.,4,6,3,7.5e-4
2025-08-28,1,FH,Þróttur R.,5,0,23,0.00575
2025-08-28,1,FH,Þróttur R.,5,1,45,0.01125
2025-08-28,1,FH,Þróttur R.,5,2,37,0.00925
2025-08-28,1,FH,Þróttur R.,5,3,17,0.00425
2025-08-28,1,FH,Þróttur R.,5,4,5,0.00125
2025-08-28,1,FH,Þróttur R.,5,5,3,7.5e-4
2025-08-28,1,FH,Þróttur R.,6,0,9,0.00225
2025-08-28,1,FH,Þróttur R.,6,1,15,0.00375
2025-08-28,1,FH,Þróttur R.,6,2,13,0.00325
2025-08-28,1,FH,Þróttur R.,6,3,2,5e-4
2025-08-28,1,FH,Þróttur R.,6,4,6,0.0015
2025-08-28,1,FH,Þróttur R.,6,5,1,2.5e-4
2025-08-28,1,FH,Þróttur R.,6,6,2,5e-4
2025-08-28,1,FH,Þróttur R.,7,0,3,7.5e-4
2025-08-28,1,FH,Þróttur R.,7,1,8,0.002
2025-08-28,1,FH,Þróttur R.,7,2,2,5e-4
2025-08-28,1,FH,Þróttur R.,7,3,1,2.5e-4
2025-08-28,1,FH,Þróttur R.,8,0,2,5e-4
2025-08-28,1,FH,Þróttur R.,8,1,3,7.5e-4
2025-08-28,1,FH,Þróttur R.,8,2,3,7.5e-4
2025-08-28,1,FH,Þróttur R.,8,3,1,2.5e-4
2025-08-28,1,FH,Þróttur R.,8,4,1,2.5e-4
2025-08-28,1,FH,Þróttur R.,9,0,1,2.5e-4
2025-08-28,1,Tindastóll,Víkingur R.,0,0,142,0.0355
2025-08-28,1,Tindastóll,Víkingur R.,0,1,178,0.0445
2025-08-28,1,Tindastóll,Víkingur R.,0,2,201,0.05025
2025-08-28,1,Tindastóll,Víkingur R.,0,3,122,0.0305
2025-08-28,1,Tindastóll,Víkingur R.,0,4,76,0.019
2025-08-28,1,Tindastóll,Víkingur R.,0,5,39,0.00975
2025-08-28,1,Tindastóll,Víkingur R.,0,6,10,0.0025
2025-08-28,1,Tindastóll,Víkingur R.,0,7,9,0.00225
2025-08-28,1,Tindastóll,Víkingur R.,0,8,2,5e-4
2025-08-28,1,Tindastóll,Víkingur R.,1,0,180,0.045
2025-08-28,1,Tindastóll,Víkingur R.,1,1,317,0.07925
2025-08-28,1,Tindastóll,Víkingur R.,1,2,297,0.07425
2025-08-28,1,Tindastóll,Víkingur R.,1,3,193,0.04825
2025-08-28,1,Tindastóll,Víkingur R.,1,4,134,0.0335
2025-08-28,1,Tindastóll,Víkingur R.,1,5,53,0.01325
2025-08-28,1,Tindastóll,Víkingur R.,1,6,28,0.007
2025-08-28,1,Tindastóll,Víkingur R.,1,7,10,0.0025
2025-08-28,1,Tindastóll,Víkingur R.,1,8,3,7.5e-4
2025-08-28,1,Tindastóll,Víkingur R.,1,10,2,5e-4
2025-08-28,1,Tindastóll,Víkingur R.,2,0,104,0.026
2025-08-28,1,Tindastóll,Víkingur R.,2,1,238,0.0595
2025-08-28,1,Tindastóll,Víkingur R.,2,2,241,0.06025
2025-08-28,1,Tindastóll,Víkingur R.,2,3,174,0.0435
2025-08-28,1,Tindastóll,Víkingur R.,2,4,78,0.0195
2025-08-28,1,Tindastóll,Víkingur R.,2,5,43,0.01075
2025-08-28,1,Tindastóll,Víkingur R.,2,6,19,0.00475
2025-08-28,1,Tindastóll,Víkingur R.,2,7,6,0.0015
2025-08-28,1,Tindastóll,Víkingur R.,2,8,5,0.00125
2025-08-28,1,Tindastóll,Víkingur R.,2,9,1,2.5e-4
2025-08-28,1,Tindastóll,Víkingur R.,2,10,1,2.5e-4
2025-08-28,1,Tindastóll,Víkingur R.,3,0,79,0.01975
2025-08-28,1,Tindastóll,Víkingur R.,3,1,143,0.03575
2025-08-28,1,Tindastóll,Víkingur R.,3,2,138,0.0345
2025-08-28,1,Tindastóll,Víkingur R.,3,3,113,0.02825
2025-08-28,1,Tindastóll,Víkingur R.,3,4,64,0.016
2025-08-28,1,Tindastóll,Víkingur R.,3,5,24,0.006
2025-08-28,1,Tindastóll,Víkingur R.,3,6,13,0.00325
2025-08-28,1,Tindastóll,Víkingur R.,3,7,9,0.00225
2025-08-28,1,Tindastóll,Víkingur R.,3,8,2,5e-4
2025-08-28,1,Tindastóll,Víkingur R.,3,9,2,5e-4
2025-08-28,1,Tindastóll,Víkingur R.,4,0,35,0.00875
2025-08-28,1,Tindastóll,Víkingur R.,4,1,68,0.017
2025-08-28,1,Tindastóll,Víkingur R.,4,2,71,0.01775
2025-08-28,1,Tindastóll,Víkingur R.,4,3,46,0.0115
2025-08-28,1,Tindastóll,Víkingur R.,4,4,35,0.00875
2025-08-28,1,Tindastóll,Víkingur R.,4,5,11,0.00275
2025-08-28,1,Tindastóll,Víkingur R.,4,6,11,0.00275
2025-08-28,1,Tindastóll,Víkingur R.,4,8,4,0.001
2025-08-28,1,Tindastóll,Víkingur R.,4,12,1,2.5e-4
2025-08-28,1,Tindastóll,Víkingur R.,5,0,18,0.0045
2025-08-28,1,Tindastóll,Víkingur R.,5,1,32,0.008
2025-08-28,1,Tindastóll,Víkingur R.,5,2,38,0.0095
2025-08-28,1,Tindastóll,Víkingur R.,5,3,21,0.00525
2025-08-28,1,Tindastóll,Víkingur R.,5,4,18,0.0045
2025-08-28,1,Tindastóll,Víkingur R.,5,5,13,0.00325
2025-08-28,1,Tindastóll,Víkingur R.,5,6,2,5e-4
2025-08-28,1,Tindastóll,Víkingur R.,5,7,3,7.5e-4
2025-08-28,1,Tindastóll,Víkingur R.,5,9,1,2.5e-4
2025-08-28,1,Tindastóll,Víkingur R.,6,0,7,0.00175
2025-08-28,1,Tindastóll,Víkingur R.,6,1,13,0.00325
2025-08-28,1,Tindastóll,Víkingur R.,6,2,11,0.00275
2025-08-28,1,Tindastóll,Víkingur R.,6,3,8,0.002
2025-08-28,1,Tindastóll,Víkingur R.,6,4,6,0.0015
2025-08-28,1,Tindastóll,Víkingur R.,6,5,2,5e-4
2025-08-28,1,Tindastóll,Víkingur R.,6,6,2,5e-4
2025-08-28,1,Tindastóll,Víkingur R.,6,7,1,2.5e-4
2025-08-28,1,Tindastóll,Víkingur R.,7,0,1,2.5e-4
2025-08-28,1,Tindastóll,Víkingur R.,7,1,10,0.0025
2025-08-28,1,Tindastóll,Víkingur R.,7,2,2,5e-4
2025-08-28,1,Tindastóll,Víkingur R.,7,3,3,7.5e-4
2025-08-28,1,Tindastóll,Víkingur R.,7,4,2,5e-4
2025-08-28,1,Tindastóll,Víkingur R.,7,5,1,2.5e-4
2025-08-28,1,Tindastóll,Víkingur R.,7,7,1,2.5e-4
2025-08-28,1,Tindastóll,Víkingur R.,7,10,1,2.5e-4
2025-08-28,1,Tindastóll,Víkingur R.,8,0,1,2.5e-4
2025-08-28,1,Tindastóll,Víkingur R.,8,1,3,7.5e-4
2025-08-28,1,Tindastóll,Víkingur R.,8,2,1,2.5e-4
2025-08-28,1,Tindastóll,Víkingur R.,8,3,1,2.5e-4
2025-08-28,1,Tindastóll,Víkingur R.,8,4,1,2.5e-4
2025-08-28,1,Tindastóll,Víkingur R.,10,2,1,2.5e-4
2025-08-28,2,Afturelding,Grótta,0,0,107,0.02675
2025-08-28,2,Afturelding,Grótta,0,1,243,0.06075
2025-08-28,2,Afturelding,Grótta,0,2,288,0.072
2025-08-28,2,Afturelding,Grótta,0,3,238,0.0595
2025-08-28,2,Afturelding,Grótta,0,4,161,0.04025
2025-08-28,2,Afturelding,Grótta,0,5,95,0.02375
2025-08-28,2,Afturelding,Grótta,0,6,52,0.013
2025-08-28,2,Afturelding,Grótta,0,7,37,0.00925
2025-08-28,2,Afturelding,Grótta,0,8,15,0.00375
2025-08-28,2,Afturelding,Grótta,0,9,2,5e-4
2025-08-28,2,Afturelding,Grótta,0,10,1,2.5e-4
2025-08-28,2,Afturelding,Grótta,0,11,1,2.5e-4
2025-08-28,2,Afturelding,Grótta,1,0,112,0.028
2025-08-28,2,Afturelding,Grótta,1,1,222,0.0555
2025-08-28,2,Afturelding,Grótta,1,2,291,0.07275
2025-08-28,2,Afturelding,Grótta,1,3,289,0.07225
2025-08-28,2,Afturelding,Grótta,1,4,181,0.04525
2025-08-28,2,Afturelding,Grótta,1,5,122,0.0305
2025-08-28,2,Afturelding,Grótta,1,6,78,0.0195
2025-08-28,2,Afturelding,Grótta,1,7,35,0.00875
2025-08-28,2,Afturelding,Grótta,1,8,20,0.005
2025-08-28,2,Afturelding,Grótta,1,9,7,0.00175
2025-08-28,2,Afturelding,Grótta,1,10,3,7.5e-4
2025-08-28,2,Afturelding,Grótta,1,11,4,0.001
2025-08-28,2,Afturelding,Grótta,1,15,1,2.5e-4
2025-08-28,2,Afturelding,Grótta,2,0,58,0.0145
2025-08-28,2,Afturelding,Grótta,2,1,143,0.03575
2025-08-28,2,Afturelding,Grótta,2,2,206,0.0515
2025-08-28,2,Afturelding,Grótta,2,3,183,0.04575
2025-08-28,2,Afturelding,Grótta,2,4,107,0.02675
2025-08-28,2,Afturelding,Grótta,2,5,81,0.02025
2025-08-28,2,Afturelding,Grótta,2,6,37,0.00925
2025-08-28,2,Afturelding,Grótta,2,7,22,0.0055
2025-08-28,2,Afturelding,Grótta,2,8,11,0.00275
2025-08-28,2,Afturelding,Grótta,2,9,3,7.5e-4
2025-08-28,2,Afturelding,Grótta,2,10,4,0.001
2025-08-28,2,Afturelding,Grótta,2,11,1,2.5e-4
2025-08-28,2,Afturelding,Grótta,3,0,30,0.0075
2025-08-28,2,Afturelding,Grótta,3,1,58,0.0145
2025-08-28,2,Afturelding,Grótta,3,2,83,0.02075
2025-08-28,2,Afturelding,Grótta,3,3,71,0.01775
2025-08-28,2,Afturelding,Grótta,3,4,37,0.00925
2025-08-28,2,Afturelding,Grótta,3,5,33,0.00825
2025-08-28,2,Afturelding,Grótta,3,6,17,0.00425
2025-08-28,2,Afturelding,Grótta,3,7,7,0.00175
2025-08-28,2,Afturelding,Grótta,3,8,6,0.0015
2025-08-28,2,Afturelding,Grótta,3,9,5,0.00125
2025-08-28,2,Afturelding,Grótta,3,10,2,5e-4
2025-08-28,2,Afturelding,Grótta,4,0,5,0.00125
2025-08-28,2,Afturelding,Grótta,4,1,25,0.00625
2025-08-28,2,Afturelding,Grótta,4,2,35,0.00875
2025-08-28,2,Afturelding,Grótta,4,3,22,0.0055
2025-08-28,2,Afturelding,Grótta,4,4,18,0.0045
2025-08-28,2,Afturelding,Grótta,4,5,14,0.0035
2025-08-28,2,Afturelding,Grótta,4,6,9,0.00225
2025-08-28,2,Afturelding,Grótta,4,7,4,0.001
2025-08-28,2,Afturelding,Grótta,4,8,2,5e-4
2025-08-28,2,Afturelding,Grótta,4,12,1,2.5e-4
2025-08-28,2,Afturelding,Grótta,5,0,2,5e-4
2025-08-28,2,Afturelding,Grótta,5,1,6,0.0015
2025-08-28,2,Afturelding,Grótta,5,2,15,0.00375
2025-08-28,2,Afturelding,Grótta,5,3,5,0.00125
2025-08-28,2,Afturelding,Grótta,5,4,5,0.00125
2025-08-28,2,Afturelding,Grótta,5,5,3,7.5e-4
2025-08-28,2,Afturelding,Grótta,5,6,1,2.5e-4
2025-08-28,2,Afturelding,Grótta,5,8,1,2.5e-4
2025-08-28,2,Afturelding,Grótta,6,0,1,2.5e-4
2025-08-28,2,Afturelding,Grótta,6,2,3,7.5e-4
2025-08-28,2,Afturelding,Grótta,6,3,1,2.5e-4
2025-08-28,2,Afturelding,Grótta,6,4,5,0.00125
2025-08-28,2,Afturelding,Grótta,6,5,2,5e-4
2025-08-28,2,Afturelding,Grótta,6,6,1,2.5e-4
2025-08-28,2,Afturelding,Grótta,6,7,2,5e-4
2025-08-28,2,Afturelding,Grótta,7,2,1,2.5e-4
2025-08-28,2,Afturelding,Grótta,7,4,1,2.5e-4
2025-08-28,2,HK,Fylkir,0,0,197,0.04925
2025-08-28,2,HK,Fylkir,0,1,166,0.0415
2025-08-28,2,HK,Fylkir,0,2,128,0.032
2025-08-28,2,HK,Fylkir,0,3,44,0.011
2025-08-28,2,HK,Fylkir,0,4,13,0.00325
2025-08-28,2,HK,Fylkir,0,5,9,0.00225
2025-08-28,2,HK,Fylkir,0,6,2,5e-4
2025-08-28,2,HK,Fylkir,0,7,1,2.5e-4
2025-08-28,2,HK,Fylkir,1,0,335,0.08375
2025-08-28,2,HK,Fylkir,1,1,384,0.096
2025-08-28,2,HK,Fylkir,1,2,202,0.0505
2025-08-28,2,HK,Fylkir,1,3,99,0.02475
2025-08-28,2,HK,Fylkir,1,4,40,0.01
2025-08-28,2,HK,Fylkir,1,5,15,0.00375
2025-08-28,2,HK,Fylkir,1,6,3,7.5e-4
2025-08-28,2,HK,Fylkir,1,7,4,0.001
2025-08-28,2,HK,Fylkir,1,8,1,2.5e-4
2025-08-28,2,HK,Fylkir,1,9,1,2.5e-4
2025-08-28,2,HK,Fylkir,2,0,330,0.0825
2025-08-28,2,HK,Fylkir,2,1,314,0.0785
2025-08-28,2,HK,Fylkir,2,2,193,0.04825
2025-08-28,2,HK,Fylkir,2,3,84,0.021
2025-08-28,2,HK,Fylkir,2,4,32,0.008
2025-08-28,2,HK,Fylkir,2,5,9,0.00225
2025-08-28,2,HK,Fylkir,2,8,1,2.5e-4
2025-08-28,2,HK,Fylkir,3,0,206,0.0515
2025-08-28,2,HK,Fylkir,3,1,200,0.05
2025-08-28,2,HK,Fylkir,3,2,138,0.0345
2025-08-28,2,HK,Fylkir,3,3,65,0.01625
2025-08-28,2,HK,Fylkir,3,4,21,0.00525
2025-08-28,2,HK,Fylkir,3,5,8,0.002
2025-08-28,2,HK,Fylkir,3,6,5,0.00125
2025-08-28,2,HK,Fylkir,4,0,118,0.0295
2025-08-28,2,HK,Fylkir,4,1,135,0.03375
2025-08-28,2,HK,Fylkir,4,2,71,0.01775
2025-08-28,2,HK,Fylkir,4,3,28,0.007
2025-08-28,2,HK,Fylkir,4,4,12,0.003
2025-08-28,2,HK,Fylkir,4,5,3,7.5e-4
2025-08-28,2,HK,Fylkir,5,0,69,0.01725
2025-08-28,2,HK,Fylkir,5,1,56,0.014
2025-08-28,2,HK,Fylkir,5,2,45,0.01125
2025-08-28,2,HK,Fylkir,5,3,27,0.00675
2025-08-28,2,HK,Fylkir,5,4,6,0.0015
2025-08-28,2,HK,Fylkir,5,5,4,0.001
2025-08-28,2,HK,Fylkir,5,6,1,2.5e-4
2025-08-28,2,HK,Fylkir,6,0,30,0.0075
2025-08-28,2,HK,Fylkir,6,1,37,0.00925
2025-08-28,2,HK,Fylkir,6,2,15,0.00375
2025-08-28,2,HK,Fylkir,6,3,13,0.00325
2025-08-28,2,HK,Fylkir,6,4,6,0.0015
2025-08-28,2,HK,Fylkir,6,6,2,5e-4
2025-08-28,2,HK,Fylkir,7,0,11,0.00275
2025-08-28,2,HK,Fylkir,7,1,19,0.00475
2025-08-28,2,HK,Fylkir,7,2,3,7.5e-4
2025-08-28,2,HK,Fylkir,7,3,2,5e-4
2025-08-28,2,HK,Fylkir,8,0,8,0.002
2025-08-28,2,HK,Fylkir,8,1,9,0.00225
2025-08-28,2,HK,Fylkir,8,2,7,0.00175
2025-08-28,2,HK,Fylkir,8,3,1,2.5e-4
2025-08-28,2,HK,Fylkir,8,4,2,5e-4
2025-08-28,2,HK,Fylkir,9,1,3,7.5e-4
2025-08-28,2,HK,Fylkir,9,2,3,7.5e-4
2025-08-28,2,HK,Fylkir,9,4,1,2.5e-4
2025-08-28,2,HK,Fylkir,10,2,1,2.5e-4
2025-08-28,2,HK,Fylkir,10,3,1,2.5e-4
2025-08-28,2,HK,Fylkir,12,2,1,2.5e-4
2025-08-28,2,KR,Haukar,0,0,27,0.00675
2025-08-28,2,KR,Haukar,0,1,12,0.003
2025-08-28,2,KR,Haukar,0,2,18,0.0045
2025-08-28,2,KR,Haukar,0,3,10,0.0025
2025-08-28,2,KR,Haukar,0,4,2,5e-4
2025-08-28,2,KR,Haukar,0,5,5,0.00125
2025-08-28,2,KR,Haukar,0,6,1,2.5e-4
2025-08-28,2,KR,Haukar,0,7,1,2.5e-4
2025-08-28,2,KR,Haukar,0,8,1,2.5e-4
2025-08-28,2,KR,Haukar,1,0,32,0.008
2025-08-28,2,KR,Haukar,1,1,82,0.0205
2025-08-28,2,KR,Haukar,1,2,78,0.0195
2025-08-28,2,KR,Haukar,1,3,44,0.011
2025-08-28,2,KR,Haukar,1,4,23,0.00575
2025-08-28,2,KR,Haukar,1,5,10,0.0025
2025-08-28,2,KR,Haukar,1,6,6,0.0015
2025-08-28,2,KR,Haukar,1,7,2,5e-4
2025-08-28,2,KR,Haukar,1,8,1,2.5e-4
2025-08-28,2,KR,Haukar,2,0,53,0.01325
2025-08-28,2,KR,Haukar,2,1,107,0.02675
2025-08-28,2,KR,Haukar,2,2,127,0.03175
2025-08-28,2,KR,Haukar,2,3,88,0.022
2025-08-28,2,KR,Haukar,2,4,41,0.01025
2025-08-28,2,KR,Haukar,2,5,22,0.0055
2025-08-28,2,KR,Haukar,2,6,9,0.00225
2025-08-28,2,KR,Haukar,2,7,2,5e-4
2025-08-28,2,KR,Haukar,2,8,1,2.5e-4
2025-08-28,2,KR,Haukar,2,9,2,5e-4
2025-08-28,2,KR,Haukar,3,0,68,0.017
2025-08-28,2,KR,Haukar,3,1,168,0.042
2025-08-28,2,KR,Haukar,3,2,144,0.036
2025-08-28,2,KR,Haukar,3,3,105,0.02625
2025-08-28,2,KR,Haukar,3,4,96,0.024
2025-08-28,2,KR,Haukar,3,5,31,0.00775
2025-08-28,2,KR,Haukar,3,6,23,0.00575
2025-08-28,2,KR,Haukar,3,7,9,0.00225
2025-08-28,2,KR,Haukar,3,8,3,7.5e-4
2025-08-28,2,KR,Haukar,3,10,1,2.5e-4
2025-08-28,2,KR,Haukar,4,0,74,0.0185
2025-08-28,2,KR,Haukar,4,1,148,0.037
2025-08-28,2,KR,Haukar,4,2,153,0.03825
2025-08-28,2,KR,Haukar,4,3,138,0.0345
2025-08-28,2,KR,Haukar,4,4,85,0.02125
2025-08-28,2,KR,Haukar,4,5,41,0.01025
2025-08-28,2,KR,Haukar,4,6,20,0.005
2025-08-28,2,KR,Haukar,4,7,9,0.00225
2025-08-28,2,KR,Haukar,4,8,5,0.00125
2025-08-28,2,KR,Haukar,4,10,2,5e-4
2025-08-28,2,KR,Haukar,5,0,68,0.017
2025-08-28,2,KR,Haukar,5,1,131,0.03275
2025-08-28,2,KR,Haukar,5,2,157,0.03925
2025-08-28,2,KR,Haukar,5,3,100,0.025
2025-08-28,2,KR,Haukar,5,4,66,0.0165
2025-08-28,2,KR,Haukar,5,5,29,0.00725
2025-08-28,2,KR,Haukar,5,6,23,0.00575
2025-08-28,2,KR,Haukar,5,7,3,7.5e-4
2025-08-28,2,KR,Haukar,5,8,4,0.001
2025-08-28,2,KR,Haukar,5,9,1,2.5e-4
2025-08-28,2,KR,Haukar,5,10,1,2.5e-4
2025-08-28,2,KR,Haukar,6,0,59,0.01475
2025-08-28,2,KR,Haukar,6,1,113,0.02825
2025-08-28,2,KR,Haukar,6,2,116,0.029
2025-08-28,2,KR,Haukar,6,3,78,0.0195
2025-08-28,2,KR,Haukar,6,4,40,0.01
2025-08-28,2,KR,Haukar,6,5,29,0.00725
2025-08-28,2,KR,Haukar,6,6,13,0.00325
2025-08-28,2,KR,Haukar,6,7,6,0.0015
2025-08-28,2,KR,Haukar,6,8,4,0.001
2025-08-28,2,KR,Haukar,7,0,48,0.012
2025-08-28,2,KR,Haukar,7,1,76,0.019
2025-08-28,2,KR,Haukar,7,2,73,0.01825
2025-08-28,2,KR,Haukar,7,3,61,0.01525
2025-08-28,2,KR,Haukar,7,4,40,0.01
2025-08-28,2,KR,Haukar,7,5,12,0.003
2025-08-28,2,KR,Haukar,7,6,7,0.00175
2025-08-28,2,KR,Haukar,7,7,10,0.0025
2025-08-28,2,KR,Haukar,7,8,2,5e-4
2025-08-28,2,KR,Haukar,7,9,1,2.5e-4
2025-08-28,2,KR,Haukar,8,0,15,0.00375
2025-08-28,2,KR,Haukar,8,1,36,0.009
2025-08-28,2,KR,Haukar,8,2,53,0.01325
2025-08-28,2,KR,Haukar,8,3,41,0.01025
2025-08-28,2,KR,Haukar,8,4,34,0.0085
2025-08-28,2,KR,Haukar,8,5,14,0.0035
2025-08-28,2,KR,Haukar,8,6,4,0.001
2025-08-28,2,KR,Haukar,8,7,2,5e-4
2025-08-28,2,KR,Haukar,8,8,1,2.5e-4
2025-08-28,2,KR,Haukar,9,0,18,0.0045
2025-08-28,2,KR,Haukar,9,1,28,0.007
2025-08-28,2,KR,Haukar,9,2,41,0.01025
2025-08-28,2,KR,Haukar,9,3,25,0.00625
2025-08-28,2,KR,Haukar,9,4,16,0.004
2025-08-28,2,KR,Haukar,9,5,5,0.00125
2025-08-28,2,KR,Haukar,9,6,5,0.00125
2025-08-28,2,KR,Haukar,9,7,3,7.5e-4
2025-08-28,2,KR,Haukar,9,9,1,2.5e-4
2025-08-28,2,KR,Haukar,10,0,8,0.002
2025-08-28,2,KR,Haukar,10,1,17,0.00425
2025-08-28,2,KR,Haukar,10,2,15,0.00375
2025-08-28,2,KR,Haukar,10,3,11,0.00275
2025-08-28,2,KR,Haukar,10,4,8,0.002
2025-08-28,2,KR,Haukar,10,5,2,5e-4
2025-08-28,2,KR,Haukar,10,6,1,2.5e-4
2025-08-28,2,KR,Haukar,10,7,2,5e-4
2025-08-28,2,KR,Haukar,11,0,7,0.00175
2025-08-28,2,KR,Haukar,11,1,9,0.00225
2025-08-28,2,KR,Haukar,11,2,13,0.00325
2025-08-28,2,KR,Haukar,11,3,10,0.0025
2025-08-28,2,KR,Haukar,11,4,5,0.00125
2025-08-28,2,KR,Haukar,11,5,2,5e-4
2025-08-28,2,KR,Haukar,11,6,2,5e-4
2025-08-28,2,KR,Haukar,12,1,6,0.0015
2025-08-28,2,KR,Haukar,12,2,7,0.00175
2025-08-28,2,KR,Haukar,12,3,5,0.00125
2025-08-28,2,KR,Haukar,12,4,1,2.5e-4
2025-08-28,2,KR,Haukar,12,5,1,2.5e-4
2025-08-28,2,KR,Haukar,12,6,1,2.5e-4
2025-08-28,2,KR,Haukar,13,1,1,2.5e-4
2025-08-28,2,KR,Haukar,13,2,3,7.5e-4
2025-08-28,2,KR,Haukar,13,3,4,0.001
2025-08-28,2,KR,Haukar,13,4,1,2.5e-4
2025-08-28,2,KR,Haukar,14,1,1,2.5e-4
2025-08-28,2,KR,Haukar,14,2,1,2.5e-4
2025-08-28,2,KR,Haukar,14,5,1,2.5e-4
2025-08-28,2,KR,Haukar,14,6,1,2.5e-4
2025-08-28,2,KR,Haukar,15,2,1,2.5e-4
2025-08-28,2,KR,Haukar,15,4,1,2.5e-4
2025-08-28,2,KR,Haukar,15,5,1,2.5e-4
2025-08-28,2,KR,Haukar,15,6,2,5e-4
2025-08-28,2,KR,Haukar,15,9,1,2.5e-4
2025-08-28,2,KR,Haukar,16,2,1,2.5e-4
2025-08-28,2,KR,Haukar,16,5,2,5e-4
2025-08-28,2,KR,Haukar,17,2,1,2.5e-4
2025-08-28,2,KR,Haukar,17,3,1,2.5e-4
2025-08-28,2,ÍBV,ÍA,0,0,143,0.03575
2025-08-28,2,ÍBV,ÍA,0,1,146,0.0365
2025-08-28,2,ÍBV,ÍA,0,2,106,0.0265
2025-08-28,2,ÍBV,ÍA,0,3,45,0.01125
2025-08-28,2,ÍBV,ÍA,0,4,24,0.006
2025-08-28,2,ÍBV,ÍA,0,5,4,0.001
2025-08-28,2,ÍBV,ÍA,0,6,3,7.5e-4
2025-08-28,2,ÍBV,ÍA,0,7,1,2.5e-4
2025-08-28,2,ÍBV,ÍA,0,8,1,2.5e-4
2025-08-28,2,ÍBV,ÍA,1,0,213,0.05325
2025-08-28,2,ÍBV,ÍA,1,1,279,0.06975
2025-08-28,2,ÍBV,ÍA,1,2,210,0.0525
2025-08-28,2,ÍBV,ÍA,1,3,93,0.02325
2025-08-28,2,ÍBV,ÍA,1,4,53,0.01325
2025-08-28,2,ÍBV,ÍA,1,5,24,0.006
2025-08-28,2,ÍBV,ÍA,1,6,4,0.001
2025-08-28,2,ÍBV,ÍA,1,7,4,0.001
2025-08-28,2,ÍBV,ÍA,2,0,236,0.059
2025-08-28,2,ÍBV,ÍA,2,1,304,0.076
2025-08-28,2,ÍBV,ÍA,2,2,201,0.05025
2025-08-28,2,ÍBV,ÍA,2,3,113,0.02825
2025-08-28,2,ÍBV,ÍA,2,4,54,0.0135
2025-08-28,2,ÍBV,ÍA,2,5,18,0.0045
2025-08-28,2,ÍBV,ÍA,2,6,8,0.002
2025-08-28,2,ÍBV,ÍA,3,0,195,0.04875
2025-08-28,2,ÍBV,ÍA,3,1,214,0.0535
2025-08-28,2,ÍBV,ÍA,3,2,149,0.03725
2025-08-28,2,ÍBV,ÍA,3,3,96,0.024
2025-08-28,2,ÍBV,ÍA,3,4,34,0.0085
2025-08-28,2,ÍBV,ÍA,3,5,13,0.00325
2025-08-28,2,ÍBV,ÍA,3,6,2,5e-4
2025-08-28,2,ÍBV,ÍA,3,7,2,5e-4
2025-08-28,2,ÍBV,ÍA,3,8,3,7.5e-4
2025-08-28,2,ÍBV,ÍA,4,0,102,0.0255
2025-08-28,2,ÍBV,ÍA,4,1,167,0.04175
2025-08-28,2,ÍBV,ÍA,4,2,114,0.0285
2025-08-28,2,ÍBV,ÍA,4,3,57,0.01425
2025-08-28,2,ÍBV,ÍA,4,4,32,0.008
2025-08-28,2,ÍBV,ÍA,4,5,11,0.00275
2025-08-28,2,ÍBV,ÍA,4,6,2,5e-4
2025-08-28,2,ÍBV,ÍA,4,7,1,2.5e-4
2025-08-28,2,ÍBV,ÍA,5,0,60,0.015
2025-08-28,2,ÍBV,ÍA,5,1,76,0.019
2025-08-28,2,ÍBV,ÍA,5,2,49,0.01225
2025-08-28,2,ÍBV,ÍA,5,3,54,0.0135
2025-08-28,2,ÍBV,ÍA,5,4,13,0.00325
2025-08-28,2,ÍBV,ÍA,5,5,5,0.00125
2025-08-28,2,ÍBV,ÍA,5,6,1,2.5e-4
2025-08-28,2,ÍBV,ÍA,6,0,29,0.00725
2025-08-28,2,ÍBV,ÍA,6,1,47,0.01175
2025-08-28,2,ÍBV,ÍA,6,2,26,0.0065
2025-08-28,2,ÍBV,ÍA,6,3,12,0.003
2025-08-28,2,ÍBV,ÍA,6,4,5,0.00125
2025-08-28,2,ÍBV,ÍA,6,5,7,0.00175
2025-08-28,2,ÍBV,ÍA,6,6,4,0.001
2025-08-28,2,ÍBV,ÍA,6,7,1,2.5e-4
2025-08-28,2,ÍBV,ÍA,7,0,14,0.0035
2025-08-28,2,ÍBV,ÍA,7,1,20,0.005
2025-08-28,2,ÍBV,ÍA,7,2,14,0.0035
2025-08-28,2,ÍBV,ÍA,7,3,12,0.003
2025-08-28,2,ÍBV,ÍA,7,4,1,2.5e-4
2025-08-28,2,ÍBV,ÍA,7,5,1,2.5e-4
2025-08-28,2,ÍBV,ÍA,8,0,10,0.0025
2025-08-28,2,ÍBV,ÍA,8,1,9,0.00225
2025-08-28,2,ÍBV,ÍA,8,2,10,0.0025
2025-08-28,2,ÍBV,ÍA,8,3,4,0.001
2025-08-28,2,ÍBV,ÍA,8,4,2,5e-4
2025-08-28,2,ÍBV,ÍA,9,0,5,0.00125
2025-08-28,2,ÍBV,ÍA,9,1,4,0.001
2025-08-28,2,ÍBV,ÍA,9,2,5,0.00125
2025-08-28,2,ÍBV,ÍA,9,3,1,2.5e-4
2025-08-28,2,ÍBV,ÍA,9,4,2,5e-4
2025-08-28,2,ÍBV,ÍA,9,5,2,5e-4
2025-08-28,2,ÍBV,ÍA,10,0,2,5e-4
2025-08-28,2,ÍBV,ÍA,10,1,2,5e-4
2025-08-28,2,ÍBV,ÍA,10,3,1,2.5e-4
2025-08-28,2,ÍBV,ÍA,10,4,2,5e-4
2025-08-28,2,ÍBV,ÍA,11,0,1,2.5e-4
2025-08-28,2,ÍBV,ÍA,11,2,1,2.5e-4
2025-08-28,2,ÍBV,ÍA,12,2,1,2.5e-4
2025-08-28,2,ÍBV,ÍA,12,3,1,2.5e-4
2025-08-28,2,ÍBV,ÍA,13,0,1,2.5e-4
2025-08-28,2,ÍBV,ÍA,15,1,1,2.5e-4
2025-08-28,2,ÍBV,ÍA,17,1,1,2.5e-4
2025-08-30,1,FHL,Stjarnan,0,0,240,0.06
2025-08-30,1,FHL,Stjarnan,0,1,368,0.092
2025-08-30,1,FHL,Stjarnan,0,2,371,0.09275
2025-08-30,1,FHL,Stjarnan,0,3,266,0.0665
2025-08-30,1,FHL,Stjarnan,0,4,153,0.03825
2025-08-30,1,FHL,Stjarnan,0,5,77,0.01925
2025-08-30,1,FHL,Stjarnan,0,6,35,0.00875
2025-08-30,1,FHL,Stjarnan,0,7,9,0.00225
2025-08-30,1,FHL,Stjarnan,0,8,2,5e-4
2025-08-30,1,FHL,Stjarnan,1,0,202,0.0505
2025-08-30,1,FHL,Stjarnan,1,1,380,0.095
2025-08-30,1,FHL,Stjarnan,1,2,341,0.08525
2025-08-30,1,FHL,Stjarnan,1,3,198,0.0495
2025-08-30,1,FHL,Stjarnan,1,4,129,0.03225
2025-08-30,1,FHL,Stjarnan,1,5,65,0.01625
2025-08-30,1,FHL,Stjarnan,1,6,34,0.0085
2025-08-30,1,FHL,Stjarnan,1,7,17,0.00425
2025-08-30,1,FHL,Stjarnan,1,8,2,5e-4
2025-08-30,1,FHL,Stjarnan,1,9,2,5e-4
2025-08-30,1,FHL,Stjarnan,2,0,90,0.0225
2025-08-30,1,FHL,Stjarnan,2,1,171,0.04275
2025-08-30,1,FHL,Stjarnan,2,2,174,0.0435
2025-08-30,1,FHL,Stjarnan,2,3,121,0.03025
2025-08-30,1,FHL,Stjarnan,2,4,71,0.01775
2025-08-30,1,FHL,Stjarnan,2,5,44,0.011
2025-08-30,1,FHL,Stjarnan,2,6,14,0.0035
2025-08-30,1,FHL,Stjarnan,2,7,5,0.00125
2025-08-30,1,FHL,Stjarnan,2,8,1,2.5e-4
2025-08-30,1,FHL,Stjarnan,3,0,38,0.0095
2025-08-30,1,FHL,Stjarnan,3,1,66,0.0165
2025-08-30,1,FHL,Stjarnan,3,2,60,0.015
2025-08-30,1,FHL,Stjarnan,3,3,50,0.0125
2025-08-30,1,FHL,Stjarnan,3,4,25,0.00625
2025-08-30,1,FHL,Stjarnan,3,5,17,0.00425
2025-08-30,1,FHL,Stjarnan,3,6,7,0.00175
2025-08-30,1,FHL,Stjarnan,3,7,5,0.00125
2025-08-30,1,FHL,Stjarnan,3,8,1,2.5e-4
2025-08-30,1,FHL,Stjarnan,3,10,1,2.5e-4
2025-08-30,1,FHL,Stjarnan,4,0,21,0.00525
2025-08-30,1,FHL,Stjarnan,4,1,24,0.006
2025-08-30,1,FHL,Stjarnan,4,2,27,0.00675
2025-08-30,1,FHL,Stjarnan,4,3,15,0.00375
2025-08-30,1,FHL,Stjarnan,4,4,5,0.00125
2025-08-30,1,FHL,Stjarnan,4,5,7,0.00175
2025-08-30,1,FHL,Stjarnan,4,6,5,0.00125
2025-08-30,1,FHL,Stjarnan,4,7,1,2.5e-4
2025-08-30,1,FHL,Stjarnan,5,0,3,7.5e-4
2025-08-30,1,FHL,Stjarnan,5,1,13,0.00325
2025-08-30,1,FHL,Stjarnan,5,2,5,0.00125
2025-08-30,1,FHL,Stjarnan,5,3,9,0.00225
2025-08-30,1,FHL,Stjarnan,5,4,1,2.5e-4
2025-08-30,1,FHL,Stjarnan,5,5,1,2.5e-4
2025-08-30,1,FHL,Stjarnan,6,0,1,2.5e-4
2025-08-30,1,FHL,Stjarnan,6,1,3,7.5e-4
2025-08-30,1,FHL,Stjarnan,6,3,5,0.00125
2025-08-30,1,FHL,Stjarnan,7,2,1,2.5e-4
2025-08-30,1,FHL,Stjarnan,7,3,1,2.5e-4
2025-08-30,1,Þór/KA,Fram,0,0,92,0.023
2025-08-30,1,Þór/KA,Fram,0,1,63,0.01575
2025-08-30,1,Þór/KA,Fram,0,2,31,0.00775
2025-08-30,1,Þór/KA,Fram,0,3,11,0.00275
2025-08-30,1,Þór/KA,Fram,0,4,3,7.5e-4
2025-08-30,1,Þór/KA,Fram,1,0,190,0.0475
2025-08-30,1,Þór/KA,Fram,1,1,174,0.0435
2025-08-30,1,Þór/KA,Fram,1,2,76,0.019
2025-08-30,1,Þór/KA,Fram,1,3,40,0.01
2025-08-30,1,Þór/KA,Fram,1,4,13,0.00325
2025-08-30,1,Þór/KA,Fram,1,5,1,2.5e-4
2025-08-30,1,Þór/KA,Fram,2,0,266,0.0665
2025-08-30,1,Þór/KA,Fram,2,1,256,0.064
2025-08-30,1,Þór/KA,Fram,2,2,140,0.035
2025-08-30,1,Þór/KA,Fram,2,3,40,0.01
2025-08-30,1,Þór/KA,Fram,2,4,15,0.00375
2025-08-30,1,Þór/KA,Fram,2,5,3,7.5e-4
2025-08-30,1,Þór/KA,Fram,2,7,1,2.5e-4
2025-08-30,1,Þór/KA,Fram,3,0,270,0.0675
2025-08-30,1,Þór/KA,Fram,3,1,278,0.0695
2025-08-30,1,Þór/KA,Fram,3,2,134,0.0335
2025-08-30,1,Þór/KA,Fram,3,3,43,0.01075
2025-08-30,1,Þór/KA,Fram,3,4,25,0.00625
2025-08-30,1,Þór/KA,Fram,3,5,7,0.00175
2025-08-30,1,Þór/KA,Fram,3,6,1,2.5e-4
2025-08-30,1,Þór/KA,Fram,4,0,251,0.06275
2025-08-30,1,Þór/KA,Fram,4,1,215,0.05375
2025-08-30,1,Þór/KA,Fram,4,2,114,0.0285
2025-08-30,1,Þór/KA,Fram,4,3,30,0.0075
2025-08-30,1,Þór/KA,Fram,4,4,16,0.004
2025-08-30,1,Þór/KA,Fram,4,5,3,7.5e-4
2025-08-30,1,Þór/KA,Fram,4,7,2,5e-4
2025-08-30,1,Þór/KA,Fram,5,0,169,0.04225
2025-08-30,1,Þór/KA,Fram,5,1,149,0.03725
2025-08-30,1,Þór/KA,Fram,5,2,83,0.02075
2025-08-30,1,Þór/KA,Fram,5,3,42,0.0105
2025-08-30,1,Þór/KA,Fram,5,4,16,0.004
2025-08-30,1,Þór/KA,Fram,5,5,1,2.5e-4
2025-08-30,1,Þór/KA,Fram,6,0,115,0.02875
2025-08-30,1,Þór/KA,Fram,6,1,119,0.02975
2025-08-30,1,Þór/KA,Fram,6,2,54,0.0135
2025-08-30,1,Þór/KA,Fram,6,3,28,0.007
2025-08-30,1,Þór/KA,Fram,6,4,8,0.002
2025-08-30,1,Þór/KA,Fram,6,5,3,7.5e-4
2025-08-30,1,Þór/KA,Fram,6,6,1,2.5e-4
2025-08-30,1,Þór/KA,Fram,7,0,69,0.01725
2025-08-30,1,Þór/KA,Fram,7,1,59,0.01475
2025-08-30,1,Þór/KA,Fram,7,2,33,0.00825
2025-08-30,1,Þór/KA,Fram,7,3,14,0.0035
2025-08-30,1,Þór/KA,Fram,7,4,4,0.001
2025-08-30,1,Þór/KA,Fram,7,5,3,7.5e-4
2025-08-30,1,Þór/KA,Fram,7,6,1,2.5e-4
2025-08-30,1,Þór/KA,Fram,8,0,30,0.0075
2025-08-30,1,Þór/KA,Fram,8,1,39,0.00975
2025-08-30,1,Þór/KA,Fram,8,2,8,0.002
2025-08-30,1,Þór/KA,Fram,8,3,11,0.00275
2025-08-30,1,Þór/KA,Fram,8,4,3,7.5e-4
2025-08-30,1,Þór/KA,Fram,8,5,1,2.5e-4
2025-08-30,1,Þór/KA,Fram,9,0,14,0.0035
2025-08-30,1,Þór/KA,Fram,9,1,27,0.00675
2025-08-30,1,Þór/KA,Fram,9,2,13,0.00325
2025-08-30,1,Þór/KA,Fram,9,3,8,0.002
2025-08-30,1,Þór/KA,Fram,9,4,2,5e-4
2025-08-30,1,Þór/KA,Fram,9,5,1,2.5e-4
2025-08-30,1,Þór/KA,Fram,10,0,15,0.00375
2025-08-30,1,Þór/KA,Fram,10,1,3,7.5e-4
2025-08-30,1,Þór/KA,Fram,10,2,4,0.001
2025-08-30,1,Þór/KA,Fram,10,3,2,5e-4
2025-08-30,1,Þór/KA,Fram,10,4,1,2.5e-4
2025-08-30,1,Þór/KA,Fram,11,0,9,0.00225
2025-08-30,1,Þór/KA,Fram,11,1,7,0.00175
2025-08-30,1,Þór/KA,Fram,11,2,5,0.00125
2025-08-30,1,Þór/KA,Fram,11,4,1,2.5e-4
2025-08-30,1,Þór/KA,Fram,11,5,2,5e-4
2025-08-30,1,Þór/KA,Fram,12,0,3,7.5e-4
2025-08-30,1,Þór/KA,Fram,12,1,2,5e-4
2025-08-30,1,Þór/KA,Fram,12,2,2,5e-4
2025-08-30,1,Þór/KA,Fram,12,3,2,5e-4
2025-08-30,1,Þór/KA,Fram,13,0,2,5e-4
2025-08-30,1,Þór/KA,Fram,13,1,2,5e-4
2025-08-30,1,Þór/KA,Fram,13,2,1,2.5e-4
2025-08-30,1,Þór/KA,Fram,14,3,1,2.5e-4
2025-08-30,1,Þór/KA,Fram,15,1,1,2.5e-4
2025-08-30,1,Þór/KA,Fram,15,2,1,2.5e-4
2025-08-30,1,Þór/KA,Fram,17,0,1,2.5e-4
2025-08-30,1,Þór/KA,Fram,24,1,1,2.5e-4
2025-08-30,2,Keflavík,Grindavík/ Njarðvík,0,0,49,0.01225
2025-08-30,2,Keflavík,Grindavík/ Njarðvík,0,1,40,0.01
2025-08-30,2,Keflavík,Grindavík/ Njarðvík,0,2,15,0.00375
2025-08-30,2,Keflavík,Grindavík/ Njarðvík,0,3,4,0.001
2025-08-30,2,Keflavík,Grindavík/ Njarðvík,0,4,1,2.5e-4
2025-08-30,2,Keflavík,Grindavík/ Njarðvík,0,5,1,2.5e-4
2025-08-30,2,Keflavík,Grindavík/ Njarðvík,1,0,143,0.03575
2025-08-30,2,Keflavík,Grindavík/ Njarðvík,1,1,111,0.02775
2025-08-30,2,Keflavík,Grindavík/ Njarðvík,1,2,46,0.0115
2025-08-30,2,Keflavík,Grindavík/ Njarðvík,1,3,9,0.00225
2025-08-30,2,Keflavík,Grindavík/ Njarðvík,1,4,3,7.5e-4
2025-08-30,2,Keflavík,Grindavík/ Njarðvík,1,5,2,5e-4
2025-08-30,2,Keflavík,Grindavík/ Njarðvík,1,6,1,2.5e-4
2025-08-30,2,Keflavík,Grindavík/ Njarðvík,2,0,270,0.0675
2025-08-30,2,Keflavík,Grindavík/ Njarðvík,2,1,169,0.04225
2025-08-30,2,Keflavík,Grindavík/ Njarðvík,2,2,69,0.01725
2025-08-30,2,Keflavík,Grindavík/ Njarðvík,2,3,24,0.006
2025-08-30,2,Keflavík,Grindavík/ Njarðvík,2,4,9,0.00225
2025-08-30,2,Keflavík,Grindavík/ Njarðvík,2,5,2,5e-4
2025-08-30,2,Keflavík,Grindavík/ Njarðvík,2,6,1,2.5e-4
2025-08-30,2,Keflavík,Grindavík/ Njarðvík,3,0,317,0.07925
2025-08-30,2,Keflavík,Grindavík/ Njarðvík,3,1,181,0.04525
2025-08-30,2,Keflavík,Grindavík/ Njarðvík,3,2,66,0.0165
2025-08-30,2,Keflavík,Grindavík/ Njarðvík,3,3,29,0.00725
2025-08-30,2,Keflavík,Grindavík/ Njarðvík,3,4,5,0.00125
2025-08-30,2,Keflavík,Grindavík/ Njarðvík,3,5,2,5e-4
2025-08-30,2,Keflavík,Grindavík/ Njarðvík,4,0,262,0.0655
2025-08-30,2,Keflavík,Grindavík/ Njarðvík,4,1,191,0.04775
2025-08-30,2,Keflavík,Grindavík/ Njarðvík,4,2,78,0.0195
2025-08-30,2,Keflavík,Grindavík/ Njarðvík,4,3,24,0.006
2025-08-30,2,Keflavík,Grindavík/ Njarðvík,4,4,8,0.002
2025-08-30,2,Keflavík,Grindavík/ Njarðvík,4,5,2,5e-4
2025-08-30,2,Keflavík,Grindavík/ Njarðvík,5,0,258,0.0645
2025-08-30,2,Keflavík,Grindavík/ Njarðvík,5,1,184,0.046
2025-08-30,2,Keflavík,Grindavík/ Njarðvík,5,2,83,0.02075
2025-08-30,2,Keflavík,Grindavík/ Njarðvík,5,3,26,0.0065
2025-08-30,2,Keflavík,Grindavík/ Njarðvík,5,4,7,0.00175
2025-08-30,2,Keflavík,Grindavík/ Njarðvík,5,5,2,5e-4
2025-08-30,2,Keflavík,Grindavík/ Njarðvík,6,0,188,0.047
2025-08-30,2,Keflavík,Grindavík/ Njarðvík,6,1,147,0.03675
2025-08-30,2,Keflavík,Grindavík/ Njarðvík,6,2,48,0.012
2025-08-30,2,Keflavík,Grindavík/ Njarðvík,6,3,18,0.0045
2025-08-30,2,Keflavík,Grindavík/ Njarðvík,6,4,10,0.0025
2025-08-30,2,Keflavík,Grindavík/ Njarðvík,6,6,1,2.5e-4
2025-08-30,2,Keflavík,Grindavík/ Njarðvík,7,0,162,0.0405
2025-08-30,2,Keflavík,Grindavík/ Njarðvík,7,1,92,0.023
2025-08-30,2,Keflavík,Grindavík/ Njarðvík,7,2,43,0.01075
2025-08-30,2,Keflavík,Grindavík/ Njarðvík,7,3,13,0.00325
2025-08-30,2,Keflavík,Grindavík/ Njarðvík,7,4,5,0.00125
2025-08-30,2,Keflavík,Grindavík/ Njarðvík,7,5,1,2.5e-4
2025-08-30,2,Keflavík,Grindavík/ Njarðvík,7,7,1,2.5e-4
2025-08-30,2,Keflavík,Grindavík/ Njarðvík,8,0,98,0.0245
2025-08-30,2,Keflavík,Grindavík/ Njarðvík,8,1,71,0.01775
2025-08-30,2,Keflavík,Grindavík/ Njarðvík,8,2,22,0.0055
2025-08-30,2,Keflavík,Grindavík/ Njarðvík,8,3,12,0.003
2025-08-30,2,Keflavík,Grindavík/ Njarðvík,8,4,4,0.001
2025-08-30,2,Keflavík,Grindavík/ Njarðvík,8,5,1,2.5e-4
2025-08-30,2,Keflavík,Grindavík/ Njarðvík,9,0,66,0.0165
2025-08-30,2,Keflavík,Grindavík/ Njarðvík,9,1,48,0.012
2025-08-30,2,Keflavík,Grindavík/ Njarðvík,9,2,26,0.0065
2025-08-30,2,Keflavík,Grindavík/ Njarðvík,9,3,5,0.00125
2025-08-30,2,Keflavík,Grindavík/ Njarðvík,10,0,43,0.01075
2025-08-30,2,Keflavík,Grindavík/ Njarðvík,10,1,31,0.00775
2025-08-30,2,Keflavík,Grindavík/ Njarðvík,10,2,9,0.00225
2025-08-30,2,Keflavík,Grindavík/ Njarðvík,10,3,4,0.001
2025-08-30,2,Keflavík,Grindavík/ Njarðvík,10,4,2,5e-4
2025-08-30,2,Keflavík,Grindavík/ Njarðvík,11,0,19,0.00475
2025-08-30,2,Keflavík,Grindavík/ Njarðvík,11,1,16,0.004
2025-08-30,2,Keflavík,Grindavík/ Njarðvík,11,2,5,0.00125
2025-08-30,2,Keflavík,Grindavík/ Njarðvík,11,3,5,0.00125
2025-08-30,2,Keflavík,Grindavík/ Njarðvík,11,5,1,2.5e-4
2025-08-30,2,Keflavík,Grindavík/ Njarðvík,11,6,1,2.5e-4
2025-08-30,2,Keflavík,Grindavík/ Njarðvík,12,0,8,0.002
2025-08-30,2,Keflavík,Grindavík/ Njarðvík,12,1,14,0.0035
2025-08-30,2,Keflavík,Grindavík/ Njarðvík,12,2,2,5e-4
2025-08-30,2,Keflavík,Grindavík/ Njarðvík,12,3,1,2.5e-4
2025-08-30,2,Keflavík,Grindavík/ Njarðvík,12,4,1,2.5e-4
2025-08-30,2,Keflavík,Grindavík/ Njarðvík,13,0,12,0.003
2025-08-30,2,Keflavík,Grindavík/ Njarðvík,13,1,7,0.00175
2025-08-30,2,Keflavík,Grindavík/ Njarðvík,13,2,4,0.001
2025-08-30,2,Keflavík,Grindavík/ Njarðvík,14,0,9,0.00225
2025-08-30,2,Keflavík,Grindavík/ Njarðvík,14,1,6,0.0015
2025-08-30,2,Keflavík,Grindavík/ Njarðvík,14,2,1,2.5e-4
2025-08-30,2,Keflavík,Grindavík/ Njarðvík,14,3,1,2.5e-4
2025-08-30,2,Keflavík,Grindavík/ Njarðvík,15,0,1,2.5e-4
2025-08-30,2,Keflavík,Grindavík/ Njarðvík,15,1,4,0.001
2025-08-30,2,Keflavík,Grindavík/ Njarðvík,15,2,1,2.5e-4
2025-08-30,2,Keflavík,Grindavík/ Njarðvík,16,0,2,5e-4
2025-08-30,2,Keflavík,Grindavík/ Njarðvík,16,1,1,2.5e-4
2025-08-30,2,Keflavík,Grindavík/ Njarðvík,16,2,2,5e-4
2025-08-30,2,Keflavík,Grindavík/ Njarðvík,17,0,3,7.5e-4
2025-08-30,2,Keflavík,Grindavík/ Njarðvík,17,1,1,2.5e-4
2025-08-30,2,Keflavík,Grindavík/ Njarðvík,17,2,2,5e-4
2025-08-30,2,Keflavík,Grindavík/ Njarðvík,18,0,1,2.5e-4
2025-08-30,2,Keflavík,Grindavík/ Njarðvík,19,0,2,5e-4
2025-08-30,2,Keflavík,Grindavík/ Njarðvík,20,0,1,2.5e-4
2025-08-30,2,Keflavík,Grindavík/ Njarðvík,21,0,1,2.5e-4
2025-09-04,1,Breiðablik,FH,0,0,91,0.02275
2025-09-04,1,Breiðablik,FH,0,1,93,0.02325
2025-09-04,1,Breiðablik,FH,0,2,47,0.01175
2025-09-04,1,Breiðablik,FH,0,3,12,0.003
2025-09-04,1,Breiðablik,FH,0,4,2,5e-4
2025-09-04,1,Breiðablik,FH,0,5,1,2.5e-4
2025-09-04,1,Breiðablik,FH,0,6,1,2.5e-4
2025-09-04,1,Breiðablik,FH,0,7,1,2.5e-4
2025-09-04,1,Breiðablik,FH,1,0,209,0.05225
2025-09-04,1,Breiðablik,FH,1,1,234,0.0585
2025-09-04,1,Breiðablik,FH,1,2,131,0.03275
2025-09-04,1,Breiðablik,FH,1,3,51,0.01275
2025-09-04,1,Breiðablik,FH,1,4,19,0.00475
2025-09-04,1,Breiðablik,FH,1,5,7,0.00175
2025-09-04,1,Breiðablik,FH,2,0,286,0.0715
2025-09-04,1,Breiðablik,FH,2,1,290,0.0725
2025-09-04,1,Breiðablik,FH,2,2,179,0.04475
2025-09-04,1,Breiðablik,FH,2,3,73,0.01825
2025-09-04,1,Breiðablik,FH,2,4,28,0.007
2025-09-04,1,Breiðablik,FH,2,5,7,0.00175
2025-09-04,1,Breiðablik,FH,2,6,4,0.001
2025-09-04,1,Breiðablik,FH,3,0,257,0.06425
2025-09-04,1,Breiðablik,FH,3,1,307,0.07675
2025-09-04,1,Breiðablik,FH,3,2,150,0.0375
2025-09-04,1,Breiðablik,FH,3,3,67,0.01675
2025-09-04,1,Breiðablik,FH,3,4,23,0.00575
2025-09-04,1,Breiðablik,FH,3,5,7,0.00175
2025-09-04,1,Breiðablik,FH,4,0,202,0.0505
2025-09-04,1,Breiðablik,FH,4,1,212,0.053
2025-09-04,1,Breiðablik,FH,4,2,142,0.0355
2025-09-04,1,Breiðablik,FH,4,3,46,0.0115
2025-09-04,1,Breiðablik,FH,4,4,23,0.00575
2025-09-04,1,Breiðablik,FH,4,5,9,0.00225
2025-09-04,1,Breiðablik,FH,4,6,1,2.5e-4
2025-09-04,1,Breiðablik,FH,5,0,110,0.0275
2025-09-04,1,Breiðablik,FH,5,1,138,0.0345
2025-09-04,1,Breiðablik,FH,5,2,74,0.0185
2025-09-04,1,Breiðablik,FH,5,3,29,0.00725
2025-09-04,1,Breiðablik,FH,5,4,8,0.002
2025-09-04,1,Breiðablik,FH,5,5,3,7.5e-4
2025-09-04,1,Breiðablik,FH,6,0,72,0.018
2025-09-04,1,Breiðablik,FH,6,1,80,0.02
2025-09-04,1,Breiðablik,FH,6,2,50,0.0125
2025-09-04,1,Breiðablik,FH,6,3,17,0.00425
2025-09-04,1,Breiðablik,FH,6,4,3,7.5e-4
2025-09-04,1,Breiðablik,FH,6,5,6,0.0015
2025-09-04,1,Breiðablik,FH,6,6,1,2.5e-4
2025-09-04,1,Breiðablik,FH,6,7,1,2.5e-4
2025-09-04,1,Breiðablik,FH,7,0,31,0.00775
2025-09-04,1,Breiðablik,FH,7,1,43,0.01075
2025-09-04,1,Breiðablik,FH,7,2,28,0.007
2025-09-04,1,Breiðablik,FH,7,3,7,0.00175
2025-09-04,1,Breiðablik,FH,7,4,4,0.001
2025-09-04,1,Breiðablik,FH,8,0,12,0.003
2025-09-04,1,Breiðablik,FH,8,1,23,0.00575
2025-09-04,1,Breiðablik,FH,8,2,9,0.00225
2025-09-04,1,Breiðablik,FH,8,3,4,0.001
2025-09-04,1,Breiðablik,FH,8,4,2,5e-4
2025-09-04,1,Breiðablik,FH,9,0,6,0.0015
2025-09-04,1,Breiðablik,FH,9,1,9,0.00225
2025-09-04,1,Breiðablik,FH,9,2,5,0.00125
2025-09-04,1,Breiðablik,FH,9,3,1,2.5e-4
2025-09-04,1,Breiðablik,FH,10,0,2,5e-4
2025-09-04,1,Breiðablik,FH,10,1,1,2.5e-4
2025-09-04,1,Breiðablik,FH,10,2,1,2.5e-4
2025-09-04,1,Breiðablik,FH,11,0,2,5e-4
2025-09-04,1,Breiðablik,FH,11,3,1,2.5e-4
2025-09-04,1,Breiðablik,FH,12,0,2,5e-4
2025-09-04,1,Breiðablik,FH,12,2,1,2.5e-4
2025-09-04,1,Breiðablik,FH,12,4,1,2.5e-4
2025-09-04,1,Breiðablik,FH,13,0,1,2.5e-4
2025-09-04,1,Tindastóll,Fram,0,0,154,0.0385
2025-09-04,1,Tindastóll,Fram,0,1,178,0.0445
2025-09-04,1,Tindastóll,Fram,0,2,91,0.02275
2025-09-04,1,Tindastóll,Fram,0,3,49,0.01225
2025-09-04,1,Tindastóll,Fram,0,4,18,0.0045
2025-09-04,1,Tindastóll,Fram,0,5,4,0.001
2025-09-04,1,Tindastóll,Fram,0,6,1,2.5e-4
2025-09-04,1,Tindastóll,Fram,0,7,1,2.5e-4
2025-09-04,1,Tindastóll,Fram,1,0,231,0.05775
2025-09-04,1,Tindastóll,Fram,1,1,297,0.07425
2025-09-04,1,Tindastóll,Fram,1,2,204,0.051
2025-09-04,1,Tindastóll,Fram,1,3,88,0.022
2025-09-04,1,Tindastóll,Fram,1,4,36,0.009
2025-09-04,1,Tindastóll,Fram,1,5,13,0.00325
2025-09-04,1,Tindastóll,Fram,1,6,3,7.5e-4
2025-09-04,1,Tindastóll,Fram,2,0,314,0.0785
2025-09-04,1,Tindastóll,Fram,2,1,317,0.07925
2025-09-04,1,Tindastóll,Fram,2,2,228,0.057
2025-09-04,1,Tindastóll,Fram,2,3,115,0.02875
2025-09-04,1,Tindastóll,Fram,2,4,37,0.00925
2025-09-04,1,Tindastóll,Fram,2,5,14,0.0035
2025-09-04,1,Tindastóll,Fram,2,6,6,0.0015
2025-09-04,1,Tindastóll,Fram,2,7,1,2.5e-4
2025-09-04,1,Tindastóll,Fram,3,0,214,0.0535
2025-09-04,1,Tindastóll,Fram,3,1,229,0.05725
2025-09-04,1,Tindastóll,Fram,3,2,152,0.038
2025-09-04,1,Tindastóll,Fram,3,3,88,0.022
2025-09-04,1,Tindastóll,Fram,3,4,29,0.00725
2025-09-04,1,Tindastóll,Fram,3,5,13,0.00325
2025-09-04,1,Tindastóll,Fram,3,6,6,0.0015
2025-09-04,1,Tindastóll,Fram,3,7,2,5e-4
2025-09-04,1,Tindastóll,Fram,3,8,1,2.5e-4
2025-09-04,1,Tindastóll,Fram,4,0,109,0.02725
2025-09-04,1,Tindastóll,Fram,4,1,143,0.03575
2025-09-04,1,Tindastóll,Fram,4,2,84,0.021
2025-09-04,1,Tindastóll,Fram,4,3,51,0.01275
2025-09-04,1,Tindastóll,Fram,4,4,20,0.005
2025-09-04,1,Tindastóll,Fram,4,5,3,7.5e-4
2025-09-04,1,Tindastóll,Fram,4,6,5,0.00125
2025-09-04,1,Tindastóll,Fram,4,7,1,2.5e-4
2025-09-04,1,Tindastóll,Fram,5,0,67,0.01675
2025-09-04,1,Tindastóll,Fram,5,1,79,0.01975
2025-09-04,1,Tindastóll,Fram,5,2,43,0.01075
2025-09-04,1,Tindastóll,Fram,5,3,28,0.007
2025-09-04,1,Tindastóll,Fram,5,4,8,0.002
2025-09-04,1,Tindastóll,Fram,5,5,7,0.00175
2025-09-04,1,Tindastóll,Fram,5,7,1,2.5e-4
2025-09-04,1,Tindastóll,Fram,5,8,1,2.5e-4
2025-09-04,1,Tindastóll,Fram,6,0,40,0.01
2025-09-04,1,Tindastóll,Fram,6,1,33,0.00825
2025-09-04,1,Tindastóll,Fram,6,2,21,0.00525
2025-09-04,1,Tindastóll,Fram,6,3,18,0.0045
2025-09-04,1,Tindastóll,Fram,6,4,3,7.5e-4
2025-09-04,1,Tindastóll,Fram,6,6,2,5e-4
2025-09-04,1,Tindastóll,Fram,7,0,18,0.0045
2025-09-04,1,Tindastóll,Fram,7,1,21,0.00525
2025-09-04,1,Tindastóll,Fram,7,2,13,0.00325
2025-09-04,1,Tindastóll,Fram,7,3,6,0.0015
2025-09-04,1,Tindastóll,Fram,7,4,6,0.0015
2025-09-04,1,Tindastóll,Fram,7,5,1,2.5e-4
2025-09-04,1,Tindastóll,Fram,8,0,8,0.002
2025-09-04,1,Tindastóll,Fram,8,1,7,0.00175
2025-09-04,1,Tindastóll,Fram,8,2,2,5e-4
2025-09-04,1,Tindastóll,Fram,8,3,4,0.001
2025-09-04,1,Tindastóll,Fram,9,0,4,0.001
2025-09-04,1,Tindastóll,Fram,9,1,1,2.5e-4
2025-09-04,1,Tindastóll,Fram,9,2,3,7.5e-4
2025-09-04,1,Tindastóll,Fram,10,3,1,2.5e-4
2025-09-04,1,Tindastóll,Fram,11,0,1,2.5e-4
2025-09-04,1,Tindastóll,Fram,11,4,1,2.5e-4
2025-09-04,1,Tindastóll,Fram,12,1,1,2.5e-4
2025-09-04,1,Tindastóll,Fram,12,4,1,2.5e-4
2025-09-04,1,Víkingur R.,Valur,0,0,165,0.04125
2025-09-04,1,Víkingur R.,Valur,0,1,263,0.06575
2025-09-04,1,Víkingur R.,Valur,0,2,246,0.0615
2025-09-04,1,Víkingur R.,Valur,0,3,136,0.034
2025-09-04,1,Víkingur R.,Valur,0,4,83,0.02075
2025-09-04,1,Víkingur R.,Valur,0,5,42,0.0105
2025-09-04,1,Víkingur R.,Valur,0,6,20,0.005
2025-09-04,1,Víkingur R.,Valur,0,7,9,0.00225
2025-09-04,1,Víkingur R.,Valur,0,9,2,5e-4
2025-09-04,1,Víkingur R.,Valur,1,0,199,0.04975
2025-09-04,1,Víkingur R.,Valur,1,1,358,0.0895
2025-09-04,1,Víkingur R.,Valur,1,2,318,0.0795
2025-09-04,1,Víkingur R.,Valur,1,3,204,0.051
2025-09-04,1,Víkingur R.,Valur,1,4,96,0.024
2025-09-04,1,Víkingur R.,Valur,1,5,72,0.018
2025-09-04,1,Víkingur R.,Valur,1,6,26,0.0065
2025-09-04,1,Víkingur R.,Valur,1,7,7,0.00175
2025-09-04,1,Víkingur R.,Valur,1,8,3,7.5e-4
2025-09-04,1,Víkingur R.,Valur,1,9,1,2.5e-4
2025-09-04,1,Víkingur R.,Valur,1,10,1,2.5e-4
2025-09-04,1,Víkingur R.,Valur,2,0,139,0.03475
2025-09-04,1,Víkingur R.,Valur,2,1,218,0.0545
2025-09-04,1,Víkingur R.,Valur,2,2,233,0.05825
2025-09-04,1,Víkingur R.,Valur,2,3,162,0.0405
2025-09-04,1,Víkingur R.,Valur,2,4,104,0.026
2025-09-04,1,Víkingur R.,Valur,2,5,43,0.01075
2025-09-04,1,Víkingur R.,Valur,2,6,21,0.00525
2025-09-04,1,Víkingur R.,Valur,2,7,4,0.001
2025-09-04,1,Víkingur R.,Valur,2,8,4,0.001
2025-09-04,1,Víkingur R.,Valur,2,9,1,2.5e-4
2025-09-04,1,Víkingur R.,Valur,2,10,1,2.5e-4
2025-09-04,1,Víkingur R.,Valur,3,0,80,0.02
2025-09-04,1,Víkingur R.,Valur,3,1,112,0.028
2025-09-04,1,Víkingur R.,Valur,3,2,119,0.02975
2025-09-04,1,Víkingur R.,Valur,3,3,78,0.0195
2025-09-04,1,Víkingur R.,Valur,3,4,59,0.01475
2025-09-04,1,Víkingur R.,Valur,3,5,31,0.00775
2025-09-04,1,Víkingur R.,Valur,3,6,7,0.00175
2025-09-04,1,Víkingur R.,Valur,3,7,3,7.5e-4
2025-09-04,1,Víkingur R.,Valur,3,8,2,5e-4
2025-09-04,1,Víkingur R.,Valur,4,0,22,0.0055
2025-09-04,1,Víkingur R.,Valur,4,1,52,0.013
2025-09-04,1,Víkingur R.,Valur,4,2,47,0.01175
2025-09-04,1,Víkingur R.,Valur,4,3,30,0.0075
2025-09-04,1,Víkingur R.,Valur,4,4,22,0.0055
2025-09-04,1,Víkingur R.,Valur,4,5,8,0.002
2025-09-04,1,Víkingur R.,Valur,4,6,8,0.002
2025-09-04,1,Víkingur R.,Valur,4,7,1,2.5e-4
2025-09-04,1,Víkingur R.,Valur,4,8,2,5e-4
2025-09-04,1,Víkingur R.,Valur,5,0,6,0.0015
2025-09-04,1,Víkingur R.,Valur,5,1,23,0.00575
2025-09-04,1,Víkingur R.,Valur,5,2,26,0.0065
2025-09-04,1,Víkingur R.,Valur,5,3,17,0.00425
2025-09-04,1,Víkingur R.,Valur,5,4,9,0.00225
2025-09-04,1,Víkingur R.,Valur,5,5,9,0.00225
2025-09-04,1,Víkingur R.,Valur,5,6,1,2.5e-4
2025-09-04,1,Víkingur R.,Valur,5,7,3,7.5e-4
2025-09-04,1,Víkingur R.,Valur,5,8,2,5e-4
2025-09-04,1,Víkingur R.,Valur,6,1,4,0.001
2025-09-04,1,Víkingur R.,Valur,6,2,6,0.0015
2025-09-04,1,Víkingur R.,Valur,6,3,8,0.002
2025-09-04,1,Víkingur R.,Valur,6,4,5,0.00125
2025-09-04,1,Víkingur R.,Valur,6,5,1,2.5e-4
2025-09-04,1,Víkingur R.,Valur,6,6,2,5e-4
2025-09-04,1,Víkingur R.,Valur,7,1,2,5e-4
2025-09-04,1,Víkingur R.,Valur,7,2,7,0.00175
2025-09-04,1,Víkingur R.,Valur,7,4,1,2.5e-4
2025-09-04,1,Víkingur R.,Valur,7,5,1,2.5e-4
2025-09-04,1,Víkingur R.,Valur,8,0,1,2.5e-4
2025-09-04,1,Víkingur R.,Valur,8,4,1,2.5e-4
2025-09-04,1,Víkingur R.,Valur,12,3,1,2.5e-4
2025-09-06,1,Stjarnan,Þór/KA,0,0,179,0.04475
2025-09-06,1,Stjarnan,Þór/KA,0,1,246,0.0615
2025-09-06,1,Stjarnan,Þór/KA,0,2,191,0.04775
2025-09-06,1,Stjarnan,Þór/KA,0,3,119,0.02975
2025-09-06,1,Stjarnan,Þór/KA,0,4,47,0.01175
2025-09-06,1,Stjarnan,Þór/KA,0,5,24,0.006
2025-09-06,1,Stjarnan,Þór/KA,0,6,4,0.001
2025-09-06,1,Stjarnan,Þór/KA,0,7,3,7.5e-4
2025-09-06,1,Stjarnan,Þór/KA,1,0,247,0.06175
2025-09-06,1,Stjarnan,Þór/KA,1,1,365,0.09125
2025-09-06,1,Stjarnan,Þór/KA,1,2,283,0.07075
2025-09-06,1,Stjarnan,Þór/KA,1,3,164,0.041
2025-09-06,1,Stjarnan,Þór/KA,1,4,82,0.0205
2025-09-06,1,Stjarnan,Þór/KA,1,5,31,0.00775
2025-09-06,1,Stjarnan,Þór/KA,1,6,13,0.00325
2025-09-06,1,Stjarnan,Þór/KA,1,7,5,0.00125
2025-09-06,1,Stjarnan,Þór/KA,1,8,1,2.5e-4
2025-09-06,1,Stjarnan,Þór/KA,1,9,1,2.5e-4
2025-09-06,1,Stjarnan,Þór/KA,2,0,198,0.0495
2025-09-06,1,Stjarnan,Þór/KA,2,1,283,0.07075
2025-09-06,1,Stjarnan,Þór/KA,2,2,239,0.05975
2025-09-06,1,Stjarnan,Þór/KA,2,3,127,0.03175
2025-09-06,1,Stjarnan,Þór/KA,2,4,89,0.02225
2025-09-06,1,Stjarnan,Þór/KA,2,5,22,0.0055
2025-09-06,1,Stjarnan,Þór/KA,2,6,10,0.0025
2025-09-06,1,Stjarnan,Þór/KA,2,8,2,5e-4
2025-09-06,1,Stjarnan,Þór/KA,2,9,1,2.5e-4
2025-09-06,1,Stjarnan,Þór/KA,3,0,93,0.02325
2025-09-06,1,Stjarnan,Þór/KA,3,1,173,0.04325
2025-09-06,1,Stjarnan,Þór/KA,3,2,120,0.03
2025-09-06,1,Stjarnan,Þór/KA,3,3,86,0.0215
2025-09-06,1,Stjarnan,Þór/KA,3,4,45,0.01125
2025-09-06,1,Stjarnan,Þór/KA,3,5,18,0.0045
2025-09-06,1,Stjarnan,Þór/KA,3,6,14,0.0035
2025-09-06,1,Stjarnan,Þór/KA,3,7,7,0.00175
2025-09-06,1,Stjarnan,Þór/KA,3,8,1,2.5e-4
2025-09-06,1,Stjarnan,Þór/KA,4,0,46,0.0115
2025-09-06,1,Stjarnan,Þór/KA,4,1,72,0.018
2025-09-06,1,Stjarnan,Þór/KA,4,2,62,0.0155
2025-09-06,1,Stjarnan,Þór/KA,4,3,41,0.01025
2025-09-06,1,Stjarnan,Þór/KA,4,4,31,0.00775
2025-09-06,1,Stjarnan,Þór/KA,4,5,7,0.00175
2025-09-06,1,Stjarnan,Þór/KA,4,6,5,0.00125
2025-09-06,1,Stjarnan,Þór/KA,4,7,4,0.001
2025-09-06,1,Stjarnan,Þór/KA,5,0,20,0.005
2025-09-06,1,Stjarnan,Þór/KA,5,1,36,0.009
2025-09-06,1,Stjarnan,Þór/KA,5,2,27,0.00675
2025-09-06,1,Stjarnan,Þór/KA,5,3,17,0.00425
2025-09-06,1,Stjarnan,Þór/KA,5,4,14,0.0035
2025-09-06,1,Stjarnan,Þór/KA,5,5,7,0.00175
2025-09-06,1,Stjarnan,Þór/KA,5,6,2,5e-4
2025-09-06,1,Stjarnan,Þór/KA,6,0,3,7.5e-4
2025-09-06,1,Stjarnan,Þór/KA,6,1,12,0.003
2025-09-06,1,Stjarnan,Þór/KA,6,2,11,0.00275
2025-09-06,1,Stjarnan,Þór/KA,6,3,7,0.00175
2025-09-06,1,Stjarnan,Þór/KA,6,4,9,0.00225
2025-09-06,1,Stjarnan,Þór/KA,6,5,2,5e-4
2025-09-06,1,Stjarnan,Þór/KA,6,6,1,2.5e-4
2025-09-06,1,Stjarnan,Þór/KA,6,7,1,2.5e-4
2025-09-06,1,Stjarnan,Þór/KA,7,0,5,0.00125
2025-09-06,1,Stjarnan,Þór/KA,7,1,7,0.00175
2025-09-06,1,Stjarnan,Þór/KA,7,2,4,0.001
2025-09-06,1,Stjarnan,Þór/KA,7,3,4,0.001
2025-09-06,1,Stjarnan,Þór/KA,7,4,1,2.5e-4
2025-09-06,1,Stjarnan,Þór/KA,8,1,3,7.5e-4
2025-09-06,1,Stjarnan,Þór/KA,8,2,1,2.5e-4
2025-09-06,1,Stjarnan,Þór/KA,8,5,1,2.5e-4
2025-09-06,1,Stjarnan,Þór/KA,9,1,1,2.5e-4
2025-09-06,1,Stjarnan,Þór/KA,9,2,1,2.5e-4
2025-09-06,1,Stjarnan,Þór/KA,10,0,1,2.5e-4
2025-09-06,1,Stjarnan,Þór/KA,10,1,1,2.5e-4
2025-09-07,1,Þróttur R.,FHL,0,0,125,0.03125
2025-09-07,1,Þróttur R.,FHL,0,1,39,0.00975
2025-09-07,1,Þróttur R.,FHL,0,2,13,0.00325
2025-09-07,1,Þróttur R.,FHL,0,3,2,5e-4
2025-09-07,1,Þróttur R.,FHL,1,0,362,0.0905
2025-09-07,1,Þróttur R.,FHL,1,1,148,0.037
2025-09-07,1,Þróttur R.,FHL,1,2,26,0.0065
2025-09-07,1,Þróttur R.,FHL,1,3,8,0.002
2025-09-07,1,Þróttur R.,FHL,1,4,1,2.5e-4
2025-09-07,1,Þróttur R.,FHL,2,0,467,0.11675
2025-09-07,1,Þróttur R.,FHL,2,1,180,0.045
2025-09-07,1,Þróttur R.,FHL,2,2,26,0.0065
2025-09-07,1,Þróttur R.,FHL,2,3,7,0.00175
2025-09-07,1,Þróttur R.,FHL,3,0,554,0.1385
2025-09-07,1,Þróttur R.,FHL,3,1,191,0.04775
2025-09-07,1,Þróttur R.,FHL,3,2,47,0.01175
2025-09-07,1,Þróttur R.,FHL,3,3,5,0.00125
2025-09-07,1,Þróttur R.,FHL,4,0,446,0.1115
2025-09-07,1,Þróttur R.,FHL,4,1,161,0.04025
2025-09-07,1,Þróttur R.,FHL,4,2,39,0.00975
2025-09-07,1,Þróttur R.,FHL,4,3,3,7.5e-4
2025-09-07,1,Þróttur R.,FHL,5,0,330,0.0825
2025-09-07,1,Þróttur R.,FHL,5,1,127,0.03175
2025-09-07,1,Þróttur R.,FHL,5,2,34,0.0085
2025-09-07,1,Þróttur R.,FHL,5,3,5,0.00125
2025-09-07,1,Þróttur R.,FHL,5,4,1,2.5e-4
2025-09-07,1,Þróttur R.,FHL,6,0,223,0.05575
2025-09-07,1,Þróttur R.,FHL,6,1,62,0.0155
2025-09-07,1,Þróttur R.,FHL,6,2,20,0.005
2025-09-07,1,Þróttur R.,FHL,6,3,2,5e-4
2025-09-07,1,Þróttur R.,FHL,7,0,116,0.029
2025-09-07,1,Þróttur R.,FHL,7,1,42,0.0105
2025-09-07,1,Þróttur R.,FHL,7,2,2,5e-4
2025-09-07,1,Þróttur R.,FHL,7,3,2,5e-4
2025-09-07,1,Þróttur R.,FHL,8,0,66,0.0165
2025-09-07,1,Þróttur R.,FHL,8,1,34,0.0085
2025-09-07,1,Þróttur R.,FHL,8,2,6,0.0015
2025-09-07,1,Þróttur R.,FHL,9,0,23,0.00575
2025-09-07,1,Þróttur R.,FHL,9,1,5,0.00125
2025-09-07,1,Þróttur R.,FHL,9,2,4,0.001
2025-09-07,1,Þróttur R.,FHL,9,3,1,2.5e-4
2025-09-07,1,Þróttur R.,FHL,10,0,16,0.004
2025-09-07,1,Þróttur R.,FHL,10,1,9,0.00225
2025-09-07,1,Þróttur R.,FHL,10,2,1,2.5e-4
2025-09-07,1,Þróttur R.,FHL,11,0,9,0.00225
2025-09-07,1,Þróttur R.,FHL,11,1,2,5e-4
2025-09-07,1,Þróttur R.,FHL,11,2,2,5e-4
2025-09-07,1,Þróttur R.,FHL,12,0,2,5e-4
2025-09-07,1,Þróttur R.,FHL,12,1,2,5e-4
2025-09-07,1,Þróttur R.,FHL,13,1,1,2.5e-4
2025-09-07,1,Þróttur R.,FHL,14,0,1,2.5e-4
2025-09-12,1,FH,Víkingur R.,0,0,85,0.02125
2025-09-12,1,FH,Víkingur R.,0,1,72,0.018
2025-09-12,1,FH,Víkingur R.,0,2,51,0.01275
2025-09-12,1,FH,Víkingur R.,0,3,17,0.00425
2025-09-12,1,FH,Víkingur R.,0,4,5,0.00125
2025-09-12,1,FH,Víkingur R.,0,5,2,5e-4
2025-09-12,1,FH,Víkingur R.,0,6,2,5e-4
2025-09-12,1,FH,Víkingur R.,1,0,175,0.04375
2025-09-12,1,FH,Víkingur R.,1,1,225,0.05625
2025-09-12,1,FH,Víkingur R.,1,2,99,0.02475
2025-09-12,1,FH,Víkingur R.,1,3,67,0.01675
2025-09-12,1,FH,Víkingur R.,1,4,19,0.00475
2025-09-12,1,FH,Víkingur R.,1,5,10,0.0025
2025-09-12,1,FH,Víkingur R.,1,6,1,2.5e-4
2025-09-12,1,FH,Víkingur R.,2,0,225,0.05625
2025-09-12,1,FH,Víkingur R.,2,1,284,0.071
2025-09-12,1,FH,Víkingur R.,2,2,190,0.0475
2025-09-12,1,FH,Víkingur R.,2,3,88,0.022
2025-09-12,1,FH,Víkingur R.,2,4,34,0.0085
2025-09-12,1,FH,Víkingur R.,2,5,12,0.003
2025-09-12,1,FH,Víkingur R.,2,6,4,0.001
2025-09-12,1,FH,Víkingur R.,2,7,1,2.5e-4
2025-09-12,1,FH,Víkingur R.,2,8,1,2.5e-4
2025-09-12,1,FH,Víkingur R.,3,0,243,0.06075
2025-09-12,1,FH,Víkingur R.,3,1,245,0.06125
2025-09-12,1,FH,Víkingur R.,3,2,190,0.0475
2025-09-12,1,FH,Víkingur R.,3,3,79,0.01975
2025-09-12,1,FH,Víkingur R.,3,4,28,0.007
2025-09-12,1,FH,Víkingur R.,3,5,8,0.002
2025-09-12,1,FH,Víkingur R.,3,6,3,7.5e-4
2025-09-12,1,FH,Víkingur R.,3,7,2,5e-4
2025-09-12,1,FH,Víkingur R.,3,8,1,2.5e-4
2025-09-12,1,FH,Víkingur R.,4,0,146,0.0365
2025-09-12,1,FH,Víkingur R.,4,1,201,0.05025
2025-09-12,1,FH,Víkingur R.,4,2,152,0.038
2025-09-12,1,FH,Víkingur R.,4,3,71,0.01775
2025-09-12,1,FH,Víkingur R.,4,4,30,0.0075
2025-09-12,1,FH,Víkingur R.,4,5,14,0.0035
2025-09-12,1,FH,Víkingur R.,4,6,7,0.00175
2025-09-12,1,FH,Víkingur R.,5,0,102,0.0255
2025-09-12,1,FH,Víkingur R.,5,1,143,0.03575
2025-09-12,1,FH,Víkingur R.,5,2,88,0.022
2025-09-12,1,FH,Víkingur R.,5,3,48,0.012
2025-09-12,1,FH,Víkingur R.,5,4,15,0.00375
2025-09-12,1,FH,Víkingur R.,5,5,6,0.0015
2025-09-12,1,FH,Víkingur R.,5,6,1,2.5e-4
2025-09-12,1,FH,Víkingur R.,5,8,1,2.5e-4
2025-09-12,1,FH,Víkingur R.,6,0,66,0.0165
2025-09-12,1,FH,Víkingur R.,6,1,75,0.01875
2025-09-12,1,FH,Víkingur R.,6,2,59,0.01475
2025-09-12,1,FH,Víkingur R.,6,3,41,0.01025
2025-09-12,1,FH,Víkingur R.,6,4,14,0.0035
2025-09-12,1,FH,Víkingur R.,6,5,4,0.001
2025-09-12,1,FH,Víkingur R.,6,6,4,0.001
2025-09-12,1,FH,Víkingur R.,6,7,1,2.5e-4
2025-09-12,1,FH,Víkingur R.,7,0,31,0.00775
2025-09-12,1,FH,Víkingur R.,7,1,41,0.01025
2025-09-12,1,FH,Víkingur R.,7,2,31,0.00775
2025-09-12,1,FH,Víkingur R.,7,3,11,0.00275
2025-09-12,1,FH,Víkingur R.,7,4,7,0.00175
2025-09-12,1,FH,Víkingur R.,7,5,1,2.5e-4
2025-09-12,1,FH,Víkingur R.,8,0,13,0.00325
2025-09-12,1,FH,Víkingur R.,8,1,20,0.005
2025-09-12,1,FH,Víkingur R.,8,2,20,0.005
2025-09-12,1,FH,Víkingur R.,8,3,7,0.00175
2025-09-12,1,FH,Víkingur R.,8,4,5,0.00125
2025-09-12,1,FH,Víkingur R.,8,5,2,5e-4
2025-09-12,1,FH,Víkingur R.,9,0,6,0.0015
2025-09-12,1,FH,Víkingur R.,9,1,6,0.0015
2025-09-12,1,FH,Víkingur R.,9,2,6,0.0015
2025-09-12,1,FH,Víkingur R.,9,3,7,0.00175
2025-09-12,1,FH,Víkingur R.,9,4,2,5e-4
2025-09-12,1,FH,Víkingur R.,10,0,3,7.5e-4
2025-09-12,1,FH,Víkingur R.,10,1,6,0.0015
2025-09-12,1,FH,Víkingur R.,10,2,2,5e-4
2025-09-12,1,FH,Víkingur R.,10,3,3,7.5e-4
2025-09-12,1,FH,Víkingur R.,10,6,1,2.5e-4
2025-09-12,1,FH,Víkingur R.,10,8,1,2.5e-4
2025-09-12,1,FH,Víkingur R.,10,10,1,2.5e-4
2025-09-12,1,FH,Víkingur R.,11,0,1,2.5e-4
2025-09-12,1,FH,Víkingur R.,11,1,1,2.5e-4
2025-09-12,1,FH,Víkingur R.,11,2,1,2.5e-4
2025-09-12,1,FH,Víkingur R.,12,1,3,7.5e-4
2025-09-12,1,FH,Víkingur R.,12,2,1,2.5e-4
2025-09-12,1,FH,Víkingur R.,13,0,1,2.5e-4
2025-09-12,1,FH,Víkingur R.,14,1,1,2.5e-4
2025-09-12,1,FH,Víkingur R.,15,0,1,2.5e-4
2025-09-12,1,Stjarnan,Fram,0,0,146,0.0365
2025-09-12,1,Stjarnan,Fram,0,1,129,0.03225
2025-09-12,1,Stjarnan,Fram,0,2,64,0.016
2025-09-12,1,Stjarnan,Fram,0,3,26,0.0065
2025-09-12,1,Stjarnan,Fram,0,4,13,0.00325
2025-09-12,1,Stjarnan,Fram,0,5,5,0.00125
2025-09-12,1,Stjarnan,Fram,1,0,274,0.0685
2025-09-12,1,Stjarnan,Fram,1,1,323,0.08075
2025-09-12,1,Stjarnan,Fram,1,2,141,0.03525
2025-09-12,1,Stjarnan,Fram,1,3,61,0.01525
2025-09-12,1,Stjarnan,Fram,1,4,19,0.00475
2025-09-12,1,Stjarnan,Fram,1,5,5,0.00125
2025-09-12,1,Stjarnan,Fram,1,6,1,2.5e-4
2025-09-12,1,Stjarnan,Fram,2,0,316,0.079
2025-09-12,1,Stjarnan,Fram,2,1,323,0.08075
2025-09-12,1,Stjarnan,Fram,2,2,160,0.04
2025-09-12,1,Stjarnan,Fram,2,3,56,0.014
2025-09-12,1,Stjarnan,Fram,2,4,31,0.00775
2025-09-12,1,Stjarnan,Fram,2,5,4,0.001
2025-09-12,1,Stjarnan,Fram,2,6,3,7.5e-4
2025-09-12,1,Stjarnan,Fram,3,0,232,0.058
2025-09-12,1,Stjarnan,Fram,3,1,270,0.0675
2025-09-12,1,Stjarnan,Fram,3,2,146,0.0365
2025-09-12,1,Stjarnan,Fram,3,3,60,0.015
2025-09-12,1,Stjarnan,Fram,3,4,19,0.00475
2025-09-12,1,Stjarnan,Fram,3,5,4,0.001
2025-09-12,1,Stjarnan,Fram,3,7,1,2.5e-4
2025-09-12,1,Stjarnan,Fram,4,0,181,0.04525
2025-09-12,1,Stjarnan,Fram,4,1,185,0.04625
2025-09-12,1,Stjarnan,Fram,4,2,87,0.02175
2025-09-12,1,Stjarnan,Fram,4,3,42,0.0105
2025-09-12,1,Stjarnan,Fram,4,4,25,0.00625
2025-09-12,1,Stjarnan,Fram,4,5,6,0.0015
2025-09-12,1,Stjarnan,Fram,4,6,1,2.5e-4
2025-09-12,1,Stjarnan,Fram,5,0,110,0.0275
2025-09-12,1,Stjarnan,Fram,5,1,124,0.031
2025-09-12,1,Stjarnan,Fram,5,2,62,0.0155
2025-09-12,1,Stjarnan,Fram,5,3,20,0.005
2025-09-12,1,Stjarnan,Fram,5,4,4,0.001
2025-09-12,1,Stjarnan,Fram,5,5,3,7.5e-4
2025-09-12,1,Stjarnan,Fram,6,0,56,0.014
2025-09-12,1,Stjarnan,Fram,6,1,64,0.016
2025-09-12,1,Stjarnan,Fram,6,2,30,0.0075
2025-09-12,1,Stjarnan,Fram,6,3,14,0.0035
2025-09-12,1,Stjarnan,Fram,6,4,9,0.00225
2025-09-12,1,Stjarnan,Fram,6,5,1,2.5e-4
2025-09-12,1,Stjarnan,Fram,6,6,1,2.5e-4
2025-09-12,1,Stjarnan,Fram,7,0,29,0.00725
2025-09-12,1,Stjarnan,Fram,7,1,34,0.0085
2025-09-12,1,Stjarnan,Fram,7,2,11,0.00275
2025-09-12,1,Stjarnan,Fram,7,3,7,0.00175
2025-09-12,1,Stjarnan,Fram,7,4,3,7.5e-4
2025-09-12,1,Stjarnan,Fram,7,5,1,2.5e-4
2025-09-12,1,Stjarnan,Fram,8,0,12,0.003
2025-09-12,1,Stjarnan,Fram,8,1,10,0.0025
2025-09-12,1,Stjarnan,Fram,8,2,5,0.00125
2025-09-12,1,Stjarnan,Fram,8,3,3,7.5e-4
2025-09-12,1,Stjarnan,Fram,8,4,1,2.5e-4
2025-09-12,1,Stjarnan,Fram,8,6,1,2.5e-4
2025-09-12,1,Stjarnan,Fram,9,0,6,0.0015
2025-09-12,1,Stjarnan,Fram,9,1,3,7.5e-4
2025-09-12,1,Stjarnan,Fram,9,2,1,2.5e-4
2025-09-12,1,Stjarnan,Fram,9,3,1,2.5e-4
2025-09-12,1,Stjarnan,Fram,9,4,1,2.5e-4
2025-09-12,1,Stjarnan,Fram,9,6,1,2.5e-4
2025-09-12,1,Stjarnan,Fram,10,0,3,7.5e-4
2025-09-12,1,Stjarnan,Fram,10,1,1,2.5e-4
2025-09-12,1,Stjarnan,Fram,10,2,2,5e-4
2025-09-12,1,Stjarnan,Fram,10,3,1,2.5e-4
2025-09-12,1,Stjarnan,Fram,11,1,1,2.5e-4
2025-09-12,1,Stjarnan,Fram,11,2,1,2.5e-4
2025-09-12,1,Stjarnan,Fram,12,0,1,2.5e-4
2025-09-12,1,Stjarnan,Fram,12,1,2,5e-4
2025-09-12,1,Stjarnan,Fram,12,2,1,2.5e-4
2025-09-12,1,Þór/KA,Þróttur R.,0,0,219,0.05475
2025-09-12,1,Þór/KA,Þróttur R.,0,1,275,0.06875
2025-09-12,1,Þór/KA,Þróttur R.,0,2,233,0.05825
2025-09-12,1,Þór/KA,Þróttur R.,0,3,149,0.03725
2025-09-12,1,Þór/KA,Þróttur R.,0,4,65,0.01625
2025-09-12,1,Þór/KA,Þróttur R.,0,5,23,0.00575
2025-09-12,1,Þór/KA,Þróttur R.,0,6,10,0.0025
2025-09-12,1,Þór/KA,Þróttur R.,0,7,3,7.5e-4
2025-09-12,1,Þór/KA,Þróttur R.,0,8,1,2.5e-4
2025-09-12,1,Þór/KA,Þróttur R.,1,0,240,0.06
2025-09-12,1,Þór/KA,Þróttur R.,1,1,379,0.09475
2025-09-12,1,Þór/KA,Þróttur R.,1,2,309,0.07725
2025-09-12,1,Þór/KA,Þróttur R.,1,3,179,0.04475
2025-09-12,1,Þór/KA,Þróttur R.,1,4,87,0.02175
2025-09-12,1,Þór/KA,Þróttur R.,1,5,36,0.009
2025-09-12,1,Þór/KA,Þróttur R.,1,6,13,0.00325
2025-09-12,1,Þór/KA,Þróttur R.,1,7,3,7.5e-4
2025-09-12,1,Þór/KA,Þróttur R.,1,8,5,0.00125
2025-09-12,1,Þór/KA,Þróttur R.,2,0,168,0.042
2025-09-12,1,Þór/KA,Þróttur R.,2,1,281,0.07025
2025-09-12,1,Þór/KA,Þróttur R.,2,2,224,0.056
2025-09-12,1,Þór/KA,Þróttur R.,2,3,157,0.03925
2025-09-12,1,Þór/KA,Þróttur R.,2,4,69,0.01725
2025-09-12,1,Þór/KA,Þróttur R.,2,5,28,0.007
2025-09-12,1,Þór/KA,Þróttur R.,2,6,6,0.0015
2025-09-12,1,Þór/KA,Þróttur R.,2,7,4,0.001
2025-09-12,1,Þór/KA,Þróttur R.,2,8,1,2.5e-4
2025-09-12,1,Þór/KA,Þróttur R.,3,0,81,0.02025
2025-09-12,1,Þór/KA,Þróttur R.,3,1,149,0.03725
2025-09-12,1,Þór/KA,Þróttur R.,3,2,110,0.0275
2025-09-12,1,Þór/KA,Þróttur R.,3,3,85,0.02125
2025-09-12,1,Þór/KA,Þróttur R.,3,4,37,0.00925
2025-09-12,1,Þór/KA,Þróttur R.,3,5,17,0.00425
2025-09-12,1,Þór/KA,Þróttur R.,3,6,3,7.5e-4
2025-09-12,1,Þór/KA,Þróttur R.,3,7,1,2.5e-4
2025-09-12,1,Þór/KA,Þróttur R.,3,8,3,7.5e-4
2025-09-12,1,Þór/KA,Þróttur R.,3,10,1,2.5e-4
2025-09-12,1,Þór/KA,Þróttur R.,4,0,36,0.009
2025-09-12,1,Þór/KA,Þróttur R.,4,1,66,0.0165
2025-09-12,1,Þór/KA,Þróttur R.,4,2,59,0.01475
2025-09-12,1,Þór/KA,Þróttur R.,4,3,39,0.00975
2025-09-12,1,Þór/KA,Þróttur R.,4,4,26,0.0065
2025-09-12,1,Þór/KA,Þróttur R.,4,5,5,0.00125
2025-09-12,1,Þór/KA,Þróttur R.,4,6,3,7.5e-4
2025-09-12,1,Þór/KA,Þróttur R.,5,0,7,0.00175
2025-09-12,1,Þór/KA,Þróttur R.,5,1,25,0.00625
2025-09-12,1,Þór/KA,Þróttur R.,5,2,16,0.004
2025-09-12,1,Þór/KA,Þróttur R.,5,3,16,0.004
2025-09-12,1,Þór/KA,Þróttur R.,5,4,11,0.00275
2025-09-12,1,Þór/KA,Þróttur R.,5,5,4,0.001
2025-09-12,1,Þór/KA,Þróttur R.,6,0,6,0.0015
2025-09-12,1,Þór/KA,Þróttur R.,6,1,8,0.002
2025-09-12,1,Þór/KA,Þróttur R.,6,2,3,7.5e-4
2025-09-12,1,Þór/KA,Þróttur R.,6,3,1,2.5e-4
2025-09-12,1,Þór/KA,Þróttur R.,6,4,2,5e-4
2025-09-12,1,Þór/KA,Þróttur R.,6,6,3,7.5e-4
2025-09-12,1,Þór/KA,Þróttur R.,7,0,1,2.5e-4
2025-09-12,1,Þór/KA,Þróttur R.,7,1,3,7.5e-4
2025-09-12,1,Þór/KA,Þróttur R.,7,2,2,5e-4
2025-09-12,1,Þór/KA,Þróttur R.,7,4,1,2.5e-4
2025-09-12,1,Þór/KA,Þróttur R.,8,1,1,2.5e-4
2025-09-12,1,Þór/KA,Þróttur R.,8,2,1,2.5e-4
2025-09-12,1,Þór/KA,Þróttur R.,8,3,1,2.5e-4
2025-09-14,1,FHL,Breiðablik,0,0,44,0.011
2025-09-14,1,FHL,Breiðablik,0,1,108,0.027
2025-09-14,1,FHL,Breiðablik,0,2,257,0.06425
2025-09-14,1,FHL,Breiðablik,0,3,358,0.0895
2025-09-14,1,FHL,Breiðablik,0,4,371,0.09275
2025-09-14,1,FHL,Breiðablik,0,5,371,0.09275
2025-09-14,1,FHL,Breiðablik,0,6,307,0.07675
2025-09-14,1,FHL,Breiðablik,0,7,214,0.0535
2025-09-14,1,FHL,Breiðablik,0,8,177,0.04425
2025-09-14,1,FHL,Breiðablik,0,9,99,0.02475
2025-09-14,1,FHL,Breiðablik,0,10,57,0.01425
2025-09-14,1,FHL,Breiðablik,0,11,35,0.00875
2025-09-14,1,FHL,Breiðablik,0,12,19,0.00475
2025-09-14,1,FHL,Breiðablik,0,13,11,0.00275
2025-09-14,1,FHL,Breiðablik,0,14,5,0.00125
2025-09-14,1,FHL,Breiðablik,0,15,3,7.5e-4
2025-09-14,1,FHL,Breiðablik,0,16,2,5e-4
2025-09-14,1,FHL,Breiðablik,0,17,2,5e-4
2025-09-14,1,FHL,Breiðablik,1,0,15,0.00375
2025-09-14,1,FHL,Breiðablik,1,1,55,0.01375
2025-09-14,1,FHL,Breiðablik,1,2,113,0.02825
2025-09-14,1,FHL,Breiðablik,1,3,158,0.0395
2025-09-14,1,FHL,Breiðablik,1,4,183,0.04575
2025-09-14,1,FHL,Breiðablik,1,5,183,0.04575
2025-09-14,1,FHL,Breiðablik,1,6,144,0.036
2025-09-14,1,FHL,Breiðablik,1,7,98,0.0245
2025-09-14,1,FHL,Breiðablik,1,8,77,0.01925
2025-09-14,1,FHL,Breiðablik,1,9,47,0.01175
2025-09-14,1,FHL,Breiðablik,1,10,26,0.0065
2025-09-14,1,FHL,Breiðablik,1,11,21,0.00525
2025-09-14,1,FHL,Breiðablik,1,12,11,0.00275
2025-09-14,1,FHL,Breiðablik,1,13,4,0.001
2025-09-14,1,FHL,Breiðablik,1,14,2,5e-4
2025-09-14,1,FHL,Breiðablik,1,15,1,2.5e-4
2025-09-14,1,FHL,Breiðablik,2,0,1,2.5e-4
2025-09-14,1,FHL,Breiðablik,2,1,17,0.00425
2025-09-14,1,FHL,Breiðablik,2,2,25,0.00625
2025-09-14,1,FHL,Breiðablik,2,3,48,0.012
2025-09-14,1,FHL,Breiðablik,2,4,61,0.01525
2025-09-14,1,FHL,Breiðablik,2,5,58,0.0145
2025-09-14,1,FHL,Breiðablik,2,6,38,0.0095
2025-09-14,1,FHL,Breiðablik,2,7,38,0.0095
2025-09-14,1,FHL,Breiðablik,2,8,22,0.0055
2025-09-14,1,FHL,Breiðablik,2,9,16,0.004
2025-09-14,1,FHL,Breiðablik,2,10,8,0.002
2025-09-14,1,FHL,Breiðablik,2,11,3,7.5e-4
2025-09-14,1,FHL,Breiðablik,2,12,4,0.001
2025-09-14,1,FHL,Breiðablik,2,13,3,7.5e-4
2025-09-14,1,FHL,Breiðablik,2,14,1,2.5e-4
2025-09-14,1,FHL,Breiðablik,3,0,1,2.5e-4
2025-09-14,1,FHL,Breiðablik,3,1,2,5e-4
2025-09-14,1,FHL,Breiðablik,3,2,3,7.5e-4
2025-09-14,1,FHL,Breiðablik,3,3,7,0.00175
2025-09-14,1,FHL,Breiðablik,3,4,11,0.00275
2025-09-14,1,FHL,Breiðablik,3,5,15,0.00375
2025-09-14,1,FHL,Breiðablik,3,6,11,0.00275
2025-09-14,1,FHL,Breiðablik,3,7,10,0.0025
2025-09-14,1,FHL,Breiðablik,3,8,1,2.5e-4
2025-09-14,1,FHL,Breiðablik,3,9,1,2.5e-4
2025-09-14,1,FHL,Breiðablik,3,10,2,5e-4
2025-09-14,1,FHL,Breiðablik,3,11,1,2.5e-4
2025-09-14,1,FHL,Breiðablik,3,12,1,2.5e-4
2025-09-14,1,FHL,Breiðablik,4,1,2,5e-4
2025-09-14,1,FHL,Breiðablik,4,4,1,2.5e-4
2025-09-14,1,FHL,Breiðablik,4,5,2,5e-4
2025-09-14,1,FHL,Breiðablik,4,6,2,5e-4
2025-09-14,1,FHL,Breiðablik,4,7,1,2.5e-4
2025-09-14,1,FHL,Breiðablik,4,9,1,2.5e-4
2025-09-14,1,FHL,Breiðablik,4,11,1,2.5e-4
2025-09-14,1,FHL,Breiðablik,5,2,1,2.5e-4
2025-09-14,1,FHL,Breiðablik,5,3,1,2.5e-4
2025-09-14,1,FHL,Breiðablik,5,8,1,2.5e-4
2025-09-14,1,Valur,Tindastóll,0,0,193,0.04825
2025-09-14,1,Valur,Tindastóll,0,1,122,0.0305
2025-09-14,1,Valur,Tindastóll,0,2,49,0.01225
2025-09-14,1,Valur,Tindastóll,0,3,14,0.0035
2025-09-14,1,Valur,Tindastóll,0,4,2,5e-4
2025-09-14,1,Valur,Tindastóll,1,0,385,0.09625
2025-09-14,1,Valur,Tindastóll,1,1,246,0.0615
2025-09-14,1,Valur,Tindastóll,1,2,102,0.0255
2025-09-14,1,Valur,Tindastóll,1,3,35,0.00875
2025-09-14,1,Valur,Tindastóll,1,4,4,0.001
2025-09-14,1,Valur,Tindastóll,1,5,1,2.5e-4
2025-09-14,1,Valur,Tindastóll,2,0,393,0.09825
2025-09-14,1,Valur,Tindastóll,2,1,327,0.08175
2025-09-14,1,Valur,Tindastóll,2,2,119,0.02975
2025-09-14,1,Valur,Tindastóll,2,3,30,0.0075
2025-09-14,1,Valur,Tindastóll,2,4,7,0.00175
2025-09-14,1,Valur,Tindastóll,2,5,5,0.00125
2025-09-14,1,Valur,Tindastóll,3,0,360,0.09
2025-09-14,1,Valur,Tindastóll,3,1,241,0.06025
2025-09-14,1,Valur,Tindastóll,3,2,115,0.02875
2025-09-14,1,Valur,Tindastóll,3,3,33,0.00825
2025-09-14,1,Valur,Tindastóll,3,4,8,0.002
2025-09-14,1,Valur,Tindastóll,3,6,2,5e-4
2025-09-14,1,Valur,Tindastóll,4,0,277,0.06925
2025-09-14,1,Valur,Tindastóll,4,1,203,0.05075
2025-09-14,1,Valur,Tindastóll,4,2,73,0.01825
2025-09-14,1,Valur,Tindastóll,4,3,17,0.00425
2025-09-14,1,Valur,Tindastóll,4,4,8,0.002
2025-09-14,1,Valur,Tindastóll,4,5,2,5e-4
2025-09-14,1,Valur,Tindastóll,5,0,132,0.033
2025-09-14,1,Valur,Tindastóll,5,1,124,0.031
2025-09-14,1,Valur,Tindastóll,5,2,42,0.0105
2025-09-14,1,Valur,Tindastóll,5,3,17,0.00425
2025-09-14,1,Valur,Tindastóll,5,4,2,5e-4
2025-09-14,1,Valur,Tindastóll,5,5,2,5e-4
2025-09-14,1,Valur,Tindastóll,5,6,1,2.5e-4
2025-09-14,1,Valur,Tindastóll,6,0,75,0.01875
2025-09-14,1,Valur,Tindastóll,6,1,54,0.0135
2025-09-14,1,Valur,Tindastóll,6,2,21,0.00525
2025-09-14,1,Valur,Tindastóll,6,3,5,0.00125
2025-09-14,1,Valur,Tindastóll,6,4,1,2.5e-4
2025-09-14,1,Valur,Tindastóll,6,5,1,2.5e-4
2025-09-14,1,Valur,Tindastóll,7,0,39,0.00975
2025-09-14,1,Valur,Tindastóll,7,1,26,0.0065
2025-09-14,1,Valur,Tindastóll,7,2,17,0.00425
2025-09-14,1,Valur,Tindastóll,7,3,2,5e-4
2025-09-14,1,Valur,Tindastóll,8,0,7,0.00175
2025-09-14,1,Valur,Tindastóll,8,1,20,0.005
2025-09-14,1,Valur,Tindastóll,8,2,6,0.0015
2025-09-14,1,Valur,Tindastóll,8,3,2,5e-4
2025-09-14,1,Valur,Tindastóll,9,0,7,0.00175
2025-09-14,1,Valur,Tindastóll,9,1,8,0.002
2025-09-14,1,Valur,Tindastóll,9,2,4,0.001
2025-09-14,1,Valur,Tindastóll,9,3,1,2.5e-4
2025-09-14,1,Valur,Tindastóll,10,0,5,0.00125
2025-09-14,1,Valur,Tindastóll,10,1,2,5e-4
2025-09-14,1,Valur,Tindastóll,11,0,1,2.5e-4
2025-09-14,1,Valur,Tindastóll,11,1,1,2.5e-4
2025-09-14,1,Valur,Tindastóll,11,2,1,2.5e-4
2025-09-14,1,Valur,Tindastóll,11,3,1,2.5e-4
2025-09-20,1,Breiðablik,Þór/KA,0,0,56,0.014
2025-09-20,1,Breiðablik,Þór/KA,0,1,39,0.00975
2025-09-20,1,Breiðablik,Þór/KA,0,2,16,0.004
2025-09-20,1,Breiðablik,Þór/KA,0,3,4,0.001
2025-09-20,1,Breiðablik,Þór/KA,0,4,2,5e-4
2025-09-20,1,Breiðablik,Þór/KA,1,0,180,0.045
2025-09-20,1,Breiðablik,Þór/KA,1,1,141,0.03525
2025-09-20,1,Breiðablik,Þór/KA,1,2,63,0.01575
2025-09-20,1,Breiðablik,Þór/KA,1,3,16,0.004
2025-09-20,1,Breiðablik,Þór/KA,1,4,9,0.00225
2025-09-20,1,Breiðablik,Þór/KA,1,5,2,5e-4
2025-09-20,1,Breiðablik,Þór/KA,2,0,275,0.06875
2025-09-20,1,Breiðablik,Þór/KA,2,1,218,0.0545
2025-09-20,1,Breiðablik,Þór/KA,2,2,101,0.02525
2025-09-20,1,Breiðablik,Þór/KA,2,3,36,0.009
2025-09-20,1,Breiðablik,Þór/KA,2,4,9,0.00225
2025-09-20,1,Breiðablik,Þór/KA,2,5,3,7.5e-4
2025-09-20,1,Breiðablik,Þór/KA,2,7,1,2.5e-4
2025-09-20,1,Breiðablik,Þór/KA,3,0,292,0.073
2025-09-20,1,Breiðablik,Þór/KA,3,1,272,0.068
2025-09-20,1,Breiðablik,Þór/KA,3,2,122,0.0305
2025-09-20,1,Breiðablik,Þór/KA,3,3,40,0.01
2025-09-20,1,Breiðablik,Þór/KA,3,4,8,0.002
2025-09-20,1,Breiðablik,Þór/KA,3,5,2,5e-4
2025-09-20,1,Breiðablik,Þór/KA,4,0,280,0.07
2025-09-20,1,Breiðablik,Þór/KA,4,1,240,0.06
2025-09-20,1,Breiðablik,Þór/KA,4,2,107,0.02675
2025-09-20,1,Breiðablik,Þór/KA,4,3,31,0.00775
2025-09-20,1,Breiðablik,Þór/KA,4,4,10,0.0025
2025-09-20,1,Breiðablik,Þór/KA,4,5,3,7.5e-4
2025-09-20,1,Breiðablik,Þór/KA,5,0,229,0.05725
2025-09-20,1,Breiðablik,Þór/KA,5,1,183,0.04575
2025-09-20,1,Breiðablik,Þór/KA,5,2,75,0.01875
2025-09-20,1,Breiðablik,Þór/KA,5,3,28,0.007
2025-09-20,1,Breiðablik,Þór/KA,5,4,14,0.0035
2025-09-20,1,Breiðablik,Þór/KA,5,5,3,7.5e-4
2025-09-20,1,Breiðablik,Þór/KA,6,0,165,0.04125
2025-09-20,1,Breiðablik,Þór/KA,6,1,128,0.032
2025-09-20,1,Breiðablik,Þór/KA,6,2,52,0.013
2025-09-20,1,Breiðablik,Þór/KA,6,3,17,0.00425
2025-09-20,1,Breiðablik,Þór/KA,6,4,3,7.5e-4
2025-09-20,1,Breiðablik,Þór/KA,6,5,2,5e-4
2025-09-20,1,Breiðablik,Þór/KA,6,7,1,2.5e-4
2025-09-20,1,Breiðablik,Þór/KA,7,0,103,0.02575
2025-09-20,1,Breiðablik,Þór/KA,7,1,84,0.021
2025-09-20,1,Breiðablik,Þór/KA,7,2,38,0.0095
2025-09-20,1,Breiðablik,Þór/KA,7,3,2,5e-4
2025-09-20,1,Breiðablik,Þór/KA,7,4,3,7.5e-4
2025-09-20,1,Breiðablik,Þór/KA,7,5,1,2.5e-4
2025-09-20,1,Breiðablik,Þór/KA,8,0,63,0.01575
2025-09-20,1,Breiðablik,Þór/KA,8,1,52,0.013
2025-09-20,1,Breiðablik,Þór/KA,8,2,22,0.0055
2025-09-20,1,Breiðablik,Þór/KA,8,3,3,7.5e-4
2025-09-20,1,Breiðablik,Þór/KA,8,4,1,2.5e-4
2025-09-20,1,Breiðablik,Þór/KA,9,0,37,0.00925
2025-09-20,1,Breiðablik,Þór/KA,9,1,27,0.00675
2025-09-20,1,Breiðablik,Þór/KA,9,2,11,0.00275
2025-09-20,1,Breiðablik,Þór/KA,9,3,4,0.001
2025-09-20,1,Breiðablik,Þór/KA,9,4,1,2.5e-4
2025-09-20,1,Breiðablik,Þór/KA,10,0,9,0.00225
2025-09-20,1,Breiðablik,Þór/KA,10,1,4,0.001
2025-09-20,1,Breiðablik,Þór/KA,10,2,4,0.001
2025-09-20,1,Breiðablik,Þór/KA,10,3,3,7.5e-4
2025-09-20,1,Breiðablik,Þór/KA,11,0,12,0.003
2025-09-20,1,Breiðablik,Þór/KA,11,1,8,0.002
2025-09-20,1,Breiðablik,Þór/KA,11,2,6,0.0015
2025-09-20,1,Breiðablik,Þór/KA,12,0,4,0.001
2025-09-20,1,Breiðablik,Þór/KA,12,1,4,0.001
2025-09-20,1,Breiðablik,Þór/KA,12,2,3,7.5e-4
2025-09-20,1,Breiðablik,Þór/KA,13,0,3,7.5e-4
2025-09-20,1,Breiðablik,Þór/KA,13,1,2,5e-4
2025-09-20,1,Breiðablik,Þór/KA,13,3,1,2.5e-4
2025-09-20,1,Breiðablik,Þór/KA,14,0,1,2.5e-4
2025-09-20,1,Breiðablik,Þór/KA,14,1,1,2.5e-4
2025-09-20,1,Breiðablik,Þór/KA,14,2,1,2.5e-4
2025-09-20,1,Breiðablik,Þór/KA,15,0,2,5e-4
2025-09-20,1,Breiðablik,Þór/KA,16,0,2,5e-4
2025-09-20,1,Fram,Valur,0,0,136,0.034
2025-09-20,1,Fram,Valur,0,1,262,0.0655
2025-09-20,1,Fram,Valur,0,2,293,0.07325
2025-09-20,1,Fram,Valur,0,3,252,0.063
2025-09-20,1,Fram,Valur,0,4,187,0.04675
2025-09-20,1,Fram,Valur,0,5,96,0.024
2025-09-20,1,Fram,Valur,0,6,64,0.016
2025-09-20,1,Fram,Valur,0,7,28,0.007
2025-09-20,1,Fram,Valur,0,8,7,0.00175
2025-09-20,1,Fram,Valur,0,9,4,0.001
2025-09-20,1,Fram,Valur,0,10,1,2.5e-4
2025-09-20,1,Fram,Valur,0,11,1,2.5e-4
2025-09-20,1,Fram,Valur,0,12,1,2.5e-4
2025-09-20,1,Fram,Valur,1,0,109,0.02725
2025-09-20,1,Fram,Valur,1,1,253,0.06325
2025-09-20,1,Fram,Valur,1,2,332,0.083
2025-09-20,1,Fram,Valur,1,3,264,0.066
2025-09-20,1,Fram,Valur,1,4,177,0.04425
2025-09-20,1,Fram,Valur,1,5,106,0.0265
2025-09-20,1,Fram,Valur,1,6,67,0.01675
2025-09-20,1,Fram,Valur,1,7,28,0.007
2025-09-20,1,Fram,Valur,1,8,17,0.00425
2025-09-20,1,Fram,Valur,1,9,7,0.00175
2025-09-20,1,Fram,Valur,1,10,1,2.5e-4
2025-09-20,1,Fram,Valur,1,13,1,2.5e-4
2025-09-20,1,Fram,Valur,2,0,47,0.01175
2025-09-20,1,Fram,Valur,2,1,158,0.0395
2025-09-20,1,Fram,Valur,2,2,178,0.0445
2025-09-20,1,Fram,Valur,2,3,174,0.0435
2025-09-20,1,Fram,Valur,2,4,105,0.02625
2025-09-20,1,Fram,Valur,2,5,66,0.0165
2025-09-20,1,Fram,Valur,2,6,33,0.00825
2025-09-20,1,Fram,Valur,2,7,16,0.004
2025-09-20,1,Fram,Valur,2,8,10,0.0025
2025-09-20,1,Fram,Valur,2,9,8,0.002
2025-09-20,1,Fram,Valur,2,10,2,5e-4
2025-09-20,1,Fram,Valur,3,0,29,0.00725
2025-09-20,1,Fram,Valur,3,1,62,0.0155
2025-09-20,1,Fram,Valur,3,2,74,0.0185
2025-09-20,1,Fram,Valur,3,3,80,0.02
2025-09-20,1,Fram,Valur,3,4,46,0.0115
2025-09-20,1,Fram,Valur,3,5,31,0.00775
2025-09-20,1,Fram,Valur,3,6,14,0.0035
2025-09-20,1,Fram,Valur,3,7,9,0.00225
2025-09-20,1,Fram,Valur,3,8,1,2.5e-4
2025-09-20,1,Fram,Valur,3,10,1,2.5e-4
2025-09-20,1,Fram,Valur,3,12,1,2.5e-4
2025-09-20,1,Fram,Valur,4,0,13,0.00325
2025-09-20,1,Fram,Valur,4,1,19,0.00475
2025-09-20,1,Fram,Valur,4,2,21,0.00525
2025-09-20,1,Fram,Valur,4,3,16,0.004
2025-09-20,1,Fram,Valur,4,4,17,0.00425
2025-09-20,1,Fram,Valur,4,5,7,0.00175
2025-09-20,1,Fram,Valur,4,6,6,0.0015
2025-09-20,1,Fram,Valur,4,7,3,7.5e-4
2025-09-20,1,Fram,Valur,4,8,1,2.5e-4
2025-09-20,1,Fram,Valur,4,9,1,2.5e-4
2025-09-20,1,Fram,Valur,4,14,1,2.5e-4
2025-09-20,1,Fram,Valur,5,0,3,7.5e-4
2025-09-20,1,Fram,Valur,5,1,8,0.002
2025-09-20,1,Fram,Valur,5,2,7,0.00175
2025-09-20,1,Fram,Valur,5,3,9,0.00225
2025-09-20,1,Fram,Valur,5,4,5,0.00125
2025-09-20,1,Fram,Valur,5,5,3,7.5e-4
2025-09-20,1,Fram,Valur,5,6,4,0.001
2025-09-20,1,Fram,Valur,5,9,1,2.5e-4
2025-09-20,1,Fram,Valur,6,0,2,5e-4
2025-09-20,1,Fram,Valur,6,1,2,5e-4
2025-09-20,1,Fram,Valur,6,2,2,5e-4
2025-09-20,1,Fram,Valur,6,3,3,7.5e-4
2025-09-20,1,Fram,Valur,6,5,2,5e-4
2025-09-20,1,Fram,Valur,7,1,1,2.5e-4
2025-09-20,1,Fram,Valur,7,2,1,2.5e-4
2025-09-20,1,Fram,Valur,7,4,1,2.5e-4
2025-09-20,1,Fram,Valur,8,2,1,2.5e-4
2025-09-20,1,Fram,Valur,9,0,1,2.5e-4
2025-09-20,1,Tindastóll,FH,0,0,142,0.0355
2025-09-20,1,Tindastóll,FH,0,1,276,0.069
2025-09-20,1,Tindastóll,FH,0,2,325,0.08125
2025-09-20,1,Tindastóll,FH,0,3,262,0.0655
2025-09-20,1,Tindastóll,FH,0,4,196,0.049
2025-09-20,1,Tindastóll,FH,0,5,109,0.02725
2025-09-20,1,Tindastóll,FH,0,6,62,0.0155
2025-09-20,1,Tindastóll,FH,0,7,34,0.0085
2025-09-20,1,Tindastóll,FH,0,8,8,0.002
2025-09-20,1,Tindastóll,FH,0,9,9,0.00225
2025-09-20,1,Tindastóll,FH,0,10,4,0.001
2025-09-20,1,Tindastóll,FH,1,0,94,0.0235
2025-09-20,1,Tindastóll,FH,1,1,271,0.06775
2025-09-20,1,Tindastóll,FH,1,2,293,0.07325
2025-09-20,1,Tindastóll,FH,1,3,259,0.06475
2025-09-20,1,Tindastóll,FH,1,4,190,0.0475
2025-09-20,1,Tindastóll,FH,1,5,100,0.025
2025-09-20,1,Tindastóll,FH,1,6,55,0.01375
2025-09-20,1,Tindastóll,FH,1,7,28,0.007
2025-09-20,1,Tindastóll,FH,1,8,16,0.004
2025-09-20,1,Tindastóll,FH,1,9,3,7.5e-4
2025-09-20,1,Tindastóll,FH,1,10,4,0.001
2025-09-20,1,Tindastóll,FH,1,11,2,5e-4
2025-09-20,1,Tindastóll,FH,1,12,1,2.5e-4
2025-09-20,1,Tindastóll,FH,2,0,74,0.0185
2025-09-20,1,Tindastóll,FH,2,1,141,0.03525
2025-09-20,1,Tindastóll,FH,2,2,170,0.0425
2025-09-20,1,Tindastóll,FH,2,3,153,0.03825
2025-09-20,1,Tindastóll,FH,2,4,106,0.0265
2025-09-20,1,Tindastóll,FH,2,5,68,0.017
2025-09-20,1,Tindastóll,FH,2,6,32,0.008
2025-09-20,1,Tindastóll,FH,2,7,18,0.0045
2025-09-20,1,Tindastóll,FH,2,8,8,0.002
2025-09-20,1,Tindastóll,FH,2,9,1,2.5e-4
2025-09-20,1,Tindastóll,FH,2,12,1,2.5e-4
2025-09-20,1,Tindastóll,FH,3,0,24,0.006
2025-09-20,1,Tindastóll,FH,3,1,63,0.01575
2025-09-20,1,Tindastóll,FH,3,2,83,0.02075
2025-09-20,1,Tindastóll,FH,3,3,54,0.0135
2025-09-20,1,Tindastóll,FH,3,4,36,0.009
2025-09-20,1,Tindastóll,FH,3,5,25,0.00625
2025-09-20,1,Tindastóll,FH,3,6,16,0.004
2025-09-20,1,Tindastóll,FH,3,7,12,0.003
2025-09-20,1,Tindastóll,FH,3,8,3,7.5e-4
2025-09-20,1,Tindastóll,FH,3,9,1,2.5e-4
2025-09-20,1,Tindastóll,FH,3,10,1,2.5e-4
2025-09-20,1,Tindastóll,FH,4,0,12,0.003
2025-09-20,1,Tindastóll,FH,4,1,21,0.00525
2025-09-20,1,Tindastóll,FH,4,2,23,0.00575
2025-09-20,1,Tindastóll,FH,4,3,32,0.008
2025-09-20,1,Tindastóll,FH,4,4,12,0.003
2025-09-20,1,Tindastóll,FH,4,5,6,0.0015
2025-09-20,1,Tindastóll,FH,4,6,5,0.00125
2025-09-20,1,Tindastóll,FH,4,7,4,0.001
2025-09-20,1,Tindastóll,FH,5,0,2,5e-4
2025-09-20,1,Tindastóll,FH,5,1,8,0.002
2025-09-20,1,Tindastóll,FH,5,2,9,0.00225
2025-09-20,1,Tindastóll,FH,5,3,5,0.00125
2025-09-20,1,Tindastóll,FH,5,4,8,0.002
2025-09-20,1,Tindastóll,FH,5,5,2,5e-4
2025-09-20,1,Tindastóll,FH,5,7,1,2.5e-4
2025-09-20,1,Tindastóll,FH,6,0,1,2.5e-4
2025-09-20,1,Tindastóll,FH,6,1,3,7.5e-4
2025-09-20,1,Tindastóll,FH,6,2,2,5e-4
2025-09-20,1,Tindastóll,FH,6,3,1,2.5e-4
2025-09-20,1,Tindastóll,FH,6,4,1,2.5e-4
2025-09-20,1,Tindastóll,FH,6,6,2,5e-4
2025-09-20,1,Tindastóll,FH,6,9,1,2.5e-4
2025-09-20,1,Tindastóll,FH,7,0,1,2.5e-4
2025-09-20,1,Tindastóll,FH,7,2,1,2.5e-4
2025-09-20,1,Tindastóll,FH,7,4,1,2.5e-4
2025-09-20,1,Tindastóll,FH,7,5,1,2.5e-4
2025-09-20,1,Tindastóll,FH,7,7,1,2.5e-4
2025-09-20,1,Tindastóll,FH,8,3,1,2.5e-4
2025-09-20,1,Víkingur R.,FHL,0,0,107,0.02675
2025-09-20,1,Víkingur R.,FHL,0,1,90,0.0225
2025-09-20,1,Víkingur R.,FHL,0,2,27,0.00675
2025-09-20,1,Víkingur R.,FHL,0,3,13,0.00325
2025-09-20,1,Víkingur R.,FHL,0,4,2,5e-4
2025-09-20,1,Víkingur R.,FHL,1,0,286,0.0715
2025-09-20,1,Víkingur R.,FHL,1,1,195,0.04875
2025-09-20,1,Víkingur R.,FHL,1,2,69,0.01725
2025-09-20,1,Víkingur R.,FHL,1,3,20,0.005
2025-09-20,1,Víkingur R.,FHL,1,4,3,7.5e-4
2025-09-20,1,Víkingur R.,FHL,1,5,1,2.5e-4
2025-09-20,1,Víkingur R.,FHL,2,0,385,0.09625
2025-09-20,1,Víkingur R.,FHL,2,1,238,0.0595
2025-09-20,1,Víkingur R.,FHL,2,2,101,0.02525
2025-09-20,1,Víkingur R.,FHL,2,3,29,0.00725
2025-09-20,1,Víkingur R.,FHL,2,4,8,0.002
2025-09-20,1,Víkingur R.,FHL,2,5,2,5e-4
2025-09-20,1,Víkingur R.,FHL,3,0,405,0.10125
2025-09-20,1,Víkingur R.,FHL,3,1,301,0.07525
2025-09-20,1,Víkingur R.,FHL,3,2,105,0.02625
2025-09-20,1,Víkingur R.,FHL,3,3,29,0.00725
2025-09-20,1,Víkingur R.,FHL,3,4,9,0.00225
2025-09-20,1,Víkingur R.,FHL,3,5,1,2.5e-4
2025-09-20,1,Víkingur R.,FHL,3,6,1,2.5e-4
2025-09-20,1,Víkingur R.,FHL,4,0,287,0.07175
2025-09-20,1,Víkingur R.,FHL,4,1,207,0.05175
2025-09-20,1,Víkingur R.,FHL,4,2,82,0.0205
2025-09-20,1,Víkingur R.,FHL,4,3,27,0.00675
2025-09-20,1,Víkingur R.,FHL,4,4,7,0.00175
2025-09-20,1,Víkingur R.,FHL,4,5,1,2.5e-4
2025-09-20,1,Víkingur R.,FHL,5,0,211,0.05275
2025-09-20,1,Víkingur R.,FHL,5,1,129,0.03225
2025-09-20,1,Víkingur R.,FHL,5,2,56,0.014
2025-09-20,1,Víkingur R.,FHL,5,3,19,0.00475
2025-09-20,1,Víkingur R.,FHL,5,4,3,7.5e-4
2025-09-20,1,Víkingur R.,FHL,5,5,1,2.5e-4
2025-09-20,1,Víkingur R.,FHL,5,6,1,2.5e-4
2025-09-20,1,Víkingur R.,FHL,5,7,1,2.5e-4
2025-09-20,1,Víkingur R.,FHL,6,0,123,0.03075
2025-09-20,1,Víkingur R.,FHL,6,1,96,0.024
2025-09-20,1,Víkingur R.,FHL,6,2,35,0.00875
2025-09-20,1,Víkingur R.,FHL,6,3,3,7.5e-4
2025-09-20,1,Víkingur R.,FHL,6,4,2,5e-4
2025-09-20,1,Víkingur R.,FHL,6,6,1,2.5e-4
2025-09-20,1,Víkingur R.,FHL,7,0,51,0.01275
2025-09-20,1,Víkingur R.,FHL,7,1,45,0.01125
2025-09-20,1,Víkingur R.,FHL,7,2,22,0.0055
2025-09-20,1,Víkingur R.,FHL,7,3,6,0.0015
2025-09-20,1,Víkingur R.,FHL,7,4,2,5e-4
2025-09-20,1,Víkingur R.,FHL,7,7,1,2.5e-4
2025-09-20,1,Víkingur R.,FHL,8,0,33,0.00825
2025-09-20,1,Víkingur R.,FHL,8,1,22,0.0055
2025-09-20,1,Víkingur R.,FHL,8,2,13,0.00325
2025-09-20,1,Víkingur R.,FHL,8,3,3,7.5e-4
2025-09-20,1,Víkingur R.,FHL,9,0,22,0.0055
2025-09-20,1,Víkingur R.,FHL,9,1,18,0.0045
2025-09-20,1,Víkingur R.,FHL,9,2,5,0.00125
2025-09-20,1,Víkingur R.,FHL,9,3,1,2.5e-4
2025-09-20,1,Víkingur R.,FHL,9,4,1,2.5e-4
2025-09-20,1,Víkingur R.,FHL,10,0,7,0.00175
2025-09-20,1,Víkingur R.,FHL,10,1,10,0.0025
2025-09-20,1,Víkingur R.,FHL,10,2,1,2.5e-4
2025-09-20,1,Víkingur R.,FHL,11,0,5,0.00125
2025-09-20,1,Víkingur R.,FHL,11,1,2,5e-4
2025-09-20,1,Víkingur R.,FHL,11,2,2,5e-4
2025-09-20,1,Víkingur R.,FHL,12,0,2,5e-4
2025-09-20,1,Víkingur R.,FHL,12,1,1,2.5e-4
2025-09-20,1,Víkingur R.,FHL,12,2,1,2.5e-4
2025-09-20,1,Víkingur R.,FHL,13,0,1,2.5e-4
2025-09-20,1,Víkingur R.,FHL,13,1,3,7.5e-4
2025-09-20,1,Víkingur R.,FHL,16,3,1,2.5e-4
2025-09-20,1,Þróttur R.,Stjarnan,0,0,231,0.05775
2025-09-20,1,Þróttur R.,Stjarnan,0,1,193,0.04825
2025-09-20,1,Þróttur R.,Stjarnan,0,2,74,0.0185
2025-09-20,1,Þróttur R.,Stjarnan,0,3,19,0.00475
2025-09-20,1,Þróttur R.,Stjarnan,0,4,7,0.00175
2025-09-20,1,Þróttur R.,Stjarnan,0,5,2,5e-4
2025-09-20,1,Þróttur R.,Stjarnan,0,6,1,2.5e-4
2025-09-20,1,Þróttur R.,Stjarnan,1,0,390,0.0975
2025-09-20,1,Þróttur R.,Stjarnan,1,1,359,0.08975
2025-09-20,1,Þróttur R.,Stjarnan,1,2,155,0.03875
2025-09-20,1,Þróttur R.,Stjarnan,1,3,44,0.011
2025-09-20,1,Þróttur R.,Stjarnan,1,4,15,0.00375
2025-09-20,1,Þróttur R.,Stjarnan,1,5,8,0.002
2025-09-20,1,Þróttur R.,Stjarnan,1,6,1,2.5e-4
2025-09-20,1,Þróttur R.,Stjarnan,2,0,382,0.0955
2025-09-20,1,Þróttur R.,Stjarnan,2,1,355,0.08875
2025-09-20,1,Þróttur R.,Stjarnan,2,2,158,0.0395
2025-09-20,1,Þróttur R.,Stjarnan,2,3,62,0.0155
2025-09-20,1,Þróttur R.,Stjarnan,2,4,8,0.002
2025-09-20,1,Þróttur R.,Stjarnan,2,5,4,0.001
2025-09-20,1,Þróttur R.,Stjarnan,2,7,1,2.5e-4
2025-09-20,1,Þróttur R.,Stjarnan,3,0,294,0.0735
2025-09-20,1,Þróttur R.,Stjarnan,3,1,252,0.063
2025-09-20,1,Þróttur R.,Stjarnan,3,2,122,0.0305
2025-09-20,1,Þróttur R.,Stjarnan,3,3,39,0.00975
2025-09-20,1,Þróttur R.,Stjarnan,3,4,17,0.00425
2025-09-20,1,Þróttur R.,Stjarnan,3,5,1,2.5e-4
2025-09-20,1,Þróttur R.,Stjarnan,4,0,172,0.043
2025-09-20,1,Þróttur R.,Stjarnan,4,1,152,0.038
2025-09-20,1,Þróttur R.,Stjarnan,4,2,74,0.0185
2025-09-20,1,Þróttur R.,Stjarnan,4,3,16,0.004
2025-09-20,1,Þróttur R.,Stjarnan,4,4,9,0.00225
2025-09-20,1,Þróttur R.,Stjarnan,4,5,2,5e-4
2025-09-20,1,Þróttur R.,Stjarnan,4,6,1,2.5e-4
2025-09-20,1,Þróttur R.,Stjarnan,5,0,73,0.01825
2025-09-20,1,Þróttur R.,Stjarnan,5,1,72,0.018
2025-09-20,1,Þróttur R.,Stjarnan,5,2,27,0.00675
2025-09-20,1,Þróttur R.,Stjarnan,5,3,11,0.00275
2025-09-20,1,Þróttur R.,Stjarnan,5,4,6,0.0015
2025-09-20,1,Þróttur R.,Stjarnan,5,5,4,0.001
2025-09-20,1,Þróttur R.,Stjarnan,5,7,1,2.5e-4
2025-09-20,1,Þróttur R.,Stjarnan,6,0,51,0.01275
2025-09-20,1,Þróttur R.,Stjarnan,6,1,34,0.0085
2025-09-20,1,Þróttur R.,Stjarnan,6,2,13,0.00325
2025-09-20,1,Þróttur R.,Stjarnan,6,3,14,0.0035
2025-09-20,1,Þróttur R.,Stjarnan,6,4,1,2.5e-4
2025-09-20,1,Þróttur R.,Stjarnan,6,5,1,2.5e-4
2025-09-20,1,Þróttur R.,Stjarnan,7,0,16,0.004
2025-09-20,1,Þróttur R.,Stjarnan,7,1,15,0.00375
2025-09-20,1,Þróttur R.,Stjarnan,7,2,9,0.00225
2025-09-20,1,Þróttur R.,Stjarnan,7,3,2,5e-4
2025-09-20,1,Þróttur R.,Stjarnan,8,0,11,0.00275
2025-09-20,1,Þróttur R.,Stjarnan,8,1,8,0.002
2025-09-20,1,Þróttur R.,Stjarnan,8,2,3,7.5e-4
2025-09-20,1,Þróttur R.,Stjarnan,9,0,5,0.00125
2025-09-20,1,Þróttur R.,Stjarnan,9,1,1,2.5e-4
2025-09-20,1,Þróttur R.,Stjarnan,10,0,1,2.5e-4
2025-09-20,1,Þróttur R.,Stjarnan,12,2,1,2.5e-4
