date,division,home,away,home_goals,away_goals,n,p
2025-06-20,1,Fram,Þróttur R.,0,0,205,0.05125
2025-06-20,1,Fram,Þróttur R.,0,1,396,0.099
2025-06-20,1,Fram,Þróttur R.,0,2,432,0.108
2025-06-20,1,Fram,Þróttur R.,0,3,295,0.07375
2025-06-20,1,Fram,Þróttur R.,0,4,200,0.05
2025-06-20,1,Fram,Þróttur R.,0,5,113,0.02825
2025-06-20,1,Fram,Þróttur R.,0,6,61,0.01525
2025-06-20,1,Fram,Þróttur R.,0,7,28,0.007
2025-06-20,1,Fram,Þróttur R.,0,8,8,0.002
2025-06-20,1,Fram,Þróttur R.,0,9,5,0.00125
2025-06-20,1,Fram,Þróttur R.,1,0,109,0.02725
2025-06-20,1,Fram,Þróttur R.,1,1,319,0.07975
2025-06-20,1,Fram,Þróttur R.,1,2,324,0.081
2025-06-20,1,Fram,Þróttur R.,1,3,256,0.064
2025-06-20,1,Fram,Þróttur R.,1,4,182,0.0455
2025-06-20,1,Fram,Þróttur R.,1,5,97,0.02425
2025-06-20,1,Fram,Þróttur R.,1,6,41,0.01025
2025-06-20,1,Fram,Þróttur R.,1,7,22,0.0055
2025-06-20,1,Fram,Þróttur R.,1,8,11,0.00275
2025-06-20,1,Fram,Þróttur R.,1,9,1,2.5e-4
2025-06-20,1,Fram,Þróttur R.,1,10,3,7.5e-4
2025-06-20,1,Fram,Þróttur R.,2,0,48,0.012
2025-06-20,1,Fram,Þróttur R.,2,1,125,0.03125
2025-06-20,1,Fram,Þróttur R.,2,2,137,0.03425
2025-06-20,1,Fram,Þróttur R.,2,3,134,0.0335
2025-06-20,1,Fram,Þróttur R.,2,4,72,0.018
2025-06-20,1,Fram,Þróttur R.,2,5,35,0.00875
2025-06-20,1,Fram,Þróttur R.,2,6,23,0.00575
2025-06-20,1,Fram,Þróttur R.,2,7,12,0.003
2025-06-20,1,Fram,Þróttur R.,2,8,4,0.001
2025-06-20,1,Fram,Þróttur R.,2,9,1,2.5e-4
2025-06-20,1,Fram,Þróttur R.,2,11,1,2.5e-4
2025-06-20,1,Fram,Þróttur R.,3,0,20,0.005
2025-06-20,1,Fram,Þróttur R.,3,1,49,0.01225
2025-06-20,1,Fram,Þróttur R.,3,2,48,0.012
2025-06-20,1,Fram,Þróttur R.,3,3,46,0.0115
2025-06-20,1,Fram,Þróttur R.,3,4,26,0.0065
2025-06-20,1,Fram,Þróttur R.,3,5,6,0.0015
2025-06-20,1,Fram,Þróttur R.,3,6,9,0.00225
2025-06-20,1,Fram,Þróttur R.,3,7,10,0.0025
2025-06-20,1,Fram,Þróttur R.,3,8,1,2.5e-4
2025-06-20,1,Fram,Þróttur R.,4,0,8,0.002
2025-06-20,1,Fram,Þróttur R.,4,1,9,0.00225
2025-06-20,1,Fram,Þróttur R.,4,2,16,0.004
2025-06-20,1,Fram,Þróttur R.,4,3,11,0.00275
2025-06-20,1,Fram,Þróttur R.,4,4,9,0.00225
2025-06-20,1,Fram,Þróttur R.,4,5,6,0.0015
2025-06-20,1,Fram,Þróttur R.,4,6,1,2.5e-4
2025-06-20,1,Fram,Þróttur R.,4,7,2,5e-4
2025-06-20,1,Fram,Þróttur R.,5,1,3,7.5e-4
2025-06-20,1,Fram,Þróttur R.,5,2,5,0.00125
2025-06-20,1,Fram,Þróttur R.,5,3,5,0.00125
2025-06-20,1,Fram,Þróttur R.,5,4,2,5e-4
2025-06-20,1,Fram,Þróttur R.,5,5,1,2.5e-4
2025-06-20,1,Fram,Þróttur R.,5,7,1,2.5e-4
2025-06-20,1,Fram,Þróttur R.,6,2,3,7.5e-4
2025-06-20,1,Fram,Þróttur R.,6,3,1,2.5e-4
2025-06-20,1,Fram,Þróttur R.,6,4,1,2.5e-4
2025-06-20,1,Fram,Þróttur R.,6,6,1,2.5e-4
2025-06-21,1,FH,Valur,0,0,386,0.0965
2025-06-21,1,FH,Valur,0,1,336,0.084
2025-06-21,1,FH,Valur,0,2,192,0.048
2025-06-21,1,FH,Valur,0,3,91,0.02275
2025-06-21,1,FH,Valur,0,4,13,0.00325
2025-06-21,1,FH,Valur,0,5,6,0.0015
2025-06-21,1,FH,Valur,0,6,3,7.5e-4
2025-06-21,1,FH,Valur,0,8,1,2.5e-4
2025-06-21,1,FH,Valur,1,0,478,0.1195
2025-06-21,1,FH,Valur,1,1,411,0.10275
2025-06-21,1,FH,Valur,1,2,241,0.06025
2025-06-21,1,FH,Valur,1,3,94,0.0235
2025-06-21,1,FH,Valur,1,4,28,0.007
2025-06-21,1,FH,Valur,1,5,6,0.0015
2025-06-21,1,FH,Valur,1,6,1,2.5e-4
2025-06-21,1,FH,Valur,2,0,308,0.077
2025-06-21,1,FH,Valur,2,1,334,0.0835
2025-06-21,1,FH,Valur,2,2,189,0.04725
2025-06-21,1,FH,Valur,2,3,70,0.0175
2025-06-21,1,FH,Valur,2,4,19,0.00475
2025-06-21,1,FH,Valur,2,5,8,0.002
2025-06-21,1,FH,Valur,2,6,2,5e-4
2025-06-21,1,FH,Valur,3,0,169,0.04225
2025-06-21,1,FH,Valur,3,1,174,0.0435
2025-06-21,1,FH,Valur,3,2,92,0.023
2025-06-21,1,FH,Valur,3,3,46,0.0115
2025-06-21,1,FH,Valur,3,4,16,0.004
2025-06-21,1,FH,Valur,3,5,2,5e-4
2025-06-21,1,FH,Valur,3,6,1,2.5e-4
2025-06-21,1,FH,Valur,4,0,59,0.01475
2025-06-21,1,FH,Valur,4,1,74,0.0185
2025-06-21,1,FH,Valur,4,2,36,0.009
2025-06-21,1,FH,Valur,4,3,15,0.00375
2025-06-21,1,FH,Valur,4,4,8,0.002
2025-06-21,1,FH,Valur,5,0,20,0.005
2025-06-21,1,FH,Valur,5,1,17,0.00425
2025-06-21,1,FH,Valur,5,2,15,0.00375
2025-06-21,1,FH,Valur,5,3,4,0.001
2025-06-21,1,FH,Valur,5,4,4,0.001
2025-06-21,1,FH,Valur,5,5,1,2.5e-4
2025-06-21,1,FH,Valur,5,6,1,2.5e-4
2025-06-21,1,FH,Valur,6,0,8,0.002
2025-06-21,1,FH,Valur,6,1,7,0.00175
2025-06-21,1,FH,Valur,6,2,2,5e-4
2025-06-21,1,FH,Valur,6,3,2,5e-4
2025-06-21,1,FH,Valur,6,5,1,2.5e-4
2025-06-21,1,FH,Valur,6,6,1,2.5e-4
2025-06-21,1,FH,Valur,7,0,2,5e-4
2025-06-21,1,FH,Valur,7,1,3,7.5e-4
2025-06-21,1,FH,Valur,8,4,3,7.5e-4
2025-06-21,1,FHL,Tindastóll,0,0,130,0.0325
2025-06-21,1,FHL,Tindastóll,0,1,285,0.07125
2025-06-21,1,FHL,Tindastóll,0,2,271,0.06775
2025-06-21,1,FHL,Tindastóll,0,3,206,0.0515
2025-06-21,1,FHL,Tindastóll,0,4,138,0.0345
2025-06-21,1,FHL,Tindastóll,0,5,81,0.02025
2025-06-21,1,FHL,Tindastóll,0,6,24,0.006
2025-06-21,1,FHL,Tindastóll,0,7,17,0.00425
2025-06-21,1,FHL,Tindastóll,0,8,5,0.00125
2025-06-21,1,FHL,Tindastóll,0,9,1,2.5e-4
2025-06-21,1,FHL,Tindastóll,0,11,2,5e-4
2025-06-21,1,FHL,Tindastóll,0,14,1,2.5e-4
2025-06-21,1,FHL,Tindastóll,1,0,140,0.035
2025-06-21,1,FHL,Tindastóll,1,1,325,0.08125
2025-06-21,1,FHL,Tindastóll,1,2,312,0.078
2025-06-21,1,FHL,Tindastóll,1,3,212,0.053
2025-06-21,1,FHL,Tindastóll,1,4,151,0.03775
2025-06-21,1,FHL,Tindastóll,1,5,81,0.02025
2025-06-21,1,FHL,Tindastóll,1,6,35,0.00875
2025-06-21,1,FHL,Tindastóll,1,7,15,0.00375
2025-06-21,1,FHL,Tindastóll,1,8,5,0.00125
2025-06-21,1,FHL,Tindastóll,1,10,1,2.5e-4
2025-06-21,1,FHL,Tindastóll,2,0,86,0.0215
2025-06-21,1,FHL,Tindastóll,2,1,198,0.0495
2025-06-21,1,FHL,Tindastóll,2,2,235,0.05875
2025-06-21,1,FHL,Tindastóll,2,3,171,0.04275
2025-06-21,1,FHL,Tindastóll,2,4,103,0.02575
2025-06-21,1,FHL,Tindastóll,2,5,59,0.01475
2025-06-21,1,FHL,Tindastóll,2,6,25,0.00625
2025-06-21,1,FHL,Tindastóll,2,7,10,0.0025
2025-06-21,1,FHL,Tindastóll,2,8,1,2.5e-4
2025-06-21,1,FHL,Tindastóll,2,9,1,2.5e-4
2025-06-21,1,FHL,Tindastóll,2,10,2,5e-4
2025-06-21,1,FHL,Tindastóll,2,11,1,2.5e-4
2025-06-21,1,FHL,Tindastóll,3,0,54,0.0135
2025-06-21,1,FHL,Tindastóll,3,1,78,0.0195
2025-06-21,1,FHL,Tindastóll,3,2,105,0.02625
2025-06-21,1,FHL,Tindastóll,3,3,88,0.022
2025-06-21,1,FHL,Tindastóll,3,4,47,0.01175
2025-06-21,1,FHL,Tindastóll,3,5,25,0.00625
2025-06-21,1,FHL,Tindastóll,3,6,9,0.00225
2025-06-21,1,FHL,Tindastóll,3,7,7,0.00175
2025-06-21,1,FHL,Tindastóll,3,8,3,7.5e-4
2025-06-21,1,FHL,Tindastóll,4,0,22,0.0055
2025-06-21,1,FHL,Tindastóll,4,1,36,0.009
2025-06-21,1,FHL,Tindastóll,4,2,40,0.01
2025-06-21,1,FHL,Tindastóll,4,3,33,0.00825
2025-06-21,1,FHL,Tindastóll,4,4,19,0.00475
2025-06-21,1,FHL,Tindastóll,4,5,10,0.0025
2025-06-21,1,FHL,Tindastóll,4,6,8,0.002
2025-06-21,1,FHL,Tindastóll,4,7,3,7.5e-4
2025-06-21,1,FHL,Tindastóll,4,8,1,2.5e-4
2025-06-21,1,FHL,Tindastóll,5,0,7,0.00175
2025-06-21,1,FHL,Tindastóll,5,1,12,0.003
2025-06-21,1,FHL,Tindastóll,5,2,15,0.00375
2025-06-21,1,FHL,Tindastóll,5,3,9,0.00225
2025-06-21,1,FHL,Tindastóll,5,4,8,0.002
2025-06-21,1,FHL,Tindastóll,5,5,3,7.5e-4
2025-06-21,1,FHL,Tindastóll,5,6,2,5e-4
2025-06-21,1,FHL,Tindastóll,5,7,1,2.5e-4
2025-06-21,1,FHL,Tindastóll,6,0,1,2.5e-4
2025-06-21,1,FHL,Tindastóll,6,1,2,5e-4
2025-06-21,1,FHL,Tindastóll,6,2,3,7.5e-4
2025-06-21,1,FHL,Tindastóll,6,3,4,0.001
2025-06-21,1,FHL,Tindastóll,6,4,2,5e-4
2025-06-21,1,FHL,Tindastóll,6,5,3,7.5e-4
2025-06-21,1,FHL,Tindastóll,6,6,3,7.5e-4
2025-06-21,1,FHL,Tindastóll,7,1,2,5e-4
2025-06-21,1,FHL,Tindastóll,7,3,1,2.5e-4
2025-06-21,1,FHL,Tindastóll,8,1,1,2.5e-4
2025-06-21,1,FHL,Tindastóll,8,2,1,2.5e-4
2025-06-21,1,FHL,Tindastóll,8,5,1,2.5e-4
2025-06-21,1,FHL,Tindastóll,9,1,1,2.5e-4
2025-06-21,1,Stjarnan,Breiðablik,0,0,107,0.02675
2025-06-21,1,Stjarnan,Breiðablik,0,1,290,0.0725
2025-06-21,1,Stjarnan,Breiðablik,0,2,392,0.098
2025-06-21,1,Stjarnan,Breiðablik,0,3,366,0.0915
2025-06-21,1,Stjarnan,Breiðablik,0,4,281,0.07025
2025-06-21,1,Stjarnan,Breiðablik,0,5,173,0.04325
2025-06-21,1,Stjarnan,Breiðablik,0,6,89,0.02225
2025-06-21,1,Stjarnan,Breiðablik,0,7,44,0.011
2025-06-21,1,Stjarnan,Breiðablik,0,8,31,0.00775
2025-06-21,1,Stjarnan,Breiðablik,0,9,13,0.00325
2025-06-21,1,Stjarnan,Breiðablik,0,10,3,7.5e-4
2025-06-21,1,Stjarnan,Breiðablik,0,11,1,2.5e-4
2025-06-21,1,Stjarnan,Breiðablik,0,12,1,2.5e-4
2025-06-21,1,Stjarnan,Breiðablik,1,0,72,0.018
2025-06-21,1,Stjarnan,Breiðablik,1,1,237,0.05925
2025-06-21,1,Stjarnan,Breiðablik,1,2,318,0.0795
2025-06-21,1,Stjarnan,Breiðablik,1,3,257,0.06425
2025-06-21,1,Stjarnan,Breiðablik,1,4,231,0.05775
2025-06-21,1,Stjarnan,Breiðablik,1,5,135,0.03375
2025-06-21,1,Stjarnan,Breiðablik,1,6,71,0.01775
2025-06-21,1,Stjarnan,Breiðablik,1,7,37,0.00925
2025-06-21,1,Stjarnan,Breiðablik,1,8,10,0.0025
2025-06-21,1,Stjarnan,Breiðablik,1,9,7,0.00175
2025-06-21,1,Stjarnan,Breiðablik,1,10,4,0.001
2025-06-21,1,Stjarnan,Breiðablik,1,11,3,7.5e-4
2025-06-21,1,Stjarnan,Breiðablik,2,0,37,0.00925
2025-06-21,1,Stjarnan,Breiðablik,2,1,87,0.02175
2025-06-21,1,Stjarnan,Breiðablik,2,2,139,0.03475
2025-06-21,1,Stjarnan,Breiðablik,2,3,122,0.0305
2025-06-21,1,Stjarnan,Breiðablik,2,4,94,0.0235
2025-06-21,1,Stjarnan,Breiðablik,2,5,49,0.01225
2025-06-21,1,Stjarnan,Breiðablik,2,6,25,0.00625
2025-06-21,1,Stjarnan,Breiðablik,2,7,19,0.00475
2025-06-21,1,Stjarnan,Breiðablik,2,8,9,0.00225
2025-06-21,1,Stjarnan,Breiðablik,2,9,3,7.5e-4
2025-06-21,1,Stjarnan,Breiðablik,2,10,1,2.5e-4
2025-06-21,1,Stjarnan,Breiðablik,3,0,10,0.0025
2025-06-21,1,Stjarnan,Breiðablik,3,1,28,0.007
2025-06-21,1,Stjarnan,Breiðablik,3,2,34,0.0085
2025-06-21,1,Stjarnan,Breiðablik,3,3,36,0.009
2025-06-21,1,Stjarnan,Breiðablik,3,4,35,0.00875
2025-06-21,1,Stjarnan,Breiðablik,3,5,17,0.00425
2025-06-21,1,Stjarnan,Breiðablik,3,6,12,0.003
2025-06-21,1,Stjarnan,Breiðablik,3,7,10,0.0025
2025-06-21,1,Stjarnan,Breiðablik,3,8,4,0.001
2025-06-21,1,Stjarnan,Breiðablik,3,9,2,5e-4
2025-06-21,1,Stjarnan,Breiðablik,3,10,2,5e-4
2025-06-21,1,Stjarnan,Breiðablik,4,0,4,0.001
2025-06-21,1,Stjarnan,Breiðablik,4,1,7,0.00175
2025-06-21,1,Stjarnan,Breiðablik,4,2,11,0.00275
2025-06-21,1,Stjarnan,Breiðablik,4,3,7,0.00175
2025-06-21,1,Stjarnan,Breiðablik,4,4,5,0.00125
2025-06-21,1,Stjarnan,Breiðablik,4,5,5,0.00125
2025-06-21,1,Stjarnan,Breiðablik,4,6,3,7.5e-4
2025-06-21,1,Stjarnan,Breiðablik,5,1,2,5e-4
2025-06-21,1,Stjarnan,Breiðablik,5,4,1,2.5e-4
2025-06-21,1,Stjarnan,Breiðablik,5,5,2,5e-4
2025-06-21,1,Stjarnan,Breiðablik,5,6,1,2.5e-4
2025-06-21,1,Stjarnan,Breiðablik,6,2,2,5e-4
2025-06-21,1,Stjarnan,Breiðablik,6,4,2,5e-4
2025-06-21,1,Þór/KA,Víkingur R.,0,0,167,0.04175
2025-06-21,1,Þór/KA,Víkingur R.,0,1,140,0.035
2025-06-21,1,Þór/KA,Víkingur R.,0,2,84,0.021
2025-06-21,1,Þór/KA,Víkingur R.,0,3,39,0.00975
2025-06-21,1,Þór/KA,Víkingur R.,0,4,7,0.00175
2025-06-21,1,Þór/KA,Víkingur R.,0,5,1,2.5e-4
2025-06-21,1,Þór/KA,Víkingur R.,0,7,1,2.5e-4
2025-06-21,1,Þór/KA,Víkingur R.,1,0,295,0.07375
2025-06-21,1,Þór/KA,Víkingur R.,1,1,355,0.08875
2025-06-21,1,Þór/KA,Víkingur R.,1,2,167,0.04175
2025-06-21,1,Þór/KA,Víkingur R.,1,3,68,0.017
2025-06-21,1,Þór/KA,Víkingur R.,1,4,20,0.005
2025-06-21,1,Þór/KA,Víkingur R.,1,5,4,0.001
2025-06-21,1,Þór/KA,Víkingur R.,1,6,1,2.5e-4
2025-06-21,1,Þór/KA,Víkingur R.,1,7,1,2.5e-4
2025-06-21,1,Þór/KA,Víkingur R.,2,0,334,0.0835
2025-06-21,1,Þór/KA,Víkingur R.,2,1,295,0.07375
2025-06-21,1,Þór/KA,Víkingur R.,2,2,153,0.03825
2025-06-21,1,Þór/KA,Víkingur R.,2,3,74,0.0185
2025-06-21,1,Þór/KA,Víkingur R.,2,4,36,0.009
2025-06-21,1,Þór/KA,Víkingur R.,2,5,7,0.00175
2025-06-21,1,Þór/KA,Víkingur R.,2,7,1,2.5e-4
2025-06-21,1,Þór/KA,Víkingur R.,2,11,1,2.5e-4
2025-06-21,1,Þór/KA,Víkingur R.,3,0,273,0.06825
2025-06-21,1,Þór/KA,Víkingur R.,3,1,259,0.06475
2025-06-21,1,Þór/KA,Víkingur R.,3,2,146,0.0365
2025-06-21,1,Þór/KA,Víkingur R.,3,3,61,0.01525
2025-06-21,1,Þór/KA,Víkingur R.,3,4,32,0.008
2025-06-21,1,Þór/KA,Víkingur R.,3,5,9,0.00225
2025-06-21,1,Þór/KA,Víkingur R.,3,6,2,5e-4
2025-06-21,1,Þór/KA,Víkingur R.,4,0,160,0.04
2025-06-21,1,Þór/KA,Víkingur R.,4,1,160,0.04
2025-06-21,1,Þór/KA,Víkingur R.,4,2,86,0.0215
2025-06-21,1,Þór/KA,Víkingur R.,4,3,29,0.00725
2025-06-21,1,Þór/KA,Víkingur R.,4,4,16,0.004
2025-06-21,1,Þór/KA,Víkingur R.,4,5,4,0.001
2025-06-21,1,Þór/KA,Víkingur R.,4,6,5,0.00125
2025-06-21,1,Þór/KA,Víkingur R.,5,0,94,0.0235
2025-06-21,1,Þór/KA,Víkingur R.,5,1,94,0.0235
2025-06-21,1,Þór/KA,Víkingur R.,5,2,42,0.0105
2025-06-21,1,Þór/KA,Víkingur R.,5,3,25,0.00625
2025-06-21,1,Þór/KA,Víkingur R.,5,4,11,0.00275
2025-06-21,1,Þór/KA,Víkingur R.,5,5,5,0.00125
2025-06-21,1,Þór/KA,Víkingur R.,5,6,3,7.5e-4
2025-06-21,1,Þór/KA,Víkingur R.,6,0,38,0.0095
2025-06-21,1,Þór/KA,Víkingur R.,6,1,44,0.011
2025-06-21,1,Þór/KA,Víkingur R.,6,2,26,0.0065
2025-06-21,1,Þór/KA,Víkingur R.,6,3,7,0.00175
2025-06-21,1,Þór/KA,Víkingur R.,6,5,2,5e-4
2025-06-21,1,Þór/KA,Víkingur R.,7,0,22,0.0055
2025-06-21,1,Þór/KA,Víkingur R.,7,1,23,0.00575
2025-06-21,1,Þór/KA,Víkingur R.,7,2,12,0.003
2025-06-21,1,Þór/KA,Víkingur R.,7,3,3,7.5e-4
2025-06-21,1,Þór/KA,Víkingur R.,7,4,3,7.5e-4
2025-06-21,1,Þór/KA,Víkingur R.,8,0,9,0.00225
2025-06-21,1,Þór/KA,Víkingur R.,8,1,9,0.00225
2025-06-21,1,Þór/KA,Víkingur R.,8,2,6,0.0015
2025-06-21,1,Þór/KA,Víkingur R.,8,3,2,5e-4
2025-06-21,1,Þór/KA,Víkingur R.,8,4,1,2.5e-4
2025-06-21,1,Þór/KA,Víkingur R.,9,0,5,0.00125
2025-06-21,1,Þór/KA,Víkingur R.,9,1,7,0.00175
2025-06-21,1,Þór/KA,Víkingur R.,9,2,5,0.00125
2025-06-21,1,Þór/KA,Víkingur R.,9,3,2,5e-4
2025-06-21,1,Þór/KA,Víkingur R.,9,5,1,2.5e-4
2025-06-21,1,Þór/KA,Víkingur R.,10,0,1,2.5e-4
2025-06-21,1,Þór/KA,Víkingur R.,10,1,1,2.5e-4
2025-06-21,1,Þór/KA,Víkingur R.,10,3,1,2.5e-4
2025-06-21,1,Þór/KA,Víkingur R.,11,1,2,5e-4
2025-06-21,1,Þór/KA,Víkingur R.,13,0,1,2.5e-4
2025-06-21,3,Dalvík/Reynir,Álftanes,0,0,171,0.04275
2025-06-21,3,Dalvík/Reynir,Álftanes,0,1,222,0.0555
2025-06-21,3,Dalvík/Reynir,Álftanes,0,2,192,0.048
2025-06-21,3,Dalvík/Reynir,Álftanes,0,3,120,0.03
2025-06-21,3,Dalvík/Reynir,Álftanes,0,4,69,0.01725
2025-06-21,3,Dalvík/Reynir,Álftanes,0,5,37,0.00925
2025-06-21,3,Dalvík/Reynir,Álftanes,0,6,24,0.006
2025-06-21,3,Dalvík/Reynir,Álftanes,0,7,5,0.00125
2025-06-21,3,Dalvík/Reynir,Álftanes,0,8,3,7.5e-4
2025-06-21,3,Dalvík/Reynir,Álftanes,1,0,176,0.044
2025-06-21,3,Dalvík/Reynir,Álftanes,1,1,360,0.09
2025-06-21,3,Dalvík/Reynir,Álftanes,1,2,281,0.07025
2025-06-21,3,Dalvík/Reynir,Álftanes,1,3,188,0.047
2025-06-21,3,Dalvík/Reynir,Álftanes,1,4,112,0.028
2025-06-21,3,Dalvík/Reynir,Álftanes,1,5,47,0.01175
2025-06-21,3,Dalvík/Reynir,Álftanes,1,6,21,0.00525
2025-06-21,3,Dalvík/Reynir,Álftanes,1,7,14,0.0035
2025-06-21,3,Dalvík/Reynir,Álftanes,1,8,2,5e-4
2025-06-21,3,Dalvík/Reynir,Álftanes,1,9,2,5e-4
2025-06-21,3,Dalvík/Reynir,Álftanes,2,0,117,0.02925
2025-06-21,3,Dalvík/Reynir,Álftanes,2,1,239,0.05975
2025-06-21,3,Dalvík/Reynir,Álftanes,2,2,224,0.056
2025-06-21,3,Dalvík/Reynir,Álftanes,2,3,154,0.0385
2025-06-21,3,Dalvík/Reynir,Álftanes,2,4,92,0.023
2025-06-21,3,Dalvík/Reynir,Álftanes,2,5,38,0.0095
2025-06-21,3,Dalvík/Reynir,Álftanes,2,6,12,0.003
2025-06-21,3,Dalvík/Reynir,Álftanes,2,7,9,0.00225
2025-06-21,3,Dalvík/Reynir,Álftanes,2,8,2,5e-4
2025-06-21,3,Dalvík/Reynir,Álftanes,2,9,2,5e-4
2025-06-21,3,Dalvík/Reynir,Álftanes,3,0,86,0.0215
2025-06-21,3,Dalvík/Reynir,Álftanes,3,1,154,0.0385
2025-06-21,3,Dalvík/Reynir,Álftanes,3,2,138,0.0345
2025-06-21,3,Dalvík/Reynir,Álftanes,3,3,93,0.02325
2025-06-21,3,Dalvík/Reynir,Álftanes,3,4,54,0.0135
2025-06-21,3,Dalvík/Reynir,Álftanes,3,5,31,0.00775
2025-06-21,3,Dalvík/Reynir,Álftanes,3,6,19,0.00475
2025-06-21,3,Dalvík/Reynir,Álftanes,3,7,5,0.00125
2025-06-21,3,Dalvík/Reynir,Álftanes,3,9,1,2.5e-4
2025-06-21,3,Dalvík/Reynir,Álftanes,4,0,40,0.01
2025-06-21,3,Dalvík/Reynir,Álftanes,4,1,67,0.01675
2025-06-21,3,Dalvík/Reynir,Álftanes,4,2,81,0.02025
2025-06-21,3,Dalvík/Reynir,Álftanes,4,3,55,0.01375
2025-06-21,3,Dalvík/Reynir,Álftanes,4,4,37,0.00925
2025-06-21,3,Dalvík/Reynir,Álftanes,4,5,19,0.00475
2025-06-21,3,Dalvík/Reynir,Álftanes,4,6,3,7.5e-4
2025-06-21,3,Dalvík/Reynir,Álftanes,4,7,1,2.5e-4
2025-06-21,3,Dalvík/Reynir,Álftanes,5,0,14,0.0035
2025-06-21,3,Dalvík/Reynir,Álftanes,5,1,27,0.00675
2025-06-21,3,Dalvík/Reynir,Álftanes,5,2,28,0.007
2025-06-21,3,Dalvík/Reynir,Álftanes,5,3,19,0.00475
2025-06-21,3,Dalvík/Reynir,Álftanes,5,4,13,0.00325
2025-06-21,3,Dalvík/Reynir,Álftanes,5,5,1,2.5e-4
2025-06-21,3,Dalvík/Reynir,Álftanes,5,6,3,7.5e-4
2025-06-21,3,Dalvík/Reynir,Álftanes,5,7,2,5e-4
2025-06-21,3,Dalvík/Reynir,Álftanes,5,8,1,2.5e-4
2025-06-21,3,Dalvík/Reynir,Álftanes,6,0,7,0.00175
2025-06-21,3,Dalvík/Reynir,Álftanes,6,1,18,0.0045
2025-06-21,3,Dalvík/Reynir,Álftanes,6,2,7,0.00175
2025-06-21,3,Dalvík/Reynir,Álftanes,6,3,6,0.0015
2025-06-21,3,Dalvík/Reynir,Álftanes,6,4,3,7.5e-4
2025-06-21,3,Dalvík/Reynir,Álftanes,6,5,3,7.5e-4
2025-06-21,3,Dalvík/Reynir,Álftanes,6,6,2,5e-4
2025-06-21,3,Dalvík/Reynir,Álftanes,7,0,6,0.0015
2025-06-21,3,Dalvík/Reynir,Álftanes,7,1,2,5e-4
2025-06-21,3,Dalvík/Reynir,Álftanes,7,2,5,0.00125
2025-06-21,3,Dalvík/Reynir,Álftanes,7,3,4,0.001
2025-06-21,3,Dalvík/Reynir,Álftanes,7,4,2,5e-4
2025-06-21,3,Dalvík/Reynir,Álftanes,7,5,1,2.5e-4
2025-06-21,3,Dalvík/Reynir,Álftanes,8,0,1,2.5e-4
2025-06-21,3,Dalvík/Reynir,Álftanes,8,1,2,5e-4
2025-06-21,3,Dalvík/Reynir,Álftanes,8,3,1,2.5e-4
2025-06-21,3,Dalvík/Reynir,Álftanes,8,5,2,5e-4
2025-06-21,3,Dalvík/Reynir,Álftanes,8,7,1,2.5e-4
2025-06-21,3,Sindri,Fjölnir,0,0,40,0.01
2025-06-21,3,Sindri,Fjölnir,0,1,60,0.015
2025-06-21,3,Sindri,Fjölnir,0,2,82,0.0205
2025-06-21,3,Sindri,Fjölnir,0,3,112,0.028
2025-06-21,3,Sindri,Fjölnir,0,4,92,0.023
2025-06-21,3,Sindri,Fjölnir,0,5,90,0.0225
2025-06-21,3,Sindri,Fjölnir,0,6,61,0.01525
2025-06-21,3,Sindri,Fjölnir,0,7,52,0.013
2025-06-21,3,Sindri,Fjölnir,0,8,29,0.00725
2025-06-21,3,Sindri,Fjölnir,0,9,8,0.002
2025-06-21,3,Sindri,Fjölnir,0,10,7,0.00175
2025-06-21,3,Sindri,Fjölnir,0,11,6,0.0015
2025-06-21,3,Sindri,Fjölnir,0,12,5,0.00125
2025-06-21,3,Sindri,Fjölnir,0,13,1,2.5e-4
2025-06-21,3,Sindri,Fjölnir,0,17,1,2.5e-4
2025-06-21,3,Sindri,Fjölnir,1,0,38,0.0095
2025-06-21,3,Sindri,Fjölnir,1,1,127,0.03175
2025-06-21,3,Sindri,Fjölnir,1,2,159,0.03975
2025-06-21,3,Sindri,Fjölnir,1,3,203,0.05075
2025-06-21,3,Sindri,Fjölnir,1,4,168,0.042
2025-06-21,3,Sindri,Fjölnir,1,5,148,0.037
2025-06-21,3,Sindri,Fjölnir,1,6,111,0.02775
2025-06-21,3,Sindri,Fjölnir,1,7,64,0.016
2025-06-21,3,Sindri,Fjölnir,1,8,42,0.0105
2025-06-21,3,Sindri,Fjölnir,1,9,20,0.005
2025-06-21,3,Sindri,Fjölnir,1,10,19,0.00475
2025-06-21,3,Sindri,Fjölnir,1,11,3,7.5e-4
2025-06-21,3,Sindri,Fjölnir,1,12,6,0.0015
2025-06-21,3,Sindri,Fjölnir,1,13,2,5e-4
2025-06-21,3,Sindri,Fjölnir,1,14,3,7.5e-4
2025-06-21,3,Sindri,Fjölnir,1,16,1,2.5e-4
2025-06-21,3,Sindri,Fjölnir,1,17,1,2.5e-4
2025-06-21,3,Sindri,Fjölnir,2,0,25,0.00625
2025-06-21,3,Sindri,Fjölnir,2,1,90,0.0225
2025-06-21,3,Sindri,Fjölnir,2,2,161,0.04025
2025-06-21,3,Sindri,Fjölnir,2,3,160,0.04
2025-06-21,3,Sindri,Fjölnir,2,4,153,0.03825
2025-06-21,3,Sindri,Fjölnir,2,5,115,0.02875
2025-06-21,3,Sindri,Fjölnir,2,6,93,0.02325
2025-06-21,3,Sindri,Fjölnir,2,7,58,0.0145
2025-06-21,3,Sindri,Fjölnir,2,8,34,0.0085
2025-06-21,3,Sindri,Fjölnir,2,9,21,0.00525
2025-06-21,3,Sindri,Fjölnir,2,10,12,0.003
2025-06-21,3,Sindri,Fjölnir,2,11,8,0.002
2025-06-21,3,Sindri,Fjölnir,2,12,2,5e-4
2025-06-21,3,Sindri,Fjölnir,2,13,3,7.5e-4
2025-06-21,3,Sindri,Fjölnir,2,14,2,5e-4
2025-06-21,3,Sindri,Fjölnir,2,15,1,2.5e-4
2025-06-21,3,Sindri,Fjölnir,3,0,10,0.0025
2025-06-21,3,Sindri,Fjölnir,3,1,69,0.01725
2025-06-21,3,Sindri,Fjölnir,3,2,99,0.02475
2025-06-21,3,Sindri,Fjölnir,3,3,105,0.02625
2025-06-21,3,Sindri,Fjölnir,3,4,97,0.02425
2025-06-21,3,Sindri,Fjölnir,3,5,84,0.021
2025-06-21,3,Sindri,Fjölnir,3,6,73,0.01825
2025-06-21,3,Sindri,Fjölnir,3,7,37,0.00925
2025-06-21,3,Sindri,Fjölnir,3,8,36,0.009
2025-06-21,3,Sindri,Fjölnir,3,9,18,0.0045
2025-06-21,3,Sindri,Fjölnir,3,10,9,0.00225
2025-06-21,3,Sindri,Fjölnir,3,11,3,7.5e-4
2025-06-21,3,Sindri,Fjölnir,3,12,4,0.001
2025-06-21,3,Sindri,Fjölnir,3,13,1,2.5e-4
2025-06-21,3,Sindri,Fjölnir,4,0,16,0.004
2025-06-21,3,Sindri,Fjölnir,4,1,31,0.00775
2025-06-21,3,Sindri,Fjölnir,4,2,43,0.01075
2025-06-21,3,Sindri,Fjölnir,4,3,57,0.01425
2025-06-21,3,Sindri,Fjölnir,4,4,49,0.01225
2025-06-21,3,Sindri,Fjölnir,4,5,49,0.01225
2025-06-21,3,Sindri,Fjölnir,4,6,43,0.01075
2025-06-21,3,Sindri,Fjölnir,4,7,21,0.00525
2025-06-21,3,Sindri,Fjölnir,4,8,12,0.003
2025-06-21,3,Sindri,Fjölnir,4,9,11,0.00275
2025-06-21,3,Sindri,Fjölnir,4,10,11,0.00275
2025-06-21,3,Sindri,Fjölnir,4,11,1,2.5e-4
2025-06-21,3,Sindri,Fjölnir,4,12,2,5e-4
2025-06-21,3,Sindri,Fjölnir,4,13,1,2.5e-4
2025-06-21,3,Sindri,Fjölnir,4,14,2,5e-4
2025-06-21,3,Sindri,Fjölnir,5,0,7,0.00175
2025-06-21,3,Sindri,Fjölnir,5,1,14,0.0035
2025-06-21,3,Sindri,Fjölnir,5,2,28,0.007
2025-06-21,3,Sindri,Fjölnir,5,3,27,0.00675
2025-06-21,3,Sindri,Fjölnir,5,4,29,0.00725
2025-06-21,3,Sindri,Fjölnir,5,5,18,0.0045
2025-06-21,3,Sindri,Fjölnir,5,6,14,0.0035
2025-06-21,3,Sindri,Fjölnir,5,7,8,0.002
2025-06-21,3,Sindri,Fjölnir,5,8,7,0.00175
2025-06-21,3,Sindri,Fjölnir,5,9,6,0.0015
2025-06-21,3,Sindri,Fjölnir,5,10,1,2.5e-4
2025-06-21,3,Sindri,Fjölnir,5,12,1,2.5e-4
2025-06-21,3,Sindri,Fjölnir,5,13,1,2.5e-4
2025-06-21,3,Sindri,Fjölnir,5,14,1,2.5e-4
2025-06-21,3,Sindri,Fjölnir,6,0,4,0.001
2025-06-21,3,Sindri,Fjölnir,6,1,3,7.5e-4
2025-06-21,3,Sindri,Fjölnir,6,2,10,0.0025
2025-06-21,3,Sindri,Fjölnir,6,3,19,0.00475
2025-06-21,3,Sindri,Fjölnir,6,4,15,0.00375
2025-06-21,3,Sindri,Fjölnir,6,5,7,0.00175
2025-06-21,3,Sindri,Fjölnir,6,6,5,0.00125
2025-06-21,3,Sindri,Fjölnir,6,7,5,0.00125
2025-06-21,3,Sindri,Fjölnir,6,8,1,2.5e-4
2025-06-21,3,Sindri,Fjölnir,6,9,2,5e-4
2025-06-21,3,Sindri,Fjölnir,6,10,1,2.5e-4
2025-06-21,3,Sindri,Fjölnir,6,11,1,2.5e-4
2025-06-21,3,Sindri,Fjölnir,6,12,1,2.5e-4
2025-06-21,3,Sindri,Fjölnir,7,0,1,2.5e-4
2025-06-21,3,Sindri,Fjölnir,7,1,3,7.5e-4
2025-06-21,3,Sindri,Fjölnir,7,2,10,0.0025
2025-06-21,3,Sindri,Fjölnir,7,3,10,0.0025
2025-06-21,3,Sindri,Fjölnir,7,4,2,5e-4
2025-06-21,3,Sindri,Fjölnir,7,5,4,0.001
2025-06-21,3,Sindri,Fjölnir,7,6,6,0.0015
2025-06-21,3,Sindri,Fjölnir,7,7,3,7.5e-4
2025-06-21,3,Sindri,Fjölnir,7,8,1,2.5e-4
2025-06-21,3,Sindri,Fjölnir,7,12,1,2.5e-4
2025-06-21,3,Sindri,Fjölnir,8,1,1,2.5e-4
2025-06-21,3,Sindri,Fjölnir,8,2,3,7.5e-4
2025-06-21,3,Sindri,Fjölnir,8,4,2,5e-4
2025-06-21,3,Sindri,Fjölnir,8,5,3,7.5e-4
2025-06-21,3,Sindri,Fjölnir,8,6,3,7.5e-4
2025-06-21,3,Sindri,Fjölnir,8,7,1,2.5e-4
2025-06-21,3,Sindri,Fjölnir,8,8,2,5e-4
2025-06-21,3,Sindri,Fjölnir,8,10,1,2.5e-4
2025-06-21,3,Sindri,Fjölnir,9,1,1,2.5e-4
2025-06-21,3,Sindri,Fjölnir,9,3,1,2.5e-4
2025-06-21,3,Sindri,Fjölnir,9,4,1,2.5e-4
2025-06-21,3,Sindri,Fjölnir,9,5,2,5e-4
2025-06-21,3,Sindri,Fjölnir,9,8,1,2.5e-4
2025-06-21,3,Sindri,Fjölnir,9,9,1,2.5e-4
2025-06-21,3,Sindri,Fjölnir,10,1,1,2.5e-4
2025-06-21,3,Sindri,Fjölnir,10,6,2,5e-4
2025-06-21,3,Sindri,Fjölnir,11,3,1,2.5e-4
2025-06-21,3,Sindri,Fjölnir,11,12,1,2.5e-4
2025-06-21,3,Sindri,Fjölnir,12,1,1,2.5e-4
2025-06-21,3,Sindri,Fjölnir,25,25,1,2.5e-4
2025-06-21,3,Vestri,Selfoss,0,0,49,0.01225
2025-06-21,3,Vestri,Selfoss,0,1,136,0.034
2025-06-21,3,Vestri,Selfoss,0,2,239,0.05975
2025-06-21,3,Vestri,Selfoss,0,3,285,0.07125
2025-06-21,3,Vestri,Selfoss,0,4,298,0.0745
2025-06-21,3,Vestri,Selfoss,0,5,306,0.0765
2025-06-21,3,Vestri,Selfoss,0,6,186,0.0465
2025-06-21,3,Vestri,Selfoss,0,7,147,0.03675
2025-06-21,3,Vestri,Selfoss,0,8,99,0.02475
2025-06-21,3,Vestri,Selfoss,0,9,68,0.017
2025-06-21,3,Vestri,Selfoss,0,10,42,0.0105
2025-06-21,3,Vestri,Selfoss,0,11,25,0.00625
2025-06-21,3,Vestri,Selfoss,0,12,17,0.00425
2025-06-21,3,Vestri,Selfoss,0,13,8,0.002
2025-06-21,3,Vestri,Selfoss,0,14,6,0.0015
2025-06-21,3,Vestri,Selfoss,0,15,1,2.5e-4
2025-06-21,3,Vestri,Selfoss,0,16,1,2.5e-4
2025-06-21,3,Vestri,Selfoss,1,0,31,0.00775
2025-06-21,3,Vestri,Selfoss,1,1,93,0.02325
2025-06-21,3,Vestri,Selfoss,1,2,176,0.044
2025-06-21,3,Vestri,Selfoss,1,3,217,0.05425
2025-06-21,3,Vestri,Selfoss,1,4,215,0.05375
2025-06-21,3,Vestri,Selfoss,1,5,187,0.04675
2025-06-21,3,Vestri,Selfoss,1,6,137,0.03425
2025-06-21,3,Vestri,Selfoss,1,7,95,0.02375
2025-06-21,3,Vestri,Selfoss,1,8,72,0.018
2025-06-21,3,Vestri,Selfoss,1,9,53,0.01325
2025-06-21,3,Vestri,Selfoss,1,10,32,0.008
2025-06-21,3,Vestri,Selfoss,1,11,9,0.00225
2025-06-21,3,Vestri,Selfoss,1,12,10,0.0025
2025-06-21,3,Vestri,Selfoss,1,13,3,7.5e-4
2025-06-21,3,Vestri,Selfoss,1,14,1,2.5e-4
2025-06-21,3,Vestri,Selfoss,1,15,6,0.0015
2025-06-21,3,Vestri,Selfoss,1,16,2,5e-4
2025-06-21,3,Vestri,Selfoss,2,0,12,0.003
2025-06-21,3,Vestri,Selfoss,2,1,33,0.00825
2025-06-21,3,Vestri,Selfoss,2,2,77,0.01925
2025-06-21,3,Vestri,Selfoss,2,3,72,0.018
2025-06-21,3,Vestri,Selfoss,2,4,84,0.021
2025-06-21,3,Vestri,Selfoss,2,5,75,0.01875
2025-06-21,3,Vestri,Selfoss,2,6,50,0.0125
2025-06-21,3,Vestri,Selfoss,2,7,49,0.01225
2025-06-21,3,Vestri,Selfoss,2,8,24,0.006
2025-06-21,3,Vestri,Selfoss,2,9,20,0.005
2025-06-21,3,Vestri,Selfoss,2,10,15,0.00375
2025-06-21,3,Vestri,Selfoss,2,11,8,0.002
2025-06-21,3,Vestri,Selfoss,2,12,1,2.5e-4
2025-06-21,3,Vestri,Selfoss,2,13,5,0.00125
2025-06-21,3,Vestri,Selfoss,2,14,2,5e-4
2025-06-21,3,Vestri,Selfoss,3,0,5,0.00125
2025-06-21,3,Vestri,Selfoss,3,1,13,0.00325
2025-06-21,3,Vestri,Selfoss,3,2,15,0.00375
2025-06-21,3,Vestri,Selfoss,3,3,24,0.006
2025-06-21,3,Vestri,Selfoss,3,4,30,0.0075
2025-06-21,3,Vestri,Selfoss,3,5,23,0.00575
2025-06-21,3,Vestri,Selfoss,3,6,16,0.004
2025-06-21,3,Vestri,Selfoss,3,7,15,0.00375
2025-06-21,3,Vestri,Selfoss,3,8,6,0.0015
2025-06-21,3,Vestri,Selfoss,3,9,5,0.00125
2025-06-21,3,Vestri,Selfoss,3,10,5,0.00125
2025-06-21,3,Vestri,Selfoss,3,11,1,2.5e-4
2025-06-21,3,Vestri,Selfoss,3,13,2,5e-4
2025-06-21,3,Vestri,Selfoss,3,14,1,2.5e-4
2025-06-21,3,Vestri,Selfoss,3,15,1,2.5e-4
2025-06-21,3,Vestri,Selfoss,4,0,3,7.5e-4
2025-06-21,3,Vestri,Selfoss,4,1,2,5e-4
2025-06-21,3,Vestri,Selfoss,4,2,4,0.001
2025-06-21,3,Vestri,Selfoss,4,3,1,2.5e-4
2025-06-21,3,Vestri,Selfoss,4,4,7,0.00175
2025-06-21,3,Vestri,Selfoss,4,5,8,0.002
2025-06-21,3,Vestri,Selfoss,4,6,4,0.001
2025-06-21,3,Vestri,Selfoss,4,7,1,2.5e-4
2025-06-21,3,Vestri,Selfoss,4,8,1,2.5e-4
2025-06-21,3,Vestri,Selfoss,4,9,3,7.5e-4
2025-06-21,3,Vestri,Selfoss,4,10,1,2.5e-4
2025-06-21,3,Vestri,Selfoss,4,11,2,5e-4
2025-06-21,3,Vestri,Selfoss,4,14,1,2.5e-4
2025-06-21,3,Vestri,Selfoss,4,15,1,2.5e-4
2025-06-21,3,Vestri,Selfoss,4,17,1,2.5e-4
2025-06-21,3,Vestri,Selfoss,5,0,1,2.5e-4
2025-06-21,3,Vestri,Selfoss,5,1,1,2.5e-4
2025-06-21,3,Vestri,Selfoss,5,2,4,0.001
2025-06-21,3,Vestri,Selfoss,5,3,1,2.5e-4
2025-06-21,3,Vestri,Selfoss,5,4,1,2.5e-4
2025-06-21,3,Vestri,Selfoss,5,5,2,5e-4
2025-06-21,3,Vestri,Selfoss,5,6,3,7.5e-4
2025-06-21,3,Vestri,Selfoss,5,7,2,5e-4
2025-06-21,3,Vestri,Selfoss,5,8,1,2.5e-4
2025-06-21,3,Vestri,Selfoss,5,12,1,2.5e-4
2025-06-21,3,Vestri,Selfoss,6,4,1,2.5e-4
2025-06-21,3,Vestri,Selfoss,6,7,1,2.5e-4
2025-06-21,3,Völsungur,Smári,0,0,21,0.00525
2025-06-21,3,Völsungur,Smári,0,1,2,5e-4
2025-06-21,3,Völsungur,Smári,1,0,69,0.01725
2025-06-21,3,Völsungur,Smári,1,1,13,0.00325
2025-06-21,3,Völsungur,Smári,2,0,144,0.036
2025-06-21,3,Völsungur,Smári,2,1,22,0.0055
2025-06-21,3,Völsungur,Smári,2,2,3,7.5e-4
2025-06-21,3,Völsungur,Smári,3,0,242,0.0605
2025-06-21,3,Völsungur,Smári,3,1,33,0.00825
2025-06-21,3,Völsungur,Smári,3,2,5,0.00125
2025-06-21,3,Völsungur,Smári,4,0,374,0.0935
2025-06-21,3,Völsungur,Smári,4,1,64,0.016
2025-06-21,3,Völsungur,Smári,4,2,4,0.001
2025-06-21,3,Völsungur,Smári,5,0,377,0.09425
2025-06-21,3,Völsungur,Smári,5,1,72,0.018
2025-06-21,3,Völsungur,Smári,5,2,4,0.001
2025-06-21,3,Völsungur,Smári,6,0,427,0.10675
2025-06-21,3,Völsungur,Smári,6,1,102,0.0255
2025-06-21,3,Völsungur,Smári,6,2,8,0.002
2025-06-21,3,Völsungur,Smári,7,0,386,0.0965
2025-06-21,3,Völsungur,Smári,7,1,68,0.017
2025-06-21,3,Völsungur,Smári,7,2,6,0.0015
2025-06-21,3,Völsungur,Smári,7,3,2,5e-4
2025-06-21,3,Völsungur,Smári,8,0,321,0.08025
2025-06-21,3,Völsungur,Smári,8,1,65,0.01625
2025-06-21,3,Völsungur,Smári,8,2,7,0.00175
2025-06-21,3,Völsungur,Smári,9,0,283,0.07075
2025-06-21,3,Völsungur,Smári,9,1,42,0.0105
2025-06-21,3,Völsungur,Smári,9,2,5,0.00125
2025-06-21,3,Völsungur,Smári,10,0,190,0.0475
2025-06-21,3,Völsungur,Smári,10,1,40,0.01
2025-06-21,3,Völsungur,Smári,10,2,4,0.001
2025-06-21,3,Völsungur,Smári,10,3,1,2.5e-4
2025-06-21,3,Völsungur,Smári,11,0,169,0.04225
2025-06-21,3,Völsungur,Smári,11,1,27,0.00675
2025-06-21,3,Völsungur,Smári,11,2,2,5e-4
2025-06-21,3,Völsungur,Smári,12,0,93,0.02325
2025-06-21,3,Völsungur,Smári,12,1,19,0.00475
2025-06-21,3,Völsungur,Smári,13,0,76,0.019
2025-06-21,3,Völsungur,Smári,13,1,17,0.00425
2025-06-21,3,Völsungur,Smári,13,2,1,2.5e-4
2025-06-21,3,Völsungur,Smári,14,0,51,0.01275
2025-06-21,3,Völsungur,Smári,14,1,9,0.00225
2025-06-21,3,Völsungur,Smári,15,0,35,0.00875
2025-06-21,3,Völsungur,Smári,15,1,6,0.0015
2025-06-21,3,Völsungur,Smári,15,2,1,2.5e-4
2025-06-21,3,Völsungur,Smári,16,0,20,0.005
2025-06-21,3,Völsungur,Smári,16,1,5,0.00125
2025-06-21,3,Völsungur,Smári,16,2,1,2.5e-4
2025-06-21,3,Völsungur,Smári,17,0,20,0.005
2025-06-21,3,Völsungur,Smári,17,1,2,5e-4
2025-06-21,3,Völsungur,Smári,18,0,12,0.003
2025-06-21,3,Völsungur,Smári,18,1,3,7.5e-4
2025-06-21,3,Völsungur,Smári,19,0,12,0.003
2025-06-21,3,Völsungur,Smári,19,1,4,0.001
2025-06-21,3,Völsungur,Smári,20,0,3,7.5e-4
2025-06-21,3,Völsungur,Smári,20,1,1,2.5e-4
2025-06-21,3,Völsungur,Smári,21,0,1,2.5e-4
2025-06-21,3,Völsungur,Smári,24,0,3,7.5e-4
2025-06-21,3,Völsungur,Smári,26,0,1,2.5e-4
2025-06-21,3,ÍR,Einherji,0,0,212,0.053
2025-06-21,3,ÍR,Einherji,0,1,177,0.04425
2025-06-21,3,ÍR,Einherji,0,2,81,0.02025
2025-06-21,3,ÍR,Einherji,0,3,19,0.00475
2025-06-21,3,ÍR,Einherji,0,4,7,0.00175
2025-06-21,3,ÍR,Einherji,0,5,3,7.5e-4
2025-06-21,3,ÍR,Einherji,1,0,378,0.0945
2025-06-21,3,ÍR,Einherji,1,1,292,0.073
2025-06-21,3,ÍR,Einherji,1,2,136,0.034
2025-06-21,3,ÍR,Einherji,1,3,44,0.011
2025-06-21,3,ÍR,Einherji,1,4,6,0.0015
2025-06-21,3,ÍR,Einherji,1,5,3,7.5e-4
2025-06-21,3,ÍR,Einherji,2,0,400,0.1
2025-06-21,3,ÍR,Einherji,2,1,348,0.087
2025-06-21,3,ÍR,Einherji,2,2,135,0.03375
2025-06-21,3,ÍR,Einherji,2,3,43,0.01075
2025-06-21,3,ÍR,Einherji,2,4,14,0.0035
2025-06-21,3,ÍR,Einherji,2,5,3,7.5e-4
2025-06-21,3,ÍR,Einherji,3,0,345,0.08625
2025-06-21,3,ÍR,Einherji,3,1,232,0.058
2025-06-21,3,ÍR,Einherji,3,2,123,0.03075
2025-06-21,3,ÍR,Einherji,3,3,37,0.00925
2025-06-21,3,ÍR,Einherji,3,4,9,0.00225
2025-06-21,3,ÍR,Einherji,4,0,196,0.049
2025-06-21,3,ÍR,Einherji,4,1,148,0.037
2025-06-21,3,ÍR,Einherji,4,2,67,0.01675
2025-06-21,3,ÍR,Einherji,4,3,29,0.00725
2025-06-21,3,ÍR,Einherji,4,4,6,0.0015
2025-06-21,3,ÍR,Einherji,4,5,1,2.5e-4
2025-06-21,3,ÍR,Einherji,4,6,1,2.5e-4
2025-06-21,3,ÍR,Einherji,5,0,124,0.031
2025-06-21,3,ÍR,Einherji,5,1,70,0.0175
2025-06-21,3,ÍR,Einherji,5,2,28,0.007
2025-06-21,3,ÍR,Einherji,5,3,16,0.004
2025-06-21,3,ÍR,Einherji,5,4,7,0.00175
2025-06-21,3,ÍR,Einherji,5,5,2,5e-4
2025-06-21,3,ÍR,Einherji,6,0,60,0.015
2025-06-21,3,ÍR,Einherji,6,1,38,0.0095
2025-06-21,3,ÍR,Einherji,6,2,17,0.00425
2025-06-21,3,ÍR,Einherji,6,3,10,0.0025
2025-06-21,3,ÍR,Einherji,7,0,28,0.007
2025-06-21,3,ÍR,Einherji,7,1,21,0.00525
2025-06-21,3,ÍR,Einherji,7,2,9,0.00225
2025-06-21,3,ÍR,Einherji,7,3,5,0.00125
2025-06-21,3,ÍR,Einherji,8,0,12,0.003
2025-06-21,3,ÍR,Einherji,8,1,17,0.00425
2025-06-21,3,ÍR,Einherji,8,2,10,0.0025
2025-06-21,3,ÍR,Einherji,8,3,2,5e-4
2025-06-21,3,ÍR,Einherji,8,4,1,2.5e-4
2025-06-21,3,ÍR,Einherji,9,0,7,0.00175
2025-06-21,3,ÍR,Einherji,9,1,8,0.002
2025-06-21,3,ÍR,Einherji,9,2,3,7.5e-4
2025-06-21,3,ÍR,Einherji,9,3,1,2.5e-4
2025-06-21,3,ÍR,Einherji,10,1,2,5e-4
2025-06-21,3,ÍR,Einherji,10,2,1,2.5e-4
2025-06-21,3,ÍR,Einherji,10,3,1,2.5e-4
2025-06-21,3,ÍR,Einherji,11,0,3,7.5e-4
2025-06-21,3,ÍR,Einherji,12,3,1,2.5e-4
2025-06-21,3,ÍR,Einherji,14,2,1,2.5e-4
2025-06-24,2,ÍBV,Fylkir,0,0,167,0.04175
2025-06-24,2,ÍBV,Fylkir,0,1,191,0.04775
2025-06-24,2,ÍBV,Fylkir,0,2,139,0.03475
2025-06-24,2,ÍBV,Fylkir,0,3,90,0.0225
2025-06-24,2,ÍBV,Fylkir,0,4,49,0.01225
2025-06-24,2,ÍBV,Fylkir,0,5,17,0.00425
2025-06-24,2,ÍBV,Fylkir,0,6,11,0.00275
2025-06-24,2,ÍBV,Fylkir,0,7,2,5e-4
2025-06-24,2,ÍBV,Fylkir,0,8,3,7.5e-4
2025-06-24,2,ÍBV,Fylkir,0,9,1,2.5e-4
2025-06-24,2,ÍBV,Fylkir,0,10,1,2.5e-4
2025-06-24,2,ÍBV,Fylkir,1,0,214,0.0535
2025-06-24,2,ÍBV,Fylkir,1,1,325,0.08125
2025-06-24,2,ÍBV,Fylkir,1,2,269,0.06725
2025-06-24,2,ÍBV,Fylkir,1,3,126,0.0315
2025-06-24,2,ÍBV,Fylkir,1,4,73,0.01825
2025-06-24,2,ÍBV,Fylkir,1,5,38,0.0095
2025-06-24,2,ÍBV,Fylkir,1,6,16,0.004
2025-06-24,2,ÍBV,Fylkir,1,7,3,7.5e-4
2025-06-24,2,ÍBV,Fylkir,1,8,3,7.5e-4
2025-06-24,2,ÍBV,Fylkir,1,9,1,2.5e-4
2025-06-24,2,ÍBV,Fylkir,1,10,1,2.5e-4
2025-06-24,2,ÍBV,Fylkir,2,0,233,0.05825
2025-06-24,2,ÍBV,Fylkir,2,1,260,0.065
2025-06-24,2,ÍBV,Fylkir,2,2,245,0.06125
2025-06-24,2,ÍBV,Fylkir,2,3,129,0.03225
2025-06-24,2,ÍBV,Fylkir,2,4,75,0.01875
2025-06-24,2,ÍBV,Fylkir,2,5,28,0.007
2025-06-24,2,ÍBV,Fylkir,2,6,12,0.003
2025-06-24,2,ÍBV,Fylkir,2,7,11,0.00275
2025-06-24,2,ÍBV,Fylkir,2,8,4,0.001
2025-06-24,2,ÍBV,Fylkir,3,0,104,0.026
2025-06-24,2,ÍBV,Fylkir,3,1,184,0.046
2025-06-24,2,ÍBV,Fylkir,3,2,156,0.039
2025-06-24,2,ÍBV,Fylkir,3,3,105,0.02625
2025-06-24,2,ÍBV,Fylkir,3,4,50,0.0125
2025-06-24,2,ÍBV,Fylkir,3,5,38,0.0095
2025-06-24,2,ÍBV,Fylkir,3,6,9,0.00225
2025-06-24,2,ÍBV,Fylkir,3,7,4,0.001
2025-06-24,2,ÍBV,Fylkir,3,8,3,7.5e-4
2025-06-24,2,ÍBV,Fylkir,3,9,1,2.5e-4
2025-06-24,2,ÍBV,Fylkir,4,0,61,0.01525
2025-06-24,2,ÍBV,Fylkir,4,1,81,0.02025
2025-06-24,2,ÍBV,Fylkir,4,2,78,0.0195
2025-06-24,2,ÍBV,Fylkir,4,3,57,0.01425
2025-06-24,2,ÍBV,Fylkir,4,4,33,0.00825
2025-06-24,2,ÍBV,Fylkir,4,5,9,0.00225
2025-06-24,2,ÍBV,Fylkir,4,6,7,0.00175
2025-06-24,2,ÍBV,Fylkir,4,7,3,7.5e-4
2025-06-24,2,ÍBV,Fylkir,5,0,35,0.00875
2025-06-24,2,ÍBV,Fylkir,5,1,44,0.011
2025-06-24,2,ÍBV,Fylkir,5,2,31,0.00775
2025-06-24,2,ÍBV,Fylkir,5,3,22,0.0055
2025-06-24,2,ÍBV,Fylkir,5,4,14,0.0035
2025-06-24,2,ÍBV,Fylkir,5,5,5,0.00125
2025-06-24,2,ÍBV,Fylkir,5,6,2,5e-4
2025-06-24,2,ÍBV,Fylkir,5,10,1,2.5e-4
2025-06-24,2,ÍBV,Fylkir,6,0,19,0.00475
2025-06-24,2,ÍBV,Fylkir,6,1,19,0.00475
2025-06-24,2,ÍBV,Fylkir,6,2,18,0.0045
2025-06-24,2,ÍBV,Fylkir,6,3,11,0.00275
2025-06-24,2,ÍBV,Fylkir,6,4,6,0.0015
2025-06-24,2,ÍBV,Fylkir,6,5,2,5e-4
2025-06-24,2,ÍBV,Fylkir,6,6,3,7.5e-4
2025-06-24,2,ÍBV,Fylkir,7,0,7,0.00175
2025-06-24,2,ÍBV,Fylkir,7,1,4,0.001
2025-06-24,2,ÍBV,Fylkir,7,2,9,0.00225
2025-06-24,2,ÍBV,Fylkir,7,3,5,0.00125
2025-06-24,2,ÍBV,Fylkir,7,5,1,2.5e-4
2025-06-24,2,ÍBV,Fylkir,8,0,2,5e-4
2025-06-24,2,ÍBV,Fylkir,8,1,3,7.5e-4
2025-06-24,2,ÍBV,Fylkir,8,2,2,5e-4
2025-06-24,2,ÍBV,Fylkir,8,4,1,2.5e-4
2025-06-24,2,ÍBV,Fylkir,9,0,1,2.5e-4
2025-06-24,2,ÍBV,Fylkir,9,1,1,2.5e-4
2025-06-24,2,ÍBV,Fylkir,9,2,2,5e-4
2025-06-24,2,ÍBV,Fylkir,9,3,1,2.5e-4
2025-06-24,2,ÍBV,Fylkir,9,4,1,2.5e-4
2025-06-24,2,ÍBV,Fylkir,9,5,1,2.5e-4
2025-06-24,2,ÍBV,Fylkir,10,2,3,7.5e-4
2025-06-24,2,ÍBV,Fylkir,10,3,1,2.5e-4
2025-06-24,2,ÍBV,Fylkir,10,4,1,2.5e-4
2025-06-24,2,ÍBV,Fylkir,12,3,1,2.5e-4
2025-06-24,2,ÍBV,Fylkir,14,4,1,2.5e-4
2025-06-25,2,HK,Grindavík/ Njarðvík,0,0,60,0.015
2025-06-25,2,HK,Grindavík/ Njarðvík,0,1,59,0.01475
2025-06-25,2,HK,Grindavík/ Njarðvík,0,2,32,0.008
2025-06-25,2,HK,Grindavík/ Njarðvík,0,3,16,0.004
2025-06-25,2,HK,Grindavík/ Njarðvík,0,4,4,0.001
2025-06-25,2,HK,Grindavík/ Njarðvík,0,5,1,2.5e-4
2025-06-25,2,HK,Grindavík/ Njarðvík,0,6,1,2.5e-4
2025-06-25,2,HK,Grindavík/ Njarðvík,1,0,161,0.04025
2025-06-25,2,HK,Grindavík/ Njarðvík,1,1,193,0.04825
2025-06-25,2,HK,Grindavík/ Njarðvík,1,2,76,0.019
2025-06-25,2,HK,Grindavík/ Njarðvík,1,3,35,0.00875
2025-06-25,2,HK,Grindavík/ Njarðvík,1,4,7,0.00175
2025-06-25,2,HK,Grindavík/ Njarðvík,1,5,8,0.002
2025-06-25,2,HK,Grindavík/ Njarðvík,2,0,238,0.0595
2025-06-25,2,HK,Grindavík/ Njarðvík,2,1,227,0.05675
2025-06-25,2,HK,Grindavík/ Njarðvík,2,2,149,0.03725
2025-06-25,2,HK,Grindavík/ Njarðvík,2,3,54,0.0135
2025-06-25,2,HK,Grindavík/ Njarðvík,2,4,21,0.00525
2025-06-25,2,HK,Grindavík/ Njarðvík,2,5,7,0.00175
2025-06-25,2,HK,Grindavík/ Njarðvík,2,6,4,0.001
2025-06-25,2,HK,Grindavík/ Njarðvík,2,8,2,5e-4
2025-06-25,2,HK,Grindavík/ Njarðvík,3,0,246,0.0615
2025-06-25,2,HK,Grindavík/ Njarðvík,3,1,237,0.05925
2025-06-25,2,HK,Grindavík/ Njarðvík,3,2,149,0.03725
2025-06-25,2,HK,Grindavík/ Njarðvík,3,3,66,0.0165
2025-06-25,2,HK,Grindavík/ Njarðvík,3,4,34,0.0085
2025-06-25,2,HK,Grindavík/ Njarðvík,3,5,3,7.5e-4
2025-06-25,2,HK,Grindavík/ Njarðvík,3,6,1,2.5e-4
2025-06-25,2,HK,Grindavík/ Njarðvík,3,7,2,5e-4
2025-06-25,2,HK,Grindavík/ Njarðvík,4,0,233,0.05825
2025-06-25,2,HK,Grindavík/ Njarðvík,4,1,204,0.051
2025-06-25,2,HK,Grindavík/ Njarðvík,4,2,119,0.02975
2025-06-25,2,HK,Grindavík/ Njarðvík,4,3,51,0.01275
2025-06-25,2,HK,Grindavík/ Njarðvík,4,4,30,0.0075
2025-06-25,2,HK,Grindavík/ Njarðvík,4,5,2,5e-4
2025-06-25,2,HK,Grindavík/ Njarðvík,4,6,2,5e-4
2025-06-25,2,HK,Grindavík/ Njarðvík,4,7,2,5e-4
2025-06-25,2,HK,Grindavík/ Njarðvík,5,0,150,0.0375
2025-06-25,2,HK,Grindavík/ Njarðvík,5,1,168,0.042
2025-06-25,2,HK,Grindavík/ Njarðvík,5,2,88,0.022
2025-06-25,2,HK,Grindavík/ Njarðvík,5,3,35,0.00875
2025-06-25,2,HK,Grindavík/ Njarðvík,5,4,11,0.00275
2025-06-25,2,HK,Grindavík/ Njarðvík,5,5,5,0.00125
2025-06-25,2,HK,Grindavík/ Njarðvík,5,6,2,5e-4
2025-06-25,2,HK,Grindavík/ Njarðvík,6,0,128,0.032
2025-06-25,2,HK,Grindavík/ Njarðvík,6,1,104,0.026
2025-06-25,2,HK,Grindavík/ Njarðvík,6,2,55,0.01375
2025-06-25,2,HK,Grindavík/ Njarðvík,6,3,29,0.00725
2025-06-25,2,HK,Grindavík/ Njarðvík,6,4,12,0.003
2025-06-25,2,HK,Grindavík/ Njarðvík,6,5,4,0.001
2025-06-25,2,HK,Grindavík/ Njarðvík,6,6,1,2.5e-4
2025-06-25,2,HK,Grindavík/ Njarðvík,6,8,1,2.5e-4
2025-06-25,2,HK,Grindavík/ Njarðvík,7,0,67,0.01675
2025-06-25,2,HK,Grindavík/ Njarðvík,7,1,63,0.01575
2025-06-25,2,HK,Grindavík/ Njarðvík,7,2,40,0.01
2025-06-25,2,HK,Grindavík/ Njarðvík,7,3,17,0.00425
2025-06-25,2,HK,Grindavík/ Njarðvík,7,4,7,0.00175
2025-06-25,2,HK,Grindavík/ Njarðvík,7,5,1,2.5e-4
2025-06-25,2,HK,Grindavík/ Njarðvík,7,6,1,2.5e-4
2025-06-25,2,HK,Grindavík/ Njarðvík,7,7,1,2.5e-4
2025-06-25,2,HK,Grindavík/ Njarðvík,8,0,37,0.00925
2025-06-25,2,HK,Grindavík/ Njarðvík,8,1,37,0.00925
2025-06-25,2,HK,Grindavík/ Njarðvík,8,2,21,0.00525
2025-06-25,2,HK,Grindavík/ Njarðvík,8,3,13,0.00325
2025-06-25,2,HK,Grindavík/ Njarðvík,8,4,5,0.00125
2025-06-25,2,HK,Grindavík/ Njarðvík,8,5,1,2.5e-4
2025-06-25,2,HK,Grindavík/ Njarðvík,8,6,1,2.5e-4
2025-06-25,2,HK,Grindavík/ Njarðvík,9,0,24,0.006
2025-06-25,2,HK,Grindavík/ Njarðvík,9,1,26,0.0065
2025-06-25,2,HK,Grindavík/ Njarðvík,9,2,20,0.005
2025-06-25,2,HK,Grindavík/ Njarðvík,9,3,11,0.00275
2025-06-25,2,HK,Grindavík/ Njarðvík,9,4,3,7.5e-4
2025-06-25,2,HK,Grindavík/ Njarðvík,9,5,1,2.5e-4
2025-06-25,2,HK,Grindavík/ Njarðvík,10,0,5,0.00125
2025-06-25,2,HK,Grindavík/ Njarðvík,10,1,11,0.00275
2025-06-25,2,HK,Grindavík/ Njarðvík,10,2,6,0.0015
2025-06-25,2,HK,Grindavík/ Njarðvík,10,3,3,7.5e-4
2025-06-25,2,HK,Grindavík/ Njarðvík,10,4,2,5e-4
2025-06-25,2,HK,Grindavík/ Njarðvík,11,0,8,0.002
2025-06-25,2,HK,Grindavík/ Njarðvík,11,1,4,0.001
2025-06-25,2,HK,Grindavík/ Njarðvík,11,2,3,7.5e-4
2025-06-25,2,HK,Grindavík/ Njarðvík,11,3,2,5e-4
2025-06-25,2,HK,Grindavík/ Njarðvík,11,4,2,5e-4
2025-06-25,2,HK,Grindavík/ Njarðvík,11,5,1,2.5e-4
2025-06-25,2,HK,Grindavík/ Njarðvík,12,0,8,0.002
2025-06-25,2,HK,Grindavík/ Njarðvík,12,1,3,7.5e-4
2025-06-25,2,HK,Grindavík/ Njarðvík,12,2,2,5e-4
2025-06-25,2,HK,Grindavík/ Njarðvík,13,0,2,5e-4
2025-06-25,2,HK,Grindavík/ Njarðvík,13,1,2,5e-4
2025-06-25,2,HK,Grindavík/ Njarðvík,13,3,1,2.5e-4
2025-06-25,2,HK,Grindavík/ Njarðvík,14,0,2,5e-4
2025-06-25,2,HK,Grindavík/ Njarðvík,14,1,1,2.5e-4
2025-06-25,2,HK,Grindavík/ Njarðvík,15,0,3,7.5e-4
2025-06-25,2,HK,Grindavík/ Njarðvík,15,1,2,5e-4
2025-06-25,2,HK,Grindavík/ Njarðvík,18,0,1,2.5e-4
2025-06-25,2,Keflavík,Grótta,0,0,239,0.05975
2025-06-25,2,Keflavík,Grótta,0,1,189,0.04725
2025-06-25,2,Keflavík,Grótta,0,2,73,0.01825
2025-06-25,2,Keflavík,Grótta,0,3,18,0.0045
2025-06-25,2,Keflavík,Grótta,0,4,5,0.00125
2025-06-25,2,Keflavík,Grótta,0,5,1,2.5e-4
2025-06-25,2,Keflavík,Grótta,1,0,447,0.11175
2025-06-25,2,Keflavík,Grótta,1,1,296,0.074
2025-06-25,2,Keflavík,Grótta,1,2,143,0.03575
2025-06-25,2,Keflavík,Grótta,1,3,42,0.0105
2025-06-25,2,Keflavík,Grótta,1,4,8,0.002
2025-06-25,2,Keflavík,Grótta,1,5,3,7.5e-4
2025-06-25,2,Keflavík,Grótta,2,0,453,0.11325
2025-06-25,2,Keflavík,Grótta,2,1,309,0.07725
2025-06-25,2,Keflavík,Grótta,2,2,139,0.03475
2025-06-25,2,Keflavík,Grótta,2,3,35,0.00875
2025-06-25,2,Keflavík,Grótta,2,4,11,0.00275
2025-06-25,2,Keflavík,Grótta,2,5,3,7.5e-4
2025-06-25,2,Keflavík,Grótta,3,0,321,0.08025
2025-06-25,2,Keflavík,Grótta,3,1,222,0.0555
2025-06-25,2,Keflavík,Grótta,3,2,101,0.02525
2025-06-25,2,Keflavík,Grótta,3,3,36,0.009
2025-06-25,2,Keflavík,Grótta,3,4,5,0.00125
2025-06-25,2,Keflavík,Grótta,4,0,205,0.05125
2025-06-25,2,Keflavík,Grótta,4,1,145,0.03625
2025-06-25,2,Keflavík,Grótta,4,2,58,0.0145
2025-06-25,2,Keflavík,Grótta,4,3,18,0.0045
2025-06-25,2,Keflavík,Grótta,4,4,5,0.00125
2025-06-25,2,Keflavík,Grótta,4,5,2,5e-4
2025-06-25,2,Keflavík,Grótta,5,0,115,0.02875
2025-06-25,2,Keflavík,Grótta,5,1,71,0.01775
2025-06-25,2,Keflavík,Grótta,5,2,44,0.011
2025-06-25,2,Keflavík,Grótta,5,3,19,0.00475
2025-06-25,2,Keflavík,Grótta,5,4,1,2.5e-4
2025-06-25,2,Keflavík,Grótta,6,0,52,0.013
2025-06-25,2,Keflavík,Grótta,6,1,47,0.01175
2025-06-25,2,Keflavík,Grótta,6,2,11,0.00275
2025-06-25,2,Keflavík,Grótta,6,3,4,0.001
2025-06-25,2,Keflavík,Grótta,6,4,3,7.5e-4
2025-06-25,2,Keflavík,Grótta,7,0,25,0.00625
2025-06-25,2,Keflavík,Grótta,7,1,18,0.0045
2025-06-25,2,Keflavík,Grótta,7,2,10,0.0025
2025-06-25,2,Keflavík,Grótta,7,3,1,2.5e-4
2025-06-25,2,Keflavík,Grótta,8,0,14,0.0035
2025-06-25,2,Keflavík,Grótta,8,1,7,0.00175
2025-06-25,2,Keflavík,Grótta,8,2,3,7.5e-4
2025-06-25,2,Keflavík,Grótta,9,0,3,7.5e-4
2025-06-25,2,Keflavík,Grótta,9,1,7,0.00175
2025-06-25,2,Keflavík,Grótta,9,2,4,0.001
2025-06-25,2,Keflavík,Grótta,10,0,2,5e-4
2025-06-25,2,Keflavík,Grótta,10,1,2,5e-4
2025-06-25,2,Keflavík,Grótta,11,0,3,7.5e-4
2025-06-25,2,Keflavík,Grótta,11,1,1,2.5e-4
2025-06-25,2,Keflavík,Grótta,12,2,1,2.5e-4
2025-06-26,2,Afturelding,Haukar,0,0,45,0.01125
2025-06-26,2,Afturelding,Haukar,0,1,83,0.02075
2025-06-26,2,Afturelding,Haukar,0,2,114,0.0285
2025-06-26,2,Afturelding,Haukar,0,3,79,0.01975
2025-06-26,2,Afturelding,Haukar,0,4,89,0.02225
2025-06-26,2,Afturelding,Haukar,0,5,54,0.0135
2025-06-26,2,Afturelding,Haukar,0,6,37,0.00925
2025-06-26,2,Afturelding,Haukar,0,7,20,0.005
2025-06-26,2,Afturelding,Haukar,0,8,14,0.0035
2025-06-26,2,Afturelding,Haukar,0,9,2,5e-4
2025-06-26,2,Afturelding,Haukar,0,11,1,2.5e-4
2025-06-26,2,Afturelding,Haukar,0,12,3,7.5e-4
2025-06-26,2,Afturelding,Haukar,0,13,1,2.5e-4
2025-06-26,2,Afturelding,Haukar,1,0,50,0.0125
2025-06-26,2,Afturelding,Haukar,1,1,160,0.04
2025-06-26,2,Afturelding,Haukar,1,2,184,0.046
2025-06-26,2,Afturelding,Haukar,1,3,191,0.04775
2025-06-26,2,Afturelding,Haukar,1,4,147,0.03675
2025-06-26,2,Afturelding,Haukar,1,5,119,0.02975
2025-06-26,2,Afturelding,Haukar,1,6,71,0.01775
2025-06-26,2,Afturelding,Haukar,1,7,32,0.008
2025-06-26,2,Afturelding,Haukar,1,8,19,0.00475
2025-06-26,2,Afturelding,Haukar,1,9,14,0.0035
2025-06-26,2,Afturelding,Haukar,1,10,5,0.00125
2025-06-26,2,Afturelding,Haukar,1,11,1,2.5e-4
2025-06-26,2,Afturelding,Haukar,2,0,49,0.01225
2025-06-26,2,Afturelding,Haukar,2,1,149,0.03725
2025-06-26,2,Afturelding,Haukar,2,2,197,0.04925
2025-06-26,2,Afturelding,Haukar,2,3,184,0.046
2025-06-26,2,Afturelding,Haukar,2,4,146,0.0365
2025-06-26,2,Afturelding,Haukar,2,5,96,0.024
2025-06-26,2,Afturelding,Haukar,2,6,81,0.02025
2025-06-26,2,Afturelding,Haukar,2,7,29,0.00725
2025-06-26,2,Afturelding,Haukar,2,8,23,0.00575
2025-06-26,2,Afturelding,Haukar,2,9,10,0.0025
2025-06-26,2,Afturelding,Haukar,2,10,7,0.00175
2025-06-26,2,Afturelding,Haukar,2,11,2,5e-4
2025-06-26,2,Afturelding,Haukar,2,12,1,2.5e-4
2025-06-26,2,Afturelding,Haukar,2,13,1,2.5e-4
2025-06-26,2,Afturelding,Haukar,3,0,35,0.00875
2025-06-26,2,Afturelding,Haukar,3,1,89,0.02225
2025-06-26,2,Afturelding,Haukar,3,2,126,0.0315
2025-06-26,2,Afturelding,Haukar,3,3,152,0.038
2025-06-26,2,Afturelding,Haukar,3,4,127,0.03175
2025-06-26,2,Afturelding,Haukar,3,5,80,0.02
2025-06-26,2,Afturelding,Haukar,3,6,42,0.0105
2025-06-26,2,Afturelding,Haukar,3,7,33,0.00825
2025-06-26,2,Afturelding,Haukar,3,8,14,0.0035
2025-06-26,2,Afturelding,Haukar,3,9,4,0.001
2025-06-26,2,Afturelding,Haukar,3,10,2,5e-4
2025-06-26,2,Afturelding,Haukar,3,11,3,7.5e-4
2025-06-26,2,Afturelding,Haukar,3,14,1,2.5e-4
2025-06-26,2,Afturelding,Haukar,4,0,19,0.00475
2025-06-26,2,Afturelding,Haukar,4,1,57,0.01425
2025-06-26,2,Afturelding,Haukar,4,2,70,0.0175
2025-06-26,2,Afturelding,Haukar,4,3,70,0.0175
2025-06-26,2,Afturelding,Haukar,4,4,70,0.0175
2025-06-26,2,Afturelding,Haukar,4,5,49,0.01225
2025-06-26,2,Afturelding,Haukar,4,6,29,0.00725
2025-06-26,2,Afturelding,Haukar,4,7,25,0.00625
2025-06-26,2,Afturelding,Haukar,4,8,6,0.0015
2025-06-26,2,Afturelding,Haukar,4,9,5,0.00125
2025-06-26,2,Afturelding,Haukar,4,10,2,5e-4
2025-06-26,2,Afturelding,Haukar,4,12,1,2.5e-4
2025-06-26,2,Afturelding,Haukar,5,0,9,0.00225
2025-06-26,2,Afturelding,Haukar,5,1,22,0.0055
2025-06-26,2,Afturelding,Haukar,5,2,37,0.00925
2025-06-26,2,Afturelding,Haukar,5,3,51,0.01275
2025-06-26,2,Afturelding,Haukar,5,4,21,0.00525
2025-06-26,2,Afturelding,Haukar,5,5,24,0.006
2025-06-26,2,Afturelding,Haukar,5,6,16,0.004
2025-06-26,2,Afturelding,Haukar,5,7,13,0.00325
2025-06-26,2,Afturelding,Haukar,5,8,3,7.5e-4
2025-06-26,2,Afturelding,Haukar,5,10,2,5e-4
2025-06-26,2,Afturelding,Haukar,6,0,5,0.00125
2025-06-26,2,Afturelding,Haukar,6,1,11,0.00275
2025-06-26,2,Afturelding,Haukar,6,2,16,0.004
2025-06-26,2,Afturelding,Haukar,6,3,23,0.00575
2025-06-26,2,Afturelding,Haukar,6,4,24,0.006
2025-06-26,2,Afturelding,Haukar,6,5,14,0.0035
2025-06-26,2,Afturelding,Haukar,6,6,6,0.0015
2025-06-26,2,Afturelding,Haukar,6,7,5,0.00125
2025-06-26,2,Afturelding,Haukar,6,8,2,5e-4
2025-06-26,2,Afturelding,Haukar,6,9,1,2.5e-4
2025-06-26,2,Afturelding,Haukar,6,10,2,5e-4
2025-06-26,2,Afturelding,Haukar,7,0,4,0.001
2025-06-26,2,Afturelding,Haukar,7,1,8,0.002
2025-06-26,2,Afturelding,Haukar,7,2,7,0.00175
2025-06-26,2,Afturelding,Haukar,7,3,5,0.00125
2025-06-26,2,Afturelding,Haukar,7,4,7,0.00175
2025-06-26,2,Afturelding,Haukar,7,5,7,0.00175
2025-06-26,2,Afturelding,Haukar,7,6,4,0.001
2025-06-26,2,Afturelding,Haukar,7,7,1,2.5e-4
2025-06-26,2,Afturelding,Haukar,7,8,2,5e-4
2025-06-26,2,Afturelding,Haukar,7,9,2,5e-4
2025-06-26,2,Afturelding,Haukar,8,0,2,5e-4
2025-06-26,2,Afturelding,Haukar,8,1,2,5e-4
2025-06-26,2,Afturelding,Haukar,8,2,3,7.5e-4
2025-06-26,2,Afturelding,Haukar,8,3,4,0.001
2025-06-26,2,Afturelding,Haukar,8,4,1,2.5e-4
2025-06-26,2,Afturelding,Haukar,8,6,2,5e-4
2025-06-26,2,Afturelding,Haukar,9,1,3,7.5e-4
2025-06-26,2,Afturelding,Haukar,9,2,1,2.5e-4
2025-06-26,2,Afturelding,Haukar,9,4,1,2.5e-4
2025-06-26,2,Afturelding,Haukar,9,5,2,5e-4
2025-06-26,2,Afturelding,Haukar,9,6,1,2.5e-4
2025-06-26,2,Afturelding,Haukar,9,7,1,2.5e-4
2025-06-26,2,Afturelding,Haukar,10,4,1,2.5e-4
2025-06-26,2,Afturelding,Haukar,19,19,1,2.5e-4
2025-06-26,2,KR,ÍA,0,0,58,0.0145
2025-06-26,2,KR,ÍA,0,1,108,0.027
2025-06-26,2,KR,ÍA,0,2,128,0.032
2025-06-26,2,KR,ÍA,0,3,99,0.02475
2025-06-26,2,KR,ÍA,0,4,74,0.0185
2025-06-26,2,KR,ÍA,0,5,47,0.01175
2025-06-26,2,KR,ÍA,0,6,31,0.00775
2025-06-26,2,KR,ÍA,0,7,12,0.003
2025-06-26,2,KR,ÍA,0,8,5,0.00125
2025-06-26,2,KR,ÍA,0,9,3,7.5e-4
2025-06-26,2,KR,ÍA,0,13,1,2.5e-4
2025-06-26,2,KR,ÍA,1,0,87,0.02175
2025-06-26,2,KR,ÍA,1,1,171,0.04275
2025-06-26,2,KR,ÍA,1,2,222,0.0555
2025-06-26,2,KR,ÍA,1,3,182,0.0455
2025-06-26,2,KR,ÍA,1,4,152,0.038
2025-06-26,2,KR,ÍA,1,5,106,0.0265
2025-06-26,2,KR,ÍA,1,6,43,0.01075
2025-06-26,2,KR,ÍA,1,7,19,0.00475
2025-06-26,2,KR,ÍA,1,8,12,0.003
2025-06-26,2,KR,ÍA,1,9,8,0.002
2025-06-26,2,KR,ÍA,1,10,1,2.5e-4
2025-06-26,2,KR,ÍA,1,14,1,2.5e-4
2025-06-26,2,KR,ÍA,2,0,73,0.01825
2025-06-26,2,KR,ÍA,2,1,182,0.0455
2025-06-26,2,KR,ÍA,2,2,217,0.05425
2025-06-26,2,KR,ÍA,2,3,193,0.04825
2025-06-26,2,KR,ÍA,2,4,133,0.03325
2025-06-26,2,KR,ÍA,2,5,79,0.01975
2025-06-26,2,KR,ÍA,2,6,47,0.01175
2025-06-26,2,KR,ÍA,2,7,28,0.007
2025-06-26,2,KR,ÍA,2,8,10,0.0025
2025-06-26,2,KR,ÍA,2,9,3,7.5e-4
2025-06-26,2,KR,ÍA,2,10,3,7.5e-4
2025-06-26,2,KR,ÍA,2,11,3,7.5e-4
2025-06-26,2,KR,ÍA,3,0,65,0.01625
2025-06-26,2,KR,ÍA,3,1,108,0.027
2025-06-26,2,KR,ÍA,3,2,140,0.035
2025-06-26,2,KR,ÍA,3,3,141,0.03525
2025-06-26,2,KR,ÍA,3,4,101,0.02525
2025-06-26,2,KR,ÍA,3,5,62,0.0155
2025-06-26,2,KR,ÍA,3,6,37,0.00925
2025-06-26,2,KR,ÍA,3,7,8,0.002
2025-06-26,2,KR,ÍA,3,8,7,0.00175
2025-06-26,2,KR,ÍA,3,9,2,5e-4
2025-06-26,2,KR,ÍA,3,10,2,5e-4
2025-06-26,2,KR,ÍA,3,11,1,2.5e-4
2025-06-26,2,KR,ÍA,3,13,1,2.5e-4
2025-06-26,2,KR,ÍA,4,0,25,0.00625
2025-06-26,2,KR,ÍA,4,1,60,0.015
2025-06-26,2,KR,ÍA,4,2,92,0.023
2025-06-26,2,KR,ÍA,4,3,68,0.017
2025-06-26,2,KR,ÍA,4,4,58,0.0145
2025-06-26,2,KR,ÍA,4,5,32,0.008
2025-06-26,2,KR,ÍA,4,6,22,0.0055
2025-06-26,2,KR,ÍA,4,7,12,0.003
2025-06-26,2,KR,ÍA,4,8,2,5e-4
2025-06-26,2,KR,ÍA,4,9,5,0.00125
2025-06-26,2,KR,ÍA,4,10,1,2.5e-4
2025-06-26,2,KR,ÍA,4,11,2,5e-4
2025-06-26,2,KR,ÍA,5,0,11,0.00275
2025-06-26,2,KR,ÍA,5,1,44,0.011
2025-06-26,2,KR,ÍA,5,2,34,0.0085
2025-06-26,2,KR,ÍA,5,3,52,0.013
2025-06-26,2,KR,ÍA,5,4,33,0.00825
2025-06-26,2,KR,ÍA,5,5,29,0.00725
2025-06-26,2,KR,ÍA,5,6,13,0.00325
2025-06-26,2,KR,ÍA,5,7,5,0.00125
2025-06-26,2,KR,ÍA,5,8,2,5e-4
2025-06-26,2,KR,ÍA,5,9,1,2.5e-4
2025-06-26,2,KR,ÍA,6,0,7,0.00175
2025-06-26,2,KR,ÍA,6,1,12,0.003
2025-06-26,2,KR,ÍA,6,2,23,0.00575
2025-06-26,2,KR,ÍA,6,3,13,0.00325
2025-06-26,2,KR,ÍA,6,4,22,0.0055
2025-06-26,2,KR,ÍA,6,5,9,0.00225
2025-06-26,2,KR,ÍA,6,6,7,0.00175
2025-06-26,2,KR,ÍA,6,7,2,5e-4
2025-06-26,2,KR,ÍA,6,8,3,7.5e-4
2025-06-26,2,KR,ÍA,7,0,6,0.0015
2025-06-26,2,KR,ÍA,7,1,5,0.00125
2025-06-26,2,KR,ÍA,7,2,14,0.0035
2025-06-26,2,KR,ÍA,7,3,7,0.00175
2025-06-26,2,KR,ÍA,7,4,5,0.00125
2025-06-26,2,KR,ÍA,7,5,3,7.5e-4
2025-06-26,2,KR,ÍA,7,6,3,7.5e-4
2025-06-26,2,KR,ÍA,7,7,4,0.001
2025-06-26,2,KR,ÍA,7,8,2,5e-4
2025-06-26,2,KR,ÍA,7,9,1,2.5e-4
2025-06-26,2,KR,ÍA,7,10,1,2.5e-4
2025-06-26,2,KR,ÍA,8,0,1,2.5e-4
2025-06-26,2,KR,ÍA,8,1,3,7.5e-4
2025-06-26,2,KR,ÍA,8,2,2,5e-4
2025-06-26,2,KR,ÍA,8,3,5,0.00125
2025-06-26,2,KR,ÍA,8,4,3,7.5e-4
2025-06-26,2,KR,ÍA,8,5,4,0.001
2025-06-26,2,KR,ÍA,8,6,1,2.5e-4
2025-06-26,2,KR,ÍA,9,1,3,7.5e-4
2025-06-26,2,KR,ÍA,9,3,1,2.5e-4
2025-06-26,2,KR,ÍA,9,4,1,2.5e-4
2025-06-26,2,KR,ÍA,9,5,1,2.5e-4
2025-06-26,2,KR,ÍA,10,2,1,2.5e-4
2025-06-26,2,KR,ÍA,10,5,1,2.5e-4
2025-06-26,2,KR,ÍA,10,10,1,2.5e-4
2025-06-26,2,KR,ÍA,11,2,1,2.5e-4
2025-06-26,2,KR,ÍA,11,3,1,2.5e-4
2025-06-26,2,KR,ÍA,11,4,1,2.5e-4
2025-06-26,2,KR,ÍA,13,1,1,2.5e-4
2025-06-26,3,Selfoss,Smári,0,0,9,0.00225
2025-06-26,3,Selfoss,Smári,0,1,1,2.5e-4
2025-06-26,3,Selfoss,Smári,0,2,1,2.5e-4
2025-06-26,3,Selfoss,Smári,1,0,34,0.0085
2025-06-26,3,Selfoss,Smári,1,1,2,5e-4
2025-06-26,3,Selfoss,Smári,1,2,1,2.5e-4
2025-06-26,3,Selfoss,Smári,2,0,85,0.02125
2025-06-26,3,Selfoss,Smári,2,1,18,0.0045
2025-06-26,3,Selfoss,Smári,2,2,3,7.5e-4
2025-06-26,3,Selfoss,Smári,3,0,173,0.04325
2025-06-26,3,Selfoss,Smári,3,1,25,0.00625
2025-06-26,3,Selfoss,Smári,3,2,3,7.5e-4
2025-06-26,3,Selfoss,Smári,3,3,2,5e-4
2025-06-26,3,Selfoss,Smári,4,0,229,0.05725
2025-06-26,3,Selfoss,Smári,4,1,43,0.01075
2025-06-26,3,Selfoss,Smári,4,2,6,0.0015
2025-06-26,3,Selfoss,Smári,4,3,1,2.5e-4
2025-06-26,3,Selfoss,Smári,5,0,319,0.07975
2025-06-26,3,Selfoss,Smári,5,1,54,0.0135
2025-06-26,3,Selfoss,Smári,5,2,7,0.00175
2025-06-26,3,Selfoss,Smári,6,0,370,0.0925
2025-06-26,3,Selfoss,Smári,6,1,64,0.016
2025-06-26,3,Selfoss,Smári,6,2,1,2.5e-4
2025-06-26,3,Selfoss,Smári,7,0,366,0.0915
2025-06-26,3,Selfoss,Smári,7,1,43,0.01075
2025-06-26,3,Selfoss,Smári,7,2,7,0.00175
2025-06-26,3,Selfoss,Smári,8,0,334,0.0835
2025-06-26,3,Selfoss,Smári,8,1,46,0.0115
2025-06-26,3,Selfoss,Smári,8,2,5,0.00125
2025-06-26,3,Selfoss,Smári,8,3,1,2.5e-4
2025-06-26,3,Selfoss,Smári,9,0,333,0.08325
2025-06-26,3,Selfoss,Smári,9,1,35,0.00875
2025-06-26,3,Selfoss,Smári,9,2,5,0.00125
2025-06-26,3,Selfoss,Smári,10,0,292,0.073
2025-06-26,3,Selfoss,Smári,10,1,40,0.01
2025-06-26,3,Selfoss,Smári,10,2,5,0.00125
2025-06-26,3,Selfoss,Smári,11,0,230,0.0575
2025-06-26,3,Selfoss,Smári,11,1,31,0.00775
2025-06-26,3,Selfoss,Smári,11,2,7,0.00175
2025-06-26,3,Selfoss,Smári,12,0,182,0.0455
2025-06-26,3,Selfoss,Smári,12,1,35,0.00875
2025-06-26,3,Selfoss,Smári,12,2,2,5e-4
2025-06-26,3,Selfoss,Smári,13,0,140,0.035
2025-06-26,3,Selfoss,Smári,13,1,17,0.00425
2025-06-26,3,Selfoss,Smári,13,2,4,0.001
2025-06-26,3,Selfoss,Smári,14,0,110,0.0275
2025-06-26,3,Selfoss,Smári,14,1,15,0.00375
2025-06-26,3,Selfoss,Smári,14,2,2,5e-4
2025-06-26,3,Selfoss,Smári,15,0,80,0.02
2025-06-26,3,Selfoss,Smári,15,1,8,0.002
2025-06-26,3,Selfoss,Smári,15,2,1,2.5e-4
2025-06-26,3,Selfoss,Smári,16,0,44,0.011
2025-06-26,3,Selfoss,Smári,16,1,8,0.002
2025-06-26,3,Selfoss,Smári,16,2,1,2.5e-4
2025-06-26,3,Selfoss,Smári,17,0,42,0.0105
2025-06-26,3,Selfoss,Smári,17,1,5,0.00125
2025-06-26,3,Selfoss,Smári,17,2,1,2.5e-4
2025-06-26,3,Selfoss,Smári,18,0,15,0.00375
2025-06-26,3,Selfoss,Smári,18,1,1,2.5e-4
2025-06-26,3,Selfoss,Smári,18,2,1,2.5e-4
2025-06-26,3,Selfoss,Smári,19,0,12,0.003
2025-06-26,3,Selfoss,Smári,20,0,11,0.00275
2025-06-26,3,Selfoss,Smári,20,1,1,2.5e-4
2025-06-26,3,Selfoss,Smári,21,0,5,0.00125
2025-06-26,3,Selfoss,Smári,21,1,1,2.5e-4
2025-06-26,3,Selfoss,Smári,22,0,3,7.5e-4
2025-06-26,3,Selfoss,Smári,22,1,2,5e-4
2025-06-26,3,Selfoss,Smári,23,0,6,0.0015
2025-06-26,3,Selfoss,Smári,24,0,4,0.001
2025-06-26,3,Selfoss,Smári,26,0,3,7.5e-4
2025-06-26,3,Selfoss,Smári,26,1,1,2.5e-4
2025-06-26,3,Selfoss,Smári,27,0,1,2.5e-4
2025-06-26,3,Selfoss,Smári,28,0,1,2.5e-4
2025-06-26,3,Selfoss,Smári,29,1,1,2.5e-4
2025-06-26,3,Selfoss,Smári,30,0,1,2.5e-4
2025-06-26,3,Selfoss,Smári,31,0,1,2.5e-4
2025-06-26,3,Selfoss,Smári,31,1,1,2.5e-4
2025-06-28,3,Fjölnir,Vestri,0,0,44,0.011
2025-06-28,3,Fjölnir,Vestri,0,1,29,0.00725
2025-06-28,3,Fjölnir,Vestri,0,2,5,0.00125
2025-06-28,3,Fjölnir,Vestri,0,3,2,5e-4
2025-06-28,3,Fjölnir,Vestri,1,0,139,0.03475
2025-06-28,3,Fjölnir,Vestri,1,1,71,0.01775
2025-06-28,3,Fjölnir,Vestri,1,2,23,0.00575
2025-06-28,3,Fjölnir,Vestri,1,3,5,0.00125
2025-06-28,3,Fjölnir,Vestri,1,4,1,2.5e-4
2025-06-28,3,Fjölnir,Vestri,2,0,240,0.06
2025-06-28,3,Fjölnir,Vestri,2,1,112,0.028
2025-06-28,3,Fjölnir,Vestri,2,2,37,0.00925
2025-06-28,3,Fjölnir,Vestri,2,3,9,0.00225
2025-06-28,3,Fjölnir,Vestri,2,4,3,7.5e-4
2025-06-28,3,Fjölnir,Vestri,3,0,330,0.0825
2025-06-28,3,Fjölnir,Vestri,3,1,176,0.044
2025-06-28,3,Fjölnir,Vestri,3,2,48,0.012
2025-06-28,3,Fjölnir,Vestri,3,3,13,0.00325
2025-06-28,3,Fjölnir,Vestri,3,4,2,5e-4
2025-06-28,3,Fjölnir,Vestri,3,5,1,2.5e-4
2025-06-28,3,Fjölnir,Vestri,3,6,1,2.5e-4
2025-06-28,3,Fjölnir,Vestri,4,0,346,0.0865
2025-06-28,3,Fjölnir,Vestri,4,1,168,0.042
2025-06-28,3,Fjölnir,Vestri,4,2,65,0.01625
2025-06-28,3,Fjölnir,Vestri,4,3,13,0.00325
2025-06-28,3,Fjölnir,Vestri,4,4,3,7.5e-4
2025-06-28,3,Fjölnir,Vestri,4,5,2,5e-4
2025-06-28,3,Fjölnir,Vestri,5,0,330,0.0825
2025-06-28,3,Fjölnir,Vestri,5,1,160,0.04
2025-06-28,3,Fjölnir,Vestri,5,2,45,0.01125
2025-06-28,3,Fjölnir,Vestri,5,3,8,0.002
2025-06-28,3,Fjölnir,Vestri,5,4,2,5e-4
2025-06-28,3,Fjölnir,Vestri,6,0,278,0.0695
2025-06-28,3,Fjölnir,Vestri,6,1,156,0.039
2025-06-28,3,Fjölnir,Vestri,6,2,38,0.0095
2025-06-28,3,Fjölnir,Vestri,6,3,11,0.00275
2025-06-28,3,Fjölnir,Vestri,6,4,2,5e-4
2025-06-28,3,Fjölnir,Vestri,7,0,192,0.048
2025-06-28,3,Fjölnir,Vestri,7,1,129,0.03225
2025-06-28,3,Fjölnir,Vestri,7,2,26,0.0065
2025-06-28,3,Fjölnir,Vestri,7,3,10,0.0025
2025-06-28,3,Fjölnir,Vestri,7,4,4,0.001
2025-06-28,3,Fjölnir,Vestri,7,5,2,5e-4
2025-06-28,3,Fjölnir,Vestri,8,0,146,0.0365
2025-06-28,3,Fjölnir,Vestri,8,1,80,0.02
2025-06-28,3,Fjölnir,Vestri,8,2,27,0.00675
2025-06-28,3,Fjölnir,Vestri,8,3,4,0.001
2025-06-28,3,Fjölnir,Vestri,8,4,2,5e-4
2025-06-28,3,Fjölnir,Vestri,9,0,87,0.02175
2025-06-28,3,Fjölnir,Vestri,9,1,65,0.01625
2025-06-28,3,Fjölnir,Vestri,9,2,9,0.00225
2025-06-28,3,Fjölnir,Vestri,9,3,4,0.001
2025-06-28,3,Fjölnir,Vestri,10,0,52,0.013
2025-06-28,3,Fjölnir,Vestri,10,1,36,0.009
2025-06-28,3,Fjölnir,Vestri,10,2,12,0.003
2025-06-28,3,Fjölnir,Vestri,10,3,2,5e-4
2025-06-28,3,Fjölnir,Vestri,10,5,1,2.5e-4
2025-06-28,3,Fjölnir,Vestri,11,0,40,0.01
2025-06-28,3,Fjölnir,Vestri,11,1,19,0.00475
2025-06-28,3,Fjölnir,Vestri,11,2,8,0.002
2025-06-28,3,Fjölnir,Vestri,11,3,3,7.5e-4
2025-06-28,3,Fjölnir,Vestri,12,0,28,0.007
2025-06-28,3,Fjölnir,Vestri,12,1,8,0.002
2025-06-28,3,Fjölnir,Vestri,12,2,6,0.0015
2025-06-28,3,Fjölnir,Vestri,12,3,1,2.5e-4
2025-06-28,3,Fjölnir,Vestri,13,0,21,0.00525
2025-06-28,3,Fjölnir,Vestri,13,1,7,0.00175
2025-06-28,3,Fjölnir,Vestri,13,2,6,0.0015
2025-06-28,3,Fjölnir,Vestri,13,3,1,2.5e-4
2025-06-28,3,Fjölnir,Vestri,14,0,9,0.00225
2025-06-28,3,Fjölnir,Vestri,14,1,6,0.0015
2025-06-28,3,Fjölnir,Vestri,15,0,9,0.00225
2025-06-28,3,Fjölnir,Vestri,15,1,4,0.001
2025-06-28,3,Fjölnir,Vestri,15,2,1,2.5e-4
2025-06-28,3,Fjölnir,Vestri,16,0,5,0.00125
2025-06-28,3,Fjölnir,Vestri,16,1,2,5e-4
2025-06-28,3,Fjölnir,Vestri,16,2,1,2.5e-4
2025-06-28,3,Fjölnir,Vestri,17,0,1,2.5e-4
2025-06-28,3,Fjölnir,Vestri,17,1,2,5e-4
2025-06-28,3,Fjölnir,Vestri,18,1,2,5e-4
2025-06-28,3,Fjölnir,Vestri,18,2,1,2.5e-4
2025-06-28,3,Fjölnir,Vestri,19,0,1,2.5e-4
2025-06-28,3,KÞ,Dalvík/Reynir,0,0,855,0.21375
2025-06-28,3,KÞ,Dalvík/Reynir,0,1,237,0.05925
2025-06-28,3,KÞ,Dalvík/Reynir,0,2,88,0.022
2025-06-28,3,KÞ,Dalvík/Reynir,0,3,25,0.00625
2025-06-28,3,KÞ,Dalvík/Reynir,0,4,5,0.00125
2025-06-28,3,KÞ,Dalvík/Reynir,0,5,1,2.5e-4
2025-06-28,3,KÞ,Dalvík/Reynir,0,7,1,2.5e-4
2025-06-28,3,KÞ,Dalvík/Reynir,1,0,800,0.2
2025-06-28,3,KÞ,Dalvík/Reynir,1,1,288,0.072
2025-06-28,3,KÞ,Dalvík/Reynir,1,2,86,0.0215
2025-06-28,3,KÞ,Dalvík/Reynir,1,3,34,0.0085
2025-06-28,3,KÞ,Dalvík/Reynir,1,4,12,0.003
2025-06-28,3,KÞ,Dalvík/Reynir,1,6,1,2.5e-4
2025-06-28,3,KÞ,Dalvík/Reynir,1,7,1,2.5e-4
2025-06-28,3,KÞ,Dalvík/Reynir,2,0,498,0.1245
2025-06-28,3,KÞ,Dalvík/Reynir,2,1,193,0.04825
2025-06-28,3,KÞ,Dalvík/Reynir,2,2,50,0.0125
2025-06-28,3,KÞ,Dalvík/Reynir,2,3,15,0.00375
2025-06-28,3,KÞ,Dalvík/Reynir,2,4,6,0.0015
2025-06-28,3,KÞ,Dalvík/Reynir,2,5,1,2.5e-4
2025-06-28,3,KÞ,Dalvík/Reynir,3,0,264,0.066
2025-06-28,3,KÞ,Dalvík/Reynir,3,1,116,0.029
2025-06-28,3,KÞ,Dalvík/Reynir,3,2,30,0.0075
2025-06-28,3,KÞ,Dalvík/Reynir,3,3,14,0.0035
2025-06-28,3,KÞ,Dalvík/Reynir,3,4,4,0.001
2025-06-28,3,KÞ,Dalvík/Reynir,3,5,1,2.5e-4
2025-06-28,3,KÞ,Dalvík/Reynir,3,6,1,2.5e-4
2025-06-28,3,KÞ,Dalvík/Reynir,4,0,145,0.03625
2025-06-28,3,KÞ,Dalvík/Reynir,4,1,46,0.0115
2025-06-28,3,KÞ,Dalvík/Reynir,4,2,15,0.00375
2025-06-28,3,KÞ,Dalvík/Reynir,4,3,8,0.002
2025-06-28,3,KÞ,Dalvík/Reynir,4,4,2,5e-4
2025-06-28,3,KÞ,Dalvík/Reynir,4,5,1,2.5e-4
2025-06-28,3,KÞ,Dalvík/Reynir,5,0,61,0.01525
2025-06-28,3,KÞ,Dalvík/Reynir,5,1,29,0.00725
2025-06-28,3,KÞ,Dalvík/Reynir,5,2,7,0.00175
2025-06-28,3,KÞ,Dalvík/Reynir,5,3,1,2.5e-4
2025-06-28,3,KÞ,Dalvík/Reynir,6,0,22,0.0055
2025-06-28,3,KÞ,Dalvík/Reynir,6,1,13,0.00325
2025-06-28,3,KÞ,Dalvík/Reynir,6,2,1,2.5e-4
2025-06-28,3,KÞ,Dalvík/Reynir,6,3,1,2.5e-4
2025-06-28,3,KÞ,Dalvík/Reynir,7,0,10,0.0025
2025-06-28,3,KÞ,Dalvík/Reynir,7,1,3,7.5e-4
2025-06-28,3,KÞ,Dalvík/Reynir,8,0,4,0.001
2025-06-28,3,KÞ,Dalvík/Reynir,8,1,3,7.5e-4
2025-06-28,3,KÞ,Dalvík/Reynir,11,0,1,2.5e-4
2025-06-28,3,Sindri,ÍR,0,0,55,0.01375
2025-06-28,3,Sindri,ÍR,0,1,79,0.01975
2025-06-28,3,Sindri,ÍR,0,2,128,0.032
2025-06-28,3,Sindri,ÍR,0,3,150,0.0375
2025-06-28,3,Sindri,ÍR,0,4,130,0.0325
2025-06-28,3,Sindri,ÍR,0,5,89,0.02225
2025-06-28,3,Sindri,ÍR,0,6,78,0.0195
2025-06-28,3,Sindri,ÍR,0,7,53,0.01325
2025-06-28,3,Sindri,ÍR,0,8,43,0.01075
2025-06-28,3,Sindri,ÍR,0,9,13,0.00325
2025-06-28,3,Sindri,ÍR,0,10,12,0.003
2025-06-28,3,Sindri,ÍR,0,11,7,0.00175
2025-06-28,3,Sindri,ÍR,0,12,4,0.001
2025-06-28,3,Sindri,ÍR,0,13,1,2.5e-4
2025-06-28,3,Sindri,ÍR,0,14,2,5e-4
2025-06-28,3,Sindri,ÍR,0,16,1,2.5e-4
2025-06-28,3,Sindri,ÍR,0,17,1,2.5e-4
2025-06-28,3,Sindri,ÍR,1,0,39,0.00975
2025-06-28,3,Sindri,ÍR,1,1,135,0.03375
2025-06-28,3,Sindri,ÍR,1,2,172,0.043
2025-06-28,3,Sindri,ÍR,1,3,203,0.05075
2025-06-28,3,Sindri,ÍR,1,4,172,0.043
2025-06-28,3,Sindri,ÍR,1,5,153,0.03825
2025-06-28,3,Sindri,ÍR,1,6,112,0.028
2025-06-28,3,Sindri,ÍR,1,7,79,0.01975
2025-06-28,3,Sindri,ÍR,1,8,38,0.0095
2025-06-28,3,Sindri,ÍR,1,9,25,0.00625
2025-06-28,3,Sindri,ÍR,1,10,17,0.00425
2025-06-28,3,Sindri,ÍR,1,11,11,0.00275
2025-06-28,3,Sindri,ÍR,1,12,7,0.00175
2025-06-28,3,Sindri,ÍR,1,13,3,7.5e-4
2025-06-28,3,Sindri,ÍR,1,14,3,7.5e-4
2025-06-28,3,Sindri,ÍR,1,15,1,2.5e-4
2025-06-28,3,Sindri,ÍR,1,17,1,2.5e-4
2025-06-28,3,Sindri,ÍR,1,19,1,2.5e-4
2025-06-28,3,Sindri,ÍR,2,0,41,0.01025
2025-06-28,3,Sindri,ÍR,2,1,94,0.0235
2025-06-28,3,Sindri,ÍR,2,2,125,0.03125
2025-06-28,3,Sindri,ÍR,2,3,173,0.04325
2025-06-28,3,Sindri,ÍR,2,4,133,0.03325
2025-06-28,3,Sindri,ÍR,2,5,119,0.02975
2025-06-28,3,Sindri,ÍR,2,6,89,0.02225
2025-06-28,3,Sindri,ÍR,2,7,73,0.01825
2025-06-28,3,Sindri,ÍR,2,8,44,0.011
2025-06-28,3,Sindri,ÍR,2,9,19,0.00475
2025-06-28,3,Sindri,ÍR,2,10,12,0.003
2025-06-28,3,Sindri,ÍR,2,11,11,0.00275
2025-06-28,3,Sindri,ÍR,2,12,1,2.5e-4
2025-06-28,3,Sindri,ÍR,2,13,4,0.001
2025-06-28,3,Sindri,ÍR,2,14,2,5e-4
2025-06-28,3,Sindri,ÍR,2,15,1,2.5e-4
2025-06-28,3,Sindri,ÍR,3,0,23,0.00575
2025-06-28,3,Sindri,ÍR,3,1,59,0.01475
2025-06-28,3,Sindri,ÍR,3,2,76,0.019
2025-06-28,3,Sindri,ÍR,3,3,99,0.02475
2025-06-28,3,Sindri,ÍR,3,4,82,0.0205
2025-06-28,3,Sindri,ÍR,3,5,78,0.0195
2025-06-28,3,Sindri,ÍR,3,6,49,0.01225
2025-06-28,3,Sindri,ÍR,3,7,30,0.0075
2025-06-28,3,Sindri,ÍR,3,8,29,0.00725
2025-06-28,3,Sindri,ÍR,3,9,15,0.00375
2025-06-28,3,Sindri,ÍR,3,10,9,0.00225
2025-06-28,3,Sindri,ÍR,3,11,3,7.5e-4
2025-06-28,3,Sindri,ÍR,3,12,4,0.001
2025-06-28,3,Sindri,ÍR,3,13,1,2.5e-4
2025-06-28,3,Sindri,ÍR,3,14,2,5e-4
2025-06-28,3,Sindri,ÍR,3,16,1,2.5e-4
2025-06-28,3,Sindri,ÍR,4,0,13,0.00325
2025-06-28,3,Sindri,ÍR,4,1,37,0.00925
2025-06-28,3,Sindri,ÍR,4,2,33,0.00825
2025-06-28,3,Sindri,ÍR,4,3,42,0.0105
2025-06-28,3,Sindri,ÍR,4,4,47,0.01175
2025-06-28,3,Sindri,ÍR,4,5,32,0.008
2025-06-28,3,Sindri,ÍR,4,6,23,0.00575
2025-06-28,3,Sindri,ÍR,4,7,13,0.00325
2025-06-28,3,Sindri,ÍR,4,8,14,0.0035
2025-06-28,3,Sindri,ÍR,4,9,13,0.00325
2025-06-28,3,Sindri,ÍR,4,10,3,7.5e-4
2025-06-28,3,Sindri,ÍR,4,11,3,7.5e-4
2025-06-28,3,Sindri,ÍR,4,12,1,2.5e-4
2025-06-28,3,Sindri,ÍR,5,0,1,2.5e-4
2025-06-28,3,Sindri,ÍR,5,1,15,0.00375
2025-06-28,3,Sindri,ÍR,5,2,20,0.005
2025-06-28,3,Sindri,ÍR,5,3,26,0.0065
2025-06-28,3,Sindri,ÍR,5,4,17,0.00425
2025-06-28,3,Sindri,ÍR,5,5,16,0.004
2025-06-28,3,Sindri,ÍR,5,6,11,0.00275
2025-06-28,3,Sindri,ÍR,5,7,9,0.00225
2025-06-28,3,Sindri,ÍR,5,8,6,0.0015
2025-06-28,3,Sindri,ÍR,5,9,1,2.5e-4
2025-06-28,3,Sindri,ÍR,5,10,2,5e-4
2025-06-28,3,Sindri,ÍR,6,0,5,0.00125
2025-06-28,3,Sindri,ÍR,6,1,5,0.00125
2025-06-28,3,Sindri,ÍR,6,2,6,0.0015
2025-06-28,3,Sindri,ÍR,6,3,7,0.00175
2025-06-28,3,Sindri,ÍR,6,4,9,0.00225
2025-06-28,3,Sindri,ÍR,6,5,10,0.0025
2025-06-28,3,Sindri,ÍR,6,6,9,0.00225
2025-06-28,3,Sindri,ÍR,6,7,1,2.5e-4
2025-06-28,3,Sindri,ÍR,6,8,1,2.5e-4
2025-06-28,3,Sindri,ÍR,6,9,2,5e-4
2025-06-28,3,Sindri,ÍR,7,0,2,5e-4
2025-06-28,3,Sindri,ÍR,7,1,3,7.5e-4
2025-06-28,3,Sindri,ÍR,7,3,4,0.001
2025-06-28,3,Sindri,ÍR,7,5,4,0.001
2025-06-28,3,Sindri,ÍR,7,6,1,2.5e-4
2025-06-28,3,Sindri,ÍR,7,8,1,2.5e-4
2025-06-28,3,Sindri,ÍR,8,1,1,2.5e-4
2025-06-28,3,Sindri,ÍR,8,2,1,2.5e-4
2025-06-28,3,Sindri,ÍR,8,3,3,7.5e-4
2025-06-28,3,Sindri,ÍR,8,5,1,2.5e-4
2025-06-28,3,Sindri,ÍR,8,6,1,2.5e-4
2025-06-28,3,Sindri,ÍR,8,7,1,2.5e-4
2025-06-28,3,Sindri,ÍR,8,9,1,2.5e-4
2025-06-28,3,Sindri,ÍR,8,12,1,2.5e-4
2025-06-28,3,Sindri,ÍR,9,2,1,2.5e-4
2025-06-28,3,Sindri,ÍR,10,2,1,2.5e-4
2025-06-28,3,Sindri,ÍR,11,4,1,2.5e-4
2025-06-28,3,Völsungur,ÍH,0,0,75,0.01875
2025-06-28,3,Völsungur,ÍH,0,1,90,0.0225
2025-06-28,3,Völsungur,ÍH,0,2,34,0.0085
2025-06-28,3,Völsungur,ÍH,0,3,22,0.0055
2025-06-28,3,Völsungur,ÍH,0,4,12,0.003
2025-06-28,3,Völsungur,ÍH,0,5,2,5e-4
2025-06-28,3,Völsungur,ÍH,0,6,1,2.5e-4
2025-06-28,3,Völsungur,ÍH,1,0,191,0.04775
2025-06-28,3,Völsungur,ÍH,1,1,207,0.05175
2025-06-28,3,Völsungur,ÍH,1,2,105,0.02625
2025-06-28,3,Völsungur,ÍH,1,3,39,0.00975
2025-06-28,3,Völsungur,ÍH,1,4,14,0.0035
2025-06-28,3,Völsungur,ÍH,1,5,4,0.001
2025-06-28,3,Völsungur,ÍH,2,0,244,0.061
2025-06-28,3,Völsungur,ÍH,2,1,234,0.0585
2025-06-28,3,Völsungur,ÍH,2,2,164,0.041
2025-06-28,3,Völsungur,ÍH,2,3,67,0.01675
2025-06-28,3,Völsungur,ÍH,2,4,22,0.0055
2025-06-28,3,Völsungur,ÍH,2,5,9,0.00225
2025-06-28,3,Völsungur,ÍH,2,6,2,5e-4
2025-06-28,3,Völsungur,ÍH,2,7,2,5e-4
2025-06-28,3,Völsungur,ÍH,3,0,234,0.0585
2025-06-28,3,Völsungur,ÍH,3,1,233,0.05825
2025-06-28,3,Völsungur,ÍH,3,2,156,0.039
2025-06-28,3,Völsungur,ÍH,3,3,67,0.01675
2025-06-28,3,Völsungur,ÍH,3,4,28,0.007
2025-06-28,3,Völsungur,ÍH,3,5,14,0.0035
2025-06-28,3,Völsungur,ÍH,3,6,6,0.0015
2025-06-28,3,Völsungur,ÍH,3,7,1,2.5e-4
2025-06-28,3,Völsungur,ÍH,3,8,3,7.5e-4
2025-06-28,3,Völsungur,ÍH,4,0,208,0.052
2025-06-28,3,Völsungur,ÍH,4,1,213,0.05325
2025-06-28,3,Völsungur,ÍH,4,2,105,0.02625
2025-06-28,3,Völsungur,ÍH,4,3,61,0.01525
2025-06-28,3,Völsungur,ÍH,4,4,25,0.00625
2025-06-28,3,Völsungur,ÍH,4,5,13,0.00325
2025-06-28,3,Völsungur,ÍH,4,7,2,5e-4
2025-06-28,3,Völsungur,ÍH,5,0,150,0.0375
2025-06-28,3,Völsungur,ÍH,5,1,122,0.0305
2025-06-28,3,Völsungur,ÍH,5,2,86,0.0215
2025-06-28,3,Völsungur,ÍH,5,3,40,0.01
2025-06-28,3,Völsungur,ÍH,5,4,15,0.00375
2025-06-28,3,Völsungur,ÍH,5,5,6,0.0015
2025-06-28,3,Völsungur,ÍH,6,0,83,0.02075
2025-06-28,3,Völsungur,ÍH,6,1,103,0.02575
2025-06-28,3,Völsungur,ÍH,6,2,59,0.01475
2025-06-28,3,Völsungur,ÍH,6,3,24,0.006
2025-06-28,3,Völsungur,ÍH,6,4,10,0.0025
2025-06-28,3,Völsungur,ÍH,6,5,3,7.5e-4
2025-06-28,3,Völsungur,ÍH,6,6,2,5e-4
2025-06-28,3,Völsungur,ÍH,6,7,1,2.5e-4
2025-06-28,3,Völsungur,ÍH,7,0,58,0.0145
2025-06-28,3,Völsungur,ÍH,7,1,65,0.01625
2025-06-28,3,Völsungur,ÍH,7,2,36,0.009
2025-06-28,3,Völsungur,ÍH,7,3,17,0.00425
2025-06-28,3,Völsungur,ÍH,7,4,3,7.5e-4
2025-06-28,3,Völsungur,ÍH,7,6,3,7.5e-4
2025-06-28,3,Völsungur,ÍH,7,9,1,2.5e-4
2025-06-28,3,Völsungur,ÍH,7,10,1,2.5e-4
2025-06-28,3,Völsungur,ÍH,8,0,31,0.00775
2025-06-28,3,Völsungur,ÍH,8,1,23,0.00575
2025-06-28,3,Völsungur,ÍH,8,2,14,0.0035
2025-06-28,3,Völsungur,ÍH,8,3,3,7.5e-4
2025-06-28,3,Völsungur,ÍH,8,4,5,0.00125
2025-06-28,3,Völsungur,ÍH,8,6,1,2.5e-4
2025-06-28,3,Völsungur,ÍH,9,0,20,0.005
2025-06-28,3,Völsungur,ÍH,9,1,21,0.00525
2025-06-28,3,Völsungur,ÍH,9,2,13,0.00325
2025-06-28,3,Völsungur,ÍH,9,3,6,0.0015
2025-06-28,3,Völsungur,ÍH,9,4,1,2.5e-4
2025-06-28,3,Völsungur,ÍH,9,6,2,5e-4
2025-06-28,3,Völsungur,ÍH,10,0,11,0.00275
2025-06-28,3,Völsungur,ÍH,10,1,15,0.00375
2025-06-28,3,Völsungur,ÍH,10,2,5,0.00125
2025-06-28,3,Völsungur,ÍH,10,3,2,5e-4
2025-06-28,3,Völsungur,ÍH,11,0,5,0.00125
2025-06-28,3,Völsungur,ÍH,11,1,4,0.001
2025-06-28,3,Völsungur,ÍH,11,2,6,0.0015
2025-06-28,3,Völsungur,ÍH,11,3,1,2.5e-4
2025-06-28,3,Völsungur,ÍH,11,6,1,2.5e-4
2025-06-28,3,Völsungur,ÍH,11,7,1,2.5e-4
2025-06-28,3,Völsungur,ÍH,12,0,3,7.5e-4
2025-06-28,3,Völsungur,ÍH,12,1,3,7.5e-4
2025-06-28,3,Völsungur,ÍH,12,2,3,7.5e-4
2025-06-28,3,Völsungur,ÍH,12,3,1,2.5e-4
2025-06-28,3,Völsungur,ÍH,13,2,1,2.5e-4
2025-06-28,3,Völsungur,ÍH,16,3,1,2.5e-4
2025-06-28,3,Álftanes,Einherji,0,0,264,0.066
2025-06-28,3,Álftanes,Einherji,0,1,279,0.06975
2025-06-28,3,Álftanes,Einherji,0,2,176,0.044
2025-06-28,3,Álftanes,Einherji,0,3,69,0.01725
2025-06-28,3,Álftanes,Einherji,0,4,28,0.007
2025-06-28,3,Álftanes,Einherji,0,5,15,0.00375
2025-06-28,3,Álftanes,Einherji,0,6,3,7.5e-4
2025-06-28,3,Álftanes,Einherji,0,9,1,2.5e-4
2025-06-28,3,Álftanes,Einherji,1,0,337,0.08425
2025-06-28,3,Álftanes,Einherji,1,1,377,0.09425
2025-06-28,3,Álftanes,Einherji,1,2,245,0.06125
2025-06-28,3,Álftanes,Einherji,1,3,112,0.028
2025-06-28,3,Álftanes,Einherji,1,4,53,0.01325
2025-06-28,3,Álftanes,Einherji,1,5,17,0.00425
2025-06-28,3,Álftanes,Einherji,1,6,4,0.001
2025-06-28,3,Álftanes,Einherji,1,7,1,2.5e-4
2025-06-28,3,Álftanes,Einherji,2,0,244,0.061
2025-06-28,3,Álftanes,Einherji,2,1,275,0.06875
2025-06-28,3,Álftanes,Einherji,2,2,212,0.053
2025-06-28,3,Álftanes,Einherji,2,3,113,0.02825
2025-06-28,3,Álftanes,Einherji,2,4,50,0.0125
2025-06-28,3,Álftanes,Einherji,2,5,12,0.003
2025-06-28,3,Álftanes,Einherji,2,6,5,0.00125
2025-06-28,3,Álftanes,Einherji,2,7,2,5e-4
2025-06-28,3,Álftanes,Einherji,2,9,1,2.5e-4
2025-06-28,3,Álftanes,Einherji,3,0,138,0.0345
2025-06-28,3,Álftanes,Einherji,3,1,195,0.04875
2025-06-28,3,Álftanes,Einherji,3,2,142,0.0355
2025-06-28,3,Álftanes,Einherji,3,3,58,0.0145
2025-06-28,3,Álftanes,Einherji,3,4,25,0.00625
2025-06-28,3,Álftanes,Einherji,3,5,6,0.0015
2025-06-28,3,Álftanes,Einherji,3,6,1,2.5e-4
2025-06-28,3,Álftanes,Einherji,3,7,1,2.5e-4
2025-06-28,3,Álftanes,Einherji,4,0,84,0.021
2025-06-28,3,Álftanes,Einherji,4,1,102,0.0255
2025-06-28,3,Álftanes,Einherji,4,2,64,0.016
2025-06-28,3,Álftanes,Einherji,4,3,39,0.00975
2025-06-28,3,Álftanes,Einherji,4,4,21,0.00525
2025-06-28,3,Álftanes,Einherji,4,5,4,0.001
2025-06-28,3,Álftanes,Einherji,4,7,1,2.5e-4
2025-06-28,3,Álftanes,Einherji,4,8,1,2.5e-4
2025-06-28,3,Álftanes,Einherji,5,0,34,0.0085
2025-06-28,3,Álftanes,Einherji,5,1,39,0.00975
2025-06-28,3,Álftanes,Einherji,5,2,39,0.00975
2025-06-28,3,Álftanes,Einherji,5,3,19,0.00475
2025-06-28,3,Álftanes,Einherji,5,4,6,0.0015
2025-06-28,3,Álftanes,Einherji,5,5,2,5e-4
2025-06-28,3,Álftanes,Einherji,5,6,1,2.5e-4
2025-06-28,3,Álftanes,Einherji,6,0,8,0.002
2025-06-28,3,Álftanes,Einherji,6,1,16,0.004
2025-06-28,3,Álftanes,Einherji,6,2,10,0.0025
2025-06-28,3,Álftanes,Einherji,6,3,6,0.0015
2025-06-28,3,Álftanes,Einherji,6,4,3,7.5e-4
2025-06-28,3,Álftanes,Einherji,6,5,1,2.5e-4
2025-06-28,3,Álftanes,Einherji,6,6,2,5e-4
2025-06-28,3,Álftanes,Einherji,7,0,3,7.5e-4
2025-06-28,3,Álftanes,Einherji,7,1,8,0.002
2025-06-28,3,Álftanes,Einherji,7,2,7,0.00175
2025-06-28,3,Álftanes,Einherji,7,3,3,7.5e-4
2025-06-28,3,Álftanes,Einherji,7,4,1,2.5e-4
2025-06-28,3,Álftanes,Einherji,7,5,2,5e-4
2025-06-28,3,Álftanes,Einherji,7,7,1,2.5e-4
2025-06-28,3,Álftanes,Einherji,8,0,1,2.5e-4
2025-06-28,3,Álftanes,Einherji,8,1,8,0.002
2025-06-28,3,Álftanes,Einherji,8,2,1,2.5e-4
2025-06-28,3,Álftanes,Einherji,8,3,1,2.5e-4
2025-06-28,3,Álftanes,Einherji,9,1,1,2.5e-4
2025-06-30,2,Keflavík,Haukar,0,0,70,0.0175
2025-06-30,2,Keflavík,Haukar,0,1,41,0.01025
2025-06-30,2,Keflavík,Haukar,0,2,21,0.00525
2025-06-30,2,Keflavík,Haukar,0,3,7,0.00175
2025-06-30,2,Keflavík,Haukar,0,4,1,2.5e-4
2025-06-30,2,Keflavík,Haukar,0,5,1,2.5e-4
2025-06-30,2,Keflavík,Haukar,1,0,137,0.03425
2025-06-30,2,Keflavík,Haukar,1,1,108,0.027
2025-06-30,2,Keflavík,Haukar,1,2,64,0.016
2025-06-30,2,Keflavík,Haukar,1,3,19,0.00475
2025-06-30,2,Keflavík,Haukar,1,4,3,7.5e-4
2025-06-30,2,Keflavík,Haukar,1,5,2,5e-4
2025-06-30,2,Keflavík,Haukar,2,0,269,0.06725
2025-06-30,2,Keflavík,Haukar,2,1,197,0.04925
2025-06-30,2,Keflavík,Haukar,2,2,107,0.02675
2025-06-30,2,Keflavík,Haukar,2,3,29,0.00725
2025-06-30,2,Keflavík,Haukar,2,4,12,0.003
2025-06-30,2,Keflavík,Haukar,2,5,3,7.5e-4
2025-06-30,2,Keflavík,Haukar,2,6,1,2.5e-4
2025-06-30,2,Keflavík,Haukar,3,0,306,0.0765
2025-06-30,2,Keflavík,Haukar,3,1,239,0.05975
2025-06-30,2,Keflavík,Haukar,3,2,113,0.02825
2025-06-30,2,Keflavík,Haukar,3,3,35,0.00875
2025-06-30,2,Keflavík,Haukar,3,4,10,0.0025
2025-06-30,2,Keflavík,Haukar,3,5,1,2.5e-4
2025-06-30,2,Keflavík,Haukar,4,0,277,0.06925
2025-06-30,2,Keflavík,Haukar,4,1,223,0.05575
2025-06-30,2,Keflavík,Haukar,4,2,86,0.0215
2025-06-30,2,Keflavík,Haukar,4,3,32,0.008
2025-06-30,2,Keflavík,Haukar,4,4,13,0.00325
2025-06-30,2,Keflavík,Haukar,4,5,2,5e-4
2025-06-30,2,Keflavík,Haukar,5,0,214,0.0535
2025-06-30,2,Keflavík,Haukar,5,1,171,0.04275
2025-06-30,2,Keflavík,Haukar,5,2,79,0.01975
2025-06-30,2,Keflavík,Haukar,5,3,29,0.00725
2025-06-30,2,Keflavík,Haukar,5,4,6,0.0015
2025-06-30,2,Keflavík,Haukar,6,0,179,0.04475
2025-06-30,2,Keflavík,Haukar,6,1,146,0.0365
2025-06-30,2,Keflavík,Haukar,6,2,55,0.01375
2025-06-30,2,Keflavík,Haukar,6,3,20,0.005
2025-06-30,2,Keflavík,Haukar,6,4,8,0.002
2025-06-30,2,Keflavík,Haukar,6,5,2,5e-4
2025-06-30,2,Keflavík,Haukar,7,0,100,0.025
2025-06-30,2,Keflavík,Haukar,7,1,86,0.0215
2025-06-30,2,Keflavík,Haukar,7,2,39,0.00975
2025-06-30,2,Keflavík,Haukar,7,3,16,0.004
2025-06-30,2,Keflavík,Haukar,7,4,2,5e-4
2025-06-30,2,Keflavík,Haukar,7,5,1,2.5e-4
2025-06-30,2,Keflavík,Haukar,8,0,75,0.01875
2025-06-30,2,Keflavík,Haukar,8,1,55,0.01375
2025-06-30,2,Keflavík,Haukar,8,2,28,0.007
2025-06-30,2,Keflavík,Haukar,8,3,9,0.00225
2025-06-30,2,Keflavík,Haukar,8,4,5,0.00125
2025-06-30,2,Keflavík,Haukar,9,0,40,0.01
2025-06-30,2,Keflavík,Haukar,9,1,38,0.0095
2025-06-30,2,Keflavík,Haukar,9,2,14,0.0035
2025-06-30,2,Keflavík,Haukar,9,3,4,0.001
2025-06-30,2,Keflavík,Haukar,9,4,1,2.5e-4
2025-06-30,2,Keflavík,Haukar,9,5,1,2.5e-4
2025-06-30,2,Keflavík,Haukar,10,0,22,0.0055
2025-06-30,2,Keflavík,Haukar,10,1,21,0.00525
2025-06-30,2,Keflavík,Haukar,10,2,5,0.00125
2025-06-30,2,Keflavík,Haukar,10,3,2,5e-4
2025-06-30,2,Keflavík,Haukar,11,0,19,0.00475
2025-06-30,2,Keflavík,Haukar,11,1,11,0.00275
2025-06-30,2,Keflavík,Haukar,11,2,9,0.00225
2025-06-30,2,Keflavík,Haukar,11,3,1,2.5e-4
2025-06-30,2,Keflavík,Haukar,11,6,1,2.5e-4
2025-06-30,2,Keflavík,Haukar,12,0,12,0.003
2025-06-30,2,Keflavík,Haukar,12,1,6,0.0015
2025-06-30,2,Keflavík,Haukar,12,2,7,0.00175
2025-06-30,2,Keflavík,Haukar,12,4,1,2.5e-4
2025-06-30,2,Keflavík,Haukar,13,0,7,0.00175
2025-06-30,2,Keflavík,Haukar,13,1,6,0.0015
2025-06-30,2,Keflavík,Haukar,13,2,4,0.001
2025-06-30,2,Keflavík,Haukar,13,4,1,2.5e-4
2025-06-30,2,Keflavík,Haukar,14,0,2,5e-4
2025-06-30,2,Keflavík,Haukar,14,1,4,0.001
2025-06-30,2,Keflavík,Haukar,14,2,1,2.5e-4
2025-06-30,2,Keflavík,Haukar,15,1,1,2.5e-4
2025-06-30,2,Keflavík,Haukar,16,0,1,2.5e-4
2025-06-30,2,Keflavík,Haukar,17,0,2,5e-4
2025-06-30,2,Keflavík,Haukar,18,0,1,2.5e-4
2025-06-30,2,Keflavík,Haukar,18,1,1,2.5e-4
2025-06-30,2,ÍA,Fylkir,0,0,256,0.064
2025-06-30,2,ÍA,Fylkir,0,1,209,0.05225
2025-06-30,2,ÍA,Fylkir,0,2,111,0.02775
2025-06-30,2,ÍA,Fylkir,0,3,58,0.0145
2025-06-30,2,ÍA,Fylkir,0,4,17,0.00425
2025-06-30,2,ÍA,Fylkir,0,5,7,0.00175
2025-06-30,2,ÍA,Fylkir,0,6,2,5e-4
2025-06-30,2,ÍA,Fylkir,0,7,1,2.5e-4
2025-06-30,2,ÍA,Fylkir,1,0,357,0.08925
2025-06-30,2,ÍA,Fylkir,1,1,344,0.086
2025-06-30,2,ÍA,Fylkir,1,2,204,0.051
2025-06-30,2,ÍA,Fylkir,1,3,90,0.0225
2025-06-30,2,ÍA,Fylkir,1,4,35,0.00875
2025-06-30,2,ÍA,Fylkir,1,5,15,0.00375
2025-06-30,2,ÍA,Fylkir,1,6,7,0.00175
2025-06-30,2,ÍA,Fylkir,1,7,3,7.5e-4
2025-06-30,2,ÍA,Fylkir,1,8,2,5e-4
2025-06-30,2,ÍA,Fylkir,2,0,310,0.0775
2025-06-30,2,ÍA,Fylkir,2,1,344,0.086
2025-06-30,2,ÍA,Fylkir,2,2,185,0.04625
2025-06-30,2,ÍA,Fylkir,2,3,75,0.01875
2025-06-30,2,ÍA,Fylkir,2,4,37,0.00925
2025-06-30,2,ÍA,Fylkir,2,5,16,0.004
2025-06-30,2,ÍA,Fylkir,2,6,1,2.5e-4
2025-06-30,2,ÍA,Fylkir,2,7,2,5e-4
2025-06-30,2,ÍA,Fylkir,3,0,206,0.0515
2025-06-30,2,ÍA,Fylkir,3,1,222,0.0555
2025-06-30,2,ÍA,Fylkir,3,2,153,0.03825
2025-06-30,2,ÍA,Fylkir,3,3,72,0.018
2025-06-30,2,ÍA,Fylkir,3,4,23,0.00575
2025-06-30,2,ÍA,Fylkir,3,5,4,0.001
2025-06-30,2,ÍA,Fylkir,3,6,1,2.5e-4
2025-06-30,2,ÍA,Fylkir,3,7,5,0.00125
2025-06-30,2,ÍA,Fylkir,4,0,112,0.028
2025-06-30,2,ÍA,Fylkir,4,1,124,0.031
2025-06-30,2,ÍA,Fylkir,4,2,58,0.0145
2025-06-30,2,ÍA,Fylkir,4,3,44,0.011
2025-06-30,2,ÍA,Fylkir,4,4,14,0.0035
2025-06-30,2,ÍA,Fylkir,4,5,7,0.00175
2025-06-30,2,ÍA,Fylkir,4,6,2,5e-4
2025-06-30,2,ÍA,Fylkir,5,0,45,0.01125
2025-06-30,2,ÍA,Fylkir,5,1,45,0.01125
2025-06-30,2,ÍA,Fylkir,5,2,33,0.00825
2025-06-30,2,ÍA,Fylkir,5,3,10,0.0025
2025-06-30,2,ÍA,Fylkir,5,4,5,0.00125
2025-06-30,2,ÍA,Fylkir,5,5,7,0.00175
2025-06-30,2,ÍA,Fylkir,6,0,28,0.007
2025-06-30,2,ÍA,Fylkir,6,1,22,0.0055
2025-06-30,2,ÍA,Fylkir,6,2,13,0.00325
2025-06-30,2,ÍA,Fylkir,6,3,8,0.002
2025-06-30,2,ÍA,Fylkir,6,4,3,7.5e-4
2025-06-30,2,ÍA,Fylkir,6,6,1,2.5e-4
2025-06-30,2,ÍA,Fylkir,7,0,8,0.002
2025-06-30,2,ÍA,Fylkir,7,1,6,0.0015
2025-06-30,2,ÍA,Fylkir,7,2,8,0.002
2025-06-30,2,ÍA,Fylkir,7,3,7,0.00175
2025-06-30,2,ÍA,Fylkir,8,0,2,5e-4
2025-06-30,2,ÍA,Fylkir,8,1,1,2.5e-4
2025-06-30,2,ÍA,Fylkir,8,2,2,5e-4
2025-06-30,2,ÍA,Fylkir,8,3,2,5e-4
2025-06-30,2,ÍA,Fylkir,8,4,1,2.5e-4
2025-06-30,2,ÍA,Fylkir,9,0,2,5e-4
2025-06-30,2,ÍA,Fylkir,9,1,1,2.5e-4
2025-06-30,2,ÍA,Fylkir,10,2,2,5e-4
2025-06-30,2,ÍA,Fylkir,11,1,1,2.5e-4
2025-06-30,2,ÍA,Fylkir,11,2,1,2.5e-4
2025-06-30,2,ÍA,Fylkir,11,3,1,2.5e-4
2025-07-02,3,KÞ,Selfoss,0,0,1133,0.28325
2025-07-02,3,KÞ,Selfoss,0,1,827,0.20675
2025-07-02,3,KÞ,Selfoss,0,2,407,0.10175
2025-07-02,3,KÞ,Selfoss,0,3,247,0.06175
2025-07-02,3,KÞ,Selfoss,0,4,128,0.032
2025-07-02,3,KÞ,Selfoss,0,5,45,0.01125
2025-07-02,3,KÞ,Selfoss,0,6,24,0.006
2025-07-02,3,KÞ,Selfoss,0,7,16,0.004
2025-07-02,3,KÞ,Selfoss,0,8,8,0.002
2025-07-02,3,KÞ,Selfoss,0,9,5,0.00125
2025-07-02,3,KÞ,Selfoss,0,10,6,0.0015
2025-07-02,3,KÞ,Selfoss,0,11,2,5e-4
2025-07-02,3,KÞ,Selfoss,1,0,336,0.084
2025-07-02,3,KÞ,Selfoss,1,1,266,0.0665
2025-07-02,3,KÞ,Selfoss,1,2,146,0.0365
2025-07-02,3,KÞ,Selfoss,1,3,74,0.0185
2025-07-02,3,KÞ,Selfoss,1,4,31,0.00775
2025-07-02,3,KÞ,Selfoss,1,5,9,0.00225
2025-07-02,3,KÞ,Selfoss,1,6,13,0.00325
2025-07-02,3,KÞ,Selfoss,1,7,11,0.00275
2025-07-02,3,KÞ,Selfoss,1,8,4,0.001
2025-07-02,3,KÞ,Selfoss,1,9,2,5e-4
2025-07-02,3,KÞ,Selfoss,1,11,2,5e-4
2025-07-02,3,KÞ,Selfoss,1,13,1,2.5e-4
2025-07-02,3,KÞ,Selfoss,2,0,70,0.0175
2025-07-02,3,KÞ,Selfoss,2,1,42,0.0105
2025-07-02,3,KÞ,Selfoss,2,2,36,0.009
2025-07-02,3,KÞ,Selfoss,2,3,20,0.005
2025-07-02,3,KÞ,Selfoss,2,4,9,0.00225
2025-07-02,3,KÞ,Selfoss,2,5,4,0.001
2025-07-02,3,KÞ,Selfoss,2,7,1,2.5e-4
2025-07-02,3,KÞ,Selfoss,2,8,1,2.5e-4
2025-07-02,3,KÞ,Selfoss,2,11,1,2.5e-4
2025-07-02,3,KÞ,Selfoss,3,0,10,0.0025
2025-07-02,3,KÞ,Selfoss,3,1,21,0.00525
2025-07-02,3,KÞ,Selfoss,3,2,8,0.002
2025-07-02,3,KÞ,Selfoss,3,3,6,0.0015
2025-07-02,3,KÞ,Selfoss,3,4,3,7.5e-4
2025-07-02,3,KÞ,Selfoss,3,7,1,2.5e-4
2025-07-02,3,KÞ,Selfoss,4,0,5,0.00125
2025-07-02,3,KÞ,Selfoss,4,1,8,0.002
2025-07-02,3,KÞ,Selfoss,4,2,3,7.5e-4
2025-07-02,3,KÞ,Selfoss,4,3,1,2.5e-4
2025-07-02,3,KÞ,Selfoss,4,4,1,2.5e-4
2025-07-02,3,KÞ,Selfoss,4,5,1,2.5e-4
2025-07-02,3,KÞ,Selfoss,4,6,1,2.5e-4
2025-07-02,3,KÞ,Selfoss,5,0,1,2.5e-4
2025-07-02,3,KÞ,Selfoss,5,2,1,2.5e-4
2025-07-02,3,KÞ,Selfoss,6,6,1,2.5e-4
2025-07-02,3,KÞ,Selfoss,31,31,1,2.5e-4
2025-07-03,2,HK,Grótta,0,0,277,0.06925
2025-07-03,2,HK,Grótta,0,1,252,0.063
2025-07-03,2,HK,Grótta,0,2,145,0.03625
2025-07-03,2,HK,Grótta,0,3,61,0.01525
2025-07-03,2,HK,Grótta,0,4,33,0.00825
2025-07-03,2,HK,Grótta,0,5,11,0.00275
2025-07-03,2,HK,Grótta,0,6,3,7.5e-4
2025-07-03,2,HK,Grótta,0,7,1,2.5e-4
2025-07-03,2,HK,Grótta,1,0,389,0.09725
2025-07-03,2,HK,Grótta,1,1,438,0.1095
2025-07-03,2,HK,Grótta,1,2,248,0.062
2025-07-03,2,HK,Grótta,1,3,122,0.0305
2025-07-03,2,HK,Grótta,1,4,52,0.013
2025-07-03,2,HK,Grótta,1,5,7,0.00175
2025-07-03,2,HK,Grótta,1,6,3,7.5e-4
2025-07-03,2,HK,Grótta,1,7,1,2.5e-4
2025-07-03,2,HK,Grótta,2,0,301,0.07525
2025-07-03,2,HK,Grótta,2,1,330,0.0825
2025-07-03,2,HK,Grótta,2,2,198,0.0495
2025-07-03,2,HK,Grótta,2,3,88,0.022
2025-07-03,2,HK,Grótta,2,4,29,0.00725
2025-07-03,2,HK,Grótta,2,5,14,0.0035
2025-07-03,2,HK,Grótta,2,6,4,0.001
2025-07-03,2,HK,Grótta,2,7,1,2.5e-4
2025-07-03,2,HK,Grótta,3,0,164,0.041
2025-07-03,2,HK,Grótta,3,1,187,0.04675
2025-07-03,2,HK,Grótta,3,2,137,0.03425
2025-07-03,2,HK,Grótta,3,3,48,0.012
2025-07-03,2,HK,Grótta,3,4,25,0.00625
2025-07-03,2,HK,Grótta,3,5,5,0.00125
2025-07-03,2,HK,Grótta,3,6,3,7.5e-4
2025-07-03,2,HK,Grótta,4,0,75,0.01875
2025-07-03,2,HK,Grótta,4,1,78,0.0195
2025-07-03,2,HK,Grótta,4,2,49,0.01225
2025-07-03,2,HK,Grótta,4,3,27,0.00675
2025-07-03,2,HK,Grótta,4,4,8,0.002
2025-07-03,2,HK,Grótta,4,5,5,0.00125
2025-07-03,2,HK,Grótta,4,6,3,7.5e-4
2025-07-03,2,HK,Grótta,5,0,37,0.00925
2025-07-03,2,HK,Grótta,5,1,30,0.0075
2025-07-03,2,HK,Grótta,5,2,31,0.00775
2025-07-03,2,HK,Grótta,5,3,7,0.00175
2025-07-03,2,HK,Grótta,5,4,6,0.0015
2025-07-03,2,HK,Grótta,5,5,1,2.5e-4
2025-07-03,2,HK,Grótta,6,0,8,0.002
2025-07-03,2,HK,Grótta,6,1,19,0.00475
2025-07-03,2,HK,Grótta,6,2,9,0.00225
2025-07-03,2,HK,Grótta,6,3,3,7.5e-4
2025-07-03,2,HK,Grótta,6,4,3,7.5e-4
2025-07-03,2,HK,Grótta,7,0,4,0.001
2025-07-03,2,HK,Grótta,7,1,2,5e-4
2025-07-03,2,HK,Grótta,7,2,4,0.001
2025-07-03,2,HK,Grótta,7,3,3,7.5e-4
2025-07-03,2,HK,Grótta,7,4,1,2.5e-4
2025-07-03,2,HK,Grótta,7,6,1,2.5e-4
2025-07-03,2,HK,Grótta,8,0,3,7.5e-4
2025-07-03,2,HK,Grótta,8,1,2,5e-4
2025-07-03,2,HK,Grótta,8,2,1,2.5e-4
2025-07-03,2,HK,Grótta,9,1,2,5e-4
2025-07-03,2,HK,Grótta,9,4,1,2.5e-4
2025-07-03,3,Einherji,Dalvík/Reynir,0,0,164,0.041
2025-07-03,3,Einherji,Dalvík/Reynir,0,1,102,0.0255
2025-07-03,3,Einherji,Dalvík/Reynir,0,2,43,0.01075
2025-07-03,3,Einherji,Dalvík/Reynir,0,3,24,0.006
2025-07-03,3,Einherji,Dalvík/Reynir,0,4,4,0.001
2025-07-03,3,Einherji,Dalvík/Reynir,0,5,1,2.5e-4
2025-07-03,3,Einherji,Dalvík/Reynir,1,0,315,0.07875
2025-07-03,3,Einherji,Dalvík/Reynir,1,1,252,0.063
2025-07-03,3,Einherji,Dalvík/Reynir,1,2,111,0.02775
2025-07-03,3,Einherji,Dalvík/Reynir,1,3,40,0.01
2025-07-03,3,Einherji,Dalvík/Reynir,1,4,14,0.0035
2025-07-03,3,Einherji,Dalvík/Reynir,1,5,6,0.0015
2025-07-03,3,Einherji,Dalvík/Reynir,1,6,1,2.5e-4
2025-07-03,3,Einherji,Dalvík/Reynir,2,0,368,0.092
2025-07-03,3,Einherji,Dalvík/Reynir,2,1,287,0.07175
2025-07-03,3,Einherji,Dalvík/Reynir,2,2,178,0.0445
2025-07-03,3,Einherji,Dalvík/Reynir,2,3,46,0.0115
2025-07-03,3,Einherji,Dalvík/Reynir,2,4,14,0.0035
2025-07-03,3,Einherji,Dalvík/Reynir,2,5,9,0.00225
2025-07-03,3,Einherji,Dalvík/Reynir,2,6,3,7.5e-4
2025-07-03,3,Einherji,Dalvík/Reynir,3,0,287,0.07175
2025-07-03,3,Einherji,Dalvík/Reynir,3,1,269,0.06725
2025-07-03,3,Einherji,Dalvík/Reynir,3,2,110,0.0275
2025-07-03,3,Einherji,Dalvík/Reynir,3,3,41,0.01025
2025-07-03,3,Einherji,Dalvík/Reynir,3,4,13,0.00325
2025-07-03,3,Einherji,Dalvík/Reynir,3,5,6,0.0015
2025-07-03,3,Einherji,Dalvík/Reynir,3,6,2,5e-4
2025-07-03,3,Einherji,Dalvík/Reynir,4,0,215,0.05375
2025-07-03,3,Einherji,Dalvík/Reynir,4,1,174,0.0435
2025-07-03,3,Einherji,Dalvík/Reynir,4,2,92,0.023
2025-07-03,3,Einherji,Dalvík/Reynir,4,3,32,0.008
2025-07-03,3,Einherji,Dalvík/Reynir,4,4,13,0.00325
2025-07-03,3,Einherji,Dalvík/Reynir,4,5,2,5e-4
2025-07-03,3,Einherji,Dalvík/Reynir,5,0,139,0.03475
2025-07-03,3,Einherji,Dalvík/Reynir,5,1,116,0.029
2025-07-03,3,Einherji,Dalvík/Reynir,5,2,50,0.0125
2025-07-03,3,Einherji,Dalvík/Reynir,5,3,16,0.004
2025-07-03,3,Einherji,Dalvík/Reynir,5,4,8,0.002
2025-07-03,3,Einherji,Dalvík/Reynir,5,5,4,0.001
2025-07-03,3,Einherji,Dalvík/Reynir,5,7,1,2.5e-4
2025-07-03,3,Einherji,Dalvík/Reynir,6,0,85,0.02125
2025-07-03,3,Einherji,Dalvík/Reynir,6,1,66,0.0165
2025-07-03,3,Einherji,Dalvík/Reynir,6,2,30,0.0075
2025-07-03,3,Einherji,Dalvík/Reynir,6,3,14,0.0035
2025-07-03,3,Einherji,Dalvík/Reynir,6,4,6,0.0015
2025-07-03,3,Einherji,Dalvík/Reynir,6,5,4,0.001
2025-07-03,3,Einherji,Dalvík/Reynir,6,6,1,2.5e-4
2025-07-03,3,Einherji,Dalvík/Reynir,7,0,45,0.01125
2025-07-03,3,Einherji,Dalvík/Reynir,7,1,45,0.01125
2025-07-03,3,Einherji,Dalvík/Reynir,7,2,21,0.00525
2025-07-03,3,Einherji,Dalvík/Reynir,7,3,3,7.5e-4
2025-07-03,3,Einherji,Dalvík/Reynir,7,4,2,5e-4
2025-07-03,3,Einherji,Dalvík/Reynir,7,5,1,2.5e-4
2025-07-03,3,Einherji,Dalvík/Reynir,8,0,24,0.006
2025-07-03,3,Einherji,Dalvík/Reynir,8,1,19,0.00475
2025-07-03,3,Einherji,Dalvík/Reynir,8,2,11,0.00275
2025-07-03,3,Einherji,Dalvík/Reynir,8,3,2,5e-4
2025-07-03,3,Einherji,Dalvík/Reynir,8,4,2,5e-4
2025-07-03,3,Einherji,Dalvík/Reynir,9,0,7,0.00175
2025-07-03,3,Einherji,Dalvík/Reynir,9,1,6,0.0015
2025-07-03,3,Einherji,Dalvík/Reynir,9,2,10,0.0025
2025-07-03,3,Einherji,Dalvík/Reynir,9,3,1,2.5e-4
2025-07-03,3,Einherji,Dalvík/Reynir,10,0,4,0.001
2025-07-03,3,Einherji,Dalvík/Reynir,10,1,4,0.001
2025-07-03,3,Einherji,Dalvík/Reynir,10,2,3,7.5e-4
2025-07-03,3,Einherji,Dalvík/Reynir,10,4,1,2.5e-4
2025-07-03,3,Einherji,Dalvík/Reynir,11,0,2,5e-4
2025-07-03,3,Einherji,Dalvík/Reynir,11,1,1,2.5e-4
2025-07-03,3,Einherji,Dalvík/Reynir,11,2,1,2.5e-4
2025-07-03,3,Einherji,Dalvík/Reynir,12,0,2,5e-4
2025-07-03,3,Einherji,Dalvík/Reynir,12,1,1,2.5e-4
2025-07-03,3,Einherji,Dalvík/Reynir,13,0,1,2.5e-4
2025-07-03,3,Einherji,Dalvík/Reynir,13,2,1,2.5e-4
2025-07-03,3,Einherji,Dalvík/Reynir,14,1,2,5e-4
2025-07-04,2,KR,Afturelding,0,0,22,0.0055
2025-07-04,2,KR,Afturelding,0,1,15,0.00375
2025-07-04,2,KR,Afturelding,0,2,9,0.00225
2025-07-04,2,KR,Afturelding,0,3,6,0.0015
2025-07-04,2,KR,Afturelding,0,4,2,5e-4
2025-07-04,2,KR,Afturelding,0,5,1,2.5e-4
2025-07-04,2,KR,Afturelding,0,6,1,2.5e-4
2025-07-04,2,KR,Afturelding,1,0,43,0.01075
2025-07-04,2,KR,Afturelding,1,1,72,0.018
2025-07-04,2,KR,Afturelding,1,2,48,0.012
2025-07-04,2,KR,Afturelding,1,3,23,0.00575
2025-07-04,2,KR,Afturelding,1,4,14,0.0035
2025-07-04,2,KR,Afturelding,1,5,8,0.002
2025-07-04,2,KR,Afturelding,1,8,1,2.5e-4
2025-07-04,2,KR,Afturelding,2,0,81,0.02025
2025-07-04,2,KR,Afturelding,2,1,116,0.029
2025-07-04,2,KR,Afturelding,2,2,85,0.02125
2025-07-04,2,KR,Afturelding,2,3,45,0.01125
2025-07-04,2,KR,Afturelding,2,4,18,0.0045
2025-07-04,2,KR,Afturelding,2,5,10,0.0025
2025-07-04,2,KR,Afturelding,2,6,3,7.5e-4
2025-07-04,2,KR,Afturelding,2,7,2,5e-4
2025-07-04,2,KR,Afturelding,2,8,3,7.5e-4
2025-07-04,2,KR,Afturelding,3,0,113,0.02825
2025-07-04,2,KR,Afturelding,3,1,181,0.04525
2025-07-04,2,KR,Afturelding,3,2,120,0.03
2025-07-04,2,KR,Afturelding,3,3,81,0.02025
2025-07-04,2,KR,Afturelding,3,4,37,0.00925
2025-07-04,2,KR,Afturelding,3,5,9,0.00225
2025-07-04,2,KR,Afturelding,3,6,1,2.5e-4
2025-07-04,2,KR,Afturelding,3,7,3,7.5e-4
2025-07-04,2,KR,Afturelding,3,8,1,2.5e-4
2025-07-04,2,KR,Afturelding,3,10,1,2.5e-4
2025-07-04,2,KR,Afturelding,4,0,131,0.03275
2025-07-04,2,KR,Afturelding,4,1,202,0.0505
2025-07-04,2,KR,Afturelding,4,2,138,0.0345
2025-07-04,2,KR,Afturelding,4,3,74,0.0185
2025-07-04,2,KR,Afturelding,4,4,42,0.0105
2025-07-04,2,KR,Afturelding,4,5,17,0.00425
2025-07-04,2,KR,Afturelding,4,6,3,7.5e-4
2025-07-04,2,KR,Afturelding,4,7,2,5e-4
2025-07-04,2,KR,Afturelding,4,8,1,2.5e-4
2025-07-04,2,KR,Afturelding,4,11,1,2.5e-4
2025-07-04,2,KR,Afturelding,5,0,109,0.02725
2025-07-04,2,KR,Afturelding,5,1,178,0.0445
2025-07-04,2,KR,Afturelding,5,2,136,0.034
2025-07-04,2,KR,Afturelding,5,3,81,0.02025
2025-07-04,2,KR,Afturelding,5,4,28,0.007
2025-07-04,2,KR,Afturelding,5,5,16,0.004
2025-07-04,2,KR,Afturelding,5,6,6,0.0015
2025-07-04,2,KR,Afturelding,5,7,3,7.5e-4
2025-07-04,2,KR,Afturelding,5,8,1,2.5e-4
2025-07-04,2,KR,Afturelding,6,0,101,0.02525
2025-07-04,2,KR,Afturelding,6,1,138,0.0345
2025-07-04,2,KR,Afturelding,6,2,101,0.02525
2025-07-04,2,KR,Afturelding,6,3,74,0.0185
2025-07-04,2,KR,Afturelding,6,4,34,0.0085
2025-07-04,2,KR,Afturelding,6,5,13,0.00325
2025-07-04,2,KR,Afturelding,6,6,2,5e-4
2025-07-04,2,KR,Afturelding,6,8,1,2.5e-4
2025-07-04,2,KR,Afturelding,7,0,90,0.0225
2025-07-04,2,KR,Afturelding,7,1,105,0.02625
2025-07-04,2,KR,Afturelding,7,2,87,0.02175
2025-07-04,2,KR,Afturelding,7,3,56,0.014
2025-07-04,2,KR,Afturelding,7,4,33,0.00825
2025-07-04,2,KR,Afturelding,7,5,9,0.00225
2025-07-04,2,KR,Afturelding,7,6,4,0.001
2025-07-04,2,KR,Afturelding,7,7,1,2.5e-4
2025-07-04,2,KR,Afturelding,8,0,56,0.014
2025-07-04,2,KR,Afturelding,8,1,90,0.0225
2025-07-04,2,KR,Afturelding,8,2,75,0.01875
2025-07-04,2,KR,Afturelding,8,3,22,0.0055
2025-07-04,2,KR,Afturelding,8,4,21,0.00525
2025-07-04,2,KR,Afturelding,8,5,5,0.00125
2025-07-04,2,KR,Afturelding,8,6,2,5e-4
2025-07-04,2,KR,Afturelding,8,7,1,2.5e-4
2025-07-04,2,KR,Afturelding,9,0,54,0.0135
2025-07-04,2,KR,Afturelding,9,1,57,0.01425
2025-07-04,2,KR,Afturelding,9,2,48,0.012
2025-07-04,2,KR,Afturelding,9,3,22,0.0055
2025-07-04,2,KR,Afturelding,9,4,14,0.0035
2025-07-04,2,KR,Afturelding,9,5,4,0.001
2025-07-04,2,KR,Afturelding,9,6,2,5e-4
2025-07-04,2,KR,Afturelding,10,0,28,0.007
2025-07-04,2,KR,Afturelding,10,1,34,0.0085
2025-07-04,2,KR,Afturelding,10,2,35,0.00875
2025-07-04,2,KR,Afturelding,10,3,20,0.005
2025-07-04,2,KR,Afturelding,10,4,9,0.00225
2025-07-04,2,KR,Afturelding,11,0,22,0.0055
2025-07-04,2,KR,Afturelding,11,1,21,0.00525
2025-07-04,2,KR,Afturelding,11,2,20,0.005
2025-07-04,2,KR,Afturelding,11,3,13,0.00325
2025-07-04,2,KR,Afturelding,11,4,6,0.0015
2025-07-04,2,KR,Afturelding,11,7,3,7.5e-4
2025-07-04,2,KR,Afturelding,12,0,9,0.00225
2025-07-04,2,KR,Afturelding,12,1,16,0.004
2025-07-04,2,KR,Afturelding,12,2,14,0.0035
2025-07-04,2,KR,Afturelding,12,3,6,0.0015
2025-07-04,2,KR,Afturelding,12,4,2,5e-4
2025-07-04,2,KR,Afturelding,12,5,2,5e-4
2025-07-04,2,KR,Afturelding,13,0,5,0.00125
2025-07-04,2,KR,Afturelding,13,1,8,0.002
2025-07-04,2,KR,Afturelding,13,2,8,0.002
2025-07-04,2,KR,Afturelding,13,3,2,5e-4
2025-07-04,2,KR,Afturelding,13,4,2,5e-4
2025-07-04,2,KR,Afturelding,14,0,8,0.002
2025-07-04,2,KR,Afturelding,14,1,12,0.003
2025-07-04,2,KR,Afturelding,14,2,6,0.0015
2025-07-04,2,KR,Afturelding,14,3,1,2.5e-4
2025-07-04,2,KR,Afturelding,14,5,1,2.5e-4
2025-07-04,2,KR,Afturelding,14,7,1,2.5e-4
2025-07-04,2,KR,Afturelding,15,0,4,0.001
2025-07-04,2,KR,Afturelding,15,1,4,0.001
2025-07-04,2,KR,Afturelding,15,2,1,2.5e-4
2025-07-04,2,KR,Afturelding,15,4,1,2.5e-4
2025-07-04,2,KR,Afturelding,16,0,1,2.5e-4
2025-07-04,2,KR,Afturelding,16,1,1,2.5e-4
2025-07-04,2,KR,Afturelding,16,2,1,2.5e-4
2025-07-04,2,KR,Afturelding,16,3,1,2.5e-4
2025-07-04,2,KR,Afturelding,17,0,2,5e-4
2025-07-04,2,KR,Afturelding,17,1,1,2.5e-4
2025-07-04,2,KR,Afturelding,18,0,1,2.5e-4
2025-07-04,2,KR,Afturelding,18,3,1,2.5e-4
2025-07-04,2,KR,Afturelding,26,0,1,2.5e-4
2025-07-04,2,ÍBV,Grindavík/ Njarðvík,0,0,37,0.00925
2025-07-04,2,ÍBV,Grindavík/ Njarðvík,0,1,35,0.00875
2025-07-04,2,ÍBV,Grindavík/ Njarðvík,0,2,28,0.007
2025-07-04,2,ÍBV,Grindavík/ Njarðvík,0,3,14,0.0035
2025-07-04,2,ÍBV,Grindavík/ Njarðvík,0,4,8,0.002
2025-07-04,2,ÍBV,Grindavík/ Njarðvík,0,5,4,0.001
2025-07-04,2,ÍBV,Grindavík/ Njarðvík,0,6,1,2.5e-4
2025-07-04,2,ÍBV,Grindavík/ Njarðvík,1,0,80,0.02
2025-07-04,2,ÍBV,Grindavík/ Njarðvík,1,1,124,0.031
2025-07-04,2,ÍBV,Grindavík/ Njarðvík,1,2,77,0.01925
2025-07-04,2,ÍBV,Grindavík/ Njarðvík,1,3,51,0.01275
2025-07-04,2,ÍBV,Grindavík/ Njarðvík,1,4,17,0.00425
2025-07-04,2,ÍBV,Grindavík/ Njarðvík,1,5,7,0.00175
2025-07-04,2,ÍBV,Grindavík/ Njarðvík,1,6,4,0.001
2025-07-04,2,ÍBV,Grindavík/ Njarðvík,1,7,2,5e-4
2025-07-04,2,ÍBV,Grindavík/ Njarðvík,1,8,1,2.5e-4
2025-07-04,2,ÍBV,Grindavík/ Njarðvík,2,0,131,0.03275
2025-07-04,2,ÍBV,Grindavík/ Njarðvík,2,1,160,0.04
2025-07-04,2,ÍBV,Grindavík/ Njarðvík,2,2,146,0.0365
2025-07-04,2,ÍBV,Grindavík/ Njarðvík,2,3,81,0.02025
2025-07-04,2,ÍBV,Grindavík/ Njarðvík,2,4,32,0.008
2025-07-04,2,ÍBV,Grindavík/ Njarðvík,2,5,18,0.0045
2025-07-04,2,ÍBV,Grindavík/ Njarðvík,2,6,12,0.003
2025-07-04,2,ÍBV,Grindavík/ Njarðvík,2,7,4,0.001
2025-07-04,2,ÍBV,Grindavík/ Njarðvík,3,0,141,0.03525
2025-07-04,2,ÍBV,Grindavík/ Njarðvík,3,1,195,0.04875
2025-07-04,2,ÍBV,Grindavík/ Njarðvík,3,2,159,0.03975
2025-07-04,2,ÍBV,Grindavík/ Njarðvík,3,3,71,0.01775
2025-07-04,2,ÍBV,Grindavík/ Njarðvík,3,4,39,0.00975
2025-07-04,2,ÍBV,Grindavík/ Njarðvík,3,5,20,0.005
2025-07-04,2,ÍBV,Grindavík/ Njarðvík,3,6,12,0.003
2025-07-04,2,ÍBV,Grindavík/ Njarðvík,3,7,1,2.5e-4
2025-07-04,2,ÍBV,Grindavík/ Njarðvík,3,8,3,7.5e-4
2025-07-04,2,ÍBV,Grindavík/ Njarðvík,3,11,1,2.5e-4
2025-07-04,2,ÍBV,Grindavík/ Njarðvík,4,0,145,0.03625
2025-07-04,2,ÍBV,Grindavík/ Njarðvík,4,1,191,0.04775
2025-07-04,2,ÍBV,Grindavík/ Njarðvík,4,2,157,0.03925
2025-07-04,2,ÍBV,Grindavík/ Njarðvík,4,3,93,0.02325
2025-07-04,2,ÍBV,Grindavík/ Njarðvík,4,4,47,0.01175
2025-07-04,2,ÍBV,Grindavík/ Njarðvík,4,5,11,0.00275
2025-07-04,2,ÍBV,Grindavík/ Njarðvík,4,6,11,0.00275
2025-07-04,2,ÍBV,Grindavík/ Njarðvík,4,7,4,0.001
2025-07-04,2,ÍBV,Grindavík/ Njarðvík,5,0,133,0.03325
2025-07-04,2,ÍBV,Grindavík/ Njarðvík,5,1,137,0.03425
2025-07-04,2,ÍBV,Grindavík/ Njarðvík,5,2,113,0.02825
2025-07-04,2,ÍBV,Grindavík/ Njarðvík,5,3,75,0.01875
2025-07-04,2,ÍBV,Grindavík/ Njarðvík,5,4,42,0.0105
2025-07-04,2,ÍBV,Grindavík/ Njarðvík,5,5,21,0.00525
2025-07-04,2,ÍBV,Grindavík/ Njarðvík,5,6,9,0.00225
2025-07-04,2,ÍBV,Grindavík/ Njarðvík,5,7,5,0.00125
2025-07-04,2,ÍBV,Grindavík/ Njarðvík,6,0,75,0.01875
2025-07-04,2,ÍBV,Grindavík/ Njarðvík,6,1,123,0.03075
2025-07-04,2,ÍBV,Grindavík/ Njarðvík,6,2,107,0.02675
2025-07-04,2,ÍBV,Grindavík/ Njarðvík,6,3,41,0.01025
2025-07-04,2,ÍBV,Grindavík/ Njarðvík,6,4,24,0.006
2025-07-04,2,ÍBV,Grindavík/ Njarðvík,6,5,16,0.004
2025-07-04,2,ÍBV,Grindavík/ Njarðvík,6,6,7,0.00175
2025-07-04,2,ÍBV,Grindavík/ Njarðvík,6,7,2,5e-4
2025-07-04,2,ÍBV,Grindavík/ Njarðvík,6,8,1,2.5e-4
2025-07-04,2,ÍBV,Grindavík/ Njarðvík,7,0,59,0.01475
2025-07-04,2,ÍBV,Grindavík/ Njarðvík,7,1,77,0.01925
2025-07-04,2,ÍBV,Grindavík/ Njarðvík,7,2,56,0.014
2025-07-04,2,ÍBV,Grindavík/ Njarðvík,7,3,35,0.00875
2025-07-04,2,ÍBV,Grindavík/ Njarðvík,7,4,12,0.003
2025-07-04,2,ÍBV,Grindavík/ Njarðvík,7,5,11,0.00275
2025-07-04,2,ÍBV,Grindavík/ Njarðvík,7,6,1,2.5e-4
2025-07-04,2,ÍBV,Grindavík/ Njarðvík,7,10,1,2.5e-4
2025-07-04,2,ÍBV,Grindavík/ Njarðvík,8,0,34,0.0085
2025-07-04,2,ÍBV,Grindavík/ Njarðvík,8,1,52,0.013
2025-07-04,2,ÍBV,Grindavík/ Njarðvík,8,2,45,0.01125
2025-07-04,2,ÍBV,Grindavík/ Njarðvík,8,3,28,0.007
2025-07-04,2,ÍBV,Grindavík/ Njarðvík,8,4,13,0.00325
2025-07-04,2,ÍBV,Grindavík/ Njarðvík,8,5,2,5e-4
2025-07-04,2,ÍBV,Grindavík/ Njarðvík,8,6,1,2.5e-4
2025-07-04,2,ÍBV,Grindavík/ Njarðvík,8,7,1,2.5e-4
2025-07-04,2,ÍBV,Grindavík/ Njarðvík,9,0,32,0.008
2025-07-04,2,ÍBV,Grindavík/ Njarðvík,9,1,31,0.00775
2025-07-04,2,ÍBV,Grindavík/ Njarðvík,9,2,26,0.0065
2025-07-04,2,ÍBV,Grindavík/ Njarðvík,9,3,17,0.00425
2025-07-04,2,ÍBV,Grindavík/ Njarðvík,9,4,7,0.00175
2025-07-04,2,ÍBV,Grindavík/ Njarðvík,9,5,3,7.5e-4
2025-07-04,2,ÍBV,Grindavík/ Njarðvík,9,6,2,5e-4
2025-07-04,2,ÍBV,Grindavík/ Njarðvík,9,7,1,2.5e-4
2025-07-04,2,ÍBV,Grindavík/ Njarðvík,10,0,17,0.00425
2025-07-04,2,ÍBV,Grindavík/ Njarðvík,10,1,11,0.00275
2025-07-04,2,ÍBV,Grindavík/ Njarðvík,10,2,21,0.00525
2025-07-04,2,ÍBV,Grindavík/ Njarðvík,10,3,5,0.00125
2025-07-04,2,ÍBV,Grindavík/ Njarðvík,10,4,5,0.00125
2025-07-04,2,ÍBV,Grindavík/ Njarðvík,10,5,2,5e-4
2025-07-04,2,ÍBV,Grindavík/ Njarðvík,10,7,1,2.5e-4
2025-07-04,2,ÍBV,Grindavík/ Njarðvík,10,8,1,2.5e-4
2025-07-04,2,ÍBV,Grindavík/ Njarðvík,11,0,13,0.00325
2025-07-04,2,ÍBV,Grindavík/ Njarðvík,11,1,10,0.0025
2025-07-04,2,ÍBV,Grindavík/ Njarðvík,11,2,7,0.00175
2025-07-04,2,ÍBV,Grindavík/ Njarðvík,11,3,5,0.00125
2025-07-04,2,ÍBV,Grindavík/ Njarðvík,11,5,4,0.001
2025-07-04,2,ÍBV,Grindavík/ Njarðvík,11,6,1,2.5e-4
2025-07-04,2,ÍBV,Grindavík/ Njarðvík,12,0,5,0.00125
2025-07-04,2,ÍBV,Grindavík/ Njarðvík,12,1,4,0.001
2025-07-04,2,ÍBV,Grindavík/ Njarðvík,12,2,4,0.001
2025-07-04,2,ÍBV,Grindavík/ Njarðvík,12,3,3,7.5e-4
2025-07-04,2,ÍBV,Grindavík/ Njarðvík,12,4,2,5e-4
2025-07-04,2,ÍBV,Grindavík/ Njarðvík,12,5,1,2.5e-4
2025-07-04,2,ÍBV,Grindavík/ Njarðvík,12,12,1,2.5e-4
2025-07-04,2,ÍBV,Grindavík/ Njarðvík,13,0,1,2.5e-4
2025-07-04,2,ÍBV,Grindavík/ Njarðvík,13,1,6,0.0015
2025-07-04,2,ÍBV,Grindavík/ Njarðvík,13,2,2,5e-4
2025-07-04,2,ÍBV,Grindavík/ Njarðvík,13,4,1,2.5e-4
2025-07-04,2,ÍBV,Grindavík/ Njarðvík,14,0,2,5e-4
2025-07-04,2,ÍBV,Grindavík/ Njarðvík,14,1,3,7.5e-4
2025-07-04,2,ÍBV,Grindavík/ Njarðvík,14,3,1,2.5e-4
2025-07-04,2,ÍBV,Grindavík/ Njarðvík,14,4,1,2.5e-4
2025-07-04,2,ÍBV,Grindavík/ Njarðvík,15,2,1,2.5e-4
2025-07-04,2,ÍBV,Grindavík/ Njarðvík,15,5,1,2.5e-4
2025-07-04,2,ÍBV,Grindavík/ Njarðvík,16,1,3,7.5e-4
2025-07-04,2,ÍBV,Grindavík/ Njarðvík,17,4,1,2.5e-4
2025-07-04,2,ÍBV,Grindavík/ Njarðvík,18,0,1,2.5e-4
2025-07-24,1,Breiðablik,Þróttur R.,0,0,181,0.04525
2025-07-24,1,Breiðablik,Þróttur R.,0,1,187,0.04675
2025-07-24,1,Breiðablik,Þróttur R.,0,2,68,0.017
2025-07-24,1,Breiðablik,Þróttur R.,0,3,31,0.00775
2025-07-24,1,Breiðablik,Þróttur R.,0,4,5,0.00125
2025-07-24,1,Breiðablik,Þróttur R.,0,5,2,5e-4
2025-07-24,1,Breiðablik,Þróttur R.,0,6,3,7.5e-4
2025-07-24,1,Breiðablik,Þróttur R.,0,7,1,2.5e-4
2025-07-24,1,Breiðablik,Þróttur R.,1,0,364,0.091
2025-07-24,1,Breiðablik,Þróttur R.,1,1,324,0.081
2025-07-24,1,Breiðablik,Þróttur R.,1,2,152,0.038
2025-07-24,1,Breiðablik,Þróttur R.,1,3,47,0.01175
2025-07-24,1,Breiðablik,Þróttur R.,1,4,20,0.005
2025-07-24,1,Breiðablik,Þróttur R.,1,5,6,0.0015
2025-07-24,1,Breiðablik,Þróttur R.,1,6,2,5e-4
2025-07-24,1,Breiðablik,Þróttur R.,2,0,362,0.0905
2025-07-24,1,Breiðablik,Þróttur R.,2,1,335,0.08375
2025-07-24,1,Breiðablik,Þróttur R.,2,2,171,0.04275
2025-07-24,1,Breiðablik,Þróttur R.,2,3,67,0.01675
2025-07-24,1,Breiðablik,Þróttur R.,2,4,11,0.00275
2025-07-24,1,Breiðablik,Þróttur R.,2,5,4,0.001
2025-07-24,1,Breiðablik,Þróttur R.,2,6,1,2.5e-4
2025-07-24,1,Breiðablik,Þróttur R.,3,0,301,0.07525
2025-07-24,1,Breiðablik,Þróttur R.,3,1,264,0.066
2025-07-24,1,Breiðablik,Þróttur R.,3,2,134,0.0335
2025-07-24,1,Breiðablik,Þróttur R.,3,3,54,0.0135
2025-07-24,1,Breiðablik,Þróttur R.,3,4,10,0.0025
2025-07-24,1,Breiðablik,Þróttur R.,3,5,2,5e-4
2025-07-24,1,Breiðablik,Þróttur R.,3,6,1,2.5e-4
2025-07-24,1,Breiðablik,Þróttur R.,4,0,168,0.042
2025-07-24,1,Breiðablik,Þróttur R.,4,1,145,0.03625
2025-07-24,1,Breiðablik,Þróttur R.,4,2,83,0.02075
2025-07-24,1,Breiðablik,Þróttur R.,4,3,24,0.006
2025-07-24,1,Breiðablik,Þróttur R.,4,4,15,0.00375
2025-07-24,1,Breiðablik,Þróttur R.,4,5,5,0.00125
2025-07-24,1,Breiðablik,Þróttur R.,4,6,1,2.5e-4
2025-07-24,1,Breiðablik,Þróttur R.,5,0,92,0.023
2025-07-24,1,Breiðablik,Þróttur R.,5,1,101,0.02525
2025-07-24,1,Breiðablik,Þróttur R.,5,2,42,0.0105
2025-07-24,1,Breiðablik,Þróttur R.,5,3,13,0.00325
2025-07-24,1,Breiðablik,Þróttur R.,5,4,6,0.0015
2025-07-24,1,Breiðablik,Þróttur R.,5,5,1,2.5e-4
2025-07-24,1,Breiðablik,Þróttur R.,5,6,1,2.5e-4
2025-07-24,1,Breiðablik,Þróttur R.,6,0,50,0.0125
2025-07-24,1,Breiðablik,Þróttur R.,6,1,30,0.0075
2025-07-24,1,Breiðablik,Þróttur R.,6,2,21,0.00525
2025-07-24,1,Breiðablik,Þróttur R.,6,3,6,0.0015
2025-07-24,1,Breiðablik,Þróttur R.,6,4,3,7.5e-4
2025-07-24,1,Breiðablik,Þróttur R.,6,5,2,5e-4
2025-07-24,1,Breiðablik,Þróttur R.,6,6,1,2.5e-4
2025-07-24,1,Breiðablik,Þróttur R.,7,0,17,0.00425
2025-07-24,1,Breiðablik,Þróttur R.,7,1,18,0.0045
2025-07-24,1,Breiðablik,Þróttur R.,7,2,9,0.00225
2025-07-24,1,Breiðablik,Þróttur R.,7,3,3,7.5e-4
2025-07-24,1,Breiðablik,Þróttur R.,7,4,1,2.5e-4
2025-07-24,1,Breiðablik,Þróttur R.,7,5,1,2.5e-4
2025-07-24,1,Breiðablik,Þróttur R.,8,0,6,0.0015
2025-07-24,1,Breiðablik,Þróttur R.,8,1,10,0.0025
2025-07-24,1,Breiðablik,Þróttur R.,8,2,1,2.5e-4
2025-07-24,1,Breiðablik,Þróttur R.,8,3,3,7.5e-4
2025-07-24,1,Breiðablik,Þróttur R.,8,4,1,2.5e-4
2025-07-24,1,Breiðablik,Þróttur R.,9,0,1,2.5e-4
2025-07-24,1,Breiðablik,Þróttur R.,9,1,2,5e-4
2025-07-24,1,Breiðablik,Þróttur R.,9,2,1,2.5e-4
2025-07-24,1,Breiðablik,Þróttur R.,9,3,1,2.5e-4
2025-07-24,1,Breiðablik,Þróttur R.,10,0,2,5e-4
2025-07-24,1,Breiðablik,Þróttur R.,10,2,1,2.5e-4
2025-07-24,1,Breiðablik,Þróttur R.,10,3,1,2.5e-4
2025-07-24,1,Breiðablik,Þróttur R.,11,1,1,2.5e-4
2025-07-24,1,Tindastóll,Þór/KA,0,0,149,0.03725
2025-07-24,1,Tindastóll,Þór/KA,0,1,222,0.0555
2025-07-24,1,Tindastóll,Þór/KA,0,2,310,0.0775
2025-07-24,1,Tindastóll,Þór/KA,0,3,206,0.0515
2025-07-24,1,Tindastóll,Þór/KA,0,4,125,0.03125
2025-07-24,1,Tindastóll,Þór/KA,0,5,73,0.01825
2025-07-24,1,Tindastóll,Þór/KA,0,6,43,0.01075
2025-07-24,1,Tindastóll,Þór/KA,0,7,15,0.00375
2025-07-24,1,Tindastóll,Þór/KA,0,8,5,0.00125
2025-07-24,1,Tindastóll,Þór/KA,0,10,1,2.5e-4
2025-07-24,1,Tindastóll,Þór/KA,1,0,140,0.035
2025-07-24,1,Tindastóll,Þór/KA,1,1,309,0.07725
2025-07-24,1,Tindastóll,Þór/KA,1,2,331,0.08275
2025-07-24,1,Tindastóll,Þór/KA,1,3,238,0.0595
2025-07-24,1,Tindastóll,Þór/KA,1,4,153,0.03825
2025-07-24,1,Tindastóll,Þór/KA,1,5,101,0.02525
2025-07-24,1,Tindastóll,Þór/KA,1,6,44,0.011
2025-07-24,1,Tindastóll,Þór/KA,1,7,16,0.004
2025-07-24,1,Tindastóll,Þór/KA,1,8,11,0.00275
2025-07-24,1,Tindastóll,Þór/KA,1,9,4,0.001
2025-07-24,1,Tindastóll,Þór/KA,2,0,113,0.02825
2025-07-24,1,Tindastóll,Þór/KA,2,1,177,0.04425
2025-07-24,1,Tindastóll,Þór/KA,2,2,195,0.04875
2025-07-24,1,Tindastóll,Þór/KA,2,3,170,0.0425
2025-07-24,1,Tindastóll,Þór/KA,2,4,92,0.023
2025-07-24,1,Tindastóll,Þór/KA,2,5,45,0.01125
2025-07-24,1,Tindastóll,Þór/KA,2,6,35,0.00875
2025-07-24,1,Tindastóll,Þór/KA,2,7,13,0.00325
2025-07-24,1,Tindastóll,Þór/KA,2,8,6,0.0015
2025-07-24,1,Tindastóll,Þór/KA,2,9,5,0.00125
2025-07-24,1,Tindastóll,Þór/KA,2,11,1,2.5e-4
2025-07-24,1,Tindastóll,Þór/KA,2,12,1,2.5e-4
2025-07-24,1,Tindastóll,Þór/KA,3,0,35,0.00875
2025-07-24,1,Tindastóll,Þór/KA,3,1,69,0.01725
2025-07-24,1,Tindastóll,Þór/KA,3,2,101,0.02525
2025-07-24,1,Tindastóll,Þór/KA,3,3,92,0.023
2025-07-24,1,Tindastóll,Þór/KA,3,4,60,0.015
2025-07-24,1,Tindastóll,Þór/KA,3,5,31,0.00775
2025-07-24,1,Tindastóll,Þór/KA,3,6,13,0.00325
2025-07-24,1,Tindastóll,Þór/KA,3,7,3,7.5e-4
2025-07-24,1,Tindastóll,Þór/KA,3,8,1,2.5e-4
2025-07-24,1,Tindastóll,Þór/KA,3,9,3,7.5e-4
2025-07-24,1,Tindastóll,Þór/KA,3,10,1,2.5e-4
2025-07-24,1,Tindastóll,Þór/KA,4,0,9,0.00225
2025-07-24,1,Tindastóll,Þór/KA,4,1,30,0.0075
2025-07-24,1,Tindastóll,Þór/KA,4,2,39,0.00975
2025-07-24,1,Tindastóll,Þór/KA,4,3,38,0.0095
2025-07-24,1,Tindastóll,Þór/KA,4,4,25,0.00625
2025-07-24,1,Tindastóll,Þór/KA,4,5,11,0.00275
2025-07-24,1,Tindastóll,Þór/KA,4,6,5,0.00125
2025-07-24,1,Tindastóll,Þór/KA,4,7,4,0.001
2025-07-24,1,Tindastóll,Þór/KA,4,9,1,2.5e-4
2025-07-24,1,Tindastóll,Þór/KA,4,10,1,2.5e-4
2025-07-24,1,Tindastóll,Þór/KA,5,0,5,0.00125
2025-07-24,1,Tindastóll,Þór/KA,5,1,13,0.00325
2025-07-24,1,Tindastóll,Þór/KA,5,2,13,0.00325
2025-07-24,1,Tindastóll,Þór/KA,5,3,12,0.003
2025-07-24,1,Tindastóll,Þór/KA,5,4,8,0.002
2025-07-24,1,Tindastóll,Þór/KA,5,5,6,0.0015
2025-07-24,1,Tindastóll,Þór/KA,5,6,2,5e-4
2025-07-24,1,Tindastóll,Þór/KA,5,7,2,5e-4
2025-07-24,1,Tindastóll,Þór/KA,6,1,4,0.001
2025-07-24,1,Tindastóll,Þór/KA,6,2,2,5e-4
2025-07-24,1,Tindastóll,Þór/KA,6,3,4,0.001
2025-07-24,1,Tindastóll,Þór/KA,6,4,2,5e-4
2025-07-24,1,Tindastóll,Þór/KA,6,6,1,2.5e-4
2025-07-24,1,Tindastóll,Þór/KA,7,1,1,2.5e-4
2025-07-24,1,Tindastóll,Þór/KA,7,7,1,2.5e-4
2025-07-24,1,Tindastóll,Þór/KA,8,1,1,2.5e-4
2025-07-24,1,Tindastóll,Þór/KA,8,2,1,2.5e-4
2025-07-24,1,Tindastóll,Þór/KA,10,3,1,2.5e-4
2025-07-24,1,Valur,FHL,0,0,123,0.03075
2025-07-24,1,Valur,FHL,0,1,38,0.0095
2025-07-24,1,Valur,FHL,0,2,5,0.00125
2025-07-24,1,Valur,FHL,0,3,1,2.5e-4
2025-07-24,1,Valur,FHL,1,0,359,0.08975
2025-07-24,1,Valur,FHL,1,1,103,0.02575
2025-07-24,1,Valur,FHL,1,2,18,0.0045
2025-07-24,1,Valur,FHL,1,3,1,2.5e-4
2025-07-24,1,Valur,FHL,2,0,535,0.13375
2025-07-24,1,Valur,FHL,2,1,162,0.0405
2025-07-24,1,Valur,FHL,2,2,28,0.007
2025-07-24,1,Valur,FHL,2,3,4,0.001
2025-07-24,1,Valur,FHL,3,0,585,0.14625
2025-07-24,1,Valur,FHL,3,1,157,0.03925
2025-07-24,1,Valur,FHL,3,2,23,0.00575
2025-07-24,1,Valur,FHL,3,3,3,7.5e-4
2025-07-24,1,Valur,FHL,3,5,1,2.5e-4
2025-07-24,1,Valur,FHL,4,0,479,0.11975
2025-07-24,1,Valur,FHL,4,1,144,0.036
2025-07-24,1,Valur,FHL,4,2,26,0.0065
2025-07-24,1,Valur,FHL,4,3,5,0.00125
2025-07-24,1,Valur,FHL,5,0,337,0.08425
2025-07-24,1,Valur,FHL,5,1,103,0.02575
2025-07-24,1,Valur,FHL,5,2,19,0.00475
2025-07-24,1,Valur,FHL,5,3,2,5e-4
2025-07-24,1,Valur,FHL,5,4,1,2.5e-4
2025-07-24,1,Valur,FHL,6,0,238,0.0595
2025-07-24,1,Valur,FHL,6,1,78,0.0195
2025-07-24,1,Valur,FHL,6,2,12,0.003
2025-07-24,1,Valur,FHL,6,3,4,0.001
2025-07-24,1,Valur,FHL,7,0,147,0.03675
2025-07-24,1,Valur,FHL,7,1,42,0.0105
2025-07-24,1,Valur,FHL,7,2,3,7.5e-4
2025-07-24,1,Valur,FHL,7,4,2,5e-4
2025-07-24,1,Valur,FHL,8,0,75,0.01875
2025-07-24,1,Valur,FHL,8,1,24,0.006
2025-07-24,1,Valur,FHL,8,2,7,0.00175
2025-07-24,1,Valur,FHL,8,3,1,2.5e-4
2025-07-24,1,Valur,FHL,9,0,37,0.00925
2025-07-24,1,Valur,FHL,9,1,20,0.005
2025-07-24,1,Valur,FHL,9,2,2,5e-4
2025-07-24,1,Valur,FHL,10,0,23,0.00575
2025-07-24,1,Valur,FHL,10,1,6,0.0015
2025-07-24,1,Valur,FHL,10,2,1,2.5e-4
2025-07-24,1,Valur,FHL,11,0,7,0.00175
2025-07-24,1,Valur,FHL,11,1,1,2.5e-4
2025-07-24,1,Valur,FHL,12,0,3,7.5e-4
2025-07-24,1,Valur,FHL,12,1,2,5e-4
2025-07-24,1,Valur,FHL,12,2,1,2.5e-4
2025-07-24,1,Valur,FHL,14,1,1,2.5e-4
2025-07-24,1,Valur,FHL,17,1,1,2.5e-4
2025-07-25,1,FH,Fram,0,0,188,0.047
2025-07-25,1,FH,Fram,0,1,108,0.027
2025-07-25,1,FH,Fram,0,2,39,0.00975
2025-07-25,1,FH,Fram,0,3,10,0.0025
2025-07-25,1,FH,Fram,0,4,1,2.5e-4
2025-07-25,1,FH,Fram,0,5,1,2.5e-4
2025-07-25,1,FH,Fram,1,0,358,0.0895
2025-07-25,1,FH,Fram,1,1,287,0.07175
2025-07-25,1,FH,Fram,1,2,110,0.0275
2025-07-25,1,FH,Fram,1,3,25,0.00625
2025-07-25,1,FH,Fram,1,4,5,0.00125
2025-07-25,1,FH,Fram,1,5,1,2.5e-4
2025-07-25,1,FH,Fram,2,0,433,0.10825
2025-07-25,1,FH,Fram,2,1,303,0.07575
2025-07-25,1,FH,Fram,2,2,105,0.02625
2025-07-25,1,FH,Fram,2,3,27,0.00675
2025-07-25,1,FH,Fram,2,4,7,0.00175
2025-07-25,1,FH,Fram,2,5,4,0.001
2025-07-25,1,FH,Fram,3,0,389,0.09725
2025-07-25,1,FH,Fram,3,1,240,0.06
2025-07-25,1,FH,Fram,3,2,106,0.0265
2025-07-25,1,FH,Fram,3,3,47,0.01175
2025-07-25,1,FH,Fram,3,4,8,0.002
2025-07-25,1,FH,Fram,3,5,1,2.5e-4
2025-07-25,1,FH,Fram,4,0,246,0.0615
2025-07-25,1,FH,Fram,4,1,189,0.04725
2025-07-25,1,FH,Fram,4,2,75,0.01875
2025-07-25,1,FH,Fram,4,3,20,0.005
2025-07-25,1,FH,Fram,4,4,6,0.0015
2025-07-25,1,FH,Fram,4,5,2,5e-4
2025-07-25,1,FH,Fram,4,7,1,2.5e-4
2025-07-25,1,FH,Fram,5,0,161,0.04025
2025-07-25,1,FH,Fram,5,1,112,0.028
2025-07-25,1,FH,Fram,5,2,51,0.01275
2025-07-25,1,FH,Fram,5,3,7,0.00175
2025-07-25,1,FH,Fram,5,4,7,0.00175
2025-07-25,1,FH,Fram,5,6,2,5e-4
2025-07-25,1,FH,Fram,6,0,98,0.0245
2025-07-25,1,FH,Fram,6,1,46,0.0115
2025-07-25,1,FH,Fram,6,2,26,0.0065
2025-07-25,1,FH,Fram,6,3,2,5e-4
2025-07-25,1,FH,Fram,6,6,1,2.5e-4
2025-07-25,1,FH,Fram,6,7,1,2.5e-4
2025-07-25,1,FH,Fram,7,0,27,0.00675
2025-07-25,1,FH,Fram,7,1,41,0.01025
2025-07-25,1,FH,Fram,7,2,15,0.00375
2025-07-25,1,FH,Fram,7,3,1,2.5e-4
2025-07-25,1,FH,Fram,8,0,18,0.0045
2025-07-25,1,FH,Fram,8,1,7,0.00175
2025-07-25,1,FH,Fram,8,2,7,0.00175
2025-07-25,1,FH,Fram,8,3,2,5e-4
2025-07-25,1,FH,Fram,8,4,1,2.5e-4
2025-07-25,1,FH,Fram,9,0,8,0.002
2025-07-25,1,FH,Fram,9,1,3,7.5e-4
2025-07-25,1,FH,Fram,9,2,1,2.5e-4
2025-07-25,1,FH,Fram,9,3,1,2.5e-4
2025-07-25,1,FH,Fram,10,0,4,0.001
2025-07-25,1,FH,Fram,10,2,3,7.5e-4
2025-07-25,1,FH,Fram,11,0,3,7.5e-4
2025-07-25,1,FH,Fram,11,1,1,2.5e-4
2025-07-25,1,FH,Fram,11,2,1,2.5e-4
2025-07-25,1,Víkingur R.,Stjarnan,0,0,280,0.07
2025-07-25,1,Víkingur R.,Stjarnan,0,1,287,0.07175
2025-07-25,1,Víkingur R.,Stjarnan,0,2,205,0.05125
2025-07-25,1,Víkingur R.,Stjarnan,0,3,108,0.027
2025-07-25,1,Víkingur R.,Stjarnan,0,4,36,0.009
2025-07-25,1,Víkingur R.,Stjarnan,0,5,16,0.004
2025-07-25,1,Víkingur R.,Stjarnan,0,6,5,0.00125
2025-07-25,1,Víkingur R.,Stjarnan,0,7,2,5e-4
2025-07-25,1,Víkingur R.,Stjarnan,0,8,1,2.5e-4
2025-07-25,1,Víkingur R.,Stjarnan,1,0,297,0.07425
2025-07-25,1,Víkingur R.,Stjarnan,1,1,404,0.101
2025-07-25,1,Víkingur R.,Stjarnan,1,2,269,0.06725
2025-07-25,1,Víkingur R.,Stjarnan,1,3,150,0.0375
2025-07-25,1,Víkingur R.,Stjarnan,1,4,73,0.01825
2025-07-25,1,Víkingur R.,Stjarnan,1,5,21,0.00525
2025-07-25,1,Víkingur R.,Stjarnan,1,6,10,0.0025
2025-07-25,1,Víkingur R.,Stjarnan,1,7,6,0.0015
2025-07-25,1,Víkingur R.,Stjarnan,1,8,1,2.5e-4
2025-07-25,1,Víkingur R.,Stjarnan,1,9,1,2.5e-4
2025-07-25,1,Víkingur R.,Stjarnan,2,0,230,0.0575
2025-07-25,1,Víkingur R.,Stjarnan,2,1,297,0.07425
2025-07-25,1,Víkingur R.,Stjarnan,2,2,251,0.06275
2025-07-25,1,Víkingur R.,Stjarnan,2,3,111,0.02775
2025-07-25,1,Víkingur R.,Stjarnan,2,4,60,0.015
2025-07-25,1,Víkingur R.,Stjarnan,2,5,15,0.00375
2025-07-25,1,Víkingur R.,Stjarnan,2,6,11,0.00275
2025-07-25,1,Víkingur R.,Stjarnan,2,7,1,2.5e-4
2025-07-25,1,Víkingur R.,Stjarnan,2,8,1,2.5e-4
2025-07-25,1,Víkingur R.,Stjarnan,3,0,122,0.0305
2025-07-25,1,Víkingur R.,Stjarnan,3,1,159,0.03975
2025-07-25,1,Víkingur R.,Stjarnan,3,2,118,0.0295
2025-07-25,1,Víkingur R.,Stjarnan,3,3,65,0.01625
2025-07-25,1,Víkingur R.,Stjarnan,3,4,39,0.00975
2025-07-25,1,Víkingur R.,Stjarnan,3,5,11,0.00275
2025-07-25,1,Víkingur R.,Stjarnan,3,6,1,2.5e-4
2025-07-25,1,Víkingur R.,Stjarnan,3,7,1,2.5e-4
2025-07-25,1,Víkingur R.,Stjarnan,3,8,1,2.5e-4
2025-07-25,1,Víkingur R.,Stjarnan,4,0,45,0.01125
2025-07-25,1,Víkingur R.,Stjarnan,4,1,63,0.01575
2025-07-25,1,Víkingur R.,Stjarnan,4,2,61,0.01525
2025-07-25,1,Víkingur R.,Stjarnan,4,3,25,0.00625
2025-07-25,1,Víkingur R.,Stjarnan,4,4,18,0.0045
2025-07-25,1,Víkingur R.,Stjarnan,4,5,5,0.00125
2025-07-25,1,Víkingur R.,Stjarnan,5,0,18,0.0045
2025-07-25,1,Víkingur R.,Stjarnan,5,1,26,0.0065
2025-07-25,1,Víkingur R.,Stjarnan,5,2,16,0.004
2025-07-25,1,Víkingur R.,Stjarnan,5,3,7,0.00175
2025-07-25,1,Víkingur R.,Stjarnan,5,4,6,0.0015
2025-07-25,1,Víkingur R.,Stjarnan,5,5,3,7.5e-4
2025-07-25,1,Víkingur R.,Stjarnan,5,6,1,2.5e-4
2025-07-25,1,Víkingur R.,Stjarnan,6,0,6,0.0015
2025-07-25,1,Víkingur R.,Stjarnan,6,1,5,0.00125
2025-07-25,1,Víkingur R.,Stjarnan,6,2,7,0.00175
2025-07-25,1,Víkingur R.,Stjarnan,6,3,4,0.001
2025-07-25,1,Víkingur R.,Stjarnan,6,5,2,5e-4
2025-07-25,1,Víkingur R.,Stjarnan,6,6,1,2.5e-4
2025-07-25,1,Víkingur R.,Stjarnan,7,0,2,5e-4
2025-07-25,1,Víkingur R.,Stjarnan,7,1,4,0.001
2025-07-25,1,Víkingur R.,Stjarnan,7,2,4,0.001
2025-07-25,1,Víkingur R.,Stjarnan,7,3,1,2.5e-4
2025-07-25,1,Víkingur R.,Stjarnan,7,5,1,2.5e-4
2025-07-25,1,Víkingur R.,Stjarnan,7,6,1,2.5e-4
2025-07-25,1,Víkingur R.,Stjarnan,8,2,1,2.5e-4
2025-07-25,1,Víkingur R.,Stjarnan,10,1,1,2.5e-4
2025-07-28,1,Valur,Breiðablik,0,0,311,0.07775
2025-07-28,1,Valur,Breiðablik,0,1,524,0.131
2025-07-28,1,Valur,Breiðablik,0,2,370,0.0925
2025-07-28,1,Valur,Breiðablik,0,3,242,0.0605
2025-07-28,1,Valur,Breiðablik,0,4,120,0.03
2025-07-28,1,Valur,Breiðablik,0,5,56,0.014
2025-07-28,1,Valur,Breiðablik,0,6,19,0.00475
2025-07-28,1,Valur,Breiðablik,0,7,3,7.5e-4
2025-07-28,1,Valur,Breiðablik,0,8,3,7.5e-4
2025-07-28,1,Valur,Breiðablik,0,9,2,5e-4
2025-07-28,1,Valur,Breiðablik,1,0,248,0.062
2025-07-28,1,Valur,Breiðablik,1,1,425,0.10625
2025-07-28,1,Valur,Breiðablik,1,2,308,0.077
2025-07-28,1,Valur,Breiðablik,1,3,206,0.0515
2025-07-28,1,Valur,Breiðablik,1,4,82,0.0205
2025-07-28,1,Valur,Breiðablik,1,5,55,0.01375
2025-07-28,1,Valur,Breiðablik,1,6,18,0.0045
2025-07-28,1,Valur,Breiðablik,1,7,5,0.00125
2025-07-28,1,Valur,Breiðablik,1,8,3,7.5e-4
2025-07-28,1,Valur,Breiðablik,2,0,115,0.02875
2025-07-28,1,Valur,Breiðablik,2,1,166,0.0415
2025-07-28,1,Valur,Breiðablik,2,2,174,0.0435
2025-07-28,1,Valur,Breiðablik,2,3,94,0.0235
2025-07-28,1,Valur,Breiðablik,2,4,54,0.0135
2025-07-28,1,Valur,Breiðablik,2,5,24,0.006
2025-07-28,1,Valur,Breiðablik,2,6,11,0.00275
2025-07-28,1,Valur,Breiðablik,2,7,5,0.00125
2025-07-28,1,Valur,Breiðablik,2,8,1,2.5e-4
2025-07-28,1,Valur,Breiðablik,3,0,39,0.00975
2025-07-28,1,Valur,Breiðablik,3,1,72,0.018
2025-07-28,1,Valur,Breiðablik,3,2,54,0.0135
2025-07-28,1,Valur,Breiðablik,3,3,51,0.01275
2025-07-28,1,Valur,Breiðablik,3,4,25,0.00625
2025-07-28,1,Valur,Breiðablik,3,5,11,0.00275
2025-07-28,1,Valur,Breiðablik,3,6,4,0.001
2025-07-28,1,Valur,Breiðablik,3,7,1,2.5e-4
2025-07-28,1,Valur,Breiðablik,4,0,9,0.00225
2025-07-28,1,Valur,Breiðablik,4,1,10,0.0025
2025-07-28,1,Valur,Breiðablik,4,2,22,0.0055
2025-07-28,1,Valur,Breiðablik,4,3,19,0.00475
2025-07-28,1,Valur,Breiðablik,4,4,5,0.00125
2025-07-28,1,Valur,Breiðablik,4,5,2,5e-4
2025-07-28,1,Valur,Breiðablik,5,0,5,0.00125
2025-07-28,1,Valur,Breiðablik,5,1,6,0.0015
2025-07-28,1,Valur,Breiðablik,5,2,6,0.0015
2025-07-28,1,Valur,Breiðablik,5,3,7,0.00175
2025-07-28,1,Valur,Breiðablik,5,4,1,2.5e-4
2025-07-28,1,Valur,Breiðablik,6,0,1,2.5e-4
2025-07-28,1,Valur,Breiðablik,6,1,1,2.5e-4
2025-07-28,1,Valur,Breiðablik,6,2,1,2.5e-4
2025-07-28,1,Valur,Breiðablik,6,4,1,2.5e-4
2025-07-28,1,Valur,Breiðablik,7,4,1,2.5e-4
2025-07-28,1,Valur,Breiðablik,7,5,1,2.5e-4
2025-07-28,1,Valur,Breiðablik,7,7,1,2.5e-4
2025-08-07,1,Fram,Breiðablik,0,0,75,0.01875
2025-08-07,1,Fram,Breiðablik,0,1,211,0.05275
2025-08-07,1,Fram,Breiðablik,0,2,315,0.07875
2025-08-07,1,Fram,Breiðablik,0,3,338,0.0845
2025-08-07,1,Fram,Breiðablik,0,4,334,0.0835
2025-08-07,1,Fram,Breiðablik,0,5,256,0.064
2025-08-07,1,Fram,Breiðablik,0,6,173,0.04325
2025-08-07,1,Fram,Breiðablik,0,7,110,0.0275
2025-08-07,1,Fram,Breiðablik,0,8,63,0.01575
2025-08-07,1,Fram,Breiðablik,0,9,36,0.009
2025-08-07,1,Fram,Breiðablik,0,10,17,0.00425
2025-08-07,1,Fram,Breiðablik,0,11,14,0.0035
2025-08-07,1,Fram,Breiðablik,0,12,5,0.00125
2025-08-07,1,Fram,Breiðablik,0,13,1,2.5e-4
2025-08-07,1,Fram,Breiðablik,1,0,46,0.0115
2025-08-07,1,Fram,Breiðablik,1,1,121,0.03025
2025-08-07,1,Fram,Breiðablik,1,2,226,0.0565
2025-08-07,1,Fram,Breiðablik,1,3,278,0.0695
2025-08-07,1,Fram,Breiðablik,1,4,196,0.049
2025-08-07,1,Fram,Breiðablik,1,5,178,0.0445
2025-08-07,1,Fram,Breiðablik,1,6,113,0.02825
2025-08-07,1,Fram,Breiðablik,1,7,67,0.01675
2025-08-07,1,Fram,Breiðablik,1,8,38,0.0095
2025-08-07,1,Fram,Breiðablik,1,9,24,0.006
2025-08-07,1,Fram,Breiðablik,1,10,17,0.00425
2025-08-07,1,Fram,Breiðablik,1,11,9,0.00225
2025-08-07,1,Fram,Breiðablik,1,12,3,7.5e-4
2025-08-07,1,Fram,Breiðablik,1,13,2,5e-4
2025-08-07,1,Fram,Breiðablik,1,14,1,2.5e-4
2025-08-07,1,Fram,Breiðablik,1,15,2,5e-4
2025-08-07,1,Fram,Breiðablik,2,0,11,0.00275
2025-08-07,1,Fram,Breiðablik,2,1,60,0.015
2025-08-07,1,Fram,Breiðablik,2,2,80,0.02
2025-08-07,1,Fram,Breiðablik,2,3,110,0.0275
2025-08-07,1,Fram,Breiðablik,2,4,79,0.01975
2025-08-07,1,Fram,Breiðablik,2,5,63,0.01575
2025-08-07,1,Fram,Breiðablik,2,6,58,0.0145
2025-08-07,1,Fram,Breiðablik,2,7,39,0.00975
2025-08-07,1,Fram,Breiðablik,2,8,12,0.003
2025-08-07,1,Fram,Breiðablik,2,9,12,0.003
2025-08-07,1,Fram,Breiðablik,2,10,4,0.001
2025-08-07,1,Fram,Breiðablik,2,11,2,5e-4
2025-08-07,1,Fram,Breiðablik,2,12,1,2.5e-4
2025-08-07,1,Fram,Breiðablik,2,17,1,2.5e-4
2025-08-07,1,Fram,Breiðablik,3,0,3,7.5e-4
2025-08-07,1,Fram,Breiðablik,3,1,10,0.0025
2025-08-07,1,Fram,Breiðablik,3,2,21,0.00525
2025-08-07,1,Fram,Breiðablik,3,3,44,0.011
2025-08-07,1,Fram,Breiðablik,3,4,28,0.007
2025-08-07,1,Fram,Breiðablik,3,5,15,0.00375
2025-08-07,1,Fram,Breiðablik,3,6,11,0.00275
2025-08-07,1,Fram,Breiðablik,3,7,6,0.0015
2025-08-07,1,Fram,Breiðablik,3,8,6,0.0015
2025-08-07,1,Fram,Breiðablik,3,9,5,0.00125
2025-08-07,1,Fram,Breiðablik,3,10,2,5e-4
2025-08-07,1,Fram,Breiðablik,4,0,3,7.5e-4
2025-08-07,1,Fram,Breiðablik,4,1,5,0.00125
2025-08-07,1,Fram,Breiðablik,4,2,4,0.001
2025-08-07,1,Fram,Breiðablik,4,3,6,0.0015
2025-08-07,1,Fram,Breiðablik,4,4,6,0.0015
2025-08-07,1,Fram,Breiðablik,4,5,2,5e-4
2025-08-07,1,Fram,Breiðablik,4,6,4,0.001
2025-08-07,1,Fram,Breiðablik,4,7,3,7.5e-4
2025-08-07,1,Fram,Breiðablik,4,8,1,2.5e-4
2025-08-07,1,Fram,Breiðablik,5,1,5,0.00125
2025-08-07,1,Fram,Breiðablik,5,2,1,2.5e-4
2025-08-07,1,Fram,Breiðablik,5,3,5,0.00125
2025-08-07,1,Fram,Breiðablik,5,5,1,2.5e-4
2025-08-07,1,Fram,Breiðablik,5,7,1,2.5e-4
2025-08-07,1,Fram,Breiðablik,8,4,1,2.5e-4
2025-08-07,1,Stjarnan,Tindastóll,0,0,167,0.04175
2025-08-07,1,Stjarnan,Tindastóll,0,1,131,0.03275
2025-08-07,1,Stjarnan,Tindastóll,0,2,76,0.019
2025-08-07,1,Stjarnan,Tindastóll,0,3,24,0.006
2025-08-07,1,Stjarnan,Tindastóll,0,4,11,0.00275
2025-08-07,1,Stjarnan,Tindastóll,0,5,3,7.5e-4
2025-08-07,1,Stjarnan,Tindastóll,0,6,1,2.5e-4
2025-08-07,1,Stjarnan,Tindastóll,1,0,293,0.07325
2025-08-07,1,Stjarnan,Tindastóll,1,1,301,0.07525
2025-08-07,1,Stjarnan,Tindastóll,1,2,158,0.0395
2025-08-07,1,Stjarnan,Tindastóll,1,3,64,0.016
2025-08-07,1,Stjarnan,Tindastóll,1,4,17,0.00425
2025-08-07,1,Stjarnan,Tindastóll,1,5,6,0.0015
2025-08-07,1,Stjarnan,Tindastóll,1,6,3,7.5e-4
2025-08-07,1,Stjarnan,Tindastóll,2,0,333,0.08325
2025-08-07,1,Stjarnan,Tindastóll,2,1,312,0.078
2025-08-07,1,Stjarnan,Tindastóll,2,2,213,0.05325
2025-08-07,1,Stjarnan,Tindastóll,2,3,85,0.02125
2025-08-07,1,Stjarnan,Tindastóll,2,4,34,0.0085
2025-08-07,1,Stjarnan,Tindastóll,2,5,8,0.002
2025-08-07,1,Stjarnan,Tindastóll,2,6,4,0.001
2025-08-07,1,Stjarnan,Tindastóll,3,0,248,0.062
2025-08-07,1,Stjarnan,Tindastóll,3,1,245,0.06125
2025-08-07,1,Stjarnan,Tindastóll,3,2,162,0.0405
2025-08-07,1,Stjarnan,Tindastóll,3,3,60,0.015
2025-08-07,1,Stjarnan,Tindastóll,3,4,14,0.0035
2025-08-07,1,Stjarnan,Tindastóll,3,5,4,0.001
2025-08-07,1,Stjarnan,Tindastóll,3,6,2,5e-4
2025-08-07,1,Stjarnan,Tindastóll,3,7,1,2.5e-4
2025-08-07,1,Stjarnan,Tindastóll,4,0,162,0.0405
2025-08-07,1,Stjarnan,Tindastóll,4,1,157,0.03925
2025-08-07,1,Stjarnan,Tindastóll,4,2,86,0.0215
2025-08-07,1,Stjarnan,Tindastóll,4,3,57,0.01425
2025-08-07,1,Stjarnan,Tindastóll,4,4,15,0.00375
2025-08-07,1,Stjarnan,Tindastóll,4,5,2,5e-4
2025-08-07,1,Stjarnan,Tindastóll,5,0,105,0.02625
2025-08-07,1,Stjarnan,Tindastóll,5,1,91,0.02275
2025-08-07,1,Stjarnan,Tindastóll,5,2,55,0.01375
2025-08-07,1,Stjarnan,Tindastóll,5,3,32,0.008
2025-08-07,1,Stjarnan,Tindastóll,5,4,11,0.00275
2025-08-07,1,Stjarnan,Tindastóll,5,6,2,5e-4
2025-08-07,1,Stjarnan,Tindastóll,6,0,53,0.01325
2025-08-07,1,Stjarnan,Tindastóll,6,1,47,0.01175
2025-08-07,1,Stjarnan,Tindastóll,6,2,22,0.0055
2025-08-07,1,Stjarnan,Tindastóll,6,3,7,0.00175
2025-08-07,1,Stjarnan,Tindastóll,6,4,3,7.5e-4
2025-08-07,1,Stjarnan,Tindastóll,6,6,2,5e-4
2025-08-07,1,Stjarnan,Tindastóll,6,7,1,2.5e-4
2025-08-07,1,Stjarnan,Tindastóll,7,0,24,0.006
2025-08-07,1,Stjarnan,Tindastóll,7,1,15,0.00375
2025-08-07,1,Stjarnan,Tindastóll,7,2,10,0.0025
2025-08-07,1,Stjarnan,Tindastóll,7,3,9,0.00225
2025-08-07,1,Stjarnan,Tindastóll,7,4,2,5e-4
2025-08-07,1,Stjarnan,Tindastóll,7,5,1,2.5e-4
2025-08-07,1,Stjarnan,Tindastóll,7,7,1,2.5e-4
2025-08-07,1,Stjarnan,Tindastóll,8,0,12,0.003
2025-08-07,1,Stjarnan,Tindastóll,8,1,9,0.00225
2025-08-07,1,Stjarnan,Tindastóll,8,2,3,7.5e-4
2025-08-07,1,Stjarnan,Tindastóll,8,3,3,7.5e-4
2025-08-07,1,Stjarnan,Tindastóll,8,4,5,0.00125
2025-08-07,1,Stjarnan,Tindastóll,8,6,1,2.5e-4
2025-08-07,1,Stjarnan,Tindastóll,9,0,4,0.001
2025-08-07,1,Stjarnan,Tindastóll,9,1,2,5e-4
2025-08-07,1,Stjarnan,Tindastóll,9,2,1,2.5e-4
2025-08-07,1,Stjarnan,Tindastóll,9,4,1,2.5e-4
2025-08-07,1,Stjarnan,Tindastóll,9,5,1,2.5e-4
2025-08-07,1,Stjarnan,Tindastóll,10,0,1,2.5e-4
2025-08-07,1,Stjarnan,Tindastóll,10,1,1,2.5e-4
2025-08-07,1,Stjarnan,Tindastóll,10,2,1,2.5e-4
2025-08-07,1,Stjarnan,Tindastóll,11,0,1,2.5e-4
2025-08-07,1,Stjarnan,Tindastóll,11,2,1,2.5e-4
2025-08-07,1,Stjarnan,Tindastóll,12,2,1,2.5e-4
2025-08-07,1,Þór/KA,Valur,0,0,343,0.08575
2025-08-07,1,Þór/KA,Valur,0,1,351,0.08775
2025-08-07,1,Þór/KA,Valur,0,2,218,0.0545
2025-08-07,1,Þór/KA,Valur,0,3,79,0.01975
2025-08-07,1,Þór/KA,Valur,0,4,31,0.00775
2025-08-07,1,Þór/KA,Valur,0,5,7,0.00175
2025-08-07,1,Þór/KA,Valur,0,6,2,5e-4
2025-08-07,1,Þór/KA,Valur,0,7,1,2.5e-4
2025-08-07,1,Þór/KA,Valur,1,0,407,0.10175
2025-08-07,1,Þór/KA,Valur,1,1,480,0.12
2025-08-07,1,Þór/KA,Valur,1,2,262,0.0655
2025-08-07,1,Þór/KA,Valur,1,3,119,0.02975
2025-08-07,1,Þór/KA,Valur,1,4,47,0.01175
2025-08-07,1,Þór/KA,Valur,1,5,8,0.002
2025-08-07,1,Þór/KA,Valur,1,6,1,2.5e-4
2025-08-07,1,Þór/KA,Valur,1,7,2,5e-4
2025-08-07,1,Þór/KA,Valur,1,8,1,2.5e-4
2025-08-07,1,Þór/KA,Valur,2,0,286,0.0715
2025-08-07,1,Þór/KA,Valur,2,1,302,0.0755
2025-08-07,1,Þór/KA,Valur,2,2,175,0.04375
2025-08-07,1,Þór/KA,Valur,2,3,81,0.02025
2025-08-07,1,Þór/KA,Valur,2,4,29,0.00725
2025-08-07,1,Þór/KA,Valur,2,5,8,0.002
2025-08-07,1,Þór/KA,Valur,2,6,2,5e-4
2025-08-07,1,Þór/KA,Valur,2,7,1,2.5e-4
2025-08-07,1,Þór/KA,Valur,3,0,132,0.033
2025-08-07,1,Þór/KA,Valur,3,1,157,0.03925
2025-08-07,1,Þór/KA,Valur,3,2,106,0.0265
2025-08-07,1,Þór/KA,Valur,3,3,40,0.01
2025-08-07,1,Þór/KA,Valur,3,4,18,0.0045
2025-08-07,1,Þór/KA,Valur,3,5,5,0.00125
2025-08-07,1,Þór/KA,Valur,3,7,1,2.5e-4
2025-08-07,1,Þór/KA,Valur,4,0,47,0.01175
2025-08-07,1,Þór/KA,Valur,4,1,60,0.015
2025-08-07,1,Þór/KA,Valur,4,2,51,0.01275
2025-08-07,1,Þór/KA,Valur,4,3,20,0.005
2025-08-07,1,Þór/KA,Valur,4,4,8,0.002
2025-08-07,1,Þór/KA,Valur,4,5,4,0.001
2025-08-07,1,Þór/KA,Valur,4,6,1,2.5e-4
2025-08-07,1,Þór/KA,Valur,4,7,2,5e-4
2025-08-07,1,Þór/KA,Valur,5,0,22,0.0055
2025-08-07,1,Þór/KA,Valur,5,1,20,0.005
2025-08-07,1,Þór/KA,Valur,5,2,12,0.003
2025-08-07,1,Þór/KA,Valur,5,3,8,0.002
2025-08-07,1,Þór/KA,Valur,5,4,4,0.001
2025-08-07,1,Þór/KA,Valur,5,5,2,5e-4
2025-08-07,1,Þór/KA,Valur,6,0,4,0.001
2025-08-07,1,Þór/KA,Valur,6,1,11,0.00275
2025-08-07,1,Þór/KA,Valur,6,2,5,0.00125
2025-08-07,1,Þór/KA,Valur,6,3,2,5e-4
2025-08-07,1,Þór/KA,Valur,6,4,2,5e-4
2025-08-07,1,Þór/KA,Valur,6,6,2,5e-4
2025-08-07,1,Þór/KA,Valur,7,0,1,2.5e-4
2025-08-07,1,Þór/KA,Valur,7,1,4,0.001
2025-08-07,1,Þór/KA,Valur,7,2,2,5e-4
2025-08-07,1,Þór/KA,Valur,7,3,1,2.5e-4
2025-08-07,1,Þór/KA,Valur,8,0,2,5e-4
2025-08-07,1,Þór/KA,Valur,8,1,1,2.5e-4
2025-08-08,1,Þróttur R.,Víkingur R.,0,0,170,0.0425
2025-08-08,1,Þróttur R.,Víkingur R.,0,1,109,0.02725
2025-08-08,1,Þróttur R.,Víkingur R.,0,2,53,0.01325
2025-08-08,1,Þróttur R.,Víkingur R.,0,3,17,0.00425
2025-08-08,1,Þróttur R.,Víkingur R.,0,5,1,2.5e-4
2025-08-08,1,Þróttur R.,Víkingur R.,1,0,332,0.083
2025-08-08,1,Þróttur R.,Víkingur R.,1,1,259,0.06475
2025-08-08,1,Þróttur R.,Víkingur R.,1,2,91,0.02275
2025-08-08,1,Þróttur R.,Víkingur R.,1,3,38,0.0095
2025-08-08,1,Þróttur R.,Víkingur R.,1,4,5,0.00125
2025-08-08,1,Þróttur R.,Víkingur R.,1,5,2,5e-4
2025-08-08,1,Þróttur R.,Víkingur R.,2,0,377,0.09425
2025-08-08,1,Þróttur R.,Víkingur R.,2,1,341,0.08525
2025-08-08,1,Þróttur R.,Víkingur R.,2,2,124,0.031
2025-08-08,1,Þróttur R.,Víkingur R.,2,3,32,0.008
2025-08-08,1,Þróttur R.,Víkingur R.,2,4,11,0.00275
2025-08-08,1,Þróttur R.,Víkingur R.,2,6,1,2.5e-4
2025-08-08,1,Þróttur R.,Víkingur R.,3,0,375,0.09375
2025-08-08,1,Þróttur R.,Víkingur R.,3,1,243,0.06075
2025-08-08,1,Þróttur R.,Víkingur R.,3,2,99,0.02475
2025-08-08,1,Þróttur R.,Víkingur R.,3,3,27,0.00675
2025-08-08,1,Þróttur R.,Víkingur R.,3,4,8,0.002
2025-08-08,1,Þróttur R.,Víkingur R.,3,5,2,5e-4
2025-08-08,1,Þróttur R.,Víkingur R.,3,6,1,2.5e-4
2025-08-08,1,Þróttur R.,Víkingur R.,4,0,292,0.073
2025-08-08,1,Þróttur R.,Víkingur R.,4,1,195,0.04875
2025-08-08,1,Þróttur R.,Víkingur R.,4,2,83,0.02075
2025-08-08,1,Þróttur R.,Víkingur R.,4,3,18,0.0045
2025-08-08,1,Þróttur R.,Víkingur R.,4,4,7,0.00175
2025-08-08,1,Þróttur R.,Víkingur R.,4,5,2,5e-4
2025-08-08,1,Þróttur R.,Víkingur R.,5,0,174,0.0435
2025-08-08,1,Þróttur R.,Víkingur R.,5,1,127,0.03175
2025-08-08,1,Þróttur R.,Víkingur R.,5,2,50,0.0125
2025-08-08,1,Þróttur R.,Víkingur R.,5,3,17,0.00425
2025-08-08,1,Þróttur R.,Víkingur R.,5,4,3,7.5e-4
2025-08-08,1,Þróttur R.,Víkingur R.,5,6,1,2.5e-4
2025-08-08,1,Þróttur R.,Víkingur R.,6,0,66,0.0165
2025-08-08,1,Þróttur R.,Víkingur R.,6,1,59,0.01475
2025-08-08,1,Þróttur R.,Víkingur R.,6,2,24,0.006
2025-08-08,1,Þróttur R.,Víkingur R.,6,3,4,0.001
2025-08-08,1,Þróttur R.,Víkingur R.,6,5,1,2.5e-4
2025-08-08,1,Þróttur R.,Víkingur R.,7,0,48,0.012
2025-08-08,1,Þróttur R.,Víkingur R.,7,1,28,0.007
2025-08-08,1,Þróttur R.,Víkingur R.,7,2,9,0.00225
2025-08-08,1,Þróttur R.,Víkingur R.,7,3,2,5e-4
2025-08-08,1,Þróttur R.,Víkingur R.,7,4,1,2.5e-4
2025-08-08,1,Þróttur R.,Víkingur R.,7,5,1,2.5e-4
2025-08-08,1,Þróttur R.,Víkingur R.,8,0,21,0.00525
2025-08-08,1,Þróttur R.,Víkingur R.,8,1,15,0.00375
2025-08-08,1,Þróttur R.,Víkingur R.,8,2,3,7.5e-4
2025-08-08,1,Þróttur R.,Víkingur R.,8,3,1,2.5e-4
2025-08-08,1,Þróttur R.,Víkingur R.,8,5,1,2.5e-4
2025-08-08,1,Þróttur R.,Víkingur R.,9,0,5,0.00125
2025-08-08,1,Þróttur R.,Víkingur R.,9,1,3,7.5e-4
2025-08-08,1,Þróttur R.,Víkingur R.,9,2,3,7.5e-4
2025-08-08,1,Þróttur R.,Víkingur R.,9,3,2,5e-4
2025-08-08,1,Þróttur R.,Víkingur R.,10,0,5,0.00125
2025-08-08,1,Þróttur R.,Víkingur R.,10,1,3,7.5e-4
2025-08-08,1,Þróttur R.,Víkingur R.,10,2,2,5e-4
2025-08-08,1,Þróttur R.,Víkingur R.,11,0,2,5e-4
2025-08-08,1,Þróttur R.,Víkingur R.,12,0,1,2.5e-4
2025-08-08,1,Þróttur R.,Víkingur R.,12,2,1,2.5e-4
2025-08-08,1,Þróttur R.,Víkingur R.,13,0,1,2.5e-4
2025-08-08,1,Þróttur R.,Víkingur R.,14,3,1,2.5e-4
2025-08-09,1,FHL,FH,0,0,68,0.017
2025-08-09,1,FHL,FH,0,1,220,0.055
2025-08-09,1,FHL,FH,0,2,344,0.086
2025-08-09,1,FHL,FH,0,3,407,0.10175
2025-08-09,1,FHL,FH,0,4,361,0.09025
2025-08-09,1,FHL,FH,0,5,278,0.0695
2025-08-09,1,FHL,FH,0,6,168,0.042
2025-08-09,1,FHL,FH,0,7,116,0.029
2025-08-09,1,FHL,FH,0,8,84,0.021
2025-08-09,1,FHL,FH,0,9,42,0.0105
2025-08-09,1,FHL,FH,0,10,26,0.0065
2025-08-09,1,FHL,FH,0,11,8,0.002
2025-08-09,1,FHL,FH,0,12,10,0.0025
2025-08-09,1,FHL,FH,0,13,1,2.5e-4
2025-08-09,1,FHL,FH,0,14,4,0.001
2025-08-09,1,FHL,FH,1,0,47,0.01175
2025-08-09,1,FHL,FH,1,1,132,0.033
2025-08-09,1,FHL,FH,1,2,217,0.05425
2025-08-09,1,FHL,FH,1,3,237,0.05925
2025-08-09,1,FHL,FH,1,4,221,0.05525
2025-08-09,1,FHL,FH,1,5,147,0.03675
2025-08-09,1,FHL,FH,1,6,123,0.03075
2025-08-09,1,FHL,FH,1,7,70,0.0175
2025-08-09,1,FHL,FH,1,8,37,0.00925
2025-08-09,1,FHL,FH,1,9,23,0.00575
2025-08-09,1,FHL,FH,1,10,12,0.003
2025-08-09,1,FHL,FH,1,11,2,5e-4
2025-08-09,1,FHL,FH,1,12,3,7.5e-4
2025-08-09,1,FHL,FH,1,13,1,2.5e-4
2025-08-09,1,FHL,FH,2,0,25,0.00625
2025-08-09,1,FHL,FH,2,1,45,0.01125
2025-08-09,1,FHL,FH,2,2,70,0.0175
2025-08-09,1,FHL,FH,2,3,81,0.02025
2025-08-09,1,FHL,FH,2,4,82,0.0205
2025-08-09,1,FHL,FH,2,5,57,0.01425
2025-08-09,1,FHL,FH,2,6,45,0.01125
2025-08-09,1,FHL,FH,2,7,19,0.00475
2025-08-09,1,FHL,FH,2,8,9,0.00225
2025-08-09,1,FHL,FH,2,9,7,0.00175
2025-08-09,1,FHL,FH,2,10,3,7.5e-4
2025-08-09,1,FHL,FH,2,11,1,2.5e-4
2025-08-09,1,FHL,FH,2,12,1,2.5e-4
2025-08-09,1,FHL,FH,3,0,9,0.00225
2025-08-09,1,FHL,FH,3,1,16,0.004
2025-08-09,1,FHL,FH,3,2,20,0.005
2025-08-09,1,FHL,FH,3,3,24,0.006
2025-08-09,1,FHL,FH,3,4,16,0.004
2025-08-09,1,FHL,FH,3,5,12,0.003
2025-08-09,1,FHL,FH,3,6,4,0.001
2025-08-09,1,FHL,FH,3,7,5,0.00125
2025-08-09,1,FHL,FH,3,8,4,0.001
2025-08-09,1,FHL,FH,3,9,2,5e-4
2025-08-09,1,FHL,FH,4,0,1,2.5e-4
2025-08-09,1,FHL,FH,4,1,3,7.5e-4
2025-08-09,1,FHL,FH,4,2,6,0.0015
2025-08-09,1,FHL,FH,4,3,6,0.0015
2025-08-09,1,FHL,FH,4,4,2,5e-4
2025-08-09,1,FHL,FH,4,6,2,5e-4
2025-08-09,1,FHL,FH,4,7,1,2.5e-4
2025-08-09,1,FHL,FH,4,10,1,2.5e-4
2025-08-09,1,FHL,FH,4,11,1,2.5e-4
2025-08-09,1,FHL,FH,5,2,1,2.5e-4
2025-08-09,1,FHL,FH,5,4,7,0.00175
2025-08-09,1,FHL,FH,6,5,1,2.5e-4
2025-08-09,1,FHL,FH,6,10,1,2.5e-4
2025-08-09,1,FHL,FH,7,4,1,2.5e-4
2025-08-12,1,FH,Þór/KA,0,0,247,0.06175
2025-08-12,1,FH,Þór/KA,0,1,197,0.04925
2025-08-12,1,FH,Þór/KA,0,2,140,0.035
2025-08-12,1,FH,Þór/KA,0,3,49,0.01225
2025-08-12,1,FH,Þór/KA,0,4,23,0.00575
2025-08-12,1,FH,Þór/KA,0,5,8,0.002
2025-08-12,1,FH,Þór/KA,0,6,3,7.5e-4
2025-08-12,1,FH,Þór/KA,0,7,1,2.5e-4
2025-08-12,1,FH,Þór/KA,0,8,1,2.5e-4
2025-08-12,1,FH,Þór/KA,1,0,324,0.081
2025-08-12,1,FH,Þór/KA,1,1,379,0.09475
2025-08-12,1,FH,Þór/KA,1,2,235,0.05875
2025-08-12,1,FH,Þór/KA,1,3,102,0.0255
2025-08-12,1,FH,Þór/KA,1,4,34,0.0085
2025-08-12,1,FH,Þór/KA,1,5,12,0.003
2025-08-12,1,FH,Þór/KA,1,6,4,0.001
2025-08-12,1,FH,Þór/KA,1,7,1,2.5e-4
2025-08-12,1,FH,Þór/KA,2,0,291,0.07275
2025-08-12,1,FH,Þór/KA,2,1,334,0.0835
2025-08-12,1,FH,Þór/KA,2,2,220,0.055
2025-08-12,1,FH,Þór/KA,2,3,86,0.0215
2025-08-12,1,FH,Þór/KA,2,4,36,0.009
2025-08-12,1,FH,Þór/KA,2,5,8,0.002
2025-08-12,1,FH,Þór/KA,2,6,7,0.00175
2025-08-12,1,FH,Þór/KA,2,7,1,2.5e-4
2025-08-12,1,FH,Þór/KA,3,0,179,0.04475
2025-08-12,1,FH,Þór/KA,3,1,227,0.05675
2025-08-12,1,FH,Þór/KA,3,2,134,0.0335
2025-08-12,1,FH,Þór/KA,3,3,78,0.0195
2025-08-12,1,FH,Þór/KA,3,4,21,0.00525
2025-08-12,1,FH,Þór/KA,3,5,12,0.003
2025-08-12,1,FH,Þór/KA,3,6,6,0.0015
2025-08-12,1,FH,Þór/KA,3,8,1,2.5e-4
2025-08-12,1,FH,Þór/KA,4,0,90,0.0225
2025-08-12,1,FH,Þór/KA,4,1,108,0.027
2025-08-12,1,FH,Þór/KA,4,2,80,0.02
2025-08-12,1,FH,Þór/KA,4,3,29,0.00725
2025-08-12,1,FH,Þór/KA,4,4,13,0.00325
2025-08-12,1,FH,Þór/KA,4,5,6,0.0015
2025-08-12,1,FH,Þór/KA,5,0,48,0.012
2025-08-12,1,FH,Þór/KA,5,1,43,0.01075
2025-08-12,1,FH,Þór/KA,5,2,32,0.008
2025-08-12,1,FH,Þór/KA,5,3,16,0.004
2025-08-12,1,FH,Þór/KA,5,4,5,0.00125
2025-08-12,1,FH,Þór/KA,5,5,2,5e-4
2025-08-12,1,FH,Þór/KA,5,6,2,5e-4
2025-08-12,1,FH,Þór/KA,5,7,1,2.5e-4
2025-08-12,1,FH,Þór/KA,6,0,17,0.00425
2025-08-12,1,FH,Þór/KA,6,1,22,0.0055
2025-08-12,1,FH,Þór/KA,6,2,20,0.005
2025-08-12,1,FH,Þór/KA,6,3,11,0.00275
2025-08-12,1,FH,Þór/KA,6,4,6,0.0015
2025-08-12,1,FH,Þór/KA,6,5,1,2.5e-4
2025-08-12,1,FH,Þór/KA,6,6,2,5e-4
2025-08-12,1,FH,Þór/KA,7,0,5,0.00125
2025-08-12,1,FH,Þór/KA,7,1,9,0.00225
2025-08-12,1,FH,Þór/KA,7,2,7,0.00175
2025-08-12,1,FH,Þór/KA,7,3,4,0.001
2025-08-12,1,FH,Þór/KA,7,4,2,5e-4
2025-08-12,1,FH,Þór/KA,8,0,2,5e-4
2025-08-12,1,FH,Þór/KA,8,1,3,7.5e-4
2025-08-12,1,FH,Þór/KA,8,2,2,5e-4
2025-08-12,1,FH,Þór/KA,8,4,1,2.5e-4
2025-08-12,1,FH,Þór/KA,8,5,1,2.5e-4
2025-08-12,1,FH,Þór/KA,9,1,2,5e-4
2025-08-12,1,FH,Þór/KA,9,2,2,5e-4
2025-08-12,1,FH,Þór/KA,9,3,1,2.5e-4
2025-08-12,1,FH,Þór/KA,9,10,1,2.5e-4
2025-08-12,1,FH,Þór/KA,10,0,1,2.5e-4
2025-08-12,1,FH,Þór/KA,10,2,1,2.5e-4
2025-08-12,1,FH,Þór/KA,11,1,1,2.5e-4
2025-08-12,1,FHL,Fram,0,0,217,0.05425
2025-08-12,1,FHL,Fram,0,1,372,0.093
2025-08-12,1,FHL,Fram,0,2,376,0.094
2025-08-12,1,FHL,Fram,0,3,231,0.05775
2025-08-12,1,FHL,Fram,0,4,140,0.035
2025-08-12,1,FHL,Fram,0,5,82,0.0205
2025-08-12,1,FHL,Fram,0,6,30,0.0075
2025-08-12,1,FHL,Fram,0,7,12,0.003
2025-08-12,1,FHL,Fram,0,8,4,0.001
2025-08-12,1,FHL,Fram,0,9,3,7.5e-4
2025-08-12,1,FHL,Fram,1,0,201,0.05025
2025-08-12,1,FHL,Fram,1,1,358,0.0895
2025-08-12,1,FHL,Fram,1,2,312,0.078
2025-08-12,1,FHL,Fram,1,3,249,0.06225
2025-08-12,1,FHL,Fram,1,4,115,0.02875
2025-08-12,1,FHL,Fram,1,5,51,0.01275
2025-08-12,1,FHL,Fram,1,6,25,0.00625
2025-08-12,1,FHL,Fram,1,7,10,0.0025
2025-08-12,1,FHL,Fram,1,8,4,0.001
2025-08-12,1,FHL,Fram,1,11,1,2.5e-4
2025-08-12,1,FHL,Fram,2,0,100,0.025
2025-08-12,1,FHL,Fram,2,1,191,0.04775
2025-08-12,1,FHL,Fram,2,2,196,0.049
2025-08-12,1,FHL,Fram,2,3,121,0.03025
2025-08-12,1,FHL,Fram,2,4,71,0.01775
2025-08-12,1,FHL,Fram,2,5,37,0.00925
2025-08-12,1,FHL,Fram,2,6,20,0.005
2025-08-12,1,FHL,Fram,2,7,3,7.5e-4
2025-08-12,1,FHL,Fram,2,8,2,5e-4
2025-08-12,1,FHL,Fram,3,0,42,0.0105
2025-08-12,1,FHL,Fram,3,1,80,0.02
2025-08-12,1,FHL,Fram,3,2,87,0.02175
2025-08-12,1,FHL,Fram,3,3,52,0.013
2025-08-12,1,FHL,Fram,3,4,20,0.005
2025-08-12,1,FHL,Fram,3,5,17,0.00425
2025-08-12,1,FHL,Fram,3,6,9,0.00225
2025-08-12,1,FHL,Fram,3,7,1,2.5e-4
2025-08-12,1,FHL,Fram,4,0,12,0.003
2025-08-12,1,FHL,Fram,4,1,24,0.006
2025-08-12,1,FHL,Fram,4,2,31,0.00775
2025-08-12,1,FHL,Fram,4,3,19,0.00475
2025-08-12,1,FHL,Fram,4,4,12,0.003
2025-08-12,1,FHL,Fram,4,5,6,0.0015
2025-08-12,1,FHL,Fram,4,6,3,7.5e-4
2025-08-12,1,FHL,Fram,4,7,1,2.5e-4
2025-08-12,1,FHL,Fram,4,8,2,5e-4
2025-08-12,1,FHL,Fram,5,0,3,7.5e-4
2025-08-12,1,FHL,Fram,5,1,12,0.003
2025-08-12,1,FHL,Fram,5,2,10,0.0025
2025-08-12,1,FHL,Fram,5,3,3,7.5e-4
2025-08-12,1,FHL,Fram,5,4,2,5e-4
2025-08-12,1,FHL,Fram,5,5,4,0.001
2025-08-12,1,FHL,Fram,5,6,1,2.5e-4
2025-08-12,1,FHL,Fram,5,7,2,5e-4
2025-08-12,1,FHL,Fram,6,0,1,2.5e-4
2025-08-12,1,FHL,Fram,6,1,1,2.5e-4
2025-08-12,1,FHL,Fram,6,2,6,0.0015
2025-08-12,1,FHL,Fram,6,3,1,2.5e-4
2025-08-12,1,FHL,Fram,6,5,1,2.5e-4
2025-08-12,1,FHL,Fram,7,1,1,2.5e-4
2025-08-12,1,Tindastóll,Þróttur R.,0,0,135,0.03375
2025-08-12,1,Tindastóll,Þróttur R.,0,1,272,0.068
2025-08-12,1,Tindastóll,Þróttur R.,0,2,348,0.087
2025-08-12,1,Tindastóll,Þróttur R.,0,3,359,0.08975
2025-08-12,1,Tindastóll,Þróttur R.,0,4,248,0.062
2025-08-12,1,Tindastóll,Þróttur R.,0,5,159,0.03975
2025-08-12,1,Tindastóll,Þróttur R.,0,6,78,0.0195
2025-08-12,1,Tindastóll,Þróttur R.,0,7,54,0.0135
2025-08-12,1,Tindastóll,Þróttur R.,0,8,19,0.00475
2025-08-12,1,Tindastóll,Þróttur R.,0,9,8,0.002
2025-08-12,1,Tindastóll,Þróttur R.,0,10,4,0.001
2025-08-12,1,Tindastóll,Þróttur R.,0,11,2,5e-4
2025-08-12,1,Tindastóll,Þróttur R.,0,12,1,2.5e-4
2025-08-12,1,Tindastóll,Þróttur R.,1,0,91,0.02275
2025-08-12,1,Tindastóll,Þróttur R.,1,1,270,0.0675
2025-08-12,1,Tindastóll,Þróttur R.,1,2,285,0.07125
2025-08-12,1,Tindastóll,Þróttur R.,1,3,264,0.066
2025-08-12,1,Tindastóll,Þróttur R.,1,4,207,0.05175
2025-08-12,1,Tindastóll,Þróttur R.,1,5,134,0.0335
2025-08-12,1,Tindastóll,Þróttur R.,1,6,69,0.01725
2025-08-12,1,Tindastóll,Þróttur R.,1,7,32,0.008
2025-08-12,1,Tindastóll,Þróttur R.,1,8,15,0.00375
2025-08-12,1,Tindastóll,Þróttur R.,1,9,9,0.00225
2025-08-12,1,Tindastóll,Þróttur R.,1,10,5,0.00125
2025-08-12,1,Tindastóll,Þróttur R.,1,11,1,2.5e-4
2025-08-12,1,Tindastóll,Þróttur R.,1,12,2,5e-4
2025-08-12,1,Tindastóll,Þróttur R.,2,0,50,0.0125
2025-08-12,1,Tindastóll,Þróttur R.,2,1,93,0.02325
2025-08-12,1,Tindastóll,Þróttur R.,2,2,163,0.04075
2025-08-12,1,Tindastóll,Þróttur R.,2,3,131,0.03275
2025-08-12,1,Tindastóll,Þróttur R.,2,4,100,0.025
2025-08-12,1,Tindastóll,Þróttur R.,2,5,58,0.0145
2025-08-12,1,Tindastóll,Þróttur R.,2,6,28,0.007
2025-08-12,1,Tindastóll,Þróttur R.,2,7,17,0.00425
2025-08-12,1,Tindastóll,Þróttur R.,2,8,11,0.00275
2025-08-12,1,Tindastóll,Þróttur R.,2,9,5,0.00125
2025-08-12,1,Tindastóll,Þróttur R.,2,12,1,2.5e-4
2025-08-12,1,Tindastóll,Þróttur R.,3,0,14,0.0035
2025-08-12,1,Tindastóll,Þróttur R.,3,1,26,0.0065
2025-08-12,1,Tindastóll,Þróttur R.,3,2,32,0.008
2025-08-12,1,Tindastóll,Þróttur R.,3,3,47,0.01175
2025-08-12,1,Tindastóll,Þróttur R.,3,4,21,0.00525
2025-08-12,1,Tindastóll,Þróttur R.,3,5,19,0.00475
2025-08-12,1,Tindastóll,Þróttur R.,3,6,12,0.003
2025-08-12,1,Tindastóll,Þróttur R.,3,7,5,0.00125
2025-08-12,1,Tindastóll,Þróttur R.,3,8,3,7.5e-4
2025-08-12,1,Tindastóll,Þróttur R.,3,9,1,2.5e-4
2025-08-12,1,Tindastóll,Þróttur R.,3,10,1,2.5e-4
2025-08-12,1,Tindastóll,Þróttur R.,4,0,1,2.5e-4
2025-08-12,1,Tindastóll,Þróttur R.,4,1,15,0.00375
2025-08-12,1,Tindastóll,Þróttur R.,4,2,14,0.0035
2025-08-12,1,Tindastóll,Þróttur R.,4,3,11,0.00275
2025-08-12,1,Tindastóll,Þróttur R.,4,4,13,0.00325
2025-08-12,1,Tindastóll,Þróttur R.,4,5,4,0.001
2025-08-12,1,Tindastóll,Þróttur R.,4,6,2,5e-4
2025-08-12,1,Tindastóll,Þróttur R.,4,7,1,2.5e-4
2025-08-12,1,Tindastóll,Þróttur R.,4,9,1,2.5e-4
2025-08-12,1,Tindastóll,Þróttur R.,5,1,3,7.5e-4
2025-08-12,1,Tindastóll,Þróttur R.,5,2,6,0.0015
2025-08-12,1,Tindastóll,Þróttur R.,5,3,7,0.00175
2025-08-12,1,Tindastóll,Þróttur R.,5,4,4,0.001
2025-08-12,1,Tindastóll,Þróttur R.,5,5,3,7.5e-4
2025-08-12,1,Tindastóll,Þróttur R.,6,0,1,2.5e-4
2025-08-12,1,Tindastóll,Þróttur R.,6,2,2,5e-4
2025-08-12,1,Tindastóll,Þróttur R.,6,3,1,2.5e-4
2025-08-12,1,Tindastóll,Þróttur R.,6,5,1,2.5e-4
2025-08-12,1,Tindastóll,Þróttur R.,7,2,1,2.5e-4
2025-08-12,1,Valur,Stjarnan,0,0,392,0.098
2025-08-12,1,Valur,Stjarnan,0,1,221,0.05525
2025-08-12,1,Valur,Stjarnan,0,2,90,0.0225
2025-08-12,1,Valur,Stjarnan,0,3,17,0.00425
2025-08-12,1,Valur,Stjarnan,0,4,7,0.00175
2025-08-12,1,Valur,Stjarnan,0,5,1,2.5e-4
2025-08-12,1,Valur,Stjarnan,1,0,596,0.149
2025-08-12,1,Valur,Stjarnan,1,1,405,0.10125
2025-08-12,1,Valur,Stjarnan,1,2,148,0.037
2025-08-12,1,Valur,Stjarnan,1,3,31,0.00775
2025-08-12,1,Valur,Stjarnan,1,4,9,0.00225
2025-08-12,1,Valur,Stjarnan,1,5,1,2.5e-4
2025-08-12,1,Valur,Stjarnan,1,6,2,5e-4
2025-08-12,1,Valur,Stjarnan,2,0,492,0.123
2025-08-12,1,Valur,Stjarnan,2,1,326,0.0815
2025-08-12,1,Valur,Stjarnan,2,2,136,0.034
2025-08-12,1,Valur,Stjarnan,2,3,29,0.00725
2025-08-12,1,Valur,Stjarnan,2,4,6,0.0015
2025-08-12,1,Valur,Stjarnan,2,6,1,2.5e-4
2025-08-12,1,Valur,Stjarnan,3,0,286,0.0715
2025-08-12,1,Valur,Stjarnan,3,1,184,0.046
2025-08-12,1,Valur,Stjarnan,3,2,94,0.0235
2025-08-12,1,Valur,Stjarnan,3,3,26,0.0065
2025-08-12,1,Valur,Stjarnan,3,4,5,0.00125
2025-08-12,1,Valur,Stjarnan,3,5,1,2.5e-4
2025-08-12,1,Valur,Stjarnan,4,0,148,0.037
2025-08-12,1,Valur,Stjarnan,4,1,115,0.02875
2025-08-12,1,Valur,Stjarnan,4,2,45,0.01125
2025-08-12,1,Valur,Stjarnan,4,3,6,0.0015
2025-08-12,1,Valur,Stjarnan,4,4,4,0.001
2025-08-12,1,Valur,Stjarnan,4,5,1,2.5e-4
2025-08-12,1,Valur,Stjarnan,5,0,51,0.01275
2025-08-12,1,Valur,Stjarnan,5,1,41,0.01025
2025-08-12,1,Valur,Stjarnan,5,2,13,0.00325
2025-08-12,1,Valur,Stjarnan,5,3,6,0.0015
2025-08-12,1,Valur,Stjarnan,5,4,1,2.5e-4
2025-08-12,1,Valur,Stjarnan,5,5,1,2.5e-4
2025-08-12,1,Valur,Stjarnan,5,7,1,2.5e-4
2025-08-12,1,Valur,Stjarnan,6,0,24,0.006
2025-08-12,1,Valur,Stjarnan,6,1,7,0.00175
2025-08-12,1,Valur,Stjarnan,6,2,7,0.00175
2025-08-12,1,Valur,Stjarnan,6,3,1,2.5e-4
2025-08-12,1,Valur,Stjarnan,6,4,1,2.5e-4
2025-08-12,1,Valur,Stjarnan,7,0,3,7.5e-4
2025-08-12,1,Valur,Stjarnan,7,1,3,7.5e-4
2025-08-12,1,Valur,Stjarnan,7,2,3,7.5e-4
2025-08-12,1,Valur,Stjarnan,7,3,1,2.5e-4
2025-08-12,1,Valur,Stjarnan,8,0,2,5e-4
2025-08-12,1,Valur,Stjarnan,8,1,2,5e-4
2025-08-12,1,Valur,Stjarnan,9,0,3,7.5e-4
2025-08-12,1,Valur,Stjarnan,9,1,2,5e-4
2025-08-12,1,Valur,Stjarnan,10,1,1,2.5e-4
2025-08-12,1,Valur,Stjarnan,11,0,1,2.5e-4
2025-08-12,1,Víkingur R.,Breiðablik,0,0,88,0.022
2025-08-12,1,Víkingur R.,Breiðablik,0,1,207,0.05175
2025-08-12,1,Víkingur R.,Breiðablik,0,2,330,0.0825
2025-08-12,1,Víkingur R.,Breiðablik,0,3,380,0.095
2025-08-12,1,Víkingur R.,Breiðablik,0,4,291,0.07275
2025-08-12,1,Víkingur R.,Breiðablik,0,5,226,0.0565
2025-08-12,1,Víkingur R.,Breiðablik,0,6,140,0.035
2025-08-12,1,Víkingur R.,Breiðablik,0,7,93,0.02325
2025-08-12,1,Víkingur R.,Breiðablik,0,8,61,0.01525
2025-08-12,1,Víkingur R.,Breiðablik,0,9,23,0.00575
2025-08-12,1,Víkingur R.,Breiðablik,0,10,7,0.00175
2025-08-12,1,Víkingur R.,Breiðablik,0,11,9,0.00225
2025-08-12,1,Víkingur R.,Breiðablik,0,12,1,2.5e-4
2025-08-12,1,Víkingur R.,Breiðablik,0,13,1,2.5e-4
2025-08-12,1,Víkingur R.,Breiðablik,0,14,1,2.5e-4
2025-08-12,1,Víkingur R.,Breiðablik,0,15,1,2.5e-4
2025-08-12,1,Víkingur R.,Breiðablik,1,0,72,0.018
2025-08-12,1,Víkingur R.,Breiðablik,1,1,144,0.036
2025-08-12,1,Víkingur R.,Breiðablik,1,2,246,0.0615
2025-08-12,1,Víkingur R.,Breiðablik,1,3,250,0.0625
2025-08-12,1,Víkingur R.,Breiðablik,1,4,211,0.05275
2025-08-12,1,Víkingur R.,Breiðablik,1,5,186,0.0465
2025-08-12,1,Víkingur R.,Breiðablik,1,6,111,0.02775
2025-08-12,1,Víkingur R.,Breiðablik,1,7,54,0.0135
2025-08-12,1,Víkingur R.,Breiðablik,1,8,32,0.008
2025-08-12,1,Víkingur R.,Breiðablik,1,9,22,0.0055
2025-08-12,1,Víkingur R.,Breiðablik,1,10,12,0.003
2025-08-12,1,Víkingur R.,Breiðablik,1,11,4,0.001
2025-08-12,1,Víkingur R.,Breiðablik,1,12,3,7.5e-4
2025-08-12,1,Víkingur R.,Breiðablik,1,13,1,2.5e-4
2025-08-12,1,Víkingur R.,Breiðablik,1,14,1,2.5e-4
2025-08-12,1,Víkingur R.,Breiðablik,1,16,1,2.5e-4
2025-08-12,1,Víkingur R.,Breiðablik,2,0,15,0.00375
2025-08-12,1,Víkingur R.,Breiðablik,2,1,65,0.01625
2025-08-12,1,Víkingur R.,Breiðablik,2,2,79,0.01975
2025-08-12,1,Víkingur R.,Breiðablik,2,3,97,0.02425
2025-08-12,1,Víkingur R.,Breiðablik,2,4,100,0.025
2025-08-12,1,Víkingur R.,Breiðablik,2,5,77,0.01925
2025-08-12,1,Víkingur R.,Breiðablik,2,6,40,0.01
2025-08-12,1,Víkingur R.,Breiðablik,2,7,25,0.00625
2025-08-12,1,Víkingur R.,Breiðablik,2,8,22,0.0055
2025-08-12,1,Víkingur R.,Breiðablik,2,9,9,0.00225
2025-08-12,1,Víkingur R.,Breiðablik,2,10,4,0.001
2025-08-12,1,Víkingur R.,Breiðablik,2,11,4,0.001
2025-08-12,1,Víkingur R.,Breiðablik,2,12,1,2.5e-4
2025-08-12,1,Víkingur R.,Breiðablik,3,0,7,0.00175
2025-08-12,1,Víkingur R.,Breiðablik,3,1,21,0.00525
2025-08-12,1,Víkingur R.,Breiðablik,3,2,30,0.0075
2025-08-12,1,Víkingur R.,Breiðablik,3,3,47,0.01175
2025-08-12,1,Víkingur R.,Breiðablik,3,4,33,0.00825
2025-08-12,1,Víkingur R.,Breiðablik,3,5,23,0.00575
2025-08-12,1,Víkingur R.,Breiðablik,3,6,14,0.0035
2025-08-12,1,Víkingur R.,Breiðablik,3,7,8,0.002
2025-08-12,1,Víkingur R.,Breiðablik,3,8,3,7.5e-4
2025-08-12,1,Víkingur R.,Breiðablik,3,9,2,5e-4
2025-08-12,1,Víkingur R.,Breiðablik,3,10,1,2.5e-4
2025-08-12,1,Víkingur R.,Breiðablik,3,12,1,2.5e-4
2025-08-12,1,Víkingur R.,Breiðablik,4,1,4,0.001
2025-08-12,1,Víkingur R.,Breiðablik,4,2,9,0.00225
2025-08-12,1,Víkingur R.,Breiðablik,4,3,8,0.002
2025-08-12,1,Víkingur R.,Breiðablik,4,4,13,0.00325
2025-08-12,1,Víkingur R.,Breiðablik,4,5,1,2.5e-4
2025-08-12,1,Víkingur R.,Breiðablik,4,6,2,5e-4
2025-08-12,1,Víkingur R.,Breiðablik,4,7,3,7.5e-4
2025-08-12,1,Víkingur R.,Breiðablik,4,8,1,2.5e-4
2025-08-12,1,Víkingur R.,Breiðablik,5,1,3,7.5e-4
2025-08-12,1,Víkingur R.,Breiðablik,5,2,4,0.001
2025-08-12,1,Víkingur R.,Breiðablik,5,3,2,5e-4
2025-08-12,1,Víkingur R.,Breiðablik,5,4,2,5e-4
2025-08-12,1,Víkingur R.,Breiðablik,5,5,1,2.5e-4
2025-08-12,1,Víkingur R.,Breiðablik,5,6,2,5e-4
2025-08-12,1,Víkingur R.,Breiðablik,5,9,1,2.5e-4
2025-08-12,1,Víkingur R.,Breiðablik,5,10,2,5e-4
2025-08-12,1,Víkingur R.,Breiðablik,6,2,1,2.5e-4
2025-08-12,1,Víkingur R.,Breiðablik,6,3,1,2.5e-4
2025-08-12,1,Víkingur R.,Breiðablik,6,4,1,2.5e-4
2025-08-12,1,Víkingur R.,Breiðablik,6,6,2,5e-4
2025-08-20,1,Breiðablik,Tindastóll,0,0,15,0.00375
2025-08-20,1,Breiðablik,Tindastóll,0,1,4,0.001
2025-08-20,1,Breiðablik,Tindastóll,0,2,1,2.5e-4
2025-08-20,1,Breiðablik,Tindastóll,1,0,55,0.01375
2025-08-20,1,Breiðablik,Tindastóll,1,1,31,0.00775
2025-08-20,1,Breiðablik,Tindastóll,1,2,6,0.0015
2025-08-20,1,Breiðablik,Tindastóll,2,0,137,0.03425
2025-08-20,1,Breiðablik,Tindastóll,2,1,76,0.019
2025-08-20,1,Breiðablik,Tindastóll,2,2,29,0.00725
2025-08-20,1,Breiðablik,Tindastóll,2,3,4,0.001
2025-08-20,1,Breiðablik,Tindastóll,2,4,1,2.5e-4
2025-08-20,1,Breiðablik,Tindastóll,3,0,270,0.0675
2025-08-20,1,Breiðablik,Tindastóll,3,1,135,0.03375
2025-08-20,1,Breiðablik,Tindastóll,3,2,42,0.0105
2025-08-20,1,Breiðablik,Tindastóll,3,3,4,0.001
2025-08-20,1,Breiðablik,Tindastóll,3,4,1,2.5e-4
2025-08-20,1,Breiðablik,Tindastóll,3,5,2,5e-4
2025-08-20,1,Breiðablik,Tindastóll,4,0,300,0.075
2025-08-20,1,Breiðablik,Tindastóll,4,1,147,0.03675
2025-08-20,1,Breiðablik,Tindastóll,4,2,37,0.00925
2025-08-20,1,Breiðablik,Tindastóll,4,3,10,0.0025
2025-08-20,1,Breiðablik,Tindastóll,4,4,3,7.5e-4
2025-08-20,1,Breiðablik,Tindastóll,4,6,1,2.5e-4
2025-08-20,1,Breiðablik,Tindastóll,5,0,329,0.08225
2025-08-20,1,Breiðablik,Tindastóll,5,1,182,0.0455
2025-08-20,1,Breiðablik,Tindastóll,5,2,42,0.0105
2025-08-20,1,Breiðablik,Tindastóll,5,3,10,0.0025
2025-08-20,1,Breiðablik,Tindastóll,5,4,2,5e-4
2025-08-20,1,Breiðablik,Tindastóll,5,5,1,2.5e-4
2025-08-20,1,Breiðablik,Tindastóll,6,0,322,0.0805
2025-08-20,1,Breiðablik,Tindastóll,6,1,159,0.03975
2025-08-20,1,Breiðablik,Tindastóll,6,2,47,0.01175
2025-08-20,1,Breiðablik,Tindastóll,6,3,13,0.00325
2025-08-20,1,Breiðablik,Tindastóll,6,4,2,5e-4
2025-08-20,1,Breiðablik,Tindastóll,7,0,266,0.0665
2025-08-20,1,Breiðablik,Tindastóll,7,1,117,0.02925
2025-08-20,1,Breiðablik,Tindastóll,7,2,39,0.00975
2025-08-20,1,Breiðablik,Tindastóll,7,3,7,0.00175
2025-08-20,1,Breiðablik,Tindastóll,7,4,1,2.5e-4
2025-08-20,1,Breiðablik,Tindastóll,8,0,220,0.055
2025-08-20,1,Breiðablik,Tindastóll,8,1,99,0.02475
2025-08-20,1,Breiðablik,Tindastóll,8,2,34,0.0085
2025-08-20,1,Breiðablik,Tindastóll,8,3,6,0.0015
2025-08-20,1,Breiðablik,Tindastóll,8,4,2,5e-4
2025-08-20,1,Breiðablik,Tindastóll,9,0,163,0.04075
2025-08-20,1,Breiðablik,Tindastóll,9,1,80,0.02
2025-08-20,1,Breiðablik,Tindastóll,9,2,27,0.00675
2025-08-20,1,Breiðablik,Tindastóll,9,3,4,0.001
2025-08-20,1,Breiðablik,Tindastóll,10,0,105,0.02625
2025-08-20,1,Breiðablik,Tindastóll,10,1,59,0.01475
2025-08-20,1,Breiðablik,Tindastóll,10,2,20,0.005
2025-08-20,1,Breiðablik,Tindastóll,10,3,2,5e-4
2025-08-20,1,Breiðablik,Tindastóll,11,0,81,0.02025
2025-08-20,1,Breiðablik,Tindastóll,11,1,38,0.0095
2025-08-20,1,Breiðablik,Tindastóll,11,2,6,0.0015
2025-08-20,1,Breiðablik,Tindastóll,11,3,5,0.00125
2025-08-20,1,Breiðablik,Tindastóll,12,0,45,0.01125
2025-08-20,1,Breiðablik,Tindastóll,12,1,24,0.006
2025-08-20,1,Breiðablik,Tindastóll,12,2,9,0.00225
2025-08-20,1,Breiðablik,Tindastóll,13,0,25,0.00625
2025-08-20,1,Breiðablik,Tindastóll,13,1,19,0.00475
2025-08-20,1,Breiðablik,Tindastóll,13,2,5,0.00125
2025-08-20,1,Breiðablik,Tindastóll,14,0,19,0.00475
2025-08-20,1,Breiðablik,Tindastóll,14,1,12,0.003
2025-08-20,1,Breiðablik,Tindastóll,14,2,4,0.001
2025-08-20,1,Breiðablik,Tindastóll,14,3,1,2.5e-4
2025-08-20,1,Breiðablik,Tindastóll,15,0,9,0.00225
2025-08-20,1,Breiðablik,Tindastóll,15,1,4,0.001
2025-08-20,1,Breiðablik,Tindastóll,15,2,2,5e-4
2025-08-20,1,Breiðablik,Tindastóll,15,3,2,5e-4
2025-08-20,1,Breiðablik,Tindastóll,15,4,1,2.5e-4
2025-08-20,1,Breiðablik,Tindastóll,16,0,4,0.001
2025-08-20,1,Breiðablik,Tindastóll,16,1,3,7.5e-4
2025-08-20,1,Breiðablik,Tindastóll,17,0,3,7.5e-4
2025-08-20,1,Breiðablik,Tindastóll,17,1,2,5e-4
2025-08-20,1,Breiðablik,Tindastóll,18,0,1,2.5e-4
2025-08-20,1,Breiðablik,Tindastóll,18,1,1,2.5e-4
2025-08-20,1,Breiðablik,Tindastóll,18,2,2,5e-4
2025-08-20,1,Breiðablik,Tindastóll,19,1,1,2.5e-4
2025-08-20,1,Breiðablik,Tindastóll,22,3,1,2.5e-4
2025-08-20,1,Fram,Víkingur R.,0,0,214,0.0535
2025-08-20,1,Fram,Víkingur R.,0,1,253,0.06325
2025-08-20,1,Fram,Víkingur R.,0,2,199,0.04975
2025-08-20,1,Fram,Víkingur R.,0,3,90,0.0225
2025-08-20,1,Fram,Víkingur R.,0,4,40,0.01
2025-08-20,1,Fram,Víkingur R.,0,5,22,0.0055
2025-08-20,1,Fram,Víkingur R.,0,6,5,0.00125
2025-08-20,1,Fram,Víkingur R.,0,7,3,7.5e-4
2025-08-20,1,Fram,Víkingur R.,0,8,1,2.5e-4
2025-08-20,1,Fram,Víkingur R.,0,9,1,2.5e-4
2025-08-20,1,Fram,Víkingur R.,1,0,269,0.06725
2025-08-20,1,Fram,Víkingur R.,1,1,381,0.09525
2025-08-20,1,Fram,Víkingur R.,1,2,263,0.06575
2025-08-20,1,Fram,Víkingur R.,1,3,160,0.04
2025-08-20,1,Fram,Víkingur R.,1,4,61,0.01525
2025-08-20,1,Fram,Víkingur R.,1,5,26,0.0065
2025-08-20,1,Fram,Víkingur R.,1,6,11,0.00275
2025-08-20,1,Fram,Víkingur R.,1,7,1,2.5e-4
2025-08-20,1,Fram,Víkingur R.,1,8,1,2.5e-4
2025-08-20,1,Fram,Víkingur R.,2,0,210,0.0525
2025-08-20,1,Fram,Víkingur R.,2,1,281,0.07025
2025-08-20,1,Fram,Víkingur R.,2,2,236,0.059
2025-08-20,1,Fram,Víkingur R.,2,3,137,0.03425
2025-08-20,1,Fram,Víkingur R.,2,4,71,0.01775
2025-08-20,1,Fram,Víkingur R.,2,5,41,0.01025
2025-08-20,1,Fram,Víkingur R.,2,6,10,0.0025
2025-08-20,1,Fram,Víkingur R.,2,7,2,5e-4
2025-08-20,1,Fram,Víkingur R.,2,8,2,5e-4
2025-08-20,1,Fram,Víkingur R.,3,0,110,0.0275
2025-08-20,1,Fram,Víkingur R.,3,1,175,0.04375
2025-08-20,1,Fram,Víkingur R.,3,2,138,0.0345
2025-08-20,1,Fram,Víkingur R.,3,3,82,0.0205
2025-08-20,1,Fram,Víkingur R.,3,4,32,0.008
2025-08-20,1,Fram,Víkingur R.,3,5,25,0.00625
2025-08-20,1,Fram,Víkingur R.,3,6,7,0.00175
2025-08-20,1,Fram,Víkingur R.,3,7,1,2.5e-4
2025-08-20,1,Fram,Víkingur R.,4,0,47,0.01175
2025-08-20,1,Fram,Víkingur R.,4,1,82,0.0205
2025-08-20,1,Fram,Víkingur R.,4,2,60,0.015
2025-08-20,1,Fram,Víkingur R.,4,3,37,0.00925
2025-08-20,1,Fram,Víkingur R.,4,4,29,0.00725
2025-08-20,1,Fram,Víkingur R.,4,5,3,7.5e-4
2025-08-20,1,Fram,Víkingur R.,4,6,1,2.5e-4
2025-08-20,1,Fram,Víkingur R.,4,7,1,2.5e-4
2025-08-20,1,Fram,Víkingur R.,4,9,1,2.5e-4
2025-08-20,1,Fram,Víkingur R.,5,0,20,0.005
2025-08-20,1,Fram,Víkingur R.,5,1,36,0.009
2025-08-20,1,Fram,Víkingur R.,5,2,23,0.00575
2025-08-20,1,Fram,Víkingur R.,5,3,16,0.004
2025-08-20,1,Fram,Víkingur R.,5,4,11,0.00275
2025-08-20,1,Fram,Víkingur R.,5,5,2,5e-4
2025-08-20,1,Fram,Víkingur R.,5,6,2,5e-4
2025-08-20,1,Fram,Víkingur R.,5,7,1,2.5e-4
2025-08-20,1,Fram,Víkingur R.,6,0,5,0.00125
2025-08-20,1,Fram,Víkingur R.,6,1,14,0.0035
2025-08-20,1,Fram,Víkingur R.,6,2,17,0.00425
2025-08-20,1,Fram,Víkingur R.,6,3,3,7.5e-4
2025-08-20,1,Fram,Víkingur R.,6,4,4,0.001
2025-08-20,1,Fram,Víkingur R.,6,5,2,5e-4
2025-08-20,1,Fram,Víkingur R.,6,6,3,7.5e-4
2025-08-20,1,Fram,Víkingur R.,7,0,4,0.001
2025-08-20,1,Fram,Víkingur R.,7,1,5,0.00125
2025-08-20,1,Fram,Víkingur R.,7,2,2,5e-4
2025-08-20,1,Fram,Víkingur R.,7,3,2,5e-4
2025-08-20,1,Fram,Víkingur R.,7,4,1,2.5e-4
2025-08-20,1,Fram,Víkingur R.,8,1,2,5e-4
2025-08-20,1,Fram,Víkingur R.,8,3,1,2.5e-4
2025-08-20,1,Fram,Víkingur R.,8,5,1,2.5e-4
2025-08-20,1,Fram,Víkingur R.,11,1,1,2.5e-4
2025-08-20,1,Þróttur R.,Valur,0,0,404,0.101
2025-08-20,1,Þróttur R.,Valur,0,1,268,0.067
2025-08-20,1,Þróttur R.,Valur,0,2,118,0.0295
2025-08-20,1,Þróttur R.,Valur,0,3,36,0.009
2025-08-20,1,Þróttur R.,Valur,0,4,9,0.00225
2025-08-20,1,Þróttur R.,Valur,0,5,2,5e-4
2025-08-20,1,Þróttur R.,Valur,1,0,555,0.13875
2025-08-20,1,Þróttur R.,Valur,1,1,438,0.1095
2025-08-20,1,Þróttur R.,Valur,1,2,197,0.04925
2025-08-20,1,Þróttur R.,Valur,1,3,78,0.0195
2025-08-20,1,Þróttur R.,Valur,1,4,13,0.00325
2025-08-20,1,Þróttur R.,Valur,1,5,3,7.5e-4
2025-08-20,1,Þróttur R.,Valur,1,6,1,2.5e-4
2025-08-20,1,Þróttur R.,Valur,2,0,399,0.09975
2025-08-20,1,Þróttur R.,Valur,2,1,341,0.08525
2025-08-20,1,Þróttur R.,Valur,2,2,145,0.03625
2025-08-20,1,Þróttur R.,Valur,2,3,53,0.01325
2025-08-20,1,Þróttur R.,Valur,2,4,14,0.0035
2025-08-20,1,Þróttur R.,Valur,2,5,4,0.001
2025-08-20,1,Þróttur R.,Valur,2,7,1,2.5e-4
2025-08-20,1,Þróttur R.,Valur,3,0,240,0.06
2025-08-20,1,Þróttur R.,Valur,3,1,172,0.043
2025-08-20,1,Þróttur R.,Valur,3,2,81,0.02025
2025-08-20,1,Þróttur R.,Valur,3,3,31,0.00775
2025-08-20,1,Þróttur R.,Valur,3,4,14,0.0035
2025-08-20,1,Þróttur R.,Valur,3,5,3,7.5e-4
2025-08-20,1,Þróttur R.,Valur,4,0,106,0.0265
2025-08-20,1,Þróttur R.,Valur,4,1,78,0.0195
2025-08-20,1,Þróttur R.,Valur,4,2,31,0.00775
2025-08-20,1,Þróttur R.,Valur,4,3,11,0.00275
2025-08-20,1,Þróttur R.,Valur,4,4,4,0.001
2025-08-20,1,Þróttur R.,Valur,4,5,1,2.5e-4
2025-08-20,1,Þróttur R.,Valur,4,6,1,2.5e-4
2025-08-20,1,Þróttur R.,Valur,5,0,47,0.01175
2025-08-20,1,Þróttur R.,Valur,5,1,40,0.01
2025-08-20,1,Þróttur R.,Valur,5,2,11,0.00275
2025-08-20,1,Þróttur R.,Valur,5,3,6,0.0015
2025-08-20,1,Þróttur R.,Valur,5,4,1,2.5e-4
2025-08-20,1,Þróttur R.,Valur,6,0,13,0.00325
2025-08-20,1,Þróttur R.,Valur,6,1,15,0.00375
2025-08-20,1,Þróttur R.,Valur,6,2,3,7.5e-4
2025-08-20,1,Þróttur R.,Valur,6,3,2,5e-4
2025-08-20,1,Þróttur R.,Valur,7,1,2,5e-4
2025-08-20,1,Þróttur R.,Valur,7,2,3,7.5e-4
2025-08-20,1,Þróttur R.,Valur,7,3,1,2.5e-4
2025-08-20,1,Þróttur R.,Valur,8,2,1,2.5e-4
2025-08-20,1,Þróttur R.,Valur,9,1,1,2.5e-4
2025-08-20,1,Þróttur R.,Valur,9,3,1,2.5e-4
2025-08-20,1,Þróttur R.,Valur,10,2,1,2.5e-4
2025-08-21,1,Stjarnan,FH,0,0,238,0.0595
2025-08-21,1,Stjarnan,FH,0,1,357,0.08925
2025-08-21,1,Stjarnan,FH,0,2,274,0.0685
2025-08-21,1,Stjarnan,FH,0,3,181,0.04525
2025-08-21,1,Stjarnan,FH,0,4,95,0.02375
2025-08-21,1,Stjarnan,FH,0,5,42,0.0105
2025-08-21,1,Stjarnan,FH,0,6,15,0.00375
2025-08-21,1,Stjarnan,FH,0,7,5,0.00125
2025-08-21,1,Stjarnan,FH,1,0,246,0.0615
2025-08-21,1,Stjarnan,FH,1,1,406,0.1015
2025-08-21,1,Stjarnan,FH,1,2,356,0.089
2025-08-21,1,Stjarnan,FH,1,3,200,0.05
2025-08-21,1,Stjarnan,FH,1,4,110,0.0275
2025-08-21,1,Stjarnan,FH,1,5,44,0.011
2025-08-21,1,Stjarnan,FH,1,6,17,0.00425
2025-08-21,1,Stjarnan,FH,1,7,8,0.002
2025-08-21,1,Stjarnan,FH,1,8,3,7.5e-4
2025-08-21,1,Stjarnan,FH,1,9,2,5e-4
2025-08-21,1,Stjarnan,FH,1,11,1,2.5e-4
2025-08-21,1,Stjarnan,FH,2,0,148,0.037
2025-08-21,1,Stjarnan,FH,2,1,237,0.05925
2025-08-21,1,Stjarnan,FH,2,2,215,0.05375
2025-08-21,1,Stjarnan,FH,2,3,128,0.032
2025-08-21,1,Stjarnan,FH,2,4,59,0.01475
2025-08-21,1,Stjarnan,FH,2,5,23,0.00575
2025-08-21,1,Stjarnan,FH,2,6,13,0.00325
2025-08-21,1,Stjarnan,FH,2,7,4,0.001
2025-08-21,1,Stjarnan,FH,2,8,2,5e-4
2025-08-21,1,Stjarnan,FH,2,9,1,2.5e-4
2025-08-21,1,Stjarnan,FH,3,0,68,0.017
2025-08-21,1,Stjarnan,FH,3,1,107,0.02675
2025-08-21,1,Stjarnan,FH,3,2,80,0.02
2025-08-21,1,Stjarnan,FH,3,3,62,0.0155
2025-08-21,1,Stjarnan,FH,3,4,30,0.0075
2025-08-21,1,Stjarnan,FH,3,5,15,0.00375
2025-08-21,1,Stjarnan,FH,3,6,4,0.001
2025-08-21,1,Stjarnan,FH,3,7,2,5e-4
2025-08-21,1,Stjarnan,FH,4,0,18,0.0045
2025-08-21,1,Stjarnan,FH,4,1,45,0.01125
2025-08-21,1,Stjarnan,FH,4,2,43,0.01075
2025-08-21,1,Stjarnan,FH,4,3,23,0.00575
2025-08-21,1,Stjarnan,FH,4,4,18,0.0045
2025-08-21,1,Stjarnan,FH,4,5,8,0.002
2025-08-21,1,Stjarnan,FH,4,6,1,2.5e-4
2025-08-21,1,Stjarnan,FH,5,0,8,0.002
2025-08-21,1,Stjarnan,FH,5,1,10,0.0025
2025-08-21,1,Stjarnan,FH,5,2,8,0.002
2025-08-21,1,Stjarnan,FH,5,3,6,0.0015
2025-08-21,1,Stjarnan,FH,5,4,2,5e-4
2025-08-21,1,Stjarnan,FH,5,5,3,7.5e-4
2025-08-21,1,Stjarnan,FH,5,8,1,2.5e-4
2025-08-21,1,Stjarnan,FH,6,0,3,7.5e-4
2025-08-21,1,Stjarnan,FH,6,2,3,7.5e-4
2025-08-21,1,Stjarnan,FH,8,3,1,2.5e-4
2025-08-21,1,Stjarnan,FH,9,1,1,2.5e-4
2025-08-21,1,Þór/KA,FHL,0,0,66,0.0165
2025-08-21,1,Þór/KA,FHL,0,1,30,0.0075
2025-08-21,1,Þór/KA,FHL,0,2,7,0.00175
2025-08-21,1,Þór/KA,FHL,0,3,2,5e-4
2025-08-21,1,Þór/KA,FHL,1,0,217,0.05425
2025-08-21,1,Þór/KA,FHL,1,1,77,0.01925
2025-08-21,1,Þór/KA,FHL,1,2,23,0.00575
2025-08-21,1,Þór/KA,FHL,1,3,4,0.001
2025-08-21,1,Þór/KA,FHL,2,0,389,0.09725
2025-08-21,1,Þór/KA,FHL,2,1,143,0.03575
2025-08-21,1,Þór/KA,FHL,2,2,30,0.0075
2025-08-21,1,Þór/KA,FHL,2,3,8,0.002
2025-08-21,1,Þór/KA,FHL,2,4,1,2.5e-4
2025-08-21,1,Þór/KA,FHL,3,0,452,0.113
2025-08-21,1,Þór/KA,FHL,3,1,201,0.05025
2025-08-21,1,Þór/KA,FHL,3,2,37,0.00925
2025-08-21,1,Þór/KA,FHL,3,3,11,0.00275
2025-08-21,1,Þór/KA,FHL,3,4,2,5e-4
2025-08-21,1,Þór/KA,FHL,4,0,442,0.1105
2025-08-21,1,Þór/KA,FHL,4,1,168,0.042
2025-08-21,1,Þór/KA,FHL,4,2,33,0.00825
2025-08-21,1,Þór/KA,FHL,4,3,10,0.0025
2025-08-21,1,Þór/KA,FHL,4,4,1,2.5e-4
2025-08-21,1,Þór/KA,FHL,5,0,353,0.08825
2025-08-21,1,Þór/KA,FHL,5,1,142,0.0355
2025-08-21,1,Þór/KA,FHL,5,2,36,0.009
2025-08-21,1,Þór/KA,FHL,5,3,3,7.5e-4
2025-08-21,1,Þór/KA,FHL,5,4,1,2.5e-4
2025-08-21,1,Þór/KA,FHL,5,5,1,2.5e-4
2025-08-21,1,Þór/KA,FHL,6,0,274,0.0685
2025-08-21,1,Þór/KA,FHL,6,1,123,0.03075
2025-08-21,1,Þór/KA,FHL,6,2,20,0.005
2025-08-21,1,Þór/KA,FHL,6,3,14,0.0035
2025-08-21,1,Þór/KA,FHL,7,0,174,0.0435
2025-08-21,1,Þór/KA,FHL,7,1,77,0.01925
2025-08-21,1,Þór/KA,FHL,7,2,16,0.004
2025-08-21,1,Þór/KA,FHL,7,3,3,7.5e-4
2025-08-21,1,Þór/KA,FHL,8,0,94,0.0235
2025-08-21,1,Þór/KA,FHL,8,1,43,0.01075
2025-08-21,1,Þór/KA,FHL,8,2,15,0.00375
2025-08-21,1,Þór/KA,FHL,9,0,83,0.02075
2025-08-21,1,Þór/KA,FHL,9,1,25,0.00625
2025-08-21,1,Þór/KA,FHL,9,2,12,0.003
2025-08-21,1,Þór/KA,FHL,9,3,2,5e-4
2025-08-21,1,Þór/KA,FHL,10,0,44,0.011
2025-08-21,1,Þór/KA,FHL,10,1,15,0.00375
2025-08-21,1,Þór/KA,FHL,10,2,4,0.001
2025-08-21,1,Þór/KA,FHL,10,3,1,2.5e-4
2025-08-21,1,Þór/KA,FHL,11,0,30,0.0075
2025-08-21,1,Þór/KA,FHL,11,1,7,0.00175
2025-08-21,1,Þór/KA,FHL,11,2,3,7.5e-4
2025-08-21,1,Þór/KA,FHL,11,3,1,2.5e-4
2025-08-21,1,Þór/KA,FHL,12,0,6,0.0015
2025-08-21,1,Þór/KA,FHL,12,1,6,0.0015
2025-08-21,1,Þór/KA,FHL,13,0,5,0.00125
2025-08-21,1,Þór/KA,FHL,13,1,2,5e-4
2025-08-21,1,Þór/KA,FHL,14,0,3,7.5e-4
2025-08-21,1,Þór/KA,FHL,14,1,3,7.5e-4
2025-08-21,1,Þór/KA,FHL,15,0,2,5e-4
2025-08-21,1,Þór/KA,FHL,15,1,2,5e-4
2025-08-21,1,Þór/KA,FHL,17,0,1,2.5e-4
2025-08-28,1,FH,Þróttur R.,0,0,287,0.07175
2025-08-28,1,FH,Þróttur R.,0,1,352,0.088
2025-08-28,1,FH,Þróttur R.,0,2,241,0.06025
2025-08-28,1,FH,Þróttur R.,0,3,139,0.03475
2025-08-28,1,FH,Þróttur R.,0,4,61,0.01525
2025-08-28,1,FH,Þróttur R.,0,5,19,0.00475
2025-08-28,1,FH,Þróttur R.,0,6,7,0.00175
2025-08-28,1,FH,Þróttur R.,0,7,1,2.5e-4
2025-08-28,1,FH,Þróttur R.,0,8,1,2.5e-4
2025-08-28,1,FH,Þróttur R.,1,0,305,0.07625
2025-08-28,1,FH,Þróttur R.,1,1,439,0.10975
2025-08-28,1,FH,Þróttur R.,1,2,309,0.07725
2025-08-28,1,FH,Þróttur R.,1,3,173,0.04325
2025-08-28,1,FH,Þróttur R.,1,4,62,0.0155
2025-08-28,1,FH,Þróttur R.,1,5,35,0.00875
2025-08-28,1,FH,Þróttur R.,1,6,10,0.0025
2025-08-28,1,FH,Þróttur R.,1,7,4,0.001
2025-08-28,1,FH,Þróttur R.,1,8,2,5e-4
2025-08-28,1,FH,Þróttur R.,1,9,1,2.5e-4
2025-08-28,1,FH,Þróttur R.,2,0,168,0.042
2025-08-28,1,FH,Þróttur R.,2,1,276,0.069
2025-08-28,1,FH,Þróttur R.,2,2,222,0.0555
2025-08-28,1,FH,Þróttur R.,2,3,122,0.0305
2025-08-28,1,FH,Þróttur R.,2,4,50,0.0125
2025-08-28,1,FH,Þróttur R.,2,5,21,0.00525
2025-08-28,1,FH,Þróttur R.,2,6,5,0.00125
2025-08-28,1,FH,Þróttur R.,2,7,4,0.001
2025-08-28,1,FH,Þróttur R.,3,0,90,0.0225
2025-08-28,1,FH,Þróttur R.,3,1,139,0.03475
2025-08-28,1,FH,Þróttur R.,3,2,104,0.026
2025-08-28,1,FH,Þróttur R.,3,3,68,0.017
2025-08-28,1,FH,Þróttur R.,3,4,21,0.00525
2025-08-28,1,FH,Þróttur R.,3,5,10,0.0025
2025-08-28,1,FH,Þróttur R.,3,6,2,5e-4
2025-08-28,1,FH,Þróttur R.,3,7,1,2.5e-4
2025-08-28,1,FH,Þróttur R.,3,9,1,2.5e-4
2025-08-28,1,FH,Þróttur R.,4,0,38,0.0095
2025-08-28,1,FH,Þróttur R.,4,1,38,0.0095
2025-08-28,1,FH,Þróttur R.,4,2,30,0.0075
2025-08-28,1,FH,Þróttur R.,4,3,30,0.0075
2025-08-28,1,FH,Þróttur R.,4,4,16,0.004
2025-08-28,1,FH,Þróttur R.,4,5,5,0.00125
2025-08-28,1,FH,Þróttur R.,4,6,1,2.5e-4
2025-08-28,1,FH,Þróttur R.,4,7,1,2.5e-4
2025-08-28,1,FH,Þróttur R.,5,0,14,0.0035
2025-08-28,1,FH,Þróttur R.,5,1,14,0.0035
2025-08-28,1,FH,Þróttur R.,5,2,19,0.00475
2025-08-28,1,FH,Þróttur R.,5,3,8,0.002
2025-08-28,1,FH,Þróttur R.,5,4,2,5e-4
2025-08-28,1,FH,Þróttur R.,5,5,6,0.0015
2025-08-28,1,FH,Þróttur R.,5,6,1,2.5e-4
2025-08-28,1,FH,Þróttur R.,6,0,5,0.00125
2025-08-28,1,FH,Þróttur R.,6,1,4,0.001
2025-08-28,1,FH,Þróttur R.,6,2,4,0.001
2025-08-28,1,FH,Þróttur R.,6,3,5,0.00125
2025-08-28,1,FH,Þróttur R.,6,4,1,2.5e-4
2025-08-28,1,FH,Þróttur R.,7,1,1,2.5e-4
2025-08-28,1,FH,Þróttur R.,7,2,2,5e-4
2025-08-28,1,FH,Þróttur R.,7,3,1,2.5e-4
2025-08-28,1,FH,Þróttur R.,7,4,1,2.5e-4
2025-08-28,1,FH,Þróttur R.,9,0,1,2.5e-4
2025-08-28,1,Tindastóll,Víkingur R.,0,0,177,0.04425
2025-08-28,1,Tindastóll,Víkingur R.,0,1,216,0.054
2025-08-28,1,Tindastóll,Víkingur R.,0,2,185,0.04625
2025-08-28,1,Tindastóll,Víkingur R.,0,3,111,0.02775
2025-08-28,1,Tindastóll,Víkingur R.,0,4,73,0.01825
2025-08-28,1,Tindastóll,Víkingur R.,0,5,26,0.0065
2025-08-28,1,Tindastóll,Víkingur R.,0,6,16,0.004
2025-08-28,1,Tindastóll,Víkingur R.,0,7,3,7.5e-4
2025-08-28,1,Tindastóll,Víkingur R.,0,8,1,2.5e-4
2025-08-28,1,Tindastóll,Víkingur R.,0,10,1,2.5e-4
2025-08-28,1,Tindastóll,Víkingur R.,1,0,214,0.0535
2025-08-28,1,Tindastóll,Víkingur R.,1,1,327,0.08175
2025-08-28,1,Tindastóll,Víkingur R.,1,2,290,0.0725
2025-08-28,1,Tindastóll,Víkingur R.,1,3,191,0.04775
2025-08-28,1,Tindastóll,Víkingur R.,1,4,112,0.028
2025-08-28,1,Tindastóll,Víkingur R.,1,5,42,0.0105
2025-08-28,1,Tindastóll,Víkingur R.,1,6,19,0.00475
2025-08-28,1,Tindastóll,Víkingur R.,1,7,7,0.00175
2025-08-28,1,Tindastóll,Víkingur R.,1,8,1,2.5e-4
2025-08-28,1,Tindastóll,Víkingur R.,1,11,1,2.5e-4
2025-08-28,1,Tindastóll,Víkingur R.,2,0,174,0.0435
2025-08-28,1,Tindastóll,Víkingur R.,2,1,231,0.05775
2025-08-28,1,Tindastóll,Víkingur R.,2,2,270,0.0675
2025-08-28,1,Tindastóll,Víkingur R.,2,3,141,0.03525
2025-08-28,1,Tindastóll,Víkingur R.,2,4,87,0.02175
2025-08-28,1,Tindastóll,Víkingur R.,2,5,34,0.0085
2025-08-28,1,Tindastóll,Víkingur R.,2,6,9,0.00225
2025-08-28,1,Tindastóll,Víkingur R.,2,7,3,7.5e-4
2025-08-28,1,Tindastóll,Víkingur R.,2,8,5,0.00125
2025-08-28,1,Tindastóll,Víkingur R.,3,0,93,0.02325
2025-08-28,1,Tindastóll,Víkingur R.,3,1,162,0.0405
2025-08-28,1,Tindastóll,Víkingur R.,3,2,138,0.0345
2025-08-28,1,Tindastóll,Víkingur R.,3,3,115,0.02875
2025-08-28,1,Tindastóll,Víkingur R.,3,4,59,0.01475
2025-08-28,1,Tindastóll,Víkingur R.,3,5,30,0.0075
2025-08-28,1,Tindastóll,Víkingur R.,3,6,5,0.00125
2025-08-28,1,Tindastóll,Víkingur R.,3,7,5,0.00125
2025-08-28,1,Tindastóll,Víkingur R.,3,8,3,7.5e-4
2025-08-28,1,Tindastóll,Víkingur R.,3,9,1,2.5e-4
2025-08-28,1,Tindastóll,Víkingur R.,4,0,31,0.00775
2025-08-28,1,Tindastóll,Víkingur R.,4,1,69,0.01725
2025-08-28,1,Tindastóll,Víkingur R.,4,2,62,0.0155
2025-08-28,1,Tindastóll,Víkingur R.,4,3,37,0.00925
2025-08-28,1,Tindastóll,Víkingur R.,4,4,37,0.00925
2025-08-28,1,Tindastóll,Víkingur R.,4,5,7,0.00175
2025-08-28,1,Tindastóll,Víkingur R.,4,6,5,0.00125
2025-08-28,1,Tindastóll,Víkingur R.,4,7,3,7.5e-4
2025-08-28,1,Tindastóll,Víkingur R.,5,0,12,0.003
2025-08-28,1,Tindastóll,Víkingur R.,5,1,32,0.008
2025-08-28,1,Tindastóll,Víkingur R.,5,2,22,0.0055
2025-08-28,1,Tindastóll,Víkingur R.,5,3,18,0.0045
2025-08-28,1,Tindastóll,Víkingur R.,5,4,10,0.0025
2025-08-28,1,Tindastóll,Víkingur R.,5,5,4,0.001
2025-08-28,1,Tindastóll,Víkingur R.,5,6,4,0.001
2025-08-28,1,Tindastóll,Víkingur R.,5,8,1,2.5e-4
2025-08-28,1,Tindastóll,Víkingur R.,6,0,9,0.00225
2025-08-28,1,Tindastóll,Víkingur R.,6,1,10,0.0025
2025-08-28,1,Tindastóll,Víkingur R.,6,2,9,0.00225
2025-08-28,1,Tindastóll,Víkingur R.,6,3,9,0.00225
2025-08-28,1,Tindastóll,Víkingur R.,6,4,4,0.001
2025-08-28,1,Tindastóll,Víkingur R.,6,5,1,2.5e-4
2025-08-28,1,Tindastóll,Víkingur R.,6,6,5,0.00125
2025-08-28,1,Tindastóll,Víkingur R.,6,9,1,2.5e-4
2025-08-28,1,Tindastóll,Víkingur R.,7,0,2,5e-4
2025-08-28,1,Tindastóll,Víkingur R.,7,1,7,0.00175
2025-08-28,1,Tindastóll,Víkingur R.,7,2,3,7.5e-4
2025-08-28,1,Tindastóll,Víkingur R.,7,3,1,2.5e-4
2025-08-28,1,Tindastóll,Víkingur R.,7,5,1,2.5e-4
2025-08-28,1,Tindastóll,Víkingur R.,7,9,1,2.5e-4
2025-08-28,1,Tindastóll,Víkingur R.,8,0,2,5e-4
2025-08-28,1,Tindastóll,Víkingur R.,8,3,1,2.5e-4
2025-08-28,1,Tindastóll,Víkingur R.,9,1,1,2.5e-4
2025-08-28,1,Tindastóll,Víkingur R.,10,2,1,2.5e-4
2025-08-30,1,FHL,Stjarnan,0,0,211,0.05275
2025-08-30,1,FHL,Stjarnan,0,1,332,0.083
2025-08-30,1,FHL,Stjarnan,0,2,404,0.101
2025-08-30,1,FHL,Stjarnan,0,3,322,0.0805
2025-08-30,1,FHL,Stjarnan,0,4,227,0.05675
2025-08-30,1,FHL,Stjarnan,0,5,126,0.0315
2025-08-30,1,FHL,Stjarnan,0,6,66,0.0165
2025-08-30,1,FHL,Stjarnan,0,7,22,0.0055
2025-08-30,1,FHL,Stjarnan,0,8,6,0.0015
2025-08-30,1,FHL,Stjarnan,0,9,7,0.00175
2025-08-30,1,FHL,Stjarnan,0,10,3,7.5e-4
2025-08-30,1,FHL,Stjarnan,0,11,1,2.5e-4
2025-08-30,1,FHL,Stjarnan,0,12,1,2.5e-4
2025-08-30,1,FHL,Stjarnan,1,0,138,0.0345
2025-08-30,1,FHL,Stjarnan,1,1,295,0.07375
2025-08-30,1,FHL,Stjarnan,1,2,310,0.0775
2025-08-30,1,FHL,Stjarnan,1,3,288,0.072
2025-08-30,1,FHL,Stjarnan,1,4,184,0.046
2025-08-30,1,FHL,Stjarnan,1,5,109,0.02725
2025-08-30,1,FHL,Stjarnan,1,6,57,0.01425
2025-08-30,1,FHL,Stjarnan,1,7,23,0.00575
2025-08-30,1,FHL,Stjarnan,1,8,10,0.0025
2025-08-30,1,FHL,Stjarnan,1,9,1,2.5e-4
2025-08-30,1,FHL,Stjarnan,2,0,54,0.0135
2025-08-30,1,FHL,Stjarnan,2,1,123,0.03075
2025-08-30,1,FHL,Stjarnan,2,2,132,0.033
2025-08-30,1,FHL,Stjarnan,2,3,109,0.02725
2025-08-30,1,FHL,Stjarnan,2,4,71,0.01775
2025-08-30,1,FHL,Stjarnan,2,5,55,0.01375
2025-08-30,1,FHL,Stjarnan,2,6,19,0.00475
2025-08-30,1,FHL,Stjarnan,2,7,10,0.0025
2025-08-30,1,FHL,Stjarnan,2,8,5,0.00125
2025-08-30,1,FHL,Stjarnan,2,9,3,7.5e-4
2025-08-30,1,FHL,Stjarnan,2,10,1,2.5e-4
2025-08-30,1,FHL,Stjarnan,3,0,18,0.0045
2025-08-30,1,FHL,Stjarnan,3,1,40,0.01
2025-08-30,1,FHL,Stjarnan,3,2,41,0.01025
2025-08-30,1,FHL,Stjarnan,3,3,53,0.01325
2025-08-30,1,FHL,Stjarnan,3,4,29,0.00725
2025-08-30,1,FHL,Stjarnan,3,5,16,0.004
2025-08-30,1,FHL,Stjarnan,3,6,10,0.0025
2025-08-30,1,FHL,Stjarnan,3,7,5,0.00125
2025-08-30,1,FHL,Stjarnan,3,8,1,2.5e-4
2025-08-30,1,FHL,Stjarnan,3,11,1,2.5e-4
2025-08-30,1,FHL,Stjarnan,4,0,1,2.5e-4
2025-08-30,1,FHL,Stjarnan,4,1,5,0.00125
2025-08-30,1,FHL,Stjarnan,4,2,6,0.0015
2025-08-30,1,FHL,Stjarnan,4,3,16,0.004
2025-08-30,1,FHL,Stjarnan,4,4,11,0.00275
2025-08-30,1,FHL,Stjarnan,4,5,1,2.5e-4
2025-08-30,1,FHL,Stjarnan,4,6,3,7.5e-4
2025-08-30,1,FHL,Stjarnan,4,7,1,2.5e-4
2025-08-30,1,FHL,Stjarnan,4,8,1,2.5e-4
2025-08-30,1,FHL,Stjarnan,4,12,1,2.5e-4
2025-08-30,1,FHL,Stjarnan,5,1,2,5e-4
2025-08-30,1,FHL,Stjarnan,5,2,3,7.5e-4
2025-08-30,1,FHL,Stjarnan,5,3,2,5e-4
2025-08-30,1,FHL,Stjarnan,5,4,1,2.5e-4
2025-08-30,1,FHL,Stjarnan,5,5,1,2.5e-4
2025-08-30,1,FHL,Stjarnan,6,1,1,2.5e-4
2025-08-30,1,FHL,Stjarnan,6,2,2,5e-4
2025-08-30,1,FHL,Stjarnan,6,4,1,2.5e-4
2025-08-30,1,FHL,Stjarnan,7,2,1,2.5e-4
2025-08-30,1,FHL,Stjarnan,7,3,1,2.5e-4
2025-08-30,1,Þór/KA,Fram,0,0,181,0.04525
2025-08-30,1,Þór/KA,Fram,0,1,129,0.03225
2025-08-30,1,Þór/KA,Fram,0,2,52,0.013
2025-08-30,1,Þór/KA,Fram,0,3,25,0.00625
2025-08-30,1,Þór/KA,Fram,0,4,6,0.0015
2025-08-30,1,Þór/KA,Fram,0,5,2,5e-4
2025-08-30,1,Þór/KA,Fram,0,6,1,2.5e-4
2025-08-30,1,Þór/KA,Fram,1,0,358,0.0895
2025-08-30,1,Þór/KA,Fram,1,1,283,0.07075
2025-08-30,1,Þór/KA,Fram,1,2,126,0.0315
2025-08-30,1,Þór/KA,Fram,1,3,18,0.0045
2025-08-30,1,Þór/KA,Fram,1,4,12,0.003
2025-08-30,1,Þór/KA,Fram,1,5,2,5e-4
2025-08-30,1,Þór/KA,Fram,1,6,2,5e-4
2025-08-30,1,Þór/KA,Fram,2,0,383,0.09575
2025-08-30,1,Þór/KA,Fram,2,1,323,0.08075
2025-08-30,1,Þór/KA,Fram,2,2,158,0.0395
2025-08-30,1,Þór/KA,Fram,2,3,44,0.011
2025-08-30,1,Þór/KA,Fram,2,4,17,0.00425
2025-08-30,1,Þór/KA,Fram,2,5,1,2.5e-4
2025-08-30,1,Þór/KA,Fram,2,6,3,7.5e-4
2025-08-30,1,Þór/KA,Fram,3,0,334,0.0835
2025-08-30,1,Þór/KA,Fram,3,1,276,0.069
2025-08-30,1,Þór/KA,Fram,3,2,106,0.0265
2025-08-30,1,Þór/KA,Fram,3,3,50,0.0125
2025-08-30,1,Þór/KA,Fram,3,4,14,0.0035
2025-08-30,1,Þór/KA,Fram,3,5,1,2.5e-4
2025-08-30,1,Þór/KA,Fram,3,6,3,7.5e-4
2025-08-30,1,Þór/KA,Fram,4,0,215,0.05375
2025-08-30,1,Þór/KA,Fram,4,1,184,0.046
2025-08-30,1,Þór/KA,Fram,4,2,60,0.015
2025-08-30,1,Þór/KA,Fram,4,3,24,0.006
2025-08-30,1,Þór/KA,Fram,4,4,10,0.0025
2025-08-30,1,Þór/KA,Fram,4,6,2,5e-4
2025-08-30,1,Þór/KA,Fram,5,0,123,0.03075
2025-08-30,1,Þór/KA,Fram,5,1,95,0.02375
2025-08-30,1,Þór/KA,Fram,5,2,54,0.0135
2025-08-30,1,Þór/KA,Fram,5,3,13,0.00325
2025-08-30,1,Þór/KA,Fram,5,4,2,5e-4
2025-08-30,1,Þór/KA,Fram,5,5,3,7.5e-4
2025-08-30,1,Þór/KA,Fram,6,0,58,0.0145
2025-08-30,1,Þór/KA,Fram,6,1,59,0.01475
2025-08-30,1,Þór/KA,Fram,6,2,22,0.0055
2025-08-30,1,Þór/KA,Fram,6,3,7,0.00175
2025-08-30,1,Þór/KA,Fram,6,4,2,5e-4
2025-08-30,1,Þór/KA,Fram,6,5,1,2.5e-4
2025-08-30,1,Þór/KA,Fram,7,0,40,0.01
2025-08-30,1,Þór/KA,Fram,7,1,31,0.00775
2025-08-30,1,Þór/KA,Fram,7,2,14,0.0035
2025-08-30,1,Þór/KA,Fram,7,3,1,2.5e-4
2025-08-30,1,Þór/KA,Fram,7,7,1,2.5e-4
2025-08-30,1,Þór/KA,Fram,8,0,14,0.0035
2025-08-30,1,Þór/KA,Fram,8,1,12,0.003
2025-08-30,1,Þór/KA,Fram,8,2,7,0.00175
2025-08-30,1,Þór/KA,Fram,8,3,2,5e-4
2025-08-30,1,Þór/KA,Fram,8,4,1,2.5e-4
2025-08-30,1,Þór/KA,Fram,8,6,1,2.5e-4
2025-08-30,1,Þór/KA,Fram,9,0,7,0.00175
2025-08-30,1,Þór/KA,Fram,9,1,7,0.00175
2025-08-30,1,Þór/KA,Fram,9,2,4,0.001
2025-08-30,1,Þór/KA,Fram,9,3,1,2.5e-4
2025-08-30,1,Þór/KA,Fram,10,0,2,5e-4
2025-08-30,1,Þór/KA,Fram,10,1,6,0.0015
2025-08-30,1,Þór/KA,Fram,10,2,1,2.5e-4
2025-08-30,1,Þór/KA,Fram,11,0,1,2.5e-4
2025-08-30,1,Þór/KA,Fram,11,1,1,2.5e-4
2025-08-30,1,Þór/KA,Fram,11,2,1,2.5e-4
2025-08-30,1,Þór/KA,Fram,13,3,1,2.5e-4
2025-09-04,1,Breiðablik,FH,0,0,125,0.03125
2025-09-04,1,Breiðablik,FH,0,1,92,0.023
2025-09-04,1,Breiðablik,FH,0,2,51,0.01275
2025-09-04,1,Breiðablik,FH,0,3,16,0.004
2025-09-04,1,Breiðablik,FH,0,4,2,5e-4
2025-09-04,1,Breiðablik,FH,0,5,3,7.5e-4
2025-09-04,1,Breiðablik,FH,0,6,1,2.5e-4
2025-09-04,1,Breiðablik,FH,1,0,280,0.07
2025-09-04,1,Breiðablik,FH,1,1,232,0.058
2025-09-04,1,Breiðablik,FH,1,2,102,0.0255
2025-09-04,1,Breiðablik,FH,1,3,29,0.00725
2025-09-04,1,Breiðablik,FH,1,4,11,0.00275
2025-09-04,1,Breiðablik,FH,1,5,4,0.001
2025-09-04,1,Breiðablik,FH,1,6,1,2.5e-4
2025-09-04,1,Breiðablik,FH,1,7,1,2.5e-4
2025-09-04,1,Breiðablik,FH,2,0,375,0.09375
2025-09-04,1,Breiðablik,FH,2,1,286,0.0715
2025-09-04,1,Breiðablik,FH,2,2,139,0.03475
2025-09-04,1,Breiðablik,FH,2,3,42,0.0105
2025-09-04,1,Breiðablik,FH,2,4,21,0.00525
2025-09-04,1,Breiðablik,FH,2,5,3,7.5e-4
2025-09-04,1,Breiðablik,FH,3,0,329,0.08225
2025-09-04,1,Breiðablik,FH,3,1,262,0.0655
2025-09-04,1,Breiðablik,FH,3,2,134,0.0335
2025-09-04,1,Breiðablik,FH,3,3,40,0.01
2025-09-04,1,Breiðablik,FH,3,4,7,0.00175
2025-09-04,1,Breiðablik,FH,3,5,4,0.001
2025-09-04,1,Breiðablik,FH,3,6,1,2.5e-4
2025-09-04,1,Breiðablik,FH,4,0,244,0.061
2025-09-04,1,Breiðablik,FH,4,1,199,0.04975
2025-09-04,1,Breiðablik,FH,4,2,89,0.02225
2025-09-04,1,Breiðablik,FH,4,3,39,0.00975
2025-09-04,1,Breiðablik,FH,4,4,11,0.00275
2025-09-04,1,Breiðablik,FH,4,5,1,2.5e-4
2025-09-04,1,Breiðablik,FH,4,6,1,2.5e-4
2025-09-04,1,Breiðablik,FH,5,0,159,0.03975
2025-09-04,1,Breiðablik,FH,5,1,134,0.0335
2025-09-04,1,Breiðablik,FH,5,2,55,0.01375
2025-09-04,1,Breiðablik,FH,5,3,24,0.006
2025-09-04,1,Breiðablik,FH,5,4,10,0.0025
2025-09-04,1,Breiðablik,FH,6,0,75,0.01875
2025-09-04,1,Breiðablik,FH,6,1,83,0.02075
2025-09-04,1,Breiðablik,FH,6,2,41,0.01025
2025-09-04,1,Breiðablik,FH,6,3,11,0.00275
2025-09-04,1,Breiðablik,FH,6,4,2,5e-4
2025-09-04,1,Breiðablik,FH,6,5,1,2.5e-4
2025-09-04,1,Breiðablik,FH,7,0,58,0.0145
2025-09-04,1,Breiðablik,FH,7,1,37,0.00925
2025-09-04,1,Breiðablik,FH,7,2,17,0.00425
2025-09-04,1,Breiðablik,FH,7,3,12,0.003
2025-09-04,1,Breiðablik,FH,7,4,1,2.5e-4
2025-09-04,1,Breiðablik,FH,8,0,25,0.00625
2025-09-04,1,Breiðablik,FH,8,1,19,0.00475
2025-09-04,1,Breiðablik,FH,8,2,6,0.0015
2025-09-04,1,Breiðablik,FH,8,3,3,7.5e-4
2025-09-04,1,Breiðablik,FH,9,0,15,0.00375
2025-09-04,1,Breiðablik,FH,9,1,7,0.00175
2025-09-04,1,Breiðablik,FH,9,2,3,7.5e-4
2025-09-04,1,Breiðablik,FH,9,3,1,2.5e-4
2025-09-04,1,Breiðablik,FH,10,0,6,0.0015
2025-09-04,1,Breiðablik,FH,10,1,5,0.00125
2025-09-04,1,Breiðablik,FH,10,2,1,2.5e-4
2025-09-04,1,Breiðablik,FH,10,3,1,2.5e-4
2025-09-04,1,Breiðablik,FH,11,0,7,0.00175
2025-09-04,1,Breiðablik,FH,12,0,2,5e-4
2025-09-04,1,Breiðablik,FH,12,1,1,2.5e-4
2025-09-04,1,Breiðablik,FH,13,1,1,2.5e-4
2025-09-04,1,Tindastóll,Fram,0,0,214,0.0535
2025-09-04,1,Tindastóll,Fram,0,1,222,0.0555
2025-09-04,1,Tindastóll,Fram,0,2,166,0.0415
2025-09-04,1,Tindastóll,Fram,0,3,92,0.023
2025-09-04,1,Tindastóll,Fram,0,4,30,0.0075
2025-09-04,1,Tindastóll,Fram,0,5,8,0.002
2025-09-04,1,Tindastóll,Fram,0,6,6,0.0015
2025-09-04,1,Tindastóll,Fram,0,7,2,5e-4
2025-09-04,1,Tindastóll,Fram,0,9,1,2.5e-4
2025-09-04,1,Tindastóll,Fram,1,0,280,0.07
2025-09-04,1,Tindastóll,Fram,1,1,371,0.09275
2025-09-04,1,Tindastóll,Fram,1,2,244,0.061
2025-09-04,1,Tindastóll,Fram,1,3,119,0.02975
2025-09-04,1,Tindastóll,Fram,1,4,60,0.015
2025-09-04,1,Tindastóll,Fram,1,5,24,0.006
2025-09-04,1,Tindastóll,Fram,1,6,10,0.0025
2025-09-04,1,Tindastóll,Fram,1,7,1,2.5e-4
2025-09-04,1,Tindastóll,Fram,1,8,1,2.5e-4
2025-09-04,1,Tindastóll,Fram,1,9,1,2.5e-4
2025-09-04,1,Tindastóll,Fram,2,0,236,0.059
2025-09-04,1,Tindastóll,Fram,2,1,316,0.079
2025-09-04,1,Tindastóll,Fram,2,2,237,0.05925
2025-09-04,1,Tindastóll,Fram,2,3,116,0.029
2025-09-04,1,Tindastóll,Fram,2,4,53,0.01325
2025-09-04,1,Tindastóll,Fram,2,5,19,0.00475
2025-09-04,1,Tindastóll,Fram,2,6,6,0.0015
2025-09-04,1,Tindastóll,Fram,2,7,3,7.5e-4
2025-09-04,1,Tindastóll,Fram,3,0,132,0.033
2025-09-04,1,Tindastóll,Fram,3,1,200,0.05
2025-09-04,1,Tindastóll,Fram,3,2,136,0.034
2025-09-04,1,Tindastóll,Fram,3,3,75,0.01875
2025-09-04,1,Tindastóll,Fram,3,4,34,0.0085
2025-09-04,1,Tindastóll,Fram,3,5,16,0.004
2025-09-04,1,Tindastóll,Fram,3,6,7,0.00175
2025-09-04,1,Tindastóll,Fram,3,7,2,5e-4
2025-09-04,1,Tindastóll,Fram,4,0,70,0.0175
2025-09-04,1,Tindastóll,Fram,4,1,87,0.02175
2025-09-04,1,Tindastóll,Fram,4,2,59,0.01475
2025-09-04,1,Tindastóll,Fram,4,3,43,0.01075
2025-09-04,1,Tindastóll,Fram,4,4,32,0.008
2025-09-04,1,Tindastóll,Fram,4,5,9,0.00225
2025-09-04,1,Tindastóll,Fram,4,7,1,2.5e-4
2025-09-04,1,Tindastóll,Fram,5,0,39,0.00975
2025-09-04,1,Tindastóll,Fram,5,1,50,0.0125
2025-09-04,1,Tindastóll,Fram,5,2,34,0.0085
2025-09-04,1,Tindastóll,Fram,5,3,23,0.00575
2025-09-04,1,Tindastóll,Fram,5,4,12,0.003
2025-09-04,1,Tindastóll,Fram,5,5,2,5e-4
2025-09-04,1,Tindastóll,Fram,6,0,19,0.00475
2025-09-04,1,Tindastóll,Fram,6,1,15,0.00375
2025-09-04,1,Tindastóll,Fram,6,2,20,0.005
2025-09-04,1,Tindastóll,Fram,6,3,8,0.002
2025-09-04,1,Tindastóll,Fram,6,4,8,0.002
2025-09-04,1,Tindastóll,Fram,6,5,2,5e-4
2025-09-04,1,Tindastóll,Fram,6,6,1,2.5e-4
2025-09-04,1,Tindastóll,Fram,7,1,6,0.0015
2025-09-04,1,Tindastóll,Fram,7,2,4,0.001
2025-09-04,1,Tindastóll,Fram,7,3,2,5e-4
2025-09-04,1,Tindastóll,Fram,7,4,4,0.001
2025-09-04,1,Tindastóll,Fram,8,0,1,2.5e-4
2025-09-04,1,Tindastóll,Fram,8,1,2,5e-4
2025-09-04,1,Tindastóll,Fram,8,2,3,7.5e-4
2025-09-04,1,Tindastóll,Fram,8,3,1,2.5e-4
2025-09-04,1,Tindastóll,Fram,9,2,1,2.5e-4
2025-09-04,1,Tindastóll,Fram,9,3,1,2.5e-4
2025-09-04,1,Tindastóll,Fram,9,5,1,2.5e-4
2025-09-04,1,Víkingur R.,Valur,0,0,292,0.073
2025-09-04,1,Víkingur R.,Valur,0,1,440,0.11
2025-09-04,1,Víkingur R.,Valur,0,2,397,0.09925
2025-09-04,1,Víkingur R.,Valur,0,3,193,0.04825
2025-09-04,1,Víkingur R.,Valur,0,4,73,0.01825
2025-09-04,1,Víkingur R.,Valur,0,5,38,0.0095
2025-09-04,1,Víkingur R.,Valur,0,6,19,0.00475
2025-09-04,1,Víkingur R.,Valur,0,7,7,0.00175
2025-09-04,1,Víkingur R.,Valur,0,8,1,2.5e-4
2025-09-04,1,Víkingur R.,Valur,1,0,344,0.086
2025-09-04,1,Víkingur R.,Valur,1,1,423,0.10575
2025-09-04,1,Víkingur R.,Valur,1,2,335,0.08375
2025-09-04,1,Víkingur R.,Valur,1,3,193,0.04825
2025-09-04,1,Víkingur R.,Valur,1,4,81,0.02025
2025-09-04,1,Víkingur R.,Valur,1,5,38,0.0095
2025-09-04,1,Víkingur R.,Valur,1,6,18,0.0045
2025-09-04,1,Víkingur R.,Valur,1,7,8,0.002
2025-09-04,1,Víkingur R.,Valur,1,8,2,5e-4
2025-09-04,1,Víkingur R.,Valur,2,0,163,0.04075
2025-09-04,1,Víkingur R.,Valur,2,1,206,0.0515
2025-09-04,1,Víkingur R.,Valur,2,2,184,0.046
2025-09-04,1,Víkingur R.,Valur,2,3,104,0.026
2025-09-04,1,Víkingur R.,Valur,2,4,47,0.01175
2025-09-04,1,Víkingur R.,Valur,2,5,22,0.0055
2025-09-04,1,Víkingur R.,Valur,2,6,2,5e-4
2025-09-04,1,Víkingur R.,Valur,2,7,2,5e-4
2025-09-04,1,Víkingur R.,Valur,2,8,1,2.5e-4
2025-09-04,1,Víkingur R.,Valur,3,0,51,0.01275
2025-09-04,1,Víkingur R.,Valur,3,1,79,0.01975
2025-09-04,1,Víkingur R.,Valur,3,2,65,0.01625
2025-09-04,1,Víkingur R.,Valur,3,3,39,0.00975
2025-09-04,1,Víkingur R.,Valur,3,4,19,0.00475
2025-09-04,1,Víkingur R.,Valur,3,5,7,0.00175
2025-09-04,1,Víkingur R.,Valur,3,6,3,7.5e-4
2025-09-04,1,Víkingur R.,Valur,3,7,1,2.5e-4
2025-09-04,1,Víkingur R.,Valur,4,0,10,0.0025
2025-09-04,1,Víkingur R.,Valur,4,1,15,0.00375
2025-09-04,1,Víkingur R.,Valur,4,2,23,0.00575
2025-09-04,1,Víkingur R.,Valur,4,3,9,0.00225
2025-09-04,1,Víkingur R.,Valur,4,4,8,0.002
2025-09-04,1,Víkingur R.,Valur,4,5,1,2.5e-4
2025-09-04,1,Víkingur R.,Valur,4,6,1,2.5e-4
2025-09-04,1,Víkingur R.,Valur,5,0,10,0.0025
2025-09-04,1,Víkingur R.,Valur,5,1,4,0.001
2025-09-04,1,Víkingur R.,Valur,5,2,3,7.5e-4
2025-09-04,1,Víkingur R.,Valur,5,3,5,0.00125
2025-09-04,1,Víkingur R.,Valur,5,4,3,7.5e-4
2025-09-04,1,Víkingur R.,Valur,5,6,1,2.5e-4
2025-09-04,1,Víkingur R.,Valur,6,0,3,7.5e-4
2025-09-04,1,Víkingur R.,Valur,6,1,2,5e-4
2025-09-04,1,Víkingur R.,Valur,6,2,1,2.5e-4
2025-09-04,1,Víkingur R.,Valur,6,3,2,5e-4
2025-09-04,1,Víkingur R.,Valur,6,6,1,2.5e-4
2025-09-04,1,Víkingur R.,Valur,7,1,1,2.5e-4
2025-09-06,1,Stjarnan,Þór/KA,0,0,256,0.064
2025-09-06,1,Stjarnan,Þór/KA,0,1,296,0.074
2025-09-06,1,Stjarnan,Þór/KA,0,2,228,0.057
2025-09-06,1,Stjarnan,Þór/KA,0,3,122,0.0305
2025-09-06,1,Stjarnan,Þór/KA,0,4,69,0.01725
2025-09-06,1,Stjarnan,Þór/KA,0,5,20,0.005
2025-09-06,1,Stjarnan,Þór/KA,0,6,11,0.00275
2025-09-06,1,Stjarnan,Þór/KA,0,8,1,2.5e-4
2025-09-06,1,Stjarnan,Þór/KA,1,0,291,0.07275
2025-09-06,1,Stjarnan,Þór/KA,1,1,416,0.104
2025-09-06,1,Stjarnan,Þór/KA,1,2,316,0.079
2025-09-06,1,Stjarnan,Þór/KA,1,3,174,0.0435
2025-09-06,1,Stjarnan,Þór/KA,1,4,86,0.0215
2025-09-06,1,Stjarnan,Þór/KA,1,5,24,0.006
2025-09-06,1,Stjarnan,Þór/KA,1,6,13,0.00325
2025-09-06,1,Stjarnan,Þór/KA,1,7,2,5e-4
2025-09-06,1,Stjarnan,Þór/KA,1,8,1,2.5e-4
2025-09-06,1,Stjarnan,Þór/KA,1,9,1,2.5e-4
2025-09-06,1,Stjarnan,Þór/KA,2,0,202,0.0505
2025-09-06,1,Stjarnan,Þór/KA,2,1,267,0.06675
2025-09-06,1,Stjarnan,Þór/KA,2,2,240,0.06
2025-09-06,1,Stjarnan,Þór/KA,2,3,138,0.0345
2025-09-06,1,Stjarnan,Þór/KA,2,4,54,0.0135
2025-09-06,1,Stjarnan,Þór/KA,2,5,20,0.005
2025-09-06,1,Stjarnan,Þór/KA,2,6,7,0.00175
2025-09-06,1,Stjarnan,Þór/KA,2,7,3,7.5e-4
2025-09-06,1,Stjarnan,Þór/KA,2,8,2,5e-4
2025-09-06,1,Stjarnan,Þór/KA,2,9,1,2.5e-4
2025-09-06,1,Stjarnan,Þór/KA,3,0,86,0.0215
2025-09-06,1,Stjarnan,Þór/KA,3,1,140,0.035
2025-09-06,1,Stjarnan,Þór/KA,3,2,121,0.03025
2025-09-06,1,Stjarnan,Þór/KA,3,3,72,0.018
2025-09-06,1,Stjarnan,Þór/KA,3,4,32,0.008
2025-09-06,1,Stjarnan,Þór/KA,3,5,21,0.00525
2025-09-06,1,Stjarnan,Þór/KA,3,6,5,0.00125
2025-09-06,1,Stjarnan,Þór/KA,3,7,2,5e-4
2025-09-06,1,Stjarnan,Þór/KA,3,9,1,2.5e-4
2025-09-06,1,Stjarnan,Þór/KA,4,0,30,0.0075
2025-09-06,1,Stjarnan,Þór/KA,4,1,58,0.0145
2025-09-06,1,Stjarnan,Þór/KA,4,2,34,0.0085
2025-09-06,1,Stjarnan,Þór/KA,4,3,15,0.00375
2025-09-06,1,Stjarnan,Þór/KA,4,4,14,0.0035
2025-09-06,1,Stjarnan,Þór/KA,4,5,7,0.00175
2025-09-06,1,Stjarnan,Þór/KA,4,6,3,7.5e-4
2025-09-06,1,Stjarnan,Þór/KA,4,10,1,2.5e-4
2025-09-06,1,Stjarnan,Þór/KA,5,0,12,0.003
2025-09-06,1,Stjarnan,Þór/KA,5,1,13,0.00325
2025-09-06,1,Stjarnan,Þór/KA,5,2,25,0.00625
2025-09-06,1,Stjarnan,Þór/KA,5,3,11,0.00275
2025-09-06,1,Stjarnan,Þór/KA,5,4,3,7.5e-4
2025-09-06,1,Stjarnan,Þór/KA,5,5,4,0.001
2025-09-06,1,Stjarnan,Þór/KA,6,0,3,7.5e-4
2025-09-06,1,Stjarnan,Þór/KA,6,1,5,0.00125
2025-09-06,1,Stjarnan,Þór/KA,6,2,5,0.00125
2025-09-06,1,Stjarnan,Þór/KA,6,3,4,0.001
2025-09-06,1,Stjarnan,Þór/KA,6,5,1,2.5e-4
2025-09-06,1,Stjarnan,Þór/KA,6,6,1,2.5e-4
2025-09-06,1,Stjarnan,Þór/KA,7,0,2,5e-4
2025-09-06,1,Stjarnan,Þór/KA,7,1,1,2.5e-4
2025-09-06,1,Stjarnan,Þór/KA,7,2,2,5e-4
2025-09-06,1,Stjarnan,Þór/KA,7,3,1,2.5e-4
2025-09-06,1,Stjarnan,Þór/KA,7,4,1,2.5e-4
2025-09-06,1,Stjarnan,Þór/KA,8,1,2,5e-4
2025-09-06,1,Stjarnan,Þór/KA,10,2,1,2.5e-4
2025-09-07,1,Þróttur R.,FHL,0,0,41,0.01025
2025-09-07,1,Þróttur R.,FHL,0,1,11,0.00275
2025-09-07,1,Þróttur R.,FHL,1,0,160,0.04
2025-09-07,1,Þróttur R.,FHL,1,1,32,0.008
2025-09-07,1,Þróttur R.,FHL,1,2,6,0.0015
2025-09-07,1,Þróttur R.,FHL,1,3,1,2.5e-4
2025-09-07,1,Þróttur R.,FHL,2,0,304,0.076
2025-09-07,1,Þróttur R.,FHL,2,1,77,0.01925
2025-09-07,1,Þróttur R.,FHL,2,2,17,0.00425
2025-09-07,1,Þróttur R.,FHL,2,3,2,5e-4
2025-09-07,1,Þróttur R.,FHL,3,0,440,0.11
2025-09-07,1,Þróttur R.,FHL,3,1,125,0.03125
2025-09-07,1,Þróttur R.,FHL,3,2,22,0.0055
2025-09-07,1,Þróttur R.,FHL,4,0,479,0.11975
2025-09-07,1,Þróttur R.,FHL,4,1,145,0.03625
2025-09-07,1,Þróttur R.,FHL,4,2,25,0.00625
2025-09-07,1,Þróttur R.,FHL,4,3,5,0.00125
2025-09-07,1,Þróttur R.,FHL,5,0,433,0.10825
2025-09-07,1,Þróttur R.,FHL,5,1,138,0.0345
2025-09-07,1,Þróttur R.,FHL,5,2,22,0.0055
2025-09-07,1,Þróttur R.,FHL,5,3,1,2.5e-4
2025-09-07,1,Þróttur R.,FHL,6,0,377,0.09425
2025-09-07,1,Þróttur R.,FHL,6,1,112,0.028
2025-09-07,1,Þróttur R.,FHL,6,2,12,0.003
2025-09-07,1,Þróttur R.,FHL,6,3,2,5e-4
2025-09-07,1,Þróttur R.,FHL,6,4,2,5e-4
2025-09-07,1,Þróttur R.,FHL,7,0,267,0.06675
2025-09-07,1,Þróttur R.,FHL,7,1,82,0.0205
2025-09-07,1,Þróttur R.,FHL,7,2,17,0.00425
2025-09-07,1,Þróttur R.,FHL,7,3,4,0.001
2025-09-07,1,Þróttur R.,FHL,8,0,199,0.04975
2025-09-07,1,Þróttur R.,FHL,8,1,46,0.0115
2025-09-07,1,Þróttur R.,FHL,8,2,6,0.0015
2025-09-07,1,Þróttur R.,FHL,8,3,1,2.5e-4
2025-09-07,1,Þróttur R.,FHL,9,0,132,0.033
2025-09-07,1,Þróttur R.,FHL,9,1,26,0.0065
2025-09-07,1,Þróttur R.,FHL,9,2,8,0.002
2025-09-07,1,Þróttur R.,FHL,9,3,1,2.5e-4
2025-09-07,1,Þróttur R.,FHL,10,0,71,0.01775
2025-09-07,1,Þróttur R.,FHL,10,1,12,0.003
2025-09-07,1,Þróttur R.,FHL,10,2,7,0.00175
2025-09-07,1,Þróttur R.,FHL,10,3,1,2.5e-4
2025-09-07,1,Þróttur R.,FHL,11,0,39,0.00975
2025-09-07,1,Þróttur R.,FHL,11,1,14,0.0035
2025-09-07,1,Þróttur R.,FHL,11,2,1,2.5e-4
2025-09-07,1,Þróttur R.,FHL,12,0,21,0.00525
2025-09-07,1,Þróttur R.,FHL,12,1,5,0.00125
2025-09-07,1,Þróttur R.,FHL,12,2,2,5e-4
2025-09-07,1,Þróttur R.,FHL,12,3,1,2.5e-4
2025-09-07,1,Þróttur R.,FHL,13,0,18,0.0045
2025-09-07,1,Þróttur R.,FHL,13,1,5,0.00125
2025-09-07,1,Þróttur R.,FHL,14,0,9,0.00225
2025-09-07,1,Þróttur R.,FHL,14,1,1,2.5e-4
2025-09-07,1,Þróttur R.,FHL,14,2,1,2.5e-4
2025-09-07,1,Þróttur R.,FHL,15,0,4,0.001
2025-09-07,1,Þróttur R.,FHL,15,1,1,2.5e-4
2025-09-07,1,Þróttur R.,FHL,16,0,6,0.0015
2025-09-07,1,Þróttur R.,FHL,16,1,1,2.5e-4
2025-09-12,1,FH,Víkingur R.,0,0,162,0.0405
2025-09-12,1,FH,Víkingur R.,0,1,135,0.03375
2025-09-12,1,FH,Víkingur R.,0,2,58,0.0145
2025-09-12,1,FH,Víkingur R.,0,3,25,0.00625
2025-09-12,1,FH,Víkingur R.,0,4,9,0.00225
2025-09-12,1,FH,Víkingur R.,0,5,2,5e-4
2025-09-12,1,FH,Víkingur R.,1,0,313,0.07825
2025-09-12,1,FH,Víkingur R.,1,1,281,0.07025
2025-09-12,1,FH,Víkingur R.,1,2,135,0.03375
2025-09-12,1,FH,Víkingur R.,1,3,66,0.0165
2025-09-12,1,FH,Víkingur R.,1,4,12,0.003
2025-09-12,1,FH,Víkingur R.,1,5,3,7.5e-4
2025-09-12,1,FH,Víkingur R.,1,6,4,0.001
2025-09-12,1,FH,Víkingur R.,1,8,2,5e-4
2025-09-12,1,FH,Víkingur R.,2,0,362,0.0905
2025-09-12,1,FH,Víkingur R.,2,1,326,0.0815
2025-09-12,1,FH,Víkingur R.,2,2,192,0.048
2025-09-12,1,FH,Víkingur R.,2,3,59,0.01475
2025-09-12,1,FH,Víkingur R.,2,4,24,0.006
2025-09-12,1,FH,Víkingur R.,2,5,5,0.00125
2025-09-12,1,FH,Víkingur R.,2,6,2,5e-4
2025-09-12,1,FH,Víkingur R.,3,0,283,0.07075
2025-09-12,1,FH,Víkingur R.,3,1,273,0.06825
2025-09-12,1,FH,Víkingur R.,3,2,138,0.0345
2025-09-12,1,FH,Víkingur R.,3,3,41,0.01025
2025-09-12,1,FH,Víkingur R.,3,4,15,0.00375
2025-09-12,1,FH,Víkingur R.,3,5,4,0.001
2025-09-12,1,FH,Víkingur R.,3,6,1,2.5e-4
2025-09-12,1,FH,Víkingur R.,4,0,208,0.052
2025-09-12,1,FH,Víkingur R.,4,1,179,0.04475
2025-09-12,1,FH,Víkingur R.,4,2,96,0.024
2025-09-12,1,FH,Víkingur R.,4,3,31,0.00775
2025-09-12,1,FH,Víkingur R.,4,4,13,0.00325
2025-09-12,1,FH,Víkingur R.,4,5,2,5e-4
2025-09-12,1,FH,Víkingur R.,5,0,115,0.02875
2025-09-12,1,FH,Víkingur R.,5,1,84,0.021
2025-09-12,1,FH,Víkingur R.,5,2,57,0.01425
2025-09-12,1,FH,Víkingur R.,5,3,22,0.0055
2025-09-12,1,FH,Víkingur R.,5,4,6,0.0015
2025-09-12,1,FH,Víkingur R.,5,5,4,0.001
2025-09-12,1,FH,Víkingur R.,5,6,1,2.5e-4
2025-09-12,1,FH,Víkingur R.,5,7,1,2.5e-4
2025-09-12,1,FH,Víkingur R.,6,0,56,0.014
2025-09-12,1,FH,Víkingur R.,6,1,53,0.01325
2025-09-12,1,FH,Víkingur R.,6,2,29,0.00725
2025-09-12,1,FH,Víkingur R.,6,3,10,0.0025
2025-09-12,1,FH,Víkingur R.,6,4,3,7.5e-4
2025-09-12,1,FH,Víkingur R.,6,6,1,2.5e-4
2025-09-12,1,FH,Víkingur R.,7,0,30,0.0075
2025-09-12,1,FH,Víkingur R.,7,1,17,0.00425
2025-09-12,1,FH,Víkingur R.,7,2,2,5e-4
2025-09-12,1,FH,Víkingur R.,7,3,5,0.00125
2025-09-12,1,FH,Víkingur R.,8,0,9,0.00225
2025-09-12,1,FH,Víkingur R.,8,1,12,0.003
2025-09-12,1,FH,Víkingur R.,8,2,4,0.001
2025-09-12,1,FH,Víkingur R.,8,3,1,2.5e-4
2025-09-12,1,FH,Víkingur R.,8,4,1,2.5e-4
2025-09-12,1,FH,Víkingur R.,8,5,1,2.5e-4
2025-09-12,1,FH,Víkingur R.,9,0,1,2.5e-4
2025-09-12,1,FH,Víkingur R.,9,1,6,0.0015
2025-09-12,1,FH,Víkingur R.,9,2,2,5e-4
2025-09-12,1,FH,Víkingur R.,10,0,3,7.5e-4
2025-09-12,1,FH,Víkingur R.,11,0,1,2.5e-4
2025-09-12,1,FH,Víkingur R.,11,2,1,2.5e-4
2025-09-12,1,FH,Víkingur R.,11,4,1,2.5e-4
2025-09-12,1,Stjarnan,Fram,0,0,259,0.06475
2025-09-12,1,Stjarnan,Fram,0,1,238,0.0595
2025-09-12,1,Stjarnan,Fram,0,2,87,0.02175
2025-09-12,1,Stjarnan,Fram,0,3,43,0.01075
2025-09-12,1,Stjarnan,Fram,0,4,16,0.004
2025-09-12,1,Stjarnan,Fram,0,5,2,5e-4
2025-09-12,1,Stjarnan,Fram,0,6,2,5e-4
2025-09-12,1,Stjarnan,Fram,1,0,449,0.11225
2025-09-12,1,Stjarnan,Fram,1,1,396,0.099
2025-09-12,1,Stjarnan,Fram,1,2,183,0.04575
2025-09-12,1,Stjarnan,Fram,1,3,59,0.01475
2025-09-12,1,Stjarnan,Fram,1,4,21,0.00525
2025-09-12,1,Stjarnan,Fram,1,5,4,0.001
2025-09-12,1,Stjarnan,Fram,1,6,3,7.5e-4
2025-09-12,1,Stjarnan,Fram,1,10,1,2.5e-4
2025-09-12,1,Stjarnan,Fram,2,0,376,0.094
2025-09-12,1,Stjarnan,Fram,2,1,324,0.081
2025-09-12,1,Stjarnan,Fram,2,2,169,0.04225
2025-09-12,1,Stjarnan,Fram,2,3,54,0.0135
2025-09-12,1,Stjarnan,Fram,2,4,24,0.006
2025-09-12,1,Stjarnan,Fram,2,5,4,0.001
2025-09-12,1,Stjarnan,Fram,2,6,5,0.00125
2025-09-12,1,Stjarnan,Fram,2,7,1,2.5e-4
2025-09-12,1,Stjarnan,Fram,3,0,259,0.06475
2025-09-12,1,Stjarnan,Fram,3,1,226,0.0565
2025-09-12,1,Stjarnan,Fram,3,2,113,0.02825
2025-09-12,1,Stjarnan,Fram,3,3,49,0.01225
2025-09-12,1,Stjarnan,Fram,3,4,7,0.00175
2025-09-12,1,Stjarnan,Fram,3,5,6,0.0015
2025-09-12,1,Stjarnan,Fram,3,6,2,5e-4
2025-09-12,1,Stjarnan,Fram,3,7,1,2.5e-4
2025-09-12,1,Stjarnan,Fram,4,0,150,0.0375
2025-09-12,1,Stjarnan,Fram,4,1,102,0.0255
2025-09-12,1,Stjarnan,Fram,4,2,58,0.0145
2025-09-12,1,Stjarnan,Fram,4,3,13,0.00325
2025-09-12,1,Stjarnan,Fram,4,4,5,0.00125
2025-09-12,1,Stjarnan,Fram,4,5,3,7.5e-4
2025-09-12,1,Stjarnan,Fram,5,0,60,0.015
2025-09-12,1,Stjarnan,Fram,5,1,50,0.0125
2025-09-12,1,Stjarnan,Fram,5,2,32,0.008
2025-09-12,1,Stjarnan,Fram,5,3,7,0.00175
2025-09-12,1,Stjarnan,Fram,5,4,2,5e-4
2025-09-12,1,Stjarnan,Fram,5,5,1,2.5e-4
2025-09-12,1,Stjarnan,Fram,5,6,1,2.5e-4
2025-09-12,1,Stjarnan,Fram,6,0,28,0.007
2025-09-12,1,Stjarnan,Fram,6,1,36,0.009
2025-09-12,1,Stjarnan,Fram,6,2,10,0.0025
2025-09-12,1,Stjarnan,Fram,6,3,5,0.00125
2025-09-12,1,Stjarnan,Fram,6,4,1,2.5e-4
2025-09-12,1,Stjarnan,Fram,7,0,17,0.00425
2025-09-12,1,Stjarnan,Fram,7,1,13,0.00325
2025-09-12,1,Stjarnan,Fram,7,2,4,0.001
2025-09-12,1,Stjarnan,Fram,7,5,1,2.5e-4
2025-09-12,1,Stjarnan,Fram,8,0,3,7.5e-4
2025-09-12,1,Stjarnan,Fram,8,1,4,0.001
2025-09-12,1,Stjarnan,Fram,8,2,1,2.5e-4
2025-09-12,1,Stjarnan,Fram,8,3,1,2.5e-4
2025-09-12,1,Stjarnan,Fram,9,0,4,0.001
2025-09-12,1,Stjarnan,Fram,9,1,2,5e-4
2025-09-12,1,Stjarnan,Fram,10,1,2,5e-4
2025-09-12,1,Stjarnan,Fram,11,1,1,2.5e-4
2025-09-12,1,Þór/KA,Þróttur R.,0,0,262,0.0655
2025-09-12,1,Þór/KA,Þróttur R.,0,1,343,0.08575
2025-09-12,1,Þór/KA,Þróttur R.,0,2,315,0.07875
2025-09-12,1,Þór/KA,Þróttur R.,0,3,149,0.03725
2025-09-12,1,Þór/KA,Þróttur R.,0,4,72,0.018
2025-09-12,1,Þór/KA,Þróttur R.,0,5,35,0.00875
2025-09-12,1,Þór/KA,Þróttur R.,0,6,10,0.0025
2025-09-12,1,Þór/KA,Þróttur R.,0,7,4,0.001
2025-09-12,1,Þór/KA,Þróttur R.,0,8,1,2.5e-4
2025-09-12,1,Þór/KA,Þróttur R.,1,0,232,0.058
2025-09-12,1,Þór/KA,Þróttur R.,1,1,394,0.0985
2025-09-12,1,Þór/KA,Þróttur R.,1,2,317,0.07925
2025-09-12,1,Þór/KA,Þróttur R.,1,3,171,0.04275
2025-09-12,1,Þór/KA,Þróttur R.,1,4,84,0.021
2025-09-12,1,Þór/KA,Þróttur R.,1,5,36,0.009
2025-09-12,1,Þór/KA,Þróttur R.,1,6,7,0.00175
2025-09-12,1,Þór/KA,Þróttur R.,1,7,4,0.001
2025-09-12,1,Þór/KA,Þróttur R.,1,8,2,5e-4
2025-09-12,1,Þór/KA,Þróttur R.,2,0,158,0.0395
2025-09-12,1,Þór/KA,Þróttur R.,2,1,279,0.06975
2025-09-12,1,Þór/KA,Þróttur R.,2,2,229,0.05725
2025-09-12,1,Þór/KA,Þróttur R.,2,3,131,0.03275
2025-09-12,1,Þór/KA,Þróttur R.,2,4,67,0.01675
2025-09-12,1,Þór/KA,Þróttur R.,2,5,28,0.007
2025-09-12,1,Þór/KA,Þróttur R.,2,6,8,0.002
2025-09-12,1,Þór/KA,Þróttur R.,2,7,6,0.0015
2025-09-12,1,Þór/KA,Þróttur R.,2,9,1,2.5e-4
2025-09-12,1,Þór/KA,Þróttur R.,3,0,82,0.0205
2025-09-12,1,Þór/KA,Þróttur R.,3,1,126,0.0315
2025-09-12,1,Þór/KA,Þróttur R.,3,2,111,0.02775
2025-09-12,1,Þór/KA,Þróttur R.,3,3,62,0.0155
2025-09-12,1,Þór/KA,Þróttur R.,3,4,33,0.00825
2025-09-12,1,Þór/KA,Þróttur R.,3,5,22,0.0055
2025-09-12,1,Þór/KA,Þróttur R.,3,6,7,0.00175
2025-09-12,1,Þór/KA,Þróttur R.,3,7,1,2.5e-4
2025-09-12,1,Þór/KA,Þróttur R.,4,0,29,0.00725
2025-09-12,1,Þór/KA,Þróttur R.,4,1,34,0.0085
2025-09-12,1,Þór/KA,Þróttur R.,4,2,26,0.0065
2025-09-12,1,Þór/KA,Þróttur R.,4,3,24,0.006
2025-09-12,1,Þór/KA,Þróttur R.,4,4,19,0.00475
2025-09-12,1,Þór/KA,Þróttur R.,4,5,2,5e-4
2025-09-12,1,Þór/KA,Þróttur R.,4,8,1,2.5e-4
2025-09-12,1,Þór/KA,Þróttur R.,5,0,9,0.00225
2025-09-12,1,Þór/KA,Þróttur R.,5,1,14,0.0035
2025-09-12,1,Þór/KA,Þróttur R.,5,2,16,0.004
2025-09-12,1,Þór/KA,Þróttur R.,5,3,3,7.5e-4
2025-09-12,1,Þór/KA,Þróttur R.,5,4,5,0.00125
2025-09-12,1,Þór/KA,Þróttur R.,5,5,3,7.5e-4
2025-09-12,1,Þór/KA,Þróttur R.,5,6,1,2.5e-4
2025-09-12,1,Þór/KA,Þróttur R.,5,7,1,2.5e-4
2025-09-12,1,Þór/KA,Þróttur R.,6,0,5,0.00125
2025-09-12,1,Þór/KA,Þróttur R.,6,1,3,7.5e-4
2025-09-12,1,Þór/KA,Þróttur R.,6,2,4,0.001
2025-09-12,1,Þór/KA,Þróttur R.,6,3,6,0.0015
2025-09-12,1,Þór/KA,Þróttur R.,6,4,1,2.5e-4
2025-09-12,1,Þór/KA,Þróttur R.,6,6,2,5e-4
2025-09-12,1,Þór/KA,Þróttur R.,7,1,2,5e-4
2025-09-12,1,Þór/KA,Þróttur R.,8,0,1,2.5e-4
2025-09-14,1,FHL,Breiðablik,0,0,10,0.0025
2025-09-14,1,FHL,Breiðablik,0,1,55,0.01375
2025-09-14,1,FHL,Breiðablik,0,2,131,0.03275
2025-09-14,1,FHL,Breiðablik,0,3,212,0.053
2025-09-14,1,FHL,Breiðablik,0,4,340,0.085
2025-09-14,1,FHL,Breiðablik,0,5,355,0.08875
2025-09-14,1,FHL,Breiðablik,0,6,366,0.0915
2025-09-14,1,FHL,Breiðablik,0,7,311,0.07775
2025-09-14,1,FHL,Breiðablik,0,8,258,0.0645
2025-09-14,1,FHL,Breiðablik,0,9,190,0.0475
2025-09-14,1,FHL,Breiðablik,0,10,125,0.03125
2025-09-14,1,FHL,Breiðablik,0,11,69,0.01725
2025-09-14,1,FHL,Breiðablik,0,12,75,0.01875
2025-09-14,1,FHL,Breiðablik,0,13,37,0.00925
2025-09-14,1,FHL,Breiðablik,0,14,27,0.00675
2025-09-14,1,FHL,Breiðablik,0,15,11,0.00275
2025-09-14,1,FHL,Breiðablik,0,16,5,0.00125
2025-09-14,1,FHL,Breiðablik,0,17,4,0.001
2025-09-14,1,FHL,Breiðablik,0,18,1,2.5e-4
2025-09-14,1,FHL,Breiðablik,1,0,8,0.002
2025-09-14,1,FHL,Breiðablik,1,1,25,0.00625
2025-09-14,1,FHL,Breiðablik,1,2,53,0.01325
2025-09-14,1,FHL,Breiðablik,1,3,84,0.021
2025-09-14,1,FHL,Breiðablik,1,4,150,0.0375
2025-09-14,1,FHL,Breiðablik,1,5,159,0.03975
2025-09-14,1,FHL,Breiðablik,1,6,154,0.0385
2025-09-14,1,FHL,Breiðablik,1,7,142,0.0355
2025-09-14,1,FHL,Breiðablik,1,8,96,0.024
2025-09-14,1,FHL,Breiðablik,1,9,91,0.02275
2025-09-14,1,FHL,Breiðablik,1,10,48,0.012
2025-09-14,1,FHL,Breiðablik,1,11,24,0.006
2025-09-14,1,FHL,Breiðablik,1,12,25,0.00625
2025-09-14,1,FHL,Breiðablik,1,13,16,0.004
2025-09-14,1,FHL,Breiðablik,1,14,6,0.0015
2025-09-14,1,FHL,Breiðablik,1,15,2,5e-4
2025-09-14,1,FHL,Breiðablik,1,16,3,7.5e-4
2025-09-14,1,FHL,Breiðablik,1,17,2,5e-4
2025-09-14,1,FHL,Breiðablik,2,0,2,5e-4
2025-09-14,1,FHL,Breiðablik,2,1,7,0.00175
2025-09-14,1,FHL,Breiðablik,2,2,9,0.00225
2025-09-14,1,FHL,Breiðablik,2,3,30,0.0075
2025-09-14,1,FHL,Breiðablik,2,4,27,0.00675
2025-09-14,1,FHL,Breiðablik,2,5,40,0.01
2025-09-14,1,FHL,Breiðablik,2,6,43,0.01075
2025-09-14,1,FHL,Breiðablik,2,7,31,0.00775
2025-09-14,1,FHL,Breiðablik,2,8,19,0.00475
2025-09-14,1,FHL,Breiðablik,2,9,23,0.00575
2025-09-14,1,FHL,Breiðablik,2,10,15,0.00375
2025-09-14,1,FHL,Breiðablik,2,11,4,0.001
2025-09-14,1,FHL,Breiðablik,2,12,9,0.00225
2025-09-14,1,FHL,Breiðablik,2,13,4,0.001
2025-09-14,1,FHL,Breiðablik,2,14,5,0.00125
2025-09-14,1,FHL,Breiðablik,2,15,1,2.5e-4
2025-09-14,1,FHL,Breiðablik,2,16,1,2.5e-4
2025-09-14,1,FHL,Breiðablik,2,17,1,2.5e-4
2025-09-14,1,FHL,Breiðablik,2,18,2,5e-4
2025-09-14,1,FHL,Breiðablik,3,2,3,7.5e-4
2025-09-14,1,FHL,Breiðablik,3,3,4,0.001
2025-09-14,1,FHL,Breiðablik,3,4,4,0.001
2025-09-14,1,FHL,Breiðablik,3,5,4,0.001
2025-09-14,1,FHL,Breiðablik,3,6,4,0.001
2025-09-14,1,FHL,Breiðablik,3,7,9,0.00225
2025-09-14,1,FHL,Breiðablik,3,8,4,0.001
2025-09-14,1,FHL,Breiðablik,3,9,4,0.001
2025-09-14,1,FHL,Breiðablik,3,10,1,2.5e-4
2025-09-14,1,FHL,Breiðablik,3,12,3,7.5e-4
2025-09-14,1,FHL,Breiðablik,3,13,1,2.5e-4
2025-09-14,1,FHL,Breiðablik,3,15,1,2.5e-4
2025-09-14,1,FHL,Breiðablik,3,17,1,2.5e-4
2025-09-14,1,FHL,Breiðablik,4,2,1,2.5e-4
2025-09-14,1,FHL,Breiðablik,4,5,2,5e-4
2025-09-14,1,FHL,Breiðablik,4,6,1,2.5e-4
2025-09-14,1,FHL,Breiðablik,4,7,1,2.5e-4
2025-09-14,1,FHL,Breiðablik,4,8,1,2.5e-4
2025-09-14,1,FHL,Breiðablik,4,11,1,2.5e-4
2025-09-14,1,FHL,Breiðablik,4,13,1,2.5e-4
2025-09-14,1,FHL,Breiðablik,5,3,1,2.5e-4
2025-09-14,1,FHL,Breiðablik,5,4,2,5e-4
2025-09-14,1,FHL,Breiðablik,5,5,1,2.5e-4
2025-09-14,1,FHL,Breiðablik,5,7,1,2.5e-4
2025-09-14,1,FHL,Breiðablik,5,11,1,2.5e-4
2025-09-14,1,Valur,Tindastóll,0,0,195,0.04875
2025-09-14,1,Valur,Tindastóll,0,1,100,0.025
2025-09-14,1,Valur,Tindastóll,0,2,41,0.01025
2025-09-14,1,Valur,Tindastóll,0,3,5,0.00125
2025-09-14,1,Valur,Tindastóll,0,4,6,0.0015
2025-09-14,1,Valur,Tindastóll,0,6,1,2.5e-4
2025-09-14,1,Valur,Tindastóll,1,0,427,0.10675
2025-09-14,1,Valur,Tindastóll,1,1,237,0.05925
2025-09-14,1,Valur,Tindastóll,1,2,87,0.02175
2025-09-14,1,Valur,Tindastóll,1,3,20,0.005
2025-09-14,1,Valur,Tindastóll,1,4,5,0.00125
2025-09-14,1,Valur,Tindastóll,2,0,453,0.11325
2025-09-14,1,Valur,Tindastóll,2,1,262,0.0655
2025-09-14,1,Valur,Tindastóll,2,2,107,0.02675
2025-09-14,1,Valur,Tindastóll,2,3,24,0.006
2025-09-14,1,Valur,Tindastóll,2,4,4,0.001
2025-09-14,1,Valur,Tindastóll,2,5,1,2.5e-4
2025-09-14,1,Valur,Tindastóll,3,0,385,0.09625
2025-09-14,1,Valur,Tindastóll,3,1,250,0.0625
2025-09-14,1,Valur,Tindastóll,3,2,106,0.0265
2025-09-14,1,Valur,Tindastóll,3,3,23,0.00575
2025-09-14,1,Valur,Tindastóll,3,4,3,7.5e-4
2025-09-14,1,Valur,Tindastóll,3,5,1,2.5e-4
2025-09-14,1,Valur,Tindastóll,4,0,305,0.07625
2025-09-14,1,Valur,Tindastóll,4,1,206,0.0515
2025-09-14,1,Valur,Tindastóll,4,2,67,0.01675
2025-09-14,1,Valur,Tindastóll,4,3,13,0.00325
2025-09-14,1,Valur,Tindastóll,4,4,7,0.00175
2025-09-14,1,Valur,Tindastóll,5,0,177,0.04425
2025-09-14,1,Valur,Tindastóll,5,1,121,0.03025
2025-09-14,1,Valur,Tindastóll,5,2,31,0.00775
2025-09-14,1,Valur,Tindastóll,5,3,13,0.00325
2025-09-14,1,Valur,Tindastóll,5,4,6,0.0015
2025-09-14,1,Valur,Tindastóll,6,0,100,0.025
2025-09-14,1,Valur,Tindastóll,6,1,55,0.01375
2025-09-14,1,Valur,Tindastóll,6,2,19,0.00475
2025-09-14,1,Valur,Tindastóll,6,3,3,7.5e-4
2025-09-14,1,Valur,Tindastóll,6,5,1,2.5e-4
2025-09-14,1,Valur,Tindastóll,7,0,38,0.0095
2025-09-14,1,Valur,Tindastóll,7,1,19,0.00475
2025-09-14,1,Valur,Tindastóll,7,2,11,0.00275
2025-09-14,1,Valur,Tindastóll,7,3,3,7.5e-4
2025-09-14,1,Valur,Tindastóll,8,0,12,0.003
2025-09-14,1,Valur,Tindastóll,8,1,13,0.00325
2025-09-14,1,Valur,Tindastóll,8,2,2,5e-4
2025-09-14,1,Valur,Tindastóll,8,3,1,2.5e-4
2025-09-14,1,Valur,Tindastóll,9,0,8,0.002
2025-09-14,1,Valur,Tindastóll,9,1,7,0.00175
2025-09-14,1,Valur,Tindastóll,9,2,3,7.5e-4
2025-09-14,1,Valur,Tindastóll,10,0,6,0.0015
2025-09-14,1,Valur,Tindastóll,10,1,2,5e-4
2025-09-14,1,Valur,Tindastóll,10,2,2,5e-4
2025-09-14,1,Valur,Tindastóll,10,3,1,2.5e-4
2025-09-14,1,Valur,Tindastóll,11,0,1,2.5e-4
2025-09-14,1,Valur,Tindastóll,11,2,1,2.5e-4
2025-09-14,1,Valur,Tindastóll,12,0,2,5e-4
2025-09-14,1,Valur,Tindastóll,13,1,1,2.5e-4
2025-09-20,1,Breiðablik,Þór/KA,0,0,84,0.021
2025-09-20,1,Breiðablik,Þór/KA,0,1,45,0.01125
2025-09-20,1,Breiðablik,Þór/KA,0,2,31,0.00775
2025-09-20,1,Breiðablik,Þór/KA,0,3,3,7.5e-4
2025-09-20,1,Breiðablik,Þór/KA,0,4,4,0.001
2025-09-20,1,Breiðablik,Þór/KA,0,5,1,2.5e-4
2025-09-20,1,Breiðablik,Þór/KA,0,6,1,2.5e-4
2025-09-20,1,Breiðablik,Þór/KA,1,0,234,0.0585
2025-09-20,1,Breiðablik,Þór/KA,1,1,205,0.05125
2025-09-20,1,Breiðablik,Þór/KA,1,2,59,0.01475
2025-09-20,1,Breiðablik,Þór/KA,1,3,23,0.00575
2025-09-20,1,Breiðablik,Þór/KA,1,4,3,7.5e-4
2025-09-20,1,Breiðablik,Þór/KA,1,5,1,2.5e-4
2025-09-20,1,Breiðablik,Þór/KA,1,7,1,2.5e-4
2025-09-20,1,Breiðablik,Þór/KA,2,0,365,0.09125
2025-09-20,1,Breiðablik,Þór/KA,2,1,279,0.06975
2025-09-20,1,Breiðablik,Þór/KA,2,2,99,0.02475
2025-09-20,1,Breiðablik,Þór/KA,2,3,25,0.00625
2025-09-20,1,Breiðablik,Þór/KA,2,4,9,0.00225
2025-09-20,1,Breiðablik,Þór/KA,2,5,2,5e-4
2025-09-20,1,Breiðablik,Þór/KA,3,0,377,0.09425
2025-09-20,1,Breiðablik,Þór/KA,3,1,250,0.0625
2025-09-20,1,Breiðablik,Þór/KA,3,2,107,0.02675
2025-09-20,1,Breiðablik,Þór/KA,3,3,32,0.008
2025-09-20,1,Breiðablik,Þór/KA,3,4,8,0.002
2025-09-20,1,Breiðablik,Þór/KA,3,5,1,2.5e-4
2025-09-20,1,Breiðablik,Þór/KA,4,0,307,0.07675
2025-09-20,1,Breiðablik,Þór/KA,4,1,260,0.065
2025-09-20,1,Breiðablik,Þór/KA,4,2,93,0.02325
2025-09-20,1,Breiðablik,Þór/KA,4,3,26,0.0065
2025-09-20,1,Breiðablik,Þór/KA,4,4,7,0.00175
2025-09-20,1,Breiðablik,Þór/KA,4,5,1,2.5e-4
2025-09-20,1,Breiðablik,Þór/KA,5,0,241,0.06025
2025-09-20,1,Breiðablik,Þór/KA,5,1,146,0.0365
2025-09-20,1,Breiðablik,Þór/KA,5,2,79,0.01975
2025-09-20,1,Breiðablik,Þór/KA,5,3,29,0.00725
2025-09-20,1,Breiðablik,Þór/KA,5,4,8,0.002
2025-09-20,1,Breiðablik,Þór/KA,5,5,1,2.5e-4
2025-09-20,1,Breiðablik,Þór/KA,6,0,109,0.02725
2025-09-20,1,Breiðablik,Þór/KA,6,1,88,0.022
2025-09-20,1,Breiðablik,Þór/KA,6,2,47,0.01175
2025-09-20,1,Breiðablik,Þór/KA,6,3,10,0.0025
2025-09-20,1,Breiðablik,Þór/KA,6,4,5,0.00125
2025-09-20,1,Breiðablik,Þór/KA,6,5,1,2.5e-4
2025-09-20,1,Breiðablik,Þór/KA,6,7,1,2.5e-4
2025-09-20,1,Breiðablik,Þór/KA,7,0,80,0.02
2025-09-20,1,Breiðablik,Þór/KA,7,1,38,0.0095
2025-09-20,1,Breiðablik,Þór/KA,7,2,27,0.00675
2025-09-20,1,Breiðablik,Þór/KA,7,3,3,7.5e-4
2025-09-20,1,Breiðablik,Þór/KA,8,0,35,0.00875
2025-09-20,1,Breiðablik,Þór/KA,8,1,31,0.00775
2025-09-20,1,Breiðablik,Þór/KA,8,2,11,0.00275
2025-09-20,1,Breiðablik,Þór/KA,8,3,5,0.00125
2025-09-20,1,Breiðablik,Þór/KA,8,4,1,2.5e-4
2025-09-20,1,Breiðablik,Þór/KA,9,0,18,0.0045
2025-09-20,1,Breiðablik,Þór/KA,9,1,8,0.002
2025-09-20,1,Breiðablik,Þór/KA,9,2,5,0.00125
2025-09-20,1,Breiðablik,Þór/KA,9,3,2,5e-4
2025-09-20,1,Breiðablik,Þór/KA,10,0,10,0.0025
2025-09-20,1,Breiðablik,Þór/KA,10,1,8,0.002
2025-09-20,1,Breiðablik,Þór/KA,10,4,1,2.5e-4
2025-09-20,1,Breiðablik,Þór/KA,11,0,1,2.5e-4
2025-09-20,1,Breiðablik,Þór/KA,11,1,1,2.5e-4
2025-09-20,1,Breiðablik,Þór/KA,11,2,1,2.5e-4
2025-09-20,1,Breiðablik,Þór/KA,11,3,2,5e-4
2025-09-20,1,Breiðablik,Þór/KA,12,1,2,5e-4
2025-09-20,1,Breiðablik,Þór/KA,13,0,1,2.5e-4
2025-09-20,1,Breiðablik,Þór/KA,13,4,1,2.5e-4
2025-09-20,1,Fram,Valur,0,0,343,0.08575
2025-09-20,1,Fram,Valur,0,1,442,0.1105
2025-09-20,1,Fram,Valur,0,2,379,0.09475
2025-09-20,1,Fram,Valur,0,3,213,0.05325
2025-09-20,1,Fram,Valur,0,4,100,0.025
2025-09-20,1,Fram,Valur,0,5,42,0.0105
2025-09-20,1,Fram,Valur,0,6,19,0.00475
2025-09-20,1,Fram,Valur,0,7,4,0.001
2025-09-20,1,Fram,Valur,0,9,1,2.5e-4
2025-09-20,1,Fram,Valur,1,0,260,0.065
2025-09-20,1,Fram,Valur,1,1,392,0.098
2025-09-20,1,Fram,Valur,1,2,338,0.0845
2025-09-20,1,Fram,Valur,1,3,210,0.0525
2025-09-20,1,Fram,Valur,1,4,95,0.02375
2025-09-20,1,Fram,Valur,1,5,39,0.00975
2025-09-20,1,Fram,Valur,1,6,20,0.005
2025-09-20,1,Fram,Valur,1,7,8,0.002
2025-09-20,1,Fram,Valur,2,0,114,0.0285
2025-09-20,1,Fram,Valur,2,1,212,0.053
2025-09-20,1,Fram,Valur,2,2,182,0.0455
2025-09-20,1,Fram,Valur,2,3,93,0.02325
2025-09-20,1,Fram,Valur,2,4,56,0.014
2025-09-20,1,Fram,Valur,2,5,22,0.0055
2025-09-20,1,Fram,Valur,2,6,9,0.00225
2025-09-20,1,Fram,Valur,2,7,4,0.001
2025-09-20,1,Fram,Valur,3,0,55,0.01375
2025-09-20,1,Fram,Valur,3,1,80,0.02
2025-09-20,1,Fram,Valur,3,2,74,0.0185
2025-09-20,1,Fram,Valur,3,3,42,0.0105
2025-09-20,1,Fram,Valur,3,4,23,0.00575
2025-09-20,1,Fram,Valur,3,5,9,0.00225
2025-09-20,1,Fram,Valur,3,6,4,0.001
2025-09-20,1,Fram,Valur,3,7,2,5e-4
2025-09-20,1,Fram,Valur,4,0,11,0.00275
2025-09-20,1,Fram,Valur,4,1,24,0.006
2025-09-20,1,Fram,Valur,4,2,19,0.00475
2025-09-20,1,Fram,Valur,4,3,17,0.00425
2025-09-20,1,Fram,Valur,4,4,5,0.00125
2025-09-20,1,Fram,Valur,4,5,5,0.00125
2025-09-20,1,Fram,Valur,5,0,2,5e-4
2025-09-20,1,Fram,Valur,5,1,11,0.00275
2025-09-20,1,Fram,Valur,5,2,5,0.00125
2025-09-20,1,Fram,Valur,5,3,3,7.5e-4
2025-09-20,1,Fram,Valur,5,4,1,2.5e-4
2025-09-20,1,Fram,Valur,5,5,4,0.001
2025-09-20,1,Fram,Valur,6,0,2,5e-4
2025-09-20,1,Fram,Valur,6,1,2,5e-4
2025-09-20,1,Fram,Valur,6,2,2,5e-4
2025-09-20,1,Fram,Valur,6,3,1,2.5e-4
2025-09-20,1,Tindastóll,FH,0,0,139,0.03475
2025-09-20,1,Tindastóll,FH,0,1,261,0.06525
2025-09-20,1,Tindastóll,FH,0,2,317,0.07925
2025-09-20,1,Tindastóll,FH,0,3,265,0.06625
2025-09-20,1,Tindastóll,FH,0,4,211,0.05275
2025-09-20,1,Tindastóll,FH,0,5,88,0.022
2025-09-20,1,Tindastóll,FH,0,6,53,0.01325
2025-09-20,1,Tindastóll,FH,0,7,23,0.00575
2025-09-20,1,Tindastóll,FH,0,8,10,0.0025
2025-09-20,1,Tindastóll,FH,0,9,12,0.003
2025-09-20,1,Tindastóll,FH,0,10,1,2.5e-4
2025-09-20,1,Tindastóll,FH,0,11,2,5e-4
2025-09-20,1,Tindastóll,FH,1,0,113,0.02825
2025-09-20,1,Tindastóll,FH,1,1,269,0.06725
2025-09-20,1,Tindastóll,FH,1,2,316,0.079
2025-09-20,1,Tindastóll,FH,1,3,279,0.06975
2025-09-20,1,Tindastóll,FH,1,4,184,0.046
2025-09-20,1,Tindastóll,FH,1,5,106,0.0265
2025-09-20,1,Tindastóll,FH,1,6,71,0.01775
2025-09-20,1,Tindastóll,FH,1,7,31,0.00775
2025-09-20,1,Tindastóll,FH,1,8,16,0.004
2025-09-20,1,Tindastóll,FH,1,9,4,0.001
2025-09-20,1,Tindastóll,FH,1,10,4,0.001
2025-09-20,1,Tindastóll,FH,1,12,1,2.5e-4
2025-09-20,1,Tindastóll,FH,2,0,62,0.0155
2025-09-20,1,Tindastóll,FH,2,1,166,0.0415
2025-09-20,1,Tindastóll,FH,2,2,152,0.038
2025-09-20,1,Tindastóll,FH,2,3,148,0.037
2025-09-20,1,Tindastóll,FH,2,4,94,0.0235
2025-09-20,1,Tindastóll,FH,2,5,67,0.01675
2025-09-20,1,Tindastóll,FH,2,6,26,0.0065
2025-09-20,1,Tindastóll,FH,2,7,13,0.00325
2025-09-20,1,Tindastóll,FH,2,8,8,0.002
2025-09-20,1,Tindastóll,FH,2,9,5,0.00125
2025-09-20,1,Tindastóll,FH,2,10,1,2.5e-4
2025-09-20,1,Tindastóll,FH,2,14,1,2.5e-4
2025-09-20,1,Tindastóll,FH,3,0,27,0.00675
2025-09-20,1,Tindastóll,FH,3,1,59,0.01475
2025-09-20,1,Tindastóll,FH,3,2,58,0.0145
2025-09-20,1,Tindastóll,FH,3,3,86,0.0215
2025-09-20,1,Tindastóll,FH,3,4,45,0.01125
2025-09-20,1,Tindastóll,FH,3,5,18,0.0045
2025-09-20,1,Tindastóll,FH,3,6,16,0.004
2025-09-20,1,Tindastóll,FH,3,7,5,0.00125
2025-09-20,1,Tindastóll,FH,3,8,8,0.002
2025-09-20,1,Tindastóll,FH,3,10,1,2.5e-4
2025-09-20,1,Tindastóll,FH,4,0,9,0.00225
2025-09-20,1,Tindastóll,FH,4,1,16,0.004
2025-09-20,1,Tindastóll,FH,4,2,26,0.0065
2025-09-20,1,Tindastóll,FH,4,3,23,0.00575
2025-09-20,1,Tindastóll,FH,4,4,21,0.00525
2025-09-20,1,Tindastóll,FH,4,5,7,0.00175
2025-09-20,1,Tindastóll,FH,4,6,3,7.5e-4
2025-09-20,1,Tindastóll,FH,4,7,4,0.001
2025-09-20,1,Tindastóll,FH,4,8,2,5e-4
2025-09-20,1,Tindastóll,FH,4,9,1,2.5e-4
2025-09-20,1,Tindastóll,FH,5,0,4,0.001
2025-09-20,1,Tindastóll,FH,5,1,4,0.001
2025-09-20,1,Tindastóll,FH,5,2,5,0.00125
2025-09-20,1,Tindastóll,FH,5,3,6,0.0015
2025-09-20,1,Tindastóll,FH,5,4,7,0.00175
2025-09-20,1,Tindastóll,FH,5,5,5,0.00125
2025-09-20,1,Tindastóll,FH,6,0,1,2.5e-4
2025-09-20,1,Tindastóll,FH,6,1,2,5e-4
2025-09-20,1,Tindastóll,FH,6,2,2,5e-4
2025-09-20,1,Tindastóll,FH,6,3,4,0.001
2025-09-20,1,Tindastóll,FH,6,4,2,5e-4
2025-09-20,1,Tindastóll,FH,6,5,1,2.5e-4
2025-09-20,1,Tindastóll,FH,6,8,1,2.5e-4
2025-09-20,1,Tindastóll,FH,7,1,1,2.5e-4
2025-09-20,1,Tindastóll,FH,7,7,1,2.5e-4
2025-09-20,1,Víkingur R.,FHL,0,0,139,0.03475
2025-09-20,1,Víkingur R.,FHL,0,1,93,0.02325
2025-09-20,1,Víkingur R.,FHL,0,2,16,0.004
2025-09-20,1,Víkingur R.,FHL,0,3,7,0.00175
2025-09-20,1,Víkingur R.,FHL,0,4,1,2.5e-4
2025-09-20,1,Víkingur R.,FHL,1,0,338,0.0845
2025-09-20,1,Víkingur R.,FHL,1,1,169,0.04225
2025-09-20,1,Víkingur R.,FHL,1,2,56,0.014
2025-09-20,1,Víkingur R.,FHL,1,3,16,0.004
2025-09-20,1,Víkingur R.,FHL,1,4,2,5e-4
2025-09-20,1,Víkingur R.,FHL,1,5,2,5e-4
2025-09-20,1,Víkingur R.,FHL,2,0,485,0.12125
2025-09-20,1,Víkingur R.,FHL,2,1,267,0.06675
2025-09-20,1,Víkingur R.,FHL,2,2,96,0.024
2025-09-20,1,Víkingur R.,FHL,2,3,23,0.00575
2025-09-20,1,Víkingur R.,FHL,2,4,8,0.002
2025-09-20,1,Víkingur R.,FHL,2,5,1,2.5e-4
2025-09-20,1,Víkingur R.,FHL,3,0,446,0.1115
2025-09-20,1,Víkingur R.,FHL,3,1,231,0.05775
2025-09-20,1,Víkingur R.,FHL,3,2,73,0.01825
2025-09-20,1,Víkingur R.,FHL,3,3,20,0.005
2025-09-20,1,Víkingur R.,FHL,3,4,3,7.5e-4
2025-09-20,1,Víkingur R.,FHL,4,0,333,0.08325
2025-09-20,1,Víkingur R.,FHL,4,1,179,0.04475
2025-09-20,1,Víkingur R.,FHL,4,2,76,0.019
2025-09-20,1,Víkingur R.,FHL,4,3,18,0.0045
2025-09-20,1,Víkingur R.,FHL,4,4,3,7.5e-4
2025-09-20,1,Víkingur R.,FHL,4,8,1,2.5e-4
2025-09-20,1,Víkingur R.,FHL,5,0,209,0.05225
2025-09-20,1,Víkingur R.,FHL,5,1,128,0.032
2025-09-20,1,Víkingur R.,FHL,5,2,49,0.01225
2025-09-20,1,Víkingur R.,FHL,5,3,12,0.003
2025-09-20,1,Víkingur R.,FHL,5,4,2,5e-4
2025-09-20,1,Víkingur R.,FHL,5,5,1,2.5e-4
2025-09-20,1,Víkingur R.,FHL,6,0,135,0.03375
2025-09-20,1,Víkingur R.,FHL,6,1,80,0.02
2025-09-20,1,Víkingur R.,FHL,6,2,21,0.00525
2025-09-20,1,Víkingur R.,FHL,6,3,4,0.001
2025-09-20,1,Víkingur R.,FHL,6,4,2,5e-4
2025-09-20,1,Víkingur R.,FHL,6,6,1,2.5e-4
2025-09-20,1,Víkingur R.,FHL,7,0,80,0.02
2025-09-20,1,Víkingur R.,FHL,7,1,42,0.0105
2025-09-20,1,Víkingur R.,FHL,7,2,16,0.004
2025-09-20,1,Víkingur R.,FHL,7,3,5,0.00125
2025-09-20,1,Víkingur R.,FHL,8,0,35,0.00875
2025-09-20,1,Víkingur R.,FHL,8,1,16,0.004
2025-09-20,1,Víkingur R.,FHL,8,2,5,0.00125
2025-09-20,1,Víkingur R.,FHL,8,3,1,2.5e-4
2025-09-20,1,Víkingur R.,FHL,9,0,20,0.005
2025-09-20,1,Víkingur R.,FHL,9,1,11,0.00275
2025-09-20,1,Víkingur R.,FHL,9,3,1,2.5e-4
2025-09-20,1,Víkingur R.,FHL,10,0,7,0.00175
2025-09-20,1,Víkingur R.,FHL,10,1,4,0.001
2025-09-20,1,Víkingur R.,FHL,10,2,1,2.5e-4
2025-09-20,1,Víkingur R.,FHL,11,0,4,0.001
2025-09-20,1,Víkingur R.,FHL,11,1,1,2.5e-4
2025-09-20,1,Víkingur R.,FHL,12,0,1,2.5e-4
2025-09-20,1,Víkingur R.,FHL,12,2,2,5e-4
2025-09-20,1,Víkingur R.,FHL,13,0,1,2.5e-4
2025-09-20,1,Víkingur R.,FHL,15,1,1,2.5e-4
2025-09-20,1,Þróttur R.,Stjarnan,0,0,245,0.06125
2025-09-20,1,Þróttur R.,Stjarnan,0,1,131,0.03275
2025-09-20,1,Þróttur R.,Stjarnan,0,2,57,0.01425
2025-09-20,1,Þróttur R.,Stjarnan,0,3,19,0.00475
2025-09-20,1,Þróttur R.,Stjarnan,0,4,3,7.5e-4
2025-09-20,1,Þróttur R.,Stjarnan,1,0,442,0.1105
2025-09-20,1,Þróttur R.,Stjarnan,1,1,306,0.0765
2025-09-20,1,Þróttur R.,Stjarnan,1,2,103,0.02575
2025-09-20,1,Þróttur R.,Stjarnan,1,3,29,0.00725
2025-09-20,1,Þróttur R.,Stjarnan,1,4,5,0.00125
2025-09-20,1,Þróttur R.,Stjarnan,1,5,2,5e-4
2025-09-20,1,Þróttur R.,Stjarnan,2,0,475,0.11875
2025-09-20,1,Þróttur R.,Stjarnan,2,1,320,0.08
2025-09-20,1,Þróttur R.,Stjarnan,2,2,143,0.03575
2025-09-20,1,Þróttur R.,Stjarnan,2,3,29,0.00725
2025-09-20,1,Þróttur R.,Stjarnan,2,4,12,0.003
2025-09-20,1,Þróttur R.,Stjarnan,2,5,3,7.5e-4
2025-09-20,1,Þróttur R.,Stjarnan,3,0,347,0.08675
2025-09-20,1,Þróttur R.,Stjarnan,3,1,261,0.06525
2025-09-20,1,Þróttur R.,Stjarnan,3,2,93,0.02325
2025-09-20,1,Þróttur R.,Stjarnan,3,3,26,0.0065
2025-09-20,1,Þróttur R.,Stjarnan,3,4,5,0.00125
2025-09-20,1,Þróttur R.,Stjarnan,3,5,1,2.5e-4
2025-09-20,1,Þróttur R.,Stjarnan,4,0,247,0.06175
2025-09-20,1,Þróttur R.,Stjarnan,4,1,141,0.03525
2025-09-20,1,Þróttur R.,Stjarnan,4,2,59,0.01475
2025-09-20,1,Þróttur R.,Stjarnan,4,3,18,0.0045
2025-09-20,1,Þróttur R.,Stjarnan,4,4,1,2.5e-4
2025-09-20,1,Þróttur R.,Stjarnan,5,0,109,0.02725
2025-09-20,1,Þróttur R.,Stjarnan,5,1,80,0.02
2025-09-20,1,Þróttur R.,Stjarnan,5,2,34,0.0085
2025-09-20,1,Þróttur R.,Stjarnan,5,3,6,0.0015
2025-09-20,1,Þróttur R.,Stjarnan,5,4,3,7.5e-4
2025-09-20,1,Þróttur R.,Stjarnan,5,5,3,7.5e-4
2025-09-20,1,Þróttur R.,Stjarnan,6,0,68,0.017
2025-09-20,1,Þróttur R.,Stjarnan,6,1,49,0.01225
2025-09-20,1,Þróttur R.,Stjarnan,6,2,16,0.004
2025-09-20,1,Þróttur R.,Stjarnan,6,3,5,0.00125
2025-09-20,1,Þróttur R.,Stjarnan,6,4,2,5e-4
2025-09-20,1,Þróttur R.,Stjarnan,7,0,25,0.00625
2025-09-20,1,Þróttur R.,Stjarnan,7,1,17,0.00425
2025-09-20,1,Þróttur R.,Stjarnan,7,2,7,0.00175
2025-09-20,1,Þróttur R.,Stjarnan,7,3,6,0.0015
2025-09-20,1,Þróttur R.,Stjarnan,8,0,22,0.0055
2025-09-20,1,Þróttur R.,Stjarnan,8,1,5,0.00125
2025-09-20,1,Þróttur R.,Stjarnan,8,2,4,0.001
2025-09-20,1,Þróttur R.,Stjarnan,8,3,1,2.5e-4
2025-09-20,1,Þróttur R.,Stjarnan,9,0,4,0.001
2025-09-20,1,Þróttur R.,Stjarnan,9,1,2,5e-4
2025-09-20,1,Þróttur R.,Stjarnan,9,2,2,5e-4
2025-09-20,1,Þróttur R.,Stjarnan,10,0,1,2.5e-4
2025-09-20,1,Þróttur R.,Stjarnan,10,1,2,5e-4
2025-09-20,1,Þróttur R.,Stjarnan,10,2,1,2.5e-4
2025-09-20,1,Þróttur R.,Stjarnan,11,0,1,2.5e-4
2025-09-20,1,Þróttur R.,Stjarnan,11,1,1,2.5e-4
2025-09-20,1,Þróttur R.,Stjarnan,16,0,1,2.5e-4
